Corner,Process,Environment,AVDD_V,Temperature_C,Parameter,Unit,Value
NOMNOMNOM,NOM,NOMNOM,3.3,27,FDC bias current,uA,40.092
NOMNOMNOM,NOM,NOMNOM,3.3,27,CMFB bias current,uA,40.092
NOMNOMNOM,NOM,NOMNOM,3.3,27,Total current,mA,1.604
NOMNOMNOM,NOM,NOMNOM,3.3,27,Total power,mW,5.293
NOMNOMNOM,NOM,NOMNOM,3.3,27,Output CM error,mV,0.395
NOMNOMNOM,NOM,NOMNOM,3.3,27,G2 target gain,V/V,2.000
NOMNOMNOM,NOM,NOMNOM,3.3,27,G2 input offset,mV,2.329e-08
NOMNOMNOM,NOM,NOMNOM,3.3,27,G2 gain @ 10 Hz,V/V,2.015
NOMNOMNOM,NOM,NOMNOM,3.3,27,G2 gain @ 150 Hz,V/V,2.015
NOMNOMNOM,NOM,NOMNOM,3.3,27,G2 gain error,%,0.751
NOMNOMNOM,NOM,NOMNOM,3.3,27,G2 -3 dB bandwidth,MHz,5.053
NOMNOMNOM,NOM,NOMNOM,3.3,27,G2 CMRR @ 60 Hz,dB,256.698
NOMNOMNOM,NOM,NOMNOM,3.3,27,G2 CMRR @ 150 Hz,dB,256.479
NOMNOMNOM,NOM,NOMNOM,3.3,27,G2 PSRR+ @ 60 Hz,dB,246.395
NOMNOMNOM,NOM,NOMNOM,3.3,27,G2 PSRR+ @ 150 Hz,dB,246.262
NOMNOMNOM,NOM,NOMNOM,3.3,27,G2 PSRR- @ 60 Hz,dB,234.094
NOMNOMNOM,NOM,NOMNOM,3.3,27,G2 PSRR- @ 150 Hz,dB,232.714
NOMNOMNOM,NOM,NOMNOM,3.3,27,G2 input-referred noise 0.05-150 Hz,uVrms,4.617
NOMNOMNOM,NOM,NOMNOM,3.3,27,G4 target gain,V/V,4.000
NOMNOMNOM,NOM,NOMNOM,3.3,27,G4 input offset,mV,-6.921e-08
NOMNOMNOM,NOM,NOMNOM,3.3,27,G4 gain @ 10 Hz,V/V,3.991
NOMNOMNOM,NOM,NOMNOM,3.3,27,G4 gain @ 150 Hz,V/V,3.991
NOMNOMNOM,NOM,NOMNOM,3.3,27,G4 gain error,%,-0.236
NOMNOMNOM,NOM,NOMNOM,3.3,27,G4 -3 dB bandwidth,MHz,3.025
NOMNOMNOM,NOM,NOMNOM,3.3,27,G4 CMRR @ 60 Hz,dB,226.805
NOMNOMNOM,NOM,NOMNOM,3.3,27,G4 CMRR @ 150 Hz,dB,220.287
NOMNOMNOM,NOM,NOMNOM,3.3,27,G4 PSRR+ @ 60 Hz,dB,236.682
NOMNOMNOM,NOM,NOMNOM,3.3,27,G4 PSRR+ @ 150 Hz,dB,236.710
NOMNOMNOM,NOM,NOMNOM,3.3,27,G4 PSRR- @ 60 Hz,dB,217.577
NOMNOMNOM,NOM,NOMNOM,3.3,27,G4 PSRR- @ 150 Hz,dB,211.726
NOMNOMNOM,NOM,NOMNOM,3.3,27,G4 input-referred noise 0.05-150 Hz,uVrms,3.859
NOMNOMNOM,NOM,NOMNOM,3.3,27,G8 target gain,V/V,8.000
NOMNOMNOM,NOM,NOMNOM,3.3,27,G8 input offset,mV,9.462e-07
NOMNOMNOM,NOM,NOMNOM,3.3,27,G8 gain @ 10 Hz,V/V,7.958
NOMNOMNOM,NOM,NOMNOM,3.3,27,G8 gain @ 150 Hz,V/V,7.958
NOMNOMNOM,NOM,NOMNOM,3.3,27,G8 gain error,%,-0.522
NOMNOMNOM,NOM,NOMNOM,3.3,27,G8 -3 dB bandwidth,MHz,2.070
NOMNOMNOM,NOM,NOMNOM,3.3,27,G8 CMRR @ 60 Hz,dB,211.955
NOMNOMNOM,NOM,NOMNOM,3.3,27,G8 CMRR @ 150 Hz,dB,218.025
NOMNOMNOM,NOM,NOMNOM,3.3,27,G8 PSRR+ @ 60 Hz,dB,231.664
NOMNOMNOM,NOM,NOMNOM,3.3,27,G8 PSRR+ @ 150 Hz,dB,231.658
NOMNOMNOM,NOM,NOMNOM,3.3,27,G8 PSRR- @ 60 Hz,dB,207.945
NOMNOMNOM,NOM,NOMNOM,3.3,27,G8 PSRR- @ 150 Hz,dB,213.545
NOMNOMNOM,NOM,NOMNOM,3.3,27,G8 input-referred noise 0.05-150 Hz,uVrms,3.473
NOMNOMNOM,NOM,NOMNOM,3.3,27,G16 target gain,V/V,16.000
NOMNOMNOM,NOM,NOMNOM,3.3,27,G16 input offset,mV,3.383e-07
NOMNOMNOM,NOM,NOMNOM,3.3,27,G16 gain @ 10 Hz,V/V,15.860
NOMNOMNOM,NOM,NOMNOM,3.3,27,G16 gain @ 150 Hz,V/V,15.860
NOMNOMNOM,NOM,NOMNOM,3.3,27,G16 gain error,%,-0.878
NOMNOMNOM,NOM,NOMNOM,3.3,27,G16 -3 dB bandwidth,MHz,0.907
NOMNOMNOM,NOM,NOMNOM,3.3,27,G16 CMRR @ 60 Hz,dB,188.992
NOMNOMNOM,NOM,NOMNOM,3.3,27,G16 CMRR @ 150 Hz,dB,188.555
NOMNOMNOM,NOM,NOMNOM,3.3,27,G16 PSRR+ @ 60 Hz,dB,269.035
NOMNOMNOM,NOM,NOMNOM,3.3,27,G16 PSRR+ @ 150 Hz,dB,267.726
NOMNOMNOM,NOM,NOMNOM,3.3,27,G16 PSRR- @ 60 Hz,dB,186.022
NOMNOMNOM,NOM,NOMNOM,3.3,27,G16 PSRR- @ 150 Hz,dB,185.643
NOMNOMNOM,NOM,NOMNOM,3.3,27,G16 input-referred noise 0.05-150 Hz,uVrms,3.280
NOMVLNOM,NOM,VLNOM,3,27,FDC bias current,uA,39.479
NOMVLNOM,NOM,VLNOM,3,27,CMFB bias current,uA,39.479
NOMVLNOM,NOM,VLNOM,3,27,Total current,mA,1.568
NOMVLNOM,NOM,VLNOM,3,27,Total power,mW,4.703
NOMVLNOM,NOM,VLNOM,3,27,Output CM error,mV,0.365
NOMVLNOM,NOM,VLNOM,3,27,G2 target gain,V/V,2.000
NOMVLNOM,NOM,VLNOM,3,27,G2 input offset,mV,2.133e-08
NOMVLNOM,NOM,VLNOM,3,27,G2 gain @ 10 Hz,V/V,2.023
NOMVLNOM,NOM,VLNOM,3,27,G2 gain @ 150 Hz,V/V,2.023
NOMVLNOM,NOM,VLNOM,3,27,G2 gain error,%,1.152
NOMVLNOM,NOM,VLNOM,3,27,G2 -3 dB bandwidth,MHz,4.958
NOMVLNOM,NOM,VLNOM,3,27,G2 CMRR @ 60 Hz,dB,253.215
NOMVLNOM,NOM,VLNOM,3,27,G2 CMRR @ 150 Hz,dB,252.989
NOMVLNOM,NOM,VLNOM,3,27,G2 PSRR+ @ 60 Hz,dB,216.133
NOMVLNOM,NOM,VLNOM,3,27,G2 PSRR+ @ 150 Hz,dB,216.137
NOMVLNOM,NOM,VLNOM,3,27,G2 PSRR- @ 60 Hz,dB,219.275
NOMVLNOM,NOM,VLNOM,3,27,G2 PSRR- @ 150 Hz,dB,218.935
NOMVLNOM,NOM,VLNOM,3,27,G2 input-referred noise 0.05-150 Hz,uVrms,4.602
NOMVLNOM,NOM,VLNOM,3,27,G4 target gain,V/V,4.000
NOMVLNOM,NOM,VLNOM,3,27,G4 input offset,mV,9.768e-09
NOMVLNOM,NOM,VLNOM,3,27,G4 gain @ 10 Hz,V/V,3.995
NOMVLNOM,NOM,VLNOM,3,27,G4 gain @ 150 Hz,V/V,3.995
NOMVLNOM,NOM,VLNOM,3,27,G4 gain error,%,-0.136
NOMVLNOM,NOM,VLNOM,3,27,G4 -3 dB bandwidth,MHz,2.973
NOMVLNOM,NOM,VLNOM,3,27,G4 CMRR @ 60 Hz,dB,226.484
NOMVLNOM,NOM,VLNOM,3,27,G4 CMRR @ 150 Hz,dB,220.182
NOMVLNOM,NOM,VLNOM,3,27,G4 PSRR+ @ 60 Hz,dB,232.469
NOMVLNOM,NOM,VLNOM,3,27,G4 PSRR+ @ 150 Hz,dB,232.462
NOMVLNOM,NOM,VLNOM,3,27,G4 PSRR- @ 60 Hz,dB,216.107
NOMVLNOM,NOM,VLNOM,3,27,G4 PSRR- @ 150 Hz,dB,210.994
NOMVLNOM,NOM,VLNOM,3,27,G4 input-referred noise 0.05-150 Hz,uVrms,3.851
NOMVLNOM,NOM,VLNOM,3,27,G8 target gain,V/V,8.000
NOMVLNOM,NOM,VLNOM,3,27,G8 input offset,mV,8.312e-07
NOMVLNOM,NOM,VLNOM,3,27,G8 gain @ 10 Hz,V/V,7.966
NOMVLNOM,NOM,VLNOM,3,27,G8 gain @ 150 Hz,V/V,7.966
NOMVLNOM,NOM,VLNOM,3,27,G8 gain error,%,-0.425
NOMVLNOM,NOM,VLNOM,3,27,G8 -3 dB bandwidth,MHz,2.026
NOMVLNOM,NOM,VLNOM,3,27,G8 CMRR @ 60 Hz,dB,207.828
NOMVLNOM,NOM,VLNOM,3,27,G8 CMRR @ 150 Hz,dB,205.489
NOMVLNOM,NOM,VLNOM,3,27,G8 PSRR+ @ 60 Hz,dB,232.343
NOMVLNOM,NOM,VLNOM,3,27,G8 PSRR+ @ 150 Hz,dB,232.326
NOMVLNOM,NOM,VLNOM,3,27,G8 PSRR- @ 60 Hz,dB,204.547
NOMVLNOM,NOM,VLNOM,3,27,G8 PSRR- @ 150 Hz,dB,202.152
NOMVLNOM,NOM,VLNOM,3,27,G8 input-referred noise 0.05-150 Hz,uVrms,3.466
NOMVLNOM,NOM,VLNOM,3,27,G16 target gain,V/V,16.000
NOMVLNOM,NOM,VLNOM,3,27,G16 input offset,mV,3.446e-07
NOMVLNOM,NOM,VLNOM,3,27,G16 gain @ 10 Hz,V/V,15.859
NOMVLNOM,NOM,VLNOM,3,27,G16 gain @ 150 Hz,V/V,15.859
NOMVLNOM,NOM,VLNOM,3,27,G16 gain error,%,-0.882
NOMVLNOM,NOM,VLNOM,3,27,G16 -3 dB bandwidth,MHz,0.891
NOMVLNOM,NOM,VLNOM,3,27,G16 CMRR @ 60 Hz,dB,194.854
NOMVLNOM,NOM,VLNOM,3,27,G16 CMRR @ 150 Hz,dB,194.026
NOMVLNOM,NOM,VLNOM,3,27,G16 PSRR+ @ 60 Hz,dB,275.565
NOMVLNOM,NOM,VLNOM,3,27,G16 PSRR+ @ 150 Hz,dB,273.408
NOMVLNOM,NOM,VLNOM,3,27,G16 PSRR- @ 60 Hz,dB,191.939
NOMVLNOM,NOM,VLNOM,3,27,G16 PSRR- @ 150 Hz,dB,191.214
NOMVLNOM,NOM,VLNOM,3,27,G16 input-referred noise 0.05-150 Hz,uVrms,3.274
NOMVHNOM,NOM,VHNOM,3.6,27,FDC bias current,uA,40.525
NOMVHNOM,NOM,VHNOM,3.6,27,CMFB bias current,uA,40.525
NOMVHNOM,NOM,VHNOM,3.6,27,Total current,mA,1.633
NOMVHNOM,NOM,VHNOM,3.6,27,Total power,mW,5.878
NOMVHNOM,NOM,VHNOM,3.6,27,Output CM error,mV,0.415
NOMVHNOM,NOM,VHNOM,3.6,27,G2 target gain,V/V,2.000
NOMVHNOM,NOM,VHNOM,3.6,27,G2 input offset,mV,-3.856e-08
NOMVHNOM,NOM,VHNOM,3.6,27,G2 gain @ 10 Hz,V/V,2.010
NOMVHNOM,NOM,VHNOM,3.6,27,G2 gain @ 150 Hz,V/V,2.010
NOMVHNOM,NOM,VHNOM,3.6,27,G2 gain error,%,0.515
NOMVHNOM,NOM,VHNOM,3.6,27,G2 -3 dB bandwidth,MHz,5.116
NOMVHNOM,NOM,VHNOM,3.6,27,G2 CMRR @ 60 Hz,dB,259.071
NOMVHNOM,NOM,VHNOM,3.6,27,G2 CMRR @ 150 Hz,dB,259.288
NOMVHNOM,NOM,VHNOM,3.6,27,G2 PSRR+ @ 60 Hz,dB,230.555
NOMVHNOM,NOM,VHNOM,3.6,27,G2 PSRR+ @ 150 Hz,dB,230.546
NOMVHNOM,NOM,VHNOM,3.6,27,G2 PSRR- @ 60 Hz,dB,230.377
NOMVHNOM,NOM,VHNOM,3.6,27,G2 PSRR- @ 150 Hz,dB,229.597
NOMVHNOM,NOM,VHNOM,3.6,27,G2 input-referred noise 0.05-150 Hz,uVrms,4.629
NOMVHNOM,NOM,VHNOM,3.6,27,G4 target gain,V/V,4.000
NOMVHNOM,NOM,VHNOM,3.6,27,G4 input offset,mV,-6.398e-08
NOMVHNOM,NOM,VHNOM,3.6,27,G4 gain @ 10 Hz,V/V,3.988
NOMVHNOM,NOM,VHNOM,3.6,27,G4 gain @ 150 Hz,V/V,3.988
NOMVHNOM,NOM,VHNOM,3.6,27,G4 gain error,%,-0.294
NOMVHNOM,NOM,VHNOM,3.6,27,G4 -3 dB bandwidth,MHz,3.061
NOMVHNOM,NOM,VHNOM,3.6,27,G4 CMRR @ 60 Hz,dB,226.693
NOMVHNOM,NOM,VHNOM,3.6,27,G4 CMRR @ 150 Hz,dB,220.186
NOMVHNOM,NOM,VHNOM,3.6,27,G4 PSRR+ @ 60 Hz,dB,246.321
NOMVHNOM,NOM,VHNOM,3.6,27,G4 PSRR+ @ 150 Hz,dB,246.444
NOMVHNOM,NOM,VHNOM,3.6,27,G4 PSRR- @ 60 Hz,dB,217.568
NOMVHNOM,NOM,VHNOM,3.6,27,G4 PSRR- @ 150 Hz,dB,211.674
NOMVHNOM,NOM,VHNOM,3.6,27,G4 input-referred noise 0.05-150 Hz,uVrms,3.866
NOMVHNOM,NOM,VHNOM,3.6,27,G8 target gain,V/V,8.000
NOMVHNOM,NOM,VHNOM,3.6,27,G8 input offset,mV,7.111e-07
NOMVHNOM,NOM,VHNOM,3.6,27,G8 gain @ 10 Hz,V/V,7.954
NOMVHNOM,NOM,VHNOM,3.6,27,G8 gain @ 150 Hz,V/V,7.954
NOMVHNOM,NOM,VHNOM,3.6,27,G8 gain error,%,-0.580
NOMVHNOM,NOM,VHNOM,3.6,27,G8 -3 dB bandwidth,MHz,2.101
NOMVHNOM,NOM,VHNOM,3.6,27,G8 CMRR @ 60 Hz,dB,184.741
NOMVHNOM,NOM,VHNOM,3.6,27,G8 CMRR @ 150 Hz,dB,184.550
NOMVHNOM,NOM,VHNOM,3.6,27,G8 PSRR+ @ 60 Hz,dB,239.790
NOMVHNOM,NOM,VHNOM,3.6,27,G8 PSRR+ @ 150 Hz,dB,239.764
NOMVHNOM,NOM,VHNOM,3.6,27,G8 PSRR- @ 60 Hz,dB,181.216
NOMVHNOM,NOM,VHNOM,3.6,27,G8 PSRR- @ 150 Hz,dB,181.026
NOMVHNOM,NOM,VHNOM,3.6,27,G8 input-referred noise 0.05-150 Hz,uVrms,3.480
NOMVHNOM,NOM,VHNOM,3.6,27,G16 target gain,V/V,16.000
NOMVHNOM,NOM,VHNOM,3.6,27,G16 input offset,mV,-1.212e-07
NOMVHNOM,NOM,VHNOM,3.6,27,G16 gain @ 10 Hz,V/V,15.860
NOMVHNOM,NOM,VHNOM,3.6,27,G16 gain @ 150 Hz,V/V,15.860
NOMVHNOM,NOM,VHNOM,3.6,27,G16 gain error,%,-0.874
NOMVHNOM,NOM,VHNOM,3.6,27,G16 -3 dB bandwidth,MHz,0.918
NOMVHNOM,NOM,VHNOM,3.6,27,G16 CMRR @ 60 Hz,dB,188.991
NOMVHNOM,NOM,VHNOM,3.6,27,G16 CMRR @ 150 Hz,dB,188.549
NOMVHNOM,NOM,VHNOM,3.6,27,G16 PSRR+ @ 60 Hz,dB,261.675
NOMVHNOM,NOM,VHNOM,3.6,27,G16 PSRR+ @ 150 Hz,dB,261.655
NOMVHNOM,NOM,VHNOM,3.6,27,G16 PSRR- @ 60 Hz,dB,186.021
NOMVHNOM,NOM,VHNOM,3.6,27,G16 PSRR- @ 150 Hz,dB,185.637
NOMVHNOM,NOM,VHNOM,3.6,27,G16 input-referred noise 0.05-150 Hz,uVrms,3.286
NOMNOMTL,NOM,NOMTL,3.3,-40,FDC bias current,uA,35.435
NOMNOMTL,NOM,NOMTL,3.3,-40,CMFB bias current,uA,35.435
NOMNOMTL,NOM,NOMTL,3.3,-40,Total current,mA,1.302
NOMNOMTL,NOM,NOMTL,3.3,-40,Total power,mW,4.296
NOMNOMTL,NOM,NOMTL,3.3,-40,Output CM error,mV,-6.738
NOMNOMTL,NOM,NOMTL,3.3,-40,G2 target gain,V/V,2.000
NOMNOMTL,NOM,NOMTL,3.3,-40,G2 input offset,mV,-1.035e-07
NOMNOMTL,NOM,NOMTL,3.3,-40,G2 gain @ 10 Hz,V/V,2.008
NOMNOMTL,NOM,NOMTL,3.3,-40,G2 gain @ 150 Hz,V/V,2.008
NOMNOMTL,NOM,NOMTL,3.3,-40,G2 gain error,%,0.375
NOMNOMTL,NOM,NOMTL,3.3,-40,G2 -3 dB bandwidth,MHz,5.276
NOMNOMTL,NOM,NOMTL,3.3,-40,G2 CMRR @ 60 Hz,dB,245.176
NOMNOMTL,NOM,NOMTL,3.3,-40,G2 CMRR @ 150 Hz,dB,245.160
NOMNOMTL,NOM,NOMTL,3.3,-40,G2 PSRR+ @ 60 Hz,dB,228.383
NOMNOMTL,NOM,NOMTL,3.3,-40,G2 PSRR+ @ 150 Hz,dB,228.413
NOMNOMTL,NOM,NOMTL,3.3,-40,G2 PSRR- @ 60 Hz,dB,234.734
NOMNOMTL,NOM,NOMTL,3.3,-40,G2 PSRR- @ 150 Hz,dB,235.232
NOMNOMTL,NOM,NOMTL,3.3,-40,G2 input-referred noise 0.05-150 Hz,uVrms,4.412
NOMNOMTL,NOM,NOMTL,3.3,-40,G4 target gain,V/V,4.000
NOMNOMTL,NOM,NOMTL,3.3,-40,G4 input offset,mV,4.504e-08
NOMNOMTL,NOM,NOMTL,3.3,-40,G4 gain @ 10 Hz,V/V,3.986
NOMNOMTL,NOM,NOMTL,3.3,-40,G4 gain @ 150 Hz,V/V,3.986
NOMNOMTL,NOM,NOMTL,3.3,-40,G4 gain error,%,-0.339
NOMNOMTL,NOM,NOMTL,3.3,-40,G4 -3 dB bandwidth,MHz,3.178
NOMNOMTL,NOM,NOMTL,3.3,-40,G4 CMRR @ 60 Hz,dB,221.370
NOMNOMTL,NOM,NOMTL,3.3,-40,G4 CMRR @ 150 Hz,dB,218.996
NOMNOMTL,NOM,NOMTL,3.3,-40,G4 PSRR+ @ 60 Hz,dB,241.288
NOMNOMTL,NOM,NOMTL,3.3,-40,G4 PSRR+ @ 150 Hz,dB,241.173
NOMNOMTL,NOM,NOMTL,3.3,-40,G4 PSRR- @ 60 Hz,dB,213.703
NOMNOMTL,NOM,NOMTL,3.3,-40,G4 PSRR- @ 150 Hz,dB,211.274
NOMNOMTL,NOM,NOMTL,3.3,-40,G4 input-referred noise 0.05-150 Hz,uVrms,3.684
NOMNOMTL,NOM,NOMTL,3.3,-40,G8 target gain,V/V,8.000
NOMNOMTL,NOM,NOMTL,3.3,-40,G8 input offset,mV,2.143e-07
NOMNOMTL,NOM,NOMTL,3.3,-40,G8 gain @ 10 Hz,V/V,7.950
NOMNOMTL,NOM,NOMTL,3.3,-40,G8 gain @ 150 Hz,V/V,7.950
NOMNOMTL,NOM,NOMTL,3.3,-40,G8 gain error,%,-0.628
NOMNOMTL,NOM,NOMTL,3.3,-40,G8 -3 dB bandwidth,MHz,2.253
NOMNOMTL,NOM,NOMTL,3.3,-40,G8 CMRR @ 60 Hz,dB,197.365
NOMNOMTL,NOM,NOMTL,3.3,-40,G8 CMRR @ 150 Hz,dB,197.801
NOMNOMTL,NOM,NOMTL,3.3,-40,G8 PSRR+ @ 60 Hz,dB,241.993
NOMNOMTL,NOM,NOMTL,3.3,-40,G8 PSRR+ @ 150 Hz,dB,241.958
NOMNOMTL,NOM,NOMTL,3.3,-40,G8 PSRR- @ 60 Hz,dB,193.844
NOMNOMTL,NOM,NOMTL,3.3,-40,G8 PSRR- @ 150 Hz,dB,194.280
NOMNOMTL,NOM,NOMTL,3.3,-40,G8 input-referred noise 0.05-150 Hz,uVrms,3.315
NOMNOMTL,NOM,NOMTL,3.3,-40,G16 target gain,V/V,16.000
NOMNOMTL,NOM,NOMTL,3.3,-40,G16 input offset,mV,-5.861e-09
NOMNOMTL,NOM,NOMTL,3.3,-40,G16 gain @ 10 Hz,V/V,15.857
NOMNOMTL,NOM,NOMTL,3.3,-40,G16 gain @ 150 Hz,V/V,15.857
NOMNOMTL,NOM,NOMTL,3.3,-40,G16 gain error,%,-0.892
NOMNOMTL,NOM,NOMTL,3.3,-40,G16 -3 dB bandwidth,MHz,0.969
NOMNOMTL,NOM,NOMTL,3.3,-40,G16 CMRR @ 60 Hz,dB,207.016
NOMNOMTL,NOM,NOMTL,3.3,-40,G16 CMRR @ 150 Hz,dB,205.345
NOMNOMTL,NOM,NOMTL,3.3,-40,G16 PSRR+ @ 60 Hz,dB,280.825
NOMNOMTL,NOM,NOMTL,3.3,-40,G16 PSRR+ @ 150 Hz,dB,284.969
NOMNOMTL,NOM,NOMTL,3.3,-40,G16 PSRR- @ 60 Hz,dB,204.883
NOMNOMTL,NOM,NOMTL,3.3,-40,G16 PSRR- @ 150 Hz,dB,203.294
NOMNOMTL,NOM,NOMTL,3.3,-40,G16 input-referred noise 0.05-150 Hz,uVrms,3.131
NOMNOMTH,NOM,NOMTH,3.3,125,FDC bias current,uA,43.278
NOMNOMTH,NOM,NOMTH,3.3,125,CMFB bias current,uA,43.278
NOMNOMTH,NOM,NOMTH,3.3,125,Total current,mA,1.862
NOMNOMTH,NOM,NOMTH,3.3,125,Total power,mW,6.144
NOMNOMTH,NOM,NOMTH,3.3,125,Output CM error,mV,10.545
NOMNOMTH,NOM,NOMTH,3.3,125,G2 target gain,V/V,2.000
NOMNOMTH,NOM,NOMTH,3.3,125,G2 input offset,mV,-5.205e-07
NOMNOMTH,NOM,NOMTH,3.3,125,G2 gain @ 10 Hz,V/V,2.026
NOMNOMTH,NOM,NOMTH,3.3,125,G2 gain @ 150 Hz,V/V,2.026
NOMNOMTH,NOM,NOMTH,3.3,125,G2 gain error,%,1.317
NOMNOMTH,NOM,NOMTH,3.3,125,G2 -3 dB bandwidth,MHz,4.367
NOMNOMTH,NOM,NOMTH,3.3,125,G2 CMRR @ 60 Hz,dB,231.207
NOMNOMTH,NOM,NOMTH,3.3,125,G2 CMRR @ 150 Hz,dB,231.199
NOMNOMTH,NOM,NOMTH,3.3,125,G2 PSRR+ @ 60 Hz,dB,235.708
NOMNOMTH,NOM,NOMTH,3.3,125,G2 PSRR+ @ 150 Hz,dB,235.697
NOMNOMTH,NOM,NOMTH,3.3,125,G2 PSRR- @ 60 Hz,dB,234.005
NOMNOMTH,NOM,NOMTH,3.3,125,G2 PSRR- @ 150 Hz,dB,234.710
NOMNOMTH,NOM,NOMTH,3.3,125,G2 input-referred noise 0.05-150 Hz,uVrms,5.012
NOMNOMTH,NOM,NOMTH,3.3,125,G4 target gain,V/V,4.000
NOMNOMTH,NOM,NOMTH,3.3,125,G4 input offset,mV,-6.418e-08
NOMNOMTH,NOM,NOMTH,3.3,125,G4 gain @ 10 Hz,V/V,3.997
NOMNOMTH,NOM,NOMTH,3.3,125,G4 gain @ 150 Hz,V/V,3.997
NOMNOMTH,NOM,NOMTH,3.3,125,G4 gain error,%,-0.085
NOMNOMTH,NOM,NOMTH,3.3,125,G4 -3 dB bandwidth,MHz,2.596
NOMNOMTH,NOM,NOMTH,3.3,125,G4 CMRR @ 60 Hz,dB,222.254
NOMNOMTH,NOM,NOMTH,3.3,125,G4 CMRR @ 150 Hz,dB,220.377
NOMNOMTH,NOM,NOMTH,3.3,125,G4 PSRR+ @ 60 Hz,dB,242.240
NOMNOMTH,NOM,NOMTH,3.3,125,G4 PSRR+ @ 150 Hz,dB,242.205
NOMNOMTH,NOM,NOMTH,3.3,125,G4 PSRR- @ 60 Hz,dB,213.188
NOMNOMTH,NOM,NOMTH,3.3,125,G4 PSRR- @ 150 Hz,dB,211.531
NOMNOMTH,NOM,NOMTH,3.3,125,G4 input-referred noise 0.05-150 Hz,uVrms,4.195
NOMNOMTH,NOM,NOMTH,3.3,125,G8 target gain,V/V,8.000
NOMNOMTH,NOM,NOMTH,3.3,125,G8 input offset,mV,2.164e-07
NOMNOMTH,NOM,NOMTH,3.3,125,G8 gain @ 10 Hz,V/V,7.970
NOMNOMTH,NOM,NOMTH,3.3,125,G8 gain @ 150 Hz,V/V,7.970
NOMNOMTH,NOM,NOMTH,3.3,125,G8 gain error,%,-0.370
NOMNOMTH,NOM,NOMTH,3.3,125,G8 -3 dB bandwidth,MHz,1.682
NOMNOMTH,NOM,NOMTH,3.3,125,G8 CMRR @ 60 Hz,dB,199.520
NOMNOMTH,NOM,NOMTH,3.3,125,G8 CMRR @ 150 Hz,dB,199.904
NOMNOMTH,NOM,NOMTH,3.3,125,G8 PSRR+ @ 60 Hz,dB,234.689
NOMNOMTH,NOM,NOMTH,3.3,125,G8 PSRR+ @ 150 Hz,dB,234.681
NOMNOMTH,NOM,NOMTH,3.3,125,G8 PSRR- @ 60 Hz,dB,196.077
NOMNOMTH,NOM,NOMTH,3.3,125,G8 PSRR- @ 150 Hz,dB,196.463
NOMNOMTH,NOM,NOMTH,3.3,125,G8 input-referred noise 0.05-150 Hz,uVrms,3.777
NOMNOMTH,NOM,NOMTH,3.3,125,G16 target gain,V/V,16.000
NOMNOMTH,NOM,NOMTH,3.3,125,G16 input offset,mV,-6.413e-08
NOMNOMTH,NOM,NOMTH,3.3,125,G16 gain @ 10 Hz,V/V,15.862
NOMNOMTH,NOM,NOMTH,3.3,125,G16 gain @ 150 Hz,V/V,15.862
NOMNOMTH,NOM,NOMTH,3.3,125,G16 gain error,%,-0.866
NOMNOMTH,NOM,NOMTH,3.3,125,G16 -3 dB bandwidth,MHz,0.765
NOMNOMTH,NOM,NOMTH,3.3,125,G16 CMRR @ 60 Hz,dB,206.727
NOMNOMTH,NOM,NOMTH,3.3,125,G16 CMRR @ 150 Hz,dB,205.577
NOMNOMTH,NOM,NOMTH,3.3,125,G16 PSRR+ @ 60 Hz,dB,283.703
NOMNOMTH,NOM,NOMTH,3.3,125,G16 PSRR+ @ 150 Hz,dB,283.341
NOMNOMTH,NOM,NOMTH,3.3,125,G16 PSRR- @ 60 Hz,dB,202.889
NOMNOMTH,NOM,NOMTH,3.3,125,G16 PSRR- @ 150 Hz,dB,201.982
NOMNOMTH,NOM,NOMTH,3.3,125,G16 input-referred noise 0.05-150 Hz,uVrms,3.567
NOMVLTL,NOM,VLTL,3,-40,FDC bias current,uA,34.875
NOMVLTL,NOM,VLTL,3,-40,CMFB bias current,uA,34.875
NOMVLTL,NOM,VLTL,3,-40,Total current,mA,1.269
NOMVLTL,NOM,VLTL,3,-40,Total power,mW,3.807
NOMVLTL,NOM,VLTL,3,-40,Output CM error,mV,-6.774
NOMVLTL,NOM,VLTL,3,-40,G2 target gain,V/V,2.000
NOMVLTL,NOM,VLTL,3,-40,G2 input offset,mV,-6.334e-07
NOMVLTL,NOM,VLTL,3,-40,G2 gain @ 10 Hz,V/V,2.014
NOMVLTL,NOM,VLTL,3,-40,G2 gain @ 150 Hz,V/V,2.014
NOMVLTL,NOM,VLTL,3,-40,G2 gain error,%,0.717
NOMVLTL,NOM,VLTL,3,-40,G2 -3 dB bandwidth,MHz,5.186
NOMVLTL,NOM,VLTL,3,-40,G2 CMRR @ 60 Hz,dB,222.844
NOMVLTL,NOM,VLTL,3,-40,G2 CMRR @ 150 Hz,dB,222.842
NOMVLTL,NOM,VLTL,3,-40,G2 PSRR+ @ 60 Hz,dB,216.825
NOMVLTL,NOM,VLTL,3,-40,G2 PSRR+ @ 150 Hz,dB,216.831
NOMVLTL,NOM,VLTL,3,-40,G2 PSRR- @ 60 Hz,dB,220.427
NOMVLTL,NOM,VLTL,3,-40,G2 PSRR- @ 150 Hz,dB,220.565
NOMVLTL,NOM,VLTL,3,-40,G2 input-referred noise 0.05-150 Hz,uVrms,4.392
NOMVLTL,NOM,VLTL,3,-40,G4 target gain,V/V,4.000
NOMVLTL,NOM,VLTL,3,-40,G4 input offset,mV,-1.561e-08
NOMVLTL,NOM,VLTL,3,-40,G4 gain @ 10 Hz,V/V,3.990
NOMVLTL,NOM,VLTL,3,-40,G4 gain @ 150 Hz,V/V,3.990
NOMVLTL,NOM,VLTL,3,-40,G4 gain error,%,-0.254
NOMVLTL,NOM,VLTL,3,-40,G4 -3 dB bandwidth,MHz,3.127
NOMVLTL,NOM,VLTL,3,-40,G4 CMRR @ 60 Hz,dB,221.189
NOMVLTL,NOM,VLTL,3,-40,G4 CMRR @ 150 Hz,dB,218.789
NOMVLTL,NOM,VLTL,3,-40,G4 PSRR+ @ 60 Hz,dB,242.651
NOMVLTL,NOM,VLTL,3,-40,G4 PSRR+ @ 150 Hz,dB,242.683
NOMVLTL,NOM,VLTL,3,-40,G4 PSRR- @ 60 Hz,dB,213.010
NOMVLTL,NOM,VLTL,3,-40,G4 PSRR- @ 150 Hz,dB,210.681
NOMVLTL,NOM,VLTL,3,-40,G4 input-referred noise 0.05-150 Hz,uVrms,3.671
NOMVLTL,NOM,VLTL,3,-40,G8 target gain,V/V,8.000
NOMVLTL,NOM,VLTL,3,-40,G8 input offset,mV,1.961e-07
NOMVLTL,NOM,VLTL,3,-40,G8 gain @ 10 Hz,V/V,7.957
NOMVLTL,NOM,VLTL,3,-40,G8 gain @ 150 Hz,V/V,7.957
NOMVLTL,NOM,VLTL,3,-40,G8 gain error,%,-0.543
NOMVLTL,NOM,VLTL,3,-40,G8 -3 dB bandwidth,MHz,2.207
NOMVLTL,NOM,VLTL,3,-40,G8 CMRR @ 60 Hz,dB,205.888
NOMVLTL,NOM,VLTL,3,-40,G8 CMRR @ 150 Hz,dB,207.146
NOMVLTL,NOM,VLTL,3,-40,G8 PSRR+ @ 60 Hz,dB,252.919
NOMVLTL,NOM,VLTL,3,-40,G8 PSRR+ @ 150 Hz,dB,252.844
NOMVLTL,NOM,VLTL,3,-40,G8 PSRR- @ 60 Hz,dB,202.364
NOMVLTL,NOM,VLTL,3,-40,G8 PSRR- @ 150 Hz,dB,203.618
NOMVLTL,NOM,VLTL,3,-40,G8 input-referred noise 0.05-150 Hz,uVrms,3.304
NOMVLTL,NOM,VLTL,3,-40,G16 target gain,V/V,16.000
NOMVLTL,NOM,VLTL,3,-40,G16 input offset,mV,4.554e-08
NOMVLTL,NOM,VLTL,3,-40,G16 gain @ 10 Hz,V/V,15.857
NOMVLTL,NOM,VLTL,3,-40,G16 gain @ 150 Hz,V/V,15.857
NOMVLTL,NOM,VLTL,3,-40,G16 gain error,%,-0.896
NOMVLTL,NOM,VLTL,3,-40,G16 -3 dB bandwidth,MHz,0.953
NOMVLTL,NOM,VLTL,3,-40,G16 CMRR @ 60 Hz,dB,207.004
NOMVLTL,NOM,VLTL,3,-40,G16 CMRR @ 150 Hz,dB,205.287
NOMVLTL,NOM,VLTL,3,-40,G16 PSRR+ @ 60 Hz,dB,293.458
NOMVLTL,NOM,VLTL,3,-40,G16 PSRR+ @ 150 Hz,dB,291.305
NOMVLTL,NOM,VLTL,3,-40,G16 PSRR- @ 60 Hz,dB,204.881
NOMVLTL,NOM,VLTL,3,-40,G16 PSRR- @ 150 Hz,dB,203.246
NOMVLTL,NOM,VLTL,3,-40,G16 input-referred noise 0.05-150 Hz,uVrms,3.120
NOMVLTH,NOM,VLTH,3,125,FDC bias current,uA,42.690
NOMVLTH,NOM,VLTH,3,125,CMFB bias current,uA,42.690
NOMVLTH,NOM,VLTH,3,125,Total current,mA,1.825
NOMVLTH,NOM,VLTH,3,125,Total power,mW,5.476
NOMVLTH,NOM,VLTH,3,125,Output CM error,mV,10.513
NOMVLTH,NOM,VLTH,3,125,G2 target gain,V/V,2.000
NOMVLTH,NOM,VLTH,3,125,G2 input offset,mV,-7.953e-07
NOMVLTH,NOM,VLTH,3,125,G2 gain @ 10 Hz,V/V,2.035
NOMVLTH,NOM,VLTH,3,125,G2 gain @ 150 Hz,V/V,2.035
NOMVLTH,NOM,VLTH,3,125,G2 gain error,%,1.773
NOMVLTH,NOM,VLTH,3,125,G2 -3 dB bandwidth,MHz,4.284
NOMVLTH,NOM,VLTH,3,125,G2 CMRR @ 60 Hz,dB,222.787
NOMVLTH,NOM,VLTH,3,125,G2 CMRR @ 150 Hz,dB,222.782
NOMVLTH,NOM,VLTH,3,125,G2 PSRR+ @ 60 Hz,dB,217.716
NOMVLTH,NOM,VLTH,3,125,G2 PSRR+ @ 150 Hz,dB,217.715
NOMVLTH,NOM,VLTH,3,125,G2 PSRR- @ 60 Hz,dB,220.733
NOMVLTH,NOM,VLTH,3,125,G2 PSRR- @ 150 Hz,dB,220.923
NOMVLTH,NOM,VLTH,3,125,G2 input-referred noise 0.05-150 Hz,uVrms,5.002
NOMVLTH,NOM,VLTH,3,125,G4 target gain,V/V,4.000
NOMVLTH,NOM,VLTH,3,125,G4 input offset,mV,-1.036e-07
NOMVLTH,NOM,VLTH,3,125,G4 gain @ 10 Hz,V/V,4.001
NOMVLTH,NOM,VLTH,3,125,G4 gain @ 150 Hz,V/V,4.001
NOMVLTH,NOM,VLTH,3,125,G4 gain error,%,0.029
NOMVLTH,NOM,VLTH,3,125,G4 -3 dB bandwidth,MHz,2.551
NOMVLTH,NOM,VLTH,3,125,G4 CMRR @ 60 Hz,dB,222.077
NOMVLTH,NOM,VLTH,3,125,G4 CMRR @ 150 Hz,dB,220.185
NOMVLTH,NOM,VLTH,3,125,G4 PSRR+ @ 60 Hz,dB,231.664
NOMVLTH,NOM,VLTH,3,125,G4 PSRR+ @ 150 Hz,dB,231.673
NOMVLTH,NOM,VLTH,3,125,G4 PSRR- @ 60 Hz,dB,213.205
NOMVLTH,NOM,VLTH,3,125,G4 PSRR- @ 150 Hz,dB,211.504
NOMVLTH,NOM,VLTH,3,125,G4 input-referred noise 0.05-150 Hz,uVrms,4.192
NOMVLTH,NOM,VLTH,3,125,G8 target gain,V/V,8.000
NOMVLTH,NOM,VLTH,3,125,G8 input offset,mV,-3.567e-07
NOMVLTH,NOM,VLTH,3,125,G8 gain @ 10 Hz,V/V,7.979
NOMVLTH,NOM,VLTH,3,125,G8 gain @ 150 Hz,V/V,7.979
NOMVLTH,NOM,VLTH,3,125,G8 gain error,%,-0.261
NOMVLTH,NOM,VLTH,3,125,G8 -3 dB bandwidth,MHz,1.647
NOMVLTH,NOM,VLTH,3,125,G8 CMRR @ 60 Hz,dB,201.550
NOMVLTH,NOM,VLTH,3,125,G8 CMRR @ 150 Hz,dB,201.077
NOMVLTH,NOM,VLTH,3,125,G8 PSRR+ @ 60 Hz,dB,244.403
NOMVLTH,NOM,VLTH,3,125,G8 PSRR+ @ 150 Hz,dB,244.390
NOMVLTH,NOM,VLTH,3,125,G8 PSRR- @ 60 Hz,dB,198.049
NOMVLTH,NOM,VLTH,3,125,G8 PSRR- @ 150 Hz,dB,197.577
NOMVLTH,NOM,VLTH,3,125,G8 input-referred noise 0.05-150 Hz,uVrms,3.774
NOMVLTH,NOM,VLTH,3,125,G16 target gain,V/V,16.000
NOMVLTH,NOM,VLTH,3,125,G16 input offset,mV,-7.177e-08
NOMVLTH,NOM,VLTH,3,125,G16 gain @ 10 Hz,V/V,15.861
NOMVLTH,NOM,VLTH,3,125,G16 gain @ 150 Hz,V/V,15.861
NOMVLTH,NOM,VLTH,3,125,G16 gain error,%,-0.871
NOMVLTH,NOM,VLTH,3,125,G16 -3 dB bandwidth,MHz,0.751
NOMVLTH,NOM,VLTH,3,125,G16 CMRR @ 60 Hz,dB,206.720
NOMVLTH,NOM,VLTH,3,125,G16 CMRR @ 150 Hz,dB,205.542
NOMVLTH,NOM,VLTH,3,125,G16 PSRR+ @ 60 Hz,dB,278.766
NOMVLTH,NOM,VLTH,3,125,G16 PSRR+ @ 150 Hz,dB,277.250
NOMVLTH,NOM,VLTH,3,125,G16 PSRR- @ 60 Hz,dB,202.884
NOMVLTH,NOM,VLTH,3,125,G16 PSRR- @ 150 Hz,dB,201.955
NOMVLTH,NOM,VLTH,3,125,G16 input-referred noise 0.05-150 Hz,uVrms,3.565
NOMVHTL,NOM,VHTL,3.6,-40,FDC bias current,uA,35.849
NOMVHTL,NOM,VHTL,3.6,-40,CMFB bias current,uA,35.849
NOMVHTL,NOM,VHTL,3.6,-40,Total current,mA,1.329
NOMVHTL,NOM,VHTL,3.6,-40,Total power,mW,4.783
NOMVHTL,NOM,VHTL,3.6,-40,Output CM error,mV,-6.707
NOMVHTL,NOM,VHTL,3.6,-40,G2 target gain,V/V,2.000
NOMVHTL,NOM,VHTL,3.6,-40,G2 input offset,mV,-3.040e-08
NOMVHTL,NOM,VHTL,3.6,-40,G2 gain @ 10 Hz,V/V,2.004
NOMVHTL,NOM,VHTL,3.6,-40,G2 gain @ 150 Hz,V/V,2.004
NOMVHTL,NOM,VHTL,3.6,-40,G2 gain error,%,0.189
NOMVHTL,NOM,VHTL,3.6,-40,G2 -3 dB bandwidth,MHz,5.336
NOMVHTL,NOM,VHTL,3.6,-40,G2 CMRR @ 60 Hz,dB,259.437
NOMVHTL,NOM,VHTL,3.6,-40,G2 CMRR @ 150 Hz,dB,259.399
NOMVHTL,NOM,VHTL,3.6,-40,G2 PSRR+ @ 60 Hz,dB,235.457
NOMVHTL,NOM,VHTL,3.6,-40,G2 PSRR+ @ 150 Hz,dB,235.435
NOMVHTL,NOM,VHTL,3.6,-40,G2 PSRR- @ 60 Hz,dB,231.239
NOMVHTL,NOM,VHTL,3.6,-40,G2 PSRR- @ 150 Hz,dB,231.476
NOMVHTL,NOM,VHTL,3.6,-40,G2 input-referred noise 0.05-150 Hz,uVrms,4.428
NOMVHTL,NOM,VHTL,3.6,-40,G4 target gain,V/V,4.000
NOMVHTL,NOM,VHTL,3.6,-40,G4 input offset,mV,9.984e-08
NOMVHTL,NOM,VHTL,3.6,-40,G4 gain @ 10 Hz,V/V,3.985
NOMVHTL,NOM,VHTL,3.6,-40,G4 gain @ 150 Hz,V/V,3.985
NOMVHTL,NOM,VHTL,3.6,-40,G4 gain error,%,-0.384
NOMVHTL,NOM,VHTL,3.6,-40,G4 -3 dB bandwidth,MHz,3.213
NOMVHTL,NOM,VHTL,3.6,-40,G4 CMRR @ 60 Hz,dB,221.406
NOMVHTL,NOM,VHTL,3.6,-40,G4 CMRR @ 150 Hz,dB,219.085
NOMVHTL,NOM,VHTL,3.6,-40,G4 PSRR+ @ 60 Hz,dB,242.316
NOMVHTL,NOM,VHTL,3.6,-40,G4 PSRR+ @ 150 Hz,dB,242.356
NOMVHTL,NOM,VHTL,3.6,-40,G4 PSRR- @ 60 Hz,dB,212.898
NOMVHTL,NOM,VHTL,3.6,-40,G4 PSRR- @ 150 Hz,dB,210.717
NOMVHTL,NOM,VHTL,3.6,-40,G4 input-referred noise 0.05-150 Hz,uVrms,3.695
NOMVHTL,NOM,VHTL,3.6,-40,G8 target gain,V/V,8.000
NOMVHTL,NOM,VHTL,3.6,-40,G8 input offset,mV,-8.315e-08
NOMVHTL,NOM,VHTL,3.6,-40,G8 gain @ 10 Hz,V/V,7.946
NOMVHTL,NOM,VHTL,3.6,-40,G8 gain @ 150 Hz,V/V,7.946
NOMVHTL,NOM,VHTL,3.6,-40,G8 gain error,%,-0.674
NOMVHTL,NOM,VHTL,3.6,-40,G8 -3 dB bandwidth,MHz,2.286
NOMVHTL,NOM,VHTL,3.6,-40,G8 CMRR @ 60 Hz,dB,205.046
NOMVHTL,NOM,VHTL,3.6,-40,G8 CMRR @ 150 Hz,dB,206.110
NOMVHTL,NOM,VHTL,3.6,-40,G8 PSRR+ @ 60 Hz,dB,245.410
NOMVHTL,NOM,VHTL,3.6,-40,G8 PSRR+ @ 150 Hz,dB,245.416
NOMVHTL,NOM,VHTL,3.6,-40,G8 PSRR- @ 60 Hz,dB,201.494
NOMVHTL,NOM,VHTL,3.6,-40,G8 PSRR- @ 150 Hz,dB,202.554
NOMVHTL,NOM,VHTL,3.6,-40,G8 input-referred noise 0.05-150 Hz,uVrms,3.326
NOMVHTL,NOM,VHTL,3.6,-40,G16 target gain,V/V,16.000
NOMVHTL,NOM,VHTL,3.6,-40,G16 input offset,mV,-2.057e-08
NOMVHTL,NOM,VHTL,3.6,-40,G16 gain @ 10 Hz,V/V,15.858
NOMVHTL,NOM,VHTL,3.6,-40,G16 gain @ 150 Hz,V/V,15.858
NOMVHTL,NOM,VHTL,3.6,-40,G16 gain error,%,-0.889
NOMVHTL,NOM,VHTL,3.6,-40,G16 -3 dB bandwidth,MHz,0.981
NOMVHTL,NOM,VHTL,3.6,-40,G16 CMRR @ 60 Hz,dB,207.028
NOMVHTL,NOM,VHTL,3.6,-40,G16 CMRR @ 150 Hz,dB,205.400
NOMVHTL,NOM,VHTL,3.6,-40,G16 PSRR+ @ 60 Hz,dB,274.023
NOMVHTL,NOM,VHTL,3.6,-40,G16 PSRR+ @ 150 Hz,dB,274.644
NOMVHTL,NOM,VHTL,3.6,-40,G16 PSRR- @ 60 Hz,dB,204.887
NOMVHTL,NOM,VHTL,3.6,-40,G16 PSRR- @ 150 Hz,dB,203.340
NOMVHTL,NOM,VHTL,3.6,-40,G16 input-referred noise 0.05-150 Hz,uVrms,3.140
NOMVHTH,NOM,VHTH,3.6,125,FDC bias current,uA,43.685
NOMVHTH,NOM,VHTH,3.6,125,CMFB bias current,uA,43.685
NOMVHTH,NOM,VHTH,3.6,125,Total current,mA,1.890
NOMVHTH,NOM,VHTH,3.6,125,Total power,mW,6.804
NOMVHTH,NOM,VHTH,3.6,125,Output CM error,mV,10.563
NOMVHTH,NOM,VHTH,3.6,125,G2 target gain,V/V,2.000
NOMVHTH,NOM,VHTH,3.6,125,G2 input offset,mV,-7.867e-09
NOMVHTH,NOM,VHTH,3.6,125,G2 gain @ 10 Hz,V/V,2.020
NOMVHTH,NOM,VHTH,3.6,125,G2 gain @ 150 Hz,V/V,2.020
NOMVHTH,NOM,VHTH,3.6,125,G2 gain error,%,1.022
NOMVHTH,NOM,VHTH,3.6,125,G2 -3 dB bandwidth,MHz,4.425
NOMVHTH,NOM,VHTH,3.6,125,G2 CMRR @ 60 Hz,dB,273.419
NOMVHTH,NOM,VHTH,3.6,125,G2 CMRR @ 150 Hz,dB,274.054
NOMVHTH,NOM,VHTH,3.6,125,G2 PSRR+ @ 60 Hz,dB,263.162
NOMVHTH,NOM,VHTH,3.6,125,G2 PSRR+ @ 150 Hz,dB,263.015
NOMVHTH,NOM,VHTH,3.6,125,G2 PSRR- @ 60 Hz,dB,255.486
NOMVHTH,NOM,VHTH,3.6,125,G2 PSRR- @ 150 Hz,dB,267.351
NOMVHTH,NOM,VHTH,3.6,125,G2 input-referred noise 0.05-150 Hz,uVrms,5.020
NOMVHTH,NOM,VHTH,3.6,125,G4 target gain,V/V,4.000
NOMVHTH,NOM,VHTH,3.6,125,G4 input offset,mV,-3.379e-08
NOMVHTH,NOM,VHTH,3.6,125,G4 gain @ 10 Hz,V/V,3.994
NOMVHTH,NOM,VHTH,3.6,125,G4 gain @ 150 Hz,V/V,3.994
NOMVHTH,NOM,VHTH,3.6,125,G4 gain error,%,-0.158
NOMVHTH,NOM,VHTH,3.6,125,G4 -3 dB bandwidth,MHz,2.628
NOMVHTH,NOM,VHTH,3.6,125,G4 CMRR @ 60 Hz,dB,222.346
NOMVHTH,NOM,VHTH,3.6,125,G4 CMRR @ 150 Hz,dB,220.496
NOMVHTH,NOM,VHTH,3.6,125,G4 PSRR+ @ 60 Hz,dB,246.756
NOMVHTH,NOM,VHTH,3.6,125,G4 PSRR+ @ 150 Hz,dB,246.718
NOMVHTH,NOM,VHTH,3.6,125,G4 PSRR- @ 60 Hz,dB,214.312
NOMVHTH,NOM,VHTH,3.6,125,G4 PSRR- @ 150 Hz,dB,212.491
NOMVHTH,NOM,VHTH,3.6,125,G4 input-referred noise 0.05-150 Hz,uVrms,4.198
NOMVHTH,NOM,VHTH,3.6,125,G8 target gain,V/V,8.000
NOMVHTH,NOM,VHTH,3.6,125,G8 input offset,mV,5.857e-09
NOMVHTH,NOM,VHTH,3.6,125,G8 gain @ 10 Hz,V/V,7.965
NOMVHTH,NOM,VHTH,3.6,125,G8 gain @ 150 Hz,V/V,7.965
NOMVHTH,NOM,VHTH,3.6,125,G8 gain error,%,-0.441
NOMVHTH,NOM,VHTH,3.6,125,G8 -3 dB bandwidth,MHz,1.706
NOMVHTH,NOM,VHTH,3.6,125,G8 CMRR @ 60 Hz,dB,201.325
NOMVHTH,NOM,VHTH,3.6,125,G8 CMRR @ 150 Hz,dB,200.885
NOMVHTH,NOM,VHTH,3.6,125,G8 PSRR+ @ 60 Hz,dB,237.803
NOMVHTH,NOM,VHTH,3.6,125,G8 PSRR+ @ 150 Hz,dB,237.801
NOMVHTH,NOM,VHTH,3.6,125,G8 PSRR- @ 60 Hz,dB,197.736
NOMVHTH,NOM,VHTH,3.6,125,G8 PSRR- @ 150 Hz,dB,197.300
NOMVHTH,NOM,VHTH,3.6,125,G8 input-referred noise 0.05-150 Hz,uVrms,3.779
NOMVHTH,NOM,VHTH,3.6,125,G16 target gain,V/V,16.000
NOMVHTH,NOM,VHTH,3.6,125,G16 input offset,mV,-6.475e-07
NOMVHTH,NOM,VHTH,3.6,125,G16 gain @ 10 Hz,V/V,15.862
NOMVHTH,NOM,VHTH,3.6,125,G16 gain @ 150 Hz,V/V,15.862
NOMVHTH,NOM,VHTH,3.6,125,G16 gain error,%,-0.861
NOMVHTH,NOM,VHTH,3.6,125,G16 -3 dB bandwidth,MHz,0.774
NOMVHTH,NOM,VHTH,3.6,125,G16 CMRR @ 60 Hz,dB,204.021
NOMVHTH,NOM,VHTH,3.6,125,G16 CMRR @ 150 Hz,dB,203.185
NOMVHTH,NOM,VHTH,3.6,125,G16 PSRR+ @ 60 Hz,dB,261.922
NOMVHTH,NOM,VHTH,3.6,125,G16 PSRR+ @ 150 Hz,dB,261.509
NOMVHTH,NOM,VHTH,3.6,125,G16 PSRR- @ 60 Hz,dB,200.383
NOMVHTH,NOM,VHTH,3.6,125,G16 PSRR- @ 150 Hz,dB,199.711
NOMVHTH,NOM,VHTH,3.6,125,G16 input-referred noise 0.05-150 Hz,uVrms,3.569
FFNOMNOM,FF,NOMNOM,3.3,27,FDC bias current,uA,45.286
FFNOMNOM,FF,NOMNOM,3.3,27,CMFB bias current,uA,45.286
FFNOMNOM,FF,NOMNOM,3.3,27,Total current,mA,1.857
FFNOMNOM,FF,NOMNOM,3.3,27,Total power,mW,6.129
FFNOMNOM,FF,NOMNOM,3.3,27,Output CM error,mV,-1.840
FFNOMNOM,FF,NOMNOM,3.3,27,G2 target gain,V/V,2.000
FFNOMNOM,FF,NOMNOM,3.3,27,G2 input offset,mV,8.015e-08
FFNOMNOM,FF,NOMNOM,3.3,27,G2 gain @ 10 Hz,V/V,2.012
FFNOMNOM,FF,NOMNOM,3.3,27,G2 gain @ 150 Hz,V/V,2.012
FFNOMNOM,FF,NOMNOM,3.3,27,G2 gain error,%,0.604
FFNOMNOM,FF,NOMNOM,3.3,27,G2 -3 dB bandwidth,MHz,6.637
FFNOMNOM,FF,NOMNOM,3.3,27,G2 CMRR @ 60 Hz,dB,250.023
FFNOMNOM,FF,NOMNOM,3.3,27,G2 CMRR @ 150 Hz,dB,250.049
FFNOMNOM,FF,NOMNOM,3.3,27,G2 PSRR+ @ 60 Hz,dB,233.145
FFNOMNOM,FF,NOMNOM,3.3,27,G2 PSRR+ @ 150 Hz,dB,233.122
FFNOMNOM,FF,NOMNOM,3.3,27,G2 PSRR- @ 60 Hz,dB,240.760
FFNOMNOM,FF,NOMNOM,3.3,27,G2 PSRR- @ 150 Hz,dB,241.502
FFNOMNOM,FF,NOMNOM,3.3,27,G2 input-referred noise 0.05-150 Hz,uVrms,4.417
FFNOMNOM,FF,NOMNOM,3.3,27,G4 target gain,V/V,4.000
FFNOMNOM,FF,NOMNOM,3.3,27,G4 input offset,mV,-1.865e-07
FFNOMNOM,FF,NOMNOM,3.3,27,G4 gain @ 10 Hz,V/V,3.988
FFNOMNOM,FF,NOMNOM,3.3,27,G4 gain @ 150 Hz,V/V,3.988
FFNOMNOM,FF,NOMNOM,3.3,27,G4 gain error,%,-0.288
FFNOMNOM,FF,NOMNOM,3.3,27,G4 -3 dB bandwidth,MHz,3.920
FFNOMNOM,FF,NOMNOM,3.3,27,G4 CMRR @ 60 Hz,dB,221.833
FFNOMNOM,FF,NOMNOM,3.3,27,G4 CMRR @ 150 Hz,dB,220.389
FFNOMNOM,FF,NOMNOM,3.3,27,G4 PSRR+ @ 60 Hz,dB,248.435
FFNOMNOM,FF,NOMNOM,3.3,27,G4 PSRR+ @ 150 Hz,dB,248.511
FFNOMNOM,FF,NOMNOM,3.3,27,G4 PSRR- @ 60 Hz,dB,213.931
FFNOMNOM,FF,NOMNOM,3.3,27,G4 PSRR- @ 150 Hz,dB,212.488
FFNOMNOM,FF,NOMNOM,3.3,27,G4 input-referred noise 0.05-150 Hz,uVrms,3.690
FFNOMNOM,FF,NOMNOM,3.3,27,G8 target gain,V/V,8.000
FFNOMNOM,FF,NOMNOM,3.3,27,G8 input offset,mV,2.456e-07
FFNOMNOM,FF,NOMNOM,3.3,27,G8 gain @ 10 Hz,V/V,7.953
FFNOMNOM,FF,NOMNOM,3.3,27,G8 gain @ 150 Hz,V/V,7.953
FFNOMNOM,FF,NOMNOM,3.3,27,G8 gain error,%,-0.585
FFNOMNOM,FF,NOMNOM,3.3,27,G8 -3 dB bandwidth,MHz,2.668
FFNOMNOM,FF,NOMNOM,3.3,27,G8 CMRR @ 60 Hz,dB,207.973
FFNOMNOM,FF,NOMNOM,3.3,27,G8 CMRR @ 150 Hz,dB,207.221
FFNOMNOM,FF,NOMNOM,3.3,27,G8 PSRR+ @ 60 Hz,dB,241.701
FFNOMNOM,FF,NOMNOM,3.3,27,G8 PSRR+ @ 150 Hz,dB,241.733
FFNOMNOM,FF,NOMNOM,3.3,27,G8 PSRR- @ 60 Hz,dB,204.315
FFNOMNOM,FF,NOMNOM,3.3,27,G8 PSRR- @ 150 Hz,dB,203.576
FFNOMNOM,FF,NOMNOM,3.3,27,G8 input-referred noise 0.05-150 Hz,uVrms,3.321
FFNOMNOM,FF,NOMNOM,3.3,27,G16 target gain,V/V,16.000
FFNOMNOM,FF,NOMNOM,3.3,27,G16 input offset,mV,-3.840e-08
FFNOMNOM,FF,NOMNOM,3.3,27,G16 gain @ 10 Hz,V/V,15.854
FFNOMNOM,FF,NOMNOM,3.3,27,G16 gain @ 150 Hz,V/V,15.854
FFNOMNOM,FF,NOMNOM,3.3,27,G16 gain error,%,-0.910
FFNOMNOM,FF,NOMNOM,3.3,27,G16 -3 dB bandwidth,MHz,1.153
FFNOMNOM,FF,NOMNOM,3.3,27,G16 CMRR @ 60 Hz,dB,215.201
FFNOMNOM,FF,NOMNOM,3.3,27,G16 CMRR @ 150 Hz,dB,212.944
FFNOMNOM,FF,NOMNOM,3.3,27,G16 PSRR+ @ 60 Hz,dB,282.154
FFNOMNOM,FF,NOMNOM,3.3,27,G16 PSRR+ @ 150 Hz,dB,284.635
FFNOMNOM,FF,NOMNOM,3.3,27,G16 PSRR- @ 60 Hz,dB,210.506
FFNOMNOM,FF,NOMNOM,3.3,27,G16 PSRR- @ 150 Hz,dB,208.856
FFNOMNOM,FF,NOMNOM,3.3,27,G16 input-referred noise 0.05-150 Hz,uVrms,3.136
FFVLNOM,FF,VLNOM,3,27,FDC bias current,uA,44.681
FFVLNOM,FF,VLNOM,3,27,CMFB bias current,uA,44.681
FFVLNOM,FF,VLNOM,3,27,Total current,mA,1.819
FFVLNOM,FF,VLNOM,3,27,Total power,mW,5.457
FFVLNOM,FF,VLNOM,3,27,Output CM error,mV,-1.877
FFVLNOM,FF,VLNOM,3,27,G2 target gain,V/V,2.000
FFVLNOM,FF,VLNOM,3,27,G2 input offset,mV,-1.278e-08
FFVLNOM,FF,VLNOM,3,27,G2 gain @ 10 Hz,V/V,2.017
FFVLNOM,FF,VLNOM,3,27,G2 gain @ 150 Hz,V/V,2.017
FFVLNOM,FF,VLNOM,3,27,G2 gain error,%,0.851
FFVLNOM,FF,VLNOM,3,27,G2 -3 dB bandwidth,MHz,6.532
FFVLNOM,FF,VLNOM,3,27,G2 CMRR @ 60 Hz,dB,274.862
FFVLNOM,FF,VLNOM,3,27,G2 CMRR @ 150 Hz,dB,274.360
FFVLNOM,FF,VLNOM,3,27,G2 PSRR+ @ 60 Hz,dB,236.685
FFVLNOM,FF,VLNOM,3,27,G2 PSRR+ @ 150 Hz,dB,236.730
FFVLNOM,FF,VLNOM,3,27,G2 PSRR- @ 60 Hz,dB,257.481
FFVLNOM,FF,VLNOM,3,27,G2 PSRR- @ 150 Hz,dB,268.276
FFVLNOM,FF,VLNOM,3,27,G2 input-referred noise 0.05-150 Hz,uVrms,4.405
FFVLNOM,FF,VLNOM,3,27,G4 target gain,V/V,4.000
FFVLNOM,FF,VLNOM,3,27,G4 input offset,mV,-6.184e-08
FFVLNOM,FF,VLNOM,3,27,G4 gain @ 10 Hz,V/V,3.991
FFVLNOM,FF,VLNOM,3,27,G4 gain @ 150 Hz,V/V,3.991
FFVLNOM,FF,VLNOM,3,27,G4 gain error,%,-0.228
FFVLNOM,FF,VLNOM,3,27,G4 -3 dB bandwidth,MHz,3.862
FFVLNOM,FF,VLNOM,3,27,G4 CMRR @ 60 Hz,dB,221.909
FFVLNOM,FF,VLNOM,3,27,G4 CMRR @ 150 Hz,dB,220.414
FFVLNOM,FF,VLNOM,3,27,G4 PSRR+ @ 60 Hz,dB,236.966
FFVLNOM,FF,VLNOM,3,27,G4 PSRR+ @ 150 Hz,dB,236.958
FFVLNOM,FF,VLNOM,3,27,G4 PSRR- @ 60 Hz,dB,214.863
FFVLNOM,FF,VLNOM,3,27,G4 PSRR- @ 150 Hz,dB,213.230
FFVLNOM,FF,VLNOM,3,27,G4 input-referred noise 0.05-150 Hz,uVrms,3.683
FFVLNOM,FF,VLNOM,3,27,G8 target gain,V/V,8.000
FFVLNOM,FF,VLNOM,3,27,G8 input offset,mV,1.159e-07
FFVLNOM,FF,VLNOM,3,27,G8 gain @ 10 Hz,V/V,7.958
FFVLNOM,FF,VLNOM,3,27,G8 gain @ 150 Hz,V/V,7.958
FFVLNOM,FF,VLNOM,3,27,G8 gain error,%,-0.525
FFVLNOM,FF,VLNOM,3,27,G8 -3 dB bandwidth,MHz,2.621
FFVLNOM,FF,VLNOM,3,27,G8 CMRR @ 60 Hz,dB,209.892
FFVLNOM,FF,VLNOM,3,27,G8 CMRR @ 150 Hz,dB,210.962
FFVLNOM,FF,VLNOM,3,27,G8 PSRR+ @ 60 Hz,dB,239.073
FFVLNOM,FF,VLNOM,3,27,G8 PSRR+ @ 150 Hz,dB,239.091
FFVLNOM,FF,VLNOM,3,27,G8 PSRR- @ 60 Hz,dB,206.483
FFVLNOM,FF,VLNOM,3,27,G8 PSRR- @ 150 Hz,dB,207.565
FFVLNOM,FF,VLNOM,3,27,G8 input-referred noise 0.05-150 Hz,uVrms,3.315
FFVLNOM,FF,VLNOM,3,27,G16 target gain,V/V,16.000
FFVLNOM,FF,VLNOM,3,27,G16 input offset,mV,-2.383e-08
FFVLNOM,FF,VLNOM,3,27,G16 gain @ 10 Hz,V/V,15.854
FFVLNOM,FF,VLNOM,3,27,G16 gain @ 150 Hz,V/V,15.854
FFVLNOM,FF,VLNOM,3,27,G16 gain error,%,-0.914
FFVLNOM,FF,VLNOM,3,27,G16 -3 dB bandwidth,MHz,1.136
FFVLNOM,FF,VLNOM,3,27,G16 CMRR @ 60 Hz,dB,234.366
FFVLNOM,FF,VLNOM,3,27,G16 CMRR @ 150 Hz,dB,222.837
FFVLNOM,FF,VLNOM,3,27,G16 PSRR+ @ 60 Hz,dB,289.869
FFVLNOM,FF,VLNOM,3,27,G16 PSRR+ @ 150 Hz,dB,286.549
FFVLNOM,FF,VLNOM,3,27,G16 PSRR- @ 60 Hz,dB,222.037
FFVLNOM,FF,VLNOM,3,27,G16 PSRR- @ 150 Hz,dB,216.878
FFVLNOM,FF,VLNOM,3,27,G16 input-referred noise 0.05-150 Hz,uVrms,3.130
FFVHNOM,FF,VHNOM,3.6,27,FDC bias current,uA,45.750
FFVHNOM,FF,VHNOM,3.6,27,CMFB bias current,uA,45.750
FFVHNOM,FF,VHNOM,3.6,27,Total current,mA,1.889
FFVHNOM,FF,VHNOM,3.6,27,Total power,mW,6.802
FFVHNOM,FF,VHNOM,3.6,27,Output CM error,mV,-1.814
FFVHNOM,FF,VHNOM,3.6,27,G2 target gain,V/V,2.000
FFVHNOM,FF,VHNOM,3.6,27,G2 input offset,mV,1.227e-07
FFVHNOM,FF,VHNOM,3.6,27,G2 gain @ 10 Hz,V/V,2.009
FFVHNOM,FF,VHNOM,3.6,27,G2 gain @ 150 Hz,V/V,2.009
FFVHNOM,FF,VHNOM,3.6,27,G2 gain error,%,0.441
FFVHNOM,FF,VHNOM,3.6,27,G2 -3 dB bandwidth,MHz,6.713
FFVHNOM,FF,VHNOM,3.6,27,G2 CMRR @ 60 Hz,dB,250.345
FFVHNOM,FF,VHNOM,3.6,27,G2 CMRR @ 150 Hz,dB,250.361
FFVHNOM,FF,VHNOM,3.6,27,G2 PSRR+ @ 60 Hz,dB,275.782
FFVHNOM,FF,VHNOM,3.6,27,G2 PSRR+ @ 150 Hz,dB,276.322
FFVHNOM,FF,VHNOM,3.6,27,G2 PSRR- @ 60 Hz,dB,242.819
FFVHNOM,FF,VHNOM,3.6,27,G2 PSRR- @ 150 Hz,dB,242.110
FFVHNOM,FF,VHNOM,3.6,27,G2 input-referred noise 0.05-150 Hz,uVrms,4.427
FFVHNOM,FF,VHNOM,3.6,27,G4 target gain,V/V,4.000
FFVHNOM,FF,VHNOM,3.6,27,G4 input offset,mV,-1.863e-08
FFVHNOM,FF,VHNOM,3.6,27,G4 gain @ 10 Hz,V/V,3.987
FFVHNOM,FF,VHNOM,3.6,27,G4 gain @ 150 Hz,V/V,3.987
FFVHNOM,FF,VHNOM,3.6,27,G4 gain error,%,-0.329
FFVHNOM,FF,VHNOM,3.6,27,G4 -3 dB bandwidth,MHz,3.964
FFVHNOM,FF,VHNOM,3.6,27,G4 CMRR @ 60 Hz,dB,222.025
FFVHNOM,FF,VHNOM,3.6,27,G4 CMRR @ 150 Hz,dB,220.587
FFVHNOM,FF,VHNOM,3.6,27,G4 PSRR+ @ 60 Hz,dB,253.254
FFVHNOM,FF,VHNOM,3.6,27,G4 PSRR+ @ 150 Hz,dB,253.157
FFVHNOM,FF,VHNOM,3.6,27,G4 PSRR- @ 60 Hz,dB,213.851
FFVHNOM,FF,VHNOM,3.6,27,G4 PSRR- @ 150 Hz,dB,212.455
FFVHNOM,FF,VHNOM,3.6,27,G4 input-referred noise 0.05-150 Hz,uVrms,3.697
FFVHNOM,FF,VHNOM,3.6,27,G8 target gain,V/V,8.000
FFVHNOM,FF,VHNOM,3.6,27,G8 input offset,mV,-1.744e-07
FFVHNOM,FF,VHNOM,3.6,27,G8 gain @ 10 Hz,V/V,7.950
FFVHNOM,FF,VHNOM,3.6,27,G8 gain @ 150 Hz,V/V,7.950
FFVHNOM,FF,VHNOM,3.6,27,G8 gain error,%,-0.624
FFVHNOM,FF,VHNOM,3.6,27,G8 -3 dB bandwidth,MHz,2.704
FFVHNOM,FF,VHNOM,3.6,27,G8 CMRR @ 60 Hz,dB,216.064
FFVHNOM,FF,VHNOM,3.6,27,G8 CMRR @ 150 Hz,dB,218.271
FFVHNOM,FF,VHNOM,3.6,27,G8 PSRR+ @ 60 Hz,dB,255.148
FFVHNOM,FF,VHNOM,3.6,27,G8 PSRR+ @ 150 Hz,dB,255.179
FFVHNOM,FF,VHNOM,3.6,27,G8 PSRR- @ 60 Hz,dB,212.639
FFVHNOM,FF,VHNOM,3.6,27,G8 PSRR- @ 150 Hz,dB,214.870
FFVHNOM,FF,VHNOM,3.6,27,G8 input-referred noise 0.05-150 Hz,uVrms,3.327
FFVHNOM,FF,VHNOM,3.6,27,G16 target gain,V/V,16.000
FFVHNOM,FF,VHNOM,3.6,27,G16 input offset,mV,2.395e-08
FFVHNOM,FF,VHNOM,3.6,27,G16 gain @ 10 Hz,V/V,15.855
FFVHNOM,FF,VHNOM,3.6,27,G16 gain @ 150 Hz,V/V,15.855
FFVHNOM,FF,VHNOM,3.6,27,G16 gain error,%,-0.906
FFVHNOM,FF,VHNOM,3.6,27,G16 -3 dB bandwidth,MHz,1.167
FFVHNOM,FF,VHNOM,3.6,27,G16 CMRR @ 60 Hz,dB,234.600
FFVHNOM,FF,VHNOM,3.6,27,G16 CMRR @ 150 Hz,dB,223.239
FFVHNOM,FF,VHNOM,3.6,27,G16 PSRR+ @ 60 Hz,dB,282.769
FFVHNOM,FF,VHNOM,3.6,27,G16 PSRR+ @ 150 Hz,dB,285.415
FFVHNOM,FF,VHNOM,3.6,27,G16 PSRR- @ 60 Hz,dB,222.141
FFVHNOM,FF,VHNOM,3.6,27,G16 PSRR- @ 150 Hz,dB,217.141
FFVHNOM,FF,VHNOM,3.6,27,G16 input-referred noise 0.05-150 Hz,uVrms,3.142
FFNOMTL,FF,NOMTL,3.3,-40,FDC bias current,uA,39.992
FFNOMTL,FF,NOMTL,3.3,-40,CMFB bias current,uA,39.992
FFNOMTL,FF,NOMTL,3.3,-40,Total current,mA,1.509
FFNOMTL,FF,NOMTL,3.3,-40,Total power,mW,4.979
FFNOMTL,FF,NOMTL,3.3,-40,Output CM error,mV,-9.074
FFNOMTL,FF,NOMTL,3.3,-40,G2 target gain,V/V,2.000
FFNOMTL,FF,NOMTL,3.3,-40,G2 input offset,mV,8.614e-08
FFNOMTL,FF,NOMTL,3.3,-40,G2 gain @ 10 Hz,V/V,2.005
FFNOMTL,FF,NOMTL,3.3,-40,G2 gain @ 150 Hz,V/V,2.005
FFNOMTL,FF,NOMTL,3.3,-40,G2 gain error,%,0.243
FFNOMTL,FF,NOMTL,3.3,-40,G2 -3 dB bandwidth,MHz,6.915
FFNOMTL,FF,NOMTL,3.3,-40,G2 CMRR @ 60 Hz,dB,251.754
FFNOMTL,FF,NOMTL,3.3,-40,G2 CMRR @ 150 Hz,dB,251.774
FFNOMTL,FF,NOMTL,3.3,-40,G2 PSRR+ @ 60 Hz,dB,238.413
FFNOMTL,FF,NOMTL,3.3,-40,G2 PSRR+ @ 150 Hz,dB,238.471
FFNOMTL,FF,NOMTL,3.3,-40,G2 PSRR- @ 60 Hz,dB,244.666
FFNOMTL,FF,NOMTL,3.3,-40,G2 PSRR- @ 150 Hz,dB,243.820
FFNOMTL,FF,NOMTL,3.3,-40,G2 input-referred noise 0.05-150 Hz,uVrms,4.232
FFNOMTL,FF,NOMTL,3.3,-40,G4 target gain,V/V,4.000
FFNOMTL,FF,NOMTL,3.3,-40,G4 input offset,mV,3.142e-08
FFNOMTL,FF,NOMTL,3.3,-40,G4 gain @ 10 Hz,V/V,3.984
FFNOMTL,FF,NOMTL,3.3,-40,G4 gain @ 150 Hz,V/V,3.984
FFNOMTL,FF,NOMTL,3.3,-40,G4 gain error,%,-0.389
FFNOMTL,FF,NOMTL,3.3,-40,G4 -3 dB bandwidth,MHz,4.112
FFNOMTL,FF,NOMTL,3.3,-40,G4 CMRR @ 60 Hz,dB,228.111
FFNOMTL,FF,NOMTL,3.3,-40,G4 CMRR @ 150 Hz,dB,224.970
FFNOMTL,FF,NOMTL,3.3,-40,G4 PSRR+ @ 60 Hz,dB,240.329
FFNOMTL,FF,NOMTL,3.3,-40,G4 PSRR+ @ 150 Hz,dB,240.363
FFNOMTL,FF,NOMTL,3.3,-40,G4 PSRR- @ 60 Hz,dB,218.904
FFNOMTL,FF,NOMTL,3.3,-40,G4 PSRR- @ 150 Hz,dB,216.138
FFNOMTL,FF,NOMTL,3.3,-40,G4 input-referred noise 0.05-150 Hz,uVrms,3.532
FFNOMTL,FF,NOMTL,3.3,-40,G8 target gain,V/V,8.000
FFNOMTL,FF,NOMTL,3.3,-40,G8 input offset,mV,-5.249e-07
FFNOMTL,FF,NOMTL,3.3,-40,G8 gain @ 10 Hz,V/V,7.945
FFNOMTL,FF,NOMTL,3.3,-40,G8 gain @ 150 Hz,V/V,7.945
FFNOMTL,FF,NOMTL,3.3,-40,G8 gain error,%,-0.691
FFNOMTL,FF,NOMTL,3.3,-40,G8 -3 dB bandwidth,MHz,2.895
FFNOMTL,FF,NOMTL,3.3,-40,G8 CMRR @ 60 Hz,dB,199.284
FFNOMTL,FF,NOMTL,3.3,-40,G8 CMRR @ 150 Hz,dB,198.951
FFNOMTL,FF,NOMTL,3.3,-40,G8 PSRR+ @ 60 Hz,dB,250.639
FFNOMTL,FF,NOMTL,3.3,-40,G8 PSRR+ @ 150 Hz,dB,250.597
FFNOMTL,FF,NOMTL,3.3,-40,G8 PSRR- @ 60 Hz,dB,195.758
FFNOMTL,FF,NOMTL,3.3,-40,G8 PSRR- @ 150 Hz,dB,195.426
FFNOMTL,FF,NOMTL,3.3,-40,G8 input-referred noise 0.05-150 Hz,uVrms,3.179
FFNOMTL,FF,NOMTL,3.3,-40,G16 target gain,V/V,16.000
FFNOMTL,FF,NOMTL,3.3,-40,G16 input offset,mV,-5.442e-07
FFNOMTL,FF,NOMTL,3.3,-40,G16 gain @ 10 Hz,V/V,15.851
FFNOMTL,FF,NOMTL,3.3,-40,G16 gain @ 150 Hz,V/V,15.851
FFNOMTL,FF,NOMTL,3.3,-40,G16 gain error,%,-0.928
FFNOMTL,FF,NOMTL,3.3,-40,G16 -3 dB bandwidth,MHz,1.230
FFNOMTL,FF,NOMTL,3.3,-40,G16 CMRR @ 60 Hz,dB,196.994
FFNOMTL,FF,NOMTL,3.3,-40,G16 CMRR @ 150 Hz,dB,196.631
FFNOMTL,FF,NOMTL,3.3,-40,G16 PSRR+ @ 60 Hz,dB,267.326
FFNOMTL,FF,NOMTL,3.3,-40,G16 PSRR+ @ 150 Hz,dB,267.416
FFNOMTL,FF,NOMTL,3.3,-40,G16 PSRR- @ 60 Hz,dB,193.559
FFNOMTL,FF,NOMTL,3.3,-40,G16 PSRR- @ 150 Hz,dB,193.261
FFNOMTL,FF,NOMTL,3.3,-40,G16 input-referred noise 0.05-150 Hz,uVrms,3.002
FFNOMTH,FF,NOMTH,3.3,125,FDC bias current,uA,49.141
FFNOMTH,FF,NOMTH,3.3,125,CMFB bias current,uA,49.141
FFNOMTH,FF,NOMTH,3.3,125,Total current,mA,2.163
FFNOMTH,FF,NOMTH,3.3,125,Total power,mW,7.139
FFNOMTH,FF,NOMTH,3.3,125,Output CM error,mV,8.583
FFNOMTH,FF,NOMTH,3.3,125,G2 target gain,V/V,2.000
FFNOMTH,FF,NOMTH,3.3,125,G2 input offset,mV,-4.450e-08
FFNOMTH,FF,NOMTH,3.3,125,G2 gain @ 10 Hz,V/V,2.023
FFNOMTH,FF,NOMTH,3.3,125,G2 gain @ 150 Hz,V/V,2.023
FFNOMTH,FF,NOMTH,3.3,125,G2 gain error,%,1.169
FFNOMTH,FF,NOMTH,3.3,125,G2 -3 dB bandwidth,MHz,5.758
FFNOMTH,FF,NOMTH,3.3,125,G2 CMRR @ 60 Hz,dB,257.474
FFNOMTH,FF,NOMTH,3.3,125,G2 CMRR @ 150 Hz,dB,257.776
FFNOMTH,FF,NOMTH,3.3,125,G2 PSRR+ @ 60 Hz,dB,229.690
FFNOMTH,FF,NOMTH,3.3,125,G2 PSRR+ @ 150 Hz,dB,229.690
FFNOMTH,FF,NOMTH,3.3,125,G2 PSRR- @ 60 Hz,dB,233.028
FFNOMTH,FF,NOMTH,3.3,125,G2 PSRR- @ 150 Hz,dB,234.491
FFNOMTH,FF,NOMTH,3.3,125,G2 input-referred noise 0.05-150 Hz,uVrms,4.782
FFNOMTH,FF,NOMTH,3.3,125,G4 target gain,V/V,4.000
FFNOMTH,FF,NOMTH,3.3,125,G4 input offset,mV,-4.222e-08
FFNOMTH,FF,NOMTH,3.3,125,G4 gain @ 10 Hz,V/V,3.995
FFNOMTH,FF,NOMTH,3.3,125,G4 gain @ 150 Hz,V/V,3.995
FFNOMTH,FF,NOMTH,3.3,125,G4 gain error,%,-0.136
FFNOMTH,FF,NOMTH,3.3,125,G4 -3 dB bandwidth,MHz,3.378
FFNOMTH,FF,NOMTH,3.3,125,G4 CMRR @ 60 Hz,dB,258.851
FFNOMTH,FF,NOMTH,3.3,125,G4 CMRR @ 150 Hz,dB,227.768
FFNOMTH,FF,NOMTH,3.3,125,G4 PSRR+ @ 60 Hz,dB,245.346
FFNOMTH,FF,NOMTH,3.3,125,G4 PSRR+ @ 150 Hz,dB,245.312
FFNOMTH,FF,NOMTH,3.3,125,G4 PSRR- @ 60 Hz,dB,246.242
FFNOMTH,FF,NOMTH,3.3,125,G4 PSRR- @ 150 Hz,dB,220.549
FFNOMTH,FF,NOMTH,3.3,125,G4 input-referred noise 0.05-150 Hz,uVrms,4.002
FFNOMTH,FF,NOMTH,3.3,125,G8 target gain,V/V,8.000
FFNOMTH,FF,NOMTH,3.3,125,G8 input offset,mV,9.833e-08
FFNOMTH,FF,NOMTH,3.3,125,G8 gain @ 10 Hz,V/V,7.966
FFNOMTH,FF,NOMTH,3.3,125,G8 gain @ 150 Hz,V/V,7.966
FFNOMTH,FF,NOMTH,3.3,125,G8 gain error,%,-0.428
FFNOMTH,FF,NOMTH,3.3,125,G8 -3 dB bandwidth,MHz,2.181
FFNOMTH,FF,NOMTH,3.3,125,G8 CMRR @ 60 Hz,dB,196.898
FFNOMTH,FF,NOMTH,3.3,125,G8 CMRR @ 150 Hz,dB,196.318
FFNOMTH,FF,NOMTH,3.3,125,G8 PSRR+ @ 60 Hz,dB,250.888
FFNOMTH,FF,NOMTH,3.3,125,G8 PSRR+ @ 150 Hz,dB,250.912
FFNOMTH,FF,NOMTH,3.3,125,G8 PSRR- @ 60 Hz,dB,193.353
FFNOMTH,FF,NOMTH,3.3,125,G8 PSRR- @ 150 Hz,dB,192.775
FFNOMTH,FF,NOMTH,3.3,125,G8 input-referred noise 0.05-150 Hz,uVrms,3.602
FFNOMTH,FF,NOMTH,3.3,125,G16 target gain,V/V,16.000
FFNOMTH,FF,NOMTH,3.3,125,G16 input offset,mV,-2.073e-08
FFNOMTH,FF,NOMTH,3.3,125,G16 gain @ 10 Hz,V/V,15.857
FFNOMTH,FF,NOMTH,3.3,125,G16 gain @ 150 Hz,V/V,15.857
FFNOMTH,FF,NOMTH,3.3,125,G16 gain error,%,-0.893
FFNOMTH,FF,NOMTH,3.3,125,G16 -3 dB bandwidth,MHz,0.978
FFNOMTH,FF,NOMTH,3.3,125,G16 CMRR @ 60 Hz,dB,211.992
FFNOMTH,FF,NOMTH,3.3,125,G16 CMRR @ 150 Hz,dB,219.223
FFNOMTH,FF,NOMTH,3.3,125,G16 PSRR+ @ 60 Hz,dB,292.571
FFNOMTH,FF,NOMTH,3.3,125,G16 PSRR+ @ 150 Hz,dB,286.873
FFNOMTH,FF,NOMTH,3.3,125,G16 PSRR- @ 60 Hz,dB,211.630
FFNOMTH,FF,NOMTH,3.3,125,G16 PSRR- @ 150 Hz,dB,220.978
FFNOMTH,FF,NOMTH,3.3,125,G16 input-referred noise 0.05-150 Hz,uVrms,3.402
FFVLTL,FF,VLTL,3,-40,FDC bias current,uA,39.433
FFVLTL,FF,VLTL,3,-40,CMFB bias current,uA,39.433
FFVLTL,FF,VLTL,3,-40,Total current,mA,1.474
FFVLTL,FF,VLTL,3,-40,Total power,mW,4.422
FFVLTL,FF,VLTL,3,-40,Output CM error,mV,-9.119
FFVLTL,FF,VLTL,3,-40,G2 target gain,V/V,2.000
FFVLTL,FF,VLTL,3,-40,G2 input offset,mV,-2.721e-08
FFVLTL,FF,VLTL,3,-40,G2 gain @ 10 Hz,V/V,2.009
FFVLTL,FF,VLTL,3,-40,G2 gain @ 150 Hz,V/V,2.009
FFVLTL,FF,VLTL,3,-40,G2 gain error,%,0.437
FFVLTL,FF,VLTL,3,-40,G2 -3 dB bandwidth,MHz,6.817
FFVLTL,FF,VLTL,3,-40,G2 CMRR @ 60 Hz,dB,260.090
FFVLTL,FF,VLTL,3,-40,G2 CMRR @ 150 Hz,dB,260.055
FFVLTL,FF,VLTL,3,-40,G2 PSRR+ @ 60 Hz,dB,227.488
FFVLTL,FF,VLTL,3,-40,G2 PSRR+ @ 150 Hz,dB,227.472
FFVLTL,FF,VLTL,3,-40,G2 PSRR- @ 60 Hz,dB,228.347
FFVLTL,FF,VLTL,3,-40,G2 PSRR- @ 150 Hz,dB,228.172
FFVLTL,FF,VLTL,3,-40,G2 input-referred noise 0.05-150 Hz,uVrms,4.216
FFVLTL,FF,VLTL,3,-40,G4 target gain,V/V,4.000
FFVLTL,FF,VLTL,3,-40,G4 input offset,mV,7.889e-08
FFVLTL,FF,VLTL,3,-40,G4 gain @ 10 Hz,V/V,3.986
FFVLTL,FF,VLTL,3,-40,G4 gain @ 150 Hz,V/V,3.986
FFVLTL,FF,VLTL,3,-40,G4 gain error,%,-0.342
FFVLTL,FF,VLTL,3,-40,G4 -3 dB bandwidth,MHz,4.056
FFVLTL,FF,VLTL,3,-40,G4 CMRR @ 60 Hz,dB,228.251
FFVLTL,FF,VLTL,3,-40,G4 CMRR @ 150 Hz,dB,224.985
FFVLTL,FF,VLTL,3,-40,G4 PSRR+ @ 60 Hz,dB,241.304
FFVLTL,FF,VLTL,3,-40,G4 PSRR+ @ 150 Hz,dB,241.375
FFVLTL,FF,VLTL,3,-40,G4 PSRR- @ 60 Hz,dB,218.911
FFVLTL,FF,VLTL,3,-40,G4 PSRR- @ 150 Hz,dB,216.072
FFVLTL,FF,VLTL,3,-40,G4 input-referred noise 0.05-150 Hz,uVrms,3.521
FFVLTL,FF,VLTL,3,-40,G8 target gain,V/V,8.000
FFVLTL,FF,VLTL,3,-40,G8 input offset,mV,-6.593e-07
FFVLTL,FF,VLTL,3,-40,G8 gain @ 10 Hz,V/V,7.949
FFVLTL,FF,VLTL,3,-40,G8 gain @ 150 Hz,V/V,7.949
FFVLTL,FF,VLTL,3,-40,G8 gain error,%,-0.644
FFVLTL,FF,VLTL,3,-40,G8 -3 dB bandwidth,MHz,2.846
FFVLTL,FF,VLTL,3,-40,G8 CMRR @ 60 Hz,dB,235.272
FFVLTL,FF,VLTL,3,-40,G8 CMRR @ 150 Hz,dB,224.329
FFVLTL,FF,VLTL,3,-40,G8 PSRR+ @ 60 Hz,dB,235.865
FFVLTL,FF,VLTL,3,-40,G8 PSRR+ @ 150 Hz,dB,235.884
FFVLTL,FF,VLTL,3,-40,G8 PSRR- @ 60 Hz,dB,236.720
FFVLTL,FF,VLTL,3,-40,G8 PSRR- @ 150 Hz,dB,221.964
FFVLTL,FF,VLTL,3,-40,G8 input-referred noise 0.05-150 Hz,uVrms,3.169
FFVLTL,FF,VLTL,3,-40,G16 target gain,V/V,16.000
FFVLTL,FF,VLTL,3,-40,G16 input offset,mV,-1.875e-07
FFVLTL,FF,VLTL,3,-40,G16 gain @ 10 Hz,V/V,15.851
FFVLTL,FF,VLTL,3,-40,G16 gain @ 150 Hz,V/V,15.851
FFVLTL,FF,VLTL,3,-40,G16 gain error,%,-0.932
FFVLTL,FF,VLTL,3,-40,G16 -3 dB bandwidth,MHz,1.212
FFVLTL,FF,VLTL,3,-40,G16 CMRR @ 60 Hz,dB,196.991
FFVLTL,FF,VLTL,3,-40,G16 CMRR @ 150 Hz,dB,196.617
FFVLTL,FF,VLTL,3,-40,G16 PSRR+ @ 60 Hz,dB,274.115
FFVLTL,FF,VLTL,3,-40,G16 PSRR+ @ 150 Hz,dB,274.762
FFVLTL,FF,VLTL,3,-40,G16 PSRR- @ 60 Hz,dB,193.559
FFVLTL,FF,VLTL,3,-40,G16 PSRR- @ 150 Hz,dB,193.252
FFVLTL,FF,VLTL,3,-40,G16 input-referred noise 0.05-150 Hz,uVrms,2.992
FFVLTH,FF,VLTH,3,125,FDC bias current,uA,48.552
FFVLTH,FF,VLTH,3,125,CMFB bias current,uA,48.552
FFVLTH,FF,VLTH,3,125,Total current,mA,2.125
FFVLTH,FF,VLTH,3,125,Total power,mW,6.374
FFVLTH,FF,VLTH,3,125,Output CM error,mV,8.543
FFVLTH,FF,VLTH,3,125,G2 target gain,V/V,2.000
FFVLTH,FF,VLTH,3,125,G2 input offset,mV,1.581e-08
FFVLTH,FF,VLTH,3,125,G2 gain @ 10 Hz,V/V,2.030
FFVLTH,FF,VLTH,3,125,G2 gain @ 150 Hz,V/V,2.030
FFVLTH,FF,VLTH,3,125,G2 gain error,%,1.479
FFVLTH,FF,VLTH,3,125,G2 -3 dB bandwidth,MHz,5.664
FFVLTH,FF,VLTH,3,125,G2 CMRR @ 60 Hz,dB,259.889
FFVLTH,FF,VLTH,3,125,G2 CMRR @ 150 Hz,dB,259.418
FFVLTH,FF,VLTH,3,125,G2 PSRR+ @ 60 Hz,dB,225.468
FFVLTH,FF,VLTH,3,125,G2 PSRR+ @ 150 Hz,dB,225.473
FFVLTH,FF,VLTH,3,125,G2 PSRR- @ 60 Hz,dB,225.998
FFVLTH,FF,VLTH,3,125,G2 PSRR- @ 150 Hz,dB,226.725
FFVLTH,FF,VLTH,3,125,G2 input-referred noise 0.05-150 Hz,uVrms,4.774
FFVLTH,FF,VLTH,3,125,G4 target gain,V/V,4.000
FFVLTH,FF,VLTH,3,125,G4 input offset,mV,3.473e-08
FFVLTH,FF,VLTH,3,125,G4 gain @ 10 Hz,V/V,3.998
FFVLTH,FF,VLTH,3,125,G4 gain @ 150 Hz,V/V,3.998
FFVLTH,FF,VLTH,3,125,G4 gain error,%,-0.059
FFVLTH,FF,VLTH,3,125,G4 -3 dB bandwidth,MHz,3.327
FFVLTH,FF,VLTH,3,125,G4 CMRR @ 60 Hz,dB,253.086
FFVLTH,FF,VLTH,3,125,G4 CMRR @ 150 Hz,dB,227.589
FFVLTH,FF,VLTH,3,125,G4 PSRR+ @ 60 Hz,dB,244.262
FFVLTH,FF,VLTH,3,125,G4 PSRR+ @ 150 Hz,dB,244.321
FFVLTH,FF,VLTH,3,125,G4 PSRR- @ 60 Hz,dB,243.424
FFVLTH,FF,VLTH,3,125,G4 PSRR- @ 150 Hz,dB,219.591
FFVLTH,FF,VLTH,3,125,G4 input-referred noise 0.05-150 Hz,uVrms,3.998
FFVLTH,FF,VLTH,3,125,G8 target gain,V/V,8.000
FFVLTH,FF,VLTH,3,125,G8 input offset,mV,1.765e-07
FFVLTH,FF,VLTH,3,125,G8 gain @ 10 Hz,V/V,7.972
FFVLTH,FF,VLTH,3,125,G8 gain @ 150 Hz,V/V,7.972
FFVLTH,FF,VLTH,3,125,G8 gain error,%,-0.354
FFVLTH,FF,VLTH,3,125,G8 -3 dB bandwidth,MHz,2.143
FFVLTH,FF,VLTH,3,125,G8 CMRR @ 60 Hz,dB,205.398
FFVLTH,FF,VLTH,3,125,G8 CMRR @ 150 Hz,dB,207.147
FFVLTH,FF,VLTH,3,125,G8 PSRR+ @ 60 Hz,dB,248.897
FFVLTH,FF,VLTH,3,125,G8 PSRR+ @ 150 Hz,dB,248.831
FFVLTH,FF,VLTH,3,125,G8 PSRR- @ 60 Hz,dB,201.840
FFVLTH,FF,VLTH,3,125,G8 PSRR- @ 150 Hz,dB,203.579
FFVLTH,FF,VLTH,3,125,G8 input-referred noise 0.05-150 Hz,uVrms,3.600
FFVLTH,FF,VLTH,3,125,G16 target gain,V/V,16.000
FFVLTH,FF,VLTH,3,125,G16 input offset,mV,-5.034e-08
FFVLTH,FF,VLTH,3,125,G16 gain @ 10 Hz,V/V,15.856
FFVLTH,FF,VLTH,3,125,G16 gain @ 150 Hz,V/V,15.856
FFVLTH,FF,VLTH,3,125,G16 gain error,%,-0.898
FFVLTH,FF,VLTH,3,125,G16 -3 dB bandwidth,MHz,0.964
FFVLTH,FF,VLTH,3,125,G16 CMRR @ 60 Hz,dB,211.791
FFVLTH,FF,VLTH,3,125,G16 CMRR @ 150 Hz,dB,218.689
FFVLTH,FF,VLTH,3,125,G16 PSRR+ @ 60 Hz,dB,248.314
FFVLTH,FF,VLTH,3,125,G16 PSRR+ @ 150 Hz,dB,248.353
FFVLTH,FF,VLTH,3,125,G16 PSRR- @ 60 Hz,dB,211.934
FFVLTH,FF,VLTH,3,125,G16 PSRR- @ 150 Hz,dB,221.764
FFVLTH,FF,VLTH,3,125,G16 input-referred noise 0.05-150 Hz,uVrms,3.400
FFVHTL,FF,VHTL,3.6,-40,FDC bias current,uA,40.436
FFVHTL,FF,VHTL,3.6,-40,CMFB bias current,uA,40.436
FFVHTL,FF,VHTL,3.6,-40,Total current,mA,1.539
FFVHTL,FF,VHTL,3.6,-40,Total power,mW,5.540
FFVHTL,FF,VHTL,3.6,-40,Output CM error,mV,-9.035
FFVHTL,FF,VHTL,3.6,-40,G2 target gain,V/V,2.000
FFVHTL,FF,VHTL,3.6,-40,G2 input offset,mV,-6.176e-07
FFVHTL,FF,VHTL,3.6,-40,G2 gain @ 10 Hz,V/V,2.002
FFVHTL,FF,VHTL,3.6,-40,G2 gain @ 150 Hz,V/V,2.002
FFVHTL,FF,VHTL,3.6,-40,G2 gain error,%,0.121
FFVHTL,FF,VHTL,3.6,-40,G2 -3 dB bandwidth,MHz,6.988
FFVHTL,FF,VHTL,3.6,-40,G2 CMRR @ 60 Hz,dB,240.851
FFVHTL,FF,VHTL,3.6,-40,G2 CMRR @ 150 Hz,dB,240.848
FFVHTL,FF,VHTL,3.6,-40,G2 PSRR+ @ 60 Hz,dB,230.069
FFVHTL,FF,VHTL,3.6,-40,G2 PSRR+ @ 150 Hz,dB,230.070
FFVHTL,FF,VHTL,3.6,-40,G2 PSRR- @ 60 Hz,dB,231.957
FFVHTL,FF,VHTL,3.6,-40,G2 PSRR- @ 150 Hz,dB,232.125
FFVHTL,FF,VHTL,3.6,-40,G2 input-referred noise 0.05-150 Hz,uVrms,4.246
FFVHTL,FF,VHTL,3.6,-40,G4 target gain,V/V,4.000
FFVHTL,FF,VHTL,3.6,-40,G4 input offset,mV,-1.466e-07
FFVHTL,FF,VHTL,3.6,-40,G4 gain @ 10 Hz,V/V,3.983
FFVHTL,FF,VHTL,3.6,-40,G4 gain @ 150 Hz,V/V,3.983
FFVHTL,FF,VHTL,3.6,-40,G4 gain error,%,-0.419
FFVHTL,FF,VHTL,3.6,-40,G4 -3 dB bandwidth,MHz,4.155
FFVHTL,FF,VHTL,3.6,-40,G4 CMRR @ 60 Hz,dB,231.532
FFVHTL,FF,VHTL,3.6,-40,G4 CMRR @ 150 Hz,dB,240.108
FFVHTL,FF,VHTL,3.6,-40,G4 PSRR+ @ 60 Hz,dB,250.952
FFVHTL,FF,VHTL,3.6,-40,G4 PSRR+ @ 150 Hz,dB,251.046
FFVHTL,FF,VHTL,3.6,-40,G4 PSRR- @ 60 Hz,dB,224.800
FFVHTL,FF,VHTL,3.6,-40,G4 PSRR- @ 150 Hz,dB,235.816
FFVHTL,FF,VHTL,3.6,-40,G4 input-referred noise 0.05-150 Hz,uVrms,3.542
FFVHTL,FF,VHTL,3.6,-40,G8 target gain,V/V,8.000
FFVHTL,FF,VHTL,3.6,-40,G8 input offset,mV,5.086e-08
FFVHTL,FF,VHTL,3.6,-40,G8 gain @ 10 Hz,V/V,7.942
FFVHTL,FF,VHTL,3.6,-40,G8 gain @ 150 Hz,V/V,7.942
FFVHTL,FF,VHTL,3.6,-40,G8 gain error,%,-0.721
FFVHTL,FF,VHTL,3.6,-40,G8 -3 dB bandwidth,MHz,2.933
FFVHTL,FF,VHTL,3.6,-40,G8 CMRR @ 60 Hz,dB,238.768
FFVHTL,FF,VHTL,3.6,-40,G8 CMRR @ 150 Hz,dB,225.564
FFVHTL,FF,VHTL,3.6,-40,G8 PSRR+ @ 60 Hz,dB,245.582
FFVHTL,FF,VHTL,3.6,-40,G8 PSRR+ @ 150 Hz,dB,245.596
FFVHTL,FF,VHTL,3.6,-40,G8 PSRR- @ 60 Hz,dB,234.197
FFVHTL,FF,VHTL,3.6,-40,G8 PSRR- @ 150 Hz,dB,221.808
FFVHTL,FF,VHTL,3.6,-40,G8 input-referred noise 0.05-150 Hz,uVrms,3.188
FFVHTL,FF,VHTL,3.6,-40,G16 target gain,V/V,16.000
FFVHTL,FF,VHTL,3.6,-40,G16 input offset,mV,-2.882e-07
FFVHTL,FF,VHTL,3.6,-40,G16 gain @ 10 Hz,V/V,15.852
FFVHTL,FF,VHTL,3.6,-40,G16 gain @ 150 Hz,V/V,15.852
FFVHTL,FF,VHTL,3.6,-40,G16 gain error,%,-0.925
FFVHTL,FF,VHTL,3.6,-40,G16 -3 dB bandwidth,MHz,1.245
FFVHTL,FF,VHTL,3.6,-40,G16 CMRR @ 60 Hz,dB,246.446
FFVHTL,FF,VHTL,3.6,-40,G16 CMRR @ 150 Hz,dB,225.358
FFVHTL,FF,VHTL,3.6,-40,G16 PSRR+ @ 60 Hz,dB,279.548
FFVHTL,FF,VHTL,3.6,-40,G16 PSRR+ @ 150 Hz,dB,278.997
FFVHTL,FF,VHTL,3.6,-40,G16 PSRR- @ 60 Hz,dB,217.318
FFVHTL,FF,VHTL,3.6,-40,G16 PSRR- @ 150 Hz,dB,213.669
FFVHTL,FF,VHTL,3.6,-40,G16 input-referred noise 0.05-150 Hz,uVrms,3.010
FFVHTH,FF,VHTH,3.6,125,FDC bias current,uA,49.581
FFVHTH,FF,VHTH,3.6,125,CMFB bias current,uA,49.581
FFVHTH,FF,VHTH,3.6,125,Total current,mA,2.195
FFVHTH,FF,VHTH,3.6,125,Total power,mW,7.901
FFVHTH,FF,VHTH,3.6,125,Output CM error,mV,8.607
FFVHTH,FF,VHTH,3.6,125,G2 target gain,V/V,2.000
FFVHTH,FF,VHTH,3.6,125,G2 input offset,mV,-1.709e-08
FFVHTH,FF,VHTH,3.6,125,G2 gain @ 10 Hz,V/V,2.019
FFVHTH,FF,VHTH,3.6,125,G2 gain @ 150 Hz,V/V,2.019
FFVHTH,FF,VHTH,3.6,125,G2 gain error,%,0.951
FFVHTH,FF,VHTH,3.6,125,G2 -3 dB bandwidth,MHz,5.829
FFVHTH,FF,VHTH,3.6,125,G2 CMRR @ 60 Hz,dB,267.751
FFVHTH,FF,VHTH,3.6,125,G2 CMRR @ 150 Hz,dB,268.563
FFVHTH,FF,VHTH,3.6,125,G2 PSRR+ @ 60 Hz,dB,234.012
FFVHTH,FF,VHTH,3.6,125,G2 PSRR+ @ 150 Hz,dB,234.029
FFVHTH,FF,VHTH,3.6,125,G2 PSRR- @ 60 Hz,dB,227.288
FFVHTH,FF,VHTH,3.6,125,G2 PSRR- @ 150 Hz,dB,227.925
FFVHTH,FF,VHTH,3.6,125,G2 input-referred noise 0.05-150 Hz,uVrms,4.789
FFVHTH,FF,VHTH,3.6,125,G4 target gain,V/V,4.000
FFVHTH,FF,VHTH,3.6,125,G4 input offset,mV,4.739e-09
FFVHTH,FF,VHTH,3.6,125,G4 gain @ 10 Hz,V/V,3.992
FFVHTH,FF,VHTH,3.6,125,G4 gain @ 150 Hz,V/V,3.992
FFVHTH,FF,VHTH,3.6,125,G4 gain error,%,-0.190
FFVHTH,FF,VHTH,3.6,125,G4 -3 dB bandwidth,MHz,3.417
FFVHTH,FF,VHTH,3.6,125,G4 CMRR @ 60 Hz,dB,255.387
FFVHTH,FF,VHTH,3.6,125,G4 CMRR @ 150 Hz,dB,227.604
FFVHTH,FF,VHTH,3.6,125,G4 PSRR+ @ 60 Hz,dB,244.866
FFVHTH,FF,VHTH,3.6,125,G4 PSRR+ @ 150 Hz,dB,244.880
FFVHTH,FF,VHTH,3.6,125,G4 PSRR- @ 60 Hz,dB,242.423
FFVHTH,FF,VHTH,3.6,125,G4 PSRR- @ 150 Hz,dB,219.416
FFVHTH,FF,VHTH,3.6,125,G4 input-referred noise 0.05-150 Hz,uVrms,4.005
FFVHTH,FF,VHTH,3.6,125,G8 target gain,V/V,8.000
FFVHTH,FF,VHTH,3.6,125,G8 input offset,mV,1.073e-07
FFVHTH,FF,VHTH,3.6,125,G8 gain @ 10 Hz,V/V,7.962
FFVHTH,FF,VHTH,3.6,125,G8 gain @ 150 Hz,V/V,7.962
FFVHTH,FF,VHTH,3.6,125,G8 gain error,%,-0.480
FFVHTH,FF,VHTH,3.6,125,G8 -3 dB bandwidth,MHz,2.209
FFVHTH,FF,VHTH,3.6,125,G8 CMRR @ 60 Hz,dB,202.390
FFVHTH,FF,VHTH,3.6,125,G8 CMRR @ 150 Hz,dB,203.605
FFVHTH,FF,VHTH,3.6,125,G8 PSRR+ @ 60 Hz,dB,257.748
FFVHTH,FF,VHTH,3.6,125,G8 PSRR+ @ 150 Hz,dB,257.668
FFVHTH,FF,VHTH,3.6,125,G8 PSRR- @ 60 Hz,dB,198.845
FFVHTH,FF,VHTH,3.6,125,G8 PSRR- @ 150 Hz,dB,200.056
FFVHTH,FF,VHTH,3.6,125,G8 input-referred noise 0.05-150 Hz,uVrms,3.605
FFVHTH,FF,VHTH,3.6,125,G16 target gain,V/V,16.000
FFVHTH,FF,VHTH,3.6,125,G16 input offset,mV,-8.424e-08
FFVHTH,FF,VHTH,3.6,125,G16 gain @ 10 Hz,V/V,15.858
FFVHTH,FF,VHTH,3.6,125,G16 gain @ 150 Hz,V/V,15.858
FFVHTH,FF,VHTH,3.6,125,G16 gain error,%,-0.888
FFVHTH,FF,VHTH,3.6,125,G16 -3 dB bandwidth,MHz,0.990
FFVHTH,FF,VHTH,3.6,125,G16 CMRR @ 60 Hz,dB,218.717
FFVHTH,FF,VHTH,3.6,125,G16 CMRR @ 150 Hz,dB,231.331
FFVHTH,FF,VHTH,3.6,125,G16 PSRR+ @ 60 Hz,dB,276.916
FFVHTH,FF,VHTH,3.6,125,G16 PSRR+ @ 150 Hz,dB,275.851
FFVHTH,FF,VHTH,3.6,125,G16 PSRR- @ 60 Hz,dB,223.093
FFVHTH,FF,VHTH,3.6,125,G16 PSRR- @ 150 Hz,dB,219.666
FFVHTH,FF,VHTH,3.6,125,G16 input-referred noise 0.05-150 Hz,uVrms,3.405
SSNOMNOM,SS,NOMNOM,3.3,27,FDC bias current,uA,35.875
SSNOMNOM,SS,NOMNOM,3.3,27,CMFB bias current,uA,35.875
SSNOMNOM,SS,NOMNOM,3.3,27,Total current,mA,1.400
SSNOMNOM,SS,NOMNOM,3.3,27,Total power,mW,4.621
SSNOMNOM,SS,NOMNOM,3.3,27,Output CM error,mV,2.750
SSNOMNOM,SS,NOMNOM,3.3,27,G2 target gain,V/V,2.000
SSNOMNOM,SS,NOMNOM,3.3,27,G2 input offset,mV,4.844e-08
SSNOMNOM,SS,NOMNOM,3.3,27,G2 gain @ 10 Hz,V/V,2.022
SSNOMNOM,SS,NOMNOM,3.3,27,G2 gain @ 150 Hz,V/V,2.022
SSNOMNOM,SS,NOMNOM,3.3,27,G2 gain error,%,1.115
SSNOMNOM,SS,NOMNOM,3.3,27,G2 -3 dB bandwidth,MHz,3.941
SSNOMNOM,SS,NOMNOM,3.3,27,G2 CMRR @ 60 Hz,dB,245.010
SSNOMNOM,SS,NOMNOM,3.3,27,G2 CMRR @ 150 Hz,dB,245.074
SSNOMNOM,SS,NOMNOM,3.3,27,G2 PSRR+ @ 60 Hz,dB,230.213
SSNOMNOM,SS,NOMNOM,3.3,27,G2 PSRR+ @ 150 Hz,dB,230.226
SSNOMNOM,SS,NOMNOM,3.3,27,G2 PSRR- @ 60 Hz,dB,227.492
SSNOMNOM,SS,NOMNOM,3.3,27,G2 PSRR- @ 150 Hz,dB,226.906
SSNOMNOM,SS,NOMNOM,3.3,27,G2 input-referred noise 0.05-150 Hz,uVrms,4.815
SSNOMNOM,SS,NOMNOM,3.3,27,G4 target gain,V/V,4.000
SSNOMNOM,SS,NOMNOM,3.3,27,G4 input offset,mV,-4.575e-07
SSNOMNOM,SS,NOMNOM,3.3,27,G4 gain @ 10 Hz,V/V,3.995
SSNOMNOM,SS,NOMNOM,3.3,27,G4 gain @ 150 Hz,V/V,3.995
SSNOMNOM,SS,NOMNOM,3.3,27,G4 gain error,%,-0.134
SSNOMNOM,SS,NOMNOM,3.3,27,G4 -3 dB bandwidth,MHz,2.385
SSNOMNOM,SS,NOMNOM,3.3,27,G4 CMRR @ 60 Hz,dB,225.787
SSNOMNOM,SS,NOMNOM,3.3,27,G4 CMRR @ 150 Hz,dB,234.813
SSNOMNOM,SS,NOMNOM,3.3,27,G4 PSRR+ @ 60 Hz,dB,234.280
SSNOMNOM,SS,NOMNOM,3.3,27,G4 PSRR+ @ 150 Hz,dB,234.296
SSNOMNOM,SS,NOMNOM,3.3,27,G4 PSRR- @ 60 Hz,dB,214.805
SSNOMNOM,SS,NOMNOM,3.3,27,G4 PSRR- @ 150 Hz,dB,220.065
SSNOMNOM,SS,NOMNOM,3.3,27,G4 input-referred noise 0.05-150 Hz,uVrms,4.028
SSNOMNOM,SS,NOMNOM,3.3,27,G8 target gain,V/V,8.000
SSNOMNOM,SS,NOMNOM,3.3,27,G8 input offset,mV,1.373e-07
SSNOMNOM,SS,NOMNOM,3.3,27,G8 gain @ 10 Hz,V/V,7.967
SSNOMNOM,SS,NOMNOM,3.3,27,G8 gain @ 150 Hz,V/V,7.967
SSNOMNOM,SS,NOMNOM,3.3,27,G8 gain error,%,-0.416
SSNOMNOM,SS,NOMNOM,3.3,27,G8 -3 dB bandwidth,MHz,1.629
SSNOMNOM,SS,NOMNOM,3.3,27,G8 CMRR @ 60 Hz,dB,193.428
SSNOMNOM,SS,NOMNOM,3.3,27,G8 CMRR @ 150 Hz,dB,193.767
SSNOMNOM,SS,NOMNOM,3.3,27,G8 PSRR+ @ 60 Hz,dB,238.711
SSNOMNOM,SS,NOMNOM,3.3,27,G8 PSRR+ @ 150 Hz,dB,238.691
SSNOMNOM,SS,NOMNOM,3.3,27,G8 PSRR- @ 60 Hz,dB,189.887
SSNOMNOM,SS,NOMNOM,3.3,27,G8 PSRR- @ 150 Hz,dB,190.226
SSNOMNOM,SS,NOMNOM,3.3,27,G8 input-referred noise 0.05-150 Hz,uVrms,3.626
SSNOMNOM,SS,NOMNOM,3.3,27,G16 target gain,V/V,16.000
SSNOMNOM,SS,NOMNOM,3.3,27,G16 input offset,mV,-6.553e-08
SSNOMNOM,SS,NOMNOM,3.3,27,G16 gain @ 10 Hz,V/V,15.863
SSNOMNOM,SS,NOMNOM,3.3,27,G16 gain @ 150 Hz,V/V,15.863
SSNOMNOM,SS,NOMNOM,3.3,27,G16 gain error,%,-0.857
SSNOMNOM,SS,NOMNOM,3.3,27,G16 -3 dB bandwidth,MHz,0.725
SSNOMNOM,SS,NOMNOM,3.3,27,G16 CMRR @ 60 Hz,dB,215.186
SSNOMNOM,SS,NOMNOM,3.3,27,G16 CMRR @ 150 Hz,dB,224.785
SSNOMNOM,SS,NOMNOM,3.3,27,G16 PSRR+ @ 60 Hz,dB,278.364
SSNOMNOM,SS,NOMNOM,3.3,27,G16 PSRR+ @ 150 Hz,dB,278.579
SSNOMNOM,SS,NOMNOM,3.3,27,G16 PSRR- @ 60 Hz,dB,229.112
SSNOMNOM,SS,NOMNOM,3.3,27,G16 PSRR- @ 150 Hz,dB,219.476
SSNOMNOM,SS,NOMNOM,3.3,27,G16 input-referred noise 0.05-150 Hz,uVrms,3.425
SSVLNOM,SS,VLNOM,3,27,FDC bias current,uA,35.169
SSVLNOM,SS,VLNOM,3,27,CMFB bias current,uA,35.169
SSVLNOM,SS,VLNOM,3,27,Total current,mA,1.362
SSVLNOM,SS,VLNOM,3,27,Total power,mW,4.085
SSVLNOM,SS,VLNOM,3,27,Output CM error,mV,2.727
SSVLNOM,SS,VLNOM,3,27,G2 target gain,V/V,2.000
SSVLNOM,SS,VLNOM,3,27,G2 input offset,mV,-9.784e-09
SSVLNOM,SS,VLNOM,3,27,G2 gain @ 10 Hz,V/V,2.039
SSVLNOM,SS,VLNOM,3,27,G2 gain @ 150 Hz,V/V,2.039
SSVLNOM,SS,VLNOM,3,27,G2 gain error,%,1.945
SSVLNOM,SS,VLNOM,3,27,G2 -3 dB bandwidth,MHz,3.836
SSVLNOM,SS,VLNOM,3,27,G2 CMRR @ 60 Hz,dB,248.795
SSVLNOM,SS,VLNOM,3,27,G2 CMRR @ 150 Hz,dB,248.624
SSVLNOM,SS,VLNOM,3,27,G2 PSRR+ @ 60 Hz,dB,220.054
SSVLNOM,SS,VLNOM,3,27,G2 PSRR+ @ 150 Hz,dB,220.054
SSVLNOM,SS,VLNOM,3,27,G2 PSRR- @ 60 Hz,dB,216.843
SSVLNOM,SS,VLNOM,3,27,G2 PSRR- @ 150 Hz,dB,216.584
SSVLNOM,SS,VLNOM,3,27,G2 input-referred noise 0.05-150 Hz,uVrms,4.793
SSVLNOM,SS,VLNOM,3,27,G4 target gain,V/V,4.000
SSVLNOM,SS,VLNOM,3,27,G4 input offset,mV,4.416e-08
SSVLNOM,SS,VLNOM,3,27,G4 gain @ 10 Hz,V/V,4.003
SSVLNOM,SS,VLNOM,3,27,G4 gain @ 150 Hz,V/V,4.003
SSVLNOM,SS,VLNOM,3,27,G4 gain error,%,0.075
SSVLNOM,SS,VLNOM,3,27,G4 -3 dB bandwidth,MHz,2.330
SSVLNOM,SS,VLNOM,3,27,G4 CMRR @ 60 Hz,dB,223.596
SSVLNOM,SS,VLNOM,3,27,G4 CMRR @ 150 Hz,dB,229.972
SSVLNOM,SS,VLNOM,3,27,G4 PSRR+ @ 60 Hz,dB,228.744
SSVLNOM,SS,VLNOM,3,27,G4 PSRR+ @ 150 Hz,dB,228.739
SSVLNOM,SS,VLNOM,3,27,G4 PSRR- @ 60 Hz,dB,213.978
SSVLNOM,SS,VLNOM,3,27,G4 PSRR- @ 150 Hz,dB,218.805
SSVLNOM,SS,VLNOM,3,27,G4 input-referred noise 0.05-150 Hz,uVrms,4.019
SSVLNOM,SS,VLNOM,3,27,G8 target gain,V/V,8.000
SSVLNOM,SS,VLNOM,3,27,G8 input offset,mV,4.258e-07
SSVLNOM,SS,VLNOM,3,27,G8 gain @ 10 Hz,V/V,7.983
SSVLNOM,SS,VLNOM,3,27,G8 gain @ 150 Hz,V/V,7.983
SSVLNOM,SS,VLNOM,3,27,G8 gain error,%,-0.213
SSVLNOM,SS,VLNOM,3,27,G8 -3 dB bandwidth,MHz,1.577
SSVLNOM,SS,VLNOM,3,27,G8 CMRR @ 60 Hz,dB,204.271
SSVLNOM,SS,VLNOM,3,27,G8 CMRR @ 150 Hz,dB,203.153
SSVLNOM,SS,VLNOM,3,27,G8 PSRR+ @ 60 Hz,dB,225.028
SSVLNOM,SS,VLNOM,3,27,G8 PSRR+ @ 150 Hz,dB,225.036
SSVLNOM,SS,VLNOM,3,27,G8 PSRR- @ 60 Hz,dB,200.489
SSVLNOM,SS,VLNOM,3,27,G8 PSRR- @ 150 Hz,dB,199.403
SSVLNOM,SS,VLNOM,3,27,G8 input-referred noise 0.05-150 Hz,uVrms,3.618
SSVLNOM,SS,VLNOM,3,27,G16 target gain,V/V,16.000
SSVLNOM,SS,VLNOM,3,27,G16 input offset,mV,8.882e-08
SSVLNOM,SS,VLNOM,3,27,G16 gain @ 10 Hz,V/V,15.862
SSVLNOM,SS,VLNOM,3,27,G16 gain @ 150 Hz,V/V,15.862
SSVLNOM,SS,VLNOM,3,27,G16 gain error,%,-0.862
SSVLNOM,SS,VLNOM,3,27,G16 -3 dB bandwidth,MHz,0.708
SSVLNOM,SS,VLNOM,3,27,G16 CMRR @ 60 Hz,dB,207.835
SSVLNOM,SS,VLNOM,3,27,G16 CMRR @ 150 Hz,dB,210.880
SSVLNOM,SS,VLNOM,3,27,G16 PSRR+ @ 60 Hz,dB,286.141
SSVLNOM,SS,VLNOM,3,27,G16 PSRR+ @ 150 Hz,dB,281.113
SSVLNOM,SS,VLNOM,3,27,G16 PSRR- @ 60 Hz,dB,208.804
SSVLNOM,SS,VLNOM,3,27,G16 PSRR- @ 150 Hz,dB,213.256
SSVLNOM,SS,VLNOM,3,27,G16 input-referred noise 0.05-150 Hz,uVrms,3.418
SSVHNOM,SS,VHNOM,3.6,27,FDC bias current,uA,36.300
SSVHNOM,SS,VHNOM,3.6,27,CMFB bias current,uA,36.300
SSVHNOM,SS,VHNOM,3.6,27,Total current,mA,1.427
SSVHNOM,SS,VHNOM,3.6,27,Total power,mW,5.137
SSVHNOM,SS,VHNOM,3.6,27,Output CM error,mV,2.764
SSVHNOM,SS,VHNOM,3.6,27,G2 target gain,V/V,2.000
SSVHNOM,SS,VHNOM,3.6,27,G2 input offset,mV,-1.378e-07
SSVHNOM,SS,VHNOM,3.6,27,G2 gain @ 10 Hz,V/V,2.014
SSVHNOM,SS,VHNOM,3.6,27,G2 gain @ 150 Hz,V/V,2.014
SSVHNOM,SS,VHNOM,3.6,27,G2 gain error,%,0.706
SSVHNOM,SS,VHNOM,3.6,27,G2 -3 dB bandwidth,MHz,4.000
SSVHNOM,SS,VHNOM,3.6,27,G2 CMRR @ 60 Hz,dB,242.627
SSVHNOM,SS,VHNOM,3.6,27,G2 CMRR @ 150 Hz,dB,242.607
SSVHNOM,SS,VHNOM,3.6,27,G2 PSRR+ @ 60 Hz,dB,229.762
SSVHNOM,SS,VHNOM,3.6,27,G2 PSRR+ @ 150 Hz,dB,229.782
SSVHNOM,SS,VHNOM,3.6,27,G2 PSRR- @ 60 Hz,dB,224.036
SSVHNOM,SS,VHNOM,3.6,27,G2 PSRR- @ 150 Hz,dB,223.736
SSVHNOM,SS,VHNOM,3.6,27,G2 input-referred noise 0.05-150 Hz,uVrms,4.830
SSVHNOM,SS,VHNOM,3.6,27,G4 target gain,V/V,4.000
SSVHNOM,SS,VHNOM,3.6,27,G4 input offset,mV,4.548e-08
SSVHNOM,SS,VHNOM,3.6,27,G4 gain @ 10 Hz,V/V,3.991
SSVHNOM,SS,VHNOM,3.6,27,G4 gain @ 150 Hz,V/V,3.991
SSVHNOM,SS,VHNOM,3.6,27,G4 gain error,%,-0.236
SSVHNOM,SS,VHNOM,3.6,27,G4 -3 dB bandwidth,MHz,2.418
SSVHNOM,SS,VHNOM,3.6,27,G4 CMRR @ 60 Hz,dB,223.356
SSVHNOM,SS,VHNOM,3.6,27,G4 CMRR @ 150 Hz,dB,228.926
SSVHNOM,SS,VHNOM,3.6,27,G4 PSRR+ @ 60 Hz,dB,236.505
SSVHNOM,SS,VHNOM,3.6,27,G4 PSRR+ @ 150 Hz,dB,236.521
SSVHNOM,SS,VHNOM,3.6,27,G4 PSRR- @ 60 Hz,dB,215.040
SSVHNOM,SS,VHNOM,3.6,27,G4 PSRR- @ 150 Hz,dB,220.280
SSVHNOM,SS,VHNOM,3.6,27,G4 input-referred noise 0.05-150 Hz,uVrms,4.037
SSVHNOM,SS,VHNOM,3.6,27,G8 target gain,V/V,8.000
SSVHNOM,SS,VHNOM,3.6,27,G8 input offset,mV,-9.306e-07
SSVHNOM,SS,VHNOM,3.6,27,G8 gain @ 10 Hz,V/V,7.959
SSVHNOM,SS,VHNOM,3.6,27,G8 gain @ 150 Hz,V/V,7.959
SSVHNOM,SS,VHNOM,3.6,27,G8 gain error,%,-0.515
SSVHNOM,SS,VHNOM,3.6,27,G8 -3 dB bandwidth,MHz,1.658
SSVHNOM,SS,VHNOM,3.6,27,G8 CMRR @ 60 Hz,dB,195.031
SSVHNOM,SS,VHNOM,3.6,27,G8 CMRR @ 150 Hz,dB,194.650
SSVHNOM,SS,VHNOM,3.6,27,G8 PSRR+ @ 60 Hz,dB,230.378
SSVHNOM,SS,VHNOM,3.6,27,G8 PSRR+ @ 150 Hz,dB,230.385
SSVHNOM,SS,VHNOM,3.6,27,G8 PSRR- @ 60 Hz,dB,191.545
SSVHNOM,SS,VHNOM,3.6,27,G8 PSRR- @ 150 Hz,dB,191.163
SSVHNOM,SS,VHNOM,3.6,27,G8 input-referred noise 0.05-150 Hz,uVrms,3.633
SSVHNOM,SS,VHNOM,3.6,27,G16 target gain,V/V,16.000
SSVHNOM,SS,VHNOM,3.6,27,G16 input offset,mV,-8.828e-08
SSVHNOM,SS,VHNOM,3.6,27,G16 gain @ 10 Hz,V/V,15.863
SSVHNOM,SS,VHNOM,3.6,27,G16 gain @ 150 Hz,V/V,15.863
SSVHNOM,SS,VHNOM,3.6,27,G16 gain error,%,-0.854
SSVHNOM,SS,VHNOM,3.6,27,G16 -3 dB bandwidth,MHz,0.735
SSVHNOM,SS,VHNOM,3.6,27,G16 CMRR @ 60 Hz,dB,215.150
SSVHNOM,SS,VHNOM,3.6,27,G16 CMRR @ 150 Hz,dB,224.192
SSVHNOM,SS,VHNOM,3.6,27,G16 PSRR+ @ 60 Hz,dB,299.550
SSVHNOM,SS,VHNOM,3.6,27,G16 PSRR+ @ 150 Hz,dB,291.553
SSVHNOM,SS,VHNOM,3.6,27,G16 PSRR- @ 60 Hz,dB,228.950
SSVHNOM,SS,VHNOM,3.6,27,G16 PSRR- @ 150 Hz,dB,219.871
SSVHNOM,SS,VHNOM,3.6,27,G16 input-referred noise 0.05-150 Hz,uVrms,3.431
SSNOMTL,SS,NOMTL,3.3,-40,FDC bias current,uA,31.734
SSNOMTL,SS,NOMTL,3.3,-40,CMFB bias current,uA,31.734
SSNOMTL,SS,NOMTL,3.3,-40,Total current,mA,1.136
SSNOMTL,SS,NOMTL,3.3,-40,Total power,mW,3.749
SSNOMTL,SS,NOMTL,3.3,-40,Output CM error,mV,-4.291
SSNOMTL,SS,NOMTL,3.3,-40,G2 target gain,V/V,2.000
SSNOMTL,SS,NOMTL,3.3,-40,G2 input offset,mV,5.994e-08
SSNOMTL,SS,NOMTL,3.3,-40,G2 gain @ 10 Hz,V/V,2.014
SSNOMTL,SS,NOMTL,3.3,-40,G2 gain @ 150 Hz,V/V,2.014
SSNOMTL,SS,NOMTL,3.3,-40,G2 gain error,%,0.703
SSNOMTL,SS,NOMTL,3.3,-40,G2 -3 dB bandwidth,MHz,4.125
SSNOMTL,SS,NOMTL,3.3,-40,G2 CMRR @ 60 Hz,dB,241.317
SSNOMTL,SS,NOMTL,3.3,-40,G2 CMRR @ 150 Hz,dB,241.342
SSNOMTL,SS,NOMTL,3.3,-40,G2 PSRR+ @ 60 Hz,dB,234.889
SSNOMTL,SS,NOMTL,3.3,-40,G2 PSRR+ @ 150 Hz,dB,234.933
SSNOMTL,SS,NOMTL,3.3,-40,G2 PSRR- @ 60 Hz,dB,224.492
SSNOMTL,SS,NOMTL,3.3,-40,G2 PSRR- @ 150 Hz,dB,224.895
SSNOMTL,SS,NOMTL,3.3,-40,G2 input-referred noise 0.05-150 Hz,uVrms,4.588
SSNOMTL,SS,NOMTL,3.3,-40,G4 target gain,V/V,4.000
SSNOMTL,SS,NOMTL,3.3,-40,G4 input offset,mV,-2.880e-08
SSNOMTL,SS,NOMTL,3.3,-40,G4 gain @ 10 Hz,V/V,3.990
SSNOMTL,SS,NOMTL,3.3,-40,G4 gain @ 150 Hz,V/V,3.990
SSNOMTL,SS,NOMTL,3.3,-40,G4 gain error,%,-0.245
SSNOMTL,SS,NOMTL,3.3,-40,G4 -3 dB bandwidth,MHz,2.511
SSNOMTL,SS,NOMTL,3.3,-40,G4 CMRR @ 60 Hz,dB,219.062
SSNOMTL,SS,NOMTL,3.3,-40,G4 CMRR @ 150 Hz,dB,222.834
SSNOMTL,SS,NOMTL,3.3,-40,G4 PSRR+ @ 60 Hz,dB,239.474
SSNOMTL,SS,NOMTL,3.3,-40,G4 PSRR+ @ 150 Hz,dB,239.508
SSNOMTL,SS,NOMTL,3.3,-40,G4 PSRR- @ 60 Hz,dB,211.022
SSNOMTL,SS,NOMTL,3.3,-40,G4 PSRR- @ 150 Hz,dB,214.734
SSNOMTL,SS,NOMTL,3.3,-40,G4 input-referred noise 0.05-150 Hz,uVrms,3.835
SSNOMTL,SS,NOMTL,3.3,-40,G8 target gain,V/V,8.000
SSNOMTL,SS,NOMTL,3.3,-40,G8 input offset,mV,6.937e-08
SSNOMTL,SS,NOMTL,3.3,-40,G8 gain @ 10 Hz,V/V,7.958
SSNOMTL,SS,NOMTL,3.3,-40,G8 gain @ 150 Hz,V/V,7.958
SSNOMTL,SS,NOMTL,3.3,-40,G8 gain error,%,-0.526
SSNOMTL,SS,NOMTL,3.3,-40,G8 -3 dB bandwidth,MHz,1.778
SSNOMTL,SS,NOMTL,3.3,-40,G8 CMRR @ 60 Hz,dB,193.893
SSNOMTL,SS,NOMTL,3.3,-40,G8 CMRR @ 150 Hz,dB,194.319
SSNOMTL,SS,NOMTL,3.3,-40,G8 PSRR+ @ 60 Hz,dB,237.830
SSNOMTL,SS,NOMTL,3.3,-40,G8 PSRR+ @ 150 Hz,dB,237.825
SSNOMTL,SS,NOMTL,3.3,-40,G8 PSRR- @ 60 Hz,dB,190.375
SSNOMTL,SS,NOMTL,3.3,-40,G8 PSRR- @ 150 Hz,dB,190.801
SSNOMTL,SS,NOMTL,3.3,-40,G8 input-referred noise 0.05-150 Hz,uVrms,3.451
SSNOMTL,SS,NOMTL,3.3,-40,G16 target gain,V/V,16.000
SSNOMTL,SS,NOMTL,3.3,-40,G16 input offset,mV,1.834e-08
SSNOMTL,SS,NOMTL,3.3,-40,G16 gain @ 10 Hz,V/V,15.861
SSNOMTL,SS,NOMTL,3.3,-40,G16 gain @ 150 Hz,V/V,15.861
SSNOMTL,SS,NOMTL,3.3,-40,G16 gain error,%,-0.869
SSNOMTL,SS,NOMTL,3.3,-40,G16 -3 dB bandwidth,MHz,0.776
SSNOMTL,SS,NOMTL,3.3,-40,G16 CMRR @ 60 Hz,dB,201.507
SSNOMTL,SS,NOMTL,3.3,-40,G16 CMRR @ 150 Hz,dB,203.064
SSNOMTL,SS,NOMTL,3.3,-40,G16 PSRR+ @ 60 Hz,dB,275.633
SSNOMTL,SS,NOMTL,3.3,-40,G16 PSRR+ @ 150 Hz,dB,277.181
SSNOMTL,SS,NOMTL,3.3,-40,G16 PSRR- @ 60 Hz,dB,197.756
SSNOMTL,SS,NOMTL,3.3,-40,G16 PSRR- @ 150 Hz,dB,198.957
SSNOMTL,SS,NOMTL,3.3,-40,G16 input-referred noise 0.05-150 Hz,uVrms,3.260
SSNOMTH,SS,NOMTH,3.3,125,FDC bias current,uA,38.549
SSNOMTH,SS,NOMTH,3.3,125,CMFB bias current,uA,38.549
SSNOMTH,SS,NOMTH,3.3,125,Total current,mA,1.620
SSNOMTH,SS,NOMTH,3.3,125,Total power,mW,5.345
SSNOMTH,SS,NOMTH,3.3,125,Output CM error,mV,12.644
SSNOMTH,SS,NOMTH,3.3,125,G2 target gain,V/V,2.000
SSNOMTH,SS,NOMTH,3.3,125,G2 input offset,mV,-2.014e-08
SSNOMTH,SS,NOMTH,3.3,125,G2 gain @ 10 Hz,V/V,2.034
SSNOMTH,SS,NOMTH,3.3,125,G2 gain @ 150 Hz,V/V,2.034
SSNOMTH,SS,NOMTH,3.3,125,G2 gain error,%,1.695
SSNOMTH,SS,NOMTH,3.3,125,G2 -3 dB bandwidth,MHz,3.394
SSNOMTH,SS,NOMTH,3.3,125,G2 CMRR @ 60 Hz,dB,251.751
SSNOMTH,SS,NOMTH,3.3,125,G2 CMRR @ 150 Hz,dB,252.062
SSNOMTH,SS,NOMTH,3.3,125,G2 PSRR+ @ 60 Hz,dB,223.252
SSNOMTH,SS,NOMTH,3.3,125,G2 PSRR+ @ 150 Hz,dB,223.266
SSNOMTH,SS,NOMTH,3.3,125,G2 PSRR- @ 60 Hz,dB,218.355
SSNOMTH,SS,NOMTH,3.3,125,G2 PSRR- @ 150 Hz,dB,218.780
SSNOMTH,SS,NOMTH,3.3,125,G2 input-referred noise 0.05-150 Hz,uVrms,5.240
SSNOMTH,SS,NOMTH,3.3,125,G4 target gain,V/V,4.000
SSNOMTH,SS,NOMTH,3.3,125,G4 input offset,mV,-8.269e-08
SSNOMTH,SS,NOMTH,3.3,125,G4 gain @ 10 Hz,V/V,4.001
SSNOMTH,SS,NOMTH,3.3,125,G4 gain @ 150 Hz,V/V,4.001
SSNOMTH,SS,NOMTH,3.3,125,G4 gain error,%,0.019
SSNOMTH,SS,NOMTH,3.3,125,G4 -3 dB bandwidth,MHz,2.040
SSNOMTH,SS,NOMTH,3.3,125,G4 CMRR @ 60 Hz,dB,215.757
SSNOMTH,SS,NOMTH,3.3,125,G4 CMRR @ 150 Hz,dB,219.014
SSNOMTH,SS,NOMTH,3.3,125,G4 PSRR+ @ 60 Hz,dB,237.684
SSNOMTH,SS,NOMTH,3.3,125,G4 PSRR+ @ 150 Hz,dB,237.728
SSNOMTH,SS,NOMTH,3.3,125,G4 PSRR- @ 60 Hz,dB,207.890
SSNOMTH,SS,NOMTH,3.3,125,G4 PSRR- @ 150 Hz,dB,211.162
SSNOMTH,SS,NOMTH,3.3,125,G4 input-referred noise 0.05-150 Hz,uVrms,4.390
SSNOMTH,SS,NOMTH,3.3,125,G8 target gain,V/V,8.000
SSNOMTH,SS,NOMTH,3.3,125,G8 input offset,mV,6.448e-07
SSNOMTH,SS,NOMTH,3.3,125,G8 gain @ 10 Hz,V/V,7.979
SSNOMTH,SS,NOMTH,3.3,125,G8 gain @ 150 Hz,V/V,7.979
SSNOMTH,SS,NOMTH,3.3,125,G8 gain error,%,-0.264
SSNOMTH,SS,NOMTH,3.3,125,G8 -3 dB bandwidth,MHz,1.318
SSNOMTH,SS,NOMTH,3.3,125,G8 CMRR @ 60 Hz,dB,202.718
SSNOMTH,SS,NOMTH,3.3,125,G8 CMRR @ 150 Hz,dB,204.369
SSNOMTH,SS,NOMTH,3.3,125,G8 PSRR+ @ 60 Hz,dB,235.331
SSNOMTH,SS,NOMTH,3.3,125,G8 PSRR+ @ 150 Hz,dB,235.309
SSNOMTH,SS,NOMTH,3.3,125,G8 PSRR- @ 60 Hz,dB,199.074
SSNOMTH,SS,NOMTH,3.3,125,G8 PSRR- @ 150 Hz,dB,200.698
SSNOMTH,SS,NOMTH,3.3,125,G8 input-referred noise 0.05-150 Hz,uVrms,3.953
SSNOMTH,SS,NOMTH,3.3,125,G16 target gain,V/V,16.000
SSNOMTH,SS,NOMTH,3.3,125,G16 input offset,mV,1.077e-08
SSNOMTH,SS,NOMTH,3.3,125,G16 gain @ 10 Hz,V/V,15.864
SSNOMTH,SS,NOMTH,3.3,125,G16 gain @ 150 Hz,V/V,15.864
SSNOMTH,SS,NOMTH,3.3,125,G16 gain error,%,-0.848
SSNOMTH,SS,NOMTH,3.3,125,G16 -3 dB bandwidth,MHz,0.609
SSNOMTH,SS,NOMTH,3.3,125,G16 CMRR @ 60 Hz,dB,202.768
SSNOMTH,SS,NOMTH,3.3,125,G16 CMRR @ 150 Hz,dB,205.275
SSNOMTH,SS,NOMTH,3.3,125,G16 PSRR+ @ 60 Hz,dB,268.389
SSNOMTH,SS,NOMTH,3.3,125,G16 PSRR+ @ 150 Hz,dB,268.495
SSNOMTH,SS,NOMTH,3.3,125,G16 PSRR- @ 60 Hz,dB,200.787
SSNOMTH,SS,NOMTH,3.3,125,G16 PSRR- @ 150 Hz,dB,203.205
SSNOMTH,SS,NOMTH,3.3,125,G16 input-referred noise 0.05-150 Hz,uVrms,3.734
SSVLTL,SS,VLTL,3,-40,FDC bias current,uA,31.110
SSVLTL,SS,VLTL,3,-40,CMFB bias current,uA,31.110
SSVLTL,SS,VLTL,3,-40,Total current,mA,1.103
SSVLTL,SS,VLTL,3,-40,Total power,mW,3.309
SSVLTL,SS,VLTL,3,-40,Output CM error,mV,-4.317
SSVLTL,SS,VLTL,3,-40,G2 target gain,V/V,2.000
SSVLTL,SS,VLTL,3,-40,G2 input offset,mV,-1.177e-08
SSVLTL,SS,VLTL,3,-40,G2 gain @ 10 Hz,V/V,2.030
SSVLTL,SS,VLTL,3,-40,G2 gain @ 150 Hz,V/V,2.030
SSVLTL,SS,VLTL,3,-40,G2 gain error,%,1.494
SSVLTL,SS,VLTL,3,-40,G2 -3 dB bandwidth,MHz,4.023
SSVLTL,SS,VLTL,3,-40,G2 CMRR @ 60 Hz,dB,245.102
SSVLTL,SS,VLTL,3,-40,G2 CMRR @ 150 Hz,dB,245.001
SSVLTL,SS,VLTL,3,-40,G2 PSRR+ @ 60 Hz,dB,233.007
SSVLTL,SS,VLTL,3,-40,G2 PSRR+ @ 150 Hz,dB,232.996
SSVLTL,SS,VLTL,3,-40,G2 PSRR- @ 60 Hz,dB,235.472
SSVLTL,SS,VLTL,3,-40,G2 PSRR- @ 150 Hz,dB,233.470
SSVLTL,SS,VLTL,3,-40,G2 input-referred noise 0.05-150 Hz,uVrms,4.560
SSVLTL,SS,VLTL,3,-40,G4 target gain,V/V,4.000
SSVLTL,SS,VLTL,3,-40,G4 input offset,mV,-5.183e-08
SSVLTL,SS,VLTL,3,-40,G4 gain @ 10 Hz,V/V,3.998
SSVLTL,SS,VLTL,3,-40,G4 gain @ 150 Hz,V/V,3.998
SSVLTL,SS,VLTL,3,-40,G4 gain error,%,-0.047
SSVLTL,SS,VLTL,3,-40,G4 -3 dB bandwidth,MHz,2.457
SSVLTL,SS,VLTL,3,-40,G4 CMRR @ 60 Hz,dB,219.651
SSVLTL,SS,VLTL,3,-40,G4 CMRR @ 150 Hz,dB,223.963
SSVLTL,SS,VLTL,3,-40,G4 PSRR+ @ 60 Hz,dB,237.047
SSVLTL,SS,VLTL,3,-40,G4 PSRR+ @ 150 Hz,dB,237.005
SSVLTL,SS,VLTL,3,-40,G4 PSRR- @ 60 Hz,dB,211.845
SSVLTL,SS,VLTL,3,-40,G4 PSRR- @ 150 Hz,dB,216.221
SSVLTL,SS,VLTL,3,-40,G4 input-referred noise 0.05-150 Hz,uVrms,3.819
SSVLTL,SS,VLTL,3,-40,G8 target gain,V/V,8.000
SSVLTL,SS,VLTL,3,-40,G8 input offset,mV,-3.734e-07
SSVLTL,SS,VLTL,3,-40,G8 gain @ 10 Hz,V/V,7.974
SSVLTL,SS,VLTL,3,-40,G8 gain @ 150 Hz,V/V,7.974
SSVLTL,SS,VLTL,3,-40,G8 gain error,%,-0.323
SSVLTL,SS,VLTL,3,-40,G8 -3 dB bandwidth,MHz,1.720
SSVLTL,SS,VLTL,3,-40,G8 CMRR @ 60 Hz,dB,210.920
SSVLTL,SS,VLTL,3,-40,G8 CMRR @ 150 Hz,dB,208.308
SSVLTL,SS,VLTL,3,-40,G8 PSRR+ @ 60 Hz,dB,288.783
SSVLTL,SS,VLTL,3,-40,G8 PSRR+ @ 150 Hz,dB,283.452
SSVLTL,SS,VLTL,3,-40,G8 PSRR- @ 60 Hz,dB,207.975
SSVLTL,SS,VLTL,3,-40,G8 PSRR- @ 150 Hz,dB,205.210
SSVLTL,SS,VLTL,3,-40,G8 input-referred noise 0.05-150 Hz,uVrms,3.438
SSVLTL,SS,VLTL,3,-40,G16 target gain,V/V,16.000
SSVLTL,SS,VLTL,3,-40,G16 input offset,mV,7.671e-08
SSVLTL,SS,VLTL,3,-40,G16 gain @ 10 Hz,V/V,15.860
SSVLTL,SS,VLTL,3,-40,G16 gain @ 150 Hz,V/V,15.860
SSVLTL,SS,VLTL,3,-40,G16 gain error,%,-0.872
SSVLTL,SS,VLTL,3,-40,G16 -3 dB bandwidth,MHz,0.760
SSVLTL,SS,VLTL,3,-40,G16 CMRR @ 60 Hz,dB,201.516
SSVLTL,SS,VLTL,3,-40,G16 CMRR @ 150 Hz,dB,203.131
SSVLTL,SS,VLTL,3,-40,G16 PSRR+ @ 60 Hz,dB,275.955
SSVLTL,SS,VLTL,3,-40,G16 PSRR+ @ 150 Hz,dB,276.702
SSVLTL,SS,VLTL,3,-40,G16 PSRR- @ 60 Hz,dB,197.762
SSVLTL,SS,VLTL,3,-40,G16 PSRR- @ 150 Hz,dB,199.008
SSVLTL,SS,VLTL,3,-40,G16 input-referred noise 0.05-150 Hz,uVrms,3.248
SSVLTH,SS,VLTH,3,125,FDC bias current,uA,37.873
SSVLTH,SS,VLTH,3,125,CMFB bias current,uA,37.873
SSVLTH,SS,VLTH,3,125,Total current,mA,1.581
SSVLTH,SS,VLTH,3,125,Total power,mW,4.744
SSVLTH,SS,VLTH,3,125,Output CM error,mV,12.623
SSVLTH,SS,VLTH,3,125,G2 target gain,V/V,2.000
SSVLTH,SS,VLTH,3,125,G2 input offset,mV,2.619e-08
SSVLTH,SS,VLTH,3,125,G2 gain @ 10 Hz,V/V,2.050
SSVLTH,SS,VLTH,3,125,G2 gain @ 150 Hz,V/V,2.050
SSVLTH,SS,VLTH,3,125,G2 gain error,%,2.502
SSVLTH,SS,VLTH,3,125,G2 -3 dB bandwidth,MHz,3.307
SSVLTH,SS,VLTH,3,125,G2 CMRR @ 60 Hz,dB,247.064
SSVLTH,SS,VLTH,3,125,G2 CMRR @ 150 Hz,dB,246.751
SSVLTH,SS,VLTH,3,125,G2 PSRR+ @ 60 Hz,dB,236.941
SSVLTH,SS,VLTH,3,125,G2 PSRR+ @ 150 Hz,dB,236.938
SSVLTH,SS,VLTH,3,125,G2 PSRR- @ 60 Hz,dB,226.915
SSVLTH,SS,VLTH,3,125,G2 PSRR- @ 150 Hz,dB,228.514
SSVLTH,SS,VLTH,3,125,G2 input-referred noise 0.05-150 Hz,uVrms,5.224
SSVLTH,SS,VLTH,3,125,G4 target gain,V/V,4.000
SSVLTH,SS,VLTH,3,125,G4 input offset,mV,-4.324e-08
SSVLTH,SS,VLTH,3,125,G4 gain @ 10 Hz,V/V,4.009
SSVLTH,SS,VLTH,3,125,G4 gain @ 150 Hz,V/V,4.009
SSVLTH,SS,VLTH,3,125,G4 gain error,%,0.223
SSVLTH,SS,VLTH,3,125,G4 -3 dB bandwidth,MHz,1.995
SSVLTH,SS,VLTH,3,125,G4 CMRR @ 60 Hz,dB,215.796
SSVLTH,SS,VLTH,3,125,G4 CMRR @ 150 Hz,dB,219.033
SSVLTH,SS,VLTH,3,125,G4 PSRR+ @ 60 Hz,dB,248.111
SSVLTH,SS,VLTH,3,125,G4 PSRR+ @ 150 Hz,dB,247.921
SSVLTH,SS,VLTH,3,125,G4 PSRR- @ 60 Hz,dB,208.195
SSVLTH,SS,VLTH,3,125,G4 PSRR- @ 150 Hz,dB,211.557
SSVLTH,SS,VLTH,3,125,G4 input-referred noise 0.05-150 Hz,uVrms,4.387
SSVLTH,SS,VLTH,3,125,G8 target gain,V/V,8.000
SSVLTH,SS,VLTH,3,125,G8 input offset,mV,5.282e-07
SSVLTH,SS,VLTH,3,125,G8 gain @ 10 Hz,V/V,7.994
SSVLTH,SS,VLTH,3,125,G8 gain @ 150 Hz,V/V,7.994
SSVLTH,SS,VLTH,3,125,G8 gain error,%,-0.071
SSVLTH,SS,VLTH,3,125,G8 -3 dB bandwidth,MHz,1.281
SSVLTH,SS,VLTH,3,125,G8 CMRR @ 60 Hz,dB,209.227
SSVLTH,SS,VLTH,3,125,G8 CMRR @ 150 Hz,dB,213.133
SSVLTH,SS,VLTH,3,125,G8 PSRR+ @ 60 Hz,dB,223.246
SSVLTH,SS,VLTH,3,125,G8 PSRR+ @ 150 Hz,dB,223.229
SSVLTH,SS,VLTH,3,125,G8 PSRR- @ 60 Hz,dB,205.018
SSVLTH,SS,VLTH,3,125,G8 PSRR- @ 150 Hz,dB,208.548
SSVLTH,SS,VLTH,3,125,G8 input-referred noise 0.05-150 Hz,uVrms,3.950
SSVLTH,SS,VLTH,3,125,G16 target gain,V/V,16.000
SSVLTH,SS,VLTH,3,125,G16 input offset,mV,-1.288e-07
SSVLTH,SS,VLTH,3,125,G16 gain @ 10 Hz,V/V,15.863
SSVLTH,SS,VLTH,3,125,G16 gain @ 150 Hz,V/V,15.863
SSVLTH,SS,VLTH,3,125,G16 gain error,%,-0.854
SSVLTH,SS,VLTH,3,125,G16 -3 dB bandwidth,MHz,0.595
SSVLTH,SS,VLTH,3,125,G16 CMRR @ 60 Hz,dB,202.761
SSVLTH,SS,VLTH,3,125,G16 CMRR @ 150 Hz,dB,205.226
SSVLTH,SS,VLTH,3,125,G16 PSRR+ @ 60 Hz,dB,272.624
SSVLTH,SS,VLTH,3,125,G16 PSRR+ @ 150 Hz,dB,273.439
SSVLTH,SS,VLTH,3,125,G16 PSRR- @ 60 Hz,dB,200.781
SSVLTH,SS,VLTH,3,125,G16 PSRR- @ 150 Hz,dB,203.157
SSVLTH,SS,VLTH,3,125,G16 input-referred noise 0.05-150 Hz,uVrms,3.732
SSVHTL,SS,VHTL,3.6,-40,FDC bias current,uA,32.138
SSVHTL,SS,VHTL,3.6,-40,CMFB bias current,uA,32.138
SSVHTL,SS,VHTL,3.6,-40,Total current,mA,1.161
SSVHTL,SS,VHTL,3.6,-40,Total power,mW,4.179
SSVHTL,SS,VHTL,3.6,-40,Output CM error,mV,-4.268
SSVHTL,SS,VHTL,3.6,-40,G2 target gain,V/V,2.000
SSVHTL,SS,VHTL,3.6,-40,G2 input offset,mV,-2.195e-12
SSVHTL,SS,VHTL,3.6,-40,G2 gain @ 10 Hz,V/V,2.007
SSVHTL,SS,VHTL,3.6,-40,G2 gain @ 150 Hz,V/V,2.007
SSVHTL,SS,VHTL,3.6,-40,G2 gain error,%,0.351
SSVHTL,SS,VHTL,3.6,-40,G2 -3 dB bandwidth,MHz,4.182
SSVHTL,SS,VHTL,3.6,-40,G2 CMRR @ 60 Hz,dB,263.670
SSVHTL,SS,VHTL,3.6,-40,G2 CMRR @ 150 Hz,dB,263.825
SSVHTL,SS,VHTL,3.6,-40,G2 PSRR+ @ 60 Hz,dB,229.662
SSVHTL,SS,VHTL,3.6,-40,G2 PSRR+ @ 150 Hz,dB,229.642
SSVHTL,SS,VHTL,3.6,-40,G2 PSRR- @ 60 Hz,dB,227.296
SSVHTL,SS,VHTL,3.6,-40,G2 PSRR- @ 150 Hz,dB,227.699
SSVHTL,SS,VHTL,3.6,-40,G2 input-referred noise 0.05-150 Hz,uVrms,4.609
SSVHTL,SS,VHTL,3.6,-40,G4 target gain,V/V,4.000
SSVHTL,SS,VHTL,3.6,-40,G4 input offset,mV,3.328e-08
SSVHTL,SS,VHTL,3.6,-40,G4 gain @ 10 Hz,V/V,3.987
SSVHTL,SS,VHTL,3.6,-40,G4 gain @ 150 Hz,V/V,3.987
SSVHTL,SS,VHTL,3.6,-40,G4 gain error,%,-0.332
SSVHTL,SS,VHTL,3.6,-40,G4 -3 dB bandwidth,MHz,2.543
SSVHTL,SS,VHTL,3.6,-40,G4 CMRR @ 60 Hz,dB,218.918
SSVHTL,SS,VHTL,3.6,-40,G4 CMRR @ 150 Hz,dB,222.463
SSVHTL,SS,VHTL,3.6,-40,G4 PSRR+ @ 60 Hz,dB,237.928
SSVHTL,SS,VHTL,3.6,-40,G4 PSRR+ @ 150 Hz,dB,237.941
SSVHTL,SS,VHTL,3.6,-40,G4 PSRR- @ 60 Hz,dB,210.616
SSVHTL,SS,VHTL,3.6,-40,G4 PSRR- @ 150 Hz,dB,213.984
SSVHTL,SS,VHTL,3.6,-40,G4 input-referred noise 0.05-150 Hz,uVrms,3.848
SSVHTL,SS,VHTL,3.6,-40,G8 target gain,V/V,8.000
SSVHTL,SS,VHTL,3.6,-40,G8 input offset,mV,1.648e-07
SSVHTL,SS,VHTL,3.6,-40,G8 gain @ 10 Hz,V/V,7.951
SSVHTL,SS,VHTL,3.6,-40,G8 gain @ 150 Hz,V/V,7.951
SSVHTL,SS,VHTL,3.6,-40,G8 gain error,%,-0.614
SSVHTL,SS,VHTL,3.6,-40,G8 -3 dB bandwidth,MHz,1.809
SSVHTL,SS,VHTL,3.6,-40,G8 CMRR @ 60 Hz,dB,198.684
SSVHTL,SS,VHTL,3.6,-40,G8 CMRR @ 150 Hz,dB,198.009
SSVHTL,SS,VHTL,3.6,-40,G8 PSRR+ @ 60 Hz,dB,253.470
SSVHTL,SS,VHTL,3.6,-40,G8 PSRR+ @ 150 Hz,dB,253.474
SSVHTL,SS,VHTL,3.6,-40,G8 PSRR- @ 60 Hz,dB,195.158
SSVHTL,SS,VHTL,3.6,-40,G8 PSRR- @ 150 Hz,dB,194.483
SSVHTL,SS,VHTL,3.6,-40,G8 input-referred noise 0.05-150 Hz,uVrms,3.463
SSVHTL,SS,VHTL,3.6,-40,G16 target gain,V/V,16.000
SSVHTL,SS,VHTL,3.6,-40,G16 input offset,mV,-7.613e-10
SSVHTL,SS,VHTL,3.6,-40,G16 gain @ 10 Hz,V/V,15.861
SSVHTL,SS,VHTL,3.6,-40,G16 gain @ 150 Hz,V/V,15.861
SSVHTL,SS,VHTL,3.6,-40,G16 gain error,%,-0.866
SSVHTL,SS,VHTL,3.6,-40,G16 -3 dB bandwidth,MHz,0.787
SSVHTL,SS,VHTL,3.6,-40,G16 CMRR @ 60 Hz,dB,201.500
SSVHTL,SS,VHTL,3.6,-40,G16 CMRR @ 150 Hz,dB,203.003
SSVHTL,SS,VHTL,3.6,-40,G16 PSRR+ @ 60 Hz,dB,281.008
SSVHTL,SS,VHTL,3.6,-40,G16 PSRR+ @ 150 Hz,dB,280.465
SSVHTL,SS,VHTL,3.6,-40,G16 PSRR- @ 60 Hz,dB,197.745
SSVHTL,SS,VHTL,3.6,-40,G16 PSRR- @ 150 Hz,dB,198.906
SSVHTL,SS,VHTL,3.6,-40,G16 input-referred noise 0.05-150 Hz,uVrms,3.270
SSVHTH,SS,VHTH,3.6,125,FDC bias current,uA,38.945
SSVHTH,SS,VHTH,3.6,125,CMFB bias current,uA,38.945
SSVHTH,SS,VHTH,3.6,125,Total current,mA,1.646
SSVHTH,SS,VHTH,3.6,125,Total power,mW,5.924
SSVHTH,SS,VHTH,3.6,125,Output CM error,mV,12.654
SSVHTH,SS,VHTH,3.6,125,G2 target gain,V/V,2.000
SSVHTH,SS,VHTH,3.6,125,G2 input offset,mV,-1.171e-07
SSVHTH,SS,VHTH,3.6,125,G2 gain @ 10 Hz,V/V,2.025
SSVHTH,SS,VHTH,3.6,125,G2 gain @ 150 Hz,V/V,2.025
SSVHTH,SS,VHTH,3.6,125,G2 gain error,%,1.236
SSVHTH,SS,VHTH,3.6,125,G2 -3 dB bandwidth,MHz,3.446
SSVHTH,SS,VHTH,3.6,125,G2 CMRR @ 60 Hz,dB,244.082
SSVHTH,SS,VHTH,3.6,125,G2 CMRR @ 150 Hz,dB,244.166
SSVHTH,SS,VHTH,3.6,125,G2 PSRR+ @ 60 Hz,dB,227.638
SSVHTH,SS,VHTH,3.6,125,G2 PSRR+ @ 150 Hz,dB,227.657
SSVHTH,SS,VHTH,3.6,125,G2 PSRR- @ 60 Hz,dB,228.525
SSVHTH,SS,VHTH,3.6,125,G2 PSRR- @ 150 Hz,dB,229.692
SSVHTH,SS,VHTH,3.6,125,G2 input-referred noise 0.05-150 Hz,uVrms,5.250
SSVHTH,SS,VHTH,3.6,125,G4 target gain,V/V,4.000
SSVHTH,SS,VHTH,3.6,125,G4 input offset,mV,-3.558e-09
SSVHTH,SS,VHTH,3.6,125,G4 gain @ 10 Hz,V/V,3.996
SSVHTH,SS,VHTH,3.6,125,G4 gain @ 150 Hz,V/V,3.996
SSVHTH,SS,VHTH,3.6,125,G4 gain error,%,-0.096
SSVHTH,SS,VHTH,3.6,125,G4 -3 dB bandwidth,MHz,2.069
SSVHTH,SS,VHTH,3.6,125,G4 CMRR @ 60 Hz,dB,215.875
SSVHTH,SS,VHTH,3.6,125,G4 CMRR @ 150 Hz,dB,219.232
SSVHTH,SS,VHTH,3.6,125,G4 PSRR+ @ 60 Hz,dB,249.550
SSVHTH,SS,VHTH,3.6,125,G4 PSRR+ @ 150 Hz,dB,249.475
SSVHTH,SS,VHTH,3.6,125,G4 PSRR- @ 60 Hz,dB,207.743
SSVHTH,SS,VHTH,3.6,125,G4 PSRR- @ 150 Hz,dB,210.997
SSVHTH,SS,VHTH,3.6,125,G4 input-referred noise 0.05-150 Hz,uVrms,4.394
SSVHTH,SS,VHTH,3.6,125,G8 target gain,V/V,8.000
SSVHTH,SS,VHTH,3.6,125,G8 input offset,mV,-1.474e-07
SSVHTH,SS,VHTH,3.6,125,G8 gain @ 10 Hz,V/V,7.970
SSVHTH,SS,VHTH,3.6,125,G8 gain @ 150 Hz,V/V,7.970
SSVHTH,SS,VHTH,3.6,125,G8 gain error,%,-0.375
SSVHTH,SS,VHTH,3.6,125,G8 -3 dB bandwidth,MHz,1.341
SSVHTH,SS,VHTH,3.6,125,G8 CMRR @ 60 Hz,dB,201.287
SSVHTH,SS,VHTH,3.6,125,G8 CMRR @ 150 Hz,dB,200.083
SSVHTH,SS,VHTH,3.6,125,G8 PSRR+ @ 60 Hz,dB,247.658
SSVHTH,SS,VHTH,3.6,125,G8 PSRR+ @ 150 Hz,dB,247.680
SSVHTH,SS,VHTH,3.6,125,G8 PSRR- @ 60 Hz,dB,197.755
SSVHTH,SS,VHTH,3.6,125,G8 PSRR- @ 150 Hz,dB,196.553
SSVHTH,SS,VHTH,3.6,125,G8 input-referred noise 0.05-150 Hz,uVrms,3.955
SSVHTH,SS,VHTH,3.6,125,G16 target gain,V/V,16.000
SSVHTH,SS,VHTH,3.6,125,G16 input offset,mV,-1.330e-07
SSVHTH,SS,VHTH,3.6,125,G16 gain @ 10 Hz,V/V,15.865
SSVHTH,SS,VHTH,3.6,125,G16 gain @ 150 Hz,V/V,15.865
SSVHTH,SS,VHTH,3.6,125,G16 gain error,%,-0.844
SSVHTH,SS,VHTH,3.6,125,G16 -3 dB bandwidth,MHz,0.617
SSVHTH,SS,VHTH,3.6,125,G16 CMRR @ 60 Hz,dB,205.619
SSVHTH,SS,VHTH,3.6,125,G16 CMRR @ 150 Hz,dB,209.399
SSVHTH,SS,VHTH,3.6,125,G16 PSRR+ @ 60 Hz,dB,280.420
SSVHTH,SS,VHTH,3.6,125,G16 PSRR+ @ 150 Hz,dB,282.642
SSVHTH,SS,VHTH,3.6,125,G16 PSRR- @ 60 Hz,dB,204.077
SSVHTH,SS,VHTH,3.6,125,G16 PSRR- @ 150 Hz,dB,207.949
SSVHTH,SS,VHTH,3.6,125,G16 input-referred noise 0.05-150 Hz,uVrms,3.736
FSNOMNOM,FS,NOMNOM,3.3,27,FDC bias current,uA,40.727
FSNOMNOM,FS,NOMNOM,3.3,27,CMFB bias current,uA,40.727
FSNOMNOM,FS,NOMNOM,3.3,27,Total current,mA,1.652
FSNOMNOM,FS,NOMNOM,3.3,27,Total power,mW,5.451
FSNOMNOM,FS,NOMNOM,3.3,27,Output CM error,mV,1.748
FSNOMNOM,FS,NOMNOM,3.3,27,G2 target gain,V/V,2.000
FSNOMNOM,FS,NOMNOM,3.3,27,G2 input offset,mV,-6.433e-08
FSNOMNOM,FS,NOMNOM,3.3,27,G2 gain @ 10 Hz,V/V,2.013
FSNOMNOM,FS,NOMNOM,3.3,27,G2 gain @ 150 Hz,V/V,2.013
FSNOMNOM,FS,NOMNOM,3.3,27,G2 gain error,%,0.660
FSNOMNOM,FS,NOMNOM,3.3,27,G2 -3 dB bandwidth,MHz,5.203
FSNOMNOM,FS,NOMNOM,3.3,27,G2 CMRR @ 60 Hz,dB,250.810
FSNOMNOM,FS,NOMNOM,3.3,27,G2 CMRR @ 150 Hz,dB,250.896
FSNOMNOM,FS,NOMNOM,3.3,27,G2 PSRR+ @ 60 Hz,dB,226.573
FSNOMNOM,FS,NOMNOM,3.3,27,G2 PSRR+ @ 150 Hz,dB,226.569
FSNOMNOM,FS,NOMNOM,3.3,27,G2 PSRR- @ 60 Hz,dB,223.465
FSNOMNOM,FS,NOMNOM,3.3,27,G2 PSRR- @ 150 Hz,dB,223.061
FSNOMNOM,FS,NOMNOM,3.3,27,G2 input-referred noise 0.05-150 Hz,uVrms,4.545
FSNOMNOM,FS,NOMNOM,3.3,27,G4 target gain,V/V,4.000
FSNOMNOM,FS,NOMNOM,3.3,27,G4 input offset,mV,-3.246e-08
FSNOMNOM,FS,NOMNOM,3.3,27,G4 gain @ 10 Hz,V/V,3.990
FSNOMNOM,FS,NOMNOM,3.3,27,G4 gain @ 150 Hz,V/V,3.990
FSNOMNOM,FS,NOMNOM,3.3,27,G4 gain error,%,-0.259
FSNOMNOM,FS,NOMNOM,3.3,27,G4 -3 dB bandwidth,MHz,3.112
FSNOMNOM,FS,NOMNOM,3.3,27,G4 CMRR @ 60 Hz,dB,226.660
FSNOMNOM,FS,NOMNOM,3.3,27,G4 CMRR @ 150 Hz,dB,220.186
FSNOMNOM,FS,NOMNOM,3.3,27,G4 PSRR+ @ 60 Hz,dB,235.694
FSNOMNOM,FS,NOMNOM,3.3,27,G4 PSRR+ @ 150 Hz,dB,235.717
FSNOMNOM,FS,NOMNOM,3.3,27,G4 PSRR- @ 60 Hz,dB,217.371
FSNOMNOM,FS,NOMNOM,3.3,27,G4 PSRR- @ 150 Hz,dB,211.590
FSNOMNOM,FS,NOMNOM,3.3,27,G4 input-referred noise 0.05-150 Hz,uVrms,3.797
FSNOMNOM,FS,NOMNOM,3.3,27,G8 target gain,V/V,8.000
FSNOMNOM,FS,NOMNOM,3.3,27,G8 input offset,mV,-1.905e-07
FSNOMNOM,FS,NOMNOM,3.3,27,G8 gain @ 10 Hz,V/V,7.956
FSNOMNOM,FS,NOMNOM,3.3,27,G8 gain @ 150 Hz,V/V,7.956
FSNOMNOM,FS,NOMNOM,3.3,27,G8 gain error,%,-0.547
FSNOMNOM,FS,NOMNOM,3.3,27,G8 -3 dB bandwidth,MHz,2.137
FSNOMNOM,FS,NOMNOM,3.3,27,G8 CMRR @ 60 Hz,dB,202.563
FSNOMNOM,FS,NOMNOM,3.3,27,G8 CMRR @ 150 Hz,dB,201.187
FSNOMNOM,FS,NOMNOM,3.3,27,G8 PSRR+ @ 60 Hz,dB,237.793
FSNOMNOM,FS,NOMNOM,3.3,27,G8 PSRR+ @ 150 Hz,dB,237.815
FSNOMNOM,FS,NOMNOM,3.3,27,G8 PSRR- @ 60 Hz,dB,199.006
FSNOMNOM,FS,NOMNOM,3.3,27,G8 PSRR- @ 150 Hz,dB,197.634
FSNOMNOM,FS,NOMNOM,3.3,27,G8 input-referred noise 0.05-150 Hz,uVrms,3.418
FSNOMNOM,FS,NOMNOM,3.3,27,G16 target gain,V/V,16.000
FSNOMNOM,FS,NOMNOM,3.3,27,G16 input offset,mV,3.272e-07
FSNOMNOM,FS,NOMNOM,3.3,27,G16 gain @ 10 Hz,V/V,15.859
FSNOMNOM,FS,NOMNOM,3.3,27,G16 gain @ 150 Hz,V/V,15.859
FSNOMNOM,FS,NOMNOM,3.3,27,G16 gain error,%,-0.880
FSNOMNOM,FS,NOMNOM,3.3,27,G16 -3 dB bandwidth,MHz,0.933
FSNOMNOM,FS,NOMNOM,3.3,27,G16 CMRR @ 60 Hz,dB,188.992
FSNOMNOM,FS,NOMNOM,3.3,27,G16 CMRR @ 150 Hz,dB,188.551
FSNOMNOM,FS,NOMNOM,3.3,27,G16 PSRR+ @ 60 Hz,dB,269.534
FSNOMNOM,FS,NOMNOM,3.3,27,G16 PSRR+ @ 150 Hz,dB,268.605
FSNOMNOM,FS,NOMNOM,3.3,27,G16 PSRR- @ 60 Hz,dB,186.021
FSNOMNOM,FS,NOMNOM,3.3,27,G16 PSRR- @ 150 Hz,dB,185.639
FSNOMNOM,FS,NOMNOM,3.3,27,G16 input-referred noise 0.05-150 Hz,uVrms,3.228
FSVLNOM,FS,VLNOM,3,27,FDC bias current,uA,40.040
FSVLNOM,FS,VLNOM,3,27,CMFB bias current,uA,40.040
FSVLNOM,FS,VLNOM,3,27,Total current,mA,1.611
FSVLNOM,FS,VLNOM,3,27,Total power,mW,4.834
FSVLNOM,FS,VLNOM,3,27,Output CM error,mV,1.694
FSVLNOM,FS,VLNOM,3,27,G2 target gain,V/V,2.000
FSVLNOM,FS,VLNOM,3,27,G2 input offset,mV,-5.914e-07
FSVLNOM,FS,VLNOM,3,27,G2 gain @ 10 Hz,V/V,2.020
FSVLNOM,FS,VLNOM,3,27,G2 gain @ 150 Hz,V/V,2.020
FSVLNOM,FS,VLNOM,3,27,G2 gain error,%,0.989
FSVLNOM,FS,VLNOM,3,27,G2 -3 dB bandwidth,MHz,5.102
FSVLNOM,FS,VLNOM,3,27,G2 CMRR @ 60 Hz,dB,224.616
FSVLNOM,FS,VLNOM,3,27,G2 CMRR @ 150 Hz,dB,224.622
FSVLNOM,FS,VLNOM,3,27,G2 PSRR+ @ 60 Hz,dB,215.788
FSVLNOM,FS,VLNOM,3,27,G2 PSRR+ @ 150 Hz,dB,215.788
FSVLNOM,FS,VLNOM,3,27,G2 PSRR- @ 60 Hz,dB,214.207
FSVLNOM,FS,VLNOM,3,27,G2 PSRR- @ 150 Hz,dB,214.031
FSVLNOM,FS,VLNOM,3,27,G2 input-referred noise 0.05-150 Hz,uVrms,4.532
FSVLNOM,FS,VLNOM,3,27,G4 target gain,V/V,4.000
FSVLNOM,FS,VLNOM,3,27,G4 input offset,mV,-5.366e-08
FSVLNOM,FS,VLNOM,3,27,G4 gain @ 10 Hz,V/V,3.993
FSVLNOM,FS,VLNOM,3,27,G4 gain @ 150 Hz,V/V,3.993
FSVLNOM,FS,VLNOM,3,27,G4 gain error,%,-0.178
FSVLNOM,FS,VLNOM,3,27,G4 -3 dB bandwidth,MHz,3.055
FSVLNOM,FS,VLNOM,3,27,G4 CMRR @ 60 Hz,dB,226.850
FSVLNOM,FS,VLNOM,3,27,G4 CMRR @ 150 Hz,dB,220.325
FSVLNOM,FS,VLNOM,3,27,G4 PSRR+ @ 60 Hz,dB,228.453
FSVLNOM,FS,VLNOM,3,27,G4 PSRR+ @ 150 Hz,dB,228.462
FSVLNOM,FS,VLNOM,3,27,G4 PSRR- @ 60 Hz,dB,215.360
FSVLNOM,FS,VLNOM,3,27,G4 PSRR- @ 150 Hz,dB,210.543
FSVLNOM,FS,VLNOM,3,27,G4 input-referred noise 0.05-150 Hz,uVrms,3.790
FSVLNOM,FS,VLNOM,3,27,G8 target gain,V/V,8.000
FSVLNOM,FS,VLNOM,3,27,G8 input offset,mV,3.081e-07
FSVLNOM,FS,VLNOM,3,27,G8 gain @ 10 Hz,V/V,7.963
FSVLNOM,FS,VLNOM,3,27,G8 gain @ 150 Hz,V/V,7.963
FSVLNOM,FS,VLNOM,3,27,G8 gain error,%,-0.467
FSVLNOM,FS,VLNOM,3,27,G8 -3 dB bandwidth,MHz,2.085
FSVLNOM,FS,VLNOM,3,27,G8 CMRR @ 60 Hz,dB,198.063
FSVLNOM,FS,VLNOM,3,27,G8 CMRR @ 150 Hz,dB,197.226
FSVLNOM,FS,VLNOM,3,27,G8 PSRR+ @ 60 Hz,dB,251.131
FSVLNOM,FS,VLNOM,3,27,G8 PSRR+ @ 150 Hz,dB,251.333
FSVLNOM,FS,VLNOM,3,27,G8 PSRR- @ 60 Hz,dB,194.518
FSVLNOM,FS,VLNOM,3,27,G8 PSRR- @ 150 Hz,dB,193.683
FSVLNOM,FS,VLNOM,3,27,G8 input-referred noise 0.05-150 Hz,uVrms,3.412
FSVLNOM,FS,VLNOM,3,27,G16 target gain,V/V,16.000
FSVLNOM,FS,VLNOM,3,27,G16 input offset,mV,3.121e-07
FSVLNOM,FS,VLNOM,3,27,G16 gain @ 10 Hz,V/V,15.858
FSVLNOM,FS,VLNOM,3,27,G16 gain @ 150 Hz,V/V,15.858
FSVLNOM,FS,VLNOM,3,27,G16 gain error,%,-0.885
FSVLNOM,FS,VLNOM,3,27,G16 -3 dB bandwidth,MHz,0.915
FSVLNOM,FS,VLNOM,3,27,G16 CMRR @ 60 Hz,dB,194.853
FSVLNOM,FS,VLNOM,3,27,G16 CMRR @ 150 Hz,dB,194.018
FSVLNOM,FS,VLNOM,3,27,G16 PSRR+ @ 60 Hz,dB,268.780
FSVLNOM,FS,VLNOM,3,27,G16 PSRR+ @ 150 Hz,dB,268.479
FSVLNOM,FS,VLNOM,3,27,G16 PSRR- @ 60 Hz,dB,191.940
FSVLNOM,FS,VLNOM,3,27,G16 PSRR- @ 150 Hz,dB,191.209
FSVLNOM,FS,VLNOM,3,27,G16 input-referred noise 0.05-150 Hz,uVrms,3.222
FSVHNOM,FS,VHNOM,3.6,27,FDC bias current,uA,41.176
FSVHNOM,FS,VHNOM,3.6,27,CMFB bias current,uA,41.176
FSVHNOM,FS,VHNOM,3.6,27,Total current,mA,1.682
FSVHNOM,FS,VHNOM,3.6,27,Total power,mW,6.056
FSVHNOM,FS,VHNOM,3.6,27,Output CM error,mV,1.782
FSVHNOM,FS,VHNOM,3.6,27,G2 target gain,V/V,2.000
FSVHNOM,FS,VHNOM,3.6,27,G2 input offset,mV,8.246e-08
FSVHNOM,FS,VHNOM,3.6,27,G2 gain @ 10 Hz,V/V,2.009
FSVHNOM,FS,VHNOM,3.6,27,G2 gain @ 150 Hz,V/V,2.009
FSVHNOM,FS,VHNOM,3.6,27,G2 gain error,%,0.456
FSVHNOM,FS,VHNOM,3.6,27,G2 -3 dB bandwidth,MHz,5.268
FSVHNOM,FS,VHNOM,3.6,27,G2 CMRR @ 60 Hz,dB,252.108
FSVHNOM,FS,VHNOM,3.6,27,G2 CMRR @ 150 Hz,dB,252.040
FSVHNOM,FS,VHNOM,3.6,27,G2 PSRR+ @ 60 Hz,dB,242.717
FSVHNOM,FS,VHNOM,3.6,27,G2 PSRR+ @ 150 Hz,dB,242.689
FSVHNOM,FS,VHNOM,3.6,27,G2 PSRR- @ 60 Hz,dB,237.142
FSVHNOM,FS,VHNOM,3.6,27,G2 PSRR- @ 150 Hz,dB,235.599
FSVHNOM,FS,VHNOM,3.6,27,G2 input-referred noise 0.05-150 Hz,uVrms,4.555
FSVHNOM,FS,VHNOM,3.6,27,G4 target gain,V/V,4.000
FSVHNOM,FS,VHNOM,3.6,27,G4 input offset,mV,-7.517e-08
FSVHNOM,FS,VHNOM,3.6,27,G4 gain @ 10 Hz,V/V,3.988
FSVHNOM,FS,VHNOM,3.6,27,G4 gain @ 150 Hz,V/V,3.988
FSVHNOM,FS,VHNOM,3.6,27,G4 gain error,%,-0.310
FSVHNOM,FS,VHNOM,3.6,27,G4 -3 dB bandwidth,MHz,3.149
FSVHNOM,FS,VHNOM,3.6,27,G4 CMRR @ 60 Hz,dB,226.706
FSVHNOM,FS,VHNOM,3.6,27,G4 CMRR @ 150 Hz,dB,220.160
FSVHNOM,FS,VHNOM,3.6,27,G4 PSRR+ @ 60 Hz,dB,238.938
FSVHNOM,FS,VHNOM,3.6,27,G4 PSRR+ @ 150 Hz,dB,239.003
FSVHNOM,FS,VHNOM,3.6,27,G4 PSRR- @ 60 Hz,dB,218.089
FSVHNOM,FS,VHNOM,3.6,27,G4 PSRR- @ 150 Hz,dB,211.902
FSVHNOM,FS,VHNOM,3.6,27,G4 input-referred noise 0.05-150 Hz,uVrms,3.804
FSVHNOM,FS,VHNOM,3.6,27,G8 target gain,V/V,8.000
FSVHNOM,FS,VHNOM,3.6,27,G8 input offset,mV,2.672e-07
FSVHNOM,FS,VHNOM,3.6,27,G8 gain @ 10 Hz,V/V,7.952
FSVHNOM,FS,VHNOM,3.6,27,G8 gain @ 150 Hz,V/V,7.952
FSVHNOM,FS,VHNOM,3.6,27,G8 gain error,%,-0.595
FSVHNOM,FS,VHNOM,3.6,27,G8 -3 dB bandwidth,MHz,2.170
FSVHNOM,FS,VHNOM,3.6,27,G8 CMRR @ 60 Hz,dB,193.742
FSVHNOM,FS,VHNOM,3.6,27,G8 CMRR @ 150 Hz,dB,194.307
FSVHNOM,FS,VHNOM,3.6,27,G8 PSRR+ @ 60 Hz,dB,249.461
FSVHNOM,FS,VHNOM,3.6,27,G8 PSRR+ @ 150 Hz,dB,249.477
FSVHNOM,FS,VHNOM,3.6,27,G8 PSRR- @ 60 Hz,dB,190.205
FSVHNOM,FS,VHNOM,3.6,27,G8 PSRR- @ 150 Hz,dB,190.769
FSVHNOM,FS,VHNOM,3.6,27,G8 input-referred noise 0.05-150 Hz,uVrms,3.424
FSVHNOM,FS,VHNOM,3.6,27,G16 target gain,V/V,16.000
FSVHNOM,FS,VHNOM,3.6,27,G16 input offset,mV,3.978e-07
FSVHNOM,FS,VHNOM,3.6,27,G16 gain @ 10 Hz,V/V,15.860
FSVHNOM,FS,VHNOM,3.6,27,G16 gain @ 150 Hz,V/V,15.860
FSVHNOM,FS,VHNOM,3.6,27,G16 gain error,%,-0.876
FSVHNOM,FS,VHNOM,3.6,27,G16 -3 dB bandwidth,MHz,0.945
FSVHNOM,FS,VHNOM,3.6,27,G16 CMRR @ 60 Hz,dB,188.991
FSVHNOM,FS,VHNOM,3.6,27,G16 CMRR @ 150 Hz,dB,188.546
FSVHNOM,FS,VHNOM,3.6,27,G16 PSRR+ @ 60 Hz,dB,277.369
FSVHNOM,FS,VHNOM,3.6,27,G16 PSRR+ @ 150 Hz,dB,274.040
FSVHNOM,FS,VHNOM,3.6,27,G16 PSRR- @ 60 Hz,dB,186.020
FSVHNOM,FS,VHNOM,3.6,27,G16 PSRR- @ 150 Hz,dB,185.634
FSVHNOM,FS,VHNOM,3.6,27,G16 input-referred noise 0.05-150 Hz,uVrms,3.233
FSNOMTL,FS,NOMTL,3.3,-40,FDC bias current,uA,36.002
FSNOMTL,FS,NOMTL,3.3,-40,CMFB bias current,uA,36.002
FSNOMTL,FS,NOMTL,3.3,-40,Total current,mA,1.341
FSNOMTL,FS,NOMTL,3.3,-40,Total power,mW,4.424
FSNOMTL,FS,NOMTL,3.3,-40,Output CM error,mV,-5.143
FSNOMTL,FS,NOMTL,3.3,-40,G2 target gain,V/V,2.000
FSNOMTL,FS,NOMTL,3.3,-40,G2 input offset,mV,-6.878e-08
FSNOMTL,FS,NOMTL,3.3,-40,G2 gain @ 10 Hz,V/V,2.006
FSNOMTL,FS,NOMTL,3.3,-40,G2 gain @ 150 Hz,V/V,2.006
FSNOMTL,FS,NOMTL,3.3,-40,G2 gain error,%,0.297
FSNOMTL,FS,NOMTL,3.3,-40,G2 -3 dB bandwidth,MHz,5.430
FSNOMTL,FS,NOMTL,3.3,-40,G2 CMRR @ 60 Hz,dB,250.180
FSNOMTL,FS,NOMTL,3.3,-40,G2 CMRR @ 150 Hz,dB,250.154
FSNOMTL,FS,NOMTL,3.3,-40,G2 PSRR+ @ 60 Hz,dB,235.059
FSNOMTL,FS,NOMTL,3.3,-40,G2 PSRR+ @ 150 Hz,dB,235.038
FSNOMTL,FS,NOMTL,3.3,-40,G2 PSRR- @ 60 Hz,dB,243.616
FSNOMTL,FS,NOMTL,3.3,-40,G2 PSRR- @ 150 Hz,dB,244.877
FSNOMTL,FS,NOMTL,3.3,-40,G2 input-referred noise 0.05-150 Hz,uVrms,4.347
FSNOMTL,FS,NOMTL,3.3,-40,G4 target gain,V/V,4.000
FSNOMTL,FS,NOMTL,3.3,-40,G4 input offset,mV,-3.227e-08
FSNOMTL,FS,NOMTL,3.3,-40,G4 gain @ 10 Hz,V/V,3.986
FSNOMTL,FS,NOMTL,3.3,-40,G4 gain @ 150 Hz,V/V,3.986
FSNOMTL,FS,NOMTL,3.3,-40,G4 gain error,%,-0.359
FSNOMTL,FS,NOMTL,3.3,-40,G4 -3 dB bandwidth,MHz,3.267
FSNOMTL,FS,NOMTL,3.3,-40,G4 CMRR @ 60 Hz,dB,221.276
FSNOMTL,FS,NOMTL,3.3,-40,G4 CMRR @ 150 Hz,dB,218.968
FSNOMTL,FS,NOMTL,3.3,-40,G4 PSRR+ @ 60 Hz,dB,252.923
FSNOMTL,FS,NOMTL,3.3,-40,G4 PSRR+ @ 150 Hz,dB,252.751
FSNOMTL,FS,NOMTL,3.3,-40,G4 PSRR- @ 60 Hz,dB,213.590
FSNOMTL,FS,NOMTL,3.3,-40,G4 PSRR- @ 150 Hz,dB,211.232
FSNOMTL,FS,NOMTL,3.3,-40,G4 input-referred noise 0.05-150 Hz,uVrms,3.629
FSNOMTL,FS,NOMTL,3.3,-40,G8 target gain,V/V,8.000
FSNOMTL,FS,NOMTL,3.3,-40,G8 input offset,mV,-3.465e-07
FSNOMTL,FS,NOMTL,3.3,-40,G8 gain @ 10 Hz,V/V,7.948
FSNOMTL,FS,NOMTL,3.3,-40,G8 gain @ 150 Hz,V/V,7.948
FSNOMTL,FS,NOMTL,3.3,-40,G8 gain error,%,-0.649
FSNOMTL,FS,NOMTL,3.3,-40,G8 -3 dB bandwidth,MHz,2.324
FSNOMTL,FS,NOMTL,3.3,-40,G8 CMRR @ 60 Hz,dB,193.103
FSNOMTL,FS,NOMTL,3.3,-40,G8 CMRR @ 150 Hz,dB,193.361
FSNOMTL,FS,NOMTL,3.3,-40,G8 PSRR+ @ 60 Hz,dB,235.259
FSNOMTL,FS,NOMTL,3.3,-40,G8 PSRR+ @ 150 Hz,dB,235.270
FSNOMTL,FS,NOMTL,3.3,-40,G8 PSRR- @ 60 Hz,dB,189.558
FSNOMTL,FS,NOMTL,3.3,-40,G8 PSRR- @ 150 Hz,dB,189.816
FSNOMTL,FS,NOMTL,3.3,-40,G8 input-referred noise 0.05-150 Hz,uVrms,3.266
FSNOMTL,FS,NOMTL,3.3,-40,G16 target gain,V/V,16.000
FSNOMTL,FS,NOMTL,3.3,-40,G16 input offset,mV,1.244e-07
FSNOMTL,FS,NOMTL,3.3,-40,G16 gain @ 10 Hz,V/V,15.857
FSNOMTL,FS,NOMTL,3.3,-40,G16 gain @ 150 Hz,V/V,15.857
FSNOMTL,FS,NOMTL,3.3,-40,G16 gain error,%,-0.895
FSNOMTL,FS,NOMTL,3.3,-40,G16 -3 dB bandwidth,MHz,0.998
FSNOMTL,FS,NOMTL,3.3,-40,G16 CMRR @ 60 Hz,dB,206.815
FSNOMTL,FS,NOMTL,3.3,-40,G16 CMRR @ 150 Hz,dB,205.210
FSNOMTL,FS,NOMTL,3.3,-40,G16 PSRR+ @ 60 Hz,dB,253.296
FSNOMTL,FS,NOMTL,3.3,-40,G16 PSRR+ @ 150 Hz,dB,253.277
FSNOMTL,FS,NOMTL,3.3,-40,G16 PSRR- @ 60 Hz,dB,205.212
FSNOMTL,FS,NOMTL,3.3,-40,G16 PSRR- @ 150 Hz,dB,203.599
FSNOMTL,FS,NOMTL,3.3,-40,G16 input-referred noise 0.05-150 Hz,uVrms,3.084
FSNOMTH,FS,NOMTH,3.3,125,FDC bias current,uA,43.921
FSNOMTH,FS,NOMTH,3.3,125,CMFB bias current,uA,43.921
FSNOMTH,FS,NOMTH,3.3,125,Total current,mA,1.915
FSNOMTH,FS,NOMTH,3.3,125,Total power,mW,6.318
FSNOMTH,FS,NOMTH,3.3,125,Output CM error,mV,11.514
FSNOMTH,FS,NOMTH,3.3,125,G2 target gain,V/V,2.000
FSNOMTH,FS,NOMTH,3.3,125,G2 input offset,mV,-5.601e-07
FSNOMTH,FS,NOMTH,3.3,125,G2 gain @ 10 Hz,V/V,2.024
FSNOMTH,FS,NOMTH,3.3,125,G2 gain @ 150 Hz,V/V,2.024
FSNOMTH,FS,NOMTH,3.3,125,G2 gain error,%,1.220
FSNOMTH,FS,NOMTH,3.3,125,G2 -3 dB bandwidth,MHz,4.494
FSNOMTH,FS,NOMTH,3.3,125,G2 CMRR @ 60 Hz,dB,230.809
FSNOMTH,FS,NOMTH,3.3,125,G2 CMRR @ 150 Hz,dB,230.802
FSNOMTH,FS,NOMTH,3.3,125,G2 PSRR+ @ 60 Hz,dB,237.758
FSNOMTH,FS,NOMTH,3.3,125,G2 PSRR+ @ 150 Hz,dB,237.790
FSNOMTH,FS,NOMTH,3.3,125,G2 PSRR- @ 60 Hz,dB,229.567
FSNOMTH,FS,NOMTH,3.3,125,G2 PSRR- @ 150 Hz,dB,229.952
FSNOMTH,FS,NOMTH,3.3,125,G2 input-referred noise 0.05-150 Hz,uVrms,4.931
FSNOMTH,FS,NOMTH,3.3,125,G4 target gain,V/V,4.000
FSNOMTH,FS,NOMTH,3.3,125,G4 input offset,mV,-1.023e-07
FSNOMTH,FS,NOMTH,3.3,125,G4 gain @ 10 Hz,V/V,3.996
FSNOMTH,FS,NOMTH,3.3,125,G4 gain @ 150 Hz,V/V,3.996
FSNOMTH,FS,NOMTH,3.3,125,G4 gain error,%,-0.110
FSNOMTH,FS,NOMTH,3.3,125,G4 -3 dB bandwidth,MHz,2.669
FSNOMTH,FS,NOMTH,3.3,125,G4 CMRR @ 60 Hz,dB,222.201
FSNOMTH,FS,NOMTH,3.3,125,G4 CMRR @ 150 Hz,dB,220.360
FSNOMTH,FS,NOMTH,3.3,125,G4 PSRR+ @ 60 Hz,dB,235.626
FSNOMTH,FS,NOMTH,3.3,125,G4 PSRR+ @ 150 Hz,dB,235.640
FSNOMTH,FS,NOMTH,3.3,125,G4 PSRR- @ 60 Hz,dB,212.959
FSNOMTH,FS,NOMTH,3.3,125,G4 PSRR- @ 150 Hz,dB,211.363
FSNOMTH,FS,NOMTH,3.3,125,G4 input-referred noise 0.05-150 Hz,uVrms,4.126
FSNOMTH,FS,NOMTH,3.3,125,G8 target gain,V/V,8.000
FSNOMTH,FS,NOMTH,3.3,125,G8 input offset,mV,-1.105e-07
FSNOMTH,FS,NOMTH,3.3,125,G8 gain @ 10 Hz,V/V,7.968
FSNOMTH,FS,NOMTH,3.3,125,G8 gain @ 150 Hz,V/V,7.968
FSNOMTH,FS,NOMTH,3.3,125,G8 gain error,%,-0.396
FSNOMTH,FS,NOMTH,3.3,125,G8 -3 dB bandwidth,MHz,1.734
FSNOMTH,FS,NOMTH,3.3,125,G8 CMRR @ 60 Hz,dB,215.287
FSNOMTH,FS,NOMTH,3.3,125,G8 CMRR @ 150 Hz,dB,213.264
FSNOMTH,FS,NOMTH,3.3,125,G8 PSRR+ @ 60 Hz,dB,253.440
FSNOMTH,FS,NOMTH,3.3,125,G8 PSRR+ @ 150 Hz,dB,253.602
FSNOMTH,FS,NOMTH,3.3,125,G8 PSRR- @ 60 Hz,dB,211.779
FSNOMTH,FS,NOMTH,3.3,125,G8 PSRR- @ 150 Hz,dB,209.758
FSNOMTH,FS,NOMTH,3.3,125,G8 input-referred noise 0.05-150 Hz,uVrms,3.714
FSNOMTH,FS,NOMTH,3.3,125,G16 target gain,V/V,16.000
FSNOMTH,FS,NOMTH,3.3,125,G16 input offset,mV,-1.308e-07
FSNOMTH,FS,NOMTH,3.3,125,G16 gain @ 10 Hz,V/V,15.861
FSNOMTH,FS,NOMTH,3.3,125,G16 gain @ 150 Hz,V/V,15.861
FSNOMTH,FS,NOMTH,3.3,125,G16 gain error,%,-0.868
FSNOMTH,FS,NOMTH,3.3,125,G16 -3 dB bandwidth,MHz,0.786
FSNOMTH,FS,NOMTH,3.3,125,G16 CMRR @ 60 Hz,dB,206.731
FSNOMTH,FS,NOMTH,3.3,125,G16 CMRR @ 150 Hz,dB,205.597
FSNOMTH,FS,NOMTH,3.3,125,G16 PSRR+ @ 60 Hz,dB,279.979
FSNOMTH,FS,NOMTH,3.3,125,G16 PSRR+ @ 150 Hz,dB,280.524
FSNOMTH,FS,NOMTH,3.3,125,G16 PSRR- @ 60 Hz,dB,202.892
FSNOMTH,FS,NOMTH,3.3,125,G16 PSRR- @ 150 Hz,dB,201.998
FSNOMTH,FS,NOMTH,3.3,125,G16 input-referred noise 0.05-150 Hz,uVrms,3.508
FSVLTL,FS,VLTL,3,-40,FDC bias current,uA,35.417
FSVLTL,FS,VLTL,3,-40,CMFB bias current,uA,35.417
FSVLTL,FS,VLTL,3,-40,Total current,mA,1.306
FSVLTL,FS,VLTL,3,-40,Total power,mW,3.918
FSVLTL,FS,VLTL,3,-40,Output CM error,mV,-5.192
FSVLTL,FS,VLTL,3,-40,G2 target gain,V/V,2.000
FSVLTL,FS,VLTL,3,-40,G2 input offset,mV,-6.354e-08
FSVLTL,FS,VLTL,3,-40,G2 gain @ 10 Hz,V/V,2.011
FSVLTL,FS,VLTL,3,-40,G2 gain @ 150 Hz,V/V,2.011
FSVLTL,FS,VLTL,3,-40,G2 gain error,%,0.554
FSVLTL,FS,VLTL,3,-40,G2 -3 dB bandwidth,MHz,5.339
FSVLTL,FS,VLTL,3,-40,G2 CMRR @ 60 Hz,dB,243.275
FSVLTL,FS,VLTL,3,-40,G2 CMRR @ 150 Hz,dB,243.255
FSVLTL,FS,VLTL,3,-40,G2 PSRR+ @ 60 Hz,dB,232.409
FSVLTL,FS,VLTL,3,-40,G2 PSRR+ @ 150 Hz,dB,232.443
FSVLTL,FS,VLTL,3,-40,G2 PSRR- @ 60 Hz,dB,224.108
FSVLTL,FS,VLTL,3,-40,G2 PSRR- @ 150 Hz,dB,224.286
FSVLTL,FS,VLTL,3,-40,G2 input-referred noise 0.05-150 Hz,uVrms,4.330
FSVLTL,FS,VLTL,3,-40,G4 target gain,V/V,4.000
FSVLTL,FS,VLTL,3,-40,G4 input offset,mV,-2.972e-08
FSVLTL,FS,VLTL,3,-40,G4 gain @ 10 Hz,V/V,3.988
FSVLTL,FS,VLTL,3,-40,G4 gain @ 150 Hz,V/V,3.988
FSVLTL,FS,VLTL,3,-40,G4 gain error,%,-0.295
FSVLTL,FS,VLTL,3,-40,G4 -3 dB bandwidth,MHz,3.215
FSVLTL,FS,VLTL,3,-40,G4 CMRR @ 60 Hz,dB,221.183
FSVLTL,FS,VLTL,3,-40,G4 CMRR @ 150 Hz,dB,218.829
FSVLTL,FS,VLTL,3,-40,G4 PSRR+ @ 60 Hz,dB,232.560
FSVLTL,FS,VLTL,3,-40,G4 PSRR+ @ 150 Hz,dB,232.559
FSVLTL,FS,VLTL,3,-40,G4 PSRR- @ 60 Hz,dB,214.729
FSVLTL,FS,VLTL,3,-40,G4 PSRR- @ 150 Hz,dB,212.013
FSVLTL,FS,VLTL,3,-40,G4 input-referred noise 0.05-150 Hz,uVrms,3.617
FSVLTL,FS,VLTL,3,-40,G8 target gain,V/V,8.000
FSVLTL,FS,VLTL,3,-40,G8 input offset,mV,-4.057e-07
FSVLTL,FS,VLTL,3,-40,G8 gain @ 10 Hz,V/V,7.953
FSVLTL,FS,VLTL,3,-40,G8 gain @ 150 Hz,V/V,7.953
FSVLTL,FS,VLTL,3,-40,G8 gain error,%,-0.586
FSVLTL,FS,VLTL,3,-40,G8 -3 dB bandwidth,MHz,2.271
FSVLTL,FS,VLTL,3,-40,G8 CMRR @ 60 Hz,dB,214.742
FSVLTL,FS,VLTL,3,-40,G8 CMRR @ 150 Hz,dB,212.027
FSVLTL,FS,VLTL,3,-40,G8 PSRR+ @ 60 Hz,dB,231.299
FSVLTL,FS,VLTL,3,-40,G8 PSRR+ @ 150 Hz,dB,231.306
FSVLTL,FS,VLTL,3,-40,G8 PSRR- @ 60 Hz,dB,211.667
FSVLTL,FS,VLTL,3,-40,G8 PSRR- @ 150 Hz,dB,208.835
FSVLTL,FS,VLTL,3,-40,G8 input-referred noise 0.05-150 Hz,uVrms,3.256
FSVLTL,FS,VLTL,3,-40,G16 target gain,V/V,16.000
FSVLTL,FS,VLTL,3,-40,G16 input offset,mV,-2.059e-08
FSVLTL,FS,VLTL,3,-40,G16 gain @ 10 Hz,V/V,15.856
FSVLTL,FS,VLTL,3,-40,G16 gain @ 150 Hz,V/V,15.856
FSVLTL,FS,VLTL,3,-40,G16 gain error,%,-0.899
FSVLTL,FS,VLTL,3,-40,G16 -3 dB bandwidth,MHz,0.981
FSVLTL,FS,VLTL,3,-40,G16 CMRR @ 60 Hz,dB,207.012
FSVLTL,FS,VLTL,3,-40,G16 CMRR @ 150 Hz,dB,205.326
FSVLTL,FS,VLTL,3,-40,G16 PSRR+ @ 60 Hz,dB,292.800
FSVLTL,FS,VLTL,3,-40,G16 PSRR+ @ 150 Hz,dB,286.454
FSVLTL,FS,VLTL,3,-40,G16 PSRR- @ 60 Hz,dB,204.876
FSVLTL,FS,VLTL,3,-40,G16 PSRR- @ 150 Hz,dB,203.273
FSVLTL,FS,VLTL,3,-40,G16 input-referred noise 0.05-150 Hz,uVrms,3.074
FSVLTH,FS,VLTH,3,125,FDC bias current,uA,43.195
FSVLTH,FS,VLTH,3,125,CMFB bias current,uA,43.195
FSVLTH,FS,VLTH,3,125,Total current,mA,1.871
FSVLTH,FS,VLTH,3,125,Total power,mW,5.612
FSVLTH,FS,VLTH,3,125,Output CM error,mV,11.436
FSVLTH,FS,VLTH,3,125,G2 target gain,V/V,2.000
FSVLTH,FS,VLTH,3,125,G2 input offset,mV,-2.200e-08
FSVLTH,FS,VLTH,3,125,G2 gain @ 10 Hz,V/V,2.032
FSVLTH,FS,VLTH,3,125,G2 gain @ 150 Hz,V/V,2.032
FSVLTH,FS,VLTH,3,125,G2 gain error,%,1.621
FSVLTH,FS,VLTH,3,125,G2 -3 dB bandwidth,MHz,4.398
FSVLTH,FS,VLTH,3,125,G2 CMRR @ 60 Hz,dB,259.350
FSVLTH,FS,VLTH,3,125,G2 CMRR @ 150 Hz,dB,259.097
FSVLTH,FS,VLTH,3,125,G2 PSRR+ @ 60 Hz,dB,229.470
FSVLTH,FS,VLTH,3,125,G2 PSRR+ @ 150 Hz,dB,229.469
FSVLTH,FS,VLTH,3,125,G2 PSRR- @ 60 Hz,dB,241.767
FSVLTH,FS,VLTH,3,125,G2 PSRR- @ 150 Hz,dB,243.959
FSVLTH,FS,VLTH,3,125,G2 input-referred noise 0.05-150 Hz,uVrms,4.922
FSVLTH,FS,VLTH,3,125,G4 target gain,V/V,4.000
FSVLTH,FS,VLTH,3,125,G4 input offset,mV,-9.444e-08
FSVLTH,FS,VLTH,3,125,G4 gain @ 10 Hz,V/V,4.000
FSVLTH,FS,VLTH,3,125,G4 gain @ 150 Hz,V/V,4.000
FSVLTH,FS,VLTH,3,125,G4 gain error,%,-0.010
FSVLTH,FS,VLTH,3,125,G4 -3 dB bandwidth,MHz,2.616
FSVLTH,FS,VLTH,3,125,G4 CMRR @ 60 Hz,dB,222.124
FSVLTH,FS,VLTH,3,125,G4 CMRR @ 150 Hz,dB,220.251
FSVLTH,FS,VLTH,3,125,G4 PSRR+ @ 60 Hz,dB,252.774
FSVLTH,FS,VLTH,3,125,G4 PSRR+ @ 150 Hz,dB,252.851
FSVLTH,FS,VLTH,3,125,G4 PSRR- @ 60 Hz,dB,214.281
FSVLTH,FS,VLTH,3,125,G4 PSRR- @ 150 Hz,dB,212.406
FSVLTH,FS,VLTH,3,125,G4 input-referred noise 0.05-150 Hz,uVrms,4.124
FSVLTH,FS,VLTH,3,125,G8 target gain,V/V,8.000
FSVLTH,FS,VLTH,3,125,G8 input offset,mV,5.861e-08
FSVLTH,FS,VLTH,3,125,G8 gain @ 10 Hz,V/V,7.976
FSVLTH,FS,VLTH,3,125,G8 gain @ 150 Hz,V/V,7.976
FSVLTH,FS,VLTH,3,125,G8 gain error,%,-0.301
FSVLTH,FS,VLTH,3,125,G8 -3 dB bandwidth,MHz,1.692
FSVLTH,FS,VLTH,3,125,G8 CMRR @ 60 Hz,dB,200.998
FSVLTH,FS,VLTH,3,125,G8 CMRR @ 150 Hz,dB,200.560
FSVLTH,FS,VLTH,3,125,G8 PSRR+ @ 60 Hz,dB,249.754
FSVLTH,FS,VLTH,3,125,G8 PSRR+ @ 150 Hz,dB,249.708
FSVLTH,FS,VLTH,3,125,G8 PSRR- @ 60 Hz,dB,197.480
FSVLTH,FS,VLTH,3,125,G8 PSRR- @ 150 Hz,dB,197.043
FSVLTH,FS,VLTH,3,125,G8 input-referred noise 0.05-150 Hz,uVrms,3.712
FSVLTH,FS,VLTH,3,125,G16 target gain,V/V,16.000
FSVLTH,FS,VLTH,3,125,G16 input offset,mV,-1.220e-07
FSVLTH,FS,VLTH,3,125,G16 gain @ 10 Hz,V/V,15.860
FSVLTH,FS,VLTH,3,125,G16 gain @ 150 Hz,V/V,15.860
FSVLTH,FS,VLTH,3,125,G16 gain error,%,-0.874
FSVLTH,FS,VLTH,3,125,G16 -3 dB bandwidth,MHz,0.770
FSVLTH,FS,VLTH,3,125,G16 CMRR @ 60 Hz,dB,206.721
FSVLTH,FS,VLTH,3,125,G16 CMRR @ 150 Hz,dB,205.561
FSVLTH,FS,VLTH,3,125,G16 PSRR+ @ 60 Hz,dB,264.551
FSVLTH,FS,VLTH,3,125,G16 PSRR+ @ 150 Hz,dB,264.700
FSVLTH,FS,VLTH,3,125,G16 PSRR- @ 60 Hz,dB,202.899
FSVLTH,FS,VLTH,3,125,G16 PSRR- @ 150 Hz,dB,201.982
FSVLTH,FS,VLTH,3,125,G16 input-referred noise 0.05-150 Hz,uVrms,3.507
FSVHTL,FS,VHTL,3.6,-40,FDC bias current,uA,36.425
FSVHTL,FS,VHTL,3.6,-40,CMFB bias current,uA,36.425
FSVHTL,FS,VHTL,3.6,-40,Total current,mA,1.369
FSVHTL,FS,VHTL,3.6,-40,Total power,mW,4.927
FSVHTL,FS,VHTL,3.6,-40,Output CM error,mV,-5.104
FSVHTL,FS,VHTL,3.6,-40,G2 target gain,V/V,2.000
FSVHTL,FS,VHTL,3.6,-40,G2 input offset,mV,-5.086e-08
FSVHTL,FS,VHTL,3.6,-40,G2 gain @ 10 Hz,V/V,2.003
FSVHTL,FS,VHTL,3.6,-40,G2 gain @ 150 Hz,V/V,2.003
FSVHTL,FS,VHTL,3.6,-40,G2 gain error,%,0.141
FSVHTL,FS,VHTL,3.6,-40,G2 -3 dB bandwidth,MHz,5.490
FSVHTL,FS,VHTL,3.6,-40,G2 CMRR @ 60 Hz,dB,256.875
FSVHTL,FS,VHTL,3.6,-40,G2 CMRR @ 150 Hz,dB,256.851
FSVHTL,FS,VHTL,3.6,-40,G2 PSRR+ @ 60 Hz,dB,237.759
FSVHTL,FS,VHTL,3.6,-40,G2 PSRR+ @ 150 Hz,dB,237.700
FSVHTL,FS,VHTL,3.6,-40,G2 PSRR- @ 60 Hz,dB,240.619
FSVHTL,FS,VHTL,3.6,-40,G2 PSRR- @ 150 Hz,dB,241.258
FSVHTL,FS,VHTL,3.6,-40,G2 input-referred noise 0.05-150 Hz,uVrms,4.362
FSVHTL,FS,VHTL,3.6,-40,G4 target gain,V/V,4.000
FSVHTL,FS,VHTL,3.6,-40,G4 input offset,mV,-3.101e-09
FSVHTL,FS,VHTL,3.6,-40,G4 gain @ 10 Hz,V/V,3.984
FSVHTL,FS,VHTL,3.6,-40,G4 gain @ 150 Hz,V/V,3.984
FSVHTL,FS,VHTL,3.6,-40,G4 gain error,%,-0.397
FSVHTL,FS,VHTL,3.6,-40,G4 -3 dB bandwidth,MHz,3.303
FSVHTL,FS,VHTL,3.6,-40,G4 CMRR @ 60 Hz,dB,221.344
FSVHTL,FS,VHTL,3.6,-40,G4 CMRR @ 150 Hz,dB,219.081
FSVHTL,FS,VHTL,3.6,-40,G4 PSRR+ @ 60 Hz,dB,278.526
FSVHTL,FS,VHTL,3.6,-40,G4 PSRR+ @ 150 Hz,dB,278.786
FSVHTL,FS,VHTL,3.6,-40,G4 PSRR- @ 60 Hz,dB,213.668
FSVHTL,FS,VHTL,3.6,-40,G4 PSRR- @ 150 Hz,dB,211.353
FSVHTL,FS,VHTL,3.6,-40,G4 input-referred noise 0.05-150 Hz,uVrms,3.639
FSVHTL,FS,VHTL,3.6,-40,G8 target gain,V/V,8.000
FSVHTL,FS,VHTL,3.6,-40,G8 input offset,mV,-1.984e-07
FSVHTL,FS,VHTL,3.6,-40,G8 gain @ 10 Hz,V/V,7.945
FSVHTL,FS,VHTL,3.6,-40,G8 gain @ 150 Hz,V/V,7.945
FSVHTL,FS,VHTL,3.6,-40,G8 gain error,%,-0.687
FSVHTL,FS,VHTL,3.6,-40,G8 -3 dB bandwidth,MHz,2.358
FSVHTL,FS,VHTL,3.6,-40,G8 CMRR @ 60 Hz,dB,214.878
FSVHTL,FS,VHTL,3.6,-40,G8 CMRR @ 150 Hz,dB,218.639
FSVHTL,FS,VHTL,3.6,-40,G8 PSRR+ @ 60 Hz,dB,248.073
FSVHTL,FS,VHTL,3.6,-40,G8 PSRR+ @ 150 Hz,dB,248.121
FSVHTL,FS,VHTL,3.6,-40,G8 PSRR- @ 60 Hz,dB,211.402
FSVHTL,FS,VHTL,3.6,-40,G8 PSRR- @ 150 Hz,dB,215.180
FSVHTL,FS,VHTL,3.6,-40,G8 input-referred noise 0.05-150 Hz,uVrms,3.275
FSVHTL,FS,VHTL,3.6,-40,G16 target gain,V/V,16.000
FSVHTL,FS,VHTL,3.6,-40,G16 input offset,mV,5.363e-08
FSVHTL,FS,VHTL,3.6,-40,G16 gain @ 10 Hz,V/V,15.857
FSVHTL,FS,VHTL,3.6,-40,G16 gain @ 150 Hz,V/V,15.857
FSVHTL,FS,VHTL,3.6,-40,G16 gain error,%,-0.891
FSVHTL,FS,VHTL,3.6,-40,G16 -3 dB bandwidth,MHz,1.010
FSVHTL,FS,VHTL,3.6,-40,G16 CMRR @ 60 Hz,dB,207.034
FSVHTL,FS,VHTL,3.6,-40,G16 CMRR @ 150 Hz,dB,205.436
FSVHTL,FS,VHTL,3.6,-40,G16 PSRR+ @ 60 Hz,dB,280.915
FSVHTL,FS,VHTL,3.6,-40,G16 PSRR+ @ 150 Hz,dB,282.475
FSVHTL,FS,VHTL,3.6,-40,G16 PSRR- @ 60 Hz,dB,204.897
FSVHTL,FS,VHTL,3.6,-40,G16 PSRR- @ 150 Hz,dB,203.378
FSVHTL,FS,VHTL,3.6,-40,G16 input-referred noise 0.05-150 Hz,uVrms,3.093
FSVHTH,FS,VHTH,3.6,125,FDC bias current,uA,44.349
FSVHTH,FS,VHTH,3.6,125,CMFB bias current,uA,44.349
FSVHTH,FS,VHTH,3.6,125,Total current,mA,1.944
FSVHTH,FS,VHTH,3.6,125,Total power,mW,7.000
FSVHTH,FS,VHTH,3.6,125,Output CM error,mV,11.553
FSVHTH,FS,VHTH,3.6,125,G2 target gain,V/V,2.000
FSVHTH,FS,VHTH,3.6,125,G2 input offset,mV,1.933e-08
FSVHTH,FS,VHTH,3.6,125,G2 gain @ 10 Hz,V/V,2.019
FSVHTH,FS,VHTH,3.6,125,G2 gain @ 150 Hz,V/V,2.019
FSVHTH,FS,VHTH,3.6,125,G2 gain error,%,0.954
FSVHTH,FS,VHTH,3.6,125,G2 -3 dB bandwidth,MHz,4.553
FSVHTH,FS,VHTH,3.6,125,G2 CMRR @ 60 Hz,dB,257.602
FSVHTH,FS,VHTH,3.6,125,G2 CMRR @ 150 Hz,dB,257.676
FSVHTH,FS,VHTH,3.6,125,G2 PSRR+ @ 60 Hz,dB,229.969
FSVHTH,FS,VHTH,3.6,125,G2 PSRR+ @ 150 Hz,dB,229.983
FSVHTH,FS,VHTH,3.6,125,G2 PSRR- @ 60 Hz,dB,236.803
FSVHTH,FS,VHTH,3.6,125,G2 PSRR- @ 150 Hz,dB,236.124
FSVHTH,FS,VHTH,3.6,125,G2 input-referred noise 0.05-150 Hz,uVrms,4.938
FSVHTH,FS,VHTH,3.6,125,G4 target gain,V/V,4.000
FSVHTH,FS,VHTH,3.6,125,G4 input offset,mV,-4.298e-08
FSVHTH,FS,VHTH,3.6,125,G4 gain @ 10 Hz,V/V,3.993
FSVHTH,FS,VHTH,3.6,125,G4 gain @ 150 Hz,V/V,3.993
FSVHTH,FS,VHTH,3.6,125,G4 gain error,%,-0.176
FSVHTH,FS,VHTH,3.6,125,G4 -3 dB bandwidth,MHz,2.702
FSVHTH,FS,VHTH,3.6,125,G4 CMRR @ 60 Hz,dB,222.334
FSVHTH,FS,VHTH,3.6,125,G4 CMRR @ 150 Hz,dB,220.513
FSVHTH,FS,VHTH,3.6,125,G4 PSRR+ @ 60 Hz,dB,251.134
FSVHTH,FS,VHTH,3.6,125,G4 PSRR+ @ 150 Hz,dB,251.044
FSVHTH,FS,VHTH,3.6,125,G4 PSRR- @ 60 Hz,dB,214.096
FSVHTH,FS,VHTH,3.6,125,G4 PSRR- @ 150 Hz,dB,212.341
FSVHTH,FS,VHTH,3.6,125,G4 input-referred noise 0.05-150 Hz,uVrms,4.129
FSVHTH,FS,VHTH,3.6,125,G8 target gain,V/V,8.000
FSVHTH,FS,VHTH,3.6,125,G8 input offset,mV,-4.801e-07
FSVHTH,FS,VHTH,3.6,125,G8 gain @ 10 Hz,V/V,7.963
FSVHTH,FS,VHTH,3.6,125,G8 gain @ 150 Hz,V/V,7.963
FSVHTH,FS,VHTH,3.6,125,G8 gain error,%,-0.459
FSVHTH,FS,VHTH,3.6,125,G8 -3 dB bandwidth,MHz,1.760
FSVHTH,FS,VHTH,3.6,125,G8 CMRR @ 60 Hz,dB,202.490
FSVHTH,FS,VHTH,3.6,125,G8 CMRR @ 150 Hz,dB,201.997
FSVHTH,FS,VHTH,3.6,125,G8 PSRR+ @ 60 Hz,dB,238.655
FSVHTH,FS,VHTH,3.6,125,G8 PSRR+ @ 150 Hz,dB,238.667
FSVHTH,FS,VHTH,3.6,125,G8 PSRR- @ 60 Hz,dB,199.005
FSVHTH,FS,VHTH,3.6,125,G8 PSRR- @ 150 Hz,dB,198.511
FSVHTH,FS,VHTH,3.6,125,G8 input-referred noise 0.05-150 Hz,uVrms,3.717
FSVHTH,FS,VHTH,3.6,125,G16 target gain,V/V,16.000
FSVHTH,FS,VHTH,3.6,125,G16 input offset,mV,-2.530e-07
FSVHTH,FS,VHTH,3.6,125,G16 gain @ 10 Hz,V/V,15.862
FSVHTH,FS,VHTH,3.6,125,G16 gain @ 150 Hz,V/V,15.862
FSVHTH,FS,VHTH,3.6,125,G16 gain error,%,-0.863
FSVHTH,FS,VHTH,3.6,125,G16 -3 dB bandwidth,MHz,0.796
FSVHTH,FS,VHTH,3.6,125,G16 CMRR @ 60 Hz,dB,204.021
FSVHTH,FS,VHTH,3.6,125,G16 CMRR @ 150 Hz,dB,203.197
FSVHTH,FS,VHTH,3.6,125,G16 PSRR+ @ 60 Hz,dB,279.568
FSVHTH,FS,VHTH,3.6,125,G16 PSRR+ @ 150 Hz,dB,282.041
FSVHTH,FS,VHTH,3.6,125,G16 PSRR- @ 60 Hz,dB,200.390
FSVHTH,FS,VHTH,3.6,125,G16 PSRR- @ 150 Hz,dB,199.727
FSVHTH,FS,VHTH,3.6,125,G16 input-referred noise 0.05-150 Hz,uVrms,3.510
SFNOMNOM,SF,NOMNOM,3.3,27,FDC bias current,uA,39.434
SFNOMNOM,SF,NOMNOM,3.3,27,CMFB bias current,uA,39.434
SFNOMNOM,SF,NOMNOM,3.3,27,Total current,mA,1.556
SFNOMNOM,SF,NOMNOM,3.3,27,Total power,mW,5.133
SFNOMNOM,SF,NOMNOM,3.3,27,Output CM error,mV,-1.018
SFNOMNOM,SF,NOMNOM,3.3,27,G2 target gain,V/V,2.000
SFNOMNOM,SF,NOMNOM,3.3,27,G2 input offset,mV,2.144e-08
SFNOMNOM,SF,NOMNOM,3.3,27,G2 gain @ 10 Hz,V/V,2.017
SFNOMNOM,SF,NOMNOM,3.3,27,G2 gain @ 150 Hz,V/V,2.017
SFNOMNOM,SF,NOMNOM,3.3,27,G2 gain error,%,0.832
SFNOMNOM,SF,NOMNOM,3.3,27,G2 -3 dB bandwidth,MHz,4.904
SFNOMNOM,SF,NOMNOM,3.3,27,G2 CMRR @ 60 Hz,dB,259.482
SFNOMNOM,SF,NOMNOM,3.3,27,G2 CMRR @ 150 Hz,dB,259.210
SFNOMNOM,SF,NOMNOM,3.3,27,G2 PSRR+ @ 60 Hz,dB,232.478
SFNOMNOM,SF,NOMNOM,3.3,27,G2 PSRR+ @ 150 Hz,dB,232.525
SFNOMNOM,SF,NOMNOM,3.3,27,G2 PSRR- @ 60 Hz,dB,228.057
SFNOMNOM,SF,NOMNOM,3.3,27,G2 PSRR- @ 150 Hz,dB,228.875
SFNOMNOM,SF,NOMNOM,3.3,27,G2 input-referred noise 0.05-150 Hz,uVrms,4.689
SFNOMNOM,SF,NOMNOM,3.3,27,G4 target gain,V/V,4.000
SFNOMNOM,SF,NOMNOM,3.3,27,G4 input offset,mV,1.916e-09
SFNOMNOM,SF,NOMNOM,3.3,27,G4 gain @ 10 Hz,V/V,3.991
SFNOMNOM,SF,NOMNOM,3.3,27,G4 gain @ 150 Hz,V/V,3.991
SFNOMNOM,SF,NOMNOM,3.3,27,G4 gain error,%,-0.215
SFNOMNOM,SF,NOMNOM,3.3,27,G4 -3 dB bandwidth,MHz,2.938
SFNOMNOM,SF,NOMNOM,3.3,27,G4 CMRR @ 60 Hz,dB,226.573
SFNOMNOM,SF,NOMNOM,3.3,27,G4 CMRR @ 150 Hz,dB,220.212
SFNOMNOM,SF,NOMNOM,3.3,27,G4 PSRR+ @ 60 Hz,dB,234.083
SFNOMNOM,SF,NOMNOM,3.3,27,G4 PSRR+ @ 150 Hz,dB,234.059
SFNOMNOM,SF,NOMNOM,3.3,27,G4 PSRR- @ 60 Hz,dB,216.518
SFNOMNOM,SF,NOMNOM,3.3,27,G4 PSRR- @ 150 Hz,dB,211.203
SFNOMNOM,SF,NOMNOM,3.3,27,G4 input-referred noise 0.05-150 Hz,uVrms,3.920
SFNOMNOM,SF,NOMNOM,3.3,27,G8 target gain,V/V,8.000
SFNOMNOM,SF,NOMNOM,3.3,27,G8 input offset,mV,4.265e-07
SFNOMNOM,SF,NOMNOM,3.3,27,G8 gain @ 10 Hz,V/V,7.960
SFNOMNOM,SF,NOMNOM,3.3,27,G8 gain @ 150 Hz,V/V,7.960
SFNOMNOM,SF,NOMNOM,3.3,27,G8 gain error,%,-0.501
SFNOMNOM,SF,NOMNOM,3.3,27,G8 -3 dB bandwidth,MHz,2.003
SFNOMNOM,SF,NOMNOM,3.3,27,G8 CMRR @ 60 Hz,dB,191.621
SFNOMNOM,SF,NOMNOM,3.3,27,G8 CMRR @ 150 Hz,dB,191.213
SFNOMNOM,SF,NOMNOM,3.3,27,G8 PSRR+ @ 60 Hz,dB,243.735
SFNOMNOM,SF,NOMNOM,3.3,27,G8 PSRR+ @ 150 Hz,dB,243.716
SFNOMNOM,SF,NOMNOM,3.3,27,G8 PSRR- @ 60 Hz,dB,188.105
SFNOMNOM,SF,NOMNOM,3.3,27,G8 PSRR- @ 150 Hz,dB,187.698
SFNOMNOM,SF,NOMNOM,3.3,27,G8 input-referred noise 0.05-150 Hz,uVrms,3.529
SFNOMNOM,SF,NOMNOM,3.3,27,G16 target gain,V/V,16.000
SFNOMNOM,SF,NOMNOM,3.3,27,G16 input offset,mV,3.459e-07
SFNOMNOM,SF,NOMNOM,3.3,27,G16 gain @ 10 Hz,V/V,15.860
SFNOMNOM,SF,NOMNOM,3.3,27,G16 gain @ 150 Hz,V/V,15.860
SFNOMNOM,SF,NOMNOM,3.3,27,G16 gain error,%,-0.876
SFNOMNOM,SF,NOMNOM,3.3,27,G16 -3 dB bandwidth,MHz,0.880
SFNOMNOM,SF,NOMNOM,3.3,27,G16 CMRR @ 60 Hz,dB,188.993
SFNOMNOM,SF,NOMNOM,3.3,27,G16 CMRR @ 150 Hz,dB,188.559
SFNOMNOM,SF,NOMNOM,3.3,27,G16 PSRR+ @ 60 Hz,dB,272.115
SFNOMNOM,SF,NOMNOM,3.3,27,G16 PSRR+ @ 150 Hz,dB,271.356
SFNOMNOM,SF,NOMNOM,3.3,27,G16 PSRR- @ 60 Hz,dB,186.022
SFNOMNOM,SF,NOMNOM,3.3,27,G16 PSRR- @ 150 Hz,dB,185.646
SFNOMNOM,SF,NOMNOM,3.3,27,G16 input-referred noise 0.05-150 Hz,uVrms,3.332
SFVLNOM,SF,VLNOM,3,27,FDC bias current,uA,38.815
SFVLNOM,SF,VLNOM,3,27,CMFB bias current,uA,38.815
SFVLNOM,SF,VLNOM,3,27,Total current,mA,1.520
SFVLNOM,SF,VLNOM,3,27,Total power,mW,4.559
SFVLNOM,SF,VLNOM,3,27,Output CM error,mV,-1.019
SFVLNOM,SF,VLNOM,3,27,G2 target gain,V/V,2.000
SFVLNOM,SF,VLNOM,3,27,G2 input offset,mV,2.467e-08
SFVLNOM,SF,VLNOM,3,27,G2 gain @ 10 Hz,V/V,2.026
SFVLNOM,SF,VLNOM,3,27,G2 gain @ 150 Hz,V/V,2.026
SFVLNOM,SF,VLNOM,3,27,G2 gain error,%,1.296
SFVLNOM,SF,VLNOM,3,27,G2 -3 dB bandwidth,MHz,4.807
SFVLNOM,SF,VLNOM,3,27,G2 CMRR @ 60 Hz,dB,249.440
SFVLNOM,SF,VLNOM,3,27,G2 CMRR @ 150 Hz,dB,249.272
SFVLNOM,SF,VLNOM,3,27,G2 PSRR+ @ 60 Hz,dB,227.743
SFVLNOM,SF,VLNOM,3,27,G2 PSRR+ @ 150 Hz,dB,227.748
SFVLNOM,SF,VLNOM,3,27,G2 PSRR- @ 60 Hz,dB,219.679
SFVLNOM,SF,VLNOM,3,27,G2 PSRR- @ 150 Hz,dB,219.298
SFVLNOM,SF,VLNOM,3,27,G2 input-referred noise 0.05-150 Hz,uVrms,4.672
SFVLNOM,SF,VLNOM,3,27,G4 target gain,V/V,4.000
SFVLNOM,SF,VLNOM,3,27,G4 input offset,mV,2.823e-08
SFVLNOM,SF,VLNOM,3,27,G4 gain @ 10 Hz,V/V,3.996
SFVLNOM,SF,VLNOM,3,27,G4 gain @ 150 Hz,V/V,3.996
SFVLNOM,SF,VLNOM,3,27,G4 gain error,%,-0.099
SFVLNOM,SF,VLNOM,3,27,G4 -3 dB bandwidth,MHz,2.885
SFVLNOM,SF,VLNOM,3,27,G4 CMRR @ 60 Hz,dB,226.374
SFVLNOM,SF,VLNOM,3,27,G4 CMRR @ 150 Hz,dB,220.161
SFVLNOM,SF,VLNOM,3,27,G4 PSRR+ @ 60 Hz,dB,232.157
SFVLNOM,SF,VLNOM,3,27,G4 PSRR+ @ 150 Hz,dB,232.182
SFVLNOM,SF,VLNOM,3,27,G4 PSRR- @ 60 Hz,dB,216.595
SFVLNOM,SF,VLNOM,3,27,G4 PSRR- @ 150 Hz,dB,211.293
SFVLNOM,SF,VLNOM,3,27,G4 input-referred noise 0.05-150 Hz,uVrms,3.911
SFVLNOM,SF,VLNOM,3,27,G8 target gain,V/V,8.000
SFVLNOM,SF,VLNOM,3,27,G8 input offset,mV,1.372e-07
SFVLNOM,SF,VLNOM,3,27,G8 gain @ 10 Hz,V/V,7.969
SFVLNOM,SF,VLNOM,3,27,G8 gain @ 150 Hz,V/V,7.969
SFVLNOM,SF,VLNOM,3,27,G8 gain error,%,-0.387
SFVLNOM,SF,VLNOM,3,27,G8 -3 dB bandwidth,MHz,1.958
SFVLNOM,SF,VLNOM,3,27,G8 CMRR @ 60 Hz,dB,197.038
SFVLNOM,SF,VLNOM,3,27,G8 CMRR @ 150 Hz,dB,196.301
SFVLNOM,SF,VLNOM,3,27,G8 PSRR+ @ 60 Hz,dB,249.281
SFVLNOM,SF,VLNOM,3,27,G8 PSRR+ @ 150 Hz,dB,249.348
SFVLNOM,SF,VLNOM,3,27,G8 PSRR- @ 60 Hz,dB,193.530
SFVLNOM,SF,VLNOM,3,27,G8 PSRR- @ 150 Hz,dB,192.792
SFVLNOM,SF,VLNOM,3,27,G8 input-referred noise 0.05-150 Hz,uVrms,3.521
SFVLNOM,SF,VLNOM,3,27,G16 target gain,V/V,16.000
SFVLNOM,SF,VLNOM,3,27,G16 input offset,mV,3.078e-07
SFVLNOM,SF,VLNOM,3,27,G16 gain @ 10 Hz,V/V,15.859
SFVLNOM,SF,VLNOM,3,27,G16 gain @ 150 Hz,V/V,15.859
SFVLNOM,SF,VLNOM,3,27,G16 gain error,%,-0.880
SFVLNOM,SF,VLNOM,3,27,G16 -3 dB bandwidth,MHz,0.864
SFVLNOM,SF,VLNOM,3,27,G16 CMRR @ 60 Hz,dB,194.855
SFVLNOM,SF,VLNOM,3,27,G16 CMRR @ 150 Hz,dB,194.033
SFVLNOM,SF,VLNOM,3,27,G16 PSRR+ @ 60 Hz,dB,271.228
SFVLNOM,SF,VLNOM,3,27,G16 PSRR+ @ 150 Hz,dB,270.830
SFVLNOM,SF,VLNOM,3,27,G16 PSRR- @ 60 Hz,dB,191.940
SFVLNOM,SF,VLNOM,3,27,G16 PSRR- @ 150 Hz,dB,191.221
SFVLNOM,SF,VLNOM,3,27,G16 input-referred noise 0.05-150 Hz,uVrms,3.325
SFVHNOM,SF,VHNOM,3.6,27,FDC bias current,uA,39.863
SFVHNOM,SF,VHNOM,3.6,27,CMFB bias current,uA,39.863
SFVHNOM,SF,VHNOM,3.6,27,Total current,mA,1.583
SFVHNOM,SF,VHNOM,3.6,27,Total power,mW,5.700
SFVHNOM,SF,VHNOM,3.6,27,Output CM error,mV,-1.018
SFVHNOM,SF,VHNOM,3.6,27,G2 target gain,V/V,2.000
SFVHNOM,SF,VHNOM,3.6,27,G2 input offset,mV,2.367e-08
SFVHNOM,SF,VHNOM,3.6,27,G2 gain @ 10 Hz,V/V,2.011
SFVHNOM,SF,VHNOM,3.6,27,G2 gain @ 150 Hz,V/V,2.011
SFVHNOM,SF,VHNOM,3.6,27,G2 gain error,%,0.567
SFVHNOM,SF,VHNOM,3.6,27,G2 -3 dB bandwidth,MHz,4.968
SFVHNOM,SF,VHNOM,3.6,27,G2 CMRR @ 60 Hz,dB,259.161
SFVHNOM,SF,VHNOM,3.6,27,G2 CMRR @ 150 Hz,dB,258.968
SFVHNOM,SF,VHNOM,3.6,27,G2 PSRR+ @ 60 Hz,dB,223.637
SFVHNOM,SF,VHNOM,3.6,27,G2 PSRR+ @ 150 Hz,dB,223.633
SFVHNOM,SF,VHNOM,3.6,27,G2 PSRR- @ 60 Hz,dB,221.214
SFVHNOM,SF,VHNOM,3.6,27,G2 PSRR- @ 150 Hz,dB,220.925
SFVHNOM,SF,VHNOM,3.6,27,G2 input-referred noise 0.05-150 Hz,uVrms,4.703
SFVHNOM,SF,VHNOM,3.6,27,G4 target gain,V/V,4.000
SFVHNOM,SF,VHNOM,3.6,27,G4 input offset,mV,3.807e-08
SFVHNOM,SF,VHNOM,3.6,27,G4 gain @ 10 Hz,V/V,3.989
SFVHNOM,SF,VHNOM,3.6,27,G4 gain @ 150 Hz,V/V,3.989
SFVHNOM,SF,VHNOM,3.6,27,G4 gain error,%,-0.281
SFVHNOM,SF,VHNOM,3.6,27,G4 -3 dB bandwidth,MHz,2.974
SFVHNOM,SF,VHNOM,3.6,27,G4 CMRR @ 60 Hz,dB,226.541
SFVHNOM,SF,VHNOM,3.6,27,G4 CMRR @ 150 Hz,dB,220.149
SFVHNOM,SF,VHNOM,3.6,27,G4 PSRR+ @ 60 Hz,dB,235.942
SFVHNOM,SF,VHNOM,3.6,27,G4 PSRR+ @ 150 Hz,dB,235.954
SFVHNOM,SF,VHNOM,3.6,27,G4 PSRR- @ 60 Hz,dB,217.465
SFVHNOM,SF,VHNOM,3.6,27,G4 PSRR- @ 150 Hz,dB,211.654
SFVHNOM,SF,VHNOM,3.6,27,G4 input-referred noise 0.05-150 Hz,uVrms,3.928
SFVHNOM,SF,VHNOM,3.6,27,G8 target gain,V/V,8.000
SFVHNOM,SF,VHNOM,3.6,27,G8 input offset,mV,7.504e-07
SFVHNOM,SF,VHNOM,3.6,27,G8 gain @ 10 Hz,V/V,7.955
SFVHNOM,SF,VHNOM,3.6,27,G8 gain @ 150 Hz,V/V,7.955
SFVHNOM,SF,VHNOM,3.6,27,G8 gain error,%,-0.566
SFVHNOM,SF,VHNOM,3.6,27,G8 -3 dB bandwidth,MHz,2.033
SFVHNOM,SF,VHNOM,3.6,27,G8 CMRR @ 60 Hz,dB,192.871
SFVHNOM,SF,VHNOM,3.6,27,G8 CMRR @ 150 Hz,dB,192.397
SFVHNOM,SF,VHNOM,3.6,27,G8 PSRR+ @ 60 Hz,dB,238.265
SFVHNOM,SF,VHNOM,3.6,27,G8 PSRR+ @ 150 Hz,dB,238.250
SFVHNOM,SF,VHNOM,3.6,27,G8 PSRR- @ 60 Hz,dB,189.355
SFVHNOM,SF,VHNOM,3.6,27,G8 PSRR- @ 150 Hz,dB,188.881
SFVHNOM,SF,VHNOM,3.6,27,G8 input-referred noise 0.05-150 Hz,uVrms,3.536
SFVHNOM,SF,VHNOM,3.6,27,G16 target gain,V/V,16.000
SFVHNOM,SF,VHNOM,3.6,27,G16 input offset,mV,4.185e-07
SFVHNOM,SF,VHNOM,3.6,27,G16 gain @ 10 Hz,V/V,15.860
SFVHNOM,SF,VHNOM,3.6,27,G16 gain @ 150 Hz,V/V,15.860
SFVHNOM,SF,VHNOM,3.6,27,G16 gain error,%,-0.873
SFVHNOM,SF,VHNOM,3.6,27,G16 -3 dB bandwidth,MHz,0.891
SFVHNOM,SF,VHNOM,3.6,27,G16 CMRR @ 60 Hz,dB,188.993
SFVHNOM,SF,VHNOM,3.6,27,G16 CMRR @ 150 Hz,dB,188.554
SFVHNOM,SF,VHNOM,3.6,27,G16 PSRR+ @ 60 Hz,dB,286.787
SFVHNOM,SF,VHNOM,3.6,27,G16 PSRR+ @ 150 Hz,dB,279.337
SFVHNOM,SF,VHNOM,3.6,27,G16 PSRR- @ 60 Hz,dB,186.021
SFVHNOM,SF,VHNOM,3.6,27,G16 PSRR- @ 150 Hz,dB,185.640
SFVHNOM,SF,VHNOM,3.6,27,G16 input-referred noise 0.05-150 Hz,uVrms,3.339
SFNOMTL,SF,NOMTL,3.3,-40,FDC bias current,uA,34.844
SFNOMTL,SF,NOMTL,3.3,-40,CMFB bias current,uA,34.844
SFNOMTL,SF,NOMTL,3.3,-40,Total current,mA,1.263
SFNOMTL,SF,NOMTL,3.3,-40,Total power,mW,4.166
SFNOMTL,SF,NOMTL,3.3,-40,Output CM error,mV,-8.399
SFNOMTL,SF,NOMTL,3.3,-40,G2 target gain,V/V,2.000
SFNOMTL,SF,NOMTL,3.3,-40,G2 input offset,mV,-3.737e-08
SFNOMTL,SF,NOMTL,3.3,-40,G2 gain @ 10 Hz,V/V,2.009
SFNOMTL,SF,NOMTL,3.3,-40,G2 gain @ 150 Hz,V/V,2.009
SFNOMTL,SF,NOMTL,3.3,-40,G2 gain error,%,0.451
SFNOMTL,SF,NOMTL,3.3,-40,G2 -3 dB bandwidth,MHz,5.124
SFNOMTL,SF,NOMTL,3.3,-40,G2 CMRR @ 60 Hz,dB,252.674
SFNOMTL,SF,NOMTL,3.3,-40,G2 CMRR @ 150 Hz,dB,252.634
SFNOMTL,SF,NOMTL,3.3,-40,G2 PSRR+ @ 60 Hz,dB,222.422
SFNOMTL,SF,NOMTL,3.3,-40,G2 PSRR+ @ 150 Hz,dB,222.419
SFNOMTL,SF,NOMTL,3.3,-40,G2 PSRR- @ 60 Hz,dB,220.415
SFNOMTL,SF,NOMTL,3.3,-40,G2 PSRR- @ 150 Hz,dB,220.520
SFNOMTL,SF,NOMTL,3.3,-40,G2 input-referred noise 0.05-150 Hz,uVrms,4.476
SFNOMTL,SF,NOMTL,3.3,-40,G4 target gain,V/V,4.000
SFNOMTL,SF,NOMTL,3.3,-40,G4 input offset,mV,-5.292e-07
SFNOMTL,SF,NOMTL,3.3,-40,G4 gain @ 10 Hz,V/V,3.987
SFNOMTL,SF,NOMTL,3.3,-40,G4 gain @ 150 Hz,V/V,3.987
SFNOMTL,SF,NOMTL,3.3,-40,G4 gain error,%,-0.319
SFNOMTL,SF,NOMTL,3.3,-40,G4 -3 dB bandwidth,MHz,3.088
SFNOMTL,SF,NOMTL,3.3,-40,G4 CMRR @ 60 Hz,dB,220.396
SFNOMTL,SF,NOMTL,3.3,-40,G4 CMRR @ 150 Hz,dB,218.204
SFNOMTL,SF,NOMTL,3.3,-40,G4 PSRR+ @ 60 Hz,dB,241.623
SFNOMTL,SF,NOMTL,3.3,-40,G4 PSRR+ @ 150 Hz,dB,241.666
SFNOMTL,SF,NOMTL,3.3,-40,G4 PSRR- @ 60 Hz,dB,213.724
SFNOMTL,SF,NOMTL,3.3,-40,G4 PSRR- @ 150 Hz,dB,211.244
SFNOMTL,SF,NOMTL,3.3,-40,G4 input-referred noise 0.05-150 Hz,uVrms,3.738
SFNOMTL,SF,NOMTL,3.3,-40,G8 target gain,V/V,8.000
SFNOMTL,SF,NOMTL,3.3,-40,G8 input offset,mV,6.077e-07
SFNOMTL,SF,NOMTL,3.3,-40,G8 gain @ 10 Hz,V/V,7.951
SFNOMTL,SF,NOMTL,3.3,-40,G8 gain @ 150 Hz,V/V,7.951
SFNOMTL,SF,NOMTL,3.3,-40,G8 gain error,%,-0.608
SFNOMTL,SF,NOMTL,3.3,-40,G8 -3 dB bandwidth,MHz,2.181
SFNOMTL,SF,NOMTL,3.3,-40,G8 CMRR @ 60 Hz,dB,202.057
SFNOMTL,SF,NOMTL,3.3,-40,G8 CMRR @ 150 Hz,dB,201.341
SFNOMTL,SF,NOMTL,3.3,-40,G8 PSRR+ @ 60 Hz,dB,234.133
SFNOMTL,SF,NOMTL,3.3,-40,G8 PSRR+ @ 150 Hz,dB,234.129
SFNOMTL,SF,NOMTL,3.3,-40,G8 PSRR- @ 60 Hz,dB,198.454
SFNOMTL,SF,NOMTL,3.3,-40,G8 PSRR- @ 150 Hz,dB,197.746
SFNOMTL,SF,NOMTL,3.3,-40,G8 input-referred noise 0.05-150 Hz,uVrms,3.364
SFNOMTL,SF,NOMTL,3.3,-40,G16 target gain,V/V,16.000
SFNOMTL,SF,NOMTL,3.3,-40,G16 input offset,mV,-3.747e-08
SFNOMTL,SF,NOMTL,3.3,-40,G16 gain @ 10 Hz,V/V,15.858
SFNOMTL,SF,NOMTL,3.3,-40,G16 gain @ 150 Hz,V/V,15.858
SFNOMTL,SF,NOMTL,3.3,-40,G16 gain error,%,-0.891
SFNOMTL,SF,NOMTL,3.3,-40,G16 -3 dB bandwidth,MHz,0.940
SFNOMTL,SF,NOMTL,3.3,-40,G16 CMRR @ 60 Hz,dB,207.007
SFNOMTL,SF,NOMTL,3.3,-40,G16 CMRR @ 150 Hz,dB,205.305
SFNOMTL,SF,NOMTL,3.3,-40,G16 PSRR+ @ 60 Hz,dB,287.801
SFNOMTL,SF,NOMTL,3.3,-40,G16 PSRR+ @ 150 Hz,dB,288.441
SFNOMTL,SF,NOMTL,3.3,-40,G16 PSRR- @ 60 Hz,dB,204.872
SFNOMTL,SF,NOMTL,3.3,-40,G16 PSRR- @ 150 Hz,dB,203.253
SFNOMTL,SF,NOMTL,3.3,-40,G16 input-referred noise 0.05-150 Hz,uVrms,3.177
SFNOMTH,SF,NOMTH,3.3,125,FDC bias current,uA,42.617
SFNOMTH,SF,NOMTH,3.3,125,CMFB bias current,uA,42.617
SFNOMTH,SF,NOMTH,3.3,125,Total current,mA,1.808
SFNOMTH,SF,NOMTH,3.3,125,Total power,mW,5.967
SFNOMTH,SF,NOMTH,3.3,125,Output CM error,mV,9.524
SFNOMTH,SF,NOMTH,3.3,125,G2 target gain,V/V,2.000
SFNOMTH,SF,NOMTH,3.3,125,G2 input offset,mV,-5.501e-07
SFNOMTH,SF,NOMTH,3.3,125,G2 gain @ 10 Hz,V/V,2.028
SFNOMTH,SF,NOMTH,3.3,125,G2 gain @ 150 Hz,V/V,2.028
SFNOMTH,SF,NOMTH,3.3,125,G2 gain error,%,1.392
SFNOMTH,SF,NOMTH,3.3,125,G2 -3 dB bandwidth,MHz,4.243
SFNOMTH,SF,NOMTH,3.3,125,G2 CMRR @ 60 Hz,dB,230.678
SFNOMTH,SF,NOMTH,3.3,125,G2 CMRR @ 150 Hz,dB,230.670
SFNOMTH,SF,NOMTH,3.3,125,G2 PSRR+ @ 60 Hz,dB,247.000
SFNOMTH,SF,NOMTH,3.3,125,G2 PSRR+ @ 150 Hz,dB,246.872
SFNOMTH,SF,NOMTH,3.3,125,G2 PSRR- @ 60 Hz,dB,230.658
SFNOMTH,SF,NOMTH,3.3,125,G2 PSRR- @ 150 Hz,dB,230.185
SFNOMTH,SF,NOMTH,3.3,125,G2 input-referred noise 0.05-150 Hz,uVrms,5.094
SFNOMTH,SF,NOMTH,3.3,125,G4 target gain,V/V,4.000
SFNOMTH,SF,NOMTH,3.3,125,G4 input offset,mV,-5.911e-08
SFNOMTH,SF,NOMTH,3.3,125,G4 gain @ 10 Hz,V/V,3.997
SFNOMTH,SF,NOMTH,3.3,125,G4 gain @ 150 Hz,V/V,3.997
SFNOMTH,SF,NOMTH,3.3,125,G4 gain error,%,-0.066
SFNOMTH,SF,NOMTH,3.3,125,G4 -3 dB bandwidth,MHz,2.524
SFNOMTH,SF,NOMTH,3.3,125,G4 CMRR @ 60 Hz,dB,222.255
SFNOMTH,SF,NOMTH,3.3,125,G4 CMRR @ 150 Hz,dB,220.350
SFNOMTH,SF,NOMTH,3.3,125,G4 PSRR+ @ 60 Hz,dB,233.450
SFNOMTH,SF,NOMTH,3.3,125,G4 PSRR+ @ 150 Hz,dB,233.471
SFNOMTH,SF,NOMTH,3.3,125,G4 PSRR- @ 60 Hz,dB,212.900
SFNOMTH,SF,NOMTH,3.3,125,G4 PSRR- @ 150 Hz,dB,211.269
SFNOMTH,SF,NOMTH,3.3,125,G4 input-referred noise 0.05-150 Hz,uVrms,4.265
SFNOMTH,SF,NOMTH,3.3,125,G8 target gain,V/V,8.000
SFNOMTH,SF,NOMTH,3.3,125,G8 input offset,mV,-2.926e-07
SFNOMTH,SF,NOMTH,3.3,125,G8 gain @ 10 Hz,V/V,7.972
SFNOMTH,SF,NOMTH,3.3,125,G8 gain @ 150 Hz,V/V,7.972
SFNOMTH,SF,NOMTH,3.3,125,G8 gain error,%,-0.351
SFNOMTH,SF,NOMTH,3.3,125,G8 -3 dB bandwidth,MHz,1.629
SFNOMTH,SF,NOMTH,3.3,125,G8 CMRR @ 60 Hz,dB,194.217
SFNOMTH,SF,NOMTH,3.3,125,G8 CMRR @ 150 Hz,dB,194.426
SFNOMTH,SF,NOMTH,3.3,125,G8 PSRR+ @ 60 Hz,dB,252.668
SFNOMTH,SF,NOMTH,3.3,125,G8 PSRR+ @ 150 Hz,dB,252.792
SFNOMTH,SF,NOMTH,3.3,125,G8 PSRR- @ 60 Hz,dB,190.673
SFNOMTH,SF,NOMTH,3.3,125,G8 PSRR- @ 150 Hz,dB,190.882
SFNOMTH,SF,NOMTH,3.3,125,G8 input-referred noise 0.05-150 Hz,uVrms,3.839
SFNOMTH,SF,NOMTH,3.3,125,G16 target gain,V/V,16.000
SFNOMTH,SF,NOMTH,3.3,125,G16 input offset,mV,-1.136e-07
SFNOMTH,SF,NOMTH,3.3,125,G16 gain @ 10 Hz,V/V,15.862
SFNOMTH,SF,NOMTH,3.3,125,G16 gain @ 150 Hz,V/V,15.862
SFNOMTH,SF,NOMTH,3.3,125,G16 gain error,%,-0.864
SFNOMTH,SF,NOMTH,3.3,125,G16 -3 dB bandwidth,MHz,0.743
SFNOMTH,SF,NOMTH,3.3,125,G16 CMRR @ 60 Hz,dB,206.720
SFNOMTH,SF,NOMTH,3.3,125,G16 CMRR @ 150 Hz,dB,205.554
SFNOMTH,SF,NOMTH,3.3,125,G16 PSRR+ @ 60 Hz,dB,271.780
SFNOMTH,SF,NOMTH,3.3,125,G16 PSRR+ @ 150 Hz,dB,270.651
SFNOMTH,SF,NOMTH,3.3,125,G16 PSRR- @ 60 Hz,dB,202.884
SFNOMTH,SF,NOMTH,3.3,125,G16 PSRR- @ 150 Hz,dB,201.963
SFNOMTH,SF,NOMTH,3.3,125,G16 input-referred noise 0.05-150 Hz,uVrms,3.626
SFVLTL,SF,VLTL,3,-40,FDC bias current,uA,34.265
SFVLTL,SF,VLTL,3,-40,CMFB bias current,uA,34.265
SFVLTL,SF,VLTL,3,-40,Total current,mA,1.230
SFVLTL,SF,VLTL,3,-40,Total power,mW,3.690
SFVLTL,SF,VLTL,3,-40,Output CM error,mV,-8.417
SFVLTL,SF,VLTL,3,-40,G2 target gain,V/V,2.000
SFVLTL,SF,VLTL,3,-40,G2 input offset,mV,4.639e-08
SFVLTL,SF,VLTL,3,-40,G2 gain @ 10 Hz,V/V,2.018
SFVLTL,SF,VLTL,3,-40,G2 gain @ 150 Hz,V/V,2.018
SFVLTL,SF,VLTL,3,-40,G2 gain error,%,0.875
SFVLTL,SF,VLTL,3,-40,G2 -3 dB bandwidth,MHz,5.028
SFVLTL,SF,VLTL,3,-40,G2 CMRR @ 60 Hz,dB,244.481
SFVLTL,SF,VLTL,3,-40,G2 CMRR @ 150 Hz,dB,244.512
SFVLTL,SF,VLTL,3,-40,G2 PSRR+ @ 60 Hz,dB,226.360
SFVLTL,SF,VLTL,3,-40,G2 PSRR+ @ 150 Hz,dB,226.352
SFVLTL,SF,VLTL,3,-40,G2 PSRR- @ 60 Hz,dB,229.478
SFVLTL,SF,VLTL,3,-40,G2 PSRR- @ 150 Hz,dB,229.032
SFVLTL,SF,VLTL,3,-40,G2 input-referred noise 0.05-150 Hz,uVrms,4.453
SFVLTL,SF,VLTL,3,-40,G4 target gain,V/V,4.000
SFVLTL,SF,VLTL,3,-40,G4 input offset,mV,1.159e-07
SFVLTL,SF,VLTL,3,-40,G4 gain @ 10 Hz,V/V,3.991
SFVLTL,SF,VLTL,3,-40,G4 gain @ 150 Hz,V/V,3.991
SFVLTL,SF,VLTL,3,-40,G4 gain error,%,-0.214
SFVLTL,SF,VLTL,3,-40,G4 -3 dB bandwidth,MHz,3.035
SFVLTL,SF,VLTL,3,-40,G4 CMRR @ 60 Hz,dB,221.718
SFVLTL,SF,VLTL,3,-40,G4 CMRR @ 150 Hz,dB,219.139
SFVLTL,SF,VLTL,3,-40,G4 PSRR+ @ 60 Hz,dB,235.683
SFVLTL,SF,VLTL,3,-40,G4 PSRR+ @ 150 Hz,dB,235.689
SFVLTL,SF,VLTL,3,-40,G4 PSRR- @ 60 Hz,dB,213.931
SFVLTL,SF,VLTL,3,-40,G4 PSRR- @ 150 Hz,dB,211.329
SFVLTL,SF,VLTL,3,-40,G4 input-referred noise 0.05-150 Hz,uVrms,3.724
SFVLTL,SF,VLTL,3,-40,G8 target gain,V/V,8.000
SFVLTL,SF,VLTL,3,-40,G8 input offset,mV,-3.781e-07
SFVLTL,SF,VLTL,3,-40,G8 gain @ 10 Hz,V/V,7.960
SFVLTL,SF,VLTL,3,-40,G8 gain @ 150 Hz,V/V,7.960
SFVLTL,SF,VLTL,3,-40,G8 gain error,%,-0.500
SFVLTL,SF,VLTL,3,-40,G8 -3 dB bandwidth,MHz,2.134
SFVLTL,SF,VLTL,3,-40,G8 CMRR @ 60 Hz,dB,204.391
SFVLTL,SF,VLTL,3,-40,G8 CMRR @ 150 Hz,dB,205.459
SFVLTL,SF,VLTL,3,-40,G8 PSRR+ @ 60 Hz,dB,231.278
SFVLTL,SF,VLTL,3,-40,G8 PSRR+ @ 150 Hz,dB,231.272
SFVLTL,SF,VLTL,3,-40,G8 PSRR- @ 60 Hz,dB,200.709
SFVLTL,SF,VLTL,3,-40,G8 PSRR- @ 150 Hz,dB,201.754
SFVLTL,SF,VLTL,3,-40,G8 input-referred noise 0.05-150 Hz,uVrms,3.352
SFVLTL,SF,VLTL,3,-40,G16 target gain,V/V,16.000
SFVLTL,SF,VLTL,3,-40,G16 input offset,mV,2.239e-08
SFVLTL,SF,VLTL,3,-40,G16 gain @ 10 Hz,V/V,15.857
SFVLTL,SF,VLTL,3,-40,G16 gain @ 150 Hz,V/V,15.857
SFVLTL,SF,VLTL,3,-40,G16 gain error,%,-0.894
SFVLTL,SF,VLTL,3,-40,G16 -3 dB bandwidth,MHz,0.923
SFVLTL,SF,VLTL,3,-40,G16 CMRR @ 60 Hz,dB,206.996
SFVLTL,SF,VLTL,3,-40,G16 CMRR @ 150 Hz,dB,205.247
SFVLTL,SF,VLTL,3,-40,G16 PSRR+ @ 60 Hz,dB,298.965
SFVLTL,SF,VLTL,3,-40,G16 PSRR+ @ 150 Hz,dB,292.515
SFVLTL,SF,VLTL,3,-40,G16 PSRR- @ 60 Hz,dB,204.858
SFVLTL,SF,VLTL,3,-40,G16 PSRR- @ 150 Hz,dB,203.196
SFVLTL,SF,VLTL,3,-40,G16 input-referred noise 0.05-150 Hz,uVrms,3.165
SFVLTH,SF,VLTH,3,125,FDC bias current,uA,42.051
SFVLTH,SF,VLTH,3,125,CMFB bias current,uA,42.051
SFVLTH,SF,VLTH,3,125,Total current,mA,1.774
SFVLTH,SF,VLTH,3,125,Total power,mW,5.321
SFVLTH,SF,VLTH,3,125,Output CM error,mV,9.540
SFVLTH,SF,VLTH,3,125,G2 target gain,V/V,2.000
SFVLTH,SF,VLTH,3,125,G2 input offset,mV,-3.797e-08
SFVLTH,SF,VLTH,3,125,G2 gain @ 10 Hz,V/V,2.038
SFVLTH,SF,VLTH,3,125,G2 gain @ 150 Hz,V/V,2.038
SFVLTH,SF,VLTH,3,125,G2 gain error,%,1.889
SFVLTH,SF,VLTH,3,125,G2 -3 dB bandwidth,MHz,4.161
SFVLTH,SF,VLTH,3,125,G2 CMRR @ 60 Hz,dB,251.715
SFVLTH,SF,VLTH,3,125,G2 CMRR @ 150 Hz,dB,251.584
SFVLTH,SF,VLTH,3,125,G2 PSRR+ @ 60 Hz,dB,221.855
SFVLTH,SF,VLTH,3,125,G2 PSRR+ @ 150 Hz,dB,221.856
SFVLTH,SF,VLTH,3,125,G2 PSRR- @ 60 Hz,dB,227.013
SFVLTH,SF,VLTH,3,125,G2 PSRR- @ 150 Hz,dB,226.608
SFVLTH,SF,VLTH,3,125,G2 input-referred noise 0.05-150 Hz,uVrms,5.082
SFVLTH,SF,VLTH,3,125,G4 target gain,V/V,4.000
SFVLTH,SF,VLTH,3,125,G4 input offset,mV,-1.830e-09
SFVLTH,SF,VLTH,3,125,G4 gain @ 10 Hz,V/V,4.002
SFVLTH,SF,VLTH,3,125,G4 gain @ 150 Hz,V/V,4.002
SFVLTH,SF,VLTH,3,125,G4 gain error,%,0.059
SFVLTH,SF,VLTH,3,125,G4 -3 dB bandwidth,MHz,2.480
SFVLTH,SF,VLTH,3,125,G4 CMRR @ 60 Hz,dB,222.364
SFVLTH,SF,VLTH,3,125,G4 CMRR @ 150 Hz,dB,220.386
SFVLTH,SF,VLTH,3,125,G4 PSRR+ @ 60 Hz,dB,237.275
SFVLTH,SF,VLTH,3,125,G4 PSRR+ @ 150 Hz,dB,237.306
SFVLTH,SF,VLTH,3,125,G4 PSRR- @ 60 Hz,dB,213.406
SFVLTH,SF,VLTH,3,125,G4 PSRR- @ 150 Hz,dB,211.643
SFVLTH,SF,VLTH,3,125,G4 input-referred noise 0.05-150 Hz,uVrms,4.261
SFVLTH,SF,VLTH,3,125,G8 target gain,V/V,8.000
SFVLTH,SF,VLTH,3,125,G8 input offset,mV,-2.974e-07
SFVLTH,SF,VLTH,3,125,G8 gain @ 10 Hz,V/V,7.982
SFVLTH,SF,VLTH,3,125,G8 gain @ 150 Hz,V/V,7.982
SFVLTH,SF,VLTH,3,125,G8 gain error,%,-0.230
SFVLTH,SF,VLTH,3,125,G8 -3 dB bandwidth,MHz,1.596
SFVLTH,SF,VLTH,3,125,G8 CMRR @ 60 Hz,dB,194.896
SFVLTH,SF,VLTH,3,125,G8 CMRR @ 150 Hz,dB,194.669
SFVLTH,SF,VLTH,3,125,G8 PSRR+ @ 60 Hz,dB,243.290
SFVLTH,SF,VLTH,3,125,G8 PSRR+ @ 150 Hz,dB,243.347
SFVLTH,SF,VLTH,3,125,G8 PSRR- @ 60 Hz,dB,191.371
SFVLTH,SF,VLTH,3,125,G8 PSRR- @ 150 Hz,dB,191.145
SFVLTH,SF,VLTH,3,125,G8 input-referred noise 0.05-150 Hz,uVrms,3.836
SFVLTH,SF,VLTH,3,125,G16 target gain,V/V,16.000
SFVLTH,SF,VLTH,3,125,G16 input offset,mV,-1.433e-07
SFVLTH,SF,VLTH,3,125,G16 gain @ 10 Hz,V/V,15.861
SFVLTH,SF,VLTH,3,125,G16 gain @ 150 Hz,V/V,15.861
SFVLTH,SF,VLTH,3,125,G16 gain error,%,-0.869
SFVLTH,SF,VLTH,3,125,G16 -3 dB bandwidth,MHz,0.731
SFVLTH,SF,VLTH,3,125,G16 CMRR @ 60 Hz,dB,206.714
SFVLTH,SF,VLTH,3,125,G16 CMRR @ 150 Hz,dB,205.520
SFVLTH,SF,VLTH,3,125,G16 PSRR+ @ 60 Hz,dB,281.671
SFVLTH,SF,VLTH,3,125,G16 PSRR+ @ 150 Hz,dB,279.530
SFVLTH,SF,VLTH,3,125,G16 PSRR- @ 60 Hz,dB,202.880
SFVLTH,SF,VLTH,3,125,G16 PSRR- @ 150 Hz,dB,201.937
SFVLTH,SF,VLTH,3,125,G16 input-referred noise 0.05-150 Hz,uVrms,3.624
SFVHTL,SF,VHTL,3.6,-40,FDC bias current,uA,35.258
SFVHTL,SF,VHTL,3.6,-40,CMFB bias current,uA,35.258
SFVHTL,SF,VHTL,3.6,-40,Total current,mA,1.289
SFVHTL,SF,VHTL,3.6,-40,Total power,mW,4.639
SFVHTL,SF,VHTL,3.6,-40,Output CM error,mV,-8.379
SFVHTL,SF,VHTL,3.6,-40,G2 target gain,V/V,2.000
SFVHTL,SF,VHTL,3.6,-40,G2 input offset,mV,-1.603e-07
SFVHTL,SF,VHTL,3.6,-40,G2 gain @ 10 Hz,V/V,2.005
SFVHTL,SF,VHTL,3.6,-40,G2 gain @ 150 Hz,V/V,2.005
SFVHTL,SF,VHTL,3.6,-40,G2 gain error,%,0.234
SFVHTL,SF,VHTL,3.6,-40,G2 -3 dB bandwidth,MHz,5.185
SFVHTL,SF,VHTL,3.6,-40,G2 CMRR @ 60 Hz,dB,245.835
SFVHTL,SF,VHTL,3.6,-40,G2 CMRR @ 150 Hz,dB,245.819
SFVHTL,SF,VHTL,3.6,-40,G2 PSRR+ @ 60 Hz,dB,228.904
SFVHTL,SF,VHTL,3.6,-40,G2 PSRR+ @ 150 Hz,dB,228.908
SFVHTL,SF,VHTL,3.6,-40,G2 PSRR- @ 60 Hz,dB,235.202
SFVHTL,SF,VHTL,3.6,-40,G2 PSRR- @ 150 Hz,dB,235.630
SFVHTL,SF,VHTL,3.6,-40,G2 input-referred noise 0.05-150 Hz,uVrms,4.494
SFVHTL,SF,VHTL,3.6,-40,G4 target gain,V/V,4.000
SFVHTL,SF,VHTL,3.6,-40,G4 input offset,mV,-9.339e-08
SFVHTL,SF,VHTL,3.6,-40,G4 gain @ 10 Hz,V/V,3.985
SFVHTL,SF,VHTL,3.6,-40,G4 gain @ 150 Hz,V/V,3.985
SFVHTL,SF,VHTL,3.6,-40,G4 gain error,%,-0.373
SFVHTL,SF,VHTL,3.6,-40,G4 -3 dB bandwidth,MHz,3.124
SFVHTL,SF,VHTL,3.6,-40,G4 CMRR @ 60 Hz,dB,221.233
SFVHTL,SF,VHTL,3.6,-40,G4 CMRR @ 150 Hz,dB,218.910
SFVHTL,SF,VHTL,3.6,-40,G4 PSRR+ @ 60 Hz,dB,246.208
SFVHTL,SF,VHTL,3.6,-40,G4 PSRR+ @ 150 Hz,dB,246.265
SFVHTL,SF,VHTL,3.6,-40,G4 PSRR- @ 60 Hz,dB,213.124
SFVHTL,SF,VHTL,3.6,-40,G4 PSRR- @ 150 Hz,dB,210.849
SFVHTL,SF,VHTL,3.6,-40,G4 input-referred noise 0.05-150 Hz,uVrms,3.751
SFVHTL,SF,VHTL,3.6,-40,G8 target gain,V/V,8.000
SFVHTL,SF,VHTL,3.6,-40,G8 input offset,mV,3.788e-08
SFVHTL,SF,VHTL,3.6,-40,G8 gain @ 10 Hz,V/V,7.947
SFVHTL,SF,VHTL,3.6,-40,G8 gain @ 150 Hz,V/V,7.947
SFVHTL,SF,VHTL,3.6,-40,G8 gain error,%,-0.662
SFVHTL,SF,VHTL,3.6,-40,G8 -3 dB bandwidth,MHz,2.213
SFVHTL,SF,VHTL,3.6,-40,G8 CMRR @ 60 Hz,dB,195.119
SFVHTL,SF,VHTL,3.6,-40,G8 CMRR @ 150 Hz,dB,194.799
SFVHTL,SF,VHTL,3.6,-40,G8 PSRR+ @ 60 Hz,dB,245.064
SFVHTL,SF,VHTL,3.6,-40,G8 PSRR+ @ 150 Hz,dB,245.081
SFVHTL,SF,VHTL,3.6,-40,G8 PSRR- @ 60 Hz,dB,191.589
SFVHTL,SF,VHTL,3.6,-40,G8 PSRR- @ 150 Hz,dB,191.270
SFVHTL,SF,VHTL,3.6,-40,G8 input-referred noise 0.05-150 Hz,uVrms,3.376
SFVHTL,SF,VHTL,3.6,-40,G16 target gain,V/V,16.000
SFVHTL,SF,VHTL,3.6,-40,G16 input offset,mV,1.128e-08
SFVHTL,SF,VHTL,3.6,-40,G16 gain @ 10 Hz,V/V,15.858
SFVHTL,SF,VHTL,3.6,-40,G16 gain @ 150 Hz,V/V,15.858
SFVHTL,SF,VHTL,3.6,-40,G16 gain error,%,-0.888
SFVHTL,SF,VHTL,3.6,-40,G16 -3 dB bandwidth,MHz,0.952
SFVHTL,SF,VHTL,3.6,-40,G16 CMRR @ 60 Hz,dB,207.020
SFVHTL,SF,VHTL,3.6,-40,G16 CMRR @ 150 Hz,dB,205.361
SFVHTL,SF,VHTL,3.6,-40,G16 PSRR+ @ 60 Hz,dB,282.072
SFVHTL,SF,VHTL,3.6,-40,G16 PSRR+ @ 150 Hz,dB,280.253
SFVHTL,SF,VHTL,3.6,-40,G16 PSRR- @ 60 Hz,dB,204.879
SFVHTL,SF,VHTL,3.6,-40,G16 PSRR- @ 150 Hz,dB,203.302
SFVHTL,SF,VHTL,3.6,-40,G16 input-referred noise 0.05-150 Hz,uVrms,3.188
SFVHTH,SF,VHTH,3.6,125,FDC bias current,uA,43.015
SFVHTH,SF,VHTH,3.6,125,CMFB bias current,uA,43.015
SFVHTH,SF,VHTH,3.6,125,Total current,mA,1.835
SFVHTH,SF,VHTH,3.6,125,Total power,mW,6.606
SFVHTH,SF,VHTH,3.6,125,Output CM error,mV,9.510
SFVHTH,SF,VHTH,3.6,125,G2 target gain,V/V,2.000
SFVHTH,SF,VHTH,3.6,125,G2 input offset,mV,8.661e-08
SFVHTH,SF,VHTH,3.6,125,G2 gain @ 10 Hz,V/V,2.022
SFVHTH,SF,VHTH,3.6,125,G2 gain @ 150 Hz,V/V,2.022
SFVHTH,SF,VHTH,3.6,125,G2 gain error,%,1.075
SFVHTH,SF,VHTH,3.6,125,G2 -3 dB bandwidth,MHz,4.300
SFVHTH,SF,VHTH,3.6,125,G2 CMRR @ 60 Hz,dB,248.623
SFVHTH,SF,VHTH,3.6,125,G2 CMRR @ 150 Hz,dB,248.662
SFVHTH,SF,VHTH,3.6,125,G2 PSRR+ @ 60 Hz,dB,234.401
SFVHTH,SF,VHTH,3.6,125,G2 PSRR+ @ 150 Hz,dB,234.401
SFVHTH,SF,VHTH,3.6,125,G2 PSRR- @ 60 Hz,dB,233.807
SFVHTH,SF,VHTH,3.6,125,G2 PSRR- @ 150 Hz,dB,234.391
SFVHTH,SF,VHTH,3.6,125,G2 input-referred noise 0.05-150 Hz,uVrms,5.102
SFVHTH,SF,VHTH,3.6,125,G4 target gain,V/V,4.000
SFVHTH,SF,VHTH,3.6,125,G4 input offset,mV,-9.017e-08
SFVHTH,SF,VHTH,3.6,125,G4 gain @ 10 Hz,V/V,3.994
SFVHTH,SF,VHTH,3.6,125,G4 gain @ 150 Hz,V/V,3.994
SFVHTH,SF,VHTH,3.6,125,G4 gain error,%,-0.145
SFVHTH,SF,VHTH,3.6,125,G4 -3 dB bandwidth,MHz,2.556
SFVHTH,SF,VHTH,3.6,125,G4 CMRR @ 60 Hz,dB,222.259
SFVHTH,SF,VHTH,3.6,125,G4 CMRR @ 150 Hz,dB,220.399
SFVHTH,SF,VHTH,3.6,125,G4 PSRR+ @ 60 Hz,dB,246.758
SFVHTH,SF,VHTH,3.6,125,G4 PSRR+ @ 150 Hz,dB,246.677
SFVHTH,SF,VHTH,3.6,125,G4 PSRR- @ 60 Hz,dB,214.169
SFVHTH,SF,VHTH,3.6,125,G4 PSRR- @ 150 Hz,dB,212.350
SFVHTH,SF,VHTH,3.6,125,G4 input-referred noise 0.05-150 Hz,uVrms,4.268
SFVHTH,SF,VHTH,3.6,125,G8 target gain,V/V,8.000
SFVHTH,SF,VHTH,3.6,125,G8 input offset,mV,-2.350e-07
SFVHTH,SF,VHTH,3.6,125,G8 gain @ 10 Hz,V/V,7.966
SFVHTH,SF,VHTH,3.6,125,G8 gain @ 150 Hz,V/V,7.966
SFVHTH,SF,VHTH,3.6,125,G8 gain error,%,-0.427
SFVHTH,SF,VHTH,3.6,125,G8 -3 dB bandwidth,MHz,1.653
SFVHTH,SF,VHTH,3.6,125,G8 CMRR @ 60 Hz,dB,197.996
SFVHTH,SF,VHTH,3.6,125,G8 CMRR @ 150 Hz,dB,197.690
SFVHTH,SF,VHTH,3.6,125,G8 PSRR+ @ 60 Hz,dB,242.023
SFVHTH,SF,VHTH,3.6,125,G8 PSRR+ @ 150 Hz,dB,242.017
SFVHTH,SF,VHTH,3.6,125,G8 PSRR- @ 60 Hz,dB,194.462
SFVHTH,SF,VHTH,3.6,125,G8 PSRR- @ 150 Hz,dB,194.157
SFVHTH,SF,VHTH,3.6,125,G8 input-referred noise 0.05-150 Hz,uVrms,3.842
SFVHTH,SF,VHTH,3.6,125,G16 target gain,V/V,16.000
SFVHTH,SF,VHTH,3.6,125,G16 input offset,mV,-6.883e-08
SFVHTH,SF,VHTH,3.6,125,G16 gain @ 10 Hz,V/V,15.862
SFVHTH,SF,VHTH,3.6,125,G16 gain @ 150 Hz,V/V,15.862
SFVHTH,SF,VHTH,3.6,125,G16 gain error,%,-0.860
SFVHTH,SF,VHTH,3.6,125,G16 -3 dB bandwidth,MHz,0.753
SFVHTH,SF,VHTH,3.6,125,G16 CMRR @ 60 Hz,dB,204.014
SFVHTH,SF,VHTH,3.6,125,G16 CMRR @ 150 Hz,dB,203.166
SFVHTH,SF,VHTH,3.6,125,G16 PSRR+ @ 60 Hz,dB,277.650
SFVHTH,SF,VHTH,3.6,125,G16 PSRR+ @ 150 Hz,dB,278.406
SFVHTH,SF,VHTH,3.6,125,G16 PSRR- @ 60 Hz,dB,200.387
SFVHTH,SF,VHTH,3.6,125,G16 PSRR- @ 150 Hz,dB,199.704
SFVHTH,SF,VHTH,3.6,125,G16 input-referred noise 0.05-150 Hz,uVrms,3.629
