 frequency              vinn_real              vinn_imag              outn_real              outn_imag             
 1.000000000000000e-04  1.000000000000000e+00  0.000000000000000e+00  1.000504102760389e-02  9.952355590829765e-02 
 1.011579454259899e-04  1.000000000000000e+00  0.000000000000000e+00  1.023570296716684e-02  1.006525275628714e-01 
 1.023292992280754e-04  1.000000000000000e+00  0.000000000000000e+00  1.047162647011395e-02  1.017937592137135e-01 
 1.035142166679344e-04  1.000000000000000e+00  0.000000000000000e+00  1.071292893455339e-02  1.029473649279633e-01 
 1.047128548050900e-04  1.000000000000000e+00  0.000000000000000e+00  1.095973025586026e-02  1.041134591521837e-01 
 1.059253725177289e-04  1.000000000000000e+00  0.000000000000000e+00  1.121215287407412e-02  1.052921566859203e-01 
 1.071519305237607e-04  1.000000000000000e+00  0.000000000000000e+00  1.147032182192168e-02  1.064835726539982e-01 
 1.083926914021204e-04  1.000000000000000e+00  0.000000000000000e+00  1.173436477345837e-02  1.076878224775174e-01 
 1.096478196143186e-04  1.000000000000000e+00  0.000000000000000e+00  1.200441209332210e-02  1.089050218435030e-01 
 1.109174815262402e-04  1.000000000000000e+00  0.000000000000000e+00  1.228059688659083e-02  1.101352866731685e-01 
 1.122018454301964e-04  1.000000000000000e+00  0.000000000000000e+00  1.256305504923509e-02  1.113787330887475e-01 
 1.135010815672316e-04  1.000000000000000e+00  0.000000000000000e+00  1.285192531915503e-02  1.126354773788496e-01 
 1.148153621496884e-04  1.000000000000000e+00  0.000000000000000e+00  1.314734932779061e-02  1.139056359622926e-01 
 1.161448613840344e-04  1.000000000000000e+00  0.000000000000000e+00  1.344947165229211e-02  1.151893253503662e-01 
 1.174897554939531e-04  1.000000000000000e+00  0.000000000000000e+00  1.375843986823695e-02  1.164866621074775e-01 
 1.188502227437020e-04  1.000000000000000e+00  0.000000000000000e+00  1.407440460287737e-02  1.177977628101295e-01 
 1.202264434617414e-04  1.000000000000000e+00  0.000000000000000e+00  1.439751958890207e-02  1.191227440041821e-01 
 1.216186000646369e-04  1.000000000000000e+00  0.000000000000000e+00  1.472794171869318e-02  1.204617221603452e-01 
 1.230268770812383e-04  1.000000000000000e+00  0.000000000000000e+00  1.506583109905876e-02  1.218148136278498e-01 
 1.244514611771387e-04  1.000000000000000e+00  0.000000000000000e+00  1.541135110641889e-02  1.231821345862458e-01 
 1.258925411794169e-04  1.000000000000000e+00  0.000000000000000e+00  1.576466844242188e-02  1.245638009952704e-01 
 1.273503081016663e-04  1.000000000000000e+00  0.000000000000000e+00  1.612595318996524e-02  1.259599285427326e-01 
 1.288249551693136e-04  1.000000000000000e+00  0.000000000000000e+00  1.649537886959421e-02  1.273706325903567e-01 
 1.303166778452301e-04  1.000000000000000e+00  0.000000000000000e+00  1.687312249624836e-02  1.287960281175283e-01 
 1.318256738556409e-04  1.000000000000000e+00  0.000000000000000e+00  1.725936463632504e-02  1.302362296628829e-01 
 1.333521432163326e-04  1.000000000000000e+00  0.000000000000000e+00  1.765428946502597e-02  1.316913512636796e-01 
 1.348962882591656e-04  1.000000000000000e+00  0.000000000000000e+00  1.805808482395103e-02  1.331615063928979e-01 
 1.364583136588927e-04  1.000000000000000e+00  0.000000000000000e+00  1.847094227890121e-02  1.346468078939972e-01 
 1.380384264602887e-04  1.000000000000000e+00  0.000000000000000e+00  1.889305717784949e-02  1.361473679132774e-01 
 1.396368361055940e-04  1.000000000000000e+00  0.000000000000000e+00  1.932462870903687e-02  1.376632978297766e-01 
 1.412537544622757e-04  1.000000000000000e+00  0.000000000000000e+00  1.976585995914688e-02  1.391947081826428e-01 
 1.428893958511106e-04  1.000000000000000e+00  0.000000000000000e+00  2.021695797151022e-02  1.407417085959156e-01 
 1.445439770745930e-04  1.000000000000000e+00  0.000000000000000e+00  2.067813380428740e-02  1.423044077006522e-01 
 1.462177174456721e-04  1.000000000000000e+00  0.000000000000000e+00  2.114960258857473e-02  1.438829130543318e-01 
 1.479108388168211e-04  1.000000000000000e+00  0.000000000000000e+00  2.163158358637566e-02  1.454773310574725e-01 
 1.496235656094437e-04  1.000000000000000e+00  0.000000000000000e+00  2.212430024837629e-02  1.470877668673939e-01 
 1.513561248436212e-04  1.000000000000000e+00  0.000000000000000e+00  2.262798027146038e-02  1.487143243090579e-01 
 1.531087461682034e-04  1.000000000000000e+00  0.000000000000000e+00  2.314285565589581e-02  1.503571057829193e-01 
 1.548816618912485e-04  1.000000000000000e+00  0.000000000000000e+00  2.366916276212078e-02  1.520162121697202e-01 
 1.566751070108153e-04  1.000000000000000e+00  0.000000000000000e+00  2.420714236705425e-02  1.536917427321582e-01 
 1.584893192461117e-04  1.000000000000000e+00  0.000000000000000e+00  2.475703971985120e-02  1.553837950133603e-01 
 1.603245390690046e-04  1.000000000000000e+00  0.000000000000000e+00  2.531910459701949e-02  1.570924647320958e-01 
 1.621810097358934e-04  1.000000000000000e+00  0.000000000000000e+00  2.589359135681051e-02  1.588178456746589e-01 
 1.640589773199544e-04  1.000000000000000e+00  0.000000000000000e+00  2.648075899279227e-02  1.605600295833530e-01 
 1.659586907437566e-04  1.000000000000000e+00  0.000000000000000e+00  2.708087118650824e-02  1.623191060415096e-01 
 1.678804018122565e-04  1.000000000000000e+00  0.000000000000000e+00  2.769419635912165e-02  1.640951623549759e-01 
 1.698243652461749e-04  1.000000000000000e+00  0.000000000000000e+00  2.832100772193945e-02  1.658882834300026e-01 
 1.717908387157593e-04  1.000000000000000e+00  0.000000000000000e+00  2.896158332570609e-02  1.676985516474688e-01 
 1.737800828749381e-04  1.000000000000000e+00  0.000000000000000e+00  2.961620610855156e-02  1.695260467333776e-01 
 1.757923613958698e-04  1.000000000000000e+00  0.000000000000000e+00  3.028516394247379e-02  1.713708456255605e-01 
 1.778279410038929e-04  1.000000000000000e+00  0.000000000000000e+00  3.096874967822979e-02  1.732330223365287e-01 
 1.798870915128794e-04  1.000000000000000e+00  0.000000000000000e+00  3.166726118850487e-02  1.751126478124093e-01 
 1.819700858609990e-04  1.000000000000000e+00  0.000000000000000e+00  3.238100140922351e-02  1.770097897879108e-01 
 1.840772001468962e-04  1.000000000000000e+00  0.000000000000000e+00  3.311027837886019e-02  1.789245126372578e-01 
 1.862087136662874e-04  1.000000000000000e+00  0.000000000000000e+00  3.385540527560273e-02  1.808568772210438e-01 
 1.883649089489807e-04  1.000000000000000e+00  0.000000000000000e+00  3.461670045221453e-02  1.828069407289490e-01 
 1.905460717963254e-04  1.000000000000000e+00  0.000000000000000e+00  3.539448746843650e-02  1.847747565182731e-01 
 1.927524913190943e-04  1.000000000000000e+00  0.000000000000000e+00  3.618909512076345e-02  1.867603739482394e-01 
 1.949844599758053e-04  1.000000000000000e+00  0.000000000000000e+00  3.700085746942312e-02  1.887638382100251e-01 
 1.972422736114861e-04  1.000000000000000e+00  0.000000000000000e+00  3.783011386238033e-02  1.907851901524812e-01 
 1.995262314968887e-04  1.000000000000000e+00  0.000000000000000e+00  3.867720895618206e-02  1.928244661035047e-01 
 2.018366363681569e-04  1.000000000000000e+00  0.000000000000000e+00  3.954249273345271e-02  1.948816976870342e-01 
 2.041737944669537e-04  1.000000000000000e+00  0.000000000000000e+00  4.042632051684284e-02  1.969569116356414e-01 
 2.065380155810537e-04  1.000000000000000e+00  0.000000000000000e+00  4.132905297922761e-02  1.990501295986990e-01 
 2.089296130854048e-04  1.000000000000000e+00  0.000000000000000e+00  4.225105614994456e-02  2.011613679461075e-01 
 2.113489039836655e-04  1.000000000000000e+00  0.000000000000000e+00  4.319270141685422e-02  2.032906375675726e-01 
 2.137962089502241e-04  1.000000000000000e+00  0.000000000000000e+00  4.415436552399986e-02  2.054379436674285e-01 
 2.162718523727029e-04  1.000000000000000e+00  0.000000000000000e+00  4.513643056463606e-02  2.076032855550113e-01 
 2.187761623949562e-04  1.000000000000000e+00  0.000000000000000e+00  4.613928396938959e-02  2.097866564305906e-01 
 2.213094709605647e-04  1.000000000000000e+00  0.000000000000000e+00  4.716331848930862e-02  2.119880431668797e-01 
 2.238721138568349e-04  1.000000000000000e+00  0.000000000000000e+00  4.820893217355074e-02  2.142074260861472e-01 
 2.264644307593069e-04  1.000000000000000e+00  0.000000000000000e+00  4.927652834145245e-02  2.164447787329664e-01 
 2.290867652767783e-04  1.000000000000000e+00  0.000000000000000e+00  5.036651554871779e-02  2.187000676426449e-01 
 2.317394649968489e-04  1.000000000000000e+00  0.000000000000000e+00  5.147930754745592e-02  2.209732521053870e-01 
 2.344228815319933e-04  1.000000000000000e+00  0.000000000000000e+00  5.261532323979254e-02  2.232642839262522e-01 
 2.371373705661666e-04  1.000000000000000e+00  0.000000000000000e+00  5.377498662477328e-02  2.255731071809837e-01 
 2.398832919019502e-04  1.000000000000000e+00  0.000000000000000e+00  5.495872673827112e-02  2.278996579677907e-01 
 2.426610095082427e-04  1.000000000000000e+00  0.000000000000000e+00  5.616697758560536e-02  2.302438641551827e-01 
 2.454708915685042e-04  1.000000000000000e+00  0.000000000000000e+00  5.740017806657269e-02  2.326056451259623e-01 
 2.483133105295582e-04  1.000000000000000e+00  0.000000000000000e+00  5.865877189258725e-02  2.349849115175028e-01 
 2.511886431509593e-04  1.000000000000000e+00  0.000000000000000e+00  5.994320749562079e-02  2.373815649584412e-01 
 2.540972705549318e-04  1.000000000000000e+00  0.000000000000000e+00  6.125393792862998e-02  2.397954978019404e-01 
 2.570395782768877e-04  1.000000000000000e+00  0.000000000000000e+00  6.259142075715400e-02  2.422265928556839e-01 
 2.600159563165285e-04  1.000000000000000e+00  0.000000000000000e+00  6.395611794176151e-02  2.446747231087837e-01 
 2.630267991895396e-04  1.000000000000000e+00  0.000000000000000e+00  6.534849571102350e-02  2.471397514557974e-01 
 2.660725059798824e-04  1.000000000000000e+00  0.000000000000000e+00  6.676902442468526e-02  2.496215304180688e-01 
 2.691534803926930e-04  1.000000000000000e+00  0.000000000000000e+00  6.821817842670948e-02  2.521199018626220e-01 
 2.722701308077927e-04  1.000000000000000e+00  0.000000000000000e+00  6.969643588786018e-02  2.546346967188587e-01 
 2.754228703338181e-04  1.000000000000000e+00  0.000000000000000e+00  7.120427863749701e-02  2.571657346933254e-01 
 2.786121168629786e-04  1.000000000000000e+00  0.000000000000000e+00  7.274219198424960e-02  2.597128239828382e-01 
 2.818382931264470e-04  1.000000000000000e+00  0.000000000000000e+00  7.431066452524147e-02  2.622757609862729e-01 
 2.851018267503925e-04  1.000000000000000e+00  0.000000000000000e+00  7.591018794353564e-02  2.648543300153467e-01 
 2.884031503126622e-04  1.000000000000000e+00  0.000000000000000e+00  7.754125679347605e-02  2.674483030047415e-01 
 2.917427014001184e-04  1.000000000000000e+00  0.000000000000000e+00  7.920436827360200e-02  2.700574392219388e-01 
 2.951209226666403e-04  1.000000000000000e+00  0.000000000000000e+00  8.090002198681796e-02  2.726814849771600e-01 
 2.985382618917977e-04  1.000000000000000e+00  0.000000000000000e+00  8.262871968750636e-02  2.753201733338282e-01 
 3.019951720402034e-04  1.000000000000000e+00  0.000000000000000e+00  8.439096501527700e-02  2.779732238199890e-01 
 3.054921113215531e-04  1.000000000000000e+00  0.000000000000000e+00  8.618726321505529e-02  2.806403421411556e-01 
 3.090295432513609e-04  1.000000000000000e+00  0.000000000000000e+00  8.801812084322048e-02  2.833212198950655e-01 
 3.126079367123974e-04  1.000000000000000e+00  0.000000000000000e+00  8.988404545951505e-02  2.860155342888588e-01 
 3.162277660168398e-04  1.000000000000000e+00  0.000000000000000e+00  9.178554530445837e-02  2.887229478592171e-01 
 3.198895109691417e-04  1.000000000000000e+00  0.000000000000000e+00  9.372312896201201e-02  2.914431081960252e-01 
 3.235936569296303e-04  1.000000000000000e+00  0.000000000000000e+00  9.569730500725607e-02  2.941756476701413e-01 
 3.273406948788403e-04  1.000000000000000e+00  0.000000000000000e+00  9.770858163885623e-02  2.969201831658919e-01 
 3.311311214825932e-04  1.000000000000000e+00  0.000000000000000e+00  9.975746629611545e-02  2.996763158189275e-01 
 3.349654391578298e-04  1.000000000000000e+00  0.000000000000000e+00  1.018444652604261e-01  3.024436307601054e-01 
 3.388441561392048e-04  1.000000000000000e+00  0.000000000000000e+00  1.039700832409594e-01  3.052216968660892e-01 
 3.427677865464527e-04  1.000000000000000e+00  0.000000000000000e+00  1.061348229444510e-01  3.080100665173797e-01 
 3.467368504525340e-04  1.000000000000000e+00  0.000000000000000e+00  1.083391846289696e-01  3.108082753645197e-01 
 3.507518739525704e-04  1.000000000000000e+00  0.000000000000000e+00  1.105836656415776e-01  3.136158421032342e-01 
 3.548133892335779e-04  1.000000000000000e+00  0.000000000000000e+00  1.128687599398280e-01  3.164322682593007e-01 
 3.589219346450077e-04  1.000000000000000e+00  0.000000000000000e+00  1.151949575970666e-01  3.192570379839569e-01 
 3.630780547701038e-04  1.000000000000000e+00  0.000000000000000e+00  1.175627442915462e-01  3.220896178606857e-01 
 3.672823004980872e-04  1.000000000000000e+00  0.000000000000000e+00  1.199726007793923e-01  3.249294567242334e-01 
 3.715352290971751e-04  1.000000000000000e+00  0.000000000000000e+00  1.224250023514958e-01  3.277759854927395e-01 
 3.758374042884468e-04  1.000000000000000e+00  0.000000000000000e+00  1.249204182744524e-01  3.306286170138780e-01 
 3.801893963205639e-04  1.000000000000000e+00  0.000000000000000e+00  1.274593112157016e-01  3.334867459259264e-01 
 3.845917820453563e-04  1.000000000000000e+00  0.000000000000000e+00  1.300421366530710e-01  3.363497485346955e-01 
 3.890451449942834e-04  1.000000000000000e+00  0.000000000000000e+00  1.326693422689687e-01  3.392169827072707e-01 
 3.935500754557803e-04  1.000000000000000e+00  0.000000000000000e+00  1.353413673295201e-01  3.420877877835278e-01 
 3.981071705535002e-04  1.000000000000000e+00  0.000000000000000e+00  1.380586420489924e-01  3.449614845063977e-01 
 4.027170343254621e-04  1.000000000000000e+00  0.000000000000000e+00  1.408215869399008e-01  3.478373749718638e-01 
 4.073802778041158e-04  1.000000000000000e+00  0.000000000000000e+00  1.436306121492472e-01  3.507147425996846e-01 
 4.120975190973334e-04  1.000000000000000e+00  0.000000000000000e+00  1.464861167813947e-01  3.535928521258381e-01 
 4.168693834703386e-04  1.000000000000000e+00  0.000000000000000e+00  1.493884882081390e-01  3.564709496176849e-01 
 4.216965034285855e-04  1.000000000000000e+00  0.000000000000000e+00  1.523381013665982e-01  3.593482625128499e-01 
 4.265795188015960e-04  1.000000000000000e+00  0.000000000000000e+00  1.553353180456013e-01  3.622239996828148e-01 
 4.315190768277686e-04  1.000000000000000e+00  0.000000000000000e+00  1.583804861613176e-01  3.650973515222089e-01 
 4.365158322401694e-04  1.000000000000000e+00  0.000000000000000e+00  1.614739390229354e-01  3.679674900647765e-01 
 4.415704473533160e-04  1.000000000000000e+00  0.000000000000000e+00  1.646159945892574e-01  3.708335691269800e-01 
 4.466835921509667e-04  1.000000000000000e+00  0.000000000000000e+00  1.678069547171519e-01  3.736947244801878e-01 
 4.518559443749261e-04  1.000000000000000e+00  0.000000000000000e+00  1.710471044028602e-01  3.765500740523671e-01 
 4.570881896148788e-04  1.000000000000000e+00  0.000000000000000e+00  1.743367110172291e-01  3.793987181601818e-01 
 4.623810213992641e-04  1.000000000000000e+00  0.000000000000000e+00  1.776760235360072e-01  3.822397397723604e-01 
 4.677351412872021e-04  1.000000000000000e+00  0.000000000000000e+00  1.810652717664042e-01  3.850722048051707e-01 
 4.731512589614845e-04  1.000000000000000e+00  0.000000000000000e+00  1.845046655711900e-01  3.878951624507936e-01 
 4.786300923226424e-04  1.000000000000000e+00  0.000000000000000e+00  1.879943940916640e-01  3.907076455393481e-01 
 4.841723675841035e-04  1.000000000000000e+00  0.000000000000000e+00  1.915346249709055e-01  3.935086709352701e-01 
 4.897788193684504e-04  1.000000000000000e+00  0.000000000000000e+00  1.951255035787674e-01  3.962972399686969e-01 
 4.954501908047945e-04  1.000000000000000e+00  0.000000000000000e+00  1.987671522401508e-01  3.990723389024464e-01 
 5.011872336272766e-04  1.000000000000000e+00  0.000000000000000e+00  2.024596694681519e-01  4.018329394351250e-01 
 5.069907082747088e-04  1.000000000000000e+00  0.000000000000000e+00  2.062031292037367e-01  4.045779992408215e-01 
 5.128613839913694e-04  1.000000000000000e+00  0.000000000000000e+00  2.099975800636562e-01  4.073064625457800e-01 
 5.188000389289658e-04  1.000000000000000e+00  0.000000000000000e+00  2.138430445983691e-01  4.100172607423603e-01 
 5.248074602497774e-04  1.000000000000000e+00  0.000000000000000e+00  2.177395185617909e-01  4.127093130405169e-01 
 5.308844442309933e-04  1.000000000000000e+00  0.000000000000000e+00  2.216869701947366e-01  4.153815271569372e-01 
 5.370317963702577e-04  1.000000000000000e+00  0.000000000000000e+00  2.256853395239701e-01  4.180328000418885e-01 
 5.432503314924383e-04  1.000000000000000e+00  0.000000000000000e+00  2.297345376788102e-01  4.206620186437268e-01 
 5.495408738576298e-04  1.000000000000000e+00  0.000000000000000e+00  2.338344462272821e-01  4.232680607109194e-01 
 5.559042572704088e-04  1.000000000000000e+00  0.000000000000000e+00  2.379849165338315e-01  4.258497956313270e-01 
 5.623413251903544e-04  1.000000000000000e+00  0.000000000000000e+00  2.421857691406429e-01  4.284060853083835e-01 
 5.688529308438469e-04  1.000000000000000e+00  0.000000000000000e+00  2.464367931746251e-01  4.309357850736968e-01 
 5.754399373371625e-04  1.000000000000000e+00  0.000000000000000e+00  2.507377457821356e-01  4.334377446354777e-01 
 5.821032177708771e-04  1.000000000000000e+00  0.000000000000000e+00  2.550883515935258e-01  4.359108090620872e-01 
 5.888436553555948e-04  1.000000000000000e+00  0.000000000000000e+00  2.594883022195846e-01  4.383538197998644e-01 
 5.956621435290164e-04  1.000000000000000e+00  0.000000000000000e+00  2.639372557819519e-01  4.407656157242801e-01 
 6.025595860743639e-04  1.000000000000000e+00  0.000000000000000e+00  2.684348364795568e-01  4.431450342233272e-01 
 6.095368972401754e-04  1.000000000000000e+00  0.000000000000000e+00  2.729806341931107e-01  4.454909123119369e-01 
 6.165950018614886e-04  1.000000000000000e+00  0.000000000000000e+00  2.775742041296549e-01  4.478020877760776e-01 
 6.237348354824258e-04  1.000000000000000e+00  0.000000000000000e+00  2.822150665091224e-01  4.500774003450651e-01 
 6.309573444801999e-04  1.000000000000000e+00  0.000000000000000e+00  2.869027062948213e-01  4.523156928904844e-01 
 6.382634861905555e-04  1.000000000000000e+00  0.000000000000000e+00  2.916365729696953e-01  4.545158126499935e-01 
 6.456542290346625e-04  1.000000000000000e+00  0.000000000000000e+00  2.964160803601432e-01  4.566766124741535e-01 
 6.531305526474795e-04  1.000000000000000e+00  0.000000000000000e+00  3.012406065091122e-01  4.587969520943063e-01 
 6.606934480076032e-04  1.000000000000000e+00  0.000000000000000e+00  3.061094936000858e-01  4.608756994093942e-01 
 6.683439175686219e-04  1.000000000000000e+00  0.000000000000000e+00  3.110220479335045e-01  4.629117317895025e-01 
 6.760829753919892e-04  1.000000000000000e+00  0.000000000000000e+00  3.159775399570456e-01  4.649039373937845e-01 
 6.839116472814369e-04  1.000000000000000e+00  0.000000000000000e+00  3.209752043510860e-01  4.668512165003285e-01 
 6.918309709189443e-04  1.000000000000000e+00  0.000000000000000e+00  3.260142401705441e-01  4.687524828454052e-01 
 6.998419960022814e-04  1.000000000000000e+00  0.000000000000000e+00  3.310938110441807e-01  4.706066649694541e-01 
 7.079457843841459e-04  1.000000000000000e+00  0.000000000000000e+00  3.362130454322890e-01  4.724127075670583e-01 
 7.161434102129102e-04  1.000000000000000e+00  0.000000000000000e+00  3.413710369435757e-01  4.741695728380828e-01 
 7.244359600749984e-04  1.000000000000000e+00  0.000000000000000e+00  3.465668447118717e-01  4.758762418370706e-01 
 7.328245331389126e-04  1.000000000000000e+00  0.000000000000000e+00  3.517994938331634e-01  4.775317158179221e-01 
 7.413102413009261e-04  1.000000000000000e+00  0.000000000000000e+00  3.570679758632674e-01  4.791350175708259e-01 
 7.498942093324645e-04  1.000000000000000e+00  0.000000000000000e+00  3.623712493763033e-01  4.806851927483568e-01 
 7.585775750291926e-04  1.000000000000000e+00  0.000000000000000e+00  3.677082405839461e-01  4.821813111776229e-01 
 7.673614893618280e-04  1.000000000000000e+00  0.000000000000000e+00  3.730778440152600e-01  4.836224681553075e-01 
 7.762471166287009e-04  1.000000000000000e+00  0.000000000000000e+00  3.784789232567360e-01  4.850077857224441e-01 
 7.852356346100812e-04  1.000000000000000e+00  0.000000000000000e+00  3.839103117519677e-01  4.863364139157459e-01 
 7.943282347242911e-04  1.000000000000000e+00  0.000000000000000e+00  3.893708136602134e-01  4.876075319923285e-01 
 8.035261221856270e-04  1.000000000000000e+00  0.000000000000000e+00  3.948592047729079e-01  4.888203496246750e-01 
 8.128305161641091e-04  1.000000000000000e+00  0.000000000000000e+00  4.003742334869930e-01  4.899741080627272e-01 
 8.222426499470812e-04  1.000000000000000e+00  0.000000000000000e+00  4.059146218337531e-01  4.910680812600288e-01 
 8.317637711026813e-04  1.000000000000000e+00  0.000000000000000e+00  4.114790665616516e-01  4.921015769609021e-01 
 8.413951416452055e-04  1.000000000000000e+00  0.000000000000000e+00  4.170662402714828e-01  4.930739377457109e-01 
 8.511380382023871e-04  1.000000000000000e+00  0.000000000000000e+00  4.226747926019699e-01  4.939845420313372e-01 
 8.609937521846115e-04  1.000000000000000e+00  0.000000000000000e+00  4.283033514637665e-01  4.948328050240998e-01 
 8.709635899560917e-04  1.000000000000000e+00  0.000000000000000e+00  4.339505243196415e-01  4.956181796224411e-01 
 8.810488730080253e-04  1.000000000000000e+00  0.000000000000000e+00  4.396148995084723e-01  4.963401572668343e-01 
 8.912509381337569e-04  1.000000000000000e+00  0.000000000000000e+00  4.452950476104972e-01  4.969982687344801e-01 
 9.015711376059684e-04  1.000000000000000e+00  0.000000000000000e+00  4.509895228511423e-01  4.975920848765129e-01 
 9.120108393559215e-04  1.000000000000000e+00  0.000000000000000e+00  4.566968645405862e-01  4.981212172955786e-01 
 9.225714271547751e-04  1.000000000000000e+00  0.000000000000000e+00  4.624155985460952e-01  4.985853189618107e-01 
 9.332543007970031e-04  1.000000000000000e+00  0.000000000000000e+00  4.681442387940418e-01  4.989840847653961e-01 
 9.440608762859357e-04  1.000000000000000e+00  0.000000000000000e+00  4.738812887984041e-01  4.993172520041029e-01 
 9.549925860214485e-04  1.000000000000000e+00  0.000000000000000e+00  4.796252432124438e-01  4.995846008043266e-01 
 9.660508789898261e-04  1.000000000000000e+00  0.000000000000000e+00  4.853745894001752e-01  4.997859544744010e-01 
 9.772372209558237e-04  1.000000000000000e+00  0.000000000000000e+00  4.911278090241575e-01  4.999211797891204e-01 
 9.885530946569521e-04  1.000000000000000e+00  0.000000000000000e+00  4.968833796460836e-01  4.999901872046225e-01 
 1.000000000000013e-03  1.000000000000000e+00  0.000000000000000e+00  5.026397763365887e-01  4.999929310029870e-01 
 1.011579454259912e-03  1.000000000000000e+00  0.000000000000000e+00  5.083954732906643e-01  4.999294093661138e-01 
 1.023292992280768e-03  1.000000000000000e+00  0.000000000000000e+00  5.141489454450439e-01  4.997996643786635e-01 
 1.035142166679358e-03  1.000000000000000e+00  0.000000000000000e+00  5.198986700939187e-01  4.996037819600451e-01 
 1.047128548050914e-03  1.000000000000000e+00  0.000000000000000e+00  5.256431284993480e-01  4.993418917256605e-01 
 1.059253725177303e-03  1.000000000000000e+00  0.000000000000000e+00  5.313808074927477e-01  4.990141667778210e-01 
 1.071519305237621e-03  1.000000000000000e+00  0.000000000000000e+00  5.371102010638770e-01  4.986208234269603e-01 
 1.083926914021219e-03  1.000000000000000e+00  0.000000000000000e+00  5.428298119337911e-01  4.981621208439833e-01 
 1.096478196143200e-03  1.000000000000000e+00  0.000000000000000e+00  5.485381531082894e-01  4.976383606447835e-01 
 1.109174815262417e-03  1.000000000000000e+00  0.000000000000000e+00  5.542337494084584e-01  4.970498864081682e-01 
 1.122018454301979e-03  1.000000000000000e+00  0.000000000000000e+00  5.599151389750079e-01  4.963970831286180e-01 
 1.135010815672331e-03  1.000000000000000e+00  0.000000000000000e+00  5.655808747431821e-01  4.956803766054964e-01 
 1.148153621496899e-03  1.000000000000000e+00  0.000000000000000e+00  5.712295258851533e-01  4.949002327704989e-01 
 1.161448613840359e-03  1.000000000000000e+00  0.000000000000000e+00  5.768596792169155e-01  4.940571569553062e-01 
 1.174897554939546e-03  1.000000000000000e+00  0.000000000000000e+00  5.824699405668380e-01  4.931516931015621e-01 
 1.188502227437035e-03  1.000000000000000e+00  0.000000000000000e+00  5.880589361031706e-01  4.921844229154494e-01 
 1.202264434617430e-03  1.000000000000000e+00  0.000000000000000e+00  5.936253136179512e-01  4.911559649692767e-01 
 1.216186000646385e-03  1.000000000000000e+00  0.000000000000000e+00  5.991677437649161e-01  4.900669737526201e-01 
 1.230268770812399e-03  1.000000000000000e+00  0.000000000000000e+00  6.046849212491875e-01  4.889181386756798e-01 
 1.244514611771403e-03  1.000000000000000e+00  0.000000000000000e+00  6.101755659666749e-01  4.877101830276195e-01 
 1.258925411794185e-03  1.000000000000000e+00  0.000000000000000e+00  6.156384240913106e-01  4.864438628927474e-01 
 1.273503081016680e-03  1.000000000000000e+00  0.000000000000000e+00  6.210722691084161e-01  4.851199660274871e-01 
 1.288249551693153e-03  1.000000000000000e+00  0.000000000000000e+00  6.264759027926816e-01  4.837393107011468e-01 
 1.303166778452318e-03  1.000000000000000e+00  0.000000000000000e+00  6.318481561294274e-01  4.823027445035579e-01 
 1.318256738556426e-03  1.000000000000000e+00  0.000000000000000e+00  6.371878901780030e-01  4.808111431226980e-01 
 1.333521432163344e-03  1.000000000000000e+00  0.000000000000000e+00  6.424939968763709e-01  4.792654090954440e-01 
 1.348962882591674e-03  1.000000000000000e+00  0.000000000000000e+00  6.477653997861048e-01  4.776664705346175e-01 
 1.364583136588945e-03  1.000000000000000e+00  0.000000000000000e+00  6.530010547772267e-01  4.760152798355021e-01 
 1.380384264602905e-03  1.000000000000000e+00  0.000000000000000e+00  6.581999506524853e-01  4.743128123649912e-01 
 1.396368361055959e-03  1.000000000000000e+00  0.000000000000000e+00  6.633611097108654e-01  4.725600651365275e-01 
 1.412537544622776e-03  1.000000000000000e+00  0.000000000000000e+00  6.684835882502919e-01  4.707580554739507e-01 
 1.428893958511125e-03  1.000000000000000e+00  0.000000000000000e+00  6.735664770096738e-01  4.689078196673435e-01 
 1.445439770745949e-03  1.000000000000000e+00  0.000000000000000e+00  6.786089015505938e-01  4.670104116239136e-01 
 1.462177174456741e-03  1.000000000000000e+00  0.000000000000000e+00  6.836100225791190e-01  4.650669015168874e-01 
 1.479108388168230e-03  1.000000000000000e+00  0.000000000000000e+00  6.885690362083674e-01  4.630783744353301e-01 
 1.496235656094457e-03  1.000000000000000e+00  0.000000000000000e+00  6.934851741626064e-01  4.610459290377248e-01 
 1.513561248436232e-03  1.000000000000000e+00  0.000000000000000e+00  6.983577039238164e-01  4.589706762120634e-01 
 1.531087461682054e-03  1.000000000000000e+00  0.000000000000000e+00  7.031859288217763e-01  4.568537377451064e-01 
 1.548816618912506e-03  1.000000000000000e+00  0.000000000000000e+00  7.079691880688656e-01  4.546962450033731e-01 
 1.566751070108174e-03  1.000000000000000e+00  0.000000000000000e+00  7.127068567408905e-01  4.524993376283190e-01 
 1.584893192461139e-03  1.000000000000000e+00  0.000000000000000e+00  7.173983457053580e-01  4.502641622480443e-01 
 1.603245390690067e-03  1.000000000000000e+00  0.000000000000000e+00  7.220431014987218e-01  4.479918712077677e-01 
 1.621810097358956e-03  1.000000000000000e+00  0.000000000000000e+00  7.266406061542187e-01  4.456836213211747e-01 
 1.640589773199566e-03  1.000000000000000e+00  0.000000000000000e+00  7.311903769820001e-01  4.433405726446368e-01 
 1.659586907437587e-03  1.000000000000000e+00  0.000000000000000e+00  7.356919663033372e-01  4.409638872761608e-01 
 1.678804018122588e-03  1.000000000000000e+00  0.000000000000000e+00  7.401449611407466e-01  4.385547281808130e-01 
 1.698243652461772e-03  1.000000000000000e+00  0.000000000000000e+00  7.445489828659435e-01  4.361142580442259e-01 
 1.717908387157616e-03  1.000000000000000e+00  0.000000000000000e+00  7.489036868075772e-01  4.336436381556728e-01 
 1.737800828749404e-03  1.000000000000000e+00  0.000000000000000e+00  7.532087618207420e-01  4.311440273220591e-01 
 1.757923613958722e-03  1.000000000000000e+00  0.000000000000000e+00  7.574639298202974e-01  4.286165808140573e-01 
 1.778279410038952e-03  1.000000000000000e+00  0.000000000000000e+00  7.616689452800450e-01  4.260624493454807e-01 
 1.798870915128818e-03  1.000000000000000e+00  0.000000000000000e+00  7.658235946998364e-01  4.234827780868650e-01 
 1.819700858610014e-03  1.000000000000000e+00  0.000000000000000e+00  7.699276960426885e-01  4.208787057141019e-01 
 1.840772001468987e-03  1.000000000000000e+00  0.000000000000000e+00  7.739810981439863e-01  4.182513634928483e-01 
 1.862087136662899e-03  1.000000000000000e+00  0.000000000000000e+00  7.779836800948482e-01  4.156018743993102e-01 
 1.883649089489832e-03  1.000000000000000e+00  0.000000000000000e+00  7.819353506017176e-01  4.129313522778910e-01 
 1.905460717963279e-03  1.000000000000000e+00  0.000000000000000e+00  7.858360473242212e-01  4.102409010360711e-01 
 1.927524913190969e-03  1.000000000000000e+00  0.000000000000000e+00  7.896857361933192e-01  4.075316138767875e-01 
 1.949844599758079e-03  1.000000000000000e+00  0.000000000000000e+00  7.934844107117329e-01  4.048045725684636e-01 
 1.972422736114888e-03  1.000000000000000e+00  0.000000000000000e+00  7.972320912386068e-01  4.020608467527499e-01 
 1.995262314968914e-03  1.000000000000000e+00  0.000000000000000e+00  8.009288242603197e-01  3.993014932899309e-01 
 2.018366363681596e-03  1.000000000000000e+00  0.000000000000000e+00  8.045746816493183e-01  3.965275556418650e-01 
 2.041737944669565e-03  1.000000000000000e+00  0.000000000000000e+00  8.081697599127906e-01  3.937400632922350e-01 
 2.065380155810565e-03  1.000000000000000e+00  0.000000000000000e+00  8.117141794329599e-01  3.909400312038063e-01 
 2.089296130854076e-03  1.000000000000000e+00  0.000000000000000e+00  8.152080837007069e-01  3.881284593123054e-01 
 2.113489039836684e-03  1.000000000000000e+00  0.000000000000000e+00  8.186516385441870e-01  3.853063320564689e-01 
 2.137962089502270e-03  1.000000000000000e+00  0.000000000000000e+00  8.220450313540363e-01  3.824746179437328e-01 
 2.162718523727059e-03  1.000000000000000e+00  0.000000000000000e+00  8.253884703067098e-01  3.796342691509795e-01 
 2.187761623949592e-03  1.000000000000000e+00  0.000000000000000e+00  8.286821835874204e-01  3.767862211596938e-01 
 2.213094709605677e-03  1.000000000000000e+00  0.000000000000000e+00  8.319264186140913e-01  3.739313924248303e-01 
 2.238721138568380e-03  1.000000000000000e+00  0.000000000000000e+00  8.351214412636644e-01  3.710706840766452e-01 
 2.264644307593100e-03  1.000000000000000e+00  0.000000000000000e+00  8.382675351020383e-01  3.682049796546998e-01 
 2.290867652767814e-03  1.000000000000000e+00  0.000000000000000e+00  8.413650006188496e-01  3.653351448732059e-01 
 2.317394649968521e-03  1.000000000000000e+00  0.000000000000000e+00  8.444141544682356e-01  3.624620274168498e-01 
 2.344228815319965e-03  1.000000000000000e+00  0.000000000000000e+00  8.474153287166543e-01  3.595864567661959e-01 
 2.371373705661699e-03  1.000000000000000e+00  0.000000000000000e+00  8.503688700987693e-01  3.567092440517513e-01 
 2.398832919019535e-03  1.000000000000000e+00  0.000000000000000e+00  8.532751392823426e-01  3.538311819357472e-01 
 2.426610095082460e-03  1.000000000000000e+00  0.000000000000000e+00  8.561345101430080e-01  3.509530445206763e-01 
 2.454708915685076e-03  1.000000000000000e+00  0.000000000000000e+00  8.589473690497411e-01  3.480755872836093e-01 
 2.483133105295617e-03  1.000000000000000e+00  0.000000000000000e+00  8.617141141617679e-01  3.451995470353043e-01 
 2.511886431509627e-03  1.000000000000000e+00  0.000000000000000e+00  8.644351547376043e-01  3.423256419031182e-01 
 2.540972705549353e-03  1.000000000000000e+00  0.000000000000000e+00  8.671109104568492e-01  3.394545713367192e-01 
 2.570395782768912e-03  1.000000000000000e+00  0.000000000000000e+00  8.697418107552943e-01  3.365870161356030e-01 
 2.600159563165321e-03  1.000000000000000e+00  0.000000000000000e+00  8.723282941738669e-01  3.337236384974166e-01 
 2.630267991895432e-03  1.000000000000000e+00  0.000000000000000e+00  8.748708077218512e-01  3.308650820860980e-01 
 2.660725059798860e-03  1.000000000000000e+00  0.000000000000000e+00  8.773698062547934e-01  3.280119721188444e-01 
 2.691534803926967e-03  1.000000000000000e+00  0.000000000000000e+00  8.798257518674365e-01  3.251649154709366e-01 
 2.722701308077965e-03  1.000000000000000e+00  0.000000000000000e+00  8.822391133019821e-01  3.223245007974527e-01 
 2.754228703338220e-03  1.000000000000000e+00  0.000000000000000e+00  8.846103653719313e-01  3.194912986709212e-01 
 2.786121168629824e-03  1.000000000000000e+00  0.000000000000000e+00  8.869399884017077e-01  3.166658617339799e-01 
 2.818382931264509e-03  1.000000000000000e+00  0.000000000000000e+00  8.892284676822253e-01  3.138487248661191e-01 
 2.851018267503965e-03  1.000000000000000e+00  0.000000000000000e+00  8.914762929425194e-01  3.110404053636115e-01 
 2.884031503126662e-03  1.000000000000000e+00  0.000000000000000e+00  8.936839578375211e-01  3.082414031317482e-01 
 2.917427014001224e-03  1.000000000000000e+00  0.000000000000000e+00  8.958519594520199e-01  3.054522008885192e-01 
 2.951209226666444e-03  1.000000000000000e+00  0.000000000000000e+00  8.979807978208182e-01  3.026732643789031e-01 
 2.985382618918018e-03  1.000000000000000e+00  0.000000000000000e+00  9.000709754650569e-01  2.999050425989512e-01 
 3.019951720402076e-03  1.000000000000000e+00  0.000000000000000e+00  9.021229969446528e-01  2.971479680288718e-01 
 3.054921113215574e-03  1.000000000000000e+00  0.000000000000000e+00  9.041373684267616e-01  2.944024568743513e-01 
 3.090295432513652e-03  1.000000000000000e+00  0.000000000000000e+00  9.061145972701560e-01  2.916689093153670e-01 
 3.126079367124018e-03  1.000000000000000e+00  0.000000000000000e+00  9.080551916253774e-01  2.889477097617743e-01 
 3.162277660168443e-03  1.000000000000000e+00  0.000000000000000e+00  9.099596600505042e-01  2.862392271149772e-01 
 3.198895109691463e-03  1.000000000000000e+00  0.000000000000000e+00  9.118285111423482e-01  2.835438150350153e-01 
 3.235936569296348e-03  1.000000000000000e+00  0.000000000000000e+00  9.136622531828816e-01  2.808618122124249e-01 
 3.273406948788448e-03  1.000000000000000e+00  0.000000000000000e+00  9.154613938006684e-01  2.781935426442602e-01 
 3.311311214825979e-03  1.000000000000000e+00  0.000000000000000e+00  9.172264396470670e-01  2.755393159136846e-01 
 3.349654391578345e-03  1.000000000000000e+00  0.000000000000000e+00  9.189578960869488e-01  2.728994274725673e-01 
 3.388441561392095e-03  1.000000000000000e+00  0.000000000000000e+00  9.206562669036696e-01  2.702741589265466e-01 
 3.427677865464575e-03  1.000000000000000e+00  0.000000000000000e+00  9.223220540180128e-01  2.676637783220451e-01 
 3.467368504525389e-03  1.000000000000000e+00  0.000000000000000e+00  9.239557572208184e-01  2.650685404347486e-01 
 3.507518739525753e-03  1.000000000000000e+00  0.000000000000000e+00  9.255578739190021e-01  2.624886870590824e-01 
 3.548133892335829e-03  1.000000000000000e+00  0.000000000000000e+00  9.271288988946544e-01  2.599244472982435e-01 
 3.589219346450128e-03  1.000000000000000e+00  0.000000000000000e+00  9.286693240769126e-01  2.573760378543724e-01 
 3.630780547701090e-03  1.000000000000000e+00  0.000000000000000e+00  9.301796383262844e-01  2.548436633184680e-01 
 3.672823004980925e-03  1.000000000000000e+00  0.000000000000000e+00  9.316603272311049e-01  2.523275164596742e-01 
 3.715352290971804e-03  1.000000000000000e+00  0.000000000000000e+00  9.331118729157971e-01  2.498277785135855e-01 
 3.758374042884522e-03  1.000000000000000e+00  0.000000000000000e+00  9.345347538606100e-01  2.473446194692453e-01 
 3.801893963205693e-03  1.000000000000000e+00  0.000000000000000e+00  9.359294447325052e-01  2.448781983545256e-01 
 3.845917820453618e-03  1.000000000000000e+00  0.000000000000000e+00  9.372964162268599e-01  2.424286635195993e-01 
 3.890451449942889e-03  1.000000000000000e+00  0.000000000000000e+00  9.386361349196573e-01  2.399961529182391e-01 
 3.935500754557860e-03  1.000000000000000e+00  0.000000000000000e+00  9.399490631298303e-01  2.375807943866874e-01 
 3.981071705535058e-03  1.000000000000000e+00  0.000000000000000e+00  9.412356587914378e-01  2.351827059198694e-01 
 4.027170343254678e-03  1.000000000000000e+00  0.000000000000000e+00  9.424963753353370e-01  2.328019959447323e-01 
 4.073802778041216e-03  1.000000000000000e+00  0.000000000000000e+00  9.437316615800376e-01  2.304387635905133e-01 
 4.120975190973392e-03  1.000000000000000e+00  0.000000000000000e+00  9.449419616314084e-01  2.280930989557549e-01 
 4.168693834703445e-03  1.000000000000000e+00  0.000000000000000e+00  9.461277147909259e-01  2.257650833719005e-01 
 4.216965034285915e-03  1.000000000000000e+00  0.000000000000000e+00  9.472893554721462e-01  2.234547896633207e-01 
 4.265795188016020e-03  1.000000000000000e+00  0.000000000000000e+00  9.484273131250944e-01  2.211622824036317e-01 
 4.315190768277748e-03  1.000000000000000e+00  0.000000000000000e+00  9.495420121682676e-01  2.188876181681842e-01 
 4.365158322401756e-03  1.000000000000000e+00  0.000000000000000e+00  9.506338719279480e-01  2.166308457826109e-01 
 4.415704473533223e-03  1.000000000000000e+00  0.000000000000000e+00  9.517033065845405e-01  2.143920065673375e-01 
 4.466835921509731e-03  1.000000000000000e+00  0.000000000000000e+00  9.527507251256375e-01  2.121711345779685e-01 
 4.518559443749325e-03  1.000000000000000e+00  0.000000000000000e+00  9.537765313055359e-01  2.099682568414756e-01 
 4.570881896148853e-03  1.000000000000000e+00  0.000000000000000e+00  9.547811236109260e-01  2.077833935881232e-01 
 4.623810213992707e-03  1.000000000000000e+00  0.000000000000000e+00  9.557648952324854e-01  2.056165584790796e-01 
 4.677351412872088e-03  1.000000000000000e+00  0.000000000000000e+00  9.567282340421098e-01  2.034677588296664e-01 
 4.731512589614912e-03  1.000000000000000e+00  0.000000000000000e+00  9.576715225755292e-01  2.013369958282149e-01 
 4.786300923226492e-03  1.000000000000000e+00  0.000000000000000e+00  9.585951380200548e-01  1.992242647505008e-01 
 4.841723675841104e-03  1.000000000000000e+00  0.000000000000000e+00  9.594994522072127e-01  1.971295551697395e-01 
 4.897788193684574e-03  1.000000000000000e+00  0.000000000000000e+00  9.603848316100301e-01  1.950528511621307e-01 
 4.954501908048015e-03  1.000000000000000e+00  0.000000000000000e+00  9.612516373447391e-01  1.929941315079510e-01 
 5.011872336272837e-03  1.000000000000000e+00  0.000000000000000e+00  9.621002251766776e-01  1.909533698881937e-01 
 5.069907082747160e-03  1.000000000000000e+00  0.000000000000000e+00  9.629309455301676e-01  1.889305350767695e-01 
 5.128613839913767e-03  1.000000000000000e+00  0.000000000000000e+00  9.637441435021610e-01  1.869255911282799e-01 
 5.188000389289731e-03  1.000000000000000e+00  0.000000000000000e+00  9.645401588794495e-01  1.849384975613854e-01 
 5.248074602497848e-03  1.000000000000000e+00  0.000000000000000e+00  9.653193261592388e-01  1.829692095377947e-01 
 5.308844442310007e-03  1.000000000000000e+00  0.000000000000000e+00  9.660819745728982e-01  1.810176780369034e-01 
 5.370317963702653e-03  1.000000000000000e+00  0.000000000000000e+00  9.668284281127013e-01  1.790838500261192e-01 
 5.432503314924460e-03  1.000000000000000e+00  0.000000000000000e+00  9.675590055613758e-01  1.771676686269106e-01 
 5.495408738576375e-03  1.000000000000000e+00  0.000000000000000e+00  9.682740205242959e-01  1.752690732766218e-01 
 5.559042572704167e-03  1.000000000000000e+00  0.000000000000000e+00  9.689737814641456e-01  1.733879998860999e-01 
 5.623413251903625e-03  1.000000000000000e+00  0.000000000000000e+00  9.696585917378983e-01  1.715243809931831e-01 
 5.688529308438550e-03  1.000000000000000e+00  0.000000000000000e+00  9.703287496359548e-01  1.696781459121010e-01 
 5.754399373371707e-03  1.000000000000000e+00  0.000000000000000e+00  9.709845484232948e-01  1.678492208788414e-01 
 5.821032177708854e-03  1.000000000000000e+00  0.000000000000000e+00  9.716262763824974e-01  1.660375291925409e-01 
 5.888436553556031e-03  1.000000000000000e+00  0.000000000000000e+00  9.722542168584934e-01  1.642429913529544e-01 
 5.956621435290248e-03  1.000000000000000e+00  0.000000000000000e+00  9.728686483049225e-01  1.624655251940690e-01 
 6.025595860743723e-03  1.000000000000000e+00  0.000000000000000e+00  9.734698443319642e-01  1.607050460139187e-01 
 6.095368972401839e-03  1.000000000000000e+00  0.000000000000000e+00  9.740580737555232e-01  1.589614667006665e-01 
 6.165950018614971e-03  1.000000000000000e+00  0.000000000000000e+00  9.746336006476578e-01  1.572346978550169e-01 
 6.237348354824345e-03  1.000000000000000e+00  0.000000000000000e+00  9.751966843881342e-01  1.555246479090246e-01 
 6.309573444802086e-03  1.000000000000000e+00  0.000000000000000e+00  9.757475797170052e-01  1.538312232413650e-01 
 6.382634861905643e-03  1.000000000000000e+00  0.000000000000000e+00  9.762865367881126e-01  1.521543282891342e-01 
 6.456542290346714e-03  1.000000000000000e+00  0.000000000000000e+00  9.768138012234112e-01  1.504938656562454e-01 
 6.531305526474885e-03  1.000000000000000e+00  0.000000000000000e+00  9.773296141680320e-01  1.488497362184895e-01 
 6.606934480076124e-03  1.000000000000000e+00  0.000000000000000e+00  9.778342123459854e-01  1.472218392253280e-01 
 6.683439175686312e-03  1.000000000000000e+00  0.000000000000000e+00  9.783278281164298e-01  1.456100723984870e-01 
 6.760829753919986e-03  1.000000000000000e+00  0.000000000000000e+00  9.788106895304214e-01  1.440143320274195e-01 
 6.839116472814464e-03  1.000000000000000e+00  0.000000000000000e+00  9.792830203880691e-01  1.424345130617043e-01 
 6.918309709189538e-03  1.000000000000000e+00  0.000000000000000e+00  9.797450402960270e-01  1.408705092004514e-01 
 6.998419960022911e-03  1.000000000000000e+00  0.000000000000000e+00  9.801969647252493e-01  1.393222129787776e-01 
 7.079457843841557e-03  1.000000000000000e+00  0.000000000000000e+00  9.806390050689480e-01  1.377895158514247e-01 
 7.161434102129201e-03  1.000000000000000e+00  0.000000000000000e+00  9.810713687006901e-01  1.362723082735820e-01 
 7.244359600750084e-03  1.000000000000000e+00  0.000000000000000e+00  9.814942590325765e-01  1.347704797789841e-01 
 7.328245331389227e-03  1.000000000000000e+00  0.000000000000000e+00  9.819078755734459e-01  1.332839190553464e-01 
 7.413102413009363e-03  1.000000000000000e+00  0.000000000000000e+00  9.823124139870553e-01  1.318125140172056e-01 
 7.498942093324749e-03  1.000000000000000e+00  0.000000000000000e+00  9.827080661501815e-01  1.303561518762278e-01 
 7.585775750292031e-03  1.000000000000000e+00  0.000000000000000e+00  9.830950202106071e-01  1.289147192090509e-01 
 7.673614893618385e-03  1.000000000000000e+00  0.000000000000000e+00  9.834734606449371e-01  1.274881020227202e-01 
 7.762471166287116e-03  1.000000000000000e+00  0.000000000000000e+00  9.838435683162127e-01  1.260761858177833e-01 
 7.852356346100920e-03  1.000000000000000e+00  0.000000000000000e+00  9.842055205312774e-01  1.246788556491024e-01 
 7.943282347243020e-03  1.000000000000000e+00  0.000000000000000e+00  9.845594910978691e-01  1.232959961844473e-01 
 8.035261221856381e-03  1.000000000000000e+00  0.000000000000000e+00  9.849056503813901e-01  1.219274917609253e-01 
 8.128305161641203e-03  1.000000000000000e+00  0.000000000000000e+00  9.852441653613379e-01  1.205732264393093e-01 
 8.222426499470924e-03  1.000000000000000e+00  0.000000000000000e+00  9.855751996873584e-01  1.192330840563205e-01 
 8.317637711026926e-03  1.000000000000000e+00  0.000000000000000e+00  9.858989137348958e-01  1.179069482749214e-01 
 8.413951416452169e-03  1.000000000000000e+00  0.000000000000000e+00  9.862154646604159e-01  1.165947026326768e-01 
 8.511380382023986e-03  1.000000000000000e+00  0.000000000000000e+00  9.865250064561768e-01  1.152962305882347e-01 
 8.609937521846231e-03  1.000000000000000e+00  0.000000000000000e+00  9.868276900045254e-01  1.140114155659825e-01 
 8.709635899561034e-03  1.000000000000000e+00  0.000000000000000e+00  9.871236631317023e-01  1.127401409989308e-01 
 8.810488730080371e-03  1.000000000000000e+00  0.000000000000000e+00  9.874130706611306e-01  1.114822903698744e-01 
 8.912509381337690e-03  1.000000000000000e+00  0.000000000000000e+00  9.876960544661799e-01  1.102377472508836e-01 
 9.015711376059806e-03  1.000000000000000e+00  0.000000000000000e+00  9.879727535223795e-01  1.090063953411724e-01 
 9.120108393559338e-03  1.000000000000000e+00  0.000000000000000e+00  9.882433039590782e-01  1.077881185033944e-01 
 9.225714271547876e-03  1.000000000000000e+00  0.000000000000000e+00  9.885078391105284e-01  1.065828007984114e-01 
 9.332543007970158e-03  1.000000000000000e+00  0.000000000000000e+00  9.887664895663862e-01  1.053903265185818e-01 
 9.440608762859485e-03  1.000000000000000e+00  0.000000000000000e+00  9.890193832216204e-01  1.042105802196149e-01 
 9.549925860214614e-03  1.000000000000000e+00  0.000000000000000e+00  9.892666453258158e-01  1.030434467510328e-01 
 9.660508789898391e-03  1.000000000000000e+00  0.000000000000000e+00  9.895083985318650e-01  1.018888112852862e-01 
 9.772372209558369e-03  1.000000000000000e+00  0.000000000000000e+00  9.897447629440442e-01  1.007465593455624e-01 
 9.885530946569654e-03  1.000000000000000e+00  0.000000000000000e+00  9.899758561654615e-01  9.961657683233001e-02 
 1.000000000000027e-02  1.000000000000000e+00  0.000000000000000e+00  9.902017933448762e-01  9.849875004865835e-02 
 1.011579454259926e-02  1.000000000000000e+00  0.000000000000000e+00  9.904226872228868e-01  9.739296572435134e-02 
 1.023292992280782e-02  1.000000000000000e+00  0.000000000000000e+00  9.906386481774762e-01  9.629911103893360e-02 
 1.035142166679372e-02  1.000000000000000e+00  0.000000000000000e+00  9.908497842689208e-01  9.521707364352643e-02 
 1.047128548050928e-02  1.000000000000000e+00  0.000000000000000e+00  9.910562012840568e-01  9.414674168164933e-02 
 1.059253725177318e-02  1.000000000000000e+00  0.000000000000000e+00  9.912580027799017e-01  9.308800380898287e-02 
 1.071519305237636e-02  1.000000000000000e+00  0.000000000000000e+00  9.914552901266321e-01  9.204074921212631e-02 
 1.083926914021233e-02  1.000000000000000e+00  0.000000000000000e+00  9.916481625499186e-01  9.100486762638471e-02 
 1.096478196143215e-02  1.000000000000000e+00  0.000000000000000e+00  9.918367171726173e-01  8.998024935261692e-02 
 1.109174815262432e-02  1.000000000000000e+00  0.000000000000000e+00  9.920210490558168e-01  8.896678527317661e-02 
 1.122018454301995e-02  1.000000000000000e+00  0.000000000000000e+00  9.922012512392479e-01  8.796436686697717e-02 
 1.135010815672347e-02  1.000000000000000e+00  0.000000000000000e+00  9.923774147810541e-01  8.697288622371063e-02 
 1.148153621496915e-02  1.000000000000000e+00  0.000000000000000e+00  9.925496287969248e-01  8.599223605724871e-02 
 1.161448613840375e-02  1.000000000000000e+00  0.000000000000000e+00  9.927179804985978e-01  8.502230971825593e-02 
 1.174897554939563e-02  1.000000000000000e+00  0.000000000000000e+00  9.928825552317324e-01  8.406300120604102e-02 
 1.188502227437052e-02  1.000000000000000e+00  0.000000000000000e+00  9.930434365131570e-01  8.311420517967379e-02 
 1.202264434617447e-02  1.000000000000000e+00  0.000000000000000e+00  9.932007060674949e-01  8.217581696839368e-02 
 1.216186000646402e-02  1.000000000000000e+00  0.000000000000000e+00  9.933544438631752e-01  8.124773258133479e-02 
 1.230268770812416e-02  1.000000000000000e+00  0.000000000000000e+00  9.935047281478300e-01  8.032984871659232e-02 
 1.244514611771420e-02  1.000000000000000e+00  0.000000000000000e+00  9.936516354830863e-01  7.942206276965379e-02 
 1.258925411794203e-02  1.000000000000000e+00  0.000000000000000e+00  9.937952407787558e-01  7.852427284121859e-02 
 1.273503081016698e-02  1.000000000000000e+00  0.000000000000000e+00  9.939356173264294e-01  7.763637774442797e-02 
 1.288249551693171e-02  1.000000000000000e+00  0.000000000000000e+00  9.940728368324796e-01  7.675827701152689e-02 
 1.303166778452337e-02  1.000000000000000e+00  0.000000000000000e+00  9.942069694504825e-01  7.588987089997988e-02 
 1.318256738556445e-02  1.000000000000000e+00  0.000000000000000e+00  9.943380838130578e-01  7.503106039806014e-02 
 1.333521432163363e-02  1.000000000000000e+00  0.000000000000000e+00  9.944662470631387e-01  7.418174722993238e-02 
 1.348962882591693e-02  1.000000000000000e+00  0.000000000000000e+00  9.945915248846775e-01  7.334183386024866e-02 
 1.364583136588964e-02  1.000000000000000e+00  0.000000000000000e+00  9.947139815327910e-01  7.251122349827549e-02 
 1.380384264602925e-02  1.000000000000000e+00  0.000000000000000e+00  9.948336798633539e-01  7.168982010157073e-02 
 1.396368361055978e-02  1.000000000000000e+00  0.000000000000000e+00  9.949506813620478e-01  7.087752837922721e-02 
 1.412537544622796e-02  1.000000000000000e+00  0.000000000000000e+00  9.950650461728706e-01  7.007425379470060e-02 
 1.428893958511145e-02  1.000000000000000e+00  0.000000000000000e+00  9.951768331261154e-01  6.927990256823749e-02 
 1.445439770745970e-02  1.000000000000000e+00  0.000000000000000e+00  9.952860997658246e-01  6.849438167892008e-02 
 1.462177174456761e-02  1.000000000000000e+00  0.000000000000000e+00  9.953929023767261e-01  6.771759886634220e-02 
 1.479108388168251e-02  1.000000000000000e+00  0.000000000000000e+00  9.954972960106606e-01  6.694946263193224e-02 
 1.496235656094478e-02  1.000000000000000e+00  0.000000000000000e+00  9.955993345125033e-01  6.618988223993699e-02 
 1.513561248436253e-02  1.000000000000000e+00  0.000000000000000e+00  9.956990705455930e-01  6.543876771808065e-02 
 1.531087461682076e-02  1.000000000000000e+00  0.000000000000000e+00  9.957965556166691e-01  6.469602985791190e-02 
 1.548816618912527e-02  1.000000000000000e+00  0.000000000000000e+00  9.958918401003293e-01  6.396158021485328e-02 
 1.566751070108196e-02  1.000000000000000e+00  0.000000000000000e+00  9.959849732630128e-01  6.323533110796417e-02 
 1.584893192461161e-02  1.000000000000000e+00  0.000000000000000e+00  9.960760032865138e-01  6.251719561943041e-02 
 1.603245390690090e-02  1.000000000000000e+00  0.000000000000000e+00  9.961649772910394e-01  6.180708759379232e-02 
 1.621810097358979e-02  1.000000000000000e+00  0.000000000000000e+00  9.962519413578118e-01  6.110492163692249e-02 
 1.640589773199589e-02  1.000000000000000e+00  0.000000000000000e+00  9.963369405512247e-01  6.041061311476383e-02 
 1.659586907437611e-02  1.000000000000000e+00  0.000000000000000e+00  9.964200189405632e-01  5.972407815183957e-02 
 1.678804018122611e-02  1.000000000000000e+00  0.000000000000000e+00  9.965012196212900e-01  5.904523362954478e-02 
 1.698243652461796e-02  1.000000000000000e+00  0.000000000000000e+00  9.965805847359103e-01  5.837399718422963e-02 
 1.717908387157641e-02  1.000000000000000e+00  0.000000000000000e+00  9.966581554944162e-01  5.771028720508391e-02 
 1.737800828749429e-02  1.000000000000000e+00  0.000000000000000e+00  9.967339721943228e-01  5.705402283183231e-02 
 1.757923613958746e-02  1.000000000000000e+00  0.000000000000000e+00  9.968080742403010e-01  5.640512395224921e-02 
 1.778279410038977e-02  1.000000000000000e+00  0.000000000000000e+00  9.968805001634125e-01  5.576351119950183e-02 
 1.798870915128843e-02  1.000000000000000e+00  0.000000000000000e+00  9.969512876399558e-01  5.512910594932990e-02 
 1.819700858610039e-02  1.000000000000000e+00  0.000000000000000e+00  9.970204735099294e-01  5.450183031707022e-02 
 1.840772001469013e-02  1.000000000000000e+00  0.000000000000000e+00  9.970880937951196e-01  5.388160715453361e-02 
 1.862087136662925e-02  1.000000000000000e+00  0.000000000000000e+00  9.971541837168161e-01  5.326836004674199e-02 
 1.883649089489859e-02  1.000000000000000e+00  0.000000000000000e+00  9.972187777131674e-01  5.266201330853264e-02 
 1.905460717963306e-02  1.000000000000000e+00  0.000000000000000e+00  9.972819094561781e-01  5.206249198103693e-02 
 1.927524913190996e-02  1.000000000000000e+00  0.000000000000000e+00  9.973436118683557e-01  5.146972182803979e-02 
 1.949844599758106e-02  1.000000000000000e+00  0.000000000000000e+00  9.974039171390160e-01  5.088362933222713e-02 
 1.972422736114916e-02  1.000000000000000e+00  0.000000000000000e+00  9.974628567402469e-01  5.030414169132660e-02 
 1.995262314968942e-02  1.000000000000000e+00  0.000000000000000e+00  9.975204614425460e-01  4.973118681414863e-02 
 2.018366363681625e-02  1.000000000000000e+00  0.000000000000000e+00  9.975767613301277e-01  4.916469331653287e-02 
 2.041737944669594e-02  1.000000000000000e+00  0.000000000000000e+00  9.976317858159158e-01  4.860459051720598e-02 
 2.065380155810595e-02  1.000000000000000e+00  0.000000000000000e+00  9.976855636562194e-01  4.805080843355617e-02 
 2.089296130854106e-02  1.000000000000000e+00  0.000000000000000e+00  9.977381229651042e-01  4.750327777732953e-02 
 2.113489039836714e-02  1.000000000000000e+00  0.000000000000000e+00  9.977894912284603e-01  4.696192995025341e-02 
 2.137962089502300e-02  1.000000000000000e+00  0.000000000000000e+00  9.978396953177748e-01  4.642669703959124e-02 
 2.162718523727089e-02  1.000000000000000e+00  0.000000000000000e+00  9.978887615036163e-01  4.589751181363411e-02 
 2.187761623949623e-02  1.000000000000000e+00  0.000000000000000e+00  9.979367154688312e-01  4.537430771713288e-02 
 2.213094709605709e-02  1.000000000000000e+00  0.000000000000000e+00  9.979835823214639e-01  4.485701886667541e-02 
 2.238721138568412e-02  1.000000000000000e+00  0.000000000000000e+00  9.980293866074021e-01  4.434558004601329e-02 
 2.264644307593133e-02  1.000000000000000e+00  0.000000000000000e+00  9.980741523227545e-01  4.383992670134156e-02 
 2.290867652767847e-02  1.000000000000000e+00  0.000000000000000e+00  9.981179029259641e-01  4.333999493653563e-02 
 2.317394649968553e-02  1.000000000000000e+00  0.000000000000000e+00  9.981606613496660e-01  4.284572150834880e-02 
 2.344228815319998e-02  1.000000000000000e+00  0.000000000000000e+00  9.982024500122889e-01  4.235704382157413e-02 
 2.371373705661732e-02  1.000000000000000e+00  0.000000000000000e+00  9.982432908294120e-01  4.187389992417389e-02 
 2.398832919019568e-02  1.000000000000000e+00  0.000000000000000e+00  9.982832052248778e-01  4.139622850237998e-02 
 2.426610095082495e-02  1.000000000000000e+00  0.000000000000000e+00  9.983222141416660e-01  4.092396887576822e-02 
 2.454708915685111e-02  1.000000000000000e+00  0.000000000000000e+00  9.983603380525349e-01  4.045706099230977e-02 
 2.483133105295652e-02  1.000000000000000e+00  0.000000000000000e+00  9.983975969704352e-01  3.999544542340244e-02 
 2.511886431509663e-02  1.000000000000000e+00  0.000000000000000e+00  9.984340104586965e-01  3.953906335888455e-02 
 2.540972705549389e-02  1.000000000000000e+00  0.000000000000000e+00  9.984695976409987e-01  3.908785660203427e-02 
 2.570395782768949e-02  1.000000000000000e+00  0.000000000000000e+00  9.985043772111246e-01  3.864176756455656e-02 
 2.600159563165358e-02  1.000000000000000e+00  0.000000000000000e+00  9.985383674425036e-01  3.820073926156056e-02 
 2.630267991895469e-02  1.000000000000000e+00  0.000000000000000e+00  9.985715861975484e-01  3.776471530652950e-02 
 2.660725059798898e-02  1.000000000000000e+00  0.000000000000000e+00  9.986040509367906e-01  3.733363990628546e-02 
 2.691534803927005e-02  1.000000000000000e+00  0.000000000000000e+00  9.986357787278161e-01  3.690745785595106e-02 
 2.722701308078003e-02  1.000000000000000e+00  0.000000000000000e+00  9.986667862540085e-01  3.648611453391022e-02 
 2.754228703338258e-02  1.000000000000000e+00  0.000000000000000e+00  9.986970898231028e-01  3.606955589676980e-02 
 2.786121168629864e-02  1.000000000000000e+00  0.000000000000000e+00  9.987267053755496e-01  3.565772847432411e-02 
 2.818382931264548e-02  1.000000000000000e+00  0.000000000000000e+00  9.987556484927020e-01  3.525057936452405e-02 
 2.851018267504005e-02  1.000000000000000e+00  0.000000000000000e+00  9.987839344048198e-01  3.484805622845256e-02 
 2.884031503126703e-02  1.000000000000000e+00  0.000000000000000e+00  9.988115779989024e-01  3.445010728530802e-02 
 2.917427014001265e-02  1.000000000000000e+00  0.000000000000000e+00  9.988385938263474e-01  3.405668130739714e-02 
 2.951209226666485e-02  1.000000000000000e+00  0.000000000000000e+00  9.988649961104443e-01  3.366772761513891e-02 
 2.985382618918061e-02  1.000000000000000e+00  0.000000000000000e+00  9.988907987537030e-01  3.328319607208084e-02 
 3.019951720402118e-02  1.000000000000000e+00  0.000000000000000e+00  9.989160153450215e-01  3.290303707992905e-02 
 3.054921113215617e-02  1.000000000000000e+00  0.000000000000000e+00  9.989406591666977e-01  3.252720157359342e-02 
 3.090295432513696e-02  1.000000000000000e+00  0.000000000000000e+00  9.989647432012861e-01  3.215564101624890e-02 
 3.126079367124061e-02  1.000000000000000e+00  0.000000000000000e+00  9.989882801383035e-01  3.178830739441427e-02 
 3.162277660168487e-02  1.000000000000000e+00  0.000000000000000e+00  9.990112823807893e-01  3.142515321304951e-02 
 3.198895109691507e-02  1.000000000000000e+00  0.000000000000000e+00  9.990337620517190e-01  3.106613149067259e-02 
 3.235936569296394e-02  1.000000000000000e+00  0.000000000000000e+00  9.990557310002789e-01  3.071119575449704e-02 
 3.273406948788495e-02  1.000000000000000e+00  0.000000000000000e+00  9.990772008079999e-01  3.036030003559081e-02 
 3.311311214826025e-02  1.000000000000000e+00  0.000000000000000e+00  9.990981827947587e-01  3.001339886405767e-02 
 3.349654391578392e-02  1.000000000000000e+00  0.000000000000000e+00  9.991186880246442e-01  2.967044726424180e-02 
 3.388441561392143e-02  1.000000000000000e+00  0.000000000000000e+00  9.991387273116963e-01  2.933140074995657e-02 
 3.427677865464623e-02  1.000000000000000e+00  0.000000000000000e+00  9.991583112255159e-01  2.899621531973784e-02 
 3.467368504525437e-02  1.000000000000000e+00  0.000000000000000e+00  9.991774500967532e-01  2.866484745212311e-02 
 3.507518739525803e-02  1.000000000000000e+00  0.000000000000000e+00  9.991961540224713e-01  2.833725410095663e-02 
 3.548133892335879e-02  1.000000000000000e+00  0.000000000000000e+00  9.992144328713953e-01  2.801339269072146e-02 
 3.589219346450179e-02  1.000000000000000e+00  0.000000000000000e+00  9.992322962890403e-01  2.769322111189884e-02 
 3.630780547701142e-02  1.000000000000000e+00  0.000000000000000e+00  9.992497537027297e-01  2.737669771635563e-02 
 3.672823004980976e-02  1.000000000000000e+00  0.000000000000000e+00  9.992668143265003e-01  2.706378131276024e-02 
 3.715352290971857e-02  1.000000000000000e+00  0.000000000000000e+00  9.992834871658974e-01  2.675443116202741e-02 
 3.758374042884575e-02  1.000000000000000e+00  0.000000000000000e+00  9.992997810226664e-01  2.644860697279267e-02 
 3.801893963205747e-02  1.000000000000000e+00  0.000000000000000e+00  9.993157044993370e-01  2.614626889691642e-02 
 3.845917820453672e-02  1.000000000000000e+00  0.000000000000000e+00  9.993312660037081e-01  2.584737752501845e-02 
 3.890451449942944e-02  1.000000000000000e+00  0.000000000000000e+00  9.993464737532308e-01  2.555189388204293e-02 
 3.935500754557915e-02  1.000000000000000e+00  0.000000000000000e+00  9.993613357792948e-01  2.525977942285450e-02 
 3.981071705535115e-02  1.000000000000000e+00  0.000000000000000e+00  9.993758599314193e-01  2.497099602786558e-02 
 4.027170343254735e-02  1.000000000000000e+00  0.000000000000000e+00  9.993900538813499e-01  2.468550599869510e-02 
 4.073802778041274e-02  1.000000000000000e+00  0.000000000000000e+00  9.994039251270661e-01  2.440327205385935e-02 
 4.120975190973451e-02  1.000000000000000e+00  0.000000000000000e+00  9.994174809966961e-01  2.412425732449454e-02 
 4.168693834703505e-02  1.000000000000000e+00  0.000000000000000e+00  9.994307286523473e-01  2.384842535011186e-02 
 4.216965034285975e-02  1.000000000000000e+00  0.000000000000000e+00  9.994436750938488e-01  2.357574007438488e-02 
 4.265795188016081e-02  1.000000000000000e+00  0.000000000000000e+00  9.994563271624134e-01  2.330616584096965e-02 
 4.315190768277809e-02  1.000000000000000e+00  0.000000000000000e+00  9.994686915442144e-01  2.303966738935751e-02 
 4.365158322401818e-02  1.000000000000000e+00  0.000000000000000e+00  9.994807747738836e-01  2.277620985076085e-02 
 4.415704473533286e-02  1.000000000000000e+00  0.000000000000000e+00  9.994925832379336e-01  2.251575874403187e-02 
 4.466835921509794e-02  1.000000000000000e+00  0.000000000000000e+00  9.995041231780981e-01  2.225827997161450e-02 
 4.518559443749388e-02  1.000000000000000e+00  0.000000000000000e+00  9.995154006946033e-01  2.200373981552944e-02 
 4.570881896148917e-02  1.000000000000000e+00  0.000000000000000e+00  9.995264217493628e-01  2.175210493339259e-02 
 4.623810213992772e-02  1.000000000000000e+00  0.000000000000000e+00  9.995371921690999e-01  2.150334235446654e-02 
 4.677351412872153e-02  1.000000000000000e+00  0.000000000000000e+00  9.995477176484030e-01  2.125741947574575e-02 
 4.731512589614978e-02  1.000000000000000e+00  0.000000000000000e+00  9.995580037527113e-01  2.101430405807474e-02 
 4.786300923226559e-02  1.000000000000000e+00  0.000000000000000e+00  9.995680559212321e-01  2.077396422229986e-02 
 4.841723675841171e-02  1.000000000000000e+00  0.000000000000000e+00  9.995778794697945e-01  2.053636844545434e-02 
 4.897788193684642e-02  1.000000000000000e+00  0.000000000000000e+00  9.995874795936384e-01  2.030148555697663e-02 
 4.954501908048085e-02  1.000000000000000e+00  0.000000000000000e+00  9.995968613701398e-01  2.006928473496212e-02 
 5.011872336272908e-02  1.000000000000000e+00  0.000000000000000e+00  9.996060297614779e-01  1.983973550244801e-02 
 5.069907082747231e-02  1.000000000000000e+00  0.000000000000000e+00  9.996149896172392e-01  1.961280772373153e-02 
 5.128613839913838e-02  1.000000000000000e+00  0.000000000000000e+00  9.996237456769632e-01  1.938847160072108e-02 
 5.188000389289803e-02  1.000000000000000e+00  0.000000000000000e+00  9.996323025726342e-01  1.916669766932061e-02 
 5.248074602497921e-02  1.000000000000000e+00  0.000000000000000e+00  9.996406648311129e-01  1.894745679584686e-02 
 5.308844442310081e-02  1.000000000000000e+00  0.000000000000000e+00  9.996488368765163e-01  1.873072017347957e-02 
 5.370317963702727e-02  1.000000000000000e+00  0.000000000000000e+00  9.996568230325417e-01  1.851645931874437e-02 
 5.432503314924535e-02  1.000000000000000e+00  0.000000000000000e+00  9.996646275247414e-01  1.830464606802839e-02 
 5.495408738576451e-02  1.000000000000000e+00  0.000000000000000e+00  9.996722544827434e-01  1.809525257412840e-02 
 5.559042572704244e-02  1.000000000000000e+00  0.000000000000000e+00  9.996797079424229e-01  1.788825130283141e-02 
 5.623413251903701e-02  1.000000000000000e+00  0.000000000000000e+00  9.996869918480260e-01  1.768361502952749e-02 
 5.688529308438628e-02  1.000000000000000e+00  0.000000000000000e+00  9.996941100542437e-01  1.748131683585480e-02 
 5.754399373371786e-02  1.000000000000000e+00  0.000000000000000e+00  9.997010663282412e-01  1.728133010637662e-02 
 5.821032177708933e-02  1.000000000000000e+00  0.000000000000000e+00  9.997078643516399e-01  1.708362852529025e-02 
 5.888436553556112e-02  1.000000000000000e+00  0.000000000000000e+00  9.997145077224558e-01  1.688818607316753e-02 
 5.956621435290330e-02  1.000000000000000e+00  0.000000000000000e+00  9.997209999569933e-01  1.669497702372702e-02 
 6.025595860743806e-02  1.000000000000000e+00  0.000000000000000e+00  9.997273444916958e-01  1.650397594063748e-02 
 6.095368972401922e-02  1.000000000000000e+00  0.000000000000000e+00  9.997335446849572e-01  1.631515767435256e-02 
 6.165950018615056e-02  1.000000000000000e+00  0.000000000000000e+00  9.997396038188896e-01  1.612849735897652e-02 
 6.237348354824430e-02  1.000000000000000e+00  0.000000000000000e+00  9.997455251010525e-01  1.594397040916087e-02 
 6.309573444802173e-02  1.000000000000000e+00  0.000000000000000e+00  9.997513116661433e-01  1.576155251703153e-02 
 6.382634861905731e-02  1.000000000000000e+00  0.000000000000000e+00  9.997569665776472e-01  1.558121964914660e-02 
 6.456542290346802e-02  1.000000000000000e+00  0.000000000000000e+00  9.997624928294551e-01  1.540294804348440e-02 
 6.531305526474973e-02  1.000000000000000e+00  0.000000000000000e+00  9.997678933474380e-01  1.522671420646149e-02 
 6.606934480076213e-02  1.000000000000000e+00  0.000000000000000e+00  9.997731709909916e-01  1.505249490998078e-02 
 6.683439175686402e-02  1.000000000000000e+00  0.000000000000000e+00  9.997783285545433e-01  1.488026718850916e-02 
 6.760829753920078e-02  1.000000000000000e+00  0.000000000000000e+00  9.997833687690255e-01  1.471000833618475e-02 
 6.839116472814556e-02  1.000000000000000e+00  0.000000000000000e+00  9.997882943033159e-01  1.454169590395338e-02 
 6.918309709189631e-02  1.000000000000000e+00  0.000000000000000e+00  9.997931077656460e-01  1.437530769673420e-02 
 6.998419960023004e-02  1.000000000000000e+00  0.000000000000000e+00  9.997978117049747e-01  1.421082177061411e-02 
 7.079457843841652e-02  1.000000000000000e+00  0.000000000000000e+00  9.998024086123357e-01  1.404821643007094e-02 
 7.161434102129297e-02  1.000000000000000e+00  0.000000000000000e+00  9.998069009221495e-01  1.388747022522502e-02 
 7.244359600750180e-02  1.000000000000000e+00  0.000000000000000e+00  9.998112910135095e-01  1.372856194911906e-02 
 7.328245331389324e-02  1.000000000000000e+00  0.000000000000000e+00  9.998155812114368e-01  1.357147063502597e-02 
 7.413102413009462e-02  1.000000000000000e+00  0.000000000000000e+00  9.998197737881080e-01  1.341617555378459e-02 
 7.498942093324849e-02  1.000000000000000e+00  0.000000000000000e+00  9.998238709640531e-01  1.326265621116296e-02 
 7.585775750292133e-02  1.000000000000000e+00  0.000000000000000e+00  9.998278749093295e-01  1.311089234524900e-02 
 7.673614893618488e-02  1.000000000000000e+00  0.000000000000000e+00  9.998317877446666e-01  1.296086392386833e-02 
 7.762471166287220e-02  1.000000000000000e+00  0.000000000000000e+00  9.998356115425856e-01  1.281255114202905e-02 
 7.852356346101025e-02  1.000000000000000e+00  0.000000000000000e+00  9.998393483284944e-01  1.266593441939322e-02 
 7.943282347243126e-02  1.000000000000000e+00  0.000000000000000e+00  9.998430000817565e-01  1.252099439777487e-02 
 8.035261221856488e-02  1.000000000000000e+00  0.000000000000000e+00  9.998465687367372e-01  1.237771193866427e-02 
 8.128305161641312e-02  1.000000000000000e+00  0.000000000000000e+00  9.998500561838245e-01  1.223606812077829e-02 
 8.222426499471036e-02  1.000000000000000e+00  0.000000000000000e+00  9.998534642704282e-01  1.209604423763654e-02 
 8.317637711027039e-02  1.000000000000000e+00  0.000000000000000e+00  9.998567948019561e-01  1.195762179516322e-02 
 8.413951416452284e-02  1.000000000000000e+00  0.000000000000000e+00  9.998600495427671e-01  1.182078250931426e-02 
 8.511380382024102e-02  1.000000000000000e+00  0.000000000000000e+00  9.998632302171041e-01  1.168550830372973e-02 
 8.609937521846348e-02  1.000000000000000e+00  0.000000000000000e+00  9.998663385100042e-01  1.155178130741114e-02 
 8.709635899561152e-02  1.000000000000000e+00  0.000000000000000e+00  9.998693760681906e-01  1.141958385242351e-02 
 8.810488730080492e-02  1.000000000000000e+00  0.000000000000000e+00  9.998723445009421e-01  1.128889847162194e-02 
 8.912509381337810e-02  1.000000000000000e+00  0.000000000000000e+00  9.998752453809431e-01  1.115970789640249e-02 
 9.015711376059929e-02  1.000000000000000e+00  0.000000000000000e+00  9.998780802451154e-01  1.103199505447709e-02 
 9.120108393559462e-02  1.000000000000000e+00  0.000000000000000e+00  9.998808505954311e-01  1.090574306767238e-02 
 9.225714271548001e-02  1.000000000000000e+00  0.000000000000000e+00  9.998835578997062e-01  1.078093524975211e-02 
 9.332543007970284e-02  1.000000000000000e+00  0.000000000000000e+00  9.998862035923765e-01  1.065755510426298e-02 
 9.440608762859612e-02  1.000000000000000e+00  0.000000000000000e+00  9.998887890752556e-01  1.053558632240376e-02 
 9.549925860214743e-02  1.000000000000000e+00  0.000000000000000e+00  9.998913157182772e-01  1.041501278091726e-02 
 9.660508789898523e-02  1.000000000000000e+00  0.000000000000000e+00  9.998937848602183e-01  1.029581854000517e-02 
 9.772372209558501e-02  1.000000000000000e+00  0.000000000000000e+00  9.998961978094087e-01  1.017798784126546e-02 
 9.885530946569789e-02  1.000000000000000e+00  0.000000000000000e+00  9.998985558444211e-01  1.006150510565202e-02 
 1.000000000000041e-01  1.000000000000000e+00  0.000000000000000e+00  9.999008602147484e-01  9.946354931456583e-03 
 1.011579454259940e-01  1.000000000000000e+00  0.000000000000000e+00  9.999031121414647e-01  9.832522092312408e-03 
 1.023292992280796e-01  1.000000000000000e+00  0.000000000000000e+00  9.999053128178702e-01  9.719991535219788e-03 
 1.035142166679386e-01  1.000000000000000e+00  0.000000000000000e+00  9.999074634101238e-01  9.608748378592998e-03 
 1.047128548050942e-01  1.000000000000000e+00  0.000000000000000e+00  9.999095650578586e-01  9.498777910328556e-03 
 1.059253725177332e-01  1.000000000000000e+00  0.000000000000000e+00  9.999116188747854e-01  9.390065585894530e-03 
 1.071519305237650e-01  1.000000000000000e+00  0.000000000000000e+00  9.999136259492828e-01  9.282597026440778e-03 
 1.083926914021248e-01  1.000000000000000e+00  0.000000000000000e+00  9.999155873449713e-01  9.176358016929809e-03 
 1.096478196143230e-01  1.000000000000000e+00  0.000000000000000e+00  9.999175041012771e-01  9.071334504288105e-03 
 1.109174815262447e-01  1.000000000000000e+00  0.000000000000000e+00  9.999193772339824e-01  8.967512595577756e-03 
 1.122018454302010e-01  1.000000000000000e+00  0.000000000000000e+00  9.999212077357617e-01  8.864878556188116e-03 
 1.135010815672362e-01  1.000000000000000e+00  0.000000000000000e+00  9.999229965767084e-01  8.763418808047322e-03 
 1.148153621496930e-01  1.000000000000000e+00  0.000000000000000e+00  9.999247447048473e-01  8.663119927853489e-03 
 1.161448613840391e-01  1.000000000000000e+00  0.000000000000000e+00  9.999264530466369e-01  8.563968645325368e-03 
 1.174897554939578e-01  1.000000000000000e+00  0.000000000000000e+00  9.999281225074594e-01  8.465951841472270e-03 
 1.188502227437068e-01  1.000000000000000e+00  0.000000000000000e+00  9.999297539720998e-01  8.369056546883047e-03 
 1.202264434617463e-01  1.000000000000000e+00  0.000000000000000e+00  9.999313483052145e-01  8.273269940033981e-03 
 1.216186000646419e-01  1.000000000000000e+00  0.000000000000000e+00  9.999329063517888e-01  8.178579345615358e-03 
 1.230268770812433e-01  1.000000000000000e+00  0.000000000000000e+00  9.999344289375837e-01  8.084972232876493e-03 
 1.244514611771437e-01  1.000000000000000e+00  0.000000000000000e+00  9.999359168695743e-01  7.992436213989139e-03 
 1.258925411794220e-01  1.000000000000000e+00  0.000000000000000e+00  9.999373709363761e-01  7.900959042428962e-03 
 1.273503081016715e-01  1.000000000000000e+00  0.000000000000000e+00  9.999387919086621e-01  7.810528611374928e-03 
 1.288249551693188e-01  1.000000000000000e+00  0.000000000000000e+00  9.999401805395717e-01  7.721132952126536e-03 
 1.303166778452354e-01  1.000000000000000e+00  0.000000000000000e+00  9.999415375651087e-01  7.632760232538486e-03 
 1.318256738556463e-01  1.000000000000000e+00  0.000000000000000e+00  9.999428637045320e-01  7.545398755472843e-03 
 1.333521432163380e-01  1.000000000000000e+00  0.000000000000000e+00  9.999441596607347e-01  7.459036957268319e-03 
 1.348962882591710e-01  1.000000000000000e+00  0.000000000000000e+00  9.999454261206182e-01  7.373663406226636e-03 
 1.364583136588982e-01  1.000000000000000e+00  0.000000000000000e+00  9.999466637554543e-01  7.289266801115683e-03 
 1.380384264602943e-01  1.000000000000000e+00  0.000000000000000e+00  9.999478732212422e-01  7.205835969689392e-03 
 1.396368361055997e-01  1.000000000000000e+00  0.000000000000000e+00  9.999490551590542e-01  7.123359867224050e-03 
 1.412537544622814e-01  1.000000000000000e+00  0.000000000000000e+00  9.999502101953762e-01  7.041827575070990e-03 
 1.428893958511163e-01  1.000000000000000e+00  0.000000000000000e+00  9.999513389424398e-01  6.961228299225366e-03 
 1.445439770745989e-01  1.000000000000000e+00  0.000000000000000e+00  9.999524419985450e-01  6.881551368910963e-03 
 1.462177174456780e-01  1.000000000000000e+00  0.000000000000000e+00  9.999535199483793e-01  6.802786235180777e-03 
 1.479108388168270e-01  1.000000000000000e+00  0.000000000000000e+00  9.999545733633248e-01  6.724922469533243e-03 
 1.496235656094497e-01  1.000000000000000e+00  0.000000000000000e+00  9.999556028017631e-01  6.647949762543943e-03 
 1.513561248436273e-01  1.000000000000000e+00  0.000000000000000e+00  9.999566088093691e-01  6.571857922512619e-03 
 1.531087461682096e-01  1.000000000000000e+00  0.000000000000000e+00  9.999575919194021e-01  6.496636874125329e-03 
 1.548816618912548e-01  1.000000000000000e+00  0.000000000000000e+00  9.999585526529861e-01  6.422276657131591e-03 
 1.566751070108216e-01  1.000000000000000e+00  0.000000000000000e+00  9.999594915193875e-01  6.348767425036347e-03 
 1.584893192461181e-01  1.000000000000000e+00  0.000000000000000e+00  9.999604090162837e-01  6.276099443806592e-03 
 1.603245390690110e-01  1.000000000000000e+00  0.000000000000000e+00  9.999613056300272e-01  6.204263090592512e-03 
 1.621810097359000e-01  1.000000000000000e+00  0.000000000000000e+00  9.999621818359038e-01  6.133248852462981e-03 
 1.640589773199610e-01  1.000000000000000e+00  0.000000000000000e+00  9.999630380983832e-01  6.063047325155230e-03 
 1.659586907437632e-01  1.000000000000000e+00  0.000000000000000e+00  9.999638748713655e-01  5.993649211838589e-03 
 1.678804018122633e-01  1.000000000000000e+00  0.000000000000000e+00  9.999646925984224e-01  5.925045321892104e-03 
 1.698243652461818e-01  1.000000000000000e+00  0.000000000000000e+00  9.999654917130311e-01  5.857226569695900e-03 
 1.717908387157663e-01  1.000000000000000e+00  0.000000000000000e+00  9.999662726388042e-01  5.790183973436135e-03 
 1.737800828749451e-01  1.000000000000000e+00  0.000000000000000e+00  9.999670357897152e-01  5.723908653923404e-03 
 1.757923613958769e-01  1.000000000000000e+00  0.000000000000000e+00  9.999677815703161e-01  5.658391833424439e-03 
 1.778279410039000e-01  1.000000000000000e+00  0.000000000000000e+00  9.999685103759524e-01  5.593624834506964e-03 
 1.798870915128866e-01  1.000000000000000e+00  0.000000000000000e+00  9.999692225929734e-01  5.529599078897563e-03 
 1.819700858610063e-01  1.000000000000000e+00  0.000000000000000e+00  9.999699185989359e-01  5.466306086352422e-03 
 1.840772001469037e-01  1.000000000000000e+00  0.000000000000000e+00  9.999705987628047e-01  5.403737473540798e-03 
 1.862087136662950e-01  1.000000000000000e+00  0.000000000000000e+00  9.999712634451474e-01  5.341884952941064e-03 
 1.883649089489884e-01  1.000000000000000e+00  0.000000000000000e+00  9.999719129983266e-01  5.280740331749239e-03 
 1.905460717963331e-01  1.000000000000000e+00  0.000000000000000e+00  9.999725477666853e-01  5.220295510799804e-03 
 1.927524913191021e-01  1.000000000000000e+00  0.000000000000000e+00  9.999731680867306e-01  5.160542483498716e-03 
 1.949844599758132e-01  1.000000000000000e+00  0.000000000000000e+00  9.999737742873118e-01  5.101473334768466e-03 
 1.972422736114941e-01  1.000000000000000e+00  0.000000000000000e+00  9.999743666897929e-01  5.043080240005049e-03 
 1.995262314968968e-01  1.000000000000000e+00  0.000000000000000e+00  9.999749456082254e-01  4.985355464046731e-03 
 2.018366363681651e-01  1.000000000000000e+00  0.000000000000000e+00  9.999755113495131e-01  4.928291360154454e-03 
 2.041737944669620e-01  1.000000000000000e+00  0.000000000000000e+00  9.999760642135752e-01  4.871880369003784e-03 
 2.065380155810622e-01  1.000000000000000e+00  0.000000000000000e+00  9.999766044935060e-01  4.816115017688246e-03 
 2.089296130854133e-01  1.000000000000000e+00  0.000000000000000e+00  9.999771324757276e-01  4.760987918733934e-03 
 2.113489039836741e-01  1.000000000000000e+00  0.000000000000000e+00  9.999776484401450e-01  4.706491769125291e-03 
 2.137962089502328e-01  1.000000000000000e+00  0.000000000000000e+00  9.999781526602933e-01  4.652619349341890e-03 
 2.162718523727117e-01  1.000000000000000e+00  0.000000000000000e+00  9.999786454034809e-01  4.599363522406119e-03 
 2.187761623949651e-01  1.000000000000000e+00  0.000000000000000e+00  9.999791269309333e-01  4.546717232941672e-03 
 2.213094709605737e-01  1.000000000000000e+00  0.000000000000000e+00  9.999795974979308e-01  4.494673506242693e-03 
 2.238721138568441e-01  1.000000000000000e+00  0.000000000000000e+00  9.999800573539434e-01  4.443225447353454e-03 
 2.264644307593162e-01  1.000000000000000e+00  0.000000000000000e+00  9.999805067427638e-01  4.392366240158481e-03 
 2.290867652767877e-01  1.000000000000000e+00  0.000000000000000e+00  9.999809459026362e-01  4.342089146482977e-03 
 2.317394649968584e-01  1.000000000000000e+00  0.000000000000000e+00  9.999813750663820e-01  4.292387505203464e-03 
 2.344228815320028e-01  1.000000000000000e+00  0.000000000000000e+00  9.999817944615242e-01  4.243254731368483e-03 
 2.371373705661763e-01  1.000000000000000e+00  0.000000000000000e+00  9.999822043104073e-01  4.194684315329287e-03 
 2.398832919019599e-01  1.000000000000000e+00  0.000000000000000e+00  9.999826048303153e-01  4.146669821880395e-03 
 2.426610095082526e-01  1.000000000000000e+00  0.000000000000000e+00  9.999829962335873e-01  4.099204889409891e-03 
 2.454708915685142e-01  1.000000000000000e+00  0.000000000000000e+00  9.999833787277291e-01  4.052283229059362e-03 
 2.483133105295683e-01  1.000000000000000e+00  0.000000000000000e+00  9.999837525155238e-01  4.005898623893386e-03 
 2.511886431509694e-01  1.000000000000000e+00  0.000000000000000e+00  9.999841177951396e-01  3.960044928078442e-03 
 2.540972705549421e-01  1.000000000000000e+00  0.000000000000000e+00  9.999844747602340e-01  3.914716066071144e-03 
 2.570395782768981e-01  1.000000000000000e+00  0.000000000000000e+00  9.999848236000570e-01  3.869906031815690e-03 
 2.600159563165391e-01  1.000000000000000e+00  0.000000000000000e+00  9.999851644995513e-01  3.825608887950440e-03 
 2.630267991895502e-01  1.000000000000000e+00  0.000000000000000e+00  9.999854976394507e-01  3.781818765023490e-03 
 2.660725059798932e-01  1.000000000000000e+00  0.000000000000000e+00  9.999858231963743e-01  3.738529860717189e-03 
 2.691534803927039e-01  1.000000000000000e+00  0.000000000000000e+00  9.999861413429223e-01  3.695736439081437e-03 
 2.722701308078038e-01  1.000000000000000e+00  0.000000000000000e+00  9.999864522477663e-01  3.653432829775722e-03 
 2.754228703338293e-01  1.000000000000000e+00  0.000000000000000e+00  9.999867560757388e-01  3.611613427319764e-03 
 2.786121168629899e-01  1.000000000000000e+00  0.000000000000000e+00  9.999870529879209e-01  3.570272690352686e-03 
 2.818382931264584e-01  1.000000000000000e+00  0.000000000000000e+00  9.999873431417265e-01  3.529405140900598e-03 
 2.851018267504041e-01  1.000000000000000e+00  0.000000000000000e+00  9.999876266909884e-01  3.489005363652532e-03 
 2.884031503126740e-01  1.000000000000000e+00  0.000000000000000e+00  9.999879037860360e-01  3.449068005244591e-03 
 2.917427014001303e-01  1.000000000000000e+00  0.000000000000000e+00  9.999881745737786e-01  3.409587773552270e-03 
 2.951209226666523e-01  1.000000000000000e+00  0.000000000000000e+00  9.999884391977817e-01  3.370559436990802e-03 
 2.985382618918099e-01  1.000000000000000e+00  0.000000000000000e+00  9.999886977983421e-01  3.331977823823476e-03 
 3.019951720402157e-01  1.000000000000000e+00  0.000000000000000e+00  9.999889505125644e-01  3.293837821477851e-03 
 3.054921113215656e-01  1.000000000000000e+00  0.000000000000000e+00  9.999891974744323e-01  3.256134375869714e-03 
 3.090295432513735e-01  1.000000000000000e+00  0.000000000000000e+00  9.999894388148793e-01  3.218862490734762e-03 
 3.126079367124101e-01  1.000000000000000e+00  0.000000000000000e+00  9.999896746618597e-01  3.182017226967895e-03 
 3.162277660168527e-01  1.000000000000000e+00  0.000000000000000e+00  9.999899051404150e-01  3.145593701970015e-03 
 3.198895109691547e-01  1.000000000000000e+00  0.000000000000000e+00  9.999901303727403e-01  3.109587089002278e-03 
 3.235936569296434e-01  1.000000000000000e+00  0.000000000000000e+00  9.999903504782500e-01  3.073992616547703e-03 
 3.273406948788535e-01  1.000000000000000e+00  0.000000000000000e+00  9.999905655736403e-01  3.038805567680050e-03 
 3.311311214826066e-01  1.000000000000000e+00  0.000000000000000e+00  9.999907757729513e-01  3.004021279439877e-03 
 3.349654391578434e-01  1.000000000000000e+00  0.000000000000000e+00  9.999909811876270e-01  2.969635142217728e-03 
 3.388441561392185e-01  1.000000000000000e+00  0.000000000000000e+00  9.999911819265754e-01  2.935642599144338e-03 
 3.427677865464666e-01  1.000000000000000e+00  0.000000000000000e+00  9.999913780962252e-01  2.902039145487786e-03 
 3.467368504525480e-01  1.000000000000000e+00  0.000000000000000e+00  9.999915698005830e-01  2.868820328057524e-03 
 3.507518739525846e-01  1.000000000000000e+00  0.000000000000000e+00  9.999917571412880e-01  2.835981744615198e-03 
 3.548133892335923e-01  1.000000000000000e+00  0.000000000000000e+00  9.999919402176658e-01  2.803519043292186e-03 
 3.589219346450223e-01  1.000000000000000e+00  0.000000000000000e+00  9.999921191267811e-01  2.771427922013776e-03 
 3.630780547701186e-01  1.000000000000000e+00  0.000000000000000e+00  9.999922939634895e-01  2.739704127929911e-03 
 3.672823004981022e-01  1.000000000000000e+00  0.000000000000000e+00  9.999924648204879e-01  2.708343456852424e-03 
 3.715352290971903e-01  1.000000000000000e+00  0.000000000000000e+00  9.999926317883623e-01  2.677341752698690e-03 
 3.758374042884621e-01  1.000000000000000e+00  0.000000000000000e+00  9.999927949556379e-01  2.646694906941631e-03 
 3.801893963205794e-01  1.000000000000000e+00  0.000000000000000e+00  9.999929544088243e-01  2.616398858065982e-03 
 3.845917820453720e-01  1.000000000000000e+00  0.000000000000000e+00  9.999931102324620e-01  2.586449591030768e-03 
 3.890451449942993e-01  1.000000000000000e+00  0.000000000000000e+00  9.999932625091678e-01  2.556843136737913e-03 
 3.935500754557964e-01  1.000000000000000e+00  0.000000000000000e+00  9.999934113196772e-01  2.527575571506905e-03 
 3.981071705535164e-01  1.000000000000000e+00  0.000000000000000e+00  9.999935567428889e-01  2.498643016555466e-03 
 4.027170343254785e-01  1.000000000000000e+00  0.000000000000000e+00  9.999936988559048e-01  2.470041637486133e-03 
 4.073802778041324e-01  1.000000000000000e+00  0.000000000000000e+00  9.999938377340727e-01  2.441767643778715e-03 
 4.120975190973501e-01  1.000000000000000e+00  0.000000000000000e+00  9.999939734510249e-01  2.413817288288531e-03 
 4.168693834703556e-01  1.000000000000000e+00  0.000000000000000e+00  9.999941060787173e-01  2.386186866750370e-03 
 4.216965034286027e-01  1.000000000000000e+00  0.000000000000000e+00  9.999942356874691e-01  2.358872717288134e-03 
 4.265795188016133e-01  1.000000000000000e+00  0.000000000000000e+00  9.999943623459980e-01  2.331871219930051e-03 
 4.315190768277862e-01  1.000000000000000e+00  0.000000000000000e+00  9.999944861214577e-01  2.305178796129440e-03 
 4.365158322401872e-01  1.000000000000000e+00  0.000000000000000e+00  9.999946070794739e-01  2.278791908290950e-03 
 4.415704473533340e-01  1.000000000000000e+00  0.000000000000000e+00  9.999947252841773e-01  2.252707059302184e-03 
 4.466835921509849e-01  1.000000000000000e+00  0.000000000000000e+00  9.999948407982404e-01  2.226920792070702e-03 
 4.518559443749444e-01  1.000000000000000e+00  0.000000000000000e+00  9.999949536829079e-01  2.201429689066287e-03 
 4.570881896148974e-01  1.000000000000000e+00  0.000000000000000e+00  9.999950639980316e-01  2.176230371868447e-03 
 4.623810213992829e-01  1.000000000000000e+00  0.000000000000000e+00  9.999951718021000e-01  2.151319500719089e-03 
 4.677351412872212e-01  1.000000000000000e+00  0.000000000000000e+00  9.999952771522705e-01  2.126693774080286e-03 
 4.731512589615037e-01  1.000000000000000e+00  0.000000000000000e+00  9.999953801044000e-01  2.102349928197113e-03 
 4.786300923226619e-01  1.000000000000000e+00  0.000000000000000e+00  9.999954807130732e-01  2.078284736665464e-03 
 4.841723675841232e-01  1.000000000000000e+00  0.000000000000000e+00  9.999955790316331e-01  2.054495010004809e-03 
 4.897788193684703e-01  1.000000000000000e+00  0.000000000000000e+00  9.999956751122081e-01  2.030977595235832e-03 
 4.954501908048147e-01  1.000000000000000e+00  0.000000000000000e+00  9.999957690057397e-01  2.007729375462888e-03 
 5.011872336272970e-01  1.000000000000000e+00  0.000000000000000e+00  9.999958607620109e-01  1.984747269461244e-03 
 5.069907082747294e-01  1.000000000000000e+00  0.000000000000000e+00  9.999959504296706e-01  1.962028231269014e-03 
 5.128613839913901e-01  1.000000000000000e+00  0.000000000000000e+00  9.999960380562608e-01  1.939569249783777e-03 
 5.188000389289867e-01  1.000000000000000e+00  0.000000000000000e+00  9.999961236882409e-01  1.917367348363789e-03 
 5.248074602497985e-01  1.000000000000000e+00  0.000000000000000e+00  9.999962073710136e-01  1.895419584433760e-03 
 5.308844442310147e-01  1.000000000000000e+00  0.000000000000000e+00  9.999962891489471e-01  1.873723049095130e-03 
 5.370317963702794e-01  1.000000000000000e+00  0.000000000000000e+00  9.999963690654006e-01  1.852274866740801e-03 
 5.432503314924603e-01  1.000000000000000e+00  0.000000000000000e+00  9.999964471627458e-01  1.831072194674273e-03 
 5.495408738576519e-01  1.000000000000000e+00  0.000000000000000e+00  9.999965234823901e-01  1.810112222733127e-03 
 5.559042572704314e-01  1.000000000000000e+00  0.000000000000000e+00  9.999965980647987e-01  1.789392172916815e-03 
 5.623413251903772e-01  1.000000000000000e+00  0.000000000000000e+00  9.999966709495152e-01  1.768909299018704e-03 
 5.688529308438699e-01  1.000000000000000e+00  0.000000000000000e+00  9.999967421751830e-01  1.748660886262321e-03 
 5.754399373371858e-01  1.000000000000000e+00  0.000000000000000e+00  9.999968117795667e-01  1.728644250941764e-03 
 5.821032177709007e-01  1.000000000000000e+00  0.000000000000000e+00  9.999968797995703e-01  1.708856740066211e-03 
 5.888436553556187e-01  1.000000000000000e+00  0.000000000000000e+00  9.999969462712587e-01  1.689295731008503e-03 
 5.956621435290406e-01  1.000000000000000e+00  0.000000000000000e+00  9.999970112298752e-01  1.669958631157737e-03 
 6.025595860743882e-01  1.000000000000000e+00  0.000000000000000e+00  9.999970747098613e-01  1.650842877575836e-03 
 6.095368972402000e-01  1.000000000000000e+00  0.000000000000000e+00  9.999971367448742e-01  1.631945936658036e-03 
 6.165950018615134e-01  1.000000000000000e+00  0.000000000000000e+00  9.999971973678053e-01  1.613265303797264e-03 
 6.237348354824509e-01  1.000000000000000e+00  0.000000000000000e+00  9.999972566107970e-01  1.594798503052345e-03 
 6.309573444802253e-01  1.000000000000000e+00  0.000000000000000e+00  9.999973145052606e-01  1.576543086820010e-03 
 6.382634861905812e-01  1.000000000000000e+00  0.000000000000000e+00  9.999973710818918e-01  1.558496635510646e-03 
 6.456542290346884e-01  1.000000000000000e+00  0.000000000000000e+00  9.999974263706876e-01  1.540656757227752e-03 
 6.531305526475056e-01  1.000000000000000e+00  0.000000000000000e+00  9.999974804009626e-01  1.523021087451074e-03 
 6.606934480076297e-01  1.000000000000000e+00  0.000000000000000e+00  9.999975332013645e-01  1.505587288723345e-03 
 6.683439175686487e-01  1.000000000000000e+00  0.000000000000000e+00  9.999975847998874e-01  1.488353050340617e-03 
 6.760829753920163e-01  1.000000000000000e+00  0.000000000000000e+00  9.999976352238897e-01  1.471316088046133e-03 
 6.839116472814644e-01  1.000000000000000e+00  0.000000000000000e+00  9.999976845001068e-01  1.454474143727695e-03 
 6.918309709189719e-01  1.000000000000000e+00  0.000000000000000e+00  9.999977326546649e-01  1.437824985118498e-03 
 6.998419960023095e-01  1.000000000000000e+00  0.000000000000000e+00  9.999977797130959e-01  1.421366405501380e-03 
 7.079457843841743e-01  1.000000000000000e+00  0.000000000000000e+00  9.999978257003500e-01  1.405096223416456e-03 
 7.161434102129389e-01  1.000000000000000e+00  0.000000000000000e+00  9.999978706408110e-01  1.389012282372100e-03 
 7.244359600750274e-01  1.000000000000000e+00  0.000000000000000e+00  9.999979145583061e-01  1.373112450559222e-03 
 7.328245331389419e-01  1.000000000000000e+00  0.000000000000000e+00  9.999979574761207e-01  1.357394620568822e-03 
 7.413102413009558e-01  1.000000000000000e+00  0.000000000000000e+00  9.999979994170100e-01  1.341856709112766e-03 
 7.498942093324946e-01  1.000000000000000e+00  0.000000000000000e+00  9.999980404032115e-01  1.326496656747767e-03 
 7.585775750292231e-01  1.000000000000000e+00  0.000000000000000e+00  9.999980804564564e-01  1.311312427602507e-03 
 7.673614893618588e-01  1.000000000000000e+00  0.000000000000000e+00  9.999981195979813e-01  1.296302009107894e-03 
 7.762471166287320e-01  1.000000000000000e+00  0.000000000000000e+00  9.999981578485393e-01  1.281463411730396e-03 
 7.852356346101126e-01  1.000000000000000e+00  0.000000000000000e+00  9.999981952284110e-01  1.266794668708430e-03 
 7.943282347243228e-01  1.000000000000000e+00  0.000000000000000e+00  9.999982317574159e-01  1.252293835791758e-03 
 8.035261221856591e-01  1.000000000000000e+00  0.000000000000000e+00  9.999982674549215e-01  1.237958990983876e-03 
 8.128305161641416e-01  1.000000000000000e+00  0.000000000000000e+00  9.999983023398551e-01  1.223788234287335e-03 
 8.222426499471140e-01  1.000000000000000e+00  0.000000000000000e+00  9.999983364307130e-01  1.209779687451992e-03 
 8.317637711027145e-01  1.000000000000000e+00  0.000000000000000e+00  9.999983697455708e-01  1.195931493726124e-03 
 8.413951416452391e-01  1.000000000000000e+00  0.000000000000000e+00  9.999984023020917e-01  1.182241817610397e-03 
 8.511380382024211e-01  1.000000000000000e+00  0.000000000000000e+00  9.999984341175377e-01  1.168708844614653e-03 
 8.609937521846458e-01  1.000000000000000e+00  0.000000000000000e+00  9.999984652087778e-01  1.155330781017473e-03 
 8.709635899561263e-01  1.000000000000000e+00  0.000000000000000e+00  9.999984955922968e-01  1.142105853628488e-03 
 8.810488730080603e-01  1.000000000000000e+00  0.000000000000000e+00  9.999985252842042e-01  1.129032309553419e-03 
 8.912509381337924e-01  1.000000000000000e+00  0.000000000000000e+00  9.999985543002430e-01  1.116108415961795e-03 
 9.015711376060044e-01  1.000000000000000e+00  0.000000000000000e+00  9.999985826557974e-01  1.103332459857334e-03 
 9.120108393559578e-01  1.000000000000000e+00  0.000000000000000e+00  9.999986103659029e-01  1.090702747850950e-03 
 9.225714271548119e-01  1.000000000000000e+00  0.000000000000000e+00  9.999986374452501e-01  1.078217605936353e-03 
 9.332543007970404e-01  1.000000000000000e+00  0.000000000000000e+00  9.999986639081979e-01  1.065875379268219e-03 
 9.440608762859733e-01  1.000000000000000e+00  0.000000000000000e+00  9.999986897687768e-01  1.053674431942903e-03 
 9.549925860214865e-01  1.000000000000000e+00  0.000000000000000e+00  9.999987150406984e-01  1.041613146781648e-03 
 9.660508789898646e-01  1.000000000000000e+00  0.000000000000000e+00  9.999987397373619e-01  1.029689925116288e-03 
 9.772372209558626e-01  1.000000000000000e+00  0.000000000000000e+00  9.999987638718620e-01  1.017903186577393e-03 
 9.885530946569915e-01  1.000000000000000e+00  0.000000000000000e+00  9.999987874569949e-01  1.006251368884842e-03 
 1.000000000000053e+00  1.000000000000000e+00  0.000000000000000e+00  9.999988105052655e-01  9.947329276407926e-04 
 1.011579454259953e+00  1.000000000000000e+00  0.000000000000000e+00  9.999988330288948e-01  9.833463361250165e-04 
 1.023292992280809e+00  1.000000000000000e+00  0.000000000000000e+00  9.999988550398244e-01  9.720900850925786e-04 
 1.035142166679399e+00  1.000000000000000e+00  0.000000000000000e+00  9.999988765497252e-01  9.609626825738302e-04 
 1.047128548050956e+00  1.000000000000000e+00  0.000000000000000e+00  9.999988975700017e-01  9.499626536766932e-04 
 1.059253725177346e+00  1.000000000000000e+00  0.000000000000000e+00  9.999989181117992e-01  9.390885403912005e-04 
 1.071519305237664e+00  1.000000000000000e+00  0.000000000000000e+00  9.999989381860092e-01  9.283389013962786e-04 
 1.083926914021262e+00  1.000000000000000e+00  0.000000000000000e+00  9.999989578032749e-01  9.177123118687389e-04 
 1.096478196143244e+00  1.000000000000000e+00  0.000000000000000e+00  9.999989769739980e-01  9.072073632944548e-04 
 1.109174815262461e+00  1.000000000000000e+00  0.000000000000000e+00  9.999989957083428e-01  8.968226632816968e-04 
 1.122018454302024e+00  1.000000000000000e+00  0.000000000000000e+00  9.999990140162427e-01  8.865568353766090e-04 
 1.135010815672377e+00  1.000000000000000e+00  0.000000000000000e+00  9.999990319074045e-01  8.764085188807906e-04 
 1.148153621496945e+00  1.000000000000000e+00  0.000000000000000e+00  9.999990493913142e-01  8.663763686709706e-04 
 1.161448613840406e+00  1.000000000000000e+00  0.000000000000000e+00  9.999990664772423e-01  8.564590550207401e-04 
 1.174897554939593e+00  1.000000000000000e+00  0.000000000000000e+00  9.999990831742477e-01  8.466552634243306e-04 
 1.188502227437083e+00  1.000000000000000e+00  0.000000000000000e+00  9.999990994911836e-01  8.369636944224030e-04 
 1.202264434617478e+00  1.000000000000000e+00  0.000000000000000e+00  9.999991154367007e-01  8.273830634298333e-04 
 1.216186000646434e+00  1.000000000000000e+00  0.000000000000000e+00  9.999991310192544e-01  8.179121005654702e-04 
 1.230268770812449e+00  1.000000000000000e+00  0.000000000000000e+00  9.999991462471064e-01  8.085495504838362e-04 
 1.244514611771453e+00  1.000000000000000e+00  0.000000000000000e+00  9.999991611283304e-01  7.992941722087587e-04 
 1.258925411794236e+00  1.000000000000000e+00  0.000000000000000e+00  9.999991756708169e-01  7.901447389689032e-04 
 1.273503081016732e+00  1.000000000000000e+00  0.000000000000000e+00  9.999991898822761e-01  7.811000380351888e-04 
 1.288249551693205e+00  1.000000000000000e+00  0.000000000000000e+00  9.999992037702439e-01  7.721588705600644e-04 
 1.303166778452371e+00  1.000000000000000e+00  0.000000000000000e+00  9.999992173420832e-01  7.633200514186233e-04 
 1.318256738556480e+00  1.000000000000000e+00  0.000000000000000e+00  9.999992306049897e-01  7.545824090515377e-04 
 1.333521432163398e+00  1.000000000000000e+00  0.000000000000000e+00  9.999992435659963e-01  7.459447853097881e-04 
 1.348962882591728e+00  1.000000000000000e+00  0.000000000000000e+00  9.999992562319748e-01  7.374060353011727e-04 
 1.364583136589000e+00  1.000000000000000e+00  0.000000000000000e+00  9.999992686096403e-01  7.289650272385701e-04 
 1.380384264602961e+00  1.000000000000000e+00  0.000000000000000e+00  9.999992807055563e-01  7.206206422899412e-04 
 1.396368361056015e+00  1.000000000000000e+00  0.000000000000000e+00  9.999992925261360e-01  7.123717744300454e-04 
 1.412537544622833e+00  1.000000000000000e+00  0.000000000000000e+00  9.999993040776465e-01  7.042173302938558e-04 
 1.428893958511182e+00  1.000000000000000e+00  0.000000000000000e+00  9.999993153662130e-01  6.961562290316499e-04 
 1.445439770746008e+00  1.000000000000000e+00  0.000000000000000e+00  9.999993263978203e-01  6.881874021657605e-04 
 1.462177174456800e+00  1.000000000000000e+00  0.000000000000000e+00  9.999993371783181e-01  6.803097934489648e-04 
 1.479108388168290e+00  1.000000000000000e+00  0.000000000000000e+00  9.999993477134220e-01  6.725223587244945e-04 
 1.496235656094517e+00  1.000000000000000e+00  0.000000000000000e+00  9.999993580087178e-01  6.648240657876480e-04 
 1.513561248436293e+00  1.000000000000000e+00  0.000000000000000e+00  9.999993680696644e-01  6.572138942489856e-04 
 1.531087461682116e+00  1.000000000000000e+00  0.000000000000000e+00  9.999993779015957e-01  6.496908353990923e-04 
 1.548816618912568e+00  1.000000000000000e+00  0.000000000000000e+00  9.999993875097254e-01  6.422538920748871e-04 
 1.566751070108237e+00  1.000000000000000e+00  0.000000000000000e+00  9.999993968991475e-01  6.349020785274605e-04 
 1.584893192461203e+00  1.000000000000000e+00  0.000000000000000e+00  9.999994060748405e-01  6.276344202914279e-04 
 1.603245390690132e+00  1.000000000000000e+00  0.000000000000000e+00  9.999994150416693e-01  6.204499540557767e-04 
 1.621810097359022e+00  1.000000000000000e+00  0.000000000000000e+00  9.999994238043883e-01  6.133477275361901e-04 
 1.640589773199632e+00  1.000000000000000e+00  0.000000000000000e+00  9.999994323676437e-01  6.063267993488360e-04 
 1.659586907437655e+00  1.000000000000000e+00  0.000000000000000e+00  9.999994407359757e-01  5.993862388855944e-04 
 1.678804018122656e+00  1.000000000000000e+00  0.000000000000000e+00  9.999994489138212e-01  5.925251261907190e-04 
 1.698243652461841e+00  1.000000000000000e+00  0.000000000000000e+00  9.999994569055166e-01  5.857425518389071e-04 
 1.717908387157686e+00  1.000000000000000e+00  0.000000000000000e+00  9.999994647152989e-01  5.790376168147643e-04 
 1.737800828749474e+00  1.000000000000000e+00  0.000000000000000e+00  9.999994723473089e-01  5.724094323936508e-04 
 1.757923613958793e+00  1.000000000000000e+00  0.000000000000000e+00  9.999994798055931e-01  5.658571200238905e-04 
 1.778279410039024e+00  1.000000000000000e+00  0.000000000000000e+00  9.999994870941062e-01  5.593798112103291e-04 
 1.798870915128891e+00  1.000000000000000e+00  0.000000000000000e+00  9.999994942167126e-01  5.529766473992220e-04 
 1.819700858610088e+00  1.000000000000000e+00  0.000000000000000e+00  9.999995011771888e-01  5.466467798644434e-04 
 1.840772001469061e+00  1.000000000000000e+00  0.000000000000000e+00  9.999995079792257e-01  5.403893695949963e-04 
 1.862087136662974e+00  1.000000000000000e+00  0.000000000000000e+00  9.999995146264290e-01  5.342035871838073e-04 
 1.883649089489909e+00  1.000000000000000e+00  0.000000000000000e+00  9.999995211223235e-01  5.280886127178001e-04 
 1.905460717963356e+00  1.000000000000000e+00  0.000000000000000e+00  9.999995274703537e-01  5.220436356692213e-04 
 1.927524913191047e+00  1.000000000000000e+00  0.000000000000000e+00  9.999995336738851e-01  5.160678547882128e-04 
 1.949844599758157e+00  1.000000000000000e+00  0.000000000000000e+00  9.999995397362069e-01  5.101604779966139e-04 
 1.972422736114967e+00  1.000000000000000e+00  0.000000000000000e+00  9.999995456605335e-01  5.043207222829778e-04 
 1.995262314968995e+00  1.000000000000000e+00  0.000000000000000e+00  9.999995514500060e-01  4.985478135987906e-04 
 2.018366363681678e+00  1.000000000000000e+00  0.000000000000000e+00  9.999995571076941e-01  4.928409867558767e-04 
 2.041737944669647e+00  1.000000000000000e+00  0.000000000000000e+00  9.999995626365976e-01  4.871994853249814e-04 
 2.065380155810649e+00  1.000000000000000e+00  0.000000000000000e+00  9.999995680396481e-01  4.816225615355104e-04 
 2.089296130854161e+00  1.000000000000000e+00  0.000000000000000e+00  9.999995733197100e-01  4.761094761764193e-04 
 2.113489039836770e+00  1.000000000000000e+00  0.000000000000000e+00  9.999995784795831e-01  4.706594984982376e-04 
 2.137962089502357e+00  1.000000000000000e+00  0.000000000000000e+00  9.999995835220031e-01  4.652719061162129e-04 
 2.162718523727146e+00  1.000000000000000e+00  0.000000000000000e+00  9.999995884496440e-01  4.599459849145647e-04 
 2.187761623949680e+00  1.000000000000000e+00  0.000000000000000e+00  9.999995932651178e-01  4.546810289518319e-04 
 2.213094709605767e+00  1.000000000000000e+00  0.000000000000000e+00  9.999995979709781e-01  4.494763403673083e-04 
 2.238721138568471e+00  1.000000000000000e+00  0.000000000000000e+00  9.999996025697203e-01  4.443312292885438e-04 
 2.264644307593193e+00  1.000000000000000e+00  0.000000000000000e+00  9.999996070637820e-01  4.392450137399066e-04 
 2.290867652767908e+00  1.000000000000000e+00  0.000000000000000e+00  9.999996114555465e-01  4.342170195521940e-04 
 2.317394649968615e+00  1.000000000000000e+00  0.000000000000000e+00  9.999996157473425e-01  4.292465802732734e-04 
 2.344228815320061e+00  1.000000000000000e+00  0.000000000000000e+00  9.999996199414452e-01  4.243330370797495e-04 
 2.371373705661795e+00  1.000000000000000e+00  0.000000000000000e+00  9.999996240400785e-01  4.194757386896418e-04 
 2.398832919019632e+00  1.000000000000000e+00  0.000000000000000e+00  9.999996280454154e-01  4.146740412760605e-04 
 2.426610095082559e+00  1.000000000000000e+00  0.000000000000000e+00  9.999996319595800e-01  4.099273083818723e-04 
 2.454708915685176e+00  1.000000000000000e+00  0.000000000000000e+00  9.999996357846471e-01  4.052349108353406e-04 
 2.483133105295718e+00  1.000000000000000e+00  0.000000000000000e+00  9.999996395226454e-01  4.005962266667332e-04 
 2.511886431509729e+00  1.000000000000000e+00  0.000000000000000e+00  9.999996431755563e-01  3.960106410258837e-04 
 2.540972705549456e+00  1.000000000000000e+00  0.000000000000000e+00  9.999996467453168e-01  3.914775461006968e-04 
 2.570395782769017e+00  1.000000000000000e+00  0.000000000000000e+00  9.999996502338198e-01  3.869963410365867e-04 
 2.600159563165427e+00  1.000000000000000e+00  0.000000000000000e+00  9.999996536429145e-01  3.825664318568355e-04 
 2.630267991895539e+00  1.000000000000000e+00  0.000000000000000e+00  9.999996569744091e-01  3.781872313838668e-04 
 2.660725059798969e+00  1.000000000000000e+00  0.000000000000000e+00  9.999996602300691e-01  3.738581591614168e-04 
 2.691534803927077e+00  1.000000000000000e+00  0.000000000000000e+00  9.999996634116219e-01  3.695786413775993e-04 
 2.722701308078075e+00  1.000000000000000e+00  0.000000000000000e+00  9.999996665207534e-01  3.653481107888485e-04 
 2.754228703338331e+00  1.000000000000000e+00  0.000000000000000e+00  9.999996695591126e-01  3.611660066447346e-04 
 2.786121168629938e+00  1.000000000000000e+00  0.000000000000000e+00  9.999996725283102e-01  3.570317746136392e-04 
 2.818382931264623e+00  1.000000000000000e+00  0.000000000000000e+00  9.999996754299205e-01  3.529448667092804e-04 
 2.851018267504081e+00  1.000000000000000e+00  0.000000000000000e+00  9.999996782654823e-01  3.489047412180812e-04 
 2.884031503126780e+00  1.000000000000000e+00  0.000000000000000e+00  9.999996810364989e-01  3.449108626273666e-04 
 2.917427014001343e+00  1.000000000000000e+00  0.000000000000000e+00  9.999996837444393e-01  3.409627015543845e-04 
 2.951209226666564e+00  1.000000000000000e+00  0.000000000000000e+00  9.999996863907396e-01  3.370597346761386e-04 
 2.985382618918140e+00  1.000000000000000e+00  0.000000000000000e+00  9.999996889768028e-01  3.332014446600237e-04 
 3.019951720402199e+00  1.000000000000000e+00  0.000000000000000e+00  9.999996915039997e-01  3.293873200952561e-04 
 3.054921113215698e+00  1.000000000000000e+00  0.000000000000000e+00  9.999996939736709e-01  3.256168554250879e-04 
 3.090295432513777e+00  1.000000000000000e+00  0.000000000000000e+00  9.999996963871255e-01  3.218895508797977e-04 
 3.126079367124144e+00  1.000000000000000e+00  0.000000000000000e+00  9.999996987456432e-01  3.182049124104483e-04 
 3.162277660168571e+00  1.000000000000000e+00  0.000000000000000e+00  9.999997010504744e-01  3.145624516234024e-04 
 3.198895109691592e+00  1.000000000000000e+00  0.000000000000000e+00  9.999997033028415e-01  3.109616857155881e-04 
 3.235936569296479e+00  1.000000000000000e+00  0.000000000000000e+00  9.999997055039381e-01  3.074021374105051e-04 
 3.273406948788581e+00  1.000000000000000e+00  0.000000000000000e+00  9.999997076549318e-01  3.038833348949637e-04 
 3.311311214826112e+00  1.000000000000000e+00  0.000000000000000e+00  9.999997097569630e-01  3.004048117565477e-04 
 3.349654391578480e+00  1.000000000000000e+00  0.000000000000000e+00  9.999997118111459e-01  2.969661069217933e-04 
 3.388441561392232e+00  1.000000000000000e+00  0.000000000000000e+00  9.999997138185700e-01  2.935667645950753e-04 
 3.427677865464713e+00  1.000000000000000e+00  0.000000000000000e+00  9.999997157802997e-01  2.902063341981932e-04 
 3.467368504525528e+00  1.000000000000000e+00  0.000000000000000e+00  9.999997176973748e-01  2.868843703106488e-04 
 3.507518739525895e+00  1.000000000000000e+00  0.000000000000000e+00  9.999997195708120e-01  2.836004326106068e-04 
 3.548133892335972e+00  1.000000000000000e+00  0.000000000000000e+00  9.999997214016046e-01  2.803540858165322e-04 
 3.589219346450272e+00  1.000000000000000e+00  0.000000000000000e+00  9.999997231907235e-01  2.771448996294953e-04 
 3.630780547701236e+00  1.000000000000000e+00  0.000000000000000e+00  9.999997249391167e-01  2.739724486761359e-04 
 3.672823004981073e+00  1.000000000000000e+00  0.000000000000000e+00  9.999997266477119e-01  2.708363124522832e-04 
 3.715352290971954e+00  1.000000000000000e+00  0.000000000000000e+00  9.999997283174145e-01  2.677360752672179e-04 
 3.758374042884673e+00  1.000000000000000e+00  0.000000000000000e+00  9.999997299491101e-01  2.646713261885745e-04 
 3.801893963205847e+00  1.000000000000000e+00  0.000000000000000e+00  9.999997315436638e-01  2.616416589878733e-04 
 3.845917820453773e+00  1.000000000000000e+00  0.000000000000000e+00  9.999997331019213e-01  2.586466720866758e-04 
 3.890451449943047e+00  1.000000000000000e+00  0.000000000000000e+00  9.999997346247083e-01  2.556859685033572e-04 
 3.935500754558019e+00  1.000000000000000e+00  0.000000000000000e+00  9.999997361128323e-01  2.527591558004874e-04 
 3.981071705535220e+00  1.000000000000000e+00  0.000000000000000e+00  9.999997375670825e-01  2.498658460328147e-04 
 4.027170343254841e+00  1.000000000000000e+00  0.000000000000000e+00  9.999997389882302e-01  2.470056556958447e-04 
 4.073802778041381e+00  1.000000000000000e+00  0.000000000000000e+00  9.999997403770283e-01  2.441782056750079e-04 
 4.120975190973559e+00  1.000000000000000e+00  0.000000000000000e+00  9.999997417342138e-01  2.413831211954093e-04 
 4.168693834703615e+00  1.000000000000000e+00  0.000000000000000e+00  9.999997430605058e-01  2.386200317721527e-04 
 4.216965034286087e+00  1.000000000000000e+00  0.000000000000000e+00  9.999997443566080e-01  2.358885711612344e-04 
 4.265795188016194e+00  1.000000000000000e+00  0.000000000000000e+00  9.999997456232068e-01  2.331883773109980e-04 
 4.315190768277923e+00  1.000000000000000e+00  0.000000000000000e+00  9.999997468609746e-01  2.305190923141461e-04 
 4.365158322401935e+00  1.000000000000000e+00  0.000000000000000e+00  9.999997480705674e-01  2.278803623603002e-04 
 4.415704473533403e+00  1.000000000000000e+00  0.000000000000000e+00  9.999997492526264e-01  2.252718376891040e-04 
 4.466835921509913e+00  1.000000000000000e+00  0.000000000000000e+00  9.999997504077783e-01  2.226931725438638e-04 
 4.518559443749510e+00  1.000000000000000e+00  0.000000000000000e+00  9.999997515366361e-01  2.201440251257196e-04 
 4.570881896149040e+00  1.000000000000000e+00  0.000000000000000e+00  9.999997526397979e-01  2.176240575483396e-04 
 4.623810213992897e+00  1.000000000000000e+00  0.000000000000000e+00  9.999997537178485e-01  2.151329357931351e-04 
 4.677351412872279e+00  1.000000000000000e+00  0.000000000000000e+00  9.999997547713596e-01  2.126703296649868e-04 
 4.731512589615106e+00  1.000000000000000e+00  0.000000000000000e+00  9.999997558008903e-01  2.102359127484784e-04 
 4.786300923226688e+00  1.000000000000000e+00  0.000000000000000e+00  9.999997568069856e-01  2.078293623646308e-04 
 4.841723675841302e+00  1.000000000000000e+00  0.000000000000000e+00  9.999997577901795e-01  2.054503595281316e-04 
 4.897788193684774e+00  1.000000000000000e+00  0.000000000000000e+00  9.999997587509932e-01  2.030985889050552e-04 
 4.954501908048218e+00  1.000000000000000e+00  0.000000000000000e+00  9.999997596899363e-01  2.007737387710649e-04 
 5.011872336273044e+00  1.000000000000000e+00  0.000000000000000e+00  9.999997606075063e-01  1.984755009700952e-04 
 5.069907082747369e+00  1.000000000000000e+00  0.000000000000000e+00  9.999997615041897e-01  1.962035708735063e-04 
 5.128613839913978e+00  1.000000000000000e+00  0.000000000000000e+00  9.999997623804621e-01  1.939576473397065e-04 
 5.188000389289945e+00  1.000000000000000e+00  0.000000000000000e+00  9.999997632367881e-01  1.917374326742358e-04 
 5.248074602498064e+00  1.000000000000000e+00  0.000000000000000e+00  9.999997640736220e-01  1.895426325903080e-04 
 5.308844442310225e+00  1.000000000000000e+00  0.000000000000000e+00  9.999997648914071e-01  1.873729561698029e-04 
 5.370317963702874e+00  1.000000000000000e+00  0.000000000000000e+00  9.999997656905770e-01  1.852281158247064e-04 
 5.432503314924683e+00  1.000000000000000e+00  0.000000000000000e+00  9.999997664715558e-01  1.831078272589908e-04 
 5.495408738576601e+00  1.000000000000000e+00  0.000000000000000e+00  9.999997672347573e-01  1.810118094309320e-04 
 5.559042572704396e+00  1.000000000000000e+00  0.000000000000000e+00  9.999997679805862e-01  1.789397845158584e-04 
 5.623413251903855e+00  1.000000000000000e+00  0.000000000000000e+00  9.999997687094377e-01  1.768914778693252e-04 
 5.688529308438784e+00  1.000000000000000e+00  0.000000000000000e+00  9.999997694216987e-01  1.748666179907116e-04 
 5.754399373371943e+00  1.000000000000000e+00  0.000000000000000e+00  9.999997701177469e-01  1.728649364872330e-04 
 5.821032177709093e+00  1.000000000000000e+00  0.000000000000000e+00  9.999997707979509e-01  1.708861680383668e-04 
 5.888436553556273e+00  1.000000000000000e+00  0.000000000000000e+00  9.999997714626715e-01  1.689300503606845e-04 
 5.956621435290493e+00  1.000000000000000e+00  0.000000000000000e+00  9.999997721122612e-01  1.669963241730863e-04 
 6.025595860743970e+00  1.000000000000000e+00  0.000000000000000e+00  9.999997727470649e-01  1.650847331624342e-04 
 6.095368972402089e+00  1.000000000000000e+00  0.000000000000000e+00  9.999997733674181e-01  1.631950239495780e-04 
 6.165950018615225e+00  1.000000000000000e+00  0.000000000000000e+00  9.999997739736507e-01  1.613269460557702e-04 
 6.237348354824601e+00  1.000000000000000e+00  0.000000000000000e+00  9.999997745660836e-01  1.594802518694660e-04 
 6.309573444802345e+00  1.000000000000000e+00  0.000000000000000e+00  9.999997751450310e-01  1.576546966135024e-04 
 6.382634861905905e+00  1.000000000000000e+00  0.000000000000000e+00  9.999997757108001e-01  1.558500383126538e-04 
 6.456542290346979e+00  1.000000000000000e+00  0.000000000000000e+00  9.999997762636907e-01  1.540660377615581e-04 
 6.531305526475153e+00  1.000000000000000e+00  0.000000000000000e+00  9.999997768039960e-01  1.523024584930108e-04 
 6.606934480076395e+00  1.000000000000000e+00  0.000000000000000e+00  9.999997773320023e-01  1.505590667466220e-04 
 6.683439175686586e+00  1.000000000000000e+00  0.000000000000000e+00  9.999997778479899e-01  1.488356314378311e-04 
 6.760829753920263e+00  1.000000000000000e+00  0.000000000000000e+00  9.999997783522322e-01  1.471319241272777e-04 
 6.839116472814744e+00  1.000000000000000e+00  0.000000000000000e+00  9.999997788449965e-01  1.454477189905217e-04 
 6.918309709189821e+00  1.000000000000000e+00  0.000000000000000e+00  9.999997793265439e-01  1.437827927881113e-04 
 6.998419960023197e+00  1.000000000000000e+00  0.000000000000000e+00  9.999997797971301e-01  1.421369248359925e-04 
 7.079457843841847e+00  1.000000000000000e+00  0.000000000000000e+00  9.999997802570045e-01  1.405098969762580e-04 
 7.161434102129494e+00  1.000000000000000e+00  0.000000000000000e+00  9.999997807064110e-01  1.389014935482308e-04 
 7.244359600750380e+00  1.000000000000000e+00  0.000000000000000e+00  9.999997811455875e-01  1.373115013598783e-04 
 7.328245331389526e+00  1.000000000000000e+00  0.000000000000000e+00  9.999997815747673e-01  1.357397096595550e-04 
 7.413102413009667e+00  1.000000000000000e+00  0.000000000000000e+00  9.999997819941776e-01  1.341859101080663e-04 
 7.498942093325056e+00  1.000000000000000e+00  0.000000000000000e+00  9.999997824040410e-01  1.326498967510552e-04 
 7.585775750292341e+00  1.000000000000000e+00  0.000000000000000e+00  9.999997828045750e-01  1.311314659917016e-04 
 7.673614893618699e+00  1.000000000000000e+00  0.000000000000000e+00  9.999997831959914e-01  1.296304165637372e-04 
 7.762471166287433e+00  1.000000000000000e+00  0.000000000000000e+00  9.999997835784982e-01  1.281465495047675e-04 
 7.852356346101240e+00  1.000000000000000e+00  0.000000000000000e+00  9.999997839522982e-01  1.266796681298993e-04 
 7.943282347243344e+00  1.000000000000000e+00  0.000000000000000e+00  9.999997843175895e-01  1.252295780056713e-04 
 8.035261221856709e+00  1.000000000000000e+00  0.000000000000000e+00  9.999997846745655e-01  1.237960869242811e-04 
 8.128305161641537e+00  1.000000000000000e+00  0.000000000000000e+00  9.999997850234160e-01  1.223790048781095e-04 
 8.222426499471263e+00  1.000000000000000e+00  0.000000000000000e+00  9.999997853643254e-01  1.209781440345343e-04 
 8.317637711027269e+00  1.000000000000000e+00  0.000000000000000e+00  9.999997856974751e-01  1.195933187110342e-04 
 8.413951416452516e+00  1.000000000000000e+00  0.000000000000000e+00  9.999997860230413e-01  1.182243453505763e-04 
 8.511380382024337e+00  1.000000000000000e+00  0.000000000000000e+00  9.999997863411966e-01  1.168710424972860e-04 
 8.609937521846586e+00  1.000000000000000e+00  0.000000000000000e+00  9.999997866521098e-01  1.155332307723955e-04 
 8.709635899561393e+00  1.000000000000000e+00  0.000000000000000e+00  9.999997869559458e-01  1.142107328504672e-04 
 8.810488730080735e+00  1.000000000000000e+00  0.000000000000000e+00  9.999997872528654e-01  1.129033734358895e-04 
 8.912509381338056e+00  1.000000000000000e+00  0.000000000000000e+00  9.999997875430268e-01  1.116109792396418e-04 
 9.015711376060178e+00  1.000000000000000e+00  0.000000000000000e+00  9.999997878265828e-01  1.103333789563250e-04 
 9.120108393559715e+00  1.000000000000000e+00  0.000000000000000e+00  9.999997881036845e-01  1.090704032414554e-04 
 9.225714271548256e+00  1.000000000000000e+00  0.000000000000000e+00  9.999997883744789e-01  1.078218846890185e-04 
 9.332543007970543e+00  1.000000000000000e+00  0.000000000000000e+00  9.999997886391089e-01  1.065876578092792e-04 
 9.440608762859874e+00  1.000000000000000e+00  0.000000000000000e+00  9.999997888977151e-01  1.053675590068465e-04 
 9.549925860215009e+00  1.000000000000000e+00  0.000000000000000e+00  9.999997891504349e-01  1.041614265589893e-04 
 9.660508789898792e+00  1.000000000000000e+00  0.000000000000000e+00  9.999997893974023e-01  1.029691005942003e-04 
 9.772372209558773e+00  1.000000000000000e+00  0.000000000000000e+00  9.999997896387476e-01  1.017904230710050e-04 
 9.885530946570062e+00  1.000000000000000e+00  0.000000000000000e+00  9.999997898745994e-01  1.006252377570137e-04 
 1.000000000000068e+01  1.000000000000000e+00  0.000000000000000e+00  9.999997901050827e-01  9.947339020821311e-05 
 1.011579454259968e+01  1.000000000000000e+00  0.000000000000000e+00  9.999997903303193e-01  9.833472774849490e-05 
 1.023292992280824e+01  1.000000000000000e+00  0.000000000000000e+00  9.999997905504289e-01  9.720909944941883e-05 
 1.035142166679415e+01  1.000000000000000e+00  0.000000000000000e+00  9.999997907655283e-01  9.609635611020737e-05 
 1.047128548050971e+01  1.000000000000000e+00  0.000000000000000e+00  9.999997909757317e-01  9.499635023796927e-05 
 1.059253725177362e+01  1.000000000000000e+00  0.000000000000000e+00  9.999997911811500e-01  9.390893602814958e-05 
 1.071519305237680e+01  1.000000000000000e+00  0.000000000000000e+00  9.999997913818924e-01  9.283396934520349e-05 
 1.083926914021278e+01  1.000000000000000e+00  0.000000000000000e+00  9.999997915780652e-01  9.177130770349133e-05 
 1.096478196143260e+01  1.000000000000000e+00  0.000000000000000e+00  9.999997917697729e-01  9.072081024839241e-05 
 1.109174815262478e+01  1.000000000000000e+00  0.000000000000000e+00  9.999997919571166e-01  8.968233773763465e-05 
 1.122018454302041e+01  1.000000000000000e+00  0.000000000000000e+00  9.999997921401960e-01  8.865575252283854e-05 
 1.135010815672393e+01  1.000000000000000e+00  0.000000000000000e+00  9.999997923191078e-01  8.764091853127176e-05 
 1.148153621496962e+01  1.000000000000000e+00  0.000000000000000e+00  9.999997924939471e-01  8.663770124781302e-05 
 1.161448613840423e+01  1.000000000000000e+00  0.000000000000000e+00  9.999997926648068e-01  8.564596769712234e-05 
 1.174897554939611e+01  1.000000000000000e+00  0.000000000000000e+00  9.999997928317770e-01  8.466558642601512e-05 
 1.188502227437101e+01  1.000000000000000e+00  0.000000000000000e+00  9.999997929949465e-01  8.369642748603846e-05 
 1.202264434617496e+01  1.000000000000000e+00  0.000000000000000e+00  9.999997931544020e-01  8.273836241624649e-05 
 1.216186000646453e+01  1.000000000000000e+00  0.000000000000000e+00  9.999997933102276e-01  8.179126422617299e-05 
 1.230268770812467e+01  1.000000000000000e+00  0.000000000000000e+00  9.999997934625064e-01  8.085500737899918e-05 
 1.244514611771472e+01  1.000000000000000e+00  0.000000000000000e+00  9.999997936113189e-01  7.992946777491376e-05 
 1.258925411794255e+01  1.000000000000000e+00  0.000000000000000e+00  9.999997937567440e-01  7.901452273466374e-05 
 1.273503081016751e+01  1.000000000000000e+00  0.000000000000000e+00  9.999997938988587e-01  7.811005098329348e-05 
 1.288249551693224e+01  1.000000000000000e+00  0.000000000000000e+00  9.999997940377384e-01  7.721593263406977e-05 
 1.303166778452391e+01  1.000000000000000e+00  0.000000000000000e+00  9.999997941734570e-01  7.633204917259105e-05 
 1.318256738556500e+01  1.000000000000000e+00  0.000000000000000e+00  9.999997943060863e-01  7.545828344107850e-05 
 1.333521432163418e+01  1.000000000000000e+00  0.000000000000000e+00  9.999997944356964e-01  7.459451962284681e-05 
 1.348962882591748e+01  1.000000000000000e+00  0.000000000000000e+00  9.999997945623564e-01  7.374064322695294e-05 
 1.364583136589020e+01  1.000000000000000e+00  0.000000000000000e+00  9.999997946861331e-01  7.289654107302046e-05 
 1.380384264602982e+01  1.000000000000000e+00  0.000000000000000e+00  9.999997948070926e-01  7.206210127623762e-05 
 1.396368361056036e+01  1.000000000000000e+00  0.000000000000000e+00  9.999997949252983e-01  7.123721323252708e-05 
 1.412537544622854e+01  1.000000000000000e+00  0.000000000000000e+00  9.999997950408137e-01  7.042176760388568e-05 
 1.428893958511204e+01  1.000000000000000e+00  0.000000000000000e+00  9.999997951536993e-01  6.961565630389154e-05 
 1.445439770746029e+01  1.000000000000000e+00  0.000000000000000e+00  9.999997952640156e-01  6.881877248337764e-05 
 1.462177174456821e+01  1.000000000000000e+00  0.000000000000000e+00  9.999997953718206e-01  6.803101051626886e-05 
 1.479108388168312e+01  1.000000000000000e+00  0.000000000000000e+00  9.999997954771719e-01  6.725226598558143e-05 
 1.496235656094539e+01  1.000000000000000e+00  0.000000000000000e+00  9.999997955801249e-01  6.648243566958266e-05 
 1.513561248436315e+01  1.000000000000000e+00  0.000000000000000e+00  9.999997956807344e-01  6.572141752810900e-05 
 1.531087461682139e+01  1.000000000000000e+00  0.000000000000000e+00  9.999997957790538e-01  6.496911068904066e-05 
 1.548816618912591e+01  1.000000000000000e+00  0.000000000000000e+00  9.999997958751351e-01  6.422541543493120e-05 
 1.566751070108260e+01  1.000000000000000e+00  0.000000000000000e+00  9.999997959690295e-01  6.349023318979014e-05 
 1.584893192461226e+01  1.000000000000000e+00  0.000000000000000e+00  9.999997960607864e-01  6.276346650601673e-05 
 1.603245390690156e+01  1.000000000000000e+00  0.000000000000000e+00  9.999997961504549e-01  6.204501905148345e-05 
 1.621810097359045e+01  1.000000000000000e+00  0.000000000000000e+00  9.999997962380821e-01  6.133479559676728e-05 
 1.640589773199656e+01  1.000000000000000e+00  0.000000000000000e+00  9.999997963237147e-01  6.063270200252721e-05 
 1.659586907437679e+01  1.000000000000000e+00  0.000000000000000e+00  9.999997964073981e-01  5.993864520702610e-05 
 1.678804018122680e+01  1.000000000000000e+00  0.000000000000000e+00  9.999997964891765e-01  5.925253321379552e-05 
 1.698243652461866e+01  1.000000000000000e+00  0.000000000000000e+00  9.999997965690935e-01  5.857427507944171e-05 
 1.717908387157711e+01  1.000000000000000e+00  0.000000000000000e+00  9.999997966471914e-01  5.790378090159107e-05 
 1.737800828749500e+01  1.000000000000000e+00  0.000000000000000e+00  9.999997967235117e-01  5.724096180697385e-05 
 1.757923613958819e+01  1.000000000000000e+00  0.000000000000000e+00  9.999997967980947e-01  5.658572993964396e-05 
 1.778279410039050e+01  1.000000000000000e+00  0.000000000000000e+00  9.999997968709795e-01  5.593799844933387e-05 
 1.798870915128917e+01  1.000000000000000e+00  0.000000000000000e+00  9.999997969422058e-01  5.529768147994267e-05 
 1.819700858610114e+01  1.000000000000000e+00  0.000000000000000e+00  9.999997970118105e-01  5.466469415815594e-05 
 1.840772001469088e+01  1.000000000000000e+00  0.000000000000000e+00  9.999997970798309e-01  5.403895258219588e-05 
 1.862087136663002e+01  1.000000000000000e+00  0.000000000000000e+00  9.999997971463032e-01  5.342037381070029e-05 
 1.883649089489936e+01  1.000000000000000e+00  0.000000000000000e+00  9.999997972112619e-01  5.280887585172866e-05 
 1.905460717963385e+01  1.000000000000000e+00  0.000000000000000e+00  9.999997972747425e-01  5.220437765189443e-05 
 1.927524913191075e+01  1.000000000000000e+00  0.000000000000000e+00  9.999997973367778e-01  5.160679908562119e-05 
 1.949844599758186e+01  1.000000000000000e+00  0.000000000000000e+00  9.999997973974009e-01  5.101606094452247e-05 
 1.972422736114997e+01  1.000000000000000e+00  0.000000000000000e+00  9.999997974566444e-01  5.043208492690246e-05 
 1.995262314969024e+01  1.000000000000000e+00  0.000000000000000e+00  9.999997975145389e-01  4.985479362737730e-05 
 2.018366363681708e+01  1.000000000000000e+00  0.000000000000000e+00  9.999997975711160e-01  4.928411052661520e-05 
 2.041737944669678e+01  1.000000000000000e+00  0.000000000000000e+00  9.999997976264050e-01  4.871995998119375e-05 
 2.065380155810680e+01  1.000000000000000e+00  0.000000000000000e+00  9.999997976804356e-01  4.816226721357354e-05 
 2.089296130854192e+01  1.000000000000000e+00  0.000000000000000e+00  9.999997977332362e-01  4.761095830218644e-05 
 2.113489039836801e+01  1.000000000000000e+00  0.000000000000000e+00  9.999997977848351e-01  4.706596017163741e-05 
 2.137962089502388e+01  1.000000000000000e+00  0.000000000000000e+00  9.999997978352592e-01  4.652720058301849e-05 
 2.162718523727178e+01  1.000000000000000e+00  0.000000000000000e+00  9.999997978845357e-01  4.599460812433350e-05 
 2.187761623949713e+01  1.000000000000000e+00  0.000000000000000e+00  9.999997979326904e-01  4.546811220103256e-05 
 2.213094709605800e+01  1.000000000000000e+00  0.000000000000000e+00  9.999997979797490e-01  4.494764302665483e-05 
 2.238721138568504e+01  1.000000000000000e+00  0.000000000000000e+00  9.999997980257364e-01  4.443313161357837e-05 
 2.264644307593226e+01  1.000000000000000e+00  0.000000000000000e+00  9.999997980706771e-01  4.392450976387596e-05 
 2.290867652767941e+01  1.000000000000000e+00  0.000000000000000e+00  9.999997981145947e-01  4.342171006027549e-05 
 2.317394649968649e+01  1.000000000000000e+00  0.000000000000000e+00  9.999997981575126e-01  4.292466585722389e-05 
 2.344228815320094e+01  1.000000000000000e+00  0.000000000000000e+00  9.999997981994537e-01  4.243331127205343e-05 
 2.371373705661830e+01  1.000000000000000e+00  0.000000000000000e+00  9.999997982404402e-01  4.194758117624885e-05 
 2.398832919019667e+01  1.000000000000000e+00  0.000000000000000e+00  9.999997982804936e-01  4.146741118681487e-05 
 2.426610095082594e+01  1.000000000000000e+00  0.000000000000000e+00  9.999997983196350e-01  4.099273765774212e-05 
 2.454708915685211e+01  1.000000000000000e+00  0.000000000000000e+00  9.999997983578858e-01  4.052349767157105e-05 
 2.483133105295753e+01  1.000000000000000e+00  0.000000000000000e+00  9.999997983952658e-01  4.005962903105225e-05 
 2.511886431509766e+01  1.000000000000000e+00  0.000000000000000e+00  9.999997984317949e-01  3.960107025090224e-05 
 2.540972705549493e+01  1.000000000000000e+00  0.000000000000000e+00  9.999997984674924e-01  3.914776054965373e-05 
 2.570395782769054e+01  1.000000000000000e+00  0.000000000000000e+00  9.999997985023777e-01  3.869963984159906e-05 
 2.600159563165465e+01  1.000000000000000e+00  0.000000000000000e+00  9.999997985364684e-01  3.825664872882591e-05 
 2.630267991895577e+01  1.000000000000000e+00  0.000000000000000e+00  9.999997985697834e-01  3.781872849334422e-05 
 2.660725059799007e+01  1.000000000000000e+00  0.000000000000000e+00  9.999997986023401e-01  3.738582108930315e-05 
 2.691534803927116e+01  1.000000000000000e+00  0.000000000000000e+00  9.999997986341558e-01  3.695786913529711e-05 
 2.722701308078115e+01  1.000000000000000e+00  0.000000000000000e+00  9.999997986652470e-01  3.653481590676003e-05 
 2.754228703338372e+01  1.000000000000000e+00  0.000000000000000e+00  9.999997986956305e-01  3.611660532844653e-05 
 2.786121168629978e+01  1.000000000000000e+00  0.000000000000000e+00  9.999997987253226e-01  3.570318196699920e-05 
 2.818382931264664e+01  1.000000000000000e+00  0.000000000000000e+00  9.999997987543388e-01  3.529449102360097e-05 
 2.851018267504122e+01  1.000000000000000e+00  0.000000000000000e+00  9.999997987826943e-01  3.489047832671164e-05 
 2.884031503126822e+01  1.000000000000000e+00  0.000000000000000e+00  9.999997988104045e-01  3.449109032488739e-05 
 2.917427014001385e+01  1.000000000000000e+00  0.000000000000000e+00  9.999997988374837e-01  3.409627407968273e-05 
 2.951209226666607e+01  1.000000000000000e+00  0.000000000000000e+00  9.999997988639467e-01  3.370597725863350e-05 
 2.985382618918184e+01  1.000000000000000e+00  0.000000000000000e+00  9.999997988898076e-01  3.332014812832022e-05 
 3.019951720402243e+01  1.000000000000000e+00  0.000000000000000e+00  9.999997989150794e-01  3.293873554751098e-05 
 3.054921113215743e+01  1.000000000000000e+00  0.000000000000000e+00  9.999997989397761e-01  3.256168896038268e-05 
 3.090295432513823e+01  1.000000000000000e+00  0.000000000000000e+00  9.999997989639107e-01  3.218895838981983e-05 
 3.126079367124190e+01  1.000000000000000e+00  0.000000000000000e+00  9.999997989874958e-01  3.182049443079031e-05 
 3.162277660168618e+01  1.000000000000000e+00  0.000000000000000e+00  9.999997990105443e-01  3.145624824379669e-05 
 3.198895109691639e+01  1.000000000000000e+00  0.000000000000000e+00  9.999997990330680e-01  3.109617154840251e-05 
 3.235936569296527e+01  1.000000000000000e+00  0.000000000000000e+00  9.999997990550789e-01  3.074021661683296e-05 
 3.273406948788629e+01  1.000000000000000e+00  0.000000000000000e+00  9.999997990765889e-01  3.038833626764853e-05 
 3.311311214826161e+01  1.000000000000000e+00  0.000000000000000e+00  9.999997990976092e-01  3.004048385949111e-05 
 3.349654391578530e+01  1.000000000000000e+00  0.000000000000000e+00  9.999997991181510e-01  2.969661328490177e-05 
 3.388441561392283e+01  1.000000000000000e+00  0.000000000000000e+00  9.999997991382252e-01  2.935667896420932e-05 
 3.427677865464764e+01  1.000000000000000e+00  0.000000000000000e+00  9.999997991578425e-01  2.902063583948869e-05 
 3.467368504525579e+01  1.000000000000000e+00  0.000000000000000e+00  9.999997991770132e-01  2.868843936858859e-05 
 3.507518739525946e+01  1.000000000000000e+00  0.000000000000000e+00  9.999997991957476e-01  2.836004551922751e-05 
 3.548133892336024e+01  1.000000000000000e+00  0.000000000000000e+00  9.999997992140556e-01  2.803541076315728e-05 
 3.589219346450325e+01  1.000000000000000e+00  0.000000000000000e+00  9.999997992319469e-01  2.771449207039343e-05 
 3.630780547701290e+01  1.000000000000000e+00  0.000000000000000e+00  9.999997992494308e-01  2.739724690351163e-05 
 3.672823004981127e+01  1.000000000000000e+00  0.000000000000000e+00  9.999997992665166e-01  2.708363321200939e-05 
 3.715352290972009e+01  1.000000000000000e+00  0.000000000000000e+00  9.999997992832136e-01  2.677360942673237e-05 
 3.758374042884729e+01  1.000000000000000e+00  0.000000000000000e+00  9.999997992995305e-01  2.646713445436434e-05 
 3.801893963205902e+01  1.000000000000000e+00  0.000000000000000e+00  9.999997993154761e-01  2.616416767198036e-05 
 3.845917820453830e+01  1.000000000000000e+00  0.000000000000000e+00  9.999997993310588e-01  2.586466892166226e-05 
 3.890451449943104e+01  1.000000000000000e+00  0.000000000000000e+00  9.999997993462867e-01  2.556859850517573e-05 
 3.935500754558076e+01  1.000000000000000e+00  0.000000000000000e+00  9.999997993611678e-01  2.527591717870837e-05 
 3.981071705535278e+01  1.000000000000000e+00  0.000000000000000e+00  9.999997993757104e-01  2.498658614766802e-05 
 4.027170343254900e+01  1.000000000000000e+00  0.000000000000000e+00  9.999997993899218e-01  2.470056706154045e-05 
 4.073802778041440e+01  1.000000000000000e+00  0.000000000000000e+00  9.999997994038098e-01  2.441782200880617e-05 
 4.120975190973618e+01  1.000000000000000e+00  0.000000000000000e+00  9.999997994173816e-01  2.413831351191525e-05 
 4.168693834703674e+01  1.000000000000000e+00  0.000000000000000e+00  9.999997994306447e-01  2.386200452231970e-05 
 4.216965034286147e+01  1.000000000000000e+00  0.000000000000000e+00  9.999997994436056e-01  2.358885841556275e-05 
 4.265795188016255e+01  1.000000000000000e+00  0.000000000000000e+00  9.999997994562717e-01  2.331883898642429e-05 
 4.315190768277985e+01  1.000000000000000e+00  0.000000000000000e+00  9.999997994686494e-01  2.305191044412193e-05 
 4.365158322401997e+01  1.000000000000000e+00  0.000000000000000e+00  9.999997994807451e-01  2.278803740756698e-05 
 4.415704473533467e+01  1.000000000000000e+00  0.000000000000000e+00  9.999997994925659e-01  2.252718490067471e-05 
 4.466835921509977e+01  1.000000000000000e+00  0.000000000000000e+00  9.999997995041173e-01  2.226931834772829e-05 
 4.518559443749574e+01  1.000000000000000e+00  0.000000000000000e+00  9.999997995154061e-01  2.201440356879586e-05 
 4.570881896149105e+01  1.000000000000000e+00  0.000000000000000e+00  9.999997995264375e-01  2.176240677519998e-05 
 4.623810213992962e+01  1.000000000000000e+00  0.000000000000000e+00  9.999997995372181e-01  2.151329456503900e-05 
 4.677351412872345e+01  1.000000000000000e+00  0.000000000000000e+00  9.999997995477532e-01  2.126703391875965e-05 
 4.731512589615172e+01  1.000000000000000e+00  0.000000000000000e+00  9.999997995580484e-01  2.102359219478038e-05 
 4.786300923226755e+01  1.000000000000000e+00  0.000000000000000e+00  9.999997995681096e-01  2.078293712516471e-05 
 4.841723675841369e+01  1.000000000000000e+00  0.000000000000000e+00  9.999997995779413e-01  2.054503681134415e-05 
 4.897788193684843e+01  1.000000000000000e+00  0.000000000000000e+00  9.999997995875494e-01  2.030985971989013e-05 
 4.954501908048287e+01  1.000000000000000e+00  0.000000000000000e+00  9.999997995969389e-01  2.007737467833421e-05 
 5.011872336273113e+01  1.000000000000000e+00  0.000000000000000e+00  9.999997996061145e-01  1.984755087103626e-05 
 5.069907082747439e+01  1.000000000000000e+00  0.000000000000000e+00  9.999997996150816e-01  1.962035783509985e-05 
 5.128613839914048e+01  1.000000000000000e+00  0.000000000000000e+00  9.999997996238441e-01  1.939576545633443e-05 
 5.188000389290016e+01  1.000000000000000e+00  0.000000000000000e+00  9.999997996324075e-01  1.917374396526374e-05 
 5.248074602498136e+01  1.000000000000000e+00  0.000000000000000e+00  9.999997996407758e-01  1.895426393317989e-05 
 5.308844442310299e+01  1.000000000000000e+00  0.000000000000000e+00  9.999997996489536e-01  1.873729626824261e-05 
 5.370317963702948e+01  1.000000000000000e+00  0.000000000000000e+00  9.999997996569453e-01  1.852281221162318e-05 
 5.432503314924758e+01  1.000000000000000e+00  0.000000000000000e+00  9.999997996647551e-01  1.831078333369243e-05 
 5.495408738576677e+01  1.000000000000000e+00  0.000000000000000e+00  9.999997996723873e-01  1.810118153025250e-05 
 5.559042572704472e+01  1.000000000000000e+00  0.000000000000000e+00  9.999997996798454e-01  1.789397901881158e-05 
 5.623413251903933e+01  1.000000000000000e+00  0.000000000000000e+00  9.999997996871340e-01  1.768914833490146e-05 
 5.688529308438862e+01  1.000000000000000e+00  0.000000000000000e+00  9.999997996942566e-01  1.748666232843702e-05 
 5.754399373372023e+01  1.000000000000000e+00  0.000000000000000e+00  9.999997997012171e-01  1.728649416011764e-05 
 5.821032177709174e+01  1.000000000000000e+00  0.000000000000000e+00  9.999997997080192e-01  1.708861729786964e-05 
 5.888436553556355e+01  1.000000000000000e+00  0.000000000000000e+00  9.999997997146663e-01  1.689300551332942e-05 
 5.956621435290575e+01  1.000000000000000e+00  0.000000000000000e+00  9.999997997211623e-01  1.669963287836701e-05 
 6.025595860744054e+01  1.000000000000000e+00  0.000000000000000e+00  9.999997997275103e-01  1.650847376164926e-05 
 6.095368972402174e+01  1.000000000000000e+00  0.000000000000000e+00  9.999997997337137e-01  1.631950282524249e-05 
 6.165950018615310e+01  1.000000000000000e+00  0.000000000000000e+00  9.999997997397763e-01  1.613269502125392e-05 
 6.237348354824687e+01  1.000000000000000e+00  0.000000000000000e+00  9.999997997457004e-01  1.594802558851163e-05 
 6.309573444802434e+01  1.000000000000000e+00  0.000000000000000e+00  9.999997997514899e-01  1.576547004928250e-05 
 6.382634861905994e+01  1.000000000000000e+00  0.000000000000000e+00  9.999997997571476e-01  1.558500420602766e-05 
 6.456542290347069e+01  1.000000000000000e+00  0.000000000000000e+00  9.999997997626764e-01  1.540660413819523e-05 
 6.531305526475244e+01  1.000000000000000e+00  0.000000000000000e+00  9.999997997680795e-01  1.523024619904959e-05 
 6.606934480076487e+01  1.000000000000000e+00  0.000000000000000e+00  9.999997997733595e-01  1.505590701253704e-05 
 6.683439175686679e+01  1.000000000000000e+00  0.000000000000000e+00  9.999997997785195e-01  1.488356347018740e-05 
 6.760829753920358e+01  1.000000000000000e+00  0.000000000000000e+00  9.999997997835620e-01  1.471319272805091e-05 
 6.839116472814840e+01  1.000000000000000e+00  0.000000000000000e+00  9.999997997884896e-01  1.454477220367037e-05 
 6.918309709189919e+01  1.000000000000000e+00  0.000000000000000e+00  9.999997997933051e-01  1.437827957308780e-05 
 6.998419960023296e+01  1.000000000000000e+00  0.000000000000000e+00  9.999997997980110e-01  1.421369276788549e-05 
 7.079457843841946e+01  1.000000000000000e+00  0.000000000000000e+00  9.999997998026097e-01  1.405098997226076e-05 
 7.161434102129594e+01  1.000000000000000e+00  0.000000000000000e+00  9.999997998071036e-01  1.389014962013442e-05 
 7.244359600750482e+01  1.000000000000000e+00  0.000000000000000e+00  9.999997998114954e-01  1.373115039229208e-05 
 7.328245331389630e+01  1.000000000000000e+00  0.000000000000000e+00  9.999997998157873e-01  1.357397121355843e-05 
 7.413102413009771e+01  1.000000000000000e+00  0.000000000000000e+00  9.999997998199814e-01  1.341859125000367e-05 
 7.498942093325162e+01  1.000000000000000e+00  0.000000000000000e+00  9.999997998240799e-01  1.326498990618202e-05 
 7.585775750292449e+01  1.000000000000000e+00  0.000000000000000e+00  9.999997998280854e-01  1.311314682240181e-05 
 7.673614893618807e+01  1.000000000000000e+00  0.000000000000000e+00  9.999997998319995e-01  1.296304187202685e-05 
 7.762471166287543e+01  1.000000000000000e+00  0.000000000000000e+00  9.999997998358247e-01  1.281465515880864e-05 
 7.852356346101351e+01  1.000000000000000e+00  0.000000000000000e+00  9.999997998395627e-01  1.266796701424914e-05 
 7.943282347243456e+01  1.000000000000000e+00  0.000000000000000e+00  9.999997998432154e-01  1.252295799499375e-05 
 8.035261221856823e+01  1.000000000000000e+00  0.000000000000000e+00  9.999997998467852e-01  1.237960888025412e-05 
 8.128305161641650e+01  1.000000000000000e+00  0.000000000000000e+00  9.999997998502738e-01  1.223790066926042e-05 
 8.222426499471378e+01  1.000000000000000e+00  0.000000000000000e+00  9.999997998536828e-01  1.209781457874285e-05 
 8.317637711027385e+01  1.000000000000000e+00  0.000000000000000e+00  9.999997998570143e-01  1.195933204044192e-05 
 8.413951416452635e+01  1.000000000000000e+00  0.000000000000000e+00  9.999997998602700e-01  1.182243469864723e-05 
 8.511380382024457e+01  1.000000000000000e+00  0.000000000000000e+00  9.999997998634517e-01  1.168710440776448e-05 
 8.609937521846707e+01  1.000000000000000e+00  0.000000000000000e+00  9.999997998665606e-01  1.155332322991025e-05 
 8.709635899561516e+01  1.000000000000000e+00  0.000000000000000e+00  9.999997998695991e-01  1.142107343253437e-05 
 8.810488730080860e+01  1.000000000000000e+00  0.000000000000000e+00  9.999997998725683e-01  1.129033748606953e-05 
 8.912509381338184e+01  1.000000000000000e+00  0.000000000000000e+00  9.999997998754698e-01  1.116109806160765e-05 
 9.015711376060307e+01  1.000000000000000e+00  0.000000000000000e+00  9.999997998783053e-01  1.103333802860309e-05 
 9.120108393559845e+01  1.000000000000000e+00  0.000000000000000e+00  9.999997998810766e-01  1.090704045260190e-05 
 9.225714271548388e+01  1.000000000000000e+00  0.000000000000000e+00  9.999997998837844e-01  1.078218859299722e-05 
 9.332543007970676e+01  1.000000000000000e+00  0.000000000000000e+00  9.999997998864307e-01  1.065876590081036e-05 
 9.440608762860009e+01  1.000000000000000e+00  0.000000000000000e+00  9.999997998890167e-01  1.053675601649718e-05 
 9.549925860215144e+01  1.000000000000000e+00  0.000000000000000e+00  9.999997998915441e-01  1.041614276777973e-05 
 9.660508789898928e+01  1.000000000000000e+00  0.000000000000000e+00  9.999997998940136e-01  1.029691016750257e-05 
 9.772372209558911e+01  1.000000000000000e+00  0.000000000000000e+00  9.999997998964270e-01  1.017904241151373e-05 
 9.885530946570202e+01  1.000000000000000e+00  0.000000000000000e+00  9.999997998987856e-01  1.006252387656986e-05 
 1.000000000000082e+02  1.000000000000000e+00  0.000000000000000e+00  9.999997999010903e-01  9.947339118265400e-06 
 1.011579454259982e+02  1.000000000000000e+00  0.000000000000000e+00  9.999997999033428e-01  9.833472868985434e-06 
 1.023292992280839e+02  1.000000000000000e+00  0.000000000000000e+00  9.999997999055439e-01  9.720910035881994e-06 
 1.035142166679429e+02  1.000000000000000e+00  0.000000000000000e+00  9.999997999076951e-01  9.609635698873513e-06 
 1.047128548050986e+02  1.000000000000000e+00  0.000000000000000e+00  9.999997999097969e-01  9.499635108667172e-06 
 1.059253725177377e+02  1.000000000000000e+00  0.000000000000000e+00  9.999997999118512e-01  9.390893684803930e-06 
 1.071519305237695e+02  1.000000000000000e+00  0.000000000000000e+00  9.999997999138587e-01  9.283397013725864e-06 
 1.083926914021293e+02  1.000000000000000e+00  0.000000000000000e+00  9.999997999158202e-01  9.177130846865686e-06 
 1.096478196143276e+02  1.000000000000000e+00  0.000000000000000e+00  9.999997999177374e-01  9.072081098758121e-06 
 1.109174815262493e+02  1.000000000000000e+00  0.000000000000000e+00  9.999997999196106e-01  8.968233845172861e-06 
 1.122018454302057e+02  1.000000000000000e+00  0.000000000000000e+00  9.999997999214415e-01  8.865575321268963e-06 
 1.135010815672409e+02  1.000000000000000e+00  0.000000000000000e+00  9.999997999232306e-01  8.764091919770296e-06 
 1.148153621496978e+02  1.000000000000000e+00  0.000000000000000e+00  9.999997999249789e-01  8.663770189161944e-06 
 1.161448613840439e+02  1.000000000000000e+00  0.000000000000000e+00  9.999997999266876e-01  8.564596831907207e-06 
 1.174897554939627e+02  1.000000000000000e+00  0.000000000000000e+00  9.999997999283573e-01  8.466558702685017e-06 
 1.188502227437118e+02  1.000000000000000e+00  0.000000000000000e+00  9.999997999299892e-01  8.369642806647570e-06 
 1.202264434617513e+02  1.000000000000000e+00  0.000000000000000e+00  9.999997999315836e-01  8.273836297697834e-06 
 1.216186000646470e+02  1.000000000000000e+00  0.000000000000000e+00  9.999997999331418e-01  8.179126476786849e-06 
 1.230268770812484e+02  1.000000000000000e+00  0.000000000000000e+00  9.999997999346647e-01  8.085500790230456e-06 
 1.244514611771489e+02  1.000000000000000e+00  0.000000000000000e+00  9.999997999361528e-01  7.992946828045337e-06 
 1.258925411794273e+02  1.000000000000000e+00  0.000000000000000e+00  9.999997999376071e-01  7.901452322304072e-06 
 1.273503081016768e+02  1.000000000000000e+00  0.000000000000000e+00  9.999997999390280e-01  7.811005145509043e-06 
 1.288249551693242e+02  1.000000000000000e+00  0.000000000000000e+00  9.999997999404170e-01  7.721593308984963e-06 
 1.303166778452409e+02  1.000000000000000e+00  0.000000000000000e+00  9.999997999417741e-01  7.633204961289758e-06 
 1.318256738556518e+02  1.000000000000000e+00  0.000000000000000e+00  9.999997999431004e-01  7.545828386643699e-06 
 1.333521432163436e+02  1.000000000000000e+00  0.000000000000000e+00  9.999997999443968e-01  7.459452003376472e-06 
 1.348962882591767e+02  1.000000000000000e+00  0.000000000000000e+00  9.999997999456631e-01  7.374064362392051e-06 
 1.364583136589039e+02  1.000000000000000e+00  0.000000000000000e+00  9.999997999469009e-01  7.289654145651133e-06 
 1.380384264603001e+02  1.000000000000000e+00  0.000000000000000e+00  9.999997999481106e-01  7.206210164670925e-06 
 1.396368361056055e+02  1.000000000000000e+00  0.000000000000000e+00  9.999997999492926e-01  7.123721359042151e-06 
 1.412537544622873e+02  1.000000000000000e+00  0.000000000000000e+00  9.999997999504477e-01  7.042176794962989e-06 
 1.428893958511223e+02  1.000000000000000e+00  0.000000000000000e+00  9.999997999515765e-01  6.961565663789802e-06 
 1.445439770746050e+02  1.000000000000000e+00  0.000000000000000e+00  9.999997999526798e-01  6.881877280604488e-06 
 1.462177174456842e+02  1.000000000000000e+00  0.000000000000000e+00  9.999997999537578e-01  6.803101082798177e-06 
 1.479108388168333e+02  1.000000000000000e+00  0.000000000000000e+00  9.999997999548113e-01  6.725226628671195e-06 
 1.496235656094560e+02  1.000000000000000e+00  0.000000000000000e+00  9.999997999558409e-01  6.648243596049005e-06 
 1.513561248436337e+02  1.000000000000000e+00  0.000000000000000e+00  9.999997999568472e-01  6.572141780914035e-06 
 1.531087461682160e+02  1.000000000000000e+00  0.000000000000000e+00  9.999997999578302e-01  6.496911096053119e-06 
 1.548816618912613e+02  1.000000000000000e+00  0.000000000000000e+00  9.999997999587910e-01  6.422541569720486e-06 
 1.566751070108282e+02  1.000000000000000e+00  0.000000000000000e+00  9.999997999597299e-01  6.349023344315980e-06 
 1.584893192461248e+02  1.000000000000000e+00  0.000000000000000e+00  9.999997999606474e-01  6.276346675078466e-06 
 1.603245390690178e+02  1.000000000000000e+00  0.000000000000000e+00  9.999997999615441e-01  6.204501928794169e-06 
 1.621810097359068e+02  1.000000000000000e+00  0.000000000000000e+00  9.999997999624206e-01  6.133479582519799e-06 
 1.640589773199679e+02  1.000000000000000e+00  0.000000000000000e+00  9.999997999632767e-01  6.063270222320288e-06 
 1.659586907437702e+02  1.000000000000000e+00  0.000000000000000e+00  9.999997999641136e-01  5.993864542021001e-06 
 1.678804018122704e+02  1.000000000000000e+00  0.000000000000000e+00  9.999997999649315e-01  5.925253341974203e-06 
 1.698243652461890e+02  1.000000000000000e+00  0.000000000000000e+00  9.999997999657306e-01  5.857427527839648e-06 
 1.717908387157735e+02  1.000000000000000e+00  0.000000000000000e+00  9.999997999665114e-01  5.790378109379147e-06 
 1.737800828749525e+02  1.000000000000000e+00  0.000000000000000e+00  9.999997999672745e-01  5.724096199264917e-06 
 1.757923613958843e+02  1.000000000000000e+00  0.000000000000000e+00  9.999997999680205e-01  5.658573011901576e-06 
 1.778279410039075e+02  1.000000000000000e+00  0.000000000000000e+00  9.999997999687493e-01  5.593799862261616e-06 
 1.798870915128942e+02  1.000000000000000e+00  0.000000000000000e+00  9.999997999694616e-01  5.529768164734217e-06 
 1.819700858610140e+02  1.000000000000000e+00  0.000000000000000e+00  9.999997999701575e-01  5.466469431987235e-06 
 1.840772001469114e+02  1.000000000000000e+00  0.000000000000000e+00  9.999997999708379e-01  5.403895273842215e-06 
 1.862087136663028e+02  1.000000000000000e+00  0.000000000000000e+00  9.999997999715027e-01  5.342037396162280e-06 
 1.883649089489963e+02  1.000000000000000e+00  0.000000000000000e+00  9.999997999721522e-01  5.280887599752746e-06 
 1.905460717963412e+02  1.000000000000000e+00  0.000000000000000e+00  9.999997999727869e-01  5.220437779274345e-06 
 1.927524913191102e+02  1.000000000000000e+00  0.000000000000000e+00  9.999997999734073e-01  5.160679922168852e-06 
 1.949844599758214e+02  1.000000000000000e+00  0.000000000000000e+00  9.999997999740137e-01  5.101606107597042e-06 
 1.972422736115024e+02  1.000000000000000e+00  0.000000000000000e+00  9.999997999746061e-01  5.043208505388782e-06 
 1.995262314969052e+02  1.000000000000000e+00  0.000000000000000e+00  9.999997999751850e-01  4.985479375005163e-06 
 2.018366363681736e+02  1.000000000000000e+00  0.000000000000000e+00  9.999997999757507e-01  4.928411064512482e-06 
 2.041737944669707e+02  1.000000000000000e+00  0.000000000000000e+00  9.999997999763036e-01  4.871996009568005e-06 
 2.065380155810709e+02  1.000000000000000e+00  0.000000000000000e+00  9.999997999768437e-01  4.816226732417311e-06 
 2.089296130854221e+02  1.000000000000000e+00  0.000000000000000e+00  9.999997999773720e-01  4.761095840903123e-06 
 2.113489039836831e+02  1.000000000000000e+00  0.000000000000000e+00  9.999997999778880e-01  4.706596027485491e-06 
 2.137962089502418e+02  1.000000000000000e+00  0.000000000000000e+00  9.999997999783921e-01  4.652720068273182e-06 
 2.162718523727209e+02  1.000000000000000e+00  0.000000000000000e+00  9.999997999788849e-01  4.599460822066164e-06 
 2.187761623949743e+02  1.000000000000000e+00  0.000000000000000e+00  9.999997999793664e-01  4.546811229409044e-06 
 2.213094709605831e+02  1.000000000000000e+00  0.000000000000000e+00  9.999997999798370e-01  4.494764311655346e-06 
 2.238721138568535e+02  1.000000000000000e+00  0.000000000000000e+00  9.999997999802969e-01  4.443313170042500e-06 
 2.264644307593258e+02  1.000000000000000e+00  0.000000000000000e+00  9.999997999807465e-01  4.392450984777421e-06 
 2.290867652767974e+02  1.000000000000000e+00  0.000000000000000e+00  9.999997999811856e-01  4.342171014132544e-06 
 2.317394649968682e+02  1.000000000000000e+00  0.000000000000000e+00  9.999997999816147e-01  4.292466593552227e-06 
 2.344228815320128e+02  1.000000000000000e+00  0.000000000000000e+00  9.999997999820343e-01  4.243331134769363e-06 
 2.371373705661863e+02  1.000000000000000e+00  0.000000000000000e+00  9.999997999824438e-01  4.194758124932112e-06 
 2.398832919019701e+02  1.000000000000000e+00  0.000000000000000e+00  9.999997999828446e-01  4.146741125740638e-06 
 2.426610095082629e+02  1.000000000000000e+00  0.000000000000000e+00  9.999997999832361e-01  4.099273772593710e-06 
 2.454708915685246e+02  1.000000000000000e+00  0.000000000000000e+00  9.999997999836184e-01  4.052349773745086e-06 
 2.483133105295789e+02  1.000000000000000e+00  0.000000000000000e+00  9.999997999839922e-01  4.005962909469549e-06 
 2.511886431509801e+02  1.000000000000000e+00  0.000000000000000e+00  9.999997999843576e-01  3.960107031238483e-06 
 2.540972705549529e+02  1.000000000000000e+00  0.000000000000000e+00  9.999997999847147e-01  3.914776060904903e-06 
 2.570395782769090e+02  1.000000000000000e+00  0.000000000000000e+00  9.999997999850634e-01  3.869963989897792e-06 
 2.600159563165501e+02  1.000000000000000e+00  0.000000000000000e+00  9.999997999854044e-01  3.825664878425682e-06 
 2.630267991895614e+02  1.000000000000000e+00  0.000000000000000e+00  9.999997999857374e-01  3.781872854689330e-06 
 2.660725059799044e+02  1.000000000000000e+00  0.000000000000000e+00  9.999997999860631e-01  3.738582114103426e-06 
 2.691534803927153e+02  1.000000000000000e+00  0.000000000000000e+00  9.999997999863811e-01  3.695786918527195e-06 
 2.722701308078153e+02  1.000000000000000e+00  0.000000000000000e+00  9.999997999866921e-01  3.653481595503828e-06 
 2.754228703338410e+02  1.000000000000000e+00  0.000000000000000e+00  9.999997999869960e-01  3.611660537508576e-06 
 2.786121168630017e+02  1.000000000000000e+00  0.000000000000000e+00  9.999997999872928e-01  3.570318201205506e-06 
 2.818382931264703e+02  1.000000000000000e+00  0.000000000000000e+00  9.999997999875829e-01  3.529449106712722e-06 
 2.851018267504162e+02  1.000000000000000e+00  0.000000000000000e+00  9.999997999878666e-01  3.489047836876020e-06 
 2.884031503126862e+02  1.000000000000000e+00  0.000000000000000e+00  9.999997999881436e-01  3.449109036550843e-06 
 2.917427014001426e+02  1.000000000000000e+00  0.000000000000000e+00  9.999997999884145e-01  3.409627411892471e-06 
 2.951209226666648e+02  1.000000000000000e+00  0.000000000000000e+00  9.999997999886792e-01  3.370597729654324e-06 
 2.985382618918225e+02  1.000000000000000e+00  0.000000000000000e+00  9.999997999889377e-01  3.332014816494295e-06 
 3.019951720402285e+02  1.000000000000000e+00  0.000000000000000e+00  9.999997999891904e-01  3.293873558289040e-06 
 3.054921113215785e+02  1.000000000000000e+00  0.000000000000000e+00  9.999997999894374e-01  3.256168899456097e-06 
 3.090295432513866e+02  1.000000000000000e+00  0.000000000000000e+00  9.999997999896788e-01  3.218895842283781e-06 
 3.126079367124234e+02  1.000000000000000e+00  0.000000000000000e+00  9.999997999899146e-01  3.182049446268734e-06 
 3.162277660168662e+02  1.000000000000000e+00  0.000000000000000e+00  9.999997999901452e-01  3.145624827461082e-06 
 3.198895109691684e+02  1.000000000000000e+00  0.000000000000000e+00  9.999997999903703e-01  3.109617157817051e-06 
 3.235936569296572e+02  1.000000000000000e+00  0.000000000000000e+00  9.999997999905902e-01  3.074021664559036e-06 
 3.273406948788675e+02  1.000000000000000e+00  0.000000000000000e+00  9.999997999908053e-01  3.038833629542964e-06 
 3.311311214826207e+02  1.000000000000000e+00  0.000000000000000e+00  9.999997999910157e-01  3.004048388632906e-06 
 3.349654391578576e+02  1.000000000000000e+00  0.000000000000000e+00  9.999997999912210e-01  2.969661331082859e-06 
 3.388441561392329e+02  1.000000000000000e+00  0.000000000000000e+00  9.999997999914220e-01  2.935667898925594e-06 
 3.427677865464811e+02  1.000000000000000e+00  0.000000000000000e+00  9.999997999916179e-01  2.902063586368498e-06 
 3.467368504525627e+02  1.000000000000000e+00  0.000000000000000e+00  9.999997999918098e-01  2.868843939196343e-06 
 3.507518739525995e+02  1.000000000000000e+00  0.000000000000000e+00  9.999997999919971e-01  2.836004554180879e-06 
 3.548133892336073e+02  1.000000000000000e+00  0.000000000000000e+00  9.999997999921800e-01  2.803541078497194e-06 
 3.589219346450375e+02  1.000000000000000e+00  0.000000000000000e+00  9.999997999923591e-01  2.771449209146748e-06 
 3.630780547701340e+02  1.000000000000000e+00  0.000000000000000e+00  9.999997999925339e-01  2.739724692387023e-06 
 3.672823004981178e+02  1.000000000000000e+00  0.000000000000000e+00  9.999997999927047e-01  2.708363323167683e-06 
 3.715352290972061e+02  1.000000000000000e+00  0.000000000000000e+00  9.999997999928718e-01  2.677360944573212e-06 
 3.758374042884781e+02  1.000000000000000e+00  0.000000000000000e+00  9.999997999930348e-01  2.646713447271904e-06 
 3.801893963205956e+02  1.000000000000000e+00  0.000000000000000e+00  9.999997999931944e-01  2.616416768971193e-06 
 3.845917820453884e+02  1.000000000000000e+00  0.000000000000000e+00  9.999997999933502e-01  2.586466893879185e-06 
 3.890451449943158e+02  1.000000000000000e+00  0.000000000000000e+00  9.999997999935025e-01  2.556859852172377e-06 
 3.935500754558131e+02  1.000000000000000e+00  0.000000000000000e+00  9.999997999936513e-01  2.527591719469463e-06 
 3.981071705535333e+02  1.000000000000000e+00  0.000000000000000e+00  9.999997999937965e-01  2.498658616311154e-06 
 4.027170343254956e+02  1.000000000000000e+00  0.000000000000000e+00  9.999997999939388e-01  2.470056707645967e-06 
 4.073802778041497e+02  1.000000000000000e+00  0.000000000000000e+00  9.999997999940776e-01  2.441782202321889e-06 
 4.120975190973676e+02  1.000000000000000e+00  0.000000000000000e+00  9.999997999942135e-01  2.413831352583867e-06 
 4.168693834703732e+02  1.000000000000000e+00  0.000000000000000e+00  9.999997999943460e-01  2.386200453577042e-06 
 4.216965034286205e+02  1.000000000000000e+00  0.000000000000000e+00  9.999997999944755e-01  2.358885842855682e-06 
 4.265795188016314e+02  1.000000000000000e+00  0.000000000000000e+00  9.999997999946024e-01  2.331883899897722e-06 
 4.315190768278044e+02  1.000000000000000e+00  0.000000000000000e+00  9.999997999947260e-01  2.305191045624869e-06 
 4.365158322402057e+02  1.000000000000000e+00  0.000000000000000e+00  9.999997999948470e-01  2.278803741928204e-06 
 4.415704473533527e+02  1.000000000000000e+00  0.000000000000000e+00  9.999997999949652e-01  2.252718491199205e-06 
 4.466835921510038e+02  1.000000000000000e+00  0.000000000000000e+00  9.999997999950807e-01  2.226931835866141e-06 
 4.518559443749635e+02  1.000000000000000e+00  0.000000000000000e+00  9.999997999951937e-01  2.201440357935780e-06 
 4.570881896149167e+02  1.000000000000000e+00  0.000000000000000e+00  9.999997999953041e-01  2.176240678540335e-06 
 4.623810213993025e+02  1.000000000000000e+00  0.000000000000000e+00  9.999997999954117e-01  2.151329457489596e-06 
 4.677351412872409e+02  1.000000000000000e+00  0.000000000000000e+00  9.999997999955171e-01  2.126703392828197e-06 
 4.731512589615237e+02  1.000000000000000e+00  0.000000000000000e+00  9.999997999956201e-01  2.102359220397942e-06 
 4.786300923226821e+02  1.000000000000000e+00  0.000000000000000e+00  9.999997999957206e-01  2.078293713405144e-06 
 4.841723675841437e+02  1.000000000000000e+00  0.000000000000000e+00  9.999997999958191e-01  2.054503681992918e-06 
 4.897788193684910e+02  1.000000000000000e+00  0.000000000000000e+00  9.999997999959149e-01  2.030985972818369e-06 
 4.954501908048356e+02  1.000000000000000e+00  0.000000000000000e+00  9.999997999960091e-01  2.007737468634621e-06 
 5.011872336273183e+02  1.000000000000000e+00  0.000000000000000e+00  9.999997999961008e-01  1.984755087877626e-06 
 5.069907082747509e+02  1.000000000000000e+00  0.000000000000000e+00  9.999997999961903e-01  1.962035784257707e-06 
 5.128613839914120e+02  1.000000000000000e+00  0.000000000000000e+00  9.999997999962782e-01  1.939576546355780e-06 
 5.188000389290089e+02  1.000000000000000e+00  0.000000000000000e+00  9.999997999963638e-01  1.917374397224188e-06 
 5.248074602498210e+02  1.000000000000000e+00  0.000000000000000e+00  9.999997999964474e-01  1.895426393992112e-06 
 5.308844442310374e+02  1.000000000000000e+00  0.000000000000000e+00  9.999997999965292e-01  1.873729627475498e-06 
 5.370317963703023e+02  1.000000000000000e+00  0.000000000000000e+00  9.999997999966089e-01  1.852281221791444e-06 
 5.432503314924834e+02  1.000000000000000e+00  0.000000000000000e+00  9.999997999966872e-01  1.831078333977011e-06 
 5.495408738576754e+02  1.000000000000000e+00  0.000000000000000e+00  9.999997999967635e-01  1.810118153612384e-06 
 5.559042572704550e+02  1.000000000000000e+00  0.000000000000000e+00  9.999997999968380e-01  1.789397902448360e-06 
 5.623413251904011e+02  1.000000000000000e+00  0.000000000000000e+00  9.999997999969110e-01  1.768914834038090e-06 
 5.688529308438941e+02  1.000000000000000e+00  0.000000000000000e+00  9.999997999969821e-01  1.748666233373044e-06 
 5.754399373372103e+02  1.000000000000000e+00  0.000000000000000e+00  9.999997999970516e-01  1.728649416523135e-06 
 5.821032177709254e+02  1.000000000000000e+00  0.000000000000000e+00  9.999997999971197e-01  1.708861730280973e-06 
 5.888436553556436e+02  1.000000000000000e+00  0.000000000000000e+00  9.999997999971864e-01  1.689300551810179e-06 
 5.956621435290657e+02  1.000000000000000e+00  0.000000000000000e+00  9.999997999972511e-01  1.669963288297736e-06 
 6.025595860744137e+02  1.000000000000000e+00  0.000000000000000e+00  9.999997999973146e-01  1.650847376610309e-06 
 6.095368972402258e+02  1.000000000000000e+00  0.000000000000000e+00  9.999997999973766e-01  1.631950282954511e-06 
 6.165950018615396e+02  1.000000000000000e+00  0.000000000000000e+00  9.999997999974374e-01  1.613269502541047e-06 
 6.237348354824774e+02  1.000000000000000e+00  0.000000000000000e+00  9.999997999974966e-01  1.594802559252706e-06 
 6.309573444802521e+02  1.000000000000000e+00  0.000000000000000e+00  9.999997999975545e-01  1.576547005316160e-06 
 6.382634861906083e+02  1.000000000000000e+00  0.000000000000000e+00  9.999997999976111e-01  1.558500420977508e-06 
 6.456542290347159e+02  1.000000000000000e+00  0.000000000000000e+00  9.999997999976664e-01  1.540660414181542e-06 
 6.531305526475335e+02  1.000000000000000e+00  0.000000000000000e+00  9.999997999977205e-01  1.523024620254687e-06 
 6.606934480076579e+02  1.000000000000000e+00  0.000000000000000e+00  9.999997999977733e-01  1.505590701591559e-06 
 6.683439175686773e+02  1.000000000000000e+00  0.000000000000000e+00  9.999997999978248e-01  1.488356347345124e-06 
 6.760829753920452e+02  1.000000000000000e+00  0.000000000000000e+00  9.999997999978751e-01  1.471319273120394e-06 
 6.839116472814935e+02  1.000000000000000e+00  0.000000000000000e+00  9.999997999979244e-01  1.454477220671635e-06 
 6.918309709190015e+02  1.000000000000000e+00  0.000000000000000e+00  9.999997999979726e-01  1.437827957603037e-06 
 6.998419960023393e+02  1.000000000000000e+00  0.000000000000000e+00  9.999997999980197e-01  1.421369277072815e-06 
 7.079457843842046e+02  1.000000000000000e+00  0.000000000000000e+00  9.999997999980658e-01  1.405098997500692e-06 
 7.161434102129695e+02  1.000000000000000e+00  0.000000000000000e+00  9.999997999981106e-01  1.389014962278733e-06 
 7.244359600750583e+02  1.000000000000000e+00  0.000000000000000e+00  9.999997999981545e-01  1.373115039485494e-06 
 7.328245331389732e+02  1.000000000000000e+00  0.000000000000000e+00  9.999997999981974e-01  1.357397121603428e-06 
 7.413102413009874e+02  1.000000000000000e+00  0.000000000000000e+00  9.999997999982394e-01  1.341859125239546e-06 
 7.498942093325265e+02  1.000000000000000e+00  0.000000000000000e+00  9.999997999982805e-01  1.326498990849260e-06 
 7.585775750292554e+02  1.000000000000000e+00  0.000000000000000e+00  9.999997999983206e-01  1.311314682463395e-06 
 7.673614893618915e+02  1.000000000000000e+00  0.000000000000000e+00  9.999997999983596e-01  1.296304187418321e-06 
 7.762471166287652e+02  1.000000000000000e+00  0.000000000000000e+00  9.999997999983977e-01  1.281465516089178e-06 
 7.852356346101461e+02  1.000000000000000e+00  0.000000000000000e+00  9.999997999984352e-01  1.266796701626156e-06 
 7.943282347243568e+02  1.000000000000000e+00  0.000000000000000e+00  9.999997999984718e-01  1.252295799693785e-06 
 8.035261221856935e+02  1.000000000000000e+00  0.000000000000000e+00  9.999997999985074e-01  1.237960888213221e-06 
 8.128305161641764e+02  1.000000000000000e+00  0.000000000000000e+00  9.999997999985423e-01  1.223790067107475e-06 
 8.222426499471493e+02  1.000000000000000e+00  0.000000000000000e+00  9.999997999985765e-01  1.209781458049558e-06 
 8.317637711027501e+02  1.000000000000000e+00  0.000000000000000e+00  9.999997999986097e-01  1.195933204213514e-06 
 8.413951416452751e+02  1.000000000000000e+00  0.000000000000000e+00  9.999997999986423e-01  1.182243470028296e-06 
 8.511380382024574e+02  1.000000000000000e+00  0.000000000000000e+00  9.999997999986742e-01  1.168710440934468e-06 
 8.609937521846826e+02  1.000000000000000e+00  0.000000000000000e+00  9.999997999987051e-01  1.155332323143679e-06 
 8.709635899561637e+02  1.000000000000000e+00  0.000000000000000e+00  9.999997999987356e-01  1.142107343400909e-06 
 8.810488730080981e+02  1.000000000000000e+00  0.000000000000000e+00  9.999997999987651e-01  1.129033748749417e-06 
 8.912509381338306e+02  1.000000000000000e+00  0.000000000000000e+00  9.999997999987944e-01  1.116109806298394e-06 
 9.015711376060430e+02  1.000000000000000e+00  0.000000000000000e+00  9.999997999988227e-01  1.103333802993265e-06 
 9.120108393559968e+02  1.000000000000000e+00  0.000000000000000e+00  9.999997999988502e-01  1.090704045388632e-06 
 9.225714271548513e+02  1.000000000000000e+00  0.000000000000000e+00  9.999997999988774e-01  1.078218859423803e-06 
 9.332543007970803e+02  1.000000000000000e+00  0.000000000000000e+00  9.999997999989039e-01  1.065876590200904e-06 
 9.440608762860137e+02  1.000000000000000e+00  0.000000000000000e+00  9.999997999989299e-01  1.053675601765516e-06 
 9.549925860215274e+02  1.000000000000000e+00  0.000000000000000e+00  9.999997999989549e-01  1.041614276889840e-06 
 9.660508789899059e+02  1.000000000000000e+00  0.000000000000000e+00  9.999997999989797e-01  1.029691016858326e-06 
 9.772372209559043e+02  1.000000000000000e+00  0.000000000000000e+00  9.999997999990038e-01  1.017904241255773e-06 
 9.885530946570336e+02  1.000000000000000e+00  0.000000000000000e+00  9.999997999990273e-01  1.006252387757841e-06 
 1.000000000000096e+03  1.000000000000000e+00  0.000000000000000e+00  9.999997999990505e-01  9.947339119239711e-07 
 1.011579454259996e+03  1.000000000000000e+00  0.000000000000000e+00  9.999997999990731e-01  9.833472869926663e-07 
 1.023292992280852e+03  1.000000000000000e+00  0.000000000000000e+00  9.999997999990951e-01  9.720910036791267e-07 
 1.035142166679443e+03  1.000000000000000e+00  0.000000000000000e+00  9.999997999991164e-01  9.609635699751908e-07 
 1.047128548051000e+03  1.000000000000000e+00  0.000000000000000e+00  9.999997999991377e-01  9.499635109515747e-07 
 1.059253725177391e+03  1.000000000000000e+00  0.000000000000000e+00  9.999997999991581e-01  9.390893685623690e-07 
 1.071519305237710e+03  1.000000000000000e+00  0.000000000000000e+00  9.999997999991782e-01  9.283397014517793e-07 
 1.083926914021308e+03  1.000000000000000e+00  0.000000000000000e+00  9.999997999991979e-01  9.177130847630730e-07 
 1.096478196143291e+03  1.000000000000000e+00  0.000000000000000e+00  9.999997999992168e-01  9.072081099497186e-07 
 1.109174815262508e+03  1.000000000000000e+00  0.000000000000000e+00  9.999997999992357e-01  8.968233845886837e-07 
 1.122018454302072e+03  1.000000000000000e+00  0.000000000000000e+00  9.999997999992540e-01  8.865575321958698e-07 
 1.135010815672425e+03  1.000000000000000e+00  0.000000000000000e+00  9.999997999992719e-01  8.764091920436614e-07 
 1.148153621496994e+03  1.000000000000000e+00  0.000000000000000e+00  9.999997999992893e-01  8.663770189805637e-07 
 1.161448613840455e+03  1.000000000000000e+00  0.000000000000000e+00  9.999997999993065e-01  8.564596832529043e-07 
 1.174897554939643e+03  1.000000000000000e+00  0.000000000000000e+00  9.999997999993231e-01  8.466558703285741e-07 
 1.188502227437134e+03  1.000000000000000e+00  0.000000000000000e+00  9.999997999993395e-01  8.369642807227896e-07 
 1.202264434617530e+03  1.000000000000000e+00  0.000000000000000e+00  9.999997999993554e-01  8.273836298258455e-07 
 1.216186000646486e+03  1.000000000000000e+00  0.000000000000000e+00  9.999997999993709e-01  8.179126477328434e-07 
 1.230268770812501e+03  1.000000000000000e+00  0.000000000000000e+00  9.999997999993865e-01  8.085500790753654e-07 
 1.244514611771506e+03  1.000000000000000e+00  0.000000000000000e+00  9.999997999994011e-01  7.992946828550768e-07 
 1.258925411794290e+03  1.000000000000000e+00  0.000000000000000e+00  9.999997999994157e-01  7.901452322792344e-07 
 1.273503081016786e+03  1.000000000000000e+00  0.000000000000000e+00  9.999997999994299e-01  7.811005145980739e-07 
 1.288249551693259e+03  1.000000000000000e+00  0.000000000000000e+00  9.999997999994438e-01  7.721593309440639e-07 
 1.303166778452426e+03  1.000000000000000e+00  0.000000000000000e+00  9.999997999994572e-01  7.633204961729959e-07 
 1.318256738556536e+03  1.000000000000000e+00  0.000000000000000e+00  9.999997999994708e-01  7.545828387068954e-07 
 1.333521432163454e+03  1.000000000000000e+00  0.000000000000000e+00  9.999997999994837e-01  7.459452003787290e-07 
 1.348962882591785e+03  1.000000000000000e+00  0.000000000000000e+00  9.999997999994962e-01  7.374064362788921e-07 
 1.364583136589058e+03  1.000000000000000e+00  0.000000000000000e+00  9.999997999995086e-01  7.289654146034525e-07 
 1.380384264603020e+03  1.000000000000000e+00  0.000000000000000e+00  9.999997999995207e-01  7.206210165041301e-07 
 1.396368361056074e+03  1.000000000000000e+00  0.000000000000000e+00  9.999997999995326e-01  7.123721359399952e-07 
 1.412537544622892e+03  1.000000000000000e+00  0.000000000000000e+00  9.999997999995440e-01  7.042176795308639e-07 
 1.428893958511243e+03  1.000000000000000e+00  0.000000000000000e+00  9.999997999995553e-01  6.961565664123715e-07 
 1.445439770746069e+03  1.000000000000000e+00  0.000000000000000e+00  9.999997999995666e-01  6.881877280927063e-07 
 1.462177174456862e+03  1.000000000000000e+00  0.000000000000000e+00  9.999997999995772e-01  6.803101083109800e-07 
 1.479108388168353e+03  1.000000000000000e+00  0.000000000000000e+00  9.999997999995877e-01  6.725226628972235e-07 
 1.496235656094580e+03  1.000000000000000e+00  0.000000000000000e+00  9.999997999995981e-01  6.648243596339825e-07 
 1.513561248436357e+03  1.000000000000000e+00  0.000000000000000e+00  9.999997999996081e-01  6.572141781194976e-07 
 1.531087461682181e+03  1.000000000000000e+00  0.000000000000000e+00  9.999997999996177e-01  6.496911096324522e-07 
 1.548816618912634e+03  1.000000000000000e+00  0.000000000000000e+00  9.999997999996274e-01  6.422541569982673e-07 
 1.566751070108303e+03  1.000000000000000e+00  0.000000000000000e+00  9.999997999996370e-01  6.349023344569265e-07 
 1.584893192461270e+03  1.000000000000000e+00  0.000000000000000e+00  9.999997999996459e-01  6.276346675323151e-07 
 1.603245390690199e+03  1.000000000000000e+00  0.000000000000000e+00  9.999997999996552e-01  6.204501929030547e-07 
 1.621810097359090e+03  1.000000000000000e+00  0.000000000000000e+00  9.999997999996637e-01  6.133479582748147e-07 
 1.640589773199701e+03  1.000000000000000e+00  0.000000000000000e+00  9.999997999996723e-01  6.063270222540883e-07 
 1.659586907437724e+03  1.000000000000000e+00  0.000000000000000e+00  9.999997999996808e-01  5.993864542234107e-07 
 1.678804018122726e+03  1.000000000000000e+00  0.000000000000000e+00  9.999997999996888e-01  5.925253342180068e-07 
 1.698243652461912e+03  1.000000000000000e+00  0.000000000000000e+00  9.999997999996969e-01  5.857427528038524e-07 
 1.717908387157758e+03  1.000000000000000e+00  0.000000000000000e+00  9.999997999997047e-01  5.790378109571271e-07 
 1.737800828749548e+03  1.000000000000000e+00  0.000000000000000e+00  9.999997999997123e-01  5.724096199450518e-07 
 1.757923613958867e+03  1.000000000000000e+00  0.000000000000000e+00  9.999997999997199e-01  5.658573012080874e-07 
 1.778279410039099e+03  1.000000000000000e+00  0.000000000000000e+00  9.999997999997272e-01  5.593799862434824e-07 
 1.798870915128967e+03  1.000000000000000e+00  0.000000000000000e+00  9.999997999997342e-01  5.529768164901544e-07 
 1.819700858610164e+03  1.000000000000000e+00  0.000000000000000e+00  9.999997999997412e-01  5.466469432148880e-07 
 1.840772001469139e+03  1.000000000000000e+00  0.000000000000000e+00  9.999997999997478e-01  5.403895273998370e-07 
 1.862087136663053e+03  1.000000000000000e+00  0.000000000000000e+00  9.999997999997547e-01  5.342037396313132e-07 
 1.883649089489988e+03  1.000000000000000e+00  0.000000000000000e+00  9.999997999997612e-01  5.280887599898477e-07 
 1.905460717963437e+03  1.000000000000000e+00  0.000000000000000e+00  9.999997999997675e-01  5.220437779415126e-07 
 1.927524913191128e+03  1.000000000000000e+00  0.000000000000000e+00  9.999997999997736e-01  5.160679922304851e-07 
 1.949844599758240e+03  1.000000000000000e+00  0.000000000000000e+00  9.999997999997797e-01  5.101606107728421e-07 
 1.972422736115051e+03  1.000000000000000e+00  0.000000000000000e+00  9.999997999997856e-01  5.043208505515701e-07 
 1.995262314969079e+03  1.000000000000000e+00  0.000000000000000e+00  9.999997999997913e-01  4.985479375127769e-07 
 2.018366363681763e+03  1.000000000000000e+00  0.000000000000000e+00  9.999997999997970e-01  4.928411064630926e-07 
 2.041737944669734e+03  1.000000000000000e+00  0.000000000000000e+00  9.999997999998027e-01  4.871996009682428e-07 
 2.065380155810736e+03  1.000000000000000e+00  0.000000000000000e+00  9.999997999998080e-01  4.816226732527848e-07 
 2.089296130854249e+03  1.000000000000000e+00  0.000000000000000e+00  9.999997999998134e-01  4.761095841009905e-07 
 2.113489039836859e+03  1.000000000000000e+00  0.000000000000000e+00  9.999997999998185e-01  4.706596027588648e-07 
 2.137962089502447e+03  1.000000000000000e+00  0.000000000000000e+00  9.999997999998235e-01  4.652720068372834e-07 
 2.162718523727237e+03  1.000000000000000e+00  0.000000000000000e+00  9.999997999998284e-01  4.599460822162431e-07 
 2.187761623949772e+03  1.000000000000000e+00  0.000000000000000e+00  9.999997999998332e-01  4.546811229502043e-07 
 2.213094709605860e+03  1.000000000000000e+00  0.000000000000000e+00  9.999997999998381e-01  4.494764311745186e-07 
 2.238721138568565e+03  1.000000000000000e+00  0.000000000000000e+00  9.999997999998425e-01  4.443313170129288e-07 
 2.264644307593288e+03  1.000000000000000e+00  0.000000000000000e+00  9.999997999998471e-01  4.392450984861262e-07 
 2.290867652768004e+03  1.000000000000000e+00  0.000000000000000e+00  9.999997999998514e-01  4.342171014213537e-07 
 2.317394649968712e+03  1.000000000000000e+00  0.000000000000000e+00  9.999997999998557e-01  4.292466593630470e-07 
 2.344228815320158e+03  1.000000000000000e+00  0.000000000000000e+00  9.999997999998599e-01  4.243331134844948e-07 
 2.371373705661894e+03  1.000000000000000e+00  0.000000000000000e+00  9.999997999998640e-01  4.194758125005130e-07 
 2.398832919019732e+03  1.000000000000000e+00  0.000000000000000e+00  9.999997999998681e-01  4.146741125811176e-07 
 2.426610095082660e+03  1.000000000000000e+00  0.000000000000000e+00  9.999997999998719e-01  4.099273772661852e-07 
 2.454708915685278e+03  1.000000000000000e+00  0.000000000000000e+00  9.999997999998758e-01  4.052349773810914e-07 
 2.483133105295821e+03  1.000000000000000e+00  0.000000000000000e+00  9.999997999998795e-01  4.005962909533142e-07 
 2.511886431509834e+03  1.000000000000000e+00  0.000000000000000e+00  9.999997999998831e-01  3.960107031299916e-07 
 2.540972705549561e+03  1.000000000000000e+00  0.000000000000000e+00  9.999997999998865e-01  3.914776060964248e-07 
 2.570395782769123e+03  1.000000000000000e+00  0.000000000000000e+00  9.999997999998903e-01  3.869963989955122e-07 
 2.600159563165535e+03  1.000000000000000e+00  0.000000000000000e+00  9.999997999998937e-01  3.825664878481064e-07 
 2.630267991895648e+03  1.000000000000000e+00  0.000000000000000e+00  9.999997999998970e-01  3.781872854742829e-07 
 2.660725059799079e+03  1.000000000000000e+00  0.000000000000000e+00  9.999997999999001e-01  3.738582114155108e-07 
 2.691534803927188e+03  1.000000000000000e+00  0.000000000000000e+00  9.999997999999034e-01  3.695786918577124e-07 
 2.722701308078188e+03  1.000000000000000e+00  0.000000000000000e+00  9.999997999999066e-01  3.653481595552060e-07 
 2.754228703338445e+03  1.000000000000000e+00  0.000000000000000e+00  9.999997999999096e-01  3.611660537555170e-07 
 2.786121168630053e+03  1.000000000000000e+00  0.000000000000000e+00  9.999997999999126e-01  3.570318201250517e-07 
 2.818382931264740e+03  1.000000000000000e+00  0.000000000000000e+00  9.999997999999153e-01  3.529449106756203e-07 
 2.851018267504199e+03  1.000000000000000e+00  0.000000000000000e+00  9.999997999999182e-01  3.489047836918023e-07 
 2.884031503126899e+03  1.000000000000000e+00  0.000000000000000e+00  9.999997999999211e-01  3.449109036591421e-07 
 2.917427014001463e+03  1.000000000000000e+00  0.000000000000000e+00  9.999997999999237e-01  3.409627411931670e-07 
 2.951209226666686e+03  1.000000000000000e+00  0.000000000000000e+00  9.999997999999264e-01  3.370597729692190e-07 
 2.985382618918264e+03  1.000000000000000e+00  0.000000000000000e+00  9.999997999999291e-01  3.332014816530875e-07 
 3.019951720402324e+03  1.000000000000000e+00  0.000000000000000e+00  9.999997999999315e-01  3.293873558324376e-07 
 3.054921113215825e+03  1.000000000000000e+00  0.000000000000000e+00  9.999997999999339e-01  3.256168899490234e-07 
 3.090295432513906e+03  1.000000000000000e+00  0.000000000000000e+00  9.999997999999364e-01  3.218895842316757e-07 
 3.126079367124274e+03  1.000000000000000e+00  0.000000000000000e+00  9.999997999999387e-01  3.182049446300591e-07 
 3.162277660168702e+03  1.000000000000000e+00  0.000000000000000e+00  9.999997999999412e-01  3.145624827491856e-07 
 3.198895109691725e+03  1.000000000000000e+00  0.000000000000000e+00  9.999997999999434e-01  3.109617157846780e-07 
 3.235936569296613e+03  1.000000000000000e+00  0.000000000000000e+00  9.999997999999455e-01  3.074021664587755e-07 
 3.273406948788717e+03  1.000000000000000e+00  0.000000000000000e+00  9.999997999999478e-01  3.038833629570707e-07 
 3.311311214826250e+03  1.000000000000000e+00  0.000000000000000e+00  9.999997999999499e-01  3.004048388659706e-07 
 3.349654391578620e+03  1.000000000000000e+00  0.000000000000000e+00  9.999997999999519e-01  2.969661331108749e-07 
 3.388441561392373e+03  1.000000000000000e+00  0.000000000000000e+00  9.999997999999538e-01  2.935667898950603e-07 
 3.427677865464855e+03  1.000000000000000e+00  0.000000000000000e+00  9.999997999999558e-01  2.902063586392658e-07 
 3.467368504525672e+03  1.000000000000000e+00  0.000000000000000e+00  9.999997999999578e-01  2.868843939219683e-07 
 3.507518739526040e+03  1.000000000000000e+00  0.000000000000000e+00  9.999997999999595e-01  2.836004554203424e-07 
 3.548133892336119e+03  1.000000000000000e+00  0.000000000000000e+00  9.999997999999614e-01  2.803541078518973e-07 
 3.589219346450421e+03  1.000000000000000e+00  0.000000000000000e+00  9.999997999999631e-01  2.771449209167787e-07 
 3.630780547701387e+03  1.000000000000000e+00  0.000000000000000e+00  9.999997999999649e-01  2.739724692407346e-07 
 3.672823004981225e+03  1.000000000000000e+00  0.000000000000000e+00  9.999997999999667e-01  2.708363323187316e-07 
 3.715352290972108e+03  1.000000000000000e+00  0.000000000000000e+00  9.999997999999684e-01  2.677360944592178e-07 
 3.758374042884829e+03  1.000000000000000e+00  0.000000000000000e+00  9.999997999999698e-01  2.646713447290226e-07 
 3.801893963206004e+03  1.000000000000000e+00  0.000000000000000e+00  9.999997999999716e-01  2.616416768988891e-07 
 3.845917820453933e+03  1.000000000000000e+00  0.000000000000000e+00  9.999997999999731e-01  2.586466893896282e-07 
 3.890451449943208e+03  1.000000000000000e+00  0.000000000000000e+00  9.999997999999746e-01  2.556859852188893e-07 
 3.935500754558181e+03  1.000000000000000e+00  0.000000000000000e+00  9.999997999999760e-01  2.527591719485417e-07 
 3.981071705535384e+03  1.000000000000000e+00  0.000000000000000e+00  9.999997999999777e-01  2.498658616326567e-07 
 4.027170343255008e+03  1.000000000000000e+00  0.000000000000000e+00  9.999997999999790e-01  2.470056707660856e-07 
 4.073802778041549e+03  1.000000000000000e+00  0.000000000000000e+00  9.999997999999803e-01  2.441782202336271e-07 
 4.120975190973729e+03  1.000000000000000e+00  0.000000000000000e+00  9.999997999999817e-01  2.413831352597759e-07 
 4.168693834703786e+03  1.000000000000000e+00  0.000000000000000e+00  9.999997999999829e-01  2.386200453590462e-07 
 4.216965034286260e+03  1.000000000000000e+00  0.000000000000000e+00  9.999997999999842e-01  2.358885842868646e-07 
 4.265795188016369e+03  1.000000000000000e+00  0.000000000000000e+00  9.999997999999855e-01  2.331883899910244e-07 
 4.315190768278100e+03  1.000000000000000e+00  0.000000000000000e+00  9.999997999999868e-01  2.305191045636966e-07 
 4.365158322402113e+03  1.000000000000000e+00  0.000000000000000e+00  9.999997999999879e-01  2.278803741939889e-07 
 4.415704473533584e+03  1.000000000000000e+00  0.000000000000000e+00  9.999997999999892e-01  2.252718491210493e-07 
 4.466835921510095e+03  1.000000000000000e+00  0.000000000000000e+00  9.999997999999903e-01  2.226931835877046e-07 
 4.518559443749694e+03  1.000000000000000e+00  0.000000000000000e+00  9.999997999999914e-01  2.201440357946314e-07 
 4.570881896149226e+03  1.000000000000000e+00  0.000000000000000e+00  9.999997999999926e-01  2.176240678550510e-07 
 4.623810213993084e+03  1.000000000000000e+00  0.000000000000000e+00  9.999997999999937e-01  2.151329457499425e-07 
 4.677351412872469e+03  1.000000000000000e+00  0.000000000000000e+00  9.999997999999949e-01  2.126703392837693e-07 
 4.731512589615298e+03  1.000000000000000e+00  0.000000000000000e+00  9.999997999999957e-01  2.102359220407115e-07 
 4.786300923226882e+03  1.000000000000000e+00  0.000000000000000e+00  9.999997999999968e-01  2.078293713414004e-07 
 4.841723675841498e+03  1.000000000000000e+00  0.000000000000000e+00  9.999997999999979e-01  2.054503682001478e-07 
 4.897788193684973e+03  1.000000000000000e+00  0.000000000000000e+00  9.999997999999987e-01  2.030985972826637e-07 
 4.954501908048419e+03  1.000000000000000e+00  0.000000000000000e+00  9.999997999999998e-01  2.007737468642608e-07 
 5.011872336273246e+03  1.000000000000000e+00  0.000000000000000e+00  9.999998000000005e-01  1.984755087885341e-07 
 5.069907082747573e+03  1.000000000000000e+00  0.000000000000000e+00  9.999998000000013e-01  1.962035784265159e-07 
 5.128613839914185e+03  1.000000000000000e+00  0.000000000000000e+00  9.999998000000024e-01  1.939576546362979e-07 
 5.188000389290154e+03  1.000000000000000e+00  0.000000000000000e+00  9.999998000000031e-01  1.917374397231142e-07 
 5.248074602498275e+03  1.000000000000000e+00  0.000000000000000e+00  9.999998000000042e-01  1.895426393998830e-07 
 5.308844442310439e+03  1.000000000000000e+00  0.000000000000000e+00  9.999998000000049e-01  1.873729627481987e-07 
 5.370317963703090e+03  1.000000000000000e+00  0.000000000000000e+00  9.999998000000054e-01  1.852281221797712e-07 
 5.432503314924901e+03  1.000000000000000e+00  0.000000000000000e+00  9.999998000000064e-01  1.831078333983066e-07 
 5.495408738576822e+03  1.000000000000000e+00  0.000000000000000e+00  9.999998000000072e-01  1.810118153618233e-07 
 5.559042572704619e+03  1.000000000000000e+00  0.000000000000000e+00  9.999998000000081e-01  1.789397902454010e-07 
 5.623413251904080e+03  1.000000000000000e+00  0.000000000000000e+00  9.999998000000089e-01  1.768914834043548e-07 
 5.688529308439011e+03  1.000000000000000e+00  0.000000000000000e+00  9.999998000000094e-01  1.748666233378316e-07 
 5.754399373372174e+03  1.000000000000000e+00  0.000000000000000e+00  9.999998000000101e-01  1.728649416528228e-07 
 5.821032177709326e+03  1.000000000000000e+00  0.000000000000000e+00  9.999998000000109e-01  1.708861730285893e-07 
 5.888436553556509e+03  1.000000000000000e+00  0.000000000000000e+00  9.999998000000117e-01  1.689300551814931e-07 
 5.956621435290732e+03  1.000000000000000e+00  0.000000000000000e+00  9.999998000000121e-01  1.669963288302325e-07 
 6.025595860744213e+03  1.000000000000000e+00  0.000000000000000e+00  9.999998000000128e-01  1.650847376614743e-07 
 6.095368972402334e+03  1.000000000000000e+00  0.000000000000000e+00  9.999998000000132e-01  1.631950282958793e-07 
 6.165950018615472e+03  1.000000000000000e+00  0.000000000000000e+00  9.999998000000140e-01  1.613269502545183e-07 
 6.237348354824851e+03  1.000000000000000e+00  0.000000000000000e+00  9.999998000000144e-01  1.594802559256702e-07 
 6.309573444802599e+03  1.000000000000000e+00  0.000000000000000e+00  9.999998000000150e-01  1.576547005320020e-07 
 6.382634861906161e+03  1.000000000000000e+00  0.000000000000000e+00  9.999998000000159e-01  1.558500420981236e-07 
 6.456542290347237e+03  1.000000000000000e+00  0.000000000000000e+00  9.999998000000164e-01  1.540660414185144e-07 
 6.531305526475414e+03  1.000000000000000e+00  0.000000000000000e+00  9.999998000000168e-01  1.523024620258165e-07 
 6.606934480076658e+03  1.000000000000000e+00  0.000000000000000e+00  9.999998000000174e-01  1.505590701594920e-07 
 6.683439175686853e+03  1.000000000000000e+00  0.000000000000000e+00  9.999998000000178e-01  1.488356347348370e-07 
 6.760829753920533e+03  1.000000000000000e+00  0.000000000000000e+00  9.999998000000182e-01  1.471319273123529e-07 
 6.839116472815018e+03  1.000000000000000e+00  0.000000000000000e+00  9.999998000000188e-01  1.454477220674664e-07 
 6.918309709190098e+03  1.000000000000000e+00  0.000000000000000e+00  9.999998000000193e-01  1.437827957605963e-07 
 6.998419960023477e+03  1.000000000000000e+00  0.000000000000000e+00  9.999998000000199e-01  1.421369277075641e-07 
 7.079457843842130e+03  1.000000000000000e+00  0.000000000000000e+00  9.999998000000203e-01  1.405098997503421e-07 
 7.161434102129781e+03  1.000000000000000e+00  0.000000000000000e+00  9.999998000000208e-01  1.389014962281370e-07 
 7.244359600750670e+03  1.000000000000000e+00  0.000000000000000e+00  9.999998000000211e-01  1.373115039488040e-07 
 7.328245331389820e+03  1.000000000000000e+00  0.000000000000000e+00  9.999998000000216e-01  1.357397121605887e-07 
 7.413102413009963e+03  1.000000000000000e+00  0.000000000000000e+00  9.999998000000220e-01  1.341859125241922e-07 
 7.498942093325356e+03  1.000000000000000e+00  0.000000000000000e+00  9.999998000000224e-01  1.326498990851555e-07 
 7.585775750292645e+03  1.000000000000000e+00  0.000000000000000e+00  9.999998000000228e-01  1.311314682465611e-07 
 7.673614893619007e+03  1.000000000000000e+00  0.000000000000000e+00  9.999998000000232e-01  1.296304187420462e-07 
 7.762471166287744e+03  1.000000000000000e+00  0.000000000000000e+00  9.999998000000238e-01  1.281465516091246e-07 
 7.852356346101555e+03  1.000000000000000e+00  0.000000000000000e+00  9.999998000000239e-01  1.266796701628153e-07 
 7.943282347243662e+03  1.000000000000000e+00  0.000000000000000e+00  9.999998000000244e-01  1.252295799695714e-07 
 8.035261221857030e+03  1.000000000000000e+00  0.000000000000000e+00  9.999998000000244e-01  1.237960888215084e-07 
 8.128305161641861e+03  1.000000000000000e+00  0.000000000000000e+00  9.999998000000249e-01  1.223790067109275e-07 
 8.222426499471590e+03  1.000000000000000e+00  0.000000000000000e+00  9.999998000000254e-01  1.209781458051297e-07 
 8.317637711027599e+03  1.000000000000000e+00  0.000000000000000e+00  9.999998000000259e-01  1.195933204215194e-07 
 8.413951416452850e+03  1.000000000000000e+00  0.000000000000000e+00  9.999998000000259e-01  1.182243470029919e-07 
 8.511380382024674e+03  1.000000000000000e+00  0.000000000000000e+00  9.999998000000262e-01  1.168710440936034e-07 
 8.609937521846927e+03  1.000000000000000e+00  0.000000000000000e+00  9.999998000000266e-01  1.155332323145193e-07 
 8.709635899561737e+03  1.000000000000000e+00  0.000000000000000e+00  9.999998000000271e-01  1.142107343402371e-07 
 8.810488730081084e+03  1.000000000000000e+00  0.000000000000000e+00  9.999998000000272e-01  1.129033748750829e-07 
 8.912509381338410e+03  1.000000000000000e+00  0.000000000000000e+00  9.999998000000275e-01  1.116109806299757e-07 
 9.015711376060535e+03  1.000000000000000e+00  0.000000000000000e+00  9.999998000000279e-01  1.103333802994582e-07 
 9.120108393560076e+03  1.000000000000000e+00  0.000000000000000e+00  9.999998000000281e-01  1.090704045389903e-07 
 9.225714271548622e+03  1.000000000000000e+00  0.000000000000000e+00  9.999998000000283e-01  1.078218859425031e-07 
 9.332543007970913e+03  1.000000000000000e+00  0.000000000000000e+00  9.999998000000286e-01  1.065876590202090e-07 
 9.440608762860249e+03  1.000000000000000e+00  0.000000000000000e+00  9.999998000000290e-01  1.053675601766662e-07 
 9.549925860215388e+03  1.000000000000000e+00  0.000000000000000e+00  9.999998000000290e-01  1.041614276890946e-07 
 9.660508789899175e+03  1.000000000000000e+00  0.000000000000000e+00  9.999998000000294e-01  1.029691016859394e-07 
 9.772372209559160e+03  1.000000000000000e+00  0.000000000000000e+00  9.999998000000295e-01  1.017904241256805e-07 
 9.885530946570454e+03  1.000000000000000e+00  0.000000000000000e+00  9.999998000000297e-01  1.006252387758838e-07 
 1.000000000000108e+04  1.000000000000000e+00  0.000000000000000e+00  9.999998000000301e-01  9.947339119249335e-08 
