 frequency              vin_diff_real          vin_diff_imag          vout_real              vout_imag             
 1.000000000000000e-02  1.000000000000000e+00  0.000000000000000e+00  4.932952169104730e+04 -1.559424954330869e+00 
 1.011579454259899e-02  1.000000000000000e+00  0.000000000000000e+00  4.932952168989904e+04 -1.577482244224568e+00 
 1.023292992280754e-02  1.000000000000000e+00  0.000000000000000e+00  4.932952168872403e+04 -1.595748627679360e+00 
 1.035142166679344e-02  1.000000000000000e+00  0.000000000000000e+00  4.932952168752166e+04 -1.614226525884524e+00 
 1.047128548050900e-02  1.000000000000000e+00  0.000000000000000e+00  4.932952168629129e+04 -1.632918388065392e+00 
 1.059253725177289e-02  1.000000000000000e+00  0.000000000000000e+00  4.932952168503224e+04 -1.651826691807983e+00 
 1.071519305237607e-02  1.000000000000000e+00  0.000000000000000e+00  4.932952168374388e+04 -1.670953943387413e+00 
 1.083926914021204e-02  1.000000000000000e+00  0.000000000000000e+00  4.932952168242550e+04 -1.690302678100090e+00 
 1.096478196143186e-02  1.000000000000000e+00  0.000000000000000e+00  4.932952168107643e+04 -1.709875460599774e+00 
 1.109174815262402e-02  1.000000000000000e+00  0.000000000000000e+00  4.932952167969592e+04 -1.729674885237507e+00 
 1.122018454301964e-02  1.000000000000000e+00  0.000000000000000e+00  4.932952167828324e+04 -1.749703576405504e+00 
 1.135010815672316e-02  1.000000000000000e+00  0.000000000000000e+00  4.932952167683768e+04 -1.769964188885006e+00 
 1.148153621496884e-02  1.000000000000000e+00  0.000000000000000e+00  4.932952167535844e+04 -1.790459408198170e+00 
 1.161448613840344e-02  1.000000000000000e+00  0.000000000000000e+00  4.932952167384473e+04 -1.811191950964029e+00 
 1.174897554939531e-02  1.000000000000000e+00  0.000000000000000e+00  4.932952167229578e+04 -1.832164565258585e+00 
 1.188502227437020e-02  1.000000000000000e+00  0.000000000000000e+00  4.932952167071075e+04 -1.853380030979053e+00 
 1.202264434617414e-02  1.000000000000000e+00  0.000000000000000e+00  4.932952166908880e+04 -1.874841160212340e+00 
 1.216186000646370e-02  1.000000000000000e+00  0.000000000000000e+00  4.932952166742907e+04 -1.896550797607785e+00 
 1.230268770812383e-02  1.000000000000000e+00  0.000000000000000e+00  4.932952166573067e+04 -1.918511820754206e+00 
 1.244514611771387e-02  1.000000000000000e+00  0.000000000000000e+00  4.932952166399271e+04 -1.940727140561331e+00 
 1.258925411794169e-02  1.000000000000000e+00  0.000000000000000e+00  4.932952166221429e+04 -1.963199701645628e+00 
 1.273503081016664e-02  1.000000000000000e+00  0.000000000000000e+00  4.932952166039441e+04 -1.985932482720616e+00 
 1.288249551693136e-02  1.000000000000000e+00  0.000000000000000e+00  4.932952165853215e+04 -2.008928496991688e+00 
 1.303166778452301e-02  1.000000000000000e+00  0.000000000000000e+00  4.932952165662652e+04 -2.032190792555506e+00 
 1.318256738556409e-02  1.000000000000000e+00  0.000000000000000e+00  4.932952165467652e+04 -2.055722452804029e+00 
 1.333521432163326e-02  1.000000000000000e+00  0.000000000000000e+00  4.932952165268106e+04 -2.079526596833201e+00 
 1.348962882591656e-02  1.000000000000000e+00  0.000000000000000e+00  4.932952165063914e+04 -2.103606379856400e+00 
 1.364583136588927e-02  1.000000000000000e+00  0.000000000000000e+00  4.932952164854966e+04 -2.127964993622644e+00 
 1.380384264602887e-02  1.000000000000000e+00  0.000000000000000e+00  4.932952164641151e+04 -2.152605666839662e+00 
 1.396368361055940e-02  1.000000000000000e+00  0.000000000000000e+00  4.932952164422355e+04 -2.177531665601850e+00 
 1.412537544622757e-02  1.000000000000000e+00  0.000000000000000e+00  4.932952164198464e+04 -2.202746293823194e+00 
 1.428893958511106e-02  1.000000000000000e+00  0.000000000000000e+00  4.932952163969356e+04 -2.228252893675192e+00 
 1.445439770745931e-02  1.000000000000000e+00  0.000000000000000e+00  4.932952163734911e+04 -2.254054846029867e+00 
 1.462177174456722e-02  1.000000000000000e+00  0.000000000000000e+00  4.932952163495008e+04 -2.280155570907884e+00 
 1.479108388168211e-02  1.000000000000000e+00  0.000000000000000e+00  4.932952163249514e+04 -2.306558527931879e+00 
 1.496235656094437e-02  1.000000000000000e+00  0.000000000000000e+00  4.932952162998304e+04 -2.333267216785025e+00 
 1.513561248436212e-02  1.000000000000000e+00  0.000000000000000e+00  4.932952162741242e+04 -2.360285177674913e+00 
 1.531087461682034e-02  1.000000000000000e+00  0.000000000000000e+00  4.932952162478190e+04 -2.387615991802798e+00 
 1.548816618912485e-02  1.000000000000000e+00  0.000000000000000e+00  4.932952162209013e+04 -2.415263281838291e+00 
 1.566751070108153e-02  1.000000000000000e+00  0.000000000000000e+00  4.932952161933565e+04 -2.443230712399527e+00 
 1.584893192461118e-02  1.000000000000000e+00  0.000000000000000e+00  4.932952161651702e+04 -2.471521990538919e+00 
 1.603245390690046e-02  1.000000000000000e+00  0.000000000000000e+00  4.932952161363272e+04 -2.500140866234517e+00 
 1.621810097358934e-02  1.000000000000000e+00  0.000000000000000e+00  4.932952161068124e+04 -2.529091132887066e+00 
 1.640589773199544e-02  1.000000000000000e+00  0.000000000000000e+00  4.932952160766104e+04 -2.558376627822813e+00 
 1.659586907437565e-02  1.000000000000000e+00  0.000000000000000e+00  4.932952160457045e+04 -2.588001232802141e+00 
 1.678804018122565e-02  1.000000000000000e+00  0.000000000000000e+00  4.932952160140791e+04 -2.617968874534097e+00 
 1.698243652461750e-02  1.000000000000000e+00  0.000000000000000e+00  4.932952159817167e+04 -2.648283525196869e+00 
 1.717908387157593e-02  1.000000000000000e+00  0.000000000000000e+00  4.932952159486007e+04 -2.678949202964287e+00 
 1.737800828749381e-02  1.000000000000000e+00  0.000000000000000e+00  4.932952159147133e+04 -2.709969972538444e+00 
 1.757923613958698e-02  1.000000000000000e+00  0.000000000000000e+00  4.932952158800363e+04 -2.741349945688448e+00 
 1.778279410038928e-02  1.000000000000000e+00  0.000000000000000e+00  4.932952158445520e+04 -2.773093281795448e+00 
 1.798870915128794e-02  1.000000000000000e+00  0.000000000000000e+00  4.932952158082409e+04 -2.805204188403945e+00 
 1.819700858609989e-02  1.000000000000000e+00  0.000000000000000e+00  4.932952157710840e+04 -2.837686921779504e+00 
 1.840772001468962e-02  1.000000000000000e+00  0.000000000000000e+00  4.932952157330617e+04 -2.870545787472910e+00 
 1.862087136662874e-02  1.000000000000000e+00  0.000000000000000e+00  4.932952156941536e+04 -2.903785140890869e+00 
 1.883649089489807e-02  1.000000000000000e+00  0.000000000000000e+00  4.932952156543394e+04 -2.937409387873311e+00 
 1.905460717963254e-02  1.000000000000000e+00  0.000000000000000e+00  4.932952156135978e+04 -2.971422985277380e+00 
 1.927524913190943e-02  1.000000000000000e+00  0.000000000000000e+00  4.932952155719070e+04 -3.005830441568179e+00 
 1.949844599758052e-02  1.000000000000000e+00  0.000000000000000e+00  4.932952155292453e+04 -3.040636317416370e+00 
 1.972422736114861e-02  1.000000000000000e+00  0.000000000000000e+00  4.932952154855897e+04 -3.075845226302679e+00 
 1.995262314968887e-02  1.000000000000000e+00  0.000000000000000e+00  4.932952154409175e+04 -3.111461835129414e+00 
 2.018366363681569e-02  1.000000000000000e+00  0.000000000000000e+00  4.932952153952046e+04 -3.147490864839048e+00 
 2.041737944669537e-02  1.000000000000000e+00  0.000000000000000e+00  4.932952153484269e+04 -3.183937091039982e+00 
 2.065380155810538e-02  1.000000000000000e+00  0.000000000000000e+00  4.932952153005596e+04 -3.220805344639547e+00 
 2.089296130854048e-02  1.000000000000000e+00  0.000000000000000e+00  4.932952152515772e+04 -3.258100512484326e+00 
 2.113489039836655e-02  1.000000000000000e+00  0.000000000000000e+00  4.932952152014539e+04 -3.295827538007913e+00 
 2.137962089502241e-02  1.000000000000000e+00  0.000000000000000e+00  4.932952151501633e+04 -3.333991421886141e+00 
 2.162718523727029e-02  1.000000000000000e+00  0.000000000000000e+00  4.932952150976779e+04 -3.372597222699937e+00 
 2.187761623949562e-02  1.000000000000000e+00  0.000000000000000e+00  4.932952150439698e+04 -3.411650057605812e+00 
 2.213094709605647e-02  1.000000000000000e+00  0.000000000000000e+00  4.932952149890108e+04 -3.451155103014147e+00 
 2.238721138568350e-02  1.000000000000000e+00  0.000000000000000e+00  4.932952149327717e+04 -3.491117595275311e+00 
 2.264644307593070e-02  1.000000000000000e+00  0.000000000000000e+00  4.932952148752226e+04 -3.531542831373737e+00 
 2.290867652767783e-02  1.000000000000000e+00  0.000000000000000e+00  4.932952148163330e+04 -3.572436169630033e+00 
 2.317394649968489e-02  1.000000000000000e+00  0.000000000000000e+00  4.932952147560716e+04 -3.613803030411215e+00 
 2.344228815319933e-02  1.000000000000000e+00  0.000000000000000e+00  4.932952146944066e+04 -3.655648896849173e+00 
 2.371373705661666e-02  1.000000000000000e+00  0.000000000000000e+00  4.932952146313052e+04 -3.697979315567458e+00 
 2.398832919019502e-02  1.000000000000000e+00  0.000000000000000e+00  4.932952145667341e+04 -3.740799897416470e+00 
 2.426610095082427e-02  1.000000000000000e+00  0.000000000000000e+00  4.932952145006588e+04 -3.784116318217179e+00 
 2.454708915685042e-02  1.000000000000000e+00  0.000000000000000e+00  4.932952144330445e+04 -3.827934319513438e+00 
 2.483133105295583e-02  1.000000000000000e+00  0.000000000000000e+00  4.932952143638553e+04 -3.872259709333031e+00 
 2.511886431509593e-02  1.000000000000000e+00  0.000000000000000e+00  4.932952142930542e+04 -3.917098362957503e+00 
 2.540972705549318e-02  1.000000000000000e+00  0.000000000000000e+00  4.932952142206041e+04 -3.962456223700940e+00 
 2.570395782768877e-02  1.000000000000000e+00  0.000000000000000e+00  4.932952141464665e+04 -4.008339303697732e+00 
 2.600159563165286e-02  1.000000000000000e+00  0.000000000000000e+00  4.932952140706019e+04 -4.054753684699480e+00 
 2.630267991895396e-02  1.000000000000000e+00  0.000000000000000e+00  4.932952139929703e+04 -4.101705518881125e+00 
 2.660725059798824e-02  1.000000000000000e+00  0.000000000000000e+00  4.932952139135305e+04 -4.149201029656412e+00 
 2.691534803926931e-02  1.000000000000000e+00  0.000000000000000e+00  4.932952138322403e+04 -4.197246512502790e+00 
 2.722701308077928e-02  1.000000000000000e+00  0.000000000000000e+00  4.932952137490563e+04 -4.245848335795876e+00 
 2.754228703338182e-02  1.000000000000000e+00  0.000000000000000e+00  4.932952136639350e+04 -4.295012941653575e+00 
 2.786121168629786e-02  1.000000000000000e+00  0.000000000000000e+00  4.932952135768306e+04 -4.344746846789958e+00 
 2.818382931264470e-02  1.000000000000000e+00  0.000000000000000e+00  4.932952134876976e+04 -4.395056643379077e+00 
 2.851018267503926e-02  1.000000000000000e+00  0.000000000000000e+00  4.932952133964883e+04 -4.445948999928718e+00 
 2.884031503126623e-02  1.000000000000000e+00  0.000000000000000e+00  4.932952133031547e+04 -4.497430662164319e+00 
 2.917427014001184e-02  1.000000000000000e+00  0.000000000000000e+00  4.932952132076468e+04 -4.549508453923095e+00 
 2.951209226666404e-02  1.000000000000000e+00  0.000000000000000e+00  4.932952131099144e+04 -4.602189278058544e+00 
 2.985382618917978e-02  1.000000000000000e+00  0.000000000000000e+00  4.932952130099054e+04 -4.655480117355402e+00 
 3.019951720402035e-02  1.000000000000000e+00  0.000000000000000e+00  4.932952129075671e+04 -4.709388035455201e+00 
 3.054921113215532e-02  1.000000000000000e+00  0.000000000000000e+00  4.932952128028448e+04 -4.763920177792548e+00 
 3.090295432513610e-02  1.000000000000000e+00  0.000000000000000e+00  4.932952126956832e+04 -4.819083772542245e+00 
 3.126079367123975e-02  1.000000000000000e+00  0.000000000000000e+00  4.932952125860255e+04 -4.874886131577370e+00 
 3.162277660168400e-02  1.000000000000000e+00  0.000000000000000e+00  4.932952124738137e+04 -4.931334651438457e+00 
 3.198895109691419e-02  1.000000000000000e+00  0.000000000000000e+00  4.932952123589881e+04 -4.988436814313893e+00 
 3.235936569296304e-02  1.000000000000000e+00  0.000000000000000e+00  4.932952122414879e+04 -5.046200189031680e+00 
 3.273406948788404e-02  1.000000000000000e+00  0.000000000000000e+00  4.932952121212507e+04 -5.104632432062671e+00 
 3.311311214825933e-02  1.000000000000000e+00  0.000000000000000e+00  4.932952119982128e+04 -5.163741288535417e+00 
 3.349654391578299e-02  1.000000000000000e+00  0.000000000000000e+00  4.932952118723089e+04 -5.223534593262782e+00 
 3.388441561392048e-02  1.000000000000000e+00  0.000000000000000e+00  4.932952117434724e+04 -5.284020271780438e+00 
 3.427677865464526e-02  1.000000000000000e+00  0.000000000000000e+00  4.932952116116349e+04 -5.345206341397372e+00 
 3.467368504525339e-02  1.000000000000000e+00  0.000000000000000e+00  4.932952114767266e+04 -5.407100912258577e+00 
 3.507518739525704e-02  1.000000000000000e+00  0.000000000000000e+00  4.932952113386758e+04 -5.469712188420036e+00 
 3.548133892335779e-02  1.000000000000000e+00  0.000000000000000e+00  4.932952111974094e+04 -5.533048468936171e+00 
 3.589219346450077e-02  1.000000000000000e+00  0.000000000000000e+00  4.932952110528526e+04 -5.597118148959856e+00 
 3.630780547701039e-02  1.000000000000000e+00  0.000000000000000e+00  4.932952109049285e+04 -5.661929720855181e+00 
 3.672823004980873e-02  1.000000000000000e+00  0.000000000000000e+00  4.932952107535590e+04 -5.727491775323114e+00 
 3.715352290971752e-02  1.000000000000000e+00  0.000000000000000e+00  4.932952105986635e+04 -5.793813002540183e+00 
 3.758374042884469e-02  1.000000000000000e+00  0.000000000000000e+00  4.932952104401599e+04 -5.860902193310340e+00 
 3.801893963205639e-02  1.000000000000000e+00  0.000000000000000e+00  4.932952102779644e+04 -5.928768240230176e+00 
 3.845917820453564e-02  1.000000000000000e+00  0.000000000000000e+00  4.932952101119908e+04 -5.997420138867610e+00 
 3.890451449942835e-02  1.000000000000000e+00  0.000000000000000e+00  4.932952099421513e+04 -6.066866988954268e+00 
 3.935500754557804e-02  1.000000000000000e+00  0.000000000000000e+00  4.932952097683557e+04 -6.137117995591591e+00 
 3.981071705535003e-02  1.000000000000000e+00  0.000000000000000e+00  4.932952095905119e+04 -6.208182470471003e+00 
 4.027170343254621e-02  1.000000000000000e+00  0.000000000000000e+00  4.932952094085255e+04 -6.280069833108131e+00 
 4.073802778041159e-02  1.000000000000000e+00  0.000000000000000e+00  4.932952092223002e+04 -6.352789612091359e+00 
 4.120975190973334e-02  1.000000000000000e+00  0.000000000000000e+00  4.932952090317370e+04 -6.426351446344838e+00 
 4.168693834703387e-02  1.000000000000000e+00  0.000000000000000e+00  4.932952088367353e+04 -6.500765086406092e+00 
 4.216965034285856e-02  1.000000000000000e+00  0.000000000000000e+00  4.932952086371910e+04 -6.576040395718435e+00 
 4.265795188015960e-02  1.000000000000000e+00  0.000000000000000e+00  4.932952084329989e+04 -6.652187351938384e+00 
 4.315190768277687e-02  1.000000000000000e+00  0.000000000000000e+00  4.932952082240507e+04 -6.729216048258146e+00 
 4.365158322401694e-02  1.000000000000000e+00  0.000000000000000e+00  4.932952080102353e+04 -6.807136694743479e+00 
 4.415704473533161e-02  1.000000000000000e+00  0.000000000000000e+00  4.932952077914395e+04 -6.885959619687005e+00 
 4.466835921509667e-02  1.000000000000000e+00  0.000000000000000e+00  4.932952075675475e+04 -6.965695270977222e+00 
 4.518559443749261e-02  1.000000000000000e+00  0.000000000000000e+00  4.932952073384404e+04 -7.046354217483334e+00 
 4.570881896148788e-02  1.000000000000000e+00  0.000000000000000e+00  4.932952071039965e+04 -7.127947150456155e+00 
 4.623810213992641e-02  1.000000000000000e+00  0.000000000000000e+00  4.932952068640915e+04 -7.210484884945223e+00 
 4.677351412872021e-02  1.000000000000000e+00  0.000000000000000e+00  4.932952066185988e+04 -7.293978361232292e+00 
 4.731512589614845e-02  1.000000000000000e+00  0.000000000000000e+00  4.932952063673878e+04 -7.378438646281469e+00 
 4.786300923226424e-02  1.000000000000000e+00  0.000000000000000e+00  4.932952061103253e+04 -7.463876935206108e+00 
 4.841723675841035e-02  1.000000000000000e+00  0.000000000000000e+00  4.932952058472748e+04 -7.550304552752706e+00 
 4.897788193684505e-02  1.000000000000000e+00  0.000000000000000e+00  4.932952055780974e+04 -7.637732954801993e+00 
 4.954501908047946e-02  1.000000000000000e+00  0.000000000000000e+00  4.932952053026500e+04 -7.726173729887369e+00 
 5.011872336272767e-02  1.000000000000000e+00  0.000000000000000e+00  4.932952050207862e+04 -7.815638600730940e+00 
 5.069907082747089e-02  1.000000000000000e+00  0.000000000000000e+00  4.932952047323573e+04 -7.906139425797386e+00 
 5.128613839913695e-02  1.000000000000000e+00  0.000000000000000e+00  4.932952044372102e+04 -7.997688200865722e+00 
 5.188000389289658e-02  1.000000000000000e+00  0.000000000000000e+00  4.932952041351879e+04 -8.090297060619351e+00 
 5.248074602497774e-02  1.000000000000000e+00  0.000000000000000e+00  4.932952038261309e+04 -8.183978280254504e+00 
 5.308844442309933e-02  1.000000000000000e+00  0.000000000000000e+00  4.932952035098750e+04 -8.278744277107242e+00 
 5.370317963702578e-02  1.000000000000000e+00  0.000000000000000e+00  4.932952031862521e+04 -8.374607612299407e+00 
 5.432503314924383e-02  1.000000000000000e+00  0.000000000000000e+00  4.932952028550913e+04 -8.471580992403563e+00 
 5.495408738576298e-02  1.000000000000000e+00  0.000000000000000e+00  4.932952025162170e+04 -8.569677271127210e+00 
 5.559042572704089e-02  1.000000000000000e+00  0.000000000000000e+00  4.932952021694491e+04 -8.668909451016523e+00 
 5.623413251903545e-02  1.000000000000000e+00  0.000000000000000e+00  4.932952018146039e+04 -8.769290685179824e+00 
 5.688529308438470e-02  1.000000000000000e+00  0.000000000000000e+00  4.932952014514934e+04 -8.870834279031000e+00 
 5.754399373371626e-02  1.000000000000000e+00  0.000000000000000e+00  4.932952010799250e+04 -8.973553692053096e+00 
 5.821032177708772e-02  1.000000000000000e+00  0.000000000000000e+00  4.932952006997017e+04 -9.077462539582354e+00 
 5.888436553555948e-02  1.000000000000000e+00  0.000000000000000e+00  4.932952003106217e+04 -9.182574594612900e+00 
 5.956621435290164e-02  1.000000000000000e+00  0.000000000000000e+00  4.932951999124790e+04 -9.288903789622321e+00 
 6.025595860743638e-02  1.000000000000000e+00  0.000000000000000e+00  4.932951995050623e+04 -9.396464218418386e+00 
 6.095368972401753e-02  1.000000000000000e+00  0.000000000000000e+00  4.932951990881556e+04 -9.505270138007146e+00 
 6.165950018614885e-02  1.000000000000000e+00  0.000000000000000e+00  4.932951986615381e+04 -9.615335970482692e+00 
 6.237348354824256e-02  1.000000000000000e+00  0.000000000000000e+00  4.932951982249830e+04 -9.726676304938730e+00 
 6.309573444801997e-02  1.000000000000000e+00  0.000000000000000e+00  4.932951977782596e+04 -9.839305899402401e+00 
 6.382634861905552e-02  1.000000000000000e+00  0.000000000000000e+00  4.932951973211305e+04 -9.953239682790347e+00 
 6.456542290346622e-02  1.000000000000000e+00  0.000000000000000e+00  4.932951968533536e+04 -1.006849275688757e+01 
 6.531305526474791e-02  1.000000000000000e+00  0.000000000000000e+00  4.932951963746808e+04 -1.018508039834909e+01 
 6.606934480076029e-02  1.000000000000000e+00  0.000000000000000e+00  4.932951958848582e+04 -1.030301806072487e+01 
 6.683439175686216e-02  1.000000000000000e+00  0.000000000000000e+00  4.932951953836261e+04 -1.042232137650814e+01 
 6.760829753919889e-02  1.000000000000000e+00  0.000000000000000e+00  4.932951948707188e+04 -1.054300615920743e+01 
 6.839116472814366e-02  1.000000000000000e+00  0.000000000000000e+00  4.932951943458647e+04 -1.066508840544263e+01 
 6.918309709189439e-02  1.000000000000000e+00  0.000000000000000e+00  4.932951938087849e+04 -1.078858429706528e+01 
 6.998419960022811e-02  1.000000000000000e+00  0.000000000000000e+00  4.932951932591949e+04 -1.091351020330348e+01 
 7.079457843841457e-02  1.000000000000000e+00  0.000000000000000e+00  4.932951926968034e+04 -1.103988268293157e+01 
 7.161434102129099e-02  1.000000000000000e+00  0.000000000000000e+00  4.932951921213119e+04 -1.116771848646492e+01 
 7.244359600749982e-02  1.000000000000000e+00  0.000000000000000e+00  4.932951915324156e+04 -1.129703455838022e+01 
 7.328245331389123e-02  1.000000000000000e+00  0.000000000000000e+00  4.932951909298022e+04 -1.142784803936140e+01 
 7.413102413009259e-02  1.000000000000000e+00  0.000000000000000e+00  4.932951903131521e+04 -1.156017626857159e+01 
 7.498942093324644e-02  1.000000000000000e+00  0.000000000000000e+00  4.932951896821384e+04 -1.169403678595138e+01 
 7.585775750291925e-02  1.000000000000000e+00  0.000000000000000e+00  4.932951890364266e+04 -1.182944733454371e+01 
 7.673614893618277e-02  1.000000000000000e+00  0.000000000000000e+00  4.932951883756742e+04 -1.196642586284563e+01 
 7.762471166287006e-02  1.000000000000000e+00  0.000000000000000e+00  4.932951876995307e+04 -1.210499052718732e+01 
 7.852356346100808e-02  1.000000000000000e+00  0.000000000000000e+00  4.932951870076379e+04 -1.224515969413875e+01 
 7.943282347242907e-02  1.000000000000000e+00  0.000000000000000e+00  4.932951862996288e+04 -1.238695194294398e+01 
 8.035261221856266e-02  1.000000000000000e+00  0.000000000000000e+00  4.932951855751283e+04 -1.253038606798389e+01 
 8.128305161641088e-02  1.000000000000000e+00  0.000000000000000e+00  4.932951848337517e+04 -1.267548108126729e+01 
 8.222426499470809e-02  1.000000000000000e+00  0.000000000000000e+00  4.932951840751065e+04 -1.282225621495090e+01 
 8.317637711026808e-02  1.000000000000000e+00  0.000000000000000e+00  4.932951832987900e+04 -1.297073092388852e+01 
 8.413951416452051e-02  1.000000000000000e+00  0.000000000000000e+00  4.932951825043908e+04 -1.312092488820970e+01 
 8.511380382023866e-02  1.000000000000000e+00  0.000000000000000e+00  4.932951816914879e+04 -1.327285801592832e+01 
 8.609937521846109e-02  1.000000000000000e+00  0.000000000000000e+00  4.932951808596498e+04 -1.342655044558130e+01 
 8.709635899560911e-02  1.000000000000000e+00  0.000000000000000e+00  4.932951800084356e+04 -1.358202254889789e+01 
 8.810488730080247e-02  1.000000000000000e+00  0.000000000000000e+00  4.932951791373942e+04 -1.373929493349993e+01 
 8.912509381337563e-02  1.000000000000000e+00  0.000000000000000e+00  4.932951782460640e+04 -1.389838844563327e+01 
 9.015711376059679e-02  1.000000000000000e+00  0.000000000000000e+00  4.932951773339715e+04 -1.405932417293090e+01 
 9.120108393559209e-02  1.000000000000000e+00  0.000000000000000e+00  4.932951764006338e+04 -1.422212344720804e+01 
 9.225714271547746e-02  1.000000000000000e+00  0.000000000000000e+00  4.932951754455561e+04 -1.438680784728960e+01 
 9.332543007970026e-02  1.000000000000000e+00  0.000000000000000e+00  4.932951744682317e+04 -1.455339920187037e+01 
 9.440608762859351e-02  1.000000000000000e+00  0.000000000000000e+00  4.932951734681424e+04 -1.472191959240836e+01 
 9.549925860214478e-02  1.000000000000000e+00  0.000000000000000e+00  4.932951724447578e+04 -1.489239135605157e+01 
 9.660508789898255e-02  1.000000000000000e+00  0.000000000000000e+00  4.932951713975358e+04 -1.506483708859879e+01 
 9.772372209558230e-02  1.000000000000000e+00  0.000000000000000e+00  4.932951703259209e+04 -1.523927964749448e+01 
 9.885530946569514e-02  1.000000000000000e+00  0.000000000000000e+00  4.932951692293450e+04 -1.541574215485852e+01 
 1.000000000000013e-01  1.000000000000000e+00  0.000000000000000e+00  4.932951681072264e+04 -1.559424800055092e+01 
 1.011579454259911e-01  1.000000000000000e+00  0.000000000000000e+00  4.932951669589704e+04 -1.577482084527207e+01 
 1.023292992280767e-01  1.000000000000000e+00  0.000000000000000e+00  4.932951657839678e+04 -1.595748462369887e+01 
 1.035142166679357e-01  1.000000000000000e+00  0.000000000000000e+00  4.932951645815960e+04 -1.614226354765718e+01 
 1.047128548050913e-01  1.000000000000000e+00  0.000000000000000e+00  4.932951633512176e+04 -1.632918210933100e+01 
 1.059253725177303e-01  1.000000000000000e+00  0.000000000000000e+00  4.932951620921797e+04 -1.651826508450879e+01 
 1.071519305237620e-01  1.000000000000000e+00  0.000000000000000e+00  4.932951608038154e+04 -1.670953753586743e+01 
 1.083926914021218e-01  1.000000000000000e+00  0.000000000000000e+00  4.932951594854410e+04 -1.690302481629414e+01 
 1.096478196143199e-01  1.000000000000000e+00  0.000000000000000e+00  4.932951581363579e+04 -1.709875257224692e+01 
 1.109174815262416e-01  1.000000000000000e+00  0.000000000000000e+00  4.932951567558504e+04 -1.729674674715384e+01 
 1.122018454301978e-01  1.000000000000000e+00  0.000000000000000e+00  4.932951553431869e+04 -1.749703358485177e+01 
 1.135010815672330e-01  1.000000000000000e+00  0.000000000000000e+00  4.932951538976182e+04 -1.769963963306487e+01 
 1.148153621496898e-01  1.000000000000000e+00  0.000000000000000e+00  4.932951524183779e+04 -1.790459174692333e+01 
 1.161448613840358e-01  1.000000000000000e+00  0.000000000000000e+00  4.932951509046816e+04 -1.811191709252292e+01 
 1.174897554939545e-01  1.000000000000000e+00  0.000000000000000e+00  4.932951493557268e+04 -1.832164315052572e+01 
 1.188502227437035e-01  1.000000000000000e+00  0.000000000000000e+00  4.932951477706923e+04 -1.853379771980259e+01 
 1.202264434617429e-01  1.000000000000000e+00  0.000000000000000e+00  4.932951461487375e+04 -1.874840892111770e+01 
 1.216186000646385e-01  1.000000000000000e+00  0.000000000000000e+00  4.932951444890027e+04 -1.896550520085579e+01 
 1.230268770812399e-01  1.000000000000000e+00  0.000000000000000e+00  4.932951427906076e+04 -1.918511533479268e+01 
 1.244514611771402e-01  1.000000000000000e+00  0.000000000000000e+00  4.932951410526518e+04 -1.940726843190930e+01 
 1.258925411794185e-01  1.000000000000000e+00  0.000000000000000e+00  4.932951392742140e+04 -1.963199393824987e+01 
 1.273503081016679e-01  1.000000000000000e+00  0.000000000000000e+00  4.932951374543510e+04 -1.985932164082493e+01 
 1.288249551693152e-01  1.000000000000000e+00  0.000000000000000e+00  4.932951355920979e+04 -2.008928167155931e+01 
 1.303166778452318e-01  1.000000000000000e+00  0.000000000000000e+00  4.932951336864672e+04 -2.032190451128607e+01 
 1.318256738556426e-01  1.000000000000000e+00  0.000000000000000e+00  4.932951317364489e+04 -2.055722099378649e+01 
 1.333521432163343e-01  1.000000000000000e+00  0.000000000000000e+00  4.932951297410088e+04 -2.079526230987688e+01 
 1.348962882591673e-01  1.000000000000000e+00  0.000000000000000e+00  4.932951276990891e+04 -2.103606001154285e+01 
 1.364583136588944e-01  1.000000000000000e+00  0.000000000000000e+00  4.932951256096068e+04 -2.127964601612117e+01 
 1.380384264602905e-01  1.000000000000000e+00  0.000000000000000e+00  4.932951234714541e+04 -2.152605261053036e+01 
 1.396368361055958e-01  1.000000000000000e+00  0.000000000000000e+00  4.932951212834979e+04 -2.177531245555005e+01 
 1.412537544622775e-01  1.000000000000000e+00  0.000000000000000e+00  4.932951190445772e+04 -2.202745859014993e+01 
 1.428893958511124e-01  1.000000000000000e+00  0.000000000000000e+00  4.932951167535058e+04 -2.228252443586893e+01 
 1.445439770745949e-01  1.000000000000000e+00  0.000000000000000e+00  4.932951144090681e+04 -2.254054380124489e+01 
 1.462177174456740e-01  1.000000000000000e+00  0.000000000000000e+00  4.932951120100215e+04 -2.280155088629583e+01 
 1.479108388168229e-01  1.000000000000000e+00  0.000000000000000e+00  4.932951095550942e+04 -2.306558028705275e+01 
 1.496235656094456e-01  1.000000000000000e+00  0.000000000000000e+00  4.932951070429842e+04 -2.333266700014520e+01 
 1.513561248436231e-01  1.000000000000000e+00  0.000000000000000e+00  4.932951044723595e+04 -2.360284642743974e+01 
 1.531087461682053e-01  1.000000000000000e+00  0.000000000000000e+00  4.932951018418575e+04 -2.387615438073230e+01 
 1.548816618912505e-01  1.000000000000000e+00  0.000000000000000e+00  4.932950991500834e+04 -2.415262708649468e+01 
 1.566751070108173e-01  1.000000000000000e+00  0.000000000000000e+00  4.932950963956096e+04 -2.443230119067609e+01 
 1.584893192461138e-01  1.000000000000000e+00  0.000000000000000e+00  4.932950935769759e+04 -2.471521376356035e+01 
 1.603245390690066e-01  1.000000000000000e+00  0.000000000000000e+00  4.932950906926880e+04 -2.500140230467919e+01 
 1.621810097358955e-01  1.000000000000000e+00  0.000000000000000e+00  4.932950877412163e+04 -2.529090474778258e+01 
 1.640589773199564e-01  1.000000000000000e+00  0.000000000000000e+00  4.932950847209959e+04 -2.558375946586636e+01 
 1.659586907437586e-01  1.000000000000000e+00  0.000000000000000e+00  4.932950816304258e+04 -2.588000527625853e+01 
 1.678804018122586e-01  1.000000000000000e+00  0.000000000000000e+00  4.932950784678670e+04 -2.617968144576392e+01 
 1.698243652461771e-01  1.000000000000000e+00  0.000000000000000e+00  4.932950752316428e+04 -2.648282769586870e+01 
 1.717908387157615e-01  1.000000000000000e+00  0.000000000000000e+00  4.932950719200373e+04 -2.678948420800522e+01 
 1.737800828749403e-01  1.000000000000000e+00  0.000000000000000e+00  4.932950685312947e+04 -2.709969162887754e+01 
 1.757923613958720e-01  1.000000000000000e+00  0.000000000000000e+00  4.932950650636181e+04 -2.741349107584885e+01 
 1.778279410038951e-01  1.000000000000000e+00  0.000000000000000e+00  4.932950615151690e+04 -2.773092414239114e+01 
 1.798870915128817e-01  1.000000000000000e+00  0.000000000000000e+00  4.932950578840660e+04 -2.805203290359810e+01 
 1.819700858610012e-01  1.000000000000000e+00  0.000000000000000e+00  4.932950541683839e+04 -2.837685992176157e+01 
 1.840772001468985e-01  1.000000000000000e+00  0.000000000000000e+00  4.932950503661525e+04 -2.870544825201293e+01 
 1.862087136662897e-01  1.000000000000000e+00  0.000000000000000e+00  4.932950464753556e+04 -2.903784144802950e+01 
 1.883649089489831e-01  1.000000000000000e+00  0.000000000000000e+00  4.932950424939307e+04 -2.937408356780714e+01 
 1.905460717963278e-01  1.000000000000000e+00  0.000000000000000e+00  4.932950384197664e+04 -2.971421917949963e+01 
 1.927524913190967e-01  1.000000000000000e+00  0.000000000000000e+00  4.932950342507028e+04 -3.005829336732573e+01 
 1.949844599758077e-01  1.000000000000000e+00  0.000000000000000e+00  4.932950299845291e+04 -3.040635173754454e+01 
 1.972422736114886e-01  1.000000000000000e+00  0.000000000000000e+00  4.932950256189836e+04 -3.075844042450015e+01 
 1.995262314968912e-01  1.000000000000000e+00  0.000000000000000e+00  4.932950211517517e+04 -3.111460609673611e+01 
 2.018366363681594e-01  1.000000000000000e+00  0.000000000000000e+00  4.932950165804646e+04 -3.147489596318083e+01 
 2.041737944669563e-01  1.000000000000000e+00  0.000000000000000e+00  4.932950119026987e+04 -3.183935777940455e+01 
 2.065380155810564e-01  1.000000000000000e+00  0.000000000000000e+00  4.932950071159736e+04 -3.220803985394870e+01 
 2.089296130854074e-01  1.000000000000000e+00  0.000000000000000e+00  4.932950022177517e+04 -3.258099105472862e+01 
 2.113489039836682e-01  1.000000000000000e+00  0.000000000000000e+00  4.932949972054354e+04 -3.295826081551029e+01 
 2.137962089502268e-01  1.000000000000000e+00  0.000000000000000e+00  4.932949920763674e+04 -3.333989914246222e+01 
 2.162718523727057e-01  1.000000000000000e+00  0.000000000000000e+00  4.932949868278280e+04 -3.372595662078299e+01 
 2.187761623949590e-01  1.000000000000000e+00  0.000000000000000e+00  4.932949814570349e+04 -3.411648442140568e+01 
 2.213094709605676e-01  1.000000000000000e+00  0.000000000000000e+00  4.932949759611399e+04 -3.451153430777970e+01 
 2.238721138568378e-01  1.000000000000000e+00  0.000000000000000e+00  4.932949703372292e+04 -3.491115864273151e+01 
 2.264644307593099e-01  1.000000000000000e+00  0.000000000000000e+00  4.932949645823208e+04 -3.531541039540430e+01 
 2.290867652767813e-01  1.000000000000000e+00  0.000000000000000e+00  4.932949586933637e+04 -3.572434314827841e+01 
 2.317394649968519e-01  1.000000000000000e+00  0.000000000000000e+00  4.932949526672354e+04 -3.613801110427281e+01 
 2.344228815319963e-01  1.000000000000000e+00  0.000000000000000e+00  4.932949465007404e+04 -3.655646909392866e+01 
 2.371373705661697e-01  1.000000000000000e+00  0.000000000000000e+00  4.932949401906097e+04 -3.697977258267656e+01 
 2.398832919019533e-01  1.000000000000000e+00  0.000000000000000e+00  4.932949337334971e+04 -3.740797767818722e+01 
 2.426610095082458e-01  1.000000000000000e+00  0.000000000000000e+00  4.932949271259794e+04 -3.784114113780780e+01 
 2.454708915685074e-01  1.000000000000000e+00  0.000000000000000e+00  4.932949203645529e+04 -3.827932037608397e+01 
 2.483133105295615e-01  1.000000000000000e+00  0.000000000000000e+00  4.932949134456328e+04 -3.872257347236936e+01 
 2.511886431509625e-01  1.000000000000000e+00  0.000000000000000e+00  4.932949063655506e+04 -3.917095917852270e+01 
 2.540972705549351e-01  1.000000000000000e+00  0.000000000000000e+00  4.932948991205521e+04 -3.962453692669445e+01 
 2.570395782768911e-01  1.000000000000000e+00  0.000000000000000e+00  4.932948917067963e+04 -4.008336683720346e+01 
 2.600159563165320e-01  1.000000000000000e+00  0.000000000000000e+00  4.932948841203521e+04 -4.054750972650454e+01 
 2.630267991895430e-01  1.000000000000000e+00  0.000000000000000e+00  4.932948763571972e+04 -4.101702711524861e+01 
 2.660725059798859e-01  1.000000000000000e+00  0.000000000000000e+00  4.932948684132154e+04 -4.149198123643612e+01 
 2.691534803926965e-01  1.000000000000000e+00  0.000000000000000e+00  4.932948602841949e+04 -4.197243504366455e+01 
 2.722701308077963e-01  1.000000000000000e+00  0.000000000000000e+00  4.932948519658253e+04 -4.245845221947163e+01 
 2.754228703338217e-01  1.000000000000000e+00  0.000000000000000e+00  4.932948434536963e+04 -4.295009718377523e+01 
 2.786121168629822e-01  1.000000000000000e+00  0.000000000000000e+00  4.932948347432947e+04 -4.344743510241064e+01 
 2.818382931264506e-01  1.000000000000000e+00  0.000000000000000e+00  4.932948258300021e+04 -4.395053189576688e+01 
 2.851018267503962e-01  1.000000000000000e+00  0.000000000000000e+00  4.932948167090926e+04 -4.445945424752298e+01 
 2.884031503126660e-01  1.000000000000000e+00  0.000000000000000e+00  4.932948073757300e+04 -4.497426961348515e+01 
 2.917427014001222e-01  1.000000000000000e+00  0.000000000000000e+00  4.932947978249659e+04 -4.549504623052681e+01 
 2.951209226666441e-01  1.000000000000000e+00  0.000000000000000e+00  4.932947880517365e+04 -4.602185312563120e+01 
 2.985382618918016e-01  1.000000000000000e+00  0.000000000000000e+00  4.932947780508596e+04 -4.655476012503959e+01 
 3.019951720402074e-01  1.000000000000000e+00  0.000000000000000e+00  4.932947678170328e+04 -4.709383786350473e+01 
 3.054921113215572e-01  1.000000000000000e+00  0.000000000000000e+00  4.932947573448299e+04 -4.763915779365168e+01 
 3.090295432513650e-01  1.000000000000000e+00  0.000000000000000e+00  4.932947466286985e+04 -4.819079219544694e+01 
 3.126079367124016e-01  1.000000000000000e+00  0.000000000000000e+00  4.932947356629570e+04 -4.874881418577728e+01 
 3.162277660168441e-01  1.000000000000000e+00  0.000000000000000e+00  4.932947244417910e+04 -4.931329772813905e+01 
 3.198895109691461e-01  1.000000000000000e+00  0.000000000000000e+00  4.932947129592510e+04 -4.988431764244022e+01 
 3.235936569296347e-01  1.000000000000000e+00  0.000000000000000e+00  4.932947012092488e+04 -5.046194961491537e+01 
 3.273406948788447e-01  1.000000000000000e+00  0.000000000000000e+00  4.932946891855544e+04 -5.104627020815570e+01 
 3.311311214825977e-01  1.000000000000000e+00  0.000000000000000e+00  4.932946768817928e+04 -5.163735687125509e+01 
 3.349654391578343e-01  1.000000000000000e+00  0.000000000000000e+00  4.932946642914406e+04 -5.223528795007346e+01 
 3.388441561392093e-01  1.000000000000000e+00  0.000000000000000e+00  4.932946514078220e+04 -5.284014269761901e+01 
 3.427677865464572e-01  1.000000000000000e+00  0.000000000000000e+00  4.932946382241062e+04 -5.345200128455068e+01 
 3.467368504525386e-01  1.000000000000000e+00  0.000000000000000e+00  4.932946247333026e+04 -5.407094480980189e+01 
 3.507518739525751e-01  1.000000000000000e+00  0.000000000000000e+00  4.932946109282588e+04 -5.469705531132784e+01 
 3.548133892335826e-01  1.000000000000000e+00  0.000000000000000e+00  4.932945968016548e+04 -5.533041577697615e+01 
 3.589219346450125e-01  1.000000000000000e+00  0.000000000000000e+00  4.932945823460010e+04 -5.597111015548455e+01 
 3.630780547701087e-01  1.000000000000000e+00  0.000000000000000e+00  4.932945675536326e+04 -5.661922336760469e+01 
 3.672823004980922e-01  1.000000000000000e+00  0.000000000000000e+00  4.932945524167068e+04 -5.727484131735548e+01 
 3.715352290971802e-01  1.000000000000000e+00  0.000000000000000e+00  4.932945369271973e+04 -5.793805090340638e+01 
 3.758374042884519e-01  1.000000000000000e+00  0.000000000000000e+00  4.932945210768919e+04 -5.860894003059220e+01 
 3.801893963205691e-01  1.000000000000000e+00  0.000000000000000e+00  4.932945048573864e+04 -5.928759762156167e+01 
 3.845917820453616e-01  1.000000000000000e+00  0.000000000000000e+00  4.932944882600813e+04 -5.997411362856011e+01 
 3.890451449942888e-01  1.000000000000000e+00  0.000000000000000e+00  4.932944712761765e+04 -6.066857904534917e+01 
 3.935500754557857e-01  1.000000000000000e+00  0.000000000000000e+00  4.932944538966670e+04 -6.137108591926395e+01 
 3.981071705535056e-01  1.000000000000000e+00  0.000000000000000e+00  4.932944361123379e+04 -6.208172736340990e+01 
 4.027170343254676e-01  1.000000000000000e+00  0.000000000000000e+00  4.932944179137600e+04 -6.280059756900069e+01 
 4.073802778041214e-01  1.000000000000000e+00  0.000000000000000e+00  4.932943992912842e+04 -6.352779181783917e+01 
 4.120975190973390e-01  1.000000000000000e+00  0.000000000000000e+00  4.932943802350364e+04 -6.426340649494210e+01 
 4.168693834703443e-01  1.000000000000000e+00  0.000000000000000e+00  4.932943607349131e+04 -6.500753910131178e+01 
 4.216965034285913e-01  1.000000000000000e+00  0.000000000000000e+00  4.932943407805754e+04 -6.576028826685483e+01 
 4.265795188016018e-01  1.000000000000000e+00  0.000000000000000e+00  4.932943203614430e+04 -6.652175376345042e+01 
 4.315190768277745e-01  1.000000000000000e+00  0.000000000000000e+00  4.932942994666896e+04 -6.729203651817039e+01 
 4.365158322401754e-01  1.000000000000000e+00  0.000000000000000e+00  4.932942780852369e+04 -6.807123862665135e+01 
 4.415704473533221e-01  1.000000000000000e+00  0.000000000000000e+00  4.932942562057480e+04 -6.885946336662217e+01 
 4.466835921509728e-01  1.000000000000000e+00  0.000000000000000e+00  4.932942338166223e+04 -6.965681521158784e+01 
 4.518559443749322e-01  1.000000000000000e+00  0.000000000000000e+00  4.932942109059890e+04 -7.046339984467150e+01 
 4.570881896148850e-01  1.000000000000000e+00  0.000000000000000e+00  4.932941874617008e+04 -7.127932417261657e+01 
 4.623810213992704e-01  1.000000000000000e+00  0.000000000000000e+00  4.932941634713271e+04 -7.210469633995092e+01 
 4.677351412872084e-01  1.000000000000000e+00  0.000000000000000e+00  4.932941389221483e+04 -7.293962574331523e+01 
 4.731512589614909e-01  1.000000000000000e+00  0.000000000000000e+00  4.932941138011482e+04 -7.378422304595635e+01 
 4.786300923226489e-01  1.000000000000000e+00  0.000000000000000e+00  4.932940880950075e+04 -7.463860019238909e+01 
 4.841723675841101e-01  1.000000000000000e+00  0.000000000000000e+00  4.932940617900965e+04 -7.550287042322711e+01 
 4.897788193684571e-01  1.000000000000000e+00  0.000000000000000e+00  4.932940348724685e+04 -7.637714829018547e+01 
 4.954501908048012e-01  1.000000000000000e+00  0.000000000000000e+00  4.932940073278514e+04 -7.726154967125673e+01 
 5.011872336272835e-01  1.000000000000000e+00  0.000000000000000e+00  4.932939791416410e+04 -7.815619178606273e+01 
 5.069907082747157e-01  1.000000000000000e+00  0.000000000000000e+00  4.932939502988927e+04 -7.906119321138358e+01 
 5.128613839913764e-01  1.000000000000000e+00  0.000000000000000e+00  4.932939207843140e+04 -7.997667389686671e+01 
 5.188000389289728e-01  1.000000000000000e+00  0.000000000000000e+00  4.932938905822560e+04 -8.090275518091707e+01 
 5.248074602497844e-01  1.000000000000000e+00  0.000000000000000e+00  4.932938596767055e+04 -8.183955980677165e+01 
 5.308844442310003e-01  1.000000000000000e+00  0.000000000000000e+00  4.932938280512764e+04 -8.278721193875930e+01 
 5.370317963702649e-01  1.000000000000000e+00  0.000000000000000e+00  4.932937956892004e+04 -8.374583717874916e+01 
 5.432503314924455e-01  1.000000000000000e+00  0.000000000000000e+00  4.932937625733195e+04 -8.471556258278899e+01 
 5.495408738576371e-01  1.000000000000000e+00  0.000000000000000e+00  4.932937286860754e+04 -8.569651667793595e+01 
 5.559042572704163e-01  1.000000000000000e+00  0.000000000000000e+00  4.932936940095004e+04 -8.668882947928171e+01 
 5.623413251903620e-01  1.000000000000000e+00  0.000000000000000e+00  4.932936585252091e+04 -8.769263250717506e+01 
 5.688529308438545e-01  1.000000000000000e+00  0.000000000000000e+00  4.932936222143880e+04 -8.870805880464340e+01 
 5.754399373371701e-01  1.000000000000000e+00  0.000000000000000e+00  4.932935850577849e+04 -8.973524295501511e+01 
 5.821032177708848e-01  1.000000000000000e+00  0.000000000000000e+00  4.932935470356991e+04 -9.077432109974617e+01 
 5.888436553556026e-01  1.000000000000000e+00  0.000000000000000e+00  4.932935081279711e+04 -9.182543095645327e+01 
 5.956621435290242e-01  1.000000000000000e+00  0.000000000000000e+00  4.932934683139721e+04 -9.288871183715435e+01 
 6.025595860743718e-01  1.000000000000000e+00  0.000000000000000e+00  4.932934275725926e+04 -9.396430466672096e+01 
 6.095368972401833e-01  1.000000000000000e+00  0.000000000000000e+00  4.932933858822315e+04 -9.505235200154348e+01 
 6.165950018614965e-01  1.000000000000000e+00  0.000000000000000e+00  4.932933432207842e+04 -9.615299804841194e+01 
 6.237348354824338e-01  1.000000000000000e+00  0.000000000000000e+00  4.932932995656320e+04 -9.726638868361584e+01 
 6.309573444802080e-01  1.000000000000000e+00  0.000000000000000e+00  4.932932548936283e+04 -9.839267147226356e+01 
 6.382634861905636e-01  1.000000000000000e+00  0.000000000000000e+00  4.932932091810888e+04 -9.953199568782630e+01 
 6.456542290346706e-01  1.000000000000000e+00  0.000000000000000e+00  4.932931624037760e+04 -1.006845123319067e+02 
 6.531305526474876e-01  1.000000000000000e+00  0.000000000000000e+00  4.932931145368890e+04 -1.018503741542372e+02 
 6.606934480076115e-01  1.000000000000000e+00  0.000000000000000e+00  4.932930655550482e+04 -1.030297356729083e+02 
 6.683439175686303e-01  1.000000000000000e+00  0.000000000000000e+00  4.932930154322842e+04 -1.042227531948316e+02 
 6.760829753919977e-01  1.000000000000000e+00  0.000000000000000e+00  4.932929641420214e+04 -1.054295848364379e+02 
 6.839116472814455e-01  1.000000000000000e+00  0.000000000000000e+00  4.932929116570662e+04 -1.066503905446169e+02 
 6.918309709189528e-01  1.000000000000000e+00  0.000000000000000e+00  4.932928579495905e+04 -1.078853321178956e+02 
 6.998419960022901e-01  1.000000000000000e+00  0.000000000000000e+00  4.932928029911193e+04 -1.091345732278643e+02 
 7.079457843841548e-01  1.000000000000000e+00  0.000000000000000e+00  4.932927467525136e+04 -1.103982794408488e+02 
 7.161434102129192e-01  1.000000000000000e+00  0.000000000000000e+00  4.932926892039557e+04 -1.116766182398322e+02 
 7.244359600750074e-01  1.000000000000000e+00  0.000000000000000e+00  4.932926303149336e+04 -1.129697590466321e+02 
 7.328245331389217e-01  1.000000000000000e+00  0.000000000000000e+00  4.932925700542244e+04 -1.142778732443318e+02 
 7.413102413009354e-01  1.000000000000000e+00  0.000000000000000e+00  4.932925083898785e+04 -1.156011341999718e+02 
 7.498942093324740e-01  1.000000000000000e+00  0.000000000000000e+00  4.932924452892011e+04 -1.169397172875030e+02 
 7.585775750292022e-01  1.000000000000000e+00  0.000000000000000e+00  4.932923807187369e+04 -1.182937999110051e+02 
 7.673614893618377e-01  1.000000000000000e+00  0.000000000000000e+00  4.932923146442512e+04 -1.196635615281736e+02 
 7.762471166287107e-01  1.000000000000000e+00  0.000000000000000e+00  4.932922470307111e+04 -1.210491836740762e+02 
 7.852356346100910e-01  1.000000000000000e+00  0.000000000000000e+00  4.932921778422683e+04 -1.224508499851861e+02 
 7.943282347243010e-01  1.000000000000000e+00  0.000000000000000e+00  4.932921070422399e+04 -1.238687462236911e+02 
 8.035261221856370e-01  1.000000000000000e+00  0.000000000000000e+00  4.932920345930881e+04 -1.253030603020836e+02 
 8.128305161641193e-01  1.000000000000000e+00  0.000000000000000e+00  4.932919604564006e+04 -1.267539823080348e+02 
 8.222426499470915e-01  1.000000000000000e+00  0.000000000000000e+00  4.932918845928711e+04 -1.282217045295560e+02 
 8.317637711026916e-01  1.000000000000000e+00  0.000000000000000e+00  4.932918069622770e+04 -1.297064214804499e+02 
 8.413951416452160e-01  1.000000000000000e+00  0.000000000000000e+00  4.932917275234596e+04 -1.312083299260563e+02 
 8.511380382023976e-01  1.000000000000000e+00  0.000000000000000e+00  4.932916462343006e+04 -1.327276289092944e+02 
 8.609937521846222e-01  1.000000000000000e+00  0.000000000000000e+00  4.932915630517018e+04 -1.342645197770061e+02 
 8.709635899561025e-01  1.000000000000000e+00  0.000000000000000e+00  4.932914779315603e+04 -1.358192062066029e+02 
 8.810488730080362e-01  1.000000000000000e+00  0.000000000000000e+00  4.932913908287463e+04 -1.373918942330202e+02 
 8.912509381337680e-01  1.000000000000000e+00  0.000000000000000e+00  4.932913016970793e+04 -1.389827922759833e+02 
 9.015711376059796e-01  1.000000000000000e+00  0.000000000000000e+00  4.932912104893022e+04 -1.405921111675868e+02 
 9.120108393559329e-01  1.000000000000000e+00  0.000000000000000e+00  4.932911171570579e+04 -1.422200641801933e+02 
 9.225714271547866e-01  1.000000000000000e+00  0.000000000000000e+00  4.932910216508630e+04 -1.438668670546532e+02 
 9.332543007970148e-01  1.000000000000000e+00  0.000000000000000e+00  4.932909239200813e+04 -1.455327380288499e+02 
 9.440608762859475e-01  1.000000000000000e+00  0.000000000000000e+00  4.932908239128975e+04 -1.472178978665751e+02 
 9.549925860214604e-01  1.000000000000000e+00  0.000000000000000e+00  4.932907215762891e+04 -1.489225698867355e+02 
 9.660508789898382e-01  1.000000000000000e+00  0.000000000000000e+00  4.932906168559985e+04 -1.506469799928979e+02 
 9.772372209558359e-01  1.000000000000000e+00  0.000000000000000e+00  4.932905096965053e+04 -1.523913567031738e+02 
 9.885530946569644e-01  1.000000000000000e+00  0.000000000000000e+00  4.932904000409950e+04 -1.541559311804493e+02 
 1.000000000000026e+00  1.000000000000000e+00  0.000000000000000e+00  4.932902878313301e+04 -1.559409372629621e+02 
 1.011579454259925e+00  1.000000000000000e+00  0.000000000000000e+00  4.932901730080192e+04 -1.577466114952333e+02 
 1.023292992280781e+00  1.000000000000000e+00  0.000000000000000e+00  4.932900555101853e+04 -1.595731931593527e+02 
 1.035142166679371e+00  1.000000000000000e+00  0.000000000000000e+00  4.932899352755331e+04 -1.614209243066271e+02 
 1.047128548050927e+00  1.000000000000000e+00  0.000000000000000e+00  4.932898122403168e+04 -1.632900497895921e+02 
 1.059253725177317e+00  1.000000000000000e+00  0.000000000000000e+00  4.932896863393057e+04 -1.651808172943921e+02 
 1.071519305237635e+00  1.000000000000000e+00  0.000000000000000e+00  4.932895575057498e+04 -1.670934773735349e+02 
 1.083926914021232e+00  1.000000000000000e+00  0.000000000000000e+00  4.932894256713444e+04 -1.690282834790221e+02 
 1.096478196143214e+00  1.000000000000000e+00  0.000000000000000e+00  4.932892907661944e+04 -1.709854919958619e+02 
 1.109174815262431e+00  1.000000000000000e+00  0.000000000000000e+00  4.932891527187763e+04 -1.729653622759667e+02 
 1.122018454301993e+00  1.000000000000000e+00  0.000000000000000e+00  4.932890114559008e+04 -1.749681566724427e+02 
 1.135010815672345e+00  1.000000000000000e+00  0.000000000000000e+00  4.932888669026733e+04 -1.769941405742723e+02 
 1.148153621496913e+00  1.000000000000000e+00  0.000000000000000e+00  4.932887189824568e+04 -1.790435824413974e+02 
 1.161448613840374e+00  1.000000000000000e+00  0.000000000000000e+00  4.932885676168277e+04 -1.811167538402050e+02 
 1.174897554939561e+00  1.000000000000000e+00  0.000000000000000e+00  4.932884127255360e+04 -1.832139294794216e+02 
 1.188502227437050e+00  1.000000000000000e+00  0.000000000000000e+00  4.932882542264635e+04 -1.853353872464218e+02 
 1.202264434617445e+00  1.000000000000000e+00  0.000000000000000e+00  4.932880920355787e+04 -1.874814082439520e+02 
 1.216186000646401e+00  1.000000000000000e+00  0.000000000000000e+00  4.932879260668936e+04 -1.896522768272789e+02 
 1.230268770812415e+00  1.000000000000000e+00  0.000000000000000e+00  4.932877562324165e+04 -1.918482806417637e+02 
 1.244514611771419e+00  1.000000000000000e+00  0.000000000000000e+00  4.932875824421075e+04 -1.940697106608691e+02 
 1.258925411794201e+00  1.000000000000000e+00  0.000000000000000e+00  4.932874046038288e+04 -1.963168612246027e+02 
 1.273503081016697e+00  1.000000000000000e+00  0.000000000000000e+00  4.932872226232971e+04 -1.985900300784025e+02 
 1.288249551693169e+00  1.000000000000000e+00  0.000000000000000e+00  4.932870364040334e+04 -2.008895184124693e+02 
 1.303166778452335e+00  1.000000000000000e+00  0.000000000000000e+00  4.932868458473114e+04 -2.032156309015508e+02 
 1.318256738556443e+00  1.000000000000000e+00  0.000000000000000e+00  4.932866508521055e+04 -2.055686757451830e+02 
 1.333521432163361e+00  1.000000000000000e+00  0.000000000000000e+00  4.932864513150373e+04 -2.079489647083931e+02 
 1.348962882591691e+00  1.000000000000000e+00  0.000000000000000e+00  4.932862471303209e+04 -2.103568131628714e+02 
 1.364583136588962e+00  1.000000000000000e+00  0.000000000000000e+00  4.932860381897065e+04 -2.127925401286136e+02 
 1.380384264602923e+00  1.000000000000000e+00  0.000000000000000e+00  4.932858243824230e+04 -2.152564683160428e+02 
 1.396368361055977e+00  1.000000000000000e+00  0.000000000000000e+00  4.932856055951204e+04 -2.177489241686148e+02 
 1.412537544622794e+00  1.000000000000000e+00  0.000000000000000e+00  4.932853817118074e+04 -2.202702379059105e+02 
 1.428893958511143e+00  1.000000000000000e+00  0.000000000000000e+00  4.932851526137925e+04 -2.228207435672257e+02 
 1.445439770745968e+00  1.000000000000000e+00  0.000000000000000e+00  4.932849181796198e+04 -2.254007790556580e+02 
 1.462177174456759e+00  1.000000000000000e+00  0.000000000000000e+00  4.932846782850043e+04 -2.280106861827000e+02 
 1.479108388168249e+00  1.000000000000000e+00  0.000000000000000e+00  4.932844328027666e+04 -2.306508107133446e+02 
 1.496235656094476e+00  1.000000000000000e+00  0.000000000000000e+00  4.932841816027665e+04 -2.333215024117072e+02 
 1.513561248436251e+00  1.000000000000000e+00  0.000000000000000e+00  4.932839245518312e+04 -2.360231150871677e+02 
 1.531087461682074e+00  1.000000000000000e+00  0.000000000000000e+00  4.932836615136878e+04 -2.387560066410460e+02 
 1.548816618912526e+00  1.000000000000000e+00  0.000000000000000e+00  4.932833923488895e+04 -2.415205391138083e+02 
 1.566751070108194e+00  1.000000000000000e+00  0.000000000000000e+00  4.932831169147415e+04 -2.443170787328143e+02 
 1.584893192461159e+00  1.000000000000000e+00  0.000000000000000e+00  4.932828350652268e+04 -2.471459959606133e+02 
 1.603245390690088e+00  1.000000000000000e+00  0.000000000000000e+00  4.932825466509266e+04 -2.500076655437898e+02 
 1.621810097358977e+00  1.000000000000000e+00  0.000000000000000e+00  4.932822515189436e+04 -2.529024665623699e+02 
 1.640589773199587e+00  1.000000000000000e+00  0.000000000000000e+00  4.932819495128192e+04 -2.558307824797922e+02 
 1.659586907437609e+00  1.000000000000000e+00  0.000000000000000e+00  4.932816404724514e+04 -2.587930011934506e+02 
 1.678804018122609e+00  1.000000000000000e+00  0.000000000000000e+00  4.932813242340093e+04 -2.617895150858125e+02 
 1.698243652461794e+00  1.000000000000000e+00  0.000000000000000e+00  4.932810006298475e+04 -2.648207210761253e+02 
 1.717908387157638e+00  1.000000000000000e+00  0.000000000000000e+00  4.932806694884160e+04 -2.678870206727089e+02 
 1.737800828749426e+00  1.000000000000000e+00  0.000000000000000e+00  4.932803306341698e+04 -2.709888200258486e+02 
 1.757923613958744e+00  1.000000000000000e+00  0.000000000000000e+00  4.932799838874763e+04 -2.741265299812903e+02 
 1.778279410038975e+00  1.000000000000000e+00  0.000000000000000e+00  4.932796290645194e+04 -2.773005661343466e+02 
 1.798870915128841e+00  1.000000000000000e+00  0.000000000000000e+00  4.932792659772025e+04 -2.805113488846201e+02 
 1.819700858610037e+00  1.000000000000000e+00  0.000000000000000e+00  4.932788944330488e+04 -2.837593034913504e+02 
 1.840772001469010e+00  1.000000000000000e+00  0.000000000000000e+00  4.932785142350994e+04 -2.870448601293926e+02 
 1.862087136662923e+00  1.000000000000000e+00  0.000000000000000e+00  4.932781251818089e+04 -2.903684539458337e+02 
 1.883649089489857e+00  1.000000000000000e+00  0.000000000000000e+00  4.932777270669383e+04 -2.937305251172520e+02 
 1.905460717963304e+00  1.000000000000000e+00  0.000000000000000e+00  4.932773196794464e+04 -2.971315189076324e+02 
 1.927524913190994e+00  1.000000000000000e+00  0.000000000000000e+00  4.932769028033772e+04 -3.005718857269364e+02 
 1.949844599758104e+00  1.000000000000000e+00  0.000000000000000e+00  4.932764762177467e+04 -3.040520811903423e+02 
 1.972422736114913e+00  1.000000000000000e+00  0.000000000000000e+00  4.932760396964240e+04 -3.075725661781560e+02 
 1.995262314968940e+00  1.000000000000000e+00  0.000000000000000e+00  4.932755930080131e+04 -3.111338068964046e+02 
 2.018366363681622e+00  1.000000000000000e+00  0.000000000000000e+00  4.932751359157303e+04 -3.147362749381194e+02 
 2.041737944669591e+00  1.000000000000000e+00  0.000000000000000e+00  4.932746681772769e+04 -3.183804473453113e+02 
 2.065380155810592e+00  1.000000000000000e+00  0.000000000000000e+00  4.932741895447140e+04 -3.220668066716548e+02 
 2.089296130854103e+00  1.000000000000000e+00  0.000000000000000e+00  4.932736997643282e+04 -3.257958410458784e+02 
 2.113489039836711e+00  1.000000000000000e+00  0.000000000000000e+00  4.932731985764983e+04 -3.295680442358769e+02 
 2.137962089502297e+00  1.000000000000000e+00  0.000000000000000e+00  4.932726857155585e+04 -3.333839157135500e+02 
 2.162718523727087e+00  1.000000000000000e+00  0.000000000000000e+00  4.932721609096564e+04 -3.372439607203750e+02 
 2.187761623949620e+00  1.000000000000000e+00  0.000000000000000e+00  4.932716238806108e+04 -3.411486903337226e+02 
 2.213094709605706e+00  1.000000000000000e+00  0.000000000000000e+00  4.932710743437624e+04 -3.450986215339227e+02 
 2.238721138568408e+00  1.000000000000000e+00  0.000000000000000e+00  4.932705120078236e+04 -3.490942772720880e+02 
 2.264644307593129e+00  1.000000000000000e+00  0.000000000000000e+00  4.932699365747255e+04 -3.531361865387083e+02 
 2.290867652767844e+00  1.000000000000000e+00  0.000000000000000e+00  4.932693477394586e+04 -3.572248844330147e+02 
 2.317394649968550e+00  1.000000000000000e+00  0.000000000000000e+00  4.932687451899116e+04 -3.613609122331300e+02 
 2.344228815319995e+00  1.000000000000000e+00  0.000000000000000e+00  4.932681286067066e+04 -3.655448174670114e+02 
 2.371373705661729e+00  1.000000000000000e+00  0.000000000000000e+00  4.932674976630296e+04 -3.697771539841914e+02 
 2.398832919019565e+00  1.000000000000000e+00  0.000000000000000e+00  4.932668520244570e+04 -3.740584820283283e+02 
 2.426610095082491e+00  1.000000000000000e+00  0.000000000000000e+00  4.932661913487798e+04 -3.783893683105742e+02 
 2.454708915685107e+00  1.000000000000000e+00  0.000000000000000e+00  4.932655152858213e+04 -3.827703860837697e+02 
 2.483133105295648e+00  1.000000000000000e+00  0.000000000000000e+00  4.932648234772521e+04 -3.872021152174694e+02 
 2.511886431509659e+00  1.000000000000000e+00  0.000000000000000e+00  4.932641155563998e+04 -3.916851422738177e+02 
 2.540972705549385e+00  1.000000000000000e+00  0.000000000000000e+00  4.932633911480563e+04 -3.962200605842697e+02 
 2.570395782768945e+00  1.000000000000000e+00  0.000000000000000e+00  4.932626498682771e+04 -4.008074703271778e+02 
 2.600159563165354e+00  1.000000000000000e+00  0.000000000000000e+00  4.932618913241803e+04 -4.054479786062491e+02 
 2.630267991895465e+00  1.000000000000000e+00  0.000000000000000e+00  4.932611151137367e+04 -4.101421995298775e+02 
 2.660725059798894e+00  1.000000000000000e+00  0.000000000000000e+00  4.932603208255583e+04 -4.148907542913706e+02 
 2.691534803927001e+00  1.000000000000000e+00  0.000000000000000e+00  4.932595080386796e+04 -4.196942712500690e+02 
 2.722701308077999e+00  1.000000000000000e+00  0.000000000000000e+00  4.932586763223352e+04 -4.245533860133763e+02 
 2.754228703338254e+00  1.000000000000000e+00  0.000000000000000e+00  4.932578252357320e+04 -4.294687415197047e+02 
 2.786121168629859e+00  1.000000000000000e+00  0.000000000000000e+00  4.932569543278153e+04 -4.344409881223440e+02 
 2.818382931264544e+00  1.000000000000000e+00  0.000000000000000e+00  4.932560631370307e+04 -4.394707836742710e+02 
 2.851018267504001e+00  1.000000000000000e+00  0.000000000000000e+00  4.932551511910796e+04 -4.445587936138990e+02 
 2.884031503126699e+00  1.000000000000000e+00  0.000000000000000e+00  4.932542180066695e+04 -4.497056910517860e+02 
 2.917427014001261e+00  1.000000000000000e+00  0.000000000000000e+00  4.932532630892575e+04 -4.549121568583031e+02 
 2.951209226666481e+00  1.000000000000000e+00  0.000000000000000e+00  4.932522859327888e+04 -4.601788797522806e+02 
 2.985382618918056e+00  1.000000000000000e+00  0.000000000000000e+00  4.932512860194299e+04 -4.655065563906369e+02 
 3.019951720402114e+00  1.000000000000000e+00  0.000000000000000e+00  4.932502628192936e+04 -4.708958914590002e+02 
 3.054921113215613e+00  1.000000000000000e+00  0.000000000000000e+00  4.932492157901587e+04 -4.763475977633368e+02 
 3.090295432513691e+00  1.000000000000000e+00  0.000000000000000e+00  4.932481443771839e+04 -4.818623963225888e+02 
 3.126079367124057e+00  1.000000000000000e+00  0.000000000000000e+00  4.932470480126131e+04 -4.874410164623415e+02 
 3.162277660168483e+00  1.000000000000000e+00  0.000000000000000e+00  4.932459261154762e+04 -4.930841959095195e+02 
 3.198895109691503e+00  1.000000000000000e+00  0.000000000000000e+00  4.932447780912812e+04 -4.987926808881309e+02 
 3.235936569296389e+00  1.000000000000000e+00  0.000000000000000e+00  4.932436033316996e+04 -5.045672262160641e+02 
 3.273406948788490e+00  1.000000000000000e+00  0.000000000000000e+00  4.932424012142449e+04 -5.104085954029502e+02 
 3.311311214826020e+00  1.000000000000000e+00  0.000000000000000e+00  4.932411711019433e+04 -5.163175607491004e+02 
 3.349654391578388e+00  1.000000000000000e+00  0.000000000000000e+00  4.932399123429965e+04 -5.222949034455295e+02 
 3.388441561392138e+00  1.000000000000000e+00  0.000000000000000e+00  4.932386242704386e+04 -5.283414136750762e+02 
 3.427677865464617e+00  1.000000000000000e+00  0.000000000000000e+00  4.932373062017805e+04 -5.344578907146265e+02 
 3.467368504525432e+00  1.000000000000000e+00  0.000000000000000e+00  4.932359574386517e+04 -5.406451430384595e+02 
 3.507518739525797e+00  1.000000000000000e+00  0.000000000000000e+00  4.932345772664297e+04 -5.469039884227177e+02 
 3.548133892335873e+00  1.000000000000000e+00  0.000000000000000e+00  4.932331649538627e+04 -5.532352540510171e+02 
 3.589219346450172e+00  1.000000000000000e+00  0.000000000000000e+00  4.932317197526824e+04 -5.596397766212044e+02 
 3.630780547701135e+00  1.000000000000000e+00  0.000000000000000e+00  4.932302408972091e+04 -5.661184024532774e+02 
 3.672823004980970e+00  1.000000000000000e+00  0.000000000000000e+00  4.932287276039473e+04 -5.726719875984737e+02 
 3.715352290971850e+00  1.000000000000000e+00  0.000000000000000e+00  4.932271790711693e+04 -5.793013979495395e+02 
 3.758374042884568e+00  1.000000000000000e+00  0.000000000000000e+00  4.932255944784954e+04 -5.860075093521980e+02 
 3.801893963205740e+00  1.000000000000000e+00  0.000000000000000e+00  4.932239729864563e+04 -5.927912077178082e+02 
 3.845917820453665e+00  1.000000000000000e+00  0.000000000000000e+00  4.932223137360518e+04 -5.996533891372497e+02 
 3.890451449942937e+00  1.000000000000000e+00  0.000000000000000e+00  4.932206158482976e+04 -6.065949599960283e+02 
 3.935500754557907e+00  1.000000000000000e+00  0.000000000000000e+00  4.932188784237579e+04 -6.136168370906108e+02 
 3.981071705535107e+00  1.000000000000000e+00  0.000000000000000e+00  4.932171005420732e+04 -6.207199477460179e+02 
 4.027170343254728e+00  1.000000000000000e+00  0.000000000000000e+00  4.932152812614722e+04 -6.279052299346658e+02 
 4.073802778041266e+00  1.000000000000000e+00  0.000000000000000e+00  4.932134196182757e+04 -6.351736323964815e+02 
 4.120975190973442e+00  1.000000000000000e+00  0.000000000000000e+00  4.932115146263866e+04 -6.425261147602916e+02 
 4.168693834703496e+00  1.000000000000000e+00  0.000000000000000e+00  4.932095652767697e+04 -6.499636476665097e+02 
 4.216965034285966e+00  1.000000000000000e+00  0.000000000000000e+00  4.932075705369185e+04 -6.574872128911147e+02 
 4.265795188016072e+00  1.000000000000000e+00  0.000000000000000e+00  4.932055293503102e+04 -6.650978034709524e+02 
 4.315190768277799e+00  1.000000000000000e+00  0.000000000000000e+00  4.932034406358479e+04 -6.727964238303497e+02 
 4.365158322401808e+00  1.000000000000000e+00  0.000000000000000e+00  4.932013032872893e+04 -6.805840899090688e+02 
 4.415704473533276e+00  1.000000000000000e+00  0.000000000000000e+00  4.931991161726637e+04 -6.884618292916053e+02 
 4.466835921509784e+00  1.000000000000000e+00  0.000000000000000e+00  4.931968781336745e+04 -6.964306813378381e+02 
 4.518559443749378e+00  1.000000000000000e+00  0.000000000000000e+00  4.931945879850866e+04 -7.044916973150506e+02 
 4.570881896148907e+00  1.000000000000000e+00  0.000000000000000e+00  4.931922445141021e+04 -7.126459405313217e+02 
 4.623810213992762e+00  1.000000000000000e+00  0.000000000000000e+00  4.931898464797203e+04 -7.208944864703125e+02 
 4.677351412872143e+00  1.000000000000000e+00  0.000000000000000e+00  4.931873926120824e+04 -7.292384229274442e+02 
 4.731512589614969e+00  1.000000000000000e+00  0.000000000000000e+00  4.931848816118020e+04 -7.376788501474858e+02 
 4.786300923226550e+00  1.000000000000000e+00  0.000000000000000e+00  4.931823121492800e+04 -7.462168809635634e+02 
 4.841723675841163e+00  1.000000000000000e+00  0.000000000000000e+00  4.931796828640030e+04 -7.548536409375981e+02 
 4.897788193684633e+00  1.000000000000000e+00  0.000000000000000e+00  4.931769923638254e+04 -7.635902685021740e+02 
 4.954501908048075e+00  1.000000000000000e+00  0.000000000000000e+00  4.931742392242366e+04 -7.724279151038742e+02 
 5.011872336272899e+00  1.000000000000000e+00  0.000000000000000e+00  4.931714219876087e+04 -7.813677453480568e+02 
 5.069907082747222e+00  1.000000000000000e+00  0.000000000000000e+00  4.931685391624289e+04 -7.904109371451127e+02 
 5.128613839913830e+00  1.000000000000000e+00  0.000000000000000e+00  4.931655892225130e+04 -7.995586818581982e+02 
 5.188000389289795e+00  1.000000000000000e+00  0.000000000000000e+00  4.931625706062019e+04 -8.088121844524560e+02 
 5.248074602497912e+00  1.000000000000000e+00  0.000000000000000e+00  4.931594817155381e+04 -8.181726636457378e+02 
 5.308844442310072e+00  1.000000000000000e+00  0.000000000000000e+00  4.931563209154233e+04 -8.276413520608271e+02 
 5.370317963702719e+00  1.000000000000000e+00  0.000000000000000e+00  4.931530865327582e+04 -8.372194963791871e+02 
 5.432503314924526e+00  1.000000000000000e+00  0.000000000000000e+00  4.931497768555611e+04 -8.469083574962310e+02 
 5.495408738576442e+00  1.000000000000000e+00  0.000000000000000e+00  4.931463901320657e+04 -8.567092106781216e+02 
 5.559042572704235e+00  1.000000000000000e+00  0.000000000000000e+00  4.931429245697997e+04 -8.666233457201248e+02 
 5.623413251903693e+00  1.000000000000000e+00  0.000000000000000e+00  4.931393783346400e+04 -8.766520671065019e+02 
 5.688529308438619e+00  1.000000000000000e+00  0.000000000000000e+00  4.931357495498498e+04 -8.867966941719732e+02 
 5.754399373371777e+00  1.000000000000000e+00  0.000000000000000e+00  4.931320362950869e+04 -8.970585612647357e+02 
 5.821032177708925e+00  1.000000000000000e+00  0.000000000000000e+00  4.931282366053981e+04 -9.074390179110716e+02 
 5.888436553556103e+00  1.000000000000000e+00  0.000000000000000e+00  4.931243484701814e+04 -9.179394289815208e+02 
 5.956621435290320e+00  1.000000000000000e+00  0.000000000000000e+00  4.931203698321315e+04 -9.285611748586614e+02 
 6.025595860743796e+00  1.000000000000000e+00  0.000000000000000e+00  4.931162985861558e+04 -9.393056516064673e+02 
 6.095368972401913e+00  1.000000000000000e+00  0.000000000000000e+00  4.931121325782696e+04 -9.501742711412832e+02 
 6.165950018615046e+00  1.000000000000000e+00  0.000000000000000e+00  4.931078696044614e+04 -9.611684614043963e+02 
 6.237348354824420e+00  1.000000000000000e+00  0.000000000000000e+00  4.931035074095381e+04 -9.722896665362359e+02 
 6.309573444802163e+00  1.000000000000000e+00  0.000000000000000e+00  4.930990436859356e+04 -9.835393470521709e+02 
 6.382634861905720e+00  1.000000000000000e+00  0.000000000000000e+00  4.930944760725112e+04 -9.949189800199541e+02 
 6.456542290346791e+00  1.000000000000000e+00  0.000000000000000e+00  4.930898021532995e+04 -1.006430059238776e+03 
 6.531305526474962e+00  1.000000000000000e+00  0.000000000000000e+00  4.930850194562470e+04 -1.018074095419967e+03 
 6.606934480076202e+00  1.000000000000000e+00  0.000000000000000e+00  4.930801254519120e+04 -1.029852616369320e+03 
 6.683439175686391e+00  1.000000000000000e+00  0.000000000000000e+00  4.930751175521380e+04 -1.041767167171063e+03 
 6.760829753920065e+00  1.000000000000000e+00  0.000000000000000e+00  4.930699931086959e+04 -1.053819310373469e+03 
 6.839116472814544e+00  1.000000000000000e+00  0.000000000000000e+00  4.930647494118944e+04 -1.066010626176111e+03 
 6.918309709189619e+00  1.000000000000000e+00  0.000000000000000e+00  4.930593836891589e+04 -1.078342712618756e+03 
 6.998419960022992e+00  1.000000000000000e+00  0.000000000000000e+00  4.930538931035768e+04 -1.090817185771910e+03 
 7.079457843841640e+00  1.000000000000000e+00  0.000000000000000e+00  4.930482747524124e+04 -1.103435679929011e+03 
 7.161434102129284e+00  1.000000000000000e+00  0.000000000000000e+00  4.930425256655845e+04 -1.116199847800258e+03 
 7.244359600750168e+00  1.000000000000000e+00  0.000000000000000e+00  4.930366428041101e+04 -1.129111360708094e+03 
 7.328245331389311e+00  1.000000000000000e+00  0.000000000000000e+00  4.930306230585126e+04 -1.142171908784320e+03 
 7.413102413009449e+00  1.000000000000000e+00  0.000000000000000e+00  4.930244632471952e+04 -1.155383201168863e+03 
 7.498942093324836e+00  1.000000000000000e+00  0.000000000000000e+00  4.930181601147731e+04 -1.168746966210162e+03 
 7.585775750292119e+00  1.000000000000000e+00  0.000000000000000e+00  4.930117103303719e+04 -1.182264951667204e+03 
 7.673614893618475e+00  1.000000000000000e+00  0.000000000000000e+00  4.930051104858841e+04 -1.195938924913177e+03 
 7.762471166287207e+00  1.000000000000000e+00  0.000000000000000e+00  4.929983570941869e+04 -1.209770673140738e+03 
 7.852356346101011e+00  1.000000000000000e+00  0.000000000000000e+00  4.929914465873186e+04 -1.223762003568909e+03 
 7.943282347243112e+00  1.000000000000000e+00  0.000000000000000e+00  4.929843753146155e+04 -1.237914743651572e+03 
 8.035261221856475e+00  1.000000000000000e+00  0.000000000000000e+00  4.929771395408021e+04 -1.252230741287554e+03 
 8.128305161641299e+00  1.000000000000000e+00  0.000000000000000e+00  4.929697354440427e+04 -1.266711865032316e+03 
 8.222426499471021e+00  1.000000000000000e+00  0.000000000000000e+00  4.929621591139442e+04 -1.281360004311200e+03 
 8.317637711027023e+00  1.000000000000000e+00  0.000000000000000e+00  4.929544065495160e+04 -1.296177069634253e+03 
 8.413951416452269e+00  1.000000000000000e+00  0.000000000000000e+00  4.929464736570822e+04 -1.311164992812595e+03 
 8.511380382024088e+00  1.000000000000000e+00  0.000000000000000e+00  4.929383562481480e+04 -1.326325727176330e+03 
 8.609937521846334e+00  1.000000000000000e+00  0.000000000000000e+00  4.929300500372138e+04 -1.341661247793966e+03 
 8.709635899561137e+00  1.000000000000000e+00  0.000000000000000e+00  4.929215506395443e+04 -1.357173551693348e+03 
 8.810488730080476e+00  1.000000000000000e+00  0.000000000000000e+00  4.929128535688831e+04 -1.372864658084076e+03 
 8.912509381337795e+00  1.000000000000000e+00  0.000000000000000e+00  4.929039542351173e+04 -1.388736608581376e+03 
 9.015711376059913e+00  1.000000000000000e+00  0.000000000000000e+00  4.928948479418884e+04 -1.404791467431426e+03 
 9.120108393559446e+00  1.000000000000000e+00  0.000000000000000e+00  4.928855298841495e+04 -1.421031321738102e+03 
 9.225714271547986e+00  1.000000000000000e+00  0.000000000000000e+00  4.928759951456655e+04 -1.437458281691102e+03 
 9.332543007970269e+00  1.000000000000000e+00  0.000000000000000e+00  4.928662386964598e+04 -1.454074480795462e+03 
 9.440608762859597e+00  1.000000000000000e+00  0.000000000000000e+00  4.928562553901990e+04 -1.470882076102393e+03 
 9.549925860214728e+00  1.000000000000000e+00  0.000000000000000e+00  4.928460399615220e+04 -1.487883248441443e+03 
 9.660508789898508e+00  1.000000000000000e+00  0.000000000000000e+00  4.928355870233069e+04 -1.505080202653924e+03 
 9.772372209558485e+00  1.000000000000000e+00  0.000000000000000e+00  4.928248910638758e+04 -1.522475167827591e+03 
 9.885530946569771e+00  1.000000000000000e+00  0.000000000000000e+00  4.928139464441381e+04 -1.540070397532526e+03 
 1.000000000000039e+01  1.000000000000000e+00  0.000000000000000e+00  4.928027473946671e+04 -1.557868170058197e+03 
 1.011579454259938e+01  1.000000000000000e+00  0.000000000000000e+00  4.927912880127125e+04 -1.575870788651637e+03 
 1.023292992280794e+01  1.000000000000000e+00  0.000000000000000e+00  4.927795622591452e+04 -1.594080581756718e+03 
 1.035142166679384e+01  1.000000000000000e+00  0.000000000000000e+00  4.927675639553320e+04 -1.612499903254464e+03 
 1.047128548050940e+01  1.000000000000000e+00  0.000000000000000e+00  4.927552867799409e+04 -1.631131132704356e+03 
 1.059253725177330e+01  1.000000000000000e+00  0.000000000000000e+00  4.927427242656758e+04 -1.649976675586584e+03 
 1.071519305237648e+01  1.000000000000000e+00  0.000000000000000e+00  4.927298697959348e+04 -1.669038963545182e+03 
 1.083926914021246e+01  1.000000000000000e+00  0.000000000000000e+00  4.927167166013968e+04 -1.688320454632017e+03 
 1.096478196143228e+01  1.000000000000000e+00  0.000000000000000e+00  4.927032577565293e+04 -1.707823633551531e+03 
 1.109174815262445e+01  1.000000000000000e+00  0.000000000000000e+00  4.926894861760177e+04 -1.727551011906213e+03 
 1.122018454302007e+01  1.000000000000000e+00  0.000000000000000e+00  4.926753946111172e+04 -1.747505128442716e+03 
 1.135010815672360e+01  1.000000000000000e+00  0.000000000000000e+00  4.926609756459206e+04 -1.767688549298565e+03 
 1.148153621496928e+01  1.000000000000000e+00  0.000000000000000e+00  4.926462216935430e+04 -1.788103868249354e+03 
 1.161448613840389e+01  1.000000000000000e+00  0.000000000000000e+00  4.926311249922233e+04 -1.808753706956411e+03 
 1.174897554939576e+01  1.000000000000000e+00  0.000000000000000e+00  4.926156776013361e+04 -1.829640715214799e+03 
 1.188502227437065e+01  1.000000000000000e+00  0.000000000000000e+00  4.925998713973162e+04 -1.850767571201599e+03 
 1.202264434617461e+01  1.000000000000000e+00  0.000000000000000e+00  4.925836980694927e+04 -1.872136981724381e+03 
 1.216186000646416e+01  1.000000000000000e+00  0.000000000000000e+00  4.925671491158297e+04 -1.893751682469789e+03 
 1.230268770812430e+01  1.000000000000000e+00  0.000000000000000e+00  4.925502158385725e+04 -1.915614438252109e+03 
 1.244514611771434e+01  1.000000000000000e+00  0.000000000000000e+00  4.925328893397983e+04 -1.937728043261770e+03 
 1.258925411794217e+01  1.000000000000000e+00  0.000000000000000e+00  4.925151605168657e+04 -1.960095321313632e+03 
 1.273503081016712e+01  1.000000000000000e+00  0.000000000000000e+00  4.924970200577682e+04 -1.982719126094986e+03 
 1.288249551693185e+01  1.000000000000000e+00  0.000000000000000e+00  4.924784584363790e+04 -2.005602341413122e+03 
 1.303166778452351e+01  1.000000000000000e+00  0.000000000000000e+00  4.924594659075971e+04 -2.028747881442395e+03 
 1.318256738556460e+01  1.000000000000000e+00  0.000000000000000e+00  4.924400325023806e+04 -2.052158690970602e+03 
 1.333521432163377e+01  1.000000000000000e+00  0.000000000000000e+00  4.924201480226758e+04 -2.075837745644611e+03 
 1.348962882591708e+01  1.000000000000000e+00  0.000000000000000e+00  4.923998020362313e+04 -2.099788052215054e+03 
 1.364583136588979e+01  1.000000000000000e+00  0.000000000000000e+00  4.923789838712997e+04 -2.124012648779984e+03 
 1.380384264602940e+01  1.000000000000000e+00  0.000000000000000e+00  4.923576826112233e+04 -2.148514605027320e+03 
 1.396368361055994e+01  1.000000000000000e+00  0.000000000000000e+00  4.923358870889011e+04 -2.173297022475954e+03 
 1.412537544622811e+01  1.000000000000000e+00  0.000000000000000e+00  4.923135858811349e+04 -2.198363034715363e+03 
 1.428893958511160e+01  1.000000000000000e+00  0.000000000000000e+00  4.922907673028523e+04 -2.223715807643528e+03 
 1.445439770745986e+01  1.000000000000000e+00  0.000000000000000e+00  4.922674194012026e+04 -2.249358539703039e+03 
 1.462177174456777e+01  1.000000000000000e+00  0.000000000000000e+00  4.922435299495280e+04 -2.275294462115186e+03 
 1.479108388168267e+01  1.000000000000000e+00  0.000000000000000e+00  4.922190864411987e+04 -2.301526839111825e+03 
 1.496235656094494e+01  1.000000000000000e+00  0.000000000000000e+00  4.921940760833188e+04 -2.328058968164886e+03 
 1.513561248436270e+01  1.000000000000000e+00  0.000000000000000e+00  4.921684857902946e+04 -2.354894180213275e+03 
 1.531087461682092e+01  1.000000000000000e+00  0.000000000000000e+00  4.921423021772627e+04 -2.382035839886978e+03 
 1.548816618912544e+01  1.000000000000000e+00  0.000000000000000e+00  4.921155115533803e+04 -2.409487345728163e+03 
 1.566751070108213e+01  1.000000000000000e+00  0.000000000000000e+00  4.920880999149661e+04 -2.437252130409031e+03 
 1.584893192461178e+01  1.000000000000000e+00  0.000000000000000e+00  4.920600529384986e+04 -2.465333660946214e+03 
 1.603245390690107e+01  1.000000000000000e+00  0.000000000000000e+00  4.920313559734623e+04 -2.493735438911454e+03 
 1.621810097358996e+01  1.000000000000000e+00  0.000000000000000e+00  4.920019940350408e+04 -2.522461000638313e+03 
 1.640589773199606e+01  1.000000000000000e+00  0.000000000000000e+00  4.919719517966559e+04 -2.551513917424677e+03 
 1.659586907437629e+01  1.000000000000000e+00  0.000000000000000e+00  4.919412135823457e+04 -2.580897795730751e+03 
 1.678804018122629e+01  1.000000000000000e+00  0.000000000000000e+00  4.919097633589833e+04 -2.610616277372290e+03 
 1.698243652461814e+01  1.000000000000000e+00  0.000000000000000e+00  4.918775847283287e+04 -2.640673039708754e+03 
 1.717908387157659e+01  1.000000000000000e+00  0.000000000000000e+00  4.918446609189145e+04 -2.671071795826098e+03 
 1.737800828749447e+01  1.000000000000000e+00  0.000000000000000e+00  4.918109747777596e+04 -2.701816294713882e+03 
 1.757923613958765e+01  1.000000000000000e+00  0.000000000000000e+00  4.917765087619097e+04 -2.732910321436366e+03 
 1.778279410038996e+01  1.000000000000000e+00  0.000000000000000e+00  4.917412449297994e+04 -2.764357697297254e+03 
 1.798870915128862e+01  1.000000000000000e+00  0.000000000000000e+00  4.917051649324346e+04 -2.796162279997747e+03 
 1.819700858610059e+01  1.000000000000000e+00  0.000000000000000e+00  4.916682500043920e+04 -2.828327963787535e+03 
 1.840772001469032e+01  1.000000000000000e+00  0.000000000000000e+00  4.916304809546291e+04 -2.860858679608343e+03 
 1.862087136662944e+01  1.000000000000000e+00  0.000000000000000e+00  4.915918381571069e+04 -2.893758395229657e+03 
 1.883649089489878e+01  1.000000000000000e+00  0.000000000000000e+00  4.915523015412164e+04 -2.927031115376203e+03 
 1.905460717963326e+01  1.000000000000000e+00  0.000000000000000e+00  4.915118505820097e+04 -2.960680881846794e+03 
 1.927524913191016e+01  1.000000000000000e+00  0.000000000000000e+00  4.914704642902294e+04 -2.994711773624074e+03 
 1.949844599758126e+01  1.000000000000000e+00  0.000000000000000e+00  4.914281212021356e+04 -3.029127906974727e+03 
 1.972422736114936e+01  1.000000000000000e+00  0.000000000000000e+00  4.913847993691239e+04 -3.063933435539695e+03 
 1.995262314968963e+01  1.000000000000000e+00  0.000000000000000e+00  4.913404763471344e+04 -3.099132550413904e+03 
 2.018366363681645e+01  1.000000000000000e+00  0.000000000000000e+00  4.912951291858444e+04 -3.134729480215010e+03 
 2.041737944669615e+01  1.000000000000000e+00  0.000000000000000e+00  4.912487344176455e+04 -3.170728491140636e+03 
 2.065380155810616e+01  1.000000000000000e+00  0.000000000000000e+00  4.912012680463972e+04 -3.207133887013598e+03 
 2.089296130854127e+01  1.000000000000000e+00  0.000000000000000e+00  4.911527055359573e+04 -3.243950009314517e+03 
 2.113489039836736e+01  1.000000000000000e+00  0.000000000000000e+00  4.911030217984832e+04 -3.281181237201292e+03 
 2.137962089502322e+01  1.000000000000000e+00  0.000000000000000e+00  4.910521911825012e+04 -3.318831987514822e+03 
 2.162718523727112e+01  1.000000000000000e+00  0.000000000000000e+00  4.910001874607403e+04 -3.356906714770346e+03 
 2.187761623949645e+01  1.000000000000000e+00  0.000000000000000e+00  4.909469838177277e+04 -3.395409911133821e+03 
 2.213094709605732e+01  1.000000000000000e+00  0.000000000000000e+00  4.908925528371402e+04 -3.434346106382614e+03 
 2.238721138568435e+01  1.000000000000000e+00  0.000000000000000e+00  4.908368664889107e+04 -3.473719867849911e+03 
 2.264644307593156e+01  1.000000000000000e+00  0.000000000000000e+00  4.907798961160844e+04 -3.513535800352062e+03 
 2.290867652767870e+01  1.000000000000000e+00  0.000000000000000e+00  4.907216124214220e+04 -3.553798546098209e+03 
 2.317394649968577e+01  1.000000000000000e+00  0.000000000000000e+00  4.906619854537456e+04 -3.594512784581416e+03 
 2.344228815320022e+01  1.000000000000000e+00  0.000000000000000e+00  4.906009845940259e+04 -3.635683232450539e+03 
 2.371373705661756e+01  1.000000000000000e+00  0.000000000000000e+00  4.905385785412037e+04 -3.677314643362036e+03 
 2.398832919019593e+01  1.000000000000000e+00  0.000000000000000e+00  4.904747352977454e+04 -3.719411807810900e+03 
 2.426610095082519e+01  1.000000000000000e+00  0.000000000000000e+00  4.904094221549291e+04 -3.761979552939889e+03 
 2.454708915685136e+01  1.000000000000000e+00  0.000000000000000e+00  4.903426056778540e+04 -3.805022742326103e+03 
 2.483133105295677e+01  1.000000000000000e+00  0.000000000000000e+00  4.902742516901763e+04 -3.848546275744135e+03 
 2.511886431509688e+01  1.000000000000000e+00  0.000000000000000e+00  4.902043252585619e+04 -3.892555088904707e+03 
 2.540972705549414e+01  1.000000000000000e+00  0.000000000000000e+00  4.901327906768579e+04 -3.937054153167979e+03 
 2.570395782768975e+01  1.000000000000000e+00  0.000000000000000e+00  4.900596114499762e+04 -3.982048475230427e+03 
 2.600159563165384e+01  1.000000000000000e+00  0.000000000000000e+00  4.899847502774879e+04 -4.027543096784320e+03 
 2.630267991895496e+01  1.000000000000000e+00  0.000000000000000e+00  4.899081690369266e+04 -4.073543094148757e+03 
 2.660725059798925e+01  1.000000000000000e+00  0.000000000000000e+00  4.898298287667941e+04 -4.120053577871113e+03 
 2.691534803927033e+01  1.000000000000000e+00  0.000000000000000e+00  4.897496896492707e+04 -4.167079692297854e+03 
 2.722701308078031e+01  1.000000000000000e+00  0.000000000000000e+00  4.896677109926239e+04 -4.214626615113501e+03 
 2.754228703338287e+01  1.000000000000000e+00  0.000000000000000e+00  4.895838512133151e+04 -4.262699556846623e+03 
 2.786121168629892e+01  1.000000000000000e+00  0.000000000000000e+00  4.894980678177991e+04 -4.311303760341511e+03 
 2.818382931264577e+01  1.000000000000000e+00  0.000000000000000e+00  4.894103173840195e+04 -4.360444500194463e+03 
 2.851018267504034e+01  1.000000000000000e+00  0.000000000000000e+00  4.893205555425918e+04 -4.410127082153185e+03 
 2.884031503126733e+01  1.000000000000000e+00  0.000000000000000e+00  4.892287369576778e+04 -4.460356842478117e+03 
 2.917427014001295e+01  1.000000000000000e+00  0.000000000000000e+00  4.891348153075444e+04 -4.511139147264211e+03 
 2.951209226666516e+01  1.000000000000000e+00  0.000000000000000e+00  4.890387432648124e+04 -4.562479391721832e+03 
 2.985382618918092e+01  1.000000000000000e+00  0.000000000000000e+00  4.889404724763865e+04 -4.614382999415260e+03 
 3.019951720402150e+01  1.000000000000000e+00  0.000000000000000e+00  4.888399535430694e+04 -4.666855421457326e+03 
 3.054921113215649e+01  1.000000000000000e+00  0.000000000000000e+00  4.887371359988610e+04 -4.719902135658637e+03 
 3.090295432513728e+01  1.000000000000000e+00  0.000000000000000e+00  4.886319682899372e+04 -4.773528645629832e+03 
 3.126079367124094e+01  1.000000000000000e+00  0.000000000000000e+00  4.885243977533138e+04 -4.827740479835194e+03 
 3.162277660168520e+01  1.000000000000000e+00  0.000000000000000e+00  4.884143705951907e+04 -4.882543190596031e+03 
 3.198895109691541e+01  1.000000000000000e+00  0.000000000000000e+00  4.883018318689786e+04 -4.937942353041995e+03 
 3.235936569296427e+01  1.000000000000000e+00  0.000000000000000e+00  4.881867254530128e+04 -4.993943564008724e+03 
 3.273406948788529e+01  1.000000000000000e+00  0.000000000000000e+00  4.880689940279466e+04 -5.050552440879881e+03 
 3.311311214826060e+01  1.000000000000000e+00  0.000000000000000e+00  4.879485790538354e+04 -5.107774620371790e+03 
 3.349654391578427e+01  1.000000000000000e+00  0.000000000000000e+00  4.878254207469058e+04 -5.165615757258774e+03 
 3.388441561392178e+01  1.000000000000000e+00  0.000000000000000e+00  4.876994580560161e+04 -5.224081523037233e+03 
 3.427677865464658e+01  1.000000000000000e+00  0.000000000000000e+00  4.875706286388105e+04 -5.283177604526454e+03 
 3.467368504525474e+01  1.000000000000000e+00  0.000000000000000e+00  4.874388688375695e+04 -5.342909702404164e+03 
 3.507518739525840e+01  1.000000000000000e+00  0.000000000000000e+00  4.873041136547590e+04 -5.403283529674629e+03 
 3.548133892335916e+01  1.000000000000000e+00  0.000000000000000e+00  4.871662967282849e+04 -5.464304810067237e+03 
 3.589219346450216e+01  1.000000000000000e+00  0.000000000000000e+00  4.870253503064573e+04 -5.525979276363376e+03 
 3.630780547701179e+01  1.000000000000000e+00  0.000000000000000e+00  4.868812052226671e+04 -5.588312668649249e+03 
 3.672823004981014e+01  1.000000000000000e+00  0.000000000000000e+00  4.867337908697863e+04 -5.651310732492479e+03 
 3.715352290971895e+01  1.000000000000000e+00  0.000000000000000e+00  4.865830351742909e+04 -5.714979217040007e+03 
 3.758374042884613e+01  1.000000000000000e+00  0.000000000000000e+00  4.864288645701224e+04 -5.779323873035023e+03 
 3.801893963205786e+01  1.000000000000000e+00  0.000000000000000e+00  4.862712039722885e+04 -5.844350450750315e+03 
 3.845917820453712e+01  1.000000000000000e+00  0.000000000000000e+00  4.861099767502177e+04 -5.910064697835707e+03 
 3.890451449942984e+01  1.000000000000000e+00  0.000000000000000e+00  4.859451047008712e+04 -5.976472357076851e+03 
 3.935500754557955e+01  1.000000000000000e+00  0.000000000000000e+00  4.857765080216278e+04 -6.043579164062919e+03 
 3.981071705535155e+01  1.000000000000000e+00  0.000000000000000e+00  4.856041052829512e+04 -6.111390844760436e+03 
 4.027170343254776e+01  1.000000000000000e+00  0.000000000000000e+00  4.854278134008497e+04 -6.179913112990585e+03 
 4.073802778041315e+01  1.000000000000000e+00  0.000000000000000e+00  4.852475476091433e+04 -6.249151667807170e+03 
 4.120975190973492e+01  1.000000000000000e+00  0.000000000000000e+00  4.850632214315542e+04 -6.319112190772565e+03 
 4.168693834703546e+01  1.000000000000000e+00  0.000000000000000e+00  4.848747466536295e+04 -6.389800343128572e+03 
 4.216965034286017e+01  1.000000000000000e+00  0.000000000000000e+00  4.846820332945194e+04 -6.461221762859531e+03 
 4.265795188016124e+01  1.000000000000000e+00  0.000000000000000e+00  4.844849895786223e+04 -6.533382061644491e+03 
 4.315190768277852e+01  1.000000000000000e+00  0.000000000000000e+00  4.842835219071191e+04 -6.606286821695643e+03 
 4.365158322401862e+01  1.000000000000000e+00  0.000000000000000e+00  4.840775348294131e+04 -6.679941592479847e+03 
 4.415704473533330e+01  1.000000000000000e+00  0.000000000000000e+00  4.838669310144986e+04 -6.754351887320201e+03 
 4.466835921509839e+01  1.000000000000000e+00  0.000000000000000e+00  4.836516112222795e+04 -6.829523179874608e+03 
 4.518559443749434e+01  1.000000000000000e+00  0.000000000000000e+00  4.834314742748601e+04 -6.905460900488012e+03 
 4.570881896148964e+01  1.000000000000000e+00  0.000000000000000e+00  4.832064170278353e+04 -6.982170432415312e+03 
 4.623810213992819e+01  1.000000000000000e+00  0.000000000000000e+00  4.829763343416042e+04 -7.059657107911542e+03 
 4.677351412872201e+01  1.000000000000000e+00  0.000000000000000e+00  4.827411190527373e+04 -7.137926204186188e+03 
 4.731512589615027e+01  1.000000000000000e+00  0.000000000000000e+00  4.825006619454233e+04 -7.216982939218272e+03 
 4.786300923226609e+01  1.000000000000000e+00  0.000000000000000e+00  4.822548517230307e+04 -7.296832467428966e+03 
 4.841723675841222e+01  1.000000000000000e+00  0.000000000000000e+00  4.820035749798130e+04 -7.377479875208304e+03 
 4.897788193684693e+01  1.000000000000000e+00  0.000000000000000e+00  4.817467161727959e+04 -7.458930176292815e+03 
 4.954501908048136e+01  1.000000000000000e+00  0.000000000000000e+00  4.814841575938786e+04 -7.541188306990482e+03 
 5.011872336272960e+01  1.000000000000000e+00  0.000000000000000e+00  4.812157793421907e+04 -7.624259121249897e+03 
 5.069907082747284e+01  1.000000000000000e+00  0.000000000000000e+00  4.809414592967444e+04 -7.708147385570134e+03 
 5.128613839913892e+01  1.000000000000000e+00  0.000000000000000e+00  4.806610730894218e+04 -7.792857773747938e+03 
 5.188000389289858e+01  1.000000000000000e+00  0.000000000000000e+00  4.803744940783442e+04 -7.878394861458948e+03 
 5.248074602497976e+01  1.000000000000000e+00  0.000000000000000e+00  4.800815933216693e+04 -7.964763120669650e+03 
 5.308844442310136e+01  1.000000000000000e+00  0.000000000000000e+00  4.797822395518634e+04 -8.051966913876619e+03 
 5.370317963702784e+01  1.000000000000000e+00  0.000000000000000e+00  4.794762991505006e+04 -8.140010488169859e+03 
 5.432503314924592e+01  1.000000000000000e+00  0.000000000000000e+00  4.791636361236439e+04 -8.228897969117021e+03 
 5.495408738576509e+01  1.000000000000000e+00  0.000000000000000e+00  4.788441120778577e+04 -8.318633354465124e+03 
 5.559042572704302e+01  1.000000000000000e+00  0.000000000000000e+00  4.785175861969191e+04 -8.409220507656883e+03 
 5.623413251903760e+01  1.000000000000000e+00  0.000000000000000e+00  4.781839152192813e+04 -8.500663151158382e+03 
 5.688529308438687e+01  1.000000000000000e+00  0.000000000000000e+00  4.778429534163530e+04 -8.592964859595020e+03 
 5.754399373371846e+01  1.000000000000000e+00  0.000000000000000e+00  4.774945525716646e+04 -8.686129052693059e+03 
 5.821032177708994e+01  1.000000000000000e+00  0.000000000000000e+00  4.771385619609834e+04 -8.780158988023648e+03 
 5.888436553556173e+01  1.000000000000000e+00  0.000000000000000e+00  4.767748283334546e+04 -8.875057753546776e+03 
 5.956621435290392e+01  1.000000000000000e+00  0.000000000000000e+00  4.764031958938389e+04 -8.970828259952428e+03 
 6.025595860743869e+01  1.000000000000000e+00  0.000000000000000e+00  4.760235062859248e+04 -9.067473232796578e+03 
 6.095368972401987e+01  1.000000000000000e+00  0.000000000000000e+00  4.756355985771971e+04 -9.164995204429542e+03 
 6.165950018615121e+01  1.000000000000000e+00  0.000000000000000e+00  4.752393092448423e+04 -9.263396505714600e+03 
 6.237348354824496e+01  1.000000000000000e+00  0.000000000000000e+00  4.748344721631781e+04 -9.362679257534790e+03 
 6.309573444802240e+01  1.000000000000000e+00  0.000000000000000e+00  4.744209185925990e+04 -9.462845362086224e+03 
 6.382634861905798e+01  1.000000000000000e+00  0.000000000000000e+00  4.739984771701240e+04 -9.563896493956001e+03 
 6.456542290346870e+01  1.000000000000000e+00  0.000000000000000e+00  4.735669739016496e+04 -9.665834090983657e+03 
 6.531305526475043e+01  1.000000000000000e+00  0.000000000000000e+00  4.731262321560016e+04 -9.768659344904758e+03 
 6.606934480076283e+01  1.000000000000000e+00  0.000000000000000e+00  4.726760726608891e+04 -9.872373191775761e+03 
 6.683439175686473e+01  1.000000000000000e+00  0.000000000000000e+00  4.722163135008681e+04 -9.976976302179655e+03 
 6.760829753920149e+01  1.000000000000000e+00  0.000000000000000e+00  4.717467701174208e+04 -1.008246907121185e+04 
 6.839116472814628e+01  1.000000000000000e+00  0.000000000000000e+00  4.712672553112623e+04 -1.018885160824645e+04 
 6.918309709189704e+01  1.000000000000000e+00  0.000000000000000e+00  4.707775792469943e+04 -1.029612372648321e+04 
 6.998419960023078e+01  1.000000000000000e+00  0.000000000000000e+00  4.702775494602179e+04 -1.040428493227573e+04 
 7.079457843841726e+01  1.000000000000000e+00  0.000000000000000e+00  4.697669708672328e+04 -1.051333441424221e+04 
 7.161434102129371e+01  1.000000000000000e+00  0.000000000000000e+00  4.692456457774439e+04 -1.062327103215994e+04 
 7.244359600750256e+01  1.000000000000000e+00  0.000000000000000e+00  4.687133739086069e+04 -1.073409330564573e+04 
 7.328245331389401e+01  1.000000000000000e+00  0.000000000000000e+00  4.681699524050421e+04 -1.084579940262442e+04 
 7.413102413009540e+01  1.000000000000000e+00  0.000000000000000e+00  4.676151758589503e+04 -1.095838712758847e+04 
 7.498942093324928e+01  1.000000000000000e+00  0.000000000000000e+00  4.670488363349730e+04 -1.107185390965201e+04 
 7.585775750292213e+01  1.000000000000000e+00  0.000000000000000e+00  4.664707233981290e+04 -1.118619679040303e+04 
 7.673614893618569e+01  1.000000000000000e+00  0.000000000000000e+00  4.658806241452796e+04 -1.130141241155853e+04 
 7.762471166287301e+01  1.000000000000000e+00  0.000000000000000e+00  4.652783232402629e+04 -1.141749700242754e+04 
 7.852356346101107e+01  1.000000000000000e+00  0.000000000000000e+00  4.646636029528472e+04 -1.153444636718756e+04 
 7.943282347243209e+01  1.000000000000000e+00  0.000000000000000e+00  4.640362432016554e+04 -1.165225587198111e+04 
 8.035261221856572e+01  1.000000000000000e+00  0.000000000000000e+00  4.633960216012118e+04 -1.177092043183919e+04 
 8.128305161641397e+01  1.000000000000000e+00  0.000000000000000e+00  4.627427135132697e+04 -1.189043449743942e+04 
 8.222426499471122e+01  1.000000000000000e+00  0.000000000000000e+00  4.620760921025748e+04 -1.201079204170767e+04 
 8.317637711027126e+01  1.000000000000000e+00  0.000000000000000e+00  4.613959283972227e+04 -1.213198654627200e+04 
 8.413951416452372e+01  1.000000000000000e+00  0.000000000000000e+00  4.607019913537747e+04 -1.225401098777947e+04 
 8.511380382024191e+01  1.000000000000000e+00  0.000000000000000e+00  4.599940479272895e+04 -1.237685782408661e+04 
 8.609937521846439e+01  1.000000000000000e+00  0.000000000000000e+00  4.592718631464348e+04 -1.250051898033526e+04 
 8.709635899561245e+01  1.000000000000000e+00  0.000000000000000e+00  4.585352001938425e+04 -1.262498583492675e+04 
 8.810488730080586e+01  1.000000000000000e+00  0.000000000000000e+00  4.577838204918682e+04 -1.275024920540793e+04 
 8.912509381337905e+01  1.000000000000000e+00  0.000000000000000e+00  4.570174837939227e+04 -1.287629933428401e+04 
 9.015711376060024e+01  1.000000000000000e+00  0.000000000000000e+00  4.562359482815314e+04 -1.300312587477331e+04 
 9.120108393559559e+01  1.000000000000000e+00  0.000000000000000e+00  4.554389706672882e+04 -1.313071787652125e+04 
 9.225714271548100e+01  1.000000000000000e+00  0.000000000000000e+00  4.546263063038625e+04 -1.325906377129100e+04 
 9.332543007970385e+01  1.000000000000000e+00  0.000000000000000e+00  4.537977092992156e+04 -1.338815135864961e+04 
 9.440608762859715e+01  1.000000000000000e+00  0.000000000000000e+00  4.529529326381834e+04 -1.351796779166971e+04 
 9.549925860214847e+01  1.000000000000000e+00  0.000000000000000e+00  4.520917283105804e+04 -1.364849956266789e+04 
 9.660508789898628e+01  1.000000000000000e+00  0.000000000000000e+00  4.512138474459665e+04 -1.377973248900197e+04 
 9.772372209558608e+01  1.000000000000000e+00  0.000000000000000e+00  4.503190404552316e+04 -1.391165169895052e+04 
 9.885530946569897e+01  1.000000000000000e+00  0.000000000000000e+00  4.494070571791303e+04 -1.404424161769964e+04 
 1.000000000000051e+02  1.000000000000000e+00  0.000000000000000e+00  4.484776470439029e+04 -1.417748595346239e+04 
 1.011579454259951e+02  1.000000000000000e+00  0.000000000000000e+00  4.475305592241144e+04 -1.431136768375845e+04 
 1.023292992280807e+02  1.000000000000000e+00  0.000000000000000e+00  4.465655428128285e+04 -1.444586904188214e+04 
 1.035142166679397e+02  1.000000000000000e+00  0.000000000000000e+00  4.455823469992332e+04 -1.458097150358844e+04 
 1.047128548050954e+02  1.000000000000000e+00  0.000000000000000e+00  4.445807212538215e+04 -1.471665577402803e+04 
 1.059253725177344e+02  1.000000000000000e+00  0.000000000000000e+00  4.435604155212260e+04 -1.485290177496339e+04 
 1.071519305237662e+02  1.000000000000000e+00  0.000000000000000e+00  4.425211804207900e+04 -1.498968863229947e+04 
 1.083926914021260e+02  1.000000000000000e+00  0.000000000000000e+00  4.414627674549511e+04 -1.512699466396357e+04 
 1.096478196143242e+02  1.000000000000000e+00  0.000000000000000e+00  4.403849291648177e+04 -1.526479736345643e+04 
 1.109174815262459e+02  1.000000000000000e+00  0.000000000000000e+00  4.392874195975772e+04 -1.540307340736430e+04 
 1.122018454302022e+02  1.000000000000000e+00  0.000000000000000e+00  4.381699941730886e+04 -1.554179861631660e+04 
 1.135010815672374e+02  1.000000000000000e+00  0.000000000000000e+00  4.370324101681935e+04 -1.568094796339631e+04 
 1.148153621496943e+02  1.000000000000000e+00  0.000000000000000e+00  4.358744269036732e+04 -1.582049555964633e+04 
 1.161448613840403e+02  1.000000000000000e+00  0.000000000000000e+00  4.346958060003487e+04 -1.596041464484133e+04 
 1.174897554939591e+02  1.000000000000000e+00  0.000000000000000e+00  4.334963116431278e+04 -1.610067757888491e+04 
 1.188502227437080e+02  1.000000000000000e+00  0.000000000000000e+00  4.322757108529540e+04 -1.624125583387629e+04 
 1.202264434617476e+02  1.000000000000000e+00  0.000000000000000e+00  4.310337737665903e+04 -1.638211998689115e+04 
 1.216186000646432e+02  1.000000000000000e+00  0.000000000000000e+00  4.297702739241469e+04 -1.652323971352218e+04 
 1.230268770812446e+02  1.000000000000000e+00  0.000000000000000e+00  4.284849885642441e+04 -1.666458378222616e+04 
 1.244514611771450e+02  1.000000000000000e+00  0.000000000000000e+00  4.271776989266776e+04 -1.680612004952437e+04 
 1.258925411794233e+02  1.000000000000000e+00  0.000000000000000e+00  4.258481905624252e+04 -1.694781545610439e+04 
 1.273503081016729e+02  1.000000000000000e+00  0.000000000000000e+00  4.244962536508169e+04 -1.708963602387162e+04 
 1.288249551693202e+02  1.000000000000000e+00  0.000000000000000e+00  4.231216287270013e+04 -1.723154152444662e+04 
 1.303166778452368e+02  1.000000000000000e+00  0.000000000000000e+00  4.217242260104165e+04 -1.737350677030686e+04 
 1.318256738556477e+02  1.000000000000000e+00  0.000000000000000e+00  4.203037963362701e+04 -1.751548971674195e+04 
 1.333521432163395e+02  1.000000000000000e+00  0.000000000000000e+00  4.188601517042937e+04 -1.765745270176939e+04 
 1.348962882591725e+02  1.000000000000000e+00  0.000000000000000e+00  4.173931104275778e+04 -1.779935714584104e+04 
 1.364583136588997e+02  1.000000000000000e+00  0.000000000000000e+00  4.159024974873595e+04 -1.794116355562216e+04 
 1.380384264602958e+02  1.000000000000000e+00  0.000000000000000e+00  4.143881448929205e+04 -1.808283152906287e+04 
 1.396368361056012e+02  1.000000000000000e+00  0.000000000000000e+00  4.128498920461764e+04 -1.822431976181003e+04 
 1.412537544622830e+02  1.000000000000000e+00  0.000000000000000e+00  4.112875861105162e+04 -1.836558605500622e+04 
 1.428893958511179e+02  1.000000000000000e+00  0.000000000000000e+00  4.097010823834102e+04 -1.850658732452238e+04 
 1.445439770746005e+02  1.000000000000000e+00  0.000000000000000e+00  4.080902446722766e+04 -1.864727961166863e+04 
 1.462177174456796e+02  1.000000000000000e+00  0.000000000000000e+00  4.064549456730616e+04 -1.878761809542713e+04 
 1.479108388168287e+02  1.000000000000000e+00  0.000000000000000e+00  4.047950673509575e+04 -1.892755710624884e+04 
 1.496235656094514e+02  1.000000000000000e+00  0.000000000000000e+00  4.031105013226444e+04 -1.906705014145426e+04 
 1.513561248436289e+02  1.000000000000000e+00  0.000000000000000e+00  4.014011492394168e+04 -1.920604988227638e+04 
 1.531087461682112e+02  1.000000000000000e+00  0.000000000000000e+00  3.996669231705128e+04 -1.934450821258172e+04 
 1.548816618912565e+02  1.000000000000000e+00  0.000000000000000e+00  3.979077459859419e+04 -1.948237623930286e+04 
 1.566751070108234e+02  1.000000000000000e+00  0.000000000000000e+00  3.961235517380693e+04 -1.961960431461296e+04 
 1.584893192461199e+02  1.000000000000000e+00  0.000000000000000e+00  3.943142860411820e+04 -1.975614205987017e+04 
 1.603245390690128e+02  1.000000000000000e+00  0.000000000000000e+00  3.924799064482388e+04 -1.989193839135607e+04 
 1.621810097359018e+02  1.000000000000000e+00  0.000000000000000e+00  3.906203828239735e+04 -2.002694154782952e+04 
 1.640589773199628e+02  1.000000000000000e+00  0.000000000000000e+00  3.887356977134857e+04 -2.016109911991278e+04 
 1.659586907437651e+02  1.000000000000000e+00  0.000000000000000e+00  3.868258467054463e+04 -2.029435808132354e+04 
 1.678804018122651e+02  1.000000000000000e+00  0.000000000000000e+00  3.848908387889935e+04 -2.042666482196170e+04 
 1.698243652461837e+02  1.000000000000000e+00  0.000000000000000e+00  3.829306967033996e+04 -2.055796518285591e+04 
 1.717908387157682e+02  1.000000000000000e+00  0.000000000000000e+00  3.809454572795470e+04 -2.068820449296958e+04 
 1.737800828749470e+02  1.000000000000000e+00  0.000000000000000e+00  3.789351717722439e+04 -2.081732760786174e+04 
 1.757923613958789e+02  1.000000000000000e+00  0.000000000000000e+00  3.768999061823919e+04 -2.094527895019271e+04 
 1.778279410039020e+02  1.000000000000000e+00  0.000000000000000e+00  3.748397415680027e+04 -2.107200255205939e+04 
 1.798870915128886e+02  1.000000000000000e+00  0.000000000000000e+00  3.727547743430515e+04 -2.119744209913933e+04 
 1.819700858610083e+02  1.000000000000000e+00  0.000000000000000e+00  3.706451165631471e+04 -2.132154097661734e+04 
 1.840772001469057e+02  1.000000000000000e+00  0.000000000000000e+00  3.685108961969926e+04 -2.144424231686233e+04 
 1.862087136662969e+02  1.000000000000000e+00  0.000000000000000e+00  3.663522573826128e+04 -2.156548904881619e+04 
 1.883649089489904e+02  1.000000000000000e+00  0.000000000000000e+00  3.641693606673206e+04 -2.168522394905040e+04 
 1.905460717963352e+02  1.000000000000000e+00  0.000000000000000e+00  3.619623832002117e+04 -2.180338968889243e+04 
 1.927524913191042e+02  1.000000000000000e+00  0.000000000000000e+00  3.597315190580988e+04 -2.191992891085479e+04 
 1.949844599758153e+02  1.000000000000000e+00  0.000000000000000e+00  3.574769792472326e+04 -2.203478425106981e+04 
 1.972422736114962e+02  1.000000000000000e+00  0.000000000000000e+00  3.551989919911840e+04 -2.214789841865030e+04 
 1.995262314968990e+02  1.000000000000000e+00  0.000000000000000e+00  3.528978028435665e+04 -2.225921424865085e+04 
 2.018366363681672e+02  1.000000000000000e+00  0.000000000000000e+00  3.505736748095583e+04 -2.236867476184971e+04 
 2.041737944669642e+02  1.000000000000000e+00  0.000000000000000e+00  3.482268884443887e+04 -2.247622322571216e+04 
 2.065380155810644e+02  1.000000000000000e+00  0.000000000000000e+00  3.458577419279260e+04 -2.258180321644067e+04 
 2.089296130854155e+02  1.000000000000000e+00  0.000000000000000e+00  3.434665511145431e+04 -2.268535868201080e+04 
 2.113489039836764e+02  1.000000000000000e+00  0.000000000000000e+00  3.410536495574854e+04 -2.278683400608651e+04 
 2.137962089502351e+02  1.000000000000000e+00  0.000000000000000e+00  3.386193885070033e+04 -2.288617407270197e+04 
 2.162718523727141e+02  1.000000000000000e+00  0.000000000000000e+00  3.361641368815782e+04 -2.298332433159202e+04 
 2.187761623949674e+02  1.000000000000000e+00  0.000000000000000e+00  3.336882812116152e+04 -2.307823086404776e+04 
 2.213094709605761e+02  1.000000000000000e+00  0.000000000000000e+00  3.311922255550441e+04 -2.317084044916879e+04 
 2.238721138568465e+02  1.000000000000000e+00  0.000000000000000e+00  3.286763913843320e+04 -2.326110063037925e+04 
 2.264644307593186e+02  1.000000000000000e+00  0.000000000000000e+00  3.261412174444813e+04 -2.334895978206960e+04 
 2.290867652767901e+02  1.000000000000000e+00  0.000000000000000e+00  3.235871595816583e+04 -2.343436717622335e+04 
 2.317394649968608e+02  1.000000000000000e+00  0.000000000000000e+00  3.210146905421726e+04 -2.351727304888271e+04 
 2.344228815320054e+02  1.000000000000000e+00  0.000000000000000e+00  3.184242997416098e+04 -2.359762866630606e+04 
 2.371373705661788e+02  1.000000000000000e+00  0.000000000000000e+00  3.158164930039982e+04 -2.367538639066501e+04 
 2.398832919019625e+02  1.000000000000000e+00  0.000000000000000e+00  3.131917922709776e+04 -2.375049974512933e+04 
 2.426610095082552e+02  1.000000000000000e+00  0.000000000000000e+00  3.105507352810236e+04 -2.382292347818362e+04 
 2.454708915685169e+02  1.000000000000000e+00  0.000000000000000e+00  3.078938752047280e+04 -2.389261362183754e+04 
 2.483133105295710e+02  1.000000000000000e+00  0.000000000000000e+00  3.052217803219160e+04 -2.395952757470312e+04 
 2.511886431509722e+02  1.000000000000000e+00  0.000000000000000e+00  3.025350335253293e+04 -2.402362413188252e+04 
 2.540972705549449e+02  1.000000000000000e+00  0.000000000000000e+00  2.998342319410662e+04 -2.408486356547449e+04 
 2.570395782769009e+02  1.000000000000000e+00  0.000000000000000e+00  2.971199864472204e+04 -2.414320767750036e+04 
 2.600159563165419e+02  1.000000000000000e+00  0.000000000000000e+00  2.943929211796479e+04 -2.419861985634285e+04 
 2.630267991895531e+02  1.000000000000000e+00  0.000000000000000e+00  2.916536730107216e+04 -2.425106513133501e+04 
 2.660725059798961e+02  1.000000000000000e+00  0.000000000000000e+00  2.889028910018599e+04 -2.430051022535213e+04 
 2.691534803927069e+02  1.000000000000000e+00  0.000000000000000e+00  2.861412358307092e+04 -2.434692360526307e+04 
 2.722701308078068e+02  1.000000000000000e+00  0.000000000000000e+00  2.833693791939445e+04 -2.439027553010175e+04 
 2.754228703338323e+02  1.000000000000000e+00  0.000000000000000e+00  2.805880031867418e+04 -2.443053809682440e+04 
 2.786121168629929e+02  1.000000000000000e+00  0.000000000000000e+00  2.777977996600578e+04 -2.446768528352398e+04 
 2.818382931264615e+02  1.000000000000000e+00  0.000000000000000e+00  2.749994695569319e+04 -2.450169298997873e+04 
 2.851018267504073e+02  1.000000000000000e+00  0.000000000000000e+00  2.721937222291016e+04 -2.453253907541866e+04 
 2.884031503126772e+02  1.000000000000000e+00  0.000000000000000e+00  2.693812747301166e+04 -2.456020338872899e+04 
 2.917427014001335e+02  1.000000000000000e+00  0.000000000000000e+00  2.665628511180409e+04 -2.458466781906673e+04 
 2.951209226666555e+02  1.000000000000000e+00  0.000000000000000e+00  2.637391816886444e+04 -2.460591629649442e+04 
 2.985382618918131e+02  1.000000000000000e+00  0.000000000000000e+00  2.609110022500391e+04 -2.462393483642628e+04 
 3.019951720402190e+02  1.000000000000000e+00  0.000000000000000e+00  2.580790533568454e+04 -2.463871155729497e+04 
 3.054921113215689e+02  1.000000000000000e+00  0.000000000000000e+00  2.552440795395400e+04 -2.465023669962084e+04 
 3.090295432513769e+02  1.000000000000000e+00  0.000000000000000e+00  2.524068285249102e+04 -2.465850264171229e+04 
 3.126079367124136e+02  1.000000000000000e+00  0.000000000000000e+00  2.495680504493420e+04 -2.466350391194967e+04 
 3.162277660168562e+02  1.000000000000000e+00  0.000000000000000e+00  2.467284970666956e+04 -2.466523719761658e+04 
 3.198895109691583e+02  1.000000000000000e+00  0.000000000000000e+00  2.438889209525413e+04 -2.466370135025151e+04 
 3.235936569296470e+02  1.000000000000000e+00  0.000000000000000e+00  2.410500747065468e+04 -2.465889738750411e+04 
 3.273406948788572e+02  1.000000000000000e+00  0.000000000000000e+00  2.382127101553759e+04 -2.465082848733338e+04 
 3.311311214826103e+02  1.000000000000000e+00  0.000000000000000e+00  2.353775775549513e+04 -2.463949999954507e+04 
 3.349654391578471e+02  1.000000000000000e+00  0.000000000000000e+00  2.325454271833757e+04 -2.462491522554378e+04 
 3.388441561392223e+02  1.000000000000000e+00  0.000000000000000e+00  2.297169994656679e+04 -2.460709222306413e+04 
 3.427677865464703e+02  1.000000000000000e+00  0.000000000000000e+00  2.268930371435933e+04 -2.458603850596375e+04 
 3.467368504525519e+02  1.000000000000000e+00  0.000000000000000e+00  2.240742763335725e+04 -2.456176793237653e+04 
 3.507518739525885e+02  1.000000000000000e+00  0.000000000000000e+00  2.212614476910385e+04 -2.453429644251769e+04 
 3.548133892335962e+02  1.000000000000000e+00  0.000000000000000e+00  2.184552756618202e+04 -2.450364203325001e+04 
 3.589219346450263e+02  1.000000000000000e+00  0.000000000000000e+00  2.156564777472713e+04 -2.446982472947524e+04 
 3.630780547701227e+02  1.000000000000000e+00  0.000000000000000e+00  2.128657637889508e+04 -2.443286654874353e+04 
 3.672823004981063e+02  1.000000000000000e+00  0.000000000000000e+00  2.100838352492141e+04 -2.439279148137239e+04 
 3.715352290971944e+02  1.000000000000000e+00  0.000000000000000e+00  2.073113845511083e+04 -2.434962543054727e+04 
 3.758374042884663e+02  1.000000000000000e+00  0.000000000000000e+00  2.045490943975290e+04 -2.430339618686030e+04 
 3.801893963205836e+02  1.000000000000000e+00  0.000000000000000e+00  2.017976371310839e+04 -2.425413338150981e+04 
 3.845917820453763e+02  1.000000000000000e+00  0.000000000000000e+00  1.990576741121915e+04 -2.420186844069311e+04 
 3.890451449943037e+02  1.000000000000000e+00  0.000000000000000e+00  1.963298551204417e+04 -2.414663453757704e+04 
 3.935500754558008e+02  1.000000000000000e+00  0.000000000000000e+00  1.936148177867251e+04 -2.408846653866322e+04 
 3.981071705535209e+02  1.000000000000000e+00  0.000000000000000e+00  1.909131870186804e+04 -2.402740096464401e+04 
 4.027170343254830e+02  1.000000000000000e+00  0.000000000000000e+00  1.882255745157147e+04 -2.396347591586605e+04 
 4.073802778041370e+02  1.000000000000000e+00  0.000000000000000e+00  1.855525782481519e+04 -2.389673102942845e+04 
 4.120975190973548e+02  1.000000000000000e+00  0.000000000000000e+00  1.828947819951862e+04 -2.382720741777218e+04 
 4.168693834703603e+02  1.000000000000000e+00  0.000000000000000e+00  1.802527549049461e+04 -2.375494760908413e+04 
 4.216965034286075e+02  1.000000000000000e+00  0.000000000000000e+00  1.776270510912380e+04 -2.367999548330092e+04 
 4.265795188016182e+02  1.000000000000000e+00  0.000000000000000e+00  1.750182092202884e+04 -2.360239622191256e+04 
 4.315190768277911e+02  1.000000000000000e+00  0.000000000000000e+00  1.724267522050685e+04 -2.352219622648034e+04 
 4.365158322401921e+02  1.000000000000000e+00  0.000000000000000e+00  1.698531868517980e+04 -2.343944306652373e+04 
 4.415704473533390e+02  1.000000000000000e+00  0.000000000000000e+00  1.672980035749758e+04 -2.335418541142627e+04 
 4.466835921509900e+02  1.000000000000000e+00  0.000000000000000e+00  1.647616761347351e+04 -2.326647296477096e+04 
 4.518559443749496e+02  1.000000000000000e+00  0.000000000000000e+00  1.622446614130995e+04 -2.317635639551896e+04 
 4.570881896149025e+02  1.000000000000000e+00  0.000000000000000e+00  1.597474093123323e+04 -2.308388458594729e+04 
 4.623810213992882e+02  1.000000000000000e+00  0.000000000000000e+00  1.572703222154711e+04 -2.298911538708508e+04 
 4.677351412872264e+02  1.000000000000000e+00  0.000000000000000e+00  1.548138152352359e+04 -2.289209922600419e+04 
 4.731512589615090e+02  1.000000000000000e+00  0.000000000000000e+00  1.523782759637534e+04 -2.279288998110979e+04 
 4.786300923226673e+02  1.000000000000000e+00  0.000000000000000e+00  1.499640743950637e+04 -2.269154216391853e+04 
 4.841723675841287e+02  1.000000000000000e+00  0.000000000000000e+00  1.475715628290905e+04 -2.258811086297663e+04 
 4.897788193684759e+02  1.000000000000000e+00  0.000000000000000e+00  1.452010758981322e+04 -2.248265166371883e+04 
 4.954501908048202e+02  1.000000000000000e+00  0.000000000000000e+00  1.428529305255516e+04 -2.237522059364342e+04 
 5.011872336273027e+02  1.000000000000000e+00  0.000000000000000e+00  1.405274259678614e+04 -2.226587405361345e+04 
 5.069907082747351e+02  1.000000000000000e+00  0.000000000000000e+00  1.382248438237191e+04 -2.215466876379818e+04 
 5.128613839913960e+02  1.000000000000000e+00  0.000000000000000e+00  1.359454481659757e+04 -2.204166168793958e+04 
 5.188000389289926e+02  1.000000000000000e+00  0.000000000000000e+00  1.336894855995241e+04 -2.192690998144849e+04 
 5.248074602498045e+02  1.000000000000000e+00  0.000000000000000e+00  1.314571854012835e+04 -2.181047092719127e+04 
 5.308844442310207e+02  1.000000000000000e+00  0.000000000000000e+00  1.292487596224011e+04 -2.169240188519755e+04 
 5.370317963702854e+02  1.000000000000000e+00  0.000000000000000e+00  1.270644033120379e+04 -2.157276022290099e+04 
 5.432503314924663e+02  1.000000000000000e+00  0.000000000000000e+00  1.249042946612239e+04 -2.145160326770789e+04 
 5.495408738576581e+02  1.000000000000000e+00  0.000000000000000e+00  1.227686063347613e+04 -2.132898633366751e+04 
 5.559042572704375e+02  1.000000000000000e+00  0.000000000000000e+00  1.206574612135007e+04 -2.120497038017292e+04 
 5.623413251903834e+02  1.000000000000000e+00  0.000000000000000e+00  1.185709993531963e+04 -2.107961032711174e+04 
 5.688529308438762e+02  1.000000000000000e+00  0.000000000000000e+00  1.165093337738163e+04 -2.095296280415567e+04 
 5.754399373371921e+02  1.000000000000000e+00  0.000000000000000e+00  1.144725618065380e+04 -2.082508414865256e+04 
 5.821032177709070e+02  1.000000000000000e+00  0.000000000000000e+00  1.124607654392846e+04 -2.069603034887982e+04 
 5.888436553556251e+02  1.000000000000000e+00  0.000000000000000e+00  1.104740115843870e+04 -2.056585700532826e+04 
 5.956621435290471e+02  1.000000000000000e+00  0.000000000000000e+00  1.085123523587889e+04 -2.043461929307578e+04 
 6.025595860743948e+02  1.000000000000000e+00  0.000000000000000e+00  1.065758254659457e+04 -2.030237191117497e+04 
 6.095368972402067e+02  1.000000000000000e+00  0.000000000000000e+00  1.046644544972211e+04 -2.016916904904973e+04 
 6.165950018615202e+02  1.000000000000000e+00  0.000000000000000e+00  1.027782492431007e+04 -2.003506435406231e+04 
 6.237348354824578e+02  1.000000000000000e+00  0.000000000000000e+00  1.009172061021677e+04 -1.990011088714263e+04 
 6.309573444802323e+02  1.000000000000000e+00  0.000000000000000e+00  9.908131909805441e+03 -1.976435966060271e+04 
 6.382634861905883e+02  1.000000000000000e+00  0.000000000000000e+00  9.727053738429788e+03 -1.962786538208428e+04 
 6.456542290346956e+02  1.000000000000000e+00  0.000000000000000e+00  9.548483002032266e+03 -1.949067770383477e+04 
 6.531305526475130e+02  1.000000000000000e+00  0.000000000000000e+00  9.372414331219195e+03 -1.935284705058755e+04 
 6.606934480076371e+02  1.000000000000000e+00  0.000000000000000e+00  9.198841201034533e+03 -1.921442311362526e+04 
 6.683439175686563e+02  1.000000000000000e+00  0.000000000000000e+00  9.027755965959888e+03 -1.907545483100053e+04 
 6.760829753920240e+02  1.000000000000000e+00  0.000000000000000e+00  8.859149895239081e+03 -1.893599036893556e+04 
 6.839116472814720e+02  1.000000000000000e+00  0.000000000000000e+00  8.693013217795215e+03 -1.879607709243093e+04 
 6.918309709189797e+02  1.000000000000000e+00  0.000000000000000e+00  8.529335153012664e+03 -1.865576155640099e+04 
 6.998419960023173e+02  1.000000000000000e+00  0.000000000000000e+00  8.368103956543035e+03 -1.851508947881979e+04 
 7.079457843841823e+02  1.000000000000000e+00  0.000000000000000e+00  8.209307938006963e+03 -1.837410463118957e+04 
 7.161434102129469e+02  1.000000000000000e+00  0.000000000000000e+00  8.052931549253857e+03 -1.823285325873909e+04 
 7.244359600750356e+02  1.000000000000000e+00  0.000000000000000e+00  7.898961364904204e+03 -1.809137736750431e+04 
 7.328245331389502e+02  1.000000000000000e+00  0.000000000000000e+00  7.747382151231132e+03 -1.794971920798340e+04 
 7.413102413009642e+02  1.000000000000000e+00  0.000000000000000e+00  7.598177892554645e+03 -1.780792014090396e+04 
 7.498942093325031e+02  1.000000000000000e+00  0.000000000000000e+00  7.451331835240563e+03 -1.766602062101570e+04 
 7.585775750292316e+02  1.000000000000000e+00  0.000000000000000e+00  7.306826517167823e+03 -1.752406019870430e+04 
 7.673614893618674e+02  1.000000000000000e+00  0.000000000000000e+00  7.164644726726960e+03 -1.738207659572749e+04 
 7.762471166287407e+02  1.000000000000000e+00  0.000000000000000e+00  7.024765856624660e+03 -1.724010937897648e+04 
 7.852356346101215e+02  1.000000000000000e+00  0.000000000000000e+00  6.887171473841287e+03 -1.709819440731040e+04 
 7.943282347243318e+02  1.000000000000000e+00  0.000000000000000e+00  6.751841652096135e+03 -1.695636755781036e+04 
 8.035261221856681e+02  1.000000000000000e+00  0.000000000000000e+00  6.618755934795268e+03 -1.681466378580997e+04 
 8.128305161641507e+02  1.000000000000000e+00  0.000000000000000e+00  6.487893370541981e+03 -1.667311712331473e+04 
 8.222426499471233e+02  1.000000000000000e+00  0.000000000000000e+00  6.359232540728382e+03 -1.653176068593708e+04 
 8.317637711027238e+02  1.000000000000000e+00  0.000000000000000e+00  6.232752433129092e+03 -1.639062592555257e+04 
 8.413951416452486e+02  1.000000000000000e+00  0.000000000000000e+00  6.108429106620190e+03 -1.624974564354821e+04 
 8.511380382024306e+02  1.000000000000000e+00  0.000000000000000e+00  5.986240786496282e+03 -1.610914945046473e+04 
 8.609937521846555e+02  1.000000000000000e+00  0.000000000000000e+00  5.866164505485365e+03 -1.596886682424443e+04 
 8.709635899561362e+02  1.000000000000000e+00  0.000000000000000e+00  5.748176985259981e+03 -1.582892634526064e+04 
 8.810488730080704e+02  1.000000000000000e+00  0.000000000000000e+00  5.632255443189506e+03 -1.568935506100919e+04 
 8.912509381338025e+02  1.000000000000000e+00  0.000000000000000e+00  5.518374478455131e+03 -1.555018109688302e+04 
 9.015711376060145e+02  1.000000000000000e+00  0.000000000000000e+00  5.406510830122902e+03 -1.541142972895511e+04 
 9.120108393559681e+02  1.000000000000000e+00  0.000000000000000e+00  5.296640238987590e+03 -1.527312603470773e+04 
 9.225714271548222e+02  1.000000000000000e+00  0.000000000000000e+00  5.188738262653307e+03 -1.513529424071475e+04 
 9.332543007970509e+02  1.000000000000000e+00  0.000000000000000e+00  5.082781029680415e+03 -1.499795717234296e+04 
 9.440608762859839e+02  1.000000000000000e+00  0.000000000000000e+00  4.978742342072102e+03 -1.486113851377899e+04 
 9.549925860214972e+02  1.000000000000000e+00  0.000000000000000e+00  4.876598094528497e+03 -1.472485942146598e+04 
 9.660508789898754e+02  1.000000000000000e+00  0.000000000000000e+00  4.776323353131473e+03 -1.458914081855464e+04 
 9.772372209558735e+02  1.000000000000000e+00  0.000000000000000e+00  4.677893117189698e+03 -1.445400282997963e+04 
 9.885530946570024e+02  1.000000000000000e+00  0.000000000000000e+00  4.581283007754710e+03 -1.431946431784235e+04 
 1.000000000000064e+03  1.000000000000000e+00  0.000000000000000e+00  4.486466589567071e+03 -1.418554482757373e+04 
 1.011579454259964e+03  1.000000000000000e+00  0.000000000000000e+00  4.393419455218772e+03 -1.405226167629562e+04 
 1.023292992280820e+03  1.000000000000000e+00  0.000000000000000e+00  4.302116521231664e+03 -1.391963193112548e+04 
 1.035142166679411e+03  1.000000000000000e+00  0.000000000000000e+00  4.212533357834137e+03 -1.378767150234466e+04 
 1.047128548050967e+03  1.000000000000000e+00  0.000000000000000e+00  4.124643676614169e+03 -1.365639687120689e+04 
 1.059253725177357e+03  1.000000000000000e+00  0.000000000000000e+00  4.038423154949072e+03 -1.352582251307538e+04 
 1.071519305237676e+03  1.000000000000000e+00  0.000000000000000e+00  3.953846901087636e+03 -1.339596265188704e+04 
 1.083926914021273e+03  1.000000000000000e+00  0.000000000000000e+00  3.870890697725345e+03 -1.326683045883190e+04 
 1.096478196143256e+03  1.000000000000000e+00  0.000000000000000e+00  3.789528648360177e+03 -1.313843958575415e+04 
 1.109174815262473e+03  1.000000000000000e+00  0.000000000000000e+00  3.709736756173515e+03 -1.301080188307144e+04 
 1.122018454302036e+03  1.000000000000000e+00  0.000000000000000e+00  3.631491106774765e+03 -1.288392861414755e+04 
 1.135010815672388e+03  1.000000000000000e+00  0.000000000000000e+00  3.554766236815561e+03 -1.275783146229735e+04 
 1.148153621496957e+03  1.000000000000000e+00  0.000000000000000e+00  3.479538523869757e+03 -1.263252045654272e+04 
 1.161448613840418e+03  1.000000000000000e+00  0.000000000000000e+00  3.405784461622529e+03 -1.250800507825892e+04 
 1.174897554939606e+03  1.000000000000000e+00  0.000000000000000e+00  3.333479114842120e+03 -1.238429517777843e+04 
 1.188502227437096e+03  1.000000000000000e+00  0.000000000000000e+00  3.262599330086299e+03 -1.226139908792815e+04 
 1.202264434617491e+03  1.000000000000000e+00  0.000000000000000e+00  3.193122098941645e+03 -1.213932463289399e+04 
 1.216186000646447e+03  1.000000000000000e+00  0.000000000000000e+00  3.125023094376062e+03 -1.201807996323685e+04 
 1.230268770812462e+03  1.000000000000000e+00  0.000000000000000e+00  3.058279710496434e+03 -1.189767183993453e+04 
 1.244514611771466e+03  1.000000000000000e+00  0.000000000000000e+00  2.992869510528880e+03 -1.177810655381183e+04 
 1.258925411794249e+03  1.000000000000000e+00  0.000000000000000e+00  2.928768841994515e+03 -1.165939068549132e+04 
 1.273503081016745e+03  1.000000000000000e+00  0.000000000000000e+00  2.865955709677480e+03 -1.154152954677151e+04 
 1.288249551693218e+03  1.000000000000000e+00  0.000000000000000e+00  2.804408310170529e+03 -1.142452801498245e+04 
 1.303166778452385e+03  1.000000000000000e+00  0.000000000000000e+00  2.744103716389966e+03 -1.130839122829712e+04 
 1.318256738556493e+03  1.000000000000000e+00  0.000000000000000e+00  2.685021028468159e+03 -1.119312294618957e+04 
 1.333521432163411e+03  1.000000000000000e+00  0.000000000000000e+00  2.627137828242619e+03 -1.107872741185174e+04 
 1.348962882591742e+03  1.000000000000000e+00  0.000000000000000e+00  2.570433664864203e+03 -1.096520757432690e+04 
 1.364583136589014e+03  1.000000000000000e+00  0.000000000000000e+00  2.514886641782975e+03 -1.085256683576853e+04 
 1.380384264602976e+03  1.000000000000000e+00  0.000000000000000e+00  2.460476373038116e+03 -1.074080757704901e+04 
 1.396368361056030e+03  1.000000000000000e+00  0.000000000000000e+00  2.407182695204341e+03 -1.062993182778213e+04 
 1.412537544622847e+03  1.000000000000000e+00  0.000000000000000e+00  2.354984515378835e+03 -1.051994182368563e+04 
 1.428893958511197e+03  1.000000000000000e+00  0.000000000000000e+00  2.303862565914788e+03 -1.041083869620182e+04 
 1.445439770746023e+03  1.000000000000000e+00  0.000000000000000e+00  2.253796301659940e+03 -1.030262396332737e+04 
 1.462177174456815e+03  1.000000000000000e+00  0.000000000000000e+00  2.204766944375379e+03 -1.019529810947798e+04 
 1.479108388168306e+03  1.000000000000000e+00  0.000000000000000e+00  2.156754500788915e+03 -1.008886198234375e+04 
 1.496235656094533e+03  1.000000000000000e+00  0.000000000000000e+00  2.109740688741240e+03 -9.983315461996719e+03 
 1.513561248436309e+03  1.000000000000000e+00  0.000000000000000e+00  2.063706410123088e+03 -9.878658621543304e+03 
 1.531087461682132e+03  1.000000000000000e+00  0.000000000000000e+00  2.018632859651930e+03 -9.774891227110118e+03 
 1.548816618912585e+03  1.000000000000000e+00  0.000000000000000e+00  1.974502505075143e+03 -9.672012329861347e+03 
 1.566751070108254e+03  1.000000000000000e+00  0.000000000000000e+00  1.931296741997067e+03 -9.570021294257356e+03 
 1.584893192461219e+03  1.000000000000000e+00  0.000000000000000e+00  1.888998539349967e+03 -9.468916668047657e+03 
 1.603245390690149e+03  1.000000000000000e+00  0.000000000000000e+00  1.847589847100981e+03 -9.368697294599109e+03 
 1.621810097359039e+03  1.000000000000000e+00  0.000000000000000e+00  1.807054135325260e+03 -9.269361255121565e+03 
 1.640589773199649e+03  1.000000000000000e+00  0.000000000000000e+00  1.767374200638391e+03 -9.170906791622250e+03 
 1.659586907437672e+03  1.000000000000000e+00  0.000000000000000e+00  1.728533124924861e+03 -9.073331911228672e+03 
 1.678804018122673e+03  1.000000000000000e+00  0.000000000000000e+00  1.690515126020741e+03 -8.976634061174684e+03 
 1.698243652461858e+03  1.000000000000000e+00  0.000000000000000e+00  1.653303799548435e+03 -8.880810839803667e+03 
 1.717908387157704e+03  1.000000000000000e+00  0.000000000000000e+00  1.616883022238944e+03 -8.785859637110610e+03 
 1.737800828749492e+03  1.000000000000000e+00  0.000000000000000e+00  1.581237749847355e+03 -8.691777341026971e+03 
 1.757923613958811e+03  1.000000000000000e+00  0.000000000000000e+00  1.546352363895538e+03 -8.598560981825189e+03 
 1.778279410039043e+03  1.000000000000000e+00  0.000000000000000e+00  1.512211777750896e+03 -8.506207311381213e+03 
 1.798870915128909e+03  1.000000000000000e+00  0.000000000000000e+00  1.478800903554444e+03 -8.414713011172460e+03 
 1.819700858610106e+03  1.000000000000000e+00  0.000000000000000e+00  1.446105660489916e+03 -8.324074329515088e+03 
 1.840772001469080e+03  1.000000000000000e+00  0.000000000000000e+00  1.414111451870087e+03 -8.234287647014578e+03 
 1.862087136662994e+03  1.000000000000000e+00  0.000000000000000e+00  1.382804181616373e+03 -8.145349108369283e+03 
 1.883649089489928e+03  1.000000000000000e+00  0.000000000000000e+00  1.352169996489879e+03 -8.057254723377227e+03 
 1.905460717963377e+03  1.000000000000000e+00  0.000000000000000e+00  1.322195282045579e+03 -7.970000374264503e+03 
 1.927524913191067e+03  1.000000000000000e+00  0.000000000000000e+00  1.292866663038327e+03 -7.883581820637235e+03 
 1.949844599758178e+03  1.000000000000000e+00  0.000000000000000e+00  1.264170782315023e+03 -7.797994779276549e+03 
 1.972422736114988e+03  1.000000000000000e+00  0.000000000000000e+00  1.236095168861544e+03 -7.713234637193675e+03 
 1.995262314969016e+03  1.000000000000000e+00  0.000000000000000e+00  1.208626924368475e+03 -7.629296899463749e+03 
 2.018366363681699e+03  1.000000000000000e+00  0.000000000000000e+00  1.181753598378884e+03 -7.546176898025291e+03 
 2.041737944669669e+03  1.000000000000000e+00  0.000000000000000e+00  1.155462965506444e+03 -7.463869871703149e+03 
 2.065380155810671e+03  1.000000000000000e+00  0.000000000000000e+00  1.129743022535593e+03 -7.382370971566352e+03 
 2.089296130854183e+03  1.000000000000000e+00  0.000000000000000e+00  1.104581985865410e+03 -7.301675265946459e+03 
 2.113489039836792e+03  1.000000000000000e+00  0.000000000000000e+00  1.079968288209227e+03 -7.221777745625778e+03 
 2.137962089502379e+03  1.000000000000000e+00  0.000000000000000e+00  1.055890758469664e+03 -7.142673272888982e+03 
 2.162718523727169e+03  1.000000000000000e+00  0.000000000000000e+00  1.032337886391813e+03 -7.064356809983039e+03 
 2.187761623949703e+03  1.000000000000000e+00  0.000000000000000e+00  1.009298923999319e+03 -6.986823085264249e+03 
 2.213094709605790e+03  1.000000000000000e+00  0.000000000000000e+00  9.867631431344435e+02 -6.910066824748657e+03 
 2.238721138568494e+03  1.000000000000000e+00  0.000000000000000e+00  9.647200176967863e+02 -6.834082699385898e+03 
 2.264644307593216e+03  1.000000000000000e+00  0.000000000000000e+00  9.431592214397089e+02 -6.758865328814651e+03 
 2.290867652767931e+03  1.000000000000000e+00  0.000000000000000e+00  9.220707850446230e+02 -6.684409239900188e+03 
 2.317394649968639e+03  1.000000000000000e+00  0.000000000000000e+00  9.014444493751082e+02 -6.610709053837946e+03 
 2.344228815320084e+03  1.000000000000000e+00  0.000000000000000e+00  8.812706336507589e+02 -6.537759212535464e+03 
 2.371373705661819e+03  1.000000000000000e+00  0.000000000000000e+00  8.615399316701985e+02 -6.465554127447506e+03 
 2.398832919019656e+03  1.000000000000000e+00  0.000000000000000e+00  8.422426695072896e+02 -6.394088301702139e+03 
 2.426610095082583e+03  1.000000000000000e+00  0.000000000000000e+00  8.233698122242096e+02 -6.323356082698324e+03 
 2.454708915685200e+03  1.000000000000000e+00  0.000000000000000e+00  8.049124909133702e+02 -6.253351797029289e+03 
 2.483133105295743e+03  1.000000000000000e+00  0.000000000000000e+00  7.868615902096993e+02 -6.184069860064167e+03 
 2.511886431509754e+03  1.000000000000000e+00  0.000000000000000e+00  7.692087300906729e+02 -6.115504518212814e+03 
 2.540972705549481e+03  1.000000000000000e+00  0.000000000000000e+00  7.519451521038964e+02 -6.047650143969068e+03 
 2.570395782769042e+03  1.000000000000000e+00  0.000000000000000e+00  7.350628037440789e+02 -5.980500955965603e+03 
 2.600159563165453e+03  1.000000000000000e+00  0.000000000000000e+00  7.185533982198750e+02 -5.914051263407669e+03 
 2.630267991895565e+03  1.000000000000000e+00  0.000000000000000e+00  7.024088225437745e+02 -5.848295361517870e+03 
 2.660725059798995e+03  1.000000000000000e+00  0.000000000000000e+00  6.866214960544628e+02 -5.783227445984495e+03 
 2.691534803927103e+03  1.000000000000000e+00  0.000000000000000e+00  6.711836206633800e+02 -5.718841800686276e+03 
 2.722701308078103e+03  1.000000000000000e+00  0.000000000000000e+00  6.560876788705247e+02 -5.655132675331966e+03 
 2.754228703338359e+03  1.000000000000000e+00  0.000000000000000e+00  6.413261924940273e+02 -5.592094345591989e+03 
 2.786121168629965e+03  1.000000000000000e+00  0.000000000000000e+00  6.268921735109582e+02 -5.529721008032453e+03 
 2.818382931264651e+03  1.000000000000000e+00  0.000000000000000e+00  6.127784372079939e+02 -5.468006944266464e+03 
 2.851018267504109e+03  1.000000000000000e+00  0.000000000000000e+00  5.989780587304173e+02 -5.406946413645019e+03 
 2.884031503126808e+03  1.000000000000000e+00  0.000000000000000e+00  5.854842547490927e+02 -5.346533682769117e+03 
 2.917427014001372e+03  1.000000000000000e+00  0.000000000000000e+00  5.722903805630418e+02 -5.286763027393327e+03 
 2.951209226666593e+03  1.000000000000000e+00  0.000000000000000e+00  5.593899287466811e+02 -5.227628733619102e+03 
 2.985382618918170e+03  1.000000000000000e+00  0.000000000000000e+00  5.467765255249385e+02 -5.169125099982664e+03 
 3.019951720402229e+03  1.000000000000000e+00  0.000000000000000e+00  5.344440236416796e+02 -5.111246418323925e+03 
 3.054921113215728e+03  1.000000000000000e+00  0.000000000000000e+00  5.223861193217670e+02 -5.053987057454511e+03 
 3.090295432513808e+03  1.000000000000000e+00  0.000000000000000e+00  5.105969233880136e+02 -4.997341340478120e+03 
 3.126079367124176e+03  1.000000000000000e+00  0.000000000000000e+00  4.990705747440508e+02 -4.941303629423541e+03 
 3.162277660168603e+03  1.000000000000000e+00  0.000000000000000e+00  4.878014203223250e+02 -4.885868288069175e+03 
 3.198895109691624e+03  1.000000000000000e+00  0.000000000000000e+00  4.767836666327331e+02 -4.831029754174228e+03 
 3.235936569296512e+03  1.000000000000000e+00  0.000000000000000e+00  4.660119829008846e+02 -4.776782416363708e+03 
 3.273406948788614e+03  1.000000000000000e+00  0.000000000000000e+00  4.554808161397611e+02 -4.723120754505143e+03 
 3.311311214826146e+03  1.000000000000000e+00  0.000000000000000e+00  4.451850567223963e+02 -4.670039206043635e+03 
 3.349654391578515e+03  1.000000000000000e+00  0.000000000000000e+00  4.351194603349334e+02 -4.617532282309120e+03 
 3.388441561392267e+03  1.000000000000000e+00  0.000000000000000e+00  4.252789741926992e+02 -4.565594503789364e+03 
 3.427677865464748e+03  1.000000000000000e+00  0.000000000000000e+00  4.156585782898200e+02 -4.514220431700690e+03 
 3.467368504525564e+03  1.000000000000000e+00  0.000000000000000e+00  4.062535806895461e+02 -4.463404612209494e+03 
 3.507518739525930e+03  1.000000000000000e+00  0.000000000000000e+00  3.970591671973461e+02 -4.413141662795497e+03 
 3.548133892336008e+03  1.000000000000000e+00  0.000000000000000e+00  3.880706999130299e+02 -4.363426215486270e+03 
 3.589219346450309e+03  1.000000000000000e+00  0.000000000000000e+00  3.792836394433355e+02 -4.314252932186793e+03 
 3.630780547701273e+03  1.000000000000000e+00  0.000000000000000e+00  3.706935434067035e+02 -4.265616505171058e+03 
 3.672823004981110e+03  1.000000000000000e+00  0.000000000000000e+00  3.622961285670784e+02 -4.217511646484547e+03 
 3.715352290971992e+03  1.000000000000000e+00  0.000000000000000e+00  3.540870099037947e+02 -4.169933134473914e+03 
 3.758374042884712e+03  1.000000000000000e+00  0.000000000000000e+00  3.460620895379466e+02 -4.122875744872051e+03 
 3.801893963205885e+03  1.000000000000000e+00  0.000000000000000e+00  3.382173536595278e+02 -4.076334287522164e+03 
 3.845917820453813e+03  1.000000000000000e+00  0.000000000000000e+00  3.305486934170191e+02 -4.030303637048131e+03 
 3.890451449943086e+03  1.000000000000000e+00  0.000000000000000e+00  3.230523269338299e+02 -3.984778660494174e+03 
 3.935500754558058e+03  1.000000000000000e+00  0.000000000000000e+00  3.157243770274940e+02 -3.939754289667778e+03 
 3.981071705535260e+03  1.000000000000000e+00  0.000000000000000e+00  3.085611089303038e+02 -3.895225480726941e+03 
 4.027170343254882e+03  1.000000000000000e+00  0.000000000000000e+00  3.015588687058188e+02 -3.851187224720294e+03 
 4.073802778041422e+03  1.000000000000000e+00  0.000000000000000e+00  2.947140809969123e+02 -3.807634548189736e+03 
 4.120975190973601e+03  1.000000000000000e+00  0.000000000000000e+00  2.880232482226115e+02 -3.764562513138752e+03 
 4.168693834703657e+03  1.000000000000000e+00  0.000000000000000e+00  2.814829483883412e+02 -3.721966217579407e+03 
 4.216965034286129e+03  1.000000000000000e+00  0.000000000000000e+00  2.750898337800775e+02 -3.679840795687885e+03 
 4.265795188016236e+03  1.000000000000000e+00  0.000000000000000e+00  2.688406293862158e+02 -3.638181418064118e+03 
 4.315190768277966e+03  1.000000000000000e+00  0.000000000000000e+00  2.627321785382245e+02 -3.596983284761665e+03 
 4.365158322401977e+03  1.000000000000000e+00  0.000000000000000e+00  2.567612519028949e+02 -3.556241654418409e+03 
 4.415704473533447e+03  1.000000000000000e+00  0.000000000000000e+00  2.509248767408126e+02 -3.515951794049080e+03 
 4.466835921509957e+03  1.000000000000000e+00  0.000000000000000e+00  2.452200072587762e+02 -3.476109028941703e+03 
 4.518559443749554e+03  1.000000000000000e+00  0.000000000000000e+00  2.396437098959379e+02 -3.436708714645328e+03 
 4.570881896149084e+03  1.000000000000000e+00  0.000000000000000e+00  2.341931154816949e+02 -3.397746243972428e+03 
 4.623810213992941e+03  1.000000000000000e+00  0.000000000000000e+00  2.288654174817865e+02 -3.359217047271701e+03 
 4.677351412872325e+03  1.000000000000000e+00  0.000000000000000e+00  2.236578708451929e+02 -3.321116592429968e+03 
 4.731512589615151e+03  1.000000000000000e+00  0.000000000000000e+00  2.185678297341877e+02 -3.283440379565503e+03 
 4.786300923226734e+03  1.000000000000000e+00  0.000000000000000e+00  2.135925888503363e+02 -3.246183962899566e+03 
 4.841723675841348e+03  1.000000000000000e+00  0.000000000000000e+00  2.087296574070047e+02 -3.209342912532295e+03 
 4.897788193684822e+03  1.000000000000000e+00  0.000000000000000e+00  2.039764843213320e+02 -3.172912852404710e+03 
 4.954501908048266e+03  1.000000000000000e+00  0.000000000000000e+00  1.993305770155028e+02 -3.136889443516793e+03 
 5.011872336273092e+03  1.000000000000000e+00  0.000000000000000e+00  1.947896053498409e+02 -3.101268370008408e+03 
 5.069907082747417e+03  1.000000000000000e+00  0.000000000000000e+00  1.903512171460138e+02 -3.066045363863551e+03 
 5.128613839914026e+03  1.000000000000000e+00  0.000000000000000e+00  1.860130454696296e+02 -3.031216203131688e+03 
 5.188000389289994e+03  1.000000000000000e+00  0.000000000000000e+00  1.817728779313945e+02 -2.996776689878920e+03 
 5.248074602498114e+03  1.000000000000000e+00  0.000000000000000e+00  1.776285488623603e+02 -2.962722664134824e+03 
 5.308844442310276e+03  1.000000000000000e+00  0.000000000000000e+00  1.735778758870367e+02 -2.929050011590834e+03 
 5.370317963702924e+03  1.000000000000000e+00  0.000000000000000e+00  1.696187574482516e+02 -2.895754650980704e+03 
 5.432503314924734e+03  1.000000000000000e+00  0.000000000000000e+00  1.657491384756005e+02 -2.862832538230055e+03 
 5.495408738576652e+03  1.000000000000000e+00  0.000000000000000e+00  1.619670094415326e+02 -2.830279666321112e+03 
 5.559042572704448e+03  1.000000000000000e+00  0.000000000000000e+00  1.582704337792803e+02 -2.798092061819248e+03 
 5.623413251903908e+03  1.000000000000000e+00  0.000000000000000e+00  1.546574323849366e+02 -2.766265798426358e+03 
 5.688529308438837e+03  1.000000000000000e+00  0.000000000000000e+00  1.511261827209574e+02 -2.734796972956976e+03 
 5.754399373371997e+03  1.000000000000000e+00  0.000000000000000e+00  1.476748191270144e+02 -2.703681728869230e+03 
 5.821032177709148e+03  1.000000000000000e+00  0.000000000000000e+00  1.443015452640597e+02 -2.672916242610198e+03 
 5.888436553556328e+03  1.000000000000000e+00  0.000000000000000e+00  1.410046046971473e+02 -2.642496726879308e+03 
 5.956621435290549e+03  1.000000000000000e+00  0.000000000000000e+00  1.377823048223002e+02 -2.612419427707451e+03 
 6.025595860744027e+03  1.000000000000000e+00  0.000000000000000e+00  1.346329404812719e+02 -2.582680632759339e+03 
 6.095368972402147e+03  1.000000000000000e+00  0.000000000000000e+00  1.315548698096337e+02 -2.553276662502713e+03 
 6.165950018615283e+03  1.000000000000000e+00  0.000000000000000e+00  1.285464875422364e+02 -2.524203872939067e+03 
 6.237348354824660e+03  1.000000000000000e+00  0.000000000000000e+00  1.256062242126112e+02 -2.495458655417548e+03 
 6.309573444802405e+03  1.000000000000000e+00  0.000000000000000e+00  1.227325674229589e+02 -2.467037434143212e+03 
 6.382634861905965e+03  1.000000000000000e+00  0.000000000000000e+00  1.199239720208722e+02 -2.438936675436950e+03 
 6.456542290347040e+03  1.000000000000000e+00  0.000000000000000e+00  1.171790150325704e+02 -2.411152870943965e+03 
 6.531305526475215e+03  1.000000000000000e+00  0.000000000000000e+00  1.144962609267134e+02 -2.383682551741760e+03 
 6.606934480076457e+03  1.000000000000000e+00  0.000000000000000e+00  1.118742657195365e+02 -2.356522287426135e+03 
 6.683439175686650e+03  1.000000000000000e+00  0.000000000000000e+00  1.093116996559013e+02 -2.329668673138305e+03 
 6.760829753920328e+03  1.000000000000000e+00  0.000000000000000e+00  1.068072019479698e+02 -2.303118344308658e+03 
 6.839116472814810e+03  1.000000000000000e+00  0.000000000000000e+00  1.043594624923815e+02 -2.276867967923610e+03 
 6.918309709189888e+03  1.000000000000000e+00  0.000000000000000e+00  1.019672189040761e+02 -2.250914242665287e+03 
 6.998419960023265e+03  1.000000000000000e+00  0.000000000000000e+00  9.962918169870333e+01 -2.225253905939155e+03 
 7.079457843841916e+03  1.000000000000000e+00  0.000000000000000e+00  9.734416324897553e+01 -2.199883720947971e+03 
 7.161434102129563e+03  1.000000000000000e+00  0.000000000000000e+00  9.511096568297630e+01 -2.174800487384214e+03 
 7.244359600750450e+03  1.000000000000000e+00  0.000000000000000e+00  9.292838416768933e+01 -2.150001040737989e+03 
 7.328245331389598e+03  1.000000000000000e+00  0.000000000000000e+00  9.079530920852369e+01 -2.125482242167340e+03 
 7.413102413009738e+03  1.000000000000000e+00  0.000000000000000e+00  8.871060551824567e+01 -2.101240989851987e+03 
 7.498942093325129e+03  1.000000000000000e+00  0.000000000000000e+00  8.667319587690247e+01 -2.077274210720745e+03 
 7.585775750292415e+03  1.000000000000000e+00  0.000000000000000e+00  8.468199544271742e+01 -2.053578866262763e+03 
 7.673614893618774e+03  1.000000000000000e+00  0.000000000000000e+00  8.273595977585754e+01 -2.030151947815860e+03 
 7.762471166287509e+03  1.000000000000000e+00  0.000000000000000e+00  8.083406788150886e+01 -2.006990477837703e+03 
 7.852356346101316e+03  1.000000000000000e+00  0.000000000000000e+00  7.897533612828629e+01 -1.984091508346172e+03 
 7.943282347243421e+03  1.000000000000000e+00  0.000000000000000e+00  7.715877378709079e+01 -1.961452124693035e+03 
 8.035261221856787e+03  1.000000000000000e+00  0.000000000000000e+00  7.538344091497916e+01 -1.939069440001591e+03 
 8.128305161641614e+03  1.000000000000000e+00  0.000000000000000e+00  7.364839091173592e+01 -1.916940600006582e+03 
 8.222426499471341e+03  1.000000000000000e+00  0.000000000000000e+00  7.195271246726919e+01 -1.895062779079884e+03 
 8.317637711027348e+03  1.000000000000000e+00  0.000000000000000e+00  7.029552762783432e+01 -1.873433180118969e+03 
 8.413951416452597e+03  1.000000000000000e+00  0.000000000000000e+00  6.867595222897795e+01 -1.852049037675465e+03 
 8.511380382024419e+03  1.000000000000000e+00  0.000000000000000e+00  6.709313513651952e+01 -1.830907614273322e+03 
 8.609937521846668e+03  1.000000000000000e+00  0.000000000000000e+00  6.554625629958683e+01 -1.810006200368548e+03 
 8.709635899561477e+03  1.000000000000000e+00  0.000000000000000e+00  6.403448996258712e+01 -1.789342117075160e+03 
 8.810488730080820e+03  1.000000000000000e+00  0.000000000000000e+00  6.255705264127599e+01 -1.768912711924338e+03 
 8.912509381338143e+03  1.000000000000000e+00  0.000000000000000e+00  6.111315534008226e+01 -1.748715362532207e+03 
 9.015711376060264e+03  1.000000000000000e+00  0.000000000000000e+00  5.970203855214363e+01 -1.728747473417603e+03 
 9.120108393559802e+03  1.000000000000000e+00  0.000000000000000e+00  5.832297055055370e+01 -1.709006475913828e+03 
 9.225714271548344e+03  1.000000000000000e+00  0.000000000000000e+00  5.697522495737916e+01 -1.689489829673701e+03 
 9.332543007970631e+03  1.000000000000000e+00  0.000000000000000e+00  5.565808158727021e+01 -1.670195022300528e+03 
 9.440608762859963e+03  1.000000000000000e+00  0.000000000000000e+00  5.437084714248523e+01 -1.651119567457531e+03 
 9.549925860215099e+03  1.000000000000000e+00  0.000000000000000e+00  5.311285372903195e+01 -1.632261004710865e+03 
 9.660508789898882e+03  1.000000000000000e+00  0.000000000000000e+00  5.188343832548572e+01 -1.613616900872762e+03 
 9.772372209558866e+03  1.000000000000000e+00  0.000000000000000e+00  5.068193430370354e+01 -1.595184850314648e+03 
 9.885530946570156e+03  1.000000000000000e+00  0.000000000000000e+00  4.950773674453710e+01 -1.576962469825431e+03 
 1.000000000000078e+04  1.000000000000000e+00  0.000000000000000e+00  4.836020816453536e+01 -1.558947405374894e+03 
 1.011579454259977e+04  1.000000000000000e+00  0.000000000000000e+00  4.723875271264277e+01 -1.541137326337208e+03 
 1.023292992280834e+04  1.000000000000000e+00  0.000000000000000e+00  4.614277046537521e+01 -1.523529928585657e+03 
 1.035142166679424e+04  1.000000000000000e+00  0.000000000000000e+00  4.507168390107333e+01 -1.506122932311132e+03 
 1.047128548050981e+04  1.000000000000000e+00  0.000000000000000e+00  4.402494473952967e+01 -1.488914081286951e+03 
 1.059253725177371e+04  1.000000000000000e+00  0.000000000000000e+00  4.300198433811109e+01 -1.471901146147913e+03 
 1.071519305237690e+04  1.000000000000000e+00  0.000000000000000e+00  4.200226346907322e+01 -1.455081920570284e+03 
 1.083926914021288e+04  1.000000000000000e+00  0.000000000000000e+00  4.102527020838436e+01 -1.438454221207387e+03 
 1.096478196143271e+04  1.000000000000000e+00  0.000000000000000e+00  4.007047361991160e+01 -1.422015890670157e+03 
 1.109174815262488e+04  1.000000000000000e+00  0.000000000000000e+00  3.913737024703828e+01 -1.405764794008622e+03 
 1.122018454302051e+04  1.000000000000000e+00  0.000000000000000e+00  3.822547505753626e+01 -1.389698819135141e+03 
 1.135010815672404e+04  1.000000000000000e+00  0.000000000000000e+00  3.733430660962911e+01 -1.373815877584729e+03 
 1.148153621496973e+04  1.000000000000000e+00  0.000000000000000e+00  3.646339437922744e+01 -1.358113903746704e+03 
 1.161448613840434e+04  1.000000000000000e+00  0.000000000000000e+00  3.561227188973017e+01 -1.342590855105835e+03 
 1.174897554939622e+04  1.000000000000000e+00  0.000000000000000e+00  3.478050299211161e+01 -1.327244710235605e+03 
 1.188502227437112e+04  1.000000000000000e+00  0.000000000000000e+00  3.396762908656756e+01 -1.312073472053293e+03 
 1.202264434617508e+04  1.000000000000000e+00  0.000000000000000e+00  3.317324011230645e+01 -1.297075162929002e+03 
 1.216186000646464e+04  1.000000000000000e+00  0.000000000000000e+00  3.239691001230365e+01 -1.282247828658913e+03 
 1.230268770812479e+04  1.000000000000000e+00  0.000000000000000e+00  3.163822280621865e+01 -1.267589536517584e+03 
 1.244514611771483e+04  1.000000000000000e+00  0.000000000000000e+00  3.089678379826206e+01 -1.253098374333476e+03 
 1.258925411794267e+04  1.000000000000000e+00  0.000000000000000e+00  3.017220121840945e+01 -1.238772451439504e+03 
 1.273503081016763e+04  1.000000000000000e+00  0.000000000000000e+00  2.946409222213776e+01 -1.224609898009140e+03 
 1.288249551693236e+04  1.000000000000000e+00  0.000000000000000e+00  2.877208259029981e+01 -1.210608864930172e+03 
 1.303166778452403e+04  1.000000000000000e+00  0.000000000000000e+00  2.809580660726181e+01 -1.196767523528695e+03 
 1.318256738556512e+04  1.000000000000000e+00  0.000000000000000e+00  2.743490685291627e+01 -1.183084065373112e+03 
 1.333521432163430e+04  1.000000000000000e+00  0.000000000000000e+00  2.678903400571946e+01 -1.169556702074434e+03 
 1.348962882591761e+04  1.000000000000000e+00  0.000000000000000e+00  2.615784178425064e+01 -1.156183665366905e+03 
 1.364583136589033e+04  1.000000000000000e+00  0.000000000000000e+00  2.554100640607183e+01 -1.142963205721755e+03 
 1.380384264602995e+04  1.000000000000000e+00  0.000000000000000e+00  2.493819677622607e+01 -1.129893593938369e+03 
 1.396368361056049e+04  1.000000000000000e+00  0.000000000000000e+00  2.434909420343295e+01 -1.116973119722730e+03 
 1.412537544622867e+04  1.000000000000000e+00  0.000000000000000e+00  2.377338723327340e+01 -1.104200091792598e+03 
 1.428893958511217e+04  1.000000000000000e+00  0.000000000000000e+00  2.321077145152633e+01 -1.091572837710911e+03 
 1.445439770746043e+04  1.000000000000000e+00  0.000000000000000e+00  2.266094935894641e+01 -1.079089703655763e+03 
 1.462177174456835e+04  1.000000000000000e+00  0.000000000000000e+00  2.212363022192051e+01 -1.066749054217639e+03 
 1.479108388168326e+04  1.000000000000000e+00  0.000000000000000e+00  2.159853394847943e+01 -1.054549272005783e+03 
 1.496235656094553e+04  1.000000000000000e+00  0.000000000000000e+00  2.108537858915825e+01 -1.042488758146740e+03 
 1.513561248436329e+04  1.000000000000000e+00  0.000000000000000e+00  2.058389275936857e+01 -1.030565931361990e+03 
 1.531087461682153e+04  1.000000000000000e+00  0.000000000000000e+00  2.009381122623384e+01 -1.018779228043070e+03 
 1.548816618912606e+04  1.000000000000000e+00  0.000000000000000e+00  1.961487847386324e+01 -1.007127101857529e+03 
 1.566751070108275e+04  1.000000000000000e+00  0.000000000000000e+00  1.914683730835135e+01 -9.956080241715467e+02 
 1.584893192461241e+04  1.000000000000000e+00  0.000000000000000e+00  1.868944015721988e+01 -9.842204832456877e+02 
 1.603245390690170e+04  1.000000000000000e+00  0.000000000000000e+00  1.824244852523115e+01 -9.729629840738966e+02 
 1.621810097359060e+04  1.000000000000000e+00  0.000000000000000e+00  1.780562233621656e+01 -9.618340487851477e+02 
 1.640589773199671e+04  1.000000000000000e+00  0.000000000000000e+00  1.737873381008702e+01 -9.508322156847207e+02 
 1.659586907437694e+04  1.000000000000000e+00  0.000000000000000e+00  1.696155365745395e+01 -9.399560398350990e+02 
 1.678804018122696e+04  1.000000000000000e+00  0.000000000000000e+00  1.655386433568391e+01 -9.292040921393536e+02 
 1.698243652461881e+04  1.000000000000000e+00  0.000000000000000e+00  1.615544684086038e+01 -9.185749599109287e+02 
 1.717908387157727e+04  1.000000000000000e+00  0.000000000000000e+00  1.576609340376913e+01 -9.080672459595008e+02 
 1.737800828749516e+04  1.000000000000000e+00  0.000000000000000e+00  1.538559487397601e+01 -8.976795691259822e+02 
 1.757923613958835e+04  1.000000000000000e+00  0.000000000000000e+00  1.501375568713985e+01 -8.874105632969831e+02 
 1.778279410039067e+04  1.000000000000000e+00  0.000000000000000e+00  1.465037307839575e+01 -8.772588783468284e+02 
 1.798870915128933e+04  1.000000000000000e+00  0.000000000000000e+00  1.429525478229125e+01 -8.672231790074702e+02 
 1.819700858610131e+04  1.000000000000000e+00  0.000000000000000e+00  1.394821826876501e+01 -8.573021447542638e+02 
 1.840772001469105e+04  1.000000000000000e+00  0.000000000000000e+00  1.360907429300170e+01 -8.474944705010685e+02 
 1.862087136663018e+04  1.000000000000000e+00  0.000000000000000e+00  1.327764852695624e+01 -8.377988653022721e+02 
 1.883649089489953e+04  1.000000000000000e+00  0.000000000000000e+00  1.295376023755481e+01 -8.282140532899788e+02 
 1.905460717963402e+04  1.000000000000000e+00  0.000000000000000e+00  1.263724048970306e+01 -8.187387725736427e+02 
 1.927524913191092e+04  1.000000000000000e+00  0.000000000000000e+00  1.232792163366345e+01 -8.093717756132540e+02 
 1.949844599758204e+04  1.000000000000000e+00  0.000000000000000e+00  1.202564215281865e+01 -8.001118288399791e+02 
 1.972422736115014e+04  1.000000000000000e+00  0.000000000000000e+00  1.173023720785883e+01 -7.909577129370017e+02 
 1.995262314969042e+04  1.000000000000000e+00  0.000000000000000e+00  1.144155495112014e+01 -7.819082218767531e+02 
 2.018366363681725e+04  1.000000000000000e+00  0.000000000000000e+00  1.115944012806006e+01 -7.729621636059143e+02 
 2.041737944669696e+04  1.000000000000000e+00  0.000000000000000e+00  1.088374330869534e+01 -7.641183594019076e+02 
 2.065380155810698e+04  1.000000000000000e+00  0.000000000000000e+00  1.061432054000111e+01 -7.553756437589761e+02 
 2.089296130854210e+04  1.000000000000000e+00  0.000000000000000e+00  1.035102489565596e+01 -7.467328646508143e+02 
 2.113489039836820e+04  1.000000000000000e+00  0.000000000000000e+00  1.009372302382888e+01 -7.381888825536046e+02 
 2.137962089502407e+04  1.000000000000000e+00  0.000000000000000e+00  9.842274463588808e+00 -7.297425713498515e+02 
 2.162718523727198e+04  1.000000000000000e+00  0.000000000000000e+00  9.596546038781520e+00 -7.213928174257406e+02 
 2.187761623949732e+04  1.000000000000000e+00  0.000000000000000e+00  9.356409440697718e+00 -7.131385196998909e+02 
 2.213094709605820e+04  1.000000000000000e+00  0.000000000000000e+00  9.121737350172113e+00 -7.049785896297089e+02 
 2.238721138568524e+04  1.000000000000000e+00  0.000000000000000e+00  8.892403570095524e+00 -6.969119510852745e+02 
 2.264644307593246e+04  1.000000000000000e+00  0.000000000000000e+00  8.668288367123884e+00 -6.889375399369036e+02 
 2.290867652767962e+04  1.000000000000000e+00  0.000000000000000e+00  8.449272917917840e+00 -6.810543041983376e+02 
 2.317394649968670e+04  1.000000000000000e+00  0.000000000000000e+00  8.235242759349207e+00 -6.732612037186815e+02 
 2.344228815320116e+04  1.000000000000000e+00  0.000000000000000e+00  8.026081074611744e+00 -6.655572103679552e+02 
 2.371373705661851e+04  1.000000000000000e+00  0.000000000000000e+00  7.821678666420543e+00 -6.579413074305919e+02 
 2.398832919019689e+04  1.000000000000000e+00  0.000000000000000e+00  7.621927172060562e+00 -6.504124897928568e+02 
 2.426610095082616e+04  1.000000000000000e+00  0.000000000000000e+00  7.426720702483472e+00 -6.429697637266960e+02 
 2.454708915685234e+04  1.000000000000000e+00  0.000000000000000e+00  7.235957243235209e+00 -6.356121467200288e+02 
 2.483133105295776e+04  1.000000000000000e+00  0.000000000000000e+00  7.049534129778824e+00 -6.283386675339585e+02 
 2.511886431509789e+04  1.000000000000000e+00  0.000000000000000e+00  6.867353953487754e+00 -6.211483658052357e+02 
 2.540972705549516e+04  1.000000000000000e+00  0.000000000000000e+00  6.689318667212035e+00 -6.140402922194119e+02 
 2.570395782769077e+04  1.000000000000000e+00  0.000000000000000e+00  6.515335252625383e+00 -6.070135080845412e+02 
 2.600159563165488e+04  1.000000000000000e+00  0.000000000000000e+00  6.345310080107043e+00 -6.000670855113578e+02 
 2.630267991895601e+04  1.000000000000000e+00  0.000000000000000e+00  6.179155608994509e+00 -5.932001069353054e+02 
 2.660725059799031e+04  1.000000000000000e+00  0.000000000000000e+00  6.016781087806664e+00 -5.864116654768486e+02 
 2.691534803927140e+04  1.000000000000000e+00  0.000000000000000e+00  5.858101688786455e+00 -5.797008643670238e+02 
 2.722701308078139e+04  1.000000000000000e+00  0.000000000000000e+00  5.703033234117616e+00 -5.730668170854236e+02 
 2.754228703338396e+04  1.000000000000000e+00  0.000000000000000e+00  5.551493466240808e+00 -5.665086471816920e+02 
 2.786121168630003e+04  1.000000000000000e+00  0.000000000000000e+00  5.403403148487060e+00 -5.600254881083654e+02 
 2.818382931264689e+04  1.000000000000000e+00  0.000000000000000e+00  5.258682531318764e+00 -5.536164832852786e+02 
 2.851018267504148e+04  1.000000000000000e+00  0.000000000000000e+00  5.117254859720401e+00 -5.472807858028923e+02 
 2.884031503126847e+04  1.000000000000000e+00  0.000000000000000e+00  4.979046191515454e+00 -5.410175583387409e+02 
 2.917427014001411e+04  1.000000000000000e+00  0.000000000000000e+00  4.843982113719774e+00 -5.348259731873403e+02 
 2.951209226666633e+04  1.000000000000000e+00  0.000000000000000e+00  4.711993042845767e+00 -5.287052119059255e+02 
 2.985382618918210e+04  1.000000000000000e+00  0.000000000000000e+00  4.583006851130309e+00 -5.226544655666916e+02 
 3.019951720402270e+04  1.000000000000000e+00  0.000000000000000e+00  4.456956119786516e+00 -5.166729342907905e+02 
 3.054921113215770e+04  1.000000000000000e+00  0.000000000000000e+00  4.333773948387525e+00 -5.107598273491965e+02 
 3.090295432513850e+04  1.000000000000000e+00  0.000000000000000e+00  4.213395894293614e+00 -5.049143629639429e+02 
 3.126079367124218e+04  1.000000000000000e+00  0.000000000000000e+00  4.095757100827440e+00 -4.991357683503358e+02 
 3.162277660168646e+04  1.000000000000000e+00  0.000000000000000e+00  3.980795144080976e+00 -4.934232794714185e+02 
 3.198895109691668e+04  1.000000000000000e+00  0.000000000000000e+00  3.868449895241412e+00 -4.877761409403857e+02 
 3.235936569296556e+04  1.000000000000000e+00  0.000000000000000e+00  3.758660837033693e+00 -4.821936060643643e+02 
 3.273406948788658e+04  1.000000000000000e+00  0.000000000000000e+00  3.651371383882180e+00 -4.766749365200151e+02 
 3.311311214826191e+04  1.000000000000000e+00  0.000000000000000e+00  3.546522882767322e+00 -4.712194025639050e+02 
 3.349654391578559e+04  1.000000000000000e+00  0.000000000000000e+00  3.444061305693927e+00 -4.658262825899131e+02 
 3.388441561392312e+04  1.000000000000000e+00  0.000000000000000e+00  3.343931418590436e+00 -4.604948633500640e+02 
 3.427677865464793e+04  1.000000000000000e+00  0.000000000000000e+00  3.246080066411767e+00 -4.552244396651928e+02 
 3.467368504525610e+04  1.000000000000000e+00  0.000000000000000e+00  3.150456046154033e+00 -4.500143143554114e+02 
 3.507518739525977e+04  1.000000000000000e+00  0.000000000000000e+00  3.057008547878010e+00 -4.448637982305947e+02 
 3.548133892336055e+04  1.000000000000000e+00  0.000000000000000e+00  2.965687217948758e+00 -4.397722099873416e+02 
 3.589219346450356e+04  1.000000000000000e+00  0.000000000000000e+00  2.876444974944216e+00 -4.347388759720447e+02 
 3.630780547701321e+04  1.000000000000000e+00  0.000000000000000e+00  2.789233691548874e+00 -4.297631303253840e+02 
 3.672823004981158e+04  1.000000000000000e+00  0.000000000000000e+00  2.704007049299100e+00 -4.248443147350132e+02 
 3.715352290972041e+04  1.000000000000000e+00  0.000000000000000e+00  2.620719784540196e+00 -4.199817784020433e+02 
 3.758374042884761e+04  1.000000000000000e+00  0.000000000000000e+00  2.539328931612191e+00 -4.151748778704190e+02 
 3.801893963205935e+04  1.000000000000000e+00  0.000000000000000e+00  2.459789957009024e+00 -4.104229771611098e+02 
 3.845917820453863e+04  1.000000000000000e+00  0.000000000000000e+00  2.382061836076481e+00 -4.057254474148144e+02 
 3.890451449943137e+04  1.000000000000000e+00  0.000000000000000e+00  2.306102049495927e+00 -4.010816670717958e+02 
 3.935500754558110e+04  1.000000000000000e+00  0.000000000000000e+00  2.231871428551570e+00 -3.964910215337780e+02 
 3.981071705535313e+04  1.000000000000000e+00  0.000000000000000e+00  2.159330498665882e+00 -3.919529032767838e+02 
 4.027170343254935e+04  1.000000000000000e+00  0.000000000000000e+00  2.088440688352848e+00 -3.874667117079235e+02 
 4.073802778041476e+04  1.000000000000000e+00  0.000000000000000e+00  2.019164309546450e+00 -3.830318530841547e+02 
 4.120975190973654e+04  1.000000000000000e+00  0.000000000000000e+00  1.951464536794117e+00 -3.786477404360612e+02 
 4.168693834703711e+04  1.000000000000000e+00  0.000000000000000e+00  1.885305388904422e+00 -3.743137934871751e+02 
 4.216965034286184e+04  1.000000000000000e+00  0.000000000000000e+00  1.820652704686462e+00 -3.700294385371607e+02 
 4.265795188016292e+04  1.000000000000000e+00  0.000000000000000e+00  1.757471084651597e+00 -3.657941085349256e+02 
 4.315190768278023e+04  1.000000000000000e+00  0.000000000000000e+00  1.695727917323015e+00 -3.616072427929477e+02 
 4.365158322402035e+04  1.000000000000000e+00  0.000000000000000e+00  1.635389404609107e+00 -3.574682871318528e+02 
 4.415704473533505e+04  1.000000000000000e+00  0.000000000000000e+00  1.576424869105688e+00 -3.533766935615159e+02 
 4.466835921510016e+04  1.000000000000000e+00  0.000000000000000e+00  1.518802012039299e+00 -3.493319204802592e+02 
 4.518559443749613e+04  1.000000000000000e+00  0.000000000000000e+00  1.462491078678400e+00 -3.453334323672378e+02 
 4.570881896149144e+04  1.000000000000000e+00  0.000000000000000e+00  1.407461659019961e+00 -3.413806998910519e+02 
 4.623810213993002e+04  1.000000000000000e+00  0.000000000000000e+00  1.353684902623435e+00 -3.374731997112428e+02 
 4.677351412872386e+04  1.000000000000000e+00  0.000000000000000e+00  1.301131778660900e+00 -3.336104145109402e+02 
 4.731512589615214e+04  1.000000000000000e+00  0.000000000000000e+00  1.249775140766934e+00 -3.297918328120321e+02 
 4.786300923226798e+04  1.000000000000000e+00  0.000000000000000e+00  1.199587635740073e+00 -3.260169490191130e+02 
 4.841723675841413e+04  1.000000000000000e+00  0.000000000000000e+00  1.150542157357195e+00 -3.222852633371006e+02 
 4.897788193684887e+04  1.000000000000000e+00  0.000000000000000e+00  1.102613359938352e+00 -3.185962816105214e+02 
 4.954501908048333e+04  1.000000000000000e+00  0.000000000000000e+00  1.055775343047551e+00 -3.149495153893481e+02 
 5.011872336273159e+04  1.000000000000000e+00  0.000000000000000e+00  1.010003176978874e+00 -3.113444817891701e+02 
 5.069907082747485e+04  1.000000000000000e+00  0.000000000000000e+00  9.652731993234848e-01 -3.077807033886547e+02 
 5.128613839914095e+04  1.000000000000000e+00  0.000000000000000e+00  9.215612272332062e-01 -3.042577082893155e+02 
 5.188000389290063e+04  1.000000000000000e+00  0.000000000000000e+00  8.788443181613080e-01 -3.007750299397438e+02 
 5.248074602498184e+04  1.000000000000000e+00  0.000000000000000e+00  8.370993885696874e-01 -2.973322071569879e+02 
 5.308844442310347e+04  1.000000000000000e+00  0.000000000000000e+00  7.963051690685256e-01 -2.939287839493006e+02 
 5.370317963702997e+04  1.000000000000000e+00  0.000000000000000e+00  7.564392722163457e-01 -2.905643096333895e+02 
 5.432503314924808e+04  1.000000000000000e+00  0.000000000000000e+00  7.174807737000998e-01 -2.872383386101742e+02 
 5.495408738576727e+04  1.000000000000000e+00  0.000000000000000e+00  6.794089120428031e-01 -2.839504304013070e+02 
 5.559042572704524e+04  1.000000000000000e+00  0.000000000000000e+00  6.422039809523109e-01 -2.807001495168538e+02 
 5.623413251903985e+04  1.000000000000000e+00  0.000000000000000e+00  6.058458438628391e-01 -2.774870655003728e+02 
 5.688529308438914e+04  1.000000000000000e+00  0.000000000000000e+00  5.703151223761130e-01 -2.743107527939944e+02 
 5.754399373372075e+04  1.000000000000000e+00  0.000000000000000e+00  5.355934207978519e-01 -2.711707906690069e+02 
 5.821032177709226e+04  1.000000000000000e+00  0.000000000000000e+00  5.016619425272778e-01 -2.680667632584667e+02 
 5.888436553556408e+04  1.000000000000000e+00  0.000000000000000e+00  4.685031120353957e-01 -2.649982593943265e+02 
 5.956621435290630e+04  1.000000000000000e+00  0.000000000000000e+00  4.360987206568757e-01 -2.619648726767143e+02 
 6.025595860744109e+04  1.000000000000000e+00  0.000000000000000e+00  4.044322389278914e-01 -2.589662012651448e+02 
 6.095368972402230e+04  1.000000000000000e+00  0.000000000000000e+00  3.734862701967623e-01 -2.560018479979796e+02 
 6.165950018615367e+04  1.000000000000000e+00  0.000000000000000e+00  3.432450232509585e-01 -2.530714201648844e+02 
 6.237348354824744e+04  1.000000000000000e+00  0.000000000000000e+00  3.136921068519765e-01 -2.501745296154157e+02 
 6.309573444802491e+04  1.000000000000000e+00  0.000000000000000e+00  2.848117474052629e-01 -2.473107926190339e+02 
 6.382634861906052e+04  1.000000000000000e+00  0.000000000000000e+00  2.565889728729611e-01 -2.444798297968569e+02 
 6.456542290347127e+04  1.000000000000000e+00  0.000000000000000e+00  2.290087000790408e-01 -2.416812661384959e+02 
 6.531305526475303e+04  1.000000000000000e+00  0.000000000000000e+00  2.020561932162838e-01 -2.389147309252359e+02 
 6.606934480076547e+04  1.000000000000000e+00  0.000000000000000e+00  1.757172623790365e-01 -2.361798576545777e+02 
 6.683439175686739e+04  1.000000000000000e+00  0.000000000000000e+00  1.499778311067202e-01 -2.334762840347352e+02 
 6.760829753920418e+04  1.000000000000000e+00  0.000000000000000e+00  1.248245386443086e-01 -2.308036518826525e+02 
 6.839116472814901e+04  1.000000000000000e+00  0.000000000000000e+00  1.002437360221232e-01 -2.281616071539562e+02 
 6.918309709189981e+04  1.000000000000000e+00  0.000000000000000e+00  7.622247447285985e-02 -2.255497998255826e+02 
 6.998419960023358e+04  1.000000000000000e+00  0.000000000000000e+00  5.274809215118515e-02 -2.229678838767439e+02 
 7.079457843842010e+04  1.000000000000000e+00  0.000000000000000e+00  2.980803117448183e-02 -2.204155172537781e+02 
 7.161434102129658e+04  1.000000000000000e+00  0.000000000000000e+00  7.390197386472149e-03 -2.178923618034644e+02 
 7.244359600750546e+04  1.000000000000000e+00  0.000000000000000e+00 -1.451723450175065e-02 -2.153980832371440e+02 
 7.328245331389694e+04  1.000000000000000e+00  0.000000000000000e+00 -3.592582748758876e-02 -2.129323510904069e+02 
 7.413102413009836e+04  1.000000000000000e+00  0.000000000000000e+00 -5.684721135178757e-02 -2.104948387035923e+02 
 7.498942093325227e+04  1.000000000000000e+00  0.000000000000000e+00 -7.729210172987327e-02 -2.080852230994128e+02 
 7.585775750292515e+04  1.000000000000000e+00  0.000000000000000e+00 -9.727177134914868e-02 -2.057031850592331e+02 
 7.673614893618875e+04  1.000000000000000e+00  0.000000000000000e+00 -1.167964538164532e-01 -2.033484089490129e+02 
 7.762471166287611e+04  1.000000000000000e+00  0.000000000000000e+00 -1.358766200348841e-01 -2.010205827869792e+02 
 7.852356346101420e+04  1.000000000000000e+00  0.000000000000000e+00 -1.545223520278952e-01 -1.987193981419769e+02 
 7.943282347243527e+04  1.000000000000000e+00  0.000000000000000e+00 -1.727436486944691e-01 -1.964445501249840e+02 
 8.035261221856893e+04  1.000000000000000e+00  0.000000000000000e+00 -1.905501382707872e-01 -1.941957373211715e+02 
 8.128305161641721e+04  1.000000000000000e+00  0.000000000000000e+00 -2.079510994937957e-01 -1.919726617509283e+02 
 8.222426499471450e+04  1.000000000000000e+00  0.000000000000000e+00 -2.249560081049387e-01 -1.897750288773496e+02 
 8.317637711027457e+04  1.000000000000000e+00  0.000000000000000e+00 -2.415735956187674e-01 -1.876025474872725e+02 
 8.413951416452706e+04  1.000000000000000e+00  0.000000000000000e+00 -2.578129189994188e-01 -1.854549297435243e+02 
 8.511380382024529e+04  1.000000000000000e+00  0.000000000000000e+00 -2.736824464671744e-01 -1.833318910663133e+02 
 8.609937521846780e+04  1.000000000000000e+00  0.000000000000000e+00 -2.891907056207930e-01 -1.812331501541921e+02 
 8.709635899561590e+04  1.000000000000000e+00  0.000000000000000e+00 -3.043457902098672e-01 -1.791584289016593e+02 
 8.810488730080934e+04  1.000000000000000e+00  0.000000000000000e+00 -3.191558497108895e-01 -1.771074524038563e+02 
 8.912509381338258e+04  1.000000000000000e+00  0.000000000000000e+00 -3.336286193379118e-01 -1.750799488818508e+02 
 9.015711376060382e+04  1.000000000000000e+00  0.000000000000000e+00 -3.477718870337476e-01 -1.730756496839178e+02 
 9.120108393559921e+04  1.000000000000000e+00  0.000000000000000e+00 -3.615931516356866e-01 -1.710942892227674e+02 
 9.225714271548465e+04  1.000000000000000e+00  0.000000000000000e+00 -3.750995341889086e-01 -1.691356049275542e+02 
 9.332543007970754e+04  1.000000000000000e+00  0.000000000000000e+00 -3.882985212835462e-01 -1.671993372832032e+02 
 9.440608762860087e+04  1.000000000000000e+00  0.000000000000000e+00 -4.011968103844109e-01 -1.652852296817516e+02 
 9.549925860215223e+04  1.000000000000000e+00  0.000000000000000e+00 -4.138014566958283e-01 -1.633930284990771e+02 
 9.660508789899008e+04  1.000000000000000e+00  0.000000000000000e+00 -4.261189622401843e-01 -1.615224829784774e+02 
 9.772372209558992e+04  1.000000000000000e+00  0.000000000000000e+00 -4.381559741149018e-01 -1.596733452542964e+02 
 9.885530946570286e+04  1.000000000000000e+00  0.000000000000000e+00 -4.499188923772769e-01 -1.578453702902389e+02 
 1.000000000000091e+05  1.000000000000000e+00  0.000000000000000e+00 -4.614138836496623e-01 -1.560383158446708e+02 
 1.011579454259990e+05  1.000000000000000e+00  0.000000000000000e+00 -4.726470678281489e-01 -1.542519424538029e+02 
 1.023292992280847e+05  1.000000000000000e+00  0.000000000000000e+00 -4.836244268065202e-01 -1.524860133965633e+02 
 1.035142166679438e+05  1.000000000000000e+00  0.000000000000000e+00 -4.943518064258184e-01 -1.507402946562995e+02 
 1.047128548050995e+05  1.000000000000000e+00  0.000000000000000e+00 -5.048347580753452e-01 -1.490145548784998e+02 
 1.059253725177385e+05  1.000000000000000e+00  0.000000000000000e+00 -5.150789564585797e-01 -1.473085653826200e+02 
 1.071519305237704e+05  1.000000000000000e+00  0.000000000000000e+00 -5.250897863853270e-01 -1.456221000841313e+02 
 1.083926914021303e+05  1.000000000000000e+00  0.000000000000000e+00 -5.348725916610070e-01 -1.439549354956998e+02 
 1.096478196143285e+05  1.000000000000000e+00  0.000000000000000e+00 -5.444325204573862e-01 -1.423068506786267e+02 
 1.109174815262503e+05  1.000000000000000e+00  0.000000000000000e+00 -5.537746808977438e-01 -1.406776272288136e+02 
 1.122018454302066e+05  1.000000000000000e+00  0.000000000000000e+00 -5.629039941446271e-01 -1.390670492343695e+02 
 1.135010815672419e+05  1.000000000000000e+00  0.000000000000000e+00 -5.718253427745562e-01 -1.374749032603391e+02 
 1.148153621496988e+05  1.000000000000000e+00  0.000000000000000e+00 -5.805433629151266e-01 -1.359009782990644e+02 
 1.161448613840449e+05  1.000000000000000e+00  0.000000000000000e+00 -5.890627917651593e-01 -1.343450657801610e+02 
 1.174897554939637e+05  1.000000000000000e+00  0.000000000000000e+00 -5.973880599832534e-01 -1.328069594959918e+02 
 1.188502227437128e+05  1.000000000000000e+00  0.000000000000000e+00 -6.055236316636680e-01 -1.312864556146272e+02 
 1.202264434617523e+05  1.000000000000000e+00  0.000000000000000e+00 -6.134738067016393e-01 -1.297833526278746e+02 
 1.216186000646480e+05  1.000000000000000e+00  0.000000000000000e+00 -6.212427904685450e-01 -1.282974513337541e+02 
 1.230268770812495e+05  1.000000000000000e+00  0.000000000000000e+00 -6.288346956266779e-01 -1.268285548092120e+02 
 1.244514611771500e+05  1.000000000000000e+00  0.000000000000000e+00 -6.362535440978080e-01 -1.253764683845008e+02 
 1.258925411794283e+05  1.000000000000000e+00  0.000000000000000e+00 -6.435033250899375e-01 -1.239409996244288e+02 
 1.273503081016779e+05  1.000000000000000e+00  0.000000000000000e+00 -6.505878257910253e-01 -1.225219582807544e+02 
 1.288249551693253e+05  1.000000000000000e+00  0.000000000000000e+00 -6.575108607568561e-01 -1.211191562974432e+02 
 1.303166778452420e+05  1.000000000000000e+00  0.000000000000000e+00 -6.642759988980085e-01 -1.197324077492929e+02 
 1.318256738556529e+05  1.000000000000000e+00  0.000000000000000e+00 -6.708869419249519e-01 -1.183615288654404e+02 
 1.333521432163448e+05  1.000000000000000e+00  0.000000000000000e+00 -6.773471017659880e-01 -1.170063379504950e+02 
 1.348962882591779e+05  1.000000000000000e+00  0.000000000000000e+00 -6.836599679681066e-01 -1.156666554078428e+02 
 1.364583136589051e+05  1.000000000000000e+00  0.000000000000000e+00 -6.898288055909432e-01 -1.143423036783435e+02 
 1.380384264603013e+05  1.000000000000000e+00  0.000000000000000e+00 -6.958569998621857e-01 -1.130331072581691e+02 
 1.396368361056068e+05  1.000000000000000e+00  0.000000000000000e+00 -7.017476710214264e-01 -1.117388926220597e+02 
 1.412537544622886e+05  1.000000000000000e+00  0.000000000000000e+00 -7.075039653865578e-01 -1.104594882580782e+02 
 1.428893958511236e+05  1.000000000000000e+00  0.000000000000000e+00 -7.131289143913093e-01 -1.091947245954717e+02 
 1.445439770746062e+05  1.000000000000000e+00  0.000000000000000e+00 -7.186255269721293e-01 -1.079444340149370e+02 
 1.462177174456854e+05  1.000000000000000e+00  0.000000000000000e+00 -7.239967025388576e-01 -1.067084508091803e+02 
 1.479108388168345e+05  1.000000000000000e+00  0.000000000000000e+00 -7.292452777663071e-01 -1.054866111665180e+02 
 1.496235656094573e+05  1.000000000000000e+00  0.000000000000000e+00 -7.343740678999816e-01 -1.042787531579452e+02 
 1.513561248436349e+05  1.000000000000000e+00  0.000000000000000e+00 -7.393857851153576e-01 -1.030847166986405e+02 
 1.531087461682173e+05  1.000000000000000e+00  0.000000000000000e+00 -7.442830827520532e-01 -1.019043435368640e+02 
 1.548816618912626e+05  1.000000000000000e+00  0.000000000000000e+00 -7.490685192564969e-01 -1.007374772265849e+02 
 1.566751070108296e+05  1.000000000000000e+00  0.000000000000000e+00 -7.537446721521990e-01 -9.958396312205140e+01 
 1.584893192461262e+05  1.000000000000000e+00  0.000000000000000e+00 -7.583140247545430e-01 -9.844364834359442e+01 
 1.603245390690191e+05  1.000000000000000e+00  0.000000000000000e+00 -7.627789709641546e-01 -9.731638175286510e+01 
 1.621810097359082e+05  1.000000000000000e+00  0.000000000000000e+00 -7.671418885386954e-01 -9.620201394902985e+01 
 1.640589773199693e+05  1.000000000000000e+00  0.000000000000000e+00 -7.714051025394317e-01 -9.510039723857869e+01 
 1.659586907437716e+05  1.000000000000000e+00  0.000000000000000e+00 -7.755708867673016e-01 -9.401138561946900e+01 
 1.678804018122718e+05  1.000000000000000e+00  0.000000000000000e+00 -7.796414014608649e-01 -9.293483475004524e+01 
 1.698243652461904e+05  1.000000000000000e+00  0.000000000000000e+00 -7.836188557405342e-01 -9.187060195484916e+01 
 1.717908387157749e+05  1.000000000000000e+00  0.000000000000000e+00 -7.875053169699622e-01 -9.081854617701936e+01 
 1.737800828749539e+05  1.000000000000000e+00  0.000000000000000e+00 -7.913028693382889e-01 -8.977852798262175e+01 
 1.757923613958858e+05  1.000000000000000e+00  0.000000000000000e+00 -7.950135216145331e-01 -8.875040952929376e+01 
 1.778279410039090e+05  1.000000000000000e+00  0.000000000000000e+00 -7.986392394733650e-01 -8.773405455248337e+01 
 1.798870915128957e+05  1.000000000000000e+00  0.000000000000000e+00 -8.021819736273527e-01 -8.672932835038044e+01 
 1.819700858610155e+05  1.000000000000000e+00  0.000000000000000e+00 -8.056435501378164e-01 -8.573609774917874e+01 
 1.840772001469129e+05  1.000000000000000e+00  0.000000000000000e+00 -8.090258380859652e-01 -8.475423111328489e+01 
 1.862087136663043e+05  1.000000000000000e+00  0.000000000000000e+00 -8.123306125733385e-01 -8.378359830290341e+01 
 1.883649089489978e+05  1.000000000000000e+00  0.000000000000000e+00 -8.155596370646344e-01 -8.282407067434892e+01 
 1.905460717963427e+05  1.000000000000000e+00  0.000000000000000e+00 -8.187146362493638e-01 -8.187552105436086e+01 
 1.927524913191118e+05  1.000000000000000e+00  0.000000000000000e+00 -8.217972729717932e-01 -8.093782372053431e+01 
 1.949844599758230e+05  1.000000000000000e+00  0.000000000000000e+00 -8.248091751556355e-01 -8.001085438990322e+01 
 1.972422736115040e+05  1.000000000000000e+00  0.000000000000000e+00 -8.277519362900394e-01 -7.909449020132398e+01 
 1.995262314969068e+05  1.000000000000000e+00  0.000000000000000e+00 -8.306271159690647e-01 -7.818860969866681e+01 
 2.018366363681752e+05  1.000000000000000e+00  0.000000000000000e+00 -8.334362407417991e-01 -7.729309281771222e+01 
 2.041737944669723e+05  1.000000000000000e+00  0.000000000000000e+00 -8.361808257821223e-01 -7.640782087143042e+01 
 2.065380155810725e+05  1.000000000000000e+00  0.000000000000000e+00 -8.388623103851320e-01 -7.553267652151386e+01 
 2.089296130854238e+05  1.000000000000000e+00  0.000000000000000e+00 -8.414820840068353e-01 -7.466754376982958e+01 
 2.113489039836848e+05  1.000000000000000e+00  0.000000000000000e+00 -8.440415885744594e-01 -7.381230796154672e+01 
 2.137962089502436e+05  1.000000000000000e+00  0.000000000000000e+00 -8.465421343315602e-01 -7.296685573271029e+01 
 2.162718523727226e+05  1.000000000000000e+00  0.000000000000000e+00 -8.489850833136983e-01 -7.213107503455622e+01 
 2.187761623949761e+05  1.000000000000000e+00  0.000000000000000e+00 -8.513717103277371e-01 -7.130485508682881e+01 
 2.213094709605849e+05  1.000000000000000e+00  0.000000000000000e+00 -8.537033011020340e-01 -7.048808638554202e+01 
 2.238721138568553e+05  1.000000000000000e+00  0.000000000000000e+00 -8.559810595250580e-01 -6.968066066800347e+01 
 2.264644307593276e+05  1.000000000000000e+00  0.000000000000000e+00 -8.582062185534320e-01 -6.888247092266384e+01 
 2.290867652767992e+05  1.000000000000000e+00  0.000000000000000e+00 -8.603799494714051e-01 -6.809341135354131e+01 
 2.317394649968700e+05  1.000000000000000e+00  0.000000000000000e+00 -8.625033996611757e-01 -6.731337737646705e+01 
 2.344228815320146e+05  1.000000000000000e+00  0.000000000000000e+00 -8.645777090241785e-01 -6.654226560720123e+01 
 2.371373705661882e+05  1.000000000000000e+00  0.000000000000000e+00 -8.666039768923711e-01 -6.577997384165133e+01 
 2.398832919019720e+05  1.000000000000000e+00  0.000000000000000e+00 -8.685832638835300e-01 -6.502640103720638e+01 
 2.426610095082648e+05  1.000000000000000e+00  0.000000000000000e+00 -8.705166252221724e-01 -6.428144732128598e+01 
 2.454708915685266e+05  1.000000000000000e+00  0.000000000000000e+00 -8.724050784844215e-01 -6.354501395147275e+01 
 2.483133105295808e+05  1.000000000000000e+00  0.000000000000000e+00 -8.742496497030281e-01 -6.281700332476183e+01 
 2.511886431509821e+05  1.000000000000000e+00  0.000000000000000e+00 -8.760512995805012e-01 -6.209731894494645e+01 
 2.540972705549549e+05  1.000000000000000e+00  0.000000000000000e+00 -8.778109701287594e-01 -6.138586542032122e+01 
 2.570395782769111e+05  1.000000000000000e+00  0.000000000000000e+00 -8.795296253287598e-01 -6.068254846081687e+01 
 2.600159563165522e+05  1.000000000000000e+00  0.000000000000000e+00 -8.812081411253279e-01 -5.998727483725900e+01 
 2.630267991895634e+05  1.000000000000000e+00  0.000000000000000e+00 -8.828474424904409e-01 -5.929995240614942e+01 
 2.660725059799065e+05  1.000000000000000e+00  0.000000000000000e+00 -8.844483825289409e-01 -5.862049006388558e+01 
 2.691534803927175e+05  1.000000000000000e+00  0.000000000000000e+00 -8.860118102414081e-01 -5.794879775244078e+01 
 2.722701308078174e+05  1.000000000000000e+00  0.000000000000000e+00 -8.875385452830963e-01 -5.728478644192976e+01 
 2.754228703338432e+05  1.000000000000000e+00  0.000000000000000e+00 -8.890294146645067e-01 -5.662836812630645e+01 
 2.786121168630039e+05  1.000000000000000e+00  0.000000000000000e+00 -8.904851929987396e-01 -5.597945579892001e+01 
 2.818382931264726e+05  1.000000000000000e+00  0.000000000000000e+00 -8.919066738431940e-01 -5.533796345657937e+01 
 2.851018267504185e+05  1.000000000000000e+00  0.000000000000000e+00 -8.932945893049814e-01 -5.470380606873759e+01 
 2.884031503126885e+05  1.000000000000000e+00  0.000000000000000e+00 -8.946496795638829e-01 -5.407689958337310e+01 
 2.917427014001449e+05  1.000000000000000e+00  0.000000000000000e+00 -8.959726800651356e-01 -5.345716091331817e+01 
 2.951209226666671e+05  1.000000000000000e+00  0.000000000000000e+00 -8.972642692754877e-01 -5.284450791054803e+01 
 2.985382618918249e+05  1.000000000000000e+00  0.000000000000000e+00 -8.985251436360159e-01 -5.223885937583265e+01 
 3.019951720402309e+05  1.000000000000000e+00  0.000000000000000e+00 -8.997559750196606e-01 -5.164013503593562e+01 
 3.054921113215809e+05  1.000000000000000e+00  0.000000000000000e+00 -9.009574024381261e-01 -5.104825552998166e+01 
 3.090295432513891e+05  1.000000000000000e+00  0.000000000000000e+00 -9.021300812118644e-01 -5.046314241504101e+01 
 3.126079367124258e+05  1.000000000000000e+00  0.000000000000000e+00 -9.032746155240542e-01 -4.988471813108413e+01 
 3.162277660168686e+05  1.000000000000000e+00  0.000000000000000e+00 -9.043916349993361e-01 -4.931290602368683e+01 
 3.198895109691709e+05  1.000000000000000e+00  0.000000000000000e+00 -9.054817110482597e-01 -4.874763029517371e+01 
 3.235936569296597e+05  1.000000000000000e+00  0.000000000000000e+00 -9.065454224133107e-01 -4.818881602299658e+01 
 3.273406948788700e+05  1.000000000000000e+00  0.000000000000000e+00 -9.075833446719092e-01 -4.763638914418448e+01 
 3.311311214826233e+05  1.000000000000000e+00  0.000000000000000e+00 -9.085960249775968e-01 -4.709027643828346e+01 
 3.349654391578603e+05  1.000000000000000e+00  0.000000000000000e+00 -9.095839998895699e-01 -4.655040552221122e+01 
 3.388441561392356e+05  1.000000000000000e+00  0.000000000000000e+00 -9.105477954706775e-01 -4.601670484146424e+01 
 3.427677865464838e+05  1.000000000000000e+00  0.000000000000000e+00 -9.114879121163570e-01 -4.548910365545100e+01 
 3.467368504525655e+05  1.000000000000000e+00  0.000000000000000e+00 -9.124048634087484e-01 -4.496753203959967e+01 
 3.507518739526023e+05  1.000000000000000e+00  0.000000000000000e+00 -9.132991228576014e-01 -4.445192086033821e+01 
 3.548133892336102e+05  1.000000000000000e+00  0.000000000000000e+00 -9.141711768806721e-01 -4.394220178190946e+01 
 3.589219346450404e+05  1.000000000000000e+00  0.000000000000000e+00 -9.150214738602226e-01 -4.343830724115218e+01 
 3.630780547701370e+05  1.000000000000000e+00  0.000000000000000e+00 -9.158504815548472e-01 -4.294017045727498e+01 
 3.672823004981207e+05  1.000000000000000e+00  0.000000000000000e+00 -9.166586241982191e-01 -4.244772540015016e+01 
 3.715352290972091e+05  1.000000000000000e+00  0.000000000000000e+00 -9.174463452897138e-01 -4.196090681004171e+01 
 3.758374042884811e+05  1.000000000000000e+00  0.000000000000000e+00 -9.182140528762521e-01 -4.147965015837401e+01 
 3.801893963205986e+05  1.000000000000000e+00  0.000000000000000e+00 -9.189621541710528e-01 -4.100389165944012e+01 
 3.845917820453914e+05  1.000000000000000e+00  0.000000000000000e+00 -9.196910486012950e-01 -4.053356825813064e+01 
 3.890451449943190e+05  1.000000000000000e+00  0.000000000000000e+00 -9.204011217718179e-01 -4.006861761764900e+01 
 3.935500754558163e+05  1.000000000000000e+00  0.000000000000000e+00 -9.210927577222762e-01 -3.960897811642593e+01 
 3.981071705535366e+05  1.000000000000000e+00  0.000000000000000e+00 -9.217663100801010e-01 -3.915458883005239e+01 
 4.027170343254989e+05  1.000000000000000e+00  0.000000000000000e+00 -9.224221486609414e-01 -3.870538953923338e+01 
 4.073802778041530e+05  1.000000000000000e+00  0.000000000000000e+00 -9.230606191787037e-01 -3.826132070746473e+01 
 4.120975190973710e+05  1.000000000000000e+00  0.000000000000000e+00 -9.236820555934954e-01 -3.782232347695485e+01 
 4.168693834703767e+05  1.000000000000000e+00  0.000000000000000e+00 -9.242867856752807e-01 -3.738833966216443e+01 
 4.216965034286241e+05  1.000000000000000e+00  0.000000000000000e+00 -9.248751416399846e-01 -3.695931175187071e+01 
 4.265795188016350e+05  1.000000000000000e+00  0.000000000000000e+00 -9.254474284442014e-01 -3.653518288041036e+01 
 4.315190768278081e+05  1.000000000000000e+00  0.000000000000000e+00 -9.260039506438328e-01 -3.611589683551455e+01 
 4.365158322402094e+05  1.000000000000000e+00  0.000000000000000e+00 -9.265450069888317e-01 -3.570139804892700e+01 
 4.415704473533565e+05  1.000000000000000e+00  0.000000000000000e+00 -9.270708810671368e-01 -3.529163158351446e+01 
 4.466835921510076e+05  1.000000000000000e+00  0.000000000000000e+00 -9.275818513342676e-01 -3.488654313112937e+01 
 4.518559443749674e+05  1.000000000000000e+00  0.000000000000000e+00 -9.280781953575544e-01 -3.448607900653056e+01 
 4.570881896149206e+05  1.000000000000000e+00  0.000000000000000e+00 -9.285601721306909e-01 -3.409018613352502e+01 
 4.623810213993065e+05  1.000000000000000e+00  0.000000000000000e+00 -9.290280399986098e-01 -3.369881204308113e+01 
 4.677351412872450e+05  1.000000000000000e+00  0.000000000000000e+00 -9.294820486090666e-01 -3.331190486910231e+01 
 4.731512589615278e+05  1.000000000000000e+00  0.000000000000000e+00 -9.299224342414043e-01 -3.292941333090079e+01 
 4.786300923226863e+05  1.000000000000000e+00  0.000000000000000e+00 -9.303494369825149e-01 -3.255128673985454e+01 
 4.841723675841478e+05  1.000000000000000e+00  0.000000000000000e+00 -9.307632841759068e-01 -3.217747498294393e+01 
 4.897788193684953e+05  1.000000000000000e+00  0.000000000000000e+00 -9.311641913292993e-01 -3.180792851820498e+01 
 4.954501908048399e+05  1.000000000000000e+00  0.000000000000000e+00 -9.315523736561383e-01 -3.144259837091800e+01 
 5.011872336273226e+05  1.000000000000000e+00  0.000000000000000e+00 -9.319280383483861e-01 -3.108143612449699e+01 
 5.069907082747553e+05  1.000000000000000e+00  0.000000000000000e+00 -9.322913889689501e-01 -3.072439391982054e+01 
 5.128613839914164e+05  1.000000000000000e+00  0.000000000000000e+00 -9.326426141191665e-01 -3.037142443674397e+01 
 5.188000389290132e+05  1.000000000000000e+00  0.000000000000000e+00 -9.329819058028119e-01 -3.002248090078908e+01 
 5.248074602498254e+05  1.000000000000000e+00  0.000000000000000e+00 -9.333094420785520e-01 -2.967751706781621e+01 
 5.308844442310418e+05  1.000000000000000e+00  0.000000000000000e+00 -9.336253976282984e-01 -2.933648722305403e+01 
 5.370317963703069e+05  1.000000000000000e+00  0.000000000000000e+00 -9.339299402766107e-01 -2.899934617147665e+01 
 5.432503314924880e+05  1.000000000000000e+00  0.000000000000000e+00 -9.342232380416765e-01 -2.866604924089042e+01 
 5.495408738576800e+05  1.000000000000000e+00  0.000000000000000e+00 -9.345054426979982e-01 -2.833655226008182e+01 
 5.559042572704597e+05  1.000000000000000e+00  0.000000000000000e+00 -9.347767091352975e-01 -2.801081156727975e+01 
 5.623413251904058e+05  1.000000000000000e+00  0.000000000000000e+00 -9.350371773774787e-01 -2.768878399510477e+01 
 5.688529308438989e+05  1.000000000000000e+00  0.000000000000000e+00 -9.352869930674421e-01 -2.737042687359201e+01 
 5.754399373372151e+05  1.000000000000000e+00  0.000000000000000e+00 -9.355262872635386e-01 -2.705569801440797e+01 
 5.821032177709303e+05  1.000000000000000e+00  0.000000000000000e+00 -9.357551888203482e-01 -2.674455571554369e+01 
 5.888436553556485e+05  1.000000000000000e+00  0.000000000000000e+00 -9.359738205650693e-01 -2.643695874690392e+01 
 5.956621435290707e+05  1.000000000000000e+00  0.000000000000000e+00 -9.361823026910985e-01 -2.613286635153758e+01 
 6.025595860744187e+05  1.000000000000000e+00  0.000000000000000e+00 -9.363807449712727e-01 -2.583223823462183e+01 
 6.095368972402309e+05  1.000000000000000e+00  0.000000000000000e+00 -9.365692545524140e-01 -2.553503456152757e+01 
 6.165950018615447e+05  1.000000000000000e+00  0.000000000000000e+00 -9.367479364407540e-01 -2.524121595650702e+01 
 6.237348354824826e+05  1.000000000000000e+00  0.000000000000000e+00 -9.369168876892323e-01 -2.495074348844808e+01 
 6.309573444802574e+05  1.000000000000000e+00  0.000000000000000e+00 -9.370761961830751e-01 -2.466357866896287e+01 
 6.382634861906136e+05  1.000000000000000e+00  0.000000000000000e+00 -9.372259541636425e-01 -2.437968345308655e+01 
 6.456542290347213e+05  1.000000000000000e+00  0.000000000000000e+00 -9.373662385022861e-01 -2.409902022653955e+01 
 6.531305526475389e+05  1.000000000000000e+00  0.000000000000000e+00 -9.374971300019621e-01 -2.382155180621780e+01 
 6.606934480076634e+05  1.000000000000000e+00  0.000000000000000e+00 -9.376187007717579e-01 -2.354724143181042e+01 
 6.683439175686828e+05  1.000000000000000e+00  0.000000000000000e+00 -9.377310164558462e-01 -2.327605276060277e+01 
 6.760829753920508e+05  1.000000000000000e+00  0.000000000000000e+00 -9.378341410790180e-01 -2.300794986827192e+01 
 6.839116472814992e+05  1.000000000000000e+00  0.000000000000000e+00 -9.379281320371606e-01 -2.274289723688300e+01 
 6.918309709190072e+05  1.000000000000000e+00  0.000000000000000e+00 -9.380130447546389e-01 -2.248085975584301e+01 
 6.998419960023451e+05  1.000000000000000e+00  0.000000000000000e+00 -9.380889247720595e-01 -2.222180271060118e+01 
 7.079457843842104e+05  1.000000000000000e+00  0.000000000000000e+00 -9.381558181302759e-01 -2.196569178845784e+01 
 7.161434102129753e+05  1.000000000000000e+00  0.000000000000000e+00 -9.382137628318221e-01 -2.171249306288816e+01 
 7.244359600750643e+05  1.000000000000000e+00  0.000000000000000e+00 -9.382627949755221e-01 -2.146217299624283e+01 
 7.328245331389792e+05  1.000000000000000e+00  0.000000000000000e+00 -9.383029456665489e-01 -2.121469843525972e+01 
 7.413102413009936e+05  1.000000000000000e+00  0.000000000000000e+00 -9.383342385057338e-01 -2.097003659987924e+01 
 7.498942093325328e+05  1.000000000000000e+00  0.000000000000000e+00 -9.383566969445719e-01 -2.072815508698030e+01 
 7.585775750292618e+05  1.000000000000000e+00  0.000000000000000e+00 -9.383703380991512e-01 -2.048902186409319e+01 
 7.673614893618979e+05  1.000000000000000e+00  0.000000000000000e+00 -9.383751735688386e-01 -2.025260526072261e+01 
 7.762471166287716e+05  1.000000000000000e+00  0.000000000000000e+00 -9.383712100715839e-01 -2.001887396674067e+01 
 7.852356346101527e+05  1.000000000000000e+00  0.000000000000000e+00 -9.383584530717246e-01 -1.978779703363421e+01 
 7.943282347243634e+05  1.000000000000000e+00  0.000000000000000e+00 -9.383369012099904e-01 -1.955934386200635e+01 
 8.035261221857002e+05  1.000000000000000e+00  0.000000000000000e+00 -9.383065498595994e-01 -1.933348420163540e+01 
 8.128305161641833e+05  1.000000000000000e+00  0.000000000000000e+00 -9.382673888975960e-01 -1.911018814891353e+01 
 8.222426499471562e+05  1.000000000000000e+00  0.000000000000000e+00 -9.382194057304710e-01 -1.888942613942730e+01 
 8.317637711027571e+05  1.000000000000000e+00  0.000000000000000e+00 -9.381625800578369e-01 -1.867116894670415e+01 
 8.413951416452822e+05  1.000000000000000e+00  0.000000000000000e+00 -9.380968902429918e-01 -1.845538767584148e+01 
 8.511380382024646e+05  1.000000000000000e+00  0.000000000000000e+00 -9.380223106814516e-01 -1.824205376364084e+01 
 8.609937521846899e+05  1.000000000000000e+00  0.000000000000000e+00 -9.379388079915376e-01 -1.803113897088249e+01 
 8.709635899561710e+05  1.000000000000000e+00  0.000000000000000e+00 -9.378463477384387e-01 -1.782261538094196e+01 
 8.810488730081056e+05  1.000000000000000e+00  0.000000000000000e+00 -9.377448894471028e-01 -1.761645539596063e+01 
 8.912509381338381e+05  1.000000000000000e+00  0.000000000000000e+00 -9.376343890656954e-01 -1.741263173119296e+01 
 9.015711376060506e+05  1.000000000000000e+00  0.000000000000000e+00 -9.375147979739131e-01 -1.721111741551955e+01 
 9.120108393560046e+05  1.000000000000000e+00  0.000000000000000e+00 -9.373860628165418e-01 -1.701188578231128e+01 
 9.225714271548592e+05  1.000000000000000e+00  0.000000000000000e+00 -9.372481269311820e-01 -1.681491047255209e+01 
 9.332543007970882e+05  1.000000000000000e+00  0.000000000000000e+00 -9.371009268493516e-01 -1.662016542331671e+01 
 9.440608762860217e+05  1.000000000000000e+00  0.000000000000000e+00 -9.369443990508109e-01 -1.642762487488077e+01 
 9.549925860215354e+05  1.000000000000000e+00  0.000000000000000e+00 -9.367784692244715e-01 -1.623726335402564e+01 
 9.660508789899141e+05  1.000000000000000e+00  0.000000000000000e+00 -9.366030660226572e-01 -1.604905568611835e+01 
 9.772372209559126e+05  1.000000000000000e+00  0.000000000000000e+00 -9.364181075618307e-01 -1.586297697685906e+01 
 9.885530946570421e+05  1.000000000000000e+00  0.000000000000000e+00 -9.362235108679974e-01 -1.567900262080261e+01 
 1.000000000000105e+06  1.000000000000000e+00  0.000000000000000e+00 -9.360191875202523e-01 -1.549710829025928e+01 
 1.011579454260004e+06  1.000000000000000e+00  0.000000000000000e+00 -9.358050431425468e-01 -1.531726993567749e+01 
 1.023292992280861e+06  1.000000000000000e+00  0.000000000000000e+00 -9.355809832676275e-01 -1.513946378588630e+01 
 1.035142166679452e+06  1.000000000000000e+00  0.000000000000000e+00 -9.353469038065338e-01 -1.496366633513622e+01 
 1.047128548051009e+06  1.000000000000000e+00  0.000000000000000e+00 -9.351027001457550e-01 -1.478985435114929e+01 
 1.059253725177400e+06  1.000000000000000e+00  0.000000000000000e+00 -9.348482597342633e-01 -1.461800486398429e+01 
 1.071519305237719e+06  1.000000000000000e+00  0.000000000000000e+00 -9.345834667841750e-01 -1.444809516595847e+01 
 1.083926914021317e+06  1.000000000000000e+00  0.000000000000000e+00 -9.343082031246431e-01 -1.428010281242220e+01 
 1.096478196143300e+06  1.000000000000000e+00  0.000000000000000e+00 -9.340223423146460e-01 -1.411400561215556e+01 
 1.109174815262518e+06  1.000000000000000e+00  0.000000000000000e+00 -9.337257549236535e-01 -1.394978162669943e+01 
 1.122018454302081e+06  1.000000000000000e+00  0.000000000000000e+00 -9.334183073609142e-01 -1.378740917167954e+01 
 1.135010815672434e+06  1.000000000000000e+00  0.000000000000000e+00 -9.330998598839312e-01 -1.362686680853287e+01 
 1.148153621497004e+06  1.000000000000000e+00  0.000000000000000e+00 -9.327702700429507e-01 -1.346813334627764e+01 
 1.161448613840465e+06  1.000000000000000e+00  0.000000000000000e+00 -9.324293891246050e-01 -1.331118783415397e+01 
 1.174897554939653e+06  1.000000000000000e+00  0.000000000000000e+00 -9.320770639364616e-01 -1.315600956277548e+01 
 1.188502227437144e+06  1.000000000000000e+00  0.000000000000000e+00 -9.317131361612604e-01 -1.300257805906888e+01 
 1.202264434617540e+06  1.000000000000000e+00  0.000000000000000e+00 -9.313374426146077e-01 -1.285087308488980e+01 
 1.216186000646496e+06  1.000000000000000e+00  0.000000000000000e+00 -9.309498165032339e-01 -1.270087463544549e+01 
 1.230268770812511e+06  1.000000000000000e+00  0.000000000000000e+00 -9.305500850120751e-01 -1.255256293459573e+01 
 1.244514611771516e+06  1.000000000000000e+00  0.000000000000000e+00 -9.301380706104189e-01 -1.240591843239384e+01 
 1.258925411794300e+06  1.000000000000000e+00  0.000000000000000e+00 -9.297135896593522e-01 -1.226092180336841e+01 
 1.273503081016796e+06  1.000000000000000e+00  0.000000000000000e+00 -9.292764559452225e-01 -1.211755394619179e+01 
 1.288249551693270e+06  1.000000000000000e+00  0.000000000000000e+00 -9.288264766817340e-01 -1.197579597765651e+01 
 1.303166778452437e+06  1.000000000000000e+00  0.000000000000000e+00 -9.283634537707081e-01 -1.183562923137771e+01 
 1.318256738556546e+06  1.000000000000000e+00  0.000000000000000e+00 -9.278871844231789e-01 -1.169703525642222e+01 
 1.333521432163465e+06  1.000000000000000e+00  0.000000000000000e+00 -9.273974611187062e-01 -1.155999581475096e+01 
 1.348962882591796e+06  1.000000000000000e+00  0.000000000000000e+00 -9.268940710903874e-01 -1.142449287855836e+01 
 1.364583136589069e+06  1.000000000000000e+00  0.000000000000000e+00 -9.263767956937653e-01 -1.129050862702099e+01 
 1.380384264603031e+06  1.000000000000000e+00  0.000000000000000e+00 -9.258454121145830e-01 -1.115802544690352e+01 
 1.396368361056086e+06  1.000000000000000e+00  0.000000000000000e+00 -9.252996914151651e-01 -1.102702592682203e+01 
 1.412537544622904e+06  1.000000000000000e+00  0.000000000000000e+00 -9.247394001928356e-01 -1.089749285792794e+01 
 1.428893958511255e+06  1.000000000000000e+00  0.000000000000000e+00 -9.241642989896397e-01 -1.076940922961964e+01 
 1.445439770746081e+06  1.000000000000000e+00  0.000000000000000e+00 -9.235741433357368e-01 -1.064275822892265e+01 
 1.462177174456874e+06  1.000000000000000e+00  0.000000000000000e+00 -9.229686822436873e-01 -1.051752323428396e+01 
 1.479108388168365e+06  1.000000000000000e+00  0.000000000000000e+00 -9.223476643051056e-01 -1.039368782941932e+01 
 1.496235656094593e+06  1.000000000000000e+00  0.000000000000000e+00 -9.217108269022920e-01 -1.027123577519164e+01 
 1.513561248436369e+06  1.000000000000000e+00  0.000000000000000e+00 -9.210579043006614e-01 -1.015015102653423e+01 
 1.531087461682193e+06  1.000000000000000e+00  0.000000000000000e+00 -9.203886262011054e-01 -1.003041772704345e+01 
 1.548816618912647e+06  1.000000000000000e+00  0.000000000000000e+00 -9.197027150893272e-01 -9.912020201833261e+00 
 1.566751070108316e+06  1.000000000000000e+00  0.000000000000000e+00 -9.189998905463053e-01 -9.794942963737288e+00 
 1.584893192461283e+06  1.000000000000000e+00  0.000000000000000e+00 -9.182798638592717e-01 -9.679170701837391e+00 
 1.603245390690213e+06  1.000000000000000e+00  0.000000000000000e+00 -9.175423434178113e-01 -9.564688288783394e+00 
 1.621810097359103e+06  1.000000000000000e+00  0.000000000000000e+00 -9.167870303317475e-01 -9.451480771690399e+00 
 1.640589773199715e+06  1.000000000000000e+00  0.000000000000000e+00 -9.160136222020396e-01 -9.339533376653508e+00 
 1.659586907437738e+06  1.000000000000000e+00  0.000000000000000e+00 -9.152218094099577e-01 -9.228831500441260e+00 
 1.678804018122740e+06  1.000000000000000e+00  0.000000000000000e+00 -9.144112776407128e-01 -9.119360713646694e+00 
 1.698243652461926e+06  1.000000000000000e+00  0.000000000000000e+00 -9.135817078906540e-01 -9.011106758287223e+00 
 1.717908387157772e+06  1.000000000000000e+00  0.000000000000000e+00 -9.127327748155120e-01 -8.904055543515824e+00 
 1.737800828749562e+06  1.000000000000000e+00  0.000000000000000e+00 -9.118641484336666e-01 -8.798193146892867e+00 
 1.757923613958881e+06  1.000000000000000e+00  0.000000000000000e+00 -9.109754922945413e-01 -8.693505809697887e+00 
 1.778279410039114e+06  1.000000000000000e+00  0.000000000000000e+00 -9.100664670725458e-01 -8.589979940733175e+00 
 1.798870915128981e+06  1.000000000000000e+00  0.000000000000000e+00 -9.091367255428408e-01 -8.487602106887575e+00 
 1.819700858610179e+06  1.000000000000000e+00  0.000000000000000e+00 -9.081859165141620e-01 -8.386359037846754e+00 
 1.840772001469154e+06  1.000000000000000e+00  0.000000000000000e+00 -9.072136839324038e-01 -8.286237622866537e+00 
 1.862087136663068e+06  1.000000000000000e+00  0.000000000000000e+00 -9.062196659503859e-01 -8.187224907838738e+00 
 1.883649089490003e+06  1.000000000000000e+00  0.000000000000000e+00 -9.052034957656695e-01 -8.089308094755772e+00 
 1.905460717963452e+06  1.000000000000000e+00  0.000000000000000e+00 -9.041648025137038e-01 -7.992474541996359e+00 
 1.927524913191144e+06  1.000000000000000e+00  0.000000000000000e+00 -9.031032089931045e-01 -7.896711758707029e+00 
 1.949844599758256e+06  1.000000000000000e+00  0.000000000000000e+00 -9.020183341658590e-01 -7.802007407516808e+00 
 1.972422736115067e+06  1.000000000000000e+00  0.000000000000000e+00 -9.009097919706736e-01 -7.708349300980621e+00 
 1.995262314969095e+06  1.000000000000000e+00  0.000000000000000e+00 -8.997771914810192e-01 -7.615725400382596e+00 
 2.018366363681779e+06  1.000000000000000e+00  0.000000000000000e+00 -8.986201376504047e-01 -7.524123815332741e+00 
 2.041737944669750e+06  1.000000000000000e+00  0.000000000000000e+00 -8.974382305632795e-01 -7.433532801057178e+00 
 2.065380155810753e+06  1.000000000000000e+00  0.000000000000000e+00 -8.962310658096223e-01 -7.343940757530042e+00 
 2.089296130854266e+06  1.000000000000000e+00  0.000000000000000e+00 -8.949982352193513e-01 -7.255336229238063e+00 
 2.113489039836876e+06  1.000000000000000e+00  0.000000000000000e+00 -8.937393269282020e-01 -7.167707903702202e+00 
 2.137962089502464e+06  1.000000000000000e+00  0.000000000000000e+00 -8.924539237250868e-01 -7.081044607160819e+00 
 2.162718523727255e+06  1.000000000000000e+00  0.000000000000000e+00 -8.911416058159217e-01 -6.995335307931561e+00 
 2.187761623949790e+06  1.000000000000000e+00  0.000000000000000e+00 -8.898019494729125e-01 -6.910569112528437e+00 
 2.213094709605878e+06  1.000000000000000e+00  0.000000000000000e+00 -8.884345271820094e-01 -6.826735264299968e+00 
 2.238721138568582e+06  1.000000000000000e+00  0.000000000000000e+00 -8.870389083621651e-01 -6.743823143434144e+00 
 2.264644307593306e+06  1.000000000000000e+00  0.000000000000000e+00 -8.856146595246200e-01 -6.661822265501240e+00 
 2.290867652768022e+06  1.000000000000000e+00  0.000000000000000e+00 -8.841613439450514e-01 -6.580722279508671e+00 
 2.317394649968730e+06  1.000000000000000e+00  0.000000000000000e+00 -8.826785226704524e-01 -6.500512968121395e+00 
 2.344228815320177e+06  1.000000000000000e+00  0.000000000000000e+00 -8.811657535893810e-01 -6.421184244605588e+00 
 2.371373705661913e+06  1.000000000000000e+00  0.000000000000000e+00 -8.796225928690664e-01 -6.342726153773306e+00 
 2.398832919019752e+06  1.000000000000000e+00  0.000000000000000e+00 -8.780485946509822e-01 -6.265128869727625e+00 
 2.426610095082680e+06  1.000000000000000e+00  0.000000000000000e+00 -8.764433112032706e-01 -6.188382694964100e+00 
 2.454708915685298e+06  1.000000000000000e+00  0.000000000000000e+00 -8.748062934567163e-01 -6.112478059614843e+00 
 2.483133105295841e+06  1.000000000000000e+00  0.000000000000000e+00 -8.731370910312073e-01 -6.037405519961581e+00 
 2.511886431509854e+06  1.000000000000000e+00  0.000000000000000e+00 -8.714352531790376e-01 -5.963155758440321e+00 
 2.540972705549582e+06  1.000000000000000e+00  0.000000000000000e+00 -8.697003270294915e-01 -5.889719579494220e+00 
 2.570395782769145e+06  1.000000000000000e+00  0.000000000000000e+00 -8.679318628365144e-01 -5.817087915616867e+00 
 2.600159563165556e+06  1.000000000000000e+00  0.000000000000000e+00 -8.661294077595783e-01 -5.745251817152042e+00 
 2.630267991895670e+06  1.000000000000000e+00  0.000000000000000e+00 -8.642925109526013e-01 -5.674202458070152e+00 
 2.660725059799101e+06  1.000000000000000e+00  0.000000000000000e+00 -8.624207214576807e-01 -5.603931131290511e+00 
 2.691534803927210e+06  1.000000000000000e+00  0.000000000000000e+00 -8.605135903763950e-01 -5.534429250134666e+00 
 2.722701308078210e+06  1.000000000000000e+00  0.000000000000000e+00 -8.585706704882388e-01 -5.465688346871920e+00 
 2.754228703338468e+06  1.000000000000000e+00  0.000000000000000e+00 -8.565915157737766e-01 -5.397700069961204e+00 
 2.786121168630076e+06  1.000000000000000e+00  0.000000000000000e+00 -8.545756838948096e-01 -5.330456185846965e+00 
 2.818382931264763e+06  1.000000000000000e+00  0.000000000000000e+00 -8.525227342890962e-01 -5.263948575191712e+00 
 2.851018267504222e+06  1.000000000000000e+00  0.000000000000000e+00 -8.504322306382019e-01 -5.198169234707325e+00 
 2.884031503126923e+06  1.000000000000000e+00  0.000000000000000e+00 -8.483037398116267e-01 -5.133110273477790e+00 
 2.917427014001487e+06  1.000000000000000e+00  0.000000000000000e+00 -8.461368336805851e-01 -5.068763914757700e+00 
 2.951209226666710e+06  1.000000000000000e+00  0.000000000000000e+00 -8.439310883757767e-01 -5.005122492771542e+00 
 2.985382618918288e+06  1.000000000000000e+00  0.000000000000000e+00 -8.416860857135841e-01 -4.942178453005832e+00 
 3.019951720402348e+06  1.000000000000000e+00  0.000000000000000e+00 -8.394014134430700e-01 -4.879924351147442e+00 
 3.054921113215849e+06  1.000000000000000e+00  0.000000000000000e+00 -8.370766653614730e-01 -4.818352851097804e+00 
 3.090295432513931e+06  1.000000000000000e+00  0.000000000000000e+00 -8.347114428835279e-01 -4.757456726376750e+00 
 3.126079367124300e+06  1.000000000000000e+00  0.000000000000000e+00 -8.323053546833836e-01 -4.697228856668010e+00 
 3.162277660168728e+06  1.000000000000000e+00  0.000000000000000e+00 -8.298580176964050e-01 -4.637662228080452e+00 
 3.198895109691751e+06  1.000000000000000e+00  0.000000000000000e+00 -8.273690574468967e-01 -4.578749932049840e+00 
 3.235936569296639e+06  1.000000000000000e+00  0.000000000000000e+00 -8.248381092778110e-01 -4.520485164623214e+00 
 3.273406948788743e+06  1.000000000000000e+00  0.000000000000000e+00 -8.222648178831793e-01 -4.462861224388376e+00 
 3.311311214826277e+06  1.000000000000000e+00  0.000000000000000e+00 -8.196488393580256e-01 -4.405871513739727e+00 
 3.349654391578647e+06  1.000000000000000e+00  0.000000000000000e+00 -8.169898410822694e-01 -4.349509535692671e+00 
 3.388441561392400e+06  1.000000000000000e+00  0.000000000000000e+00 -8.142875020864959e-01 -4.293768893410832e+00 
 3.427677865464883e+06  1.000000000000000e+00  0.000000000000000e+00 -8.115415142763210e-01 -4.238643290010645e+00 
 3.467368504525701e+06  1.000000000000000e+00  0.000000000000000e+00 -8.087515824720592e-01 -4.184126526162612e+00 
 3.507518739526069e+06  1.000000000000000e+00  0.000000000000000e+00 -8.059174267217829e-01 -4.130212501549603e+00 
 3.548133892336148e+06  1.000000000000000e+00  0.000000000000000e+00 -8.030387805347027e-01 -4.076895210252407e+00 
 3.589219346450450e+06  1.000000000000000e+00  0.000000000000000e+00 -8.001153935401407e-01 -4.024168742569212e+00 
 3.630780547701417e+06  1.000000000000000e+00  0.000000000000000e+00 -7.971470318411733e-01 -3.972027283135318e+00 
 3.672823004981255e+06  1.000000000000000e+00  0.000000000000000e+00 -7.941334777099918e-01 -3.920465108632304e+00 
 3.715352290972138e+06  1.000000000000000e+00  0.000000000000000e+00 -7.910745320036845e-01 -3.869476589041913e+00 
 3.758374042884860e+06  1.000000000000000e+00  0.000000000000000e+00 -7.879700130236957e-01 -3.819056183787966e+00 
 3.801893963206035e+06  1.000000000000000e+00  0.000000000000000e+00 -7.848197590247805e-01 -3.769198442942533e+00 
 3.845917820453964e+06  1.000000000000000e+00  0.000000000000000e+00 -7.816236277621996e-01 -3.719898004484304e+00 
 3.890451449943240e+06  1.000000000000000e+00  0.000000000000000e+00 -7.783814957437408e-01 -3.671149592003466e+00 
 3.935500754558214e+06  1.000000000000000e+00  0.000000000000000e+00 -7.750932665642365e-01 -3.622948020031939e+00 
 3.981071705535417e+06  1.000000000000000e+00  0.000000000000000e+00 -7.717588599172432e-01 -3.575288182752655e+00 
 4.027170343255041e+06  1.000000000000000e+00  0.000000000000000e+00 -7.683782205952230e-01 -3.528165060018333e+00 
 4.073802778041583e+06  1.000000000000000e+00  0.000000000000000e+00 -7.649513169264166e-01 -3.481573713471227e+00 
 4.120975190973763e+06  1.000000000000000e+00  0.000000000000000e+00 -7.614781407165303e-01 -3.435509284675898e+00 
 4.168693834703820e+06  1.000000000000000e+00  0.000000000000000e+00 -7.579587100906412e-01 -3.389966996746637e+00 
 4.216965034286294e+06  1.000000000000000e+00  0.000000000000000e+00 -7.543930673222484e-01 -3.344942148708576e+00 
 4.265795188016404e+06  1.000000000000000e+00  0.000000000000000e+00 -7.507812822208904e-01 -3.300430117967030e+00 
 4.315190768278136e+06  1.000000000000000e+00  0.000000000000000e+00 -7.471234507365941e-01 -3.256426355837466e+00 
 4.365158322402149e+06  1.000000000000000e+00  0.000000000000000e+00 -7.434196957457414e-01 -3.212926387266032e+00 
 4.415704473533621e+06  1.000000000000000e+00  0.000000000000000e+00 -7.396701714046126e-01 -3.169925811867887e+00 
 4.466835921510133e+06  1.000000000000000e+00  0.000000000000000e+00 -7.358750580193025e-01 -3.127420298047791e+00 
 4.518559443749731e+06  1.000000000000000e+00  0.000000000000000e+00 -7.320345653616003e-01 -3.085405582821750e+00 
 4.570881896149265e+06  1.000000000000000e+00  0.000000000000000e+00 -7.281489345187127e-01 -3.043877472779869e+00 
 4.623810213993124e+06  1.000000000000000e+00  0.000000000000000e+00 -7.242184365210579e-01 -3.002831839411094e+00 
 4.677351412872509e+06  1.000000000000000e+00  0.000000000000000e+00 -7.202433733033909e-01 -2.962264618631459e+00 
 4.731512589615338e+06  1.000000000000000e+00  0.000000000000000e+00 -7.162240786776094e-01 -2.922171810100035e+00 
 4.786300923226924e+06  1.000000000000000e+00  0.000000000000000e+00 -7.121609183800652e-01 -2.882549473750739e+00 
 4.841723675841540e+06  1.000000000000000e+00  0.000000000000000e+00 -7.080542895787578e-01 -2.843393729110556e+00 
 4.897788193685016e+06  1.000000000000000e+00  0.000000000000000e+00 -7.039046247589601e-01 -2.804700754306355e+00 
 4.954501908048463e+06  1.000000000000000e+00  0.000000000000000e+00 -6.997123876130755e-01 -2.766466783014940e+00 
 5.011872336273290e+06  1.000000000000000e+00  0.000000000000000e+00 -6.954780753807417e-01 -2.728688103015910e+00 
 5.069907082747618e+06  1.000000000000000e+00  0.000000000000000e+00 -6.912022192496372e-01 -2.691361054650624e+00 
 5.128613839914230e+06  1.000000000000000e+00  0.000000000000000e+00 -6.868853845887327e-01 -2.654482029680609e+00 
 5.188000389290200e+06  1.000000000000000e+00  0.000000000000000e+00 -6.825281708663083e-01 -2.618047468422744e+00 
 5.248074602498322e+06  1.000000000000000e+00  0.000000000000000e+00 -6.781312108213088e-01 -2.582053857937434e+00 
 5.308844442310487e+06  1.000000000000000e+00  0.000000000000000e+00 -6.736951738023244e-01 -2.546497731952658e+00 
 5.370317963703138e+06  1.000000000000000e+00  0.000000000000000e+00 -6.692207615318151e-01 -2.511375667027792e+00 
 5.432503314924950e+06  1.000000000000000e+00  0.000000000000000e+00 -6.647087105866725e-01 -2.476684281117343e+00 
 5.495408738576870e+06  1.000000000000000e+00  0.000000000000000e+00 -6.601597922800880e-01 -2.442420232688903e+00 
 5.559042572704668e+06  1.000000000000000e+00  0.000000000000000e+00 -6.555748116054574e-01 -2.408580218310136e+00 
 5.623413251904131e+06  1.000000000000000e+00  0.000000000000000e+00 -6.509546078891277e-01 -2.375160970402098e+00 
 5.688529308439062e+06  1.000000000000000e+00  0.000000000000000e+00 -6.463000534793962e-01 -2.342159255852152e+00 
 5.754399373372225e+06  1.000000000000000e+00  0.000000000000000e+00 -6.416120565458270e-01 -2.309571875396133e+00 
 5.821032177709378e+06  1.000000000000000e+00  0.000000000000000e+00 -6.368915560659820e-01 -2.277395658820969e+00 
 5.888436553556562e+06  1.000000000000000e+00  0.000000000000000e+00 -6.321395247860615e-01 -2.245627466006817e+00 
 5.956621435290786e+06  1.000000000000000e+00  0.000000000000000e+00 -6.273569677120335e-01 -2.214264183904218e+00 
 6.025595860744267e+06  1.000000000000000e+00  0.000000000000000e+00 -6.225449210596351e-01 -2.183302724298362e+00 
 6.095368972402389e+06  1.000000000000000e+00  0.000000000000000e+00 -6.177044545387567e-01 -2.152740024068191e+00 
 6.165950018615528e+06  1.000000000000000e+00  0.000000000000000e+00 -6.128366663497070e-01 -2.122573040660970e+00 
 6.237348354824907e+06  1.000000000000000e+00  0.000000000000000e+00 -6.079426857862417e-01 -2.092798752824977e+00 
 6.309573444802656e+06  1.000000000000000e+00  0.000000000000000e+00 -6.030236711096015e-01 -2.063414157145686e+00 
 6.382634861906219e+06  1.000000000000000e+00  0.000000000000000e+00 -5.980808089585684e-01 -2.034416267476299e+00 
 6.456542290347297e+06  1.000000000000000e+00  0.000000000000000e+00 -5.931153150205875e-01 -2.005802113433459e+00 
 6.531305526475474e+06  1.000000000000000e+00  0.000000000000000e+00 -5.881284306098156e-01 -1.977568737864458e+00 
 6.606934480076720e+06  1.000000000000000e+00  0.000000000000000e+00 -5.831214236096713e-01 -1.949713196335230e+00 
 6.683439175686915e+06  1.000000000000000e+00  0.000000000000000e+00 -5.780955857690286e-01 -1.922232554460282e+00 
 6.760829753920596e+06  1.000000000000000e+00  0.000000000000000e+00 -5.730522350212227e-01 -1.895123888128071e+00 
 6.839116472815081e+06  1.000000000000000e+00  0.000000000000000e+00 -5.679927105170417e-01 -1.868384280389008e+00 
 6.918309709190163e+06  1.000000000000000e+00  0.000000000000000e+00 -5.629183735465845e-01 -1.842010821253764e+00 
 6.998419960023543e+06  1.000000000000000e+00  0.000000000000000e+00 -5.578306058159571e-01 -1.816000605686229e+00 
 7.079457843842197e+06  1.000000000000000e+00  0.000000000000000e+00 -5.527308099798408e-01 -1.790350733333466e+00 
 7.161434102129849e+06  1.000000000000000e+00  0.000000000000000e+00 -5.476204051018285e-01 -1.765058305671850e+00 
 7.244359600750739e+06  1.000000000000000e+00  0.000000000000000e+00 -5.425008283386543e-01 -1.740120426611784e+00 
 7.328245331389889e+06  1.000000000000000e+00  0.000000000000000e+00 -5.373735317851319e-01 -1.715534200449554e+00 
 7.413102413010034e+06  1.000000000000000e+00  0.000000000000000e+00 -5.322399833088994e-01 -1.691296731326645e+00 
 7.498942093325428e+06  1.000000000000000e+00  0.000000000000000e+00 -5.271016625080959e-01 -1.667405121742946e+00 
 7.585775750292717e+06  1.000000000000000e+00  0.000000000000000e+00 -5.219600607116578e-01 -1.643856472141204e+00 
 7.673614893619080e+06  1.000000000000000e+00  0.000000000000000e+00 -5.168166810279085e-01 -1.620647880022618e+00 
 7.762471166287819e+06  1.000000000000000e+00  0.000000000000000e+00 -5.116730340492516e-01 -1.597776439279318e+00 
 7.852356346101630e+06  1.000000000000000e+00  0.000000000000000e+00 -5.065306378354368e-01 -1.575239238711953e+00 
 7.943282347243738e+06  1.000000000000000e+00  0.000000000000000e+00 -5.013910179630946e-01 -1.553033362940896e+00 
 8.035261221857107e+06  1.000000000000000e+00  0.000000000000000e+00 -4.962557032824994e-01 -1.531155890335621e+00 
 8.128305161641939e+06  1.000000000000000e+00  0.000000000000000e+00 -4.911262262292552e-01 -1.509603893619965e+00 
 8.222426499471669e+06  1.000000000000000e+00  0.000000000000000e+00 -4.860041218592001e-01 -1.488374438786835e+00 
 8.317637711027679e+06  1.000000000000000e+00  0.000000000000000e+00 -4.808909246494401e-01 -1.467464585127681e+00 
 8.413951416452931e+06  1.000000000000000e+00  0.000000000000000e+00 -4.757881680281500e-01 -1.446871384776588e+00 
 8.511380382024758e+06  1.000000000000000e+00  0.000000000000000e+00 -4.706973842891676e-01 -1.426591882966193e+00 
 8.609937521847012e+06  1.000000000000000e+00  0.000000000000000e+00 -4.656201001902159e-01 -1.406623116862167e+00 
 8.709635899561824e+06  1.000000000000000e+00  0.000000000000000e+00 -4.605578390420801e-01 -1.386962116876751e+00 
 8.810488730081171e+06  1.000000000000000e+00  0.000000000000000e+00 -4.555121163846424e-01 -1.367605905518172e+00 
 8.912509381338498e+06  1.000000000000000e+00  0.000000000000000e+00 -4.504844399283641e-01 -1.348551497951259e+00 
 9.015711376060624e+06  1.000000000000000e+00  0.000000000000000e+00 -4.454763095303300e-01 -1.329795902319659e+00 
 9.120108393560166e+06  1.000000000000000e+00  0.000000000000000e+00 -4.404892129448338e-01 -1.311336119412118e+00 
 9.225714271548713e+06  1.000000000000000e+00  0.000000000000000e+00 -4.355246278058400e-01 -1.293169143288983e+00 
 9.332543007971006e+06  1.000000000000000e+00  0.000000000000000e+00 -4.305840176676843e-01 -1.275291961482689e+00 
 9.440608762860343e+06  1.000000000000000e+00  0.000000000000000e+00 -4.256688332291923e-01 -1.257701555256181e+00 
 9.549925860215481e+06  1.000000000000000e+00  0.000000000000000e+00 -4.207805089843187e-01 -1.240394900294221e+00 
 9.660508789899269e+06  1.000000000000000e+00  0.000000000000000e+00 -4.159204644374068e-01 -1.223368966751425e+00 
 9.772372209559256e+06  1.000000000000000e+00  0.000000000000000e+00 -4.110901005973893e-01 -1.206620720135384e+00 
 9.885530946570551e+06  1.000000000000000e+00  0.000000000000000e+00 -4.062908017153643e-01 -1.190147121671411e+00 
 1.000000000000118e+07  1.000000000000000e+00  0.000000000000000e+00 -4.015239315687978e-01 -1.173945128854174e+00 
 1.011579454260018e+07  1.000000000000000e+00  0.000000000000000e+00 -3.967908351258940e-01 -1.158011696290244e+00 
 1.023292992280875e+07  1.000000000000000e+00  0.000000000000000e+00 -3.920928355884206e-01 -1.142343776041635e+00 
 1.035142166679466e+07  1.000000000000000e+00  0.000000000000000e+00 -3.874312356502841e-01 -1.126938318697156e+00 
 1.047128548051023e+07  1.000000000000000e+00  0.000000000000000e+00 -3.828073146033224e-01 -1.111792273693480e+00 
 1.059253725177414e+07  1.000000000000000e+00  0.000000000000000e+00 -3.782223298322436e-01 -1.096902590560496e+00 
 1.071519305237733e+07  1.000000000000000e+00  0.000000000000000e+00 -3.736775148730976e-01 -1.082266219282880e+00 
 1.083926914021332e+07  1.000000000000000e+00  0.000000000000000e+00 -3.691740787234071e-01 -1.067880111178844e+00 
 1.096478196143315e+07  1.000000000000000e+00  0.000000000000000e+00 -3.647132067867049e-01 -1.053741219951909e+00 
 1.109174815262532e+07  1.000000000000000e+00  0.000000000000000e+00 -3.602960587315054e-01 -1.039846502288956e+00 
 1.122018454302096e+07  1.000000000000000e+00  0.000000000000000e+00 -3.559237694706929e-01 -1.026192918725054e+00 
 1.135010815672449e+07  1.000000000000000e+00  0.000000000000000e+00 -3.515974483830149e-01 -1.012777434536607e+00 
 1.148153621497019e+07  1.000000000000000e+00  0.000000000000000e+00 -3.473181785644880e-01 -9.995970206496946e-01 
 1.161448613840480e+07  1.000000000000000e+00  0.000000000000000e+00 -3.430870176025995e-01 -9.866486544025171e-01 
 1.174897554939669e+07  1.000000000000000e+00  0.000000000000000e+00 -3.389049969146553e-01 -9.739293204257882e-01 
 1.188502227437159e+07  1.000000000000000e+00  0.000000000000000e+00 -3.347731219258230e-01 -9.614360113573764e-01 
 1.202264434617556e+07  1.000000000000000e+00  0.000000000000000e+00 -3.306923714938030e-01 -9.491657289743258e-01 
 1.216186000646512e+07  1.000000000000000e+00  0.000000000000000e+00 -3.266636990085198e-01 -9.371154851213145e-01 
 1.230268770812528e+07  1.000000000000000e+00  0.000000000000000e+00 -3.226880316128805e-01 -9.252823016204369e-01 
 1.244514611771533e+07  1.000000000000000e+00  0.000000000000000e+00 -3.187662708035135e-01 -9.136632121002306e-01 
 1.258925411794317e+07  1.000000000000000e+00  0.000000000000000e+00 -3.148992927698560e-01 -9.022552623914989e-01 
 1.273503081016813e+07  1.000000000000000e+00  0.000000000000000e+00 -3.110879479411749e-01 -8.910555109510482e-01 
 1.288249551693287e+07  1.000000000000000e+00  0.000000000000000e+00 -3.073330624424591e-01 -8.800610302923384e-01 
 1.303166778452454e+07  1.000000000000000e+00  0.000000000000000e+00 -3.036354376754670e-01 -8.692689067961198e-01 
 1.318256738556564e+07  1.000000000000000e+00  0.000000000000000e+00 -2.999958510536759e-01 -8.586762423972729e-01 
 1.333521432163483e+07  1.000000000000000e+00  0.000000000000000e+00 -2.964150564549065e-01 -8.482801543706563e-01 
 1.348962882591814e+07  1.000000000000000e+00  0.000000000000000e+00 -2.928937847125588e-01 -8.380777762417139e-01 
 1.364583136589087e+07  1.000000000000000e+00  0.000000000000000e+00 -2.894327442525284e-01 -8.280662584027407e-01 
 1.380384264603049e+07  1.000000000000000e+00  0.000000000000000e+00 -2.860326215875901e-01 -8.182427685538094e-01 
 1.396368361056104e+07  1.000000000000000e+00  0.000000000000000e+00 -2.826940822701259e-01 -8.086044922068534e-01 
 1.412537544622923e+07  1.000000000000000e+00  0.000000000000000e+00 -2.794177711873507e-01 -7.991486333069078e-01 
 1.428893958511274e+07  1.000000000000000e+00  0.000000000000000e+00 -2.762043136764435e-01 -7.898724141944932e-01 
 1.445439770746100e+07  1.000000000000000e+00  0.000000000000000e+00 -2.730543160219134e-01 -7.807730764222490e-01 
 1.462177174456893e+07  1.000000000000000e+00  0.000000000000000e+00 -2.699683663439210e-01 -7.718478807622575e-01 
 1.479108388168385e+07  1.000000000000000e+00  0.000000000000000e+00 -2.669470356146137e-01 -7.630941073745242e-01 
 1.496235656094613e+07  1.000000000000000e+00  0.000000000000000e+00 -2.639908782166099e-01 -7.545090565338270e-01 
 1.513561248436390e+07  1.000000000000000e+00  0.000000000000000e+00 -2.611004329387637e-01 -7.460900481877639e-01 
 1.531087461682214e+07  1.000000000000000e+00  0.000000000000000e+00 -2.582762241408111e-01 -7.378344220741201e-01 
 1.548816618912667e+07  1.000000000000000e+00  0.000000000000000e+00 -2.555187619634123e-01 -7.297395384214471e-01 
 1.566751070108337e+07  1.000000000000000e+00  0.000000000000000e+00 -2.528285445239238e-01 -7.218027768080497e-01 
 1.584893192461304e+07  1.000000000000000e+00  0.000000000000000e+00 -2.502060575084322e-01 -7.140215375346050e-01 
 1.603245390690234e+07  1.000000000000000e+00  0.000000000000000e+00 -2.476517759910727e-01 -7.063932398699648e-01 
 1.621810097359125e+07  1.000000000000000e+00  0.000000000000000e+00 -2.451661654213125e-01 -6.989153231038210e-01 
 1.640589773199737e+07  1.000000000000000e+00  0.000000000000000e+00 -2.427496821182580e-01 -6.915852455746750e-01 
 1.659586907437761e+07  1.000000000000000e+00  0.000000000000000e+00 -2.404027749808509e-01 -6.844004848354502e-01 
 1.678804018122763e+07  1.000000000000000e+00  0.000000000000000e+00 -2.381258857654099e-01 -6.773585368239459e-01 
 1.698243652461949e+07  1.000000000000000e+00  0.000000000000000e+00 -2.359194509355236e-01 -6.704569151897504e-01 
 1.717908387157796e+07  1.000000000000000e+00  0.000000000000000e+00 -2.337839018194939e-01 -6.636931517991771e-01 
 1.737800828749586e+07  1.000000000000000e+00  0.000000000000000e+00 -2.317196662446840e-01 -6.570647950606208e-01 
 1.757923613958905e+07  1.000000000000000e+00  0.000000000000000e+00 -2.297271694949653e-01 -6.505694096235306e-01 
 1.778279410039138e+07  1.000000000000000e+00  0.000000000000000e+00 -2.278068349823084e-01 -6.442045757584708e-01 
 1.798870915129006e+07  1.000000000000000e+00  0.000000000000000e+00 -2.259590858217424e-01 -6.379678882781578e-01 
 1.819700858610204e+07  1.000000000000000e+00  0.000000000000000e+00 -2.241843451384909e-01 -6.318569558135763e-01 
 1.840772001469179e+07  1.000000000000000e+00  0.000000000000000e+00 -2.224830376265353e-01 -6.258693998636333e-01 
 1.862087136663093e+07  1.000000000000000e+00  0.000000000000000e+00 -2.208555902527425e-01 -6.200028535590683e-01 
 1.883649089490029e+07  1.000000000000000e+00  0.000000000000000e+00 -2.193024332154543e-01 -6.142549604532408e-01 
 1.905460717963478e+07  1.000000000000000e+00  0.000000000000000e+00 -2.178240008761878e-01 -6.086233736827019e-01 
 1.927524913191170e+07  1.000000000000000e+00  0.000000000000000e+00 -2.164207327049254e-01 -6.031057544142010e-01 
 1.949844599758282e+07  1.000000000000000e+00  0.000000000000000e+00 -2.150930740666357e-01 -5.976997702914796e-01 
 1.972422736115093e+07  1.000000000000000e+00  0.000000000000000e+00 -2.138414770649907e-01 -5.924030942345849e-01 
 1.995262314969122e+07  1.000000000000000e+00  0.000000000000000e+00 -2.126664012983191e-01 -5.872134024283775e-01 
 2.018366363681806e+07  1.000000000000000e+00  0.000000000000000e+00 -2.115683147193634e-01 -5.821283734584618e-01 
 2.041737944669778e+07  1.000000000000000e+00  0.000000000000000e+00 -2.105476941094250e-01 -5.771456855376007e-01 
 2.065380155810780e+07  1.000000000000000e+00  0.000000000000000e+00 -2.096050259764873e-01 -5.722630154161383e-01 
 2.089296130854294e+07  1.000000000000000e+00  0.000000000000000e+00 -2.087408068595728e-01 -5.674780359426105e-01 
 2.113489039836904e+07  1.000000000000000e+00  0.000000000000000e+00 -2.079555440094880e-01 -5.627884143026318e-01 
 2.137962089502493e+07  1.000000000000000e+00  0.000000000000000e+00 -2.072497558208897e-01 -5.581918095760992e-01 
 2.162718523727284e+07  1.000000000000000e+00  0.000000000000000e+00 -2.066239720283252e-01 -5.536858705795393e-01 
 2.187761623949819e+07  1.000000000000000e+00  0.000000000000000e+00 -2.060787342432174e-01 -5.492682336758563e-01 
 2.213094709605908e+07  1.000000000000000e+00  0.000000000000000e+00 -2.056145958060110e-01 -5.449365197236751e-01 
 2.238721138568613e+07  1.000000000000000e+00  0.000000000000000e+00 -2.052321221563689e-01 -5.406883320917231e-01 
 2.264644307593336e+07  1.000000000000000e+00  0.000000000000000e+00 -2.049318905408441e-01 -5.365212533697857e-01 
 2.290867652768053e+07  1.000000000000000e+00  0.000000000000000e+00 -2.047144900417337e-01 -5.324328430172046e-01 
 2.317394649968762e+07  1.000000000000000e+00  0.000000000000000e+00 -2.045805211388032e-01 -5.284206338742781e-01 
 2.344228815320209e+07  1.000000000000000e+00  0.000000000000000e+00 -2.045305953369339e-01 -5.244821295017787e-01 
 2.371373705661946e+07  1.000000000000000e+00  0.000000000000000e+00 -2.045653345117606e-01 -5.206148006504190e-01 
 2.398832919019784e+07  1.000000000000000e+00  0.000000000000000e+00 -2.046853702095929e-01 -5.168160823069484e-01 
 2.426610095082713e+07  1.000000000000000e+00  0.000000000000000e+00 -2.048913425680742e-01 -5.130833696686574e-01 
 2.454708915685331e+07  1.000000000000000e+00  0.000000000000000e+00 -2.051838992708580e-01 -5.094140151920259e-01 
 2.483133105295875e+07  1.000000000000000e+00  0.000000000000000e+00 -2.055636940438904e-01 -5.058053241728818e-01 
 2.511886431509889e+07  1.000000000000000e+00  0.000000000000000e+00 -2.060313852068547e-01 -5.022545518545909e-01 
 2.540972705549617e+07  1.000000000000000e+00  0.000000000000000e+00 -2.065876336437829e-01 -4.987588987340827e-01 
 2.570395782769180e+07  1.000000000000000e+00  0.000000000000000e+00 -2.072331006973534e-01 -4.953155067274904e-01 
 2.600159563165592e+07  1.000000000000000e+00  0.000000000000000e+00 -2.079684458049892e-01 -4.919214553241291e-01 
 2.630267991895705e+07  1.000000000000000e+00  0.000000000000000e+00 -2.087943236164302e-01 -4.885737566715687e-01 
 2.660725059799137e+07  1.000000000000000e+00  0.000000000000000e+00 -2.097113810651335e-01 -4.852693523888963e-01 
 2.691534803927247e+07  1.000000000000000e+00  0.000000000000000e+00 -2.107202536833382e-01 -4.820051079511569e-01 
 2.722701308078248e+07  1.000000000000000e+00  0.000000000000000e+00 -2.118215619651265e-01 -4.787778090968428e-01 
 2.754228703338506e+07  1.000000000000000e+00  0.000000000000000e+00 -2.130159069386674e-01 -4.755841569443589e-01 
 2.786121168630114e+07  1.000000000000000e+00  0.000000000000000e+00 -2.143038655262945e-01 -4.724207636297712e-01 
 2.818382931264801e+07  1.000000000000000e+00  0.000000000000000e+00 -2.156859852804270e-01 -4.692841476461175e-01 
 2.851018267504261e+07  1.000000000000000e+00  0.000000000000000e+00 -2.171627787297674e-01 -4.661707294438905e-01 
 2.884031503126962e+07  1.000000000000000e+00  0.000000000000000e+00 -2.187347171545416e-01 -4.630768271729153e-01 
 2.917427014001527e+07  1.000000000000000e+00  0.000000000000000e+00 -2.204022236658670e-01 -4.599986518249157e-01 
 2.951209226666751e+07  1.000000000000000e+00  0.000000000000000e+00 -2.221656659041234e-01 -4.569323035222845e-01 
 2.985382618918329e+07  1.000000000000000e+00  0.000000000000000e+00 -2.240253479592695e-01 -4.538737672136773e-01 
 3.019951720402390e+07  1.000000000000000e+00  0.000000000000000e+00 -2.259815016154427e-01 -4.508189086737391e-01 
 3.054921113215892e+07  1.000000000000000e+00  0.000000000000000e+00 -2.280342770431396e-01 -4.477634712896967e-01 
 3.090295432513973e+07  1.000000000000000e+00  0.000000000000000e+00 -2.301837325461636e-01 -4.447030723517420e-01 
 3.126079367124343e+07  1.000000000000000e+00  0.000000000000000e+00 -2.324298238181718e-01 -4.416332005289118e-01 
 3.162277660168771e+07  1.000000000000000e+00  0.000000000000000e+00 -2.347723922035509e-01 -4.385492132755694e-01 
 3.198895109691795e+07  1.000000000000000e+00  0.000000000000000e+00 -2.372111523777614e-01 -4.354463352023374e-01 
 3.235936569296684e+07  1.000000000000000e+00  0.000000000000000e+00 -2.397456788722509e-01 -4.323196562584717e-01 
 3.273406948788789e+07  1.000000000000000e+00  0.000000000000000e+00 -2.423753923729979e-01 -4.291641322350173e-01 
 3.311311214826322e+07  1.000000000000000e+00  0.000000000000000e+00 -2.450995445372898e-01 -4.259745842258975e-01 
 3.349654391578693e+07  1.000000000000000e+00  0.000000000000000e+00 -2.479172024145385e-01 -4.227457002798738e-01 
 3.388441561392447e+07  1.000000000000000e+00  0.000000000000000e+00 -2.508272319778423e-01 -4.194720377434599e-01 
 3.427677865464929e+07  1.000000000000000e+00  0.000000000000000e+00 -2.538282808305100e-01 -4.161480268321914e-01 
 3.467368504525747e+07  1.000000000000000e+00  0.000000000000000e+00 -2.569187601638159e-01 -4.127679753553825e-01 
 3.507518739526116e+07  1.000000000000000e+00  0.000000000000000e+00 -2.600968263262995e-01 -4.093260756609833e-01 
 3.548133892336196e+07  1.000000000000000e+00  0.000000000000000e+00 -2.633603611228743e-01 -4.058164116891564e-01 
 3.589219346450499e+07  1.000000000000000e+00  0.000000000000000e+00 -2.667069524102794e-01 -4.022329695988265e-01 
 3.630780547701465e+07  1.000000000000000e+00  0.000000000000000e+00 -2.701338736714852e-01 -3.985696490799150e-01 
 3.672823004981304e+07  1.000000000000000e+00  0.000000000000000e+00 -2.736380635558633e-01 -3.948202770953330e-01 
 3.715352290972188e+07  1.000000000000000e+00  0.000000000000000e+00 -2.772161052275283e-01 -3.909786240431156e-01 
 3.758374042884910e+07  1.000000000000000e+00  0.000000000000000e+00 -2.808642060699837e-01 -3.870384223983175e-01 
 3.801893963206086e+07  1.000000000000000e+00  0.000000000000000e+00 -2.845781769548730e-01 -3.829933871548971e-01 
 3.845917820454016e+07  1.000000000000000e+00  0.000000000000000e+00 -2.883534129151196e-01 -3.788372400498569e-01 
 3.890451449943291e+07  1.000000000000000e+00  0.000000000000000e+00 -2.921848739769994e-01 -3.745637357556537e-01 
 3.935500754558266e+07  1.000000000000000e+00  0.000000000000000e+00 -2.960670672313322e-01 -3.701666911463451e-01 
 3.981071705535470e+07  1.000000000000000e+00  0.000000000000000e+00 -2.999940304933150e-01 -3.656400178106683e-01 
 4.027170343255094e+07  1.000000000000000e+00  0.000000000000000e+00 -3.039593175385633e-01 -3.609777572316844e-01 
 4.073802778041637e+07  1.000000000000000e+00  0.000000000000000e+00 -3.079559858035893e-01 -3.561741193392424e-01 
 4.120975190973818e+07  1.000000000000000e+00  0.000000000000000e+00 -3.119765863552835e-01 -3.512235236303922e-01 
 4.168693834703876e+07  1.000000000000000e+00  0.000000000000000e+00 -3.160131571161648e-01 -3.461206434108222e-01 
 4.216965034286351e+07  1.000000000000000e+00  0.000000000000000e+00 -3.200572196146826e-01 -3.408604528112115e-01 
 4.265795188016462e+07  1.000000000000000e+00  0.000000000000000e+00 -3.240997796968223e-01 -3.354382762044744e-01 
 4.315190768278193e+07  1.000000000000000e+00  0.000000000000000e+00 -3.281313328539572e-01 -3.298498401415507e-01 
 4.365158322402208e+07  1.000000000000000e+00  0.000000000000000e+00 -3.321418740867774e-01 -3.240913266365548e-01 
 4.415704473533680e+07  1.000000000000000e+00  0.000000000000000e+00 -3.361209135117500e-01 -3.181594283173013e-01 
 4.466835921510192e+07  1.000000000000000e+00  0.000000000000000e+00 -3.400574981479074e-01 -3.120514048093861e-01 
 4.518559443749791e+07  1.000000000000000e+00  0.000000000000000e+00 -3.439402390775528e-01 -3.057651386434734e-01 
 4.570881896149325e+07  1.000000000000000e+00  0.000000000000000e+00 -3.477573460182430e-01 -2.992991915656700e-01 
 4.623810213993184e+07  1.000000000000000e+00  0.000000000000000e+00 -3.514966679129645e-01 -2.926528591081605e-01 
 4.677351412872570e+07  1.000000000000000e+00  0.000000000000000e+00 -3.551457417105032e-01 -2.858262240591840e-01 
 4.731512589615400e+07  1.000000000000000e+00  0.000000000000000e+00 -3.586918467046799e-01 -2.788202059907524e-01 
 4.786300923226986e+07  1.000000000000000e+00  0.000000000000000e+00 -3.621220673218009e-01 -2.716366079922722e-01 
 4.841723675841603e+07  1.000000000000000e+00  0.000000000000000e+00 -3.654233620246805e-01 -2.642781580288260e-01 
 4.897788193685079e+07  1.000000000000000e+00  0.000000000000000e+00 -3.685826386849451e-01 -2.567485445329317e-01 
 4.954501908048527e+07  1.000000000000000e+00  0.000000000000000e+00 -3.715868365668117e-01 -2.490524454464386e-01 
 5.011872336273355e+07  1.000000000000000e+00  0.000000000000000e+00 -3.744230133341586e-01 -2.411955492583867e-01 
 5.069907082747684e+07  1.000000000000000e+00  0.000000000000000e+00 -3.770784364902537e-01 -2.331845672532080e-01 
 5.128613839914297e+07  1.000000000000000e+00  0.000000000000000e+00 -3.795406794909526e-01 -2.250272365912647e-01 
 5.188000389290267e+07  1.000000000000000e+00  0.000000000000000e+00 -3.817977186498716e-01 -2.167323124734893e-01 
 5.248074602498390e+07  1.000000000000000e+00  0.000000000000000e+00 -3.838380336602486e-01 -2.083095501907102e-01 
 5.308844442310555e+07  1.000000000000000e+00  0.000000000000000e+00 -3.856507059550957e-01 -1.997696752180674e-01 
 5.370317963703207e+07  1.000000000000000e+00  0.000000000000000e+00 -3.872255167312881e-01 -1.911243421485173e-01 
 5.432503314925020e+07  1.000000000000000e+00  0.000000000000000e+00 -3.885530418247015e-01 -1.823860820317968e-01 
 5.495408738576942e+07  1.000000000000000e+00  0.000000000000000e+00 -3.896247416376690e-01 -1.735682383314457e-01 
 5.559042572704741e+07  1.000000000000000e+00  0.000000000000000e+00 -3.904330452219508e-01 -1.646848920354209e-01 
 5.623413251904204e+07  1.000000000000000e+00  0.000000000000000e+00 -3.909714264281814e-01 -1.557507765928115e-01 
 5.688529308439137e+07  1.000000000000000e+00  0.000000000000000e+00 -3.912344716070636e-01 -1.467811835795497e-01 
 5.754399373372301e+07  1.000000000000000e+00  0.000000000000000e+00 -3.912179364046897e-01 -1.377918602058982e-01 
 5.821032177709454e+07  1.000000000000000e+00  0.000000000000000e+00 -3.909187912189238e-01 -1.287989000493385e-01 
 5.888436553556639e+07  1.000000000000000e+00  0.000000000000000e+00 -3.903352544926748e-01 -1.198186285121759e-01 
 5.956621435290863e+07  1.000000000000000e+00  0.000000000000000e+00 -3.894668126604899e-01 -1.108674846601985e-01 
 6.025595860744344e+07  1.000000000000000e+00  0.000000000000000e+00 -3.883142275419009e-01 -1.019619010195116e-01 
 6.095368972402468e+07  1.000000000000000e+00  0.000000000000000e+00 -3.868795281911483e-01 -9.311818357457681e-02 
 6.165950018615607e+07  1.000000000000000e+00  0.000000000000000e+00 -3.851659915067412e-01 -8.435239308877553e-02 
 6.237348354824988e+07  1.000000000000000e+00  0.000000000000000e+00 -3.831781082659606e-01 -7.568023009547396e-02 
 6.309573444802737e+07  1.000000000000000e+00  0.000000000000000e+00 -3.809215364034828e-01 -6.711692514750627e-02 
 6.382634861906301e+07  1.000000000000000e+00  0.000000000000000e+00 -3.784030440934946e-01 -5.867713535519263e-02 
 6.456542290347379e+07  1.000000000000000e+00  0.000000000000000e+00 -3.756304408321259e-01 -5.037484937945765e-02 
 6.531305526475558e+07  1.000000000000000e+00  0.000000000000000e+00 -3.726124998740694e-01 -4.222330151629677e-02 
 6.606934480076804e+07  1.000000000000000e+00  0.000000000000000e+00 -3.693588726976721e-01 -3.423489605254858e-02 
 6.683439175687000e+07  1.000000000000000e+00  0.000000000000000e+00 -3.658799971506220e-01 -2.642114257143320e-02 
 6.760829753920682e+07  1.000000000000000e+00  0.000000000000000e+00 -3.621870004001483e-01 -1.879260293803050e-02 
 6.839116472815168e+07  1.000000000000000e+00  0.000000000000000e+00 -3.582915991183619e-01 -1.135884982323096e-02 
 6.918309709190249e+07  1.000000000000000e+00  0.000000000000000e+00 -3.542059978916344e-01 -4.128437035803352e-03 
 6.998419960023630e+07  1.000000000000000e+00  0.000000000000000e+00 -3.499427871472844e-01  2.891118344864274e-03 
 7.079457843842284e+07  1.000000000000000e+00  0.000000000000000e+00 -3.455148426580515e-01  9.693342818033399e-03 
 7.161434102129936e+07  1.000000000000000e+00  0.000000000000000e+00 -3.409352275952029e-01  1.627280272347089e-02 
 7.244359600750828e+07  1.000000000000000e+00  0.000000000000000e+00 -3.362170981328059e-01  2.262509044693848e-02 
 7.328245331389979e+07  1.000000000000000e+00  0.000000000000000e+00 -3.313736140422474e-01  2.874680182293006e-02 
 7.413102413010125e+07  1.000000000000000e+00  0.000000000000000e+00 -3.264178543537881e-01  3.463550489635055e-02 
 7.498942093325520e+07  1.000000000000000e+00  0.000000000000000e+00 -3.213627400954422e-01  4.028970240188794e-02 
 7.585775750292811e+07  1.000000000000000e+00  0.000000000000000e+00 -3.162209631708784e-01  4.570878753182312e-02 
 7.673614893619174e+07  1.000000000000000e+00  0.000000000000000e+00 -3.110049226700086e-01  5.089299502390472e-02 
 7.762471166287914e+07  1.000000000000000e+00  0.000000000000000e+00 -3.057266684105582e-01  5.584334812777125e-02 
 7.852356346101727e+07  1.000000000000000e+00  0.000000000000000e+00 -3.003978518012889e-01  6.056160247760154e-02 
 7.943282347243837e+07  1.000000000000000e+00  0.000000000000000e+00 -2.950296844781202e-01  6.505018857647883e-02 
 8.035261221857207e+07  1.000000000000000e+00  0.000000000000000e+00 -2.896329034286769e-01  6.931215218104990e-02 
 8.128305161642039e+07  1.000000000000000e+00  0.000000000000000e+00 -2.842177436244742e-01  7.335109524895046e-02 
 8.222426499471770e+07  1.000000000000000e+00  0.000000000000000e+00 -2.787939168760639e-01  7.717111687168725e-02 
 8.317637711027782e+07  1.000000000000000e+00  0.000000000000000e+00 -2.733705967308876e-01  8.077675496351852e-02 
 8.413951416453035e+07  1.000000000000000e+00  0.000000000000000e+00 -2.679564094271127e-01  8.417293034247122e-02 
 8.511380382024862e+07  1.000000000000000e+00  0.000000000000000e+00 -2.625594296082138e-01  8.736489195839257e-02 
 8.609937521847117e+07  1.000000000000000e+00  0.000000000000000e+00 -2.571871810025033e-01  9.035816509594782e-02 
 8.709635899561930e+07  1.000000000000000e+00  0.000000000000000e+00 -2.518466412558477e-01  9.315850236303584e-02 
 8.810488730081278e+07  1.000000000000000e+00  0.000000000000000e+00 -2.465442502842777e-01  9.577183717468289e-02 
 8.912509381338607e+07  1.000000000000000e+00  0.000000000000000e+00 -2.412859218832155e-01  9.820424053740069e-02 
 9.015711376060735e+07  1.000000000000000e+00  0.000000000000000e+00 -2.360770581824312e-01  1.004618814931338e-01 
 9.120108393560277e+07  1.000000000000000e+00  0.000000000000000e+00 -2.309225660322503e-01  1.025509897390546e-01 
 9.225714271548826e+07  1.000000000000000e+00  0.000000000000000e+00 -2.258268755723888e-01  1.044778227190394e-01 
 9.332543007971118e+07  1.000000000000000e+00  0.000000000000000e+00 -2.207939599642263e-01  1.062486348108432e-01 
 9.440608762860456e+07  1.000000000000000e+00  0.000000000000000e+00 -2.158273563733402e-01  1.078696503153709e-01 
 9.549925860215597e+07  1.000000000000000e+00  0.000000000000000e+00 -2.109301876352468e-01  1.093470390617558e-01 
 9.660508789899386e+07  1.000000000000000e+00  0.000000000000000e+00 -2.061051844117010e-01  1.106868949077845e-01 
 9.772372209559375e+07  1.000000000000000e+00  0.000000000000000e+00 -2.013547075865479e-01  1.118952171656635e-01 
 9.885530946570672e+07  1.000000000000000e+00  0.000000000000000e+00 -1.966807706145416e-01  1.129778941974494e-01 
 1.000000000000130e+08  1.000000000000000e+00  0.000000000000000e+00 -1.920850617020557e-01  1.139406896752092e-01 
 1.011579454260030e+08  1.000000000000000e+00  0.000000000000000e+00 -1.875689656158480e-01  1.147892309189050e-01 
 1.023292992280887e+08  1.000000000000000e+00  0.000000000000000e+00 -1.831335849907876e-01  1.155289993409447e-01 
 1.035142166679479e+08  1.000000000000000e+00  0.000000000000000e+00 -1.787797610284527e-01  1.161653224942240e-01 
 1.047128548051036e+08  1.000000000000000e+00  0.000000000000000e+00 -1.745080934824819e-01  1.167033683051117e-01 
 1.059253725177427e+08  1.000000000000000e+00  0.000000000000000e+00 -1.703189598919799e-01  1.171481402959992e-01 
 1.071519305237746e+08  1.000000000000000e+00  0.000000000000000e+00 -1.662125339603092e-01  1.175044745732308e-01 
 1.083926914021345e+08  1.000000000000000e+00  0.000000000000000e+00 -1.621888030966818e-01  1.177770378373777e-01 
 1.096478196143328e+08  1.000000000000000e+00  0.000000000000000e+00 -1.582475850500411e-01  1.179703266189485e-01 
 1.109174815262546e+08  1.000000000000000e+00  0.000000000000000e+00 -1.543885436536906e-01  1.180886673789699e-01 
 1.122018454302110e+08  1.000000000000000e+00  0.000000000000000e+00 -1.506112036805704e-01  1.181362174721855e-01 
 1.135010815672463e+08  1.000000000000000e+00  0.000000000000000e+00 -1.469149647817138e-01  1.181169669156640e-01 
 1.148153621497033e+08  1.000000000000000e+00  0.000000000000000e+00 -1.432991145760507e-01  1.180347406753601e-01 
 1.161448613840495e+08  1.000000000000000e+00  0.000000000000000e+00 -1.397628408515187e-01  1.178932016097191e-01 
 1.174897554939683e+08  1.000000000000000e+00  0.000000000000000e+00 -1.363052429640987e-01  1.176958537508796e-01 
 1.188502227437174e+08  1.000000000000000e+00  0.000000000000000e+00 -1.329253424090987e-01  1.174460460502328e-01 
 1.202264434617570e+08  1.000000000000000e+00  0.000000000000000e+00 -1.296220926537523e-01  1.171469763079377e-01 
 1.216186000646528e+08  1.000000000000000e+00  0.000000000000000e+00 -1.263943881811412e-01  1.168016955307859e-01 
 1.230268770812543e+08  1.000000000000000e+00  0.000000000000000e+00 -1.232410728666370e-01  1.164131123204818e-01 
 1.244514611771549e+08  1.000000000000000e+00  0.000000000000000e+00 -1.201609476962974e-01  1.159839974157176e-01 
 1.258925411794333e+08  1.000000000000000e+00  0.000000000000000e+00 -1.171527778233697e-01  1.155169883949303e-01 
 1.273503081016829e+08  1.000000000000000e+00  0.000000000000000e+00 -1.142152990387156e-01  1.150145943994068e-01 
 1.288249551693303e+08  1.000000000000000e+00  0.000000000000000e+00 -1.113472236923757e-01  1.144792008607406e-01 
 1.303166778452471e+08  1.000000000000000e+00  0.000000000000000e+00 -1.085472460900330e-01  1.139130742158918e-01 
 1.318256738556581e+08  1.000000000000000e+00  0.000000000000000e+00 -1.058140473868500e-01  1.133183666287828e-01 
 1.333521432163500e+08  1.000000000000000e+00  0.000000000000000e+00 -1.031463000280560e-01  1.126971206212968e-01 
 1.348962882591831e+08  1.000000000000000e+00  0.000000000000000e+00 -1.005426717503447e-01  1.120512736808588e-01 
 1.364583136589105e+08  1.000000000000000e+00  0.000000000000000e+00 -9.800182923637116e-02  1.113826626673527e-01 
 1.380384264603067e+08  1.000000000000000e+00  0.000000000000000e+00 -9.552244131369787e-02  1.106930282972407e-01 
 1.396368361056122e+08  1.000000000000000e+00  0.000000000000000e+00 -9.310318192042789e-02  1.099840193143983e-01 
 1.412537544622941e+08  1.000000000000000e+00  0.000000000000000e+00 -9.074273265560663e-02  1.092571967271377e-01 
 1.428893958511291e+08  1.000000000000000e+00  0.000000000000000e+00 -8.843978510709410e-02  1.085140378019549e-01 
 1.445439770746118e+08  1.000000000000000e+00  0.000000000000000e+00 -8.619304290016812e-02  1.077559399533997e-01 
 1.462177174456911e+08  1.000000000000000e+00  0.000000000000000e+00 -8.400122345363607e-02  1.069842245742429e-01 
 1.479108388168403e+08  1.000000000000000e+00  0.000000000000000e+00 -8.186305959501569e-02  1.062001406010221e-01 
 1.496235656094631e+08  1.000000000000000e+00  0.000000000000000e+00 -7.977730089460591e-02  1.054048680675278e-01 
 1.513561248436408e+08  1.000000000000000e+00  0.000000000000000e+00 -7.774271487388626e-02  1.045995214197081e-01 
 1.531087461682233e+08  1.000000000000000e+00  0.000000000000000e+00 -7.575808794703416e-02  1.037851528446710e-01 
 1.548816618912686e+08  1.000000000000000e+00  0.000000000000000e+00 -7.382222634697365e-02  1.029627552599556e-01 
 1.566751070108357e+08  1.000000000000000e+00  0.000000000000000e+00 -7.193395679350686e-02  1.021332653438578e-01 
 1.584893192461324e+08  1.000000000000000e+00  0.000000000000000e+00 -7.009212704391389e-02  1.012975664109825e-01 
 1.603245390690254e+08  1.000000000000000e+00  0.000000000000000e+00 -6.829560642431803e-02  1.004564910423213e-01 
 1.621810097359145e+08  1.000000000000000e+00  0.000000000000000e+00 -6.654328610378832e-02  9.961082378692011e-02 
 1.640589773199757e+08  1.000000000000000e+00  0.000000000000000e+00 -6.483407942631390e-02  9.876130355182466e-02 
 1.659586907437781e+08  1.000000000000000e+00  0.000000000000000e+00 -6.316692204340324e-02  9.790862602149560e-02 
 1.678804018122783e+08  1.000000000000000e+00  0.000000000000000e+00 -6.154077204340562e-02  9.705344587497133e-02 
 1.698243652461970e+08  1.000000000000000e+00  0.000000000000000e+00 -5.995460992963365e-02  9.619637899146857e-02 
 1.717908387157817e+08  1.000000000000000e+00  0.000000000000000e+00 -5.840743866644180e-02  9.533800440941539e-02 
 1.737800828749607e+08  1.000000000000000e+00  0.000000000000000e+00 -5.689828352556266e-02  9.447886634602458e-02 
 1.757923613958926e+08  1.000000000000000e+00  0.000000000000000e+00 -5.542619199233779e-02  9.361947600288736e-02 
 1.778279410039160e+08  1.000000000000000e+00  0.000000000000000e+00 -5.399023357536691e-02  9.276031333922446e-02 
 1.798870915129028e+08  1.000000000000000e+00  0.000000000000000e+00 -5.258949959740922e-02  9.190182873673797e-02 
 1.819700858610226e+08  1.000000000000000e+00  0.000000000000000e+00 -5.122310294663013e-02  9.104444458864626e-02 
 1.840772001469201e+08  1.000000000000000e+00  0.000000000000000e+00 -4.989017780906118e-02  9.018855679811158e-02 
 1.862087136663116e+08  1.000000000000000e+00  0.000000000000000e+00 -4.858987937244068e-02  8.933453620462792e-02 
 1.883649089490052e+08  1.000000000000000e+00  0.000000000000000e+00 -4.732138349675631e-02  8.848272994878810e-02 
 1.905460717963502e+08  1.000000000000000e+00  0.000000000000000e+00 -4.608388637227373e-02  8.763346276054378e-02 
 1.927524913191193e+08  1.000000000000000e+00  0.000000000000000e+00 -4.487660420392232e-02  8.678703814632746e-02 
 1.949844599758306e+08  1.000000000000000e+00  0.000000000000000e+00 -4.369877280306003e-02  8.594373958269304e-02 
 1.972422736115117e+08  1.000000000000000e+00  0.000000000000000e+00 -4.254964724114288e-02  8.510383158650837e-02 
 1.995262314969147e+08  1.000000000000000e+00  0.000000000000000e+00 -4.142850147560618e-02  8.426756074699208e-02 
 2.018366363681831e+08  1.000000000000000e+00  0.000000000000000e+00 -4.033462793427105e-02  8.343515673137102e-02 
 2.041737944669803e+08  1.000000000000000e+00  0.000000000000000e+00 -3.926733714829756e-02  8.260683319480569e-02 
 2.065380155810806e+08  1.000000000000000e+00  0.000000000000000e+00 -3.822595734801050e-02  8.178278867005616e-02 
 2.089296130854320e+08  1.000000000000000e+00  0.000000000000000e+00 -3.720983407129309e-02  8.096320739953942e-02 
 2.113489039836930e+08  1.000000000000000e+00  0.000000000000000e+00 -3.621832978685127e-02  8.014826011060383e-02 
 2.137962089502519e+08  1.000000000000000e+00  0.000000000000000e+00 -3.525082348305206e-02  7.933810477806516e-02 
 2.162718523727311e+08  1.000000000000000e+00  0.000000000000000e+00 -3.430671026530811e-02  7.853288733800901e-02 
 2.187761623949846e+08  1.000000000000000e+00  0.000000000000000e+00 -3.338540100267302e-02  7.773274233257113e-02 
 2.213094709605935e+08  1.000000000000000e+00  0.000000000000000e+00 -3.248632190981338e-02  7.693779356733559e-02 
 2.238721138568640e+08  1.000000000000000e+00  0.000000000000000e+00 -3.160891420355978e-02  7.614815468518629e-02 
 2.264644307593364e+08  1.000000000000000e+00  0.000000000000000e+00 -3.075263368995806e-02  7.536392975916903e-02 
 2.290867652768081e+08  1.000000000000000e+00  0.000000000000000e+00 -2.991695042392734e-02  7.458521380850727e-02 
 2.317394649968790e+08  1.000000000000000e+00  0.000000000000000e+00 -2.910134833114955e-02  7.381209331626587e-02 
 2.344228815320238e+08  1.000000000000000e+00  0.000000000000000e+00 -2.830532485981894e-02  7.304464670247181e-02 
 2.371373705661975e+08  1.000000000000000e+00  0.000000000000000e+00 -2.752839061939788e-02  7.228294478482382e-02 
 2.398832919019814e+08  1.000000000000000e+00  0.000000000000000e+00 -2.677006904482422e-02  7.152705120234500e-02 
 2.426610095082743e+08  1.000000000000000e+00  0.000000000000000e+00 -2.602989605557121e-02  7.077702282356677e-02 
 2.454708915685362e+08  1.000000000000000e+00  0.000000000000000e+00 -2.530741972513438e-02  7.003291013051215e-02 
 2.483133105295905e+08  1.000000000000000e+00  0.000000000000000e+00 -2.460219996460462e-02  6.929475757813293e-02 
 2.511886431509919e+08  1.000000000000000e+00  0.000000000000000e+00 -2.391380818803075e-02  6.856260394798958e-02 
 2.540972705549648e+08  1.000000000000000e+00  0.000000000000000e+00 -2.324182702562082e-02  6.783648266082702e-02 
 2.570395782769211e+08  1.000000000000000e+00  0.000000000000000e+00 -2.258585000865849e-02  6.711642209118417e-02 
 2.600159563165624e+08  1.000000000000000e+00  0.000000000000000e+00 -2.194548127803931e-02  6.640244585685214e-02 
 2.630267991895738e+08  1.000000000000000e+00  0.000000000000000e+00 -2.132033530129268e-02  6.569457309091528e-02 
 2.660725059799170e+08  1.000000000000000e+00  0.000000000000000e+00 -2.071003657292304e-02  6.499281871237933e-02 
 2.691534803927280e+08  1.000000000000000e+00  0.000000000000000e+00 -2.011421937691094e-02  6.429719365372587e-02 
 2.722701308078281e+08  1.000000000000000e+00  0.000000000000000e+00 -1.953252747723492e-02  6.360770511559585e-02 
 2.754228703338540e+08  1.000000000000000e+00  0.000000000000000e+00 -1.896461390028397e-02  6.292435676632825e-02 
 2.786121168630148e+08  1.000000000000000e+00  0.000000000000000e+00 -1.841014065283176e-02  6.224714896476293e-02 
 2.818382931264836e+08  1.000000000000000e+00  0.000000000000000e+00 -1.786877848616722e-02  6.157607895261465e-02 
 2.851018267504296e+08  1.000000000000000e+00  0.000000000000000e+00 -1.734020665895681e-02  6.091114103989669e-02 
 2.884031503126997e+08  1.000000000000000e+00  0.000000000000000e+00 -1.682411270220873e-02  6.025232678267635e-02 
 2.917427014001563e+08  1.000000000000000e+00  0.000000000000000e+00 -1.632019219751593e-02  5.959962514789085e-02 
 2.951209226666787e+08  1.000000000000000e+00  0.000000000000000e+00 -1.582814854093529e-02  5.895302267837948e-02 
 2.985382618918365e+08  1.000000000000000e+00  0.000000000000000e+00 -1.534769275465386e-02  5.831250363153118e-02 
 3.019951720402427e+08  1.000000000000000e+00  0.000000000000000e+00 -1.487854325642429e-02  5.767805013010125e-02 
 3.054921113215929e+08  1.000000000000000e+00  0.000000000000000e+00 -1.442042566473062e-02  5.704964229315845e-02 
 3.090295432514011e+08  1.000000000000000e+00  0.000000000000000e+00 -1.397307261198504e-02  5.642725835902400e-02 
 3.126079367124381e+08  1.000000000000000e+00  0.000000000000000e+00 -1.353622353738504e-02  5.581087481146174e-02 
 3.162277660168810e+08  1.000000000000000e+00  0.000000000000000e+00 -1.310962451193100e-02  5.520046648951610e-02 
 3.198895109691834e+08  1.000000000000000e+00  0.000000000000000e+00 -1.269302805365932e-02  5.459600669629491e-02 
 3.235936569296724e+08  1.000000000000000e+00  0.000000000000000e+00 -1.228619295892584e-02  5.399746729859387e-02 
 3.273406948788829e+08  1.000000000000000e+00  0.000000000000000e+00 -1.188888411720638e-02  5.340481882876738e-02 
 3.311311214826363e+08  1.000000000000000e+00  0.000000000000000e+00 -1.150087236974423e-02  5.281803056718217e-02 
 3.349654391578735e+08  1.000000000000000e+00  0.000000000000000e+00 -1.112193432598530e-02  5.223707063695463e-02 
 3.388441561392489e+08  1.000000000000000e+00  0.000000000000000e+00 -1.075185221869784e-02  5.166190608174445e-02 
 3.427677865464973e+08  1.000000000000000e+00  0.000000000000000e+00 -1.039041375413525e-02  5.109250294262892e-02 
 3.467368504525791e+08  1.000000000000000e+00  0.000000000000000e+00 -1.003741195730856e-02  5.052882633399342e-02 
 3.507518739526161e+08  1.000000000000000e+00  0.000000000000000e+00 -9.692645043395696e-03  4.997084050829696e-02 
 3.548133892336241e+08  1.000000000000000e+00  0.000000000000000e+00 -9.355916252661817e-03  4.941850893028529e-02 
 3.589219346450545e+08  1.000000000000000e+00  0.000000000000000e+00 -9.027033751119282e-03  4.887179432782816e-02 
 3.630780547701512e+08  1.000000000000000e+00  0.000000000000000e+00 -8.705810469722849e-03  4.833065876043815e-02 
 3.672823004981351e+08  1.000000000000000e+00  0.000000000000000e+00 -8.392063992931542e-03  4.779506367016275e-02 
 3.715352290972236e+08  1.000000000000000e+00  0.000000000000000e+00 -8.085616429887985e-03  4.726496993595446e-02 
 3.758374042884958e+08  1.000000000000000e+00  0.000000000000000e+00 -7.786294298167305e-03  4.674033792272018e-02 
 3.801893963206135e+08  1.000000000000000e+00  0.000000000000000e+00 -7.493928399572453e-03  4.622112753085361e-02 
 3.845917820454065e+08  1.000000000000000e+00  0.000000000000000e+00 -7.208353718891834e-03  4.570729823770512e-02 
 3.890451449943342e+08  1.000000000000000e+00  0.000000000000000e+00 -6.929409304651317e-03  4.519880914270464e-02 
 3.935500754558317e+08  1.000000000000000e+00  0.000000000000000e+00 -6.656938165449908e-03  4.469561900660438e-02 
 3.981071705535522e+08  1.000000000000000e+00  0.000000000000000e+00 -6.390787166010152e-03  4.419768628968770e-02 
 4.027170343255147e+08  1.000000000000000e+00  0.000000000000000e+00 -6.130806928061285e-03  4.370496918728108e-02 
 4.073802778041690e+08  1.000000000000000e+00  0.000000000000000e+00 -5.876851729405647e-03  4.321742566458601e-02 
 4.120975190973871e+08  1.000000000000000e+00  0.000000000000000e+00 -5.628779411575436e-03  4.273501348834973e-02 
 4.168693834703930e+08  1.000000000000000e+00  0.000000000000000e+00 -5.386451286191050e-03  4.225769025755648e-02 
 4.216965034286405e+08  1.000000000000000e+00  0.000000000000000e+00 -5.149732045761939e-03  4.178541343223359e-02 
 4.265795188016517e+08  1.000000000000000e+00  0.000000000000000e+00 -4.918489674644733e-03  4.131814036107671e-02 
 4.315190768278250e+08  1.000000000000000e+00  0.000000000000000e+00 -4.692595367057927e-03  4.085582830678854e-02 
 4.365158322402264e+08  1.000000000000000e+00  0.000000000000000e+00 -4.471923438950435e-03  4.039843447152795e-02 
 4.415704473533736e+08  1.000000000000000e+00  0.000000000000000e+00 -4.256351259912167e-03  3.994591601762061e-02 
 4.466835921510250e+08  1.000000000000000e+00  0.000000000000000e+00 -4.045759159361862e-03  3.949823009262628e-02 
 4.518559443749850e+08  1.000000000000000e+00  0.000000000000000e+00 -3.840030363774870e-03  3.905533384728221e-02 
 4.570881896149384e+08  1.000000000000000e+00  0.000000000000000e+00 -3.639050914760674e-03  3.861718445666411e-02 
 4.623810213993244e+08  1.000000000000000e+00  0.000000000000000e+00 -3.442709599270934e-03  3.818373913818680e-02 
 4.677351412872631e+08  1.000000000000000e+00  0.000000000000000e+00 -3.250897888150887e-03  3.775495516747542e-02 
 4.731512589615462e+08  1.000000000000000e+00  0.000000000000000e+00 -3.063509856591248e-03  3.733078989697763e-02 
 4.786300923227049e+08  1.000000000000000e+00  0.000000000000000e+00 -2.880442121790030e-03  3.691120077067049e-02 
 4.841723675841666e+08  1.000000000000000e+00  0.000000000000000e+00 -2.701593783829215e-03  3.649614533787050e-02 
 4.897788193685143e+08  1.000000000000000e+00  0.000000000000000e+00 -2.526866356797546e-03  3.608558126801504e-02 
 4.954501908048592e+08  1.000000000000000e+00  0.000000000000000e+00 -2.356163713146048e-03  3.567946636286624e-02 
 5.011872336273420e+08  1.000000000000000e+00  0.000000000000000e+00 -2.189392022371762e-03  3.527775856902607e-02 
 5.069907082747750e+08  1.000000000000000e+00  0.000000000000000e+00 -2.026459692511637e-03  3.488041598956727e-02 
 5.128613839914363e+08  1.000000000000000e+00  0.000000000000000e+00 -1.867277315814107e-03  3.448739689459850e-02 
 5.188000389290334e+08  1.000000000000000e+00  0.000000000000000e+00 -1.711757615439085e-03  3.409865973125219e-02 
 5.248074602498457e+08  1.000000000000000e+00  0.000000000000000e+00 -1.559815391100669e-03  3.371416313341608e-02 
 5.308844442310624e+08  1.000000000000000e+00  0.000000000000000e+00 -1.411367465811485e-03  3.333386593086456e-02 
 5.370317963703276e+08  1.000000000000000e+00  0.000000000000000e+00 -1.266332638419830e-03  3.295772715728269e-02 
 5.432503314925090e+08  1.000000000000000e+00  0.000000000000000e+00 -1.124631636787284e-03  3.258570605790078e-02 
 5.495408738577013e+08  1.000000000000000e+00  0.000000000000000e+00 -9.861870620547922e-04  3.221776209773159e-02 
 5.559042572704812e+08  1.000000000000000e+00  0.000000000000000e+00 -8.509233534868420e-04  3.185385496722293e-02 
 5.623413251904277e+08  1.000000000000000e+00  0.000000000000000e+00 -7.187667327892730e-04  3.149394458974206e-02 
 5.688529308439209e+08  1.000000000000000e+00  0.000000000000000e+00 -5.896451707343923e-04  3.113799112651094e-02 
 5.754399373372374e+08  1.000000000000000e+00  0.000000000000000e+00 -4.634883326249448e-04  3.078595498324198e-02 
 5.821032177709528e+08  1.000000000000000e+00  0.000000000000000e+00 -3.402275473065142e-04  3.043779681429502e-02 
 5.888436553556714e+08  1.000000000000000e+00  0.000000000000000e+00 -2.197957619636632e-04  3.009347752791177e-02 
 5.956621435290939e+08  1.000000000000000e+00  0.000000000000000e+00 -1.021275021875915e-04  2.975295829062043e-02 
 6.025595860744421e+08  1.000000000000000e+00  0.000000000000000e+00  1.284116679031958e-05  2.941620053133576e-02 
 6.095368972402545e+08  1.000000000000000e+00  0.000000000000000e+00  1.251726738690851e-04  2.908316594481923e-02 
 6.165950018615686e+08  1.000000000000000e+00  0.000000000000000e+00  2.349279828463938e-04  2.875381649543922e-02 
 6.237348354825066e+08  1.000000000000000e+00  0.000000000000000e+00  3.421666248321862e-04  2.842811442011087e-02 
 6.309573444802817e+08  1.000000000000000e+00  0.000000000000000e+00  4.469467367992289e-04  2.810602223134141e-02 
 6.382634861906382e+08  1.000000000000000e+00  0.000000000000000e+00  5.493250888033890e-04  2.778750271953061e-02 
 6.456542290347461e+08  1.000000000000000e+00  0.000000000000000e+00  6.493571244747458e-04  2.747251895568796e-02 
 6.531305526475639e+08  1.000000000000000e+00  0.000000000000000e+00  7.470969876108024e-04  2.716103429324454e-02 
 6.606934480076886e+08  1.000000000000000e+00  0.000000000000000e+00  8.425975557912524e-04  2.685301237006986e-02 
 6.683439175687084e+08  1.000000000000000e+00  0.000000000000000e+00  9.359104695268657e-04  2.654841711007005e-02 
 6.760829753920767e+08  1.000000000000000e+00  0.000000000000000e+00  1.027086163645357e-03  2.624721272468817e-02 
 6.839116472815254e+08  1.000000000000000e+00  0.000000000000000e+00  1.116173894632008e-03  2.594936371412862e-02 
 6.918309709190336e+08  1.000000000000000e+00  0.000000000000000e+00  1.203221770127650e-03  2.565483486843661e-02 
 6.998419960023718e+08  1.000000000000000e+00  0.000000000000000e+00  1.288276774969643e-03  2.536359126836846e-02 
 7.079457843842374e+08  1.000000000000000e+00  0.000000000000000e+00  1.371384799599674e-03  2.507559828613327e-02 
 7.161434102130027e+08  1.000000000000000e+00  0.000000000000000e+00  1.452590663955880e-03  2.479082158593728e-02 
 7.244359600750920e+08  1.000000000000000e+00  0.000000000000000e+00  1.531938146278783e-03  2.450922712440137e-02 
 7.328245331390072e+08  1.000000000000000e+00  0.000000000000000e+00  1.609470005049291e-03  2.423078115081790e-02 
 7.413102413010219e+08  1.000000000000000e+00  0.000000000000000e+00  1.685228004232004e-03  2.395545020726820e-02 
 7.498942093325615e+08  1.000000000000000e+00  0.000000000000000e+00  1.759252936903775e-03  2.368320112862661e-02 
 7.585775750292907e+08  1.000000000000000e+00  0.000000000000000e+00  1.831584648880274e-03  2.341400104241797e-02 
 7.673614893619272e+08  1.000000000000000e+00  0.000000000000000e+00  1.902262058879293e-03  2.314781736860506e-02 
 7.762471166288012e+08  1.000000000000000e+00  0.000000000000000e+00  1.971323184956417e-03  2.288461781913528e-02 
 7.852356346101826e+08  1.000000000000000e+00  0.000000000000000e+00  2.038805160994043e-03  2.262437039758656e-02 
 7.943282347243937e+08  1.000000000000000e+00  0.000000000000000e+00  2.104744260600942e-03  2.236704339851663e-02 
 8.035261221857308e+08  1.000000000000000e+00  0.000000000000000e+00  2.169175915755782e-03  2.211260540686696e-02 
 8.128305161642141e+08  1.000000000000000e+00  0.000000000000000e+00  2.232134738407652e-03  2.186102529712944e-02 
 8.222426499471874e+08  1.000000000000000e+00  0.000000000000000e+00  2.293654538382201e-03  2.161227223257363e-02 
 8.317637711027887e+08  1.000000000000000e+00  0.000000000000000e+00  2.353768342740679e-03  2.136631566430524e-02 
 8.413951416453142e+08  1.000000000000000e+00  0.000000000000000e+00  2.412508414202339e-03  2.112312533027159e-02 
 8.511380382024970e+08  1.000000000000000e+00  0.000000000000000e+00  2.469906269655795e-03  2.088267125416252e-02 
 8.609937521847227e+08  1.000000000000000e+00  0.000000000000000e+00  2.525992696529117e-03  2.064492374434239e-02 
 8.709635899562042e+08  1.000000000000000e+00  0.000000000000000e+00  2.580797770565758e-03  2.040985339262370e-02 
 8.810488730081391e+08  1.000000000000000e+00  0.000000000000000e+00  2.634350873096063e-03  2.017743107294477e-02 
 8.912509381338720e+08  1.000000000000000e+00  0.000000000000000e+00  2.686680706498959e-03  1.994762794012518e-02 
 9.015711376060849e+08  1.000000000000000e+00  0.000000000000000e+00  2.737815310765395e-03  1.972041542843600e-02 
 9.120108393560393e+08  1.000000000000000e+00  0.000000000000000e+00  2.787782077895345e-03  1.949576525027390e-02 
 9.225714271548942e+08  1.000000000000000e+00  0.000000000000000e+00  2.836607768054239e-03  1.927364939461194e-02 
 9.332543007971237e+08  1.000000000000000e+00  0.000000000000000e+00  2.884318525033400e-03  1.905404012540294e-02 
 9.440608762860576e+08  1.000000000000000e+00  0.000000000000000e+00  2.930939888063847e-03  1.883690998029649e-02 
 9.549925860215718e+08  1.000000000000000e+00  0.000000000000000e+00  2.976496809629101e-03  1.862223176864780e-02 
 9.660508789899508e+08  1.000000000000000e+00  0.000000000000000e+00  3.021013665259074e-03  1.840997857031425e-02 
 9.772372209559498e+08  1.000000000000000e+00  0.000000000000000e+00  3.064514269897291e-03  1.820012373366751e-02 
 9.885530946570796e+08  1.000000000000000e+00  0.000000000000000e+00  3.107021889879575e-03  1.799264087401308e-02 
 1.000000000000142e+09  1.000000000000000e+00  0.000000000000000e+00  3.148559255789348e-03  1.778750387185857e-02 
 1.011579454260043e+09  1.000000000000000e+00  0.000000000000000e+00  3.189148574458774e-03  1.758468687122521e-02 
 1.023292992280900e+09  1.000000000000000e+00  0.000000000000000e+00  3.228811542196203e-03  1.738416427772441e-02 
 1.035142166679491e+09  1.000000000000000e+00  0.000000000000000e+00  3.267569356120673e-03  1.718591075682974e-02 
 1.047128548051049e+09  1.000000000000000e+00  0.000000000000000e+00  3.305442725810405e-03  1.698990123204450e-02 
 1.059253725177440e+09  1.000000000000000e+00  0.000000000000000e+00  3.342451884082241e-03  1.679611088313998e-02 
 1.071519305237759e+09  1.000000000000000e+00  0.000000000000000e+00  3.378616598764450e-03  1.660451514419576e-02 
 1.083926914021358e+09  1.000000000000000e+00  0.000000000000000e+00  3.413956183553397e-03  1.641508970170018e-02 
 1.096478196143342e+09  1.000000000000000e+00  0.000000000000000e+00  3.448489508497779e-03  1.622781049266784e-02 
 1.109174815262559e+09  1.000000000000000e+00  0.000000000000000e+00  3.482235009407224e-03  1.604265370288043e-02 
 1.122018454302124e+09  1.000000000000000e+00  0.000000000000000e+00  3.515210699215884e-03  1.585959576474539e-02 
 1.135010815672477e+09  1.000000000000000e+00  0.000000000000000e+00  3.547434177275946e-03  1.567861335545402e-02 
 1.148153621497047e+09  1.000000000000000e+00  0.000000000000000e+00  3.578922637806446e-03  1.549968339525395e-02 
 1.161448613840509e+09  1.000000000000000e+00  0.000000000000000e+00  3.609692881734682e-03  1.532278304504049e-02 
 1.174897554939698e+09  1.000000000000000e+00  0.000000000000000e+00  3.639761323491909e-03  1.514788970483840e-02 
 1.188502227437189e+09  1.000000000000000e+00  0.000000000000000e+00  3.669144001013345e-03  1.497498101164584e-02 
 1.202264434617585e+09  1.000000000000000e+00  0.000000000000000e+00  3.697856584667500e-03  1.480403483741447e-02 
 1.216186000646542e+09  1.000000000000000e+00  0.000000000000000e+00  3.725914384809181e-03  1.463502928728217e-02 
 1.230268770812558e+09  1.000000000000000e+00  0.000000000000000e+00  3.753332361022333e-03  1.446794269740989e-02 
 1.244514611771564e+09  1.000000000000000e+00  0.000000000000000e+00  3.780125129689513e-03  1.430275363312089e-02 
 1.258925411794348e+09  1.000000000000000e+00  0.000000000000000e+00  3.806306972018201e-03  1.413944088691027e-02 
 1.273503081016845e+09  1.000000000000000e+00  0.000000000000000e+00  3.831891842358546e-03  1.397798347633304e-02 
 1.288249551693319e+09  1.000000000000000e+00  0.000000000000000e+00  3.856893374758804e-03  1.381836064226298e-02 
 1.303166778452487e+09  1.000000000000000e+00  0.000000000000000e+00  3.881324891120633e-03  1.366055184674241e-02 
 1.318256738556597e+09  1.000000000000000e+00  0.000000000000000e+00  3.905199407636684e-03  1.350453677120186e-02 
 1.333521432163516e+09  1.000000000000000e+00  0.000000000000000e+00  3.928529643074202e-03  1.335029531418052e-02 
 1.348962882591848e+09  1.000000000000000e+00  0.000000000000000e+00  3.951328024288921e-03  1.319780758970899e-02 
 1.364583136589121e+09  1.000000000000000e+00  0.000000000000000e+00  3.973606693834346e-03  1.304705392512084e-02 
 1.380384264603084e+09  1.000000000000000e+00  0.000000000000000e+00  3.995377516044381e-03  1.289801485922551e-02 
 1.396368361056139e+09  1.000000000000000e+00  0.000000000000000e+00  4.016652083931713e-03  1.275067114022521e-02 
 1.412537544622958e+09  1.000000000000000e+00  0.000000000000000e+00  4.037441724709596e-03  1.260500372397539e-02 
 1.428893958511309e+09  1.000000000000000e+00  0.000000000000000e+00  4.057757506675488e-03  1.246099377183289e-02 
 1.445439770746136e+09  1.000000000000000e+00  0.000000000000000e+00  4.077610244629587e-03  1.231862264888259e-02 
 1.462177174456929e+09  1.000000000000000e+00  0.000000000000000e+00  4.097010506019651e-03  1.217787192192648e-02 
 1.479108388168421e+09  1.000000000000000e+00  0.000000000000000e+00  4.115968616408704e-03  1.203872335763350e-02 
 1.496235656094650e+09  1.000000000000000e+00  0.000000000000000e+00  4.134494665087527e-03  1.190115892062372e-02 
 1.513561248436427e+09  1.000000000000000e+00  0.000000000000000e+00  4.152598510823747e-03  1.176516077146975e-02 
 1.531087461682252e+09  1.000000000000000e+00  0.000000000000000e+00  4.170289786690839e-03  1.163071126495722e-02 
 1.548816618912706e+09  1.000000000000000e+00  0.000000000000000e+00  4.187577905262113e-03  1.149779294821073e-02 
 1.566751070108376e+09  1.000000000000000e+00  0.000000000000000e+00  4.204472064457608e-03  1.136638855856064e-02 
 1.584893192461343e+09  1.000000000000000e+00  0.000000000000000e+00  4.220981251418811e-03  1.123648102203986e-02 
 1.603245390690274e+09  1.000000000000000e+00  0.000000000000000e+00  4.237114247731226e-03  1.110805345141112e-02 
 1.621810097359165e+09  1.000000000000000e+00  0.000000000000000e+00  4.252879634692210e-03  1.098108914413251e-02 
 1.640589773199777e+09  1.000000000000000e+00  0.000000000000000e+00  4.268285797146155e-03  1.085557158080084e-02 
 1.659586907437801e+09  1.000000000000000e+00  0.000000000000000e+00  4.283340928277009e-03  1.073148442323596e-02 
 1.678804018122804e+09  1.000000000000000e+00  0.000000000000000e+00  4.298053034321757e-03  1.060881151255603e-02 
 1.698243652461991e+09  1.000000000000000e+00  0.000000000000000e+00  4.312429938080913e-03  1.048753686767821e-02 
 1.717908387157838e+09  1.000000000000000e+00  0.000000000000000e+00  4.326479284099398e-03  1.036764468316691e-02 
 1.737800828749628e+09  1.000000000000000e+00  0.000000000000000e+00  4.340208541890131e-03  1.024911932779491e-02 
 1.757923613958948e+09  1.000000000000000e+00  0.000000000000000e+00  4.353625010615456e-03  1.013194534252515e-02 
 1.778279410039181e+09  1.000000000000000e+00  0.000000000000000e+00  4.366735822613130e-03  1.001610743891317e-02 
 1.798870915129050e+09  1.000000000000000e+00  0.000000000000000e+00  4.379547947147471e-03  9.901590497405332e-03 
 1.819700858610248e+09  1.000000000000000e+00  0.000000000000000e+00  4.392068194423338e-03  9.788379565503517e-03 
 1.840772001469224e+09  1.000000000000000e+00  0.000000000000000e+00  4.404303219163561e-03  9.676459856083048e-03 
 1.862087136663139e+09  1.000000000000000e+00  0.000000000000000e+00  4.416259524229423e-03  9.565816745669184e-03 
 1.883649089490075e+09  1.000000000000000e+00  0.000000000000000e+00  4.427943463596602e-03  9.456435772973571e-03 
 1.905460717963525e+09  1.000000000000000e+00  0.000000000000000e+00  4.439361246591674e-03  9.348302636861077e-03 
 1.927524913191217e+09  1.000000000000000e+00  0.000000000000000e+00  4.450518940543531e-03  9.241403194982071e-03 
 1.949844599758330e+09  1.000000000000000e+00  0.000000000000000e+00  4.461422474354262e-03  9.135723461986111e-03 
 1.972422736115142e+09  1.000000000000000e+00  0.000000000000000e+00  4.472077641504740e-03  9.031249607963272e-03 
 1.995262314969171e+09  1.000000000000000e+00  0.000000000000000e+00  4.482490103301251e-03  8.927967956757300e-03 
 2.018366363681856e+09  1.000000000000000e+00  0.000000000000000e+00  4.492665391804709e-03  8.825864984403398e-03 
 2.041737944669828e+09  1.000000000000000e+00  0.000000000000000e+00  4.502608912846730e-03  8.724927317507854e-03 
 2.065380155810831e+09  1.000000000000000e+00  0.000000000000000e+00  4.512325948790434e-03  8.625141731730034e-03 
 2.089296130854345e+09  1.000000000000000e+00  0.000000000000000e+00  4.521821661589999e-03  8.526495150100007e-03 
 2.113489039836956e+09  1.000000000000000e+00  0.000000000000000e+00  4.531101095393110e-03  8.428974641539015e-03 
 2.137962089502545e+09  1.000000000000000e+00  0.000000000000000e+00  4.540169178986317e-03  8.332567419449126e-03 
 2.162718523727337e+09  1.000000000000000e+00  0.000000000000000e+00  4.549030729117299e-03  8.237260839831364e-03 
 2.187761623949873e+09  1.000000000000000e+00  0.000000000000000e+00  4.557690452325459e-03  8.143042400153360e-03 
 2.213094709605962e+09  1.000000000000000e+00  0.000000000000000e+00  4.566152947870241e-03  8.049899737634177e-03 
 2.238721138568667e+09  1.000000000000000e+00  0.000000000000000e+00  4.574422710091293e-03  7.957820627805503e-03 
 2.264644307593391e+09  1.000000000000000e+00  0.000000000000000e+00  4.582504130869591e-03  7.866792983002000e-03 
 2.290867652768109e+09  1.000000000000000e+00  0.000000000000000e+00  4.590401501809230e-03  7.776804850988768e-03 
 2.317394649968818e+09  1.000000000000000e+00  0.000000000000000e+00  4.598119016506267e-03  7.687844413529585e-03 
 2.344228815320266e+09  1.000000000000000e+00  0.000000000000000e+00  4.605660773291193e-03  7.599899984661739e-03 
 2.371373705662003e+09  1.000000000000000e+00  0.000000000000000e+00  4.613030776641210e-03  7.512960009715445e-03 
 2.398832919019843e+09  1.000000000000000e+00  0.000000000000000e+00  4.620232939860944e-03  7.427013063594516e-03 
 2.426610095082772e+09  1.000000000000000e+00  0.000000000000000e+00  4.627271086965444e-03  7.342047849496866e-03 
 2.454708915685391e+09  1.000000000000000e+00  0.000000000000000e+00  4.634148954886830e-03  7.258053197430897e-03 
 2.483133105295935e+09  1.000000000000000e+00  0.000000000000000e+00  4.640870195202046e-03  7.175018063004787e-03 
 2.511886431509949e+09  1.000000000000000e+00  0.000000000000000e+00  4.647438376215202e-03  7.092931525989720e-03 
 2.540972705549678e+09  1.000000000000000e+00  0.000000000000000e+00  4.653856985004026e-03  7.011782788882566e-03 
 2.570395782769242e+09  1.000000000000000e+00  0.000000000000000e+00  4.660129428986932e-03  6.931561175757800e-03 
 2.600159563165655e+09  1.000000000000000e+00  0.000000000000000e+00  4.666259038028277e-03  6.852256130764584e-03 
 2.630267991895769e+09  1.000000000000000e+00  0.000000000000000e+00  4.672249065951399e-03  6.773857216988626e-03 
 2.660725059799201e+09  1.000000000000000e+00  0.000000000000000e+00  4.678102692487726e-03  6.696354115018057e-03 
 2.691534803927312e+09  1.000000000000000e+00  0.000000000000000e+00  4.683823024785947e-03  6.619736621784772e-03 
 2.722701308078314e+09  1.000000000000000e+00  0.000000000000000e+00  4.689413099318631e-03  6.543994649125487e-03 
 2.754228703338573e+09  1.000000000000000e+00  0.000000000000000e+00  4.694875883140064e-03  6.469118222770289e-03 
 2.786121168630181e+09  1.000000000000000e+00  0.000000000000000e+00  4.700214275840426e-03  6.395097480842001e-03 
 2.818382931264870e+09  1.000000000000000e+00  0.000000000000000e+00  4.705431110816167e-03  6.321922672813242e-03 
 2.851018267504330e+09  1.000000000000000e+00  0.000000000000000e+00  4.710529156965530e-03  6.249584158155379e-03 
 2.884031503127032e+09  1.000000000000000e+00  0.000000000000000e+00  4.715511119932642e-03  6.178072405296853e-03 
 2.917427014001598e+09  1.000000000000000e+00  0.000000000000000e+00  4.720379643823811e-03  6.107377990228028e-03 
 2.951209226666822e+09  1.000000000000000e+00  0.000000000000000e+00  4.725137312433378e-03  6.037491595448607e-03 
 2.985382618918401e+09  1.000000000000000e+00  0.000000000000000e+00  4.729786650691020e-03  5.968404008743560e-03 
 3.019951720402463e+09  1.000000000000000e+00  0.000000000000000e+00  4.734330125932254e-03  5.900106122078758e-03 
 3.054921113215965e+09  1.000000000000000e+00  0.000000000000000e+00  4.738770149360123e-03  5.832588930338333e-03 
 3.090295432514048e+09  1.000000000000000e+00  0.000000000000000e+00  4.743109077102609e-03  5.765843530363551e-03 
 3.126079367124418e+09  1.000000000000000e+00  0.000000000000000e+00  4.747349211700575e-03  5.699861119644254e-03 
 3.162277660168848e+09  1.000000000000000e+00  0.000000000000000e+00  4.751492803122941e-03  5.634632995372432e-03 
 3.198895109691872e+09  1.000000000000000e+00  0.000000000000000e+00  4.755542050196885e-03  5.570150553151281e-03 
 3.235936569296762e+09  1.000000000000000e+00  0.000000000000000e+00  4.759499101521812e-03  5.506405286113402e-03 
 3.273406948788867e+09  1.000000000000000e+00  0.000000000000000e+00  4.763366056825132e-03  5.443388783665523e-03 
 3.311311214826402e+09  1.000000000000000e+00  0.000000000000000e+00  4.767144967952578e-03  5.381092730525170e-03 
 3.349654391578774e+09  1.000000000000000e+00  0.000000000000000e+00  4.770837840004994e-03  5.319508905625445e-03 
 3.388441561392529e+09  1.000000000000000e+00  0.000000000000000e+00  4.774446632403643e-03  5.258629181068813e-03 
 3.427677865465013e+09  1.000000000000000e+00  0.000000000000000e+00  4.777973259901938e-03  5.198445521118697e-03 
 3.467368504525832e+09  1.000000000000000e+00  0.000000000000000e+00  4.781419593651725e-03  5.138949981132165e-03 
 3.507518739526202e+09  1.000000000000000e+00  0.000000000000000e+00  4.784787462160306e-03  5.080134706579354e-03 
 3.548133892336283e+09  1.000000000000000e+00  0.000000000000000e+00  4.788078652307757e-03  5.021991931998771e-03 
 3.589219346450587e+09  1.000000000000000e+00  0.000000000000000e+00  4.791294910226891e-03  4.964513980068518e-03 
 3.630780547701555e+09  1.000000000000000e+00  0.000000000000000e+00  4.794437942271539e-03  4.907693260588083e-03 
 3.672823004981394e+09  1.000000000000000e+00  0.000000000000000e+00  4.797509415988738e-03  4.851522269442601e-03 
 3.715352290972280e+09  1.000000000000000e+00  0.000000000000000e+00  4.800510960813922e-03  4.795993587824844e-03 
 3.758374042885003e+09  1.000000000000000e+00  0.000000000000000e+00  4.803444169183951e-03  4.741099881045712e-03 
 3.801893963206180e+09  1.000000000000000e+00  0.000000000000000e+00  4.806310597201937e-03  4.686833897767586e-03 
 3.845917820454110e+09  1.000000000000000e+00  0.000000000000000e+00  4.809111765505762e-03  4.633188469034081e-03 
 3.890451449943388e+09  1.000000000000000e+00  0.000000000000000e+00  4.811849160149216e-03  4.580156507274362e-03 
 3.935500754558363e+09  1.000000000000000e+00  0.000000000000000e+00  4.814524233306860e-03  4.527731005476068e-03 
 3.981071705535568e+09  1.000000000000000e+00  0.000000000000000e+00  4.817138404056750e-03  4.475905036273299e-03 
 4.027170343255193e+09  1.000000000000000e+00  0.000000000000000e+00  4.819693059166783e-03  4.424671751020895e-03 
 4.073802778041737e+09  1.000000000000000e+00  0.000000000000000e+00  4.822189553838483e-03  4.374024378902917e-03 
 4.120975190973919e+09  1.000000000000000e+00  0.000000000000000e+00  4.824629212390240e-03  4.323956226098141e-03 
 4.168693834703979e+09  1.000000000000000e+00  0.000000000000000e+00  4.827013328956913e-03  4.274460674921378e-03 
 4.216965034286455e+09  1.000000000000000e+00  0.000000000000000e+00  4.829343168207158e-03  4.225531182936317e-03 
 4.265795188016566e+09  1.000000000000000e+00  0.000000000000000e+00  4.831619966053470e-03  4.177161282066343e-03 
 4.315190768278299e+09  1.000000000000000e+00  0.000000000000000e+00  4.833844930180560e-03  4.129344577901524e-03 
 4.365158322402314e+09  1.000000000000000e+00  0.000000000000000e+00  4.836019240804051e-03  4.082074748740747e-03 
 4.415704473533788e+09  1.000000000000000e+00  0.000000000000000e+00  4.838144051261376e-03  4.035345544812800e-03 
 4.466835921510302e+09  1.000000000000000e+00  0.000000000000000e+00  4.840220488632299e-03  3.989150787457297e-03 
 4.518559443749902e+09  1.000000000000000e+00  0.000000000000000e+00  4.842249654308980e-03  3.943484368357648e-03 
 4.570881896149437e+09  1.000000000000000e+00  0.000000000000000e+00  4.844232624607031e-03  3.898340248718308e-03 
 4.623810213993298e+09  1.000000000000000e+00  0.000000000000000e+00  4.846170451312019e-03  3.853712458511891e-03 
 4.677351412872684e+09  1.000000000000000e+00  0.000000000000000e+00  4.848064162296906e-03  3.809595095631985e-03 
 4.731512589615516e+09  1.000000000000000e+00  0.000000000000000e+00  4.849914761980377e-03  3.765982325234174e-03 
 4.786300923227103e+09  1.000000000000000e+00  0.000000000000000e+00  4.851723231946959e-03  3.722868378870397e-03 
 4.841723675841722e+09  1.000000000000000e+00  0.000000000000000e+00  4.853490531386956e-03  3.680247553841495e-03 
 4.897788193685199e+09  1.000000000000000e+00  0.000000000000000e+00  4.855217597676093e-03  3.638114212366180e-03 
 4.954501908048648e+09  1.000000000000000e+00  0.000000000000000e+00  4.856905346841386e-03  3.596462780887860e-03 
 5.011872336273478e+09  1.000000000000000e+00  0.000000000000000e+00  4.858554674019191e-03  3.555287749387159e-03 
 5.069907082747808e+09  1.000000000000000e+00  0.000000000000000e+00  4.860166454027311e-03  3.514583670535287e-03 
 5.128613839914422e+09  1.000000000000000e+00  0.000000000000000e+00  4.861741541672194e-03  3.474345159195431e-03 
 5.188000389290394e+09  1.000000000000000e+00  0.000000000000000e+00  4.863280772378156e-03  3.434566891484049e-03 
 5.248074602498518e+09  1.000000000000000e+00  0.000000000000000e+00  4.864784962481898e-03  3.395243604279960e-03 
 5.308844442310685e+09  1.000000000000000e+00  0.000000000000000e+00  4.866254909773220e-03  3.356370094390039e-03 
 5.370317963703339e+09  1.000000000000000e+00  0.000000000000000e+00  4.867691393857061e-03  3.317941217955513e-03 
 5.432503314925153e+09  1.000000000000000e+00  0.000000000000000e+00  4.869095176597103e-03  3.279951889738707e-03 
 5.495408738577076e+09  1.000000000000000e+00  0.000000000000000e+00  4.870467002482544e-03  3.242397082513779e-03 
 5.559042572704876e+09  1.000000000000000e+00  0.000000000000000e+00  4.871807599065599e-03  3.205271826349092e-03 
 5.623413251904341e+09  1.000000000000000e+00  0.000000000000000e+00  4.873117677356894e-03  3.168571207942569e-03 
 5.688529308439275e+09  1.000000000000000e+00  0.000000000000000e+00  4.874397932140625e-03  3.132290370072526e-03 
 5.754399373372440e+09  1.000000000000000e+00  0.000000000000000e+00  4.875649042389416e-03  3.096424510894649e-03 
 5.821032177709596e+09  1.000000000000000e+00  0.000000000000000e+00  4.876871671618526e-03  3.060968883322794e-03 
 5.888436553556782e+09  1.000000000000000e+00  0.000000000000000e+00  4.878066468243063e-03  3.025918794399682e-03 
 5.956621435291007e+09  1.000000000000000e+00  0.000000000000000e+00  4.879234065892633e-03  2.991269604729373e-03 
 6.025595860744491e+09  1.000000000000000e+00  0.000000000000000e+00  4.880375083804304e-03  2.957016727779879e-03 
 6.095368972402616e+09  1.000000000000000e+00  0.000000000000000e+00  4.881490127081891e-03  2.923155629393396e-03 
 6.165950018615757e+09  1.000000000000000e+00  0.000000000000000e+00  4.882579787068279e-03  2.889681827110368e-03 
 6.237348354825139e+09  1.000000000000000e+00  0.000000000000000e+00  4.883644641636919e-03  2.856590889618294e-03 
 6.309573444802891e+09  1.000000000000000e+00  0.000000000000000e+00  4.884685255495098e-03  2.823878436177285e-03 
 6.382634861906457e+09  1.000000000000000e+00  0.000000000000000e+00  4.885702180515344e-03  2.791540135992043e-03 
 6.456542290347537e+09  1.000000000000000e+00  0.000000000000000e+00  4.886695955986527e-03  2.759571707714403e-03 
 6.531305526475718e+09  1.000000000000000e+00  0.000000000000000e+00  4.887667108911272e-03  2.727968918864054e-03 
 6.606934480076966e+09  1.000000000000000e+00  0.000000000000000e+00  4.888616154330234e-03  2.696727585194286e-03 
 6.683439175687164e+09  1.000000000000000e+00  0.000000000000000e+00  4.889543595507604e-03  2.665843570297794e-03 
 6.760829753920848e+09  1.000000000000000e+00  0.000000000000000e+00  4.890449924282322e-03  2.635312784915220e-03 
 6.839116472815336e+09  1.000000000000000e+00  0.000000000000000e+00  4.891335621289523e-03  2.605131186467853e-03 
 6.918309709190420e+09  1.000000000000000e+00  0.000000000000000e+00  4.892201156216605e-03  2.575294778525574e-03 
 6.998419960023803e+09  1.000000000000000e+00  0.000000000000000e+00  4.893046988056907e-03  2.545799610273994e-03 
 7.079457843842460e+09  1.000000000000000e+00  0.000000000000000e+00  4.893873565347341e-03  2.516641776006979e-03 
 7.161434102130114e+09  1.000000000000000e+00  0.000000000000000e+00  4.894681326438367e-03  2.487817414552005e-03 
 7.244359600751007e+09  1.000000000000000e+00  0.000000000000000e+00  4.895470699667536e-03  2.459322708875776e-03 
 7.328245331390161e+09  1.000000000000000e+00  0.000000000000000e+00  4.896242103648013e-03  2.431153885464672e-03 
 7.413102413010308e+09  1.000000000000000e+00  0.000000000000000e+00  4.896995947429227e-03  2.403307213948802e-03 
 7.498942093325705e+09  1.000000000000000e+00  0.000000000000000e+00  4.897732630785158e-03  2.375779006470659e-03 
 7.585775750292997e+09  1.000000000000000e+00  0.000000000000000e+00  4.898452544367028e-03  2.348565617317766e-03 
 7.673614893619363e+09  1.000000000000000e+00  0.000000000000000e+00  4.899156069933698e-03  2.321663442397543e-03 
 7.762471166288105e+09  1.000000000000000e+00  0.000000000000000e+00  4.899843580565757e-03  2.295068918738628e-03 
 7.852356346101920e+09  1.000000000000000e+00  0.000000000000000e+00  4.900515440812832e-03  2.268778524128298e-03 
 7.943282347244032e+09  1.000000000000000e+00  0.000000000000000e+00  4.901172006974550e-03  2.242788776464762e-03 
 8.035261221857404e+09  1.000000000000000e+00  0.000000000000000e+00  4.901813627204757e-03  2.217096233477629e-03 
 8.128305161642239e+09  1.000000000000000e+00  0.000000000000000e+00  4.902440641745867e-03  2.191697492169332e-03 
 8.222426499471972e+09  1.000000000000000e+00  0.000000000000000e+00  4.903053383083653e-03  2.166589188422781e-03 
 8.317637711027987e+09  1.000000000000000e+00  0.000000000000000e+00  4.903652176147423e-03  2.141767996505838e-03 
 8.413951416453242e+09  1.000000000000000e+00  0.000000000000000e+00  4.904237338459878e-03  2.117230628682991e-03 
 8.511380382025071e+09  1.000000000000000e+00  0.000000000000000e+00  4.904809180309056e-03  2.092973834775528e-03 
 8.609937521847328e+09  1.000000000000000e+00  0.000000000000000e+00  4.905368004939872e-03  2.068994401670981e-03 
 8.709635899562143e+09  1.000000000000000e+00  0.000000000000000e+00  4.905914108674075e-03  2.045289152993827e-03 
 8.810488730081493e+09  1.000000000000000e+00  0.000000000000000e+00  4.906447781088989e-03  2.021854948637859e-03 
 8.912509381338823e+09  1.000000000000000e+00  0.000000000000000e+00  4.906969305181010e-03  1.998688684328257e-03 
 9.015711376060953e+09  1.000000000000000e+00  0.000000000000000e+00  4.907478957495564e-03  1.975787291260064e-03 
 9.120108393560499e+09  1.000000000000000e+00  0.000000000000000e+00  4.907977008283652e-03  1.953147735670434e-03 
 9.225714271549049e+09  1.000000000000000e+00  0.000000000000000e+00  4.908463721643165e-03  1.930767018443536e-03 
 9.332543007971346e+09  1.000000000000000e+00  0.000000000000000e+00  4.908939355659113e-03  1.908642174714833e-03 
 9.440608762860687e+09  1.000000000000000e+00  0.000000000000000e+00  4.909404162546341e-03  1.886770273465140e-03 
 9.549925860215830e+09  1.000000000000000e+00  0.000000000000000e+00  4.909858388767842e-03  1.865148417173484e-03 
 9.660508789899622e+09  1.000000000000000e+00  0.000000000000000e+00  4.910302275183527e-03  1.843773741388983e-03 
 9.772372209559612e+09  1.000000000000000e+00  0.000000000000000e+00  4.910736057171882e-03  1.822643414367986e-03 
 9.885530946570911e+09  1.000000000000000e+00  0.000000000000000e+00  4.911159964745753e-03  1.801754636724468e-03 
 1.000000000000154e+10  1.000000000000000e+00  0.000000000000000e+00  4.911574222684591e-03  1.781104641034029e-03 
 1.011579454260054e+10  1.000000000000000e+00  0.000000000000000e+00  4.911979050654981e-03  1.760690691464515e-03 
 1.023292992280912e+10  1.000000000000000e+00  0.000000000000000e+00  4.912374663313601e-03  1.740510083451986e-03 
 1.035142166679503e+10  1.000000000000000e+00  0.000000000000000e+00  4.912761270440467e-03  1.720560143290675e-03 
 1.047128548051061e+10  1.000000000000000e+00  0.000000000000000e+00  4.913139077030336e-03  1.700838227834888e-03 
 1.059253725177452e+10  1.000000000000000e+00  0.000000000000000e+00  4.913508283420316e-03  1.681341724097339e-03 
 1.071519305237772e+10  1.000000000000000e+00  0.000000000000000e+00  4.913869085378238e-03  1.662068048954635e-03 
 1.083926914021371e+10  1.000000000000000e+00  0.000000000000000e+00  4.914221674224950e-03  1.643014648753323e-03 
 1.096478196143354e+10  1.000000000000000e+00  0.000000000000000e+00  4.914566236916573e-03  1.624178999028246e-03 
 1.109174815262572e+10  1.000000000000000e+00  0.000000000000000e+00  4.914902956156515e-03  1.605558604132050e-03 
 1.122018454302137e+10  1.000000000000000e+00  0.000000000000000e+00  4.915232010491443e-03  1.587150996907724e-03 
 1.135010815672491e+10  1.000000000000000e+00  0.000000000000000e+00  4.915553574399693e-03  1.568953738381727e-03 
 1.148153621497061e+10  1.000000000000000e+00  0.000000000000000e+00  4.915867818393343e-03  1.550964417412725e-03 
 1.161448613840523e+10  1.000000000000000e+00  0.000000000000000e+00  4.916174909092193e-03  1.533180650423950e-03 
 1.174897554939712e+10  1.000000000000000e+00  0.000000000000000e+00  4.916475009334953e-03  1.515600081017310e-03 
 1.188502227437203e+10  1.000000000000000e+00  0.000000000000000e+00  4.916768278248011e-03  1.498220379716689e-03 
 1.202264434617599e+10  1.000000000000000e+00  0.000000000000000e+00  4.917054871330857e-03  1.481039243657819e-03 
 1.216186000646557e+10  1.000000000000000e+00  0.000000000000000e+00  4.917334940550239e-03  1.464054396246124e-03 
 1.230268770812573e+10  1.000000000000000e+00  0.000000000000000e+00  4.917608634411840e-03  1.447263586884202e-03 
 1.244514611771579e+10  1.000000000000000e+00  0.000000000000000e+00  4.917876098035740e-03  1.430664590686047e-03 
 1.258925411794363e+10  1.000000000000000e+00  0.000000000000000e+00  4.918137473245345e-03  1.414255208142788e-03 
 1.273503081016860e+10  1.000000000000000e+00  0.000000000000000e+00  4.918392898630156e-03  1.398033264873807e-03 
 1.288249551693334e+10  1.000000000000000e+00  0.000000000000000e+00  4.918642509629772e-03  1.381996611303433e-03 
 1.303166778452502e+10  1.000000000000000e+00  0.000000000000000e+00  4.918886438594904e-03  1.366143122414257e-03 
 1.318256738556612e+10  1.000000000000000e+00  0.000000000000000e+00  4.919124814866889e-03  1.350470697433800e-03 
 1.333521432163532e+10  1.000000000000000e+00  0.000000000000000e+00  4.919357764840710e-03  1.334977259576207e-03 
 1.348962882591864e+10  1.000000000000000e+00  0.000000000000000e+00  4.919585412036746e-03  1.319660755750863e-03 
 1.364583136589137e+10  1.000000000000000e+00  0.000000000000000e+00  4.919807877163096e-03  1.304519156301986e-03 
 1.380384264603100e+10  1.000000000000000e+00  0.000000000000000e+00  4.920025278174588e-03  1.289550454759361e-03 
 1.396368361056156e+10  1.000000000000000e+00  0.000000000000000e+00  4.920237730347446e-03  1.274752667527805e-03 
 1.412537544622975e+10  1.000000000000000e+00  0.000000000000000e+00  4.920445346333655e-03  1.260123833649623e-03 
 1.428893958511326e+10  1.000000000000000e+00  0.000000000000000e+00  4.920648236212762e-03  1.245662014576193e-03 
 1.445439770746154e+10  1.000000000000000e+00  0.000000000000000e+00  4.920846507569352e-03  1.231365293837983e-03 
 1.462177174456947e+10  1.000000000000000e+00  0.000000000000000e+00  4.921040265528179e-03  1.217231776876040e-03 
 1.479108388168439e+10  1.000000000000000e+00  0.000000000000000e+00  4.921229612832132e-03  1.203259590704200e-03 
 1.496235656094668e+10  1.000000000000000e+00  0.000000000000000e+00  4.921414649875510e-03  1.189446883745313e-03 
 1.513561248436445e+10  1.000000000000000e+00  0.000000000000000e+00  4.921595474771525e-03  1.175791825529555e-03 
 1.531087461682270e+10  1.000000000000000e+00  0.000000000000000e+00  4.921772183400615e-03  1.162292606466902e-03 
 1.548816618912724e+10  1.000000000000000e+00  0.000000000000000e+00  4.921944869457138e-03  1.148947437625045e-03 
 1.566751070108395e+10  1.000000000000000e+00  0.000000000000000e+00  4.922113624504842e-03  1.135754550468730e-03 
 1.584893192461362e+10  1.000000000000000e+00  0.000000000000000e+00  4.922278538025489e-03  1.122712196624971e-03 
 1.603245390690293e+10  1.000000000000000e+00  0.000000000000000e+00  4.922439697458908e-03  1.109818647683453e-03 
 1.621810097359185e+10  1.000000000000000e+00  0.000000000000000e+00  4.922597188256985e-03  1.097072194935257e-03 
 1.640589773199797e+10  1.000000000000000e+00  0.000000000000000e+00  4.922751093925527e-03  1.084471149161696e-03 
 1.659586907437822e+10  1.000000000000000e+00  0.000000000000000e+00  4.922901496069690e-03  1.072013840405622e-03 
 1.678804018122825e+10  1.000000000000000e+00  0.000000000000000e+00  4.923048474438776e-03  1.059698617743481e-03 
 1.698243652462012e+10  1.000000000000000e+00  0.000000000000000e+00  4.923192106963568e-03  1.047523849089180e-03 
 1.717908387157859e+10  1.000000000000000e+00  0.000000000000000e+00  4.923332469801100e-03  1.035487920962876e-03 
 1.737800828749649e+10  1.000000000000000e+00  0.000000000000000e+00  4.923469637378011e-03  1.023589238263128e-03 
 1.757923613958970e+10  1.000000000000000e+00  0.000000000000000e+00  4.923603682422708e-03  1.011826224090027e-03 
 1.778279410039203e+10  1.000000000000000e+00  0.000000000000000e+00  4.923734676009349e-03  1.000197319511175e-03 
 1.798870915129072e+10  1.000000000000000e+00  0.000000000000000e+00  4.923862687595289e-03  9.887009833562106e-04 
 1.819700858610271e+10  1.000000000000000e+00  0.000000000000000e+00  4.923987785054655e-03  9.773356920285763e-04 
 1.840772001469247e+10  1.000000000000000e+00  0.000000000000000e+00  4.924110034717107e-03  9.660999392905385e-04 
 1.862087136663162e+10  1.000000000000000e+00  0.000000000000000e+00  4.924229501404206e-03  9.549922360574819e-04 
 1.883649089490099e+10  1.000000000000000e+00  0.000000000000000e+00  4.924346248459005e-03  9.440111102248473e-04 
 1.905460717963549e+10  1.000000000000000e+00  0.000000000000000e+00  4.924460337784139e-03  9.331551064507054e-04 
 1.927524913191241e+10  1.000000000000000e+00  0.000000000000000e+00  4.924571829873282e-03  9.224227859696828e-04 
 1.949844599758354e+10  1.000000000000000e+00  0.000000000000000e+00  4.924680783839768e-03  9.118127264209579e-04 
 1.972422736115166e+10  1.000000000000000e+00  0.000000000000000e+00  4.924787257456058e-03  9.013235216170270e-04 
 1.995262314969196e+10  1.000000000000000e+00  0.000000000000000e+00  4.924891307177103e-03  8.909537813957296e-04 
 2.018366363681881e+10  1.000000000000000e+00  0.000000000000000e+00  4.924992988171039e-03  8.807021314326615e-04 
 2.041737944669853e+10  1.000000000000000e+00  0.000000000000000e+00  4.925092354352490e-03  8.705672130372424e-04 
 2.065380155810857e+10  1.000000000000000e+00  0.000000000000000e+00  4.925189458406823e-03  8.605476829962776e-04 
 2.089296130854371e+10  1.000000000000000e+00  0.000000000000000e+00  4.925284351822677e-03  8.506422133707073e-04 
 2.113489039836982e+10  1.000000000000000e+00  0.000000000000000e+00  4.925377084912670e-03  8.408494913567734e-04 
 2.137962089502571e+10  1.000000000000000e+00  0.000000000000000e+00  4.925467706847836e-03  8.311682190682654e-04 
 2.162718523727364e+10  1.000000000000000e+00  0.000000000000000e+00  4.925556265676589e-03  8.215971134052986e-04 
 2.187761623949900e+10  1.000000000000000e+00  0.000000000000000e+00  4.925642808355198e-03  8.121349058556247e-04 
 2.213094709605989e+10  1.000000000000000e+00  0.000000000000000e+00  4.925727380770989e-03  8.027803423363260e-04 
 2.238721138568695e+10  1.000000000000000e+00  0.000000000000000e+00  4.925810027765479e-03  7.935321830349561e-04 
 2.264644307593420e+10  1.000000000000000e+00  0.000000000000000e+00  4.925890793159890e-03  7.843892022351180e-04 
 2.290867652768137e+10  1.000000000000000e+00  0.000000000000000e+00  4.925969719778126e-03  7.753501881554267e-04 
 2.317394649968847e+10  1.000000000000000e+00  0.000000000000000e+00  4.926046849468177e-03  7.664139427972471e-04 
 2.344228815320295e+10  1.000000000000000e+00  0.000000000000000e+00  4.926122223127207e-03  7.575792817676035e-04 
 2.371373705662033e+10  1.000000000000000e+00  0.000000000000000e+00  4.926195880718800e-03  7.488450341506555e-04 
 2.398832919019873e+10  1.000000000000000e+00  0.000000000000000e+00  4.926267861298022e-03  7.402100423279084e-04 
 2.426610095082802e+10  1.000000000000000e+00  0.000000000000000e+00  4.926338203030618e-03  7.316731618346215e-04 
 2.454708915685422e+10  1.000000000000000e+00  0.000000000000000e+00  4.926406943212369e-03  7.232332612138824e-04 
 2.483133105295966e+10  1.000000000000000e+00  0.000000000000000e+00  4.926474118291393e-03  7.148892218502658e-04 
 2.511886431509981e+10  1.000000000000000e+00  0.000000000000000e+00  4.926539763885353e-03  7.066399378354784e-04 
 2.540972705549710e+10  1.000000000000000e+00  0.000000000000000e+00  4.926603914800642e-03  6.984843158200679e-04 
 2.570395782769274e+10  1.000000000000000e+00  0.000000000000000e+00  4.926666605051470e-03  6.904212748642559e-04 
 2.600159563165687e+10  1.000000000000000e+00  0.000000000000000e+00  4.926727867877759e-03  6.824497462956494e-04 
 2.630267991895802e+10  1.000000000000000e+00  0.000000000000000e+00  4.926787735761767e-03  6.745686735748204e-04 
 2.660725059799235e+10  1.000000000000000e+00  0.000000000000000e+00  4.926846240446175e-03  6.667770121493186e-04 
 2.691534803927346e+10  1.000000000000000e+00  0.000000000000000e+00  4.926903412952323e-03  6.590737293050463e-04 
 2.722701308078348e+10  1.000000000000000e+00  0.000000000000000e+00  4.926959283593421e-03  6.514578040528398e-04 
 2.754228703338607e+10  1.000000000000000e+00  0.000000000000000e+00  4.927013881993590e-03  6.439282269717232e-04 
 2.786121168630217e+10  1.000000000000000e+00  0.000000000000000e+00  4.927067237101906e-03  6.364840000872802e-04 
 2.818382931264906e+10  1.000000000000000e+00  0.000000000000000e+00  4.927119377207951e-03  6.291241367381615e-04 
 2.851018267504366e+10  1.000000000000000e+00  0.000000000000000e+00  4.927170329957609e-03  6.218476614391837e-04 
 2.884031503127068e+10  1.000000000000000e+00  0.000000000000000e+00  4.927220122366766e-03  6.146536097595519e-04 
 2.917427014001635e+10  1.000000000000000e+00  0.000000000000000e+00  4.927268780836321e-03  6.075410281897552e-04 
 2.951209226666859e+10  1.000000000000000e+00  0.000000000000000e+00  4.927316331166124e-03  6.005089740156220e-04 
 2.985382618918439e+10  1.000000000000000e+00  0.000000000000000e+00  4.927362798567624e-03  5.935565152017531e-04 
 3.019951720402501e+10  1.000000000000000e+00  0.000000000000000e+00  4.927408207679181e-03  5.866827302524253e-04 
 3.054921113216004e+10  1.000000000000000e+00  0.000000000000000e+00  4.927452582577850e-03  5.798867080995904e-04 
 3.090295432514087e+10  1.000000000000000e+00  0.000000000000000e+00  4.927495946791351e-03  5.731675479891111e-04 
 3.126079367124458e+10  1.000000000000000e+00  0.000000000000000e+00  4.927538323312514e-03  5.665243593449101e-04 
 3.162277660168888e+10  1.000000000000000e+00  0.000000000000000e+00  4.927579734609457e-03  5.599562616679900e-04 
 3.198895109691913e+10  1.000000000000000e+00  0.000000000000000e+00  4.927620202640358e-03  5.534623843953199e-04 
 3.235936569296804e+10  1.000000000000000e+00  0.000000000000000e+00  4.927659748861193e-03  5.470418668179806e-04 
 3.273406948788909e+10  1.000000000000000e+00  0.000000000000000e+00  4.927698394240086e-03  5.406938579416498e-04 
 3.311311214826445e+10  1.000000000000000e+00  0.000000000000000e+00  4.927736159267663e-03  5.344175163803225e-04 
 3.349654391578817e+10  1.000000000000000e+00  0.000000000000000e+00  4.927773063967415e-03  5.282120102492687e-04 
 3.388441561392572e+10  1.000000000000000e+00  0.000000000000000e+00  4.927809127907089e-03  5.220765170478919e-04 
 3.427677865465057e+10  1.000000000000000e+00  0.000000000000000e+00  4.927844370208682e-03  5.160102235539746e-04 
 3.467368504525876e+10  1.000000000000000e+00  0.000000000000000e+00  4.927878809557565e-03  5.100123257257754e-04 
 3.507518739526246e+10  1.000000000000000e+00  0.000000000000000e+00  4.927912464214580e-03  5.040820285748776e-04 
 3.548133892336327e+10  1.000000000000000e+00  0.000000000000000e+00  4.927945352023404e-03  4.982185460825437e-04 
 3.589219346450632e+10  1.000000000000000e+00  0.000000000000000e+00  4.927977490422464e-03  4.924211010723147e-04 
 3.630780547701600e+10  1.000000000000000e+00  0.000000000000000e+00  4.928008896451556e-03  4.866889251322848e-04 
 3.672823004981440e+10  1.000000000000000e+00  0.000000000000000e+00  4.928039586763018e-03  4.810212584924899e-04 
 3.715352290972326e+10  1.000000000000000e+00  0.000000000000000e+00  4.928069577628618e-03  4.754173499435984e-04 
 3.758374042885049e+10  1.000000000000000e+00  0.000000000000000e+00  4.928098884950891e-03  4.698764567097968e-04 
 3.801893963206227e+10  1.000000000000000e+00  0.000000000000000e+00  4.928127524268635e-03  4.643978443805664e-04 
 3.845917820454158e+10  1.000000000000000e+00  0.000000000000000e+00  4.928155510766926e-03  4.589807867948486e-04 
 3.890451449943436e+10  1.000000000000000e+00  0.000000000000000e+00  4.928182859284474e-03  4.536245659522915e-04 
 3.935500754558412e+10  1.000000000000000e+00  0.000000000000000e+00  4.928209584322179e-03  4.483284719106556e-04 
 3.981071705535618e+10  1.000000000000000e+00  0.000000000000000e+00  4.928235700050125e-03  4.430918026990434e-04 
 4.027170343255244e+10  1.000000000000000e+00  0.000000000000000e+00  4.928261220315057e-03  4.379138642257247e-04 
 4.073802778041788e+10  1.000000000000000e+00  0.000000000000000e+00  4.928286158648221e-03  4.327939701803797e-04 
 4.120975190973971e+10  1.000000000000000e+00  0.000000000000000e+00  4.928310528272366e-03  4.277314419451101e-04 
 4.168693834704031e+10  1.000000000000000e+00  0.000000000000000e+00  4.928334342108867e-03  4.227256085030853e-04 
 4.216965034286507e+10  1.000000000000000e+00  0.000000000000000e+00  4.928357612784001e-03  4.177758063565063e-04 
 4.265795188016620e+10  1.000000000000000e+00  0.000000000000000e+00  4.928380352636130e-03  4.128813794329258e-04 
 4.315190768278354e+10  1.000000000000000e+00  0.000000000000000e+00  4.928402573722272e-03  4.080416789979509e-04 
 4.365158322402370e+10  1.000000000000000e+00  0.000000000000000e+00  4.928424287824700e-03  4.032560635667246e-04 
 4.415704473533843e+10  1.000000000000000e+00  0.000000000000000e+00  4.928445506456251e-03  3.985238988303010e-04 
 4.466835921510358e+10  1.000000000000000e+00  0.000000000000000e+00  4.928466240867652e-03  3.938445575567087e-04 
 4.518559443749959e+10  1.000000000000000e+00  0.000000000000000e+00  4.928486502052305e-03  3.892174195222074e-04 
 4.570881896149494e+10  1.000000000000000e+00  0.000000000000000e+00  4.928506300753067e-03  3.846418714177448e-04 
 4.623810213993356e+10  1.000000000000000e+00  0.000000000000000e+00  4.928525647467737e-03  3.801173067696669e-04 
 4.677351412872743e+10  1.000000000000000e+00  0.000000000000000e+00  4.928544552453993e-03  3.756431258677145e-04 
 4.731512589615575e+10  1.000000000000000e+00  0.000000000000000e+00  4.928563025735478e-03  3.712187356772088e-04 
 4.786300923227163e+10  1.000000000000000e+00  0.000000000000000e+00  4.928581077107304e-03  3.668435497579583e-04 
 4.841723675841782e+10  1.000000000000000e+00  0.000000000000000e+00  4.928598716140380e-03  3.625169881978972e-04 
 4.897788193685260e+10  1.000000000000000e+00  0.000000000000000e+00  4.928615952187014e-03  3.582384775291231e-04 
 4.954501908048710e+10  1.000000000000000e+00  0.000000000000000e+00  4.928632794386538e-03  3.540074506432846e-04 
 5.011872336273540e+10  1.000000000000000e+00  0.000000000000000e+00  4.928649251668507e-03  3.498233467382328e-04 
 5.069907082747871e+10  1.000000000000000e+00  0.000000000000000e+00  4.928665332758823e-03  3.456856112253175e-04 
 5.128613839914486e+10  1.000000000000000e+00  0.000000000000000e+00  4.928681046183998e-03  3.415936956604421e-04 
 5.188000389290459e+10  1.000000000000000e+00  0.000000000000000e+00  4.928696400275587e-03  3.375470576726998e-04 
 5.248074602498584e+10  1.000000000000000e+00  0.000000000000000e+00  4.928711403174428e-03  3.335451608949403e-04 
 5.308844442310752e+10  1.000000000000000e+00  0.000000000000000e+00  4.928726062835408e-03  3.295874748867722e-04 
 5.370317963703407e+10  1.000000000000000e+00  0.000000000000000e+00  4.928740387031084e-03  3.256734750720512e-04 
 5.432503314925222e+10  1.000000000000000e+00  0.000000000000000e+00  4.928754383356567e-03  3.218026426589356e-04 
 5.495408738577146e+10  1.000000000000000e+00  0.000000000000000e+00  4.928768059232772e-03  3.179744645821569e-04 
 5.559042572704947e+10  1.000000000000000e+00  0.000000000000000e+00  4.928781421910977e-03  3.141884334259071e-04 
 5.623413251904413e+10  1.000000000000000e+00  0.000000000000000e+00  4.928794478476070e-03  3.104440473655304e-04 
 5.688529308439348e+10  1.000000000000000e+00  0.000000000000000e+00  4.928807235850871e-03  3.067408100926246e-04 
 5.754399373372514e+10  1.000000000000000e+00  0.000000000000000e+00  4.928819700799684e-03  3.030782307506303e-04 
 5.821032177709669e+10  1.000000000000000e+00  0.000000000000000e+00  4.928831879931417e-03  2.994558238774173e-04 
 5.888436553556857e+10  1.000000000000000e+00  0.000000000000000e+00  4.928843779703698e-03  2.958731093312715e-04 
 5.956621435291083e+10  1.000000000000000e+00  0.000000000000000e+00  4.928855406425935e-03  2.923296122328566e-04 
 6.025595860744567e+10  1.000000000000000e+00  0.000000000000000e+00  4.928866766262755e-03  2.888248629009148e-04 
 6.095368972402693e+10  1.000000000000000e+00  0.000000000000000e+00  4.928877865237272e-03  2.853583967900611e-04 
 6.165950018615836e+10  1.000000000000000e+00  0.000000000000000e+00  4.928888709234357e-03  2.819297544279550e-04 
 6.237348354825218e+10  1.000000000000000e+00  0.000000000000000e+00  4.928899304003606e-03  2.785384813568124e-04 
 6.309573444802971e+10  1.000000000000000e+00  0.000000000000000e+00  4.928909655162537e-03  2.751841280705703e-04 
 6.382634861906538e+10  1.000000000000000e+00  0.000000000000000e+00  4.928919768199471e-03  2.718662499575219e-04 
 6.456542290347619e+10  1.000000000000000e+00  0.000000000000000e+00  4.928929648476446e-03  2.685844072405440e-04 
 6.531305526475800e+10  1.000000000000000e+00  0.000000000000000e+00  4.928939301232113e-03  2.653381649185196e-04 
 6.606934480077050e+10  1.000000000000000e+00  0.000000000000000e+00  4.928948731584495e-03  2.621270927088817e-04 
 6.683439175687249e+10  1.000000000000000e+00  0.000000000000000e+00  4.928957944533766e-03  2.589507649888644e-04 
 6.760829753920934e+10  1.000000000000000e+00  0.000000000000000e+00  4.928966944964490e-03  2.558087607473612e-04 
 6.839116472815422e+10  1.000000000000000e+00  0.000000000000000e+00  4.928975737649084e-03  2.527006635127788e-04 
 6.918309709190508e+10  1.000000000000000e+00  0.000000000000000e+00  4.928984327249333e-03  2.496260613164398e-04 
 6.998419960023891e+10  1.000000000000000e+00  0.000000000000000e+00  4.928992718319683e-03  2.465845466230001e-04 
 7.079457843842549e+10  1.000000000000000e+00  0.000000000000000e+00  4.929000915309122e-03  2.435757162861088e-04 
 7.161434102130205e+10  1.000000000000000e+00  0.000000000000000e+00  4.929008922563823e-03  2.405991714898032e-04 
 7.244359600751100e+10  1.000000000000000e+00  0.000000000000000e+00  4.929016744329251e-03  2.376545176996055e-04 
 7.328245331390254e+10  1.000000000000000e+00  0.000000000000000e+00  4.929024384752648e-03  2.347413646052677e-04 
 7.413102413010403e+10  1.000000000000000e+00  0.000000000000000e+00  4.929031847885043e-03  2.318593260730655e-04 
 7.498942093325801e+10  1.000000000000000e+00  0.000000000000000e+00  4.929039137683475e-03  2.290080200929295e-04 
 7.585775750293095e+10  1.000000000000000e+00  0.000000000000000e+00  4.929046258013071e-03  2.261870687284457e-04 
 7.673614893619463e+10  1.000000000000000e+00  0.000000000000000e+00  4.929053212649029e-03  2.233960980679822e-04 
 7.762471166288206e+10  1.000000000000000e+00  0.000000000000000e+00  4.929060005278841e-03  2.206347381704092e-04 
 7.852356346102022e+10  1.000000000000000e+00  0.000000000000000e+00  4.929066639503966e-03  2.179026230223087e-04 
 7.943282347244135e+10  1.000000000000000e+00  0.000000000000000e+00  4.929073118842059e-03  2.151993904821495e-04 
 8.035261221857507e+10  1.000000000000000e+00  0.000000000000000e+00  4.929079446728332e-03  2.125246822437754e-04 
 8.128305161642343e+10  1.000000000000000e+00  0.000000000000000e+00  4.929085626518019e-03  2.098781437745578e-04 
 8.222426499472078e+10  1.000000000000000e+00  0.000000000000000e+00  4.929091661487663e-03  2.072594242791364e-04 
 8.317637711028093e+10  1.000000000000000e+00  0.000000000000000e+00  4.929097554837008e-03  2.046681766497715e-04 
 8.413951416453351e+10  1.000000000000000e+00  0.000000000000000e+00  4.929103309690775e-03  2.021040574180135e-04 
 8.511380382025182e+10  1.000000000000000e+00  0.000000000000000e+00  4.929108929100236e-03  1.995667267119199e-04 
 8.609937521847441e+10  1.000000000000000e+00  0.000000000000000e+00  4.929114416044821e-03  1.970558482103287e-04 
 8.709635899562259e+10  1.000000000000000e+00  0.000000000000000e+00  4.929119773433764e-03  1.945710890973886e-04 
 8.810488730081610e+10  1.000000000000000e+00  0.000000000000000e+00  4.929125004107531e-03  1.921121200207984e-04 
 8.912509381338942e+10  1.000000000000000e+00  0.000000000000000e+00  4.929130110839472e-03  1.896786150447597e-04 
 9.015711376061073e+10  1.000000000000000e+00  0.000000000000000e+00  4.929135096337155e-03  1.872702516104030e-04 
 9.120108393560620e+10  1.000000000000000e+00  0.000000000000000e+00  4.929139963243945e-03  1.848867104885532e-04 
 9.225714271549173e+10  1.000000000000000e+00  0.000000000000000e+00  4.929144714140301e-03  1.825276757413137e-04 
 9.332543007971471e+10  1.000000000000000e+00  0.000000000000000e+00  4.929149351545070e-03  1.801928346808680e-04 
 9.440608762860812e+10  1.000000000000000e+00  0.000000000000000e+00  4.929153877917114e-03  1.778818778216883e-04 
 9.549925860215958e+10  1.000000000000000e+00  0.000000000000000e+00  4.929158295656210e-03  1.755944988485325e-04 
 9.660508789899751e+10  1.000000000000000e+00  0.000000000000000e+00  4.929162607104695e-03  1.733303945675740e-04 
 9.772372209559744e+10  1.000000000000000e+00  0.000000000000000e+00  4.929166814548445e-03  1.710892648725881e-04 
 9.885530946571045e+10  1.000000000000000e+00  0.000000000000000e+00  4.929170920218233e-03  1.688708127005751e-04 
 1.000000000000168e+11  1.000000000000000e+00  0.000000000000000e+00  4.929174926290854e-03  1.666747439949762e-04 
