 frequency              vavdd_real             vavdd_imag             vout_real              vout_imag             
 1.000000000000000e-02  1.000000000000000e+00  0.000000000000000e+00  2.866128600255564e-01  2.211417337049042e-05 
 1.011579454259899e-02  1.000000000000000e+00  0.000000000000000e+00  2.866128600418705e-01  2.237024342900848e-05 
 1.023292992280754e-02  1.000000000000000e+00  0.000000000000000e+00  2.866128600585114e-01  2.262927863903868e-05 
 1.035142166679344e-02  1.000000000000000e+00  0.000000000000000e+00  2.866128600755786e-01  2.289131333541547e-05 
 1.047128548050900e-02  1.000000000000000e+00  0.000000000000000e+00  2.866128600930153e-01  2.315638225055522e-05 
 1.059253725177289e-02  1.000000000000000e+00  0.000000000000000e+00  2.866128601108784e-01  2.342452051905192e-05 
 1.071519305237607e-02  1.000000000000000e+00  0.000000000000000e+00  2.866128601291535e-01  2.369576368234377e-05 
 1.083926914021204e-02  1.000000000000000e+00  0.000000000000000e+00  2.866128601478408e-01  2.397014769341607e-05 
 1.096478196143186e-02  1.000000000000000e+00  0.000000000000000e+00  2.866128601669544e-01  2.424770892157251e-05 
 1.109174815262402e-02  1.000000000000000e+00  0.000000000000000e+00  2.866128601865370e-01  2.452848415724988e-05 
 1.122018454301964e-02  1.000000000000000e+00  0.000000000000000e+00  2.866128602066027e-01  2.481251061690306e-05 
 1.135010815672316e-02  1.000000000000000e+00  0.000000000000000e+00  2.866128602270805e-01  2.509982594792918e-05 
 1.148153621496884e-02  1.000000000000000e+00  0.000000000000000e+00  2.866128602480558e-01  2.539046823366377e-05 
 1.161448613840344e-02  1.000000000000000e+00  0.000000000000000e+00  2.866128602695284e-01  2.568447599842471e-05 
 1.174897554939531e-02  1.000000000000000e+00  0.000000000000000e+00  2.866128602914841e-01  2.598188821262288e-05 
 1.188502227437020e-02  1.000000000000000e+00  0.000000000000000e+00  2.866128603139515e-01  2.628274429792137e-05 
 1.202264434617414e-02  1.000000000000000e+00  0.000000000000000e+00  2.866128603369731e-01  2.658708413246999e-05 
 1.216186000646370e-02  1.000000000000000e+00  0.000000000000000e+00  2.866128603604920e-01  2.689494805618136e-05 
 1.230268770812383e-02  1.000000000000000e+00  0.000000000000000e+00  2.866128603845794e-01  2.720637687608307e-05 
 1.244514611771387e-02  1.000000000000000e+00  0.000000000000000e+00  2.866128604092211e-01  2.752141187172829e-05 
 1.258925411794169e-02  1.000000000000000e+00  0.000000000000000e+00  2.866128604344311e-01  2.784009480066058e-05 
 1.273503081016664e-02  1.000000000000000e+00  0.000000000000000e+00  2.866128604602523e-01  2.816246790395731e-05 
 1.288249551693136e-02  1.000000000000000e+00  0.000000000000000e+00  2.866128604866560e-01  2.848857391182153e-05 
 1.303166778452301e-02  1.000000000000000e+00  0.000000000000000e+00  2.866128605136993e-01  2.881845604924985e-05 
 1.318256738556409e-02  1.000000000000000e+00  0.000000000000000e+00  2.866128605413394e-01  2.915215804176097e-05 
 1.333521432163326e-02  1.000000000000000e+00  0.000000000000000e+00  2.866128605696474e-01  2.948972412118959e-05 
 1.348962882591656e-02  1.000000000000000e+00  0.000000000000000e+00  2.866128605985949e-01  2.983119903155348e-05 
 1.364583136588927e-02  1.000000000000000e+00  0.000000000000000e+00  2.866128606282246e-01  3.017662803497890e-05 
 1.380384264602887e-02  1.000000000000000e+00  0.000000000000000e+00  2.866128606585505e-01  3.052605691770464e-05 
 1.396368361055940e-02  1.000000000000000e+00  0.000000000000000e+00  2.866128606895586e-01  3.087953199614917e-05 
 1.412537544622757e-02  1.000000000000000e+00  0.000000000000000e+00  2.866128607213057e-01  3.123710012304745e-05 
 1.428893958511106e-02  1.000000000000000e+00  0.000000000000000e+00  2.866128607538059e-01  3.159880869366691e-05 
 1.445439770745931e-02  1.000000000000000e+00  0.000000000000000e+00  2.866128607870593e-01  3.196470565208350e-05 
 1.462177174456722e-02  1.000000000000000e+00  0.000000000000000e+00  2.866128608210659e-01  3.233483949754012e-05 
 1.479108388168211e-02  1.000000000000000e+00  0.000000000000000e+00  2.866128608558967e-01  3.270925929087577e-05 
 1.496235656094437e-02  1.000000000000000e+00  0.000000000000000e+00  2.866128608915091e-01  3.308801466102412e-05 
 1.513561248436212e-02  1.000000000000000e+00  0.000000000000000e+00  2.866128609279599e-01  3.347115581159816e-05 
 1.531087461682034e-02  1.000000000000000e+00  0.000000000000000e+00  2.866128609652776e-01  3.385873352753773e-05 
 1.548816618912485e-02  1.000000000000000e+00  0.000000000000000e+00  2.866128610034337e-01  3.425079918184991e-05 
 1.566751070108153e-02  1.000000000000000e+00  0.000000000000000e+00  2.866128610425136e-01  3.464740474240759e-05 
 1.584893192461118e-02  1.000000000000000e+00  0.000000000000000e+00  2.866128610824745e-01  3.504860277884251e-05 
 1.603245390690046e-02  1.000000000000000e+00  0.000000000000000e+00  2.866128611233734e-01  3.545444646952149e-05 
 1.621810097358934e-02  1.000000000000000e+00  0.000000000000000e+00  2.866128611652101e-01  3.586498960858039e-05 
 1.640589773199544e-02  1.000000000000000e+00  0.000000000000000e+00  2.866128612080416e-01  3.628028661306415e-05 
 1.659586907437565e-02  1.000000000000000e+00  0.000000000000000e+00  2.866128612518821e-01  3.670039253013594e-05 
 1.678804018122565e-02  1.000000000000000e+00  0.000000000000000e+00  2.866128612967316e-01  3.712536304437785e-05 
 1.698243652461750e-02  1.000000000000000e+00  0.000000000000000e+00  2.866128613426184e-01  3.755525448516903e-05 
 1.717908387157593e-02  1.000000000000000e+00  0.000000000000000e+00  2.866128613895853e-01  3.799012383414759e-05 
 1.737800828749381e-02  1.000000000000000e+00  0.000000000000000e+00  2.866128614376322e-01  3.843002873277485e-05 
 1.757923613958698e-02  1.000000000000000e+00  0.000000000000000e+00  2.866128614868160e-01  3.887502748995982e-05 
 1.778279410038928e-02  1.000000000000000e+00  0.000000000000000e+00  2.866128615371366e-01  3.932517908980305e-05 
 1.798870915128794e-02  1.000000000000000e+00  0.000000000000000e+00  2.866128615886225e-01  3.978054319940732e-05 
 1.819700858609989e-02  1.000000000000000e+00  0.000000000000000e+00  2.866128616413164e-01  4.024118017678739e-05 
 1.840772001468962e-02  1.000000000000000e+00  0.000000000000000e+00  2.866128616952182e-01  4.070715107887192e-05 
 1.862087136662874e-02  1.000000000000000e+00  0.000000000000000e+00  2.866128617504131e-01  4.117851766959290e-05 
 1.883649089489807e-02  1.000000000000000e+00  0.000000000000000e+00  2.866128618068728e-01  4.165534242807507e-05 
 1.905460717963254e-02  1.000000000000000e+00  0.000000000000000e+00  2.866128618646542e-01  4.213768855692138e-05 
 1.927524913190943e-02  1.000000000000000e+00  0.000000000000000e+00  2.866128619237713e-01  4.262561999058175e-05 
 1.949844599758052e-02  1.000000000000000e+00  0.000000000000000e+00  2.866128619842527e-01  4.311920140383605e-05 
 1.972422736114861e-02  1.000000000000000e+00  0.000000000000000e+00  2.866128620461694e-01  4.361849822035375e-05 
 1.995262314968887e-02  1.000000000000000e+00  0.000000000000000e+00  2.866128621095072e-01  4.412357662138745e-05 
 2.018366363681569e-02  1.000000000000000e+00  0.000000000000000e+00  2.866128621743229e-01  4.463450355452058e-05 
 2.041737944669537e-02  1.000000000000000e+00  0.000000000000000e+00  2.866128622406876e-01  4.515134674255979e-05 
 2.065380155810538e-02  1.000000000000000e+00  0.000000000000000e+00  2.866128623085586e-01  4.567417469250868e-05 
 2.089296130854048e-02  1.000000000000000e+00  0.000000000000000e+00  2.866128623780213e-01  4.620305670463019e-05 
 2.113489039836655e-02  1.000000000000000e+00  0.000000000000000e+00  2.866128624490898e-01  4.673806288166161e-05 
 2.137962089502241e-02  1.000000000000000e+00  0.000000000000000e+00  2.866128625218352e-01  4.727926413808054e-05 
 2.162718523727029e-02  1.000000000000000e+00  0.000000000000000e+00  2.866128625962574e-01  4.782673220951978e-05 
 2.187761623949562e-02  1.000000000000000e+00  0.000000000000000e+00  2.866128626724134e-01  4.838053966227432e-05 
 2.213094709605647e-02  1.000000000000000e+00  0.000000000000000e+00  2.866128627503599e-01  4.894075990290971e-05 
 2.238721138568350e-02  1.000000000000000e+00  0.000000000000000e+00  2.866128628301112e-01  4.950746718800616e-05 
 2.264644307593070e-02  1.000000000000000e+00  0.000000000000000e+00  2.866128629117100e-01  5.008073663399048e-05 
 2.290867652767783e-02  1.000000000000000e+00  0.000000000000000e+00  2.866128629952271e-01  5.066064422709852e-05 
 2.317394649968489e-02  1.000000000000000e+00  0.000000000000000e+00  2.866128630806770e-01  5.124726683344264e-05 
 2.344228815319933e-02  1.000000000000000e+00  0.000000000000000e+00  2.866128631681448e-01  5.184068220920466e-05 
 2.371373705661666e-02  1.000000000000000e+00  0.000000000000000e+00  2.866128632576164e-01  5.244096901094034e-05 
 2.398832919019502e-02  1.000000000000000e+00  0.000000000000000e+00  2.866128633491769e-01  5.304820680600611e-05 
 2.426610095082427e-02  1.000000000000000e+00  0.000000000000000e+00  2.866128634428833e-01  5.366247608309619e-05 
 2.454708915685042e-02  1.000000000000000e+00  0.000000000000000e+00  2.866128635387497e-01  5.428385826293430e-05 
 2.483133105295583e-02  1.000000000000000e+00  0.000000000000000e+00  2.866128636368757e-01  5.491243570903821e-05 
 2.511886431509593e-02  1.000000000000000e+00  0.000000000000000e+00  2.866128637372753e-01  5.554829173865774e-05 
 2.540972705549318e-02  1.000000000000000e+00  0.000000000000000e+00  2.866128638400340e-01  5.619151063380788e-05 
 2.570395782768877e-02  1.000000000000000e+00  0.000000000000000e+00  2.866128639451517e-01  5.684217765244513e-05 
 2.600159563165286e-02  1.000000000000000e+00  0.000000000000000e+00  2.866128640527421e-01  5.750037903976193e-05 
 2.630267991895396e-02  1.000000000000000e+00  0.000000000000000e+00  2.866128641628478e-01  5.816620203962477e-05 
 2.660725059798824e-02  1.000000000000000e+00  0.000000000000000e+00  2.866128642754546e-01  5.883973490613940e-05 
 2.691534803926931e-02  1.000000000000000e+00  0.000000000000000e+00  2.866128643907331e-01  5.952106691534269e-05 
 2.722701308077928e-02  1.000000000000000e+00  0.000000000000000e+00  2.866128645087116e-01  6.021028837703586e-05 
 2.754228703338182e-02  1.000000000000000e+00  0.000000000000000e+00  2.866128646294044e-01  6.090749064676474e-05 
 2.786121168629786e-02  1.000000000000000e+00  0.000000000000000e+00  2.866128647529393e-01  6.161276613791360e-05 
 2.818382931264470e-02  1.000000000000000e+00  0.000000000000000e+00  2.866128648793449e-01  6.232620833397153e-05 
 2.851018267503926e-02  1.000000000000000e+00  0.000000000000000e+00  2.866128650086921e-01  6.304791180091127e-05 
 2.884031503126623e-02  1.000000000000000e+00  0.000000000000000e+00  2.866128651410236e-01  6.377797219972563e-05 
 2.917427014001184e-02  1.000000000000000e+00  0.000000000000000e+00  2.866128652764672e-01  6.451648629911194e-05 
 2.951209226666404e-02  1.000000000000000e+00  0.000000000000000e+00  2.866128654150657e-01  6.526355198829116e-05 
 2.985382618917978e-02  1.000000000000000e+00  0.000000000000000e+00  2.866128655568900e-01  6.601926828999335e-05 
 3.019951720402035e-02  1.000000000000000e+00  0.000000000000000e+00  2.866128657019971e-01  6.678373537357608e-05 
 3.054921113215532e-02  1.000000000000000e+00  0.000000000000000e+00  2.866128658505289e-01  6.755705456829646e-05 
 3.090295432513610e-02  1.000000000000000e+00  0.000000000000000e+00  2.866128660024856e-01  6.833932837675924e-05 
 3.126079367123975e-02  1.000000000000000e+00  0.000000000000000e+00  2.866128661579808e-01  6.913066048848302e-05 
 3.162277660168400e-02  1.000000000000000e+00  0.000000000000000e+00  2.866128663171139e-01  6.993115579365827e-05 
 3.198895109691419e-02  1.000000000000000e+00  0.000000000000000e+00  2.866128664799419e-01  7.074092039704748e-05 
 3.235936569296304e-02  1.000000000000000e+00  0.000000000000000e+00  2.866128666465642e-01  7.156006163204383e-05 
 3.273406948788404e-02  1.000000000000000e+00  0.000000000000000e+00  2.866128668170660e-01  7.238868807490360e-05 
 3.311311214825933e-02  1.000000000000000e+00  0.000000000000000e+00  2.866128669915611e-01  7.322690955913736e-05 
 3.349654391578299e-02  1.000000000000000e+00  0.000000000000000e+00  2.866128671700920e-01  7.407483719006312e-05 
 3.388441561392048e-02  1.000000000000000e+00  0.000000000000000e+00  2.866128673528152e-01  7.493258335954473e-05 
 3.427677865464526e-02  1.000000000000000e+00  0.000000000000000e+00  2.866128675397590e-01  7.580026176087555e-05 
 3.467368504525339e-02  1.000000000000000e+00  0.000000000000000e+00  2.866128677310797e-01  7.667798740385598e-05 
 3.507518739525704e-02  1.000000000000000e+00  0.000000000000000e+00  2.866128679268343e-01  7.756587663003247e-05 
 3.548133892335779e-02  1.000000000000000e+00  0.000000000000000e+00  2.866128681271789e-01  7.846404712812675e-05 
 3.589219346450077e-02  1.000000000000000e+00  0.000000000000000e+00  2.866128683321563e-01  7.937261794964008e-05 
 3.630780547701039e-02  1.000000000000000e+00  0.000000000000000e+00  2.866128685419085e-01  8.029170952460062e-05 
 3.672823004980873e-02  1.000000000000000e+00  0.000000000000000e+00  2.866128687565634e-01  8.122144367756653e-05 
 3.715352290971752e-02  1.000000000000000e+00  0.000000000000000e+00  2.866128689762064e-01  8.216194364375530e-05 
 3.758374042884469e-02  1.000000000000000e+00  0.000000000000000e+00  2.866128692009937e-01  8.311333408537939e-05 
 3.801893963205639e-02  1.000000000000000e+00  0.000000000000000e+00  2.866128694309964e-01  8.407574110816468e-05 
 3.845917820453564e-02  1.000000000000000e+00  0.000000000000000e+00  2.866128696663566e-01  8.504929227807679e-05 
 3.890451449942835e-02  1.000000000000000e+00  0.000000000000000e+00  2.866128699072021e-01  8.603411663822857e-05 
 3.935500754557804e-02  1.000000000000000e+00  0.000000000000000e+00  2.866128701536610e-01  8.703034472597212e-05 
 3.981071705535003e-02  1.000000000000000e+00  0.000000000000000e+00  2.866128704058610e-01  8.803810859020984e-05 
 4.027170343254621e-02  1.000000000000000e+00  0.000000000000000e+00  2.866128706639302e-01  8.905754180890347e-05 
 4.073802778041159e-02  1.000000000000000e+00  0.000000000000000e+00  2.866128709279963e-01  9.008877950677144e-05 
 4.120975190973334e-02  1.000000000000000e+00  0.000000000000000e+00  2.866128711982441e-01  9.113195837319602e-05 
 4.168693834703387e-02  1.000000000000000e+00  0.000000000000000e+00  2.866128714747589e-01  9.218721668035252e-05 
 4.216965034285856e-02  1.000000000000000e+00  0.000000000000000e+00  2.866128717577539e-01  9.325469430152556e-05 
 4.265795188015960e-02  1.000000000000000e+00  0.000000000000000e+00  2.866128720473000e-01  9.433453272966796e-05 
 4.315190768277687e-02  1.000000000000000e+00  0.000000000000000e+00  2.866128723436248e-01  9.542687509611695e-05 
 4.365158322401694e-02  1.000000000000000e+00  0.000000000000000e+00  2.866128726468133e-01  9.653186618961977e-05 
 4.415704473533161e-02  1.000000000000000e+00  0.000000000000000e+00  2.866128729570931e-01  9.764965247547282e-05 
 4.466835921509667e-02  1.000000000000000e+00  0.000000000000000e+00  2.866128732745779e-01  9.878038211497941e-05 
 4.518559443749261e-02  1.000000000000000e+00  0.000000000000000e+00  2.866128735994806e-01  9.992420498504664e-05 
 4.570881896148788e-02  1.000000000000000e+00  0.000000000000000e+00  2.866128739319294e-01  1.010812726980876e-04 
 4.623810213992641e-02  1.000000000000000e+00  0.000000000000000e+00  2.866128742721514e-01  1.022517386221012e-04 
 4.677351412872021e-02  1.000000000000000e+00  0.000000000000000e+00  2.866128746202747e-01  1.034357579009962e-04 
 4.731512589614845e-02  1.000000000000000e+00  0.000000000000000e+00  2.866128749764982e-01  1.046334874751672e-04 
 4.786300923226424e-02  1.000000000000000e+00  0.000000000000000e+00  2.866128753410351e-01  1.058450861022861e-04 
 4.841723675841035e-02  1.000000000000000e+00  0.000000000000000e+00  2.866128757140700e-01  1.070707143783459e-04 
 4.897788193684505e-02  1.000000000000000e+00  0.000000000000000e+00  2.866128760957878e-01  1.083105347589660e-04 
 4.954501908047946e-02  1.000000000000000e+00  0.000000000000000e+00  2.866128764863873e-01  1.095647115808953e-04 
 5.011872336272767e-02  1.000000000000000e+00  0.000000000000000e+00  2.866128768860818e-01  1.108334110838197e-04 
 5.069907082747089e-02  1.000000000000000e+00  0.000000000000000e+00  2.866128772950987e-01  1.121168014323792e-04 
 5.128613839913695e-02  1.000000000000000e+00  0.000000000000000e+00  2.866128777136510e-01  1.134150527384741e-04 
 5.188000389289658e-02  1.000000000000000e+00  0.000000000000000e+00  2.866128781419377e-01  1.147283370837999e-04 
 5.248074602497774e-02  1.000000000000000e+00  0.000000000000000e+00  2.866128785802005e-01  1.160568285426732e-04 
 5.308844442309933e-02  1.000000000000000e+00  0.000000000000000e+00  2.866128790286666e-01  1.174007032050694e-04 
 5.370317963702578e-02  1.000000000000000e+00  0.000000000000000e+00  2.866128794908747e-01  1.187601391994474e-04 
 5.432503314924383e-02  1.000000000000000e+00  0.000000000000000e+00  2.866128799604724e-01  1.201353167185607e-04 
 5.495408738576298e-02  1.000000000000000e+00  0.000000000000000e+00  2.866128804410124e-01  1.215264180400215e-04 
 5.559042572704089e-02  1.000000000000000e+00  0.000000000000000e+00  2.866128809327790e-01  1.229336275526677e-04 
 5.623413251903545e-02  1.000000000000000e+00  0.000000000000000e+00  2.866128814359712e-01  1.243571317804669e-04 
 5.688529308438470e-02  1.000000000000000e+00  0.000000000000000e+00  2.866128819509015e-01  1.257971194072116e-04 
 5.754399373371626e-02  1.000000000000000e+00  0.000000000000000e+00  2.866128824777974e-01  1.272537813015687e-04 
 5.821032177708772e-02  1.000000000000000e+00  0.000000000000000e+00  2.866128830169856e-01  1.287273105423322e-04 
 5.888436553555948e-02  1.000000000000000e+00  0.000000000000000e+00  2.866128835687363e-01  1.302179024440503e-04 
 5.956621435290164e-02  1.000000000000000e+00  0.000000000000000e+00  2.866128841333335e-01  1.317257545829079e-04 
 6.025595860743638e-02  1.000000000000000e+00  0.000000000000000e+00  2.866128847110900e-01  1.332510668229030e-04 
 6.095368972401753e-02  1.000000000000000e+00  0.000000000000000e+00  2.866128853023042e-01  1.347940413423456e-04 
 6.165950018614885e-02  1.000000000000000e+00  0.000000000000000e+00  2.866128859072603e-01  1.363548826606582e-04 
 6.237348354824256e-02  1.000000000000000e+00  0.000000000000000e+00  2.866128865263420e-01  1.379337976654703e-04 
 6.309573444801997e-02  1.000000000000000e+00  0.000000000000000e+00  2.866128871598335e-01  1.395309956400814e-04 
 6.382634861905552e-02  1.000000000000000e+00  0.000000000000000e+00  2.866128878080758e-01  1.411466882911379e-04 
 6.456542290346622e-02  1.000000000000000e+00  0.000000000000000e+00  2.866128884714101e-01  1.427810897767534e-04 
 6.531305526474791e-02  1.000000000000000e+00  0.000000000000000e+00  2.866128891502058e-01  1.444344167348507e-04 
 6.606934480076029e-02  1.000000000000000e+00  0.000000000000000e+00  2.866128898448181e-01  1.461068883119092e-04 
 6.683439175686216e-02  1.000000000000000e+00  0.000000000000000e+00  2.866128905556167e-01  1.477987261920061e-04 
 6.760829753919889e-02  1.000000000000000e+00  0.000000000000000e+00  2.866128912829566e-01  1.495101546261681e-04 
 6.839116472814366e-02  1.000000000000000e+00  0.000000000000000e+00  2.866128920272359e-01  1.512414004621456e-04 
 6.918309709189439e-02  1.000000000000000e+00  0.000000000000000e+00  2.866128927888383e-01  1.529926931744281e-04 
 6.998419960022811e-02  1.000000000000000e+00  0.000000000000000e+00  2.866128935682326e-01  1.547642648947195e-04 
 7.079457843841457e-02  1.000000000000000e+00  0.000000000000000e+00  2.866128943657458e-01  1.565563504426576e-04 
 7.161434102129099e-02  1.000000000000000e+00  0.000000000000000e+00  2.866128951818183e-01  1.583691873569541e-04 
 7.244359600749982e-02  1.000000000000000e+00  0.000000000000000e+00  2.866128960104248e-01  1.602030159283781e-04 
 7.328245331389123e-02  1.000000000000000e+00  0.000000000000000e+00  2.866128968649804e-01  1.620580792256489e-04 
 7.413102413009259e-02  1.000000000000000e+00  0.000000000000000e+00  2.866128977394453e-01  1.639346231365681e-04 
 7.498942093324644e-02  1.000000000000000e+00  0.000000000000000e+00  2.866128986342744e-01  1.658328963946717e-04 
 7.585775750291925e-02  1.000000000000000e+00  0.000000000000000e+00  2.866128995499224e-01  1.677531506136844e-04 
 7.673614893618277e-02  1.000000000000000e+00  0.000000000000000e+00  2.866129004901836e-01  1.696956403200846e-04 
 7.762471166287006e-02  1.000000000000000e+00  0.000000000000000e+00  2.866129014490326e-01  1.716606229899854e-04 
 7.852356346100808e-02  1.000000000000000e+00  0.000000000000000e+00  2.866129024301642e-01  1.736483590785792e-04 
 7.943282347242907e-02  1.000000000000000e+00  0.000000000000000e+00  2.866129034341753e-01  1.756591120577328e-04 
 8.035261221856266e-02  1.000000000000000e+00  0.000000000000000e+00  2.866129044615775e-01  1.776931484501656e-04 
 8.128305161641088e-02  1.000000000000000e+00  0.000000000000000e+00  2.866129055129107e-01  1.797507378647973e-04 
 8.222426499470809e-02  1.000000000000000e+00  0.000000000000000e+00  2.866129065887151e-01  1.818321530324568e-04 
 8.317637711026808e-02  1.000000000000000e+00  0.000000000000000e+00  2.866129076896016e-01  1.839376698420184e-04 
 8.413951416452051e-02  1.000000000000000e+00  0.000000000000000e+00  2.866129088161387e-01  1.860675673769896e-04 
 8.511380382023866e-02  1.000000000000000e+00  0.000000000000000e+00  2.866129099688806e-01  1.882221279525267e-04 
 8.609937521846109e-02  1.000000000000000e+00  0.000000000000000e+00  2.866129111485094e-01  1.904016371527862e-04 
 8.709635899560911e-02  1.000000000000000e+00  0.000000000000000e+00  2.866129123555936e-01  1.926063838688624e-04 
 8.810488730080247e-02  1.000000000000000e+00  0.000000000000000e+00  2.866129135908011e-01  1.948366603370171e-04 
 8.912509381337563e-02  1.000000000000000e+00  0.000000000000000e+00  2.866129148547714e-01  1.970927621774241e-04 
 9.015711376059679e-02  1.000000000000000e+00  0.000000000000000e+00  2.866129161481865e-01  1.993749884333926e-04 
 9.120108393559209e-02  1.000000000000000e+00  0.000000000000000e+00  2.866129174717429e-01  2.016836416109388e-04 
 9.225714271547746e-02  1.000000000000000e+00  0.000000000000000e+00  2.866129188260942e-01  2.040190277189479e-04 
 9.332543007970026e-02  1.000000000000000e+00  0.000000000000000e+00  2.866129202120220e-01  2.063814563096925e-04 
 9.440608762859351e-02  1.000000000000000e+00  0.000000000000000e+00  2.866129216302369e-01  2.087712405198890e-04 
 9.549925860214478e-02  1.000000000000000e+00  0.000000000000000e+00  2.866129230814920e-01  2.111886971121475e-04 
 9.660508789898255e-02  1.000000000000000e+00  0.000000000000000e+00  2.866129245665263e-01  2.136341465170579e-04 
 9.772372209558230e-02  1.000000000000000e+00  0.000000000000000e+00  2.866129260861783e-01  2.161079128755570e-04 
 9.885530946569514e-02  1.000000000000000e+00  0.000000000000000e+00  2.866129276411868e-01  2.186103240819567e-04 
 1.000000000000013e-01  1.000000000000000e+00  0.000000000000000e+00  2.866129292324331e-01  2.211417118273833e-04 
 1.011579454259911e-01  1.000000000000000e+00  0.000000000000000e+00  2.866129308607412e-01  2.237024116437386e-04 
 1.023292992280767e-01  1.000000000000000e+00  0.000000000000000e+00  2.866129325270208e-01  2.262927629481930e-04 
 1.035142166679357e-01  1.000000000000000e+00  0.000000000000000e+00  2.866129342320818e-01  2.289131090881597e-04 
 1.047128548050913e-01  1.000000000000000e+00  0.000000000000000e+00  2.866129359768337e-01  2.315637973867938e-04 
 1.059253725177303e-01  1.000000000000000e+00  0.000000000000000e+00  2.866129377622570e-01  2.342451791890327e-04 
 1.071519305237620e-01  1.000000000000000e+00  0.000000000000000e+00  2.866129395892472e-01  2.369576099082075e-04 
 1.083926914021218e-01  1.000000000000000e+00  0.000000000000000e+00  2.866129414588130e-01  2.397014490730671e-04 
 1.096478196143199e-01  1.000000000000000e+00  0.000000000000000e+00  2.866129433719209e-01  2.424770603755267e-04 
 1.109174815262416e-01  1.000000000000000e+00  0.000000000000000e+00  2.866129453295798e-01  2.452848117188030e-04 
 1.122018454301978e-01  1.000000000000000e+00  0.000000000000000e+00  2.866129473328556e-01  2.481250752662123e-04 
 1.135010815672330e-01  1.000000000000000e+00  0.000000000000000e+00  2.866129493827856e-01  2.509982274904735e-04 
 1.148153621496898e-01  1.000000000000000e+00  0.000000000000000e+00  2.866129514804783e-01  2.539046492236581e-04 
 1.161448613840358e-01  1.000000000000000e+00  0.000000000000000e+00  2.866129536270137e-01  2.568447257076063e-04 
 1.174897554939545e-01  1.000000000000000e+00  0.000000000000000e+00  2.866129558235571e-01  2.598188466450267e-04 
 1.188502227437035e-01  1.000000000000000e+00  0.000000000000000e+00  2.866129580712453e-01  2.628274062511383e-04 
 1.202264434617429e-01  1.000000000000000e+00  0.000000000000000e+00  2.866129603713290e-01  2.658708033059207e-04 
 1.216186000646385e-01  1.000000000000000e+00  0.000000000000000e+00  2.866129627282135e-01  2.689494412057072e-04 
 1.230268770812399e-01  1.000000000000000e+00  0.000000000000000e+00  2.866129651366549e-01  2.720637280217024e-04 
 1.244514611771402e-01  1.000000000000000e+00  0.000000000000000e+00  2.866129676012292e-01  2.752140765465144e-04 
 1.258925411794185e-01  1.000000000000000e+00  0.000000000000000e+00  2.866129701166926e-01  2.784009043564885e-04 
 1.273503081016679e-01  1.000000000000000e+00  0.000000000000000e+00  2.866129726973980e-01  2.816246338554617e-04 
 1.288249551693152e-01  1.000000000000000e+00  0.000000000000000e+00  2.866129753382296e-01  2.848856923462088e-04 
 1.303166778452318e-01  1.000000000000000e+00  0.000000000000000e+00  2.866129780405657e-01  2.881845120767887e-04 
 1.318256738556426e-01  1.000000000000000e+00  0.000000000000000e+00  2.866129808058417e-01  2.915215303004404e-04 
 1.333521432163343e-01  1.000000000000000e+00  0.000000000000000e+00  2.866129836388041e-01  2.948971893321033e-04 
 1.348962882591673e-01  1.000000000000000e+00  0.000000000000000e+00  2.866129865344078e-01  2.983119366125762e-04 
 1.364583136588944e-01  1.000000000000000e+00  0.000000000000000e+00  2.866129894974421e-01  3.017662247595798e-04 
 1.380384264602905e-01  1.000000000000000e+00  0.000000000000000e+00  2.866129925295269e-01  3.052605116332870e-04 
 1.396368361055958e-01  1.000000000000000e+00  0.000000000000000e+00  2.866129956321970e-01  3.087952603955217e-04 
 1.412537544622775e-01  1.000000000000000e+00  0.000000000000000e+00  2.866129988071719e-01  3.123709395712353e-04 
 1.428893958511124e-01  1.000000000000000e+00  0.000000000000000e+00  2.866130020560860e-01  3.159880231105764e-04 
 1.445439770745949e-01  1.000000000000000e+00  0.000000000000000e+00  2.866130053806870e-01  3.196469904517691e-04 
 1.462177174456740e-01  1.000000000000000e+00  0.000000000000000e+00  2.866130087827372e-01  3.233483265845199e-04 
 1.479108388168229e-01  1.000000000000000e+00  0.000000000000000e+00  2.866130122640271e-01  3.270925221144524e-04 
 1.496235656094456e-01  1.000000000000000e+00  0.000000000000000e+00  2.866130158263758e-01  3.308800733281022e-04 
 1.513561248436231e-01  1.000000000000000e+00  0.000000000000000e+00  2.866130194717442e-01  3.347114822585269e-04 
 1.531087461682053e-01  1.000000000000000e+00  0.000000000000000e+00  2.866130232020083e-01  3.385872567521457e-04 
 1.548816618912505e-01  1.000000000000000e+00  0.000000000000000e+00  2.866130270191434e-01  3.425079105357811e-04 
 1.566751070108173e-01  1.000000000000000e+00  0.000000000000000e+00  2.866130309251957e-01  3.464739632849037e-04 
 1.584893192461138e-01  1.000000000000000e+00  0.000000000000000e+00  2.866130349222544e-01  3.504859406924241e-04 
 1.603245390690066e-01  1.000000000000000e+00  0.000000000000000e+00  2.866130390124084e-01  3.545443745384606e-04 
 1.621810097358955e-01  1.000000000000000e+00  0.000000000000000e+00  2.866130431945351e-01  3.586498027624413e-04 
 1.640589773199564e-01  1.000000000000000e+00  0.000000000000000e+00  2.866130474774593e-01  3.628027695276361e-04 
 1.659586907437586e-01  1.000000000000000e+00  0.000000000000000e+00  2.866130518601295e-01  3.670038253034814e-04 
 1.678804018122586e-01  1.000000000000000e+00  0.000000000000000e+00  2.866130563448905e-01  3.712535269317321e-04 
 1.698243652461771e-01  1.000000000000000e+00  0.000000000000000e+00  2.866130609341013e-01  3.755524377019589e-04 
 1.717908387157615e-01  1.000000000000000e+00  0.000000000000000e+00  2.866130656302346e-01  3.799011274262512e-04 
 1.737800828749403e-01  1.000000000000000e+00  0.000000000000000e+00  2.866130704357204e-01  3.843001725146595e-04 
 1.757923613958720e-01  1.000000000000000e+00  0.000000000000000e+00  2.866130753531877e-01  3.887501560516783e-04 
 1.778279410038951e-01  1.000000000000000e+00  0.000000000000000e+00  2.866130803851803e-01  3.932516678734948e-04 
 1.798870915128817e-01  1.000000000000000e+00  0.000000000000000e+00  2.866130855343556e-01  3.978053046461548e-04 
 1.819700858610012e-01  1.000000000000000e+00  0.000000000000000e+00  2.866130908034847e-01  4.024116699446380e-04 
 1.840772001468985e-01  1.000000000000000e+00  0.000000000000000e+00  2.866130961953530e-01  4.070713743328744e-04 
 1.862087136662897e-01  1.000000000000000e+00  0.000000000000000e+00  2.866131017128026e-01  4.117850354447009e-04 
 1.883649089489831e-01  1.000000000000000e+00  0.000000000000000e+00  2.866131073587752e-01  4.165532780656136e-04 
 1.905460717963278e-01  1.000000000000000e+00  0.000000000000000e+00  2.866131131362550e-01  4.213767342157111e-04 
 1.927524913190967e-01  1.000000000000000e+00  0.000000000000000e+00  2.866131190483259e-01  4.262560432333869e-04 
 1.949844599758077e-01  1.000000000000000e+00  0.000000000000000e+00  2.866131250980999e-01  4.311918518600452e-04 
 1.972422736114886e-01  1.000000000000000e+00  0.000000000000000e+00  2.866131312888029e-01  4.361848143258984e-04 
 1.995262314968912e-01  1.000000000000000e+00  0.000000000000000e+00  2.866131376236893e-01  4.412355924365737e-04 
 2.018366363681594e-01  1.000000000000000e+00  0.000000000000000e+00  2.866131441061270e-01  4.463448556609696e-04 
 2.041737944669563e-01  1.000000000000000e+00  0.000000000000000e+00  2.866131507395835e-01  4.515132812198076e-04 
 2.065380155810564e-01  1.000000000000000e+00  0.000000000000000e+00  2.866131575275261e-01  4.567415541755630e-04 
 2.089296130854074e-01  1.000000000000000e+00  0.000000000000000e+00  2.866131644735930e-01  4.620303675230943e-04 
 2.113489039836682e-01  1.000000000000000e+00  0.000000000000000e+00  2.866131715814788e-01  4.673804222816469e-04 
 2.137962089502268e-01  1.000000000000000e+00  0.000000000000000e+00  2.866131788548927e-01  4.727924275877188e-04 
 2.162718523727057e-01  1.000000000000000e+00  0.000000000000000e+00  2.866131862977568e-01  4.782671007889060e-04 
 2.187761623949590e-01  1.000000000000000e+00  0.000000000000000e+00  2.866131939139365e-01  4.838051675392393e-04 
 2.213094709605676e-01  1.000000000000000e+00  0.000000000000000e+00  2.866132017075813e-01  4.894073618950343e-04 
 2.238721138568378e-01  1.000000000000000e+00  0.000000000000000e+00  2.866132096826988e-01  4.950744264125602e-04 
 2.264644307593099e-01  1.000000000000000e+00  0.000000000000000e+00  2.866132178436231e-01  5.008071122460853e-04 
 2.290867652767813e-01  1.000000000000000e+00  0.000000000000000e+00  2.866132261913776e-01  5.066061792500483e-04 
 2.317394649968519e-01  1.000000000000000e+00  0.000000000000000e+00  2.866132347368904e-01  5.124723960702634e-04 
 2.344228815319963e-01  1.000000000000000e+00  0.000000000000000e+00  2.866132434814972e-01  5.184065402598273e-04 
 2.371373705661697e-01  1.000000000000000e+00  0.000000000000000e+00  2.866132524297456e-01  5.244093983728709e-04 
 2.398832919019533e-01  1.000000000000000e+00  0.000000000000000e+00  2.866132615897214e-01  5.304817660686737e-04 
 2.426610095082458e-01  1.000000000000000e+00  0.000000000000000e+00  2.866132709564226e-01  5.366244482294026e-04 
 2.454708915685074e-01  1.000000000000000e+00  0.000000000000000e+00  2.866132805446568e-01  5.428382590421649e-04 
 2.483133105295615e-01  1.000000000000000e+00  0.000000000000000e+00  2.866132903562288e-01  5.491240221315598e-04 
 2.511886431509625e-01  1.000000000000000e+00  0.000000000000000e+00  2.866133003963540e-01  5.554825706564681e-04 
 2.540972705549351e-01  1.000000000000000e+00  0.000000000000000e+00  2.866133106703614e-01  5.619147474229871e-04 
 2.570395782768911e-01  1.000000000000000e+00  0.000000000000000e+00  2.866133211836370e-01  5.684214049961971e-04 
 2.600159563165320e-01  1.000000000000000e+00  0.000000000000000e+00  2.866133319418225e-01  5.750034058129226e-04 
 2.630267991895430e-01  1.000000000000000e+00  0.000000000000000e+00  2.866133429505879e-01  5.816616222963214e-04 
 2.660725059798859e-01  1.000000000000000e+00  0.000000000000000e+00  2.866133542157741e-01  5.883969369712402e-04 
 2.691534803926965e-01  1.000000000000000e+00  0.000000000000000e+00  2.866133657433636e-01  5.952102425814044e-04 
 2.722701308077963e-01  1.000000000000000e+00  0.000000000000000e+00  2.866133775394815e-01  6.021024422075568e-04 
 2.754228703338217e-01  1.000000000000000e+00  0.000000000000000e+00  2.866133896103662e-01  6.090744493872130e-04 
 2.786121168629822e-01  1.000000000000000e+00  0.000000000000000e+00  2.866134019623985e-01  6.161271882358136e-04 
 2.818382931264506e-01  1.000000000000000e+00  0.000000000000000e+00  2.866134146021437e-01  6.232615935689871e-04 
 2.851018267503962e-01  1.000000000000000e+00  0.000000000000000e+00  2.866134275362953e-01  6.304786110266730e-04 
 2.884031503126660e-01  1.000000000000000e+00  0.000000000000000e+00  2.866134407717738e-01  6.377791971981933e-04 
 2.917427014001222e-01  1.000000000000000e+00  0.000000000000000e+00  2.866134543155141e-01  6.451643197493508e-04 
 2.951209226666441e-01  1.000000000000000e+00  0.000000000000000e+00  2.866134681747070e-01  6.526349575503233e-04 
 2.985382618918016e-01  1.000000000000000e+00  0.000000000000000e+00  2.866134823567705e-01  6.601921008056159e-04 
 3.019951720402074e-01  1.000000000000000e+00  0.000000000000000e+00  2.866134968691085e-01  6.678367511852695e-04 
 3.054921113215572e-01  1.000000000000000e+00  0.000000000000000e+00  2.866135117195512e-01  6.755699219574012e-04 
 3.090295432513650e-01  1.000000000000000e+00  0.000000000000000e+00  2.866135269158860e-01  6.833926381228114e-04 
 3.126079367124016e-01  1.000000000000000e+00  0.000000000000000e+00  2.866135424661849e-01  6.913059365505586e-04 
 3.162277660168441e-01  1.000000000000000e+00  0.000000000000000e+00  2.866135583786615e-01  6.993108661154889e-04 
 3.198895109691461e-01  1.000000000000000e+00  0.000000000000000e+00  2.866135746617999e-01  7.074084878371637e-04 
 3.235936569296347e-01  1.000000000000000e+00  0.000000000000000e+00  2.866135913242545e-01  7.155998750205035e-04 
 3.273406948788447e-01  1.000000000000000e+00  0.000000000000000e+00  2.866136083748216e-01  7.238861133980505e-04 
 3.311311214825977e-01  1.000000000000000e+00  0.000000000000000e+00  2.866136258225112e-01  7.322683012738962e-04 
 3.349654391578343e-01  1.000000000000000e+00  0.000000000000000e+00  2.866136436766311e-01  7.407475496690110e-04 
 3.388441561392093e-01  1.000000000000000e+00  0.000000000000000e+00  2.866136619466033e-01  7.493249824686965e-04 
 3.427677865464572e-01  1.000000000000000e+00  0.000000000000000e+00  2.866136806421622e-01  7.580017365714086e-04 
 3.467368504525386e-01  1.000000000000000e+00  0.000000000000000e+00  2.866136997732269e-01  7.667789620394457e-04 
 3.507518739525751e-01  1.000000000000000e+00  0.000000000000000e+00  2.866137193433076e-01  7.756578222587308e-04 
 3.548133892335826e-01  1.000000000000000e+00  0.000000000000000e+00  2.866137393792201e-01  7.846394940600825e-04 
 3.589219346450125e-01  1.000000000000000e+00  0.000000000000000e+00  2.866137598784775e-01  7.937251679332487e-04 
 3.630780547701087e-01  1.000000000000000e+00  0.000000000000000e+00  2.866137808519937e-01  8.029160481378131e-04 
 3.672823004980922e-01  1.000000000000000e+00  0.000000000000000e+00  2.866138023173477e-01  8.122133528695269e-04 
 3.715352290971802e-01  1.000000000000000e+00  0.000000000000000e+00  2.866138242859364e-01  8.216183144364712e-04 
 3.758374042884519e-01  1.000000000000000e+00  0.000000000000000e+00  2.866138467629185e-01  8.311321794229041e-04 
 3.801893963205691e-01  1.000000000000000e+00  0.000000000000000e+00  2.866138697602310e-01  8.407562088392529e-04 
 3.845917820453616e-01  1.000000000000000e+00  0.000000000000000e+00  2.866138932965328e-01  8.504916782886449e-04 
 3.890451449942888e-01  1.000000000000000e+00  0.000000000000000e+00  2.866139173843152e-01  8.603398781516573e-04 
 3.935500754557857e-01  1.000000000000000e+00  0.000000000000000e+00  2.866139420265768e-01  8.703021137616716e-04 
 3.981071705535056e-01  1.000000000000000e+00  0.000000000000000e+00  2.866139672461543e-01  8.803797055417168e-04 
 4.027170343254676e-01  1.000000000000000e+00  0.000000000000000e+00  2.866139930564202e-01  8.905739892153583e-04 
 4.073802778041214e-01  1.000000000000000e+00  0.000000000000000e+00  2.866140194613109e-01  9.008863159842632e-04 
 4.120975190973390e-01  1.000000000000000e+00  0.000000000000000e+00  2.866140464845728e-01  9.113180526700037e-04 
 4.168693834703443e-01  1.000000000000000e+00  0.000000000000000e+00  2.866140741340644e-01  9.218705819406364e-04 
 4.216965034285913e-01  1.000000000000000e+00  0.000000000000000e+00  2.866141024341431e-01  9.325453024521326e-04 
 4.265795188016018e-01  1.000000000000000e+00  0.000000000000000e+00  2.866141313901096e-01  9.433436290802164e-04 
 4.315190768277745e-01  1.000000000000000e+00  0.000000000000000e+00  2.866141610172548e-01  9.542669930698396e-04 
 4.365158322401754e-01  1.000000000000000e+00  0.000000000000000e+00  2.866141913411013e-01  9.653168422238234e-04 
 4.415704473533221e-01  1.000000000000000e+00  0.000000000000000e+00  2.866142223646904e-01  9.764946411393317e-04 
 4.466835921509728e-01  1.000000000000000e+00  0.000000000000000e+00  2.866142541174952e-01  9.878018713350178e-04 
 4.518559443749322e-01  1.000000000000000e+00  0.000000000000000e+00  2.866142866066070e-01  9.992400315145910e-04 
 4.570881896148850e-01  1.000000000000000e+00  0.000000000000000e+00  2.866143198491642e-01  1.010810637720775e-03 
 4.623810213992704e-01  1.000000000000000e+00  0.000000000000000e+00  2.866143538726931e-01  1.022515223534514e-03 
 4.677351412872084e-01  1.000000000000000e+00  0.000000000000000e+00  2.866143886821106e-01  1.034355340326481e-03 
 4.731512589614909e-01  1.000000000000000e+00  0.000000000000000e+00  2.866144243056823e-01  1.046332557395542e-03 
 4.786300923226489e-01  1.000000000000000e+00  0.000000000000000e+00  2.866144607590257e-01  1.058448462229311e-03 
 4.841723675841101e-01  1.000000000000000e+00  0.000000000000000e+00  2.866144980614962e-01  1.070704660690727e-03 
 4.897788193684571e-01  1.000000000000000e+00  0.000000000000000e+00  2.866145362295640e-01  1.083102777240241e-03 
 4.954501908048012e-01  1.000000000000000e+00  0.000000000000000e+00  2.866145752932425e-01  1.095644455126241e-03 
 5.011872336272835e-01  1.000000000000000e+00  0.000000000000000e+00  2.866146152602624e-01  1.108331356658052e-03 
 5.069907082747157e-01  1.000000000000000e+00  0.000000000000000e+00  2.866146561648293e-01  1.121165163350020e-03 
 5.128613839913764e-01  1.000000000000000e+00  0.000000000000000e+00  2.866146980155833e-01  1.134147576226444e-03 
 5.188000389289728e-01  1.000000000000000e+00  0.000000000000000e+00  2.866147408444988e-01  1.147280315969026e-03 
 5.248074602497844e-01  1.000000000000000e+00  0.000000000000000e+00  2.866147846710163e-01  1.160565123202450e-03 
 5.308844442310003e-01  1.000000000000000e+00  0.000000000000000e+00  2.866148295183848e-01  1.174003758698390e-03 
 5.370317963702649e-01  1.000000000000000e+00  0.000000000000000e+00  2.866148754103648e-01  1.187598003614517e-03 
 5.432503314924455e-01  1.000000000000000e+00  0.000000000000000e+00  2.866149223713137e-01  1.201349659729951e-03 
 5.495408738576371e-01  1.000000000000000e+00  0.000000000000000e+00  2.866149704228320e-01  1.215260549689951e-03 
 5.559042572704163e-01  1.000000000000000e+00  0.000000000000000e+00  2.866150196002479e-01  1.229332517218893e-03 
 5.623413251903620e-01  1.000000000000000e+00  0.000000000000000e+00  2.866150699132675e-01  1.243567427432707e-03 
 5.688529308438545e-01  1.000000000000000e+00  0.000000000000000e+00  2.866151214048926e-01  1.257967166983140e-03 
 5.754399373371701e-01  1.000000000000000e+00  0.000000000000000e+00  2.866151740958855e-01  1.272533644405145e-03 
 5.821032177708848e-01  1.000000000000000e+00  0.000000000000000e+00  2.866152280142131e-01  1.287268790317842e-03 
 5.888436553556026e-01  1.000000000000000e+00  0.000000000000000e+00  2.866152831884676e-01  1.302174557691971e-03 
 5.956621435290242e-01  1.000000000000000e+00  0.000000000000000e+00  2.866153396478524e-01  1.317252922108435e-03 
 6.025595860743718e-01  1.000000000000000e+00  0.000000000000000e+00  2.866153974223380e-01  1.332505882019922e-03 
 6.095368972401833e-01  1.000000000000000e+00  0.000000000000000e+00  2.866154565425916e-01  1.347935459015699e-03 
 6.165950018614965e-01  1.000000000000000e+00  0.000000000000000e+00  2.866155170399196e-01  1.363543698089232e-03 
 6.237348354824338e-01  1.000000000000000e+00  0.000000000000000e+00  2.866155789431133e-01  1.379332667915804e-03 
 6.309573444802080e-01  1.000000000000000e+00  0.000000000000000e+00  2.866156422915651e-01  1.395304461100261e-03 
 6.382634861905636e-01  1.000000000000000e+00  0.000000000000000e+00  2.866157071155584e-01  1.411461194493099e-03 
 6.456542290346706e-01  1.000000000000000e+00  0.000000000000000e+00  2.866157734462433e-01  1.427805009451521e-03 
 6.531305526474876e-01  1.000000000000000e+00  0.000000000000000e+00  2.866158413252720e-01  1.444338072103223e-03 
 6.606934480076115e-01  1.000000000000000e+00  0.000000000000000e+00  2.866159107821318e-01  1.461062573679394e-03 
 6.683439175686303e-01  1.000000000000000e+00  0.000000000000000e+00  2.866159818602085e-01  1.477980730751681e-03 
 6.760829753919977e-01  1.000000000000000e+00  0.000000000000000e+00  2.866160545938499e-01  1.495094785572652e-03 
 6.839116472814455e-01  1.000000000000000e+00  0.000000000000000e+00  2.866161290216667e-01  1.512407006345908e-03 
 6.918309709189528e-01  1.000000000000000e+00  0.000000000000000e+00  2.866162051831509e-01  1.529919687532997e-03 
 6.998419960022901e-01  1.000000000000000e+00  0.000000000000000e+00  2.866162831186188e-01  1.547635150157425e-03 
 7.079457843841548e-01  1.000000000000000e+00  0.000000000000000e+00  2.866163628693954e-01  1.565555742111973e-03 
 7.161434102129192e-01  1.000000000000000e+00  0.000000000000000e+00  2.866164444745465e-01  1.583683838476614e-03 
 7.244359600750074e-01  1.000000000000000e+00  0.000000000000000e+00  2.866165279838526e-01  1.602021841804155e-03 
 7.328245331389217e-01  1.000000000000000e+00  0.000000000000000e+00  2.866166134383263e-01  1.620572182481709e-03 
 7.413102413009354e-01  1.000000000000000e+00  0.000000000000000e+00  2.866167008832292e-01  1.639337319024027e-03 
 7.498942093324740e-01  1.000000000000000e+00  0.000000000000000e+00  2.866167903617196e-01  1.658319738412981e-03 
 7.585775750292022e-01  1.000000000000000e+00  0.000000000000000e+00  2.866168819277704e-01  1.677521956396888e-03 
 7.673614893618377e-01  1.000000000000000e+00  0.000000000000000e+00  2.866169756266004e-01  1.696946517869399e-03 
 7.762471166287107e-01  1.000000000000000e+00  0.000000000000000e+00  2.866170715112020e-01  1.716595997167573e-03 
 7.852356346100910e-01  1.000000000000000e+00  0.000000000000000e+00  2.866171696161501e-01  1.736472998476510e-03 
 7.943282347243010e-01  1.000000000000000e+00  0.000000000000000e+00  2.866172700194624e-01  1.756580156021825e-03 
 8.035261221856370e-01  1.000000000000000e+00  0.000000000000000e+00  2.866173727548328e-01  1.776920134635247e-03 
 8.128305161641193e-01  1.000000000000000e+00  0.000000000000000e+00  2.866174778865371e-01  1.797495629921545e-03 
 8.222426499470915e-01  1.000000000000000e+00  0.000000000000000e+00  2.866175854670132e-01  1.818309368721302e-03 
 8.317637711026916e-01  1.000000000000000e+00  0.000000000000000e+00  2.866176955533603e-01  1.839364109430860e-03 
 8.413951416452160e-01  1.000000000000000e+00  0.000000000000000e+00  2.866178082038857e-01  1.860662642375332e-03 
 8.511380382023976e-01  1.000000000000000e+00  0.000000000000000e+00  2.866179234750774e-01  1.882207790187188e-03 
 8.609937521846222e-01  1.000000000000000e+00  0.000000000000000e+00  2.866180414313390e-01  1.904002408153204e-03 
 8.709635899561025e-01  1.000000000000000e+00  0.000000000000000e+00  2.866181621417211e-01  1.926049384600664e-03 
 8.810488730080362e-01  1.000000000000000e+00  0.000000000000000e+00  2.866182856571555e-01  1.948351641342572e-03 
 8.912509381337680e-01  1.000000000000000e+00  0.000000000000000e+00  2.866184120496626e-01  1.970912133957018e-03 
 9.015711376059796e-01  1.000000000000000e+00  0.000000000000000e+00  2.866185413895152e-01  1.993733852240284e-03 
 9.120108393559329e-01  1.000000000000000e+00  0.000000000000000e+00  2.866186737387863e-01  2.016819820621861e-03 
 9.225714271547866e-01  1.000000000000000e+00  0.000000000000000e+00  2.866188091741292e-01  2.040173098499712e-03 
 9.332543007970148e-01  1.000000000000000e+00  0.000000000000000e+00  2.866189477641114e-01  2.063796780710185e-03 
 9.440608762859475e-01  1.000000000000000e+00  0.000000000000000e+00  2.866190895757227e-01  2.087693997919301e-03 
 9.549925860214604e-01  1.000000000000000e+00  0.000000000000000e+00  2.866192346971132e-01  2.111867916969462e-03 
 9.660508789898382e-01  1.000000000000000e+00  0.000000000000000e+00  2.866193831987970e-01  2.136321741413720e-03 
 9.772372209558359e-01  1.000000000000000e+00  0.000000000000000e+00  2.866195351594313e-01  2.161058711862686e-03 
 9.885530946569644e-01  1.000000000000000e+00  0.000000000000000e+00  2.866196906563942e-01  2.186082106442811e-03 
 1.000000000000026e+00  1.000000000000000e+00  0.000000000000000e+00  2.866198497785603e-01  2.211395241189023e-03 
 1.011579454259925e+00  1.000000000000000e+00  0.000000000000000e+00  2.866200126071305e-01  2.237001470544447e-03 
 1.023292992280781e+00  1.000000000000000e+00  0.000000000000000e+00  2.866201792250961e-01  2.262904187774043e-03 
 1.035142166679371e+00  1.000000000000000e+00  0.000000000000000e+00  2.866203497273858e-01  2.289106825381439e-03 
 1.047128548050927e+00  1.000000000000000e+00  0.000000000000000e+00  2.866205241945465e-01  2.315612855647661e-03 
 1.059253725177317e+00  1.000000000000000e+00  0.000000000000000e+00  2.866207027321365e-01  2.342425790961839e-03 
 1.071519305237635e+00  1.000000000000000e+00  0.000000000000000e+00  2.866208854283342e-01  2.369549184425197e-03 
 1.083926914021232e+00  1.000000000000000e+00  0.000000000000000e+00  2.866210723767181e-01  2.396986630246518e-03 
 1.096478196143214e+00  1.000000000000000e+00  0.000000000000000e+00  2.866212636763663e-01  2.424741764217175e-03 
 1.109174815262431e+00  1.000000000000000e+00  0.000000000000000e+00  2.866214594418039e-01  2.452818264155715e-03 
 1.122018454301993e+00  1.000000000000000e+00  0.000000000000000e+00  2.866216597604562e-01  2.481219850542790e-03 
 1.135010815672345e+00  1.000000000000000e+00  0.000000000000000e+00  2.866218647451574e-01  2.509950286831488e-03 
 1.148153621496913e+00  1.000000000000000e+00  0.000000000000000e+00  2.866220745044785e-01  2.539013380047091e-03 
 1.161448613840374e+00  1.000000000000000e+00  0.000000000000000e+00  2.866222891529162e-01  2.568412981254748e-03 
 1.174897554939561e+00  1.000000000000000e+00  0.000000000000000e+00  2.866225087978051e-01  2.598152986117068e-03 
 1.188502227437050e+00  1.000000000000000e+00  0.000000000000000e+00  2.866227335587865e-01  2.628237335337661e-03 
 1.202264434617445e+00  1.000000000000000e+00  0.000000000000000e+00  2.866229635582868e-01  2.658670015216390e-03 
 1.216186000646401e+00  1.000000000000000e+00  0.000000000000000e+00  2.866231989117693e-01  2.689455058214179e-03 
 1.230268770812415e+00  1.000000000000000e+00  0.000000000000000e+00  2.866234397472595e-01  2.720596543411610e-03 
 1.244514611771419e+00  1.000000000000000e+00  0.000000000000000e+00  2.866236861924420e-01  2.752098597097461e-03 
 1.258925411794201e+00  1.000000000000000e+00  0.000000000000000e+00  2.866239383811830e-01  2.783965393288663e-03 
 1.273503081016697e+00  1.000000000000000e+00  0.000000000000000e+00  2.866241964407407e-01  2.816201154332656e-03 
 1.288249551693169e+00  1.000000000000000e+00  0.000000000000000e+00  2.866244605079089e-01  2.848810151402097e-03 
 1.303166778452335e+00  1.000000000000000e+00  0.000000000000000e+00  2.866247307324130e-01  2.881796705043840e-03 
 1.318256738556443e+00  1.000000000000000e+00  0.000000000000000e+00  2.866250072478209e-01  2.915165185868717e-03 
 1.333521432163361e+00  1.000000000000000e+00  0.000000000000000e+00  2.866252902071835e-01  2.948920014983323e-03 
 1.348962882591691e+00  1.000000000000000e+00  0.000000000000000e+00  2.866255797540304e-01  2.983065664694459e-03 
 1.364583136588962e+00  1.000000000000000e+00  0.000000000000000e+00  2.866258760418673e-01  3.017606659018713e-03 
 1.380384264602923e+00  1.000000000000000e+00  0.000000000000000e+00  2.866261792342611e-01  3.052547574278216e-03 
 1.396368361055977e+00  1.000000000000000e+00  0.000000000000000e+00  2.866264894886966e-01  3.087893039774829e-03 
 1.412537544622794e+00  1.000000000000000e+00  0.000000000000000e+00  2.866268069697496e-01  3.123647738345369e-03 
 1.428893958511143e+00  1.000000000000000e+00  0.000000000000000e+00  2.866271318456340e-01  3.159816406994664e-03 
 1.445439770745968e+00  1.000000000000000e+00  0.000000000000000e+00  2.866274642918255e-01  3.196403837504768e-03 
 1.462177174456759e+00  1.000000000000000e+00  0.000000000000000e+00  2.866278044748752e-01  3.233414877141916e-03 
 1.479108388168249e+00  1.000000000000000e+00  0.000000000000000e+00  2.866281525849387e-01  3.270854429147724e-03 
 1.496235656094476e+00  1.000000000000000e+00  0.000000000000000e+00  2.866285088031332e-01  3.308727453535484e-03 
 1.513561248436251e+00  1.000000000000000e+00  0.000000000000000e+00  2.866288733184773e-01  3.347038967668256e-03 
 1.531087461682074e+00  1.000000000000000e+00  0.000000000000000e+00  2.866292463241534e-01  3.385794046937520e-03 
 1.548816618912526e+00  1.000000000000000e+00  0.000000000000000e+00  2.866296280146229e-01  3.424997825447968e-03 
 1.566751070108194e+00  1.000000000000000e+00  0.000000000000000e+00  2.866300185988137e-01  3.464655496630165e-03 
 1.584893192461159e+00  1.000000000000000e+00  0.000000000000000e+00  2.866304182804952e-01  3.504772314022078e-03 
 1.603245390690088e+00  1.000000000000000e+00  0.000000000000000e+00  2.866308272715655e-01  3.545353591897462e-03 
 1.621810097358977e+00  1.000000000000000e+00  0.000000000000000e+00  2.866312457855428e-01  3.586404705999034e-03 
 1.640589773199587e+00  1.000000000000000e+00  0.000000000000000e+00  2.866316740541776e-01  3.627931094163732e-03 
 1.659586907437609e+00  1.000000000000000e+00  0.000000000000000e+00  2.866321122913574e-01  3.669938257224367e-03 
 1.678804018122609e+00  1.000000000000000e+00  0.000000000000000e+00  2.866325607327836e-01  3.712431759532064e-03 
 1.698243652461794e+00  1.000000000000000e+00  0.000000000000000e+00  2.866330196291073e-01  3.755417229721614e-03 
 1.717908387157638e+00  1.000000000000000e+00  0.000000000000000e+00  2.866334892073609e-01  3.798900361660812e-03 
 1.737800828749426e+00  1.000000000000000e+00  0.000000000000000e+00  2.866339697230272e-01  3.842886914924054e-03 
 1.757923613958744e+00  1.000000000000000e+00  0.000000000000000e+00  2.866344614373018e-01  3.887382715670548e-03 
 1.778279410038975e+00  1.000000000000000e+00  0.000000000000000e+00  2.866349645978373e-01  3.932393657520827e-03 
 1.798870915128841e+00  1.000000000000000e+00  0.000000000000000e+00  2.866354794778941e-01  3.977925702117253e-03 
 1.819700858610037e+00  1.000000000000000e+00  0.000000000000000e+00  2.866360063536602e-01  4.023984880033991e-03 
 1.840772001469010e+00  1.000000000000000e+00  0.000000000000000e+00  2.866365454947014e-01  4.070577291627942e-03 
 1.862087136662923e+00  1.000000000000000e+00  0.000000000000000e+00  2.866370972030834e-01  4.117709107616632e-03 
 1.883649089489857e+00  1.000000000000000e+00  0.000000000000000e+00  2.866376617517544e-01  4.165386570249535e-03 
 1.905460717963304e+00  1.000000000000000e+00  0.000000000000000e+00  2.866382394529692e-01  4.213615993729878e-03 
 1.927524913190994e+00  1.000000000000000e+00  0.000000000000000e+00  2.866388306097461e-01  4.262403765331357e-03 
 1.949844599758104e+00  1.000000000000000e+00  0.000000000000000e+00  2.866394355354343e-01  4.311756346123463e-03 
 1.972422736114913e+00  1.000000000000000e+00  0.000000000000000e+00  2.866400545507302e-01  4.361680271840774e-03 
 1.995262314968940e+00  1.000000000000000e+00  0.000000000000000e+00  2.866406879837767e-01  4.412182153741173e-03 
 2.018366363681622e+00  1.000000000000000e+00  0.000000000000000e+00  2.866413361703193e-01  4.463268679476108e-03 
 2.041737944669591e+00  1.000000000000000e+00  0.000000000000000e+00  2.866419994540051e-01  4.514946613968543e-03 
 2.065380155810592e+00  1.000000000000000e+00  0.000000000000000e+00  2.866426781863536e-01  4.567222800302536e-03 
 2.089296130854103e+00  1.000000000000000e+00  0.000000000000000e+00  2.866433727239579e-01  4.620104160643432e-03 
 2.113489039836711e+00  1.000000000000000e+00  0.000000000000000e+00  2.866440834414872e-01  4.673597697060613e-03 
 2.137962089502297e+00  1.000000000000000e+00  0.000000000000000e+00  2.866448107124027e-01  4.727710492576129e-03 
 2.162718523727087e+00  1.000000000000000e+00  0.000000000000000e+00  2.866455549189906e-01  4.782449712032025e-03 
 2.187761623949620e+00  1.000000000000000e+00  0.000000000000000e+00  2.866463164654360e-01  4.837822602938982e-03 
 2.213094709605706e+00  1.000000000000000e+00  0.000000000000000e+00  2.866470957424381e-01  4.893836496674255e-03 
 2.238721138568408e+00  1.000000000000000e+00  0.000000000000000e+00  2.866478931696006e-01  4.950498809152533e-03 
 2.264644307593129e+00  1.000000000000000e+00  0.000000000000000e+00  2.866487091695402e-01  5.007817041977369e-03 
 2.290867652767844e+00  1.000000000000000e+00  0.000000000000000e+00  2.866495441780612e-01  5.065798783356630e-03 
 2.317394649968550e+00  1.000000000000000e+00  0.000000000000000e+00  2.866503986345632e-01  5.124451709166917e-03 
 2.344228815319995e+00  1.000000000000000e+00  0.000000000000000e+00  2.866512729853380e-01  5.183783583940360e-03 
 2.371373705661729e+00  1.000000000000000e+00  0.000000000000000e+00  2.866521677036641e-01  5.243802261733987e-03 
 2.398832919019565e+00  1.000000000000000e+00  0.000000000000000e+00  2.866530832638003e-01  5.304515687350838e-03 
 2.426610095082491e+00  1.000000000000000e+00  0.000000000000000e+00  2.866540201412275e-01  5.365931897384826e-03 
 2.454708915685107e+00  1.000000000000000e+00  0.000000000000000e+00  2.866549788455185e-01  5.428059021023605e-03 
 2.483133105295648e+00  1.000000000000000e+00  0.000000000000000e+00  2.866559598783451e-01  5.490905281434462e-03 
 2.511886431509659e+00  1.000000000000000e+00  0.000000000000000e+00  2.866569637531737e-01  5.554478996695872e-03 
 2.540972705549385e+00  1.000000000000000e+00  0.000000000000000e+00  2.866579910085389e-01  5.618788580778048e-03 
 2.570395782768945e+00  1.000000000000000e+00  0.000000000000000e+00  2.866590421954808e-01  5.683842544745481e-03 
 2.600159563165354e+00  1.000000000000000e+00  0.000000000000000e+00  2.866601178548219e-01  5.749649498056003e-03 
 2.630267991895465e+00  1.000000000000000e+00  0.000000000000000e+00  2.866612185761991e-01  5.816218149208668e-03 
 2.660725059798894e+00  1.000000000000000e+00  0.000000000000000e+00  2.866623449267390e-01  5.883557307467044e-03 
 2.691534803927001e+00  1.000000000000000e+00  0.000000000000000e+00  2.866634975098773e-01  5.951675883529268e-03 
 2.722701308077999e+00  1.000000000000000e+00  0.000000000000000e+00  2.866646769397644e-01  6.020582890902653e-03 
 2.754228703338254e+00  1.000000000000000e+00  0.000000000000000e+00  2.866658838316735e-01  6.090287447168946e-03 
 2.786121168629859e+00  1.000000000000000e+00  0.000000000000000e+00  2.866671188350406e-01  6.160798774890182e-03 
 2.818382931264544e+00  1.000000000000000e+00  0.000000000000000e+00  2.866683826011634e-01  6.232126203094527e-03 
 2.851018267504001e+00  1.000000000000000e+00  0.000000000000000e+00  2.866696758029970e-01  6.304279168321505e-03 
 2.884031503126699e+00  1.000000000000000e+00  0.000000000000000e+00  2.866709991161396e-01  6.377267216026529e-03 
 2.917427014001261e+00  1.000000000000000e+00  0.000000000000000e+00  2.866723532483629e-01  6.451100001561219e-03 
 2.951209226666481e+00  1.000000000000000e+00  0.000000000000000e+00  2.866737389206118e-01  6.525787291602510e-03 
 2.985382618918056e+00  1.000000000000000e+00  0.000000000000000e+00  2.866751568639213e-01  6.601338965458239e-03 
 3.019951720402114e+00  1.000000000000000e+00  0.000000000000000e+00  2.866766078264784e-01  6.677765016292431e-03 
 3.054921113215613e+00  1.000000000000000e+00  0.000000000000000e+00  2.866780925804302e-01  6.755075552361794e-03 
 3.090295432513691e+00  1.000000000000000e+00  0.000000000000000e+00  2.866796119126316e-01  6.833280798421478e-03 
 3.126079367124057e+00  1.000000000000000e+00  0.000000000000000e+00  2.866811666314102e-01  6.912391096991025e-03 
 3.162277660168483e+00  1.000000000000000e+00  0.000000000000000e+00  2.866827575508490e-01  6.992416909858134e-03 
 3.198895109691503e+00  1.000000000000000e+00  0.000000000000000e+00  2.866843855238694e-01  7.073368819113241e-03 
 3.235936569296389e+00  1.000000000000000e+00  0.000000000000000e+00  2.866860514096596e-01  7.155257528847526e-03 
 3.273406948788490e+00  1.000000000000000e+00  0.000000000000000e+00  2.866877560878999e-01  7.238093866408285e-03 
 3.311311214826020e+00  1.000000000000000e+00  0.000000000000000e+00  2.866895004650440e-01  7.321888783738350e-03 
 3.349654391578388e+00  1.000000000000000e+00  0.000000000000000e+00  2.866912854686627e-01  7.406653358857779e-03 
 3.388441561392138e+00  1.000000000000000e+00  0.000000000000000e+00  2.866931120380224e-01  7.492398797402257e-03 
 3.427677865464617e+00  1.000000000000000e+00  0.000000000000000e+00  2.866949811475189e-01  7.579136433831948e-03 
 3.467368504525432e+00  1.000000000000000e+00  0.000000000000000e+00  2.866968937809128e-01  7.666877733175192e-03 
 3.507518739525797e+00  1.000000000000000e+00  0.000000000000000e+00  2.866988509516512e-01  7.755634292300096e-03 
 3.548133892335873e+00  1.000000000000000e+00  0.000000000000000e+00  2.867008537032086e-01  7.845417841409767e-03 
 3.589219346450172e+00  1.000000000000000e+00  0.000000000000000e+00  2.867029030901727e-01  7.936240245772226e-03 
 3.630780547701135e+00  1.000000000000000e+00  0.000000000000000e+00  2.867050002015639e-01  8.028113506998794e-03 
 3.672823004980970e+00  1.000000000000000e+00  0.000000000000000e+00  2.867071461517406e-01  8.121049764697488e-03 
 3.715352290971850e+00  1.000000000000000e+00  0.000000000000000e+00  2.867093420710909e-01  8.215061298151275e-03 
 3.758374042884568e+00  1.000000000000000e+00  0.000000000000000e+00  2.867115891229439e-01  8.310160527712889e-03 
 3.801893963205740e+00  1.000000000000000e+00  0.000000000000000e+00  2.867138885042941e-01  8.406360016396551e-03 
 3.845917820453665e+00  1.000000000000000e+00  0.000000000000000e+00  2.867162414332960e-01  8.503672471648020e-03 
 3.890451449942937e+00  1.000000000000000e+00  0.000000000000000e+00  2.867186491432954e-01  8.602110747061820e-03 
 3.935500754557907e+00  1.000000000000000e+00  0.000000000000000e+00  2.867211129228757e-01  8.701687843552753e-03 
 3.981071705535107e+00  1.000000000000000e+00  0.000000000000000e+00  2.867236340705965e-01  8.802416911578926e-03 
 4.027170343254728e+00  1.000000000000000e+00  0.000000000000000e+00  2.867262139318136e-01  8.904311252385933e-03 
 4.073802778041266e+00  1.000000000000000e+00  0.000000000000000e+00  2.867288538632656e-01  9.007384320159984e-03 
 4.120975190973442e+00  1.000000000000000e+00  0.000000000000000e+00  2.867315552633719e-01  9.111649723378962e-03 
 4.168693834703496e+00  1.000000000000000e+00  0.000000000000000e+00  2.867343195662208e-01  9.217121226635447e-03 
 4.216965034285966e+00  1.000000000000000e+00  0.000000000000000e+00  2.867371482360417e-01  9.323812752474245e-03 
 4.265795188016072e+00  1.000000000000000e+00  0.000000000000000e+00  2.867400427710143e-01  9.431738383133367e-03 
 4.315190768277799e+00  1.000000000000000e+00  0.000000000000000e+00  2.867430047042481e-01  9.540912362333677e-03 
 4.365158322401808e+00  1.000000000000000e+00  0.000000000000000e+00  2.867460356012392e-01  9.651349097142057e-03 
 4.415704473533276e+00  1.000000000000000e+00  0.000000000000000e+00  2.867491370704718e-01  9.763063159670699e-03 
 4.466835921509784e+00  1.000000000000000e+00  0.000000000000000e+00  2.867523107544789e-01  9.876069289061602e-03 
 4.518559443749378e+00  1.000000000000000e+00  0.000000000000000e+00  2.867555583339926e-01  9.990382393317294e-03 
 4.570881896148907e+00  1.000000000000000e+00  0.000000000000000e+00  2.867588815256700e-01  1.010601755123445e-02 
 4.623810213992762e+00  1.000000000000000e+00  0.000000000000000e+00  2.867622820925523e-01  1.022299001418138e-02 
 4.677351412872143e+00  1.000000000000000e+00  0.000000000000000e+00  2.867657618386791e-01  1.034131520811595e-02 
 4.731512589614969e+00  1.000000000000000e+00  0.000000000000000e+00  2.867693225968954e-01  1.046100873573182e-02 
 4.786300923226550e+00  1.000000000000000e+00  0.000000000000000e+00  2.867729662592201e-01  1.058208637799944e-02 
 4.841723675841163e+00  1.000000000000000e+00  0.000000000000000e+00  2.867766947549331e-01  1.070456409649179e-02 
 4.897788193684633e+00  1.000000000000000e+00  0.000000000000000e+00  2.867805100614891e-01  1.082845803524799e-02 
 4.954501908048075e+00  1.000000000000000e+00  0.000000000000000e+00  2.867844141891698e-01  1.095378452306259e-02 
 5.011872336272899e+00  1.000000000000000e+00  0.000000000000000e+00  2.867884092115235e-01  1.108056007508162e-02 
 5.069907082747222e+00  1.000000000000000e+00  0.000000000000000e+00  2.867924972436515e-01  1.120880139522983e-02 
 5.128613839913830e+00  1.000000000000000e+00  0.000000000000000e+00  2.867966804465413e-01  1.133852537825918e-02 
 5.188000389289795e+00  1.000000000000000e+00  0.000000000000000e+00  2.868009610412502e-01  1.146974911165152e-02 
 5.248074602497912e+00  1.000000000000000e+00  0.000000000000000e+00  2.868053412873040e-01  1.160248987812934e-02 
 5.308844442310072e+00  1.000000000000000e+00  0.000000000000000e+00  2.868098235066570e-01  1.173676515743944e-02 
 5.370317963702719e+00  1.000000000000000e+00  0.000000000000000e+00  2.868144100686281e-01  1.187259262880375e-02 
 5.432503314924526e+00  1.000000000000000e+00  0.000000000000000e+00  2.868191034042114e-01  1.200999017290326e-02 
 5.495408738576442e+00  1.000000000000000e+00  0.000000000000000e+00  2.868239059975636e-01  1.214897587426210e-02 
 5.559042572704235e+00  1.000000000000000e+00  0.000000000000000e+00  2.868288203905521e-01  1.228956802344366e-02 
 5.623413251903693e+00  1.000000000000000e+00  0.000000000000000e+00  2.868338491775816e-01  1.243178511943077e-02 
 5.688529308438619e+00  1.000000000000000e+00  0.000000000000000e+00  2.868389950297242e-01  1.257564587151407e-02 
 5.754399373371777e+00  1.000000000000000e+00  0.000000000000000e+00  2.868442606637685e-01  1.272116920217542e-02 
 5.821032177708925e+00  1.000000000000000e+00  0.000000000000000e+00  2.868496488693764e-01  1.286837424896448e-02 
 5.888436553556103e+00  1.000000000000000e+00  0.000000000000000e+00  2.868551624977853e-01  1.301728036708530e-02 
 5.956621435290320e+00  1.000000000000000e+00  0.000000000000000e+00  2.868608044630731e-01  1.316790713178049e-02 
 6.025595860743796e+00  1.000000000000000e+00  0.000000000000000e+00  2.868665777504998e-01  1.332027434060858e-02 
 6.095368972401913e+00  1.000000000000000e+00  0.000000000000000e+00  2.868724854178151e-01  1.347440201586919e-02 
 6.165950018615046e+00  1.000000000000000e+00  0.000000000000000e+00  2.868785305905260e-01  1.363031040717112e-02 
 6.237348354824420e+00  1.000000000000000e+00  0.000000000000000e+00  2.868847164600918e-01  1.378801999397248e-02 
 6.309573444802163e+00  1.000000000000000e+00  0.000000000000000e+00  2.868910463118918e-01  1.394755148756091e-02 
 6.382634861905720e+00  1.000000000000000e+00  0.000000000000000e+00  2.868975234844394e-01  1.410892583439811e-02 
 6.456542290346791e+00  1.000000000000000e+00  0.000000000000000e+00  2.869041514005043e-01  1.427216421809394e-02 
 6.531305526474962e+00  1.000000000000000e+00  0.000000000000000e+00  2.869109335754113e-01  1.443728806182054e-02 
 6.606934480076202e+00  1.000000000000000e+00  0.000000000000000e+00  2.869178735863593e-01  1.460431903156747e-02 
 6.683439175686391e+00  1.000000000000000e+00  0.000000000000000e+00  2.869249751100519e-01  1.477327903801208e-02 
 6.760829753920065e+00  1.000000000000000e+00  0.000000000000000e+00  2.869322419019064e-01  1.494419023962507e-02 
 6.839116472814544e+00  1.000000000000000e+00  0.000000000000000e+00  2.869396778044525e-01  1.511707504518881e-02 
 6.918309709189619e+00  1.000000000000000e+00  0.000000000000000e+00  2.869472867461815e-01  1.529195611654738e-02 
 6.998419960022992e+00  1.000000000000000e+00  0.000000000000000e+00  2.869550727500871e-01  1.546885637117046e-02 
 7.079457843841640e+00  1.000000000000000e+00  0.000000000000000e+00  2.869630399324853e-01  1.564779898494776e-02 
 7.161434102129284e+00  1.000000000000000e+00  0.000000000000000e+00  2.869711925116410e-01  1.582880739478902e-02 
 7.244359600750168e+00  1.000000000000000e+00  0.000000000000000e+00  2.869795347840783e-01  1.601190530198358e-02 
 7.328245331389311e+00  1.000000000000000e+00  0.000000000000000e+00  2.869880711723003e-01  1.619711667396866e-02 
 7.413102413009449e+00  1.000000000000000e+00  0.000000000000000e+00  2.869968061848144e-01  1.638446574810158e-02 
 7.498942093324836e+00  1.000000000000000e+00  0.000000000000000e+00  2.870057444315225e-01  1.657397703421618e-02 
 7.585775750292119e+00  1.000000000000000e+00  0.000000000000000e+00  2.870148906455628e-01  1.676567531702369e-02 
 7.673614893618475e+00  1.000000000000000e+00  0.000000000000000e+00  2.870242496501988e-01  1.695958565984757e-02 
 7.762471166287207e+00  1.000000000000000e+00  0.000000000000000e+00  2.870338263937214e-01  1.715573340676281e-02 
 7.852356346101011e+00  1.000000000000000e+00  0.000000000000000e+00  2.870436259389607e-01  1.735414418583271e-02 
 7.943282347243112e+00  1.000000000000000e+00  0.000000000000000e+00  2.870536534596624e-01  1.755484391223346e-02 
 8.035261221856475e+00  1.000000000000000e+00  0.000000000000000e+00  2.870639142527522e-01  1.775785879098932e-02 
 8.128305161641299e+00  1.000000000000000e+00  0.000000000000000e+00  2.870744137377952e-01  1.796321532005830e-02 
 8.222426499471021e+00  1.000000000000000e+00  0.000000000000000e+00  2.870851574666458e-01  1.817094029318319e-02 
 8.317637711027023e+00  1.000000000000000e+00  0.000000000000000e+00  2.870961511032104e-01  1.838106080353050e-02 
 8.413951416452269e+00  1.000000000000000e+00  0.000000000000000e+00  2.871074004527226e-01  1.859360424608477e-02 
 8.511380382024088e+00  1.000000000000000e+00  0.000000000000000e+00  2.871189114612174e-01  1.880859832082352e-02 
 8.609937521846334e+00  1.000000000000000e+00  0.000000000000000e+00  2.871306902059098e-01  1.902607103616068e-02 
 8.709635899561137e+00  1.000000000000000e+00  0.000000000000000e+00  2.871427429014340e-01  1.924605071200515e-02 
 8.810488730080476e+00  1.000000000000000e+00  0.000000000000000e+00  2.871550759064370e-01  1.946856598282994e-02 
 8.912509381337795e+00  1.000000000000000e+00  0.000000000000000e+00  2.871676957365102e-01  1.969364580057235e-02 
 9.015711376059913e+00  1.000000000000000e+00  0.000000000000000e+00  2.871806090483025e-01  1.992131943836610e-02 
 9.120108393559446e+00  1.000000000000000e+00  0.000000000000000e+00  2.871938226523942e-01  2.015161649349886e-02 
 9.225714271547986e+00  1.000000000000000e+00  0.000000000000000e+00  2.872073435269972e-01  2.038456689035080e-02 
 9.332543007970269e+00  1.000000000000000e+00  0.000000000000000e+00  2.872211788016972e-01  2.062020088422456e-02 
 9.440608762859597e+00  1.000000000000000e+00  0.000000000000000e+00  2.872353357744076e-01  2.085854906423215e-02 
 9.549925860214728e+00  1.000000000000000e+00  0.000000000000000e+00  2.872498219151212e-01  2.109964235658915e-02 
 9.660508789898508e+00  1.000000000000000e+00  0.000000000000000e+00  2.872646448534326e-01  2.134351202841658e-02 
 9.772372209558485e+00  1.000000000000000e+00  0.000000000000000e+00  2.872798124118062e-01  2.159018969018391e-02 
 9.885530946569771e+00  1.000000000000000e+00  0.000000000000000e+00  2.872953325902143e-01  2.183970729963730e-02 
 1.000000000000039e+01  1.000000000000000e+00  0.000000000000000e+00  2.873112135669043e-01  2.209209716526897e-02 
 1.011579454259938e+01  1.000000000000000e+00  0.000000000000000e+00  2.873274637091565e-01  2.234739194950103e-02 
 1.023292992280794e+01  1.000000000000000e+00  0.000000000000000e+00  2.873440915842261e-01  2.260562467186383e-02 
 1.035142166679384e+01  1.000000000000000e+00  0.000000000000000e+00  2.873611059506183e-01  2.286682871282231e-02 
 1.047128548050940e+01  1.000000000000000e+00  0.000000000000000e+00  2.873785157757659e-01  2.313103781677552e-02 
 1.059253725177330e+01  1.000000000000000e+00  0.000000000000000e+00  2.873963302340831e-01  2.339828609569918e-02 
 1.071519305237648e+01  1.000000000000000e+00  0.000000000000000e+00  2.874145586986093e-01  2.366860803303463e-02 
 1.083926914021246e+01  1.000000000000000e+00  0.000000000000000e+00  2.874332107753279e-01  2.394203848617308e-02 
 1.096478196143228e+01  1.000000000000000e+00  0.000000000000000e+00  2.874522962916986e-01  2.421861269045174e-02 
 1.109174815262445e+01  1.000000000000000e+00  0.000000000000000e+00  2.874718252789933e-01  2.449836626344072e-02 
 1.122018454302007e+01  1.000000000000000e+00  0.000000000000000e+00  2.874918080262829e-01  2.478133520673984e-02 
 1.135010815672360e+01  1.000000000000000e+00  0.000000000000000e+00  2.875122550465873e-01  2.506755591083862e-02 
 1.148153621496928e+01  1.000000000000000e+00  0.000000000000000e+00  2.875331771020423e-01  2.535706515792378e-02 
 1.161448613840389e+01  1.000000000000000e+00  0.000000000000000e+00  2.875545851993958e-01  2.564990012574480e-02 
 1.174897554939576e+01  1.000000000000000e+00  0.000000000000000e+00  2.875764905991013e-01  2.594609839101905e-02 
 1.188502227437065e+01  1.000000000000000e+00  0.000000000000000e+00  2.875989048145235e-01  2.624569793319314e-02 
 1.202264434617461e+01  1.000000000000000e+00  0.000000000000000e+00  2.876218396373749e-01  2.654873713723673e-02 
 1.216186000646416e+01  1.000000000000000e+00  0.000000000000000e+00  2.876453071209045e-01  2.685525479802249e-02 
 1.230268770812430e+01  1.000000000000000e+00  0.000000000000000e+00  2.876693195992674e-01  2.716529012335625e-02 
 1.244514611771434e+01  1.000000000000000e+00  0.000000000000000e+00  2.876938896969037e-01  2.747888273737782e-02 
 1.258925411794217e+01  1.000000000000000e+00  0.000000000000000e+00  2.877190303090840e-01  2.779607268508999e-02 
 1.273503081016712e+01  1.000000000000000e+00  0.000000000000000e+00  2.877447546474553e-01  2.811690043435943e-02 
 1.288249551693185e+01  1.000000000000000e+00  0.000000000000000e+00  2.877710762241671e-01  2.844140688030192e-02 
 1.303166778452351e+01  1.000000000000000e+00  0.000000000000000e+00  2.877980088583947e-01  2.876963334880252e-02 
 1.318256738556460e+01  1.000000000000000e+00  0.000000000000000e+00  2.878255666773902e-01  2.910162160027513e-02 
 1.333521432163377e+01  1.000000000000000e+00  0.000000000000000e+00  2.878537641525359e-01  2.943741383195055e-02 
 1.348962882591708e+01  1.000000000000000e+00  0.000000000000000e+00  2.878826160743048e-01  2.977705268267171e-02 
 1.364583136588979e+01  1.000000000000000e+00  0.000000000000000e+00  2.879121375761201e-01  3.012058123569106e-02 
 1.380384264602940e+01  1.000000000000000e+00  0.000000000000000e+00  2.879423441353792e-01  3.046804302237666e-02 
 1.396368361055994e+01  1.000000000000000e+00  0.000000000000000e+00  2.879732515912021e-01  3.081948202521105e-02 
 1.412537544622811e+01  1.000000000000000e+00  0.000000000000000e+00  2.880048761425849e-01  3.117494268161383e-02 
 1.428893958511160e+01  1.000000000000000e+00  0.000000000000000e+00  2.880372343598672e-01  3.153446988716704e-02 
 1.445439770745986e+01  1.000000000000000e+00  0.000000000000000e+00  2.880703431866938e-01  3.189810899926623e-02 
 1.462177174456777e+01  1.000000000000000e+00  0.000000000000000e+00  2.881042199743620e-01  3.226590583926045e-02 
 1.479108388168267e+01  1.000000000000000e+00  0.000000000000000e+00  2.881388824453281e-01  3.263790669780361e-02 
 1.496235656094494e+01  1.000000000000000e+00  0.000000000000000e+00  2.881743487441537e-01  3.301415833618924e-02 
 1.513561248436270e+01  1.000000000000000e+00  0.000000000000000e+00  2.882106374337676e-01  3.339470799014960e-02 
 1.531087461682092e+01  1.000000000000000e+00  0.000000000000000e+00  2.882477674851919e-01  3.377960337395608e-02 
 1.548816618912544e+01  1.000000000000000e+00  0.000000000000000e+00  2.882857583164086e-01  3.416889268218035e-02 
 1.566751070108213e+01  1.000000000000000e+00  0.000000000000000e+00  2.883246297889913e-01  3.456262459338361e-02 
 1.584893192461178e+01  1.000000000000000e+00  0.000000000000000e+00  2.883644022083330e-01  3.496084827364749e-02 
 1.603245390690107e+01  1.000000000000000e+00  0.000000000000000e+00  2.884050963565012e-01  3.536361337844007e-02 
 1.621810097358996e+01  1.000000000000000e+00  0.000000000000000e+00  2.884467334799460e-01  3.577097005666933e-02 
 1.640589773199606e+01  1.000000000000000e+00  0.000000000000000e+00  2.884893353129617e-01  3.618296895291457e-02 
 1.659586907437629e+01  1.000000000000000e+00  0.000000000000000e+00  2.885329240787955e-01  3.659966121073343e-02 
 1.678804018122629e+01  1.000000000000000e+00  0.000000000000000e+00  2.885775225299638e-01  3.702109847387480e-02 
 1.698243652461814e+01  1.000000000000000e+00  0.000000000000000e+00  2.886231539009724e-01  3.744733289200659e-02 
 1.717908387157659e+01  1.000000000000000e+00  0.000000000000000e+00  2.886698419880823e-01  3.787841711972605e-02 
 1.737800828749447e+01  1.000000000000000e+00  0.000000000000000e+00  2.887176111058384e-01  3.831440432199334e-02 
 1.757923613958765e+01  1.000000000000000e+00  0.000000000000000e+00  2.887664861445530e-01  3.875534817411457e-02 
 1.778279410038996e+01  1.000000000000000e+00  0.000000000000000e+00  2.888164925305003e-01  3.920130286690864e-02 
 1.798870915128862e+01  1.000000000000000e+00  0.000000000000000e+00  2.888676562938309e-01  3.965232310592180e-02 
 1.819700858610059e+01  1.000000000000000e+00  0.000000000000000e+00  2.889200040421533e-01  4.010846411571477e-02 
 1.840772001469032e+01  1.000000000000000e+00  0.000000000000000e+00  2.889735629930912e-01  4.056978164081398e-02 
 1.862087136662944e+01  1.000000000000000e+00  0.000000000000000e+00  2.890283609714556e-01  4.103633194856770e-02 
 1.883649089489878e+01  1.000000000000000e+00  0.000000000000000e+00  2.890844264455106e-01  4.150817182962627e-02 
 1.905460717963326e+01  1.000000000000000e+00  0.000000000000000e+00  2.891417885114270e-01  4.198535860136064e-02 
 1.927524913191016e+01  1.000000000000000e+00  0.000000000000000e+00  2.892004769434465e-01  4.246795010728015e-02 
 1.949844599758126e+01  1.000000000000000e+00  0.000000000000000e+00  2.892605221755926e-01  4.295600472039964e-02 
 1.972422736114936e+01  1.000000000000000e+00  0.000000000000000e+00  2.893219553262689e-01  4.344958134395202e-02 
 1.995262314968963e+01  1.000000000000000e+00  0.000000000000000e+00  2.893848082326502e-01  4.394873941130206e-02 
 2.018366363681645e+01  1.000000000000000e+00  0.000000000000000e+00  2.894491134304174e-01  4.445353888914383e-02 
 2.041737944669615e+01  1.000000000000000e+00  0.000000000000000e+00  2.895149042049448e-01  4.496404027607578e-02 
 2.065380155810616e+01  1.000000000000000e+00  0.000000000000000e+00  2.895822145814809e-01  4.548030460487704e-02 
 2.089296130854127e+01  1.000000000000000e+00  0.000000000000000e+00  2.896510793509406e-01  4.600239344237517e-02 
 2.113489039836736e+01  1.000000000000000e+00  0.000000000000000e+00  2.897215340996491e-01  4.653036888883019e-02 
 2.137962089502322e+01  1.000000000000000e+00  0.000000000000000e+00  2.897936151904408e-01  4.706429358041102e-02 
 2.162718523727112e+01  1.000000000000000e+00  0.000000000000000e+00  2.898673598222032e-01  4.760423068624427e-02 
 2.187761623949645e+01  1.000000000000000e+00  0.000000000000000e+00  2.899428060180961e-01  4.815024391005195e-02 
 2.213094709605732e+01  1.000000000000000e+00  0.000000000000000e+00  2.900199926599701e-01  4.870239748847120e-02 
 2.238721138568435e+01  1.000000000000000e+00  0.000000000000000e+00  2.900989594966517e-01  4.926075619095575e-02 
 2.264644307593156e+01  1.000000000000000e+00  0.000000000000000e+00  2.901797471595323e-01  4.982538531896641e-02 
 2.290867652767870e+01  1.000000000000000e+00  0.000000000000000e+00  2.902623971976413e-01  5.039635070355742e-02 
 2.317394649968577e+01  1.000000000000000e+00  0.000000000000000e+00  2.903469520841537e-01  5.097371870474116e-02 
 2.344228815320022e+01  1.000000000000000e+00  0.000000000000000e+00  2.904334552360586e-01  5.155755620967457e-02 
 2.371373705661756e+01  1.000000000000000e+00  0.000000000000000e+00  2.905219510440019e-01  5.214793062985764e-02 
 2.398832919019593e+01  1.000000000000000e+00  0.000000000000000e+00  2.906124848862838e-01  5.274490989918598e-02 
 2.426610095082519e+01  1.000000000000000e+00  0.000000000000000e+00  2.907051031334633e-01  5.334856247250521e-02 
 2.454708915685136e+01  1.000000000000000e+00  0.000000000000000e+00  2.907998532086831e-01  5.395895731961302e-02 
 2.483133105295677e+01  1.000000000000000e+00  0.000000000000000e+00  2.908967835702331e-01  5.457616392488056e-02 
 2.511886431509688e+01  1.000000000000000e+00  0.000000000000000e+00  2.909959437596253e-01  5.520025228154071e-02 
 2.540972705549414e+01  1.000000000000000e+00  0.000000000000000e+00  2.910973844110306e-01  5.583129288862890e-02 
 2.570395782768975e+01  1.000000000000000e+00  0.000000000000000e+00  2.912011572741148e-01  5.646935674655727e-02 
 2.600159563165384e+01  1.000000000000000e+00  0.000000000000000e+00  2.913073152471786e-01  5.711451535149715e-02 
 2.630267991895496e+01  1.000000000000000e+00  0.000000000000000e+00  2.914159123876030e-01  5.776684069119774e-02 
 2.660725059798925e+01  1.000000000000000e+00  0.000000000000000e+00  2.915270039427431e-01  5.842640523882443e-02 
 2.691534803927033e+01  1.000000000000000e+00  0.000000000000000e+00  2.916406463806237e-01  5.909328194631285e-02 
 2.722701308078031e+01  1.000000000000000e+00  0.000000000000000e+00  2.917568974054721e-01  5.976754423863495e-02 
 2.754228703338287e+01  1.000000000000000e+00  0.000000000000000e+00  2.918758159795029e-01  6.044926600711710e-02 
 2.786121168629892e+01  1.000000000000000e+00  0.000000000000000e+00  2.919974623684782e-01  6.113852160022756e-02 
 2.818382931264577e+01  1.000000000000000e+00  0.000000000000000e+00  2.921218981418925e-01  6.183538581785819e-02 
 2.851018267504034e+01  1.000000000000000e+00  0.000000000000000e+00  2.922491862255100e-01  6.253993390052945e-02 
 2.884031503126733e+01  1.000000000000000e+00  0.000000000000000e+00  2.923793908995312e-01  6.325224152291641e-02 
 2.917427014001295e+01  1.000000000000000e+00  0.000000000000000e+00  2.925125778582935e-01  6.397238478134580e-02 
 2.951209226666516e+01  1.000000000000000e+00  0.000000000000000e+00  2.926488142126432e-01  6.470044018590841e-02 
 2.985382618918092e+01  1.000000000000000e+00  0.000000000000000e+00  2.927881685278656e-01  6.543648464881389e-02 
 3.019951720402150e+01  1.000000000000000e+00  0.000000000000000e+00  2.929307108624511e-01  6.618059547204218e-02 
 3.054921113215649e+01  1.000000000000000e+00  0.000000000000000e+00  2.930765127683375e-01  6.693285033802347e-02 
 3.090295432513728e+01  1.000000000000000e+00  0.000000000000000e+00  2.932256473658575e-01  6.769332729260806e-02 
 3.126079367124094e+01  1.000000000000000e+00  0.000000000000000e+00  2.933781893224943e-01  6.846210473659890e-02 
 3.162277660168520e+01  1.000000000000000e+00  0.000000000000000e+00  2.935342149317791e-01  6.923926140694465e-02 
 3.198895109691541e+01  1.000000000000000e+00  0.000000000000000e+00  2.936938021027619e-01  7.002487636595013e-02 
 3.235936569296427e+01  1.000000000000000e+00  0.000000000000000e+00  2.938570304269299e-01  7.081902898214941e-02 
 3.273406948788529e+01  1.000000000000000e+00  0.000000000000000e+00  2.940239811812344e-01  7.162179891678962e-02 
 3.311311214826060e+01  1.000000000000000e+00  0.000000000000000e+00  2.941947373832718e-01  7.243326610430810e-02 
 3.349654391578427e+01  1.000000000000000e+00  0.000000000000000e+00  2.943693838047554e-01  7.325351073625058e-02 
 3.388441561392178e+01  1.000000000000000e+00  0.000000000000000e+00  2.945480070275769e-01  7.408261323995699e-02 
 3.427677865464658e+01  1.000000000000000e+00  0.000000000000000e+00  2.947306954518218e-01  7.492065426145575e-02 
 3.467368504525474e+01  1.000000000000000e+00  0.000000000000000e+00  2.949175393492022e-01  7.576771464263851e-02 
 3.507518739525840e+01  1.000000000000000e+00  0.000000000000000e+00  2.951086308914352e-01  7.662387540022471e-02 
 3.548133892335916e+01  1.000000000000000e+00  0.000000000000000e+00  2.953040641821187e-01  7.748921770339923e-02 
 3.589219346450216e+01  1.000000000000000e+00  0.000000000000000e+00  2.955039353018505e-01  7.836382284902960e-02 
 3.630780547701179e+01  1.000000000000000e+00  0.000000000000000e+00  2.957083423279954e-01  7.924777223868119e-02 
 3.672823004981014e+01  1.000000000000000e+00  0.000000000000000e+00  2.959173853871946e-01  8.014114735095511e-02 
 3.715352290971895e+01  1.000000000000000e+00  0.000000000000000e+00  2.961311666886616e-01  8.104402971487207e-02 
 3.758374042884613e+01  1.000000000000000e+00  0.000000000000000e+00  2.963497905486250e-01  8.195650088322144e-02 
 3.801893963205786e+01  1.000000000000000e+00  0.000000000000000e+00  2.965733634436333e-01  8.287864240142503e-02 
 3.845917820453712e+01  1.000000000000000e+00  0.000000000000000e+00  2.968019940453003e-01  8.381053577733216e-02 
 3.890451449942984e+01  1.000000000000000e+00  0.000000000000000e+00  2.970357932453735e-01  8.475226245100928e-02 
 3.935500754557955e+01  1.000000000000000e+00  0.000000000000000e+00  2.972748742104738e-01  8.570390375973311e-02 
 3.981071705535155e+01  1.000000000000000e+00  0.000000000000000e+00  2.975193524174097e-01  8.666554090395386e-02 
 4.027170343254776e+01  1.000000000000000e+00  0.000000000000000e+00  2.977693456764690e-01  8.763725491352217e-02 
 4.073802778041315e+01  1.000000000000000e+00  0.000000000000000e+00  2.980249741960922e-01  8.861912660730917e-02 
 4.120975190973492e+01  1.000000000000000e+00  0.000000000000000e+00  2.982863606066758e-01  8.961123655657142e-02 
 4.168693834703546e+01  1.000000000000000e+00  0.000000000000000e+00  2.985536300002776e-01  9.061366504485099e-02 
 4.216965034286017e+01  1.000000000000000e+00  0.000000000000000e+00  2.988269099738169e-01  9.162649202593334e-02 
 4.265795188016124e+01  1.000000000000000e+00  0.000000000000000e+00  2.991063306725469e-01  9.264979708017984e-02 
 4.315190768277852e+01  1.000000000000000e+00  0.000000000000000e+00  2.993920248272004e-01  9.368365937012607e-02 
 4.365158322401862e+01  1.000000000000000e+00  0.000000000000000e+00  2.996841277880827e-01  9.472815759486476e-02 
 4.415704473533330e+01  1.000000000000000e+00  0.000000000000000e+00  2.999827775817155e-01  9.578336993965912e-02 
 4.466835921509839e+01  1.000000000000000e+00  0.000000000000000e+00  3.002881149385200e-01  9.684937402777391e-02 
 4.518559443749434e+01  1.000000000000000e+00  0.000000000000000e+00  3.006002833275195e-01  9.792624686963906e-02 
 4.570881896148964e+01  1.000000000000000e+00  0.000000000000000e+00  3.009194290253758e-01  9.901406480524164e-02 
 4.623810213992819e+01  1.000000000000000e+00  0.000000000000000e+00  3.012457011127372e-01  1.001129034550640e-01 
 4.677351412872201e+01  1.000000000000000e+00  0.000000000000000e+00  3.015792515656284e-01  1.012228376553320e-01 
 4.731512589615027e+01  1.000000000000000e+00  0.000000000000000e+00  3.019202352546120e-01  1.023439414047298e-01 
 4.786300923226609e+01  1.000000000000000e+00  0.000000000000000e+00  3.022688100041614e-01  1.034762878002065e-01 
 4.841723675841222e+01  1.000000000000000e+00  0.000000000000000e+00  3.026251366298368e-01  1.046199489740324e-01 
 4.897788193684693e+01  1.000000000000000e+00  0.000000000000000e+00  3.029893789904951e-01  1.057749960262970e-01 
 4.954501908048136e+01  1.000000000000000e+00  0.000000000000000e+00  3.033617039899675e-01  1.069414989630219e-01 
 5.011872336272960e+01  1.000000000000000e+00  0.000000000000000e+00  3.037422816638878e-01  1.081195266189495e-01 
 5.069907082747284e+01  1.000000000000000e+00  0.000000000000000e+00  3.041312851834860e-01  1.093091465907326e-01 
 5.128613839913892e+01  1.000000000000000e+00  0.000000000000000e+00  3.045288909097751e-01  1.105104251600003e-01 
 5.188000389289858e+01  1.000000000000000e+00  0.000000000000000e+00  3.049352784314227e-01  1.117234272164862e-01 
 5.248074602497976e+01  1.000000000000000e+00  0.000000000000000e+00  3.053506305984731e-01  1.129482161792919e-01 
 5.308844442310136e+01  1.000000000000000e+00  0.000000000000000e+00  3.057751335559848e-01  1.141848539157036e-01 
 5.370317963702784e+01  1.000000000000000e+00  0.000000000000000e+00  3.062089767795717e-01  1.154334006570590e-01 
 5.432503314924592e+01  1.000000000000000e+00  0.000000000000000e+00  3.066523531166429e-01  1.166939149109667e-01 
 5.495408738576509e+01  1.000000000000000e+00  0.000000000000000e+00  3.071054588268897e-01  1.179664533708279e-01 
 5.559042572704302e+01  1.000000000000000e+00  0.000000000000000e+00  3.075684935867757e-01  1.192510708288321e-01 
 5.623413251903760e+01  1.000000000000000e+00  0.000000000000000e+00  3.080416605560585e-01  1.205478200753740e-01 
 5.688529308438687e+01  1.000000000000000e+00  0.000000000000000e+00  3.085251663869267e-01  1.218567518054495e-01 
 5.754399373371846e+01  1.000000000000000e+00  0.000000000000000e+00  3.090192212563016e-01  1.231779145181366e-01 
 5.821032177708994e+01  1.000000000000000e+00  0.000000000000000e+00  3.095240389036377e-01  1.245113544119528e-01 
 5.888436553556173e+01  1.000000000000000e+00  0.000000000000000e+00  3.100398366513866e-01  1.258571152802387e-01 
 5.956621435290392e+01  1.000000000000000e+00  0.000000000000000e+00  3.105668354239401e-01  1.272152384037186e-01 
 6.025595860743869e+01  1.000000000000000e+00  0.000000000000000e+00  3.111052597773304e-01  1.285857624378808e-01 
 6.095368972401987e+01  1.000000000000000e+00  0.000000000000000e+00  3.116553379303811e-01  1.299687232966856e-01 
 6.165950018615121e+01  1.000000000000000e+00  0.000000000000000e+00  3.122173017627596e-01  1.313641540393135e-01 
 6.237348354824496e+01  1.000000000000000e+00  0.000000000000000e+00  3.127913868608784e-01  1.327720847442723e-01 
 6.309573444802240e+01  1.000000000000000e+00  0.000000000000000e+00  3.133778324990660e-01  1.341925423926978e-01 
 6.382634861905798e+01  1.000000000000000e+00  0.000000000000000e+00  3.139768816845011e-01  1.356255507356447e-01 
 6.456542290346870e+01  1.000000000000000e+00  0.000000000000000e+00  3.145887811523245e-01  1.370711301675924e-01 
 6.531305526475043e+01  1.000000000000000e+00  0.000000000000000e+00  3.152137813741229e-01  1.385292975938138e-01 
 6.606934480076283e+01  1.000000000000000e+00  0.000000000000000e+00  3.158521365794721e-01  1.400000662913092e-01 
 6.683439175686473e+01  1.000000000000000e+00  0.000000000000000e+00  3.165041047242477e-01  1.414834457770855e-01 
 6.760829753920149e+01  1.000000000000000e+00  0.000000000000000e+00  3.171699475279987e-01  1.429794416583753e-01 
 6.839116472814628e+01  1.000000000000000e+00  0.000000000000000e+00  3.178499304521770e-01  1.444880554913829e-01 
 6.918309709189704e+01  1.000000000000000e+00  0.000000000000000e+00  3.185443226995263e-01  1.460092846317050e-01 
 6.998419960023078e+01  1.000000000000000e+00  0.000000000000000e+00  3.192533971916146e-01  1.475431220857614e-01 
 7.079457843841726e+01  1.000000000000000e+00  0.000000000000000e+00  3.199774305707244e-01  1.490895563529585e-01 
 7.161434102129371e+01  1.000000000000000e+00  0.000000000000000e+00  3.207167031727949e-01  1.506485712702763e-01 
 7.244359600750256e+01  1.000000000000000e+00  0.000000000000000e+00  3.214714990153148e-01  1.522201458496150e-01 
 7.328245331389401e+01  1.000000000000000e+00  0.000000000000000e+00  3.222421057619228e-01  1.538042541164237e-01 
 7.413102413009540e+01  1.000000000000000e+00  0.000000000000000e+00  3.230288146862553e-01  1.554008649445997e-01 
 7.498942093324928e+01  1.000000000000000e+00  0.000000000000000e+00  3.238319206647411e-01  1.570099418807020e-01 
 7.585775750292213e+01  1.000000000000000e+00  0.000000000000000e+00  3.246517220970783e-01  1.586314429809983e-01 
 7.673614893618569e+01  1.000000000000000e+00  0.000000000000000e+00  3.254885209045282e-01  1.602653206262697e-01 
 7.762471166287301e+01  1.000000000000000e+00  0.000000000000000e+00  3.263426224402165e-01  1.619115213535305e-01 
 7.852356346101107e+01  1.000000000000000e+00  0.000000000000000e+00  3.272143354554115e-01  1.635699856705283e-01 
 7.943282347243209e+01  1.000000000000000e+00  0.000000000000000e+00  3.281039720509364e-01  1.652406478696196e-01 
 8.035261221856572e+01  1.000000000000000e+00  0.000000000000000e+00  3.290118475797405e-01  1.669234358499272e-01 
 8.128305161641397e+01  1.000000000000000e+00  0.000000000000000e+00  3.299382805863603e-01  1.686182709266030e-01 
 8.222426499471122e+01  1.000000000000000e+00  0.000000000000000e+00  3.308835927463956e-01  1.703250676361222e-01 
 8.317637711027126e+01  1.000000000000000e+00  0.000000000000000e+00  3.318481087530645e-01  1.720437335512119e-01 
 8.413951416452372e+01  1.000000000000000e+00  0.000000000000000e+00  3.328321562405358e-01  1.737741690828755e-01 
 8.511380382024191e+01  1.000000000000000e+00  0.000000000000000e+00  3.338360656842254e-01  1.755162672846124e-01 
 8.609937521846439e+01  1.000000000000000e+00  0.000000000000000e+00  3.348601702885448e-01  1.772699136564669e-01 
 8.709635899561245e+01  1.000000000000000e+00  0.000000000000000e+00  3.359048058726319e-01  1.790349859462828e-01 
 8.810488730080586e+01  1.000000000000000e+00  0.000000000000000e+00  3.369703107582414e-01  1.808113539469530e-01 
 8.912509381337905e+01  1.000000000000000e+00  0.000000000000000e+00  3.380570256276786e-01  1.825988792986769e-01 
 9.015711376060024e+01  1.000000000000000e+00  0.000000000000000e+00  3.391652933925486e-01  1.843974152851964e-01 
 9.120108393559559e+01  1.000000000000000e+00  0.000000000000000e+00  3.402954590567202e-01  1.862068066287101e-01 
 9.225714271548100e+01  1.000000000000000e+00  0.000000000000000e+00  3.414478695465212e-01  1.880268892911399e-01 
 9.332543007970385e+01  1.000000000000000e+00  0.000000000000000e+00  3.426228735446129e-01  1.898574902721511e-01 
 9.440608762859715e+01  1.000000000000000e+00  0.000000000000000e+00  3.438208213444003e-01  1.916984273984824e-01 
 9.549925860214847e+01  1.000000000000000e+00  0.000000000000000e+00  3.450420646295648e-01  1.935495091331330e-01 
 9.660508789898628e+01  1.000000000000000e+00  0.000000000000000e+00  3.462869563217520e-01  1.954105343624760e-01 
 9.772372209558608e+01  1.000000000000000e+00  0.000000000000000e+00  3.475558503529851e-01  1.972812922039809e-01 
 9.885530946569897e+01  1.000000000000000e+00  0.000000000000000e+00  3.488491014668266e-01  1.991615618039494e-01 
 1.000000000000051e+02  1.000000000000000e+00  0.000000000000000e+00  3.501670649860310e-01  2.010511121443774e-01 
 1.011579454259951e+02  1.000000000000000e+00  0.000000000000000e+00  3.515100966052078e-01  2.029497018409100e-01 
 1.023292992280807e+02  1.000000000000000e+00  0.000000000000000e+00  3.528785521257899e-01  2.048570789584397e-01 
 1.035142166679397e+02  1.000000000000000e+00  0.000000000000000e+00  3.542727872101854e-01  2.067729808204423e-01 
 1.047128548050954e+02  1.000000000000000e+00  0.000000000000000e+00  3.556931571250582e-01  2.086971338218341e-01 
 1.059253725177344e+02  1.000000000000000e+00  0.000000000000000e+00  3.571400164648848e-01  2.106292532485995e-01 
 1.071519305237662e+02  1.000000000000000e+00  0.000000000000000e+00  3.586137188734354e-01  2.125690430990257e-01 
 1.083926914021260e+02  1.000000000000000e+00  0.000000000000000e+00  3.601146167306523e-01  2.145161959176865e-01 
 1.096478196143242e+02  1.000000000000000e+00  0.000000000000000e+00  3.616430607986568e-01  2.164703926075127e-01 
 1.109174815262459e+02  1.000000000000000e+00  0.000000000000000e+00  3.631994001575313e-01  2.184313023340277e-01 
 1.122018454302022e+02  1.000000000000000e+00  0.000000000000000e+00  3.647839814871019e-01  2.203985822773465e-01 
 1.135010815672374e+02  1.000000000000000e+00  0.000000000000000e+00  3.663971489856668e-01  2.223718775481112e-01 
 1.148153621496943e+02  1.000000000000000e+00  0.000000000000000e+00  3.680392439502364e-01  2.243508210337504e-01 
 1.161448613840403e+02  1.000000000000000e+00  0.000000000000000e+00  3.697106044165860e-01  2.263350332665789e-01 
 1.174897554939591e+02  1.000000000000000e+00  0.000000000000000e+00  3.714115647846153e-01  2.283241223018033e-01 
 1.188502227437080e+02  1.000000000000000e+00  0.000000000000000e+00  3.731424554385918e-01  2.303176836028819e-01 
 1.202264434617476e+02  1.000000000000000e+00  0.000000000000000e+00  3.749036023359455e-01  2.323152999444539e-01 
 1.216186000646432e+02  1.000000000000000e+00  0.000000000000000e+00  3.766953266139265e-01  2.343165413154212e-01 
 1.230268770812446e+02  1.000000000000000e+00  0.000000000000000e+00  3.785179441595988e-01  2.363209648430991e-01 
 1.244514611771450e+02  1.000000000000000e+00  0.000000000000000e+00  3.803717651892845e-01  2.383281147219023e-01 
 1.258925411794233e+02  1.000000000000000e+00  0.000000000000000e+00  3.822570938115369e-01  2.403375221568931e-01 
 1.273503081016729e+02  1.000000000000000e+00  0.000000000000000e+00  3.841742275579696e-01  2.423487053297955e-01 
 1.288249551693202e+02  1.000000000000000e+00  0.000000000000000e+00  3.861351262503450e-01  2.443563731489596e-01 
 1.303166778452368e+02  1.000000000000000e+00  0.000000000000000e+00  3.881166951620483e-01  2.463695708285754e-01 
 1.318256738556477e+02  1.000000000000000e+00  0.000000000000000e+00  3.901309171468004e-01  2.483830204129408e-01 
 1.333521432163395e+02  1.000000000000000e+00  0.000000000000000e+00  3.921780588062327e-01  2.503961878473987e-01 
 1.348962882591725e+02  1.000000000000000e+00  0.000000000000000e+00  3.942583777756662e-01  2.524085260715915e-01 
 1.364583136588997e+02  1.000000000000000e+00  0.000000000000000e+00  3.963721222461866e-01  2.544194750626720e-01 
 1.380384264602958e+02  1.000000000000000e+00  0.000000000000000e+00  3.985195304183498e-01  2.564284619224159e-01 
 1.396368361056012e+02  1.000000000000000e+00  0.000000000000000e+00  4.007008300375305e-01  2.584349009458705e-01 
 1.412537544622830e+02  1.000000000000000e+00  0.000000000000000e+00  4.029162378296370e-01  2.604381937494980e-01 
 1.428893958511179e+02  1.000000000000000e+00  0.000000000000000e+00  4.051659589864368e-01  2.624377293963552e-01 
 1.445439770746005e+02  1.000000000000000e+00  0.000000000000000e+00  4.074501866354494e-01  2.644328845466139e-01 
 1.462177174456796e+02  1.000000000000000e+00  0.000000000000000e+00  4.097691013028464e-01  2.664230236310525e-01 
 1.479108388168287e+02  1.000000000000000e+00  0.000000000000000e+00  4.121228703602662e-01  2.684074990528674e-01 
 1.496235656094514e+02  1.000000000000000e+00  0.000000000000000e+00  4.145116474990120e-01  2.703856513987113e-01 
 1.513561248436289e+02  1.000000000000000e+00  0.000000000000000e+00  4.169355721865295e-01  2.723568096802007e-01 
 1.531087461682112e+02  1.000000000000000e+00  0.000000000000000e+00  4.193947691069820e-01  2.743202916070142e-01 
 1.548816618912565e+02  1.000000000000000e+00  0.000000000000000e+00  4.218893476318112e-01  2.762754038703538e-01 
 1.566751070108234e+02  1.000000000000000e+00  0.000000000000000e+00  4.244194012861764e-01  2.782214424534403e-01 
 1.584893192461199e+02  1.000000000000000e+00  0.000000000000000e+00  4.269850071821116e-01  2.801576929852615e-01 
 1.603245390690128e+02  1.000000000000000e+00  0.000000000000000e+00  4.295862255183179e-01  2.820834310886607e-01 
 1.621810097359018e+02  1.000000000000000e+00  0.000000000000000e+00  4.322230990196163e-01  2.839979227867883e-01 
 1.640589773199628e+02  1.000000000000000e+00  0.000000000000000e+00  4.348956524482649e-01  2.859004249027018e-01 
 1.659586907437651e+02  1.000000000000000e+00  0.000000000000000e+00  4.376038920473479e-01  2.877901855233542e-01 
 1.678804018122651e+02  1.000000000000000e+00  0.000000000000000e+00  4.403478050787242e-01  2.896664444462265e-01 
 1.698243652461837e+02  1.000000000000000e+00  0.000000000000000e+00  4.431273592961027e-01  2.915284336908874e-01 
 1.717908387157682e+02  1.000000000000000e+00  0.000000000000000e+00  4.459425024687801e-01  2.933753780168428e-01 
 1.737800828749470e+02  1.000000000000000e+00  0.000000000000000e+00  4.487931619178270e-01  2.952064954678421e-01 
 1.757923613958789e+02  1.000000000000000e+00  0.000000000000000e+00  4.516792440518331e-01  2.970209979501475e-01 
 1.778279410039020e+02  1.000000000000000e+00  0.000000000000000e+00  4.546006339233157e-01  2.988180918344001e-01 
 1.798870915128886e+02  1.000000000000000e+00  0.000000000000000e+00  4.575571948174008e-01  3.005969785746330e-01 
 1.819700858610083e+02  1.000000000000000e+00  0.000000000000000e+00  4.605487678367665e-01  3.023568553650019e-01 
 1.840772001469057e+02  1.000000000000000e+00  0.000000000000000e+00  4.635751715167276e-01  3.040969158159442e-01 
 1.862087136662969e+02  1.000000000000000e+00  0.000000000000000e+00  4.666362014571748e-01  3.058163506573637e-01 
 1.883649089489904e+02  1.000000000000000e+00  0.000000000000000e+00  4.697316300041663e-01  3.075143484498301e-01 
 1.905460717963352e+02  1.000000000000000e+00  0.000000000000000e+00  4.728612058229341e-01  3.091900963430542e-01 
 1.927524913191042e+02  1.000000000000000e+00  0.000000000000000e+00  4.760246539622872e-01  3.108427808518700e-01 
 1.949844599758153e+02  1.000000000000000e+00  0.000000000000000e+00  4.792216750795240e-01  3.124715886247540e-01 
 1.972422736114962e+02  1.000000000000000e+00  0.000000000000000e+00  4.824519455433183e-01  3.140757072722708e-01 
 1.995262314968990e+02  1.000000000000000e+00  0.000000000000000e+00  4.857151171482235e-01  3.156543261907063e-01 
 2.018366363681672e+02  1.000000000000000e+00  0.000000000000000e+00  4.890108169471263e-01  3.172066374068363e-01 
 2.041737944669642e+02  1.000000000000000e+00  0.000000000000000e+00  4.923386470998304e-01  3.187318364498126e-01 
 2.065380155810644e+02  1.000000000000000e+00  0.000000000000000e+00  4.956981847789521e-01  3.202291232236375e-01 
 2.089296130854155e+02  1.000000000000000e+00  0.000000000000000e+00  4.990889820877529e-01  3.216977029084337e-01 
 2.113489039836764e+02  1.000000000000000e+00  0.000000000000000e+00  5.025105660347593e-01  3.231367868608563e-01 
 2.137962089502351e+02  1.000000000000000e+00  0.000000000000000e+00  5.059624385408397e-01  3.245455935282963e-01 
 2.162718523727141e+02  1.000000000000000e+00  0.000000000000000e+00  5.094440764575076e-01  3.259233493902714e-01 
 2.187761623949674e+02  1.000000000000000e+00  0.000000000000000e+00  5.129549316760189e-01  3.272692898727411e-01 
 2.213094709605761e+02  1.000000000000000e+00  0.000000000000000e+00  5.164944312203958e-01  3.285826603056479e-01 
 2.238721138568465e+02  1.000000000000000e+00  0.000000000000000e+00  5.200619774339019e-01  3.298627168480568e-01 
 2.264644307593186e+02  1.000000000000000e+00  0.000000000000000e+00  5.236569481630156e-01  3.311087274450510e-01 
 2.290867652767901e+02  1.000000000000000e+00  0.000000000000000e+00  5.272786969896213e-01  3.323199727805506e-01 
 2.317394649968608e+02  1.000000000000000e+00  0.000000000000000e+00  5.309265535508106e-01  3.334957471949397e-01 
 2.344228815320054e+02  1.000000000000000e+00  0.000000000000000e+00  5.345998238357474e-01  3.346353596449338e-01 
 2.371373705661788e+02  1.000000000000000e+00  0.000000000000000e+00  5.382977905646708e-01  3.357381346288890e-01 
 2.398832919019625e+02  1.000000000000000e+00  0.000000000000000e+00  5.420197136030419e-01  3.368034131083281e-01 
 2.426610095082552e+02  1.000000000000000e+00  0.000000000000000e+00  5.457648304249894e-01  3.378305534135160e-01 
 2.454708915685169e+02  1.000000000000000e+00  0.000000000000000e+00  5.495323564968020e-01  3.388189321694577e-01 
 2.483133105295710e+02  1.000000000000000e+00  0.000000000000000e+00  5.533214862013460e-01  3.397679451240124e-01 
 2.511886431509722e+02  1.000000000000000e+00  0.000000000000000e+00  5.571313928646389e-01  3.406770080781709e-01 
 2.540972705549449e+02  1.000000000000000e+00  0.000000000000000e+00  5.609612297375350e-01  3.415455576971411e-01 
 2.570395782769009e+02  1.000000000000000e+00  0.000000000000000e+00  5.648101305729426e-01  3.423730523389186e-01 
 2.600159563165419e+02  1.000000000000000e+00  0.000000000000000e+00  5.686772103225960e-01  3.431589728579911e-01 
 2.630267991895531e+02  1.000000000000000e+00  0.000000000000000e+00  5.725615658800557e-01  3.439028233760126e-01 
 2.660725059798961e+02  1.000000000000000e+00  0.000000000000000e+00  5.764622768494589e-01  3.446041320341137e-01 
 2.691534803927069e+02  1.000000000000000e+00  0.000000000000000e+00  5.803784063654012e-01  3.452624517018082e-01 
 2.722701308078068e+02  1.000000000000000e+00  0.000000000000000e+00  5.843090019416928e-01  3.458773606585211e-01 
 2.754228703338323e+02  1.000000000000000e+00  0.000000000000000e+00  5.882530963344416e-01  3.464484632568628e-01 
 2.786121168629929e+02  1.000000000000000e+00  0.000000000000000e+00  5.922097084814474e-01  3.469753905112928e-01 
 2.818382931264615e+02  1.000000000000000e+00  0.000000000000000e+00  5.961778444099909e-01  3.474578007020941e-01 
 2.851018267504073e+02  1.000000000000000e+00  0.000000000000000e+00  6.001564982427493e-01  3.478953798785691e-01 
 2.884031503126772e+02  1.000000000000000e+00  0.000000000000000e+00  6.041446530698740e-01  3.482878424021346e-01 
 2.917427014001335e+02  1.000000000000000e+00  0.000000000000000e+00  6.081412823446379e-01  3.486349313070937e-01 
 2.951209226666555e+02  1.000000000000000e+00  0.000000000000000e+00  6.121453503837441e-01  3.489364188229679e-01 
 2.985382618918131e+02  1.000000000000000e+00  0.000000000000000e+00  6.161558137846439e-01  3.491921066658415e-01 
 3.019951720402190e+02  1.000000000000000e+00  0.000000000000000e+00  6.201716224098813e-01  3.494018263776947e-01 
 3.054921113215689e+02  1.000000000000000e+00  0.000000000000000e+00  6.241917204901534e-01  3.495654395868783e-01 
 3.090295432513769e+02  1.000000000000000e+00  0.000000000000000e+00  6.282150477229794e-01  3.496828382375024e-01 
 3.126079367124136e+02  1.000000000000000e+00  0.000000000000000e+00  6.322405403831236e-01  3.497539447681988e-01 
 3.162277660168562e+02  1.000000000000000e+00  0.000000000000000e+00  6.362671324545888e-01  3.497787122294027e-01 
 3.198895109691583e+02  1.000000000000000e+00  0.000000000000000e+00  6.402937567603648e-01  3.497571243574967e-01 
 3.235936569296470e+02  1.000000000000000e+00  0.000000000000000e+00  6.443193460917804e-01  3.496891956027491e-01 
 3.273406948788572e+02  1.000000000000000e+00  0.000000000000000e+00  6.483428342364157e-01  3.495749711492961e-01 
 3.311311214826103e+02  1.000000000000000e+00  0.000000000000000e+00  6.523631574786413e-01  3.494145267121377e-01 
 3.349654391578471e+02  1.000000000000000e+00  0.000000000000000e+00  6.563856227938675e-01  3.492011631435891e-01 
 3.388441561392223e+02  1.000000000000000e+00  0.000000000000000e+00  6.603963607795007e-01  3.489486335648008e-01 
 3.427677865464703e+02  1.000000000000000e+00  0.000000000000000e+00  6.644007667876031e-01  3.486502944851834e-01 
 3.467368504525519e+02  1.000000000000000e+00  0.000000000000000e+00  6.683977970032982e-01  3.483063424357901e-01 
 3.507518739525885e+02  1.000000000000000e+00  0.000000000000000e+00  6.723864153490512e-01  3.479170034789929e-01 
 3.548133892335962e+02  1.000000000000000e+00  0.000000000000000e+00  6.763655945507385e-01  3.474825328430113e-01 
 3.589219346450263e+02  1.000000000000000e+00  0.000000000000000e+00  6.803343171856986e-01  3.470032145096103e-01 
 3.630780547701227e+02  1.000000000000000e+00  0.000000000000000e+00  6.842915766163989e-01  3.464793608007827e-01 
 3.672823004981063e+02  1.000000000000000e+00  0.000000000000000e+00  6.882363783163090e-01  3.459113117624379e-01 
 3.715352290971944e+02  1.000000000000000e+00  0.000000000000000e+00  6.921677403473424e-01  3.452994348149868e-01 
 3.758374042884663e+02  1.000000000000000e+00  0.000000000000000e+00  6.960846946233724e-01  3.446441240691033e-01 
 3.801893963205836e+02  1.000000000000000e+00  0.000000000000000e+00  6.999862877615188e-01  3.439457997213881e-01 
 3.845917820453763e+02  1.000000000000000e+00  0.000000000000000e+00  7.038715819459974e-01  3.432049074287984e-01 
 3.890451449943037e+02  1.000000000000000e+00  0.000000000000000e+00  7.077396557813541e-01  3.424219176225216e-01 
 3.935500754558008e+02  1.000000000000000e+00  0.000000000000000e+00  7.115896050320545e-01  3.415973248250341e-01 
 3.981071705535209e+02  1.000000000000000e+00  0.000000000000000e+00  7.154205437138914e-01  3.407316467685736e-01 
 4.027170343254830e+02  1.000000000000000e+00  0.000000000000000e+00  7.192316043600842e-01  3.398254238345048e-01 
 4.073802778041370e+02  1.000000000000000e+00  0.000000000000000e+00  7.230219390411334e-01  3.388792181149063e-01 
 4.120975190973548e+02  1.000000000000000e+00  0.000000000000000e+00  7.267907199556527e-01  3.378936126163206e-01 
 4.168693834703603e+02  1.000000000000000e+00  0.000000000000000e+00  7.305371400431117e-01  3.368692104289817e-01 
 4.216965034286075e+02  1.000000000000000e+00  0.000000000000000e+00  7.342604135027170e-01  3.358066338859145e-01 
 4.265795188016182e+02  1.000000000000000e+00  0.000000000000000e+00  7.379597766269926e-01  3.347065235397920e-01 
 4.315190768277911e+02  1.000000000000000e+00  0.000000000000000e+00  7.416344878598456e-01  3.335695374781353e-01 
 4.365158322401921e+02  1.000000000000000e+00  0.000000000000000e+00  7.452838285393248e-01  3.323963502832814e-01 
 4.415704473533390e+02  1.000000000000000e+00  0.000000000000000e+00  7.489071032588178e-01  3.311876521183251e-01 
 4.466835921509900e+02  1.000000000000000e+00  0.000000000000000e+00  7.525036402177467e-01  3.299441478254515e-01 
 4.518559443749496e+02  1.000000000000000e+00  0.000000000000000e+00  7.560727914959089e-01  3.286665560075832e-01 
 4.570881896149025e+02  1.000000000000000e+00  0.000000000000000e+00  7.596182959062542e-01  3.273492457919578e-01 
 4.623810213992882e+02  1.000000000000000e+00  0.000000000000000e+00  7.631307616237936e-01  3.260057114020628e-01 
 4.677351412872264e+02  1.000000000000000e+00  0.000000000000000e+00  7.666140450988471e-01  3.246303186838917e-01 
 4.731512589615090e+02  1.000000000000000e+00  0.000000000000000e+00  7.700675967354480e-01  3.232238316565802e-01 
 4.786300923226673e+02  1.000000000000000e+00  0.000000000000000e+00  7.734908918320196e-01  3.217870234016154e-01 
 4.841723675841287e+02  1.000000000000000e+00  0.000000000000000e+00  7.768834309432272e-01  3.203206749479257e-01 
 4.897788193684759e+02  1.000000000000000e+00  0.000000000000000e+00  7.802447395108930e-01  3.188255746034327e-01 
 4.954501908048202e+02  1.000000000000000e+00  0.000000000000000e+00  7.835743681456132e-01  3.173025168632885e-01 
 5.011872336273027e+02  1.000000000000000e+00  0.000000000000000e+00  7.868718924525894e-01  3.157523016016395e-01 
 5.069907082747351e+02  1.000000000000000e+00  0.000000000000000e+00  7.901369132349859e-01  3.141757329853433e-01 
 5.128613839913960e+02  1.000000000000000e+00  0.000000000000000e+00  7.933690559899990e-01  3.125736188667242e-01 
 5.188000389289926e+02  1.000000000000000e+00  0.000000000000000e+00  7.965679710367966e-01  3.109467697390602e-01 
 5.248074602498045e+02  1.000000000000000e+00  0.000000000000000e+00  7.997333332166131e-01  3.092959979785030e-01 
 5.308844442310207e+02  1.000000000000000e+00  0.000000000000000e+00  8.028648419386927e-01  3.076221168379060e-01 
 5.370317963702854e+02  1.000000000000000e+00  0.000000000000000e+00  8.059622205817565e-01  3.059259398875617e-01 
 5.432503314924663e+02  1.000000000000000e+00  0.000000000000000e+00  8.090252164726582e-01  3.042082800646399e-01 
 5.495408738576581e+02  1.000000000000000e+00  0.000000000000000e+00  8.120569483430530e-01  3.024640786856236e-01 
 5.559042572704375e+02  1.000000000000000e+00  0.000000000000000e+00  8.150504569805699e-01  3.007059203020002e-01 
 5.623413251903834e+02  1.000000000000000e+00  0.000000000000000e+00  8.180089658666090e-01  2.989287070365462e-01 
 5.688529308438762e+02  1.000000000000000e+00  0.000000000000000e+00  8.209323147006542e-01  2.971332419886850e-01 
 5.754399373371921e+02  1.000000000000000e+00  0.000000000000000e+00  8.238203655586727e-01  2.953203238980274e-01 
 5.821032177709070e+02  1.000000000000000e+00  0.000000000000000e+00  8.266730021430082e-01  2.934907467680655e-01 
 5.888436553556251e+02  1.000000000000000e+00  0.000000000000000e+00  8.294901295337347e-01  2.916452991050772e-01 
 5.956621435290471e+02  1.000000000000000e+00  0.000000000000000e+00  8.322716739108905e-01  2.897847631789344e-01 
 6.025595860743948e+02  1.000000000000000e+00  0.000000000000000e+00  8.350175817740040e-01  2.879099147096133e-01 
 6.095368972402067e+02  1.000000000000000e+00  0.000000000000000e+00  8.377278196319843e-01  2.860215221959930e-01 
 6.165950018615202e+02  1.000000000000000e+00  0.000000000000000e+00  8.404023736805920e-01  2.841203462449658e-01 
 6.237348354824578e+02  1.000000000000000e+00  0.000000000000000e+00  8.430412489874746e-01  2.822071393533521e-01 
 6.309573444802323e+02  1.000000000000000e+00  0.000000000000000e+00  8.456471686448691e-01  2.802772105270842e-01 
 6.382634861905883e+02  1.000000000000000e+00  0.000000000000000e+00  8.482147259094629e-01  2.783422016867569e-01 
 6.456542290346956e+02  1.000000000000000e+00  0.000000000000000e+00  8.507467295263219e-01  2.763973654227812e-01 
 6.531305526475130e+02  1.000000000000000e+00  0.000000000000000e+00  8.532432557041245e-01  2.744434166348941e-01 
 6.606934480076371e+02  1.000000000000000e+00  0.000000000000000e+00  8.557043969233189e-01  2.724810600326355e-01 
 6.683439175686563e+02  1.000000000000000e+00  0.000000000000000e+00  8.581302615588958e-01  2.705109896366985e-01 
 6.760829753920240e+02  1.000000000000000e+00  0.000000000000000e+00  8.605209734763739e-01  2.685338883300217e-01 
 6.839116472814720e+02  1.000000000000000e+00  0.000000000000000e+00  8.628766711538676e-01  2.665504278989617e-01 
 6.918309709189797e+02  1.000000000000000e+00  0.000000000000000e+00  8.651975075192871e-01  2.645612683840670e-01 
 6.998419960023173e+02  1.000000000000000e+00  0.000000000000000e+00  8.674836490341793e-01  2.625670582138965e-01 
 7.079457843841823e+02  1.000000000000000e+00  0.000000000000000e+00  8.697375108191489e-01  2.605633843184554e-01 
 7.161434102129469e+02  1.000000000000000e+00  0.000000000000000e+00  8.719547718412493e-01  2.585610085958576e-01 
 7.244359600750356e+02  1.000000000000000e+00  0.000000000000000e+00  8.741379153197000e-01  2.565554543099743e-01 
 7.328245331389502e+02  1.000000000000000e+00  0.000000000000000e+00  8.762871571926023e-01  2.545473207110523e-01 
 7.413102413009642e+02  1.000000000000000e+00  0.000000000000000e+00  8.784027246058174e-01  2.525371941897858e-01 
 7.498942093325031e+02  1.000000000000000e+00  0.000000000000000e+00  8.804848550505948e-01  2.505256485331127e-01 
 7.585775750292316e+02  1.000000000000000e+00  0.000000000000000e+00  8.825337961802106e-01  2.485132444652287e-01 
 7.673614893618674e+02  1.000000000000000e+00  0.000000000000000e+00  8.845517550868304e-01  2.464957551460807e-01 
 7.762471166287407e+02  1.000000000000000e+00  0.000000000000000e+00  8.865350594854358e-01  2.444833041826024e-01 
 7.852356346101215e+02  1.000000000000000e+00  0.000000000000000e+00  8.884859727347363e-01  2.424715994131047e-01 
 7.943282347243318e+02  1.000000000000000e+00  0.000000000000000e+00  8.904047773908755e-01  2.404611495343879e-01 
 8.035261221856681e+02  1.000000000000000e+00  0.000000000000000e+00  8.922917635299696e-01  2.384524501700516e-01 
 8.128305161641507e+02  1.000000000000000e+00  0.000000000000000e+00  8.941472281628470e-01  2.364459840314593e-01 
 8.222426499471233e+02  1.000000000000000e+00  0.000000000000000e+00  8.959714750044201e-01  2.344422206627760e-01 
 8.317637711027238e+02  1.000000000000000e+00  0.000000000000000e+00  8.977665098171147e-01  2.324371157545350e-01 
 8.413951416452486e+02  1.000000000000000e+00  0.000000000000000e+00  8.995292223255866e-01  2.304401536916485e-01 
 8.511380382024306e+02  1.000000000000000e+00  0.000000000000000e+00  9.012616637467460e-01  2.284472253869759e-01 
 8.609937521846555e+02  1.000000000000000e+00  0.000000000000000e+00  9.029641597435738e-01  2.264587488075372e-01 
 8.709635899561362e+02  1.000000000000000e+00  0.000000000000000e+00  9.046370403217178e-01  2.244751293501354e-01 
 8.810488730080704e+02  1.000000000000000e+00  0.000000000000000e+00  9.062821718278569e-01  2.224924523768626e-01 
 8.912509381338025e+02  1.000000000000000e+00  0.000000000000000e+00  9.078967966045498e-01  2.205197511545009e-01 
 9.015711376060145e+02  1.000000000000000e+00  0.000000000000000e+00  9.094828195298298e-01  2.185530476873583e-01 
 9.120108393559681e+02  1.000000000000000e+00  0.000000000000000e+00  9.110405845117384e-01  2.165926977032932e-01 
 9.225714271548222e+02  1.000000000000000e+00  0.000000000000000e+00  9.125704381209624e-01  2.146390447106566e-01 
 9.332543007970509e+02  1.000000000000000e+00  0.000000000000000e+00  9.140741115834519e-01  2.126883036656637e-01 
 9.440608762859839e+02  1.000000000000000e+00  0.000000000000000e+00  9.155491622927909e-01  2.107490654004483e-01 
 9.549925860214972e+02  1.000000000000000e+00  0.000000000000000e+00  9.169973538111896e-01  2.088174835811395e-01 
 9.660508789898754e+02  1.000000000000000e+00  0.000000000000000e+00  9.184190396678930e-01  2.068938548838053e-01 
 9.772372209558735e+02  1.000000000000000e+00  0.000000000000000e+00  9.198145742835218e-01  2.049784648051683e-01 
 9.885530946570024e+02  1.000000000000000e+00  0.000000000000000e+00  9.211855587027772e-01  2.030676579434626e-01 
 1.000000000000064e+03  1.000000000000000e+00  0.000000000000000e+00  9.225298309787781e-01  2.011695938977413e-01 
 1.011579454259964e+03  1.000000000000000e+00  0.000000000000000e+00  9.238490190011697e-01  1.992805585467830e-01 
 1.023292992280820e+03  1.000000000000000e+00  0.000000000000000e+00  9.251434783951703e-01  1.974007939393128e-01 
 1.035142166679411e+03  1.000000000000000e+00  0.000000000000000e+00  9.264147098818063e-01  1.955267485504212e-01 
 1.047128548050967e+03  1.000000000000000e+00  0.000000000000000e+00  9.276607533606011e-01  1.936662464447818e-01 
 1.059253725177357e+03  1.000000000000000e+00  0.000000000000000e+00  9.288831325690214e-01  1.918156795985930e-01 
 1.071519305237676e+03  1.000000000000000e+00  0.000000000000000e+00  9.300822004056487e-01  1.899752497558979e-01 
 1.083926914021273e+03  1.000000000000000e+00  0.000000000000000e+00  9.312593609460874e-01  1.881415093321090e-01 
 1.096478196143256e+03  1.000000000000000e+00  0.000000000000000e+00  9.324128375703127e-01  1.863219559325303e-01 
 1.109174815262473e+03  1.000000000000000e+00  0.000000000000000e+00  9.335440539457663e-01  1.845130878748659e-01 
 1.122018454302036e+03  1.000000000000000e+00  0.000000000000000e+00  9.346543442957616e-01  1.827115353338578e-01 
 1.135010815672388e+03  1.000000000000000e+00  0.000000000000000e+00  9.357420582251069e-01  1.809245577617144e-01 
 1.148153621496957e+03  1.000000000000000e+00  0.000000000000000e+00  9.368085472302106e-01  1.791487331244647e-01 
 1.161448613840418e+03  1.000000000000000e+00  0.000000000000000e+00  9.378550779407681e-01  1.773807692312804e-01 
 1.174897554939606e+03  1.000000000000000e+00  0.000000000000000e+00  9.388801173270900e-01  1.756276929737258e-01 
 1.188502227437096e+03  1.000000000000000e+00  0.000000000000000e+00  9.398849471692630e-01  1.738861618964633e-01 
 1.202264434617491e+03  1.000000000000000e+00  0.000000000000000e+00  9.408707687702090e-01  1.721529613228617e-01 
 1.216186000646447e+03  1.000000000000000e+00  0.000000000000000e+00  9.418361581443478e-01  1.704348913658748e-01 
 1.230268770812462e+03  1.000000000000000e+00  0.000000000000000e+00  9.427823298721583e-01  1.687286889588872e-01 
 1.244514611771466e+03  1.000000000000000e+00  0.000000000000000e+00  9.437104222861620e-01  1.670312166451538e-01 
 1.258925411794249e+03  1.000000000000000e+00  0.000000000000000e+00  9.446191126332090e-01  1.653490537168571e-01 
 1.273503081016745e+03  1.000000000000000e+00  0.000000000000000e+00  9.455095508978123e-01  1.636790160884886e-01 
 1.288249551693218e+03  1.000000000000000e+00  0.000000000000000e+00  9.463828147424751e-01  1.620180432961824e-01 
 1.303166778452385e+03  1.000000000000000e+00  0.000000000000000e+00  9.472376754648236e-01  1.603724996289167e-01 
 1.318256738556493e+03  1.000000000000000e+00  0.000000000000000e+00  9.480759507117053e-01  1.587362102146326e-01 
 1.333521432163411e+03  1.000000000000000e+00  0.000000000000000e+00  9.488964705991467e-01  1.571153995018243e-01 
 1.348962882591742e+03  1.000000000000000e+00  0.000000000000000e+00  9.497009816287015e-01  1.555040074439143e-01 
 1.364583136589014e+03  1.000000000000000e+00  0.000000000000000e+00  9.504883699641637e-01  1.539081211368780e-01 
 1.380384264602976e+03  1.000000000000000e+00  0.000000000000000e+00  9.512596446315839e-01  1.523247393526541e-01 
 1.396368361056030e+03  1.000000000000000e+00  0.000000000000000e+00  9.520157511997334e-01  1.507509789727666e-01 
 1.412537544622847e+03  1.000000000000000e+00  0.000000000000000e+00  9.527556548323954e-01  1.491927260313660e-01 
 1.428893958511197e+03  1.000000000000000e+00  0.000000000000000e+00  9.534809344968560e-01  1.476442021518425e-01 
 1.445439770746023e+03  1.000000000000000e+00  0.000000000000000e+00  9.541906047454446e-01  1.461111627767633e-01 
 1.462177174456815e+03  1.000000000000000e+00  0.000000000000000e+00  9.548861815667049e-01  1.445879398819017e-01 
 1.479108388168306e+03  1.000000000000000e+00  0.000000000000000e+00  9.555667265431365e-01  1.430801608240753e-01 
 1.496235656094533e+03  1.000000000000000e+00  0.000000000000000e+00  9.562336948617148e-01  1.415822666608052e-01 
 1.513561248436309e+03  1.000000000000000e+00  0.000000000000000e+00  9.568867537277271e-01  1.400970507753296e-01 
 1.531087461682132e+03  1.000000000000000e+00  0.000000000000000e+00  9.575256171330990e-01  1.386271871411260e-01 
 1.548816618912585e+03  1.000000000000000e+00  0.000000000000000e+00  9.581516531236032e-01  1.371672777923501e-01 
 1.566751070108254e+03  1.000000000000000e+00  0.000000000000000e+00  9.587640310489034e-01  1.357226411761912e-01 
 1.584893192461219e+03  1.000000000000000e+00  0.000000000000000e+00  9.593640634848184e-01  1.342879848587006e-01 
 1.603245390690149e+03  1.000000000000000e+00  0.000000000000000e+00  9.599509592488329e-01  1.328685081757076e-01 
 1.621810097359039e+03  1.000000000000000e+00  0.000000000000000e+00  9.605259774321675e-01  1.314590228872795e-01 
 1.640589773199649e+03  1.000000000000000e+00  0.000000000000000e+00  9.610888447269035e-01  1.300620975800452e-01 
 1.659586907437672e+03  1.000000000000000e+00  0.000000000000000e+00  9.616393277511153e-01  1.286801890554793e-01 
 1.678804018122673e+03  1.000000000000000e+00  0.000000000000000e+00  9.621786090077022e-01  1.273082627124584e-01 
 1.698243652461858e+03  1.000000000000000e+00  0.000000000000000e+00  9.627064371520478e-01  1.259487963292710e-01 
 1.717908387157704e+03  1.000000000000000e+00  0.000000000000000e+00  9.632225980658786e-01  1.246041592473910e-01 
 1.737800828749492e+03  1.000000000000000e+00  0.000000000000000e+00  9.637282019222964e-01  1.232694671768896e-01 
 1.757923613958811e+03  1.000000000000000e+00  0.000000000000000e+00  9.642230174504124e-01  1.219471103531191e-01 
 1.778279410039043e+03  1.000000000000000e+00  0.000000000000000e+00  9.647072590458103e-01  1.206370422642926e-01 
 1.798870915128909e+03  1.000000000000000e+00  0.000000000000000e+00  9.651807357072841e-01  1.193415204654329e-01 
 1.819700858610106e+03  1.000000000000000e+00  0.000000000000000e+00  9.656444674207216e-01  1.180558559450783e-01 
 1.840772001469080e+03  1.000000000000000e+00  0.000000000000000e+00  9.660982470161755e-01  1.167823271652072e-01 
 1.862087136662994e+03  1.000000000000000e+00  0.000000000000000e+00  9.665422748192756e-01  1.155208789346983e-01 
 1.883649089489928e+03  1.000000000000000e+00  0.000000000000000e+00  9.669767476814812e-01  1.142714542215054e-01 
 1.905460717963377e+03  1.000000000000000e+00  0.000000000000000e+00  9.674018591058903e-01  1.130339940134841e-01 
 1.927524913191067e+03  1.000000000000000e+00  0.000000000000000e+00  9.678177991320458e-01  1.118084377770124e-01 
 1.949844599758178e+03  1.000000000000000e+00  0.000000000000000e+00  9.682244109112056e-01  1.105968605409742e-01 
 1.972422736114988e+03  1.000000000000000e+00  0.000000000000000e+00  9.686225726692884e-01  1.093949005956629e-01 
 1.995262314969016e+03  1.000000000000000e+00  0.000000000000000e+00  9.690121131455283e-01  1.082046535154893e-01 
 2.018366363681699e+03  1.000000000000000e+00  0.000000000000000e+00  9.693932092556445e-01  1.070260526155335e-01 
 2.041737944669669e+03  1.000000000000000e+00  0.000000000000000e+00  9.697660347054938e-01  1.058590299217290e-01 
 2.065380155810671e+03  1.000000000000000e+00  0.000000000000000e+00  9.701307600389749e-01  1.047035162294697e-01 
 2.089296130854183e+03  1.000000000000000e+00  0.000000000000000e+00  9.704875526689517e-01  1.035594411880934e-01 
 2.113489039836792e+03  1.000000000000000e+00  0.000000000000000e+00  9.708365769444135e-01  1.024267333110650e-01 
 2.137962089502379e+03  1.000000000000000e+00  0.000000000000000e+00  9.711782811820578e-01  1.013033625342783e-01 
 2.162718523727169e+03  1.000000000000000e+00  0.000000000000000e+00  9.715122432384121e-01  1.001931920292320e-01 
 2.187761623949703e+03  1.000000000000000e+00  0.000000000000000e+00  9.718389120109714e-01  9.909416815805099e-02 
 2.213094709605790e+03  1.000000000000000e+00  0.000000000000000e+00  9.721584398876901e-01  9.800621578500424e-02 
 2.238721138568494e+03  1.000000000000000e+00  0.000000000000000e+00  9.724709764031823e-01  9.692925893036050e-02 
 2.264644307593216e+03  1.000000000000000e+00  0.000000000000000e+00  9.727766682424441e-01  9.586322092017938e-02 
 2.290867652767931e+03  1.000000000000000e+00  0.000000000000000e+00  9.730759099554185e-01  9.480619255736811e-02 
 2.317394649968639e+03  1.000000000000000e+00  0.000000000000000e+00  9.733683357391580e-01  9.376177982558997e-02 
 2.344228815320084e+03  1.000000000000000e+00  0.000000000000000e+00  9.736543403922244e-01  9.272805194715175e-02 
 2.371373705661819e+03  1.000000000000000e+00  0.000000000000000e+00  9.739342938705731e-01  9.170315806974043e-02 
 2.398832919019656e+03  1.000000000000000e+00  0.000000000000000e+00  9.742078555693332e-01  9.069058203340263e-02 
 2.426610095082583e+03  1.000000000000000e+00  0.000000000000000e+00  9.744753955618987e-01  8.968845233642869e-02 
 2.454708915685200e+03  1.000000000000000e+00  0.000000000000000e+00  9.747372606785317e-01  8.869497497939094e-02 
 2.483133105295743e+03  1.000000000000000e+00  0.000000000000000e+00  9.749931337197811e-01  8.771351578233222e-02 
 2.511886431509754e+03  1.000000000000000e+00  0.000000000000000e+00  9.752435706568734e-01  8.674058517304260e-02 
 2.540972705549481e+03  1.000000000000000e+00  0.000000000000000e+00  9.754882690106710e-01  8.577947239975010e-02 
 2.570395782769042e+03  1.000000000000000e+00  0.000000000000000e+00  9.757277607432324e-01  8.482676263652232e-02 
 2.600159563165453e+03  1.000000000000000e+00  0.000000000000000e+00  9.759619527623176e-01  8.388404974854086e-02 
 2.630267991895565e+03  1.000000000000000e+00  0.000000000000000e+00  9.761907678152755e-01  8.295285414437327e-02 
 2.660725059798995e+03  1.000000000000000e+00  0.000000000000000e+00  9.764147036777510e-01  8.202987056227941e-02 
 2.691534803927103e+03  1.000000000000000e+00  0.000000000000000e+00  9.766336741766126e-01  8.111663731703603e-02 
 2.722701308078103e+03  1.000000000000000e+00  0.000000000000000e+00  9.768477863265737e-01  8.021307208264424e-02 
 2.754228703338359e+03  1.000000000000000e+00  0.000000000000000e+00  9.770569705482338e-01  7.932062488485235e-02 
 2.786121168629965e+03  1.000000000000000e+00  0.000000000000000e+00  9.772616823184296e-01  7.843613166374562e-02 
 2.818382931264651e+03  1.000000000000000e+00  0.000000000000000e+00  9.774618438399075e-01  7.756105979206200e-02 
 2.851018267504109e+03  1.000000000000000e+00  0.000000000000000e+00  9.776575536641915e-01  7.669532717431340e-02 
 2.884031503126808e+03  1.000000000000000e+00  0.000000000000000e+00  9.778489083296105e-01  7.583885181480336e-02 
 2.917427014001372e+03  1.000000000000000e+00  0.000000000000000e+00  9.780360024241816e-01  7.499155177252385e-02 
 2.951209226666593e+03  1.000000000000000e+00  0.000000000000000e+00  9.782189285402207e-01  7.415334539568792e-02 
 2.985382618918170e+03  1.000000000000000e+00  0.000000000000000e+00  9.783977773913825e-01  7.332415112944668e-02 
 3.019951720402229e+03  1.000000000000000e+00  0.000000000000000e+00  9.785727831846033e-01  7.250248718990986e-02 
 3.054921113215728e+03  1.000000000000000e+00  0.000000000000000e+00  9.787437388354280e-01  7.169108920514972e-02 
 3.090295432513808e+03  1.000000000000000e+00  0.000000000000000e+00  9.789108782586177e-01  7.088845997331458e-02 
 3.126079367124176e+03  1.000000000000000e+00  0.000000000000000e+00  9.790742848344578e-01  7.009451897376771e-02 
 3.162277660168603e+03  1.000000000000000e+00  0.000000000000000e+00  9.792341729803598e-01  6.930784712157705e-02 
 3.198895109691624e+03  1.000000000000000e+00  0.000000000000000e+00  9.793903541453244e-01  6.853105703864473e-02 
 3.235936569296512e+03  1.000000000000000e+00  0.000000000000000e+00  9.795431692246206e-01  6.776140627534455e-02 
 3.273406948788614e+03  1.000000000000000e+00  0.000000000000000e+00  9.796924383205085e-01  6.700144795295609e-02 
 3.311311214826146e+03  1.000000000000000e+00  0.000000000000000e+00  9.798384873627917e-01  6.624849979663185e-02 
 3.349654391578515e+03  1.000000000000000e+00  0.000000000000000e+00  9.799812631353432e-01  6.550379159973498e-02 
 3.388441561392267e+03  1.000000000000000e+00  0.000000000000000e+00  9.801208376837286e-01  6.476724470764550e-02 
 3.427677865464748e+03  1.000000000000000e+00  0.000000000000000e+00  9.802571683891391e-01  6.404001769931959e-02 
 3.467368504525564e+03  1.000000000000000e+00  0.000000000000000e+00  9.803905531295066e-01  6.331954504598880e-02 
 3.507518739525930e+03  1.000000000000000e+00  0.000000000000000e+00  9.805209437031746e-01  6.260700025667766e-02 
 3.548133892336008e+03  1.000000000000000e+00  0.000000000000000e+00  9.806484062244386e-01  6.190230633343827e-02 
 3.589219346450309e+03  1.000000000000000e+00  0.000000000000000e+00  9.807730054132113e-01  6.120538667834163e-02 
 3.630780547701273e+03  1.000000000000000e+00  0.000000000000000e+00  9.808948045835537e-01  6.051616520377488e-02 
 3.672823004981110e+03  1.000000000000000e+00  0.000000000000000e+00  9.810139643788039e-01  5.983341067538889e-02 
 3.715352290971992e+03  1.000000000000000e+00  0.000000000000000e+00  9.811303458635985e-01  5.915937210385876e-02 
 3.758374042884712e+03  1.000000000000000e+00  0.000000000000000e+00  9.812441093454731e-01  5.849280597334147e-02 
 3.801893963205885e+03  1.000000000000000e+00  0.000000000000000e+00  9.813554049952328e-01  5.783252124596782e-02 
 3.845917820453813e+03  1.000000000000000e+00  0.000000000000000e+00  9.814641032900311e-01  5.718069051942039e-02 
 3.890451449943086e+03  1.000000000000000e+00  0.000000000000000e+00  9.815704420954879e-01  5.653501914325892e-02 
 3.935500754558058e+03  1.000000000000000e+00  0.000000000000000e+00  9.816743837924434e-01  5.589655086985423e-02 
 3.981071705535260e+03  1.000000000000000e+00  0.000000000000000e+00  9.817759817287440e-01  5.526521306102778e-02 
 4.027170343254882e+03  1.000000000000000e+00  0.000000000000000e+00  9.818752880759609e-01  5.464093364606380e-02 
 4.073802778041422e+03  1.000000000000000e+00  0.000000000000000e+00  9.819723539143854e-01  5.402364097985012e-02 
 4.120975190973601e+03  1.000000000000000e+00  0.000000000000000e+00  9.820672291742102e-01  5.341326404612898e-02 
 4.168693834703657e+03  1.000000000000000e+00  0.000000000000000e+00  9.821599627199274e-01  5.280973231197805e-02 
 4.216965034286129e+03  1.000000000000000e+00  0.000000000000000e+00  9.822506023470464e-01  5.221297579381340e-02 
 4.265795188016236e+03  1.000000000000000e+00  0.000000000000000e+00  9.823391948093350e-01  5.162292504687262e-02 
 4.315190768277966e+03  1.000000000000000e+00  0.000000000000000e+00  9.824258574656584e-01  5.103852570057797e-02 
 4.365158322401977e+03  1.000000000000000e+00  0.000000000000000e+00  9.825104901692659e-01  5.046169152516874e-02 
 4.415704473533447e+03  1.000000000000000e+00  0.000000000000000e+00  9.825932784040557e-01  4.989039462987157e-02 
 4.466835921509957e+03  1.000000000000000e+00  0.000000000000000e+00  9.826741934257452e-01  4.932555291646914e-02 
 4.518559443749554e+03  1.000000000000000e+00  0.000000000000000e+00  9.827532772184280e-01  4.876709926761989e-02 
 4.570881896149084e+03  1.000000000000000e+00  0.000000000000000e+00  9.828305708110576e-01  4.821496720335965e-02 
 4.623810213992941e+03  1.000000000000000e+00  0.000000000000000e+00  9.829061143454041e-01  4.766909076780183e-02 
 4.677351412872325e+03  1.000000000000000e+00  0.000000000000000e+00  9.829799470754710e-01  4.712940457894154e-02 
 4.731512589615151e+03  1.000000000000000e+00  0.000000000000000e+00  9.830521670622374e-01  4.659494417790810e-02 
 4.786300923226734e+03  1.000000000000000e+00  0.000000000000000e+00  9.831226911952947e-01  4.606745468408835e-02 
 4.841723675841348e+03  1.000000000000000e+00  0.000000000000000e+00  9.831916742050857e-01  4.554508320119931e-02 
 4.897788193684822e+03  1.000000000000000e+00  0.000000000000000e+00  9.832590924349275e-01  4.502866583440818e-02 
 4.954501908048266e+03  1.000000000000000e+00  0.000000000000000e+00  9.833249266726102e-01  4.451899905040945e-02 
 5.011872336273092e+03  1.000000000000000e+00  0.000000000000000e+00  9.833893214268226e-01  4.401429189146949e-02 
 5.069907082747417e+03  1.000000000000000e+00  0.000000000000000e+00  9.834523066719224e-01  4.351451181811875e-02 
 5.128613839914026e+03  1.000000000000000e+00  0.000000000000000e+00  9.835138101397723e-01  4.302128722008183e-02 
 5.188000389289994e+03  1.000000000000000e+00  0.000000000000000e+00  9.835739172377502e-01  4.253370770341539e-02 
 5.248074602498114e+03  1.000000000000000e+00  0.000000000000000e+00  9.836327079780829e-01  4.205090144853896e-02 
 5.308844442310276e+03  1.000000000000000e+00  0.000000000000000e+00  9.836901623829793e-01  4.157363908863294e-02 
 5.370317963702924e+03  1.000000000000000e+00  0.000000000000000e+00  9.837463106217985e-01  4.110186130450116e-02 
 5.432503314924734e+03  1.000000000000000e+00  0.000000000000000e+00  9.838011821924509e-01  4.063550933929767e-02 
 5.495408738576652e+03  1.000000000000000e+00  0.000000000000000e+00  9.838548059271965e-01  4.017452501311711e-02 
 5.559042572704448e+03  1.000000000000000e+00  0.000000000000000e+00  9.839072533094756e-01  3.971808408923867e-02 
 5.623413251903908e+03  1.000000000000000e+00  0.000000000000000e+00  9.839584643454774e-01  3.926767141843911e-02 
 5.688529308438837e+03  1.000000000000000e+00  0.000000000000000e+00  9.840085516279452e-01  3.882170579134107e-02 
 5.754399373371997e+03  1.000000000000000e+00  0.000000000000000e+00  9.840574982857790e-01  3.838089753635475e-02 
 5.821032177709148e+03  1.000000000000000e+00  0.000000000000000e+00  9.841053301379975e-01  3.794519094768603e-02 
 5.888436553556328e+03  1.000000000000000e+00  0.000000000000000e+00  9.841520724261467e-01  3.751453086870640e-02 
 5.956621435290549e+03  1.000000000000000e+00  0.000000000000000e+00  9.841977875633612e-01  3.708814694197776e-02 
 6.025595860744027e+03  1.000000000000000e+00  0.000000000000000e+00  9.842424602356531e-01  3.666671712791748e-02 
 6.095368972402147e+03  1.000000000000000e+00  0.000000000000000e+00  9.842861140970171e-01  3.625018759837037e-02 
 6.165950018615283e+03  1.000000000000000e+00  0.000000000000000e+00  9.843287722624298e-01  3.583850508772665e-02 
 6.237348354824660e+03  1.000000000000000e+00  0.000000000000000e+00  9.843704573197876e-01  3.543161688428201e-02 
 6.309573444802405e+03  1.000000000000000e+00  0.000000000000000e+00  9.844112250052122e-01  3.502879489206123e-02 
 6.382634861905965e+03  1.000000000000000e+00  0.000000000000000e+00  9.844510288666295e-01  3.463134693226756e-02 
 6.456542290347040e+03  1.000000000000000e+00  0.000000000000000e+00  9.844899565614784e-01  3.423787762905189e-02 
 6.531305526475215e+03  1.000000000000000e+00  0.000000000000000e+00  9.845280265332723e-01  3.384835896751364e-02 
 6.606934480076457e+03  1.000000000000000e+00  0.000000000000000e+00  9.845651954888821e-01  3.346405413486669e-02 
 6.683439175686650e+03  1.000000000000000e+00  0.000000000000000e+00  9.846015453137946e-01  3.308361450579000e-02 
 6.760829753920328e+03  1.000000000000000e+00  0.000000000000000e+00  9.846370639684158e-01  3.270764358855170e-02 
 6.839116472814810e+03  1.000000000000000e+00  0.000000000000000e+00  9.846717703756903e-01  3.233609237055720e-02 
 6.918309709189888e+03  1.000000000000000e+00  0.000000000000000e+00  9.847057110463229e-01  3.196829566198705e-02 
 6.998419960023265e+03  1.000000000000000e+00  0.000000000000000e+00  9.847388474138991e-01  3.160544586017008e-02 
 7.079457843841916e+03  1.000000000000000e+00  0.000000000000000e+00  9.847712525599116e-01  3.124626899860144e-02 
 7.161434102129563e+03  1.000000000000000e+00  0.000000000000000e+00  9.848029419277633e-01  3.089073874175020e-02 
 7.244359600750450e+03  1.000000000000000e+00  0.000000000000000e+00  9.848338795816394e-01  3.054000678281527e-02 
 7.328245331389598e+03  1.000000000000000e+00  0.000000000000000e+00  9.848641337655154e-01  3.019284195253013e-02 
 7.413102413009738e+03  1.000000000000000e+00  0.000000000000000e+00  9.848936945517287e-01  2.984979411912024e-02 
 7.498942093325129e+03  1.000000000000000e+00  0.000000000000000e+00  9.849226016350312e-01  2.951024874108451e-02 
 7.585775750292415e+03  1.000000000000000e+00  0.000000000000000e+00  9.849508455546719e-01  2.917474296929513e-02 
 7.673614893618774e+03  1.000000000000000e+00  0.000000000000000e+00  9.849784414801535e-01  2.884323212218627e-02 
 7.762471166287509e+03  1.000000000000000e+00  0.000000000000000e+00  9.850054042365636e-01  2.851567200482486e-02 
 7.852356346101316e+03  1.000000000000000e+00  0.000000000000000e+00  9.850317700514190e-01  2.819147538656322e-02 
 7.943282347243421e+03  1.000000000000000e+00  0.000000000000000e+00  9.850575303550315e-01  2.787115497663172e-02 
 8.035261221856787e+03  1.000000000000000e+00  0.000000000000000e+00  9.850827197905777e-01  2.755413660982624e-02 
 8.128305161641614e+03  1.000000000000000e+00  0.000000000000000e+00  9.851073301804186e-01  2.724092116668801e-02 
 8.222426499471341e+03  1.000000000000000e+00  0.000000000000000e+00  9.851313748078068e-01  2.693146642164455e-02 
 8.317637711027348e+03  1.000000000000000e+00  0.000000000000000e+00  9.851548860408035e-01  2.662521740558446e-02 
 8.413951416452597e+03  1.000000000000000e+00  0.000000000000000e+00  9.851778562787016e-01  2.632265779909693e-02 
 8.511380382024419e+03  1.000000000000000e+00  0.000000000000000e+00  9.852002979360442e-01  2.602374659868801e-02 
 8.609937521846668e+03  1.000000000000000e+00  0.000000000000000e+00  9.852222412693297e-01  2.572794738095221e-02 
 8.709635899561477e+03  1.000000000000000e+00  0.000000000000000e+00  9.852436791982950e-01  2.543572725114956e-02 
 8.810488730080820e+03  1.000000000000000e+00  0.000000000000000e+00  9.852646406332728e-01  2.514656178767141e-02 
 8.912509381338143e+03  1.000000000000000e+00  0.000000000000000e+00  9.852851188453915e-01  2.486090727731074e-02 
 9.015711376060264e+03  1.000000000000000e+00  0.000000000000000e+00  9.853051249518280e-01  2.457872460670726e-02 
 9.120108393559802e+03  1.000000000000000e+00  0.000000000000000e+00  9.853246859687923e-01  2.429950691496085e-02 
 9.225714271548344e+03  1.000000000000000e+00  0.000000000000000e+00  9.853438114094395e-01  2.402323202710951e-02 
 9.332543007970631e+03  1.000000000000000e+00  0.000000000000000e+00  9.853624951673899e-01  2.375033539657032e-02 
 9.440608762859963e+03  1.000000000000000e+00  0.000000000000000e+00  9.853807474325620e-01  2.348077930498356e-02 
 9.549925860215099e+03  1.000000000000000e+00  0.000000000000000e+00  9.853985928857109e-01  2.321407932476302e-02 
 9.660508789898882e+03  1.000000000000000e+00  0.000000000000000e+00  9.854160402465566e-01  2.295021394208931e-02 
 9.772372209558866e+03  1.000000000000000e+00  0.000000000000000e+00  9.854330698942390e-01  2.269003575016763e-02 
 9.885530946570156e+03  1.000000000000000e+00  0.000000000000000e+00  9.854497334029589e-01  2.243219737217959e-02 
 1.000000000000078e+04  1.000000000000000e+00  0.000000000000000e+00  9.854660110855628e-01  2.217754686604780e-02 
 1.011579454259977e+04  1.000000000000000e+00  0.000000000000000e+00  9.854819250126690e-01  2.192562637375937e-02 
 1.023292992280834e+04  1.000000000000000e+00  0.000000000000000e+00  9.854974701532329e-01  2.167683252782021e-02 
 1.035142166679424e+04  1.000000000000000e+00  0.000000000000000e+00  9.855126550471356e-01  2.143113034519287e-02 
 1.047128548050981e+04  1.000000000000000e+00  0.000000000000000e+00  9.855275125833922e-01  2.118766946571193e-02 
 1.059253725177371e+04  1.000000000000000e+00  0.000000000000000e+00  9.855420252493369e-01  2.094725017872590e-02 
 1.071519305237690e+04  1.000000000000000e+00  0.000000000000000e+00  9.855562010425638e-01  2.070983842048562e-02 
 1.083926914021288e+04  1.000000000000000e+00  0.000000000000000e+00  9.855700706936441e-01  2.047461239111546e-02 
 1.096478196143271e+04  1.000000000000000e+00  0.000000000000000e+00  9.855836178810934e-01  2.024234499551038e-02 
 1.109174815262488e+04  1.000000000000000e+00  0.000000000000000e+00  9.855968500931036e-01  2.001300307730911e-02 
 1.122018454302051e+04  1.000000000000000e+00  0.000000000000000e+00  9.856097853508242e-01  1.978617315655810e-02 
 1.135010815672404e+04  1.000000000000000e+00  0.000000000000000e+00  9.856224300816917e-01  1.956183591823548e-02 
 1.148153621496973e+04  1.000000000000000e+00  0.000000000000000e+00  9.856347905698262e-01  1.933997215600866e-02 
 1.161448613840434e+04  1.000000000000000e+00  0.000000000000000e+00  9.856468629908253e-01  1.912093055526972e-02 
 1.174897554939622e+04  1.000000000000000e+00  0.000000000000000e+00  9.856586735841601e-01  1.890395227265857e-02 
 1.188502227437112e+04  1.000000000000000e+00  0.000000000000000e+00  9.856701989448741e-01  1.869010935411868e-02 
 1.202264434617508e+04  1.000000000000000e+00  0.000000000000000e+00  9.856814741479232e-01  1.847829229329589e-02 
 1.216186000646464e+04  1.000000000000000e+00  0.000000000000000e+00  9.856924950784347e-01  1.826884612137582e-02 
 1.230268770812479e+04  1.000000000000000e+00  0.000000000000000e+00  9.857032583535230e-01  1.806209963248830e-02 
 1.244514611771483e+04  1.000000000000000e+00  0.000000000000000e+00  9.857137787108756e-01  1.785767924788775e-02 
 1.258925411794267e+04  1.000000000000000e+00  0.000000000000000e+00  9.857240614555121e-01  1.765556682269315e-02 
 1.273503081016763e+04  1.000000000000000e+00  0.000000000000000e+00  9.857341117499310e-01  1.745574435278976e-02 
 1.288249551693236e+04  1.000000000000000e+00  0.000000000000000e+00  9.857439346846956e-01  1.725819389866012e-02 
 1.303166778452403e+04  1.000000000000000e+00  0.000000000000000e+00  9.857535352302444e-01  1.706289764288241e-02 
 1.318256738556512e+04  1.000000000000000e+00  0.000000000000000e+00  9.857629182497242e-01  1.686983787942170e-02 
 1.333521432163430e+04  1.000000000000000e+00  0.000000000000000e+00  9.857720885081837e-01  1.667899700730583e-02 
 1.348962882591761e+04  1.000000000000000e+00  0.000000000000000e+00  9.857810432438353e-01  1.649067427889362e-02 
 1.364583136589033e+04  1.000000000000000e+00  0.000000000000000e+00  9.857898020429531e-01  1.630421520578526e-02 
 1.380384264602995e+04  1.000000000000000e+00  0.000000000000000e+00  9.857983617862041e-01  1.611992291883063e-02 
 1.396368361056049e+04  1.000000000000000e+00  0.000000000000000e+00  9.858067268483495e-01  1.593778026385827e-02 
 1.412537544622867e+04  1.000000000000000e+00  0.000000000000000e+00  9.858149015051008e-01  1.575777020809599e-02 
 1.428893958511217e+04  1.000000000000000e+00  0.000000000000000e+00  9.858228899634029e-01  1.557987581002279e-02 
 1.445439770746043e+04  1.000000000000000e+00  0.000000000000000e+00  9.858306963347747e-01  1.540408025130044e-02 
 1.462177174456835e+04  1.000000000000000e+00  0.000000000000000e+00  9.858383246299087e-01  1.523036684344280e-02 
 1.479108388168326e+04  1.000000000000000e+00  0.000000000000000e+00  9.858457849789616e-01  1.505843009965174e-02 
 1.496235656094553e+04  1.000000000000000e+00  0.000000000000000e+00  9.858530747703955e-01  1.488854906012874e-02 
 1.513561248436329e+04  1.000000000000000e+00  0.000000000000000e+00  9.858601977786613e-01  1.472070727123048e-02 
 1.531087461682153e+04  1.000000000000000e+00  0.000000000000000e+00  9.858671577051658e-01  1.455488839302860e-02 
 1.548816618912606e+04  1.000000000000000e+00  0.000000000000000e+00  9.858739638316339e-01  1.439080028997767e-02 
 1.566751070108275e+04  1.000000000000000e+00  0.000000000000000e+00  9.858806137913803e-01  1.422870909171998e-02 
 1.584893192461241e+04  1.000000000000000e+00  0.000000000000000e+00  9.858871110638515e-01  1.406859871459254e-02 
 1.603245390690170e+04  1.000000000000000e+00  0.000000000000000e+00  9.858934643335608e-01  1.391018664875894e-02 
 1.621810097359060e+04  1.000000000000000e+00  0.000000000000000e+00  9.858996714207091e-01  1.375372970333788e-02 
 1.640589773199671e+04  1.000000000000000e+00  0.000000000000000e+00  9.859057406363192e-01  1.359895157985166e-02 
 1.659586907437694e+04  1.000000000000000e+00  0.000000000000000e+00  9.859116699092618e-01  1.344610303672298e-02 
 1.678804018122696e+04  1.000000000000000e+00  0.000000000000000e+00  9.859174671891349e-01  1.329491385896250e-02 
 1.698243652461881e+04  1.000000000000000e+00  0.000000000000000e+00  9.859231305285849e-01  1.314562888255578e-02 
 1.717908387157727e+04  1.000000000000000e+00  0.000000000000000e+00  9.859286675376127e-01  1.299798384244039e-02 
 1.737800828749516e+04  1.000000000000000e+00  0.000000000000000e+00  9.859340763515569e-01  1.285221782818468e-02 
 1.757923613958835e+04  1.000000000000000e+00  0.000000000000000e+00  9.859393686651293e-01  1.270782928063992e-02 
 1.778279410039067e+04  1.000000000000000e+00  0.000000000000000e+00  9.859445381154068e-01  1.256530033600421e-02 
 1.798870915128933e+04  1.000000000000000e+00  0.000000000000000e+00  9.859495874815509e-01  1.242461573383343e-02 
 1.819700858610131e+04  1.000000000000000e+00  0.000000000000000e+00  9.859545277099567e-01  1.228529062384718e-02 
 1.840772001469105e+04  1.000000000000000e+00  0.000000000000000e+00  9.859593528688295e-01  1.214779048947045e-02 
 1.862087136663018e+04  1.000000000000000e+00  0.000000000000000e+00  9.859640734435781e-01  1.201164124877011e-02 
 1.883649089489953e+04  1.000000000000000e+00  0.000000000000000e+00  9.859686837775572e-01  1.187729754929250e-02 
 1.905460717963402e+04  1.000000000000000e+00  0.000000000000000e+00  9.859731901467780e-01  1.174452015166093e-02 
 1.927524913191092e+04  1.000000000000000e+00  0.000000000000000e+00  9.859775947522026e-01  1.161330196503733e-02 
 1.949844599758204e+04  1.000000000000000e+00  0.000000000000000e+00  9.859819033725323e-01  1.148341664538811e-02 
 1.972422736115014e+04  1.000000000000000e+00  0.000000000000000e+00  9.859861108611201e-01  1.135529793507408e-02 
 1.995262314969042e+04  1.000000000000000e+00  0.000000000000000e+00  9.859902264086927e-01  1.122850270320470e-02 
 2.018366363681725e+04  1.000000000000000e+00  0.000000000000000e+00  9.859942484825790e-01  1.110324283785476e-02 
 2.041737944669696e+04  1.000000000000000e+00  0.000000000000000e+00  9.859981790884115e-01  1.097951102073152e-02 
 2.065380155810698e+04  1.000000000000000e+00  0.000000000000000e+00  9.860020234121974e-01  1.085709296951134e-02 
 2.089296130854210e+04  1.000000000000000e+00  0.000000000000000e+00  9.860057768968109e-01  1.073639757935646e-02 
 2.113489039836820e+04  1.000000000000000e+00  0.000000000000000e+00  9.860094508535491e-01  1.061680368843720e-02 
 2.137962089502407e+04  1.000000000000000e+00  0.000000000000000e+00  9.860130407457203e-01  1.049871763255544e-02 
 2.162718523727198e+04  1.000000000000000e+00  0.000000000000000e+00  9.860165483862418e-01  1.038213188647986e-02 
 2.187761623949732e+04  1.000000000000000e+00  0.000000000000000e+00  9.860199784579265e-01  1.026684352771715e-02 
 2.213094709605820e+04  1.000000000000000e+00  0.000000000000000e+00  9.860233325253276e-01  1.015285172756985e-02 
 2.238721138568524e+04  1.000000000000000e+00  0.000000000000000e+00  9.860266093925107e-01  1.004034642597001e-02 
 2.264644307593246e+04  1.000000000000000e+00  0.000000000000000e+00  9.860298134389709e-01  9.929131205469493e-03 
 2.290867652767962e+04  1.000000000000000e+00  0.000000000000000e+00  9.860329461549941e-01  9.819204874892845e-03 
 2.317394649968670e+04  1.000000000000000e+00  0.000000000000000e+00  9.860360115725624e-01  9.710381661726428e-03 
 2.344228815320116e+04  1.000000000000000e+00  0.000000000000000e+00  9.860390059390217e-01  9.603031115109210e-03 
 2.371373705661851e+04  1.000000000000000e+00  0.000000000000000e+00  9.860419332981767e-01  9.496965071298080e-03 
 2.398832919019689e+04  1.000000000000000e+00  0.000000000000000e+00  9.860447950424124e-01  9.392181829941077e-03 
 2.426610095082616e+04  1.000000000000000e+00  0.000000000000000e+00  9.860475925261279e-01  9.288679583953624e-03 
 2.454708915685234e+04  1.000000000000000e+00  0.000000000000000e+00  9.860503294034078e-01  9.186282266150009e-03 
 2.483133105295776e+04  1.000000000000000e+00  0.000000000000000e+00  9.860530045922699e-01  9.085165966440411e-03 
 2.511886431509789e+04  1.000000000000000e+00  0.000000000000000e+00  9.860556215799334e-01  8.985158319403524e-03 
 2.540972705549516e+04  1.000000000000000e+00  0.000000000000000e+00  9.860581793676200e-01  8.886431083094422e-03 
 2.570395782769077e+04  1.000000000000000e+00  0.000000000000000e+00  9.860606813017749e-01  8.788815512400350e-03 
 2.600159563165488e+04  1.000000000000000e+00  0.000000000000000e+00  9.860631264422951e-01  8.692479159786519e-03 
 2.630267991895601e+04  1.000000000000000e+00  0.000000000000000e+00  9.860655200050770e-01  8.597094321444461e-03 
 2.660725059799031e+04  1.000000000000000e+00  0.000000000000000e+00  9.860678590014360e-01  8.502990690868181e-03 
 2.691534803927140e+04  1.000000000000000e+00  0.000000000000000e+00  9.860701465353781e-01  8.410006485382994e-03 
 2.722701308078139e+04  1.000000000000000e+00  0.000000000000000e+00  9.860723836419641e-01  8.318144121757626e-03 
 2.754228703338396e+04  1.000000000000000e+00  0.000000000000000e+00  9.860745713375814e-01  8.227405830496309e-03 
 2.786121168630003e+04  1.000000000000000e+00  0.000000000000000e+00  9.860767124182275e-01  8.137640237666629e-03 
 2.818382931264689e+04  1.000000000000000e+00  0.000000000000000e+00  9.860788060042193e-01  8.049006145356960e-03 
 2.851018267504148e+04  1.000000000000000e+00  0.000000000000000e+00  9.860808530628432e-01  7.961505198616842e-03 
 2.884031503126847e+04  1.000000000000000e+00  0.000000000000000e+00  9.860828562468779e-01  7.874990652919153e-03 
 2.917427014001411e+04  1.000000000000000e+00  0.000000000000000e+00  9.860848147415103e-01  7.789615439057759e-03 
 2.951209226666633e+04  1.000000000000000e+00  0.000000000000000e+00  9.860867326967876e-01  7.705090979551311e-03 
 2.985382618918210e+04  1.000000000000000e+00  0.000000000000000e+00  9.860886076805574e-01  7.621714550222789e-03 
 3.019951720402270e+04  1.000000000000000e+00  0.000000000000000e+00  9.860904421426360e-01  7.539345311556574e-03 
 3.054921113215770e+04  1.000000000000000e+00  0.000000000000000e+00  9.860922368770747e-01  7.457988697147023e-03 
 3.090295432513850e+04  1.000000000000000e+00  0.000000000000000e+00  9.860939941398519e-01  7.377511576125889e-03 
 3.126079367124218e+04  1.000000000000000e+00  0.000000000000000e+00  9.860957131736326e-01  7.298060398445003e-03 
 3.162277660168646e+04  1.000000000000000e+00  0.000000000000000e+00  9.860973947490036e-01  7.219639842816940e-03 
 3.198895109691668e+04  1.000000000000000e+00  0.000000000000000e+00  9.860990409980359e-01  7.142120743648823e-03 
 3.235936569296556e+04  1.000000000000000e+00  0.000000000000000e+00  9.861006512376295e-01  7.065644036701670e-03 
 3.273406948788658e+04  1.000000000000000e+00  0.000000000000000e+00  9.861022288459322e-01  6.989952538534925e-03 
 3.311311214826191e+04  1.000000000000000e+00  0.000000000000000e+00  9.861037718046612e-01  6.915317198240040e-03 
 3.349654391578559e+04  1.000000000000000e+00  0.000000000000000e+00  9.861052833533498e-01  6.841486289704992e-03 
 3.388441561392312e+04  1.000000000000000e+00  0.000000000000000e+00  9.861067628285900e-01  6.768598040883202e-03 
 3.427677865464793e+04  1.000000000000000e+00  0.000000000000000e+00  9.861082108488062e-01  6.696659828778018e-03 
 3.467368504525610e+04  1.000000000000000e+00  0.000000000000000e+00  9.861096292161861e-01  6.625555473540289e-03 
 3.507518739525977e+04  1.000000000000000e+00  0.000000000000000e+00  9.861110184812381e-01  6.555296045646794e-03 
 3.548133892336055e+04  1.000000000000000e+00  0.000000000000000e+00  9.861123780517321e-01  6.486012746992198e-03 
 3.589219346450356e+04  1.000000000000000e+00  0.000000000000000e+00  9.861137107450760e-01  6.417473627604772e-03 
 3.630780547701321e+04  1.000000000000000e+00  0.000000000000000e+00  9.861150159414114e-01  6.349810609238371e-03 
 3.672823004981158e+04  1.000000000000000e+00  0.000000000000000e+00  9.861162941612431e-01  6.283033423265327e-03 
 3.715352290972041e+04  1.000000000000000e+00  0.000000000000000e+00  9.861175459423550e-01  6.217151477980003e-03 
 3.758374042884761e+04  1.000000000000000e+00  0.000000000000000e+00  9.861187738291455e-01  6.151946405866480e-03 
 3.801893963205935e+04  1.000000000000000e+00  0.000000000000000e+00  9.861199762204773e-01  6.087659704481805e-03 
 3.845917820453863e+04  1.000000000000000e+00  0.000000000000000e+00  9.861211555843629e-01  6.024077503541694e-03 
 3.890451449943137e+04  1.000000000000000e+00  0.000000000000000e+00  9.861223104003091e-01  5.961435349246672e-03 
 3.935500754558110e+04  1.000000000000000e+00  0.000000000000000e+00  9.861234430457169e-01  5.899523794634810e-03 
 3.981071705535313e+04  1.000000000000000e+00  0.000000000000000e+00  9.861245539077702e-01  5.838357833712612e-03 
 4.027170343254935e+04  1.000000000000000e+00  0.000000000000000e+00  9.861256433780279e-01  5.777952034569984e-03 
 4.073802778041476e+04  1.000000000000000e+00  0.000000000000000e+00  9.861267118454898e-01  5.718320552763789e-03 
 4.120975190973654e+04  1.000000000000000e+00  0.000000000000000e+00  9.861277596986143e-01  5.659477141262251e-03 
 4.168693834703711e+04  1.000000000000000e+00  0.000000000000000e+00  9.861287873165496e-01  5.601435163665617e-03 
 4.216965034286184e+04  1.000000000000000e+00  0.000000000000000e+00  9.861297967500661e-01  5.544004845965126e-03 
 4.265795188016292e+04  1.000000000000000e+00  0.000000000000000e+00  9.861307866680323e-01  5.487406182651929e-03 
 4.315190768278023e+04  1.000000000000000e+00  0.000000000000000e+00  9.861317590377122e-01  5.431453206732934e-03 
 4.365158322402035e+04  1.000000000000000e+00  0.000000000000000e+00  9.861327126102807e-01  5.376360395500024e-03 
 4.415704473533505e+04  1.000000000000000e+00  0.000000000000000e+00  9.861336500379044e-01  5.321848712566611e-03 
 4.466835921510016e+04  1.000000000000000e+00  0.000000000000000e+00  9.861345700892342e-01  5.268130597527372e-03 
 4.518559443749613e+04  1.000000000000000e+00  0.000000000000000e+00  9.861354745638816e-01  5.215030747039393e-03 
 4.570881896149144e+04  1.000000000000000e+00  0.000000000000000e+00  9.861363630122043e-01  5.162662707114135e-03 
 4.623810213993002e+04  1.000000000000000e+00  0.000000000000000e+00  9.861372364316215e-01  5.110950312611466e-03 
 4.677351412872386e+04  1.000000000000000e+00  0.000000000000000e+00  9.861380944020033e-01  5.060003983705767e-03 
 4.731512589615214e+04  1.000000000000000e+00  0.000000000000000e+00  9.861389385750468e-01  5.009658405313697e-03 
 4.786300923226798e+04  1.000000000000000e+00  0.000000000000000e+00  9.861397691705330e-01  4.959934756300054e-03 
 4.841723675841413e+04  1.000000000000000e+00  0.000000000000000e+00  9.861405857867861e-01  4.910941958480456e-03 
 4.897788193684887e+04  1.000000000000000e+00  0.000000000000000e+00  9.861413899608296e-01  4.862522511007982e-03 
 4.954501908048333e+04  1.000000000000000e+00  0.000000000000000e+00  9.861421812696953e-01  4.814785310943195e-03 
 5.011872336273159e+04  1.000000000000000e+00  0.000000000000000e+00  9.861429599789292e-01  4.767749424226900e-03 
 5.069907082747485e+04  1.000000000000000e+00  0.000000000000000e+00  9.861437275073139e-01  4.721264793348405e-03 
 5.128613839914095e+04  1.000000000000000e+00  0.000000000000000e+00  9.861444834646733e-01  4.675438659036976e-03 
 5.188000389290063e+04  1.000000000000000e+00  0.000000000000000e+00  9.861452286435275e-01  4.630209044582231e-03 
 5.248074602498184e+04  1.000000000000000e+00  0.000000000000000e+00  9.861459626784935e-01  4.585680141395429e-03 
 5.308844442310347e+04  1.000000000000000e+00  0.000000000000000e+00  9.861466874404915e-01  4.541629736227158e-03 
 5.370317963702997e+04  1.000000000000000e+00  0.000000000000000e+00  9.861474020051212e-01  4.498244198544909e-03 
 5.432503314924808e+04  1.000000000000000e+00  0.000000000000000e+00  9.861481070916074e-01  4.455465865737743e-03 
 5.495408738576727e+04  1.000000000000000e+00  0.000000000000000e+00  9.861488029045261e-01  4.413317928976028e-03 
 5.559042572704524e+04  1.000000000000000e+00  0.000000000000000e+00  9.861494906350962e-01  4.371669205641814e-03 
 5.623413251903985e+04  1.000000000000000e+00  0.000000000000000e+00  9.861501699271420e-01  4.330623051579062e-03 
 5.688529308438914e+04  1.000000000000000e+00  0.000000000000000e+00  9.861508409504717e-01  4.290203520869093e-03 
 5.754399373372075e+04  1.000000000000000e+00  0.000000000000000e+00  9.861515048348480e-01  4.250285489767424e-03 
 5.821032177709226e+04  1.000000000000000e+00  0.000000000000000e+00  9.861521612497234e-01  4.210970376752263e-03 
 5.888436553556408e+04  1.000000000000000e+00  0.000000000000000e+00  9.861528112708534e-01  4.172137757696201e-03 
 5.956621435290630e+04  1.000000000000000e+00  0.000000000000000e+00  9.861534541245045e-01  4.133960321271031e-03 
 6.025595860744109e+04  1.000000000000000e+00  0.000000000000000e+00  9.861540913035149e-01  4.096248742137034e-03 
 6.095368972402230e+04  1.000000000000000e+00  0.000000000000000e+00  9.861547220654513e-01  4.059173534588255e-03 
 6.165950018615367e+04  1.000000000000000e+00  0.000000000000000e+00  9.861553478281265e-01  4.022551404724782e-03 
 6.237348354824744e+04  1.000000000000000e+00  0.000000000000000e+00  9.861559682875197e-01  3.986482127640816e-03 
 6.309573444802491e+04  1.000000000000000e+00  0.000000000000000e+00  9.861565835847762e-01  3.950993835985435e-03 
 6.382634861906052e+04  1.000000000000000e+00  0.000000000000000e+00  9.861571946515451e-01  3.915980028799544e-03 
 6.456542290347127e+04  1.000000000000000e+00  0.000000000000000e+00  9.861578015864598e-01  3.881472099454191e-03 
 6.531305526475303e+04  1.000000000000000e+00  0.000000000000000e+00  9.861584045177945e-01  3.847500684899250e-03 
 6.606934480076547e+04  1.000000000000000e+00  0.000000000000000e+00  9.861590039311366e-01  3.814030990118164e-03 
 6.683439175686739e+04  1.000000000000000e+00  0.000000000000000e+00  9.861595999477469e-01  3.781094425400798e-03 
 6.760829753920418e+04  1.000000000000000e+00  0.000000000000000e+00  9.861601934048674e-01  3.748595191807300e-03 
 6.839116472814901e+04  1.000000000000000e+00  0.000000000000000e+00  9.861607840290443e-01  3.716630074086714e-03 
 6.918309709189981e+04  1.000000000000000e+00  0.000000000000000e+00  9.861613722910277e-01  3.685168594573988e-03 
 6.998419960023358e+04  1.000000000000000e+00  0.000000000000000e+00  9.861619586449092e-01  3.654182360693268e-03 
 7.079457843842010e+04  1.000000000000000e+00  0.000000000000000e+00  9.861625431797412e-01  3.623705391168660e-03 
 7.161434102129658e+04  1.000000000000000e+00  0.000000000000000e+00  9.861631263372856e-01  3.593711203243680e-03 
 7.244359600750546e+04  1.000000000000000e+00  0.000000000000000e+00  9.861637085356818e-01  3.564175264722418e-03 
 7.328245331389694e+04  1.000000000000000e+00  0.000000000000000e+00  9.861642901864135e-01  3.535074931485931e-03 
 7.413102413009836e+04  1.000000000000000e+00  0.000000000000000e+00  9.861648710631341e-01  3.506504728034582e-03 
 7.498942093325227e+04  1.000000000000000e+00  0.000000000000000e+00  9.861654521942402e-01  3.478327641479820e-03 
 7.585775750292515e+04  1.000000000000000e+00  0.000000000000000e+00  9.861660330509262e-01  3.450695468288327e-03 
 7.673614893618875e+04  1.000000000000000e+00  0.000000000000000e+00  9.861666146266203e-01  3.423475379196375e-03 
 7.762471166287611e+04  1.000000000000000e+00  0.000000000000000e+00  9.861671970128391e-01  3.396706607732032e-03 
 7.852356346101420e+04  1.000000000000000e+00  0.000000000000000e+00  9.861677805738295e-01  3.370373034526219e-03 
 7.943282347243527e+04  1.000000000000000e+00  0.000000000000000e+00  9.861683653984121e-01  3.344513955569027e-03 
 8.035261221856893e+04  1.000000000000000e+00  0.000000000000000e+00  9.861689518594209e-01  3.319114549135894e-03 
 8.128305161641721e+04  1.000000000000000e+00  0.000000000000000e+00  9.861695405899417e-01  3.294108942256528e-03 
 8.222426499471450e+04  1.000000000000000e+00  0.000000000000000e+00  9.861701313962246e-01  3.269591142068591e-03 
 8.317637711027457e+04  1.000000000000000e+00  0.000000000000000e+00  9.861707251682059e-01  3.245446210677410e-03 
 8.413951416452706e+04  1.000000000000000e+00  0.000000000000000e+00  9.861713217215177e-01  3.221768595800793e-03 
 8.511380382024529e+04  1.000000000000000e+00  0.000000000000000e+00  9.861719216565099e-01  3.198498727918192e-03 
 8.609937521846780e+04  1.000000000000000e+00  0.000000000000000e+00  9.861725250580987e-01  3.175679995177010e-03 
 8.709635899561590e+04  1.000000000000000e+00  0.000000000000000e+00  9.861731325153810e-01  3.153256614970915e-03 
 8.810488730080934e+04  1.000000000000000e+00  0.000000000000000e+00  9.861737441038674e-01  3.131273367736928e-03 
 8.912509381338258e+04  1.000000000000000e+00  0.000000000000000e+00  9.861743604003214e-01  3.109678065444535e-03 
 9.015711376060382e+04  1.000000000000000e+00  0.000000000000000e+00  9.861749814821876e-01  3.088516743211346e-03 
 9.120108393559921e+04  1.000000000000000e+00  0.000000000000000e+00  9.861756076803403e-01  3.067787500173111e-03 
 9.225714271548465e+04  1.000000000000000e+00  0.000000000000000e+00  9.861762397649333e-01  3.047396872581092e-03 
 9.332543007970754e+04  1.000000000000000e+00  0.000000000000000e+00  9.861768773770179e-01  3.027485754157524e-03 
 9.440608762860087e+04  1.000000000000000e+00  0.000000000000000e+00  9.861775215006642e-01  3.007918012631151e-03 
 9.549925860215223e+04  1.000000000000000e+00  0.000000000000000e+00  9.861781719953729e-01  2.988788605565124e-03 
 9.660508789899008e+04  1.000000000000000e+00  0.000000000000000e+00  9.861788296254431e-01  2.970012274660832e-03 
 9.772372209558992e+04  1.000000000000000e+00  0.000000000000000e+00  9.861794944630548e-01  2.951639998973423e-03 
 9.885530946570286e+04  1.000000000000000e+00  0.000000000000000e+00  9.861801668220217e-01  2.933678342502329e-03 
 1.000000000000091e+05  1.000000000000000e+00  0.000000000000000e+00  9.861808472233018e-01  2.916091960244599e-03 
 1.011579454259990e+05  1.000000000000000e+00  0.000000000000000e+00  9.861815359604428e-01  2.898890540713102e-03 
 1.023292992280847e+05  1.000000000000000e+00  0.000000000000000e+00  9.861822333501766e-01  2.882084519335186e-03 
 1.035142166679438e+05  1.000000000000000e+00  0.000000000000000e+00  9.861829396871006e-01  2.865685057910606e-03 
 1.047128548050995e+05  1.000000000000000e+00  0.000000000000000e+00  9.861836556654702e-01  2.849622358127316e-03 
 1.059253725177385e+05  1.000000000000000e+00  0.000000000000000e+00  9.861843814023010e-01  2.833952108151279e-03 
 1.071519305237704e+05  1.000000000000000e+00  0.000000000000000e+00  9.861851173806865e-01  2.818648936955664e-03 
 1.083926914021303e+05  1.000000000000000e+00  0.000000000000000e+00  9.861858639072403e-01  2.803729328907705e-03 
 1.096478196143285e+05  1.000000000000000e+00  0.000000000000000e+00  9.861866214745022e-01  2.789171314118137e-03 
 1.109174815262503e+05  1.000000000000000e+00  0.000000000000000e+00  9.861873903816643e-01  2.774993765917176e-03 
 1.122018454302066e+05  1.000000000000000e+00  0.000000000000000e+00  9.861881711193859e-01  2.761177916025392e-03 
 1.135010815672419e+05  1.000000000000000e+00  0.000000000000000e+00  9.861889639904214e-01  2.747744850374137e-03 
 1.148153621496988e+05  1.000000000000000e+00  0.000000000000000e+00  9.861897696527017e-01  2.734641577164870e-03 
 1.161448613840449e+05  1.000000000000000e+00  0.000000000000000e+00  9.861905882438878e-01  2.721929315380403e-03 
 1.174897554939637e+05  1.000000000000000e+00  0.000000000000000e+00  9.861914204127816e-01  2.709558736678860e-03 
 1.188502227437128e+05  1.000000000000000e+00  0.000000000000000e+00  9.861922664762516e-01  2.697556097682709e-03 
 1.202264434617523e+05  1.000000000000000e+00  0.000000000000000e+00  9.861931269147794e-01  2.685912336400198e-03 
 1.216186000646480e+05  1.000000000000000e+00  0.000000000000000e+00  9.861940022121053e-01  2.674620243772693e-03 
 1.230268770812495e+05  1.000000000000000e+00  0.000000000000000e+00  9.861948928479932e-01  2.663674404936052e-03 
 1.244514611771500e+05  1.000000000000000e+00  0.000000000000000e+00  9.861957993039729e-01  2.653071139757412e-03 
 1.258925411794283e+05  1.000000000000000e+00  0.000000000000000e+00  9.861967219099190e-01  2.642842404321142e-03 
 1.273503081016779e+05  1.000000000000000e+00  0.000000000000000e+00  9.861976613007022e-01  2.632953083801432e-03 
 1.288249551693253e+05  1.000000000000000e+00  0.000000000000000e+00  9.861986178180119e-01  2.623437564935911e-03 
 1.303166778452420e+05  1.000000000000000e+00  0.000000000000000e+00  9.861995922541094e-01  2.614231813963070e-03 
 1.318256738556529e+05  1.000000000000000e+00  0.000000000000000e+00  9.862005848020858e-01  2.605406013059182e-03 
 1.333521432163448e+05  1.000000000000000e+00  0.000000000000000e+00  9.862015962480823e-01  2.596900527343874e-03 
 1.348962882591779e+05  1.000000000000000e+00  0.000000000000000e+00  9.862026269379892e-01  2.588755125814497e-03 
 1.364583136589051e+05  1.000000000000000e+00  0.000000000000000e+00  9.862036776686235e-01  2.580915430203863e-03 
 1.380384264603013e+05  1.000000000000000e+00  0.000000000000000e+00  9.862047486530358e-01  2.573455089308800e-03 
 1.396368361056068e+05  1.000000000000000e+00  0.000000000000000e+00  9.862058407492946e-01  2.566327475865687e-03 
 1.412537544622886e+05  1.000000000000000e+00  0.000000000000000e+00  9.862069543348445e-01  2.559538899813686e-03 
 1.428893958511236e+05  1.000000000000000e+00  0.000000000000000e+00  9.862080901285041e-01  2.553078475438292e-03 
 1.445439770746062e+05  1.000000000000000e+00  0.000000000000000e+00  9.862092486485204e-01  2.546963428288098e-03 
 1.462177174456854e+05  1.000000000000000e+00  0.000000000000000e+00  9.862104305543122e-01  2.541182738174966e-03 
 1.479108388168345e+05  1.000000000000000e+00  0.000000000000000e+00  9.862116365004666e-01  2.535727680187188e-03 
 1.496235656094573e+05  1.000000000000000e+00  0.000000000000000e+00  9.862128670384569e-01  2.530620319467452e-03 
 1.513561248436349e+05  1.000000000000000e+00  0.000000000000000e+00  9.862141228285689e-01  2.525855317487025e-03 
 1.531087461682173e+05  1.000000000000000e+00  0.000000000000000e+00  9.862154045472179e-01  2.521429433285976e-03 
 1.548816618912626e+05  1.000000000000000e+00  0.000000000000000e+00  9.862167130047983e-01  2.517313852278610e-03 
 1.566751070108296e+05  1.000000000000000e+00  0.000000000000000e+00  9.862180487513896e-01  2.513537561304242e-03 
 1.584893192461262e+05  1.000000000000000e+00  0.000000000000000e+00  9.862194124931483e-01  2.510103195889683e-03 
 1.603245390690191e+05  1.000000000000000e+00  0.000000000000000e+00  9.862208050365303e-01  2.506988561364216e-03 
 1.621810097359082e+05  1.000000000000000e+00  0.000000000000000e+00  9.862222270956054e-01  2.504200812896784e-03 
 1.640589773199693e+05  1.000000000000000e+00  0.000000000000000e+00  9.862236793703307e-01  2.501748796873952e-03 
 1.659586907437716e+05  1.000000000000000e+00  0.000000000000000e+00  9.862251625825750e-01  2.499642989460290e-03 
 1.678804018122718e+05  1.000000000000000e+00  0.000000000000000e+00  9.862266776983621e-01  2.497844508785073e-03 
 1.698243652461904e+05  1.000000000000000e+00  0.000000000000000e+00  9.862282253247761e-01  2.496393847843129e-03 
 1.717908387157749e+05  1.000000000000000e+00  0.000000000000000e+00  9.862298064422750e-01  2.495257111836968e-03 
 1.737800828749539e+05  1.000000000000000e+00  0.000000000000000e+00  9.862314217903556e-01  2.494453282144647e-03 
 1.757923613958858e+05  1.000000000000000e+00  0.000000000000000e+00  9.862330722437426e-01  2.493978323014603e-03 
 1.778279410039090e+05  1.000000000000000e+00  0.000000000000000e+00  9.862347586905020e-01  2.493830566927570e-03 
 1.798870915128957e+05  1.000000000000000e+00  0.000000000000000e+00  9.862364819004491e-01  2.494034404182385e-03 
 1.819700858610155e+05  1.000000000000000e+00  0.000000000000000e+00  9.862382429960100e-01  2.494544867006711e-03 
 1.840772001469129e+05  1.000000000000000e+00  0.000000000000000e+00  9.862400427756858e-01  2.495390972190281e-03 
 1.862087136663043e+05  1.000000000000000e+00  0.000000000000000e+00  9.862418822541357e-01  2.496556803103614e-03 
 1.883649089489978e+05  1.000000000000000e+00  0.000000000000000e+00  9.862437623728155e-01  2.498052184531948e-03 
 1.905460717963427e+05  1.000000000000000e+00  0.000000000000000e+00  9.862456840657599e-01  2.499888851569277e-03 
 1.927524913191118e+05  1.000000000000000e+00  0.000000000000000e+00  9.862476483870105e-01  2.502058201319716e-03 
 1.949844599758230e+05  1.000000000000000e+00  0.000000000000000e+00  9.862496564079573e-01  2.504554423562692e-03 
 1.972422736115040e+05  1.000000000000000e+00  0.000000000000000e+00  9.862517092058979e-01  2.507374409451144e-03 
 1.995262314969068e+05  1.000000000000000e+00  0.000000000000000e+00  9.862538078570467e-01  2.510517662752992e-03 
 2.018366363681752e+05  1.000000000000000e+00  0.000000000000000e+00  9.862559534765519e-01  2.513986209402477e-03 
 2.041737944669723e+05  1.000000000000000e+00  0.000000000000000e+00  9.862581470785751e-01  2.517805455438745e-03 
 2.065380155810725e+05  1.000000000000000e+00  0.000000000000000e+00  9.862603898828062e-01  2.521960806407274e-03 
 2.089296130854238e+05  1.000000000000000e+00  0.000000000000000e+00  9.862626832390177e-01  2.526420444226029e-03 
 2.113489039836848e+05  1.000000000000000e+00  0.000000000000000e+00  9.862650281024979e-01  2.531237537754314e-03 
 2.137962089502436e+05  1.000000000000000e+00  0.000000000000000e+00  9.862674259326629e-01  2.536365508630362e-03 
 2.162718523727226e+05  1.000000000000000e+00  0.000000000000000e+00  9.862698778298862e-01  2.541841644435921e-03 
 2.187761623949761e+05  1.000000000000000e+00  0.000000000000000e+00  9.862723851831892e-01  2.547645632624081e-03 
 2.213094709605849e+05  1.000000000000000e+00  0.000000000000000e+00  9.862749492111300e-01  2.553799461270258e-03 
 2.238721138568553e+05  1.000000000000000e+00  0.000000000000000e+00  9.862775714366030e-01  2.560269604397510e-03 
 2.264644307593276e+05  1.000000000000000e+00  0.000000000000000e+00  9.862802531188016e-01  2.567083506370659e-03 
 2.290867652767992e+05  1.000000000000000e+00  0.000000000000000e+00  9.862829957078963e-01  2.574232891865642e-03 
 2.317394649968700e+05  1.000000000000000e+00  0.000000000000000e+00  9.862858006865111e-01  2.581712736832089e-03 
 2.344228815320146e+05  1.000000000000000e+00  0.000000000000000e+00  9.862886694534654e-01  2.589539400280357e-03 
 2.371373705661882e+05  1.000000000000000e+00  0.000000000000000e+00  9.862916035337252e-01  2.597713416211189e-03 
 2.398832919019720e+05  1.000000000000000e+00  0.000000000000000e+00  9.862946046119558e-01  2.606222687286732e-03 
 2.426610095082648e+05  1.000000000000000e+00  0.000000000000000e+00  9.862976741037365e-01  2.615069663782130e-03 
 2.454708915685266e+05  1.000000000000000e+00  0.000000000000000e+00  9.863008137479558e-01  2.624248884920004e-03 
 2.483133105295808e+05  1.000000000000000e+00  0.000000000000000e+00  9.863040250438903e-01  2.633790507141105e-03 
 2.511886431509821e+05  1.000000000000000e+00  0.000000000000000e+00  9.863073097911330e-01  2.643675378628092e-03 
 2.540972705549549e+05  1.000000000000000e+00  0.000000000000000e+00  9.863106698125389e-01  2.653888372675710e-03 
 2.570395782769111e+05  1.000000000000000e+00  0.000000000000000e+00  9.863141066837202e-01  2.664468156583571e-03 
 2.600159563165522e+05  1.000000000000000e+00  0.000000000000000e+00  9.863176224290545e-01  2.675372666384037e-03 
 2.630267991895634e+05  1.000000000000000e+00  0.000000000000000e+00  9.863212186889257e-01  2.686646295867178e-03 
 2.660725059799065e+05  1.000000000000000e+00  0.000000000000000e+00  9.863248974629975e-01  2.698270466113136e-03 
 2.691534803927175e+05  1.000000000000000e+00  0.000000000000000e+00  9.863286606819688e-01  2.710246672059340e-03 
 2.722701308078174e+05  1.000000000000000e+00  0.000000000000000e+00  9.863325104039113e-01  2.722564029461039e-03 
 2.754228703338432e+05  1.000000000000000e+00  0.000000000000000e+00  9.863364485173060e-01  2.735246632732072e-03 
 2.786121168630039e+05  1.000000000000000e+00  0.000000000000000e+00  9.863404772293851e-01  2.748274917273914e-03 
 2.818382931264726e+05  1.000000000000000e+00  0.000000000000000e+00  9.863445984925974e-01  2.761679230469175e-03 
 2.851018267504185e+05  1.000000000000000e+00  0.000000000000000e+00  9.863488146453054e-01  2.775432107166252e-03 
 2.884031503126885e+05  1.000000000000000e+00  0.000000000000000e+00  9.863531278722278e-01  2.789540571159330e-03 
 2.917427014001449e+05  1.000000000000000e+00  0.000000000000000e+00  9.863575403085630e-01  2.804029625636714e-03 
 2.951209226666671e+05  1.000000000000000e+00  0.000000000000000e+00  9.863620544626076e-01  2.818868864034328e-03 
 2.985382618918249e+05  1.000000000000000e+00  0.000000000000000e+00  9.863666726201362e-01  2.834075945218421e-03 
 3.019951720402309e+05  1.000000000000000e+00  0.000000000000000e+00  9.863713971816127e-01  2.849657339229780e-03 
 3.054921113215809e+05  1.000000000000000e+00  0.000000000000000e+00  9.863762307380348e-01  2.865595037645775e-03 
 3.090295432513891e+05  1.000000000000000e+00  0.000000000000000e+00  9.863811756919724e-01  2.881917210320769e-03 
 3.126079367124258e+05  1.000000000000000e+00  0.000000000000000e+00  9.863862348626121e-01  2.898601654954793e-03 
 3.162277660168686e+05  1.000000000000000e+00  0.000000000000000e+00  9.863914105620936e-01  2.915680113176385e-03 
 3.198895109691709e+05  1.000000000000000e+00  0.000000000000000e+00  9.863967057723276e-01  2.933125072183421e-03 
 3.235936569296597e+05  1.000000000000000e+00  0.000000000000000e+00  9.864021232759876e-01  2.950939067634884e-03 
 3.273406948788700e+05  1.000000000000000e+00  0.000000000000000e+00  9.864076658074167e-01  2.969141671465653e-03 
 3.311311214826233e+05  1.000000000000000e+00  0.000000000000000e+00  9.864133363127724e-01  2.987729872000521e-03 
 3.349654391578603e+05  1.000000000000000e+00  0.000000000000000e+00  9.864191377685846e-01  3.006704966949004e-03 
 3.388441561392356e+05  1.000000000000000e+00  0.000000000000000e+00  9.864250732021631e-01  3.026072417180038e-03 
 3.427677865464838e+05  1.000000000000000e+00  0.000000000000000e+00  9.864311458493398e-01  3.045816757683415e-03 
 3.467368504525655e+05  1.000000000000000e+00  0.000000000000000e+00  9.864373587284850e-01  3.065964544763096e-03 
 3.507518739526023e+05  1.000000000000000e+00  0.000000000000000e+00  9.864437152438748e-01  3.086496739918124e-03 
 3.548133892336102e+05  1.000000000000000e+00  0.000000000000000e+00  9.864502185924727e-01  3.107435742006978e-03 
 3.589219346450404e+05  1.000000000000000e+00  0.000000000000000e+00  9.864568723470478e-01  3.128759753916442e-03 
 3.630780547701370e+05  1.000000000000000e+00  0.000000000000000e+00  9.864636798049187e-01  3.150499598365419e-03 
 3.672823004981207e+05  1.000000000000000e+00  0.000000000000000e+00  9.864706447913828e-01  3.172632524598031e-03 
 3.715352290972091e+05  1.000000000000000e+00  0.000000000000000e+00  9.864777706392622e-01  3.195183146836997e-03 
 3.758374042884811e+05  1.000000000000000e+00  0.000000000000000e+00  9.864850612591857e-01  3.218138413391775e-03 
 3.801893963205986e+05  1.000000000000000e+00  0.000000000000000e+00  9.864925204694177e-01  3.241500431848606e-03 
 3.845917820453914e+05  1.000000000000000e+00  0.000000000000000e+00  9.865001521618864e-01  3.265276004311069e-03 
 3.890451449943190e+05  1.000000000000000e+00  0.000000000000000e+00  9.865079603404420e-01  3.289465478262167e-03 
 3.935500754558163e+05  1.000000000000000e+00  0.000000000000000e+00  9.865159489853726e-01  3.314084948284988e-03 
 3.981071705535366e+05  1.000000000000000e+00  0.000000000000000e+00  9.865241224654077e-01  3.339111765071196e-03 
 4.027170343254989e+05  1.000000000000000e+00  0.000000000000000e+00  9.865324848852272e-01  3.364571788322326e-03 
 4.073802778041530e+05  1.000000000000000e+00  0.000000000000000e+00  9.865410406491389e-01  3.390463283521908e-03 
 4.120975190973710e+05  1.000000000000000e+00  0.000000000000000e+00  9.865497942913898e-01  3.416779336823672e-03 
 4.168693834703767e+05  1.000000000000000e+00  0.000000000000000e+00  9.865587504951584e-01  3.443519813853244e-03 
 4.216965034286241e+05  1.000000000000000e+00  0.000000000000000e+00  9.865679136228409e-01  3.470706301576769e-03 
 4.265795188016350e+05  1.000000000000000e+00  0.000000000000000e+00  9.865772886517092e-01  3.498328375252311e-03 
 4.315190768278081e+05  1.000000000000000e+00  0.000000000000000e+00  9.865868804518405e-01  3.526390107621843e-03 
 4.365158322402094e+05  1.000000000000000e+00  0.000000000000000e+00  9.865966939885005e-01  3.554900806455757e-03 
 4.415704473533565e+05  1.000000000000000e+00  0.000000000000000e+00  9.866067344313313e-01  3.583855468810517e-03 
 4.466835921510076e+05  1.000000000000000e+00  0.000000000000000e+00  9.866170070346040e-01  3.613254859315322e-03 
 4.518559443749674e+05  1.000000000000000e+00  0.000000000000000e+00  9.866275170435226e-01  3.643114778668777e-03 
 4.570881896149206e+05  1.000000000000000e+00  0.000000000000000e+00  9.866382700224476e-01  3.673427910361797e-03 
 4.623810213993065e+05  1.000000000000000e+00  0.000000000000000e+00  9.866492715987343e-01  3.704203404247247e-03 
 4.677351412872450e+05  1.000000000000000e+00  0.000000000000000e+00  9.866605273338566e-01  3.735443214486647e-03 
 4.731512589615278e+05  1.000000000000000e+00  0.000000000000000e+00  9.866720432473503e-01  3.767140381048064e-03 
 4.786300923226863e+05  1.000000000000000e+00  0.000000000000000e+00  9.866838252272484e-01  3.799310936735112e-03 
 4.841723675841478e+05  1.000000000000000e+00  0.000000000000000e+00  9.866958793755242e-01  3.831958515125551e-03 
 4.897788193684953e+05  1.000000000000000e+00  0.000000000000000e+00  9.867082120684084e-01  3.865075174858465e-03 
 4.954501908048399e+05  1.000000000000000e+00  0.000000000000000e+00  9.867208296558784e-01  3.898668092102285e-03 
 5.011872336273226e+05  1.000000000000000e+00  0.000000000000000e+00  9.867337387578051e-01  3.932742846536992e-03 
 5.069907082747553e+05  1.000000000000000e+00  0.000000000000000e+00  9.867469458464069e-01  3.967307863034190e-03 
 5.128613839914164e+05  1.000000000000000e+00  0.000000000000000e+00  9.867604579540729e-01  4.002355625012194e-03 
 5.188000389290132e+05  1.000000000000000e+00  0.000000000000000e+00  9.867742819751010e-01  4.037900812750350e-03 
 5.248074602498254e+05  1.000000000000000e+00  0.000000000000000e+00  9.867884251291386e-01  4.073939465577000e-03 
 5.308844442310418e+05  1.000000000000000e+00  0.000000000000000e+00  9.868028947471968e-01  4.110474342817043e-03 
 5.370317963703069e+05  1.000000000000000e+00  0.000000000000000e+00  9.868176983983442e-01  4.147507726571274e-03 
 5.432503314924880e+05  1.000000000000000e+00  0.000000000000000e+00  9.868328434726322e-01  4.185053405914478e-03 
 5.495408738576800e+05  1.000000000000000e+00  0.000000000000000e+00  9.868483379862452e-01  4.223103091899664e-03 
 5.559042572704597e+05  1.000000000000000e+00  0.000000000000000e+00  9.868641898334558e-01  4.261670130475776e-03 
 5.623413251904058e+05  1.000000000000000e+00  0.000000000000000e+00  9.868804073489430e-01  4.300743749815826e-03 
 5.688529308438989e+05  1.000000000000000e+00  0.000000000000000e+00  9.868969987256835e-01  4.340343208659509e-03 
 5.754399373372151e+05  1.000000000000000e+00  0.000000000000000e+00  9.869139726649864e-01  4.380465152315445e-03 
 5.821032177709303e+05  1.000000000000000e+00  0.000000000000000e+00  9.869313377642406e-01  4.421110762124432e-03 
 5.888436553556485e+05  1.000000000000000e+00  0.000000000000000e+00  9.869491030332348e-01  4.462283839389745e-03 
 5.956621435290707e+05  1.000000000000000e+00  0.000000000000000e+00  9.869672775400149e-01  4.503994411796167e-03 
 6.025595860744187e+05  1.000000000000000e+00  0.000000000000000e+00  9.869858707014437e-01  4.546238130049595e-03 
 6.095368972402309e+05  1.000000000000000e+00  0.000000000000000e+00  9.870048921467826e-01  4.589019169032838e-03 
 6.165950018615447e+05  1.000000000000000e+00  0.000000000000000e+00  9.870243514031509e-01  4.632346454344505e-03 
 6.237348354824826e+05  1.000000000000000e+00  0.000000000000000e+00  9.870442585124288e-01  4.676224971570158e-03 
 6.309573444802574e+05  1.000000000000000e+00  0.000000000000000e+00  9.870646238016453e-01  4.720645991582889e-03 
 6.382634861906136e+05  1.000000000000000e+00  0.000000000000000e+00  9.870854575987038e-01  4.765629899367349e-03 
 6.456542290347213e+05  1.000000000000000e+00  0.000000000000000e+00  9.871067705871035e-01  4.811161792117286e-03 
 6.531305526475389e+05  1.000000000000000e+00  0.000000000000000e+00  9.871285736031622e-01  4.857257483694638e-03 
 6.606934480076634e+05  1.000000000000000e+00  0.000000000000000e+00  9.871508777794697e-01  4.903919874483440e-03 
 6.683439175686828e+05  1.000000000000000e+00  0.000000000000000e+00  9.871736946387649e-01  4.951147843443355e-03 
 6.760829753920508e+05  1.000000000000000e+00  0.000000000000000e+00  9.871970356081384e-01  4.998946158747954e-03 
 6.839116472814992e+05  1.000000000000000e+00  0.000000000000000e+00  9.872209126740514e-01  5.047317489219064e-03 
 6.918309709190072e+05  1.000000000000000e+00  0.000000000000000e+00  9.872453379007879e-01  5.096271989664462e-03 
 6.998419960023451e+05  1.000000000000000e+00  0.000000000000000e+00  9.872703238796110e-01  5.145804128520982e-03 
 7.079457843842104e+05  1.000000000000000e+00  0.000000000000000e+00  9.872958830867264e-01  5.195920964285339e-03 
 7.161434102129753e+05  1.000000000000000e+00  0.000000000000000e+00  9.873220286033073e-01  5.246622189472350e-03 
 7.244359600750643e+05  1.000000000000000e+00  0.000000000000000e+00  9.873487737027627e-01  5.297916244004363e-03 
 7.328245331389792e+05  1.000000000000000e+00  0.000000000000000e+00  9.873761317529621e-01  5.349806157630578e-03 
 7.413102413009936e+05  1.000000000000000e+00  0.000000000000000e+00  9.874041167342984e-01  5.402288577765754e-03 
 7.498942093325328e+05  1.000000000000000e+00  0.000000000000000e+00  9.874327427564914e-01  5.455375017402816e-03 
 7.585775750292618e+05  1.000000000000000e+00  0.000000000000000e+00  9.874620241213303e-01  5.509066548557077e-03 
 7.673614893618979e+05  1.000000000000000e+00  0.000000000000000e+00  9.874919756897875e-01  5.563364315912631e-03 
 7.762471166287716e+05  1.000000000000000e+00  0.000000000000000e+00  9.875226126473818e-01  5.618267678478856e-03 
 7.852356346101527e+05  1.000000000000000e+00  0.000000000000000e+00  9.875539501706796e-01  5.673783381427155e-03 
 7.943282347243634e+05  1.000000000000000e+00  0.000000000000000e+00  9.875860040958504e-01  5.729913194122174e-03 
 8.035261221857002e+05  1.000000000000000e+00  0.000000000000000e+00  9.876187905161721e-01  5.786663058298200e-03 
 8.128305161641833e+05  1.000000000000000e+00  0.000000000000000e+00  9.876523257539790e-01  5.844030570815019e-03 
 8.222426499471562e+05  1.000000000000000e+00  0.000000000000000e+00  9.876866266346964e-01  5.902025791101017e-03 
 8.317637711027571e+05  1.000000000000000e+00  0.000000000000000e+00  9.877217101858655e-01  5.960639284954009e-03 
 8.413951416452822e+05  1.000000000000000e+00  0.000000000000000e+00  9.877575940533091e-01  6.019880882544989e-03 
 8.511380382024646e+05  1.000000000000000e+00  0.000000000000000e+00  9.877942960242414e-01  6.079758117472256e-03 
 8.609937521846899e+05  1.000000000000000e+00  0.000000000000000e+00  9.878318343106959e-01  6.140262271310704e-03 
 8.709635899561710e+05  1.000000000000000e+00  0.000000000000000e+00  9.878702276306359e-01  6.201402637211193e-03 
 8.810488730081056e+05  1.000000000000000e+00  0.000000000000000e+00  9.879094948854298e-01  6.263176630572671e-03 
 8.912509381338381e+05  1.000000000000000e+00  0.000000000000000e+00  9.879496556125693e-01  6.325589833597194e-03 
 9.015711376060506e+05  1.000000000000000e+00  0.000000000000000e+00  9.879907295266633e-01  6.388641566680793e-03 
 9.120108393560046e+05  1.000000000000000e+00  0.000000000000000e+00  9.880327370169855e-01  6.452334798271845e-03 
 9.225714271548592e+05  1.000000000000000e+00  0.000000000000000e+00  9.880756985899676e-01  6.516671577500342e-03 
 9.332543007970882e+05  1.000000000000000e+00  0.000000000000000e+00  9.881196355862636e-01  6.581648673462192e-03 
 9.440608762860217e+05  1.000000000000000e+00  0.000000000000000e+00  9.881645692424967e-01  6.647276291471515e-03 
 9.549925860215354e+05  1.000000000000000e+00  0.000000000000000e+00  9.882105219540787e-01  6.713541634607350e-03 
 9.660508789899141e+05  1.000000000000000e+00  0.000000000000000e+00  9.882575157740499e-01  6.780459228042392e-03 
 9.772372209559126e+05  1.000000000000000e+00  0.000000000000000e+00  9.883055739352037e-01  6.848021375037603e-03 
 9.885530946570421e+05  1.000000000000000e+00  0.000000000000000e+00  9.883547196372157e-01  6.916230012050082e-03 
 1.000000000000105e+06  1.000000000000000e+00  0.000000000000000e+00  9.884049768708577e-01  6.985087784901710e-03 
 1.011579454260004e+06  1.000000000000000e+00  0.000000000000000e+00  9.884563700659238e-01  7.054586133909021e-03 
 1.023292992280861e+06  1.000000000000000e+00  0.000000000000000e+00  9.885089237959421e-01  7.124736999566590e-03 
 1.035142166679452e+06  1.000000000000000e+00  0.000000000000000e+00  9.885626637294849e-01  7.195532078370879e-03 
 1.047128548051009e+06  1.000000000000000e+00  0.000000000000000e+00  9.886176155358656e-01  7.266977982160186e-03 
 1.059253725177400e+06  1.000000000000000e+00  0.000000000000000e+00  9.886738056958174e-01  7.339064804541323e-03 
 1.071519305237719e+06  1.000000000000000e+00  0.000000000000000e+00  9.887312612935438e-01  7.411792744375502e-03 
 1.083926914021317e+06  1.000000000000000e+00  0.000000000000000e+00  9.887900095752388e-01  7.485168879424886e-03 
 1.096478196143300e+06  1.000000000000000e+00  0.000000000000000e+00  9.888500785937548e-01  7.559180652605847e-03 
 1.109174815262518e+06  1.000000000000000e+00  0.000000000000000e+00  9.889114971732079e-01  7.633831425340861e-03 
 1.122018454302081e+06  1.000000000000000e+00  0.000000000000000e+00  9.889742943026021e-01  7.709118959812870e-03 
 1.135010815672434e+06  1.000000000000000e+00  0.000000000000000e+00  9.890384998071213e-01  7.785035914722243e-03 
 1.148153621497004e+06  1.000000000000000e+00  0.000000000000000e+00  9.891041438241875e-01  7.861583941421935e-03 
 1.161448613840465e+06  1.000000000000000e+00  0.000000000000000e+00  9.891712574269723e-01  7.938760492008992e-03 
 1.174897554939653e+06  1.000000000000000e+00  0.000000000000000e+00  9.892398720830239e-01  8.016560283185856e-03 
 1.188502227437144e+06  1.000000000000000e+00  0.000000000000000e+00  9.893100199391412e-01  8.094977477046218e-03 
 1.202264434617540e+06  1.000000000000000e+00  0.000000000000000e+00  9.893817337947923e-01  8.174005542125244e-03 
 1.216186000646496e+06  1.000000000000000e+00  0.000000000000000e+00  9.894550469343342e-01  8.253644602750628e-03 
 1.230268770812511e+06  1.000000000000000e+00  0.000000000000000e+00  9.895299933378345e-01  8.333886980980865e-03 
 1.244514611771516e+06  1.000000000000000e+00  0.000000000000000e+00  9.896066077739657e-01  8.414729902831824e-03 
 1.258925411794300e+06  1.000000000000000e+00  0.000000000000000e+00  9.896849256553186e-01  8.496159395891932e-03 
 1.273503081016796e+06  1.000000000000000e+00  0.000000000000000e+00  9.897649828064585e-01  8.578176378126228e-03 
 1.288249551693270e+06  1.000000000000000e+00  0.000000000000000e+00  9.898468159231492e-01  8.660772409258425e-03 
 1.303166778452437e+06  1.000000000000000e+00  0.000000000000000e+00  9.899304624041383e-01  8.743937063100548e-03 
 1.318256738556546e+06  1.000000000000000e+00  0.000000000000000e+00  9.900159603076396e-01  8.827661565501178e-03 
 1.333521432163465e+06  1.000000000000000e+00  0.000000000000000e+00  9.901033483286360e-01  8.911938980069992e-03 
 1.348962882591796e+06  1.000000000000000e+00  0.000000000000000e+00  9.901926658878681e-01  8.996761205031789e-03 
 1.364583136589069e+06  1.000000000000000e+00  0.000000000000000e+00  9.902839532799936e-01  9.082116554146983e-03 
 1.380384264603031e+06  1.000000000000000e+00  0.000000000000000e+00  9.903772512098151e-01  9.167994945479874e-03 
 1.396368361056086e+06  1.000000000000000e+00  0.000000000000000e+00  9.904726014120504e-01  9.254384181935140e-03 
 1.412537544622904e+06  1.000000000000000e+00  0.000000000000000e+00  9.905700461908612e-01  9.341274951896147e-03 
 1.428893958511255e+06  1.000000000000000e+00  0.000000000000000e+00  9.906696287080914e-01  9.428652312830346e-03 
 1.445439770746081e+06  1.000000000000000e+00  0.000000000000000e+00  9.907713928616333e-01  9.516502222495081e-03 
 1.462177174456874e+06  1.000000000000000e+00  0.000000000000000e+00  9.908753839128646e-01  9.604814946796408e-03 
 1.479108388168365e+06  1.000000000000000e+00  0.000000000000000e+00  9.909816457836066e-01  9.693572201054062e-03 
 1.496235656094593e+06  1.000000000000000e+00  0.000000000000000e+00  9.910902255390946e-01  9.782759316309715e-03 
 1.513561248436369e+06  1.000000000000000e+00  0.000000000000000e+00  9.912011701326052e-01  9.872359844129555e-03 
 1.531087461682193e+06  1.000000000000000e+00  0.000000000000000e+00  9.913145271043264e-01  9.962358982121822e-03 
 1.548816618912647e+06  1.000000000000000e+00  0.000000000000000e+00  9.914303452344686e-01  1.005273468367423e-02 
 1.566751070108316e+06  1.000000000000000e+00  0.000000000000000e+00  9.915486735640774e-01  1.014347488927243e-02 
 1.584893192461283e+06  1.000000000000000e+00  0.000000000000000e+00  9.916695625629139e-01  1.023455278740493e-02 
 1.603245390690213e+06  1.000000000000000e+00  0.000000000000000e+00  9.917930629079771e-01  1.032595212087781e-02 
 1.621810097359103e+06  1.000000000000000e+00  0.000000000000000e+00  9.919192266131016e-01  1.041764825854721e-02 
 1.640589773199715e+06  1.000000000000000e+00  0.000000000000000e+00  9.920481059229701e-01  1.050962183209851e-02 
 1.659586907437738e+06  1.000000000000000e+00  0.000000000000000e+00  9.921797545729315e-01  1.060184950209014e-02 
 1.678804018122740e+06  1.000000000000000e+00  0.000000000000000e+00  9.923142267102381e-01  1.069430306902367e-02 
 1.698243652461926e+06  1.000000000000000e+00  0.000000000000000e+00  9.924515772238052e-01  1.078695972463107e-02 
 1.717908387157772e+06  1.000000000000000e+00  0.000000000000000e+00  9.925918621625034e-01  1.087979263669343e-02 
 1.737800828749562e+06  1.000000000000000e+00  0.000000000000000e+00  9.927351381207000e-01  1.097277464599563e-02 
 1.757923613958881e+06  1.000000000000000e+00  0.000000000000000e+00  9.928814628197492e-01  1.106586996725143e-02 
 1.778279410039114e+06  1.000000000000000e+00  0.000000000000000e+00  9.930308942475355e-01  1.115905852794593e-02 
 1.798870915128981e+06  1.000000000000000e+00  0.000000000000000e+00  9.931834919130524e-01  1.125230309616125e-02 
 1.819700858610179e+06  1.000000000000000e+00  0.000000000000000e+00  9.933393157657675e-01  1.134557008916256e-02 
 1.840772001469154e+06  1.000000000000000e+00  0.000000000000000e+00  9.934984265523230e-01  1.143882842776611e-02 
 1.862087136663068e+06  1.000000000000000e+00  0.000000000000000e+00  9.936608860029614e-01  1.153204018952058e-02 
 1.883649089490003e+06  1.000000000000000e+00  0.000000000000000e+00  9.938267566595524e-01  1.162516838114623e-02 
 1.905460717963452e+06  1.000000000000000e+00  0.000000000000000e+00  9.939961015197927e-01  1.171817585645326e-02 
 1.927524913191144e+06  1.000000000000000e+00  0.000000000000000e+00  9.941689849582594e-01  1.181102153182192e-02 
 1.949844599758256e+06  1.000000000000000e+00  0.000000000000000e+00  9.943454717455305e-01  1.190366492168149e-02 
 1.972422736115067e+06  1.000000000000000e+00  0.000000000000000e+00  9.945256275458467e-01  1.199606330585803e-02 
 1.995262314969095e+06  1.000000000000000e+00  0.000000000000000e+00  9.947095189018020e-01  1.208817213543180e-02 
 2.018366363681779e+06  1.000000000000000e+00  0.000000000000000e+00  9.948972128960542e-01  1.217994442559727e-02 
 2.041737944669750e+06  1.000000000000000e+00  0.000000000000000e+00  9.950887775859689e-01  1.227133263815347e-02 
 2.065380155810753e+06  1.000000000000000e+00  0.000000000000000e+00  9.952842818182815e-01  1.236228618459122e-02 
 2.089296130854266e+06  1.000000000000000e+00  0.000000000000000e+00  9.954837950004083e-01  1.245275345482583e-02 
 2.113489039836876e+06  1.000000000000000e+00  0.000000000000000e+00  9.956873871311368e-01  1.254268465583345e-02 
 2.137962089502464e+06  1.000000000000000e+00  0.000000000000000e+00  9.958951293915475e-01  1.263202061007725e-02 
 2.162718523727255e+06  1.000000000000000e+00  0.000000000000000e+00  9.961070932342232e-01  1.272070609385386e-02 
 2.187761623949790e+06  1.000000000000000e+00  0.000000000000000e+00  9.963233508939375e-01  1.280868292958067e-02 
 2.213094709605878e+06  1.000000000000000e+00  0.000000000000000e+00  9.965439753257107e-01  1.289588825230299e-02 
 2.238721138568582e+06  1.000000000000000e+00  0.000000000000000e+00  9.967690400846602e-01  1.298225887614157e-02 
 2.264644307593306e+06  1.000000000000000e+00  0.000000000000000e+00  9.969986192302347e-01  1.306773158063250e-02 
 2.290867652768022e+06  1.000000000000000e+00  0.000000000000000e+00  9.972327875308902e-01  1.315223773435983e-02 
 2.317394649968730e+06  1.000000000000000e+00  0.000000000000000e+00  9.974716201337600e-01  1.323570921821261e-02 
 2.344228815320177e+06  1.000000000000000e+00  0.000000000000000e+00  9.977151930033663e-01  1.331807397390398e-02 
 2.371373705661913e+06  1.000000000000000e+00  0.000000000000000e+00  9.979635824031817e-01  1.339925907959112e-02 
 2.398832919019752e+06  1.000000000000000e+00  0.000000000000000e+00  9.982168650290054e-01  1.347918567057176e-02 
 2.426610095082680e+06  1.000000000000000e+00  0.000000000000000e+00  9.984751181228109e-01  1.355777583692002e-02 
 2.454708915685298e+06  1.000000000000000e+00  0.000000000000000e+00  9.987384192842235e-01  1.363494851971645e-02 
 2.483133105295841e+06  1.000000000000000e+00  0.000000000000000e+00  9.990068465410281e-01  1.371062031401350e-02 
 2.511886431509854e+06  1.000000000000000e+00  0.000000000000000e+00  9.992804780145601e-01  1.378470698414266e-02 
 2.540972705549582e+06  1.000000000000000e+00  0.000000000000000e+00  9.995593928443939e-01  1.385711883850942e-02 
 2.570395782769145e+06  1.000000000000000e+00  0.000000000000000e+00  9.998436688544445e-01  1.392776258937616e-02 
 2.600159563165556e+06  1.000000000000000e+00  0.000000000000000e+00  1.000133385571465e+00  1.399654452361031e-02 
 2.630267991895670e+06  1.000000000000000e+00  0.000000000000000e+00  1.000428621968733e+00  1.406337040102496e-02 
 2.660725059799101e+06  1.000000000000000e+00  0.000000000000000e+00  1.000729457578662e+00  1.412813975279539e-02 
 2.691534803927210e+06  1.000000000000000e+00  0.000000000000000e+00  1.001035971585983e+00  1.419074788801025e-02 
 2.722701308078210e+06  1.000000000000000e+00  0.000000000000000e+00  1.001348243195095e+00  1.425109266650167e-02 
 2.754228703338468e+06  1.000000000000000e+00  0.000000000000000e+00  1.001666351924630e+00  1.430906689705682e-02 
 2.786121168630076e+06  1.000000000000000e+00  0.000000000000000e+00  1.001990376608997e+00  1.436455818483501e-02 
 2.818382931264763e+06  1.000000000000000e+00  0.000000000000000e+00  1.002320396468351e+00  1.441745225284624e-02 
 2.851018267504222e+06  1.000000000000000e+00  0.000000000000000e+00  1.002656490099032e+00  1.446763430298713e-02 
 2.884031503126923e+06  1.000000000000000e+00  0.000000000000000e+00  1.002998736094762e+00  1.451498106570247e-02 
 2.917427014001487e+06  1.000000000000000e+00  0.000000000000000e+00  1.003347212410486e+00  1.455937150809878e-02 
 2.951209226666710e+06  1.000000000000000e+00  0.000000000000000e+00  1.003701996830452e+00  1.460068020073418e-02 
 2.985382618918288e+06  1.000000000000000e+00  0.000000000000000e+00  1.004063166522221e+00  1.463877681438398e-02 
 3.019951720402348e+06  1.000000000000000e+00  0.000000000000000e+00  1.004430798047196e+00  1.467353004639157e-02 
 3.054921113215849e+06  1.000000000000000e+00  0.000000000000000e+00  1.004804967561529e+00  1.470480061706514e-02 
 3.090295432513931e+06  1.000000000000000e+00  0.000000000000000e+00  1.005185750174753e+00  1.473245461896295e-02 
 3.126079367124300e+06  1.000000000000000e+00  0.000000000000000e+00  1.005573220389913e+00  1.475634773382421e-02 
 3.162277660168728e+06  1.000000000000000e+00  0.000000000000000e+00  1.005967451820934e+00  1.477633308744010e-02 
 3.198895109691751e+06  1.000000000000000e+00  0.000000000000000e+00  1.006368517198007e+00  1.479226332473336e-02 
 3.235936569296639e+06  1.000000000000000e+00  0.000000000000000e+00  1.006776488026595e+00  1.480398579649038e-02 
 3.273406948788743e+06  1.000000000000000e+00  0.000000000000000e+00  1.007191435092121e+00  1.481134276888993e-02 
 3.311311214826277e+06  1.000000000000000e+00  0.000000000000000e+00  1.007613427511312e+00  1.481418031981940e-02 
 3.349654391578647e+06  1.000000000000000e+00  0.000000000000000e+00  1.008042533212269e+00  1.481233364255504e-02 
 3.388441561392400e+06  1.000000000000000e+00  0.000000000000000e+00  1.008478818949867e+00  1.480563508286832e-02 
 3.427677865464883e+06  1.000000000000000e+00  0.000000000000000e+00  1.008922349814998e+00  1.479391795166605e-02 
 3.467368504525701e+06  1.000000000000000e+00  0.000000000000000e+00  1.009373189650043e+00  1.477700783151309e-02 
 3.507518739526069e+06  1.000000000000000e+00  0.000000000000000e+00  1.009831400039064e+00  1.475473089883778e-02 
 3.548133892336148e+06  1.000000000000000e+00  0.000000000000000e+00  1.010297041468927e+00  1.472690581527931e-02 
 3.589219346450450e+06  1.000000000000000e+00  0.000000000000000e+00  1.010770172271689e+00  1.469335027396796e-02 
 3.630780547701417e+06  1.000000000000000e+00  0.000000000000000e+00  1.011250848655875e+00  1.465387888124799e-02 
 3.672823004981255e+06  1.000000000000000e+00  0.000000000000000e+00  1.011739125291520e+00  1.460829938719978e-02 
 3.715352290972138e+06  1.000000000000000e+00  0.000000000000000e+00  1.012235054113041e+00  1.455642156921880e-02 
 3.758374042884860e+06  1.000000000000000e+00  0.000000000000000e+00  1.012738685384129e+00  1.449804780917049e-02 
 3.801893963206035e+06  1.000000000000000e+00  0.000000000000000e+00  1.013250066590899e+00  1.443297931093495e-02 
 3.845917820453964e+06  1.000000000000000e+00  0.000000000000000e+00  1.013769243011162e+00  1.436101247162306e-02 
 3.890451449943240e+06  1.000000000000000e+00  0.000000000000000e+00  1.014296258354142e+00  1.428194057665273e-02 
 3.935500754558214e+06  1.000000000000000e+00  0.000000000000000e+00  1.014831150646443e+00  1.419555422175379e-02 
 3.981071705535417e+06  1.000000000000000e+00  0.000000000000000e+00  1.015373958409821e+00  1.410164037179712e-02 
 4.027170343255041e+06  1.000000000000000e+00  0.000000000000000e+00  1.015924716025540e+00  1.399998560496449e-02 
 4.073802778041583e+06  1.000000000000000e+00  0.000000000000000e+00  1.016483455037799e+00  1.389037020854453e-02 
 4.120975190973763e+06  1.000000000000000e+00  0.000000000000000e+00  1.017050204441334e+00  1.377256922670780e-02 
 4.168693834703820e+06  1.000000000000000e+00  0.000000000000000e+00  1.017624989256702e+00  1.364636204587616e-02 
 4.216965034286294e+06  1.000000000000000e+00  0.000000000000000e+00  1.018207832222248e+00  1.351151807304483e-02 
 4.265795188016404e+06  1.000000000000000e+00  0.000000000000000e+00  1.018798752055856e+00  1.336780914882049e-02 
 4.315190768278136e+06  1.000000000000000e+00  0.000000000000000e+00  1.019397764671485e+00  1.321499928793800e-02 
 4.365158322402149e+06  1.000000000000000e+00  0.000000000000000e+00  1.020004882864077e+00  1.305285242100827e-02 
 4.415704473533621e+06  1.000000000000000e+00  0.000000000000000e+00  1.020620114199631e+00  1.288113132510083e-02 
 4.466835921510133e+06  1.000000000000000e+00  0.000000000000000e+00  1.021243464125771e+00  1.269959615476548e-02 
 4.518559443749731e+06  1.000000000000000e+00  0.000000000000000e+00  1.021874934599045e+00  1.250799924737179e-02 
 4.570881896149265e+06  1.000000000000000e+00  0.000000000000000e+00  1.022514522838636e+00  1.230609856018227e-02 
 4.623810213993124e+06  1.000000000000000e+00  0.000000000000000e+00  1.023162222792959e+00  1.209364382166611e-02 
 4.677351412872509e+06  1.000000000000000e+00  0.000000000000000e+00  1.023818024580887e+00  1.187038342803255e-02 
 4.731512589615338e+06  1.000000000000000e+00  0.000000000000000e+00  1.024481914136601e+00  1.163606794637941e-02 
 4.786300923226924e+06  1.000000000000000e+00  0.000000000000000e+00  1.025153873581063e+00  1.139044046623282e-02 
 4.841723675841540e+06  1.000000000000000e+00  0.000000000000000e+00  1.025833881410994e+00  1.113324715639253e-02 
 4.897788193685016e+06  1.000000000000000e+00  0.000000000000000e+00  1.026521910758424e+00  1.086422756124373e-02 
 4.954501908048463e+06  1.000000000000000e+00  0.000000000000000e+00  1.027217931652846e+00  1.058312385129084e-02 
 5.011872336273290e+06  1.000000000000000e+00  0.000000000000000e+00  1.027921909924168e+00  1.028967519668102e-02 
 5.069907082747618e+06  1.000000000000000e+00  0.000000000000000e+00  1.028633807234781e+00  9.983617650132146e-03 
 5.128613839914230e+06  1.000000000000000e+00  0.000000000000000e+00  1.029353580683543e+00  9.664690320981599e-03 
 5.188000389290200e+06  1.000000000000000e+00  0.000000000000000e+00  1.030081183418454e+00  9.332627184622584e-03 
 5.248074602498322e+06  1.000000000000000e+00  0.000000000000000e+00  1.030816564875608e+00  8.987162166380409e-03 
 5.308844442310487e+06  1.000000000000000e+00  0.000000000000000e+00  1.031559668914415e+00  8.628029040459386e-03 
 5.370317963703138e+06  1.000000000000000e+00  0.000000000000000e+00  1.032310436344495e+00  8.254962561188357e-03 
 5.432503314924950e+06  1.000000000000000e+00  0.000000000000000e+00  1.033068803653062e+00  7.867692826436217e-03 
 5.495408738576870e+06  1.000000000000000e+00  0.000000000000000e+00  1.033834702832604e+00  7.465951935745008e-03 
 5.559042572704668e+06  1.000000000000000e+00  0.000000000000000e+00  1.034608061979447e+00  7.049473334249708e-03 
 5.623413251904131e+06  1.000000000000000e+00  0.000000000000000e+00  1.035388805065255e+00  6.617986607553522e-03 
 5.688529308439062e+06  1.000000000000000e+00  0.000000000000000e+00  1.036176852506283e+00  6.171222949059928e-03 
 5.754399373372225e+06  1.000000000000000e+00  0.000000000000000e+00  1.036972119088736e+00  5.708916340246725e-03 
 5.821032177709378e+06  1.000000000000000e+00  0.000000000000000e+00  1.037774517503152e+00  5.230795157128505e-03 
 5.888436553556562e+06  1.000000000000000e+00  0.000000000000000e+00  1.038583955746188e+00  4.736592920931810e-03 
 5.956621435290786e+06  1.000000000000000e+00  0.000000000000000e+00  1.039400338155939e+00  4.226042766818853e-03 
 6.025595860744267e+06  1.000000000000000e+00  0.000000000000000e+00  1.040223565953285e+00  3.698875728343470e-03 
 6.095368972402389e+06  1.000000000000000e+00  0.000000000000000e+00  1.041053535216630e+00  3.154827358423667e-03 
 6.165950018615528e+06  1.000000000000000e+00  0.000000000000000e+00  1.041890140139762e+00  2.593630090258010e-03 
 6.237348354824907e+06  1.000000000000000e+00  0.000000000000000e+00  1.042733270650160e+00  2.015021622053412e-03 
 6.309573444802656e+06  1.000000000000000e+00  0.000000000000000e+00  1.043582813935200e+00  1.418736053920640e-03 
 6.382634861906219e+06  1.000000000000000e+00  0.000000000000000e+00  1.044438654020011e+00  8.045111767893375e-04 
 6.456542290347297e+06  1.000000000000000e+00  0.000000000000000e+00  1.045300671126711e+00  1.720857430156430e-04 
 6.531305526475474e+06  1.000000000000000e+00  0.000000000000000e+00  1.046168743473674e+00 -4.788011466243872e-04 
 6.606934480076720e+06  1.000000000000000e+00  0.000000000000000e+00  1.047042746074187e+00 -1.148407257898375e-03 
 6.683439175686915e+06  1.000000000000000e+00  0.000000000000000e+00  1.047922552355808e+00 -1.836992011898713e-03 
 6.760829753920596e+06  1.000000000000000e+00  0.000000000000000e+00  1.048808031559623e+00 -2.544810005998027e-03 
 6.839116472815081e+06  1.000000000000000e+00  0.000000000000000e+00  1.049699052220751e+00 -3.272117780445058e-03 
 6.918309709190163e+06  1.000000000000000e+00  0.000000000000000e+00  1.050595480302132e+00 -4.019167414279631e-03 
 6.998419960023543e+06  1.000000000000000e+00  0.000000000000000e+00  1.051497180214200e+00 -4.786211436689738e-03 
 7.079457843842197e+06  1.000000000000000e+00  0.000000000000000e+00  1.052404013504547e+00 -5.573498500964944e-03 
 7.161434102129849e+06  1.000000000000000e+00  0.000000000000000e+00  1.053315841759037e+00 -6.381279764906922e-03 
 7.244359600750739e+06  1.000000000000000e+00  0.000000000000000e+00  1.054232524289717e+00 -7.209801575881336e-03 
 7.328245331389889e+06  1.000000000000000e+00  0.000000000000000e+00  1.055153919911598e+00 -8.059309607847797e-03 
 7.413102413010034e+06  1.000000000000000e+00  0.000000000000000e+00  1.056079885493544e+00 -8.930047847714480e-03 
 7.498942093325428e+06  1.000000000000000e+00  0.000000000000000e+00  1.057010278190640e+00 -9.822259537940125e-03 
 7.585775750292717e+06  1.000000000000000e+00  0.000000000000000e+00  1.057944954706565e+00 -1.073618638011298e-02 
 7.673614893619080e+06  1.000000000000000e+00  0.000000000000000e+00  1.058883770232941e+00 -1.167206862244196e-02 
 7.762471166287819e+06  1.000000000000000e+00  0.000000000000000e+00  1.059826580849579e+00 -1.263014351786859e-02 
 7.852356346101630e+06  1.000000000000000e+00  0.000000000000000e+00  1.060773243222601e+00 -1.361065210188253e-02 
 7.943282347243738e+06  1.000000000000000e+00  0.000000000000000e+00  1.061723612693046e+00 -1.461382856310025e-02 
 8.035261221857107e+06  1.000000000000000e+00  0.000000000000000e+00  1.062677546582514e+00 -1.563991035764737e-02 
 8.128305161641939e+06  1.000000000000000e+00  0.000000000000000e+00  1.063634902469249e+00 -1.668913156700149e-02 
 8.222426499471669e+06  1.000000000000000e+00  0.000000000000000e+00  1.064595538334900e+00 -1.776172742336862e-02 
 8.317637711027679e+06  1.000000000000000e+00  0.000000000000000e+00  1.065559314044921e+00 -1.885793203442010e-02 
 8.413951416452931e+06  1.000000000000000e+00  0.000000000000000e+00  1.066526090838153e+00 -1.997797974570565e-02 
 8.511380382024758e+06  1.000000000000000e+00  0.000000000000000e+00  1.067495730321965e+00 -2.112210283025831e-02 
 8.609937521847012e+06  1.000000000000000e+00  0.000000000000000e+00  1.068468097475451e+00 -2.229053766246752e-02 
 8.709635899561824e+06  1.000000000000000e+00  0.000000000000000e+00  1.069443057461568e+00 -2.348351664211028e-02 
 8.810488730081171e+06  1.000000000000000e+00  0.000000000000000e+00  1.070420478725395e+00 -2.470127553975653e-02 
 8.912509381338498e+06  1.000000000000000e+00  0.000000000000000e+00  1.071400231943050e+00 -2.594405079522946e-02 
 9.015711376060624e+06  1.000000000000000e+00  0.000000000000000e+00  1.072382188980672e+00 -2.721207814316335e-02 
 9.120108393560166e+06  1.000000000000000e+00  0.000000000000000e+00  1.073366225894451e+00 -2.850559705099857e-02 
 9.225714271548713e+06  1.000000000000000e+00  0.000000000000000e+00  1.074352219924936e+00 -2.982484694583018e-02 
 9.332543007971006e+06  1.000000000000000e+00  0.000000000000000e+00  1.075340052497606e+00 -3.117007068276104e-02 
 9.440608762860343e+06  1.000000000000000e+00  0.000000000000000e+00  1.076329606788702e+00 -3.254151254548770e-02 
 9.549925860215481e+06  1.000000000000000e+00  0.000000000000000e+00  1.077320770240445e+00 -3.393941994605102e-02 
 9.660508789899269e+06  1.000000000000000e+00  0.000000000000000e+00  1.078313432254530e+00 -3.536404304747201e-02 
 9.772372209559256e+06  1.000000000000000e+00  0.000000000000000e+00  1.079307486912859e+00 -3.681563627332436e-02 
 9.885530946570551e+06  1.000000000000000e+00  0.000000000000000e+00  1.080302830152841e+00 -3.829445630566899e-02 
 1.000000000000118e+07  1.000000000000000e+00  0.000000000000000e+00  1.081299362808854e+00 -3.980076589592828e-02 
 1.011579454260018e+07  1.000000000000000e+00  0.000000000000000e+00  1.082296988076598e+00 -4.133483080542379e-02 
 1.023292992280875e+07  1.000000000000000e+00  0.000000000000000e+00  1.083295613666359e+00 -4.289692353547246e-02 
 1.035142166679466e+07  1.000000000000000e+00  0.000000000000000e+00  1.084295149756816e+00 -4.448732005213207e-02 
 1.047128548051023e+07  1.000000000000000e+00  0.000000000000000e+00  1.085295511388466e+00 -4.610630481240374e-02 
 1.059253725177414e+07  1.000000000000000e+00  0.000000000000000e+00  1.086296616099017e+00 -4.775416624712277e-02 
 1.071519305237733e+07  1.000000000000000e+00  0.000000000000000e+00  1.087298385267235e+00 -4.943120042341041e-02 
 1.083926914021332e+07  1.000000000000000e+00  0.000000000000000e+00  1.088300744550068e+00 -5.113771247478376e-02 
 1.096478196143315e+07  1.000000000000000e+00  0.000000000000000e+00  1.089303621873037e+00 -5.287401276957996e-02 
 1.109174815262532e+07  1.000000000000000e+00  0.000000000000000e+00  1.090306949581878e+00 -5.464042192132355e-02 
 1.122018454302096e+07  1.000000000000000e+00  0.000000000000000e+00  1.091310662820230e+00 -5.643726913772137e-02 
 1.135010815672449e+07  1.000000000000000e+00  0.000000000000000e+00  1.092314699759547e+00 -5.826489258040933e-02 
 1.148153621497019e+07  1.000000000000000e+00  0.000000000000000e+00  1.093319002321500e+00 -6.012364136390232e-02 
 1.161448613840480e+07  1.000000000000000e+00  0.000000000000000e+00  1.094323514811158e+00 -6.201387458221250e-02 
 1.174897554939669e+07  1.000000000000000e+00  0.000000000000000e+00  1.095328184302708e+00 -6.393596238678365e-02 
 1.188502227437159e+07  1.000000000000000e+00  0.000000000000000e+00  1.096332960400481e+00 -6.589028749088889e-02 
 1.202264434617556e+07  1.000000000000000e+00  0.000000000000000e+00  1.097337795625533e+00 -6.787724521365571e-02 
 1.216186000646512e+07  1.000000000000000e+00  0.000000000000000e+00  1.098342643521778e+00 -6.989724046928367e-02 
 1.230268770812528e+07  1.000000000000000e+00  0.000000000000000e+00  1.099347460338745e+00 -7.195069672724556e-02 
 1.244514611771533e+07  1.000000000000000e+00  0.000000000000000e+00  1.100352203525746e+00 -7.403804908598315e-02 
 1.258925411794317e+07  1.000000000000000e+00  0.000000000000000e+00  1.101356831282085e+00 -7.615974638290368e-02 
 1.273503081016813e+07  1.000000000000000e+00  0.000000000000000e+00  1.102361303834428e+00 -7.831625694519742e-02 
 1.288249551693287e+07  1.000000000000000e+00  0.000000000000000e+00  1.103365580748205e+00 -8.050806105157879e-02 
 1.303166778452454e+07  1.000000000000000e+00  0.000000000000000e+00  1.104369622242275e+00 -8.273565933731927e-02 
 1.318256738556564e+07  1.000000000000000e+00  0.000000000000000e+00  1.105373387949409e+00 -8.499956703963921e-02 
 1.333521432163483e+07  1.000000000000000e+00  0.000000000000000e+00  1.106376836697869e+00 -8.730031914268559e-02 
 1.348962882591814e+07  1.000000000000000e+00  0.000000000000000e+00  1.107379926073251e+00 -8.963846982254357e-02 
 1.364583136589087e+07  1.000000000000000e+00  0.000000000000000e+00  1.108382611784666e+00 -9.201459272205181e-02 
 1.380384264603049e+07  1.000000000000000e+00  0.000000000000000e+00  1.109384847210261e+00 -9.442928217837547e-02 
 1.396368361056104e+07  1.000000000000000e+00  0.000000000000000e+00  1.110386582514697e+00 -9.688315351154529e-02 
 1.412537544622923e+07  1.000000000000000e+00  0.000000000000000e+00  1.111387764409928e+00 -9.937684351160579e-02 
 1.428893958511274e+07  1.000000000000000e+00  0.000000000000000e+00  1.112388335063490e+00 -1.019110125207581e-01 
 1.445439770746100e+07  1.000000000000000e+00  0.000000000000000e+00  1.113388231720154e+00 -1.044863436965115e-01 
 1.462177174456893e+07  1.000000000000000e+00  0.000000000000000e+00  1.114387385880150e+00 -1.071035450665134e-01 
 1.479108388168385e+07  1.000000000000000e+00  0.000000000000000e+00  1.115385722060007e+00 -1.097633497231601e-01 
 1.496235656094613e+07  1.000000000000000e+00  0.000000000000000e+00  1.116383157554200e+00 -1.124665155681190e-01 
 1.513561248436390e+07  1.000000000000000e+00  0.000000000000000e+00  1.117379601264715e+00 -1.152138281897496e-01 
 1.531087461682214e+07  1.000000000000000e+00  0.000000000000000e+00  1.118374952370975e+00 -1.180061008439324e-01 
 1.548816618912667e+07  1.000000000000000e+00  0.000000000000000e+00  1.119369100630476e+00 -1.208441750077316e-01 
 1.566751070108337e+07  1.000000000000000e+00  0.000000000000000e+00  1.120361922876262e+00 -1.237289210473989e-01 
 1.584893192461304e+07  1.000000000000000e+00  0.000000000000000e+00  1.121353284528344e+00 -1.266612380743328e-01 
 1.603245390690234e+07  1.000000000000000e+00  0.000000000000000e+00  1.122343037110835e+00 -1.296420596275190e-01 
 1.621810097359125e+07  1.000000000000000e+00  0.000000000000000e+00  1.123331016463305e+00 -1.326723471964056e-01 
 1.640589773199737e+07  1.000000000000000e+00  0.000000000000000e+00  1.124317042947331e+00 -1.357530980288708e-01 
 1.659586907437761e+07  1.000000000000000e+00  0.000000000000000e+00  1.125300918153472e+00 -1.388853391736873e-01 
 1.678804018122763e+07  1.000000000000000e+00  0.000000000000000e+00  1.126282425565262e+00 -1.420701354669393e-01 
 1.698243652461949e+07  1.000000000000000e+00  0.000000000000000e+00  1.127261326715365e+00 -1.453085859328626e-01 
 1.717908387157796e+07  1.000000000000000e+00  0.000000000000000e+00  1.128237361683557e+00 -1.486018247208571e-01 
 1.737800828749586e+07  1.000000000000000e+00  0.000000000000000e+00  1.129210246123359e+00 -1.519510242037460e-01 
 1.757923613958905e+07  1.000000000000000e+00  0.000000000000000e+00  1.130179669248563e+00 -1.553573934583841e-01 
 1.778279410039138e+07  1.000000000000000e+00  0.000000000000000e+00  1.131145293176760e+00 -1.588221816222268e-01 
 1.798870915129006e+07  1.000000000000000e+00  0.000000000000000e+00  1.132106748986627e+00 -1.623466752040553e-01 
 1.819700858610204e+07  1.000000000000000e+00  0.000000000000000e+00  1.133063636916444e+00 -1.659322038075065e-01 
 1.840772001469179e+07  1.000000000000000e+00  0.000000000000000e+00  1.134015522080598e+00 -1.695801357201141e-01 
 1.862087136663093e+07  1.000000000000000e+00  0.000000000000000e+00  1.134961933174629e+00 -1.732918822453056e-01 
 1.883649089490029e+07  1.000000000000000e+00  0.000000000000000e+00  1.135902359805868e+00 -1.770688983345085e-01 
 1.905460717963478e+07  1.000000000000000e+00  0.000000000000000e+00  1.136836249705895e+00 -1.809126809740454e-01 
 1.927524913191170e+07  1.000000000000000e+00  0.000000000000000e+00  1.137763006045778e+00 -1.848247713060711e-01 
 1.949844599758282e+07  1.000000000000000e+00  0.000000000000000e+00  1.138681984596101e+00 -1.888067561848878e-01 
 1.972422736115093e+07  1.000000000000000e+00  0.000000000000000e+00  1.139592490633807e+00 -1.928602672696117e-01 
 1.995262314969122e+07  1.000000000000000e+00  0.000000000000000e+00  1.140493775806298e+00 -1.969869839628695e-01 
 2.018366363681806e+07  1.000000000000000e+00  0.000000000000000e+00  1.141385034365837e+00 -2.011886288183422e-01 
 2.041737944669778e+07  1.000000000000000e+00  0.000000000000000e+00  1.142265400340340e+00 -2.054669749227953e-01 
 2.065380155810780e+07  1.000000000000000e+00  0.000000000000000e+00  1.143133942828871e+00 -2.098238397807113e-01 
 2.089296130854294e+07  1.000000000000000e+00  0.000000000000000e+00  1.143989663073536e+00 -2.142610905566647e-01 
 2.113489039836904e+07  1.000000000000000e+00  0.000000000000000e+00  1.144831489704307e+00 -2.187806409914354e-01 
 2.137962089502493e+07  1.000000000000000e+00  0.000000000000000e+00  1.145658274403384e+00 -2.233844527985712e-01 
 2.162718523727284e+07  1.000000000000000e+00  0.000000000000000e+00  1.146468787931178e+00 -2.280745364058957e-01 
 2.187761623949819e+07  1.000000000000000e+00  0.000000000000000e+00  1.147261714407496e+00 -2.328529471132441e-01 
 2.213094709605908e+07  1.000000000000000e+00  0.000000000000000e+00  1.148035647447814e+00 -2.377217905928828e-01 
 2.238721138568613e+07  1.000000000000000e+00  0.000000000000000e+00  1.148789083795455e+00 -2.426832158891470e-01 
 2.264644307593336e+07  1.000000000000000e+00  0.000000000000000e+00  1.149520418950151e+00 -2.477394206050051e-01 
 2.290867652768053e+07  1.000000000000000e+00  0.000000000000000e+00  1.150227940393051e+00 -2.528926443314975e-01 
 2.317394649968762e+07  1.000000000000000e+00  0.000000000000000e+00  1.150909822369551e+00 -2.581451723560166e-01 
 2.344228815320209e+07  1.000000000000000e+00  0.000000000000000e+00  1.151564119183223e+00 -2.634993305288288e-01 
 2.371373705661946e+07  1.000000000000000e+00  0.000000000000000e+00  1.152188758940690e+00 -2.689574859820492e-01 
 2.398832919019784e+07  1.000000000000000e+00  0.000000000000000e+00  1.152781536573665e+00 -2.745220423592617e-01 
 2.426610095082713e+07  1.000000000000000e+00  0.000000000000000e+00  1.153340106787253e+00 -2.801954406533533e-01 
 2.454708915685331e+07  1.000000000000000e+00  0.000000000000000e+00  1.153861976786485e+00 -2.859801530183954e-01 
 2.483133105295875e+07  1.000000000000000e+00  0.000000000000000e+00  1.154344498527783e+00 -2.918786834018658e-01 
 2.511886431509889e+07  1.000000000000000e+00  0.000000000000000e+00  1.154784860723572e+00 -2.978935581901287e-01 
 2.540972705549617e+07  1.000000000000000e+00  0.000000000000000e+00  1.155180080828480e+00 -3.040273270144971e-01 
 2.570395782769180e+07  1.000000000000000e+00  0.000000000000000e+00  1.155526996513347e+00 -3.102825566823026e-01 
 2.600159563165592e+07  1.000000000000000e+00  0.000000000000000e+00  1.155822256778920e+00 -3.166618235777778e-01 
 2.630267991895705e+07  1.000000000000000e+00  0.000000000000000e+00  1.156062312737173e+00 -3.231677111819296e-01 
 2.660725059799137e+07  1.000000000000000e+00  0.000000000000000e+00  1.156243409178809e+00 -3.298027986654967e-01 
 2.691534803927247e+07  1.000000000000000e+00  0.000000000000000e+00  1.156361574356732e+00 -3.365696587974547e-01 
 2.722701308078248e+07  1.000000000000000e+00  0.000000000000000e+00  1.156412610584940e+00 -3.434708449598824e-01 
 2.754228703338506e+07  1.000000000000000e+00  0.000000000000000e+00  1.156392084396396e+00 -3.505088843049664e-01 
 2.786121168630114e+07  1.000000000000000e+00  0.000000000000000e+00  1.156295316708770e+00 -3.576862669327318e-01 
 2.818382931264801e+07  1.000000000000000e+00  0.000000000000000e+00  1.156117372652971e+00 -3.650054351985681e-01 
 2.851018267504261e+07  1.000000000000000e+00  0.000000000000000e+00  1.155853051450920e+00 -3.724687706257174e-01 
 2.884031503126962e+07  1.000000000000000e+00  0.000000000000000e+00  1.155496876783755e+00 -3.800785804438945e-01 
 2.917427014001527e+07  1.000000000000000e+00  0.000000000000000e+00  1.155043086116374e+00 -3.878370841109865e-01 
 2.951209226666751e+07  1.000000000000000e+00  0.000000000000000e+00  1.154485621644081e+00 -3.957463959991400e-01 
 2.985382618918329e+07  1.000000000000000e+00  0.000000000000000e+00  1.153818120217208e+00 -4.038085079129364e-01 
 3.019951720402390e+07  1.000000000000000e+00  0.000000000000000e+00  1.153033904351676e+00 -4.120252719666005e-01 
 3.054921113215892e+07  1.000000000000000e+00  0.000000000000000e+00  1.152125973551357e+00 -4.203983775366860e-01 
 3.090295432513973e+07  1.000000000000000e+00  0.000000000000000e+00  1.151086995921033e+00 -4.289293317670455e-01 
 3.126079367124343e+07  1.000000000000000e+00  0.000000000000000e+00  1.149909301044079e+00 -4.376194342251831e-01 
 3.162277660168771e+07  1.000000000000000e+00  0.000000000000000e+00  1.148584873216290e+00 -4.464697520517575e-01 
 3.198895109691795e+07  1.000000000000000e+00  0.000000000000000e+00  1.147105346297673e+00 -4.554810919707634e-01 
 3.235936569296684e+07  1.000000000000000e+00  0.000000000000000e+00  1.145461998751596e+00 -4.646539734604151e-01 
 3.273406948788789e+07  1.000000000000000e+00  0.000000000000000e+00  1.143645751944731e+00 -4.739885931790515e-01 
 3.311311214826322e+07  1.000000000000000e+00  0.000000000000000e+00  1.141647168292188e+00 -4.834847966210251e-01 
 3.349654391578693e+07  1.000000000000000e+00  0.000000000000000e+00  1.139456452387162e+00 -4.931420411901105e-01 
 3.388441561392447e+07  1.000000000000000e+00  0.000000000000000e+00  1.137063453937116e+00 -5.029593591179012e-01 
 3.427677865464929e+07  1.000000000000000e+00  0.000000000000000e+00  1.134457673523570e+00 -5.129353193569214e-01 
 3.467368504525747e+07  1.000000000000000e+00  0.000000000000000e+00  1.131628270564499e+00 -5.230679872845470e-01 
 3.507518739526116e+07  1.000000000000000e+00  0.000000000000000e+00  1.128564075703300e+00 -5.333548803924530e-01 
 3.548133892336196e+07  1.000000000000000e+00  0.000000000000000e+00  1.125253604297064e+00 -5.437929281020174e-01 
 3.589219346450499e+07  1.000000000000000e+00  0.000000000000000e+00  1.121685076417791e+00 -5.543784230725139e-01 
 3.630780547701465e+07  1.000000000000000e+00  0.000000000000000e+00  1.117846439111925e+00 -5.651069760020923e-01 
 3.672823004981304e+07  1.000000000000000e+00  0.000000000000000e+00  1.113725393845347e+00 -5.759734690158331e-01 
 3.715352290972188e+07  1.000000000000000e+00  0.000000000000000e+00  1.109309428793338e+00 -5.869720059534153e-01 
 3.758374042884910e+07  1.000000000000000e+00  0.000000000000000e+00  1.104585857152917e+00 -5.980958648961550e-01 
 3.801893963206086e+07  1.000000000000000e+00  0.000000000000000e+00  1.099541858938533e+00 -6.093374499167944e-01 
 3.845917820454016e+07  1.000000000000000e+00  0.000000000000000e+00  1.094164531541404e+00 -6.206882430878901e-01 
 3.890451449943291e+07  1.000000000000000e+00  0.000000000000000e+00  1.088440944558958e+00 -6.321387585302621e-01 
 3.935500754558266e+07  1.000000000000000e+00  0.000000000000000e+00  1.082358201650853e+00 -6.436784986832803e-01 
 3.981071705535470e+07  1.000000000000000e+00  0.000000000000000e+00  1.075903509608755e+00 -6.552959115817460e-01 
 4.027170343255094e+07  1.000000000000000e+00  0.000000000000000e+00  1.069064253690752e+00 -6.669783531461776e-01 
 4.073802778041637e+07  1.000000000000000e+00  0.000000000000000e+00  1.061828080808816e+00 -6.787120528476261e-01 
 4.120975190973818e+07  1.000000000000000e+00  0.000000000000000e+00  1.054182988601526e+00 -6.904820852016753e-01 
 4.168693834703876e+07  1.000000000000000e+00  0.000000000000000e+00  1.046117422075165e+00 -7.022723476044621e-01 
 4.216965034286351e+07  1.000000000000000e+00  0.000000000000000e+00  1.037620376739374e+00 -7.140655443104307e-01 
 4.265795188016462e+07  1.000000000000000e+00  0.000000000000000e+00  1.028681507937857e+00 -7.258431806102172e-01 
 4.315190768278193e+07  1.000000000000000e+00  0.000000000000000e+00  1.019291246260320e+00 -7.375855636537277e-01 
 4.365158322402208e+07  1.000000000000000e+00  0.000000000000000e+00  1.009440916827816e+00 -7.492718175246879e-01 
 4.415704473533680e+07  1.000000000000000e+00  0.000000000000000e+00  9.991228635657066e-01 -7.608799077732284e-01 
 4.466835921510192e+07  1.000000000000000e+00  0.000000000000000e+00  9.883305773938652e-01 -7.723866770338994e-01 
 4.518559443749791e+07  1.000000000000000e+00  0.000000000000000e+00  9.770588240624282e-01 -7.837678983339182e-01 
 4.570881896149325e+07  1.000000000000000e+00  0.000000000000000e+00  9.653037743364460e-01 -7.949983393410931e-01 
 4.623810213993184e+07  1.000000000000000e+00  0.000000000000000e+00  9.530631311399322e-01 -8.060518448637839e-01 
 4.677351412872570e+07  1.000000000000000e+00  0.000000000000000e+00  9.403362561576581e-01 -8.169014310760874e-01 
 4.731512589615400e+07  1.000000000000000e+00  0.000000000000000e+00  9.271242879126791e-01 -8.275194006765130e-01 
 4.786300923226986e+07  1.000000000000000e+00  0.000000000000000e+00  9.134302560380055e-01 -8.378774699286261e-01 
 4.841723675841603e+07  1.000000000000000e+00  0.000000000000000e+00  8.992591842227055e-01 -8.479469139195499e-01 
 4.897788193685079e+07  1.000000000000000e+00  0.000000000000000e+00  8.846181816068216e-01 -8.576987273580023e-01 
 4.954501908048527e+07  1.000000000000000e+00  0.000000000000000e+00  8.695165211971868e-01 -8.671037982614985e-01 
 5.011872336273355e+07  1.000000000000000e+00  0.000000000000000e+00  8.539657013824543e-01 -8.761330961960599e-01 
 5.069907082747684e+07  1.000000000000000e+00  0.000000000000000e+00  8.379794885279100e-01 -8.847578723575128e-01 
 5.128613839914297e+07  1.000000000000000e+00  0.000000000000000e+00  8.215739412710624e-01 -8.929498678083275e-01 
 5.188000389290267e+07  1.000000000000000e+00  0.000000000000000e+00  8.047674091678102e-01 -9.006815317991593e-01 
 5.248074602498390e+07  1.000000000000000e+00  0.000000000000000e+00  7.875805120369193e-01 -9.079262415497886e-01 
 5.308844442310555e+07  1.000000000000000e+00  0.000000000000000e+00  7.700360904912061e-01 -9.146585266906332e-01 
 5.370317963703207e+07  1.000000000000000e+00  0.000000000000000e+00  7.521591330487056e-01 -9.208542911097266e-01 
 5.432503314925020e+07  1.000000000000000e+00  0.000000000000000e+00  7.339766771538617e-01 -9.264910300874261e-01 
 5.495408738576942e+07  1.000000000000000e+00  0.000000000000000e+00  7.155176838896640e-01 -9.315480394106539e-01 
 5.559042572704741e+07  1.000000000000000e+00  0.000000000000000e+00  6.968128881585527e-01 -9.360066134028147e-01 
 5.623413251904204e+07  1.000000000000000e+00  0.000000000000000e+00  6.778946247779788e-01 -9.398502272746112e-01 
 5.688529308439137e+07  1.000000000000000e+00  0.000000000000000e+00  6.587966334816757e-01 -9.430647011759072e-01 
 5.754399373372301e+07  1.000000000000000e+00  0.000000000000000e+00  6.395538434070941e-01 -9.456383434459126e-01 
 5.821032177709454e+07  1.000000000000000e+00  0.000000000000000e+00  6.202021407853272e-01 -9.475620694760055e-01 
 5.888436553556639e+07  1.000000000000000e+00  0.000000000000000e+00  6.007781232775721e-01 -9.488294946625350e-01 
 5.956621435290863e+07  1.000000000000000e+00  0.000000000000000e+00  5.813188435349435e-01 -9.494369989876179e-01 
 6.025595860744344e+07  1.000000000000000e+00  0.000000000000000e+00  5.618615476169330e-01 -9.493837621356419e-01 
 6.095368972402468e+07  1.000000000000000e+00  0.000000000000000e+00  5.424434080054882e-01 -9.486717699520092e-01 
 6.165950018615607e+07  1.000000000000000e+00  0.000000000000000e+00  5.231012614298030e-01 -9.473057887359214e-01 
 6.237348354824988e+07  1.000000000000000e+00  0.000000000000000e+00  5.038713499282701e-01 -9.452933117048953e-01 
 6.309573444802737e+07  1.000000000000000e+00  0.000000000000000e+00  4.847890705550755e-01 -9.426444769527147e-01 
 6.382634861906301e+07  1.000000000000000e+00  0.000000000000000e+00  4.658887401101437e-01 -9.393719575341051e-01 
 6.456542290347379e+07  1.000000000000000e+00  0.000000000000000e+00  4.472033735431216e-01 -9.354908279593741e-01 
 6.531305526475558e+07  1.000000000000000e+00  0.000000000000000e+00  4.287644820608329e-01 -9.310184084577314e-01 
 6.606934480076804e+07  1.000000000000000e+00  0.000000000000000e+00  4.106018923651756e-01 -9.259740898853901e-01 
 6.683439175687000e+07  1.000000000000000e+00  0.000000000000000e+00  3.927435890765973e-01 -9.203791426346227e-01 
 6.760829753920682e+07  1.000000000000000e+00  0.000000000000000e+00  3.752155809184226e-01 -9.142565134977337e-01 
 6.839116472815168e+07  1.000000000000000e+00  0.000000000000000e+00  3.580417929397829e-01 -9.076306129543691e-01 
 6.918309709190249e+07  1.000000000000000e+00  0.000000000000000e+00  3.412439842915939e-01 -9.005270964872947e-01 
 6.998419960023630e+07  1.000000000000000e+00  0.000000000000000e+00  3.248416907835361e-01 -8.929726444634070e-01 
 7.079457843842284e+07  1.000000000000000e+00  0.000000000000000e+00  3.088521929747215e-01 -8.849947418251022e-01 
 7.161434102129936e+07  1.000000000000000e+00  0.000000000000000e+00  2.932905077759360e-01 -8.766214622915605e-01 
 7.244359600750828e+07  1.000000000000000e+00  0.000000000000000e+00  2.781694023796440e-01 -8.678812587662402e-01 
 7.328245331389979e+07  1.000000000000000e+00  0.000000000000000e+00  2.634994291548088e-01 -8.588027624358867e-01 
 7.413102413010125e+07  1.000000000000000e+00  0.000000000000000e+00  2.492889785565132e-01 -8.494145934070423e-01 
 7.498942093325520e+07  1.000000000000000e+00  0.000000000000000e+00  2.355443498826789e-01 -8.397451829970134e-01 
 7.585775750292811e+07  1.000000000000000e+00  0.000000000000000e+00  2.222698355877318e-01 -8.298226106135462e-01 
 7.673614893619174e+07  1.000000000000000e+00  0.000000000000000e+00  2.094678181743146e-01 -8.196744551426137e-01 
 7.762471166287914e+07  1.000000000000000e+00  0.000000000000000e+00  1.971388770215756e-01 -8.093276618333574e-01 
 7.852356346101727e+07  1.000000000000000e+00  0.000000000000000e+00  1.852819027274434e-01 -7.988084251699252e-01 
 7.943282347243837e+07  1.000000000000000e+00  0.000000000000000e+00  1.738942179269599e-01 -7.881420870712592e-01 
 8.035261221857207e+07  1.000000000000000e+00  0.000000000000000e+00  1.629717007541626e-01 -7.773530510481585e-01 
 8.128305161642039e+07  1.000000000000000e+00  0.000000000000000e+00  1.525089111988361e-01 -7.664647111854020e-01 
 8.222426499471770e+07  1.000000000000000e+00  0.000000000000000e+00  1.424992171597548e-01 -7.554993956576802e-01 
 8.317637711027782e+07  1.000000000000000e+00  0.000000000000000e+00  1.329349191295008e-01 -7.444783241096968e-01 
 8.413951416453035e+07  1.000000000000000e+00  0.000000000000000e+00  1.238073730717746e-01 -7.334215772569115e-01 
 8.511380382024862e+07  1.000000000000000e+00  0.000000000000000e+00  1.151071088346987e-01 -7.223480788518821e-01 
 8.609937521847117e+07  1.000000000000000e+00  0.000000000000000e+00  1.068239446781280e-01 -7.112755879323193e-01 
 8.709635899561930e+07  1.000000000000000e+00  0.000000000000000e+00  9.894709643410886e-02 -7.002207007532838e-01 
 8.810488730081278e+07  1.000000000000000e+00  0.000000000000000e+00  9.146528044871474e-02 -6.891988616432876e-01 
 8.912509381338607e+07  1.000000000000000e+00  0.000000000000000e+00  8.436681050059755e-02 -6.782243810065597e-01 
 9.015711376060735e+07  1.000000000000000e+00  0.000000000000000e+00  7.763968867904572e-02 -6.673104597063911e-01 
 9.120108393560277e+07  1.000000000000000e+00  0.000000000000000e+00  7.127168827360753e-02 -6.564692196876878e-01 
 9.225714271548826e+07  1.000000000000000e+00  0.000000000000000e+00  6.525043143267734e-02 -6.457117381263013e-01 
 9.332543007971118e+07  1.000000000000000e+00  0.000000000000000e+00  5.956345895747952e-02 -6.350480860596670e-01 
 9.440608762860456e+07  1.000000000000000e+00  0.000000000000000e+00  5.419829397726066e-02 -6.244873697341013e-01 
 9.549925860215597e+07  1.000000000000000e+00  0.000000000000000e+00  4.914249923847935e-02 -6.140377739097663e-01 
 9.660508789899386e+07  1.000000000000000e+00  0.000000000000000e+00  4.438372794333535e-02 -6.037066070563146e-01 
 9.772372209559375e+07  1.000000000000000e+00  0.000000000000000e+00  3.990976906324243e-02 -5.935003471712479e-01 
 9.885530946570672e+07  1.000000000000000e+00  0.000000000000000e+00  3.570858677989713e-02 -5.834246881747512e-01 
 1.000000000000130e+08  1.000000000000000e+00  0.000000000000000e+00  3.176835478175390e-02 -5.734845862870239e-01 
 1.011579454260030e+08  1.000000000000000e+00  0.000000000000000e+00  2.807748570726330e-02 -5.636843059131602e-01 
 1.023292992280887e+08  1.000000000000000e+00  0.000000000000000e+00  2.462465606732275e-02 -5.540274647738489e-01 
 1.035142166679479e+08  1.000000000000000e+00  0.000000000000000e+00  2.139882663210856e-02 -5.445170782439477e-01 
 1.047128548051036e+08  1.000000000000000e+00  0.000000000000000e+00  1.838925964763398e-02 -5.351556019394398e-01 
 1.059253725177427e+08  1.000000000000000e+00  0.000000000000000e+00  1.558553188086938e-02 -5.259449734131051e-01 
 1.071519305237746e+08  1.000000000000000e+00  0.000000000000000e+00  1.297754484616307e-02 -5.168866519348190e-01 
 1.083926914021345e+08  1.000000000000000e+00  0.000000000000000e+00  1.055553215312565e-02 -5.079816566603519e-01 
 1.096478196143328e+08  1.000000000000000e+00  0.000000000000000e+00  8.310064230810585e-03 -4.992306030772354e-01 
 1.109174815262546e+08  1.000000000000000e+00  0.000000000000000e+00  6.232050767617257e-03 -4.906337376133107e-01 
 1.122018454302110e+08  1.000000000000000e+00  0.000000000000000e+00  4.312741177671636e-03 -4.821909704519954e-01 
 1.135010815672463e+08  1.000000000000000e+00  0.000000000000000e+00  2.543723348764920e-03 -4.739019064173355e-01 
 1.148153621497033e+08  1.000000000000000e+00  0.000000000000000e+00  9.169207289716364e-04 -4.657658741777349e-01 
 1.161448613840495e+08  1.000000000000000e+00  0.000000000000000e+00 -5.754117565148530e-04 -4.577819535074335e-01 
 1.174897554939683e+08  1.000000000000000e+00  0.000000000000000e+00 -1.940693033950262e-03 -4.499490009052632e-01 
 1.188502227437174e+08  1.000000000000000e+00  0.000000000000000e+00 -3.186022122161956e-03 -4.422656734711407e-01 
 1.202264434617570e+08  1.000000000000000e+00  0.000000000000000e+00 -4.318185285312076e-03 -4.347304511971942e-01 
 1.216186000646528e+08  1.000000000000000e+00  0.000000000000000e+00 -5.343663588538068e-03 -4.273416575417137e-01 
 1.230268770812543e+08  1.000000000000000e+00  0.000000000000000e+00 -6.268641223374821e-03 -4.200974785982164e-01 
 1.244514611771549e+08  1.000000000000000e+00  0.000000000000000e+00 -7.099014165041667e-03 -4.129959808281975e-01 
 1.258925411794333e+08  1.000000000000000e+00  0.000000000000000e+00 -7.840399127339789e-03 -4.060351273769661e-01 
 1.273503081016829e+08  1.000000000000000e+00  0.000000000000000e+00 -8.498142755047905e-03 -3.992127930950148e-01 
 1.288249551693303e+08  1.000000000000000e+00  0.000000000000000e+00 -9.077330910449417e-03 -3.925267783250843e-01 
 1.303166778452471e+08  1.000000000000000e+00  0.000000000000000e+00 -9.582798158583733e-03 -3.859748215975697e-01 
 1.318256738556581e+08  1.000000000000000e+00  0.000000000000000e+00 -1.001913713945792e-02 -3.795546111921937e-01 
 1.333521432163500e+08  1.000000000000000e+00  0.000000000000000e+00 -1.039070793426406e-02 -3.732637956460207e-01 
 1.348962882591831e+08  1.000000000000000e+00  0.000000000000000e+00 -1.070164732288051e-02 -3.670999933673034e-01 
 1.364583136589105e+08  1.000000000000000e+00  0.000000000000000e+00 -1.095587805254381e-02 -3.610608013971613e-01 
 1.380384264603067e+08  1.000000000000000e+00  0.000000000000000e+00 -1.115711766053608e-02 -3.551438031932404e-01 
 1.396368361056122e+08  1.000000000000000e+00  0.000000000000000e+00 -1.130888752883625e-02 -3.493465758911209e-01 
 1.412537544622941e+08  1.000000000000000e+00  0.000000000000000e+00 -1.141452131417103e-02 -3.436666965984629e-01 
 1.428893958511291e+08  1.000000000000000e+00  0.000000000000000e+00 -1.147717342895232e-02 -3.381017482058727e-01 
 1.445439770746118e+08  1.000000000000000e+00  0.000000000000000e+00 -1.149982721807096e-02 -3.326493245426508e-01 
 1.462177174456911e+08  1.000000000000000e+00  0.000000000000000e+00 -1.148530273984121e-02 -3.273070348853561e-01 
 1.479108388168403e+08  1.000000000000000e+00  0.000000000000000e+00 -1.143626460744039e-02 -3.220725081306732e-01 
 1.496235656094631e+08  1.000000000000000e+00  0.000000000000000e+00 -1.135522923311966e-02 -3.169433963186340e-01 
 1.513561248436408e+08  1.000000000000000e+00  0.000000000000000e+00 -1.124457209879542e-02 -3.119173778435045e-01 
 1.531087461682233e+08  1.000000000000000e+00  0.000000000000000e+00 -1.110653440068160e-02 -3.069921601138179e-01 
 1.548816618912686e+08  1.000000000000000e+00  0.000000000000000e+00 -1.094322993748051e-02 -3.021654820802377e-01 
 1.566751070108357e+08  1.000000000000000e+00  0.000000000000000e+00 -1.075665127755539e-02 -2.974351162122654e-01 
 1.584893192461324e+08  1.000000000000000e+00  0.000000000000000e+00 -1.054867579132351e-02 -2.927988702215600e-01 
 1.603245390690254e+08  1.000000000000000e+00  0.000000000000000e+00 -1.032107171964314e-02 -2.882545886565198e-01 
 1.621810097359145e+08  1.000000000000000e+00  0.000000000000000e+00 -1.007550342912370e-02 -2.838001539715200e-01 
 1.640589773199757e+08  1.000000000000000e+00  0.000000000000000e+00 -9.813537068653845e-03 -2.794334876703957e-01 
 1.659586907437781e+08  1.000000000000000e+00  0.000000000000000e+00 -9.536645442281440e-03 -2.751525509930831e-01 
 1.678804018122783e+08  1.000000000000000e+00  0.000000000000000e+00 -9.246213044266019e-03 -2.709553455877297e-01 
 1.698243652461970e+08  1.000000000000000e+00  0.000000000000000e+00 -8.943540505102442e-03 -2.668399138530446e-01 
 1.717908387157817e+08  1.000000000000000e+00  0.000000000000000e+00 -8.629849282691476e-03 -2.628043393380873e-01 
 1.737800828749607e+08  1.000000000000000e+00  0.000000000000000e+00 -8.306285640103892e-03 -2.588467467766904e-01 
 1.757923613958926e+08  1.000000000000000e+00  0.000000000000000e+00 -7.973924840941010e-03 -2.549653021854384e-01 
 1.778279410039160e+08  1.000000000000000e+00  0.000000000000000e+00 -7.633774860395644e-03 -2.511582127283251e-01 
 1.798870915129028e+08  1.000000000000000e+00  0.000000000000000e+00 -7.286780115329250e-03 -2.474237265692509e-01 
 1.819700858610226e+08  1.000000000000000e+00  0.000000000000000e+00 -6.933824854373345e-03 -2.437601325756424e-01 
 1.840772001469201e+08  1.000000000000000e+00  0.000000000000000e+00 -6.575736496040401e-03 -2.401657599918384e-01 
 1.862087136663116e+08  1.000000000000000e+00  0.000000000000000e+00 -6.213288762900589e-03 -2.366389780297608e-01 
 1.883649089490052e+08  1.000000000000000e+00  0.000000000000000e+00 -5.847204588128377e-03 -2.331781953763714e-01 
 1.905460717963502e+08  1.000000000000000e+00  0.000000000000000e+00 -5.478158953342486e-03 -2.297818596796126e-01 
 1.927524913191193e+08  1.000000000000000e+00  0.000000000000000e+00 -5.106781655389214e-03 -2.264484570211370e-01 
 1.949844599758306e+08  1.000000000000000e+00  0.000000000000000e+00 -4.733659704578329e-03 -2.231765112610299e-01 
 1.972422736115117e+08  1.000000000000000e+00  0.000000000000000e+00 -4.359339810339678e-03 -2.199645834350107e-01 
 1.995262314969147e+08  1.000000000000000e+00  0.000000000000000e+00 -3.984330695941961e-03 -2.168112711073535e-01 
 2.018366363681831e+08  1.000000000000000e+00  0.000000000000000e+00 -3.609105148406906e-03 -2.137152076498066e-01 
 2.041737944669803e+08  1.000000000000000e+00  0.000000000000000e+00 -3.234102168138837e-03 -2.106750615766498e-01 
 2.065380155810806e+08  1.000000000000000e+00  0.000000000000000e+00 -2.859728842205975e-03 -2.076895358095696e-01 
 2.089296130854320e+08  1.000000000000000e+00  0.000000000000000e+00 -2.486362218657554e-03 -2.047573669695285e-01 
 2.113489039836930e+08  1.000000000000000e+00  0.000000000000000e+00 -2.114351087321658e-03 -2.018773246554143e-01 
 2.137962089502519e+08  1.000000000000000e+00  0.000000000000000e+00 -1.744017560640736e-03 -1.990482106922179e-01 
 2.162718523727311e+08  1.000000000000000e+00  0.000000000000000e+00 -1.375658615321514e-03 -1.962688583851971e-01 
 2.187761623949846e+08  1.000000000000000e+00  0.000000000000000e+00 -1.009547666796403e-03 -1.935381318162404e-01 
 2.213094709605935e+08  1.000000000000000e+00  0.000000000000000e+00 -6.459358479262553e-04 -1.908549250736627e-01 
 2.238721138568640e+08  1.000000000000000e+00  0.000000000000000e+00 -2.850534657717109e-04 -1.882181615633302e-01 
 2.264644307593364e+08  1.000000000000000e+00  0.000000000000000e+00  7.288889770500962e-05 -1.856267932391062e-01 
 2.290867652768081e+08  1.000000000000000e+00  0.000000000000000e+00  4.276990856604999e-04 -1.830797999191445e-01 
 2.317394649968790e+08  1.000000000000000e+00  0.000000000000000e+00  7.792023152607330e-04 -1.805761885590868e-01 
 2.344228815320238e+08  1.000000000000000e+00  0.000000000000000e+00  1.127240079379038e-03 -1.781149925608120e-01 
 2.371373705661975e+08  1.000000000000000e+00  0.000000000000000e+00  1.471669192354399e-03 -1.756952710706954e-01 
 2.398832919019814e+08  1.000000000000000e+00  0.000000000000000e+00  1.812360816077946e-03 -1.733161083073331e-01 
 2.426610095082743e+08  1.000000000000000e+00  0.000000000000000e+00  2.149199575534638e-03 -1.709766128906093e-01 
 2.454708915685362e+08  1.000000000000000e+00  0.000000000000000e+00  2.482082718857438e-03 -1.686759171840796e-01 
 2.483133105295905e+08  1.000000000000000e+00  0.000000000000000e+00  2.810919304881061e-03 -1.664131766549779e-01 
 2.511886431509919e+08  1.000000000000000e+00  0.000000000000000e+00  3.135629507287610e-03 -1.641875692269088e-01 
 2.540972705549648e+08  1.000000000000000e+00  0.000000000000000e+00  3.456143825685942e-03 -1.619982946817877e-01 
 2.570395782769211e+08  1.000000000000000e+00  0.000000000000000e+00  3.772402475938763e-03 -1.598445740374297e-01 
 2.600159563165624e+08  1.000000000000000e+00  0.000000000000000e+00  4.084354736821337e-03 -1.577256489620432e-01 
 2.630267991895738e+08  1.000000000000000e+00  0.000000000000000e+00  4.391958340416852e-03 -1.556407811954335e-01 
 2.660725059799170e+08  1.000000000000000e+00  0.000000000000000e+00  4.695178965993052e-03 -1.535892519720545e-01 
 2.691534803927280e+08  1.000000000000000e+00  0.000000000000000e+00  4.993989609238724e-03 -1.515703614905092e-01 
 2.722701308078281e+08  1.000000000000000e+00  0.000000000000000e+00  5.288370208838643e-03 -1.495834283459922e-01 
 2.754228703338540e+08  1.000000000000000e+00  0.000000000000000e+00  5.578307035875659e-03 -1.476277890359474e-01 
 2.786121168630148e+08  1.000000000000000e+00  0.000000000000000e+00  5.863792358511624e-03 -1.457027974228669e-01 
 2.818382931264836e+08  1.000000000000000e+00  0.000000000000000e+00  6.144823981167482e-03 -1.438078242452717e-01 
 2.851018267504296e+08  1.000000000000000e+00  0.000000000000000e+00  6.421404837170681e-03 -1.419422566336658e-01 
 2.884031503126997e+08  1.000000000000000e+00  0.000000000000000e+00  6.693542631332316e-03 -1.401054976346757e-01 
 2.917427014001563e+08  1.000000000000000e+00  0.000000000000000e+00  6.961249476087535e-03 -1.382969657526858e-01 
 2.951209226666787e+08  1.000000000000000e+00  0.000000000000000e+00  7.224541601021726e-03 -1.365160944947613e-01 
 2.985382618918365e+08  1.000000000000000e+00  0.000000000000000e+00  7.483438970677811e-03 -1.347623319492879e-01 
 3.019951720402427e+08  1.000000000000000e+00  0.000000000000000e+00  7.737965056437630e-03 -1.330351403491847e-01 
 3.054921113215929e+08  1.000000000000000e+00  0.000000000000000e+00  7.988146540082848e-03 -1.313339956653961e-01 
 3.090295432514011e+08  1.000000000000000e+00  0.000000000000000e+00  8.234013021334223e-03 -1.296583872129244e-01 
 3.126079367124381e+08  1.000000000000000e+00  0.000000000000000e+00  8.475596830572189e-03 -1.280078172515540e-01 
 3.162277660168810e+08  1.000000000000000e+00  0.000000000000000e+00  8.712932752204560e-03 -1.263818006185445e-01 
 3.198895109691834e+08  1.000000000000000e+00  0.000000000000000e+00  8.946057838648788e-03 -1.247798643558193e-01 
 3.235936569296724e+08  1.000000000000000e+00  0.000000000000000e+00  9.175011182701694e-03 -1.232015473591740e-01 
 3.273406948788829e+08  1.000000000000000e+00  0.000000000000000e+00  9.399833763883633e-03 -1.216464000276356e-01 
 3.311311214826363e+08  1.000000000000000e+00  0.000000000000000e+00  9.620568214679090e-03 -1.201139839364181e-01 
 3.349654391578735e+08  1.000000000000000e+00  0.000000000000000e+00  9.837258703536146e-03 -1.186038715046936e-01 
 3.388441561392489e+08  1.000000000000000e+00  0.000000000000000e+00  1.004995076248778e-02 -1.171156456823787e-01 
 3.427677865464973e+08  1.000000000000000e+00  0.000000000000000e+00  1.025869111521814e-02 -1.156488996479217e-01 
 3.467368504525791e+08  1.000000000000000e+00  0.000000000000000e+00  1.046352758435275e-02 -1.142032365048286e-01 
 3.507518739526161e+08  1.000000000000000e+00  0.000000000000000e+00  1.066450889537360e-02 -1.127782690033594e-01 
 3.548133892336241e+08  1.000000000000000e+00  0.000000000000000e+00  1.086168465365074e-02 -1.113736192484019e-01 
 3.589219346450545e+08  1.000000000000000e+00  0.000000000000000e+00  1.105510511564253e-02 -1.099889184434428e-01 
 3.630780547701512e+08  1.000000000000000e+00  0.000000000000000e+00  1.124482117149547e-02 -1.086238066174224e-01 
 3.672823004981351e+08  1.000000000000000e+00  0.000000000000000e+00  1.143088420407261e-02 -1.072779323753440e-01 
 3.715352290972236e+08  1.000000000000000e+00  0.000000000000000e+00  1.161334600906039e-02 -1.059509526501285e-01 
 3.758374042884958e+08  1.000000000000000e+00  0.000000000000000e+00  1.179225869943203e-02 -1.046425324645869e-01 
 3.801893963206135e+08  1.000000000000000e+00  0.000000000000000e+00  1.196767464503100e-02 -1.033523446977955e-01 
 3.845917820454065e+08  1.000000000000000e+00  0.000000000000000e+00  1.213964636689075e-02 -1.020800698633598e-01 
 3.890451449943342e+08  1.000000000000000e+00  0.000000000000000e+00  1.230822648737014e-02 -1.008253958900166e-01 
 3.935500754558317e+08  1.000000000000000e+00  0.000000000000000e+00  1.247346766392782e-02 -9.958801791050235e-02 
 3.981071705535522e+08  1.000000000000000e+00  0.000000000000000e+00  1.263542252585229e-02 -9.836763805759292e-02 
 4.027170343255147e+08  1.000000000000000e+00  0.000000000000000e+00  1.279414361403698e-02 -9.716396526618026e-02 
 4.073802778041690e+08  1.000000000000000e+00  0.000000000000000e+00  1.294968333662742e-02 -9.597671508069923e-02 
 4.120975190973871e+08  1.000000000000000e+00  0.000000000000000e+00  1.310209391152652e-02 -9.480560946988280e-02 
 4.168693834703930e+08  1.000000000000000e+00  0.000000000000000e+00  1.325142733143957e-02 -9.365037664534413e-02 
 4.216965034286405e+08  1.000000000000000e+00  0.000000000000000e+00  1.339773531334243e-02 -9.251075088790693e-02 
 4.265795188016517e+08  1.000000000000000e+00  0.000000000000000e+00  1.354106927199060e-02 -9.138647237719383e-02 
 4.315190768278250e+08  1.000000000000000e+00  0.000000000000000e+00  1.368148027163392e-02 -9.027728702861390e-02 
 4.365158322402264e+08  1.000000000000000e+00  0.000000000000000e+00  1.381901901325943e-02 -8.918294633312734e-02 
 4.415704473533736e+08  1.000000000000000e+00  0.000000000000000e+00  1.395373577056488e-02 -8.810320720492333e-02 
 4.466835921510250e+08  1.000000000000000e+00  0.000000000000000e+00  1.408568040815738e-02 -8.703783182984122e-02 
 4.518559443749850e+08  1.000000000000000e+00  0.000000000000000e+00  1.421490231966814e-02 -8.598658752248547e-02 
 4.570881896149384e+08  1.000000000000000e+00  0.000000000000000e+00  1.434145042954827e-02 -8.494924658488655e-02 
 4.623810213993244e+08  1.000000000000000e+00  0.000000000000000e+00  1.446537316822824e-02 -8.392558617080455e-02 
 4.677351412872631e+08  1.000000000000000e+00  0.000000000000000e+00  1.458671842734062e-02 -8.291538815506465e-02 
 4.731512589615462e+08  1.000000000000000e+00  0.000000000000000e+00  1.470553358163326e-02 -8.191843900425405e-02 
 4.786300923227049e+08  1.000000000000000e+00  0.000000000000000e+00  1.482186546412626e-02 -8.093452965354286e-02 
 4.841723675841666e+08  1.000000000000000e+00  0.000000000000000e+00  1.493576033285483e-02 -7.996345538751348e-02 
 4.897788193685143e+08  1.000000000000000e+00  0.000000000000000e+00  1.504726388767404e-02 -7.900501572276712e-02 
 4.954501908048592e+08  1.000000000000000e+00  0.000000000000000e+00  1.515642123610949e-02 -7.805901429624607e-02 
 5.011872336273420e+08  1.000000000000000e+00  0.000000000000000e+00  1.526327689844910e-02 -7.712525875535552e-02 
 5.069907082747750e+08  1.000000000000000e+00  0.000000000000000e+00  1.536787480357674e-02 -7.620356065211689e-02 
 5.128613839914363e+08  1.000000000000000e+00  0.000000000000000e+00  1.547025827253356e-02 -7.529373534094541e-02 
 5.188000389290334e+08  1.000000000000000e+00  0.000000000000000e+00  1.557047001481937e-02 -7.439560187884023e-02 
 5.248074602498457e+08  1.000000000000000e+00  0.000000000000000e+00  1.566855212701327e-02 -7.350898292895709e-02 
 5.308844442310624e+08  1.000000000000000e+00  0.000000000000000e+00  1.576454609698729e-02 -7.263370466696800e-02 
 5.370317963703276e+08  1.000000000000000e+00  0.000000000000000e+00  1.585849279018260e-02 -7.176959669059263e-02 
 5.432503314925090e+08  1.000000000000000e+00  0.000000000000000e+00  1.595043244650453e-02 -7.091649193124509e-02 
 5.495408738577013e+08  1.000000000000000e+00  0.000000000000000e+00  1.604040470002947e-02 -7.007422656937953e-02 
 5.559042572704812e+08  1.000000000000000e+00  0.000000000000000e+00  1.612844854961190e-02 -6.924263995095191e-02 
 5.623413251904277e+08  1.000000000000000e+00  0.000000000000000e+00  1.621460239000849e-02 -6.842157450799212e-02 
 5.688529308439209e+08  1.000000000000000e+00  0.000000000000000e+00  1.629890397862313e-02 -6.761087568009047e-02 
 5.754399373372374e+08  1.000000000000000e+00  0.000000000000000e+00  1.638139048107190e-02 -6.681039183957445e-02 
 5.821032177709528e+08  1.000000000000000e+00  0.000000000000000e+00  1.646209843330120e-02 -6.601997421780860e-02 
 5.888436553556714e+08  1.000000000000000e+00  0.000000000000000e+00  1.654106376389991e-02 -6.523947683414853e-02 
 5.956621435290939e+08  1.000000000000000e+00  0.000000000000000e+00  1.661832179651664e-02 -6.446875642741162e-02 
 6.025595860744421e+08  1.000000000000000e+00  0.000000000000000e+00  1.669390725645101e-02 -6.370767238880545e-02 
 6.095368972402545e+08  1.000000000000000e+00  0.000000000000000e+00  1.676785426246874e-02 -6.295608669682369e-02 
 6.165950018615686e+08  1.000000000000000e+00  0.000000000000000e+00  1.684019634498801e-02 -6.221386385463266e-02 
 6.237348354825066e+08  1.000000000000000e+00  0.000000000000000e+00  1.691096644138119e-02 -6.148087082852594e-02 
 6.309573444802817e+08  1.000000000000000e+00  0.000000000000000e+00  1.698019691321305e-02 -6.075697698946345e-02 
 6.382634861906382e+08  1.000000000000000e+00  0.000000000000000e+00  1.704791953231331e-02 -6.004205405409479e-02 
 6.456542290347461e+08  1.000000000000000e+00  0.000000000000000e+00  1.711416550841860e-02 -5.933597603028711e-02 
 6.531305526475639e+08  1.000000000000000e+00  0.000000000000000e+00  1.717896547922813e-02 -5.863861916204986e-02 
 6.606934480076886e+08  1.000000000000000e+00  0.000000000000000e+00  1.724234952614972e-02 -5.794986187701899e-02 
 6.683439175687084e+08  1.000000000000000e+00  0.000000000000000e+00  1.730434717029167e-02 -5.726958473526098e-02 
 6.760829753920767e+08  1.000000000000000e+00  0.000000000000000e+00  1.736498739269930e-02 -5.659767037984970e-02 
 6.839116472815254e+08  1.000000000000000e+00  0.000000000000000e+00  1.742429862882554e-02 -5.593400348821490e-02 
 6.918309709190336e+08  1.000000000000000e+00  0.000000000000000e+00  1.748230878394600e-02 -5.527847072568690e-02 
 6.998419960023718e+08  1.000000000000000e+00  0.000000000000000e+00  1.753904523271927e-02 -5.463096069956169e-02 
 7.079457843842374e+08  1.000000000000000e+00  0.000000000000000e+00  1.759453483266552e-02 -5.399136391529349e-02 
 7.161434102130027e+08  1.000000000000000e+00  0.000000000000000e+00  1.764880392378553e-02 -5.335957273292488e-02 
 7.244359600750920e+08  1.000000000000000e+00  0.000000000000000e+00  1.770187834670076e-02 -5.273548132624897e-02 
 7.328245331390072e+08  1.000000000000000e+00  0.000000000000000e+00  1.775378343910426e-02 -5.211898564136321e-02 
 7.413102413010219e+08  1.000000000000000e+00  0.000000000000000e+00  1.780454404759543e-02 -5.150998335765637e-02 
 7.498942093325615e+08  1.000000000000000e+00  0.000000000000000e+00  1.785418453462287e-02 -5.090837384936669e-02 
 7.585775750292907e+08  1.000000000000000e+00  0.000000000000000e+00  1.790272878688805e-02 -5.031405814846008e-02 
 7.673614893619272e+08  1.000000000000000e+00  0.000000000000000e+00  1.795020021650084e-02 -4.972693890783775e-02 
 7.762471166288012e+08  1.000000000000000e+00  0.000000000000000e+00  1.799662178136090e-02 -4.914692036744610e-02 
 7.852356346101826e+08  1.000000000000000e+00  0.000000000000000e+00  1.804201597726621e-02 -4.857390831844571e-02 
 7.943282347243937e+08  1.000000000000000e+00  0.000000000000000e+00  1.808640485556897e-02 -4.800781007098054e-02 
 8.035261221857308e+08  1.000000000000000e+00  0.000000000000000e+00  1.812981002385725e-02 -4.744853442108929e-02 
 8.128305161642141e+08  1.000000000000000e+00  0.000000000000000e+00  1.817225265925587e-02 -4.689599161992607e-02 
 8.222426499471874e+08  1.000000000000000e+00  0.000000000000000e+00  1.821375351150824e-02 -4.635009334250244e-02 
 8.317637711027887e+08  1.000000000000000e+00  0.000000000000000e+00  1.825433291031364e-02 -4.581075265806709e-02 
 8.413951416453142e+08  1.000000000000000e+00  0.000000000000000e+00  1.829401077388762e-02 -4.527788400110701e-02 
 8.511380382024970e+08  1.000000000000000e+00  0.000000000000000e+00  1.833280661657980e-02 -4.475140314323861e-02 
 8.609937521847227e+08  1.000000000000000e+00  0.000000000000000e+00  1.837073955230959e-02 -4.423122716532966e-02 
 8.709635899562042e+08  1.000000000000000e+00  0.000000000000000e+00  1.840782830429937e-02 -4.371727443082751e-02 
 8.810488730081391e+08  1.000000000000000e+00  0.000000000000000e+00  1.844409121300744e-02 -4.320946456026548e-02 
 8.912509381338720e+08  1.000000000000000e+00  0.000000000000000e+00  1.847954624023300e-02 -4.270771840522157e-02 
 9.015711376060849e+08  1.000000000000000e+00  0.000000000000000e+00  1.851421097870391e-02 -4.221195802408931e-02 
 9.120108393560393e+08  1.000000000000000e+00  0.000000000000000e+00  1.854810265451565e-02 -4.172210665745058e-02 
 9.225714271548942e+08  1.000000000000000e+00  0.000000000000000e+00  1.858123813737009e-02 -4.123808870510216e-02 
 9.332543007971237e+08  1.000000000000000e+00  0.000000000000000e+00  1.861363394899679e-02 -4.075982970364724e-02 
 9.440608762860576e+08  1.000000000000000e+00  0.000000000000000e+00  1.864530626104378e-02 -4.028725630276733e-02 
 9.549925860215718e+08  1.000000000000000e+00  0.000000000000000e+00  1.867627091364055e-02 -3.982029624566280e-02 
 9.660508789899508e+08  1.000000000000000e+00  0.000000000000000e+00  1.870654340979539e-02 -3.935887834580327e-02 
 9.772372209559498e+08  1.000000000000000e+00  0.000000000000000e+00  1.873613892932361e-02 -3.890293246780501e-02 
 9.885530946570796e+08  1.000000000000000e+00  0.000000000000000e+00  1.876507233363667e-02 -3.845238950699680e-02 
 1.000000000000142e+09  1.000000000000000e+00  0.000000000000000e+00  1.879335816947716e-02 -3.800718136965342e-02 
 1.011579454260043e+09  1.000000000000000e+00  0.000000000000000e+00  1.882101067581090e-02 -3.756724095376970e-02 
 1.023292992280900e+09  1.000000000000000e+00  0.000000000000000e+00  1.884804379197275e-02 -3.713250213118394e-02 
 1.035142166679491e+09  1.000000000000000e+00  0.000000000000000e+00  1.887447116127618e-02 -3.670289972891935e-02 
 1.047128548051049e+09  1.000000000000000e+00  0.000000000000000e+00  1.890030613755847e-02 -3.627836951158823e-02 
 1.059253725177440e+09  1.000000000000000e+00  0.000000000000000e+00  1.892556178873417e-02 -3.585884816387820e-02 
 1.071519305237759e+09  1.000000000000000e+00  0.000000000000000e+00  1.895025090491974e-02 -3.544427327399428e-02 
 1.083926914021358e+09  1.000000000000000e+00  0.000000000000000e+00  1.897438600386738e-02 -3.503458331746128e-02 
 1.096478196143342e+09  1.000000000000000e+00  0.000000000000000e+00  1.899797933613102e-02 -3.462971764086707e-02 
 1.109174815262559e+09  1.000000000000000e+00  0.000000000000000e+00  1.902104288744555e-02 -3.422961644572348e-02 
 1.122018454302124e+09  1.000000000000000e+00  0.000000000000000e+00  1.904358838890392e-02 -3.383422077418073e-02 
 1.135010815672477e+09  1.000000000000000e+00  0.000000000000000e+00  1.906562731882547e-02 -3.344347249346729e-02 
 1.148153621497047e+09  1.000000000000000e+00  0.000000000000000e+00  1.908717090634195e-02 -3.305731428082757e-02 
 1.161448613840509e+09  1.000000000000000e+00  0.000000000000000e+00  1.910823014215983e-02 -3.267568961084268e-02 
 1.174897554939698e+09  1.000000000000000e+00  0.000000000000000e+00  1.912881577720732e-02 -3.229854274001777e-02 
 1.188502227437189e+09  1.000000000000000e+00  0.000000000000000e+00  1.914893833078325e-02 -3.192581869385121e-02 
 1.202264434617585e+09  1.000000000000000e+00  0.000000000000000e+00  1.916860809590821e-02 -3.155746325392608e-02 
 1.216186000646542e+09  1.000000000000000e+00  0.000000000000000e+00  1.918783514056976e-02 -3.119342294409041e-02 
 1.230268770812558e+09  1.000000000000000e+00  0.000000000000000e+00  1.920662931559623e-02 -3.083364501850262e-02 
 1.244514611771564e+09  1.000000000000000e+00  0.000000000000000e+00  1.922500025729055e-02 -3.047807744894449e-02 
 1.258925411794348e+09  1.000000000000000e+00  0.000000000000000e+00  1.924295739207130e-02 -3.012666891267946e-02 
 1.273503081016845e+09  1.000000000000000e+00  0.000000000000000e+00  1.926050994301631e-02 -2.977936878126864e-02 
 1.288249551693319e+09  1.000000000000000e+00  0.000000000000000e+00  1.927766693038389e-02 -2.943612710807015e-02 
 1.303166778452487e+09  1.000000000000000e+00  0.000000000000000e+00  1.929443717894777e-02 -2.909689461763183e-02 
 1.318256738556597e+09  1.000000000000000e+00  0.000000000000000e+00  1.931082931859289e-02 -2.876162269383469e-02 
 1.333521432163516e+09  1.000000000000000e+00  0.000000000000000e+00  1.932685179351635e-02 -2.843026337044728e-02 
 1.348962882591848e+09  1.000000000000000e+00  0.000000000000000e+00  1.934251286083638e-02 -2.810276931903654e-02 
 1.364583136589121e+09  1.000000000000000e+00  0.000000000000000e+00  1.935782059807542e-02 -2.777909383970583e-02 
 1.380384264603084e+09  1.000000000000000e+00  0.000000000000000e+00  1.937278290475788e-02 -2.745919085028900e-02 
 1.396368361056139e+09  1.000000000000000e+00  0.000000000000000e+00  1.938740750803283e-02 -2.714301487702405e-02 
 1.412537544622958e+09  1.000000000000000e+00  0.000000000000000e+00  1.940170196438542e-02 -2.683052104415509e-02 
 1.428893958511309e+09  1.000000000000000e+00  0.000000000000000e+00  1.941567366501157e-02 -2.652166506517646e-02 
 1.445439770746136e+09  1.000000000000000e+00  0.000000000000000e+00  1.942932983782567e-02 -2.621640323297093e-02 
 1.462177174456929e+09  1.000000000000000e+00  0.000000000000000e+00  1.944267755207084e-02 -2.591469241096362e-02 
 1.479108388168421e+09  1.000000000000000e+00  0.000000000000000e+00  1.945572372085618e-02 -2.561649002414389e-02 
 1.496235656094650e+09  1.000000000000000e+00  0.000000000000000e+00  1.946847510464273e-02 -2.532175405022451e-02 
 1.513561248436427e+09  1.000000000000000e+00  0.000000000000000e+00  1.948093831553532e-02 -2.503044301149446e-02 
 1.531087461682252e+09  1.000000000000000e+00  0.000000000000000e+00  1.949311981915690e-02 -2.474251596598933e-02 
 1.548816618912706e+09  1.000000000000000e+00  0.000000000000000e+00  1.950502593695817e-02 -2.445793249901109e-02 
 1.566751070108376e+09  1.000000000000000e+00  0.000000000000000e+00  1.951666285308754e-02 -2.417665271639168e-02 
 1.584893192461343e+09  1.000000000000000e+00  0.000000000000000e+00  1.952803661296795e-02 -2.389863723505961e-02 
 1.603245390690274e+09  1.000000000000000e+00  0.000000000000000e+00  1.953915312783737e-02 -2.362384717581106e-02 
 1.621810097359165e+09  1.000000000000000e+00  0.000000000000000e+00  1.955001817949601e-02 -2.335224415655815e-02 
 1.640589773199777e+09  1.000000000000000e+00  0.000000000000000e+00  1.956063742041744e-02 -2.308379028375682e-02 
 1.659586907437801e+09  1.000000000000000e+00  0.000000000000000e+00  1.957101637750972e-02 -2.281844814553316e-02 
 1.678804018122804e+09  1.000000000000000e+00  0.000000000000000e+00  1.958116045619866e-02 -2.255618080512799e-02 
 1.698243652461991e+09  1.000000000000000e+00  0.000000000000000e+00  1.959107493983624e-02 -2.229695179254870e-02 
 1.717908387157838e+09  1.000000000000000e+00  0.000000000000000e+00  1.960076499611798e-02 -2.204072509922050e-02 
 1.737800828749628e+09  1.000000000000000e+00  0.000000000000000e+00  1.961023567664263e-02 -2.178746517004095e-02 
 1.757923613958948e+09  1.000000000000000e+00  0.000000000000000e+00  1.961949192131155e-02 -2.153713689761213e-02 
 1.778279410039181e+09  1.000000000000000e+00  0.000000000000000e+00  1.962853855980342e-02 -2.128970561524913e-02 
 1.798870915129050e+09  1.000000000000000e+00  0.000000000000000e+00  1.963738031371527e-02 -2.104513709052280e-02 
 1.819700858610248e+09  1.000000000000000e+00  0.000000000000000e+00  1.964602179979381e-02 -2.080339751942691e-02 
 1.840772001469224e+09  1.000000000000000e+00  0.000000000000000e+00  1.965446753180174e-02 -2.056445352006223e-02 
 1.862087136663139e+09  1.000000000000000e+00  0.000000000000000e+00  1.966272192338303e-02 -2.032827212680548e-02 
 1.883649089490075e+09  1.000000000000000e+00  0.000000000000000e+00  1.967078928816211e-02 -2.009482078350773e-02 
 1.905460717963525e+09  1.000000000000000e+00  0.000000000000000e+00  1.967867384481631e-02 -1.986406733900454e-02 
 1.927524913191217e+09  1.000000000000000e+00  0.000000000000000e+00  1.968637971716776e-02 -1.963598004049886e-02 
 1.949844599758330e+09  1.000000000000000e+00  0.000000000000000e+00  1.969391093694328e-02 -1.941052752825366e-02 
 1.972422736115142e+09  1.000000000000000e+00  0.000000000000000e+00  1.970127144565773e-02 -1.918767882999959e-02 
 1.995262314969171e+09  1.000000000000000e+00  0.000000000000000e+00  1.970846509656675e-02 -1.896740335560177e-02 
 2.018366363681856e+09  1.000000000000000e+00  0.000000000000000e+00  1.971549565696928e-02 -1.874967089181200e-02 
 2.041737944669828e+09  1.000000000000000e+00  0.000000000000000e+00  1.972236680961072e-02 -1.853445159691337e-02 
 2.065380155810831e+09  1.000000000000000e+00  0.000000000000000e+00  1.972908215460788e-02 -1.832171599556952e-02 
 2.089296130854345e+09  1.000000000000000e+00  0.000000000000000e+00  1.973564521174663e-02 -1.811143497402578e-02 
 2.113489039836956e+09  1.000000000000000e+00  0.000000000000000e+00  1.974205942190006e-02 -1.790357977498820e-02 
 2.137962089502545e+09  1.000000000000000e+00  0.000000000000000e+00  1.974832814798512e-02 -1.769812199231394e-02 
 2.162718523727337e+09  1.000000000000000e+00  0.000000000000000e+00  1.975445467874204e-02 -1.749503356741988e-02 
 2.187761623949873e+09  1.000000000000000e+00  0.000000000000000e+00  1.976044222826898e-02 -1.729428678326730e-02 
 2.213094709605962e+09  1.000000000000000e+00  0.000000000000000e+00  1.976629393860875e-02 -1.709585426043650e-02 
 2.238721138568667e+09  1.000000000000000e+00  0.000000000000000e+00  1.977201288141242e-02 -1.689970895246177e-02 
 2.264644307593391e+09  1.000000000000000e+00  0.000000000000000e+00  1.977760205947122e-02 -1.670582414143722e-02 
 2.290867652768109e+09  1.000000000000000e+00  0.000000000000000e+00  1.978306440788390e-02 -1.651417343338465e-02 
 2.317394649968818e+09  1.000000000000000e+00  0.000000000000000e+00  1.978840279530257e-02 -1.632473075375823e-02 
 2.344228815320266e+09  1.000000000000000e+00  0.000000000000000e+00  1.979362002722205e-02 -1.613747034426385e-02 
 2.371373705662003e+09  1.000000000000000e+00  0.000000000000000e+00  1.979871884475193e-02 -1.595236675713885e-02 
 2.398832919019843e+09  1.000000000000000e+00  0.000000000000000e+00  1.980370192784516e-02 -1.576939485203775e-02 
 2.426610095082772e+09  1.000000000000000e+00  0.000000000000000e+00  1.980857189603858e-02 -1.558852979169607e-02 
 2.454708915685391e+09  1.000000000000000e+00  0.000000000000000e+00  1.981333131029396e-02 -1.540974703817168e-02 
 2.483133105295935e+09  1.000000000000000e+00  0.000000000000000e+00  1.981798267348208e-02 -1.523302234844402e-02 
 2.511886431509949e+09  1.000000000000000e+00  0.000000000000000e+00  1.982252843202525e-02 -1.505833177074179e-02 
 2.540972705549678e+09  1.000000000000000e+00  0.000000000000000e+00  1.982697097773182e-02 -1.488565164114825e-02 
 2.570395782769242e+09  1.000000000000000e+00  0.000000000000000e+00  1.983131264804728e-02 -1.471495857919307e-02 
 2.600159563165655e+09  1.000000000000000e+00  0.000000000000000e+00  1.983555572818867e-02 -1.454622948478039e-02 
 2.630267991895769e+09  1.000000000000000e+00  0.000000000000000e+00  1.983970245135070e-02 -1.437944153395924e-02 
 2.660725059799201e+09  1.000000000000000e+00  0.000000000000000e+00  1.984375500082951e-02 -1.421457217592558e-02 
 2.691534803927312e+09  1.000000000000000e+00  0.000000000000000e+00  1.984771551026522e-02 -1.405159912899022e-02 
 2.722701308078314e+09  1.000000000000000e+00  0.000000000000000e+00  1.985158606572573e-02 -1.389050037770117e-02 
 2.754228703338573e+09  1.000000000000000e+00  0.000000000000000e+00  1.985536870558848e-02 -1.373125416870290e-02 
 2.786121168630181e+09  1.000000000000000e+00  0.000000000000000e+00  1.985906542270284e-02 -1.357383900806940e-02 
 2.818382931264870e+09  1.000000000000000e+00  0.000000000000000e+00  1.986267816476121e-02 -1.341823365756189e-02 
 2.851018267504330e+09  1.000000000000000e+00  0.000000000000000e+00  1.986620883560626e-02 -1.326441713160117e-02 
 2.884031503127032e+09  1.000000000000000e+00  0.000000000000000e+00  1.986965929575587e-02 -1.311236869368643e-02 
 2.917427014001598e+09  1.000000000000000e+00  0.000000000000000e+00  1.987303136402728e-02 -1.296206785372903e-02 
 2.951209226666822e+09  1.000000000000000e+00  0.000000000000000e+00  1.987632681809230e-02 -1.281349436466900e-02 
 2.985382618918401e+09  1.000000000000000e+00  0.000000000000000e+00  1.987954739546052e-02 -1.266662821943265e-02 
 3.019951720402463e+09  1.000000000000000e+00  0.000000000000000e+00  1.988269479434489e-02 -1.252144964785912e-02 
 3.054921113215965e+09  1.000000000000000e+00  0.000000000000000e+00  1.988577067474088e-02 -1.237793911393157e-02 
 3.090295432514048e+09  1.000000000000000e+00  0.000000000000000e+00  1.988877665873906e-02 -1.223607731235139e-02 
 3.126079367124418e+09  1.000000000000000e+00  0.000000000000000e+00  1.989171433221241e-02 -1.209584516630808e-02 
 3.162277660168848e+09  1.000000000000000e+00  0.000000000000000e+00  1.989458524475568e-02 -1.195722382396706e-02 
 3.198895109691872e+09  1.000000000000000e+00  0.000000000000000e+00  1.989739091135594e-02 -1.182019465634459e-02 
 3.235936569296762e+09  1.000000000000000e+00  0.000000000000000e+00  1.990013281231113e-02 -1.168473925375140e-02 
 3.273406948788867e+09  1.000000000000000e+00  0.000000000000000e+00  1.990281239482704e-02 -1.155083942381741e-02 
 3.311311214826402e+09  1.000000000000000e+00  0.000000000000000e+00  1.990543107306637e-02 -1.141847718824286e-02 
 3.349654391578774e+09  1.000000000000000e+00  0.000000000000000e+00  1.990799022936530e-02 -1.128763478039798e-02 
 3.388441561392529e+09  1.000000000000000e+00  0.000000000000000e+00  1.991049121472654e-02 -1.115829464268851e-02 
 3.427677865465013e+09  1.000000000000000e+00  0.000000000000000e+00  1.991293534951757e-02 -1.103043942382999e-02 
 3.467368504525832e+09  1.000000000000000e+00  0.000000000000000e+00  1.991532392426669e-02 -1.090405197646460e-02 
 3.507518739526202e+09  1.000000000000000e+00  0.000000000000000e+00  1.991765820030331e-02 -1.077911535458072e-02 
 3.548133892336283e+09  1.000000000000000e+00  0.000000000000000e+00  1.991993941041507e-02 -1.065561281109622e-02 
 3.589219346450587e+09  1.000000000000000e+00  0.000000000000000e+00  1.992216875943461e-02 -1.053352779529651e-02 
 3.630780547701555e+09  1.000000000000000e+00  0.000000000000000e+00  1.992434742480502e-02 -1.041284395039804e-02 
 3.672823004981394e+09  1.000000000000000e+00  0.000000000000000e+00  1.992647655765857e-02 -1.029354511161404e-02 
 3.715352290972280e+09  1.000000000000000e+00  0.000000000000000e+00  1.992855728252782e-02 -1.017561530294037e-02 
 3.758374042885003e+09  1.000000000000000e+00  0.000000000000000e+00  1.993059069890103e-02 -1.005903873580498e-02 
 3.801893963206180e+09  1.000000000000000e+00  0.000000000000000e+00  1.993257788120832e-02 -9.943799806177631e-03 
 3.845917820454110e+09  1.000000000000000e+00  0.000000000000000e+00  1.993451987941094e-02 -9.829883092393452e-03 
 3.890451449943388e+09  1.000000000000000e+00  0.000000000000000e+00  1.993641771988601e-02 -9.717273353226922e-03 
 3.935500754558363e+09  1.000000000000000e+00  0.000000000000000e+00  1.993827240566708e-02 -9.605955525415429e-03 
 3.981071705535568e+09  1.000000000000000e+00  0.000000000000000e+00  1.994008491695932e-02 -9.495914721518799e-03 
 4.027170343255193e+09  1.000000000000000e+00  0.000000000000000e+00  1.994185621184352e-02 -9.387136227910915e-03 
 4.073802778041737e+09  1.000000000000000e+00  0.000000000000000e+00  1.994358722670166e-02 -9.279605502700208e-03 
 4.120975190973919e+09  1.000000000000000e+00  0.000000000000000e+00  1.994527887664524e-02 -9.173308173510296e-03 
 4.168693834703979e+09  1.000000000000000e+00  0.000000000000000e+00  1.994693205597048e-02 -9.068230035414961e-03 
 4.216965034286455e+09  1.000000000000000e+00  0.000000000000000e+00  1.994854763877872e-02 -8.964357049123402e-03 
 4.265795188016566e+09  1.000000000000000e+00  0.000000000000000e+00  1.995012647941453e-02 -8.861675338938510e-03 
 4.315190768278299e+09  1.000000000000000e+00  0.000000000000000e+00  1.995166941265362e-02 -8.760171190503993e-03 
 4.365158322402314e+09  1.000000000000000e+00  0.000000000000000e+00  1.995317725446323e-02 -8.659831049181377e-03 
 4.415704473533788e+09  1.000000000000000e+00  0.000000000000000e+00  1.995465080225741e-02 -8.560641518028780e-03 
 4.466835921510302e+09  1.000000000000000e+00  0.000000000000000e+00  1.995609083543278e-02 -8.462589355973325e-03 
 4.518559443749902e+09  1.000000000000000e+00  0.000000000000000e+00  1.995749811563031e-02 -8.365661475780696e-03 
 4.570881896149437e+09  1.000000000000000e+00  0.000000000000000e+00  1.995887338721322e-02 -8.269844942350687e-03 
 4.623810213993298e+09  1.000000000000000e+00  0.000000000000000e+00  1.996021737764896e-02 -8.175126970814050e-03 
 4.677351412872684e+09  1.000000000000000e+00  0.000000000000000e+00  1.996153079795902e-02 -8.081494924896255e-03 
 4.731512589615516e+09  1.000000000000000e+00  0.000000000000000e+00  1.996281434295608e-02 -7.988936314894852e-03 
 4.786300923227103e+09  1.000000000000000e+00  0.000000000000000e+00  1.996406869175729e-02 -7.897438796212316e-03 
 4.841723675841722e+09  1.000000000000000e+00  0.000000000000000e+00  1.996529450794459e-02 -7.806990167287435e-03 
 4.897788193685199e+09  1.000000000000000e+00  0.000000000000000e+00  1.996649244015730e-02 -7.717578368262230e-03 
 4.954501908048648e+09  1.000000000000000e+00  0.000000000000000e+00  1.996766312227571e-02 -7.629191479072319e-03 
 5.011872336273478e+09  1.000000000000000e+00  0.000000000000000e+00  1.996880717371736e-02 -7.541817717723357e-03 
 5.069907082747808e+09  1.000000000000000e+00  0.000000000000000e+00  1.996992520000903e-02 -7.455445439040094e-03 
 5.128613839914422e+09  1.000000000000000e+00  0.000000000000000e+00  1.997101779269613e-02 -7.370063132379963e-03 
 5.188000389290394e+09  1.000000000000000e+00  0.000000000000000e+00  1.997208553011515e-02 -7.285659420798504e-03 
 5.248074602498518e+09  1.000000000000000e+00  0.000000000000000e+00  1.997312897728196e-02 -7.202223058779302e-03 
 5.308844442310685e+09  1.000000000000000e+00  0.000000000000000e+00  1.997414868652253e-02 -7.119742931209830e-03 
 5.370317963703339e+09  1.000000000000000e+00  0.000000000000000e+00  1.997514519754684e-02 -7.038208051520096e-03 
 5.432503314925153e+09  1.000000000000000e+00  0.000000000000000e+00  1.997611903787629e-02 -6.957607560340771e-03 
 5.495408738577076e+09  1.000000000000000e+00  0.000000000000000e+00  1.997707072292899e-02 -6.877930723764800e-03 
 5.559042572704876e+09  1.000000000000000e+00  0.000000000000000e+00  1.997800075648092e-02 -6.799166932107749e-03 
 5.623413251904341e+09  1.000000000000000e+00  0.000000000000000e+00  1.997890963095196e-02 -6.721305698491865e-03 
 5.688529308439275e+09  1.000000000000000e+00  0.000000000000000e+00  1.997979782745473e-02 -6.644336657085868e-03 
 5.754399373372440e+09  1.000000000000000e+00  0.000000000000000e+00  1.998066581620543e-02 -6.568249561898267e-03 
 5.821032177709596e+09  1.000000000000000e+00  0.000000000000000e+00  1.998151405673555e-02 -6.493034285330172e-03 
 5.888436553556782e+09  1.000000000000000e+00  0.000000000000000e+00  1.998234299817550e-02 -6.418680816831166e-03 
 5.956621435291007e+09  1.000000000000000e+00  0.000000000000000e+00  1.998315307937721e-02 -6.345179261358233e-03 
 6.025595860744491e+09  1.000000000000000e+00  0.000000000000000e+00  1.998394472933777e-02 -6.272519838326727e-03 
 6.095368972402616e+09  1.000000000000000e+00  0.000000000000000e+00  1.998471836720127e-02 -6.200692879868257e-03 
 6.165950018615757e+09  1.000000000000000e+00  0.000000000000000e+00  1.998547440261880e-02 -6.129688829807479e-03 
 6.237348354825139e+09  1.000000000000000e+00  0.000000000000000e+00  1.998621323595331e-02 -6.059498242241069e-03 
 6.309573444802891e+09  1.000000000000000e+00  0.000000000000000e+00  1.998693525841797e-02 -5.990111780201506e-03 
 6.382634861906457e+09  1.000000000000000e+00  0.000000000000000e+00  1.998764085240985e-02 -5.921520214533561e-03 
 6.456542290347537e+09  1.000000000000000e+00  0.000000000000000e+00  1.998833039158685e-02 -5.853714422487596e-03 
 6.531305526475718e+09  1.000000000000000e+00  0.000000000000000e+00  1.998900424109346e-02 -5.786685386447924e-03 
 6.606934480076966e+09  1.000000000000000e+00  0.000000000000000e+00  1.998966275787759e-02 -5.720424192980528e-03 
 6.683439175687164e+09  1.000000000000000e+00  0.000000000000000e+00  1.999030629063079e-02 -5.654922031143410e-03 
 6.760829753920848e+09  1.000000000000000e+00  0.000000000000000e+00  1.999093518021375e-02 -5.590170191717448e-03 
 6.839116472815336e+09  1.000000000000000e+00  0.000000000000000e+00  1.999154975973920e-02 -5.526160065861723e-03 
 6.918309709190420e+09  1.000000000000000e+00  0.000000000000000e+00  1.999215035470324e-02 -5.462883143859211e-03 
 6.998419960023803e+09  1.000000000000000e+00  0.000000000000000e+00  1.999273728323880e-02 -5.400331014091360e-03 
 7.079457843842460e+09  1.000000000000000e+00  0.000000000000000e+00  1.999331085620044e-02 -5.338495361744015e-03 
 7.161434102130114e+09  1.000000000000000e+00  0.000000000000000e+00  1.999387137746145e-02 -5.277367967956996e-03 
 7.244359600751007e+09  1.000000000000000e+00  0.000000000000000e+00  1.999441914389542e-02 -5.216940708314096e-03 
 7.328245331390161e+09  1.000000000000000e+00  0.000000000000000e+00  1.999495444570431e-02 -5.157205552112094e-03 
 7.413102413010308e+09  1.000000000000000e+00  0.000000000000000e+00  1.999547756639070e-02 -5.098154560901116e-03 
 7.498942093325705e+09  1.000000000000000e+00  0.000000000000000e+00  1.999598878312875e-02 -5.039779887859698e-03 
 7.585775750292997e+09  1.000000000000000e+00  0.000000000000000e+00  1.999648836672712e-02 -4.982073776338133e-03 
 7.673614893619363e+09  1.000000000000000e+00  0.000000000000000e+00  1.999697658184304e-02 -4.925028558965286e-03 
 7.762471166288105e+09  1.000000000000000e+00  0.000000000000000e+00  1.999745368715027e-02 -4.868636656690781e-03 
 7.852356346101920e+09  1.000000000000000e+00  0.000000000000000e+00  1.999791993533347e-02 -4.812890577404148e-03 
 7.943282347244032e+09  1.000000000000000e+00  0.000000000000000e+00  1.999837557348305e-02 -4.757782915539600e-03 
 8.035261221857404e+09  1.000000000000000e+00  0.000000000000000e+00  1.999882084296659e-02 -4.703306350466436e-03 
 8.128305161642239e+09  1.000000000000000e+00  0.000000000000000e+00  1.999925597970774e-02 -4.649453645874204e-03 
 8.222426499471972e+09  1.000000000000000e+00  0.000000000000000e+00  1.999968121423290e-02 -4.596217648577757e-03 
 8.317637711027987e+09  1.000000000000000e+00  0.000000000000000e+00  2.000009677186594e-02 -4.543591287753774e-03 
 8.413951416453242e+09  1.000000000000000e+00  0.000000000000000e+00  2.000050287278141e-02 -4.491567573802970e-03 
 8.511380382025071e+09  1.000000000000000e+00  0.000000000000000e+00  2.000089973212309e-02 -4.440139597436636e-03 
 8.609937521847328e+09  1.000000000000000e+00  0.000000000000000e+00  2.000128756021412e-02 -4.389300528966313e-03 
 8.709635899562143e+09  1.000000000000000e+00  0.000000000000000e+00  2.000166656253005e-02 -4.339043617032476e-03 
 8.810488730081493e+09  1.000000000000000e+00  0.000000000000000e+00  2.000203693988062e-02 -4.289362187900567e-03 
 8.912509381338823e+09  1.000000000000000e+00  0.000000000000000e+00  2.000239888854233e-02 -4.240249644616382e-03 
 9.015711376060953e+09  1.000000000000000e+00  0.000000000000000e+00  2.000275260029803e-02 -4.191699465950996e-03 
 9.120108393560499e+09  1.000000000000000e+00  0.000000000000000e+00  2.000309826258699e-02 -4.143705205641814e-03 
 9.225714271549049e+09  1.000000000000000e+00  0.000000000000000e+00  2.000343605856690e-02 -4.096260491457642e-03 
 9.332543007971346e+09  1.000000000000000e+00  0.000000000000000e+00  2.000376616723794e-02 -4.049359024370353e-03 
 9.440608762860687e+09  1.000000000000000e+00  0.000000000000000e+00  2.000408876354566e-02 -4.002994577763920e-03 
 9.549925860215830e+09  1.000000000000000e+00  0.000000000000000e+00  2.000440401842011e-02 -3.957160996439744e-03 
 9.660508789899622e+09  1.000000000000000e+00  0.000000000000000e+00  2.000471209893134e-02 -3.911852195968719e-03 
 9.772372209559612e+09  1.000000000000000e+00  0.000000000000000e+00  2.000501316835438e-02 -3.867062161797577e-03 
 9.885530946570911e+09  1.000000000000000e+00  0.000000000000000e+00  2.000530738622774e-02 -3.822784948402819e-03 
 1.000000000000154e+10  1.000000000000000e+00  0.000000000000000e+00  2.000559490847096e-02 -3.779014678522421e-03 
 1.011579454260054e+10  1.000000000000000e+00  0.000000000000000e+00  2.000587588747150e-02 -3.735745542430105e-03 
 1.023292992280912e+10  1.000000000000000e+00  0.000000000000000e+00  2.000615047212013e-02 -3.692971797010908e-03 
 1.035142166679503e+10  1.000000000000000e+00  0.000000000000000e+00  2.000641880795012e-02 -3.650687765166161e-03 
 1.047128548051061e+10  1.000000000000000e+00  0.000000000000000e+00  2.000668103715952e-02 -3.608887834889136e-03 
 1.059253725177452e+10  1.000000000000000e+00  0.000000000000000e+00  2.000693729873932e-02 -3.567566458650846e-03 
 1.071519305237772e+10  1.000000000000000e+00  0.000000000000000e+00  2.000718772848758e-02 -3.526718152526572e-03 
 1.083926914021371e+10  1.000000000000000e+00  0.000000000000000e+00  2.000743245914676e-02 -3.486337495614809e-03 
 1.096478196143354e+10  1.000000000000000e+00  0.000000000000000e+00  2.000767162041232e-02 -3.446419129139031e-03 
 1.109174815262572e+10  1.000000000000000e+00  0.000000000000000e+00  2.000790533903663e-02 -3.406957755834056e-03 
 1.122018454302137e+10  1.000000000000000e+00  0.000000000000000e+00  2.000813373889612e-02 -3.367948139249030e-03 
 1.135010815672491e+10  1.000000000000000e+00  0.000000000000000e+00  2.000835694104324e-02 -3.329385102983749e-03 
 1.148153621497061e+10  1.000000000000000e+00  0.000000000000000e+00  2.000857506378675e-02 -3.291263530061464e-03 
 1.161448613840523e+10  1.000000000000000e+00  0.000000000000000e+00  2.000878822271699e-02 -3.253578362127556e-03 
 1.174897554939712e+10  1.000000000000000e+00  0.000000000000000e+00  2.000899653082613e-02 -3.216324598944405e-03 
 1.188502227437203e+10  1.000000000000000e+00  0.000000000000000e+00  2.000920009852945e-02 -3.179497297615522e-03 
 1.202264434617599e+10  1.000000000000000e+00  0.000000000000000e+00  2.000939903370390e-02 -3.143091571858619e-03 
 1.216186000646557e+10  1.000000000000000e+00  0.000000000000000e+00  2.000959344180599e-02 -3.107102591531499e-03 
 1.230268770812573e+10  1.000000000000000e+00  0.000000000000000e+00  2.000978342588086e-02 -3.071525581861983e-03 
 1.244514611771579e+10  1.000000000000000e+00  0.000000000000000e+00  2.000996908661618e-02 -3.036355822782740e-03 
 1.258925411794363e+10  1.000000000000000e+00  0.000000000000000e+00  2.001015052243452e-02 -3.001588648440100e-03 
 1.273503081016860e+10  1.000000000000000e+00  0.000000000000000e+00  2.001032782949311e-02 -2.967219446402992e-03 
 1.288249551693334e+10  1.000000000000000e+00  0.000000000000000e+00  2.001050110178926e-02 -2.933243657213049e-03 
 1.303166778452502e+10  1.000000000000000e+00  0.000000000000000e+00  2.001067043115729e-02 -2.899656773614774e-03 
 1.318256738556612e+10  1.000000000000000e+00  0.000000000000000e+00  2.001083590735318e-02 -2.866454340058726e-03 
 1.333521432163532e+10  1.000000000000000e+00  0.000000000000000e+00  2.001099761808869e-02 -2.833631952076253e-03 
 1.348962882591864e+10  1.000000000000000e+00  0.000000000000000e+00  2.001115564908538e-02 -2.801185255706269e-03 
 1.364583136589137e+10  1.000000000000000e+00  0.000000000000000e+00  2.001131008411573e-02 -2.769109946910777e-03 
 1.380384264603100e+10  1.000000000000000e+00  0.000000000000000e+00  2.001146100502794e-02 -2.737401770913629e-03 
 1.396368361056156e+10  1.000000000000000e+00  0.000000000000000e+00  2.001160849183006e-02 -2.706056521794030e-03 
 1.412537544622975e+10  1.000000000000000e+00  0.000000000000000e+00  2.001175262270834e-02 -2.675070041843530e-03 
 1.428893958511326e+10  1.000000000000000e+00  0.000000000000000e+00  2.001189347404848e-02 -2.644438220908546e-03 
 1.445439770746154e+10  1.000000000000000e+00  0.000000000000000e+00  2.001203112052996e-02 -2.614156996074468e-03 
 1.462177174456947e+10  1.000000000000000e+00  0.000000000000000e+00  2.001216563510062e-02 -2.584222350857532e-03 
 1.479108388168439e+10  1.000000000000000e+00  0.000000000000000e+00  2.001229708908639e-02 -2.554630314963596e-03 
 1.496235656094668e+10  1.000000000000000e+00  0.000000000000000e+00  2.001242555215554e-02 -2.525376963439866e-03 
 1.513561248436445e+10  1.000000000000000e+00  0.000000000000000e+00  2.001255109240963e-02 -2.496458416400861e-03 
 1.531087461682270e+10  1.000000000000000e+00  0.000000000000000e+00  2.001267377640174e-02 -2.467870838412042e-03 
 1.548816618912724e+10  1.000000000000000e+00  0.000000000000000e+00  2.001279366916047e-02 -2.439610437947599e-03 
 1.566751070108395e+10  1.000000000000000e+00  0.000000000000000e+00  2.001291083424162e-02 -2.411673466951395e-03 
 1.584893192461362e+10  1.000000000000000e+00  0.000000000000000e+00  2.001302533376505e-02 -2.384056220351104e-03 
 1.603245390690293e+10  1.000000000000000e+00  0.000000000000000e+00  2.001313722842057e-02 -2.356755035455664e-03 
 1.621810097359185e+10  1.000000000000000e+00  0.000000000000000e+00  2.001324657752458e-02 -2.329766291564252e-03 
 1.640589773199797e+10  1.000000000000000e+00  0.000000000000000e+00  2.001335343904613e-02 -2.303086409458834e-03 
 1.659586907437822e+10  1.000000000000000e+00  0.000000000000000e+00  2.001345786963096e-02 -2.276711850915266e-03 
 1.678804018122825e+10  1.000000000000000e+00  0.000000000000000e+00  2.001355992464820e-02 -2.250639118282820e-03 
 1.698243652462012e+10  1.000000000000000e+00  0.000000000000000e+00  2.001365965819334e-02 -2.224864753920593e-03 
 1.717908387157859e+10  1.000000000000000e+00  0.000000000000000e+00  2.001375712313505e-02 -2.199385339806018e-03 
 1.737800828749649e+10  1.000000000000000e+00  0.000000000000000e+00  2.001385237114928e-02 -2.174197497113521e-03 
 1.757923613958970e+10  1.000000000000000e+00  0.000000000000000e+00  2.001394545272541e-02 -2.149297885664187e-03 
 1.778279410039203e+10  1.000000000000000e+00  0.000000000000000e+00  2.001403641720837e-02 -2.124683203554667e-03 
 1.798870915129072e+10  1.000000000000000e+00  0.000000000000000e+00  2.001412531282386e-02 -2.100350186718316e-03 
 1.819700858610271e+10  1.000000000000000e+00  0.000000000000000e+00  2.001421218669538e-02 -2.076295608437763e-03 
 1.840772001469247e+10  1.000000000000000e+00  0.000000000000000e+00  2.001429708487720e-02 -2.052516278960622e-03 
 1.862087136663162e+10  1.000000000000000e+00  0.000000000000000e+00  2.001438005238203e-02 -2.029009045100174e-03 
 1.883649089490099e+10  1.000000000000000e+00  0.000000000000000e+00  2.001446113319147e-02 -2.005770789729975e-03 
 1.905460717963549e+10  1.000000000000000e+00  0.000000000000000e+00  2.001454037028928e-02 -1.982798431438039e-03 
 1.927524913191241e+10  1.000000000000000e+00  0.000000000000000e+00  2.001461780568521e-02 -1.960088924114171e-03 
 1.949844599758354e+10  1.000000000000000e+00  0.000000000000000e+00  2.001469348042277e-02 -1.937639256465623e-03 
 1.972422736115166e+10  1.000000000000000e+00  0.000000000000000e+00  2.001476743462937e-02 -1.915446451772328e-03 
 1.995262314969196e+10  1.000000000000000e+00  0.000000000000000e+00  2.001483970751037e-02 -1.893507567343908e-03 
 2.018366363681881e+10  1.000000000000000e+00  0.000000000000000e+00  2.001491033737739e-02 -1.871819694172215e-03 
 2.041737944669853e+10  1.000000000000000e+00  0.000000000000000e+00  2.001497936167703e-02 -1.850379956583086e-03 
 2.065380155810857e+10  1.000000000000000e+00  0.000000000000000e+00  2.001504681700065e-02 -1.829185511803289e-03 
 2.089296130854371e+10  1.000000000000000e+00  0.000000000000000e+00  2.001511273911509e-02 -1.808233549647670e-03 
 2.113489039836982e+10  1.000000000000000e+00  0.000000000000000e+00  2.001517716296270e-02 -1.787521292035358e-03 
 2.137962089502571e+10  1.000000000000000e+00  0.000000000000000e+00  2.001524012270390e-02 -1.767045992756691e-03 
 2.162718523727364e+10  1.000000000000000e+00  0.000000000000000e+00  2.001530165171323e-02 -1.746804936985279e-03 
 2.187761623949900e+10  1.000000000000000e+00  0.000000000000000e+00  2.001536178261222e-02 -1.726795441002194e-03 
 2.213094709605989e+10  1.000000000000000e+00  0.000000000000000e+00  2.001542054728038e-02 -1.707014851805633e-03 
 2.238721138568695e+10  1.000000000000000e+00  0.000000000000000e+00  2.001547797687160e-02 -1.687460546747669e-03 
 2.264644307593420e+10  1.000000000000000e+00  0.000000000000000e+00  2.001553410183167e-02 -1.668129933203744e-03 
 2.290867652768137e+10  1.000000000000000e+00  0.000000000000000e+00  2.001558895191800e-02 -1.649020448238772e-03 
 2.317394649968847e+10  1.000000000000000e+00  0.000000000000000e+00  2.001564255620784e-02 -1.630129558224920e-03 
 2.344228815320295e+10  1.000000000000000e+00  0.000000000000000e+00  2.001569494312499e-02 -1.611454758577616e-03 
 2.371373705662033e+10  1.000000000000000e+00  0.000000000000000e+00  2.001574614043972e-02 -1.592993573327437e-03 
 2.398832919019873e+10  1.000000000000000e+00  0.000000000000000e+00  2.001579617529543e-02 -1.574743554857139e-03 
 2.426610095082802e+10  1.000000000000000e+00  0.000000000000000e+00  2.001584507422045e-02 -1.556702283573298e-03 
 2.454708915685422e+10  1.000000000000000e+00  0.000000000000000e+00  2.001589286313602e-02 -1.538867367540642e-03 
 2.483133105295966e+10  1.000000000000000e+00  0.000000000000000e+00  2.001593956738097e-02 -1.521236442228014e-03 
 2.511886431509981e+10  1.000000000000000e+00  0.000000000000000e+00  2.001598521171638e-02 -1.503807170148400e-03 
 2.540972705549710e+10  1.000000000000000e+00  0.000000000000000e+00  2.001602982034179e-02 -1.486577240565706e-03 
 2.570395782769274e+10  1.000000000000000e+00  0.000000000000000e+00  2.001607341690653e-02 -1.469544369171885e-03 
 2.600159563165687e+10  1.000000000000000e+00  0.000000000000000e+00  2.001611602452722e-02 -1.452706297820922e-03 
 2.630267991895802e+10  1.000000000000000e+00  0.000000000000000e+00  2.001615766579041e-02 -1.436060794170502e-03 
 2.660725059799235e+10  1.000000000000000e+00  0.000000000000000e+00  2.001619836277255e-02 -1.419605651424005e-03 
 2.691534803927346e+10  1.000000000000000e+00  0.000000000000000e+00  2.001623813705282e-02 -1.403338688065244e-03 
 2.722701308078348e+10  1.000000000000000e+00  0.000000000000000e+00  2.001627700971750e-02 -1.387257747499615e-03 
 2.754228703338607e+10  1.000000000000000e+00  0.000000000000000e+00  2.001631500137653e-02 -1.371360697822983e-03 
 2.786121168630217e+10  1.000000000000000e+00  0.000000000000000e+00  2.001635213217215e-02 -1.355645431512586e-03 
 2.818382931264906e+10  1.000000000000000e+00  0.000000000000000e+00  2.001638842178991e-02 -1.340109865146371e-03 
 2.851018267504366e+10  1.000000000000000e+00  0.000000000000000e+00  2.001642388947047e-02 -1.324751939152037e-03 
 2.884031503127068e+10  1.000000000000000e+00  0.000000000000000e+00  2.001645855401744e-02 -1.309569617494849e-03 
 2.917427014001635e+10  1.000000000000000e+00  0.000000000000000e+00  2.001649243380976e-02 -1.294560887445703e-03 
 2.951209226666859e+10  1.000000000000000e+00  0.000000000000000e+00  2.001652554680981e-02 -1.279723759288107e-03 
 2.985382618918439e+10  1.000000000000000e+00  0.000000000000000e+00  2.001655791057304e-02 -1.265056266054388e-03 
 3.019951720402501e+10  1.000000000000000e+00  0.000000000000000e+00  2.001658954225860e-02 -1.250556463289313e-03 
 3.054921113216004e+10  1.000000000000000e+00  0.000000000000000e+00  2.001662045863877e-02 -1.236222428780465e-03 
 3.090295432514087e+10  1.000000000000000e+00  0.000000000000000e+00  2.001665067610316e-02 -1.222052262266125e-03 
 3.126079367124458e+10  1.000000000000000e+00  0.000000000000000e+00  2.001668021067283e-02 -1.208044085238745e-03 
 3.162277660168888e+10  1.000000000000000e+00  0.000000000000000e+00  2.001670907800576e-02 -1.194196040656332e-03 
 3.198895109691913e+10  1.000000000000000e+00  0.000000000000000e+00  2.001673729341011e-02 -1.180506292746429e-03 
 3.235936569296804e+10  1.000000000000000e+00  0.000000000000000e+00  2.001676487184261e-02 -1.166973026679567e-03 
 3.273406948788909e+10  1.000000000000000e+00  0.000000000000000e+00  2.001679182792527e-02 -1.153594448400479e-03 
 3.311311214826445e+10  1.000000000000000e+00  0.000000000000000e+00  2.001681817595027e-02 -1.140368784365530e-03 
 3.349654391578817e+10  1.000000000000000e+00  0.000000000000000e+00  2.001684392988712e-02 -1.127294281305279e-03 
 3.388441561392572e+10  1.000000000000000e+00  0.000000000000000e+00  2.001686910339045e-02 -1.114369205997400e-03 
 3.427677865465057e+10  1.000000000000000e+00  0.000000000000000e+00  2.001689370980817e-02 -1.101591845040754e-03 
 3.467368504525876e+10  1.000000000000000e+00  0.000000000000000e+00  2.001691776218399e-02 -1.088960504586789e-03 
 3.507518739526246e+10  1.000000000000000e+00  0.000000000000000e+00  2.001694127327228e-02 -1.076473510191983e-03 
 3.548133892336327e+10  1.000000000000000e+00  0.000000000000000e+00  2.001696425553656e-02 -1.064129206512150e-03 
 3.589219346450632e+10  1.000000000000000e+00  0.000000000000000e+00  2.001698672116382e-02 -1.051925957165302e-03 
 3.630780547701600e+10  1.000000000000000e+00  0.000000000000000e+00  2.001700868206406e-02 -1.039862144435409e-03 
 3.672823004981440e+10  1.000000000000000e+00  0.000000000000000e+00  2.001703014988193e-02 -1.027936169123496e-03 
 3.715352290972326e+10  1.000000000000000e+00  0.000000000000000e+00  2.001705113599687e-02 -1.016146450263884e-03 
 3.758374042885049e+10  1.000000000000000e+00  0.000000000000000e+00  2.001707165153873e-02 -1.004491425014773e-03 
 3.801893963206227e+10  1.000000000000000e+00  0.000000000000000e+00  2.001709170738333e-02 -9.929695483531704e-04 
 3.845917820454158e+10  1.000000000000000e+00  0.000000000000000e+00  2.001711131416412e-02 -9.815792929186403e-04 
 3.890451449943436e+10  1.000000000000000e+00  0.000000000000000e+00  2.001713048227614e-02 -9.703191487981506e-04 
 3.935500754558412e+10  1.000000000000000e+00  0.000000000000000e+00  2.001714922188324e-02 -9.591876233471805e-04 
 3.981071705535618e+10  1.000000000000000e+00  0.000000000000000e+00  2.001716754292102e-02 -9.481832409623815e-04 
 4.027170343255244e+10  1.000000000000000e+00  0.000000000000000e+00  2.001718545510267e-02 -9.373045428903208e-04 
 4.073802778041788e+10  1.000000000000000e+00  0.000000000000000e+00  2.001720296792512e-02 -9.265500870469909e-04 
 4.120975190973971e+10  1.000000000000000e+00  0.000000000000000e+00  2.001722009067385e-02 -9.159184478253886e-04 
 4.168693834704031e+10  1.000000000000000e+00  0.000000000000000e+00  2.001723683242797e-02 -9.054082159074523e-04 
 4.216965034286507e+10  1.000000000000000e+00  0.000000000000000e+00  2.001725320206313e-02 -8.950179980529327e-04 
 4.265795188016620e+10  1.000000000000000e+00  0.000000000000000e+00  2.001726920825847e-02 -8.847464169410339e-04 
 4.315190768278354e+10  1.000000000000000e+00  0.000000000000000e+00  2.001728485950035e-02 -8.745921109819463e-04 
 4.365158322402370e+10  1.000000000000000e+00  0.000000000000000e+00  2.001730016408786e-02 -8.645537341433583e-04 
 4.415704473533843e+10  1.000000000000000e+00  0.000000000000000e+00  2.001731513013474e-02 -8.546299557428097e-04 
 4.466835921510358e+10  1.000000000000000e+00  0.000000000000000e+00  2.001732976557664e-02 -8.448194603115641e-04 
 4.518559443749959e+10  1.000000000000000e+00  0.000000000000000e+00  2.001734407817271e-02 -8.351209473800891e-04 
 4.570881896149494e+10  1.000000000000000e+00  0.000000000000000e+00  2.001735807551132e-02 -8.255331313336995e-04 
 4.623810213993356e+10  1.000000000000000e+00  0.000000000000000e+00  2.001737176501473e-02 -8.160547412447523e-04 
 4.677351412872743e+10  1.000000000000000e+00  0.000000000000000e+00  2.001738515394029e-02 -8.066845206714382e-04 
 4.731512589615575e+10  1.000000000000000e+00  0.000000000000000e+00  2.001739824938692e-02 -7.974212275245906e-04 
 4.786300923227163e+10  1.000000000000000e+00  0.000000000000000e+00  2.001741105829848e-02 -7.882636338977036e-04 
 4.841723675841782e+10  1.000000000000000e+00  0.000000000000000e+00  2.001742358746576e-02 -7.792105258824585e-04 
 4.897788193685260e+10  1.000000000000000e+00  0.000000000000000e+00  2.001743584353138e-02 -7.702607034241880e-04 
 4.954501908048710e+10  1.000000000000000e+00  0.000000000000000e+00  2.001744783299493e-02 -7.614129801843676e-04 
 5.011872336273540e+10  1.000000000000000e+00  0.000000000000000e+00  2.001745956221205e-02 -7.526661833268035e-04 
 5.069907082747871e+10  1.000000000000000e+00  0.000000000000000e+00  2.001747103740174e-02 -7.440191534091807e-04 
 5.128613839914486e+10  1.000000000000000e+00  0.000000000000000e+00  2.001748226464820e-02 -7.354707442199698e-04 
 5.188000389290459e+10  1.000000000000000e+00  0.000000000000000e+00  2.001749324990454e-02 -7.270198226216158e-04 
 5.248074602498584e+10  1.000000000000000e+00  0.000000000000000e+00  2.001750399899476e-02 -7.186652683921420e-04 
 5.308844442310752e+10  1.000000000000000e+00  0.000000000000000e+00  2.001751451761844e-02 -7.104059740949774e-04 
 5.370317963703407e+10  1.000000000000000e+00  0.000000000000000e+00  2.001752481135209e-02 -7.022408449099089e-04 
 5.432503314925222e+10  1.000000000000000e+00  0.000000000000000e+00  2.001753488565390e-02 -6.941687985135087e-04 
 5.495408738577146e+10  1.000000000000000e+00  0.000000000000000e+00  2.001754474586522e-02 -6.861887649134269e-04 
 5.559042572704947e+10  1.000000000000000e+00  0.000000000000000e+00  2.001755439721408e-02 -6.782996863210986e-04 
 5.623413251904413e+10  1.000000000000000e+00  0.000000000000000e+00  2.001756384481736e-02 -6.705005169971584e-04 
 5.688529308439348e+10  1.000000000000000e+00  0.000000000000000e+00  2.001757309368409e-02 -6.627902231246970e-04 
 5.754399373372514e+10  1.000000000000000e+00  0.000000000000000e+00  2.001758214871885e-02 -6.551677826819482e-04 
 5.821032177709669e+10  1.000000000000000e+00  0.000000000000000e+00  2.001759101472193e-02 -6.476321852705790e-04 
 5.888436553556857e+10  1.000000000000000e+00  0.000000000000000e+00  2.001759969639435e-02 -6.401824320205104e-04 
 5.956621435291083e+10  1.000000000000000e+00  0.000000000000000e+00  2.001760819833939e-02 -6.328175354404893e-04 
 6.025595860744567e+10  1.000000000000000e+00  0.000000000000000e+00  2.001761652506452e-02 -6.255365192803317e-04 
 6.095368972402693e+10  1.000000000000000e+00  0.000000000000000e+00  2.001762468098457e-02 -6.183384184133375e-04 
 6.165950018615836e+10  1.000000000000000e+00  0.000000000000000e+00  2.001763267042411e-02 -6.112222787115650e-04 
 6.237348354825218e+10  1.000000000000000e+00  0.000000000000000e+00  2.001764049761891e-02 -6.041871568993128e-04 
 6.309573444802971e+10  1.000000000000000e+00  0.000000000000000e+00  2.001764816671929e-02 -5.972321204539565e-04 
 6.382634861906538e+10  1.000000000000000e+00  0.000000000000000e+00  2.001765568179131e-02 -5.903562474609405e-04 
 6.456542290347619e+10  1.000000000000000e+00  0.000000000000000e+00  2.001766304681944e-02 -5.835586265006936e-04 
 6.531305526475800e+10  1.000000000000000e+00  0.000000000000000e+00  2.001767026570874e-02 -5.768383565297843e-04 
 6.606934480077050e+10  1.000000000000000e+00  0.000000000000000e+00  2.001767734228662e-02 -5.701945467567436e-04 
 6.683439175687249e+10  1.000000000000000e+00  0.000000000000000e+00  2.001768428030548e-02 -5.636263165315720e-04 
 6.760829753920934e+10  1.000000000000000e+00  0.000000000000000e+00  2.001769108344304e-02 -5.571327952045085e-04 
 6.839116472815422e+10  1.000000000000000e+00  0.000000000000000e+00  2.001769775530720e-02 -5.507131220576400e-04 
 6.918309709190508e+10  1.000000000000000e+00  0.000000000000000e+00  2.001770429943490e-02 -5.443664461374618e-04 
 6.998419960023891e+10  1.000000000000000e+00  0.000000000000000e+00  2.001771071929623e-02 -5.380919261847861e-04 
 7.079457843842549e+10  1.000000000000000e+00  0.000000000000000e+00  2.001771701829478e-02 -5.318887304954002e-04 
 7.161434102130205e+10  1.000000000000000e+00  0.000000000000000e+00  2.001772319977056e-02 -5.257560368254458e-04 
 7.244359600751100e+10  1.000000000000000e+00  0.000000000000000e+00  2.001772926700074e-02 -5.196930322701693e-04 
 7.328245331390254e+10  1.000000000000000e+00  0.000000000000000e+00  2.001773522320231e-02 -5.136989131697526e-04 
 7.413102413010403e+10  1.000000000000000e+00  0.000000000000000e+00  2.001774107153334e-02 -5.077728849942839e-04 
 7.498942093325801e+10  1.000000000000000e+00  0.000000000000000e+00  2.001774681509464e-02 -5.019141622386174e-04 
 7.585775750293095e+10  1.000000000000000e+00  0.000000000000000e+00  2.001775245693144e-02 -4.961219683201664e-04 
 7.673614893619463e+10  1.000000000000000e+00  0.000000000000000e+00  2.001775800003485e-02 -4.903955354711697e-04 
 7.762471166288206e+10  1.000000000000000e+00  0.000000000000000e+00  2.001776344734413e-02 -4.847341046510127e-04 
 7.852356346102022e+10  1.000000000000000e+00  0.000000000000000e+00  2.001776880174719e-02 -4.791369254242103e-04 
 7.943282347244135e+10  1.000000000000000e+00  0.000000000000000e+00  2.001777406608346e-02 -4.736032558899896e-04 
 8.035261221857507e+10  1.000000000000000e+00  0.000000000000000e+00  2.001777924314343e-02 -4.681323625408027e-04 
 8.128305161642343e+10  1.000000000000000e+00  0.000000000000000e+00  2.001778433567241e-02 -4.627235202136474e-04 
 8.222426499472078e+10  1.000000000000000e+00  0.000000000000000e+00  2.001778934637046e-02 -4.573760119618076e-04 
 8.317637711028093e+10  1.000000000000000e+00  0.000000000000000e+00  2.001779427789408e-02 -4.520891289649538e-04 
 8.413951416453351e+10  1.000000000000000e+00  0.000000000000000e+00  2.001779913285803e-02 -4.468621704467891e-04 
 8.511380382025182e+10  1.000000000000000e+00  0.000000000000000e+00  2.001780391383651e-02 -4.416944435718300e-04 
 8.609937521847441e+10  1.000000000000000e+00  0.000000000000000e+00  2.001780862336426e-02 -4.365852633550472e-04 
 8.709635899562259e+10  1.000000000000000e+00  0.000000000000000e+00  2.001781326393844e-02 -4.315339525755180e-04 
 8.810488730081610e+10  1.000000000000000e+00  0.000000000000000e+00  2.001781783801929e-02 -4.265398416781228e-04 
 8.912509381338942e+10  1.000000000000000e+00  0.000000000000000e+00  2.001782234803208e-02 -4.216022686953257e-04 
 9.015711376061073e+10  1.000000000000000e+00  0.000000000000000e+00  2.001782679636787e-02 -4.167205791486499e-04 
 9.120108393560620e+10  1.000000000000000e+00  0.000000000000000e+00  2.001783118538532e-02 -4.118941259754343e-04 
 9.225714271549173e+10  1.000000000000000e+00  0.000000000000000e+00  2.001783551741149e-02 -4.071222694323466e-04 
 9.332543007971471e+10  1.000000000000000e+00  0.000000000000000e+00  2.001783979474298e-02 -4.024043770047063e-04 
 9.440608762860812e+10  1.000000000000000e+00  0.000000000000000e+00  2.001784401964787e-02 -3.977398233470568e-04 
 9.549925860215958e+10  1.000000000000000e+00  0.000000000000000e+00  2.001784819436595e-02 -3.931279901687470e-04 
 9.660508789899751e+10  1.000000000000000e+00  0.000000000000000e+00  2.001785232111083e-02 -3.885682661815267e-04 
 9.772372209559744e+10  1.000000000000000e+00  0.000000000000000e+00  2.001785640207028e-02 -3.840600469922547e-04 
 9.885530946571045e+10  1.000000000000000e+00  0.000000000000000e+00  2.001786043940808e-02 -3.796027350441924e-04 
 1.000000000000168e+11  1.000000000000000e+00  0.000000000000000e+00  2.001786443526469e-02 -3.751957395243652e-04 
