 frequency              vin_cm_real            vin_cm_imag            vout_real              vout_imag             
 1.000000000000000e-02  1.000000000000000e+00  0.000000000000000e+00  1.419437529267438e-01 -4.423153608356938e-06 
 1.011579454259899e-02  1.000000000000000e+00  0.000000000000000e+00  1.419437529235177e-01 -4.474371313144839e-06 
 1.023292992280754e-02  1.000000000000000e+00  0.000000000000000e+00  1.419437529201237e-01 -4.526182090998015e-06 
 1.035142166679344e-02  1.000000000000000e+00  0.000000000000000e+00  1.419437529167632e-01 -4.578592809382691e-06 
 1.047128548050900e-02  1.000000000000000e+00  0.000000000000000e+00  1.419437529133019e-01 -4.631610415277889e-06 
 1.059253725177289e-02  1.000000000000000e+00  0.000000000000000e+00  1.419437529097398e-01 -4.685241936112779e-06 
 1.071519305237607e-02  1.000000000000000e+00  0.000000000000000e+00  1.419437529060432e-01 -4.739494480683524e-06 
 1.083926914021204e-02  1.000000000000000e+00  0.000000000000000e+00  1.419437529023467e-01 -4.794375240109085e-06 
 1.096478196143186e-02  1.000000000000000e+00  0.000000000000000e+00  1.419437528984822e-01 -4.849891488774729e-06 
 1.109174815262402e-02  1.000000000000000e+00  0.000000000000000e+00  1.419437528945168e-01 -4.906050585295017e-06 
 1.122018454301964e-02  1.000000000000000e+00  0.000000000000000e+00  1.419437528906186e-01 -4.962859973504484e-06 
 1.135010815672316e-02  1.000000000000000e+00  0.000000000000000e+00  1.419437528864852e-01 -5.020327183418578e-06 
 1.148153621496884e-02  1.000000000000000e+00  0.000000000000000e+00  1.419437528822846e-01 -5.078459832256131e-06 
 1.161448613840344e-02  1.000000000000000e+00  0.000000000000000e+00  1.419437528779832e-01 -5.137265625437216e-06 
 1.174897554939531e-02  1.000000000000000e+00  0.000000000000000e+00  1.419437528736145e-01 -5.196752357605622e-06 
 1.188502227437020e-02  1.000000000000000e+00  0.000000000000000e+00  1.419437528691115e-01 -5.256927913660552e-06 
 1.202264434617414e-02  1.000000000000000e+00  0.000000000000000e+00  1.419437528645413e-01 -5.317800269810889e-06 
 1.216186000646370e-02  1.000000000000000e+00  0.000000000000000e+00  1.419437528597694e-01 -5.379377494615102e-06 
 1.230268770812383e-02  1.000000000000000e+00  0.000000000000000e+00  1.419437528549975e-01 -5.441667750074473e-06 
 1.244514611771387e-02  1.000000000000000e+00  0.000000000000000e+00  1.419437528500576e-01 -5.504679292691475e-06 
 1.258925411794169e-02  1.000000000000000e+00  0.000000000000000e+00  1.419437528450168e-01 -5.568420474575305e-06 
 1.273503081016664e-02  1.000000000000000e+00  0.000000000000000e+00  1.419437528398417e-01 -5.632899744551527e-06 
 1.288249551693136e-02  1.000000000000000e+00  0.000000000000000e+00  1.419437528345658e-01 -5.698125649277872e-06 
 1.303166778452301e-02  1.000000000000000e+00  0.000000000000000e+00  1.419437528291554e-01 -5.764106834379514e-06 
 1.318256738556409e-02  1.000000000000000e+00  0.000000000000000e+00  1.419437528236106e-01 -5.830852045586414e-06 
 1.333521432163326e-02  1.000000000000000e+00  0.000000000000000e+00  1.419437528179986e-01 -5.898370129907558e-06 
 1.348962882591656e-02  1.000000000000000e+00  0.000000000000000e+00  1.419437528121849e-01 -5.966670036786762e-06 
 1.364583136588927e-02  1.000000000000000e+00  0.000000000000000e+00  1.419437528062369e-01 -6.035760819305631e-06 
 1.380384264602887e-02  1.000000000000000e+00  0.000000000000000e+00  1.419437528001544e-01 -6.105651635371152e-06 
 1.396368361055940e-02  1.000000000000000e+00  0.000000000000000e+00  1.419437527939711e-01 -6.176351748936089e-06 
 1.412537544622757e-02  1.000000000000000e+00  0.000000000000000e+00  1.419437527875862e-01 -6.247870531220416e-06 
 1.428893958511106e-02  1.000000000000000e+00  0.000000000000000e+00  1.419437527811005e-01 -6.320217461968635e-06 
 1.445439770745931e-02  1.000000000000000e+00  0.000000000000000e+00  1.419437527744131e-01 -6.393402130675311e-06 
 1.462177174456722e-02  1.000000000000000e+00  0.000000000000000e+00  1.419437527676586e-01 -6.467434237899819e-06 
 1.479108388168211e-02  1.000000000000000e+00  0.000000000000000e+00  1.419437527607023e-01 -6.542323596511362e-06 
 1.496235656094437e-02  1.000000000000000e+00  0.000000000000000e+00  1.419437527535781e-01 -6.618080133011931e-06 
 1.513561248436212e-02  1.000000000000000e+00  0.000000000000000e+00  1.419437527463195e-01 -6.694713888854129e-06 
 1.531087461682034e-02  1.000000000000000e+00  0.000000000000000e+00  1.419437527387920e-01 -6.772235021749772e-06 
 1.548816618912485e-02  1.000000000000000e+00  0.000000000000000e+00  1.419437527311637e-01 -6.850653807048233e-06 
 1.566751070108153e-02  1.000000000000000e+00  0.000000000000000e+00  1.419437527233674e-01 -6.929980639071693e-06 
 1.584893192461118e-02  1.000000000000000e+00  0.000000000000000e+00  1.419437527154366e-01 -7.010226032504768e-06 
 1.603245390690046e-02  1.000000000000000e+00  0.000000000000000e+00  1.419437527071698e-01 -7.091400623781045e-06 
 1.621810097358934e-02  1.000000000000000e+00  0.000000000000000e+00  1.419437526988358e-01 -7.173515172514753e-06 
 1.640589773199544e-02  1.000000000000000e+00  0.000000000000000e+00  1.419437526902666e-01 -7.256580562895503e-06 
 1.659586907437565e-02  1.000000000000000e+00  0.000000000000000e+00  1.419437526814958e-01 -7.340607805144571e-06 
 1.678804018122565e-02  1.000000000000000e+00  0.000000000000000e+00  1.419437526725568e-01 -7.425608036989625e-06 
 1.698243652461750e-02  1.000000000000000e+00  0.000000000000000e+00  1.419437526633491e-01 -7.511592525112819e-06 
 1.717908387157593e-02  1.000000000000000e+00  0.000000000000000e+00  1.419437526539398e-01 -7.598572666666534e-06 
 1.737800828749381e-02  1.000000000000000e+00  0.000000000000000e+00  1.419437526443288e-01 -7.686559990770689e-06 
 1.757923613958698e-02  1.000000000000000e+00  0.000000000000000e+00  1.419437526344826e-01 -7.775566160053110e-06 
 1.778279410038928e-02  1.000000000000000e+00  0.000000000000000e+00  1.419437526244348e-01 -7.865602972183753e-06 
 1.798870915128794e-02  1.000000000000000e+00  0.000000000000000e+00  1.419437526141181e-01 -7.956682361441737e-06 
 1.819700858609989e-02  1.000000000000000e+00  0.000000000000000e+00  1.419437526035998e-01 -8.048816400300848e-06 
 1.840772001468962e-02  1.000000000000000e+00  0.000000000000000e+00  1.419437525928126e-01 -8.142017301023233e-06 
 1.862087136662874e-02  1.000000000000000e+00  0.000000000000000e+00  1.419437525883075e-01 -8.236297417679733e-06 
 1.883649089489807e-02  1.000000000000000e+00  0.000000000000000e+00  1.419437525770163e-01 -8.331669246225787e-06 
 1.905460717963254e-02  1.000000000000000e+00  0.000000000000000e+00  1.419437525654562e-01 -8.428145428476427e-06 
 1.927524913190943e-02  1.000000000000000e+00  0.000000000000000e+00  1.419437525536609e-01 -8.525738752239629e-06 
 1.949844599758052e-02  1.000000000000000e+00  0.000000000000000e+00  1.419437525414960e-01 -8.624462153406357e-06 
 1.972422736114861e-02  1.000000000000000e+00  0.000000000000000e+00  1.419437525290958e-01 -8.724328717655045e-06 
 1.995262314968887e-02  1.000000000000000e+00  0.000000000000000e+00  1.419437525164604e-01 -8.825351682192959e-06 
 2.018366363681569e-02  1.000000000000000e+00  0.000000000000000e+00  1.419437525034889e-01 -8.927544437495540e-06 
 2.041737944669537e-02  1.000000000000000e+00  0.000000000000000e+00  1.419437524902150e-01 -9.030920529107260e-06 
 2.065380155810538e-02  1.000000000000000e+00  0.000000000000000e+00  1.419437524766387e-01 -9.135493659411717e-06 
 2.089296130854048e-02  1.000000000000000e+00  0.000000000000000e+00  1.419437524627263e-01 -9.241277689463270e-06 
 2.113489039836655e-02  1.000000000000000e+00  0.000000000000000e+00  1.419437524485450e-01 -9.348286640820715e-06 
 2.137962089502241e-02  1.000000000000000e+00  0.000000000000000e+00  1.419437524339941e-01 -9.456534697405576e-06 
 2.162718523727029e-02  1.000000000000000e+00  0.000000000000000e+00  1.419437524191072e-01 -9.566036207376813e-06 
 2.187761623949562e-02  1.000000000000000e+00  0.000000000000000e+00  1.419437524038506e-01 -9.676805685030134e-06 
 2.213094709605647e-02  1.000000000000000e+00  0.000000000000000e+00  1.419437523882580e-01 -9.788857812750637e-06 
 2.238721138568350e-02  1.000000000000000e+00  0.000000000000000e+00  1.419437523722957e-01 -9.902207442922379e-06 
 2.264644307593070e-02  1.000000000000000e+00  0.000000000000000e+00  1.419437523559637e-01 -1.001686959991180e-05 
 2.290867652767783e-02  1.000000000000000e+00  0.000000000000000e+00  1.419437523393293e-01 -1.013285948206342e-05 
 2.317394649968489e-02  1.000000000000000e+00  0.000000000000000e+00  1.419437523221909e-01 -1.025019246370171e-05 
 2.344228815319933e-02  1.000000000000000e+00  0.000000000000000e+00  1.419437523047163e-01 -1.036888409719658e-05 
 2.371373705661666e-02  1.000000000000000e+00  0.000000000000000e+00  1.419437522868386e-01 -1.048895011498571e-05 
 2.398832919019502e-02  1.000000000000000e+00  0.000000000000000e+00  1.419437522684232e-01 -1.061040643168311e-05 
 2.426610095082427e-02  1.000000000000000e+00  0.000000000000000e+00  1.419437522497389e-01 -1.073326914619994e-05 
 2.454708915685042e-02  1.000000000000000e+00  0.000000000000000e+00  1.419437522305841e-01 -1.085755454385306e-05 
 2.483133105295583e-02  1.000000000000000e+00  0.000000000000000e+00  1.419437522109589e-01 -1.098327909852684e-05 
 2.511886431509593e-02  1.000000000000000e+00  0.000000000000000e+00  1.419437521907960e-01 -1.111045947487197e-05 
 2.540972705549318e-02  1.000000000000000e+00  0.000000000000000e+00  1.419437521702634e-01 -1.123911253052270e-05 
 2.570395782768877e-02  1.000000000000000e+00  0.000000000000000e+00  1.419437521492604e-01 -1.136925531828328e-05 
 2.600159563165286e-02  1.000000000000000e+00  0.000000000000000e+00  1.419437521277533e-01 -1.150090508844163e-05 
 2.630267991895396e-02  1.000000000000000e+00  0.000000000000000e+00  1.419437521057086e-01 -1.163407929102962e-05 
 2.660725059798824e-02  1.000000000000000e+00  0.000000000000000e+00  1.419437520831933e-01 -1.176879557813671e-05 
 2.691534803926931e-02  1.000000000000000e+00  0.000000000000000e+00  1.419437520601068e-01 -1.190507180626667e-05 
 2.722701308077928e-02  1.000000000000000e+00  0.000000000000000e+00  1.419437520365499e-01 -1.204292603867995e-05 
 2.754228703338182e-02  1.000000000000000e+00  0.000000000000000e+00  1.419437520123880e-01 -1.218237654779752e-05 
 2.786121168629786e-02  1.000000000000000e+00  0.000000000000000e+00  1.419437519877220e-01 -1.232344181763350e-05 
 2.818382931264470e-02  1.000000000000000e+00  0.000000000000000e+00  1.419437519624512e-01 -1.246614054623390e-05 
 2.851018267503926e-02  1.000000000000000e+00  0.000000000000000e+00  1.419437519365419e-01 -1.261049164815232e-05 
 2.884031503126623e-02  1.000000000000000e+00  0.000000000000000e+00  1.419437519100948e-01 -1.275651425697687e-05 
 2.917427014001184e-02  1.000000000000000e+00  0.000000000000000e+00  1.419437518829758e-01 -1.290422772783046e-05 
 2.951209226666404e-02  1.000000000000000e+00  0.000000000000000e+00  1.419437518552518e-01 -1.305365163997777e-05 
 2.985382618917978e-02  1.000000000000000e+00  0.000000000000000e+00  1.419437518269229e-01 -1.320480579939728e-05 
 3.019951720402035e-02  1.000000000000000e+00  0.000000000000000e+00  1.419437517978883e-01 -1.335771024138416e-05 
 3.054921113215532e-02  1.000000000000000e+00  0.000000000000000e+00  1.419437517681145e-01 -1.351238523326999e-05 
 3.090295432513610e-02  1.000000000000000e+00  0.000000000000000e+00  1.419437517377693e-01 -1.366885127705843e-05 
 3.126079367123975e-02  1.000000000000000e+00  0.000000000000000e+00  1.419437517066512e-01 -1.382712911212856e-05 
 3.162277660168400e-02  1.000000000000000e+00  0.000000000000000e+00  1.419437516748274e-01 -1.398723971805106e-05 
 3.198895109691419e-02  1.000000000000000e+00  0.000000000000000e+00  1.419437516422644e-01 -1.414920431728945e-05 
 3.235936569296304e-02  1.000000000000000e+00  0.000000000000000e+00  1.419437516089284e-01 -1.431304437808604e-05 
 3.273406948788404e-02  1.000000000000000e+00  0.000000000000000e+00  1.419437515748866e-01 -1.447878161725550e-05 
 3.311311214825933e-02  1.000000000000000e+00  0.000000000000000e+00  1.419437515399377e-01 -1.464643800308098e-05 
 3.349654391578299e-02  1.000000000000000e+00  0.000000000000000e+00  1.419437515042157e-01 -1.481603575822672e-05 
 3.388441561392048e-02  1.000000000000000e+00  0.000000000000000e+00  1.419437514676872e-01 -1.498759736268751e-05 
 3.427677865464526e-02  1.000000000000000e+00  0.000000000000000e+00  1.419437514302850e-01 -1.516114555676272e-05 
 3.467368504525339e-02  1.000000000000000e+00  0.000000000000000e+00  1.419437513919755e-01 -1.533670334406332e-05 
 3.507518739525704e-02  1.000000000000000e+00  0.000000000000000e+00  1.419437513528595e-01 -1.551429399460071e-05 
 3.548133892335779e-02  1.000000000000000e+00  0.000000000000000e+00  1.419437513128026e-01 -1.569394104778552e-05 
 3.589219346450077e-02  1.000000000000000e+00  0.000000000000000e+00  1.419437512717711e-01 -1.587566831565597e-05 
 3.630780547701039e-02  1.000000000000000e+00  0.000000000000000e+00  1.419437512298322e-01 -1.605949988594226e-05 
 3.672823004980873e-02  1.000000000000000e+00  0.000000000000000e+00  1.419437511868517e-01 -1.624546012532367e-05 
 3.715352290971752e-02  1.000000000000000e+00  0.000000000000000e+00  1.419437511429638e-01 -1.643357368262008e-05 
 3.758374042884469e-02  1.000000000000000e+00  0.000000000000000e+00  1.419437510980005e-01 -1.662386549206141e-05 
 3.801893963205639e-02  1.000000000000000e+00  0.000000000000000e+00  1.419437510519619e-01 -1.681636077662272e-05 
 3.845917820453564e-02  1.000000000000000e+00  0.000000000000000e+00  1.419437510048479e-01 -1.701108505132237e-05 
 3.890451449942835e-02  1.000000000000000e+00  0.000000000000000e+00  1.419437509567258e-01 -1.720806412665966e-05 
 3.935500754557804e-02  1.000000000000000e+00  0.000000000000000e+00  1.419437509074275e-01 -1.740732411199499e-05 
 3.981071705535003e-02  1.000000000000000e+00  0.000000000000000e+00  1.419437508569867e-01 -1.760889141898346e-05 
 4.027170343254621e-02  1.000000000000000e+00  0.000000000000000e+00  1.419437508053696e-01 -1.781279276516015e-05 
 4.073802778041159e-02  1.000000000000000e+00  0.000000000000000e+00  1.419437507525092e-01 -1.801905517742290e-05 
 4.120975190973334e-02  1.000000000000000e+00  0.000000000000000e+00  1.419437506984727e-01 -1.822770599561761e-05 
 4.168693834703387e-02  1.000000000000000e+00  0.000000000000000e+00  1.419437506431927e-01 -1.843877287617279e-05 
 4.216965034285856e-02  1.000000000000000e+00  0.000000000000000e+00  1.419437505865686e-01 -1.865228379575461e-05 
 4.265795188015960e-02  1.000000000000000e+00  0.000000000000000e+00  1.419437505286338e-01 -1.886826705499580e-05 
 4.315190768277687e-02  1.000000000000000e+00  0.000000000000000e+00  1.419437504693550e-01 -1.908675128224095e-05 
 4.365158322401694e-02  1.000000000000000e+00  0.000000000000000e+00  1.419437504087318e-01 -1.930776543730822e-05 
 4.415704473533161e-02  1.000000000000000e+00  0.000000000000000e+00  1.419437503466973e-01 -1.953133881539461e-05 
 4.466835921509667e-02  1.000000000000000e+00  0.000000000000000e+00  1.419437502831842e-01 -1.975750105087463e-05 
 4.518559443749261e-02  1.000000000000000e+00  0.000000000000000e+00  1.419437502181924e-01 -1.998628212129988e-05 
 4.570881896148788e-02  1.000000000000000e+00  0.000000000000000e+00  1.419437501517221e-01 -2.021771235134133e-05 
 4.623810213992641e-02  1.000000000000000e+00  0.000000000000000e+00  1.419437500836723e-01 -2.045182241681351e-05 
 4.677351412872021e-02  1.000000000000000e+00  0.000000000000000e+00  1.419437500140095e-01 -2.068864334871929e-05 
 4.731512589614845e-02  1.000000000000000e+00  0.000000000000000e+00  1.419437499427336e-01 -2.092820653740953e-05 
 4.786300923226424e-02  1.000000000000000e+00  0.000000000000000e+00  1.419437498698448e-01 -2.117054373672214e-05 
 4.841723675841035e-02  1.000000000000000e+00  0.000000000000000e+00  1.419437497952084e-01 -2.141568706814995e-05 
 4.897788193684505e-02  1.000000000000000e+00  0.000000000000000e+00  1.419437497188247e-01 -2.166366902518493e-05 
 4.954501908047946e-02  1.000000000000000e+00  0.000000000000000e+00  1.419437496407270e-01 -2.191452247752701e-05 
 5.011872336272767e-02  1.000000000000000e+00  0.000000000000000e+00  1.419437495608147e-01 -2.216828067552677e-05 
 5.069907082747089e-02  1.000000000000000e+00  0.000000000000000e+00  1.419437494789534e-01 -2.242497725450919e-05 
 5.128613839913695e-02  1.000000000000000e+00  0.000000000000000e+00  1.419437493952437e-01 -2.268464623933111e-05 
 5.188000389289658e-02  1.000000000000000e+00  0.000000000000000e+00  1.419437493095850e-01 -2.294732204881165e-05 
 5.248074602497774e-02  1.000000000000000e+00  0.000000000000000e+00  1.419437492218764e-01 -2.321303950031435e-05 
 5.308844442309933e-02  1.000000000000000e+00  0.000000000000000e+00  1.419437491321515e-01 -2.348183381438675e-05 
 5.370317963702578e-02  1.000000000000000e+00  0.000000000000000e+00  1.419437490403432e-01 -2.375374061939174e-05 
 5.432503314924383e-02  1.000000000000000e+00  0.000000000000000e+00  1.419437489464513e-01 -2.402879595626618e-05 
 5.495408738576298e-02  1.000000000000000e+00  0.000000000000000e+00  1.419437488503078e-01 -2.430703628326292e-05 
 5.559042572704089e-02  1.000000000000000e+00  0.000000000000000e+00  1.419437487519465e-01 -2.458849848081198e-05 
 5.623413251903545e-02  1.000000000000000e+00  0.000000000000000e+00  1.419437486513336e-01 -2.487321985640624e-05 
 5.688529308438470e-02  1.000000000000000e+00  0.000000000000000e+00  1.419437485483012e-01 -2.516123814949538e-05 
 5.754399373371626e-02  1.000000000000000e+00  0.000000000000000e+00  1.419437484429165e-01 -2.545259153660944e-05 
 5.821032177708772e-02  1.000000000000000e+00  0.000000000000000e+00  1.419437483350449e-01 -2.574731863625694e-05 
 5.888436553555948e-02  1.000000000000000e+00  0.000000000000000e+00  1.419437482246867e-01 -2.604545851417563e-05 
 5.956621435290164e-02  1.000000000000000e+00  0.000000000000000e+00  1.419437481118081e-01 -2.634705068846021e-05 
 6.025595860743638e-02  1.000000000000000e+00  0.000000000000000e+00  1.419437479962411e-01 -2.665213513477219e-05 
 6.095368972401753e-02  1.000000000000000e+00  0.000000000000000e+00  1.419437478779856e-01 -2.696075229170955e-05 
 6.165950018614885e-02  1.000000000000000e+00  0.000000000000000e+00  1.419437477569411e-01 -2.727294306608640e-05 
 6.237348354824256e-02  1.000000000000000e+00  0.000000000000000e+00  1.419437476331408e-01 -2.758874883844618e-05 
 6.309573444801997e-02  1.000000000000000e+00  0.000000000000000e+00  1.419437475064170e-01 -2.790821146844388e-05 
 6.382634861905552e-02  1.000000000000000e+00  0.000000000000000e+00  1.419437473767360e-01 -2.823137330044130e-05 
 6.456542290346622e-02  1.000000000000000e+00  0.000000000000000e+00  1.419437472440641e-01 -2.855827716918870e-05 
 6.531305526474791e-02  1.000000000000000e+00  0.000000000000000e+00  1.419437471082670e-01 -2.888896640536675e-05 
 6.606934480076029e-02  1.000000000000000e+00  0.000000000000000e+00  1.419437469693446e-01 -2.922348484147736e-05 
 6.683439175686216e-02  1.000000000000000e+00  0.000000000000000e+00  1.419437468271962e-01 -2.956187681747191e-05 
 6.760829753919889e-02  1.000000000000000e+00  0.000000000000000e+00  1.419437466816873e-01 -2.990418718681417e-05 
 6.839116472814366e-02  1.000000000000000e+00  0.000000000000000e+00  1.419437465327843e-01 -3.025046132234657e-05 
 6.918309709189439e-02  1.000000000000000e+00  0.000000000000000e+00  1.419437463804200e-01 -3.060074512223830e-05 
 6.998419960022811e-02  1.000000000000000e+00  0.000000000000000e+00  1.419437462245944e-01 -3.095508501622065e-05 
 7.079457843841457e-02  1.000000000000000e+00  0.000000000000000e+00  1.419437460650723e-01 -3.131352797157625e-05 
 7.161434102129099e-02  1.000000000000000e+00  0.000000000000000e+00  1.419437459017864e-01 -3.167612149948101e-05 
 7.244359600749982e-02  1.000000000000000e+00  0.000000000000000e+00  1.419437457412541e-01 -3.204291366275727e-05 
 7.328245331389123e-02  1.000000000000000e+00  0.000000000000000e+00  1.419437455703735e-01 -3.241395307628414e-05 
 7.413102413009259e-02  1.000000000000000e+00  0.000000000000000e+00  1.419437453954268e-01 -3.278928892231486e-05 
 7.498942093324644e-02  1.000000000000000e+00  0.000000000000000e+00  1.419437452164474e-01 -3.316897095117436e-05 
 7.585775750291925e-02  1.000000000000000e+00  0.000000000000000e+00  1.419437450333347e-01 -3.355304948923385e-05 
 7.673614893618277e-02  1.000000000000000e+00  0.000000000000000e+00  1.419437448458870e-01 -3.394157544559740e-05 
 7.762471166287006e-02  1.000000000000000e+00  0.000000000000000e+00  1.419437446541378e-01 -3.433460031892798e-05 
 7.852356346100808e-02  1.000000000000000e+00  0.000000000000000e+00  1.419437444578520e-01 -3.473217620413407e-05 
 7.943282347242907e-02  1.000000000000000e+00  0.000000000000000e+00  1.419437442570295e-01 -3.513435579941719e-05 
 8.035261221856266e-02  1.000000000000000e+00  0.000000000000000e+00  1.419437440515024e-01 -3.554119241313899e-05 
 8.128305161641088e-02  1.000000000000000e+00  0.000000000000000e+00  1.419437438412369e-01 -3.595273997100004e-05 
 8.222426499470809e-02  1.000000000000000e+00  0.000000000000000e+00  1.419437436260316e-01 -3.636905302307931e-05 
 8.317637711026808e-02  1.000000000000000e+00  0.000000000000000e+00  1.419437434057855e-01 -3.679018675112773e-05 
 8.413951416452051e-02  1.000000000000000e+00  0.000000000000000e+00  1.419437431804651e-01 -3.721619697589478e-05 
 8.511380382023866e-02  1.000000000000000e+00  0.000000000000000e+00  1.419437429499360e-01 -3.764714016447141e-05 
 8.609937521846109e-02  1.000000000000000e+00  0.000000000000000e+00  1.419437427139629e-01 -3.808307343779702e-05 
 8.709635899560911e-02  1.000000000000000e+00  0.000000000000000e+00  1.419437424725122e-01 -3.852405457826499e-05 
 8.810488730080247e-02  1.000000000000000e+00  0.000000000000000e+00  1.419437422254831e-01 -3.897014203735267e-05 
 8.912509381337563e-02  1.000000000000000e+00  0.000000000000000e+00  1.419437419726068e-01 -3.942139494334181e-05 
 9.015711376059679e-02  1.000000000000000e+00  0.000000000000000e+00  1.419437417138495e-01 -3.987787310921104e-05 
 9.120108393559209e-02  1.000000000000000e+00  0.000000000000000e+00  1.419437414491443e-01 -4.033963704053687e-05 
 9.225714271547746e-02  1.000000000000000e+00  0.000000000000000e+00  1.419437411782557e-01 -4.080674794349283e-05 
 9.332543007970026e-02  1.000000000000000e+00  0.000000000000000e+00  1.419437409010159e-01 -4.127926773300463e-05 
 9.440608762859351e-02  1.000000000000000e+00  0.000000000000000e+00  1.419437406173239e-01 -4.175725904095462e-05 
 9.549925860214478e-02  1.000000000000000e+00  0.000000000000000e+00  1.419437403170343e-01 -4.224078522138338e-05 
 9.660508789898255e-02  1.000000000000000e+00  0.000000000000000e+00  1.419437400199676e-01 -4.272991037104153e-05 
 9.772372209558230e-02  1.000000000000000e+00  0.000000000000000e+00  1.419437397160119e-01 -4.322469931980727e-05 
 9.885530946569514e-02  1.000000000000000e+00  0.000000000000000e+00  1.419437394049992e-01 -4.372521765127921e-05 
 1.000000000000013e-01  1.000000000000000e+00  0.000000000000000e+00  1.419437390867614e-01 -4.423153170847842e-05 
 1.011579454259911e-01  1.000000000000000e+00  0.000000000000000e+00  1.419437387609962e-01 -4.474370860257800e-05 
 1.023292992280767e-01  1.000000000000000e+00  0.000000000000000e+00  1.419437384277035e-01 -4.526181622194421e-05 
 1.035142166679357e-01  1.000000000000000e+00  0.000000000000000e+00  1.419437380866481e-01 -4.578592324101365e-05 
 1.047128548050913e-01  1.000000000000000e+00  0.000000000000000e+00  1.419437377376619e-01 -4.631609912940839e-05 
 1.059253725177303e-01  1.000000000000000e+00  0.000000000000000e+00  1.419437373805769e-01 -4.685241416119041e-05 
 1.071519305237620e-01  1.000000000000000e+00  0.000000000000000e+00  1.419437370150909e-01 -4.739493942414083e-05 
 1.083926914021218e-01  1.000000000000000e+00  0.000000000000000e+00  1.419437366411363e-01 -4.794374682921954e-05 
 1.096478196143199e-01  1.000000000000000e+00  0.000000000000000e+00  1.419437362584781e-01 -4.849890912002489e-05 
 1.109174815262416e-01  1.000000000000000e+00  0.000000000000000e+00  1.419437358669146e-01 -4.906049988256502e-05 
 1.122018454301978e-01  1.000000000000000e+00  0.000000000000000e+00  1.419437354661434e-01 -4.962859355477512e-05 
 1.135010815672330e-01  1.000000000000000e+00  0.000000000000000e+00  1.419437350561644e-01 -5.020326543671531e-05 
 1.148153621496898e-01  1.000000000000000e+00  0.000000000000000e+00  1.419437346366081e-01 -5.078459170026009e-05 
 1.161448613840358e-01  1.000000000000000e+00  0.000000000000000e+00  1.419437342072056e-01 -5.137264939929636e-05 
 1.174897554939545e-01  1.000000000000000e+00  0.000000000000000e+00  1.419437337678225e-01 -5.196751648004460e-05 
 1.188502227437035e-01  1.000000000000000e+00  0.000000000000000e+00  1.419437333182234e-01 -5.256927179120767e-05 
 1.202264434617429e-01  1.000000000000000e+00  0.000000000000000e+00  1.419437328581733e-01 -5.317799509454620e-05 
 1.216186000646385e-01  1.000000000000000e+00  0.000000000000000e+00  1.419437323873696e-01 -5.379376707536386e-05 
 1.230268770812399e-01  1.000000000000000e+00  0.000000000000000e+00  1.419437319056444e-01 -5.441666935334535e-05 
 1.244514611771402e-01  1.000000000000000e+00  0.000000000000000e+00  1.419437314126279e-01 -5.504678449314002e-05 
 1.258925411794185e-01  1.000000000000000e+00  0.000000000000000e+00  1.419437309147031e-01 -5.568419601816168e-05 
 1.273503081016679e-01  1.000000000000000e+00  0.000000000000000e+00  1.419437303985329e-01 -5.632898841117110e-05 
 1.288249551693152e-01  1.000000000000000e+00  0.000000000000000e+00  1.419437298767823e-01 -5.698124714349181e-05 
 1.303166778452318e-01  1.000000000000000e+00  0.000000000000000e+00  1.419437293362150e-01 -5.764105866578022e-05 
 1.318256738556426e-01  1.000000000000000e+00  0.000000000000000e+00  1.419437287831466e-01 -5.830851043760235e-05 
 1.333521432163343e-01  1.000000000000000e+00  0.000000000000000e+00  1.419437282171069e-01 -5.898369092856608e-05 
 1.348962882591673e-01  1.000000000000000e+00  0.000000000000000e+00  1.419437276379276e-01 -5.966668963277730e-05 
 1.364583136588944e-01  1.000000000000000e+00  0.000000000000000e+00  1.419437270452056e-01 -6.035759708053927e-05 
 1.380384264602905e-01  1.000000000000000e+00  0.000000000000000e+00  1.419437264387056e-01 -6.105650485052805e-05 
 1.396368361055958e-01  1.000000000000000e+00  0.000000000000000e+00  1.419437258180916e-01 -6.176350558177085e-05 
 1.412537544622775e-01  1.000000000000000e+00  0.000000000000000e+00  1.419437251830275e-01 -6.247869298598539e-05 
 1.428893958511124e-01  1.000000000000000e+00  0.000000000000000e+00  1.419437245331774e-01 -6.320216186009984e-05 
 1.445439770745949e-01  1.000000000000000e+00  0.000000000000000e+00  1.419437238682049e-01 -6.393400809864136e-05 
 1.462177174456740e-01  1.000000000000000e+00  0.000000000000000e+00  1.419437231877071e-01 -6.467432870653512e-05 
 1.479108388168229e-01  1.000000000000000e+00  0.000000000000000e+00  1.419437224913478e-01 -6.542322181198496e-05 
 1.496235656094456e-01  1.000000000000000e+00  0.000000000000000e+00  1.419437217787910e-01 -6.618078667946931e-05 
 1.513561248436231e-01  1.000000000000000e+00  0.000000000000000e+00  1.419437210495998e-01 -6.694712372283530e-05 
 1.531087461682053e-01  1.000000000000000e+00  0.000000000000000e+00  1.419437203035389e-01 -6.772233451870477e-05 
 1.548816618912505e-01  1.000000000000000e+00  0.000000000000000e+00  1.419437195400036e-01 -6.850652181981453e-05 
 1.566751070108173e-01  1.000000000000000e+00  0.000000000000000e+00  1.419437187586577e-01 -6.929978956871778e-05 
 1.584893192461138e-01  1.000000000000000e+00  0.000000000000000e+00  1.419437179591315e-01 -7.010224291168225e-05 
 1.603245390690066e-01  1.000000000000000e+00  0.000000000000000e+00  1.419437171409884e-01 -7.091398821235880e-05 
 1.621810097358955e-01  1.000000000000000e+00  0.000000000000000e+00  1.419437162967700e-01 -7.173513306241424e-05 
 1.640589773199564e-01  1.000000000000000e+00  0.000000000000000e+00  1.419437154401492e-01 -7.256578631027939e-05 
 1.659586907437586e-01  1.000000000000000e+00  0.000000000000000e+00  1.419437145634329e-01 -7.340605805378182e-05 
 1.678804018122586e-01  1.000000000000000e+00  0.000000000000000e+00  1.419437136664527e-01 -7.425605966936961e-05 
 1.698243652461771e-01  1.000000000000000e+00  0.000000000000000e+00  1.419437127485367e-01 -7.511590382303974e-05 
 1.717908387157615e-01  1.000000000000000e+00  0.000000000000000e+00  1.419437118091137e-01 -7.598570448538481e-05 
 1.737800828749403e-01  1.000000000000000e+00  0.000000000000000e+00  1.419437108479147e-01 -7.686557694685336e-05 
 1.757923613958720e-01  1.000000000000000e+00  0.000000000000000e+00  1.419437098642677e-01 -7.775563783264886e-05 
 1.778279410038951e-01  1.000000000000000e+00  0.000000000000000e+00  1.419437088577694e-01 -7.865600511859709e-05 
 1.798870915128817e-01  1.000000000000000e+00  0.000000000000000e+00  1.419437078342987e-01 -7.956679815013110e-05 
 1.819700858610012e-01  1.000000000000000e+00  0.000000000000000e+00  1.419437067803840e-01 -8.048813764365307e-05 
 1.840772001468985e-01  1.000000000000000e+00  0.000000000000000e+00  1.419437056918258e-01 -8.142014571853158e-05 
 1.862087136662897e-01  1.000000000000000e+00  0.000000000000000e+00  1.419437045882432e-01 -8.236294592209175e-05 
 1.883649089489831e-01  1.000000000000000e+00  0.000000000000000e+00  1.419437034588857e-01 -8.331666321461814e-05 
 1.905460717963278e-01  1.000000000000000e+00  0.000000000000000e+00  1.419437023032156e-01 -8.428142400929339e-05 
 1.927524913190967e-01  1.000000000000000e+00  0.000000000000000e+00  1.419437011271453e-01 -8.525735618696619e-05 
 1.949844599758077e-01  1.000000000000000e+00  0.000000000000000e+00  1.419436999171025e-01 -8.624458909738200e-05 
 1.972422736114886e-01  1.000000000000000e+00  0.000000000000000e+00  1.419436986787981e-01 -8.724325359992587e-05 
 1.995262314968912e-01  1.000000000000000e+00  0.000000000000000e+00  1.419436974116608e-01 -8.825348206521431e-05 
 2.018366363681594e-01  1.000000000000000e+00  0.000000000000000e+00  1.419436961149848e-01 -8.927540839675454e-05 
 2.041737944669563e-01  1.000000000000000e+00  0.000000000000000e+00  1.419436947881317e-01 -9.030916804843662e-05 
 2.065380155810564e-01  1.000000000000000e+00  0.000000000000000e+00  1.419436934304293e-01 -9.135489804263211e-05 
 2.089296130854074e-01  1.000000000000000e+00  0.000000000000000e+00  1.419436920410376e-01 -9.241273698829294e-05 
 2.113489039836682e-01  1.000000000000000e+00  0.000000000000000e+00  1.419436906192844e-01 -9.348282509936205e-05 
 2.137962089502268e-01  1.000000000000000e+00  0.000000000000000e+00  1.419436891643633e-01 -9.456530421339746e-05 
 2.162718523727057e-01  1.000000000000000e+00  0.000000000000000e+00  1.419436876756021e-01 -9.566031781031096e-05 
 2.187761623949590e-01  1.000000000000000e+00  0.000000000000000e+00  1.419436861487341e-01 -9.676801102890830e-05 
 2.213094709605676e-01  1.000000000000000e+00  0.000000000000000e+00  1.419436845963233e-01 -9.788853070036273e-05 
 2.238721138568378e-01  1.000000000000000e+00  0.000000000000000e+00  1.419436830011020e-01 -9.902202533523627e-05 
 2.264644307593099e-01  1.000000000000000e+00  0.000000000000000e+00  1.419436813686129e-01 -1.001686451796298e-04 
 2.290867652767813e-01  1.000000000000000e+00  0.000000000000000e+00  1.419436796982848e-01 -1.013285422151510e-04 
 2.317394649968519e-01  1.000000000000000e+00  0.000000000000000e+00  1.419436779890087e-01 -1.025018701827719e-04 
 2.344228815319963e-01  1.000000000000000e+00  0.000000000000000e+00  1.419436762398772e-01 -1.036887846039148e-04 
 2.371373705661697e-01  1.000000000000000e+00  0.000000000000000e+00  1.419436744500168e-01 -1.048894428007496e-04 
 2.398832919019533e-01  1.000000000000000e+00  0.000000000000000e+00  1.419436726183519e-01 -1.061040039170495e-04 
 2.426610095082458e-01  1.000000000000000e+00  0.000000000000000e+00  1.419436707406495e-01 -1.073326289367985e-04 
 2.454708915685074e-01  1.000000000000000e+00  0.000000000000000e+00  1.419436688227882e-01 -1.085754807159748e-04 
 2.483133105295615e-01  1.000000000000000e+00  0.000000000000000e+00  1.419436668602325e-01 -1.098327239881307e-04 
 2.511886431509625e-01  1.000000000000000e+00  0.000000000000000e+00  1.419436648519407e-01 -1.111045253971108e-04 
 2.540972705549351e-01  1.000000000000000e+00  0.000000000000000e+00  1.419436627968708e-01 -1.123910535162997e-04 
 2.570395782768911e-01  1.000000000000000e+00  0.000000000000000e+00  1.419436606939813e-01 -1.136924788710040e-04 
 2.600159563165320e-01  1.000000000000000e+00  0.000000000000000e+00  1.419436585420288e-01 -1.150089739609482e-04 
 2.630267991895430e-01  1.000000000000000e+00  0.000000000000000e+00  1.419436563429949e-01 -1.163407132859874e-04 
 2.660725059798859e-01  1.000000000000000e+00  0.000000000000000e+00  1.419436540897238e-01 -1.176878733588080e-04 
 2.691534803926965e-01  1.000000000000000e+00  0.000000000000000e+00  1.419436517839284e-01 -1.190506327434221e-04 
 2.722701308077963e-01  1.000000000000000e+00  0.000000000000000e+00  1.419436494243988e-01 -1.204291720690826e-04 
 2.754228703338217e-01  1.000000000000000e+00  0.000000000000000e+00  1.419436470099590e-01 -1.218236740564387e-04 
 2.786121168629822e-01  1.000000000000000e+00  0.000000000000000e+00  1.419436445392646e-01 -1.232343235418862e-04 
 2.818382931264506e-01  1.000000000000000e+00  0.000000000000000e+00  1.419436420074441e-01 -1.246613074989649e-04 
 2.851018267503962e-01  1.000000000000000e+00  0.000000000000000e+00  1.419436394203427e-01 -1.261048150754097e-04 
 2.884031503126660e-01  1.000000000000000e+00  0.000000000000000e+00  1.419436367729541e-01 -1.275650375999104e-04 
 2.917427014001222e-01  1.000000000000000e+00  0.000000000000000e+00  1.419436340637663e-01 -1.290421686194588e-04 
 2.951209226666441e-01  1.000000000000000e+00  0.000000000000000e+00  1.419436312916366e-01 -1.305364039223860e-04 
 2.985382618918016e-01  1.000000000000000e+00  0.000000000000000e+00  1.419436284548512e-01 -1.320479415636325e-04 
 3.019951720402074e-01  1.000000000000000e+00  0.000000000000000e+00  1.419436255550558e-01 -1.335769818947426e-04 
 3.054921113215572e-01  1.000000000000000e+00  0.000000000000000e+00  1.419436225846240e-01 -1.351237275782066e-04 
 3.090295432513650e-01  1.000000000000000e+00  0.000000000000000e+00  1.419436195449663e-01 -1.366883836317312e-04 
 3.126079367124016e-01  1.000000000000000e+00  0.000000000000000e+00  1.419436164345032e-01 -1.382711574439919e-04 
 3.162277660168441e-01  1.000000000000000e+00  0.000000000000000e+00  1.419436132480607e-01 -1.398722588018058e-04 
 3.198895109691461e-01  1.000000000000000e+00  0.000000000000000e+00  1.419436099910805e-01 -1.414918999312524e-04 
 3.235936569296347e-01  1.000000000000000e+00  0.000000000000000e+00  1.419436066582206e-01 -1.431302955053524e-04 
 3.273406948788447e-01  1.000000000000000e+00  0.000000000000000e+00  1.419436032476327e-01 -1.447876626861733e-04 
 3.311311214825977e-01  1.000000000000000e+00  0.000000000000000e+00  1.419435997576367e-01 -1.464642211504589e-04 
 3.349654391578343e-01  1.000000000000000e+00  0.000000000000000e+00  1.419435961894076e-01 -1.481601931216274e-04 
 3.388441561392093e-01  1.000000000000000e+00  0.000000000000000e+00  1.419435925349495e-01 -1.498758033865407e-04 
 3.427677865464572e-01  1.000000000000000e+00  0.000000000000000e+00  1.419435887953704e-01 -1.516112793445008e-04 
 3.467368504525386e-01  1.000000000000000e+00  0.000000000000000e+00  1.419435849687547e-01 -1.533668510245778e-04 
 3.507518739525751e-01  1.000000000000000e+00  0.000000000000000e+00  1.419435810524143e-01 -1.551427511186242e-04 
 3.548133892335826e-01  1.000000000000000e+00  0.000000000000000e+00  1.419435770454079e-01 -1.569392150145847e-04 
 3.589219346450125e-01  1.000000000000000e+00  0.000000000000000e+00  1.419435729450473e-01 -1.587564808240630e-04 
 3.630780547701087e-01  1.000000000000000e+00  0.000000000000000e+00  1.419435687556654e-01 -1.605947894238689e-04 
 3.672823004980922e-01  1.000000000000000e+00  0.000000000000000e+00  1.419435644519988e-01 -1.624543844456806e-04 
 3.715352290971802e-01  1.000000000000000e+00  0.000000000000000e+00  1.419435600584024e-01 -1.643355123994056e-04 
 3.758374042884519e-01  1.000000000000000e+00  0.000000000000000e+00  1.419435555624793e-01 -1.662384226069226e-04 
 3.801893963205691e-01  1.000000000000000e+00  0.000000000000000e+00  1.419435509683273e-01 -1.681633672963331e-04 
 3.845917820453616e-01  1.000000000000000e+00  0.000000000000000e+00  1.419435462669422e-01 -1.701106016003210e-04 
 3.890451449942888e-01  1.000000000000000e+00  0.000000000000000e+00  1.419435414494545e-01 -1.720803836060019e-04 
 3.935500754557857e-01  1.000000000000000e+00  0.000000000000000e+00  1.419435365097492e-01 -1.740729743915149e-04 
 3.981071705535056e-01  1.000000000000000e+00  0.000000000000000e+00  1.419435314651937e-01 -1.760886380879161e-04 
 4.027170343254676e-01  1.000000000000000e+00  0.000000000000000e+00  1.419435263061119e-01 -1.781276418505297e-04 
 4.073802778041214e-01  1.000000000000000e+00  0.000000000000000e+00  1.419435210138248e-01 -1.801902559163127e-04 
 4.120975190973390e-01  1.000000000000000e+00  0.000000000000000e+00  1.419435156085549e-01 -1.822767537012237e-04 
 4.168693834703443e-01  1.000000000000000e+00  0.000000000000000e+00  1.419435100838515e-01 -1.843874117529014e-04 
 4.216965034285913e-01  1.000000000000000e+00  0.000000000000000e+00  1.419435044237563e-01 -1.865225098081603e-04 
 4.265795188016018e-01  1.000000000000000e+00  0.000000000000000e+00  1.419434986318294e-01 -1.886823308685691e-04 
 4.315190768277745e-01  1.000000000000000e+00  0.000000000000000e+00  1.419434927080025e-01 -1.908671612077695e-04 
 4.365158322401754e-01  1.000000000000000e+00  0.000000000000000e+00  1.419434866432715e-01 -1.930772904018983e-04 
 4.415704473533221e-01  1.000000000000000e+00  0.000000000000000e+00  1.419434804335368e-01 -1.953130113866891e-04 
 4.466835921509728e-01  1.000000000000000e+00  0.000000000000000e+00  1.419434740828287e-01 -1.975746205008904e-04 
 4.518559443749322e-01  1.000000000000000e+00  0.000000000000000e+00  1.419434675842258e-01 -1.998624174993274e-04 
 4.570881896148850e-01  1.000000000000000e+00  0.000000000000000e+00  1.419434609271782e-01 -2.021767056020618e-04 
 4.623810213992704e-01  1.000000000000000e+00  0.000000000000000e+00  1.419434541223009e-01 -2.045177915704633e-04 
 4.677351412872084e-01  1.000000000000000e+00  0.000000000000000e+00  1.419434471684167e-01 -2.068859857013682e-04 
 4.731512589614909e-01  1.000000000000000e+00  0.000000000000000e+00  1.419434400428484e-01 -2.092816018519224e-04 
 4.786300923226489e-01  1.000000000000000e+00  0.000000000000000e+00  1.419434327477449e-01 -2.117049575503071e-04 
 4.841723675841101e-01  1.000000000000000e+00  0.000000000000000e+00  1.419434252863635e-01 -2.141563740027952e-04 
 4.897788193684571e-01  1.000000000000000e+00  0.000000000000000e+00  1.419434176541343e-01 -2.166361761232212e-04 
 4.954501908048012e-01  1.000000000000000e+00  0.000000000000000e+00  1.419434098410784e-01 -2.191446925788602e-04 
 5.011872336272835e-01  1.000000000000000e+00  0.000000000000000e+00  1.419434018425249e-01 -2.216822558503856e-04 
 5.069907082747157e-01  1.000000000000000e+00  0.000000000000000e+00  1.419433936677782e-01 -2.242492022906449e-04 
 5.128613839913764e-01  1.000000000000000e+00  0.000000000000000e+00  1.419433852924474e-01 -2.268458720928933e-04 
 5.188000389289728e-01  1.000000000000000e+00  0.000000000000000e+00  1.419433767221077e-01 -2.294726094373226e-04 
 5.248074602497844e-01  1.000000000000000e+00  0.000000000000000e+00  1.419433679622337e-01 -2.321297624895528e-04 
 5.308844442310003e-01  1.000000000000000e+00  0.000000000000000e+00  1.419433589981431e-01 -2.348176834128399e-04 
 5.370317963702649e-01  1.000000000000000e+00  0.000000000000000e+00  1.419433498086365e-01 -2.375367284366645e-04 
 5.432503314924455e-01  1.000000000000000e+00  0.000000000000000e+00  1.419433404183033e-01 -2.402872579925957e-04 
 5.495408738576371e-01  1.000000000000000e+00  0.000000000000000e+00  1.419433308025846e-01 -2.430696366014003e-04 
 5.559042572704163e-01  1.000000000000000e+00  0.000000000000000e+00  1.419433209665851e-01 -2.458842330554411e-04 
 5.623413251903620e-01  1.000000000000000e+00  0.000000000000000e+00  1.419433109109414e-01 -2.487314204097516e-04 
 5.688529308438545e-01  1.000000000000000e+00  0.000000000000000e+00  1.419433006143532e-01 -2.516115759996917e-04 
 5.754399373371701e-01  1.000000000000000e+00  0.000000000000000e+00  1.419432900648255e-01 -2.545250815448478e-04 
 5.821032177708848e-01  1.000000000000000e+00  0.000000000000000e+00  1.419432792763318e-01 -2.574723232323887e-04 
 5.888436553556026e-01  1.000000000000000e+00  0.000000000000000e+00  1.419432682401358e-01 -2.604536916792611e-04 
 5.956621435290242e-01  1.000000000000000e+00  0.000000000000000e+00  1.419432569498527e-01 -2.634695820292632e-04 
 6.025595860743718e-01  1.000000000000000e+00  0.000000000000000e+00  1.419432453899937e-01 -2.665203939840243e-04 
 6.095368972401833e-01  1.000000000000000e+00  0.000000000000000e+00  1.419432335710384e-01 -2.696065319221328e-04 
 6.165950018614965e-01  1.000000000000000e+00  0.000000000000000e+00  1.419432214665123e-01 -2.727284048329761e-04 
 6.237348354824338e-01  1.000000000000000e+00  0.000000000000000e+00  1.419432090867606e-01 -2.758864265124639e-04 
 6.309573444802080e-01  1.000000000000000e+00  0.000000000000000e+00  1.419431964119941e-01 -2.790810154884674e-04 
 6.382634861905636e-01  1.000000000000000e+00  0.000000000000000e+00  1.419431834485938e-01 -2.823125951862849e-04 
 6.456542290346706e-01  1.000000000000000e+00  0.000000000000000e+00  1.419431701896369e-01 -2.855815939073101e-04 
 6.531305526474876e-01  1.000000000000000e+00  0.000000000000000e+00  1.419431565987050e-01 -2.888884448507590e-04 
 6.606934480076115e-01  1.000000000000000e+00  0.000000000000000e+00  1.419431427079458e-01 -2.922335863723348e-04 
 6.683439175686303e-01  1.000000000000000e+00  0.000000000000000e+00  1.419431284970322e-01 -2.956174617947423e-04 
 6.760829753919977e-01  1.000000000000000e+00  0.000000000000000e+00  1.419431139515164e-01 -2.990405195850980e-04 
 6.839116472814455e-01  1.000000000000000e+00  0.000000000000000e+00  1.419430990506682e-01 -3.025032133882736e-04 
 6.918309709189528e-01  1.000000000000000e+00  0.000000000000000e+00  1.419430838294234e-01 -3.060060022223549e-04 
 6.998419960022901e-01  1.000000000000000e+00  0.000000000000000e+00  1.419430682369175e-01 -3.095493502326460e-04 
 7.079457843841548e-01  1.000000000000000e+00  0.000000000000000e+00  1.419430522877952e-01 -3.131337270816026e-04 
 7.161434102129192e-01  1.000000000000000e+00  0.000000000000000e+00  1.419430359636104e-01 -3.167596077959054e-04 
 7.244359600750074e-01  1.000000000000000e+00  0.000000000000000e+00  1.419430192561299e-01 -3.204274729245732e-04 
 7.328245331389217e-01  1.000000000000000e+00  0.000000000000000e+00  1.419430021596734e-01 -3.241378085853028e-04 
 7.413102413009354e-01  1.000000000000000e+00  0.000000000000000e+00  1.419429846650333e-01 -3.278911065165820e-04 
 7.498942093324740e-01  1.000000000000000e+00  0.000000000000000e+00  1.419429667659246e-01 -3.316878641559926e-04 
 7.585775750292022e-01  1.000000000000000e+00  0.000000000000000e+00  1.419429484534752e-01 -3.355285846943595e-04 
 7.673614893618377e-01  1.000000000000000e+00  0.000000000000000e+00  1.419429297079290e-01 -3.394137771213679e-04 
 7.762471166287107e-01  1.000000000000000e+00  0.000000000000000e+00  1.419429105322724e-01 -3.433439563743557e-04 
 7.852356346100910e-01  1.000000000000000e+00  0.000000000000000e+00  1.419428909129303e-01 -3.473196433121276e-04 
 7.943282347243010e-01  1.000000000000000e+00  0.000000000000000e+00  1.419428708334382e-01 -3.513413648155068e-04 
 8.035261221856370e-01  1.000000000000000e+00  0.000000000000000e+00  1.419428502826395e-01 -3.554096538782400e-04 
 8.128305161641193e-01  1.000000000000000e+00  0.000000000000000e+00  1.419428292567010e-01 -3.595250496824770e-04 
 8.222426499470915e-01  1.000000000000000e+00  0.000000000000000e+00  1.419428077344883e-01 -3.636880976088140e-04 
 8.317637711026916e-01  1.000000000000000e+00  0.000000000000000e+00  1.419427857139823e-01 -3.678993494003803e-04 
 8.413951416452160e-01  1.000000000000000e+00  0.000000000000000e+00  1.419427631805658e-01 -3.721593631546346e-04 
 8.511380382023976e-01  1.000000000000000e+00  0.000000000000000e+00  1.419427401158589e-01 -3.764687034196515e-04 
 8.609937521846222e-01  1.000000000000000e+00  0.000000000000000e+00  1.419427165205297e-01 -3.808279413305761e-04 
 8.709635899561025e-01  1.000000000000000e+00  0.000000000000000e+00  1.419426923791546e-01 -3.852376545902630e-04 
 8.810488730080362e-01  1.000000000000000e+00  0.000000000000000e+00  1.419426676718751e-01 -3.896984275772453e-04 
 8.912509381337680e-01  1.000000000000000e+00  0.000000000000000e+00  1.419426423955295e-01 -3.942108514810079e-04 
 9.015711376059796e-01  1.000000000000000e+00  0.000000000000000e+00  1.419426165173590e-01 -3.987755242509248e-04 
 9.120108393559329e-01  1.000000000000000e+00  0.000000000000000e+00  1.419425900531487e-01 -4.033930508966691e-04 
 9.225714271547866e-01  1.000000000000000e+00  0.000000000000000e+00  1.419425629622786e-01 -4.080640432701755e-04 
 9.332543007970148e-01  1.000000000000000e+00  0.000000000000000e+00  1.419425352403434e-01 -4.127891204095659e-04 
 9.440608762859475e-01  1.000000000000000e+00  0.000000000000000e+00  1.419425068791752e-01 -4.175689085088270e-04 
 9.549925860214604e-01  1.000000000000000e+00  0.000000000000000e+00  1.419424778342902e-01 -4.224040409015342e-04 
 9.660508789898382e-01  1.000000000000000e+00  0.000000000000000e+00  1.419424481398155e-01 -4.272951584895755e-04 
 9.772372209558359e-01  1.000000000000000e+00  0.000000000000000e+00  1.419424177434064e-01 -4.322429093315600e-04 
 9.885530946569644e-01  1.000000000000000e+00  0.000000000000000e+00  1.419423866455615e-01 -4.372479491487942e-04 
 1.000000000000026e+00  1.000000000000000e+00  0.000000000000000e+00  1.419423548131854e-01 -4.423109411482005e-04 
 1.011579454259925e+00  1.000000000000000e+00  0.000000000000000e+00  1.419423222429469e-01 -4.474325563074349e-04 
 1.023292992280781e+00  1.000000000000000e+00  0.000000000000000e+00  1.419422889170356e-01 -4.526134733243493e-04 
 1.035142166679371e+00  1.000000000000000e+00  0.000000000000000e+00  1.419422548219076e-01 -4.578543787678851e-04 
 1.047128548050927e+00  1.000000000000000e+00  0.000000000000000e+00  1.419422199188229e-01 -4.631559670698052e-04 
 1.059253725177317e+00  1.000000000000000e+00  0.000000000000000e+00  1.419421842029381e-01 -4.685189408112544e-04 
 1.071519305237635e+00  1.000000000000000e+00  0.000000000000000e+00  1.419421476586932e-01 -4.739440106713027e-04 
 1.083926914021232e+00  1.000000000000000e+00  0.000000000000000e+00  1.419421102597777e-01 -4.794318955176535e-04 
 1.096478196143214e+00  1.000000000000000e+00  0.000000000000000e+00  1.419420719926469e-01 -4.849833225825441e-04 
 1.109174815262431e+00  1.000000000000000e+00  0.000000000000000e+00  1.419420328449654e-01 -4.905990275195874e-04 
 1.122018454301993e+00  1.000000000000000e+00  0.000000000000000e+00  1.419419927681157e-01 -4.962797543701662e-04 
 1.135010815672345e+00  1.000000000000000e+00  0.000000000000000e+00  1.419419517679700e-01 -5.020262559785077e-04 
 1.148153621496913e+00  1.000000000000000e+00  0.000000000000000e+00  1.419419098062579e-01 -5.078392937460805e-04 
 1.161448613840374e+00  1.000000000000000e+00  0.000000000000000e+00  1.419418668738009e-01 -5.137196379907460e-04 
 1.174897554939561e+00  1.000000000000000e+00  0.000000000000000e+00  1.419418229476807e-01 -5.196680678971406e-04 
 1.188502227437050e+00  1.000000000000000e+00  0.000000000000000e+00  1.419417779918097e-01 -5.256853716173607e-04 
 1.202264434617445e+00  1.000000000000000e+00  0.000000000000000e+00  1.419417319822276e-01 -5.317723464703594e-04 
 1.216186000646401e+00  1.000000000000000e+00  0.000000000000000e+00  1.419416848975273e-01 -5.379297990119150e-04 
 1.230268770812415e+00  1.000000000000000e+00  0.000000000000000e+00  1.419416367263797e-01 -5.441585451722021e-04 
 1.244514611771419e+00  1.000000000000000e+00  0.000000000000000e+00  1.419415874395497e-01 -5.504594102552661e-04 
 1.258925411794201e+00  1.000000000000000e+00  0.000000000000000e+00  1.419415369945996e-01 -5.568332290630752e-04 
 1.273503081016697e+00  1.000000000000000e+00  0.000000000000000e+00  1.419414853746901e-01 -5.632808461593705e-04 
 1.288249551693169e+00  1.000000000000000e+00  0.000000000000000e+00  1.419414325459498e-01 -5.698031158136165e-04 
 1.303166778452335e+00  1.000000000000000e+00  0.000000000000000e+00  1.419413785033306e-01 -5.764009022997686e-04 
 1.318256738556443e+00  1.000000000000000e+00  0.000000000000000e+00  1.419413231917960e-01 -5.830750796865082e-04 
 1.333521432163361e+00  1.000000000000000e+00  0.000000000000000e+00  1.419412665918859e-01 -5.898265323049540e-04 
 1.348962882591691e+00  1.000000000000000e+00  0.000000000000000e+00  1.419412086737591e-01 -5.966561546759400e-04 
 1.364583136588962e+00  1.000000000000000e+00  0.000000000000000e+00  1.419411494030054e-01 -6.035648516523129e-04 
 1.380384264602923e+00  1.000000000000000e+00  0.000000000000000e+00  1.419410887619107e-01 -6.105535386286998e-04 
 1.396368361055977e+00  1.000000000000000e+00  0.000000000000000e+00  1.419410267046761e-01 -6.176231414712822e-04 
 1.412537544622794e+00  1.000000000000000e+00  0.000000000000000e+00  1.419409631990069e-01 -6.247745968169570e-04 
 1.428893958511143e+00  1.000000000000000e+00  0.000000000000000e+00  1.419408982171102e-01 -6.320088521611579e-04 
 1.445439770745968e+00  1.000000000000000e+00  0.000000000000000e+00  1.419408317186956e-01 -6.393268659059010e-04 
 1.462177174456759e+00  1.000000000000000e+00  0.000000000000000e+00  1.419407636808408e-01 -6.467296076216670e-04 
 1.479108388168249e+00  1.000000000000000e+00  0.000000000000000e+00  1.419406940486077e-01 -6.542180579506570e-04 
 1.496235656094476e+00  1.000000000000000e+00  0.000000000000000e+00  1.419406227875171e-01 -6.617932089730359e-04 
 1.513561248436251e+00  1.000000000000000e+00  0.000000000000000e+00  1.419405498767622e-01 -6.694560643141767e-04 
 1.531087461682074e+00  1.000000000000000e+00  0.000000000000000e+00  1.419404752743046e-01 -6.772076391106671e-04 
 1.548816618912526e+00  1.000000000000000e+00  0.000000000000000e+00  1.419403989238948e-01 -6.850489601742633e-04 
 1.566751070108194e+00  1.000000000000000e+00  0.000000000000000e+00  1.419403207988128e-01 -6.929810663380474e-04 
 1.584893192461159e+00  1.000000000000000e+00  0.000000000000000e+00  1.419402408439845e-01 -7.010050083142663e-04 
 1.603245390690088e+00  1.000000000000000e+00  0.000000000000000e+00  1.419401590399455e-01 -7.091218491493082e-04 
 1.621810097358977e+00  1.000000000000000e+00  0.000000000000000e+00  1.419400753304791e-01 -7.173326640021253e-04 
 1.640589773199587e+00  1.000000000000000e+00  0.000000000000000e+00  1.419399896682704e-01 -7.256385405124421e-04 
 1.659586907437609e+00  1.000000000000000e+00  0.000000000000000e+00  1.419399020036193e-01 -7.340405788910698e-04 
 1.678804018122609e+00  1.000000000000000e+00  0.000000000000000e+00  1.419398123038241e-01 -7.425398921623635e-04 
 1.698243652461794e+00  1.000000000000000e+00  0.000000000000000e+00  1.419397205116922e-01 -7.511376060983239e-04 
 1.717908387157638e+00  1.000000000000000e+00  0.000000000000000e+00  1.419396265946556e-01 -7.598348596236968e-04 
 1.737800828749426e+00  1.000000000000000e+00  0.000000000000000e+00  1.419395304798998e-01 -7.686328046193323e-04 
 1.757923613958744e+00  1.000000000000000e+00  0.000000000000000e+00  1.419394321133892e-01 -7.775326063893729e-04 
 1.778279410038975e+00  1.000000000000000e+00  0.000000000000000e+00  1.419393314755556e-01 -7.865354439090906e-04 
 1.798870915128841e+00  1.000000000000000e+00  0.000000000000000e+00  1.419392284869317e-01 -7.956425094553663e-04 
 1.819700858610037e+00  1.000000000000000e+00  0.000000000000000e+00  1.419391231026522e-01 -8.048550092882394e-04 
 1.840772001469010e+00  1.000000000000000e+00  0.000000000000000e+00  1.419390152571232e-01 -8.141741635002129e-04 
 1.862087136662923e+00  1.000000000000000e+00  0.000000000000000e+00  1.419389049032951e-01 -8.236012064004797e-04 
 1.883649089489857e+00  1.000000000000000e+00  0.000000000000000e+00  1.419387919757076e-01 -8.331373864650399e-04 
 1.905460717963304e+00  1.000000000000000e+00  0.000000000000000e+00  1.419386764208598e-01 -8.427839666787911e-04 
 1.927524913190994e+00  1.000000000000000e+00  0.000000000000000e+00  1.419385581845788e-01 -8.525422246285995e-04 
 1.949844599758104e+00  1.000000000000000e+00  0.000000000000000e+00  1.419384371712354e-01 -8.624134524202072e-04 
 1.972422736114913e+00  1.000000000000000e+00  0.000000000000000e+00  1.419383133590739e-01 -8.723989575541919e-04 
 1.995262314968940e+00  1.000000000000000e+00  0.000000000000000e+00  1.419381866600568e-01 -8.825000622406133e-04 
 2.018366363681622e+00  1.000000000000000e+00  0.000000000000000e+00  1.419380570029095e-01 -8.927181040788580e-04 
 2.041737944669591e+00  1.000000000000000e+00  0.000000000000000e+00  1.419379243294587e-01 -9.030544362180488e-04 
 2.065380155810592e+00  1.000000000000000e+00  0.000000000000000e+00  1.419377885623819e-01 -9.135104273285642e-04 
 2.089296130854103e+00  1.000000000000000e+00  0.000000000000000e+00  1.419376496397759e-01 -9.240874620039835e-04 
 2.113489039836711e+00  1.000000000000000e+00  0.000000000000000e+00  1.419375074749442e-01 -9.347869406821967e-04 
 2.137962089502297e+00  1.000000000000000e+00  0.000000000000000e+00  1.419373620054115e-01 -9.456102801518412e-04 
 2.162718523727087e+00  1.000000000000000e+00  0.000000000000000e+00  1.419372131442452e-01 -9.565589134136845e-04 
 2.187761623949620e+00  1.000000000000000e+00  0.000000000000000e+00  1.419370608260123e-01 -9.676342901797100e-04 
 2.213094709605706e+00  1.000000000000000e+00  0.000000000000000e+00  1.419369049398601e-01 -9.788378766053298e-04 
 2.238721138568408e+00  1.000000000000000e+00  0.000000000000000e+00  1.419367454398056e-01 -9.901711562439745e-04 
 2.264644307593129e+00  1.000000000000000e+00  0.000000000000000e+00  1.419365822146252e-01 -1.001635629336930e-03 
 2.290867652767844e+00  1.000000000000000e+00  0.000000000000000e+00  1.419364151879655e-01 -1.013232813711221e-03 
 2.317394649968550e+00  1.000000000000000e+00  0.000000000000000e+00  1.419362442878734e-01 -1.024964244768843e-03 
 2.344228815319995e+00  1.000000000000000e+00  0.000000000000000e+00  1.419360693934818e-01 -1.036831475299845e-03 
 2.371373705661729e+00  1.000000000000000e+00  0.000000000000000e+00  1.419358904191970e-01 -1.048836076291992e-03 
 2.398832919019565e+00  1.000000000000000e+00  0.000000000000000e+00  1.419357072932655e-01 -1.060979636994041e-03 
 2.426610095082491e+00  1.000000000000000e+00  0.000000000000000e+00  1.419355198950196e-01 -1.073263764648743e-03 
 2.454708915685107e+00  1.000000000000000e+00  0.000000000000000e+00  1.419353281191773e-01 -1.085690085183056e-03 
 2.483133105295648e+00  1.000000000000000e+00  0.000000000000000e+00  1.419351318935126e-01 -1.098260243566771e-03 
 2.511886431509659e+00  1.000000000000000e+00  0.000000000000000e+00  1.419349311007153e-01 -1.110975903422652e-03 
 2.540972705549385e+00  1.000000000000000e+00  0.000000000000000e+00  1.419347256111114e-01 -1.123838747491123e-03 
 2.570395782768945e+00  1.000000000000000e+00  0.000000000000000e+00  1.419345153494830e-01 -1.136850478386383e-03 
 2.600159563165354e+00  1.000000000000000e+00  0.000000000000000e+00  1.419343001902531e-01 -1.150012817984695e-03 
 2.630267991895465e+00  1.000000000000000e+00  0.000000000000000e+00  1.419340800335102e-01 -1.163327508261095e-03 
 2.660725059798894e+00  1.000000000000000e+00  0.000000000000000e+00  1.419338547254230e-01 -1.176796310859619e-03 
 2.691534803927001e+00  1.000000000000000e+00  0.000000000000000e+00  1.419336241766605e-01 -1.190421008307807e-03 
 2.722701308077999e+00  1.000000000000000e+00  0.000000000000000e+00  1.419333882720902e-01 -1.204203403506071e-03 
 2.754228703338254e+00  1.000000000000000e+00  0.000000000000000e+00  1.419331468626823e-01 -1.218145319878913e-03 
 2.786121168629859e+00  1.000000000000000e+00  0.000000000000000e+00  1.419328998243665e-01 -1.232248602120014e-03 
 2.818382931264544e+00  1.000000000000000e+00  0.000000000000000e+00  1.419326470393203e-01 -1.246515116278876e-03 
 2.851018267504001e+00  1.000000000000000e+00  0.000000000000000e+00  1.419323883670773e-01 -1.260946749748216e-03 
 2.884031503126699e+00  1.000000000000000e+00  0.000000000000000e+00  1.419321236769801e-01 -1.275545411797451e-03 
 2.917427014001261e+00  1.000000000000000e+00  0.000000000000000e+00  1.419318528152907e-01 -1.290313033525179e-03 
 2.951209226666481e+00  1.000000000000000e+00  0.000000000000000e+00  1.419315756555153e-01 -1.305251568571445e-03 
 2.985382618918056e+00  1.000000000000000e+00  0.000000000000000e+00  1.419312920307113e-01 -1.320362992746780e-03 
 3.019951720402114e+00  1.000000000000000e+00  0.000000000000000e+00  1.419310017970480e-01 -1.335649304880989e-03 
 3.054921113215613e+00  1.000000000000000e+00  0.000000000000000e+00  1.419307048073006e-01 -1.351112526838376e-03 
 3.090295432513691e+00  1.000000000000000e+00  0.000000000000000e+00  1.419304008980506e-01 -1.366754703660572e-03 
 3.126079367124057e+00  1.000000000000000e+00  0.000000000000000e+00  1.419300899142772e-01 -1.382577904064833e-03 
 3.162277660168483e+00  1.000000000000000e+00  0.000000000000000e+00  1.419297716976660e-01 -1.398584220604976e-03 
 3.198895109691503e+00  1.000000000000000e+00  0.000000000000000e+00  1.419294460670907e-01 -1.414775769748309e-03 
 3.235936569296389e+00  1.000000000000000e+00  0.000000000000000e+00  1.419291128460601e-01 -1.431154692419609e-03 
 3.273406948788490e+00  1.000000000000000e+00  0.000000000000000e+00  1.419287718547894e-01 -1.447723154201181e-03 
 3.311311214826020e+00  1.000000000000000e+00  0.000000000000000e+00  1.419284229423498e-01 -1.464483345953760e-03 
 3.349654391578388e+00  1.000000000000000e+00  0.000000000000000e+00  1.419280659077897e-01 -1.481437483284615e-03 
 3.388441561392138e+00  1.000000000000000e+00  0.000000000000000e+00  1.419277005448142e-01 -1.498587807286593e-03 
 3.427677865464617e+00  1.000000000000000e+00  0.000000000000000e+00  1.419273266765224e-01 -1.515936585204445e-03 
 3.467368504525432e+00  1.000000000000000e+00  0.000000000000000e+00  1.419269440952057e-01 -1.533486110090639e-03 
 3.507518739525797e+00  1.000000000000000e+00  0.000000000000000e+00  1.419265526206345e-01 -1.551238701731865e-03 
 3.548133892335873e+00  1.000000000000000e+00  0.000000000000000e+00  1.419261520098905e-01 -1.569196705959868e-03 
 3.589219346450172e+00  1.000000000000000e+00  0.000000000000000e+00  1.419257420928192e-01 -1.587362496454304e-03 
 3.630780547701135e+00  1.000000000000000e+00  0.000000000000000e+00  1.419253226196463e-01 -1.605738473353130e-03 
 3.672823004980970e+00  1.000000000000000e+00  0.000000000000000e+00  1.419248933717039e-01 -1.624327064796848e-03 
 3.715352290971850e+00  1.000000000000000e+00  0.000000000000000e+00  1.419244541274000e-01 -1.643130726868923e-03 
 3.758374042884568e+00  1.000000000000000e+00  0.000000000000000e+00  1.419240046678283e-01 -1.662151943983282e-03 
 3.801893963205740e+00  1.000000000000000e+00  0.000000000000000e+00  1.419235447186505e-01 -1.681393228507057e-03 
 3.845917820453665e+00  1.000000000000000e+00  0.000000000000000e+00  1.419230740953237e-01 -1.700857122822817e-03 
 3.890451449942937e+00  1.000000000000000e+00  0.000000000000000e+00  1.419225924889712e-01 -1.720546197085455e-03 
 3.935500754557907e+00  1.000000000000000e+00  0.000000000000000e+00  1.419220996644536e-01 -1.740463051933936e-03 
 3.981071705535107e+00  1.000000000000000e+00  0.000000000000000e+00  1.419215953742671e-01 -1.760610317803460e-03 
 4.027170343254728e+00  1.000000000000000e+00  0.000000000000000e+00  1.419210793376812e-01 -1.780990654990043e-03 
 4.073802778041266e+00  1.000000000000000e+00  0.000000000000000e+00  1.419205512944561e-01 -1.801606754665756e-03 
 4.120975190973442e+00  1.000000000000000e+00  0.000000000000000e+00  1.419200109417857e-01 -1.822461338425593e-03 
 4.168693834703496e+00  1.000000000000000e+00  0.000000000000000e+00  1.419194580136144e-01 -1.843557159652924e-03 
 4.216965034285966e+00  1.000000000000000e+00  0.000000000000000e+00  1.419188922068634e-01 -1.864897002926695e-03 
 4.265795188016072e+00  1.000000000000000e+00  0.000000000000000e+00  1.419183132250363e-01 -1.886483684934540e-03 
 4.315190768277799e+00  1.000000000000000e+00  0.000000000000000e+00  1.419177207617577e-01 -1.908320054631874e-03 
 4.365158322401808e+00  1.000000000000000e+00  0.000000000000000e+00  1.419171145064507e-01 -1.930408993671942e-03 
 4.415704473533276e+00  1.000000000000000e+00  0.000000000000000e+00  1.419164941379877e-01 -1.952753416697761e-03 
 4.466835921509784e+00  1.000000000000000e+00  0.000000000000000e+00  1.419158593312409e-01 -1.975356271799463e-03 
 4.518559443749378e+00  1.000000000000000e+00  0.000000000000000e+00  1.419152097264778e-01 -1.998220540457069e-03 
 4.570881896148907e+00  1.000000000000000e+00  0.000000000000000e+00  1.419145450098872e-01 -2.021349239067412e-03 
 4.623810213992762e+00  1.000000000000000e+00  0.000000000000000e+00  1.419138648063119e-01 -2.044745417798948e-03 
 4.677351412872143e+00  1.000000000000000e+00  0.000000000000000e+00  1.419131687750937e-01 -2.068412162357592e-03 
 4.731512589614969e+00  1.000000000000000e+00  0.000000000000000e+00  1.419124565376436e-01 -2.092352593334579e-03 
 4.786300923226550e+00  1.000000000000000e+00  0.000000000000000e+00  1.419117277138248e-01 -2.116569867121671e-03 
 4.841723675841163e+00  1.000000000000000e+00  0.000000000000000e+00  1.419109819112357e-01 -2.141067176163726e-03 
 4.897788193684633e+00  1.000000000000000e+00  0.000000000000000e+00  1.419102187710327e-01 -2.165847750061358e-03 
 4.954501908048075e+00  1.000000000000000e+00  0.000000000000000e+00  1.419094378395324e-01 -2.190914854015671e-03 
 5.011872336272899e+00  1.000000000000000e+00  0.000000000000000e+00  1.419086387298005e-01 -2.216271791720373e-03 
 5.069907082747222e+00  1.000000000000000e+00  0.000000000000000e+00  1.419078210254039e-01 -2.241921904306388e-03 
 5.128613839913830e+00  1.000000000000000e+00  0.000000000000000e+00  1.419069842832997e-01 -2.267868570797615e-03 
 5.188000389289795e+00  1.000000000000000e+00  0.000000000000000e+00  1.419061280611473e-01 -2.294115208969441e-03 
 5.248074602497912e+00  1.000000000000000e+00  0.000000000000000e+00  1.419052519050800e-01 -2.320665275579247e-03 
 5.308844442310072e+00  1.000000000000000e+00  0.000000000000000e+00  1.419043553447667e-01 -2.347522266728716e-03 
 5.370317963702719e+00  1.000000000000000e+00  0.000000000000000e+00  1.419034379158191e-01 -2.374689718674554e-03 
 5.432503314924526e+00  1.000000000000000e+00  0.000000000000000e+00  1.419024991354356e-01 -2.402171207869980e-03 
 5.495408738576442e+00  1.000000000000000e+00  0.000000000000000e+00  1.419015384907780e-01 -2.429970351205207e-03 
 5.559042572704235e+00  1.000000000000000e+00  0.000000000000000e+00  1.419005554995414e-01 -2.458090807508646e-03 
 5.623413251903693e+00  1.000000000000000e+00  0.000000000000000e+00  1.418995496212323e-01 -2.486536276469449e-03 
 5.688529308438619e+00  1.000000000000000e+00  0.000000000000000e+00  1.418985203242555e-01 -2.515310500256329e-03 
 5.754399373371777e+00  1.000000000000000e+00  0.000000000000000e+00  1.418974670666650e-01 -2.544417263665626e-03 
 5.821032177708925e+00  1.000000000000000e+00  0.000000000000000e+00  1.418963892849098e-01 -2.573860394376509e-03 
 5.888436553556103e+00  1.000000000000000e+00  0.000000000000000e+00  1.418952864218512e-01 -2.603643763948617e-03 
 5.956621435290320e+00  1.000000000000000e+00  0.000000000000000e+00  1.418941578801678e-01 -2.633771287442966e-03 
 6.025595860743796e+00  1.000000000000000e+00  0.000000000000000e+00  1.418930030860834e-01 -2.664246925094839e-03 
 6.095368972401913e+00  1.000000000000000e+00  0.000000000000000e+00  1.418918214057843e-01 -2.695074681232663e-03 
 6.165950018615046e+00  1.000000000000000e+00  0.000000000000000e+00  1.418906122305476e-01 -2.726258606384093e-03 
 6.237348354824420e+00  1.000000000000000e+00  0.000000000000000e+00  1.418893748905375e-01 -2.757802796121375e-03 
 6.309573444802163e+00  1.000000000000000e+00  0.000000000000000e+00  1.418881087649279e-01 -2.789711393706155e-03 
 6.382634861905720e+00  1.000000000000000e+00  0.000000000000000e+00  1.418868131668078e-01 -2.821988588355692e-03 
 6.456542290346791e+00  1.000000000000000e+00  0.000000000000000e+00  1.418854874174584e-01 -2.854638617213986e-03 
 6.531305526474962e+00  1.000000000000000e+00  0.000000000000000e+00  1.418841308261627e-01 -2.887665765478338e-03 
 6.606934480076202e+00  1.000000000000000e+00  0.000000000000000e+00  1.418827426485487e-01 -2.921074366063301e-03 
 6.683439175686391e+00  1.000000000000000e+00  0.000000000000000e+00  1.418813221637883e-01 -2.954868801715689e-03 
 6.760829753920065e+00  1.000000000000000e+00  0.000000000000000e+00  1.418798686338819e-01 -2.989053504727895e-03 
 6.839116472814544e+00  1.000000000000000e+00  0.000000000000000e+00  1.418783812541059e-01 -3.023632956405469e-03 
 6.918309709189619e+00  1.000000000000000e+00  0.000000000000000e+00  1.418768592741204e-01 -3.058611690196574e-03 
 6.998419960022992e+00  1.000000000000000e+00  0.000000000000000e+00  1.418753018791120e-01 -3.093994289711404e-03 
 7.079457843841640e+00  1.000000000000000e+00  0.000000000000000e+00  1.418737082493572e-01 -3.129785390537910e-03 
 7.161434102129284e+00  1.000000000000000e+00  0.000000000000000e+00  1.418720775357648e-01 -3.165989680279599e-03 
 7.244359600750168e+00  1.000000000000000e+00  0.000000000000000e+00  1.418704088693495e-01 -3.202611899311659e-03 
 7.328245331389311e+00  1.000000000000000e+00  0.000000000000000e+00  1.418687013882083e-01 -3.239656841983909e-03 
 7.413102413009449e+00  1.000000000000000e+00  0.000000000000000e+00  1.418669541602535e-01 -3.277129355413133e-03 
 7.498942093324836e+00  1.000000000000000e+00  0.000000000000000e+00  1.418651662846668e-01 -3.315034342405655e-03 
 7.585775750292119e+00  1.000000000000000e+00  0.000000000000000e+00  1.418633368206126e-01 -3.353376760404571e-03 
 7.673614893618475e+00  1.000000000000000e+00  0.000000000000000e+00  1.418614647843147e-01 -3.392161621978597e-03 
 7.762471166287207e+00  1.000000000000000e+00  0.000000000000000e+00  1.418595492097952e-01 -3.431393996882481e-03 
 7.852356346101011e+00  1.000000000000000e+00  0.000000000000000e+00  1.418575890358959e-01 -3.471079009901559e-03 
 7.943282347243112e+00  1.000000000000000e+00  0.000000000000000e+00  1.418555832860757e-01 -3.511221845875705e-03 
 8.035261221856475e+00  1.000000000000000e+00  0.000000000000000e+00  1.418535308844475e-01 -3.551827745791704e-03 
 8.128305161641299e+00  1.000000000000000e+00  0.000000000000000e+00  1.418514307202791e-01 -3.592902008935565e-03 
 8.222426499471021e+00  1.000000000000000e+00  0.000000000000000e+00  1.418492817080599e-01 -3.634449995074720e-03 
 8.317637711027023e+00  1.000000000000000e+00  0.000000000000000e+00  1.418470827022045e-01 -3.676477122903824e-03 
 8.413951416452269e+00  1.000000000000000e+00  0.000000000000000e+00  1.418448325618226e-01 -3.718988872336712e-03 
 8.511380382024088e+00  1.000000000000000e+00  0.000000000000000e+00  1.418425300725111e-01 -3.761990783107605e-03 
 8.609937521846334e+00  1.000000000000000e+00  0.000000000000000e+00  1.418401740348749e-01 -3.805488457727285e-03 
 8.709635899561137e+00  1.000000000000000e+00  0.000000000000000e+00  1.418377631921983e-01 -3.849487560207184e-03 
 8.810488730080476e+00  1.000000000000000e+00  0.000000000000000e+00  1.418352962813735e-01 -3.893993818091421e-03 
 8.912509381337795e+00  1.000000000000000e+00  0.000000000000000e+00  1.418327720039423e-01 -3.939013022309795e-03 
 9.015711376059913e+00  1.000000000000000e+00  0.000000000000000e+00  1.418301890283132e-01 -3.984551027907643e-03 
 9.120108393559446e+00  1.000000000000000e+00  0.000000000000000e+00  1.418275459739380e-01 -4.030613754245380e-03 
 9.225714271547986e+00  1.000000000000000e+00  0.000000000000000e+00  1.418248414538423e-01 -4.077207186865677e-03 
 9.332543007970269e+00  1.000000000000000e+00  0.000000000000000e+00  1.418220740703247e-01 -4.124337378094148e-03 
 9.440608762859597e+00  1.000000000000000e+00  0.000000000000000e+00  1.418192423211283e-01 -4.172010444939065e-03 
 9.549925860214728e+00  1.000000000000000e+00  0.000000000000000e+00  1.418163447257881e-01 -4.220232573480989e-03 
 9.660508789898508e+00  1.000000000000000e+00  0.000000000000000e+00  1.418133797689913e-01 -4.269010017909799e-03 
 9.772372209558485e+00  1.000000000000000e+00  0.000000000000000e+00  1.418103458810244e-01 -4.318349100620253e-03 
 9.885530946569771e+00  1.000000000000000e+00  0.000000000000000e+00  1.418072414659593e-01 -4.368256213748378e-03 
 1.000000000000039e+01  1.000000000000000e+00  0.000000000000000e+00  1.418040648771626e-01 -4.418737819112666e-03 
 1.011579454259938e+01  1.000000000000000e+00  0.000000000000000e+00  1.418008144396688e-01 -4.469800449616024e-03 
 1.023292992280794e+01  1.000000000000000e+00  0.000000000000000e+00  1.417974884512891e-01 -4.521450709992463e-03 
 1.035142166679384e+01  1.000000000000000e+00  0.000000000000000e+00  1.417940851551980e-01 -4.573695276652712e-03 
 1.047128548050940e+01  1.000000000000000e+00  0.000000000000000e+00  1.417906027459460e-01 -4.626540898563216e-03 
 1.059253725177330e+01  1.000000000000000e+00  0.000000000000000e+00  1.417870394250923e-01 -4.679994399817962e-03 
 1.071519305237648e+01  1.000000000000000e+00  0.000000000000000e+00  1.417833932858409e-01 -4.734062676532141e-03 
 1.083926914021246e+01  1.000000000000000e+00  0.000000000000000e+00  1.417796624014274e-01 -4.788752700490376e-03 
 1.096478196143228e+01  1.000000000000000e+00  0.000000000000000e+00  1.417758448146706e-01 -4.844071519537401e-03 
 1.109174815262445e+01  1.000000000000000e+00  0.000000000000000e+00  1.417719385380057e-01 -4.900026258347821e-03 
 1.122018454302007e+01  1.000000000000000e+00  0.000000000000000e+00  1.417679414990616e-01 -4.956624117257303e-03 
 1.135010815672360e+01  1.000000000000000e+00  0.000000000000000e+00  1.417638515777820e-01 -5.013872374265230e-03 
 1.148153621496928e+01  1.000000000000000e+00  0.000000000000000e+00  1.417596666420012e-01 -5.071778387044694e-03 
 1.161448613840389e+01  1.000000000000000e+00  0.000000000000000e+00  1.417553844967505e-01 -5.130349591920714e-03 
 1.174897554939576e+01  1.000000000000000e+00  0.000000000000000e+00  1.417510028730035e-01 -5.189593504162182e-03 
 1.188502227437065e+01  1.000000000000000e+00  0.000000000000000e+00  1.417465194761519e-01 -5.249517720489641e-03 
 1.202264434617461e+01  1.000000000000000e+00  0.000000000000000e+00  1.417419319357487e-01 -5.310129917996782e-03 
 1.216186000646416e+01  1.000000000000000e+00  0.000000000000000e+00  1.417372378632563e-01 -5.371437857048880e-03 
 1.230268770812430e+01  1.000000000000000e+00  0.000000000000000e+00  1.417324347620465e-01 -5.433449378626960e-03 
 1.244514611771434e+01  1.000000000000000e+00  0.000000000000000e+00  1.417275201312070e-01 -5.496172409045106e-03 
 1.258925411794217e+01  1.000000000000000e+00  0.000000000000000e+00  1.417224913882069e-01 -5.559614957752482e-03 
 1.273503081016712e+01  1.000000000000000e+00  0.000000000000000e+00  1.417173458787726e-01 -5.623785118424472e-03 
 1.288249551693185e+01  1.000000000000000e+00  0.000000000000000e+00  1.417120809143790e-01 -5.688691071224694e-03 
 1.303166778452351e+01  1.000000000000000e+00  0.000000000000000e+00  1.417066937170198e-01 -5.754341081347424e-03 
 1.318256738556460e+01  1.000000000000000e+00  0.000000000000000e+00  1.417011814622753e-01 -5.820743501509596e-03 
 1.333521432163377e+01  1.000000000000000e+00  0.000000000000000e+00  1.416955412708458e-01 -5.887906772378242e-03 
 1.348962882591708e+01  1.000000000000000e+00  0.000000000000000e+00  1.416897701701193e-01 -5.955839421734566e-03 
 1.364583136588979e+01  1.000000000000000e+00  0.000000000000000e+00  1.416838651365003e-01 -6.024550066963881e-03 
 1.380384264602940e+01  1.000000000000000e+00  0.000000000000000e+00  1.416778230699777e-01 -6.094047414763665e-03 
 1.396368361055994e+01  1.000000000000000e+00  0.000000000000000e+00  1.416716408060845e-01 -6.164340262404809e-03 
 1.412537544622811e+01  1.000000000000000e+00  0.000000000000000e+00  1.416653151179799e-01 -6.235437498580156e-03 
 1.428893958511160e+01  1.000000000000000e+00  0.000000000000000e+00  1.416588426648480e-01 -6.307348101856585e-03 
 1.445439770745986e+01  1.000000000000000e+00  0.000000000000000e+00  1.416522200821649e-01 -6.380081145440608e-03 
 1.462177174456777e+01  1.000000000000000e+00  0.000000000000000e+00  1.416454438857868e-01 -6.453645793637276e-03 
 1.479108388168267e+01  1.000000000000000e+00  0.000000000000000e+00  1.416385105306386e-01 -6.528051305204373e-03 
 1.496235656094494e+01  1.000000000000000e+00  0.000000000000000e+00  1.416314163892801e-01 -6.603307033127698e-03 
 1.513561248436270e+01  1.000000000000000e+00  0.000000000000000e+00  1.416241577451866e-01 -6.679422425037987e-03 
 1.531087461682092e+01  1.000000000000000e+00  0.000000000000000e+00  1.416167308123336e-01 -6.756407024862806e-03 
 1.548816618912544e+01  1.000000000000000e+00  0.000000000000000e+00  1.416091317003256e-01 -6.834270471868844e-03 
 1.566751070108213e+01  1.000000000000000e+00  0.000000000000000e+00  1.416013564404985e-01 -6.913022502642497e-03 
 1.584893192461178e+01  1.000000000000000e+00  0.000000000000000e+00  1.415934009728837e-01 -6.992672951158140e-03 
 1.603245390690107e+01  1.000000000000000e+00  0.000000000000000e+00  1.415852611354912e-01 -7.073231748938825e-03 
 1.621810097358996e+01  1.000000000000000e+00  0.000000000000000e+00  1.415769326742531e-01 -7.154708926234557e-03 
 1.640589773199606e+01  1.000000000000000e+00  0.000000000000000e+00  1.415684112353632e-01 -7.237114612302698e-03 
 1.659586907437629e+01  1.000000000000000e+00  0.000000000000000e+00  1.415596924046824e-01 -7.320459038170928e-03 
 1.678804018122629e+01  1.000000000000000e+00  0.000000000000000e+00  1.415507716020168e-01 -7.404752531769817e-03 
 1.698243652461814e+01  1.000000000000000e+00  0.000000000000000e+00  1.415416441983950e-01 -7.490005524725206e-03 
 1.717908387157659e+01  1.000000000000000e+00  0.000000000000000e+00  1.415323054302332e-01 -7.576228548481071e-03 
 1.737800828749447e+01  1.000000000000000e+00  0.000000000000000e+00  1.415227504154605e-01 -7.663432235738243e-03 
 1.757923613958765e+01  1.000000000000000e+00  0.000000000000000e+00  1.415129741880528e-01 -7.751627322962179e-03 
 1.778279410038996e+01  1.000000000000000e+00  0.000000000000000e+00  1.415029716611789e-01 -7.840824648994686e-03 
 1.798870915128862e+01  1.000000000000000e+00  0.000000000000000e+00  1.414927376439298e-01 -7.931035156574548e-03 
 1.819700858610059e+01  1.000000000000000e+00  0.000000000000000e+00  1.414822667937823e-01 -8.022269890209942e-03 
 1.840772001469032e+01  1.000000000000000e+00  0.000000000000000e+00  1.414715536666531e-01 -8.114539999553631e-03 
 1.862087136662944e+01  1.000000000000000e+00  0.000000000000000e+00  1.414605927187797e-01 -8.207856740102389e-03 
 1.883649089489878e+01  1.000000000000000e+00  0.000000000000000e+00  1.414493782239093e-01 -8.302231468882986e-03 
 1.905460717963326e+01  1.000000000000000e+00  0.000000000000000e+00  1.414379043827148e-01 -8.397675651337007e-03 
 1.927524913191016e+01  1.000000000000000e+00  0.000000000000000e+00  1.414261652521786e-01 -8.494200857718842e-03 
 1.949844599758126e+01  1.000000000000000e+00  0.000000000000000e+00  1.414141546974175e-01 -8.591818760520738e-03 
 1.972422736114936e+01  1.000000000000000e+00  0.000000000000000e+00  1.414018665352302e-01 -8.690541143680527e-03 
 1.995262314968963e+01  1.000000000000000e+00  0.000000000000000e+00  1.413892944063706e-01 -8.790379895245315e-03 
 2.018366363681645e+01  1.000000000000000e+00  0.000000000000000e+00  1.413764317669138e-01 -8.891347007100521e-03 
 2.041737944669615e+01  1.000000000000000e+00  0.000000000000000e+00  1.413632719743562e-01 -8.993454580712162e-03 
 2.065380155810616e+01  1.000000000000000e+00  0.000000000000000e+00  1.413498082215694e-01 -9.096714823361000e-03 
 2.089296130854127e+01  1.000000000000000e+00  0.000000000000000e+00  1.413360335583320e-01 -9.201140049793406e-03 
 2.113489039836736e+01  1.000000000000000e+00  0.000000000000000e+00  1.413219408590786e-01 -9.306742680398317e-03 
 2.137962089502322e+01  1.000000000000000e+00  0.000000000000000e+00  1.413075228535706e-01 -9.413535243446184e-03 
 2.162718523727112e+01  1.000000000000000e+00  0.000000000000000e+00  1.412927720995820e-01 -9.521530373475934e-03 
 2.187761623949645e+01  1.000000000000000e+00  0.000000000000000e+00  1.412776809802790e-01 -9.630740811288724e-03 
 2.213094709605732e+01  1.000000000000000e+00  0.000000000000000e+00  1.412622417226278e-01 -9.741179405323614e-03 
 2.238721138568435e+01  1.000000000000000e+00  0.000000000000000e+00  1.412464463981331e-01 -9.852859111857168e-03 
 2.264644307593156e+01  1.000000000000000e+00  0.000000000000000e+00  1.412302868623666e-01 -9.965792990840619e-03 
 2.290867652767870e+01  1.000000000000000e+00  0.000000000000000e+00  1.412137548045852e-01 -1.007999420933182e-02 
 2.317394649968577e+01  1.000000000000000e+00  0.000000000000000e+00  1.411968417122871e-01 -1.019547603894759e-02 
 2.344228815320022e+01  1.000000000000000e+00  0.000000000000000e+00  1.411795389401133e-01 -1.031225186082464e-02 
 2.371373705661756e+01  1.000000000000000e+00  0.000000000000000e+00  1.411618375696230e-01 -1.043033515523569e-02 
 2.398832919019593e+01  1.000000000000000e+00  0.000000000000000e+00  1.411437285641625e-01 -1.054973951281145e-02 
 2.426610095082519e+01  1.000000000000000e+00  0.000000000000000e+00  1.411252026058642e-01 -1.067047862218239e-02 
 2.454708915685136e+01  1.000000000000000e+00  0.000000000000000e+00  1.411062502337848e-01 -1.079256628004347e-02 
 2.483133105295677e+01  1.000000000000000e+00  0.000000000000000e+00  1.410868617540061e-01 -1.091601638405934e-02 
 2.511886431509688e+01  1.000000000000000e+00  0.000000000000000e+00  1.410670272538772e-01 -1.104084293352589e-02 
 2.540972705549414e+01  1.000000000000000e+00  0.000000000000000e+00  1.410467366049693e-01 -1.116706002908472e-02 
 2.570395782768975e+01  1.000000000000000e+00  0.000000000000000e+00  1.410259794553482e-01 -1.129468187164353e-02 
 2.600159563165384e+01  1.000000000000000e+00  0.000000000000000e+00  1.410047452183180e-01 -1.142372276084297e-02 
 2.630267991895496e+01  1.000000000000000e+00  0.000000000000000e+00  1.409830230963056e-01 -1.155419709635046e-02 
 2.660725059798925e+01  1.000000000000000e+00  0.000000000000000e+00  1.409608020208934e-01 -1.168611937224394e-02 
 2.691534803927033e+01  1.000000000000000e+00  0.000000000000000e+00  1.409380707011596e-01 -1.181950418010780e-02 
 2.722701308078031e+01  1.000000000000000e+00  0.000000000000000e+00  1.409148176177979e-01 -1.195436620778528e-02 
 2.754228703338287e+01  1.000000000000000e+00  0.000000000000000e+00  1.408910309418179e-01 -1.209072023141841e-02 
 2.786121168629892e+01  1.000000000000000e+00  0.000000000000000e+00  1.408666986430525e-01 -1.222858112370213e-02 
 2.818382931264577e+01  1.000000000000000e+00  0.000000000000000e+00  1.408418083887356e-01 -1.236796384396679e-02 
 2.851018267504034e+01  1.000000000000000e+00  0.000000000000000e+00  1.408163476219094e-01 -1.250888344387200e-02 
 2.884031503126733e+01  1.000000000000000e+00  0.000000000000000e+00  1.407903034435063e-01 -1.265135505550852e-02 
 2.917427014001295e+01  1.000000000000000e+00  0.000000000000000e+00  1.407636627439367e-01 -1.279539390180524e-02 
 2.951209226666516e+01  1.000000000000000e+00  0.000000000000000e+00  1.407364120885301e-01 -1.294101528468558e-02 
 2.985382618918092e+01  1.000000000000000e+00  0.000000000000000e+00  1.407085377547564e-01 -1.308823458673943e-02 
 3.019951720402150e+01  1.000000000000000e+00  0.000000000000000e+00  1.406800257469041e-01 -1.323706727089757e-02 
 3.054921113215649e+01  1.000000000000000e+00  0.000000000000000e+00  1.406508617367850e-01 -1.338752887300292e-02 
 3.090295432513728e+01  1.000000000000000e+00  0.000000000000000e+00  1.406210311171136e-01 -1.353963500488967e-02 
 3.126079367124094e+01  1.000000000000000e+00  0.000000000000000e+00  1.405905189399939e-01 -1.369340134638740e-02 
 3.162277660168520e+01  1.000000000000000e+00  0.000000000000000e+00  1.405593099268952e-01 -1.384884364394962e-02 
 3.198895109691541e+01  1.000000000000000e+00  0.000000000000000e+00  1.405273885308329e-01 -1.400597771454569e-02 
 3.235936569296427e+01  1.000000000000000e+00  0.000000000000000e+00  1.404947388130756e-01 -1.416481943091248e-02 
 3.273406948788529e+01  1.000000000000000e+00  0.000000000000000e+00  1.404613445077788e-01 -1.432538472527828e-02 
 3.311311214826060e+01  1.000000000000000e+00  0.000000000000000e+00  1.404271890365621e-01 -1.448768958817403e-02 
 3.349654391578427e+01  1.000000000000000e+00  0.000000000000000e+00  1.403922554078258e-01 -1.465175005510272e-02 
 3.388441561392178e+01  1.000000000000000e+00  0.000000000000000e+00  1.403565263114172e-01 -1.481758221317431e-02 
 3.427677865464658e+01  1.000000000000000e+00  0.000000000000000e+00  1.403199841017971e-01 -1.498520219637584e-02 
 3.467368504525474e+01  1.000000000000000e+00  0.000000000000000e+00  1.402826106706496e-01 -1.515462616831541e-02 
 3.507518739525840e+01  1.000000000000000e+00  0.000000000000000e+00  1.402443875999339e-01 -1.532587033511387e-02 
 3.548133892335916e+01  1.000000000000000e+00  0.000000000000000e+00  1.402052960981884e-01 -1.549895093492428e-02 
 3.589219346450216e+01  1.000000000000000e+00  0.000000000000000e+00  1.401653169085468e-01 -1.567388422364997e-02 
 3.630780547701179e+01  1.000000000000000e+00  0.000000000000000e+00  1.401244304141887e-01 -1.585068648244259e-02 
 3.672823004981014e+01  1.000000000000000e+00  0.000000000000000e+00  1.400826166102520e-01 -1.602937401041414e-02 
 3.715352290971895e+01  1.000000000000000e+00  0.000000000000000e+00  1.400398550424205e-01 -1.620996311297187e-02 
 3.758374042884613e+01  1.000000000000000e+00  0.000000000000000e+00  1.399961248367873e-01 -1.639247010045737e-02 
 3.801893963205786e+01  1.000000000000000e+00  0.000000000000000e+00  1.399514046978695e-01 -1.657691128295042e-02 
 3.845917820453712e+01  1.000000000000000e+00  0.000000000000000e+00  1.399056728996033e-01 -1.676330296403535e-02 
 3.890451449942984e+01  1.000000000000000e+00  0.000000000000000e+00  1.398589072453978e-01 -1.695166143051796e-02 
 3.935500754557955e+01  1.000000000000000e+00  0.000000000000000e+00  1.398110851050190e-01 -1.714200295122004e-02 
 3.981071705535155e+01  1.000000000000000e+00  0.000000000000000e+00  1.397621833842853e-01 -1.733434376737675e-02 
 4.027170343254776e+01  1.000000000000000e+00  0.000000000000000e+00  1.397121785252667e-01 -1.752870008648284e-02 
 4.073802778041315e+01  1.000000000000000e+00  0.000000000000000e+00  1.396610464671451e-01 -1.772508807087539e-02 
 4.120975190973492e+01  1.000000000000000e+00  0.000000000000000e+00  1.396087626902204e-01 -1.792352383657030e-02 
 4.168693834703546e+01  1.000000000000000e+00  0.000000000000000e+00  1.395553021717643e-01 -1.812402344070253e-02 
 4.216965034286017e+01  1.000000000000000e+00  0.000000000000000e+00  1.395006393783597e-01 -1.832660287309551e-02 
 4.265795188016124e+01  1.000000000000000e+00  0.000000000000000e+00  1.394447483062771e-01 -1.853127805413148e-02 
 4.315190768277852e+01  1.000000000000000e+00  0.000000000000000e+00  1.393876023701081e-01 -1.873806481198842e-02 
 4.365158322401862e+01  1.000000000000000e+00  0.000000000000000e+00  1.393291745138248e-01 -1.894697888924349e-02 
 4.415704473533330e+01  1.000000000000000e+00  0.000000000000000e+00  1.392694371354256e-01 -1.915803592430218e-02 
 4.466835921509839e+01  1.000000000000000e+00  0.000000000000000e+00  1.392083620784335e-01 -1.937125144125806e-02 
 4.518559443749434e+01  1.000000000000000e+00  0.000000000000000e+00  1.391459206359915e-01 -1.958664084120600e-02 
 4.570881896148964e+01  1.000000000000000e+00  0.000000000000000e+00  1.390820835607373e-01 -1.980421939408464e-02 
 4.623810213992819e+01  1.000000000000000e+00  0.000000000000000e+00  1.390168210381937e-01 -2.002400222506644e-02 
 4.677351412872201e+01  1.000000000000000e+00  0.000000000000000e+00  1.389501026518956e-01 -2.024600429908696e-02 
 4.731512589615027e+01  1.000000000000000e+00  0.000000000000000e+00  1.388818974475855e-01 -2.047024041959722e-02 
 4.786300923226609e+01  1.000000000000000e+00  0.000000000000000e+00  1.388121738351163e-01 -2.069672520297378e-02 
 4.841723675841222e+01  1.000000000000000e+00  0.000000000000000e+00  1.387408996469697e-01 -2.092547307568328e-02 
 4.897788193684693e+01  1.000000000000000e+00  0.000000000000000e+00  1.386680421278058e-01 -2.115649826096661e-02 
 4.954501908048136e+01  1.000000000000000e+00  0.000000000000000e+00  1.385935678659621e-01 -2.138981475592466e-02 
 5.011872336272960e+01  1.000000000000000e+00  0.000000000000000e+00  1.385174428763953e-01 -2.162543633158134e-02 
 5.069907082747284e+01  1.000000000000000e+00  0.000000000000000e+00  1.384396324963684e-01 -2.186337650336604e-02 
 5.128613839913892e+01  1.000000000000000e+00  0.000000000000000e+00  1.383601014794116e-01 -2.210364853231918e-02 
 5.188000389289858e+01  1.000000000000000e+00  0.000000000000000e+00  1.382788138746161e-01 -2.234626539156728e-02 
 5.248074602497976e+01  1.000000000000000e+00  0.000000000000000e+00  1.381957331122627e-01 -2.259123976547025e-02 
 5.308844442310136e+01  1.000000000000000e+00  0.000000000000000e+00  1.381108219834958e-01 -2.283858403127745e-02 
 5.370317963702784e+01  1.000000000000000e+00  0.000000000000000e+00  1.380240425541178e-01 -2.308831022918995e-02 
 5.432503314924592e+01  1.000000000000000e+00  0.000000000000000e+00  1.379353562579457e-01 -2.334043006160877e-02 
 5.495408738576509e+01  1.000000000000000e+00  0.000000000000000e+00  1.378447238609633e-01 -2.359495487063218e-02 
 5.559042572704302e+01  1.000000000000000e+00  0.000000000000000e+00  1.377521053942657e-01 -2.385189560918512e-02 
 5.623413251903760e+01  1.000000000000000e+00  0.000000000000000e+00  1.376574602426784e-01 -2.411126283854076e-02 
 5.688529308438687e+01  1.000000000000000e+00  0.000000000000000e+00  1.375607470593929e-01 -2.437306669500568e-02 
 5.754399373371846e+01  1.000000000000000e+00  0.000000000000000e+00  1.374619238085950e-01 -2.463731687846479e-02 
 5.821032177708994e+01  1.000000000000000e+00  0.000000000000000e+00  1.373609477417131e-01 -2.490402262862701e-02 
 5.888436553556173e+01  1.000000000000000e+00  0.000000000000000e+00  1.372577753566325e-01 -2.517319269725931e-02 
 5.956621435290392e+01  1.000000000000000e+00  0.000000000000000e+00  1.371523625114767e-01 -2.544483534843458e-02 
 6.025595860743869e+01  1.000000000000000e+00  0.000000000000000e+00  1.370446642554272e-01 -2.571895830579313e-02 
 6.095368972401987e+01  1.000000000000000e+00  0.000000000000000e+00  1.369346349576214e-01 -2.599556875444143e-02 
 6.165950018615121e+01  1.000000000000000e+00  0.000000000000000e+00  1.368222282237381e-01 -2.627467330247037e-02 
 6.237348354824496e+01  1.000000000000000e+00  0.000000000000000e+00  1.367073969443039e-01 -2.655627796684553e-02 
 6.309573444802240e+01  1.000000000000000e+00  0.000000000000000e+00  1.365900932253551e-01 -2.684038813571942e-02 
 6.382634861905798e+01  1.000000000000000e+00  0.000000000000000e+00  1.364702685062832e-01 -2.712700856699068e-02 
 6.456542290346870e+01  1.000000000000000e+00  0.000000000000000e+00  1.363478734069830e-01 -2.741614333246978e-02 
 6.531305526475043e+01  1.000000000000000e+00  0.000000000000000e+00  1.362228578270878e-01 -2.770779581136390e-02 
 6.606934480076283e+01  1.000000000000000e+00  0.000000000000000e+00  1.360951709247375e-01 -2.800196865929328e-02 
 6.683439175686473e+01  1.000000000000000e+00  0.000000000000000e+00  1.359647610911488e-01 -2.829866377522425e-02 
 6.760829753920149e+01  1.000000000000000e+00  0.000000000000000e+00  1.358315759745665e-01 -2.859788227812220e-02 
 6.839116472814628e+01  1.000000000000000e+00  0.000000000000000e+00  1.356955624932316e-01 -2.889962448050474e-02 
 6.918309709189704e+01  1.000000000000000e+00  0.000000000000000e+00  1.355566667860322e-01 -2.920388984811168e-02 
 6.998419960023078e+01  1.000000000000000e+00  0.000000000000000e+00  1.354148342620217e-01 -2.951067697964143e-02 
 7.079457843841726e+01  1.000000000000000e+00  0.000000000000000e+00  1.352700095928606e-01 -2.981998357375951e-02 
 7.161434102129371e+01  1.000000000000000e+00  0.000000000000000e+00  1.351221367019672e-01 -3.013180639447720e-02 
 7.244359600750256e+01  1.000000000000000e+00  0.000000000000000e+00  1.349711587742614e-01 -3.044614124013440e-02 
 7.328245331389401e+01  1.000000000000000e+00  0.000000000000000e+00  1.348170182709471e-01 -3.076298291286963e-02 
 7.413102413009540e+01  1.000000000000000e+00  0.000000000000000e+00  1.346596569352592e-01 -3.108232518528418e-02 
 7.498942093324928e+01  1.000000000000000e+00  0.000000000000000e+00  1.344990157781213e-01 -3.140416076174617e-02 
 7.585775750292213e+01  1.000000000000000e+00  0.000000000000000e+00  1.343350351202746e-01 -3.172848125170837e-02 
 7.673614893618569e+01  1.000000000000000e+00  0.000000000000000e+00  1.341676545535141e-01 -3.205527712357722e-02 
 7.762471166287301e+01  1.000000000000000e+00  0.000000000000000e+00  1.339968130210811e-01 -3.238453768587750e-02 
 7.852356346101107e+01  1.000000000000000e+00  0.000000000000000e+00  1.338224487546794e-01 -3.271625103349289e-02 
 7.943282347243209e+01  1.000000000000000e+00  0.000000000000000e+00  1.336444993294714e-01 -3.305040402128641e-02 
 8.035261221856572e+01  1.000000000000000e+00  0.000000000000000e+00  1.334629016602535e-01 -3.338698222278324e-02 
 8.128305161641397e+01  1.000000000000000e+00  0.000000000000000e+00  1.332775920192316e-01 -3.372596989344073e-02 
 8.222426499471122e+01  1.000000000000000e+00  0.000000000000000e+00  1.330885061030797e-01 -3.406734994575580e-02 
 8.317637711027126e+01  1.000000000000000e+00  0.000000000000000e+00  1.328955789271586e-01 -3.441110387934997e-02 
 8.413951416452372e+01  1.000000000000000e+00  0.000000000000000e+00  1.326987449716548e-01 -3.475721177497949e-02 
 8.511380382024191e+01  1.000000000000000e+00  0.000000000000000e+00  1.324979381337835e-01 -3.510565223786093e-02 
 8.609937521846439e+01  1.000000000000000e+00  0.000000000000000e+00  1.322930917524867e-01 -3.545640235899190e-02 
 8.709635899561245e+01  1.000000000000000e+00  0.000000000000000e+00  1.320841386757624e-01 -3.580943768735170e-02 
 8.810488730080586e+01  1.000000000000000e+00  0.000000000000000e+00  1.318710112283897e-01 -3.616473217461298e-02 
 8.912509381337905e+01  1.000000000000000e+00  0.000000000000000e+00  1.316536412460342e-01 -3.652225813697511e-02 
 9.015711376060024e+01  1.000000000000000e+00  0.000000000000000e+00  1.314319601400605e-01 -3.688198622488635e-02 
 9.120108393559559e+01  1.000000000000000e+00  0.000000000000000e+00  1.312058989204511e-01 -3.724388538128991e-02 
 9.225714271548100e+01  1.000000000000000e+00  0.000000000000000e+00  1.309753881775097e-01 -3.760792278675572e-02 
 9.332543007970385e+01  1.000000000000000e+00  0.000000000000000e+00  1.307403581820476e-01 -3.797406383840189e-02 
 9.440608762859715e+01  1.000000000000000e+00  0.000000000000000e+00  1.305007388405479e-01 -3.834227208605403e-02 
 9.549925860214847e+01  1.000000000000000e+00  0.000000000000000e+00  1.302564598349939e-01 -3.871250922240752e-02 
 9.660508789898628e+01  1.000000000000000e+00  0.000000000000000e+00  1.300074505608014e-01 -3.908473501298670e-02 
 9.772372209558608e+01  1.000000000000000e+00  0.000000000000000e+00  1.297536402032237e-01 -3.945890726666507e-02 
 9.885530946569897e+01  1.000000000000000e+00  0.000000000000000e+00  1.294949578462760e-01 -3.983498181655278e-02 
 1.000000000000051e+02  1.000000000000000e+00  0.000000000000000e+00  1.292313323867174e-01 -4.021291244063036e-02 
 1.011579454259951e+02  1.000000000000000e+00  0.000000000000000e+00  1.289626926863118e-01 -4.059265085553192e-02 
 1.023292992280807e+02  1.000000000000000e+00  0.000000000000000e+00  1.286889675745324e-01 -4.097414666397900e-02 
 1.035142166679397e+02  1.000000000000000e+00  0.000000000000000e+00  1.284100859016895e-01 -4.135734731783201e-02 
 1.047128548050954e+02  1.000000000000000e+00  0.000000000000000e+00  1.281259766127195e-01 -4.174219808792165e-02 
 1.059253725177344e+02  1.000000000000000e+00  0.000000000000000e+00  1.278365687876835e-01 -4.212864202331157e-02 
 1.071519305237662e+02  1.000000000000000e+00  0.000000000000000e+00  1.275417916763885e-01 -4.251661990836822e-02 
 1.083926914021260e+02  1.000000000000000e+00  0.000000000000000e+00  1.272415748057709e-01 -4.290607024453876e-02 
 1.096478196143242e+02  1.000000000000000e+00  0.000000000000000e+00  1.269358479766177e-01 -4.329692918784421e-02 
 1.109174815262459e+02  1.000000000000000e+00  0.000000000000000e+00  1.266245414227411e-01 -4.368913057897932e-02 
 1.122018454302022e+02  1.000000000000000e+00  0.000000000000000e+00  1.263075857764209e-01 -4.408260583389532e-02 
 1.135010815672374e+02  1.000000000000000e+00  0.000000000000000e+00  1.259849121842860e-01 -4.447728396018714e-02 
 1.148153621496943e+02  1.000000000000000e+00  0.000000000000000e+00  1.256564523726820e-01 -4.487309152010191e-02 
 1.161448613840403e+02  1.000000000000000e+00  0.000000000000000e+00  1.253221387496186e-01 -4.526995261523207e-02 
 1.174897554939591e+02  1.000000000000000e+00  0.000000000000000e+00  1.249819043945160e-01 -4.566778883100879e-02 
 1.188502227437080e+02  1.000000000000000e+00  0.000000000000000e+00  1.246356832469239e-01 -4.606651925504176e-02 
 1.202264434617476e+02  1.000000000000000e+00  0.000000000000000e+00  1.242834100974462e-01 -4.646606042408260e-02 
 1.216186000646432e+02  1.000000000000000e+00  0.000000000000000e+00  1.239250207030605e-01 -4.686632631806003e-02 
 1.230268770812446e+02  1.000000000000000e+00  0.000000000000000e+00  1.235604519028081e-01 -4.726722835654307e-02 
 1.244514611771450e+02  1.000000000000000e+00  0.000000000000000e+00  1.231896416170861e-01 -4.766867535171123e-02 
 1.258925411794233e+02  1.000000000000000e+00  0.000000000000000e+00  1.228125290400643e-01 -4.807057353771681e-02 
 1.273503081016729e+02  1.000000000000000e+00  0.000000000000000e+00  1.224290546470073e-01 -4.847282653024999e-02 
 1.288249551693202e+02  1.000000000000000e+00  0.000000000000000e+00  1.220391445161311e-01 -4.887532008777498e-02 
 1.303166778452368e+02  1.000000000000000e+00  0.000000000000000e+00  1.216427738299060e-01 -4.927798302572003e-02 
 1.318256738556477e+02  1.000000000000000e+00  0.000000000000000e+00  1.212398715894837e-01 -4.968069595259746e-02 
 1.333521432163395e+02  1.000000000000000e+00  0.000000000000000e+00  1.208303844706197e-01 -5.008335203905787e-02 
 1.348962882591725e+02  1.000000000000000e+00  0.000000000000000e+00  1.204142609366460e-01 -5.048584185176559e-02 
 1.364583136588997e+02  1.000000000000000e+00  0.000000000000000e+00  1.199914513391177e-01 -5.088805336396746e-02 
 1.380384264602958e+02  1.000000000000000e+00  0.000000000000000e+00  1.195619080401271e-01 -5.128987197870560e-02 
 1.396368361056012e+02  1.000000000000000e+00  0.000000000000000e+00  1.191255854734467e-01 -5.169118052873347e-02 
 1.412537544622830e+02  1.000000000000000e+00  0.000000000000000e+00  1.186824402984540e-01 -5.209185932004257e-02 
 1.428893958511179e+02  1.000000000000000e+00  0.000000000000000e+00  1.182324314628217e-01 -5.249178613914657e-02 
 1.445439770746005e+02  1.000000000000000e+00  0.000000000000000e+00  1.177755203364213e-01 -5.289083629555776e-02 
 1.462177174456796e+02  1.000000000000000e+00  0.000000000000000e+00  1.173116708014925e-01 -5.328888264872998e-02 
 1.479108388168287e+02  1.000000000000000e+00  0.000000000000000e+00  1.168408494073083e-01 -5.368579566875743e-02 
 1.496235656094514e+02  1.000000000000000e+00  0.000000000000000e+00  1.163630253699804e-01 -5.408144342962862e-02 
 1.513561248436289e+02  1.000000000000000e+00  0.000000000000000e+00  1.158781708282711e-01 -5.447569172617974e-02 
 1.531087461682112e+02  1.000000000000000e+00  0.000000000000000e+00  1.153862608127971e-01 -5.486840406168612e-02 
 1.548816618912565e+02  1.000000000000000e+00  0.000000000000000e+00  1.148872734797702e-01 -5.525944176530301e-02 
 1.566751070108234e+02  1.000000000000000e+00  0.000000000000000e+00  1.143811900876255e-01 -5.564866399162025e-02 
 1.584893192461199e+02  1.000000000000000e+00  0.000000000000000e+00  1.138679952295859e-01 -5.603592784915908e-02 
 1.603245390690128e+02  1.000000000000000e+00  0.000000000000000e+00  1.133476768645742e-01 -5.642108843635447e-02 
 1.621810097359018e+02  1.000000000000000e+00  0.000000000000000e+00  1.128202264371937e-01 -5.680399892657556e-02 
 1.640589773199628e+02  1.000000000000000e+00  0.000000000000000e+00  1.122856390055350e-01 -5.718451066303431e-02 
 1.659586907437651e+02  1.000000000000000e+00  0.000000000000000e+00  1.117439133131534e-01 -5.756247323195166e-02 
 1.678804018122651e+02  1.000000000000000e+00  0.000000000000000e+00  1.111950519101721e-01 -5.793773456622858e-02 
 1.698243652461837e+02  1.000000000000000e+00  0.000000000000000e+00  1.106390612387791e-01 -5.831014103763275e-02 
 1.717908387157682e+02  1.000000000000000e+00  0.000000000000000e+00  1.100759517687059e-01 -5.867953758164059e-02 
 1.737800828749470e+02  1.000000000000000e+00  0.000000000000000e+00  1.095057380201748e-01 -5.904576776915010e-02 
 1.757923613958789e+02  1.000000000000000e+00  0.000000000000000e+00  1.089284387055231e-01 -5.940867394782300e-02 
 1.778279410039020e+02  1.000000000000000e+00  0.000000000000000e+00  1.083440768334389e-01 -5.976809737156423e-02 
 1.798870915128886e+02  1.000000000000000e+00  0.000000000000000e+00  1.077526797482631e-01 -6.012387830061412e-02 
 1.819700858610083e+02  1.000000000000000e+00  0.000000000000000e+00  1.071542792324591e-01 -6.047585614359618e-02 
 1.840772001469057e+02  1.000000000000000e+00  0.000000000000000e+00  1.065489115973737e-01 -6.082386960072426e-02 
 1.862087136662969e+02  1.000000000000000e+00  0.000000000000000e+00  1.059366177052020e-01 -6.116775677466493e-02 
 1.883649089489904e+02  1.000000000000000e+00  0.000000000000000e+00  1.053174431031607e-01 -6.150735535333127e-02 
 1.905460717963352e+02  1.000000000000000e+00  0.000000000000000e+00  1.046914380384392e-01 -6.184250272085950e-02 
 1.927524913191042e+02  1.000000000000000e+00  0.000000000000000e+00  1.040586575680844e-01 -6.217303618476740e-02 
 1.949844599758153e+02  1.000000000000000e+00  0.000000000000000e+00  1.034191615309248e-01 -6.249879302202881e-02 
 1.972422736114962e+02  1.000000000000000e+00  0.000000000000000e+00  1.027730146824081e-01 -6.281961073682998e-02 
 1.995262314968990e+02  1.000000000000000e+00  0.000000000000000e+00  1.021202866479970e-01 -6.313532716238011e-02 
 2.018366363681672e+02  1.000000000000000e+00  0.000000000000000e+00  1.014610520443111e-01 -6.344578068411484e-02 
 2.041737944669642e+02  1.000000000000000e+00  0.000000000000000e+00  1.007953904433651e-01 -6.375081037295646e-02 
 2.065380155810644e+02  1.000000000000000e+00  0.000000000000000e+00  1.001233864215358e-01 -6.405025617865941e-02 
 2.089296130854155e+02  1.000000000000000e+00  0.000000000000000e+00  9.944512959047100e-02 -6.434395911992979e-02 
 2.113489039836764e+02  1.000000000000000e+00  0.000000000000000e+00  9.876071454559929e-02 -6.463176142744771e-02 
 2.137962089502351e+02  1.000000000000000e+00  0.000000000000000e+00  9.807024091318950e-02 -6.491350675819915e-02 
 2.162718523727141e+02  1.000000000000000e+00  0.000000000000000e+00  9.737381335289934e-02 -6.518904038850214e-02 
 2.187761623949674e+02  1.000000000000000e+00  0.000000000000000e+00  9.667154148859067e-02 -6.545820936477521e-02 
 2.213094709605761e+02  1.000000000000000e+00  0.000000000000000e+00  9.596353993307402e-02 -6.572086272440515e-02 
 2.238721138568465e+02  1.000000000000000e+00  0.000000000000000e+00  9.524992824330240e-02 -6.597685167593652e-02 
 2.264644307593186e+02  1.000000000000000e+00  0.000000000000000e+00  9.453083086133608e-02 -6.622602977502644e-02 
 2.290867652767901e+02  1.000000000000000e+00  0.000000000000000e+00  9.380637708852391e-02 -6.646825312918257e-02 
 2.317394649968608e+02  1.000000000000000e+00  0.000000000000000e+00  9.307670101791164e-02 -6.670338057909460e-02 
 2.344228815320054e+02  1.000000000000000e+00  0.000000000000000e+00  9.234194147816829e-02 -6.693127389295475e-02 
 2.371373705661788e+02  1.000000000000000e+00  0.000000000000000e+00  9.160224193735216e-02 -6.715179793656539e-02 
 2.398832919019625e+02  1.000000000000000e+00  0.000000000000000e+00  9.085775044508211e-02 -6.736482087607727e-02 
 2.426610095082552e+02  1.000000000000000e+00  0.000000000000000e+00  9.010861953221475e-02 -6.757021435354130e-02 
 2.454708915685169e+02  1.000000000000000e+00  0.000000000000000e+00  8.935500610734311e-02 -6.776785365216503e-02 
 2.483133105295710e+02  1.000000000000000e+00  0.000000000000000e+00  8.859707135058760e-02 -6.795761792025511e-02 
 2.511886431509722e+02  1.000000000000000e+00  0.000000000000000e+00  8.783498061570007e-02 -6.813939028975113e-02 
 2.540972705549449e+02  1.000000000000000e+00  0.000000000000000e+00  8.706890325968804e-02 -6.831305805518650e-02 
 2.570395782769009e+02  1.000000000000000e+00  0.000000000000000e+00  8.629901256084617e-02 -6.847851286683752e-02 
 2.600159563165419e+02  1.000000000000000e+00  0.000000000000000e+00  8.552548556715366e-02 -6.863565088211354e-02 
 2.630267991895531e+02  1.000000000000000e+00  0.000000000000000e+00  8.474850289969459e-02 -6.878437288067030e-02 
 2.660725059798961e+02  1.000000000000000e+00  0.000000000000000e+00  8.396824869697309e-02 -6.892458449510755e-02 
 2.691534803927069e+02  1.000000000000000e+00  0.000000000000000e+00  8.318491033346821e-02 -6.905619625594929e-02 
 2.722701308078068e+02  1.000000000000000e+00  0.000000000000000e+00  8.239867834397357e-02 -6.917912380616034e-02 
 2.754228703338323e+02  1.000000000000000e+00  0.000000000000000e+00  8.160974620229985e-02 -6.929328799290461e-02 
 2.786121168629929e+02  1.000000000000000e+00  0.000000000000000e+00  8.081831015510724e-02 -6.939861500419954e-02 
 2.818382931264615e+02  1.000000000000000e+00  0.000000000000000e+00  8.002456901739513e-02 -6.949503646944494e-02 
 2.851018267504073e+02  1.000000000000000e+00  0.000000000000000e+00  7.922872399729328e-02 -6.958248958290431e-02 
 2.884031503126772e+02  1.000000000000000e+00  0.000000000000000e+00  7.843097848621372e-02 -6.966091718132569e-02 
 2.917427014001335e+02  1.000000000000000e+00  0.000000000000000e+00  7.763153786056838e-02 -6.973026788687753e-02 
 2.951209226666555e+02  1.000000000000000e+00  0.000000000000000e+00  7.683060927085016e-02 -6.979049611509469e-02 
 2.985382618918131e+02  1.000000000000000e+00  0.000000000000000e+00  7.602840142666342e-02 -6.984156219238181e-02 
 3.019951720402190e+02  1.000000000000000e+00  0.000000000000000e+00  7.522512437556070e-02 -6.988343240226090e-02 
 3.054921113215689e+02  1.000000000000000e+00  0.000000000000000e+00  7.442098931900187e-02 -6.991607907230714e-02 
 3.090295432513769e+02  1.000000000000000e+00  0.000000000000000e+00  7.361620833625615e-02 -6.993948056636989e-02 
 3.126079367124136e+02  1.000000000000000e+00  0.000000000000000e+00  7.281099420591694e-02 -6.995362136199831e-02 
 3.162277660168562e+02  1.000000000000000e+00  0.000000000000000e+00  7.200556016516632e-02 -6.995849206035505e-02 
 3.198895109691583e+02  1.000000000000000e+00  0.000000000000000e+00  7.120011967041646e-02 -6.995408938757762e-02 
 3.235936569296470e+02  1.000000000000000e+00  0.000000000000000e+00  7.039488620760433e-02 -6.994041623653255e-02 
 3.273406948788572e+02  1.000000000000000e+00  0.000000000000000e+00  6.959007302086687e-02 -6.991748160503233e-02 
 3.311311214826103e+02  1.000000000000000e+00  0.000000000000000e+00  6.878589292533703e-02 -6.988530066796116e-02 
 3.349654391578471e+02  1.000000000000000e+00  0.000000000000000e+00  6.798255856257969e-02 -6.984388260090511e-02 
 3.388441561392223e+02  1.000000000000000e+00  0.000000000000000e+00  6.718028029352177e-02 -6.979327897441567e-02 
 3.427677865464703e+02  1.000000000000000e+00  0.000000000000000e+00  6.637926862962511e-02 -6.973351092253391e-02 
 3.467368504525519e+02  1.000000000000000e+00  0.000000000000000e+00  6.557973236036582e-02 -6.966461773771976e-02 
 3.507518739525885e+02  1.000000000000000e+00  0.000000000000000e+00  6.478187874360122e-02 -6.958664463707495e-02 
 3.548133892335962e+02  1.000000000000000e+00  0.000000000000000e+00  6.398591325903455e-02 -6.949964265275817e-02 
 3.589219346450263e+02  1.000000000000000e+00  0.000000000000000e+00  6.319203942901398e-02 -6.940366858307342e-02 
 3.630780547701227e+02  1.000000000000000e+00  0.000000000000000e+00  6.240045859972558e-02 -6.929878487467472e-02 
 3.672823004981063e+02  1.000000000000000e+00  0.000000000000000e+00  6.161136974592938e-02 -6.918505957601905e-02 
 3.715352290971944e+02  1.000000000000000e+00  0.000000000000000e+00  6.082496925751078e-02 -6.906256613701033e-02 
 3.758374042884663e+02  1.000000000000000e+00  0.000000000000000e+00  6.004145078242941e-02 -6.893138337846801e-02 
 3.801893963205836e+02  1.000000000000000e+00  0.000000000000000e+00  5.926100505275355e-02 -6.879159536927278e-02 
 3.845917820453763e+02  1.000000000000000e+00  0.000000000000000e+00  5.848381963546840e-02 -6.864329121025421e-02 
 3.890451449943037e+02  1.000000000000000e+00  0.000000000000000e+00  5.771007884737509e-02 -6.848656499857003e-02 
 3.935500754558008e+02  1.000000000000000e+00  0.000000000000000e+00  5.693996355711368e-02 -6.832151563208456e-02 
 3.981071705535209e+02  1.000000000000000e+00  0.000000000000000e+00  5.617365101098372e-02 -6.814824668422019e-02 
 4.027170343254830e+02  1.000000000000000e+00  0.000000000000000e+00  5.541131471573735e-02 -6.796686621716169e-02 
 4.073802778041370e+02  1.000000000000000e+00  0.000000000000000e+00  5.465312429698162e-02 -6.777748666901424e-02 
 4.120975190973548e+02  1.000000000000000e+00  0.000000000000000e+00  5.389924533184311e-02 -6.758022463296627e-02 
 4.168693834703603e+02  1.000000000000000e+00  0.000000000000000e+00  5.314983925670477e-02 -6.737520072945720e-02 
 4.216965034286075e+02  1.000000000000000e+00  0.000000000000000e+00  5.240506325491778e-02 -6.716253942840043e-02 
 4.265795188016182e+02  1.000000000000000e+00  0.000000000000000e+00  5.166507010488722e-02 -6.694236886042713e-02 
 4.315190768277911e+02  1.000000000000000e+00  0.000000000000000e+00  5.093000814527437e-02 -6.671482065517177e-02 
 4.365158322401921e+02  1.000000000000000e+00  0.000000000000000e+00  5.020002111722977e-02 -6.648002971624639e-02 
 4.415704473533390e+02  1.000000000000000e+00  0.000000000000000e+00  4.947524812944685e-02 -6.623813408971735e-02 
 4.466835921509900e+02  1.000000000000000e+00  0.000000000000000e+00  4.875582357127042e-02 -6.598927476180468e-02 
 4.518559443749496e+02  1.000000000000000e+00  0.000000000000000e+00  4.804187702462637e-02 -6.573359542899820e-02 
 4.570881896149025e+02  1.000000000000000e+00  0.000000000000000e+00  4.733353599169855e-02 -6.547123457590426e-02 
 4.623810213992882e+02  1.000000000000000e+00  0.000000000000000e+00  4.663091484700808e-02 -6.520235662826782e-02 
 4.677351412872264e+02  1.000000000000000e+00  0.000000000000000e+00  4.593413121456997e-02 -6.492710443991231e-02 
 4.731512589615090e+02  1.000000000000000e+00  0.000000000000000e+00  4.524329503172509e-02 -6.464563082330819e-02 
 4.786300923226673e+02  1.000000000000000e+00  0.000000000000000e+00  4.455851125412034e-02 -6.435809040153398e-02 
 4.841723675841287e+02  1.000000000000000e+00  0.000000000000000e+00  4.387987979928090e-02 -6.406463940537679e-02 
 4.897788193684759e+02  1.000000000000000e+00  0.000000000000000e+00  4.320749559464864e-02 -6.376543550720641e-02 
 4.954501908048202e+02  1.000000000000000e+00  0.000000000000000e+00  4.254144853096023e-02 -6.346063761248025e-02 
 5.011872336273027e+02  1.000000000000000e+00  0.000000000000000e+00  4.188182349273684e-02 -6.315040569317963e-02 
 5.069907082747351e+02  1.000000000000000e+00  0.000000000000000e+00  4.122870035429992e-02 -6.283490062439702e-02 
 5.128613839913960e+02  1.000000000000000e+00  0.000000000000000e+00  4.058215402072421e-02 -6.251428397512135e-02 
 5.188000389289926e+02  1.000000000000000e+00  0.000000000000000e+00  3.994225444256137e-02 -6.218871785827462e-02 
 5.248074602498045e+02  1.000000000000000e+00  0.000000000000000e+00  3.930906664613768e-02 -6.185836473316001e-02 
 5.308844442310207e+02  1.000000000000000e+00  0.000000000000000e+00  3.868265078836425e-02 -6.152338730516801e-02 
 5.370317963702854e+02  1.000000000000000e+00  0.000000000000000e+00  3.806306218994333e-02 -6.118394827808224e-02 
 5.432503314924663e+02  1.000000000000000e+00  0.000000000000000e+00  3.745035139793973e-02 -6.084021025571561e-02 
 5.495408738576581e+02  1.000000000000000e+00  0.000000000000000e+00  3.684456729003249e-02 -6.049232995583319e-02 
 5.559042572704375e+02  1.000000000000000e+00  0.000000000000000e+00  3.624574491508874e-02 -6.014048060983469e-02 
 5.623413251903834e+02  1.000000000000000e+00  0.000000000000000e+00  3.565392389827694e-02 -5.978481781352964e-02 
 5.688529308438762e+02  1.000000000000000e+00  0.000000000000000e+00  3.506913629918604e-02 -5.942550218805991e-02 
 5.754399373371921e+02  1.000000000000000e+00  0.000000000000000e+00  3.449140972898989e-02 -5.906269352830265e-02 
 5.821032177709070e+02  1.000000000000000e+00  0.000000000000000e+00  3.392076744233733e-02 -5.869655063106768e-02 
 5.888436553556251e+02  1.000000000000000e+00  0.000000000000000e+00  3.335722842009430e-02 -5.832723119742483e-02 
 5.956621435290471e+02  1.000000000000000e+00  0.000000000000000e+00  3.280080743691643e-02 -5.795489170382688e-02 
 6.025595860743948e+02  1.000000000000000e+00  0.000000000000000e+00  3.225151519943593e-02 -5.757968731430485e-02 
 6.095368972402067e+02  1.000000000000000e+00  0.000000000000000e+00  3.170935839077468e-02 -5.720177170860169e-02 
 6.165950018615202e+02  1.000000000000000e+00  0.000000000000000e+00  3.117433979175148e-02 -5.682129705183583e-02 
 6.237348354824578e+02  1.000000000000000e+00  0.000000000000000e+00  3.064645838203761e-02 -5.643841384102986e-02 
 6.309573444802323e+02  1.000000000000000e+00  0.000000000000000e+00  3.012571238736654e-02 -5.605326660405219e-02 
 6.382634861905883e+02  1.000000000000000e+00  0.000000000000000e+00  2.961208753783250e-02 -5.566601080463956e-02 
 6.456542290346956e+02  1.000000000000000e+00  0.000000000000000e+00  2.910557498043777e-02 -5.527678711879024e-02 
 6.531305526475130e+02  1.000000000000000e+00  0.000000000000000e+00  2.860615948686322e-02 -5.488573856661932e-02 
 6.606934480076371e+02  1.000000000000000e+00  0.000000000000000e+00  2.811382254981954e-02 -5.449300608539367e-02 
 6.683439175686563e+02  1.000000000000000e+00  0.000000000000000e+00  2.762854247982160e-02 -5.409872846786683e-02 
 6.760829753920240e+02  1.000000000000000e+00  0.000000000000000e+00  2.715029451567807e-02 -5.370304233096330e-02 
 6.839116472814720e+02  1.000000000000000e+00  0.000000000000000e+00  2.667905094000755e-02 -5.330608200769568e-02 
 6.918309709189797e+02  1.000000000000000e+00  0.000000000000000e+00  2.621478117180612e-02 -5.290797953270394e-02 
 6.998419960023173e+02  1.000000000000000e+00  0.000000000000000e+00  2.575745190357972e-02 -5.250886458204608e-02 
 7.079457843841823e+02  1.000000000000000e+00  0.000000000000000e+00  2.530702990669074e-02 -5.210886114712449e-02 
 7.161434102129469e+02  1.000000000000000e+00  0.000000000000000e+00  2.486347121240711e-02 -5.170810068043464e-02 
 7.244359600750356e+02  1.000000000000000e+00  0.000000000000000e+00  2.442673767239379e-02 -5.130670217031074e-02 
 7.328245331389502e+02  1.000000000000000e+00  0.000000000000000e+00  2.399678607390504e-02 -5.090478543967311e-02 
 7.413102413009642e+02  1.000000000000000e+00  0.000000000000000e+00  2.357357099346406e-02 -5.050246780410942e-02 
 7.498942093325031e+02  1.000000000000000e+00  0.000000000000000e+00  2.315704490796750e-02 -5.009986399460693e-02 
 7.585775750292316e+02  1.000000000000000e+00  0.000000000000000e+00  2.274715828749232e-02 -4.969708618319783e-02 
 7.673614893618674e+02  1.000000000000000e+00  0.000000000000000e+00  2.234386225634413e-02 -4.929424122076362e-02 
 7.762471166287407e+02  1.000000000000000e+00  0.000000000000000e+00  2.194709846735379e-02 -4.889144157171111e-02 
 7.852356346101215e+02  1.000000000000000e+00  0.000000000000000e+00  2.155681458988874e-02 -4.848878882732928e-02 
 7.943282347243318e+02  1.000000000000000e+00  0.000000000000000e+00  2.117295409558508e-02 -4.808638471790799e-02 
 8.035261221856681e+02  1.000000000000000e+00  0.000000000000000e+00  2.079545896413242e-02 -4.768432838936338e-02 
 8.128305161641507e+02  1.000000000000000e+00  0.000000000000000e+00  2.042426976271540e-02 -4.728271634582508e-02 
 8.222426499471233e+02  1.000000000000000e+00  0.000000000000000e+00  2.005932574365510e-02 -4.688164251830136e-02 
 8.317637711027238e+02  1.000000000000000e+00  0.000000000000000e+00  1.970056725371491e-02 -4.648119596854608e-02 
 8.413951416452486e+02  1.000000000000000e+00  0.000000000000000e+00  1.934792648344181e-02 -4.608146997510588e-02 
 8.511380382024306e+02  1.000000000000000e+00  0.000000000000000e+00  1.900134162034741e-02 -4.568254838686125e-02 
 8.609937521846555e+02  1.000000000000000e+00  0.000000000000000e+00  1.866074751739193e-02 -4.528451479897328e-02 
 8.709635899561362e+02  1.000000000000000e+00  0.000000000000000e+00  1.832607814514596e-02 -4.488745026013772e-02 
 8.810488730080704e+02  1.000000000000000e+00  0.000000000000000e+00  1.799726884166937e-02 -4.449143136608814e-02 
 8.912509381338025e+02  1.000000000000000e+00  0.000000000000000e+00  1.767424764070100e-02 -4.409653810066586e-02 
 9.015711376060145e+02  1.000000000000000e+00  0.000000000000000e+00  1.735694852164520e-02 -4.370284203061191e-02 
 9.120108393559681e+02  1.000000000000000e+00  0.000000000000000e+00  1.704530267302837e-02 -4.331041426851085e-02 
 9.225714271548222e+02  1.000000000000000e+00  0.000000000000000e+00  1.673924076470356e-02 -4.291932351577141e-02 
 9.332543007970509e+02  1.000000000000000e+00  0.000000000000000e+00  1.643869504743401e-02 -4.252963438812739e-02 
 9.440608762859839e+02  1.000000000000000e+00  0.000000000000000e+00  1.614359128774732e-02 -4.214141426654493e-02 
 9.549925860214972e+02  1.000000000000000e+00  0.000000000000000e+00  1.585386107358737e-02 -4.175472303531099e-02 
 9.660508789898754e+02  1.000000000000000e+00  0.000000000000000e+00  1.556943367951069e-02 -4.136962002160820e-02 
 9.772372209558735e+02  1.000000000000000e+00  0.000000000000000e+00  1.529023819228078e-02 -4.098616229324956e-02 
 9.885530946570024e+02  1.000000000000000e+00  0.000000000000000e+00  1.501620542608282e-02 -4.060440322589404e-02 
 1.000000000000064e+03  1.000000000000000e+00  0.000000000000000e+00  1.474726046754345e-02 -4.022439845141339e-02 
 1.011579454259964e+03  1.000000000000000e+00  0.000000000000000e+00  1.448333405022635e-02 -3.984619696425552e-02 
 1.023292992280820e+03  1.000000000000000e+00  0.000000000000000e+00  1.422435502696979e-02 -3.946984716077694e-02 
 1.035142166679411e+03  1.000000000000000e+00  0.000000000000000e+00  1.397025407088564e-02 -3.909539404814182e-02 
 1.047128548050967e+03  1.000000000000000e+00  0.000000000000000e+00  1.372095667680176e-02 -3.872288454862197e-02 
 1.059253725177357e+03  1.000000000000000e+00  0.000000000000000e+00  1.347639382707840e-02 -3.835235961739711e-02 
 1.071519305237676e+03  1.000000000000000e+00  0.000000000000000e+00  1.323649491185854e-02 -3.798385956389218e-02 
 1.083926914021273e+03  1.000000000000000e+00  0.000000000000000e+00  1.300119121069754e-02 -3.761742163278568e-02 
 1.096478196143256e+03  1.000000000000000e+00  0.000000000000000e+00  1.277040932873356e-02 -3.725308472436786e-02 
 1.109174815262473e+03  1.000000000000000e+00  0.000000000000000e+00  1.254408117072747e-02 -3.689088233721744e-02 
 1.122018454302036e+03  1.000000000000000e+00  0.000000000000000e+00  1.232213887257565e-02 -3.653084629055362e-02 
 1.135010815672388e+03  1.000000000000000e+00  0.000000000000000e+00  1.210451026898373e-02 -3.617300991061088e-02 
 1.148153621496957e+03  1.000000000000000e+00  0.000000000000000e+00  1.189112832472322e-02 -3.581740151859612e-02 
 1.161448613840418e+03  1.000000000000000e+00  0.000000000000000e+00  1.168192633845578e-02 -3.546404789375657e-02 
 1.174897554939606e+03  1.000000000000000e+00  0.000000000000000e+00  1.147683363438330e-02 -3.511297713868323e-02 
 1.188502227437096e+03  1.000000000000000e+00  0.000000000000000e+00  1.127578451264354e-02 -3.476421277751861e-02 
 1.202264434617491e+03  1.000000000000000e+00  0.000000000000000e+00  1.107871368385901e-02 -3.441777688372293e-02 
 1.216186000646447e+03  1.000000000000000e+00  0.000000000000000e+00  1.088555219604128e-02 -3.407369273914973e-02 
 1.230268770812462e+03  1.000000000000000e+00  0.000000000000000e+00  1.069623590310576e-02 -3.373197940793199e-02 
 1.244514611771466e+03  1.000000000000000e+00  0.000000000000000e+00  1.051070113911348e-02 -3.339265461783639e-02 
 1.258925411794249e+03  1.000000000000000e+00  0.000000000000000e+00  1.032888086232252e-02 -3.305573719112925e-02 
 1.273503081016745e+03  1.000000000000000e+00  0.000000000000000e+00  1.015071265944330e-02 -3.272124207965527e-02 
 1.288249551693218e+03  1.000000000000000e+00  0.000000000000000e+00  9.976134664852586e-03 -3.238918301314548e-02 
 1.303166778452385e+03  1.000000000000000e+00  0.000000000000000e+00  9.805081888192606e-03 -3.205957470273100e-02 
 1.318256738556493e+03  1.000000000000000e+00  0.000000000000000e+00  9.637495006182616e-03 -3.173242762619272e-02 
 1.333521432163411e+03  1.000000000000000e+00  0.000000000000000e+00  9.473310471689866e-03 -3.140775395808553e-02 
 1.348962882591742e+03  1.000000000000000e+00  0.000000000000000e+00  9.312470235504251e-03 -3.108556187492197e-02 
 1.364583136589014e+03  1.000000000000000e+00  0.000000000000000e+00  9.154912227995651e-03 -3.076586116019504e-02 
 1.380384264602976e+03  1.000000000000000e+00  0.000000000000000e+00  9.000578604671150e-03 -3.044865846014445e-02 
 1.396368361056030e+03  1.000000000000000e+00  0.000000000000000e+00  8.849412154297895e-03 -3.013395942973711e-02 
 1.412537544622847e+03  1.000000000000000e+00  0.000000000000000e+00  8.701353084772517e-03 -2.982177053966199e-02 
 1.428893958511197e+03  1.000000000000000e+00  0.000000000000000e+00  8.556346706768050e-03 -2.951209481636921e-02 
 1.445439770746023e+03  1.000000000000000e+00  0.000000000000000e+00  8.414334780144705e-03 -2.920493669007737e-02 
 1.462177174456815e+03  1.000000000000000e+00  0.000000000000000e+00  8.275264006623557e-03 -2.890029736061179e-02 
 1.479108388168306e+03  1.000000000000000e+00  0.000000000000000e+00  8.139077709024285e-03 -2.859817934859159e-02 
 1.496235656094533e+03  1.000000000000000e+00  0.000000000000000e+00  8.005723996905446e-03 -2.829858213889130e-02 
 1.513561248436309e+03  1.000000000000000e+00  0.000000000000000e+00  7.875148716142999e-03 -2.800150598545929e-02 
 1.531087461682132e+03  1.000000000000000e+00  0.000000000000000e+00  7.747298541659613e-03 -2.770695026728783e-02 
 1.548816618912585e+03  1.000000000000000e+00  0.000000000000000e+00  7.622123711602613e-03 -2.741491211907293e-02 
 1.566751070108254e+03  1.000000000000000e+00  0.000000000000000e+00  7.499571486208855e-03 -2.712538985090186e-02 
 1.584893192461219e+03  1.000000000000000e+00  0.000000000000000e+00  7.379593527056165e-03 -2.683837917438485e-02 
 1.603245390690149e+03  1.000000000000000e+00  0.000000000000000e+00  7.262138664873680e-03 -2.655387691447412e-02 
 1.621810097359039e+03  1.000000000000000e+00  0.000000000000000e+00  7.147159984223209e-03 -2.627187746307725e-02 
 1.640589773199649e+03  1.000000000000000e+00  0.000000000000000e+00  7.034608702807451e-03 -2.599237587165406e-02 
 1.659586907437672e+03  1.000000000000000e+00  0.000000000000000e+00  6.924436846597196e-03 -2.571536652348187e-02 
 1.678804018122673e+03  1.000000000000000e+00  0.000000000000000e+00  6.816599621662375e-03 -2.544084200907673e-02 
 1.698243652461858e+03  1.000000000000000e+00  0.000000000000000e+00  6.711050510942300e-03 -2.516879554934733e-02 
 1.717908387157704e+03  1.000000000000000e+00  0.000000000000000e+00  6.607743794889547e-03 -2.489921977778674e-02 
 1.737800828749492e+03  1.000000000000000e+00  0.000000000000000e+00  6.506636774317034e-03 -2.463210570139112e-02 
 1.757923613958811e+03  1.000000000000000e+00  0.000000000000000e+00  6.407685161051074e-03 -2.436744492933522e-02 
 1.778279410039043e+03  1.000000000000000e+00  0.000000000000000e+00  6.310846162331111e-03 -2.410522821550412e-02 
 1.798870915128909e+03  1.000000000000000e+00  0.000000000000000e+00  6.216076993998417e-03 -2.384544617664533e-02 
 1.819700858610106e+03  1.000000000000000e+00  0.000000000000000e+00  6.123337692123368e-03 -2.358808801196489e-02 
 1.840772001469080e+03  1.000000000000000e+00  0.000000000000000e+00  6.032586864830076e-03 -2.333314347812866e-02 
 1.862087136662994e+03  1.000000000000000e+00  0.000000000000000e+00  5.943784528154589e-03 -2.308060159969521e-02 
 1.883649089489928e+03  1.000000000000000e+00  0.000000000000000e+00  5.856891389905699e-03 -2.283045103574044e-02 
 1.905460717963377e+03  1.000000000000000e+00  0.000000000000000e+00  5.771868831859626e-03 -2.258268006304123e-02 
 1.927524913191067e+03  1.000000000000000e+00  0.000000000000000e+00  5.688678916035774e-03 -2.233727662088137e-02 
 1.949844599758178e+03  1.000000000000000e+00  0.000000000000000e+00  5.607283765043784e-03 -2.209422857772832e-02 
 1.972422736114988e+03  1.000000000000000e+00  0.000000000000000e+00  5.527647984327042e-03 -2.185352269569733e-02 
 1.995262314969016e+03  1.000000000000000e+00  0.000000000000000e+00  5.449734998528602e-03 -2.161514624447479e-02 
 2.018366363681699e+03  1.000000000000000e+00  0.000000000000000e+00  5.373509492705243e-03 -2.137908594777774e-02 
 2.041737944669669e+03  1.000000000000000e+00  0.000000000000000e+00  5.298936789927960e-03 -2.114532826235206e-02 
 2.065380155810671e+03  1.000000000000000e+00  0.000000000000000e+00  5.225982842606989e-03 -2.091385939010029e-02 
 2.089296130854183e+03  1.000000000000000e+00  0.000000000000000e+00  5.154614227642422e-03 -2.068466530785231e-02 
 2.113489039836792e+03  1.000000000000000e+00  0.000000000000000e+00  5.084798134389640e-03 -2.045773176465128e-02 
 2.137962089502379e+03  1.000000000000000e+00  0.000000000000000e+00  5.016502867925770e-03 -2.023304409658225e-02 
 2.162718523727169e+03  1.000000000000000e+00  0.000000000000000e+00  4.949695796610937e-03 -2.001058807359811e-02 
 2.187761623949703e+03  1.000000000000000e+00  0.000000000000000e+00  4.884346426028440e-03 -1.979034865376240e-02 
 2.213094709605790e+03  1.000000000000000e+00  0.000000000000000e+00  4.820424325831093e-03 -1.957231083406868e-02 
 2.238721138568494e+03  1.000000000000000e+00  0.000000000000000e+00  4.757899639286645e-03 -1.935645945800032e-02 
 2.264644307593216e+03  1.000000000000000e+00  0.000000000000000e+00  4.696743075061628e-03 -1.914277921256016e-02 
 2.290867652767931e+03  1.000000000000000e+00  0.000000000000000e+00  4.636926349369033e-03 -1.893125449235079e-02 
 2.317394649968639e+03  1.000000000000000e+00  0.000000000000000e+00  4.578420377252225e-03 -1.872187008903267e-02 
 2.344228815320084e+03  1.000000000000000e+00  0.000000000000000e+00  4.521197975173707e-03 -1.851461014266772e-02 
 2.371373705661819e+03  1.000000000000000e+00  0.000000000000000e+00  4.465232456534877e-03 -1.830945871716086e-02 
 2.398832919019656e+03  1.000000000000000e+00  0.000000000000000e+00  4.410496394381349e-03 -1.810640025643935e-02 
 2.426610095082583e+03  1.000000000000000e+00  0.000000000000000e+00  4.356964155618663e-03 -1.790541864547037e-02 
 2.454708915685200e+03  1.000000000000000e+00  0.000000000000000e+00  4.304610576067690e-03 -1.770649769190623e-02 
 2.483133105295743e+03  1.000000000000000e+00  0.000000000000000e+00  4.253409814957512e-03 -1.750962160625833e-02 
 2.511886431509754e+03  1.000000000000000e+00  0.000000000000000e+00  4.203338088130881e-03 -1.731477392275607e-02 
 2.540972705549481e+03  1.000000000000000e+00  0.000000000000000e+00  4.154370566660609e-03 -1.712193872704233e-02 
 2.570395782769042e+03  1.000000000000000e+00  0.000000000000000e+00  4.106484396594374e-03 -1.693109948071837e-02 
 2.600159563165453e+03  1.000000000000000e+00  0.000000000000000e+00  4.059656079134773e-03 -1.674224003572915e-02 
 2.630267991895565e+03  1.000000000000000e+00  0.000000000000000e+00  4.013862608201043e-03 -1.655534420325550e-02 
 2.660725059798995e+03  1.000000000000000e+00  0.000000000000000e+00  3.969082469811027e-03 -1.637039538815484e-02 
 2.691534803927103e+03  1.000000000000000e+00  0.000000000000000e+00  3.925293550441009e-03 -1.618737736237655e-02 
 2.722701308078103e+03  1.000000000000000e+00  0.000000000000000e+00  3.882474527390390e-03 -1.600627376695044e-02 
 2.754228703338359e+03  1.000000000000000e+00  0.000000000000000e+00  3.840604194977803e-03 -1.582706835535063e-02 
 2.786121168629965e+03  1.000000000000000e+00  0.000000000000000e+00  3.799662720344971e-03 -1.564974452964196e-02 
 2.818382931264651e+03  1.000000000000000e+00  0.000000000000000e+00  3.759629729821760e-03 -1.547428605469787e-02 
 2.851018267504109e+03  1.000000000000000e+00  0.000000000000000e+00  3.720485581618530e-03 -1.530067659550208e-02 
 2.884031503126808e+03  1.000000000000000e+00  0.000000000000000e+00  3.682211035268321e-03 -1.512889983596746e-02 
 2.917427014001372e+03  1.000000000000000e+00  0.000000000000000e+00  3.644787243082250e-03 -1.495893948095340e-02 
 2.951209226666593e+03  1.000000000000000e+00  0.000000000000000e+00  3.608195747443458e-03 -1.479077927084032e-02 
 2.985382618918170e+03  1.000000000000000e+00  0.000000000000000e+00  3.572418469365043e-03 -1.462440297591408e-02 
 3.019951720402229e+03  1.000000000000000e+00  0.000000000000000e+00  3.537437967242290e-03 -1.445979430739358e-02 
 3.054921113215728e+03  1.000000000000000e+00  0.000000000000000e+00  3.503236371021527e-03 -1.429693731346137e-02 
 3.090295432513808e+03  1.000000000000000e+00  0.000000000000000e+00  3.469796971249801e-03 -1.413581579389570e-02 
 3.126079367124176e+03  1.000000000000000e+00  0.000000000000000e+00  3.437103143210724e-03 -1.397641369716249e-02 
 3.162277660168603e+03  1.000000000000000e+00  0.000000000000000e+00  3.405138847963075e-03 -1.381871494213295e-02 
 3.198895109691624e+03  1.000000000000000e+00  0.000000000000000e+00  3.373887661434954e-03 -1.366270375955149e-02 
 3.235936569296512e+03  1.000000000000000e+00  0.000000000000000e+00  3.343334454528870e-03 -1.350836410358658e-02 
 3.273406948788614e+03  1.000000000000000e+00  0.000000000000000e+00  3.313463485259032e-03 -1.335568032330166e-02 
 3.311311214826146e+03  1.000000000000000e+00  0.000000000000000e+00  3.284260251998426e-03 -1.320463651021930e-02 
 3.349654391578515e+03  1.000000000000000e+00  0.000000000000000e+00  3.255709883639242e-03 -1.305521706357278e-02 
 3.388441561392267e+03  1.000000000000000e+00  0.000000000000000e+00  3.227798048460888e-03 -1.290740637815706e-02 
 3.427677865464748e+03  1.000000000000000e+00  0.000000000000000e+00  3.200510511867728e-03 -1.276118899778073e-02 
 3.467368504525564e+03  1.000000000000000e+00  0.000000000000000e+00  3.173833956894943e-03 -1.261654931484798e-02 
 3.507518739525930e+03  1.000000000000000e+00  0.000000000000000e+00  3.147754733220841e-03 -1.247347203624012e-02 
 3.548133892336008e+03  1.000000000000000e+00  0.000000000000000e+00  3.122259685112906e-03 -1.233194186081706e-02 
 3.589219346450309e+03  1.000000000000000e+00  0.000000000000000e+00  3.097335937702834e-03 -1.219194358723225e-02 
 3.630780547701273e+03  1.000000000000000e+00  0.000000000000000e+00  3.072970889908174e-03 -1.205346208419260e-02 
 3.672823004981110e+03  1.000000000000000e+00  0.000000000000000e+00  3.049152389321304e-03 -1.191648225451640e-02 
 3.715352290971992e+03  1.000000000000000e+00  0.000000000000000e+00  3.025868005588413e-03 -1.178098927933634e-02 
 3.758374042884712e+03  1.000000000000000e+00  0.000000000000000e+00  3.003106111693829e-03 -1.164696823617055e-02 
 3.801893963205885e+03  1.000000000000000e+00  0.000000000000000e+00  2.980855319729722e-03 -1.151440430533543e-02 
 3.845917820453813e+03  1.000000000000000e+00  0.000000000000000e+00  2.959103982000005e-03 -1.138328293191285e-02 
 3.890451449943086e+03  1.000000000000000e+00  0.000000000000000e+00  2.937841364969016e-03 -1.125358942546795e-02 
 3.935500754558058e+03  1.000000000000000e+00  0.000000000000000e+00  2.917056474519439e-03 -1.112530936096568e-02 
 3.981071705535260e+03  1.000000000000000e+00  0.000000000000000e+00  2.896738717925222e-03 -1.099842836236004e-02 
 4.027170343254882e+03  1.000000000000000e+00  0.000000000000000e+00  2.876877730923949e-03 -1.087293214188874e-02 
 4.073802778041422e+03  1.000000000000000e+00  0.000000000000000e+00  2.857463372481819e-03 -1.074880651486942e-02 
 4.120975190973601e+03  1.000000000000000e+00  0.000000000000000e+00  2.838485722287168e-03 -1.062603739844545e-02 
 4.168693834703657e+03  1.000000000000000e+00  0.000000000000000e+00  2.819935074422119e-03 -1.050461081045408e-02 
 4.216965034286129e+03  1.000000000000000e+00  0.000000000000000e+00  2.801801933269715e-03 -1.038451286521597e-02 
 4.265795188016236e+03  1.000000000000000e+00  0.000000000000000e+00  2.784077009813020e-03 -1.026572978418792e-02 
 4.315190768277966e+03  1.000000000000000e+00  0.000000000000000e+00  2.766751347825988e-03 -1.014824784559683e-02 
 4.365158322401977e+03  1.000000000000000e+00  0.000000000000000e+00  2.749815793701163e-03 -1.003205357101871e-02 
 4.415704473533447e+03  1.000000000000000e+00  0.000000000000000e+00  2.733261910117791e-03 -9.917133401003295e-03 
 4.466835921509957e+03  1.000000000000000e+00  0.000000000000000e+00  2.717081060764816e-03 -9.803474012913297e-03 
 4.518559443749554e+03  1.000000000000000e+00  0.000000000000000e+00  2.701264925322017e-03 -9.691062149492467e-03 
 4.570881896149084e+03  1.000000000000000e+00  0.000000000000000e+00  2.685805365995298e-03 -9.579884657140049e-03 
 4.623810213992941e+03  1.000000000000000e+00  0.000000000000000e+00  2.670694422411538e-03 -9.469928483823133e-03 
 4.677351412872325e+03  1.000000000000000e+00  0.000000000000000e+00  2.655924309091896e-03 -9.361180690024642e-03 
 4.731512589615151e+03  1.000000000000000e+00  0.000000000000000e+00  2.641487518781459e-03 -9.253628393065292e-03 
 4.786300923226734e+03  1.000000000000000e+00  0.000000000000000e+00  2.627376383854930e-03 -9.147258942778860e-03 
 4.841723675841348e+03  1.000000000000000e+00  0.000000000000000e+00  2.613583834575706e-03 -9.042059633001101e-03 
 4.897788193684822e+03  1.000000000000000e+00  0.000000000000000e+00  2.600102638085023e-03 -8.938017984032457e-03 
 4.954501908048266e+03  1.000000000000000e+00  0.000000000000000e+00  2.586925727172314e-03 -8.835121615955259e-03 
 5.011872336273092e+03  1.000000000000000e+00  0.000000000000000e+00  2.574046488154251e-03 -8.733358146491487e-03 
 5.069907082747417e+03  1.000000000000000e+00  0.000000000000000e+00  2.561458249751145e-03 -8.632715372815632e-03 
 5.128613839914026e+03  1.000000000000000e+00  0.000000000000000e+00  2.549154303638440e-03 -8.533181268793138e-03 
 5.188000389289994e+03  1.000000000000000e+00  0.000000000000000e+00  2.537128372710850e-03 -8.434743806509666e-03 
 5.248074602498114e+03  1.000000000000000e+00  0.000000000000000e+00  2.525374312351148e-03 -8.337391063437883e-03 
 5.308844442310276e+03  1.000000000000000e+00  0.000000000000000e+00  2.513885935363443e-03 -8.241111292553324e-03 
 5.370317963702924e+03  1.000000000000000e+00  0.000000000000000e+00  2.502657281326521e-03 -8.145892814317065e-03 
 5.432503314924734e+03  1.000000000000000e+00  0.000000000000000e+00  2.491682521787360e-03 -8.051724055117143e-03 
 5.495408738576652e+03  1.000000000000000e+00  0.000000000000000e+00  2.480955957441394e-03 -7.958593544627983e-03 
 5.559042572704448e+03  1.000000000000000e+00  0.000000000000000e+00  2.470472093844830e-03 -7.866489886392374e-03 
 5.623413251903908e+03  1.000000000000000e+00  0.000000000000000e+00  2.460225322417705e-03 -7.775401879577791e-03 
 5.688529308438837e+03  1.000000000000000e+00  0.000000000000000e+00  2.450210470066432e-03 -7.685318303890618e-03 
 5.754399373371997e+03  1.000000000000000e+00  0.000000000000000e+00  2.440422247639714e-03 -7.596228128898527e-03 
 5.821032177709148e+03  1.000000000000000e+00  0.000000000000000e+00  2.430855560757949e-03 -7.508120400948377e-03 
 5.888436553556328e+03  1.000000000000000e+00  0.000000000000000e+00  2.421505428206601e-03 -7.420984267146422e-03 
 5.956621435290549e+03  1.000000000000000e+00  0.000000000000000e+00  2.412367047707911e-03 -7.334808945613879e-03 
 6.025595860744027e+03  1.000000000000000e+00  0.000000000000000e+00  2.403435585518979e-03 -7.249583812346851e-03 
 6.095368972402147e+03  1.000000000000000e+00  0.000000000000000e+00  2.394706385391400e-03 -7.165298314489874e-03 
 6.165950018615283e+03  1.000000000000000e+00  0.000000000000000e+00  2.386174894864197e-03 -7.081941998186556e-03 
 6.237348354824660e+03  1.000000000000000e+00  0.000000000000000e+00  2.377836663145037e-03 -6.999504510597185e-03 
 6.309573444802405e+03  1.000000000000000e+00  0.000000000000000e+00  2.369687399402554e-03 -6.917975571138804e-03 
 6.382634861905965e+03  1.000000000000000e+00  0.000000000000000e+00  2.361722725543207e-03 -6.837345071416273e-03 
 6.456542290347040e+03  1.000000000000000e+00  0.000000000000000e+00  2.353938602619813e-03 -6.757602902692952e-03 
 6.531305526475215e+03  1.000000000000000e+00  0.000000000000000e+00  2.346330959740471e-03 -6.678739100374934e-03 
 6.606934480076457e+03  1.000000000000000e+00  0.000000000000000e+00  2.338895705875049e-03 -6.600743846293268e-03 
 6.683439175686650e+03  1.000000000000000e+00  0.000000000000000e+00  2.331629066525097e-03 -6.523607319123870e-03 
 6.760829753920328e+03  1.000000000000000e+00  0.000000000000000e+00  2.324527184833160e-03 -6.447319866787388e-03 
 6.839116472814810e+03  1.000000000000000e+00  0.000000000000000e+00  2.317586345727637e-03 -6.371871903823181e-03 
 6.918309709189888e+03  1.000000000000000e+00  0.000000000000000e+00  2.310802967910560e-03 -6.297253918852090e-03 
 6.998419960023265e+03  1.000000000000000e+00  0.000000000000000e+00  2.304173398418401e-03 -6.223456558730435e-03 
 7.079457843841916e+03  1.000000000000000e+00  0.000000000000000e+00  2.297694266228915e-03 -6.150470473174538e-03 
 7.161434102129563e+03  1.000000000000000e+00  0.000000000000000e+00  2.291362174982519e-03 -6.078286452584269e-03 
 7.244359600750450e+03  1.000000000000000e+00  0.000000000000000e+00  2.285173711689592e-03 -6.006895412557188e-03 
 7.328245331389598e+03  1.000000000000000e+00  0.000000000000000e+00  2.279125727310254e-03 -5.936288282045727e-03 
 7.413102413009738e+03  1.000000000000000e+00  0.000000000000000e+00  2.273215004493104e-03 -5.866456135477544e-03 
 7.498942093325129e+03  1.000000000000000e+00  0.000000000000000e+00  2.267438487554565e-03 -5.797390101460622e-03 
 7.585775750292415e+03  1.000000000000000e+00  0.000000000000000e+00  2.261793102188059e-03 -5.729081429322237e-03 
 7.673614893618774e+03  1.000000000000000e+00  0.000000000000000e+00  2.256275887453878e-03 -5.661521444359042e-03 
 7.762471166287509e+03  1.000000000000000e+00  0.000000000000000e+00  2.250883948593101e-03 -5.594701550001789e-03 
 7.852356346101316e+03  1.000000000000000e+00  0.000000000000000e+00  2.245614495443277e-03 -5.528613221728676e-03 
 7.943282347243421e+03  1.000000000000000e+00  0.000000000000000e+00  2.240464720966509e-03 -5.463248057224896e-03 
 8.035261221856787e+03  1.000000000000000e+00  0.000000000000000e+00  2.235431958990911e-03 -5.398597701155183e-03 
 8.128305161641614e+03  1.000000000000000e+00  0.000000000000000e+00  2.230513527546182e-03 -5.334653916050116e-03 
 8.222426499471341e+03  1.000000000000000e+00  0.000000000000000e+00  2.225706843455763e-03 -5.271408534555830e-03 
 8.317637711027348e+03  1.000000000000000e+00  0.000000000000000e+00  2.221009416421629e-03 -5.208853448351912e-03 
 8.413951416452597e+03  1.000000000000000e+00  0.000000000000000e+00  2.216418741801725e-03 -5.146980669762747e-03 
 8.511380382024419e+03  1.000000000000000e+00  0.000000000000000e+00  2.211932407046071e-03 -5.085782271911705e-03 
 8.609937521846668e+03  1.000000000000000e+00  0.000000000000000e+00  2.207548086356679e-03 -5.025250391831022e-03 
 8.709635899561477e+03  1.000000000000000e+00  0.000000000000000e+00  2.203263440803417e-03 -4.965377280397669e-03 
 8.810488730080820e+03  1.000000000000000e+00  0.000000000000000e+00  2.199076248413776e-03 -4.906155233866128e-03 
 8.912509381338143e+03  1.000000000000000e+00  0.000000000000000e+00  2.194984274589971e-03 -4.847576658652544e-03 
 9.015711376060264e+03  1.000000000000000e+00  0.000000000000000e+00  2.190985366862420e-03 -4.789634020099944e-03 
 9.120108393559802e+03  1.000000000000000e+00  0.000000000000000e+00  2.187077450275516e-03 -4.732319847570730e-03 
 9.225714271548344e+03  1.000000000000000e+00  0.000000000000000e+00  2.183258466576251e-03 -4.675626763005812e-03 
 9.332543007970631e+03  1.000000000000000e+00  0.000000000000000e+00  2.179526376320387e-03 -4.619547472054292e-03 
 9.440608762859963e+03  1.000000000000000e+00  0.000000000000000e+00  2.175879215211127e-03 -4.564074746473239e-03 
 9.549925860215099e+03  1.000000000000000e+00  0.000000000000000e+00  2.172315089449264e-03 -4.509201411558879e-03 
 9.660508789898882e+03  1.000000000000000e+00  0.000000000000000e+00  2.168832120689764e-03 -4.454920385056343e-03 
 9.772372209558866e+03  1.000000000000000e+00  0.000000000000000e+00  2.165428423017930e-03 -4.401224681219913e-03 
 9.885530946570156e+03  1.000000000000000e+00  0.000000000000000e+00  2.162102278840849e-03 -4.348107317411284e-03 
 1.000000000000078e+04  1.000000000000000e+00  0.000000000000000e+00  2.158851885018583e-03 -4.295561450250100e-03 
 1.011579454259977e+04  1.000000000000000e+00  0.000000000000000e+00  2.155675552564009e-03 -4.243580267168615e-03 
 1.023292992280834e+04  1.000000000000000e+00  0.000000000000000e+00  2.152571583564555e-03 -4.192157048676501e-03 
 1.035142166679424e+04  1.000000000000000e+00  0.000000000000000e+00  2.149538342435706e-03 -4.141285132051188e-03 
 1.047128548050981e+04  1.000000000000000e+00  0.000000000000000e+00  2.146574274006510e-03 -4.090957898457039e-03 
 1.059253725177371e+04  1.000000000000000e+00  0.000000000000000e+00  2.143677770586546e-03 -4.041168844552752e-03 
 1.071519305237690e+04  1.000000000000000e+00  0.000000000000000e+00  2.140847305372072e-03 -3.991911508808373e-03 
 1.083926914021288e+04  1.000000000000000e+00  0.000000000000000e+00  2.138081426547525e-03 -3.943179473211861e-03 
 1.096478196143271e+04  1.000000000000000e+00  0.000000000000000e+00  2.135378633543669e-03 -3.894966431267696e-03 
 1.109174815262488e+04  1.000000000000000e+00  0.000000000000000e+00  2.132737501178959e-03 -3.847266115776643e-03 
 1.122018454302051e+04  1.000000000000000e+00  0.000000000000000e+00  2.130156655402584e-03 -3.800072313613181e-03 
 1.135010815672404e+04  1.000000000000000e+00  0.000000000000000e+00  2.127634733698780e-03 -3.753378886410501e-03 
 1.148153621496973e+04  1.000000000000000e+00  0.000000000000000e+00  2.125170404545437e-03 -3.707179757558818e-03 
 1.161448613840434e+04  1.000000000000000e+00  0.000000000000000e+00  2.122762349265282e-03 -3.661468923904530e-03 
 1.174897554939622e+04  1.000000000000000e+00  0.000000000000000e+00  2.120409331500903e-03 -3.616240409232540e-03 
 1.188502227437112e+04  1.000000000000000e+00  0.000000000000000e+00  2.118110057495868e-03 -3.571488352605054e-03 
 1.202264434617508e+04  1.000000000000000e+00  0.000000000000000e+00  2.115863363874562e-03 -3.527206888541086e-03 
 1.216186000646464e+04  1.000000000000000e+00  0.000000000000000e+00  2.113668046864501e-03 -3.483390252740401e-03 
 1.230268770812479e+04  1.000000000000000e+00  0.000000000000000e+00  2.111522931352193e-03 -3.440032739910625e-03 
 1.244514611771483e+04  1.000000000000000e+00  0.000000000000000e+00  2.109426900235534e-03 -3.397128680606162e-03 
 1.258925411794267e+04  1.000000000000000e+00  0.000000000000000e+00  2.107378846053813e-03 -3.354672473656984e-03 
 1.273503081016763e+04  1.000000000000000e+00  0.000000000000000e+00  2.105377686692556e-03 -3.312658574720177e-03 
 1.288249551693236e+04  1.000000000000000e+00  0.000000000000000e+00  2.103422364647100e-03 -3.271081494621297e-03 
 1.303166778452403e+04  1.000000000000000e+00  0.000000000000000e+00  2.101511846616328e-03 -3.229935800077374e-03 
 1.318256738556512e+04  1.000000000000000e+00  0.000000000000000e+00  2.099645122865856e-03 -3.189216110493352e-03 
 1.333521432163430e+04  1.000000000000000e+00  0.000000000000000e+00  2.097821206796439e-03 -3.148917101641990e-03 
 1.348962882591761e+04  1.000000000000000e+00  0.000000000000000e+00  2.096039121675998e-03 -3.109033510881415e-03 
 1.364583136589033e+04  1.000000000000000e+00  0.000000000000000e+00  2.094297951164181e-03 -3.069560100282502e-03 
 1.380384264602995e+04  1.000000000000000e+00  0.000000000000000e+00  2.092596761812426e-03 -3.030491711458130e-03 
 1.396368361056049e+04  1.000000000000000e+00  0.000000000000000e+00  2.090934654298858e-03 -2.991823229823769e-03 
 1.412537544622867e+04  1.000000000000000e+00  0.000000000000000e+00  2.089310749885523e-03 -2.953549590009258e-03 
 1.428893958511217e+04  1.000000000000000e+00  0.000000000000000e+00  2.087724189966320e-03 -2.915665777351422e-03 
 1.445439770746043e+04  1.000000000000000e+00  0.000000000000000e+00  2.086174135667405e-03 -2.878166827517567e-03 
 1.462177174456835e+04  1.000000000000000e+00  0.000000000000000e+00  2.084659767364539e-03 -2.841047824632808e-03 
 1.479108388168326e+04  1.000000000000000e+00  0.000000000000000e+00  2.083180294633473e-03 -2.804303892552043e-03 
 1.496235656094553e+04  1.000000000000000e+00  0.000000000000000e+00  2.081734924200340e-03 -2.767930221293302e-03 
 1.513561248436329e+04  1.000000000000000e+00  0.000000000000000e+00  2.080322891688312e-03 -2.731922038022158e-03 
 1.531087461682153e+04  1.000000000000000e+00  0.000000000000000e+00  2.078943450358836e-03 -2.696274619289862e-03 
 1.548816618912606e+04  1.000000000000000e+00  0.000000000000000e+00  2.077595880000573e-03 -2.660983276907902e-03 
 1.566751070108275e+04  1.000000000000000e+00  0.000000000000000e+00  2.076279458017599e-03 -2.626043385622824e-03 
 1.584893192461241e+04  1.000000000000000e+00  0.000000000000000e+00  2.074993488128929e-03 -2.591450357220123e-03 
 1.603245390690170e+04  1.000000000000000e+00  0.000000000000000e+00  2.073737298847040e-03 -2.557199641295946e-03 
 1.621810097359060e+04  1.000000000000000e+00  0.000000000000000e+00  2.072510216544008e-03 -2.523286745155206e-03 
 1.640589773199671e+04  1.000000000000000e+00  0.000000000000000e+00  2.071311600395693e-03 -2.489707205105038e-03 
 1.659586907437694e+04  1.000000000000000e+00  0.000000000000000e+00  2.070140807653169e-03 -2.456456614871424e-03 
 1.678804018122696e+04  1.000000000000000e+00  0.000000000000000e+00  2.068997226841958e-03 -2.423530597088281e-03 
 1.698243652461881e+04  1.000000000000000e+00  0.000000000000000e+00  2.067880244734080e-03 -2.390924829859165e-03 
 1.717908387157727e+04  1.000000000000000e+00  0.000000000000000e+00  2.066789277849844e-03 -2.358635016706488e-03 
 1.737800828749516e+04  1.000000000000000e+00  0.000000000000000e+00  2.065723741218285e-03 -2.326656918789812e-03 
 1.757923613958835e+04  1.000000000000000e+00  0.000000000000000e+00  2.064683085246089e-03 -2.294986314463479e-03 
 1.778279410039067e+04  1.000000000000000e+00  0.000000000000000e+00  2.063666744503568e-03 -2.263619050993394e-03 
 1.798870915128933e+04  1.000000000000000e+00  0.000000000000000e+00  2.062674181281266e-03 -2.232550999628541e-03 
 1.819700858610131e+04  1.000000000000000e+00  0.000000000000000e+00  2.061704883516988e-03 -2.201778057635299e-03 
 1.840772001469105e+04  1.000000000000000e+00  0.000000000000000e+00  2.060758324628649e-03 -2.171296187604216e-03 
 1.862087136663018e+04  1.000000000000000e+00  0.000000000000000e+00  2.059834016206951e-03 -2.141101362781749e-03 
 1.883649089489953e+04  1.000000000000000e+00  0.000000000000000e+00  2.058931456152335e-03 -2.111189618814154e-03 
 1.905460717963402e+04  1.000000000000000e+00  0.000000000000000e+00  2.058050172828741e-03 -2.081557010498038e-03 
 1.927524913191092e+04  1.000000000000000e+00  0.000000000000000e+00  2.057189699483020e-03 -2.052199633779847e-03 
 1.949844599758204e+04  1.000000000000000e+00  0.000000000000000e+00  2.056349585964226e-03 -2.023113614857928e-03 
 1.972422736115014e+04  1.000000000000000e+00  0.000000000000000e+00  2.055529376037331e-03 -1.994295132844369e-03 
 1.995262314969042e+04  1.000000000000000e+00  0.000000000000000e+00  2.054728646297544e-03 -1.965740378055946e-03 
 2.018366363681725e+04  1.000000000000000e+00  0.000000000000000e+00  2.053946967095447e-03 -1.937445592056836e-03 
 2.041737944669696e+04  1.000000000000000e+00  0.000000000000000e+00  2.053183924462025e-03 -1.909407046088175e-03 
 2.065380155810698e+04  1.000000000000000e+00  0.000000000000000e+00  2.052439119115125e-03 -1.881621035880044e-03 
 2.089296130854210e+04  1.000000000000000e+00  0.000000000000000e+00  2.051712146773993e-03 -1.854083910487013e-03 
 2.113489039836820e+04  1.000000000000000e+00  0.000000000000000e+00  2.051002636598288e-03 -1.826792020492532e-03 
 2.137962089502407e+04  1.000000000000000e+00  0.000000000000000e+00  2.050310203145981e-03 -1.799741778060135e-03 
 2.162718523727198e+04  1.000000000000000e+00  0.000000000000000e+00  2.049634479699700e-03 -1.772929614354411e-03 
 2.187761623949732e+04  1.000000000000000e+00  0.000000000000000e+00  2.048975112654229e-03 -1.746351987211186e-03 
 2.213094709605820e+04  1.000000000000000e+00  0.000000000000000e+00  2.048331752469838e-03 -1.720005389826053e-03 
 2.238721138568524e+04  1.000000000000000e+00  0.000000000000000e+00  2.047704054115463e-03 -1.693886351122717e-03 
 2.264644307593246e+04  1.000000000000000e+00  0.000000000000000e+00  2.047091689070850e-03 -1.667991418386341e-03 
 2.290867652767962e+04  1.000000000000000e+00  0.000000000000000e+00  2.046494332744783e-03 -1.642317174352051e-03 
 2.317394649968670e+04  1.000000000000000e+00  0.000000000000000e+00  2.045911672157797e-03 -1.616860224787854e-03 
 2.344228815320116e+04  1.000000000000000e+00  0.000000000000000e+00  2.045343634063407e-03 -1.591617490174085e-03 
 2.371373705661851e+04  1.000000000000000e+00  0.000000000000000e+00  2.044789434923650e-03 -1.566585088409792e-03 
 2.398832919019689e+04  1.000000000000000e+00  0.000000000000000e+00  2.044249024097638e-03 -1.541759987588345e-03 
 2.426610095082616e+04  1.000000000000000e+00  0.000000000000000e+00  2.043722115173135e-03 -1.517138910157280e-03 
 2.454708915685234e+04  1.000000000000000e+00  0.000000000000000e+00  2.043208432065422e-03 -1.492718599203451e-03 
 2.483133105295776e+04  1.000000000000000e+00  0.000000000000000e+00  2.042707699203191e-03 -1.468495834842219e-03 
 2.511886431509789e+04  1.000000000000000e+00  0.000000000000000e+00  2.042219654194248e-03 -1.444467412430362e-03 
 2.540972705549516e+04  1.000000000000000e+00  0.000000000000000e+00  2.041744035295558e-03 -1.420630163633087e-03 
 2.570395782769077e+04  1.000000000000000e+00  0.000000000000000e+00  2.041280593261752e-03 -1.396980933641430e-03 
 2.600159563165488e+04  1.000000000000000e+00  0.000000000000000e+00  2.040829079589195e-03 -1.373516602749053e-03 
 2.630267991895601e+04  1.000000000000000e+00  0.000000000000000e+00  2.040389260300360e-03 -1.350234062422500e-03 
 2.660725059799031e+04  1.000000000000000e+00  0.000000000000000e+00  2.039960896798380e-03 -1.327130244659595e-03 
 2.691534803927140e+04  1.000000000000000e+00  0.000000000000000e+00  2.039543764629764e-03 -1.304202091838432e-03 
 2.722701308078139e+04  1.000000000000000e+00  0.000000000000000e+00  2.039137642598466e-03 -1.281446574244594e-03 
 2.754228703338396e+04  1.000000000000000e+00  0.000000000000000e+00  2.038742315355504e-03 -1.258860684284034e-03 
 2.786121168630003e+04  1.000000000000000e+00  0.000000000000000e+00  2.038357575515308e-03 -1.236441432082886e-03 
 2.818382931264689e+04  1.000000000000000e+00  0.000000000000000e+00  2.037983216731304e-03 -1.214185859250095e-03 
 2.851018267504148e+04  1.000000000000000e+00  0.000000000000000e+00  2.037619040523463e-03 -1.192091022869601e-03 
 2.884031503126847e+04  1.000000000000000e+00  0.000000000000000e+00  2.037264855883135e-03 -1.170153998630854e-03 
 2.917427014001411e+04  1.000000000000000e+00  0.000000000000000e+00  2.036920472906837e-03 -1.148371890320103e-03 
 2.951209226666633e+04  1.000000000000000e+00  0.000000000000000e+00  2.036585712828554e-03 -1.126741809393939e-03 
 2.985382618918210e+04  1.000000000000000e+00  0.000000000000000e+00  2.036260394218651e-03 -1.105260904542866e-03 
 3.019951720402270e+04  1.000000000000000e+00  0.000000000000000e+00  2.035944346445085e-03 -1.083926331151903e-03 
 3.054921113215770e+04  1.000000000000000e+00  0.000000000000000e+00  2.035637401857379e-03 -1.062735268054552e-03 
 3.090295432513850e+04  1.000000000000000e+00  0.000000000000000e+00  2.035339399281690e-03 -1.041684908911584e-03 
 3.126079367124218e+04  1.000000000000000e+00  0.000000000000000e+00  2.035050178925901e-03 -1.020772473907730e-03 
 3.162277660168646e+04  1.000000000000000e+00  0.000000000000000e+00  2.034769587423080e-03 -9.999951970502436e-04 
 3.198895109691668e+04  1.000000000000000e+00  0.000000000000000e+00  2.034497477456864e-03 -9.793503269196989e-04 
 3.235936569296556e+04  1.000000000000000e+00  0.000000000000000e+00  2.034233703190255e-03 -9.588351359960882e-04 
 3.273406948788658e+04  1.000000000000000e+00  0.000000000000000e+00  2.033978127507494e-03 -9.384469039331597e-04 
 3.311311214826191e+04  1.000000000000000e+00  0.000000000000000e+00  2.033730612026156e-03 -9.181829403852982e-04 
 3.349654391578559e+04  1.000000000000000e+00  0.000000000000000e+00  2.033491028056343e-03 -8.980405582392190e-04 
 3.388441561392312e+04  1.000000000000000e+00  0.000000000000000e+00  2.033259247178603e-03 -8.780170960273716e-04 
 3.427677865464793e+04  1.000000000000000e+00  0.000000000000000e+00  2.033035146435995e-03 -8.581099048874778e-04 
 3.467368504525610e+04  1.000000000000000e+00  0.000000000000000e+00  2.032818608064477e-03 -8.383163477899270e-04 
 3.507518739525977e+04  1.000000000000000e+00  0.000000000000000e+00  2.032609517113395e-03 -8.186338054462200e-04 
 3.548133892336055e+04  1.000000000000000e+00  0.000000000000000e+00  2.032407761596914e-03 -7.990596778158507e-04 
 3.589219346450356e+04  1.000000000000000e+00  0.000000000000000e+00  2.032213236470839e-03 -7.795913677064411e-04 
 3.630780547701321e+04  1.000000000000000e+00  0.000000000000000e+00  2.032025837474294e-03 -7.602263026446157e-04 
 3.672823004981158e+04  1.000000000000000e+00  0.000000000000000e+00  2.031845465173356e-03 -7.409619205506413e-04 
 3.715352290972041e+04  1.000000000000000e+00  0.000000000000000e+00  2.031672023910048e-03 -7.217956718781093e-04 
 3.758374042884761e+04  1.000000000000000e+00  0.000000000000000e+00  2.031505423261248e-03 -7.027250136762638e-04 
 3.801893963205935e+04  1.000000000000000e+00  0.000000000000000e+00  2.031345573161565e-03 -6.837474293335133e-04 
 3.845917820453863e+04  1.000000000000000e+00  0.000000000000000e+00  2.031192390301660e-03 -6.648604008527669e-04 
 3.890451449943137e+04  1.000000000000000e+00  0.000000000000000e+00  2.031045791929029e-03 -6.460614350270104e-04 
 3.935500754558110e+04  1.000000000000000e+00  0.000000000000000e+00  2.030905701644405e-03 -6.273480375689852e-04 
 3.981071705535313e+04  1.000000000000000e+00  0.000000000000000e+00  2.030772045034198e-03 -6.087177322376194e-04 
 4.027170343254935e+04  1.000000000000000e+00  0.000000000000000e+00  2.030644751119191e-03 -5.901680533775826e-04 
 4.073802778041476e+04  1.000000000000000e+00  0.000000000000000e+00  2.030523992893802e-03 -5.716967026261449e-04 
 4.120975190973654e+04  1.000000000000000e+00  0.000000000000000e+00  2.030409224964736e-03 -5.533009199077438e-04 
 4.168693834703711e+04  1.000000000000000e+00  0.000000000000000e+00  2.030300627022933e-03 -5.349784290202334e-04 
 4.216965034286184e+04  1.000000000000000e+00  0.000000000000000e+00  2.030198142352864e-03 -5.167267991436757e-04 
 4.265795188016292e+04  1.000000000000000e+00  0.000000000000000e+00  2.030101715632251e-03 -4.985436206143578e-04 
 4.315190768278023e+04  1.000000000000000e+00  0.000000000000000e+00  2.030011296485130e-03 -4.804264804126932e-04 
 4.365158322402035e+04  1.000000000000000e+00  0.000000000000000e+00  2.029926836187056e-03 -4.623729866816337e-04 
 4.415704473533505e+04  1.000000000000000e+00  0.000000000000000e+00  2.029848290920625e-03 -4.443807413331484e-04 
 4.466835921510016e+04  1.000000000000000e+00  0.000000000000000e+00  2.029775618331290e-03 -4.264473682732331e-04 
 4.518559443749613e+04  1.000000000000000e+00  0.000000000000000e+00  2.029708780418134e-03 -4.085704885840418e-04 
 4.570881896149144e+04  1.000000000000000e+00  0.000000000000000e+00  2.029647741419112e-03 -3.907477384058951e-04 
 4.623810213993002e+04  1.000000000000000e+00  0.000000000000000e+00  2.029592469156410e-03 -3.729767563150539e-04 
 4.677351412872386e+04  1.000000000000000e+00  0.000000000000000e+00  2.029542934095751e-03 -3.552551921103921e-04 
 4.731512589615214e+04  1.000000000000000e+00  0.000000000000000e+00  2.029499110316759e-03 -3.375806954587045e-04 
 4.786300923226798e+04  1.000000000000000e+00  0.000000000000000e+00  2.029460974481183e-03 -3.199509266212183e-04 
 4.841723675841413e+04  1.000000000000000e+00  0.000000000000000e+00  2.029428506237028e-03 -3.023635543255958e-04 
 4.897788193684887e+04  1.000000000000000e+00  0.000000000000000e+00  2.029401688555196e-03 -2.848162460362457e-04 
 4.954501908048333e+04  1.000000000000000e+00  0.000000000000000e+00  2.029380507081635e-03 -2.673066812198004e-04 
 5.011872336273159e+04  1.000000000000000e+00  0.000000000000000e+00  2.029364950649078e-03 -2.498325420489310e-04 
 5.069907082747485e+04  1.000000000000000e+00  0.000000000000000e+00  2.029355011031229e-03 -2.323915110193968e-04 
 5.128613839914095e+04  1.000000000000000e+00  0.000000000000000e+00  2.029350682941537e-03 -2.149812818475236e-04 
 5.188000389290063e+04  1.000000000000000e+00  0.000000000000000e+00  2.029351964080127e-03 -1.975995474904087e-04 
 5.248074602498184e+04  1.000000000000000e+00  0.000000000000000e+00  2.029359095279538e-03 -1.802441322910287e-04 
 5.308844442310347e+04  1.000000000000000e+00  0.000000000000000e+00  2.029371599835489e-03 -1.629124854740338e-04 
 5.370317963702997e+04  1.000000000000000e+00  0.000000000000000e+00  2.029389724642320e-03 -1.456024416926659e-04 
 5.432503314924808e+04  1.000000000000000e+00  0.000000000000000e+00  2.029413479244678e-03 -1.283117074172364e-04 
 5.495408738576727e+04  1.000000000000000e+00  0.000000000000000e+00  2.029442876328671e-03 -1.110379937633912e-04 
 5.559042572704524e+04  1.000000000000000e+00  0.000000000000000e+00  2.029477931221895e-03 -9.377901046545782e-05 
 5.623413251903985e+04  1.000000000000000e+00  0.000000000000000e+00  2.029518662700034e-03 -7.653247519666222e-05 
 5.688529308438914e+04  1.000000000000000e+00  0.000000000000000e+00  2.029565092434064e-03 -5.929610513153807e-05 
 5.754399373372075e+04  1.000000000000000e+00  0.000000000000000e+00  2.029617244721345e-03 -4.206761502905678e-05 
 5.821032177709226e+04  1.000000000000000e+00  0.000000000000000e+00  2.029675147497886e-03 -2.484472661992155e-05 
 5.888436553556408e+04  1.000000000000000e+00  0.000000000000000e+00  2.029738831071997e-03 -7.625156332601496e-06 
 5.956621435290630e+04  1.000000000000000e+00  0.000000000000000e+00  2.029808329806992e-03  9.593370536243223e-06 
 6.025595860744109e+04  1.000000000000000e+00  0.000000000000000e+00  2.029883679864911e-03  2.681313888903636e-05 
 6.095368972402230e+04  1.000000000000000e+00  0.000000000000000e+00  2.029964921884078e-03  4.403642355988699e-05 
 6.165950018615367e+04  1.000000000000000e+00  0.000000000000000e+00  2.030052098147522e-03  6.126550977740710e-05 
 6.237348354824744e+04  1.000000000000000e+00  0.000000000000000e+00  2.030145495176936e-03  7.850257187752856e-05 
 6.309573444802491e+04  1.000000000000000e+00  0.000000000000000e+00  2.030244682785554e-03  9.575009948413908e-05 
 6.382634861906052e+04  1.000000000000000e+00  0.000000000000000e+00  2.030349952898804e-03  1.130102736997888e-04 
 6.456542290347127e+04  1.000000000000000e+00  0.000000000000000e+00  2.030461361453833e-03  1.302853786202018e-04 
 6.531305526475303e+04  1.000000000000000e+00  0.000000000000000e+00  2.030578967720359e-03  1.475776999683026e-04 
 6.606934480076547e+04  1.000000000000000e+00  0.000000000000000e+00  2.030702833824121e-03  1.648895275952949e-04 
 6.683439175686739e+04  1.000000000000000e+00  0.000000000000000e+00  2.030833025653417e-03  1.822231521945053e-04 
 6.760829753920418e+04  1.000000000000000e+00  0.000000000000000e+00  2.030969611591771e-03  1.995808705537577e-04 
 6.839116472814901e+04  1.000000000000000e+00  0.000000000000000e+00  2.031112664669195e-03  2.169649774363613e-04 
 6.918309709189981e+04  1.000000000000000e+00  0.000000000000000e+00  2.031262260540689e-03  2.343777744627917e-04 
 6.998419960023358e+04  1.000000000000000e+00  0.000000000000000e+00  2.031418478315171e-03  2.518215669584669e-04 
 7.079457843842010e+04  1.000000000000000e+00  0.000000000000000e+00  2.031581640797149e-03  2.692985706844947e-04 
 7.161434102129658e+04  1.000000000000000e+00  0.000000000000000e+00  2.031751354658906e-03  2.868112840139769e-04 
 7.244359600750546e+04  1.000000000000000e+00  0.000000000000000e+00  2.031927949413972e-03  3.043619321553596e-04 
 7.328245331389694e+04  1.000000000000000e+00  0.000000000000000e+00  2.032111518463711e-03  3.219528382929202e-04 
 7.413102413009836e+04  1.000000000000000e+00  0.000000000000000e+00  2.032302159943420e-03  3.395863274551360e-04 
 7.498942093325227e+04  1.000000000000000e+00  0.000000000000000e+00  2.032499973680092e-03  3.572647365932447e-04 
 7.585775750292515e+04  1.000000000000000e+00  0.000000000000000e+00  2.032705065926443e-03  3.749904006564530e-04 
 7.673614893618875e+04  1.000000000000000e+00  0.000000000000000e+00  2.032917544134556e-03  3.927656684502078e-04 
 7.762471166287611e+04  1.000000000000000e+00  0.000000000000000e+00  2.033137760996419e-03  4.105928062168421e-04 
 7.852356346101420e+04  1.000000000000000e+00  0.000000000000000e+00  2.033365353550374e-03  4.284743424626777e-04 
 7.943282347243527e+04  1.000000000000000e+00  0.000000000000000e+00  2.033600682536307e-03  4.464125562897989e-04 
 8.035261221856893e+04  1.000000000000000e+00  0.000000000000000e+00  2.033843872542649e-03  4.644098210029563e-04 
 8.128305161641721e+04  1.000000000000000e+00  0.000000000000000e+00  2.034095051729175e-03  4.824685189837573e-04 
 8.222426499471450e+04  1.000000000000000e+00  0.000000000000000e+00  2.034354354271845e-03  5.005910361549085e-04 
 8.317637711027457e+04  1.000000000000000e+00  0.000000000000000e+00  2.034621916276195e-03  5.187797725038673e-04 
 8.413951416452706e+04  1.000000000000000e+00  0.000000000000000e+00  2.034897880652556e-03  5.370371311020048e-04 
 8.511380382024529e+04  1.000000000000000e+00  0.000000000000000e+00  2.035182632548750e-03  5.553654502790458e-04 
 8.609937521846780e+04  1.000000000000000e+00  0.000000000000000e+00  2.035475844050876e-03  5.737673083915481e-04 
 8.709635899561590e+04  1.000000000000000e+00  0.000000000000000e+00  2.035777909467994e-03  5.922450618768484e-04 
 8.810488730080934e+04  1.000000000000000e+00  0.000000000000000e+00  2.036088989444460e-03  6.108011525078641e-04 
 8.912509381338258e+04  1.000000000000000e+00  0.000000000000000e+00  2.036409248148814e-03  6.294380349158784e-04 
 9.015711376060382e+04  1.000000000000000e+00  0.000000000000000e+00  2.036738855900879e-03  6.481581719290275e-04 
 9.120108393559921e+04  1.000000000000000e+00  0.000000000000000e+00  2.037078226944640e-03  6.669639651474833e-04 
 9.225714271548465e+04  1.000000000000000e+00  0.000000000000000e+00  2.037427060460901e-03  6.858580492431623e-04 
 9.332543007970754e+04  1.000000000000000e+00  0.000000000000000e+00  2.037785782943938e-03  7.048428440794028e-04 
 9.440608762860087e+04  1.000000000000000e+00  0.000000000000000e+00  2.038154582448245e-03  7.239208623465601e-04 
 9.549925860215223e+04  1.000000000000000e+00  0.000000000000000e+00  2.038533655800498e-03  7.430946225702086e-04 
 9.660508789899008e+04  1.000000000000000e+00  0.000000000000000e+00  2.038923442123172e-03  7.623665916672104e-04 
 9.772372209558992e+04  1.000000000000000e+00  0.000000000000000e+00  2.039323669461935e-03  7.817394533170240e-04 
 9.885530946570286e+04  1.000000000000000e+00  0.000000000000000e+00  2.039734789550756e-03  8.012156969807229e-04 
 1.000000000000091e+05  1.000000000000000e+00  0.000000000000000e+00  2.040157019642137e-03  8.207978965318826e-04 
 1.011579454259990e+05  1.000000000000000e+00  0.000000000000000e+00  2.040590583570547e-03  8.404886381925933e-04 
 1.023292992280847e+05  1.000000000000000e+00  0.000000000000000e+00  2.041035950760128e-03  8.602904569782279e-04 
 1.035142166679438e+05  1.000000000000000e+00  0.000000000000000e+00  2.041492878171944e-03  8.802060994340898e-04 
 1.047128548050995e+05  1.000000000000000e+00  0.000000000000000e+00  2.041961846145929e-03  9.002381309615056e-04 
 1.059253725177385e+05  1.000000000000000e+00  0.000000000000000e+00  2.042443104133611e-03  9.203891950454633e-04 
 1.071519305237704e+05  1.000000000000000e+00  0.000000000000000e+00  2.042937146081811e-03  9.406618898426934e-04 
 1.083926914021303e+05  1.000000000000000e+00  0.000000000000000e+00  2.043443754888239e-03  9.610590176317743e-04 
 1.096478196143285e+05  1.000000000000000e+00  0.000000000000000e+00  2.043963437996443e-03  9.815832076393821e-04 
 1.109174815262503e+05  1.000000000000000e+00  0.000000000000000e+00  2.044496471033668e-03  1.002237168009114e-03 
 1.122018454302066e+05  1.000000000000000e+00  0.000000000000000e+00  2.045043375450782e-03  1.023023564426291e-03 
 1.135010815672419e+05  1.000000000000000e+00  0.000000000000000e+00  2.045603962261143e-03  1.043945260464910e-03 
 1.148153621496988e+05  1.000000000000000e+00  0.000000000000000e+00  2.046178766762609e-03  1.065004956636229e-03 
 1.161448613840449e+05  1.000000000000000e+00  0.000000000000000e+00  2.046768094668388e-03  1.086205429383348e-03 
 1.174897554939637e+05  1.000000000000000e+00  0.000000000000000e+00  2.047372496501543e-03  1.107549417980719e-03 
 1.188502227437128e+05  1.000000000000000e+00  0.000000000000000e+00  2.047991813873843e-03  1.129039853452242e-03 
 1.202264434617523e+05  1.000000000000000e+00  0.000000000000000e+00  2.048626614030612e-03  1.150679510815180e-03 
 1.216186000646480e+05  1.000000000000000e+00  0.000000000000000e+00  2.049277472422796e-03  1.172471186947217e-03 
 1.230268770812495e+05  1.000000000000000e+00  0.000000000000000e+00  2.049944254560800e-03  1.194417867977801e-03 
 1.244514611771500e+05  1.000000000000000e+00  0.000000000000000e+00  2.050627552877507e-03  1.216522389411504e-03 
 1.258925411794283e+05  1.000000000000000e+00  0.000000000000000e+00  2.051327969373094e-03  1.238787608676531e-03 
 1.273503081016779e+05  1.000000000000000e+00  0.000000000000000e+00  2.052045395078830e-03  1.261216570404698e-03 
 1.288249551693253e+05  1.000000000000000e+00  0.000000000000000e+00  2.052780450141438e-03  1.283812173068348e-03 
 1.303166778452420e+05  1.000000000000000e+00  0.000000000000000e+00  2.053533761570890e-03  1.306577341177763e-03 
 1.318256738556529e+05  1.000000000000000e+00  0.000000000000000e+00  2.054305250991754e-03  1.329515178124522e-03 
 1.333521432163448e+05  1.000000000000000e+00  0.000000000000000e+00  2.055095564740323e-03  1.352628651670665e-03 
 1.348962882591779e+05  1.000000000000000e+00  0.000000000000000e+00  2.055905361616735e-03  1.375920751888654e-03 
 1.364583136589051e+05  1.000000000000000e+00  0.000000000000000e+00  2.056734589957938e-03  1.399394649948930e-03 
 1.380384264603013e+05  1.000000000000000e+00  0.000000000000000e+00  2.057583930067673e-03  1.423053380771136e-03 
 1.396368361056068e+05  1.000000000000000e+00  0.000000000000000e+00  2.058454077043033e-03  1.446900000575919e-03 
 1.412537544622886e+05  1.000000000000000e+00  0.000000000000000e+00  2.059344997984516e-03  1.470937762207263e-03 
 1.428893958511236e+05  1.000000000000000e+00  0.000000000000000e+00  2.060257650273959e-03  1.495169719485221e-03 
 1.445439770746062e+05  1.000000000000000e+00  0.000000000000000e+00  2.061192038531319e-03  1.519599157723006e-03 
 1.462177174456854e+05  1.000000000000000e+00  0.000000000000000e+00  2.062149135715053e-03  1.544229190222696e-03 
 1.479108388168345e+05  1.000000000000000e+00  0.000000000000000e+00  2.063128969184551e-03  1.569063151964789e-03 
 1.496235656094573e+05  1.000000000000000e+00  0.000000000000000e+00  2.064132536881594e-03  1.594104209076334e-03 
 1.513561248436349e+05  1.000000000000000e+00  0.000000000000000e+00  2.065159890828283e-03  1.619355747220130e-03 
 1.531087461682173e+05  1.000000000000000e+00  0.000000000000000e+00  2.066211813917519e-03  1.644821034909991e-03 
 1.548816618912626e+05  1.000000000000000e+00  0.000000000000000e+00  2.067289101191323e-03  1.670503370333957e-03 
 1.566751070108296e+05  1.000000000000000e+00  0.000000000000000e+00  2.068391844671416e-03  1.696406217671322e-03 
 1.584893192461262e+05  1.000000000000000e+00  0.000000000000000e+00  2.069521106596750e-03  1.722532883985277e-03 
 1.603245390690191e+05  1.000000000000000e+00  0.000000000000000e+00  2.070677244153865e-03  1.748886844356096e-03 
 1.621810097359082e+05  1.000000000000000e+00  0.000000000000000e+00  2.071860629734289e-03  1.775471600562943e-03 
 1.640589773199693e+05  1.000000000000000e+00  0.000000000000000e+00  2.073072368251399e-03  1.802290548560880e-03 
 1.659586907437716e+05  1.000000000000000e+00  0.000000000000000e+00  2.074312622233229e-03  1.829347293589936e-03 
 1.678804018122718e+05  1.000000000000000e+00  0.000000000000000e+00  2.075582524998324e-03  1.856645294252014e-03 
 1.698243652461904e+05  1.000000000000000e+00  0.000000000000000e+00  2.076882270781821e-03  1.884188214206949e-03 
 1.717908387157749e+05  1.000000000000000e+00  0.000000000000000e+00  2.078213024415635e-03  1.911979575045162e-03 
 1.737800828749539e+05  1.000000000000000e+00  0.000000000000000e+00  2.079575250823479e-03  1.940023059275499e-03 
 1.757923613958858e+05  1.000000000000000e+00  0.000000000000000e+00  2.080969430765283e-03  1.968322380518852e-03 
 1.778279410039090e+05  1.000000000000000e+00  0.000000000000000e+00  2.082396779969106e-03  1.996881157156273e-03 
 1.798870915128957e+05  1.000000000000000e+00  0.000000000000000e+00  2.083857814564571e-03  2.025703167482615e-03 
 1.819700858610155e+05  1.000000000000000e+00  0.000000000000000e+00  2.085353065874481e-03  2.054792223283902e-03 
 1.840772001469129e+05  1.000000000000000e+00  0.000000000000000e+00  2.086883804025497e-03  2.084152043649019e-03 
 1.862087136663043e+05  1.000000000000000e+00  0.000000000000000e+00  2.088450598112451e-03  2.113786507725672e-03 
 1.883649089489978e+05  1.000000000000000e+00  0.000000000000000e+00  2.090054276572231e-03  2.143699486679486e-03 
 1.905460717963427e+05  1.000000000000000e+00  0.000000000000000e+00  2.091695448068285e-03  2.173894926796640e-03 
 1.927524913191118e+05  1.000000000000000e+00  0.000000000000000e+00  2.093375458136010e-03  2.204376689482108e-03 
 1.949844599758230e+05  1.000000000000000e+00  0.000000000000000e+00  2.095094954950349e-03  2.235148792956586e-03 
 1.972422736115040e+05  1.000000000000000e+00  0.000000000000000e+00  2.096854846842378e-03  2.266215251151268e-03 
 1.995262314969068e+05  1.000000000000000e+00  0.000000000000000e+00  2.098655824241975e-03  2.297580153692442e-03 
 2.018366363681752e+05  1.000000000000000e+00  0.000000000000000e+00  2.100499317247283e-03  2.329247510174347e-03 
 2.041737944669723e+05  1.000000000000000e+00  0.000000000000000e+00  2.102386061457740e-03  2.361221484844140e-03 
 2.065380155810725e+05  1.000000000000000e+00  0.000000000000000e+00  2.104317052744712e-03  2.393506241572416e-03 
 2.089296130854238e+05  1.000000000000000e+00  0.000000000000000e+00  2.106293309501580e-03  2.426105983344077e-03 
 2.113489039836848e+05  1.000000000000000e+00  0.000000000000000e+00  2.108315877701570e-03  2.459024950238736e-03 
 2.137962089502436e+05  1.000000000000000e+00  0.000000000000000e+00  2.110385823195868e-03  2.492267423956252e-03 
 2.162718523727226e+05  1.000000000000000e+00  0.000000000000000e+00  2.112504240595840e-03  2.525837724602596e-03 
 2.187761623949761e+05  1.000000000000000e+00  0.000000000000000e+00  2.114672247326802e-03  2.559740213764071e-03 
 2.213094709605849e+05  1.000000000000000e+00  0.000000000000000e+00  2.116890988870546e-03  2.593979293075525e-03 
 2.238721138568553e+05  1.000000000000000e+00  0.000000000000000e+00  2.119161634737120e-03  2.628559406906152e-03 
 2.264644307593276e+05  1.000000000000000e+00  0.000000000000000e+00  2.121485384645119e-03  2.663485040094609e-03 
 2.290867652767992e+05  1.000000000000000e+00  0.000000000000000e+00  2.123863464456132e-03  2.698760720543586e-03 
 2.317394649968700e+05  1.000000000000000e+00  0.000000000000000e+00  2.126297128755021e-03  2.734391019078997e-03 
 2.344228815320146e+05  1.000000000000000e+00  0.000000000000000e+00  2.128787662373261e-03  2.770380549291922e-03 
 2.371373705661882e+05  1.000000000000000e+00  0.000000000000000e+00  2.131336618410920e-03  2.806733933725103e-03 
 2.398832919019720e+05  1.000000000000000e+00  0.000000000000000e+00  2.133944869642552e-03  2.843455940698407e-03 
 2.426610095082648e+05  1.000000000000000e+00  0.000000000000000e+00  2.136614016378903e-03  2.880551290943120e-03 
 2.454708915685266e+05  1.000000000000000e+00  0.000000000000000e+00  2.139345473264644e-03  2.918024771902775e-03 
 2.483133105295808e+05  1.000000000000000e+00  0.000000000000000e+00  2.142140921341459e-03  2.955881186390635e-03 
 2.511886431509821e+05  1.000000000000000e+00  0.000000000000000e+00  2.145001355065402e-03  2.994125488018361e-03 
 2.540972705549549e+05  1.000000000000000e+00  0.000000000000000e+00  2.147928520664957e-03  3.032762573144953e-03 
 2.570395782769111e+05  1.000000000000000e+00  0.000000000000000e+00  2.150924202321373e-03  3.071797385187143e-03 
 2.600159563165522e+05  1.000000000000000e+00  0.000000000000000e+00  2.153989498087864e-03  3.111235018602400e-03 
 2.630267991895634e+05  1.000000000000000e+00  0.000000000000000e+00  2.157126264935021e-03  3.151080512495740e-03 
 2.660725059799065e+05  1.000000000000000e+00  0.000000000000000e+00  2.160336393613664e-03  3.191338956310202e-03 
 2.691534803927175e+05  1.000000000000000e+00  0.000000000000000e+00  2.163621097019589e-03  3.232015588819114e-03 
 2.722701308078174e+05  1.000000000000000e+00  0.000000000000000e+00  2.166982582839103e-03  3.273115565003909e-03 
 2.754228703338432e+05  1.000000000000000e+00  0.000000000000000e+00  2.170422383613006e-03  3.314644189395342e-03 
 2.786121168630039e+05  1.000000000000000e+00  0.000000000000000e+00  2.173942070328885e-03  3.356606817493458e-03 
 2.818382931264726e+05  1.000000000000000e+00  0.000000000000000e+00  2.177543976036080e-03  3.399008756361719e-03 
 2.851018267504185e+05  1.000000000000000e+00  0.000000000000000e+00  2.181229755938787e-03  3.441855464420277e-03 
 2.884031503126885e+05  1.000000000000000e+00  0.000000000000000e+00  2.185001111197930e-03  3.485152451084861e-03 
 2.917427014001449e+05  1.000000000000000e+00  0.000000000000000e+00  2.188860506092106e-03  3.528905180862836e-03 
 2.951209226666671e+05  1.000000000000000e+00  0.000000000000000e+00  2.192809730102986e-03  3.573119269527455e-03 
 2.985382618918249e+05  1.000000000000000e+00  0.000000000000000e+00  2.196850861735670e-03  3.617800353218763e-03 
 3.019951720402309e+05  1.000000000000000e+00  0.000000000000000e+00  2.200986026752646e-03  3.662954122328604e-03 
 3.054921113215809e+05  1.000000000000000e+00  0.000000000000000e+00  2.205217398304380e-03  3.708586322149146e-03 
 3.090295432513891e+05  1.000000000000000e+00  0.000000000000000e+00  2.209547202891125e-03  3.754702752309060e-03 
 3.126079367124258e+05  1.000000000000000e+00  0.000000000000000e+00  2.213977722147043e-03  3.801309264740491e-03 
 3.162277660168686e+05  1.000000000000000e+00  0.000000000000000e+00  2.218511272027555e-03  3.848411778375692e-03 
 3.198895109691709e+05  1.000000000000000e+00  0.000000000000000e+00  2.223150239931942e-03  3.896016257544446e-03 
 3.235936569296597e+05  1.000000000000000e+00  0.000000000000000e+00  2.227897062916978e-03  3.944128727082738e-03 
 3.273406948788700e+05  1.000000000000000e+00  0.000000000000000e+00  2.232754235420465e-03  3.992755268936984e-03 
 3.311311214826233e+05  1.000000000000000e+00  0.000000000000000e+00  2.237724546586023e-03  4.041901992101657e-03 
 3.349654391578603e+05  1.000000000000000e+00  0.000000000000000e+00  2.242810127833288e-03  4.091575157139780e-03 
 3.388441561392356e+05  1.000000000000000e+00  0.000000000000000e+00  2.248013887681660e-03  4.141780989864926e-03 
 3.427677865464838e+05  1.000000000000000e+00  0.000000000000000e+00  2.253338794411871e-03  4.192525775873157e-03 
 3.467368504525655e+05  1.000000000000000e+00  0.000000000000000e+00  2.258787165644521e-03  4.243815952439738e-03 
 3.507518739526023e+05  1.000000000000000e+00  0.000000000000000e+00  2.264362335198710e-03  4.295657894052902e-03 
 3.548133892336102e+05  1.000000000000000e+00  0.000000000000000e+00  2.270066750343120e-03  4.348058158322811e-03 
 3.589219346450404e+05  1.000000000000000e+00  0.000000000000000e+00  2.275903877363882e-03  4.401023241366628e-03 
 3.630780547701370e+05  1.000000000000000e+00  0.000000000000000e+00  2.281876538892260e-03  4.454559792226195e-03 
 3.672823004981207e+05  1.000000000000000e+00  0.000000000000000e+00  2.287988347143929e-03  4.508674426793351e-03 
 3.715352290972091e+05  1.000000000000000e+00  0.000000000000000e+00  2.294241535392548e-03  4.563374016592752e-03 
 3.758374042884811e+05  1.000000000000000e+00  0.000000000000000e+00  2.300639623025244e-03  4.618665332298625e-03 
 3.801893963205986e+05  1.000000000000000e+00  0.000000000000000e+00  2.307186437138509e-03  4.674555180816982e-03 
 3.845917820453914e+05  1.000000000000000e+00  0.000000000000000e+00  2.313885404445191e-03  4.731050493303036e-03 
 3.890451449943190e+05  1.000000000000000e+00  0.000000000000000e+00  2.320739552091865e-03  4.788158325185247e-03 
 3.935500754558163e+05  1.000000000000000e+00  0.000000000000000e+00  2.327752705037180e-03  4.845885704565967e-03 
 3.981071705535366e+05  1.000000000000000e+00  0.000000000000000e+00  2.334928528122502e-03  4.904239754569538e-03 
 4.027170343254989e+05  1.000000000000000e+00  0.000000000000000e+00  2.342271012995137e-03  4.963227632373709e-03 
 4.073802778041530e+05  1.000000000000000e+00  0.000000000000000e+00  2.349783518602393e-03  5.022856651070352e-03 
 4.120975190973710e+05  1.000000000000000e+00  0.000000000000000e+00  2.357470445646360e-03  5.083134067898395e-03 
 4.168693834703767e+05  1.000000000000000e+00  0.000000000000000e+00  2.365335337759904e-03  5.144067323327076e-03 
 4.216965034286241e+05  1.000000000000000e+00  0.000000000000000e+00  2.373382764935432e-03  5.205663812601272e-03 
 4.265795188016350e+05  1.000000000000000e+00  0.000000000000000e+00  2.381616693768681e-03  5.267931077860897e-03 
 4.315190768278081e+05  1.000000000000000e+00  0.000000000000000e+00  2.390041419258067e-03  5.330876700447435e-03 
 4.365158322402094e+05  1.000000000000000e+00  0.000000000000000e+00  2.398661334852752e-03  5.394508328435213e-03 
 4.415704473533565e+05  1.000000000000000e+00  0.000000000000000e+00  2.407480932580870e-03  5.458833676495423e-03 
 4.466835921510076e+05  1.000000000000000e+00  0.000000000000000e+00  2.416504807315128e-03  5.523860526245984e-03 
 4.518559443749674e+05  1.000000000000000e+00  0.000000000000000e+00  2.425737659972739e-03  5.589596726392557e-03 
 4.570881896149206e+05  1.000000000000000e+00  0.000000000000000e+00  2.435184534453125e-03  5.656050162532020e-03 
 4.623810213993065e+05  1.000000000000000e+00  0.000000000000000e+00  2.444849877393768e-03  5.723228875375645e-03 
 4.677351412872450e+05  1.000000000000000e+00  0.000000000000000e+00  2.454739178377893e-03  5.791140861399887e-03 
 4.731512589615278e+05  1.000000000000000e+00  0.000000000000000e+00  2.464857108139069e-03  5.859794296372950e-03 
 4.786300923226863e+05  1.000000000000000e+00  0.000000000000000e+00  2.475209402874923e-03  5.929197305346247e-03 
 4.841723675841478e+05  1.000000000000000e+00  0.000000000000000e+00  2.485801201390257e-03  5.999358172111167e-03 
 4.897788193684953e+05  1.000000000000000e+00  0.000000000000000e+00  2.496638001484035e-03  6.070285217835656e-03 
 4.954501908048399e+05  1.000000000000000e+00  0.000000000000000e+00  2.507725426961787e-03  6.141986831007133e-03 
 5.011872336273226e+05  1.000000000000000e+00  0.000000000000000e+00  2.519069235959982e-03  6.214471464743063e-03 
 5.069907082747553e+05  1.000000000000000e+00  0.000000000000000e+00  2.530675533431343e-03  6.287747618192892e-03 
 5.128613839914164e+05  1.000000000000000e+00  0.000000000000000e+00  2.542549862299644e-03  6.361823940542920e-03 
 5.188000389290132e+05  1.000000000000000e+00  0.000000000000000e+00  2.554698849451935e-03  6.436709028369876e-03 
 5.248074602498254e+05  1.000000000000000e+00  0.000000000000000e+00  2.567128305440024e-03  6.512411668365971e-03 
 5.308844442310418e+05  1.000000000000000e+00  0.000000000000000e+00  2.579845136016245e-03  6.588940590492825e-03 
 5.370317963703069e+05  1.000000000000000e+00  0.000000000000000e+00  2.592855684290085e-03  6.666304680758428e-03 
 5.432503314924880e+05  1.000000000000000e+00  0.000000000000000e+00  2.606166897351200e-03  6.744512838809112e-03 
 5.495408738576800e+05  1.000000000000000e+00  0.000000000000000e+00  2.619785178052909e-03  6.823574114074816e-03 
 5.559042572704597e+05  1.000000000000000e+00  0.000000000000000e+00  2.633717793327424e-03  6.903497531288545e-03 
 5.623413251904058e+05  1.000000000000000e+00  0.000000000000000e+00  2.647972164685001e-03  6.984292179592923e-03 
 5.688529308438989e+05  1.000000000000000e+00  0.000000000000000e+00  2.662555402475448e-03  7.065967275879072e-03 
 5.754399373372151e+05  1.000000000000000e+00  0.000000000000000e+00  2.677475023963568e-03  7.148532066362322e-03 
 5.821032177709303e+05  1.000000000000000e+00  0.000000000000000e+00  2.692738693473400e-03  7.231995870010871e-03 
 5.888436553556485e+05  1.000000000000000e+00  0.000000000000000e+00  2.708354268886192e-03  7.316368059353796e-03 
 5.956621435290707e+05  1.000000000000000e+00  0.000000000000000e+00  2.724329777101131e-03  7.401658072388911e-03 
 6.025595860744187e+05  1.000000000000000e+00  0.000000000000000e+00  2.740673659869307e-03  7.487875375950194e-03 
 6.095368972402309e+05  1.000000000000000e+00  0.000000000000000e+00  2.757394074559931e-03  7.575029558870468e-03 
 6.165950018615447e+05  1.000000000000000e+00  0.000000000000000e+00  2.774499344568717e-03  7.663130279426985e-03 
 6.237348354824826e+05  1.000000000000000e+00  0.000000000000000e+00  2.791998955722962e-03  7.752187115669534e-03 
 6.309573444802574e+05  1.000000000000000e+00  0.000000000000000e+00  2.809901153293195e-03  7.842209901031277e-03 
 6.382634861906136e+05  1.000000000000000e+00  0.000000000000000e+00  2.828215818625357e-03  7.933208327871293e-03 
 6.456542290347213e+05  1.000000000000000e+00  0.000000000000000e+00  2.846951583763312e-03  8.025192348848822e-03 
 6.531305526475389e+05  1.000000000000000e+00  0.000000000000000e+00  2.866118264422696e-03  8.118171831874906e-03 
 6.606934480076634e+05  1.000000000000000e+00  0.000000000000000e+00  2.885725641220840e-03  8.212156733556365e-03 
 6.683439175686828e+05  1.000000000000000e+00  0.000000000000000e+00  2.905783717296739e-03  8.307157059306377e-03 
 6.760829753920508e+05  1.000000000000000e+00  0.000000000000000e+00  2.926302932978873e-03  8.403182840447741e-03 
 6.839116472814992e+05  1.000000000000000e+00  0.000000000000000e+00  2.947293500023439e-03  8.500244215291027e-03 
 6.918309709190072e+05  1.000000000000000e+00  0.000000000000000e+00  2.968766091308459e-03  8.598351339418397e-03 
 6.998419960023451e+05  1.000000000000000e+00  0.000000000000000e+00  2.990731618682525e-03  8.697514410407940e-03 
 7.079457843842104e+05  1.000000000000000e+00  0.000000000000000e+00  3.013201213891116e-03  8.797743679454805e-03 
 7.161434102129753e+05  1.000000000000000e+00  0.000000000000000e+00  3.036186509971001e-03  8.899049395629393e-03 
 7.244359600750643e+05  1.000000000000000e+00  0.000000000000000e+00  3.059698916218438e-03  9.001441917425726e-03 
 7.328245331389792e+05  1.000000000000000e+00  0.000000000000000e+00  3.083750311013500e-03  9.104931615860241e-03 
 7.413102413009936e+05  1.000000000000000e+00  0.000000000000000e+00  3.108353089077249e-03  9.209528853077301e-03 
 7.498942093325328e+05  1.000000000000000e+00  0.000000000000000e+00  3.133519201360330e-03  9.315244130790580e-03 
 7.585775750292618e+05  1.000000000000000e+00  0.000000000000000e+00  3.159261793296311e-03  9.422087849913817e-03 
 7.673614893618979e+05  1.000000000000000e+00  0.000000000000000e+00  3.185593832765205e-03  9.530070500552539e-03 
 7.762471166287716e+05  1.000000000000000e+00  0.000000000000000e+00  3.212528094477833e-03  9.639202670452264e-03 
 7.852356346101527e+05  1.000000000000000e+00  0.000000000000000e+00  3.240078566596365e-03  9.749494837020907e-03 
 7.943282347243634e+05  1.000000000000000e+00  0.000000000000000e+00  3.268258839299582e-03  9.860957596121713e-03 
 8.035261221857002e+05  1.000000000000000e+00  0.000000000000000e+00  3.297083274341062e-03  9.973601488290781e-03 
 8.128305161641833e+05  1.000000000000000e+00  0.000000000000000e+00  3.326566041126585e-03  1.008743714998723e-02 
 8.222426499471562e+05  1.000000000000000e+00  0.000000000000000e+00  3.356722358346841e-03  1.020247510598771e-02 
 8.317637711027571e+05  1.000000000000000e+00  0.000000000000000e+00  3.387566302660970e-03  1.031872612505545e-02 
 8.413951416452822e+05  1.000000000000000e+00  0.000000000000000e+00  3.419113972951660e-03  1.043620070248788e-02 
 8.511380382024646e+05  1.000000000000000e+00  0.000000000000000e+00  3.451380828681785e-03  1.055490949124169e-02 
 8.609937521846899e+05  1.000000000000000e+00  0.000000000000000e+00  3.484382882172786e-03  1.067486310774840e-02 
 8.709635899561710e+05  1.000000000000000e+00  0.000000000000000e+00  3.518136753832609e-03  1.079607211096972e-02 
 8.810488730081056e+05  1.000000000000000e+00  0.000000000000000e+00  3.552658907890971e-03  1.091854713476219e-02 
 8.912509381338381e+05  1.000000000000000e+00  0.000000000000000e+00  3.587966663501871e-03  1.104229870726561e-02 
 9.015711376060506e+05  1.000000000000000e+00  0.000000000000000e+00  3.624077198444709e-03  1.116733742458173e-02 
 9.120108393560046e+05  1.000000000000000e+00  0.000000000000000e+00  3.661008321527763e-03  1.129367380513801e-02 
 9.225714271548592e+05  1.000000000000000e+00  0.000000000000000e+00  3.698778422299754e-03  1.142131830873611e-02 
 9.332543007970882e+05  1.000000000000000e+00  0.000000000000000e+00  3.737405825514987e-03  1.155028142395751e-02 
 9.440608762860217e+05  1.000000000000000e+00  0.000000000000000e+00  3.776909689226109e-03  1.168057353141060e-02 
 9.549925860215354e+05  1.000000000000000e+00  0.000000000000000e+00  3.817309116929613e-03  1.181220502909154e-02 
 9.660508789899141e+05  1.000000000000000e+00  0.000000000000000e+00  3.858623827038827e-03  1.194518623641315e-02 
 9.772372209559126e+05  1.000000000000000e+00  0.000000000000000e+00  3.900874674179388e-03  1.207952727385257e-02 
 9.885530946570421e+05  1.000000000000000e+00  0.000000000000000e+00  3.944081256146523e-03  1.221523849721330e-02 
 1.000000000000105e+06  1.000000000000000e+00  0.000000000000000e+00  3.988264797369789e-03  1.235232997123447e-02 
 1.011579454260004e+06  1.000000000000000e+00  0.000000000000000e+00  4.033446693464834e-03  1.249081173058503e-02 
 1.023292992280861e+06  1.000000000000000e+00  0.000000000000000e+00  4.079649017080354e-03  1.263069368254191e-02 
 1.035142166679452e+06  1.000000000000000e+00  0.000000000000000e+00  4.126893831440654e-03  1.277198571247001e-02 
 1.047128548051009e+06  1.000000000000000e+00  0.000000000000000e+00  4.175204104544285e-03  1.291469752997265e-02 
 1.059253725177400e+06  1.000000000000000e+00  0.000000000000000e+00  4.224602790660305e-03  1.305883881881251e-02 
 1.071519305237719e+06  1.000000000000000e+00  0.000000000000000e+00  4.275113803539944e-03  1.320441904907459e-02 
 1.083926914021317e+06  1.000000000000000e+00  0.000000000000000e+00  4.326761278600526e-03  1.335144761815874e-02 
 1.096478196143300e+06  1.000000000000000e+00  0.000000000000000e+00  4.379569587804616e-03  1.349993383349323e-02 
 1.109174815262518e+06  1.000000000000000e+00  0.000000000000000e+00  4.433564574916981e-03  1.364988666067881e-02 
 1.122018454302081e+06  1.000000000000000e+00  0.000000000000000e+00  4.488770667339940e-03  1.380131529056166e-02 
 1.135010815672434e+06  1.000000000000000e+00  0.000000000000000e+00  4.545214682736893e-03  1.395422838307205e-02 
 1.148153621497004e+06  1.000000000000000e+00  0.000000000000000e+00  4.602923012343843e-03  1.410863460944562e-02 
 1.161448613840465e+06  1.000000000000000e+00  0.000000000000000e+00  4.661923055544422e-03  1.426454235415543e-02 
 1.174897554939653e+06  1.000000000000000e+00  0.000000000000000e+00  4.722242486107228e-03  1.442195986198644e-02 
 1.188502227437144e+06  1.000000000000000e+00  0.000000000000000e+00  4.783909521410851e-03  1.458089516762890e-02 
 1.202264434617540e+06  1.000000000000000e+00  0.000000000000000e+00  4.846952690615768e-03  1.474135613610098e-02 
 1.216186000646496e+06  1.000000000000000e+00  0.000000000000000e+00  4.911402009752386e-03  1.490335021235685e-02 
 1.230268770812511e+06  1.000000000000000e+00  0.000000000000000e+00  4.977286182626925e-03  1.506688498628972e-02 
 1.244514611771516e+06  1.000000000000000e+00  0.000000000000000e+00  5.044636599105788e-03  1.523196734963819e-02 
 1.258925411794300e+06  1.000000000000000e+00  0.000000000000000e+00  5.113483804471210e-03  1.539860422590694e-02 
 1.273503081016796e+06  1.000000000000000e+00  0.000000000000000e+00  5.183859404705455e-03  1.556680215984088e-02 
 1.288249551693270e+06  1.000000000000000e+00  0.000000000000000e+00  5.255796058341995e-03  1.573656729885402e-02 
 1.303166778452437e+06  1.000000000000000e+00  0.000000000000000e+00  5.329326092767404e-03  1.590790568031571e-02 
 1.318256738556546e+06  1.000000000000000e+00  0.000000000000000e+00  5.404483370546698e-03  1.608082281625321e-02 
 1.333521432163465e+06  1.000000000000000e+00  0.000000000000000e+00  5.481301903745964e-03  1.625532397948111e-02 
 1.348962882591796e+06  1.000000000000000e+00  0.000000000000000e+00  5.559815630511568e-03  1.643141424433434e-02 
 1.364583136589069e+06  1.000000000000000e+00  0.000000000000000e+00  5.640060280592339e-03  1.660909805159922e-02 
 1.380384264603031e+06  1.000000000000000e+00  0.000000000000000e+00  5.722071504847379e-03  1.678837962138118e-02 
 1.396368361056086e+06  1.000000000000000e+00  0.000000000000000e+00  5.805886308205545e-03  1.696926259836188e-02 
 1.412537544622904e+06  1.000000000000000e+00  0.000000000000000e+00  5.891541644942897e-03  1.715175036762116e-02 
 1.428893958511255e+06  1.000000000000000e+00  0.000000000000000e+00  5.979075583962466e-03  1.733584576487677e-02 
 1.445439770746081e+06  1.000000000000000e+00  0.000000000000000e+00  6.068526164208622e-03  1.752155133048761e-02 
 1.462177174456874e+06  1.000000000000000e+00  0.000000000000000e+00  6.159932613106518e-03  1.770886898502171e-02 
 1.479108388168365e+06  1.000000000000000e+00  0.000000000000000e+00  6.253335108459828e-03  1.789780014552400e-02 
 1.496235656094593e+06  1.000000000000000e+00  0.000000000000000e+00  6.348774010422215e-03  1.808834576143985e-02 
 1.513561248436369e+06  1.000000000000000e+00  0.000000000000000e+00  6.446290981359487e-03  1.828050611573925e-02 
 1.531087461682193e+06  1.000000000000000e+00  0.000000000000000e+00  6.545926755155421e-03  1.847428133975181e-02 
 1.548816618912647e+06  1.000000000000000e+00  0.000000000000000e+00  6.647724847800495e-03  1.866967045081292e-02 
 1.566751070108316e+06  1.000000000000000e+00  0.000000000000000e+00  6.751728535001360e-03  1.886667210857362e-02 
 1.584893192461283e+06  1.000000000000000e+00  0.000000000000000e+00  6.857981357289158e-03  1.906528444246027e-02 
 1.603245390690213e+06  1.000000000000000e+00  0.000000000000000e+00  6.966528913444261e-03  1.926550459624386e-02 
 1.621810097359103e+06  1.000000000000000e+00  0.000000000000000e+00  7.077415478071839e-03  1.946732955473213e-02 
 1.640589773199715e+06  1.000000000000000e+00  0.000000000000000e+00  7.190687610035162e-03  1.967075520966119e-02 
 1.659586907437738e+06  1.000000000000000e+00  0.000000000000000e+00  7.306392169339052e-03  1.987577681699003e-02 
 1.678804018122740e+06  1.000000000000000e+00  0.000000000000000e+00  7.424577376654300e-03  2.008238871841155e-02 
 1.698243652461926e+06  1.000000000000000e+00  0.000000000000000e+00  7.545290362636992e-03  2.029058497096798e-02 
 1.717908387157772e+06  1.000000000000000e+00  0.000000000000000e+00  7.668580815100266e-03  2.050035831965401e-02 
 1.737800828749562e+06  1.000000000000000e+00  0.000000000000000e+00  7.794498216331353e-03  2.071170093835576e-02 
 1.757923613958881e+06  1.000000000000000e+00  0.000000000000000e+00  7.923093226182249e-03  2.092460400731111e-02 
 1.778279410039114e+06  1.000000000000000e+00  0.000000000000000e+00  8.054416775213189e-03  2.113905795622141e-02 
 1.798870915128981e+06  1.000000000000000e+00  0.000000000000000e+00  8.188520976433562e-03  2.135505214841864e-02 
 1.819700858610179e+06  1.000000000000000e+00  0.000000000000000e+00  8.325458193757450e-03  2.157257514354759e-02 
 1.840772001469154e+06  1.000000000000000e+00  0.000000000000000e+00  8.465282415950797e-03  2.179161425479564e-02 
 1.862087136663068e+06  1.000000000000000e+00  0.000000000000000e+00  8.608046765497753e-03  2.201215624771502e-02 
 1.883649089490003e+06  1.000000000000000e+00  0.000000000000000e+00  8.753806207020990e-03  2.223418651162222e-02 
 1.905460717963452e+06  1.000000000000000e+00  0.000000000000000e+00  8.902616609202827e-03  2.245768930903106e-02 
 1.927524913191144e+06  1.000000000000000e+00  0.000000000000000e+00  9.054533675937709e-03  2.268264804014437e-02 
 1.949844599758256e+06  1.000000000000000e+00  0.000000000000000e+00  9.209614230109247e-03  2.290904484828468e-02 
 1.972422736115067e+06  1.000000000000000e+00  0.000000000000000e+00  9.367916453688226e-03  2.313686048575279e-02 
 1.995262314969095e+06  1.000000000000000e+00  0.000000000000000e+00  9.529497648822131e-03  2.336607498271163e-02 
 2.018366363681779e+06  1.000000000000000e+00  0.000000000000000e+00  9.694417106259937e-03  2.359666671715964e-02 
 2.041737944669750e+06  1.000000000000000e+00  0.000000000000000e+00  9.862734789062553e-03  2.382861276946646e-02 
 2.065380155810753e+06  1.000000000000000e+00  0.000000000000000e+00  1.003450997387496e-02  2.406188933819849e-02 
 2.089296130854266e+06  1.000000000000000e+00  0.000000000000000e+00  1.020980389284656e-02  2.429647084699081e-02 
 2.113489039836876e+06  1.000000000000000e+00  0.000000000000000e+00  1.038867839798233e-02  2.453233032744677e-02 
 2.137962089502464e+06  1.000000000000000e+00  0.000000000000000e+00  1.057119485445046e-02  2.476943973770587e-02 
 2.162718523727255e+06  1.000000000000000e+00  0.000000000000000e+00  1.075741586937240e-02  2.500776937042247e-02 
 2.187761623949790e+06  1.000000000000000e+00  0.000000000000000e+00  1.094740550566583e-02  2.524728770451231e-02 
 2.213094709605878e+06  1.000000000000000e+00  0.000000000000000e+00  1.114122640182432e-02  2.548796236243756e-02 
 2.238721138568582e+06  1.000000000000000e+00  0.000000000000000e+00  1.133894414555030e-02  2.572975854424608e-02 
 2.264644307593306e+06  1.000000000000000e+00  0.000000000000000e+00  1.154062199497439e-02  2.597264084120270e-02 
 2.290867652768022e+06  1.000000000000000e+00  0.000000000000000e+00  1.174632610452903e-02  2.621657133069149e-02 
 2.317394649968730e+06  1.000000000000000e+00  0.000000000000000e+00  1.195612200107598e-02  2.646151079077183e-02 
 2.344228815320177e+06  1.000000000000000e+00  0.000000000000000e+00  1.217007610434495e-02  2.670741808853144e-02 
 2.371373705661913e+06  1.000000000000000e+00  0.000000000000000e+00  1.238825523951661e-02  2.695425032406242e-02 
 2.398832919019752e+06  1.000000000000000e+00  0.000000000000000e+00  1.261072574242254e-02  2.720196311679777e-02 
 2.426610095082680e+06  1.000000000000000e+00  0.000000000000000e+00  1.283755540726349e-02  2.745050981153007e-02 
 2.454708915685298e+06  1.000000000000000e+00  0.000000000000000e+00  1.306881170185964e-02  2.769984210965075e-02 
 2.483133105295841e+06  1.000000000000000e+00  0.000000000000000e+00  1.330456389390508e-02  2.794990918331930e-02 
 2.511886431509854e+06  1.000000000000000e+00  0.000000000000000e+00  1.354487849884105e-02  2.820065942180240e-02 
 2.540972705549582e+06  1.000000000000000e+00  0.000000000000000e+00  1.378982443874278e-02  2.845203831989133e-02 
 2.570395782769145e+06  1.000000000000000e+00  0.000000000000000e+00  1.403947071351857e-02  2.870398942404816e-02 
 2.600159563165556e+06  1.000000000000000e+00  0.000000000000000e+00  1.429388571890672e-02  2.895645442788478e-02 
 2.630267991895670e+06  1.000000000000000e+00  0.000000000000000e+00  1.455313918899077e-02  2.920937241540283e-02 
 2.660725059799101e+06  1.000000000000000e+00  0.000000000000000e+00  1.481729881563186e-02  2.946268116216857e-02 
 2.691534803927210e+06  1.000000000000000e+00  0.000000000000000e+00  1.508643481029166e-02  2.971631520849695e-02 
 2.722701308078210e+06  1.000000000000000e+00  0.000000000000000e+00  1.536061567913534e-02  2.997020755352308e-02 
 2.754228703338468e+06  1.000000000000000e+00  0.000000000000000e+00  1.563990965630246e-02  3.022428899530068e-02 
 2.786121168630076e+06  1.000000000000000e+00  0.000000000000000e+00  1.592438647224804e-02  3.047848733822714e-02 
 2.818382931264763e+06  1.000000000000000e+00  0.000000000000000e+00  1.621411424028695e-02  3.073272863761142e-02 
 2.851018267504222e+06  1.000000000000000e+00  0.000000000000000e+00  1.650916061393176e-02  3.098693669689676e-02 
 2.884031503126923e+06  1.000000000000000e+00  0.000000000000000e+00  1.680959460341489e-02  3.124103214953067e-02 
 2.917427014001487e+06  1.000000000000000e+00  0.000000000000000e+00  1.711548320355986e-02  3.149493395042287e-02 
 2.951209226666710e+06  1.000000000000000e+00  0.000000000000000e+00  1.742689362322353e-02  3.174855828681642e-02 
 2.985382618918288e+06  1.000000000000000e+00  0.000000000000000e+00  1.774389379975472e-02  3.200181828006411e-02 
 3.019951720402348e+06  1.000000000000000e+00  0.000000000000000e+00  1.806654846697052e-02  3.225462577968740e-02 
 3.054921113215849e+06  1.000000000000000e+00  0.000000000000000e+00  1.839492338154736e-02  3.250688931212427e-02 
 3.090295432513931e+06  1.000000000000000e+00  0.000000000000000e+00  1.872908443714821e-02  3.275851443294068e-02 
 3.126079367124300e+06  1.000000000000000e+00  0.000000000000000e+00  1.906909412668410e-02  3.300940539699174e-02 
 3.162277660168728e+06  1.000000000000000e+00  0.000000000000000e+00  1.941501735177882e-02  3.325946225024601e-02 
 3.198895109691751e+06  1.000000000000000e+00  0.000000000000000e+00  1.976691570859966e-02  3.350858359245536e-02 
 3.235936569296639e+06  1.000000000000000e+00  0.000000000000000e+00  2.012485080860497e-02  3.375666489416035e-02 
 3.273406948788743e+06  1.000000000000000e+00  0.000000000000000e+00  2.048888322117826e-02  3.400359893681117e-02 
 3.311311214826277e+06  1.000000000000000e+00  0.000000000000000e+00  2.085907179507122e-02  3.424927615396742e-02 
 3.349654391578647e+06  1.000000000000000e+00  0.000000000000000e+00  2.123547474013677e-02  3.449358400206676e-02 
 3.388441561392400e+06  1.000000000000000e+00  0.000000000000000e+00  2.161814917728851e-02  3.473640712439534e-02 
 3.427677865464883e+06  1.000000000000000e+00  0.000000000000000e+00  2.200715007397696e-02  3.497762789410015e-02 
 3.467368504525701e+06  1.000000000000000e+00  0.000000000000000e+00  2.240253094074836e-02  3.521712598820883e-02 
 3.507518739526069e+06  1.000000000000000e+00  0.000000000000000e+00  2.280434566539052e-02  3.545477735505675e-02 
 3.548133892336148e+06  1.000000000000000e+00  0.000000000000000e+00  2.321264341523064e-02  3.569045693696725e-02 
 3.589219346450450e+06  1.000000000000000e+00  0.000000000000000e+00  2.362747337959512e-02  3.592403605491808e-02 
 3.630780547701417e+06  1.000000000000000e+00  0.000000000000000e+00  2.404888406893450e-02  3.615538270600024e-02 
 3.672823004981255e+06  1.000000000000000e+00  0.000000000000000e+00  2.447691942419409e-02  3.638436375507389e-02 
 3.715352290972138e+06  1.000000000000000e+00  0.000000000000000e+00  2.491162330165770e-02  3.661084236044797e-02 
 3.758374042884860e+06  1.000000000000000e+00  0.000000000000000e+00  2.535303709721917e-02  3.683467925145554e-02 
 3.801893963206035e+06  1.000000000000000e+00  0.000000000000000e+00  2.580119927452564e-02  3.705573306033055e-02 
 3.845917820453964e+06  1.000000000000000e+00  0.000000000000000e+00  2.625614697470170e-02  3.727385928143571e-02 
 3.890451449943240e+06  1.000000000000000e+00  0.000000000000000e+00  2.671791464338132e-02  3.748891101995744e-02 
 3.935500754558214e+06  1.000000000000000e+00  0.000000000000000e+00  2.718653453178652e-02  3.770073893562615e-02 
 3.981071705535417e+06  1.000000000000000e+00  0.000000000000000e+00  2.766203573659693e-02  3.790919141667385e-02 
 4.027170343255041e+06  1.000000000000000e+00  0.000000000000000e+00  2.814444505777824e-02  3.811411432171417e-02 
 4.073802778041583e+06  1.000000000000000e+00  0.000000000000000e+00  2.863378692694084e-02  3.831535092060914e-02 
 4.120975190973763e+06  1.000000000000000e+00  0.000000000000000e+00  2.913008224982019e-02  3.851274261736520e-02 
 4.168693834703820e+06  1.000000000000000e+00  0.000000000000000e+00  2.963334993559041e-02  3.870612802482747e-02 
 4.216965034286294e+06  1.000000000000000e+00  0.000000000000000e+00  3.014360466168945e-02  3.889534434475916e-02 
 4.265795188016404e+06  1.000000000000000e+00  0.000000000000000e+00  3.066085963471668e-02  3.908022561612868e-02 
 4.315190768278136e+06  1.000000000000000e+00  0.000000000000000e+00  3.118512331423623e-02  3.926060487727875e-02 
 4.365158322402149e+06  1.000000000000000e+00  0.000000000000000e+00  3.171640235093302e-02  3.943631215589767e-02 
 4.415704473533621e+06  1.000000000000000e+00  0.000000000000000e+00  3.225469899129076e-02  3.960717646270348e-02 
 4.466835921510133e+06  1.000000000000000e+00  0.000000000000000e+00  3.280001214448493e-02  3.977302483607057e-02 
 4.518559443749731e+06  1.000000000000000e+00  0.000000000000000e+00  3.335233843500610e-02  3.993368169327549e-02 
 4.570881896149265e+06  1.000000000000000e+00  0.000000000000000e+00  3.391166975650386e-02  4.008897071913690e-02 
 4.623810213993124e+06  1.000000000000000e+00  0.000000000000000e+00  3.447799473295678e-02  4.023871375066811e-02 
 4.677351412872509e+06  1.000000000000000e+00  0.000000000000000e+00  3.505129832336403e-02  4.038273113314986e-02 
 4.731512589615338e+06  1.000000000000000e+00  0.000000000000000e+00  3.563156160392735e-02  4.052084196897789e-02 
 4.786300923226924e+06  1.000000000000000e+00  0.000000000000000e+00  3.621876266524237e-02  4.065286343491074e-02 
 4.841723675841540e+06  1.000000000000000e+00  0.000000000000000e+00  3.681287478855325e-02  4.077861223425010e-02 
 4.897788193685016e+06  1.000000000000000e+00  0.000000000000000e+00  3.741386765247005e-02  4.089790389424015e-02 
 4.954501908048463e+06  1.000000000000000e+00  0.000000000000000e+00  3.802170751185529e-02  4.101055246257597e-02 
 5.011872336273290e+06  1.000000000000000e+00  0.000000000000000e+00  3.863635535334171e-02  4.111637219382733e-02 
 5.069907082747618e+06  1.000000000000000e+00  0.000000000000000e+00  3.925776957947325e-02  4.121517543304103e-02 
 5.128613839914230e+06  1.000000000000000e+00  0.000000000000000e+00  3.988590375920217e-02  4.130677457017649e-02 
 5.188000389290200e+06  1.000000000000000e+00  0.000000000000000e+00  4.052070769209153e-02  4.139098122785732e-02 
 5.248074602498322e+06  1.000000000000000e+00  0.000000000000000e+00  4.116212723799730e-02  4.146760644258720e-02 
 5.308844442310487e+06  1.000000000000000e+00  0.000000000000000e+00  4.181010307159538e-02  4.153646207283442e-02 
 5.370317963703138e+06  1.000000000000000e+00  0.000000000000000e+00  4.246457374156717e-02  4.159735794586927e-02 
 5.432503314924950e+06  1.000000000000000e+00  0.000000000000000e+00  4.312547138778178e-02  4.165010593938136e-02 
 5.495408738576870e+06  1.000000000000000e+00  0.000000000000000e+00  4.379272584185900e-02  4.169451642406043e-02 
 5.559042572704668e+06  1.000000000000000e+00  0.000000000000000e+00  4.446626120390311e-02  4.173040146969471e-02 
 5.623413251904131e+06  1.000000000000000e+00  0.000000000000000e+00  4.514599994445562e-02  4.175757117420618e-02 
 5.688529308439062e+06  1.000000000000000e+00  0.000000000000000e+00  4.583185783713377e-02  4.177583853431211e-02 
 5.754399373372225e+06  1.000000000000000e+00  0.000000000000000e+00  4.652374764471282e-02  4.178501632649067e-02 
 5.821032177709378e+06  1.000000000000000e+00  0.000000000000000e+00  4.722157850931075e-02  4.178491746465608e-02 
 5.888436553556562e+06  1.000000000000000e+00  0.000000000000000e+00  4.792525518205214e-02  4.177535616816506e-02 
 5.956621435290786e+06  1.000000000000000e+00  0.000000000000000e+00  4.863467834225691e-02  4.175614773755942e-02 
 6.025595860744267e+06  1.000000000000000e+00  0.000000000000000e+00  4.934974504910204e-02  4.172710820755793e-02 
 6.095368972402389e+06  1.000000000000000e+00  0.000000000000000e+00  5.007034896122450e-02  4.168805450313526e-02 
 6.165950018615528e+06  1.000000000000000e+00  0.000000000000000e+00  5.079637847460899e-02  4.163880623831026e-02 
 6.237348354824907e+06  1.000000000000000e+00  0.000000000000000e+00  5.152772005264415e-02  4.157918263059909e-02 
 6.309573444802656e+06  1.000000000000000e+00  0.000000000000000e+00  5.226425545740633e-02  4.150900549448308e-02 
 6.382634861906219e+06  1.000000000000000e+00  0.000000000000000e+00  5.300586356853972e-02  4.142809748943014e-02 
 6.456542290347297e+06  1.000000000000000e+00  0.000000000000000e+00  5.375241893746661e-02  4.133628404301894e-02 
 6.531305526475474e+06  1.000000000000000e+00  0.000000000000000e+00  5.450379400048502e-02  4.123339080604140e-02 
 6.606934480076720e+06  1.000000000000000e+00  0.000000000000000e+00  5.525985693351476e-02  4.111924645789846e-02 
 6.683439175686915e+06  1.000000000000000e+00  0.000000000000000e+00  5.602047285469946e-02  4.099368136072462e-02 
 6.760829753920596e+06  1.000000000000000e+00  0.000000000000000e+00  5.678550400040517e-02  4.085652787140279e-02 
 6.839116472815081e+06  1.000000000000000e+00  0.000000000000000e+00  5.755481009248781e-02  4.070761967374505e-02 
 6.918309709190163e+06  1.000000000000000e+00  0.000000000000000e+00  5.832824731478202e-02  4.054679343790173e-02 
 6.998419960023543e+06  1.000000000000000e+00  0.000000000000000e+00  5.910566970284387e-02  4.037388722197569e-02 
 7.079457843842197e+06  1.000000000000000e+00  0.000000000000000e+00  5.988692804805763e-02  4.018874224997689e-02 
 7.161434102129849e+06  1.000000000000000e+00  0.000000000000000e+00  6.067187117905793e-02  3.999120107924032e-02 
 7.244359600750739e+06  1.000000000000000e+00  0.000000000000000e+00  6.146034571020409e-02  3.978110843084687e-02 
 7.328245331389889e+06  1.000000000000000e+00  0.000000000000000e+00  6.225219523821779e-02  3.955831223766408e-02 
 7.413102413010034e+06  1.000000000000000e+00  0.000000000000000e+00  6.304726196195121e-02  3.932266190834646e-02 
 7.498942093325428e+06  1.000000000000000e+00  0.000000000000000e+00  6.384538647148899e-02  3.907400840005395e-02 
 7.585775750292717e+06  1.000000000000000e+00  0.000000000000000e+00  6.464640615247826e-02  3.881220682266807e-02 
 7.673614893619080e+06  1.000000000000000e+00  0.000000000000000e+00  6.545015807598750e-02  3.853711269731509e-02 
 7.762471166287819e+06  1.000000000000000e+00  0.000000000000000e+00  6.625647666538428e-02  3.824858508770445e-02 
 7.852356346101630e+06  1.000000000000000e+00  0.000000000000000e+00  6.706519566123594e-02  3.794648400936787e-02 
 7.943282347243738e+06  1.000000000000000e+00  0.000000000000000e+00  6.787614704687553e-02  3.763067242627932e-02 
 8.035261221857107e+06  1.000000000000000e+00  0.000000000000000e+00  6.868916199572270e-02  3.730101447711973e-02 
 8.128305161641939e+06  1.000000000000000e+00  0.000000000000000e+00  6.950406975985843e-02  3.695737762461752e-02 
 8.222426499471669e+06  1.000000000000000e+00  0.000000000000000e+00  7.032069966394422e-02  3.659962965159028e-02 
 8.317637711027679e+06  1.000000000000000e+00  0.000000000000000e+00  7.113887946864916e-02  3.622764109217909e-02 
 8.413951416452931e+06  1.000000000000000e+00  0.000000000000000e+00  7.195843617284274e-02  3.584128417466197e-02 
 8.511380382024758e+06  1.000000000000000e+00  0.000000000000000e+00  7.277919645500104e-02  3.544043238281084e-02 
 8.609937521847012e+06  1.000000000000000e+00  0.000000000000000e+00  7.360098622003639e-02  3.502496067452810e-02 
 8.709635899561824e+06  1.000000000000000e+00  0.000000000000000e+00  7.442363117124282e-02  3.459474521007098e-02 
 8.810488730081171e+06  1.000000000000000e+00  0.000000000000000e+00  7.524695603553710e-02  3.414966414483330e-02 
 8.912509381338498e+06  1.000000000000000e+00  0.000000000000000e+00  7.607078562794327e-02  3.368959596682817e-02 
 9.015711376060624e+06  1.000000000000000e+00  0.000000000000000e+00  7.689494458701072e-02  3.321442019765253e-02 
 9.120108393560166e+06  1.000000000000000e+00  0.000000000000000e+00  7.771925699640746e-02  3.272401741497363e-02 
 9.225714271548713e+06  1.000000000000000e+00  0.000000000000000e+00  7.854354712089763e-02  3.221826848076616e-02 
 9.332543007971006e+06  1.000000000000000e+00  0.000000000000000e+00  7.936763908192186e-02  3.169705441989296e-02 
 9.440608762860343e+06  1.000000000000000e+00  0.000000000000000e+00  8.019135648974385e-02  3.116025762419354e-02 
 9.549925860215481e+06  1.000000000000000e+00  0.000000000000000e+00  8.101452351077164e-02  3.060775896695388e-02 
 9.660508789899269e+06  1.000000000000000e+00  0.000000000000000e+00  8.183696376486435e-02  3.003944045483211e-02 
 9.772372209559256e+06  1.000000000000000e+00  0.000000000000000e+00  8.265850096703645e-02  2.945518304505003e-02 
 9.885530946570551e+06  1.000000000000000e+00  0.000000000000000e+00  8.347895866113203e-02  2.885486770529935e-02 
 1.000000000000118e+07  1.000000000000000e+00  0.000000000000000e+00  8.429816057163123e-02  2.823837349547722e-02 
 1.011579454260018e+07  1.000000000000000e+00  0.000000000000000e+00  8.511592955563395e-02  2.760558048947615e-02 
 1.023292992280875e+07  1.000000000000000e+00  0.000000000000000e+00  8.593208921805057e-02  2.695636485783475e-02 
 1.035142166679466e+07  1.000000000000000e+00  0.000000000000000e+00  8.674646195009618e-02  2.629060390815447e-02 
 1.047128548051023e+07  1.000000000000000e+00  0.000000000000000e+00  8.755887025410843e-02  2.560817160104764e-02 
 1.059253725177414e+07  1.000000000000000e+00  0.000000000000000e+00  8.836913580074567e-02  2.490894126254762e-02 
 1.071519305237733e+07  1.000000000000000e+00  0.000000000000000e+00  8.917708007899161e-02  2.419278278383136e-02 
 1.083926914021332e+07  1.000000000000000e+00  0.000000000000000e+00  8.998252327543027e-02  2.345956496112398e-02 
 1.096478196143315e+07  1.000000000000000e+00  0.000000000000000e+00  9.078528514506361e-02  2.270915309771895e-02 
 1.109174815262532e+07  1.000000000000000e+00  0.000000000000000e+00  9.158518405548080e-02  2.194141019119309e-02 
 1.122018454302096e+07  1.000000000000000e+00  0.000000000000000e+00  9.238203718020697e-02  2.115619624509804e-02 
 1.135010815672449e+07  1.000000000000000e+00  0.000000000000000e+00  9.317566045619149e-02  2.035336729429723e-02 
 1.148153621497019e+07  1.000000000000000e+00  0.000000000000000e+00  9.396586779717953e-02  1.953277668606720e-02 
 1.161448613840480e+07  1.000000000000000e+00  0.000000000000000e+00  9.475247139085363e-02  1.869427366450892e-02 
 1.174897554939669e+07  1.000000000000000e+00  0.000000000000000e+00  9.553528123269632e-02  1.783770352783812e-02 
 1.188502227437159e+07  1.000000000000000e+00  0.000000000000000e+00  9.631410477048713e-02  1.696290784291419e-02 
 1.202264434617556e+07  1.000000000000000e+00  0.000000000000000e+00  9.708874680241859e-02  1.606972321126893e-02 
 1.216186000646512e+07  1.000000000000000e+00  0.000000000000000e+00  9.785900901783515e-02  1.515798240356986e-02 
 1.230268770812528e+07  1.000000000000000e+00  0.000000000000000e+00  9.862469007072479e-02  1.422751158812876e-02 
 1.244514611771533e+07  1.000000000000000e+00  0.000000000000000e+00  9.938558436445849e-02  1.327813431562559e-02 
 1.258925411794317e+07  1.000000000000000e+00  0.000000000000000e+00  1.001414825928021e-01  1.230966762343952e-02 
 1.273503081016813e+07  1.000000000000000e+00  0.000000000000000e+00  1.008921707561398e-01  1.132192357573947e-02 
 1.288249551693287e+07  1.000000000000000e+00  0.000000000000000e+00  1.016374300988608e-01  1.031470892087030e-02 
 1.303166778452454e+07  1.000000000000000e+00  0.000000000000000e+00  1.023770365723877e-01  9.287824317337984e-03 
 1.318256738556564e+07  1.000000000000000e+00  0.000000000000000e+00  1.031107604515788e-01  8.241064497228185e-03 
 1.333521432163483e+07  1.000000000000000e+00  0.000000000000000e+00  1.038383656760737e-01  7.174218918739170e-03 
 1.348962882591814e+07  1.000000000000000e+00  0.000000000000000e+00  1.045596095523483e-01  6.087070703055543e-03 
 1.364583136589087e+07  1.000000000000000e+00  0.000000000000000e+00  1.052742423085417e-01  4.979396144200026e-03 
 1.380384264603049e+07  1.000000000000000e+00  0.000000000000000e+00  1.059820063172636e-01  3.850966056668159e-03 
 1.396368361056104e+07  1.000000000000000e+00  0.000000000000000e+00  1.066826357433609e-01  2.701545044018224e-03 
 1.412537544622923e+07  1.000000000000000e+00  0.000000000000000e+00  1.073758560437802e-01  1.530890121932732e-03 
 1.428893958511274e+07  1.000000000000000e+00  0.000000000000000e+00  1.080613831079700e-01  3.387535403342771e-04 
 1.445439770746100e+07  1.000000000000000e+00  0.000000000000000e+00  1.087389229979919e-01 -8.751206141639671e-04 
 1.462177174456893e+07  1.000000000000000e+00  0.000000000000000e+00  1.094081709889894e-01 -2.110993214386020e-03 
 1.479108388168385e+07  1.000000000000000e+00  0.000000000000000e+00  1.100688112808004e-01 -3.369133507954998e-03 
 1.496235656094613e+07  1.000000000000000e+00  0.000000000000000e+00  1.107205159651283e-01 -4.649815173394747e-03 
 1.513561248436390e+07  1.000000000000000e+00  0.000000000000000e+00  1.113629445662345e-01 -5.953319298419818e-03 
 1.531087461682214e+07  1.000000000000000e+00  0.000000000000000e+00  1.119957433372826e-01 -7.279933644248158e-03 
 1.548816618912667e+07  1.000000000000000e+00  0.000000000000000e+00  1.126185442900815e-01 -8.629950965981213e-03 
 1.566751070108337e+07  1.000000000000000e+00  0.000000000000000e+00  1.132309648721435e-01 -1.000367179449827e-02 
 1.584893192461304e+07  1.000000000000000e+00  0.000000000000000e+00  1.138326067504981e-01 -1.140140101039630e-02 
 1.603245390690234e+07  1.000000000000000e+00  0.000000000000000e+00  1.144230552140752e-01 -1.282345020566452e-02 
 1.621810097359125e+07  1.000000000000000e+00  0.000000000000000e+00  1.150018784538476e-01 -1.427013635580409e-02 
 1.640589773199737e+07  1.000000000000000e+00  0.000000000000000e+00  1.155686264808365e-01 -1.574178088661175e-02 
 1.659586907437761e+07  1.000000000000000e+00  0.000000000000000e+00  1.161228305418791e-01 -1.723871162703139e-02 
 1.678804018122763e+07  1.000000000000000e+00  0.000000000000000e+00  1.166640019413486e-01 -1.876125990020163e-02 
 1.698243652461949e+07  1.000000000000000e+00  0.000000000000000e+00  1.171916314367299e-01 -2.030976170043935e-02 
 1.717908387157796e+07  1.000000000000000e+00  0.000000000000000e+00  1.177051880047427e-01 -2.188455739923998e-02 
 1.737800828749586e+07  1.000000000000000e+00  0.000000000000000e+00  1.182041180872326e-01 -2.348599050124756e-02 
 1.757923613958905e+07  1.000000000000000e+00  0.000000000000000e+00  1.186878446745450e-01 -2.511440706551880e-02 
 1.778279410039138e+07  1.000000000000000e+00  0.000000000000000e+00  1.191557660166101e-01 -2.677015653045995e-02 
 1.798870915129006e+07  1.000000000000000e+00  0.000000000000000e+00  1.196072550464617e-01 -2.845358934880090e-02 
 1.819700858610204e+07  1.000000000000000e+00  0.000000000000000e+00  1.200416578010443e-01 -3.016505813095607e-02 
 1.840772001469179e+07  1.000000000000000e+00  0.000000000000000e+00  1.204582928384969e-01 -3.190491553631968e-02 
 1.862087136663093e+07  1.000000000000000e+00  0.000000000000000e+00  1.208564499151057e-01 -3.367351420081276e-02 
 1.883649089490029e+07  1.000000000000000e+00  0.000000000000000e+00  1.212353888798447e-01 -3.547120593422427e-02 
 1.905460717963478e+07  1.000000000000000e+00  0.000000000000000e+00  1.215943387139155e-01 -3.729834022398958e-02 
 1.927524913191170e+07  1.000000000000000e+00  0.000000000000000e+00  1.219324960644603e-01 -3.915526511965001e-02 
 1.949844599758282e+07  1.000000000000000e+00  0.000000000000000e+00  1.222490245181486e-01 -4.104232347852402e-02 
 1.972422736115093e+07  1.000000000000000e+00  0.000000000000000e+00  1.225430529748552e-01 -4.295985453056323e-02 
 1.995262314969122e+07  1.000000000000000e+00  0.000000000000000e+00  1.228136747440459e-01 -4.490819084259913e-02 
 2.018366363681806e+07  1.000000000000000e+00  0.000000000000000e+00  1.230599462481359e-01 -4.688765835215104e-02 
 2.041737944669778e+07  1.000000000000000e+00  0.000000000000000e+00  1.232808857525472e-01 -4.889857398840587e-02 
 2.065380155810780e+07  1.000000000000000e+00  0.000000000000000e+00  1.234754721941130e-01 -5.094124522543384e-02 
 2.089296130854294e+07  1.000000000000000e+00  0.000000000000000e+00  1.236426437827567e-01 -5.301596800967517e-02 
 2.113489039836904e+07  1.000000000000000e+00  0.000000000000000e+00  1.237812969100495e-01 -5.512302519006234e-02 
 2.137962089502493e+07  1.000000000000000e+00  0.000000000000000e+00  1.238902846749002e-01 -5.726268537497707e-02 
 2.162718523727284e+07  1.000000000000000e+00  0.000000000000000e+00  1.239684158364222e-01 -5.943519989522272e-02 
 2.187761623949819e+07  1.000000000000000e+00  0.000000000000000e+00  1.240144535710630e-01 -6.164080171054491e-02 
 2.213094709605908e+07  1.000000000000000e+00  0.000000000000000e+00  1.240271136568236e-01 -6.387970375848488e-02 
 2.238721138568613e+07  1.000000000000000e+00  0.000000000000000e+00  1.240050640660059e-01 -6.615209535421911e-02 
 2.264644307593336e+07  1.000000000000000e+00  0.000000000000000e+00  1.239469227508466e-01 -6.845814156197044e-02 
 2.290867652768053e+07  1.000000000000000e+00  0.000000000000000e+00  1.238512575648237e-01 -7.079797840970273e-02 
 2.317394649968762e+07  1.000000000000000e+00  0.000000000000000e+00  1.237165838072549e-01 -7.317171284397986e-02 
 2.344228815320209e+07  1.000000000000000e+00  0.000000000000000e+00  1.235413640268612e-01 -7.557941777828933e-02 
 2.371373705661946e+07  1.000000000000000e+00  0.000000000000000e+00  1.233240064070733e-01 -7.802113002667142e-02 
 2.398832919019784e+07  1.000000000000000e+00  0.000000000000000e+00  1.230628637147700e-01 -8.049684729773625e-02 
 2.426610095082713e+07  1.000000000000000e+00  0.000000000000000e+00  1.227562325027192e-01 -8.300652388452319e-02 
 2.454708915685331e+07  1.000000000000000e+00  0.000000000000000e+00  1.224023519280605e-01 -8.555006796857864e-02 
 2.483133105295875e+07  1.000000000000000e+00  0.000000000000000e+00  1.219994027738477e-01 -8.812733754861495e-02 
 2.511886431509889e+07  1.000000000000000e+00  0.000000000000000e+00  1.215455073962051e-01 -9.073813562954232e-02 
 2.540972705549617e+07  1.000000000000000e+00  0.000000000000000e+00  1.210387279006355e-01 -9.338220760241403e-02 
 2.570395782769180e+07  1.000000000000000e+00  0.000000000000000e+00  1.204770667245654e-01 -9.605923475809322e-02 
 2.600159563165592e+07  1.000000000000000e+00  0.000000000000000e+00  1.198584655633488e-01 -9.876883108339739e-02 
 2.630267991895705e+07  1.000000000000000e+00  0.000000000000000e+00  1.191808052441246e-01 -1.015105376715702e-01 
 2.660725059799137e+07  1.000000000000000e+00  0.000000000000000e+00  1.184419061648189e-01 -1.042838170500682e-01 
 2.691534803927247e+07  1.000000000000000e+00  0.000000000000000e+00  1.176395278372509e-01 -1.070880481529371e-01 
 2.722701308078248e+07  1.000000000000000e+00  0.000000000000000e+00  1.167713699563473e-01 -1.099225200313134e-01 
 2.754228703338506e+07  1.000000000000000e+00  0.000000000000000e+00  1.158350722757655e-01 -1.127864265631001e-01 
 2.786121168630114e+07  1.000000000000000e+00  0.000000000000000e+00  1.148282168982444e-01 -1.156788583023802e-01 
 2.818382931264801e+07  1.000000000000000e+00  0.000000000000000e+00  1.137483283329130e-01 -1.185987974989069e-01 
 2.851018267504261e+07  1.000000000000000e+00  0.000000000000000e+00  1.125928759229145e-01 -1.215451101841410e-01 
 2.884031503126962e+07  1.000000000000000e+00  0.000000000000000e+00  1.113592758840596e-01 -1.245165389151117e-01 
 2.917427014001527e+07  1.000000000000000e+00  0.000000000000000e+00  1.100448940917265e-01 -1.275116948539528e-01 
 2.951209226666751e+07  1.000000000000000e+00  0.000000000000000e+00  1.086470486384548e-01 -1.305290505799737e-01 
 2.985382618918329e+07  1.000000000000000e+00  0.000000000000000e+00  1.071630144920640e-01 -1.335669307790851e-01 
 3.019951720402390e+07  1.000000000000000e+00  0.000000000000000e+00  1.055900266001168e-01 -1.366235049357839e-01 
 3.054921113215892e+07  1.000000000000000e+00  0.000000000000000e+00  1.039252860586594e-01 -1.396967774739994e-01 
 3.090295432513973e+07  1.000000000000000e+00  0.000000000000000e+00  1.021659648860900e-01 -1.427845795496329e-01 
 3.126079367124343e+07  1.000000000000000e+00  0.000000000000000e+00  1.003092131106716e-01 -1.458845594488619e-01 
 3.162277660168771e+07  1.000000000000000e+00  0.000000000000000e+00  9.835216596845563e-02 -1.489941733012027e-01 
 3.198895109691795e+07  1.000000000000000e+00  0.000000000000000e+00  9.629195173791548e-02 -1.521106761764952e-01 
 3.235936569296684e+07  1.000000000000000e+00  0.000000000000000e+00  9.412570212088249e-02 -1.552311112626928e-01 
 3.273406948788789e+07  1.000000000000000e+00  0.000000000000000e+00  9.185056129992043e-02 -1.583523020254942e-01 
 3.311311214826322e+07  1.000000000000000e+00  0.000000000000000e+00  8.946369807096857e-02 -1.614708416480081e-01 
 3.349654391578693e+07  1.000000000000000e+00  0.000000000000000e+00  8.696231868874899e-02 -1.645830838231559e-01 
 3.388441561392447e+07  1.000000000000000e+00  0.000000000000000e+00  8.434368061878825e-02 -1.676851340168025e-01 
 3.427677865464929e+07  1.000000000000000e+00  0.000000000000000e+00  8.160510741706485e-02 -1.707728409207542e-01 
 3.467368504525747e+07  1.000000000000000e+00  0.000000000000000e+00  7.874400600806840e-02 -1.738417878725144e-01 
 3.507518739526116e+07  1.000000000000000e+00  0.000000000000000e+00  7.575788480678600e-02 -1.768872854979250e-01 
 3.548133892336196e+07  1.000000000000000e+00  0.000000000000000e+00  7.264437264438715e-02 -1.799043650538902e-01 
 3.589219346450499e+07  1.000000000000000e+00  0.000000000000000e+00  6.940124101611336e-02 -1.828877722305803e-01 
 3.630780547701465e+07  1.000000000000000e+00  0.000000000000000e+00  6.602642578809854e-02 -1.858319629175400e-01 
 3.672823004981304e+07  1.000000000000000e+00  0.000000000000000e+00  6.251805239636200e-02 -1.887310992646726e-01 
 3.715352290972188e+07  1.000000000000000e+00  0.000000000000000e+00  5.887446123003452e-02 -1.915790481837407e-01 
 3.758374042884910e+07  1.000000000000000e+00  0.000000000000000e+00  5.509423496951976e-02 -1.943693813632380e-01 
 3.801893963206086e+07  1.000000000000000e+00  0.000000000000000e+00  5.117622773363917e-02 -1.970953769197253e-01 
 3.845917820454016e+07  1.000000000000000e+00  0.000000000000000e+00  4.711959528184748e-02 -1.997500238107077e-01 
 3.890451449943291e+07  1.000000000000000e+00  0.000000000000000e+00  4.292382659225100e-02 -2.023260284948933e-01 
 3.935500754558266e+07  1.000000000000000e+00  0.000000000000000e+00  3.858877620345424e-02 -2.048158245677391e-01 
 3.981071705535470e+07  1.000000000000000e+00  0.000000000000000e+00  3.411469845566892e-02 -2.072115852398269e-01 
 4.027170343255094e+07  1.000000000000000e+00  0.000000000000000e+00  2.950228101625554e-02 -2.095052395880508e-01 
 4.073802778041637e+07  1.000000000000000e+00  0.000000000000000e+00  2.475268027515573e-02 -2.116884919451347e-01 
 4.120975190973818e+07  1.000000000000000e+00  0.000000000000000e+00  1.986755548937903e-02 -2.137528455878504e-01 
 4.168693834703876e+07  1.000000000000000e+00  0.000000000000000e+00  1.484910395135295e-02 -2.156896300378809e-01 
 4.216965034286351e+07  1.000000000000000e+00  0.000000000000000e+00  9.700093897425490e-03 -2.174900333147426e-01 
 4.265795188016462e+07  1.000000000000000e+00  0.000000000000000e+00  4.423898029769476e-03 -2.191451379045465e-01 
 4.315190768278193e+07  1.000000000000000e+00  0.000000000000000e+00 -9.754764464303947e-04 -2.206459621006150e-01 
 4.365158322402208e+07  1.000000000000000e+00  0.000000000000000e+00 -6.493358670290350e-03 -2.219835051825048e-01 
 4.415704473533680e+07  1.000000000000000e+00  0.000000000000000e+00 -1.212438961884631e-02 -2.231487978625989e-01 
 4.466835921510192e+07  1.000000000000000e+00  0.000000000000000e+00 -1.786249864482013e-02 -2.241329570625133e-01 
 4.518559443749791e+07  1.000000000000000e+00  0.000000000000000e+00 -2.370088686405340e-02 -2.249272448909919e-01 
 4.570881896149325e+07  1.000000000000000e+00  0.000000000000000e+00 -2.963201430781327e-02 -2.255231321064471e-01 
 4.623810213993184e+07  1.000000000000000e+00  0.000000000000000e+00 -3.564759178211890e-02 -2.259123646473380e-01 
 4.677351412872570e+07  1.000000000000000e+00  0.000000000000000e+00 -4.173858160873118e-02 -2.260870344772714e-01 
 4.731512589615400e+07  1.000000000000000e+00  0.000000000000000e+00 -4.789520261802122e-02 -2.260396518723507e-01 
 4.786300923226986e+07  1.000000000000000e+00  0.000000000000000e+00 -5.410694473268297e-02 -2.257632205717762e-01 
 4.841723675841603e+07  1.000000000000000e+00  0.000000000000000e+00 -6.036259016620829e-02 -2.252513136336068e-01 
 4.897788193685079e+07  1.000000000000000e+00  0.000000000000000e+00 -6.665024411721784e-02 -2.244981493352645e-01 
 4.954501908048527e+07  1.000000000000000e+00  0.000000000000000e+00 -7.295737518317881e-02 -2.234986665171248e-01 
 5.011872336273355e+07  1.000000000000000e+00  0.000000000000000e+00 -7.927086134168392e-02 -2.222485979003757e-01 
 5.069907082747684e+07  1.000000000000000e+00  0.000000000000000e+00 -8.557704997980203e-02 -2.207445397603698e-01 
 5.128613839914297e+07  1.000000000000000e+00  0.000000000000000e+00 -9.186182287104111e-02 -2.189840180295655e-01 
 5.188000389290267e+07  1.000000000000000e+00  0.000000000000000e+00 -9.811067198164847e-02 -2.169655475777259e-01 
 5.248074602498390e+07  1.000000000000000e+00  0.000000000000000e+00 -1.043087823197617e-01 -2.146886859377684e-01 
 5.308844442310555e+07  1.000000000000000e+00  0.000000000000000e+00 -1.104411231834675e-01 -2.121540776309316e-01 
 5.370317963703207e+07  1.000000000000000e+00  0.000000000000000e+00 -1.164925452544144e-01 -2.093634899324971e-01 
 5.432503314925020e+07  1.000000000000000e+00  0.000000000000000e+00 -1.224478832880670e-01 -2.063198383168185e-01 
 5.495408738576942e+07  1.000000000000000e+00  0.000000000000000e+00 -1.282920634030373e-01 -2.030272004898358e-01 
 5.559042572704741e+07  1.000000000000000e+00  0.000000000000000e+00 -1.340102126718439e-01 -1.994908187317101e-01 
 5.623413251904204e+07  1.000000000000000e+00  0.000000000000000e+00 -1.395877707079883e-01 -1.957170895802572e-01 
 5.688529308439137e+07  1.000000000000000e+00  0.000000000000000e+00 -1.450105997895026e-01 -1.917135415796615e-01 
 5.754399373372301e+07  1.000000000000000e+00  0.000000000000000e+00 -1.502650942207886e-01 -1.874887995213932e-01 
 5.821032177709454e+07  1.000000000000000e+00  0.000000000000000e+00 -1.553382851127411e-01 -1.830525367329824e-01 
 5.888436553556639e+07  1.000000000000000e+00  0.000000000000000e+00 -1.602179403258329e-01 -1.784154151248644e-01 
 5.956621435290863e+07  1.000000000000000e+00  0.000000000000000e+00 -1.648926570083296e-01 -1.735890142016248e-01 
 6.025595860744344e+07  1.000000000000000e+00  0.000000000000000e+00 -1.693519466471946e-01 -1.685857496810207e-01 
 6.095368972402468e+07  1.000000000000000e+00  0.000000000000000e+00 -1.735863087552961e-01 -1.634187829138097e-01 
 6.165950018615607e+07  1.000000000000000e+00  0.000000000000000e+00 -1.775872957502715e-01 -1.581019227490840e-01 
 6.237348354824988e+07  1.000000000000000e+00  0.000000000000000e+00 -1.813475647498635e-01 -1.526495210190601e-01 
 6.309573444802737e+07  1.000000000000000e+00  0.000000000000000e+00 -1.848609171759453e-01 -1.470763632759745e-01 
 6.382634861906301e+07  1.000000000000000e+00  0.000000000000000e+00 -1.881223262999379e-01 -1.413975569047088e-01 
 6.456542290347379e+07  1.000000000000000e+00  0.000000000000000e+00 -1.911279510999860e-01 -1.356284177436619e-01 
 6.531305526475558e+07  1.000000000000000e+00  0.000000000000000e+00 -1.938751374935200e-01 -1.297843574279662e-01 
 6.606934480076804e+07  1.000000000000000e+00  0.000000000000000e+00 -1.963624074532880e-01 -1.238807725383413e-01 
 6.683439175687000e+07  1.000000000000000e+00  0.000000000000000e+00 -1.985894359232398e-01 -1.179329377528552e-01 
 6.760829753920682e+07  1.000000000000000e+00  0.000000000000000e+00 -2.005570167709584e-01 -1.119559036350676e-01 
 6.839116472815168e+07  1.000000000000000e+00  0.000000000000000e+00 -2.022670187495028e-01 -1.059644009156200e-01 
 6.918309709190249e+07  1.000000000000000e+00  0.000000000000000e+00 -2.037223322546078e-01 -9.997275235388077e-02 
 6.998419960023630e+07  1.000000000000000e+00  0.000000000000000e+00 -2.049268084696639e-01 -9.399479216160939e-02 
 7.079457843842284e+07  1.000000000000000e+00  0.000000000000000e+00 -2.058851917535219e-01 -8.804379502468189e-02 
 7.161434102129936e+07  1.000000000000000e+00  0.000000000000000e+00 -2.066030471918227e-01 -8.213241381697403e-02 
 7.244359600750828e+07  1.000000000000000e+00  0.000000000000000e+00 -2.070866838727149e-01 -7.627262730763509e-02 
 7.328245331389979e+07  1.000000000000000e+00  0.000000000000000e+00 -2.073430761741555e-01 -7.047569684801770e-02 
 7.413102413010125e+07  1.000000000000000e+00  0.000000000000000e+00 -2.073797825568230e-01 -6.475213369191565e-02 
 7.498942093325520e+07  1.000000000000000e+00  0.000000000000000e+00 -2.072048656025079e-01 -5.911167422641971e-02 
 7.585775750292811e+07  1.000000000000000e+00  0.000000000000000e+00 -2.068268118201649e-01 -5.356326497448265e-02 
 7.673614893619174e+07  1.000000000000000e+00  0.000000000000000e+00 -2.062544537116875e-01 -4.811505556701494e-02 
 7.762471166287914e+07  1.000000000000000e+00  0.000000000000000e+00 -2.054968944349938e-01 -4.277439927569150e-02 
 7.852356346101727e+07  1.000000000000000e+00  0.000000000000000e+00 -2.045634354970935e-01 -3.754786110567927e-02 
 7.943282347243837e+07  1.000000000000000e+00  0.000000000000000e+00 -2.034635090171605e-01 -3.244123145821027e-02 
 8.035261221857207e+07  1.000000000000000e+00  0.000000000000000e+00 -2.022066137103176e-01 -2.745954577457649e-02 
 8.128305161642039e+07  1.000000000000000e+00  0.000000000000000e+00 -2.008022559493067e-01 -2.260710911616380e-02 
 8.222426499471770e+07  1.000000000000000e+00  0.000000000000000e+00 -1.992598958293561e-01 -1.788752409562443e-02 
 8.317637711027782e+07  1.000000000000000e+00  0.000000000000000e+00 -1.975888978253568e-01 -1.330372327227867e-02 
 8.413951416453035e+07  1.000000000000000e+00  0.000000000000000e+00 -1.957984873286454e-01 -8.858002806689264e-03 
 8.511380382024862e+07  1.000000000000000e+00  0.000000000000000e+00 -1.938977115400058e-01 -4.552059213855609e-03 
 8.609937521847117e+07  1.000000000000000e+00  0.000000000000000e+00 -1.918954057404304e-01 -3.870268848020714e-04 
 8.709635899561930e+07  1.000000000000000e+00  0.000000000000000e+00 -1.898001643444862e-01  3.636483612140938e-03 
 8.810488730081278e+07  1.000000000000000e+00  0.000000000000000e+00 -1.876203162940042e-01  7.518346607564420e-03 
 8.912509381338607e+07  1.000000000000000e+00  0.000000000000000e+00 -1.853639049101040e-01  1.125888254693509e-02 
 9.015711376060735e+07  1.000000000000000e+00  0.000000000000000e+00 -1.830386719751667e-01  1.485882017062528e-02 
 9.120108393560277e+07  1.000000000000000e+00  0.000000000000000e+00 -1.806520451197689e-01  1.831925878216133e-02 
 9.225714271548826e+07  1.000000000000000e+00  0.000000000000000e+00 -1.782111291704122e-01  2.164163238399438e-02 
 9.332543007971118e+07  1.000000000000000e+00  0.000000000000000e+00 -1.757227002171655e-01  2.482767465265496e-02 
 9.440608762860456e+07  1.000000000000000e+00  0.000000000000000e+00 -1.731932027053158e-01  2.787938544849165e-02 
 9.549925860215597e+07  1.000000000000000e+00  0.000000000000000e+00 -1.706287489914581e-01  3.079899908505792e-02 
 9.660508789899386e+07  1.000000000000000e+00  0.000000000000000e+00 -1.680351210897178e-01  3.358895434442613e-02 
 9.772372209559375e+07  1.000000000000000e+00  0.000000000000000e+00 -1.654177744285921e-01  3.625186625850292e-02 
 9.885530946570672e+07  1.000000000000000e+00  0.000000000000000e+00 -1.627818431953287e-01  3.879049959013773e-02 
 1.000000000000130e+08  1.000000000000000e+00  0.000000000000000e+00 -1.601321471636124e-01  4.120774428236209e-02 
 1.011579454260030e+08  1.000000000000000e+00  0.000000000000000e+00 -1.574731996936369e-01  4.350659272950247e-02 
 1.023292992280887e+08  1.000000000000000e+00  0.000000000000000e+00 -1.548092167242208e-01  4.569011883365540e-02 
 1.035142166679479e+08  1.000000000000000e+00  0.000000000000000e+00 -1.521441265232286e-01  4.776145849593527e-02 
 1.047128548051036e+08  1.000000000000000e+00  0.000000000000000e+00 -1.494815800883219e-01  4.972379263127648e-02 
 1.059253725177427e+08  1.000000000000000e+00  0.000000000000000e+00 -1.468249620186035e-01  5.158033046382992e-02 
 1.071519305237746e+08  1.000000000000000e+00  0.000000000000000e+00 -1.441774016030312e-01  5.333429587519856e-02 
 1.083926914021345e+08  1.000000000000000e+00  0.000000000000000e+00 -1.415417842530408e-01  5.498891385652134e-02 
 1.096478196143328e+08  1.000000000000000e+00  0.000000000000000e+00 -1.389207628913495e-01  5.654739928430206e-02 
 1.109174815262546e+08  1.000000000000000e+00  0.000000000000000e+00 -1.363167693826066e-01  5.801294655886827e-02 
 1.122018454302110e+08  1.000000000000000e+00  0.000000000000000e+00 -1.337320259050705e-01  5.938872035593027e-02 
 1.135010815672463e+08  1.000000000000000e+00  0.000000000000000e+00 -1.311685560916587e-01  6.067784789046694e-02 
 1.148153621497033e+08  1.000000000000000e+00  0.000000000000000e+00 -1.286281960369756e-01  6.188341175191928e-02 
 1.161448613840495e+08  1.000000000000000e+00  0.000000000000000e+00 -1.261126049584908e-01  6.300844413668909e-02 
 1.174897554939683e+08  1.000000000000000e+00  0.000000000000000e+00 -1.236232756454405e-01  6.405592153560297e-02 
 1.188502227437174e+08  1.000000000000000e+00  0.000000000000000e+00 -1.211615444887454e-01  6.502876058243821e-02 
 1.202264434617570e+08  1.000000000000000e+00  0.000000000000000e+00 -1.187286012465885e-01  6.592981427735771e-02 
 1.216186000646528e+08  1.000000000000000e+00  0.000000000000000e+00 -1.163254983126269e-01  6.676186935244828e-02 
 1.230268770812543e+08  1.000000000000000e+00  0.000000000000000e+00 -1.139531597744899e-01  6.752764364430190e-02 
 1.244514611771549e+08  1.000000000000000e+00  0.000000000000000e+00 -1.116123899098443e-01  6.822978450522023e-02 
 1.258925411794333e+08  1.000000000000000e+00  0.000000000000000e+00 -1.093038813871805e-01  6.887086744992775e-02 
 1.273503081016829e+08  1.000000000000000e+00  0.000000000000000e+00 -1.070282230630415e-01  6.945339526017444e-02 
 1.288249551693303e+08  1.000000000000000e+00  0.000000000000000e+00 -1.047859073484732e-01  6.997979756766012e-02 
 1.303166778452471e+08  1.000000000000000e+00  0.000000000000000e+00 -1.025773372331511e-01  7.045243066421876e-02 
 1.318256738556581e+08  1.000000000000000e+00  0.000000000000000e+00 -1.004028329094408e-01  7.087357769028013e-02 
 1.333521432163500e+08  1.000000000000000e+00  0.000000000000000e+00 -9.826263809173065e-02  7.124544895890753e-02 
 1.348962882591831e+08  1.000000000000000e+00  0.000000000000000e+00 -9.615692582095524e-02  7.157018282844756e-02 
 1.364583136589105e+08  1.000000000000000e+00  0.000000000000000e+00 -9.408580414602577e-02  7.184984630527833e-02 
 1.380384264603067e+08  1.000000000000000e+00  0.000000000000000e+00 -9.204932124846008e-02  7.208643631582774e-02 
 1.396368361056122e+08  1.000000000000000e+00  0.000000000000000e+00 -9.004747045661725e-02  7.228188065252303e-02 
 1.412537544622941e+08  1.000000000000000e+00  0.000000000000000e+00 -8.808019482331017e-02  7.243803936853828e-02 
 1.428893958511291e+08  1.000000000000000e+00  0.000000000000000e+00 -8.614739141406172e-02  7.255670620910341e-02 
 1.445439770746118e+08  1.000000000000000e+00  0.000000000000000e+00 -8.424891537110538e-02  7.263961004768633e-02 
 1.462177174456911e+08  1.000000000000000e+00  0.000000000000000e+00 -8.238458370519558e-02  7.268841642966770e-02 
 1.479108388168403e+08  1.000000000000000e+00  0.000000000000000e+00 -8.055417880188043e-02  7.270472917681978e-02 
 1.496235656094631e+08  1.000000000000000e+00  0.000000000000000e+00 -7.875745172108789e-02  7.269009202518201e-02 
 1.513561248436408e+08  1.000000000000000e+00  0.000000000000000e+00 -7.699412528835452e-02  7.264599023549025e-02 
 1.531087461682233e+08  1.000000000000000e+00  0.000000000000000e+00 -7.526389683268205e-02  7.257385245985516e-02 
 1.548816618912686e+08  1.000000000000000e+00  0.000000000000000e+00 -7.356644101125119e-02  7.247505215050815e-02 
 1.566751070108357e+08  1.000000000000000e+00  0.000000000000000e+00 -7.190141214088848e-02  7.235090945188666e-02 
 1.584893192461324e+08  1.000000000000000e+00  0.000000000000000e+00 -7.026844649052459e-02  7.220269287024429e-02 
 1.603245390690254e+08  1.000000000000000e+00  0.000000000000000e+00 -6.866716449078240e-02  7.203162079718990e-02 
 1.621810097359145e+08  1.000000000000000e+00  0.000000000000000e+00 -6.709717256122834e-02  7.183886335970206e-02 
 1.640589773199757e+08  1.000000000000000e+00  0.000000000000000e+00 -6.555806504602095e-02  7.162554386315330e-02 
 1.659586907437781e+08  1.000000000000000e+00  0.000000000000000e+00 -6.404942580493854e-02  7.139274051444894e-02 
 1.678804018122783e+08  1.000000000000000e+00  0.000000000000000e+00 -6.257082980436691e-02  7.114148792499662e-02 
 1.698243652461970e+08  1.000000000000000e+00  0.000000000000000e+00 -6.112184449502011e-02  7.087277871913847e-02 
 1.717908387157817e+08  1.000000000000000e+00  0.000000000000000e+00 -5.970203120200185e-02  7.058756492887661e-02 
 1.737800828749607e+08  1.000000000000000e+00  0.000000000000000e+00 -5.831094625598789e-02  7.028675956677763e-02 
 1.757923613958926e+08  1.000000000000000e+00  0.000000000000000e+00 -5.694814212029142e-02  6.997123802154391e-02 
 1.778279410039160e+08  1.000000000000000e+00  0.000000000000000e+00 -5.561316845812471e-02  6.964183940506764e-02 
 1.798870915129028e+08  1.000000000000000e+00  0.000000000000000e+00 -5.430557298582370e-02  6.929936798354053e-02 
 1.819700858610226e+08  1.000000000000000e+00  0.000000000000000e+00 -5.302490239163555e-02  6.894459442562959e-02 
 1.840772001469201e+08  1.000000000000000e+00  0.000000000000000e+00 -5.177070308196269e-02  6.857825710761099e-02 
 1.862087136663116e+08  1.000000000000000e+00  0.000000000000000e+00 -5.054252190638635e-02  6.820106333263291e-02 
 1.883649089490052e+08  1.000000000000000e+00  0.000000000000000e+00 -4.933990676800762e-02  6.781369056255870e-02 
 1.905460717963502e+08  1.000000000000000e+00  0.000000000000000e+00 -4.816240726378408e-02  6.741678752233846e-02 
 1.927524913191193e+08  1.000000000000000e+00  0.000000000000000e+00 -4.700957518929368e-02  6.701097533791092e-02 
 1.949844599758306e+08  1.000000000000000e+00  0.000000000000000e+00 -4.588096502723561e-02  6.659684861646420e-02 
 1.972422736115117e+08  1.000000000000000e+00  0.000000000000000e+00 -4.477613436663393e-02  6.617497649595933e-02 
 1.995262314969147e+08  1.000000000000000e+00  0.000000000000000e+00 -4.369464432181117e-02  6.574590362374298e-02 
 2.018366363681831e+08  1.000000000000000e+00  0.000000000000000e+00 -4.263605984637484e-02  6.531015116112004e-02 
 2.041737944669803e+08  1.000000000000000e+00  0.000000000000000e+00 -4.159995008227998e-02  6.486821768136239e-02 
 2.065380155810806e+08  1.000000000000000e+00  0.000000000000000e+00 -4.058588860800789e-02  6.442058009637860e-02 
 2.089296130854320e+08  1.000000000000000e+00  0.000000000000000e+00 -3.959345371446011e-02  6.396769449706803e-02 
 2.113489039836930e+08  1.000000000000000e+00  0.000000000000000e+00 -3.862222858857577e-02  6.350999701107686e-02 
 2.137962089502519e+08  1.000000000000000e+00  0.000000000000000e+00 -3.767180156703660e-02  6.304790455832322e-02 
 2.162718523727311e+08  1.000000000000000e+00  0.000000000000000e+00 -3.674176619784199e-02  6.258181570162674e-02 
 2.187761623949846e+08  1.000000000000000e+00  0.000000000000000e+00 -3.583172147641552e-02  6.211211131227908e-02 
 2.213094709605935e+08  1.000000000000000e+00  0.000000000000000e+00 -3.494127192726419e-02  6.163915531730323e-02 
 2.238721138568640e+08  1.000000000000000e+00  0.000000000000000e+00 -3.407002771292511e-02  6.116329537383201e-02 
 2.264644307593364e+08  1.000000000000000e+00  0.000000000000000e+00 -3.321760471439062e-02  6.068486353505989e-02 
 2.290867652768081e+08  1.000000000000000e+00  0.000000000000000e+00 -3.238362460588511e-02  6.020417687319676e-02 
 2.317394649968790e+08  1.000000000000000e+00  0.000000000000000e+00 -3.156771488448560e-02  5.972153810433401e-02 
 2.344228815320238e+08  1.000000000000000e+00  0.000000000000000e+00 -3.076950895588023e-02  5.923723613887760e-02 
 2.371373705661975e+08  1.000000000000000e+00  0.000000000000000e+00 -2.998864610207849e-02  5.875154668183632e-02 
 2.398832919019814e+08  1.000000000000000e+00  0.000000000000000e+00 -2.922477154827510e-02  5.826473273529743e-02 
 2.426610095082743e+08  1.000000000000000e+00  0.000000000000000e+00 -2.847753644656256e-02  5.777704512888539e-02 
 2.454708915685362e+08  1.000000000000000e+00  0.000000000000000e+00 -2.774659785637013e-02  5.728872302400947e-02 
 2.483133105295905e+08  1.000000000000000e+00  0.000000000000000e+00 -2.703161875608226e-02  5.679999437326202e-02 
 2.511886431509919e+08  1.000000000000000e+00  0.000000000000000e+00 -2.633226800609470e-02  5.631107638818782e-02 
 2.540972705549648e+08  1.000000000000000e+00  0.000000000000000e+00 -2.564822034600901e-02  5.582217596011387e-02 
 2.570395782769211e+08  1.000000000000000e+00  0.000000000000000e+00 -2.497915630657464e-02  5.533349011315510e-02 
 2.600159563165624e+08  1.000000000000000e+00  0.000000000000000e+00 -2.432476223470493e-02  5.484520636921410e-02 
 2.630267991895738e+08  1.000000000000000e+00  0.000000000000000e+00 -2.368473021258239e-02  5.435750315556764e-02 
 2.660725059799170e+08  1.000000000000000e+00  0.000000000000000e+00 -2.305875798534366e-02  5.387055018926713e-02 
 2.691534803927280e+08  1.000000000000000e+00  0.000000000000000e+00 -2.244654898220549e-02  5.338450879033080e-02 
 2.722701308078281e+08  1.000000000000000e+00  0.000000000000000e+00 -2.184781216199432e-02  5.289953227893525e-02 
 2.754228703338540e+08  1.000000000000000e+00  0.000000000000000e+00 -2.126226203639882e-02  5.241576625535155e-02 
 2.786121168630148e+08  1.000000000000000e+00  0.000000000000000e+00 -2.068961855449484e-02  5.193334894473550e-02 
 2.818382931264836e+08  1.000000000000000e+00  0.000000000000000e+00 -2.012960705742402e-02  5.145241148735747e-02 
 2.851018267504296e+08  1.000000000000000e+00  0.000000000000000e+00 -1.958195820870304e-02  5.097307822911036e-02 
 2.884031503126997e+08  1.000000000000000e+00  0.000000000000000e+00 -1.904640791709845e-02  5.049546700345427e-02 
 2.917427014001563e+08  1.000000000000000e+00  0.000000000000000e+00 -1.852269728287212e-02  5.001968938967754e-02 
 2.951209226666787e+08  1.000000000000000e+00  0.000000000000000e+00 -1.801057248282856e-02  4.954585098953772e-02 
 2.985382618918365e+08  1.000000000000000e+00  0.000000000000000e+00 -1.750978476288592e-02  4.907405164087585e-02 
 3.019951720402427e+08  1.000000000000000e+00  0.000000000000000e+00 -1.702009028769433e-02  4.860438568947856e-02 
 3.054921113215929e+08  1.000000000000000e+00  0.000000000000000e+00 -1.654125012326343e-02  4.813694218872343e-02 
 3.090295432514011e+08  1.000000000000000e+00  0.000000000000000e+00 -1.607303014182138e-02  4.767180512523041e-02 
 3.126079367124381e+08  1.000000000000000e+00  0.000000000000000e+00 -1.561520092801717e-02  4.720905363593748e-02 
 3.162277660168810e+08  1.000000000000000e+00  0.000000000000000e+00 -1.516753773551376e-02  4.674876219352749e-02 
 3.198895109691834e+08  1.000000000000000e+00  0.000000000000000e+00 -1.472982037550950e-02  4.629100081386259e-02 
 3.235936569296724e+08  1.000000000000000e+00  0.000000000000000e+00 -1.430183316348731e-02  4.583583523045755e-02 
 3.273406948788829e+08  1.000000000000000e+00  0.000000000000000e+00 -1.388336484026556e-02  4.538332707371801e-02 
 3.311311214826363e+08  1.000000000000000e+00  0.000000000000000e+00 -1.347420848173768e-02  4.493353404559722e-02 
 3.349654391578735e+08  1.000000000000000e+00  0.000000000000000e+00 -1.307416144232498e-02  4.448651007661527e-02 
 3.388441561392489e+08  1.000000000000000e+00  0.000000000000000e+00 -1.268302525405908e-02  4.404230549212668e-02 
 3.427677865464973e+08  1.000000000000000e+00  0.000000000000000e+00 -1.230060558860934e-02  4.360096714909552e-02 
 3.467368504525791e+08  1.000000000000000e+00  0.000000000000000e+00 -1.192671214148915e-02  4.316253859681283e-02 
 3.507518739526161e+08  1.000000000000000e+00  0.000000000000000e+00 -1.156115859385118e-02  4.272706020217094e-02 
 3.548133892336241e+08  1.000000000000000e+00  0.000000000000000e+00 -1.120376250404409e-02  4.229456929717293e-02 
 3.589219346450545e+08  1.000000000000000e+00  0.000000000000000e+00 -1.085434527709252e-02  4.186510029115693e-02 
 3.630780547701512e+08  1.000000000000000e+00  0.000000000000000e+00 -1.051273205255751e-02  4.143868480924120e-02 
 3.672823004981351e+08  1.000000000000000e+00  0.000000000000000e+00 -1.017875166578461e-02  4.101535179947010e-02 
 3.715352290972236e+08  1.000000000000000e+00  0.000000000000000e+00 -9.852236552344851e-03  4.059512765518432e-02 
 3.758374042884958e+08  1.000000000000000e+00  0.000000000000000e+00 -9.533022701244407e-03  4.017803631709389e-02 
 3.801893963206135e+08  1.000000000000000e+00  0.000000000000000e+00 -9.220949568070139e-03  3.976409938454115e-02 
 3.845917820454065e+08  1.000000000000000e+00  0.000000000000000e+00 -8.915860019092729e-03  3.935333621243015e-02 
 3.890451449943342e+08  1.000000000000000e+00  0.000000000000000e+00 -8.617600263225968e-03  3.894576400911891e-02 
 3.935500754558317e+08  1.000000000000000e+00  0.000000000000000e+00 -8.326019786891882e-03  3.854139792960827e-02 
 3.981071705535522e+08  1.000000000000000e+00  0.000000000000000e+00 -8.040971277953073e-03  3.814025116825449e-02 
 4.027170343255147e+08  1.000000000000000e+00  0.000000000000000e+00 -7.762310585468672e-03  3.774233503837397e-02 
 4.073802778041690e+08  1.000000000000000e+00  0.000000000000000e+00 -7.489896636992430e-03  3.734765906070056e-02 
 4.120975190973871e+08  1.000000000000000e+00  0.000000000000000e+00 -7.223591384027049e-03  3.695623104081101e-02 
 4.168693834703930e+08  1.000000000000000e+00  0.000000000000000e+00 -6.963259743085223e-03  3.656805714524965e-02 
 4.216965034286405e+08  1.000000000000000e+00  0.000000000000000e+00 -6.708769535669888e-03  3.618314197504319e-02 
 4.265795188016517e+08  1.000000000000000e+00  0.000000000000000e+00 -6.459991427766648e-03  3.580148863690043e-02 
 4.315190768278250e+08  1.000000000000000e+00  0.000000000000000e+00 -6.216798870211155e-03  3.542309881133988e-02 
 4.365158322402264e+08  1.000000000000000e+00  0.000000000000000e+00 -5.979068046634824e-03  3.504797281703278e-02 
 4.415704473533736e+08  1.000000000000000e+00  0.000000000000000e+00 -5.746677823303729e-03  3.467610967191497e-02 
 4.466835921510250e+08  1.000000000000000e+00  0.000000000000000e+00 -5.519509676315619e-03  3.430750715802439e-02 
 4.518559443749850e+08  1.000000000000000e+00  0.000000000000000e+00 -5.297447657278807e-03  3.394216187462780e-02 
 4.570881896149384e+08  1.000000000000000e+00  0.000000000000000e+00 -5.080378326927535e-03  3.358006929714853e-02 
 4.623810213993244e+08  1.000000000000000e+00  0.000000000000000e+00 -4.868190706311131e-03  3.322122382984730e-02 
 4.677351412872631e+08  1.000000000000000e+00  0.000000000000000e+00 -4.660776239814098e-03  3.286561885425485e-02 
 4.731512589615462e+08  1.000000000000000e+00  0.000000000000000e+00 -4.458028722957894e-03  3.251324678343323e-02 
 4.786300923227049e+08  1.000000000000000e+00  0.000000000000000e+00 -4.259844265258319e-03  3.216409910692822e-02 
 4.841723675841666e+08  1.000000000000000e+00  0.000000000000000e+00 -4.066121245007856e-03  3.181816643573367e-02 
 4.897788193685143e+08  1.000000000000000e+00  0.000000000000000e+00 -3.876760255187609e-03  3.147543854771901e-02 
 4.954501908048592e+08  1.000000000000000e+00  0.000000000000000e+00 -3.691664058183355e-03  3.113590442930698e-02 
 5.011872336273420e+08  1.000000000000000e+00  0.000000000000000e+00 -3.510737545212058e-03  3.079955231529815e-02 
 5.069907082747750e+08  1.000000000000000e+00  0.000000000000000e+00 -3.333887683535092e-03  3.046636972918362e-02 
 5.128613839914363e+08  1.000000000000000e+00  0.000000000000000e+00 -3.161023483959233e-03  3.013634351864973e-02 
 5.188000389290334e+08  1.000000000000000e+00  0.000000000000000e+00 -2.992055947244072e-03  2.980945989324174e-02 
 5.248074602498457e+08  1.000000000000000e+00  0.000000000000000e+00 -2.826898024769512e-03  2.948570445843358e-02 
 5.308844442310624e+08  1.000000000000000e+00  0.000000000000000e+00 -2.665464581657442e-03  2.916506224824841e-02 
 5.370317963703276e+08  1.000000000000000e+00  0.000000000000000e+00 -2.507672351829846e-03  2.884751775767796e-02 
 5.432503314925090e+08  1.000000000000000e+00  0.000000000000000e+00 -2.353439900970149e-03  2.853305497292026e-02 
 5.495408738577013e+08  1.000000000000000e+00  0.000000000000000e+00 -2.202687583594013e-03  2.822165740147601e-02 
 5.559042572704812e+08  1.000000000000000e+00  0.000000000000000e+00 -2.055337511622127e-03  2.791330809929993e-02 
 5.623413251904277e+08  1.000000000000000e+00  0.000000000000000e+00 -1.911313509186539e-03  2.760798969913532e-02 
 5.688529308439209e+08  1.000000000000000e+00  0.000000000000000e+00 -1.770541085250469e-03  2.730568443520110e-02 
 5.754399373372374e+08  1.000000000000000e+00  0.000000000000000e+00 -1.632947384413022e-03  2.700637417001818e-02 
 5.821032177709528e+08  1.000000000000000e+00  0.000000000000000e+00 -1.498461166560198e-03  2.671004041648665e-02 
 5.888436553556714e+08  1.000000000000000e+00  0.000000000000000e+00 -1.367012761954270e-03  2.641666436218389e-02 
 5.956621435290939e+08  1.000000000000000e+00  0.000000000000000e+00 -1.238534041650395e-03  2.612622689104795e-02 
 6.025595860744421e+08  1.000000000000000e+00  0.000000000000000e+00 -1.112958384812929e-03  2.583870860459705e-02 
 6.095368972402545e+08  1.000000000000000e+00  0.000000000000000e+00 -9.902206419942245e-04  2.555408984255185e-02 
 6.165950018615686e+08  1.000000000000000e+00  0.000000000000000e+00 -8.702571111136898e-04  2.527235070186397e-02 
 6.237348354825066e+08  1.000000000000000e+00  0.000000000000000e+00 -7.530054977064623e-04  2.499347105605542e-02 
 6.309573444802817e+08  1.000000000000000e+00  0.000000000000000e+00 -6.384048899866544e-04  2.471743057285860e-02 
 6.382634861906382e+08  1.000000000000000e+00  0.000000000000000e+00 -5.263957274085363e-04  2.444420873143045e-02 
 6.456542290347461e+08  1.000000000000000e+00  0.000000000000000e+00 -4.169197709481886e-04  2.417378483906994e-02 
 6.531305526475639e+08  1.000000000000000e+00  0.000000000000000e+00 -3.099200750876001e-04  2.390613804689961e-02 
 6.606934480076886e+08  1.000000000000000e+00  0.000000000000000e+00 -2.053409602843143e-04  2.364124736510287e-02 
 6.683439175687084e+08  1.000000000000000e+00  0.000000000000000e+00 -1.031279839050728e-04  2.337909167746960e-02 
 6.760829753920767e+08  1.000000000000000e+00  0.000000000000000e+00 -3.227914367747596e-06  2.311964975538197e-02 
 6.839116472815254e+08  1.000000000000000e+00  0.000000000000000e+00  9.441129448255168e-05  2.286290027105362e-02 
 6.918309709190336e+08  1.000000000000000e+00  0.000000000000000e+00  1.898405323895190e-04  2.260882181046918e-02 
 6.998419960023718e+08  1.000000000000000e+00  0.000000000000000e+00  2.831095529281147e-04  2.235739288542217e-02 
 7.079457843842374e+08  1.000000000000000e+00  0.000000000000000e+00  3.742670022448698e-04  2.210859194538672e-02 
 7.161434102130027e+08  1.000000000000000e+00  0.000000000000000e+00  4.633604434521936e-04  2.186239738863975e-02 
 7.244359600750920e+08  1.000000000000000e+00  0.000000000000000e+00  5.504363745660663e-04  2.161878757299754e-02 
 7.328245331390072e+08  1.000000000000000e+00  0.000000000000000e+00  6.355402617951106e-04  2.137774082607340e-02 
 7.413102413010219e+08  1.000000000000000e+00  0.000000000000000e+00  7.187165520566021e-04  2.113923545503352e-02 
 7.498942093325615e+08  1.000000000000000e+00  0.000000000000000e+00  8.000087009460958e-04  2.090324975599490e-02 
 7.585775750292907e+08  1.000000000000000e+00  0.000000000000000e+00  8.794591937547311e-04  2.066976202295160e-02 
 7.673614893619272e+08  1.000000000000000e+00  0.000000000000000e+00  9.571095647507401e-04  2.043875055630242e-02 
 7.762471166288012e+08  1.000000000000000e+00  0.000000000000000e+00  1.033000422866433e-03  2.021019367099669e-02 
 7.852356346101826e+08  1.000000000000000e+00  0.000000000000000e+00  1.107171464300534e-03  1.998406970436717e-02 
 7.943282347243937e+08  1.000000000000000e+00  0.000000000000000e+00  1.179661500826376e-03  1.976035702342422e-02 
 8.035261221857308e+08  1.000000000000000e+00  0.000000000000000e+00  1.250508473556066e-03  1.953903403202666e-02 
 8.128305161642141e+08  1.000000000000000e+00  0.000000000000000e+00  1.319749473805173e-03  1.932007917761733e-02 
 8.222426499471874e+08  1.000000000000000e+00  0.000000000000000e+00  1.387420763363172e-03  1.910347095754633e-02 
 8.317637711027887e+08  1.000000000000000e+00  0.000000000000000e+00  1.453557790025576e-03  1.888918792529407e-02 
 8.413951416453142e+08  1.000000000000000e+00  0.000000000000000e+00  1.518195208527926e-03  1.867720869614868e-02 
 8.511380382024970e+08  1.000000000000000e+00  0.000000000000000e+00  1.581366895868946e-03  1.846751195283574e-02 
 8.609937521847227e+08  1.000000000000000e+00  0.000000000000000e+00  1.643105968950286e-03  1.826007645073023e-02 
 8.709635899562042e+08  1.000000000000000e+00  0.000000000000000e+00  1.703444801941973e-03  1.805488102281810e-02 
 8.810488730081391e+08  1.000000000000000e+00  0.000000000000000e+00  1.762415042196133e-03  1.785190458446739e-02 
 8.912509381338720e+08  1.000000000000000e+00  0.000000000000000e+00  1.820047626732835e-03  1.765112613786255e-02 
 9.015711376060849e+08  1.000000000000000e+00  0.000000000000000e+00  1.876372798808245e-03  1.745252477619761e-02 
 9.120108393560393e+08  1.000000000000000e+00  0.000000000000000e+00  1.931420120190485e-03  1.725607968792769e-02 
 9.225714271548942e+08  1.000000000000000e+00  0.000000000000000e+00  1.985218489642098e-03  1.706177016032018e-02 
 9.332543007971237e+08  1.000000000000000e+00  0.000000000000000e+00  2.037796157347364e-03  1.686957558305513e-02 
 9.440608762860576e+08  1.000000000000000e+00  0.000000000000000e+00  2.089180735989139e-03  1.667947545189994e-02 
 9.549925860215718e+08  1.000000000000000e+00  0.000000000000000e+00  2.139399220078940e-03  1.649144937145542e-02 
 9.660508789899508e+08  1.000000000000000e+00  0.000000000000000e+00  2.188477994403850e-03  1.630547705865033e-02 
 9.772372209559498e+08  1.000000000000000e+00  0.000000000000000e+00  2.236442851333634e-03  1.612153834521790e-02 
 9.885530946570796e+08  1.000000000000000e+00  0.000000000000000e+00  2.283319002751001e-03  1.593961318047992e-02 
 1.000000000000142e+09  1.000000000000000e+00  0.000000000000000e+00  2.329131093049915e-03  1.575968163381757e-02 
 1.011579454260043e+09  1.000000000000000e+00  0.000000000000000e+00  2.373903211365567e-03  1.558172389706510e-02 
 1.023292992280900e+09  1.000000000000000e+00  0.000000000000000e+00  2.417658903516078e-03  1.540572028677339e-02 
 1.035142166679491e+09  1.000000000000000e+00  0.000000000000000e+00  2.460421187521206e-03  1.523165124575969e-02 
 1.047128548051049e+09  1.000000000000000e+00  0.000000000000000e+00  2.502212559871573e-03  1.505949734577003e-02 
 1.059253725177440e+09  1.000000000000000e+00  0.000000000000000e+00  2.543055011354701e-03  1.488923928864876e-02 
 1.071519305237759e+09  1.000000000000000e+00  0.000000000000000e+00  2.582970037593140e-03  1.472085790807089e-02 
 1.083926914021358e+09  1.000000000000000e+00  0.000000000000000e+00  2.621978647993396e-03  1.455433417138289e-02 
 1.096478196143342e+09  1.000000000000000e+00  0.000000000000000e+00  2.660101379705633e-03  1.438964918049813e-02 
 1.109174815262559e+09  1.000000000000000e+00  0.000000000000000e+00  2.697358305355210e-03  1.422678417361282e-02 
 1.122018454302124e+09  1.000000000000000e+00  0.000000000000000e+00  2.733769045833495e-03  1.406572052598935e-02 
 1.135010815672477e+09  1.000000000000000e+00  0.000000000000000e+00  2.769352779136750e-03  1.390643975120555e-02 
 1.148153621497047e+09  1.000000000000000e+00  0.000000000000000e+00  2.804128249124642e-03  1.374892350232495e-02 
 1.161448613840509e+09  1.000000000000000e+00  0.000000000000000e+00  2.838113778167827e-03  1.359315357224060e-02 
 1.174897554939698e+09  1.000000000000000e+00  0.000000000000000e+00  2.871327274363660e-03  1.343911189481945e-02 
 1.188502227437189e+09  1.000000000000000e+00  0.000000000000000e+00  2.903786240712732e-03  1.328678054562919e-02 
 1.202264434617585e+09  1.000000000000000e+00  0.000000000000000e+00  2.935507786184467e-03  1.313614174212920e-02 
 1.216186000646542e+09  1.000000000000000e+00  0.000000000000000e+00  2.966508632441868e-03  1.298717784459038e-02 
 1.230268770812558e+09  1.000000000000000e+00  0.000000000000000e+00  2.996805123393988e-03  1.283987135636785e-02 
 1.244514611771564e+09  1.000000000000000e+00  0.000000000000000e+00  3.026413233736138e-03  1.269420492423328e-02 
 1.258925411794348e+09  1.000000000000000e+00  0.000000000000000e+00  3.055348577078252e-03  1.255016133869340e-02 
 1.273503081016845e+09  1.000000000000000e+00  0.000000000000000e+00  3.083626414402148e-03  1.240772353413429e-02 
 1.288249551693319e+09  1.000000000000000e+00  0.000000000000000e+00  3.111261661363893e-03  1.226687458909691e-02 
 1.303166778452487e+09  1.000000000000000e+00  0.000000000000000e+00  3.138268896251986e-03  1.212759772633572e-02 
 1.318256738556597e+09  1.000000000000000e+00  0.000000000000000e+00  3.164662367966564e-03  1.198987631273349e-02 
 1.333521432163516e+09  1.000000000000000e+00  0.000000000000000e+00  3.190456003080609e-03  1.185369385937467e-02 
 1.348962882591848e+09  1.000000000000000e+00  0.000000000000000e+00  3.215663412972128e-03  1.171903402147052e-02 
 1.364583136589121e+09  1.000000000000000e+00  0.000000000000000e+00  3.240297901037823e-03  1.158588059820827e-02 
 1.380384264603084e+09  1.000000000000000e+00  0.000000000000000e+00  3.264372470008385e-03  1.145421753244923e-02 
 1.396368361056139e+09  1.000000000000000e+00  0.000000000000000e+00  3.287899828027637e-03  1.132402891068928e-02 
 1.412537544622958e+09  1.000000000000000e+00  0.000000000000000e+00  3.310892395882577e-03  1.119529896260644e-02 
 1.428893958511309e+09  1.000000000000000e+00  0.000000000000000e+00  3.333362312573252e-03  1.106801206100378e-02 
 1.445439770746136e+09  1.000000000000000e+00  0.000000000000000e+00  3.355321443295255e-03  1.094215272096825e-02 
 1.462177174456929e+09  1.000000000000000e+00  0.000000000000000e+00  3.376781383715739e-03  1.081770560002287e-02 
 1.479108388168421e+09  1.000000000000000e+00  0.000000000000000e+00  3.397753467620258e-03  1.069465549721950e-02 
 1.496235656094650e+09  1.000000000000000e+00  0.000000000000000e+00  3.418248771344627e-03  1.057298735311117e-02 
 1.513561248436427e+09  1.000000000000000e+00  0.000000000000000e+00  3.438278120921133e-03  1.045268624883578e-02 
 1.531087461682252e+09  1.000000000000000e+00  0.000000000000000e+00  3.457852097276409e-03  1.033373740570418e-02 
 1.548816618912706e+09  1.000000000000000e+00  0.000000000000000e+00  3.476981041073642e-03  1.021612618485209e-02 
 1.566751070108376e+09  1.000000000000000e+00  0.000000000000000e+00  3.495675059164716e-03  1.009983808631970e-02 
 1.584893192461343e+09  1.000000000000000e+00  0.000000000000000e+00  3.513944029170694e-03  9.984858748637561e-03 
 1.603245390690274e+09  1.000000000000000e+00  0.000000000000000e+00  3.531797604726502e-03  9.871173948161747e-03 
 1.621810097359165e+09  1.000000000000000e+00  0.000000000000000e+00  3.549245221064508e-03  9.758769598220690e-03 
 1.640589773199777e+09  1.000000000000000e+00  0.000000000000000e+00  3.566296099372260e-03  9.647631748605542e-03 
 1.659586907437801e+09  1.000000000000000e+00  0.000000000000000e+00  3.582959251714301e-03  9.537746584825540e-03 
 1.678804018122804e+09  1.000000000000000e+00  0.000000000000000e+00  3.599243485943395e-03  9.429100427305537e-03 
 1.698243652461991e+09  1.000000000000000e+00  0.000000000000000e+00  3.615157410181935e-03  9.321679730661572e-03 
 1.717908387157838e+09  1.000000000000000e+00  0.000000000000000e+00  3.630709437466272e-03  9.215471082888685e-03 
 1.737800828749628e+09  1.000000000000000e+00  0.000000000000000e+00  3.645907789938110e-03  9.110461204638265e-03 
 1.757923613958948e+09  1.000000000000000e+00  0.000000000000000e+00  3.660760503387389e-03  9.006636948327366e-03 
 1.778279410039181e+09  1.000000000000000e+00  0.000000000000000e+00  3.675275431300185e-03  8.903985297374009e-03 
 1.798870915129050e+09  1.000000000000000e+00  0.000000000000000e+00  3.689460248987418e-03  8.802493365356996e-03 
 1.819700858610248e+09  1.000000000000000e+00  0.000000000000000e+00  3.703322457605024e-03  8.702148395171935e-03 
 1.840772001469224e+09  1.000000000000000e+00  0.000000000000000e+00  3.716869388344001e-03  8.602937758061396e-03 
 1.862087136663139e+09  1.000000000000000e+00  0.000000000000000e+00  3.730108205989002e-03  8.504848952861131e-03 
 1.883649089490075e+09  1.000000000000000e+00  0.000000000000000e+00  3.743045912554473e-03  8.407869605167092e-03 
 1.905460717963525e+09  1.000000000000000e+00  0.000000000000000e+00  3.755689351505440e-03  8.311987466216487e-03 
 1.927524913191217e+09  1.000000000000000e+00  0.000000000000000e+00  3.768045210895261e-03  8.217190412174474e-03 
 1.949844599758330e+09  1.000000000000000e+00  0.000000000000000e+00  3.780120026836054e-03  8.123466443250984e-03 
 1.972422736115142e+09  1.000000000000000e+00  0.000000000000000e+00  3.791920187224420e-03  8.030803682652052e-03 
 1.995262314969171e+09  1.000000000000000e+00  0.000000000000000e+00  3.803451935108952e-03  7.939190375647224e-03 
 2.018366363681856e+09  1.000000000000000e+00  0.000000000000000e+00  3.814721371650296e-03  7.848614888791515e-03 
 2.041737944669828e+09  1.000000000000000e+00  0.000000000000000e+00  3.825734459522879e-03  7.759065708900504e-03 
 2.065380155810831e+09  1.000000000000000e+00  0.000000000000000e+00  3.836497026112221e-03  7.670531442080330e-03 
 2.089296130854345e+09  1.000000000000000e+00  0.000000000000000e+00  3.847014766422749e-03  7.583000812862209e-03 
 2.113489039836956e+09  1.000000000000000e+00  0.000000000000000e+00  3.857293246418704e-03  7.496462663080969e-03 
 2.137962089502545e+09  1.000000000000000e+00  0.000000000000000e+00  3.867337905177966e-03  7.410905951314998e-03 
 2.162718523727337e+09  1.000000000000000e+00  0.000000000000000e+00  3.877154058884862e-03  7.326319751364744e-03 
 2.187761623949873e+09  1.000000000000000e+00  0.000000000000000e+00  3.886746902502147e-03  7.242693251868811e-03 
 2.213094709605962e+09  1.000000000000000e+00  0.000000000000000e+00  3.896121513311999e-03  7.160015754934132e-03 
 2.238721138568667e+09  1.000000000000000e+00  0.000000000000000e+00  3.905282853160320e-03  7.078276675403087e-03 
 2.264644307593391e+09  1.000000000000000e+00  0.000000000000000e+00  3.914235771272664e-03  6.997465539787653e-03 
 2.290867652768109e+09  1.000000000000000e+00  0.000000000000000e+00  3.922985006791677e-03  6.917571985316113e-03 
 2.317394649968818e+09  1.000000000000000e+00  0.000000000000000e+00  3.931535190903152e-03  6.838585759184773e-03 
 2.344228815320266e+09  1.000000000000000e+00  0.000000000000000e+00  3.939890850095978e-03  6.760496717141906e-03 
 2.371373705662003e+09  1.000000000000000e+00  0.000000000000000e+00  3.948056407612479e-03  6.683294823052989e-03 
 2.398832919019843e+09  1.000000000000000e+00  0.000000000000000e+00  3.956036186447715e-03  6.606970147568584e-03 
 2.426610095082772e+09  1.000000000000000e+00  0.000000000000000e+00  3.963834411191645e-03  6.531512867423233e-03 
 2.454708915685391e+09  1.000000000000000e+00  0.000000000000000e+00  3.971455210709195e-03  6.456913264214117e-03 
 2.483133105295935e+09  1.000000000000000e+00  0.000000000000000e+00  3.978902619839809e-03  6.383161723734473e-03 
 2.511886431509949e+09  1.000000000000000e+00  0.000000000000000e+00  3.986180581827169e-03  6.310248734845139e-03 
 2.540972705549678e+09  1.000000000000000e+00  0.000000000000000e+00  3.993292950394246e-03  6.238164888530471e-03 
 2.570395782769242e+09  1.000000000000000e+00  0.000000000000000e+00  4.000243491492266e-03  6.166900877132927e-03 
 2.600159563165655e+09  1.000000000000000e+00  0.000000000000000e+00  4.007035885744347e-03  6.096447493125102e-03 
 2.630267991895769e+09  1.000000000000000e+00  0.000000000000000e+00  4.013673729962539e-03  6.026795628442163e-03 
 2.660725059799201e+09  1.000000000000000e+00  0.000000000000000e+00  4.020160539282151e-03  5.957936273400130e-03 
 2.691534803927312e+09  1.000000000000000e+00  0.000000000000000e+00  4.026499748900619e-03  5.889860515840556e-03 
 2.722701308078314e+09  1.000000000000000e+00  0.000000000000000e+00  4.032694716063042e-03  5.822559540091243e-03 
 2.754228703338573e+09  1.000000000000000e+00  0.000000000000000e+00  4.038748721551191e-03  5.756024626234799e-03 
 2.786121168630181e+09  1.000000000000000e+00  0.000000000000000e+00  4.044664971726115e-03  5.690247148981332e-03 
 2.818382931264870e+09  1.000000000000000e+00  0.000000000000000e+00  4.050446599981774e-03  5.625218576919818e-03 
 2.851018267504330e+09  1.000000000000000e+00  0.000000000000000e+00  4.056096668534648e-03  5.560930471516626e-03 
 2.884031503127032e+09  1.000000000000000e+00  0.000000000000000e+00  4.061618169909934e-03  5.497374486305475e-03 
 2.917427014001598e+09  1.000000000000000e+00  0.000000000000000e+00  4.067014028713144e-03  5.434542365852482e-03 
 2.951209226666822e+09  1.000000000000000e+00  0.000000000000000e+00  4.072287103024137e-03  5.372425944970395e-03 
 2.985382618918401e+09  1.000000000000000e+00  0.000000000000000e+00  4.077440185970300e-03  5.311017147784682e-03 
 3.019951720402463e+09  1.000000000000000e+00  0.000000000000000e+00  4.082476007101575e-03  5.250307986927427e-03 
 3.054921113215965e+09  1.000000000000000e+00  0.000000000000000e+00  4.087397234043960e-03  5.190290562497798e-03 
 3.090295432514048e+09  1.000000000000000e+00  0.000000000000000e+00  4.092206473627750e-03  5.130957061406313e-03 
 3.126079367124418e+09  1.000000000000000e+00  0.000000000000000e+00  4.096906273551831e-03  5.072299756286345e-03 
 3.162277660168848e+09  1.000000000000000e+00  0.000000000000000e+00  4.101499123455065e-03  5.014311004849136e-03 
 3.198895109691872e+09  1.000000000000000e+00  0.000000000000000e+00  4.105987456527641e-03  4.956983248792761e-03 
 3.235936569296762e+09  1.000000000000000e+00  0.000000000000000e+00  4.110373650512671e-03  4.900309013180798e-03 
 3.273406948788867e+09  1.000000000000000e+00  0.000000000000000e+00  4.114660029106117e-03  4.844280905486445e-03 
 3.311311214826402e+09  1.000000000000000e+00  0.000000000000000e+00  4.118848863229944e-03  4.788891614712831e-03 
 3.349654391578774e+09  1.000000000000000e+00  0.000000000000000e+00  4.122942372093312e-03  4.734133910681113e-03 
 3.388441561392529e+09  1.000000000000000e+00  0.000000000000000e+00  4.126942724480962e-03  4.680000643106964e-03 
 3.427677865465013e+09  1.000000000000000e+00  0.000000000000000e+00  4.130852039876135e-03  4.626484740799399e-03 
 3.467368504525832e+09  1.000000000000000e+00  0.000000000000000e+00  4.134672389474183e-03  4.573579210944823e-03 
 3.507518739526202e+09  1.000000000000000e+00  0.000000000000000e+00  4.138405797483437e-03  4.521277138115069e-03 
 3.548133892336283e+09  1.000000000000000e+00  0.000000000000000e+00  4.142054241991224e-03  4.469571683650968e-03 
 3.589219346450587e+09  1.000000000000000e+00  0.000000000000000e+00  4.145619656187732e-03  4.418456084704137e-03 
 3.630780547701555e+09  1.000000000000000e+00  0.000000000000000e+00  4.149103929177204e-03  4.367923653645460e-03 
 3.672823004981394e+09  1.000000000000000e+00  0.000000000000000e+00  4.152508907212328e-03  4.317967777063880e-03 
 3.715352290972280e+09  1.000000000000000e+00  0.000000000000000e+00  4.155836394510323e-03  4.268581915137623e-03 
 3.758374042885003e+09  1.000000000000000e+00  0.000000000000000e+00  4.159088154240112e-03  4.219759600838951e-03 
 3.801893963206180e+09  1.000000000000000e+00  0.000000000000000e+00  4.162265909465306e-03  4.171494439158993e-03 
 3.845917820454110e+09  1.000000000000000e+00  0.000000000000000e+00  4.165371344116817e-03  4.123780106289028e-03 
 3.890451449943388e+09  1.000000000000000e+00  0.000000000000000e+00  4.168406103732526e-03  4.076610349023710e-03 
 3.935500754558363e+09  1.000000000000000e+00  0.000000000000000e+00  4.171371796513016e-03  4.029978983828259e-03 
 3.981071705535568e+09  1.000000000000000e+00  0.000000000000000e+00  4.174269994031357e-03  3.983879896244280e-03 
 4.027170343255193e+09  1.000000000000000e+00  0.000000000000000e+00  4.177102232066717e-03  3.938307040159634e-03 
 4.073802778041737e+09  1.000000000000000e+00  0.000000000000000e+00  4.179870011586614e-03  3.893254436902975e-03 
 4.120975190973919e+09  1.000000000000000e+00  0.000000000000000e+00  4.182574799309479e-03  3.848716174770546e-03 
 4.168693834703979e+09  1.000000000000000e+00  0.000000000000000e+00  4.185218028633122e-03  3.804686408151924e-03 
 4.216965034286455e+09  1.000000000000000e+00  0.000000000000000e+00  4.187801100326577e-03  3.761159356897064e-03 
 4.265795188016566e+09  1.000000000000000e+00  0.000000000000000e+00  4.190325383342111e-03  3.718129305537439e-03 
 4.315190768278299e+09  1.000000000000000e+00  0.000000000000000e+00  4.192792215419984e-03  3.675590602726601e-03 
 4.365158322402314e+09  1.000000000000000e+00  0.000000000000000e+00  4.195202903919851e-03  3.633537660415360e-03 
 4.415704473533788e+09  1.000000000000000e+00  0.000000000000000e+00  4.197558726440746e-03  3.591964953252152e-03 
 4.466835921510302e+09  1.000000000000000e+00  0.000000000000000e+00  4.199860931536271e-03  3.550867017863804e-03 
 4.518559443749902e+09  1.000000000000000e+00  0.000000000000000e+00  4.202110739308141e-03  3.510238452266822e-03 
 4.570881896149437e+09  1.000000000000000e+00  0.000000000000000e+00  4.204309342176074e-03  3.470073915057743e-03 
 4.623810213993298e+09  1.000000000000000e+00  0.000000000000000e+00  4.206457905349755e-03  3.430368124948857e-03 
 4.677351412872684e+09  1.000000000000000e+00  0.000000000000000e+00  4.208557567611964e-03  3.391115859916937e-03 
 4.731512589615516e+09  1.000000000000000e+00  0.000000000000000e+00  4.210609441763741e-03  3.352311956752863e-03 
 4.786300923227103e+09  1.000000000000000e+00  0.000000000000000e+00  4.212614615321318e-03  3.313951310292662e-03 
 4.841723675841722e+09  1.000000000000000e+00  0.000000000000000e+00  4.214574151055482e-03  3.276028872830122e-03 
 4.897788193685199e+09  1.000000000000000e+00  0.000000000000000e+00  4.216489087559450e-03  3.238539653486011e-03 
 4.954501908048648e+09  1.000000000000000e+00  0.000000000000000e+00  4.218360439798145e-03  3.201478717589478e-03 
 5.011872336273478e+09  1.000000000000000e+00  0.000000000000000e+00  4.220189199641695e-03  3.164841186069653e-03 
 5.069907082747808e+09  1.000000000000000e+00  0.000000000000000e+00  4.221976336395483e-03  3.128622234843636e-03 
 5.128613839914422e+09  1.000000000000000e+00  0.000000000000000e+00  4.223722797286036e-03  3.092817094250680e-03 
 5.188000389290394e+09  1.000000000000000e+00  0.000000000000000e+00  4.225429508046029e-03  3.057421048345132e-03 
 5.248074602498518e+09  1.000000000000000e+00  0.000000000000000e+00  4.227097373244289e-03  3.022429434526401e-03 
 5.308844442310685e+09  1.000000000000000e+00  0.000000000000000e+00  4.228727276993549e-03  2.987837642638689e-03 
 5.370317963703339e+09  1.000000000000000e+00  0.000000000000000e+00  4.230320083198174e-03  2.953641114700570e-03 
 5.432503314925153e+09  1.000000000000000e+00  0.000000000000000e+00  4.231876636143225e-03  2.919835344148948e-03 
 5.495408738577076e+09  1.000000000000000e+00  0.000000000000000e+00  4.233397760877500e-03  2.886415875363832e-03 
 5.559042572704876e+09  1.000000000000000e+00  0.000000000000000e+00  4.234884263702980e-03  2.853378303032184e-03 
 5.623413251904341e+09  1.000000000000000e+00  0.000000000000000e+00  4.236336932566863e-03  2.820718271644062e-03 
 5.688529308439275e+09  1.000000000000000e+00  0.000000000000000e+00  4.237756537474283e-03  2.788431474950059e-03 
 5.754399373372440e+09  1.000000000000000e+00  0.000000000000000e+00  4.239143830939569e-03  2.756513655352200e-03 
 5.821032177709596e+09  1.000000000000000e+00  0.000000000000000e+00  4.240499548299672e-03  2.724960603496843e-03 
 5.888436553556782e+09  1.000000000000000e+00  0.000000000000000e+00  4.241824408220497e-03  2.693768157561136e-03 
 5.956621435291007e+09  1.000000000000000e+00  0.000000000000000e+00  4.243119112974540e-03  2.662932202885677e-03 
 6.025595860744491e+09  1.000000000000000e+00  0.000000000000000e+00  4.244384348870668e-03  2.632448671363252e-03 
 6.095368972402616e+09  1.000000000000000e+00  0.000000000000000e+00  4.245620786583504e-03  2.602313540975971e-03 
 6.165950018615757e+09  1.000000000000000e+00  0.000000000000000e+00  4.246829081558441e-03  2.572522835203786e-03 
 6.237348354825139e+09  1.000000000000000e+00  0.000000000000000e+00  4.248009874290025e-03  2.543072622631412e-03 
 6.309573444802891e+09  1.000000000000000e+00  0.000000000000000e+00  4.249163790699071e-03  2.513959016386699e-03 
 6.382634861906457e+09  1.000000000000000e+00  0.000000000000000e+00  4.250291442503778e-03  2.485178173577122e-03 
 6.456542290347537e+09  1.000000000000000e+00  0.000000000000000e+00  4.251393427458407e-03  2.456726294944661e-03 
 6.531305526475718e+09  1.000000000000000e+00  0.000000000000000e+00  4.252470329723566e-03  2.428599624290051e-03 
 6.606934480076966e+09  1.000000000000000e+00  0.000000000000000e+00  4.253522720193449e-03  2.400794447961138e-03 
 6.683439175687164e+09  1.000000000000000e+00  0.000000000000000e+00  4.254551156722873e-03  2.373307094510170e-03 
 6.760829753920848e+09  1.000000000000000e+00  0.000000000000000e+00  4.255556184519031e-03  2.346133934053962e-03 
 6.839116472815336e+09  1.000000000000000e+00  0.000000000000000e+00  4.256538336343788e-03  2.319271377964105e-03 
 6.918309709190420e+09  1.000000000000000e+00  0.000000000000000e+00  4.257498132868040e-03  2.292715878275131e-03 
 6.998419960023803e+09  1.000000000000000e+00  0.000000000000000e+00  4.258436082889585e-03  2.266463927336577e-03 
 7.079457843842460e+09  1.000000000000000e+00  0.000000000000000e+00  4.259352683629870e-03  2.240512057312441e-03 
 7.161434102130114e+09  1.000000000000000e+00  0.000000000000000e+00  4.260248421010758e-03  2.214856839710414e-03 
 7.244359600751007e+09  1.000000000000000e+00  0.000000000000000e+00  4.261123769869366e-03  2.189494885021750e-03 
 7.328245331390161e+09  1.000000000000000e+00  0.000000000000000e+00  4.261979194266907e-03  2.164422842175505e-03 
 7.413102413010308e+09  1.000000000000000e+00  0.000000000000000e+00  4.262815147670731e-03  2.139637398230898e-03 
 7.498942093325705e+09  1.000000000000000e+00  0.000000000000000e+00  4.263632073261582e-03  2.115135277819274e-03 
 7.585775750292997e+09  1.000000000000000e+00  0.000000000000000e+00  4.264430404112571e-03  2.090913242831673e-03 
 7.673614893619363e+09  1.000000000000000e+00  0.000000000000000e+00  4.265210563438628e-03  2.066968091962764e-03 
 7.762471166288105e+09  1.000000000000000e+00  0.000000000000000e+00  4.265972964852317e-03  2.043296660231159e-03 
 7.852356346101920e+09  1.000000000000000e+00  0.000000000000000e+00  4.266718012499933e-03  2.019895818743626e-03 
 7.943282347244032e+09  1.000000000000000e+00  0.000000000000000e+00  4.267446101382799e-03  1.996762474067489e-03 
 8.035261221857404e+09  1.000000000000000e+00  0.000000000000000e+00  4.268157617484560e-03  1.973893568001471e-03 
 8.128305161642239e+09  1.000000000000000e+00  0.000000000000000e+00  4.268852938012361e-03  1.951286077103518e-03 
 8.222426499471972e+09  1.000000000000000e+00  0.000000000000000e+00  4.269532431575621e-03  1.928937012345125e-03 
 8.317637711027987e+09  1.000000000000000e+00  0.000000000000000e+00  4.270196458420954e-03  1.906843418636675e-03 
 8.413951416453242e+09  1.000000000000000e+00  0.000000000000000e+00  4.270845370572560e-03  1.885002374556057e-03 
 8.511380382025071e+09  1.000000000000000e+00  0.000000000000000e+00  4.271479512045522e-03  1.863410991911309e-03 
 8.609937521847328e+09  1.000000000000000e+00  0.000000000000000e+00  4.272099219042427e-03  1.842066415332399e-03 
 8.709635899562143e+09  1.000000000000000e+00  0.000000000000000e+00  4.272704820090649e-03  1.820965821994452e-03 
 8.810488730081493e+09  1.000000000000000e+00  0.000000000000000e+00  4.273296636257404e-03  1.800106421156441e-03 
 8.912509381338823e+09  1.000000000000000e+00  0.000000000000000e+00  4.273874981294167e-03  1.779485453859211e-03 
 9.015711376060953e+09  1.000000000000000e+00  0.000000000000000e+00  4.274440161817893e-03  1.759100192530547e-03 
 9.120108393560499e+09  1.000000000000000e+00  0.000000000000000e+00  4.274992477457977e-03  1.738947940668672e-03 
 9.225714271549049e+09  1.000000000000000e+00  0.000000000000000e+00  4.275532221032175e-03  1.719026032449465e-03 
 9.332543007971346e+09  1.000000000000000e+00  0.000000000000000e+00  4.276059678688848e-03  1.699331832411308e-03 
 9.440608762860687e+09  1.000000000000000e+00  0.000000000000000e+00  4.276575130069534e-03  1.679862735084708e-03 
 9.549925860215830e+09  1.000000000000000e+00  0.000000000000000e+00  4.277078848442682e-03  1.660616164689287e-03 
 9.660508789899622e+09  1.000000000000000e+00  0.000000000000000e+00  4.277571100858469e-03  1.641589574773508e-03 
 9.772372209559612e+09  1.000000000000000e+00  0.000000000000000e+00  4.278052148302658e-03  1.622780447849462e-03 
 9.885530946570911e+09  1.000000000000000e+00  0.000000000000000e+00  4.278522245800602e-03  1.604186295154906e-03 
 1.000000000000154e+10  1.000000000000000e+00  0.000000000000000e+00  4.278981642582998e-03  1.585804656248306e-03 
 1.011579454260054e+10  1.000000000000000e+00  0.000000000000000e+00  4.279430582212580e-03  1.567633098701247e-03 
 1.023292992280912e+10  1.000000000000000e+00  0.000000000000000e+00  4.279869302697956e-03  1.549669217822336e-03 
 1.035142166679503e+10  1.000000000000000e+00  0.000000000000000e+00  4.280298036638229e-03  1.531910636293067e-03 
 1.047128548051061e+10  1.000000000000000e+00  0.000000000000000e+00  4.280717011334343e-03  1.514355003889745e-03 
 1.059253725177452e+10  1.000000000000000e+00  0.000000000000000e+00  4.281126448915254e-03  1.496999997160766e-03 
 1.071519305237772e+10  1.000000000000000e+00  0.000000000000000e+00  4.281526566448335e-03  1.479843319143779e-03 
 1.083926914021371e+10  1.000000000000000e+00  0.000000000000000e+00  4.281917576076937e-03  1.462882698999998e-03 
 1.096478196143354e+10  1.000000000000000e+00  0.000000000000000e+00  4.282299685095210e-03  1.446115891826513e-03 
 1.109174815262572e+10  1.000000000000000e+00  0.000000000000000e+00  4.282673096090356e-03  1.429540678268231e-03 
 1.122018454302137e+10  1.000000000000000e+00  0.000000000000000e+00  4.283038007036894e-03  1.413154864265730e-03 
 1.135010815672491e+10  1.000000000000000e+00  0.000000000000000e+00  4.283394611397626e-03  1.396956280780315e-03 
 1.148153621497061e+10  1.000000000000000e+00  0.000000000000000e+00  4.283743098245930e-03  1.380942783449076e-03 
 1.161448613840523e+10  1.000000000000000e+00  0.000000000000000e+00  4.284083652332132e-03  1.365112252408725e-03 
 1.174897554939712e+10  1.000000000000000e+00  0.000000000000000e+00  4.284416454214718e-03  1.349462591914790e-03 
 1.188502227437203e+10  1.000000000000000e+00  0.000000000000000e+00  4.284741680343012e-03  1.333991730106459e-03 
 1.202264434617599e+10  1.000000000000000e+00  0.000000000000000e+00  4.285059503137867e-03  1.318697618776985e-03 
 1.216186000646557e+10  1.000000000000000e+00  0.000000000000000e+00  4.285370091107541e-03  1.303578233026360e-03 
 1.230268770812573e+10  1.000000000000000e+00  0.000000000000000e+00  4.285673608921509e-03  1.288631571045171e-03 
 1.244514611771579e+10  1.000000000000000e+00  0.000000000000000e+00  4.285970217497925e-03  1.273855653851992e-03 
 1.258925411794363e+10  1.000000000000000e+00  0.000000000000000e+00  4.286260074090894e-03  1.259248525027882e-03 
 1.273503081016860e+10  1.000000000000000e+00  0.000000000000000e+00  4.286543332382838e-03  1.244808250427780e-03 
 1.288249551693334e+10  1.000000000000000e+00  0.000000000000000e+00  4.286820142552708e-03  1.230532917972385e-03 
 1.303166778452502e+10  1.000000000000000e+00  0.000000000000000e+00  4.287090651357356e-03  1.216420637391298e-03 
 1.318256738556612e+10  1.000000000000000e+00  0.000000000000000e+00  4.287355002221414e-03  1.202469539932114e-03 
 1.333521432163532e+10  1.000000000000000e+00  0.000000000000000e+00  4.287613335296499e-03  1.188677778174555e-03 
 1.348962882591864e+10  1.000000000000000e+00  0.000000000000000e+00  4.287865787548944e-03  1.175043525739808e-03 
 1.364583136589137e+10  1.000000000000000e+00  0.000000000000000e+00  4.288112492828740e-03  1.161564977063172e-03 
 1.380384264603100e+10  1.000000000000000e+00  0.000000000000000e+00  4.288353581932541e-03  1.148240347186077e-03 
 1.396368361056156e+10  1.000000000000000e+00  0.000000000000000e+00  4.288589182683952e-03  1.135067871481510e-03 
 1.412537544622975e+10  1.000000000000000e+00  0.000000000000000e+00  4.288819419998750e-03  1.122045805430456e-03 
 1.428893958511326e+10  1.000000000000000e+00  0.000000000000000e+00  4.289044415941575e-03  1.109172424429025e-03 
 1.445439770746154e+10  1.000000000000000e+00  0.000000000000000e+00  4.289264289808363e-03  1.096446023493972e-03 
 1.462177174456947e+10  1.000000000000000e+00  0.000000000000000e+00  4.289479158169884e-03  1.083864917113984e-03 
 1.479108388168439e+10  1.000000000000000e+00  0.000000000000000e+00  4.289689134952387e-03  1.071427438954573e-03 
 1.496235656094668e+10  1.000000000000000e+00  0.000000000000000e+00  4.289894331478592e-03  1.059131941715458e-03 
 1.513561248436445e+10  1.000000000000000e+00  0.000000000000000e+00  4.290094856546191e-03  1.046976796835649e-03 
 1.531087461682270e+10  1.000000000000000e+00  0.000000000000000e+00  4.290290816472504e-03  1.034960394331437e-03 
 1.548816618912724e+10  1.000000000000000e+00  0.000000000000000e+00  4.290482315151054e-03  1.023081142584218e-03 
 1.566751070108395e+10  1.000000000000000e+00  0.000000000000000e+00  4.290669454114921e-03  1.011337468096286e-03 
 1.584893192461362e+10  1.000000000000000e+00  0.000000000000000e+00  4.290852332585576e-03  9.997278153041362e-04 
 1.603245390690293e+10  1.000000000000000e+00  0.000000000000000e+00  4.291031047523602e-03  9.882506463817198e-04 
 1.621810097359185e+10  1.000000000000000e+00  0.000000000000000e+00  4.291205693681334e-03  9.769044410326947e-04 
 1.640589773199797e+10  1.000000000000000e+00  0.000000000000000e+00  4.291376363656418e-03  9.656876962757574e-04 
 1.659586907437822e+10  1.000000000000000e+00  0.000000000000000e+00  4.291543147936333e-03  9.545989262664010e-04 
 1.678804018122825e+10  1.000000000000000e+00  0.000000000000000e+00  4.291706134953267e-03  9.436366620699812e-04 
 1.698243652462012e+10  1.000000000000000e+00  0.000000000000000e+00  4.291865411118071e-03  9.327994515267437e-04 
 1.717908387157859e+10  1.000000000000000e+00  0.000000000000000e+00  4.292021060880336e-03  9.220858589954989e-04 
 1.737800828749649e+10  1.000000000000000e+00  0.000000000000000e+00  4.292173166766416e-03  9.114944651949569e-04 
 1.757923613958970e+10  1.000000000000000e+00  0.000000000000000e+00  4.292321809421226e-03  9.010238670258659e-04 
 1.778279410039203e+10  1.000000000000000e+00  0.000000000000000e+00  4.292467067654405e-03  8.906726773700394e-04 
 1.798870915129072e+10  1.000000000000000e+00  0.000000000000000e+00  4.292609018482526e-03  8.804395249054157e-04 
 1.819700858610271e+10  1.000000000000000e+00  0.000000000000000e+00  4.292747737167950e-03  8.703230539339577e-04 
 1.840772001469247e+10  1.000000000000000e+00  0.000000000000000e+00  4.292883297257633e-03  8.603219242091868e-04 
 1.862087136663162e+10  1.000000000000000e+00  0.000000000000000e+00  4.293015770628496e-03  8.504348107269885e-04 
 1.883649089490099e+10  1.000000000000000e+00  0.000000000000000e+00  4.293145227515325e-03  8.406604036019787e-04 
 1.905460717963549e+10  1.000000000000000e+00  0.000000000000000e+00  4.293271736557525e-03  8.309974078467967e-04 
 1.927524913191241e+10  1.000000000000000e+00  0.000000000000000e+00  4.293395364831363e-03  8.214445432218677e-04 
 1.949844599758354e+10  1.000000000000000e+00  0.000000000000000e+00  4.293516177880609e-03  8.120005440926388e-04 
 1.972422736115166e+10  1.000000000000000e+00  0.000000000000000e+00  4.293634239763929e-03  8.026641591959008e-04 
 1.995262314969196e+10  1.000000000000000e+00  0.000000000000000e+00  4.293749613077655e-03  7.934341515334448e-04 
 2.018366363681881e+10  1.000000000000000e+00  0.000000000000000e+00  4.293862358992034e-03  7.843092981926663e-04 
 2.041737944669853e+10  1.000000000000000e+00  0.000000000000000e+00  4.293972537285861e-03  7.752883901734188e-04 
 2.065380155810857e+10  1.000000000000000e+00  0.000000000000000e+00  4.294080206373741e-03  7.663702322524080e-04 
 2.089296130854371e+10  1.000000000000000e+00  0.000000000000000e+00  4.294185423345703e-03  7.575536427773940e-04 
 2.113489039836982e+10  1.000000000000000e+00  0.000000000000000e+00  4.294288243985360e-03  7.488374535786224e-04 
 2.137962089502571e+10  1.000000000000000e+00  0.000000000000000e+00  4.294388722810472e-03  7.402205097529115e-04 
 2.162718523727364e+10  1.000000000000000e+00  0.000000000000000e+00  4.294486913093203e-03  7.317016695602054e-04 
 2.187761623949900e+10  1.000000000000000e+00  0.000000000000000e+00  4.294582866896031e-03  7.232798042285027e-04 
 2.213094709605989e+10  1.000000000000000e+00  0.000000000000000e+00  4.294676635093010e-03  7.149537978416773e-04 
 2.238721138568695e+10  1.000000000000000e+00  0.000000000000000e+00  4.294768267401038e-03  7.067225471667856e-04 
 2.264644307593420e+10  1.000000000000000e+00  0.000000000000000e+00  4.294857812403046e-03  6.985849615272889e-04 
 2.290867652768137e+10  1.000000000000000e+00  0.000000000000000e+00  4.294945317577044e-03  6.905399626385772e-04 
 2.317394649968847e+10  1.000000000000000e+00  0.000000000000000e+00  4.295030829318256e-03  6.825864844846720e-04 
 2.344228815320295e+10  1.000000000000000e+00  0.000000000000000e+00  4.295114392966137e-03  6.747234731616758e-04 
 2.371373705662033e+10  1.000000000000000e+00  0.000000000000000e+00  4.295196052825835e-03  6.669498867550934e-04 
 2.398832919019873e+10  1.000000000000000e+00  0.000000000000000e+00  4.295275852193981e-03  6.592646951874813e-04 
 2.426610095082802e+10  1.000000000000000e+00  0.000000000000000e+00  4.295353833380889e-03  6.516668800869588e-04 
 2.454708915685422e+10  1.000000000000000e+00  0.000000000000000e+00  4.295430037732022e-03  6.441554346588226e-04 
 2.483133105295966e+10  1.000000000000000e+00  0.000000000000000e+00  4.295504505651469e-03  6.367293635426548e-04 
 2.511886431509981e+10  1.000000000000000e+00  0.000000000000000e+00  4.295577276622965e-03  6.293876826826547e-04 
 2.540972705549710e+10  1.000000000000000e+00  0.000000000000000e+00  4.295648389230215e-03  6.221294192021195e-04 
 2.570395782769274e+10  1.000000000000000e+00  0.000000000000000e+00  4.295717881176925e-03  6.149536112776027e-04 
 2.600159563165687e+10  1.000000000000000e+00  0.000000000000000e+00  4.295785789308829e-03  6.078593079975958e-04 
 2.630267991895802e+10  1.000000000000000e+00  0.000000000000000e+00  4.295852149630924e-03  6.008455692528983e-04 
 2.660725059799235e+10  1.000000000000000e+00  0.000000000000000e+00  4.295916997327132e-03  5.939114656082792e-04 
 2.691534803927346e+10  1.000000000000000e+00  0.000000000000000e+00  4.295980366781797e-03  5.870560781590739e-04 
 2.722701308078348e+10  1.000000000000000e+00  0.000000000000000e+00  4.296042291592448e-03  5.802784984493292e-04 
 2.754228703338607e+10  1.000000000000000e+00  0.000000000000000e+00  4.296102804592995e-03  5.735778283120476e-04 
 2.786121168630217e+10  1.000000000000000e+00  0.000000000000000e+00  4.296161937867369e-03  5.669531797785201e-04 
 2.818382931264906e+10  1.000000000000000e+00  0.000000000000000e+00  4.296219722768656e-03  5.604036749447604e-04 
 2.851018267504366e+10  1.000000000000000e+00  0.000000000000000e+00  4.296276189934726e-03  5.539284458630224e-04 
 2.884031503127068e+10  1.000000000000000e+00  0.000000000000000e+00  4.296331369304960e-03  5.475266344232173e-04 
 2.917427014001635e+10  1.000000000000000e+00  0.000000000000000e+00  4.296385290135763e-03  5.411973922422503e-04 
 2.951209226666859e+10  1.000000000000000e+00  0.000000000000000e+00  4.296437981016384e-03  5.349398805493567e-04 
 2.985382618918439e+10  1.000000000000000e+00  0.000000000000000e+00  4.296489469883920e-03  5.287532700760095e-04 
 3.019951720402501e+10  1.000000000000000e+00  0.000000000000000e+00  4.296539784038123e-03  5.226367409468285e-04 
 3.054921113216004e+10  1.000000000000000e+00  0.000000000000000e+00  4.296588950156847e-03  5.165894825625180e-04 
 3.090295432514087e+10  1.000000000000000e+00  0.000000000000000e+00  4.296636994307437e-03  5.106106935155054e-04 
 3.126079367124458e+10  1.000000000000000e+00  0.000000000000000e+00  4.296683941963635e-03  5.046995814585357e-04 
 3.162277660168888e+10  1.000000000000000e+00  0.000000000000000e+00  4.296729818016883e-03  4.988553630181558e-04 
 3.198895109691913e+10  1.000000000000000e+00  0.000000000000000e+00  4.296774646792107e-03  4.930772636688672e-04 
 3.235936569296804e+10  1.000000000000000e+00  0.000000000000000e+00  4.296818452057443e-03  4.873645176579191e-04 
 3.273406948788909e+10  1.000000000000000e+00  0.000000000000000e+00  4.296861257038535e-03  4.817163678893226e-04 
 3.311311214826445e+10  1.000000000000000e+00  0.000000000000000e+00  4.296903084431161e-03  4.761320658211251e-04 
 3.349654391578817e+10  1.000000000000000e+00  0.000000000000000e+00  4.296943956412647e-03  4.706108713711369e-04 
 3.388441561392572e+10  1.000000000000000e+00  0.000000000000000e+00  4.296983894653794e-03  4.651520528183354e-04 
 3.427677865465057e+10  1.000000000000000e+00  0.000000000000000e+00  4.297022920330322e-03  4.597548867055527e-04 
 3.467368504525876e+10  1.000000000000000e+00  0.000000000000000e+00  4.297061054133559e-03  4.544186577492867e-04 
 3.507518739526246e+10  1.000000000000000e+00  0.000000000000000e+00  4.297098316282816e-03  4.491426587318154e-04 
 3.548133892336327e+10  1.000000000000000e+00  0.000000000000000e+00  4.297134726534387e-03  4.439261904236016e-04 
 3.589219346450632e+10  1.000000000000000e+00  0.000000000000000e+00  4.297170304194097e-03  4.387685614710969e-04 
 3.630780547701600e+10  1.000000000000000e+00  0.000000000000000e+00  4.297205068124946e-03  4.336690883299309e-04 
 3.672823004981440e+10  1.000000000000000e+00  0.000000000000000e+00  4.297239036759438e-03  4.286270951521386e-04 
 3.715352290972326e+10  1.000000000000000e+00  0.000000000000000e+00  4.297272228107496e-03  4.236419137149124e-04 
 3.758374042885049e+10  1.000000000000000e+00  0.000000000000000e+00  4.297304659768201e-03  4.187128833100320e-04 
 3.801893963206227e+10  1.000000000000000e+00  0.000000000000000e+00  4.297336348936870e-03  4.138393506792837e-04 
 3.845917820454158e+10  1.000000000000000e+00  0.000000000000000e+00  4.297367312415363e-03  4.090206699157607e-04 
 3.890451449943436e+10  1.000000000000000e+00  0.000000000000000e+00  4.297397566620814e-03  4.042562023803684e-04 
 3.935500754558412e+10  1.000000000000000e+00  0.000000000000000e+00  4.297427127594480e-03  3.995453166151570e-04 
 3.981071705535618e+10  1.000000000000000e+00  0.000000000000000e+00  4.297456011009713e-03  3.948873882663189e-04 
 4.027170343255244e+10  1.000000000000000e+00  0.000000000000000e+00  4.297484232181178e-03  3.902817999906914e-04 
 4.073802778041788e+10  1.000000000000000e+00  0.000000000000000e+00  4.297511806071477e-03  3.857279413910856e-04 
 4.120975190973971e+10  1.000000000000000e+00  0.000000000000000e+00  4.297538747300750e-03  3.812252089169004e-04 
 4.168693834704031e+10  1.000000000000000e+00  0.000000000000000e+00  4.297565070153796e-03  3.767730057909255e-04 
 4.216965034286507e+10  1.000000000000000e+00  0.000000000000000e+00  4.297590788587229e-03  3.723707419351740e-04 
 4.265795188016620e+10  1.000000000000000e+00  0.000000000000000e+00  4.297615916236741e-03  3.680178338944923e-04 
 4.315190768278354e+10  1.000000000000000e+00  0.000000000000000e+00  4.297640466425784e-03  3.637137047424205e-04 
 4.365158322402370e+10  1.000000000000000e+00  0.000000000000000e+00  4.297664452170967e-03  3.594577840240931e-04 
 4.415704473533843e+10  1.000000000000000e+00  0.000000000000000e+00  4.297687886189916e-03  3.552495076693302e-04 
 4.466835921510358e+10  1.000000000000000e+00  0.000000000000000e+00  4.297710780907501e-03  3.510883179246123e-04 
 4.518559443749959e+10  1.000000000000000e+00  0.000000000000000e+00  4.297733148462896e-03  3.469736632725991e-04 
 4.570881896149494e+10  1.000000000000000e+00  0.000000000000000e+00  4.297755000715145e-03  3.429049983708879e-04 
 4.623810213993356e+10  1.000000000000000e+00  0.000000000000000e+00  4.297776349251248e-03  3.388817839563838e-04 
 4.677351412872743e+10  1.000000000000000e+00  0.000000000000000e+00  4.297797205389879e-03  3.349034868048865e-04 
 4.731512589615575e+10  1.000000000000000e+00  0.000000000000000e+00  4.297817580189408e-03  3.309695796349611e-04 
 4.786300923227163e+10  1.000000000000000e+00  0.000000000000000e+00  4.297837484452809e-03  3.270795410495469e-04 
 4.841723675841782e+10  1.000000000000000e+00  0.000000000000000e+00  4.297856928733633e-03  3.232328554652804e-04 
 4.897788193685260e+10  1.000000000000000e+00  0.000000000000000e+00  4.297875923341186e-03  3.194290130473849e-04 
 4.954501908048710e+10  1.000000000000000e+00  0.000000000000000e+00  4.297894478346945e-03  3.156675096317920e-04 
 5.011872336273540e+10  1.000000000000000e+00  0.000000000000000e+00  4.297912603588851e-03  3.119478466707182e-04 
 5.069907082747871e+10  1.000000000000000e+00  0.000000000000000e+00  4.297930308677064e-03  3.082695311606164e-04 
 5.128613839914486e+10  1.000000000000000e+00  0.000000000000000e+00  4.297947602998966e-03  3.046320755774097e-04 
 5.188000389290459e+10  1.000000000000000e+00  0.000000000000000e+00  4.297964495724320e-03  3.010349978090295e-04 
 5.248074602498584e+10  1.000000000000000e+00  0.000000000000000e+00  4.297980995809948e-03  2.974778210950744e-04 
 5.308844442310752e+10  1.000000000000000e+00  0.000000000000000e+00  4.297997112004295e-03  2.939600739660680e-04 
 5.370317963703407e+10  1.000000000000000e+00  0.000000000000000e+00  4.298012852852254e-03  2.904812901772665e-04 
 5.432503314925222e+10  1.000000000000000e+00  0.000000000000000e+00  4.298028226699850e-03  2.870410086463139e-04 
 5.495408738577146e+10  1.000000000000000e+00  0.000000000000000e+00  4.298043241698564e-03  2.836387733920519e-04 
 5.559042572704947e+10  1.000000000000000e+00  0.000000000000000e+00  4.298057905809610e-03  2.802741334760177e-04 
 5.623413251904413e+10  1.000000000000000e+00  0.000000000000000e+00  4.298072226807863e-03  2.769466429465072e-04 
 5.688529308439348e+10  1.000000000000000e+00  0.000000000000000e+00  4.298086212286472e-03  2.736558607720770e-04 
 5.754399373372514e+10  1.000000000000000e+00  0.000000000000000e+00  4.298099869660996e-03  2.704013507816820e-04 
 5.821032177709669e+10  1.000000000000000e+00  0.000000000000000e+00  4.298113206172505e-03  2.671826816193304e-04 
 5.888436553556857e+10  1.000000000000000e+00  0.000000000000000e+00  4.298126228892319e-03  2.639994266728379e-04 
 5.956621435291083e+10  1.000000000000000e+00  0.000000000000000e+00  4.298138944725103e-03  2.608511640288128e-04 
 6.025595860744567e+10  1.000000000000000e+00  0.000000000000000e+00  4.298151360413004e-03  2.577374764072764e-04 
 6.095368972402693e+10  1.000000000000000e+00  0.000000000000000e+00  4.298163482538928e-03  2.546579511130152e-04 
 6.165950018615836e+10  1.000000000000000e+00  0.000000000000000e+00  4.298175317530357e-03  2.516121799739156e-04 
 6.237348354825218e+10  1.000000000000000e+00  0.000000000000000e+00  4.298186871662082e-03  2.485997592995450e-04 
 6.309573444802971e+10  1.000000000000000e+00  0.000000000000000e+00  4.298198151060580e-03  2.456202898088696e-04 
 6.382634861906538e+10  1.000000000000000e+00  0.000000000000000e+00  4.298209161706030e-03  2.426733765988997e-04 
 6.456542290347619e+10  1.000000000000000e+00  0.000000000000000e+00  4.298219909436548e-03  2.397586290739351e-04 
 6.531305526475800e+10  1.000000000000000e+00  0.000000000000000e+00  4.298230399950757e-03  2.368756609032423e-04 
 6.606934480077050e+10  1.000000000000000e+00  0.000000000000000e+00  4.298240638810805e-03  2.340240899692357e-04 
 6.683439175687249e+10  1.000000000000000e+00  0.000000000000000e+00  4.298250631445565e-03  2.312035383128943e-04 
 6.760829753920934e+10  1.000000000000000e+00  0.000000000000000e+00  4.298260383153011e-03  2.284136320926493e-04 
 6.839116472815422e+10  1.000000000000000e+00  0.000000000000000e+00  4.298269899103912e-03  2.256540015190248e-04 
 6.918309709190508e+10  1.000000000000000e+00  0.000000000000000e+00  4.298279184343569e-03  2.229242808234579e-04 
 6.998419960023891e+10  1.000000000000000e+00  0.000000000000000e+00  4.298288243795166e-03  2.202241081976216e-04 
 7.079457843842549e+10  1.000000000000000e+00  0.000000000000000e+00  4.298297082262277e-03  2.175531257476330e-04 
 7.161434102130205e+10  1.000000000000000e+00  0.000000000000000e+00  4.298305704431092e-03  2.149109794521209e-04 
 7.244359600751100e+10  1.000000000000000e+00  0.000000000000000e+00  4.298314114873147e-03  2.122973191117521e-04 
 7.328245331390254e+10  1.000000000000000e+00  0.000000000000000e+00  4.298322318047872e-03  2.097117982989266e-04 
 7.413102413010403e+10  1.000000000000000e+00  0.000000000000000e+00  4.298330318304610e-03  2.071540743195473e-04 
 7.498942093325801e+10  1.000000000000000e+00  0.000000000000000e+00  4.298338119885371e-03  2.046238081588008e-04 
 7.585775750293095e+10  1.000000000000000e+00  0.000000000000000e+00  4.298345726926485e-03  2.021206644481439e-04 
 7.673614893619463e+10  1.000000000000000e+00  0.000000000000000e+00  4.298353143461387e-03  1.996443114079304e-04 
 7.762471166288206e+10  1.000000000000000e+00  0.000000000000000e+00  4.298360373422448e-03  1.971944208116502e-04 
 7.852356346102022e+10  1.000000000000000e+00  0.000000000000000e+00  4.298367420643055e-03  1.947706679403096e-04 
 7.943282347244135e+10  1.000000000000000e+00  0.000000000000000e+00  4.298374288859872e-03  1.923727315360415e-04 
 8.035261221857507e+10  1.000000000000000e+00  0.000000000000000e+00  4.298380981714327e-03  1.900002937699719e-04 
 8.128305161642343e+10  1.000000000000000e+00  0.000000000000000e+00  4.298387502755265e-03  1.876530401842477e-04 
 8.222426499472078e+10  1.000000000000000e+00  0.000000000000000e+00  4.298393855440174e-03  1.853306596644208e-04 
 8.317637711028093e+10  1.000000000000000e+00  0.000000000000000e+00  4.298400043137322e-03  1.830328443919514e-04 
 8.413951416453351e+10  1.000000000000000e+00  0.000000000000000e+00  4.298406069127533e-03  1.807592898033463e-04 
 8.511380382025182e+10  1.000000000000000e+00  0.000000000000000e+00  4.298411936605934e-03  1.785096945502387e-04 
 8.609937521847441e+10  1.000000000000000e+00  0.000000000000000e+00  4.298417648683512e-03  1.762837604614050e-04 
 8.709635899562259e+10  1.000000000000000e+00  0.000000000000000e+00  4.298423208388963e-03  1.740811925001669e-04 
 8.810488730081610e+10  1.000000000000000e+00  0.000000000000000e+00  4.298428618670068e-03  1.719016987291364e-04 
 8.912509381338942e+10  1.000000000000000e+00  0.000000000000000e+00  4.298433882395526e-03  1.697449902661252e-04 
 9.015711376061073e+10  1.000000000000000e+00  0.000000000000000e+00  4.298439002356194e-03  1.676107812527447e-04 
 9.120108393560620e+10  1.000000000000000e+00  0.000000000000000e+00  4.298443981266823e-03  1.654987888093400e-04 
 9.225714271549173e+10  1.000000000000000e+00  0.000000000000000e+00  4.298448821767312e-03  1.634087330027271e-04 
 9.332543007971471e+10  1.000000000000000e+00  0.000000000000000e+00  4.298453526424173e-03  1.613403368076710e-04 
 9.440608762860812e+10  1.000000000000000e+00  0.000000000000000e+00  4.298458097731963e-03  1.592933260682586e-04 
 9.549925860215958e+10  1.000000000000000e+00  0.000000000000000e+00  4.298462538114427e-03  1.572674294649645e-04 
 9.660508789899751e+10  1.000000000000000e+00  0.000000000000000e+00  4.298466849925964e-03  1.552623784763447e-04 
 9.772372209559744e+10  1.000000000000000e+00  0.000000000000000e+00  4.298471035452827e-03  1.532779073428627e-04 
 9.885530946571045e+10  1.000000000000000e+00  0.000000000000000e+00  4.298475096914267e-03  1.513137530339581e-04 
 1.000000000000168e+11  1.000000000000000e+00  0.000000000000000e+00  4.298479036463698e-03  1.493696552130738e-04 
