 vin_diff               v(INP)                 v(INN)                 v(OUTP)                v(OUTN)                voutcm                 voutdiff               v(VOCM)                idd                   
-2.000000000000002e-02  1.640000000000000e+00  1.660000000000000e+00  4.315322047554885e-02  3.254231750746565e+00  1.648692485611057e+00 -3.211078530271017e+00  1.648692403176437e+00  1.162236967116177e-03 
-1.998999999999995e-02  1.640005000000000e+00  1.659995000000000e+00  4.315354422340058e-02  3.254231484376723e+00  1.648692514300062e+00 -3.211077940153322e+00  1.648692431865440e+00  1.162238441654973e-03 
-1.997999999999989e-02  1.640010000000000e+00  1.659990000000000e+00  4.315386300292483e-02  3.254231217788232e+00  1.648692540395579e+00 -3.211077354785307e+00  1.648692457960956e+00  1.162239892993048e-03 
-1.996999999999982e-02  1.640015000000000e+00  1.659985000000000e+00  4.315418529892873e-02  3.254230951132832e+00  1.648692568215880e+00 -3.211076765833904e+00  1.648692485781256e+00  1.162241361635337e-03 
-1.996000000000020e-02  1.640020000000000e+00  1.659980000000000e+00  4.315450544153455e-02  3.254230684360331e+00  1.648692594900933e+00 -3.211076178918796e+00  1.648692512466307e+00  1.162242819332819e-03 
-1.995000000000013e-02  1.640025000000000e+00  1.659975000000000e+00  4.315482587854724e-02  3.254230417463718e+00  1.648692621671133e+00 -3.211075591585171e+00  1.648692539236506e+00  1.162244278793627e-03 
-1.994000000000007e-02  1.640030000000000e+00  1.659970000000000e+00  4.315514588781708e-02  3.254230150450921e+00  1.648692648169369e+00 -3.211075004563104e+00  1.648692565734741e+00  1.162245736245485e-03 
-1.993000000000000e-02  1.640035000000000e+00  1.659965000000000e+00  4.315546724001309e-02  3.254229883323094e+00  1.648692675281553e+00 -3.211074416083081e+00  1.648692592846924e+00  1.162247200263655e-03 
-1.991999999999994e-02  1.640040000000000e+00  1.659960000000000e+00  4.315578932622775e-02  3.254229616056343e+00  1.648692702691285e+00 -3.211073826730116e+00  1.648692620256655e+00  1.162248667209067e-03 
-1.990999999999987e-02  1.640045000000000e+00  1.659955000000000e+00  4.315611001581750e-02  3.254229348698432e+00  1.648692729357125e+00 -3.211073238682615e+00  1.648692646922493e+00  1.162250127287574e-03 
-1.989999999999981e-02  1.640050000000000e+00  1.659950000000000e+00  4.315643220977627e-02  3.254229081182896e+00  1.648692756696336e+00 -3.211072648973119e+00  1.648692674261702e+00  1.162251595699332e-03 
-1.989000000000019e-02  1.640055000000000e+00  1.659945000000000e+00  4.315675393596397e-02  3.254228813581129e+00  1.648692783758547e+00 -3.211072059645165e+00  1.648692701323912e+00  1.162253060717088e-03 
-1.988000000000012e-02  1.640060000000000e+00  1.659940000000000e+00  4.315707534722111e-02  3.254228545830806e+00  1.648692810589014e+00 -3.211071470483585e+00  1.648692728154377e+00  1.162254525105796e-03 
-1.987000000000005e-02  1.640065000000000e+00  1.659935000000000e+00  4.315739847291286e-02  3.254228277966439e+00  1.648692838219676e+00 -3.211070879493526e+00  1.648692755785038e+00  1.162255996582999e-03 
-1.985999999999999e-02  1.640070000000000e+00  1.659930000000000e+00  4.315772023242473e-02  3.254228009984481e+00  1.648692865108453e+00 -3.211070289752056e+00  1.648692782673814e+00  1.162257462559616e-03 
-1.984999999999992e-02  1.640075000000000e+00  1.659925000000000e+00  4.315804428040070e-02  3.254227741877536e+00  1.648692893078968e+00 -3.211069697597135e+00  1.648692810644328e+00  1.162258937962004e-03 
-1.983999999999986e-02  1.640080000000000e+00  1.659920000000000e+00  4.315836325727880e-02  3.254227473659904e+00  1.648692918458591e+00 -3.211069110402625e+00  1.648692836023950e+00  1.162260390891642e-03 
-1.982999999999979e-02  1.640085000000000e+00  1.659915000000000e+00  4.315868697157083e-02  3.254227205307184e+00  1.648692946139377e+00 -3.211068518335613e+00  1.648692863704734e+00  1.162261865293309e-03 
-1.982000000000017e-02  1.640090000000000e+00  1.659910000000000e+00  4.315900741464310e-02  3.254226936835612e+00  1.648692972125128e+00 -3.211067929420969e+00  1.648692889690483e+00  1.162263324689130e-03 
-1.981000000000011e-02  1.640095000000000e+00  1.659905000000000e+00  4.315933336469090e-02  3.254226668239736e+00  1.648693000802213e+00 -3.211067334875045e+00  1.648692918367568e+00  1.162264808954519e-03 
-1.980000000000004e-02  1.640100000000000e+00  1.659900000000000e+00  4.315965609800935e-02  3.254226399520737e+00  1.648693027809373e+00 -3.211066743422727e+00  1.648692945374726e+00  1.162266280149583e-03 
-1.978999999999997e-02  1.640105000000000e+00  1.659895000000000e+00  4.315997668982834e-02  3.254226130693883e+00  1.648693053691856e+00 -3.211066154004055e+00  1.648692971257207e+00  1.162267739062492e-03 
-1.977999999999991e-02  1.640110000000000e+00  1.659890000000000e+00  4.316030247336749e-02  3.254225861711439e+00  1.648693082092404e+00 -3.211065559238072e+00  1.648692999657754e+00  1.162269223973165e-03 
-1.976999999999984e-02  1.640115000000000e+00  1.659885000000000e+00  4.316062356735836e-02  3.254225592647469e+00  1.648693108107414e+00 -3.211064969080110e+00  1.648693025672762e+00  1.162270685316511e-03 
-1.976000000000022e-02  1.640120000000000e+00  1.659880000000000e+00  4.316094799213441e-02  3.254225323429591e+00  1.648693135710863e+00 -3.211064375437456e+00  1.648693053276210e+00  1.162272163485777e-03 
-1.975000000000016e-02  1.640125000000000e+00  1.659875000000000e+00  4.316127167310067e-02  3.254225054108586e+00  1.648693162890843e+00 -3.211063782435486e+00  1.648693080456190e+00  1.162273637899009e-03 
-1.974000000000009e-02  1.640130000000000e+00  1.659870000000000e+00  4.316159527241168e-02  3.254224784640595e+00  1.648693189956504e+00 -3.211063189368184e+00  1.648693107521848e+00  1.162275112575795e-03 
-1.973000000000003e-02  1.640135000000000e+00  1.659865000000000e+00  4.316191868064041e-02  3.254224515051409e+00  1.648693216866025e+00 -3.211062596370769e+00  1.648693134431368e+00  1.162276584351121e-03 
-1.971999999999996e-02  1.640140000000000e+00  1.659860000000000e+00  4.316224357062175e-02  3.254224245357676e+00  1.648693244464149e+00 -3.211062001787054e+00  1.648693162029491e+00  1.162278063624602e-03 
-1.970999999999989e-02  1.640145000000000e+00  1.659855000000000e+00  4.316256436508942e-02  3.254223975545866e+00  1.648693269955478e+00 -3.211061411180776e+00  1.648693187520818e+00  1.162279525137104e-03 
-1.969999999999983e-02  1.640150000000000e+00  1.659850000000000e+00  4.316289166903173e-02  3.254223705584385e+00  1.648693298626708e+00 -3.211060813915354e+00  1.648693216192048e+00  1.162281015413485e-03 
-1.969000000000021e-02  1.640155000000000e+00  1.659845000000000e+00  4.316321600629236e-02  3.254223435505273e+00  1.648693325755783e+00 -3.211060219498981e+00  1.648693243321121e+00  1.162282493152670e-03 
-1.968000000000014e-02  1.640160000000000e+00  1.659840000000000e+00  4.316354118923180e-02  3.254223165292583e+00  1.648693353240907e+00 -3.211059624103351e+00  1.648693270806244e+00  1.162283973053965e-03 
-1.967000000000008e-02  1.640165000000000e+00  1.659835000000000e+00  4.316386713360955e-02  3.254222894967578e+00  1.648693381050594e+00 -3.211059027833969e+00  1.648693298615929e+00  1.162285458938343e-03 
-1.966000000000001e-02  1.640170000000000e+00  1.659830000000000e+00  4.316418938036955e-02  3.254222624536390e+00  1.648693406958380e+00 -3.211058435156021e+00  1.648693324523714e+00  1.162286925795235e-03 
-1.964999999999995e-02  1.640175000000000e+00  1.659825000000000e+00  4.316451491433666e-02  3.254222353951812e+00  1.648693434433074e+00 -3.211057839037476e+00  1.648693351998407e+00  1.162288408851860e-03 
-1.963999999999988e-02  1.640180000000000e+00  1.659820000000000e+00  4.316483881559160e-02  3.254222083273220e+00  1.648693461044406e+00 -3.211057244457629e+00  1.648693378609737e+00  1.162289883183148e-03 
-1.962999999999981e-02  1.640185000000000e+00  1.659815000000000e+00  4.316516376395354e-02  3.254221812434001e+00  1.648693488098977e+00 -3.211056648670048e+00  1.648693405664307e+00  1.162291363568317e-03 
-1.962000000000019e-02  1.640190000000000e+00  1.659810000000000e+00  4.316548868985971e-02  3.254221541505193e+00  1.648693515097527e+00 -3.211056052815334e+00  1.648693432662855e+00  1.162292843718340e-03 
-1.961000000000013e-02  1.640195000000000e+00  1.659805000000000e+00  4.316581565210155e-02  3.254221270422189e+00  1.648693543037145e+00 -3.211055454770088e+00  1.648693460602472e+00  1.162294333215340e-03 
-1.960000000000006e-02  1.640200000000000e+00  1.659800000000000e+00  4.316614223178442e-02  3.254220999214846e+00  1.648693570723315e+00 -3.211054856983062e+00  1.648693488288641e+00  1.162295820544970e-03 
-1.959000000000000e-02  1.640205000000000e+00  1.659795000000000e+00  4.316646779029967e-02  3.254220727892059e+00  1.648693597841179e+00 -3.211054260101760e+00  1.648693515406504e+00  1.162297303678284e-03 
-1.957999999999993e-02  1.640210000000000e+00  1.659790000000000e+00  4.316679499210695e-02  3.254220456423163e+00  1.648693625707635e+00 -3.211053661431056e+00  1.648693543272958e+00  1.162298792671409e-03 
-1.956999999999987e-02  1.640215000000000e+00  1.659785000000000e+00  4.316711848026929e-02  3.254220184865727e+00  1.648693651672998e+00 -3.211053066385458e+00  1.648693569238320e+00  1.162300266672682e-03 
-1.955999999999980e-02  1.640220000000000e+00  1.659780000000000e+00  4.316744418003996e-02  3.254219913163624e+00  1.648693678671832e+00 -3.211052468983584e+00  1.648693596237152e+00  1.162301750003417e-03 
-1.955000000000018e-02  1.640225000000000e+00  1.659775000000000e+00  4.316776975426491e-02  3.254219641342127e+00  1.648693705548196e+00 -3.211051871587863e+00  1.648693623113515e+00  1.162303232581516e-03 
-1.954000000000011e-02  1.640230000000000e+00  1.659770000000000e+00  4.316809583295973e-02  3.254219369367202e+00  1.648693732600081e+00 -3.211051273534242e+00  1.648693650165398e+00  1.162304717578953e-03 
-1.953000000000005e-02  1.640235000000000e+00  1.659765000000000e+00  4.316842163389784e-02  3.254219097290536e+00  1.648693759462217e+00 -3.211050675656638e+00  1.648693677027533e+00  1.162306201848064e-03 
-1.951999999999998e-02  1.640240000000000e+00  1.659760000000000e+00  4.316875075877491e-02  3.254218825072481e+00  1.648693787915628e+00 -3.211050074313706e+00  1.648693705480943e+00  1.162307699862672e-03 
-1.950999999999992e-02  1.640245000000000e+00  1.659755000000000e+00  4.316908044247147e-02  3.254218552730090e+00  1.648693816586281e+00 -3.211049472287618e+00  1.648693734151594e+00  1.162309202618201e-03 
-1.949999999999985e-02  1.640250000000000e+00  1.659750000000000e+00  4.316940427922290e-02  3.254218280274971e+00  1.648693842277097e+00 -3.211048875995748e+00  1.648693759842409e+00  1.162310676309236e-03 
-1.949000000000023e-02  1.640255000000000e+00  1.659745000000000e+00  4.316973081166146e-02  3.254218007665413e+00  1.648693869238537e+00 -3.211048276853751e+00  1.648693786803848e+00  1.162312163760020e-03 
-1.948000000000016e-02  1.640260000000000e+00  1.659740000000000e+00  4.317005867096347e-02  3.254217734957083e+00  1.648693896814023e+00 -3.211047676286120e+00  1.648693814379333e+00  1.162313656668595e-03 
-1.947000000000010e-02  1.640265000000000e+00  1.659735000000000e+00  4.317038594695197e-02  3.254217462118149e+00  1.648693924032551e+00 -3.211047076171197e+00  1.648693841597859e+00  1.162315147690195e-03 
-1.946000000000003e-02  1.640270000000000e+00  1.659730000000000e+00  4.317071074670410e-02  3.254217189151685e+00  1.648693949949195e+00 -3.211046478404981e+00  1.648693867514501e+00  1.162316625892919e-03 
-1.944999999999997e-02  1.640275000000000e+00  1.659725000000000e+00  4.317104001610681e-02  3.254216916038717e+00  1.648693978027412e+00 -3.211045876022610e+00  1.648693895592717e+00  1.162318125962658e-03 
-1.943999999999990e-02  1.640280000000000e+00  1.659720000000000e+00  4.317136607241785e-02  3.254216642823204e+00  1.648694004447811e+00 -3.211045276750787e+00  1.648693922013115e+00  1.162319610939660e-03 
-1.942999999999984e-02  1.640285000000000e+00  1.659715000000000e+00  4.317169796886630e-02  3.254216369449350e+00  1.648694033709108e+00 -3.211044671480484e+00  1.648693951274411e+00  1.162321122984156e-03 
-1.942000000000021e-02  1.640290000000000e+00  1.659710000000000e+00  4.317202575265464e-02  3.254216095951590e+00  1.648694060852122e+00 -3.211044070198936e+00  1.648693978417424e+00  1.162322615451302e-03 
-1.941000000000015e-02  1.640295000000000e+00  1.659705000000000e+00  4.317235232207114e-02  3.254215822353898e+00  1.648694087337985e+00 -3.211043470031826e+00  1.648694004903284e+00  1.162324102474997e-03 
-1.940000000000008e-02  1.640300000000000e+00  1.659700000000000e+00  4.317268282872797e-02  3.254215548598448e+00  1.648694115713588e+00 -3.211042865769720e+00  1.648694033278886e+00  1.162325607549288e-03 
-1.939000000000002e-02  1.640305000000000e+00  1.659695000000000e+00  4.317300948171947e-02  3.254215274730826e+00  1.648694142106273e+00 -3.211042265249107e+00  1.648694059671570e+00  1.162327095298347e-03 
-1.937999999999995e-02  1.640310000000000e+00  1.659690000000000e+00  4.317333861559267e-02  3.254215000734377e+00  1.648694169674985e+00 -3.211041662118785e+00  1.648694087240281e+00  1.162328594315176e-03 
-1.936999999999989e-02  1.640315000000000e+00  1.659685000000000e+00  4.317366548328615e-02  3.254214726609484e+00  1.648694196046385e+00 -3.211041061126198e+00  1.648694113611680e+00  1.162330081643493e-03 
-1.935999999999982e-02  1.640320000000000e+00  1.659680000000000e+00  4.317399771328231e-02  3.254214452323332e+00  1.648694225018307e+00 -3.211040454610050e+00  1.648694142583600e+00  1.162331595703694e-03 
-1.935000000000020e-02  1.640325000000000e+00  1.659675000000000e+00  4.317432383057162e-02  3.254214177947331e+00  1.648694250888951e+00 -3.211039854116760e+00  1.648694168454243e+00  1.162333080396757e-03 
-1.934000000000013e-02  1.640330000000000e+00  1.659670000000000e+00  4.317465352191220e-02  3.254213903416971e+00  1.648694278469441e+00 -3.211039249895058e+00  1.648694196034731e+00  1.162334582014248e-03 
-1.933000000000007e-02  1.640335000000000e+00  1.659665000000000e+00  4.317498459916932e-02  3.254213628779049e+00  1.648694306689109e+00 -3.211038644179880e+00  1.648694224254398e+00  1.162336089740610e-03 
-1.932000000000000e-02  1.640340000000000e+00  1.659660000000000e+00  4.317531219317133e-02  3.254213353989967e+00  1.648694333091569e+00 -3.211038041796796e+00  1.648694250656857e+00  1.162337581781791e-03 
-1.930999999999994e-02  1.640345000000000e+00  1.659655000000000e+00  4.317564313488632e-02  3.254213079077594e+00  1.648694361106240e+00 -3.211037435942708e+00  1.648694278671526e+00  1.162339088493601e-03 
-1.929999999999987e-02  1.640350000000000e+00  1.659650000000000e+00  4.317597022262012e-02  3.254212804043761e+00  1.648694387133191e+00 -3.211036833821141e+00  1.648694304698475e+00  1.162340578479794e-03 
-1.929000000000025e-02  1.640355000000000e+00  1.659645000000000e+00  4.317630178302061e-02  3.254212528871583e+00  1.648694415327302e+00 -3.211036227088563e+00  1.648694332892585e+00  1.162342087621823e-03 
-1.928000000000019e-02  1.640360000000000e+00  1.659640000000000e+00  4.317663151004383e-02  3.254212253580152e+00  1.648694442545098e+00 -3.211035622070108e+00  1.648694360110380e+00  1.162343589560375e-03 
-1.927000000000012e-02  1.640365000000000e+00  1.659635000000000e+00  4.317696278210405e-02  3.254211978141731e+00  1.648694470461918e+00 -3.211035015359627e+00  1.648694388027198e+00  1.162345097427233e-03 
-1.926000000000005e-02  1.640370000000000e+00  1.659630000000000e+00  4.317729366015960e-02  3.254211702577707e+00  1.648694498118933e+00 -3.211034408917547e+00  1.648694415684212e+00  1.162346605426575e-03 
-1.924999999999999e-02  1.640375000000000e+00  1.659625000000000e+00  4.317762281278949e-02  3.254211426887753e+00  1.648694524850271e+00 -3.211033804074964e+00  1.648694442415549e+00  1.162348103678819e-03 
-1.923999999999992e-02  1.640380000000000e+00  1.659620000000000e+00  4.317795355970128e-02  3.254211151050365e+00  1.648694552305033e+00 -3.211033197490663e+00  1.648694469870309e+00  1.162349610819200e-03 
-1.922999999999986e-02  1.640385000000000e+00  1.659615000000000e+00  4.317828181801460e-02  3.254210875112503e+00  1.648694578465259e+00 -3.211032593294489e+00  1.648694496030534e+00  1.162351104530326e-03 
-1.922000000000024e-02  1.640390000000000e+00  1.659610000000000e+00  4.317861648126643e-02  3.254210599011805e+00  1.648694607746536e+00 -3.211031982530538e+00  1.648694525311809e+00  1.162352629709124e-03 
-1.921000000000017e-02  1.640395000000000e+00  1.659605000000000e+00  4.317894739200443e-02  3.254210322789617e+00  1.648694635090811e+00 -3.211031375397613e+00  1.648694552656083e+00  1.162354136081922e-03 
-1.920000000000011e-02  1.640400000000000e+00  1.659600000000000e+00  4.317927745162605e-02  3.254210046443242e+00  1.648694661947434e+00 -3.211030768991616e+00  1.648694579512705e+00  1.162355639286321e-03 
-1.919000000000004e-02  1.640405000000000e+00  1.659595000000000e+00  4.317960785593587e-02  3.254209769967479e+00  1.648694688911707e+00 -3.211030162111543e+00  1.648694606476977e+00  1.162357143131620e-03 
-1.917999999999997e-02  1.640410000000000e+00  1.659590000000000e+00  4.317993903977120e-02  3.254209493342110e+00  1.648694716190940e+00 -3.211029554302339e+00  1.648694633756209e+00  1.162358651925029e-03 
-1.916999999999991e-02  1.640415000000000e+00  1.659585000000000e+00  4.318027235909257e-02  3.254209216588464e+00  1.648694744473778e+00 -3.211028944229371e+00  1.648694662039045e+00  1.162360169483630e-03 
-1.915999999999984e-02  1.640420000000000e+00  1.659580000000000e+00  4.318060356249590e-02  3.254208939713943e+00  1.648694771638219e+00 -3.211028336151447e+00  1.648694689203485e+00  1.162361678112558e-03 
-1.915000000000022e-02  1.640425000000000e+00  1.659575000000000e+00  4.318093468441790e-02  3.254208662693614e+00  1.648694798689016e+00 -3.211027728009196e+00  1.648694716254280e+00  1.162363185066294e-03 
-1.914000000000016e-02  1.640430000000000e+00  1.659570000000000e+00  4.318126853747089e-02  3.254208385540744e+00  1.648694827039108e+00 -3.211027117003273e+00  1.648694744604370e+00  1.162364707078682e-03 
-1.913000000000009e-02  1.640435000000000e+00  1.659565000000000e+00  4.318159919371695e-02  3.254208108259145e+00  1.648694853726431e+00 -3.211026509065428e+00  1.648694771291693e+00  1.162366212003928e-03 
-1.912000000000003e-02  1.640440000000000e+00  1.659560000000000e+00  4.318193384697393e-02  3.254207830847955e+00  1.648694882347465e+00 -3.211025897000981e+00  1.648694799912724e+00  1.162367736032206e-03 
-1.910999999999996e-02  1.640445000000000e+00  1.659555000000000e+00  4.318226354983252e-02  3.254207553301945e+00  1.648694908425889e+00 -3.211025289752112e+00  1.648694825991147e+00  1.162369236898947e-03 
-1.909999999999989e-02  1.640450000000000e+00  1.659550000000000e+00  4.318259701133911e-02  3.254207275612687e+00  1.648694936312013e+00 -3.211024678601348e+00  1.648694853877271e+00  1.162370755591510e-03 
-1.908999999999983e-02  1.640455000000000e+00  1.659545000000000e+00  4.318292946200021e-02  3.254206997810726e+00  1.648694963636363e+00 -3.211024068348726e+00  1.648694881201619e+00  1.162372269080901e-03 
-1.908000000000021e-02  1.640460000000000e+00  1.659540000000000e+00  4.318326155582938e-02  3.254206719865738e+00  1.648694990710784e+00 -3.211023458309909e+00  1.648694908276038e+00  1.162373781751665e-03 
-1.907000000000014e-02  1.640465000000000e+00  1.659535000000000e+00  4.318359519478644e-02  3.254206441775910e+00  1.648695018485348e+00 -3.211022846581124e+00  1.648694936050602e+00  1.162375300540311e-03 
-1.906000000000008e-02  1.640470000000000e+00  1.659530000000000e+00  4.318392577506627e-02  3.254206163569390e+00  1.648695044672228e+00 -3.211022237794323e+00  1.648694962237480e+00  1.162376805782769e-03 
-1.905000000000001e-02  1.640475000000000e+00  1.659525000000000e+00  4.318426463760758e-02  3.254205885202863e+00  1.648695074920235e+00 -3.211021620565256e+00  1.648694992485486e+00  1.162378349067947e-03 
-1.903999999999995e-02  1.640480000000000e+00  1.659520000000000e+00  4.318459382196926e-02  3.254205606712991e+00  1.648695100267480e+00 -3.211021012891022e+00  1.648695017832730e+00  1.162379848242685e-03 
-1.902999999999988e-02  1.640485000000000e+00  1.659515000000000e+00  4.318492801783659e-02  3.254205328100842e+00  1.648695128059339e+00 -3.211020400083006e+00  1.648695045624587e+00  1.162381369446197e-03 
-1.902000000000026e-02  1.640490000000000e+00  1.659510000000000e+00  4.318526315858216e-02  3.254205049342839e+00  1.648695156250711e+00 -3.211019786184257e+00  1.648695073815957e+00  1.162382895888354e-03 
-1.901000000000019e-02  1.640495000000000e+00  1.659505000000000e+00  4.318559575428882e-02  3.254204770455297e+00  1.648695183104793e+00 -3.211019174701008e+00  1.648695100670038e+00  1.162384409924541e-03 
-1.900000000000013e-02  1.640500000000000e+00  1.659500000000000e+00  4.318593196983821e-02  3.254204491419631e+00  1.648695211694734e+00 -3.211018559449793e+00  1.648695129259978e+00  1.162385942258713e-03 
-1.899000000000006e-02  1.640505000000000e+00  1.659495000000000e+00  4.318626515709838e-02  3.254204212275952e+00  1.648695238716525e+00 -3.211017947118854e+00  1.648695156281768e+00  1.162387458445203e-03 
-1.898000000000000e-02  1.640510000000000e+00  1.659490000000000e+00  4.318659893578332e-02  3.254203932970482e+00  1.648695265953132e+00 -3.211017334034699e+00  1.648695183518373e+00  1.162388978484831e-03 
-1.896999999999993e-02  1.640515000000000e+00  1.659485000000000e+00  4.318693244693988e-02  3.254203653529310e+00  1.648695292988125e+00 -3.211016721082370e+00  1.648695210553364e+00  1.162390497110374e-03 
-1.895999999999987e-02  1.640520000000000e+00  1.659480000000000e+00  4.318727034460682e-02  3.254203373958561e+00  1.648695322151584e+00 -3.211016103613954e+00  1.648695239716822e+00  1.162392035505797e-03 
-1.895000000000024e-02  1.640525000000000e+00  1.659475000000000e+00  4.318760380476975e-02  3.254203094249259e+00  1.648695349027014e+00 -3.211015490444489e+00  1.648695266592251e+00  1.162393553865254e-03 
-1.894000000000018e-02  1.640530000000000e+00  1.659470000000000e+00  4.318793646570081e-02  3.254202814418136e+00  1.648695375441918e+00 -3.211014877952436e+00  1.648695293007154e+00  1.162395068784674e-03 
-1.893000000000011e-02  1.640535000000000e+00  1.659465000000000e+00  4.318827341803573e-02  3.254202534427843e+00  1.648695403922939e+00 -3.211014261009808e+00  1.648695321488173e+00  1.162396603085304e-03 
-1.892000000000005e-02  1.640540000000000e+00  1.659460000000000e+00  4.318860742319085e-02  3.254202254318994e+00  1.648695430871092e+00 -3.211013646895803e+00  1.648695348436325e+00  1.162398124310047e-03 
-1.890999999999998e-02  1.640545000000000e+00  1.659455000000000e+00  4.318894592112699e-02  3.254201974055345e+00  1.648695459988236e+00 -3.211013028134218e+00  1.648695377553467e+00  1.162399665932437e-03 
-1.889999999999992e-02  1.640550000000000e+00  1.659450000000000e+00  4.318928191068662e-02  3.254201693655373e+00  1.648695487783030e+00 -3.211012411744687e+00  1.648695405348260e+00  1.162401195540431e-03 
-1.888999999999985e-02  1.640555000000000e+00  1.659445000000000e+00  4.318961558303702e-02  3.254201413146780e+00  1.648695514364909e+00 -3.211011797563744e+00  1.648695431930137e+00  1.162402715050716e-03 
-1.888000000000023e-02  1.640560000000000e+00  1.659440000000000e+00  4.318995123953820e-02  3.254201132469922e+00  1.648695541854730e+00 -3.211011181230384e+00  1.648695459419957e+00  1.162404243233635e-03 
-1.887000000000016e-02  1.640565000000000e+00  1.659435000000000e+00  4.319028723750289e-02  3.254200851676896e+00  1.648695569457199e+00 -3.211010564439393e+00  1.648695487022425e+00  1.162405772913459e-03 
-1.886000000000010e-02  1.640570000000000e+00  1.659430000000000e+00  4.319062464888610e-02  3.254200570739581e+00  1.648695597694234e+00 -3.211009946090695e+00  1.648695515259458e+00  1.162407309327322e-03 
-1.885000000000003e-02  1.640575000000000e+00  1.659425000000000e+00  4.319095987990058e-02  3.254200289669850e+00  1.648695624774875e+00 -3.211009329789950e+00  1.648695542340098e+00  1.162408836164789e-03 
-1.883999999999997e-02  1.640580000000000e+00  1.659420000000000e+00  4.319129600646467e-02  3.254200008442810e+00  1.648695652224637e+00 -3.211008712436345e+00  1.648695569789859e+00  1.162410366668010e-03 
-1.882999999999990e-02  1.640585000000000e+00  1.659415000000000e+00  4.319163214459448e-02  3.254199727094297e+00  1.648695679619446e+00 -3.211008094949702e+00  1.648695597184666e+00  1.162411896305490e-03 
-1.881999999999984e-02  1.640590000000000e+00  1.659410000000000e+00  4.319196781554066e-02  3.254199445614124e+00  1.648695706714832e+00 -3.211007477798583e+00  1.648695624280051e+00  1.162413425138935e-03 
-1.881000000000022e-02  1.640595000000000e+00  1.659405000000000e+00  4.319230694188353e-02  3.254199163980267e+00  1.648695735461075e+00 -3.211006857038383e+00  1.648695653026292e+00  1.162414969287401e-03 
-1.880000000000015e-02  1.640600000000000e+00  1.659400000000000e+00  4.319264199104660e-02  3.254198882217162e+00  1.648695762104104e+00 -3.211006240226115e+00  1.648695679669320e+00  1.162416494755062e-03 
-1.879000000000008e-02  1.640605000000000e+00  1.659395000000000e+00  4.319297911293570e-02  3.254198600286768e+00  1.648695789699852e+00 -3.211005621173832e+00  1.648695707265066e+00  1.162418029917789e-03 
-1.878000000000002e-02  1.640610000000000e+00  1.659390000000000e+00  4.319331774177816e-02  3.254198318251643e+00  1.648695817996711e+00 -3.211005000509865e+00  1.648695735561924e+00  1.162419571761897e-03 
-1.876999999999995e-02  1.640615000000000e+00  1.659385000000000e+00  4.319365724839039e-02  3.254198036058413e+00  1.648695846653402e+00 -3.211004378810022e+00  1.648695764218614e+00  1.162421118207134e-03 
-1.875999999999989e-02  1.640620000000000e+00  1.659380000000000e+00  4.319399482202831e-02  3.254197753719174e+00  1.648695874270601e+00 -3.211003758897146e+00  1.648695791835812e+00  1.162422654589946e-03 
-1.875000000000027e-02  1.640625000000000e+00  1.659375000000000e+00  4.319433047985138e-02  3.254197471276679e+00  1.648695900878265e+00 -3.211003140796828e+00  1.648695818443475e+00  1.162424182991847e-03 
-1.874000000000020e-02  1.640630000000000e+00  1.659370000000000e+00  4.319467034721142e-02  3.254197188648346e+00  1.648695929497779e+00 -3.211002518301135e+00  1.648695847062986e+00  1.162425730963726e-03 
-1.873000000000014e-02  1.640635000000000e+00  1.659365000000000e+00  4.319500672920989e-02  3.254196905895344e+00  1.648695956312277e+00 -3.211001899166134e+00  1.648695873877483e+00  1.162427263204277e-03 
-1.872000000000007e-02  1.640640000000000e+00  1.659360000000000e+00  4.319534516778755e-02  3.254196623022842e+00  1.648695984095315e+00 -3.211001277855055e+00  1.648695901660520e+00  1.162428803044187e-03 
-1.871000000000000e-02  1.640645000000000e+00  1.659355000000000e+00  4.319568289919041e-02  3.254196340004085e+00  1.648696011451638e+00 -3.211000657104894e+00  1.648695929016841e+00  1.162430341846156e-03 
-1.869999999999994e-02  1.640650000000000e+00  1.659350000000000e+00  4.319602056238825e-02  3.254196056836691e+00  1.648696038699540e+00 -3.211000036274303e+00  1.648695956264742e+00  1.162431878518227e-03 
-1.868999999999987e-02  1.640655000000000e+00  1.659345000000000e+00  4.319635881148055e-02  3.254195773531591e+00  1.648696066171536e+00 -3.210999414720111e+00  1.648695983736737e+00  1.162433418589787e-03 
-1.868000000000025e-02  1.640660000000000e+00  1.659340000000000e+00  4.319669927379113e-02  3.254195490060256e+00  1.648696094667024e+00 -3.210998790786465e+00  1.648696012232223e+00  1.162434968850102e-03 
-1.867000000000019e-02  1.640665000000000e+00  1.659335000000000e+00  4.319703898984244e-02  3.254195206474857e+00  1.648696122732350e+00 -3.210998167485015e+00  1.648696040297548e+00  1.162436516195518e-03 
-1.866000000000012e-02  1.640670000000000e+00  1.659330000000000e+00  4.319737680690686e-02  3.254194922749859e+00  1.648696149778383e+00 -3.210997545942952e+00  1.648696067343579e+00  1.162438053603852e-03 
-1.865000000000006e-02  1.640675000000000e+00  1.659325000000000e+00  4.319771634159690e-02  3.254194638861321e+00  1.648696177601459e+00 -3.210996922519724e+00  1.648696095166654e+00  1.162439599830153e-03 
-1.863999999999999e-02  1.640680000000000e+00  1.659320000000000e+00  4.319805529351012e-02  3.254194354853380e+00  1.648696205073445e+00 -3.210996299559870e+00  1.648696122638639e+00  1.162441143018503e-03 
-1.862999999999992e-02  1.640685000000000e+00  1.659315000000000e+00  4.319839767693130e-02  3.254194070689214e+00  1.648696234183072e+00 -3.210995673012282e+00  1.648696151748265e+00  1.162442702196484e-03 
-1.861999999999986e-02  1.640690000000000e+00  1.659310000000000e+00  4.319873407712851e-02  3.254193786409944e+00  1.648696260243536e+00 -3.210995052332815e+00  1.648696177808727e+00  1.162444233107309e-03 
-1.861000000000024e-02  1.640695000000000e+00  1.659305000000000e+00  4.319907470233707e-02  3.254193501962309e+00  1.648696288332323e+00 -3.210994427259972e+00  1.648696205897513e+00  1.162445784461296e-03 
-1.860000000000017e-02  1.640700000000000e+00  1.659300000000000e+00  4.319941537895084e-02  3.254193217373589e+00  1.648696316376270e+00 -3.210993801994638e+00  1.648696233941458e+00  1.162447335119908e-03 
-1.859000000000011e-02  1.640705000000000e+00  1.659295000000000e+00  4.319975294374698e-02  3.254192932657303e+00  1.648696342800525e+00 -3.210993179713556e+00  1.648696260365712e+00  1.162448871857601e-03 
-1.858000000000004e-02  1.640710000000000e+00  1.659290000000000e+00  4.320009555906892e-02  3.254192647765260e+00  1.648696371662164e+00 -3.210992552206191e+00  1.648696289227350e+00  1.162450431663648e-03 
-1.856999999999998e-02  1.640715000000000e+00  1.659285000000000e+00  4.320043532593904e-02  3.254192362763640e+00  1.648696399044789e+00 -3.210991927437701e+00  1.648696316609974e+00  1.162451978738181e-03 
-1.855999999999991e-02  1.640720000000000e+00  1.659280000000000e+00  4.320077708285960e-02  3.254192077598074e+00  1.648696427340467e+00 -3.210991300515214e+00  1.648696344905650e+00  1.162453534769563e-03 
-1.854999999999984e-02  1.640725000000000e+00  1.659275000000000e+00  4.320111758185304e-02  3.254191792311251e+00  1.648696454946552e+00 -3.210990674729398e+00  1.648696372511733e+00  1.162455085085994e-03 
-1.854000000000022e-02  1.640730000000000e+00  1.659270000000000e+00  4.320145737752715e-02  3.254191506862114e+00  1.648696482119820e+00 -3.210990049484586e+00  1.648696399685000e+00  1.162456631781410e-03 
-1.853000000000016e-02  1.640735000000000e+00  1.659265000000000e+00  4.320179968579050e-02  3.254191221270809e+00  1.648696510478300e+00 -3.210989421585019e+00  1.648696428043478e+00  1.162458190526297e-03 
-1.852000000000009e-02  1.640740000000000e+00  1.659260000000000e+00  4.320213953361469e-02  3.254190935528556e+00  1.648696537531085e+00 -3.210988795994941e+00  1.648696455096262e+00  1.162459738048421e-03 
-1.851000000000003e-02  1.640745000000000e+00  1.659255000000000e+00  4.320248226835710e-02  3.254190649655119e+00  1.648696565961738e+00 -3.210988167386762e+00  1.648696483526914e+00  1.162461298808390e-03 
-1.849999999999996e-02  1.640750000000000e+00  1.659250000000000e+00  4.320282396822480e-02  3.254190363641096e+00  1.648696593804660e+00 -3.210987539672871e+00  1.648696511369835e+00  1.162462853913897e-03 
-1.848999999999990e-02  1.640755000000000e+00  1.659245000000000e+00  4.320316732638680e-02  3.254190077459242e+00  1.648696622392814e+00 -3.210986910132855e+00  1.648696539957987e+00  1.162464417645565e-03 
-1.848000000000027e-02  1.640760000000000e+00  1.659240000000000e+00  4.320350831104010e-02  3.254189791156190e+00  1.648696649733615e+00 -3.210986282845150e+00  1.648696567298787e+00  1.162465969303158e-03 
-1.847000000000021e-02  1.640765000000000e+00  1.659235000000000e+00  4.320384957269720e-02  3.254189504694060e+00  1.648696677133378e+00 -3.210985655121362e+00  1.648696594698549e+00  1.162467523657229e-03 
-1.846000000000014e-02  1.640770000000000e+00  1.659230000000000e+00  4.320419284877144e-02  3.254189218118841e+00  1.648696705483806e+00 -3.210985025270069e+00  1.648696623048975e+00  1.162469085732239e-03 
-1.845000000000008e-02  1.640775000000000e+00  1.659225000000000e+00  4.320453297406400e-02  3.254188931370517e+00  1.648696732172290e+00 -3.210984398396453e+00  1.648696649737458e+00  1.162470634559658e-03 
-1.844000000000001e-02  1.640780000000000e+00  1.659220000000000e+00  4.320487769207859e-02  3.254188644461442e+00  1.648696761076760e+00 -3.210983766769363e+00  1.648696678641926e+00  1.162472203714367e-03 
-1.842999999999995e-02  1.640785000000000e+00  1.659215000000000e+00  4.320522003183461e-02  3.254188357429216e+00  1.648696788730525e+00 -3.210983137397382e+00  1.648696706295690e+00  1.162473763232000e-03 
-1.841999999999988e-02  1.640790000000000e+00  1.659210000000000e+00  4.320556231233268e-02  3.254188070246049e+00  1.648696816279191e+00 -3.210982507933716e+00  1.648696733844354e+00  1.162475321114617e-03 
-1.841000000000026e-02  1.640795000000000e+00  1.659205000000000e+00  4.320590624024684e-02  3.254187782920642e+00  1.648696844580444e+00 -3.210981876680395e+00  1.648696762145606e+00  1.162476887659029e-03 
-1.840000000000019e-02  1.640800000000000e+00  1.659200000000000e+00  4.320624919686198e-02  3.254187495470500e+00  1.648696872333681e+00 -3.210981246273638e+00  1.648696789898841e+00  1.162478449071270e-03 
-1.839000000000013e-02  1.640805000000000e+00  1.659195000000000e+00  4.320659341084548e-02  3.254187207830488e+00  1.648696900620667e+00 -3.210980614419642e+00  1.648696818185826e+00  1.162480015880058e-03 
-1.838000000000006e-02  1.640810000000000e+00  1.659190000000000e+00  4.320693666333997e-02  3.254186920064930e+00  1.648696928364135e+00 -3.210979983401590e+00  1.648696845929293e+00  1.162481579097663e-03 
-1.837000000000000e-02  1.640815000000000e+00  1.659185000000000e+00  4.320727988354441e-02  3.254186632147179e+00  1.648696956015362e+00 -3.210979352263634e+00  1.648696873580518e+00  1.162483141025323e-03 
-1.835999999999993e-02  1.640820000000000e+00  1.659180000000000e+00  4.320762378693103e-02  3.254186344081048e+00  1.648696983933990e+00 -3.210978720294117e+00  1.648696901499144e+00  1.162484706974164e-03 
-1.834999999999987e-02  1.640825000000000e+00  1.659175000000000e+00  4.320796861875456e-02  3.254186055869694e+00  1.648697012244225e+00 -3.210978087250940e+00  1.648696929809378e+00  1.162486276192727e-03 
-1.834000000000024e-02  1.640830000000000e+00  1.659170000000000e+00  4.320831331179806e-02  3.254185767513762e+00  1.648697040412780e+00 -3.210977454201964e+00  1.648696957977932e+00  1.162487845706787e-03 
-1.833000000000018e-02  1.640835000000000e+00  1.659165000000000e+00  4.320865578137596e-02  3.254185479015364e+00  1.648697067398370e+00 -3.210976823233989e+00  1.648696984963521e+00  1.162489404872780e-03 
-1.832000000000011e-02  1.640840000000000e+00  1.659160000000000e+00  4.320899916518967e-02  3.254185190352104e+00  1.648697094758647e+00 -3.210976191186915e+00  1.648697012323797e+00  1.162490968651447e-03 
-1.831000000000005e-02  1.640845000000000e+00  1.659155000000000e+00  4.320934374555679e-02  3.254184901552894e+00  1.648697122649226e+00 -3.210975557807337e+00  1.648697040214373e+00  1.162492536891531e-03 
-1.829999999999998e-02  1.640850000000000e+00  1.659150000000000e+00  4.320969087756930e-02  3.254184612596933e+00  1.648697151737251e+00 -3.210974921719363e+00  1.648697069302397e+00  1.162494117881703e-03 
-1.828999999999992e-02  1.640855000000000e+00  1.659145000000000e+00  4.321003527527593e-02  3.254184323498180e+00  1.648697179386728e+00 -3.210974288222904e+00  1.648697096951873e+00  1.162495684850046e-03 
-1.827999999999985e-02  1.640860000000000e+00  1.659140000000000e+00  4.321037899024054e-02  3.254184034256613e+00  1.648697206623427e+00 -3.210973655266372e+00  1.648697124188571e+00  1.162497249873002e-03 
-1.827000000000023e-02  1.640865000000000e+00  1.659135000000000e+00  4.321072577179860e-02  3.254183744881272e+00  1.648697235326535e+00 -3.210973019109474e+00  1.648697152891678e+00  1.162498828525592e-03 
-1.826000000000016e-02  1.640870000000000e+00  1.659130000000000e+00  4.321107083753153e-02  3.254183455324382e+00  1.648697263080957e+00 -3.210972384486850e+00  1.648697180646098e+00  1.162500400045833e-03 
-1.825000000000010e-02  1.640875000000000e+00  1.659125000000000e+00  4.321141698212656e-02  3.254183165628485e+00  1.648697291305306e+00 -3.210971748646359e+00  1.648697208870445e+00  1.162501974948053e-03 
-1.824000000000003e-02  1.640880000000000e+00  1.659120000000000e+00  4.321176142362657e-02  3.254182875780242e+00  1.648697318601934e+00 -3.210971114356616e+00  1.648697236167073e+00  1.162503543345344e-03 
-1.822999999999997e-02  1.640885000000000e+00  1.659115000000000e+00  4.321210678498335e-02  3.254182585791185e+00  1.648697346288084e+00 -3.210970479006201e+00  1.648697263853221e+00  1.162505115472704e-03 
-1.821999999999990e-02  1.640890000000000e+00  1.659110000000000e+00  4.321245393674400e-02  3.254182295655928e+00  1.648697374796336e+00 -3.210969841719184e+00  1.648697292361471e+00  1.162506696330144e-03 
-1.821000000000028e-02  1.640895000000000e+00  1.659105000000000e+00  4.321280197667821e-02  3.254182005351881e+00  1.648697403664280e+00 -3.210969203375203e+00  1.648697321229414e+00  1.162508281274132e-03 
-1.820000000000022e-02  1.640900000000000e+00  1.659100000000000e+00  4.321314688740483e-02  3.254181714916734e+00  1.648697430902069e+00 -3.210968568029330e+00  1.648697348467202e+00  1.162509850698284e-03 
-1.819000000000015e-02  1.640905000000000e+00  1.659095000000000e+00  4.321349377392699e-02  3.254181424332859e+00  1.648697459053393e+00 -3.210967930558932e+00  1.648697376618524e+00  1.162511430375651e-03 
-1.818000000000008e-02  1.640910000000000e+00  1.659090000000000e+00  4.321384002692676e-02  3.254181133575439e+00  1.648697486801183e+00 -3.210967293548512e+00  1.648697404366313e+00  1.162513006382611e-03 
-1.817000000000002e-02  1.640915000000000e+00  1.659085000000000e+00  4.321418721618177e-02  3.254180842675437e+00  1.648697514945810e+00 -3.210966655459255e+00  1.648697432510938e+00  1.162514587194475e-03 
-1.815999999999995e-02  1.640920000000000e+00  1.659080000000000e+00  4.321453391148317e-02  3.254180551639456e+00  1.648697542775470e+00 -3.210966017727972e+00  1.648697460340597e+00  1.162516165247711e-03 
-1.814999999999989e-02  1.640925000000000e+00  1.659075000000000e+00  4.321487951475925e-02  3.254180260441615e+00  1.648697569978187e+00 -3.210965380926856e+00  1.648697487543313e+00  1.162517738846037e-03 
-1.814000000000027e-02  1.640930000000000e+00  1.659070000000000e+00  4.321522964503551e-02  3.254179969073102e+00  1.648697599359069e+00 -3.210964739428067e+00  1.648697516924193e+00  1.162519332514452e-03 
-1.813000000000020e-02  1.640935000000000e+00  1.659065000000000e+00  4.321557578799969e-02  3.254179677586055e+00  1.648697626687027e+00 -3.210964101798055e+00  1.648697544252150e+00  1.162520908265940e-03 
-1.812000000000014e-02  1.640940000000000e+00  1.659060000000000e+00  4.321592520145196e-02  3.254179385931534e+00  1.648697655566493e+00 -3.210963460730082e+00  1.648697573131614e+00  1.162522498353146e-03 
-1.811000000000007e-02  1.640945000000000e+00  1.659055000000000e+00  4.321627015478616e-02  3.254179094138903e+00  1.648697682146845e+00 -3.210962823984117e+00  1.648697599711965e+00  1.162524069163423e-03 
-1.810000000000000e-02  1.640950000000000e+00  1.659050000000000e+00  4.321662083242974e-02  3.254178802177808e+00  1.648697711505119e+00 -3.210962181345379e+00  1.648697629070238e+00  1.162525665110228e-03 
-1.808999999999994e-02  1.640955000000000e+00  1.659045000000000e+00  4.321696847410327e-02  3.254178510065909e+00  1.648697739270006e+00 -3.210961541591806e+00  1.648697656835123e+00  1.162527248276754e-03 
-1.807999999999987e-02  1.640960000000000e+00  1.659040000000000e+00  4.321731704108129e-02  3.254178217793536e+00  1.648697767417309e+00 -3.210960900752455e+00  1.648697684982424e+00  1.162528835167960e-03 
-1.807000000000025e-02  1.640965000000000e+00  1.659035000000000e+00  4.321766638309769e-02  3.254177925394096e+00  1.648697795888597e+00 -3.210960259010998e+00  1.648697713453711e+00  1.162530425307671e-03 
-1.806000000000019e-02  1.640970000000000e+00  1.659030000000000e+00  4.321801469253293e-02  3.254177632823416e+00  1.648697823757974e+00 -3.210959618130883e+00  1.648697741323087e+00  1.162532011398045e-03 
-1.805000000000012e-02  1.640975000000000e+00  1.659025000000000e+00  4.321836263603814e-02  3.254177340094905e+00  1.648697851365472e+00 -3.210958977458867e+00  1.648697768930583e+00  1.162533594137235e-03 
-1.804000000000006e-02  1.640980000000000e+00  1.659020000000000e+00  4.321871278963459e-02  3.254177047216900e+00  1.648697880003267e+00 -3.210958334427265e+00  1.648697797568377e+00  1.162535189487720e-03 
-1.802999999999999e-02  1.640985000000000e+00  1.659015000000000e+00  4.321906024987524e-02  3.254176754196427e+00  1.648697907223151e+00 -3.210957693946551e+00  1.648697824788260e+00  1.162536770584865e-03 
-1.801999999999992e-02  1.640990000000000e+00  1.659010000000000e+00  4.321940887867916e-02  3.254176461005980e+00  1.648697934942330e+00 -3.210957052127301e+00  1.648697852507437e+00  1.162538357454253e-03 
-1.800999999999986e-02  1.640995000000000e+00  1.659005000000000e+00  4.321975872721586e-02  3.254176167677076e+00  1.648697963202146e+00 -3.210956408949861e+00  1.648697880767252e+00  1.162539950216112e-03 
-1.800000000000024e-02  1.641000000000000e+00  1.659000000000000e+00  4.322011001320133e-02  3.254175874172463e+00  1.648697992092832e+00 -3.210955764159261e+00  1.648697909657937e+00  1.162541549197095e-03 
-1.799000000000017e-02  1.641005000000000e+00  1.658995000000000e+00  4.322045981834941e-02  3.254175580539183e+00  1.648698020178766e+00 -3.210955120720833e+00  1.648697937743869e+00  1.162543141132884e-03 
-1.798000000000011e-02  1.641010000000000e+00  1.658990000000000e+00  4.322080999875177e-02  3.254175286723693e+00  1.648698048361223e+00 -3.210954476724941e+00  1.648697965926324e+00  1.162544735754197e-03 
-1.797000000000004e-02  1.641015000000000e+00  1.658985000000000e+00  4.322115924688230e-02  3.254174992774064e+00  1.648698076010473e+00 -3.210953833527181e+00  1.648697993575573e+00  1.162546324882770e-03 
-1.795999999999998e-02  1.641020000000000e+00  1.658980000000000e+00  4.322151032794906e-02  3.254174698658435e+00  1.648698104493192e+00 -3.210953188330486e+00  1.648698022058291e+00  1.162547923926041e-03 
-1.794999999999991e-02  1.641025000000000e+00  1.658975000000000e+00  4.322186090418705e-02  3.254174404400458e+00  1.648698132652323e+00 -3.210952543496271e+00  1.648698050217420e+00  1.162549518980590e-03 
-1.794000000000029e-02  1.641030000000000e+00  1.658970000000000e+00  4.322221197279637e-02  3.254174109962205e+00  1.648698160967501e+00 -3.210951897989409e+00  1.648698078532597e+00  1.162551117166130e-03 
-1.793000000000022e-02  1.641035000000000e+00  1.658965000000000e+00  4.322256173603513e-02  3.254173815390595e+00  1.648698188563315e+00 -3.210951253654560e+00  1.648698106128410e+00  1.162552708553540e-03 
-1.792000000000016e-02  1.641040000000000e+00  1.658960000000000e+00  4.322291284549291e-02  3.254173520640606e+00  1.648698216743050e+00 -3.210950607795113e+00  1.648698134308143e+00  1.162554307800854e-03 
-1.791000000000009e-02  1.641045000000000e+00  1.658955000000000e+00  4.322326440894266e-02  3.254173225759668e+00  1.648698245084305e+00 -3.210949961350726e+00  1.648698162649397e+00  1.162555909182815e-03 
-1.790000000000003e-02  1.641050000000000e+00  1.658950000000000e+00  4.322361536776261e-02  3.254172930708976e+00  1.648698273038369e+00 -3.210949315341213e+00  1.648698190603460e+00  1.162557505462033e-03 
-1.788999999999996e-02  1.641055000000000e+00  1.658945000000000e+00  4.322396701454394e-02  3.254172635507943e+00  1.648698301261244e+00 -3.210948668493399e+00  1.648698218826333e+00  1.162559106723885e-03 
-1.787999999999990e-02  1.641060000000000e+00  1.658940000000000e+00  4.322431849205405e-02  3.254172340149816e+00  1.648698329320935e+00 -3.210948021657762e+00  1.648698246886023e+00  1.162560706053823e-03 
-1.787000000000027e-02  1.641065000000000e+00  1.658935000000000e+00  4.322467025114207e-02  3.254172044621239e+00  1.648698357436190e+00 -3.210947374370097e+00  1.648698275001277e+00  1.162562307932855e-03 
-1.786000000000021e-02  1.641070000000000e+00  1.658930000000000e+00  4.322502367356441e-02  3.254171748934875e+00  1.648698386304220e+00 -3.210946725261311e+00  1.648698303869305e+00  1.162563916511906e-03 
-1.785000000000014e-02  1.641075000000000e+00  1.658925000000000e+00  4.322537617137545e-02  3.254171453092711e+00  1.648698414632043e+00 -3.210946076921336e+00  1.648698332197127e+00  1.162565521044170e-03 
-1.784000000000008e-02  1.641080000000000e+00  1.658920000000000e+00  4.322572662779329e-02  3.254171157117730e+00  1.648698441872761e+00 -3.210945430489937e+00  1.648698359437843e+00  1.162567116329459e-03 
-1.783000000000001e-02  1.641085000000000e+00  1.658915000000000e+00  4.322607989215941e-02  3.254170860962790e+00  1.648698470427475e+00 -3.210944781070631e+00  1.648698387992556e+00  1.162568724186665e-03 
-1.781999999999995e-02  1.641090000000000e+00  1.658910000000000e+00  4.322643371375436e-02  3.254170564650503e+00  1.648698499182129e+00 -3.210944130936749e+00  1.648698416747208e+00  1.162570334526929e-03 
-1.780999999999988e-02  1.641095000000000e+00  1.658905000000000e+00  4.322678403460938e-02  3.254170268189541e+00  1.648698526112075e+00 -3.210943484154932e+00  1.648698443677153e+00  1.162571929684229e-03 
-1.780000000000026e-02  1.641100000000000e+00  1.658900000000000e+00  4.322713920526568e-02  3.254169971548272e+00  1.648698555376769e+00 -3.210942832343006e+00  1.648698472941845e+00  1.162573545912506e-03 
-1.779000000000019e-02  1.641105000000000e+00  1.658895000000000e+00  4.322749418791896e-02  3.254169674761274e+00  1.648698584474597e+00 -3.210942180573356e+00  1.648698502039672e+00  1.162575161931082e-03 
-1.778000000000013e-02  1.641110000000000e+00  1.658890000000000e+00  4.322784479635625e-02  3.254169377819875e+00  1.648698611308115e+00 -3.210941533023518e+00  1.648698528873189e+00  1.162576758014134e-03 
-1.777000000000006e-02  1.641115000000000e+00  1.658885000000000e+00  4.322819723122445e-02  3.254169080735282e+00  1.648698638983253e+00 -3.210940883504057e+00  1.648698556548325e+00  1.162578361694899e-03 
-1.776000000000000e-02  1.641120000000000e+00  1.658880000000000e+00  4.322855459576891e-02  3.254168783452130e+00  1.648698669023950e+00 -3.210940228856361e+00  1.648698586589020e+00  1.162579989173339e-03 
-1.774999999999993e-02  1.641125000000000e+00  1.658875000000000e+00  4.322890619245875e-02  3.254168486033688e+00  1.648698696113074e+00 -3.210939579841229e+00  1.648698613678143e+00  1.162581588894548e-03 
-1.774000000000031e-02  1.641130000000000e+00  1.658870000000000e+00  4.322926091283388e-02  3.254168188453519e+00  1.648698724683176e+00 -3.210938927540685e+00  1.648698642248244e+00  1.162583204072124e-03 
-1.773000000000025e-02  1.641135000000000e+00  1.658865000000000e+00  4.322961468708201e-02  3.254167890704187e+00  1.648698752695634e+00 -3.210938276017105e+00  1.648698670260701e+00  1.162584813858179e-03 
-1.772000000000018e-02  1.641140000000000e+00  1.658860000000000e+00  4.322997095236110e-02  3.254167592785954e+00  1.648698781869157e+00 -3.210937621833593e+00  1.648698699434223e+00  1.162586435890333e-03 
-1.771000000000011e-02  1.641145000000000e+00  1.658855000000000e+00  4.323032539844877e-02  3.254167294729322e+00  1.648698810063886e+00 -3.210936969330873e+00  1.648698727628949e+00  1.162588048980609e-03 
-1.770000000000005e-02  1.641150000000000e+00  1.658850000000000e+00  4.323067935433472e-02  3.254166996502301e+00  1.648698837928318e+00 -3.210936317147966e+00  1.648698755493380e+00  1.162589660461497e-03 
-1.768999999999998e-02  1.641155000000000e+00  1.658845000000000e+00  4.323103438246322e-02  3.254166698114012e+00  1.648698866248238e+00 -3.210935663731549e+00  1.648698783813299e+00  1.162591275666963e-03 
-1.767999999999992e-02  1.641160000000000e+00  1.658840000000000e+00  4.323139084391500e-02  3.254166399561422e+00  1.648698895202668e+00 -3.210935008717507e+00  1.648698812767728e+00  1.162592899107437e-03 
-1.767000000000030e-02  1.641165000000000e+00  1.658835000000000e+00  4.323174439178403e-02  3.254166100861633e+00  1.648698922626709e+00 -3.210934356469849e+00  1.648698840191767e+00  1.162594508258994e-03 
-1.766000000000023e-02  1.641170000000000e+00  1.658830000000000e+00  4.323210106791059e-02  3.254165801979020e+00  1.648698951523465e+00 -3.210933700911109e+00  1.648698869088522e+00  1.162596131288624e-03 
-1.765000000000017e-02  1.641175000000000e+00  1.658825000000000e+00  4.323245709247012e-02  3.254165502938419e+00  1.648698980015445e+00 -3.210933045845949e+00  1.648698897580500e+00  1.162597752173403e-03 
-1.764000000000010e-02  1.641180000000000e+00  1.658820000000000e+00  4.323281279188243e-02  3.254165203740546e+00  1.648699008266214e+00 -3.210932390948663e+00  1.648698925831268e+00  1.162599371198481e-03 
-1.763000000000003e-02  1.641185000000000e+00  1.658815000000000e+00  4.323316962467159e-02  3.254164904378563e+00  1.648699037001617e+00 -3.210931734753891e+00  1.648698954566669e+00  1.162600995131679e-03 
-1.761999999999997e-02  1.641190000000000e+00  1.658810000000000e+00  4.323352580712198e-02  3.254164604856094e+00  1.648699065331608e+00 -3.210931079048972e+00  1.648698982896659e+00  1.162602616161688e-03 
-1.760999999999990e-02  1.641195000000000e+00  1.658805000000000e+00  4.323388148938209e-02  3.254164305166233e+00  1.648699093327807e+00 -3.210930423676850e+00  1.648699010892857e+00  1.162604235440456e-03 
-1.760000000000028e-02  1.641200000000000e+00  1.658800000000000e+00  4.323423632521815e-02  3.254164005317013e+00  1.648699120821115e+00 -3.210929768991795e+00  1.648699038386163e+00  1.162605849706770e-03 
-1.759000000000022e-02  1.641205000000000e+00  1.658795000000000e+00  4.323459312191501e-02  3.254163705303815e+00  1.648699149212865e+00 -3.210929112181899e+00  1.648699066777912e+00  1.162607474645219e-03 
-1.758000000000015e-02  1.641210000000000e+00  1.658790000000000e+00  4.323495245689964e-02  3.254163405125972e+00  1.648699178791436e+00 -3.210928452669072e+00  1.648699096356481e+00  1.162609110751465e-03 
-1.757000000000009e-02  1.641215000000000e+00  1.658785000000000e+00  4.323530783706472e-02  3.254163104786445e+00  1.648699206311755e+00 -3.210927796949380e+00  1.648699123876799e+00  1.162610727047235e-03 
-1.756000000000002e-02  1.641220000000000e+00  1.658780000000000e+00  4.323566575634920e-02  3.254162804286722e+00  1.648699235021535e+00 -3.210927138530372e+00  1.648699152586578e+00  1.162612356842494e-03 
-1.754999999999995e-02  1.641225000000000e+00  1.658775000000000e+00  4.323602334421252e-02  3.254162503593501e+00  1.648699263468857e+00 -3.210926480249289e+00  1.648699181033898e+00  1.162613984356091e-03 
-1.753999999999989e-02  1.641230000000000e+00  1.658770000000000e+00  4.323638178504251e-02  3.254162202773451e+00  1.648699292279247e+00 -3.210925820988409e+00  1.648699209844286e+00  1.162615615839695e-03 
-1.753000000000027e-02  1.641235000000000e+00  1.658765000000000e+00  4.323673827240432e-02  3.254161901770614e+00  1.648699320021509e+00 -3.210925163498209e+00  1.648699237586547e+00  1.162617237976755e-03 
-1.752000000000020e-02  1.641240000000000e+00  1.658760000000000e+00  4.323709702896635e-02  3.254161600610077e+00  1.648699348819521e+00 -3.210924503581110e+00  1.648699266384558e+00  1.162618871655264e-03 
-1.751000000000014e-02  1.641245000000000e+00  1.658755000000000e+00  4.323745790284476e-02  3.254161299261600e+00  1.648699378582223e+00 -3.210923841358755e+00  1.648699296147258e+00  1.162620513053333e-03 
-1.750000000000007e-02  1.641250000000000e+00  1.658750000000000e+00  4.323781304985487e-02  3.254160997777552e+00  1.648699405413703e+00 -3.210923184727697e+00  1.648699322978737e+00  1.162622129519870e-03 
-1.749000000000001e-02  1.641255000000000e+00  1.658745000000000e+00  4.323817112732350e-02  3.254160696113685e+00  1.648699433620504e+00 -3.210922524986362e+00  1.648699351185537e+00  1.162623759611256e-03 
-1.747999999999994e-02  1.641260000000000e+00  1.658740000000000e+00  4.323853031959129e-02  3.254160394305456e+00  1.648699462312524e+00 -3.210921863985864e+00  1.648699379877554e+00  1.162625393711496e-03 
-1.747000000000032e-02  1.641265000000000e+00  1.658735000000000e+00  4.323888950627903e-02  3.254160092296674e+00  1.648699490901476e+00 -3.210921202790395e+00  1.648699408466506e+00  1.162627029166385e-03 
-1.746000000000025e-02  1.641270000000000e+00  1.658730000000000e+00  4.323924725708972e-02  3.254159790138269e+00  1.648699518697679e+00 -3.210920542881179e+00  1.648699436262708e+00  1.162628657749821e-03 
-1.745000000000019e-02  1.641275000000000e+00  1.658725000000000e+00  4.323960848699163e-02  3.254159487798607e+00  1.648699548142800e+00 -3.210919879311616e+00  1.648699465707826e+00  1.162630301201591e-03 
-1.744000000000012e-02  1.641280000000000e+00  1.658720000000000e+00  4.323996592443288e-02  3.254159185304438e+00  1.648699575614435e+00 -3.210919219380005e+00  1.648699493179461e+00  1.162631928286469e-03 
-1.743000000000006e-02  1.641285000000000e+00  1.658715000000000e+00  4.324032756329737e-02  3.254158882643515e+00  1.648699605103406e+00 -3.210918555080217e+00  1.648699522668430e+00  1.162633574639344e-03 
-1.741999999999999e-02  1.641290000000000e+00  1.658710000000000e+00  4.324068763761760e-02  3.254158579810765e+00  1.648699633724191e+00 -3.210917892173147e+00  1.648699551289214e+00  1.162635212510310e-03 
-1.740999999999993e-02  1.641295000000000e+00  1.658705000000000e+00  4.324104657506837e-02  3.254158276808341e+00  1.648699661691705e+00 -3.210917230233273e+00  1.648699579256726e+00  1.162636846966964e-03 
-1.740000000000030e-02  1.641300000000000e+00  1.658700000000000e+00  4.324140658895997e-02  3.254157973655236e+00  1.648699690122098e+00 -3.210916567066276e+00  1.648699607687118e+00  1.162638485419582e-03 
-1.739000000000024e-02  1.641305000000000e+00  1.658695000000000e+00  4.324176800330458e-02  3.254157670303784e+00  1.648699719153544e+00 -3.210915902300480e+00  1.648699636718563e+00  1.162640130196942e-03 
-1.738000000000017e-02  1.641310000000000e+00  1.658690000000000e+00  4.324212648167288e-02  3.254157366816486e+00  1.648699746649079e+00 -3.210915240334813e+00  1.648699664214096e+00  1.162641762257367e-03 
-1.737000000000011e-02  1.641315000000000e+00  1.658685000000000e+00  4.324248683594607e-02  3.254157063152967e+00  1.648699774994457e+00 -3.210914576317021e+00  1.648699692559472e+00  1.162643402323274e-03 
-1.736000000000004e-02  1.641320000000000e+00  1.658680000000000e+00  4.324284809024204e-02  3.254156759300802e+00  1.648699803695522e+00 -3.210913911210560e+00  1.648699721260536e+00  1.162645045692622e-03 
-1.734999999999998e-02  1.641325000000000e+00  1.658675000000000e+00  4.324320998868748e-02  3.254156455294404e+00  1.648699832641546e+00 -3.210913245305716e+00  1.648699750206558e+00  1.162646692882674e-03 
-1.733999999999991e-02  1.641330000000000e+00  1.658670000000000e+00  4.324357269449941e-02  3.254156151084135e+00  1.648699861889317e+00 -3.210912578389636e+00  1.648699779454329e+00  1.162648344310670e-03 
-1.733000000000029e-02  1.641335000000000e+00  1.658665000000000e+00  4.324393140494144e-02  3.254155846753620e+00  1.648699889079281e+00 -3.210911915348678e+00  1.648699806644290e+00  1.162649975810509e-03 
-1.732000000000022e-02  1.641340000000000e+00  1.658660000000000e+00  4.324429582703329e-02  3.254155542205452e+00  1.648699919016243e+00 -3.210911246378419e+00  1.648699836581251e+00  1.162651635305604e-03 
-1.731000000000016e-02  1.641345000000000e+00  1.658655000000000e+00  4.324465741132948e-02  3.254155237537893e+00  1.648699947474611e+00 -3.210910580126564e+00  1.648699865039618e+00  1.162653281349814e-03 
-1.730000000000009e-02  1.641350000000000e+00  1.658650000000000e+00  4.324501854269153e-02  3.254154932684667e+00  1.648699975613679e+00 -3.210909914141975e+00  1.648699893178684e+00  1.162654924094360e-03 
-1.729000000000003e-02  1.641355000000000e+00  1.658645000000000e+00  4.324537908421142e-02  3.254154627641430e+00  1.648700003362821e+00 -3.210909248557218e+00  1.648699920927825e+00  1.162656565231330e-03 
-1.727999999999996e-02  1.641360000000000e+00  1.658640000000000e+00  4.324574548366242e-02  3.254154322433862e+00  1.648700033958762e+00 -3.210908576950199e+00  1.648699951523765e+00  1.162658232765163e-03 
-1.726999999999990e-02  1.641365000000000e+00  1.658635000000000e+00  4.324610655863562e-02  3.254154017062501e+00  1.648700061810568e+00 -3.210907910503865e+00  1.648699979375569e+00  1.162659876475144e-03 
-1.726000000000028e-02  1.641370000000000e+00  1.658630000000000e+00  4.324647169599279e-02  3.254153711495674e+00  1.648700091595833e+00 -3.210907239799681e+00  1.648700009160833e+00  1.162661537844127e-03 
-1.725000000000021e-02  1.641375000000000e+00  1.658625000000000e+00  4.324683013513190e-02  3.254153405801882e+00  1.648700117968507e+00 -3.210906575666750e+00  1.648700035533506e+00  1.162663169058646e-03 
-1.724000000000014e-02  1.641380000000000e+00  1.658620000000000e+00  4.324719516507312e-02  3.254153099913456e+00  1.648700147539264e+00 -3.210905904748383e+00  1.648700065104261e+00  1.162664829774031e-03 
-1.723000000000008e-02  1.641385000000000e+00  1.658615000000000e+00  4.324755863590057e-02  3.254152793844366e+00  1.648700176240133e+00 -3.210905235208465e+00  1.648700093805129e+00  1.162666484178355e-03 
-1.722000000000001e-02  1.641390000000000e+00  1.658610000000000e+00  4.324792035506256e-02  3.254152487634741e+00  1.648700203994901e+00 -3.210904567279678e+00  1.648700121559896e+00  1.162668131064552e-03 
-1.720999999999995e-02  1.641395000000000e+00  1.658605000000000e+00  4.324828481655013e-02  3.254152181206941e+00  1.648700233011746e+00 -3.210903896390391e+00  1.648700150576738e+00  1.162669788402835e-03 
-1.720000000000033e-02  1.641400000000000e+00  1.658600000000000e+00  4.324864851983382e-02  3.254151874631630e+00  1.648700261575732e+00 -3.210903226111796e+00  1.648700179140723e+00  1.162671444455413e-03 
-1.719000000000026e-02  1.641405000000000e+00  1.658595000000000e+00  4.324901368811764e-02  3.254151567871265e+00  1.648700290779691e+00 -3.210902554183148e+00  1.648700208344681e+00  1.162673106340811e-03 
-1.718000000000020e-02  1.641410000000000e+00  1.658590000000000e+00  4.324937852123115e-02  3.254151260937175e+00  1.648700319729203e+00 -3.210901882415944e+00  1.648700237294191e+00  1.162674766531652e-03 
-1.717000000000013e-02  1.641415000000000e+00  1.658585000000000e+00  4.324974212407137e-02  3.254150953844295e+00  1.648700347984183e+00 -3.210901211720224e+00  1.648700265549170e+00  1.162676420819844e-03 
-1.716000000000006e-02  1.641420000000000e+00  1.658580000000000e+00  4.325010644350730e-02  3.254150646564576e+00  1.648700376504042e+00 -3.210900540121069e+00  1.648700294069027e+00  1.162678079677082e-03 
-1.715000000000000e-02  1.641425000000000e+00  1.658575000000000e+00  4.325047161673451e-02  3.254150339105657e+00  1.648700405361196e+00 -3.210899867488922e+00  1.648700322926180e+00  1.162679741456858e-03 
-1.713999999999993e-02  1.641430000000000e+00  1.658570000000000e+00  4.325083696749371e-02  3.254150031502408e+00  1.648700434234951e+00 -3.210899194534914e+00  1.648700351799933e+00  1.162681404084875e-03 
-1.713000000000031e-02  1.641435000000000e+00  1.658565000000000e+00  4.325120050215756e-02  3.254149723698860e+00  1.648700462100509e+00 -3.210898523196702e+00  1.648700379665490e+00  1.162683058246681e-03 
-1.712000000000025e-02  1.641440000000000e+00  1.658560000000000e+00  4.325156576464798e-02  3.254149415718183e+00  1.648700490741416e+00 -3.210897849953535e+00  1.648700408306395e+00  1.162684720177266e-03 
-1.711000000000018e-02  1.641445000000000e+00  1.658555000000000e+00  4.325193342207843e-02  3.254149107567029e+00  1.648700520494554e+00 -3.210897174144951e+00  1.648700438059532e+00  1.162686394500607e-03 
-1.710000000000012e-02  1.641450000000000e+00  1.658550000000000e+00  4.325230001081617e-02  3.254148799244857e+00  1.648700549627836e+00 -3.210896499234041e+00  1.648700467192813e+00  1.162688061969372e-03 
-1.709000000000005e-02  1.641455000000000e+00  1.658545000000000e+00  4.325266343166560e-02  3.254148490741424e+00  1.648700577086545e+00 -3.210895827309759e+00  1.648700494651520e+00  1.162689715522946e-03 
-1.707999999999998e-02  1.641460000000000e+00  1.658540000000000e+00  4.325303076791772e-02  3.254148182059673e+00  1.648700606413795e+00 -3.210895151291756e+00  1.648700523978769e+00  1.162691388484552e-03 
-1.706999999999992e-02  1.641465000000000e+00  1.658535000000000e+00  4.325339642006758e-02  3.254147873207629e+00  1.648700634813848e+00 -3.210894476787562e+00  1.648700552378821e+00  1.162693051383587e-03 
-1.706000000000030e-02  1.641470000000000e+00  1.658530000000000e+00  4.325376454042847e-02  3.254147564180969e+00  1.648700664360699e+00 -3.210893799640541e+00  1.648700581925670e+00  1.162694727249046e-03 
-1.705000000000023e-02  1.641475000000000e+00  1.658525000000000e+00  4.325412660369073e-02  3.254147254990834e+00  1.648700690797263e+00 -3.210893128387144e+00  1.648700608362232e+00  1.162696374201412e-03 
-1.704000000000017e-02  1.641480000000000e+00  1.658520000000000e+00  4.325449894258241e-02  3.254146945575391e+00  1.648700722258987e+00 -3.210892446632808e+00  1.648700639823955e+00  1.162698069445946e-03 
-1.703000000000010e-02  1.641485000000000e+00  1.658515000000000e+00  4.325486205143311e-02  3.254146636036416e+00  1.648700749043925e+00 -3.210891773984983e+00  1.648700666608891e+00  1.162699721684379e-03 
-1.702000000000004e-02  1.641490000000000e+00  1.658510000000000e+00  4.325523179926838e-02  3.254146326271484e+00  1.648700779035376e+00 -3.210891094472215e+00  1.648700696600341e+00  1.162701404068466e-03 
-1.700999999999997e-02  1.641495000000000e+00  1.658505000000000e+00  4.325559749144309e-02  3.254146016380718e+00  1.648700806936081e+00 -3.210890418889275e+00  1.648700724501045e+00  1.162703068655838e-03 
-1.699999999999990e-02  1.641500000000000e+00  1.658500000000000e+00  4.325596626864928e-02  3.254145706274271e+00  1.648700836271460e+00 -3.210889740005622e+00  1.648700753836423e+00  1.162704746933676e-03 
-1.699000000000028e-02  1.641505000000000e+00  1.658495000000000e+00  4.325633386279602e-02  3.254145396011236e+00  1.648700864937016e+00 -3.210889062148440e+00  1.648700782501977e+00  1.162706419554449e-03 
-1.698000000000022e-02  1.641510000000000e+00  1.658490000000000e+00  4.325670504981429e-02  3.254145085526628e+00  1.648700895288221e+00 -3.210888380476814e+00  1.648700812853181e+00  1.162708109165504e-03 
-1.697000000000015e-02  1.641515000000000e+00  1.658485000000000e+00  4.325707044806220e-02  3.254144774921464e+00  1.648700922684763e+00 -3.210887704473402e+00  1.648700840249721e+00  1.162709771632355e-03 
-1.696000000000009e-02  1.641520000000000e+00  1.658480000000000e+00  4.325744191251643e-02  3.254144464087525e+00  1.648700953000021e+00 -3.210887022175009e+00  1.648700870564977e+00  1.162711462846288e-03 
-1.695000000000002e-02  1.641525000000000e+00  1.658475000000000e+00  4.325780815244841e-02  3.254144153106572e+00  1.648700980629511e+00 -3.210886344954124e+00  1.648700898194466e+00  1.162713128581967e-03 
-1.693999999999996e-02  1.641530000000000e+00  1.658470000000000e+00  4.325817776174760e-02  3.254143841935940e+00  1.648701009848844e+00 -3.210885664174192e+00  1.648700927413798e+00  1.162714811071811e-03 
-1.693000000000033e-02  1.641535000000000e+00  1.658465000000000e+00  4.325854551363967e-02  3.254143530582529e+00  1.648701038048085e+00 -3.210884985068890e+00  1.648700955613037e+00  1.162716484384888e-03 
-1.692000000000027e-02  1.641540000000000e+00  1.658460000000000e+00  4.325891402125022e-02  3.254143219056485e+00  1.648701066538867e+00 -3.210884305035235e+00  1.648700984103818e+00  1.162718161201254e-03 
-1.691000000000020e-02  1.641545000000000e+00  1.658455000000000e+00  4.325928397150624e-02  3.254142907338363e+00  1.648701095654934e+00 -3.210883623366856e+00  1.648701013219884e+00  1.162719844496028e-03 
-1.690000000000014e-02  1.641550000000000e+00  1.658450000000000e+00  4.325965265168304e-02  3.254142595433067e+00  1.648701124042375e+00 -3.210882942781384e+00  1.648701041607323e+00  1.162721522226029e-03 
-1.689000000000007e-02  1.641555000000000e+00  1.658445000000000e+00  4.326002441955391e-02  3.254142283358947e+00  1.648701153889251e+00 -3.210882258939393e+00  1.648701071454197e+00  1.162723213364898e-03 
-1.688000000000001e-02  1.641560000000000e+00  1.658440000000000e+00  4.326039189835470e-02  3.254141971121620e+00  1.648701181509987e+00 -3.210881579223265e+00  1.648701099074932e+00  1.162724885168005e-03 
-1.686999999999994e-02  1.641565000000000e+00  1.658435000000000e+00  4.326076619828453e-02  3.254141658665601e+00  1.648701212431943e+00 -3.210880892467316e+00  1.648701129996886e+00  1.162726589443077e-03 
-1.686000000000032e-02  1.641570000000000e+00  1.658430000000000e+00  4.326113399871361e-02  3.254141346054216e+00  1.648701240026465e+00 -3.210880212055502e+00  1.648701157591407e+00  1.162728262865716e-03 
-1.685000000000025e-02  1.641575000000000e+00  1.658425000000000e+00  4.326150563033882e-02  3.254141033253638e+00  1.648701269441988e+00 -3.210879527623300e+00  1.648701187006929e+00  1.162729954053889e-03 
-1.684000000000019e-02  1.641580000000000e+00  1.658420000000000e+00  4.326187597442628e-02  3.254140720268348e+00  1.648701298121387e+00 -3.210878844293922e+00  1.648701215686326e+00  1.162731639290255e-03 
-1.683000000000012e-02  1.641585000000000e+00  1.658415000000000e+00  4.326224891674576e-02  3.254140407083517e+00  1.648701328000131e+00 -3.210878158166771e+00  1.648701245565069e+00  1.162733336285378e-03 
-1.682000000000006e-02  1.641590000000000e+00  1.658410000000000e+00  4.326261870247868e-02  3.254140093742173e+00  1.648701356222326e+00 -3.210877475039695e+00  1.648701273787262e+00  1.162735019683606e-03 
-1.680999999999999e-02  1.641595000000000e+00  1.658405000000000e+00  4.326298936262103e-02  3.254139780194414e+00  1.648701384778518e+00 -3.210876790831793e+00  1.648701302343453e+00  1.162736705907565e-03 
-1.679999999999993e-02  1.641600000000000e+00  1.658400000000000e+00  4.326335964535149e-02  3.254139466493295e+00  1.648701413069323e+00 -3.210876106847944e+00  1.648701330634257e+00  1.162738390606832e-03 
-1.679000000000030e-02  1.641605000000000e+00  1.658395000000000e+00  4.326373418506145e-02  3.254139152577310e+00  1.648701443381186e+00 -3.210875418392249e+00  1.648701360946118e+00  1.162740094889240e-03 
-1.678000000000024e-02  1.641610000000000e+00  1.658390000000000e+00  4.326410504831114e-02  3.254138838503998e+00  1.648701471776155e+00 -3.210874733455687e+00  1.648701389341085e+00  1.162741782740799e-03 
-1.677000000000017e-02  1.641615000000000e+00  1.658385000000000e+00  4.326447790017789e-02  3.254138524233016e+00  1.648701501066597e+00 -3.210874046332838e+00  1.648701418631526e+00  1.162743478389506e-03 
-1.676000000000011e-02  1.641620000000000e+00  1.658380000000000e+00  4.326484939207754e-02  3.254138209772414e+00  1.648701529582246e+00 -3.210873360380337e+00  1.648701447147174e+00  1.162745170407988e-03 
-1.675000000000004e-02  1.641625000000000e+00  1.658375000000000e+00  4.326522262847930e-02  3.254137895121854e+00  1.648701558875167e+00 -3.210872672493375e+00  1.648701476440093e+00  1.162746868968202e-03 
-1.673999999999998e-02  1.641630000000000e+00  1.658370000000000e+00  4.326559590663828e-02  3.254137580298309e+00  1.648701588102474e+00 -3.210871984391671e+00  1.648701505667399e+00  1.162748566239508e-03 
-1.673000000000036e-02  1.641635000000000e+00  1.658365000000000e+00  4.326596991254531e-02  3.254137265288342e+00  1.648701617600443e+00 -3.210871295375796e+00  1.648701535165367e+00  1.162750268591317e-03 
-1.672000000000029e-02  1.641640000000000e+00  1.658360000000000e+00  4.326634226748459e-02  3.254136950075977e+00  1.648701646171731e+00 -3.210870607808492e+00  1.648701563736653e+00  1.162751963250192e-03 
-1.671000000000022e-02  1.641645000000000e+00  1.658355000000000e+00  4.326671477059281e-02  3.254136634698352e+00  1.648701674734472e+00 -3.210869919927759e+00  1.648701592299393e+00  1.162753658058874e-03 
-1.670000000000016e-02  1.641650000000000e+00  1.658350000000000e+00  4.326708749439478e-02  3.254136319125142e+00  1.648701703309769e+00 -3.210869231630747e+00  1.648701620874688e+00  1.162755354558636e-03 
-1.669000000000009e-02  1.641655000000000e+00  1.658345000000000e+00  4.326746160645431e-02  3.254136003379358e+00  1.648701732492906e+00 -3.210868541772903e+00  1.648701650057824e+00  1.162757055792031e-03 
-1.668000000000003e-02  1.641660000000000e+00  1.658340000000000e+00  4.326783704962728e-02  3.254135687435637e+00  1.648701762242632e+00 -3.210867850386010e+00  1.648701679807548e+00  1.162758765061205e-03 
-1.666999999999996e-02  1.641665000000000e+00  1.658335000000000e+00  4.326821111752831e-02  3.254135371289298e+00  1.648701791203413e+00 -3.210867160171770e+00  1.648701708768328e+00  1.162760466743081e-03 
-1.666000000000034e-02  1.641670000000000e+00  1.658330000000000e+00  4.326858673842075e-02  3.254135054959719e+00  1.648701820849070e+00 -3.210866468221298e+00  1.648701738413983e+00  1.162762176081608e-03 
-1.665000000000028e-02  1.641675000000000e+00  1.658325000000000e+00  4.326895787484301e-02  3.254134738468839e+00  1.648701848171841e+00 -3.210865780593997e+00  1.648701765736753e+00  1.162763864132414e-03 
-1.664000000000021e-02  1.641680000000000e+00  1.658320000000000e+00  4.326933514113011e-02  3.254134421764672e+00  1.648701878452901e+00 -3.210865086623542e+00  1.648701796017811e+00  1.162765581638654e-03 
-1.663000000000014e-02  1.641685000000000e+00  1.658315000000000e+00  4.326970929254983e-02  3.254134104886374e+00  1.648701907089462e+00 -3.210864395593824e+00  1.648701824654371e+00  1.162767284033094e-03 
-1.662000000000008e-02  1.641690000000000e+00  1.658310000000000e+00  4.327008485359100e-02  3.254133787806531e+00  1.648701936330061e+00 -3.210863702952940e+00  1.648701853894968e+00  1.162768992819997e-03 
-1.661000000000001e-02  1.641695000000000e+00  1.658305000000000e+00  4.327045967580571e-02  3.254133470546948e+00  1.648701965111377e+00 -3.210863010871142e+00  1.648701882676282e+00  1.162770698214880e-03 
-1.659999999999995e-02  1.641700000000000e+00  1.658300000000000e+00  4.327083560125596e-02  3.254133153087928e+00  1.648701994344592e+00 -3.210862317486673e+00  1.648701911909497e+00  1.162772408197001e-03 
-1.659000000000033e-02  1.641705000000000e+00  1.658295000000000e+00  4.327121186914909e-02  3.254132835454311e+00  1.648702023661730e+00 -3.210861623585162e+00  1.648701941226633e+00  1.162774120125422e-03 
-1.658000000000026e-02  1.641710000000000e+00  1.658290000000000e+00  4.327158868544487e-02  3.254132517608117e+00  1.648702053146781e+00 -3.210860928922672e+00  1.648701970711682e+00  1.162775835665152e-03 
-1.657000000000020e-02  1.641715000000000e+00  1.658285000000000e+00  4.327196296917108e-02  3.254132199600804e+00  1.648702081284987e+00 -3.210860236631633e+00  1.648701998849887e+00  1.162777538319699e-03 
-1.656000000000013e-02  1.641720000000000e+00  1.658280000000000e+00  4.327234038056178e-02  3.254131881379576e+00  1.648702110880069e+00 -3.210859540999014e+00  1.648702028444967e+00  1.162779255890097e-03 
-1.655000000000006e-02  1.641725000000000e+00  1.658275000000000e+00  4.327271842035836e-02  3.254131562975234e+00  1.648702140697796e+00 -3.210858844554876e+00  1.648702058262693e+00  1.162780975030764e-03 
-1.654000000000000e-02  1.641730000000000e+00  1.658270000000000e+00  4.327309404622469e-02  3.254131244366230e+00  1.648702169206227e+00 -3.210858150320005e+00  1.648702086771123e+00  1.162782685149660e-03 
-1.652999999999993e-02  1.641735000000000e+00  1.658265000000000e+00  4.327347190121853e-02  3.254130925584173e+00  1.648702198742696e+00 -3.210857453682955e+00  1.648702116307590e+00  1.162784403682895e-03 
-1.652000000000031e-02  1.641740000000000e+00  1.658260000000000e+00  4.327384802084151e-02  3.254130606603586e+00  1.648702227312214e+00 -3.210856758582744e+00  1.648702144877106e+00  1.162786114579213e-03 
-1.651000000000025e-02  1.641745000000000e+00  1.658255000000000e+00  4.327422551329367e-02  3.254130287432747e+00  1.648702256473020e+00 -3.210856061919453e+00  1.648702174037912e+00  1.162787833470479e-03 
-1.650000000000018e-02  1.641750000000000e+00  1.658250000000000e+00  4.327460435450131e-02  3.254129968060204e+00  1.648702286207353e+00 -3.210855363705702e+00  1.648702203772243e+00  1.162789556131667e-03 
-1.649000000000012e-02  1.641755000000000e+00  1.658245000000000e+00  4.327498186014736e-02  3.254129648515360e+00  1.648702315187754e+00 -3.210854666655213e+00  1.648702232752642e+00  1.162791273813373e-03 
-1.648000000000005e-02  1.641760000000000e+00  1.658240000000000e+00  4.327536063094034e-02  3.254129328758937e+00  1.648702344694939e+00 -3.210853968127997e+00  1.648702262259826e+00  1.162792998147519e-03 
-1.646999999999998e-02  1.641765000000000e+00  1.658235000000000e+00  4.327573847399133e-02  3.254129008828897e+00  1.648702373651444e+00 -3.210853270354906e+00  1.648702291216330e+00  1.162794717038992e-03 
-1.646000000000036e-02  1.641770000000000e+00  1.658230000000000e+00  4.327611626368896e-02  3.254128688689614e+00  1.648702402476652e+00 -3.210852572425925e+00  1.648702320041536e+00  1.162796435463599e-03 
-1.645000000000030e-02  1.641775000000000e+00  1.658225000000000e+00  4.327649490520034e-02  3.254128368350584e+00  1.648702431627892e+00 -3.210851873445383e+00  1.648702349192775e+00  1.162798158074378e-03 
-1.644000000000023e-02  1.641780000000000e+00  1.658220000000000e+00  4.327687508848657e-02  3.254128047819489e+00  1.648702461453988e+00 -3.210851172731002e+00  1.648702379018869e+00  1.162799888596092e-03 
-1.643000000000017e-02  1.641785000000000e+00  1.658215000000000e+00  4.327725393703991e-02  3.254127727107887e+00  1.648702490522464e+00 -3.210850473170847e+00  1.648702408087343e+00  1.162801611927174e-03 
-1.642000000000010e-02  1.641790000000000e+00  1.658210000000000e+00  4.327763312258370e-02  3.254127406186838e+00  1.648702519654711e+00 -3.210849773064254e+00  1.648702437219589e+00  1.162803337112846e-03 
-1.641000000000004e-02  1.641795000000000e+00  1.658205000000000e+00  4.327801139687072e-02  3.254127085093283e+00  1.648702548245077e+00 -3.210849073696412e+00  1.648702465809954e+00  1.162805058423952e-03 
-1.639999999999997e-02  1.641800000000000e+00  1.658200000000000e+00  4.327839349723428e-02  3.254126763770180e+00  1.648702578633707e+00 -3.210848370272946e+00  1.648702496198582e+00  1.162806796849753e-03 
-1.639000000000035e-02  1.641805000000000e+00  1.658195000000000e+00  4.327877092485205e-02  3.254126442274627e+00  1.648702606599740e+00 -3.210847671349776e+00  1.648702524164614e+00  1.162808513611216e-03 
-1.638000000000028e-02  1.641810000000000e+00  1.658190000000000e+00  4.327915482121356e-02  3.254126120566882e+00  1.648702637694048e+00 -3.210846965745668e+00  1.648702555258920e+00  1.162810260963873e-03 
-1.637000000000022e-02  1.641815000000000e+00  1.658185000000000e+00  4.327953185842982e-02  3.254125798682176e+00  1.648702665270303e+00 -3.210846266823746e+00  1.648702582835174e+00  1.162811975372276e-03 
-1.636000000000015e-02  1.641820000000000e+00  1.658180000000000e+00  4.327991402904326e-02  3.254125476588637e+00  1.648702695308840e+00 -3.210845562559594e+00  1.648702612873709e+00  1.162813714957942e-03 
-1.635000000000009e-02  1.641825000000000e+00  1.658175000000000e+00  4.328029263524300e-02  3.254125154310817e+00  1.648702723473030e+00 -3.210844861675574e+00  1.648702641037898e+00  1.162815437145780e-03 
-1.634000000000002e-02  1.641830000000000e+00  1.658170000000000e+00  4.328067501391846e-02  3.254124831819535e+00  1.648702753416727e+00 -3.210844156805617e+00  1.648702670981593e+00  1.162817177274504e-03 
-1.632999999999996e-02  1.641835000000000e+00  1.658165000000000e+00  4.328105651932562e-02  3.254124509138424e+00  1.648702782828875e+00 -3.210843452619098e+00  1.648702700393740e+00  1.162818913059565e-03 
-1.632000000000033e-02  1.641840000000000e+00  1.658160000000000e+00  4.328143783743702e-02  3.254124186255565e+00  1.648702812046501e+00 -3.210842748418128e+00  1.648702729611365e+00  1.162820647168433e-03 
-1.631000000000027e-02  1.641845000000000e+00  1.658155000000000e+00  4.328182014588326e-02  3.254123863193775e+00  1.648702841669829e+00 -3.210842043047892e+00  1.648702759234691e+00  1.162822386685302e-03 
-1.630000000000020e-02  1.641850000000000e+00  1.658150000000000e+00  4.328220195744058e-02  3.254123539910323e+00  1.648702870933882e+00 -3.210841337952882e+00  1.648702788498742e+00  1.162824124579586e-03 
-1.629000000000014e-02  1.641855000000000e+00  1.658145000000000e+00  4.328258414091050e-02  3.254123216415037e+00  1.648702900277974e+00 -3.210840632274127e+00  1.648702817842833e+00  1.162825863487250e-03 
-1.628000000000007e-02  1.641860000000000e+00  1.658140000000000e+00  4.328296769646477e-02  3.254122892744086e+00  1.648702930220276e+00 -3.210839925047622e+00  1.648702847785133e+00  1.162827608046124e-03 
-1.627000000000001e-02  1.641865000000000e+00  1.658135000000000e+00  4.328334929106701e-02  3.254122568877200e+00  1.648702959084134e+00 -3.210839219586133e+00  1.648702876648990e+00  1.162829343930092e-03 
-1.625999999999994e-02  1.641870000000000e+00  1.658130000000000e+00  4.328373198971862e-02  3.254122244808211e+00  1.648702988398965e+00 -3.210838512818492e+00  1.648702905963820e+00  1.162831085179783e-03 
-1.625000000000032e-02  1.641875000000000e+00  1.658125000000000e+00  4.328411776491236e-02  3.254121920510932e+00  1.648703019137922e+00 -3.210837802746020e+00  1.648702936702776e+00  1.162832840090436e-03 
-1.624000000000025e-02  1.641880000000000e+00  1.658120000000000e+00  4.328449920175349e-02  3.254121596052110e+00  1.648703047626932e+00 -3.210837096850357e+00  1.648702965191784e+00  1.162834576102775e-03 
-1.623000000000019e-02  1.641885000000000e+00  1.658115000000000e+00  4.328488175733467e-02  3.254121271383883e+00  1.648703076570609e+00 -3.210836389626548e+00  1.648702994135459e+00  1.162836316909897e-03 
-1.622000000000012e-02  1.641890000000000e+00  1.658110000000000e+00  4.328526627997579e-02  3.254120946496732e+00  1.648703106388354e+00 -3.210835680216756e+00  1.648703023953203e+00  1.162838065629046e-03 
-1.621000000000006e-02  1.641895000000000e+00  1.658105000000000e+00  4.328564997709138e-02  3.254120621416084e+00  1.648703135696588e+00 -3.210834971438993e+00  1.648703053261435e+00  1.162839811838221e-03 
-1.619999999999999e-02  1.641900000000000e+00  1.658100000000000e+00  4.328603419352613e-02  3.254120296127982e+00  1.648703165160754e+00 -3.210834261934457e+00  1.648703082725600e+00  1.162841559206976e-03 
-1.619000000000037e-02  1.641905000000000e+00  1.658095000000000e+00  4.328641714323378e-02  3.254119970658765e+00  1.648703193901000e+00 -3.210833553515531e+00  1.648703111465844e+00  1.162843301868958e-03 
-1.618000000000031e-02  1.641910000000000e+00  1.658090000000000e+00  4.328680424863211e-02  3.254119644958593e+00  1.648703224603613e+00 -3.210832840709961e+00  1.648703142168455e+00  1.162845063700806e-03 
-1.617000000000024e-02  1.641915000000000e+00  1.658085000000000e+00  4.328718883080421e-02  3.254119319083619e+00  1.648703253957212e+00 -3.210832130252815e+00  1.648703171522053e+00  1.162846812357742e-03 
-1.616000000000017e-02  1.641920000000000e+00  1.658080000000000e+00  4.328757371347452e-02  3.254118992975256e+00  1.648703283344365e+00 -3.210831419261782e+00  1.648703200909205e+00  1.162848563402866e-03 
-1.615000000000011e-02  1.641925000000000e+00  1.658075000000000e+00  4.328795769759482e-02  3.254118666693545e+00  1.648703312195570e+00 -3.210830708995950e+00  1.648703229760408e+00  1.162850310009602e-03 
-1.614000000000004e-02  1.641930000000000e+00  1.658070000000000e+00  4.328834346791550e-02  3.254118340191412e+00  1.648703341829664e+00 -3.210829996723497e+00  1.648703259394501e+00  1.162852065915812e-03 
-1.612999999999998e-02  1.641935000000000e+00  1.658065000000000e+00  4.328872964570918e-02  3.254118013476167e+00  1.648703371560938e+00 -3.210829283830458e+00  1.648703289125774e+00  1.162853822289794e-03 
-1.612000000000036e-02  1.641940000000000e+00  1.658060000000000e+00  4.328911356610183e-02  3.254117686575951e+00  1.648703400071027e+00 -3.210828573009849e+00  1.648703317635861e+00  1.162855568748011e-03 
-1.611000000000029e-02  1.641945000000000e+00  1.658055000000000e+00  4.328950091398030e-02  3.254117359467851e+00  1.648703430190916e+00 -3.210827858553871e+00  1.648703347755748e+00  1.162857331128857e-03 
-1.610000000000023e-02  1.641950000000000e+00  1.658050000000000e+00  4.328988877430974e-02  3.254117032154224e+00  1.648703460464267e+00 -3.210827143379914e+00  1.648703378029098e+00  1.162859095735993e-03 
-1.609000000000016e-02  1.641955000000000e+00  1.658045000000000e+00  4.329027355983828e-02  3.254116704621662e+00  1.648703489090750e+00 -3.210826431061824e+00  1.648703406655580e+00  1.162860846181755e-03 
-1.608000000000009e-02  1.641960000000000e+00  1.658040000000000e+00  4.329065884342703e-02  3.254116376909395e+00  1.648703517876411e+00 -3.210825718065968e+00  1.648703435441239e+00  1.162862598810800e-03 
-1.607000000000003e-02  1.641965000000000e+00  1.658035000000000e+00  4.329104710235628e-02  3.254116048953301e+00  1.648703548027828e+00 -3.210825001850945e+00  1.648703465592655e+00  1.162864365291572e-03 
-1.605999999999996e-02  1.641970000000000e+00  1.658030000000000e+00  4.329143514082192e-02  3.254115720821032e+00  1.648703577980927e+00 -3.210824285680210e+00  1.648703495545752e+00  1.162866130630630e-03 
-1.605000000000034e-02  1.641975000000000e+00  1.658025000000000e+00  4.329182111263239e-02  3.254115392477968e+00  1.648703606795300e+00 -3.210823571365335e+00  1.648703524360124e+00  1.162867886856240e-03 
-1.604000000000028e-02  1.641980000000000e+00  1.658020000000000e+00  4.329220900642362e-02  3.254115063924315e+00  1.648703636465370e+00 -3.210822854917891e+00  1.648703554030192e+00  1.162869650619202e-03 
-1.603000000000021e-02  1.641985000000000e+00  1.658015000000000e+00  4.329259895605130e-02  3.254114735146387e+00  1.648703667051219e+00 -3.210822136190336e+00  1.648703584616040e+00  1.162871425581083e-03 
-1.602000000000015e-02  1.641990000000000e+00  1.658010000000000e+00  4.329298551569238e-02  3.254114406196791e+00  1.648703695856242e+00 -3.210821420681099e+00  1.648703613421061e+00  1.162873183447232e-03 
-1.601000000000008e-02  1.641995000000000e+00  1.658005000000000e+00  4.329337351379305e-02  3.254114077010732e+00  1.648703725262262e+00 -3.210820703496938e+00  1.648703642827080e+00  1.162874948276984e-03 
-1.600000000000001e-02  1.642000000000000e+00  1.658000000000000e+00  4.329376240226140e-02  3.254113747625724e+00  1.648703755013993e+00 -3.210819985223463e+00  1.648703672578809e+00  1.162876717525993e-03 
-1.598999999999995e-02  1.642005000000000e+00  1.657995000000000e+00  4.329415311608498e-02  3.254113418017731e+00  1.648703785566908e+00 -3.210819264901646e+00  1.648703703131723e+00  1.162878495504369e-03 
-1.598000000000033e-02  1.642010000000000e+00  1.657990000000000e+00  4.329453865047393e-02  3.254113088224424e+00  1.648703813437449e+00 -3.210818549573950e+00  1.648703731002262e+00  1.162880248999482e-03 
-1.597000000000026e-02  1.642015000000000e+00  1.657985000000000e+00  4.329493007028428e-02  3.254112758201710e+00  1.648703844135997e+00 -3.210817828131425e+00  1.648703761700809e+00  1.162882030500304e-03 
-1.596000000000020e-02  1.642020000000000e+00  1.657980000000000e+00  4.329531826028611e-02  3.254112427991583e+00  1.648703873125934e+00 -3.210817109731297e+00  1.648703790690745e+00  1.162883795647228e-03 
-1.595000000000013e-02  1.642025000000000e+00  1.657975000000000e+00  4.329570826257031e-02  3.254112097561451e+00  1.648703902912011e+00 -3.210816389298881e+00  1.648703820476820e+00  1.162885569618038e-03 
-1.594000000000007e-02  1.642030000000000e+00  1.657970000000000e+00  4.329609640023532e-02  3.254111766915014e+00  1.648703931657625e+00 -3.210815670514779e+00  1.648703849222432e+00  1.162887334580663e-03 
-1.593000000000000e-02  1.642035000000000e+00  1.657965000000000e+00  4.329649000145228e-02  3.254111436029819e+00  1.648703963015635e+00 -3.210814946028367e+00  1.648703880580441e+00  1.162889126401870e-03 
-1.592000000000038e-02  1.642040000000000e+00  1.657960000000000e+00  4.329687914852574e-02  3.254111104980758e+00  1.648703992064642e+00 -3.210814225832233e+00  1.648703909629447e+00  1.162890896721835e-03 
-1.591000000000031e-02  1.642045000000000e+00  1.657955000000000e+00  4.329727135174202e-02  3.254110773702403e+00  1.648704022527072e+00 -3.210813502350661e+00  1.648703940091875e+00  1.162892680549370e-03 
-1.590000000000025e-02  1.642050000000000e+00  1.657950000000000e+00  4.329765992436843e-02  3.254110442220639e+00  1.648704051072504e+00 -3.210812782296270e+00  1.648703968637305e+00  1.162894448032387e-03 
-1.589000000000018e-02  1.642055000000000e+00  1.657945000000000e+00  4.329805335362800e-02  3.254110110512094e+00  1.648704081932861e+00 -3.210812057158466e+00  1.648703999497661e+00  1.162896237594092e-03 
-1.588000000000012e-02  1.642060000000000e+00  1.657940000000000e+00  4.329844220885350e-02  3.254109778601728e+00  1.648704110405291e+00 -3.210811336392874e+00  1.648704027970089e+00  1.162898006165932e-03 
-1.587000000000005e-02  1.642065000000000e+00  1.657935000000000e+00  4.329883476879086e-02  3.254109446463628e+00  1.648704140616209e+00 -3.210810611694837e+00  1.648704058181006e+00  1.162899792106786e-03 
-1.585999999999999e-02  1.642070000000000e+00  1.657930000000000e+00  4.329922688576460e-02  3.254109114134679e+00  1.648704170510222e+00 -3.210809887248914e+00  1.648704088075017e+00  1.162901575915458e-03 
-1.585000000000036e-02  1.642075000000000e+00  1.657925000000000e+00  4.329961993896501e-02  3.254108781570406e+00  1.648704200754685e+00 -3.210809161631441e+00  1.648704118319480e+00  1.162903364170429e-03 
-1.584000000000030e-02  1.642080000000000e+00  1.657920000000000e+00  4.330000933358454e-02  3.254108448811197e+00  1.648704229072391e+00 -3.210808439477612e+00  1.648704146637183e+00  1.162905135592880e-03 
-1.583000000000023e-02  1.642085000000000e+00  1.657915000000000e+00  4.330040298768226e-02  3.254108115804145e+00  1.648704259395914e+00 -3.210807712816463e+00  1.648704176960705e+00  1.162906925733438e-03 
-1.582000000000017e-02  1.642090000000000e+00  1.657910000000000e+00  4.330079661617776e-02  3.254107782621961e+00  1.648704289619070e+00 -3.210806986005784e+00  1.648704207183859e+00  1.162908717562620e-03 
-1.581000000000010e-02  1.642095000000000e+00  1.657905000000000e+00  4.330119080882268e-02  3.254107449202010e+00  1.648704320005416e+00 -3.210806258393187e+00  1.648704237570204e+00  1.162910509529631e-03 
-1.580000000000004e-02  1.642100000000000e+00  1.657900000000000e+00  4.330157949442468e-02  3.254107115582813e+00  1.648704347538619e+00 -3.210805536088389e+00  1.648704265103406e+00  1.162912277406041e-03 
-1.578999999999997e-02  1.642105000000000e+00  1.657895000000000e+00  4.330197611609047e-02  3.254106781728848e+00  1.648704378922469e+00 -3.210804805612757e+00  1.648704296487254e+00  1.162914082782750e-03 
-1.578000000000035e-02  1.642110000000000e+00  1.657890000000000e+00  4.330236750234059e-02  3.254106447679021e+00  1.648704407590681e+00 -3.210804080176680e+00  1.648704325155465e+00  1.162915862331239e-03 
-1.577000000000028e-02  1.642115000000000e+00  1.657885000000000e+00  4.330276218529625e-02  3.254106113399847e+00  1.648704437792571e+00 -3.210803351214550e+00  1.648704355357354e+00  1.162917658237493e-03 
-1.576000000000022e-02  1.642120000000000e+00  1.657880000000000e+00  4.330315587899890e-02  3.254105778901999e+00  1.648704467390499e+00 -3.210802623023000e+00  1.648704384955280e+00  1.162919449364099e-03 
-1.575000000000015e-02  1.642125000000000e+00  1.657875000000000e+00  4.330355203787342e-02  3.254105444186580e+00  1.648704498112227e+00 -3.210801892148707e+00  1.648704415677006e+00  1.162921251191318e-03 
-1.574000000000009e-02  1.642130000000000e+00  1.657870000000000e+00  4.330394506556094e-02  3.254105109257224e+00  1.648704527161392e+00 -3.210801164191663e+00  1.648704444726171e+00  1.162923038522024e-03 
-1.573000000000002e-02  1.642135000000000e+00  1.657865000000000e+00  4.330434052647771e-02  3.254104774121944e+00  1.648704557324211e+00 -3.210800433595467e+00  1.648704474888987e+00  1.162924838292006e-03 
-1.571999999999996e-02  1.642140000000000e+00  1.657860000000000e+00  4.330473639774540e-02  3.254104438731668e+00  1.648704587564707e+00 -3.210799702333923e+00  1.648704505129482e+00  1.162926638436946e-03 
-1.571000000000033e-02  1.642145000000000e+00  1.657855000000000e+00  4.330513290241198e-02  3.254104103161980e+00  1.648704618032196e+00 -3.210798970259568e+00  1.648704535596969e+00  1.162928442710758e-03 
-1.570000000000027e-02  1.642150000000000e+00  1.657850000000000e+00  4.330552853031076e-02  3.254103767339835e+00  1.648704647935073e+00 -3.210798238809524e+00  1.648704565499844e+00  1.162930241689940e-03 
-1.569000000000020e-02  1.642155000000000e+00  1.657845000000000e+00  4.330592104632047e-02  3.254103431335413e+00  1.648704676190867e+00 -3.210797510289093e+00  1.648704593755637e+00  1.162932026912683e-03 
-1.568000000000014e-02  1.642160000000000e+00  1.657840000000000e+00  4.330632041321820e-02  3.254103095075156e+00  1.648704707744187e+00 -3.210796774661938e+00  1.648704625308956e+00  1.162933844345260e-03 
-1.567000000000007e-02  1.642165000000000e+00  1.657835000000000e+00  4.330671461718336e-02  3.254102758625575e+00  1.648704736621379e+00 -3.210796044008392e+00  1.648704654186147e+00  1.162935637010265e-03 
-1.566000000000001e-02  1.642170000000000e+00  1.657830000000000e+00  4.330711329891308e-02  3.254102421933177e+00  1.648704767616045e+00 -3.210795308634264e+00  1.648704685180811e+00  1.162937451054488e-03 
-1.565000000000039e-02  1.642175000000000e+00  1.657825000000000e+00  4.330750631941243e-02  3.254102085049158e+00  1.648704795684285e+00 -3.210794578729745e+00  1.648704713249050e+00  1.162939238092325e-03 
-1.564000000000032e-02  1.642180000000000e+00  1.657820000000000e+00  4.330790548887312e-02  3.254101747900885e+00  1.648704826694879e+00 -3.210793842412012e+00  1.648704744259642e+00  1.162941053008204e-03 
-1.563000000000025e-02  1.642185000000000e+00  1.657815000000000e+00  4.330830338894204e-02  3.254101410574853e+00  1.648704856981897e+00 -3.210793107185911e+00  1.648704774546659e+00  1.162942863544429e-03 
-1.562000000000019e-02  1.642190000000000e+00  1.657810000000000e+00  4.330870220028055e-02  3.254101072965363e+00  1.648704887582822e+00 -3.210792370765082e+00  1.648704805147582e+00  1.162944677800556e-03 
-1.561000000000012e-02  1.642195000000000e+00  1.657805000000000e+00  4.330909565363938e-02  3.254100735206883e+00  1.648704915430261e+00 -3.210791639553244e+00  1.648704832995020e+00  1.162946468013799e-03 
-1.560000000000006e-02  1.642200000000000e+00  1.657800000000000e+00  4.330949649084914e-02  3.254100397169430e+00  1.648704946830139e+00 -3.210790900678580e+00  1.648704864394896e+00  1.162948291354283e-03 
-1.558999999999999e-02  1.642205000000000e+00  1.657795000000000e+00  4.330989257155179e-02  3.254100058940708e+00  1.648704975756130e+00 -3.210790166369156e+00  1.648704893320885e+00  1.162950091869981e-03 
-1.558000000000037e-02  1.642210000000000e+00  1.657790000000000e+00  4.331029176232341e-02  3.254099720472828e+00  1.648705006117576e+00 -3.210789428710504e+00  1.648704923682329e+00  1.162951908654792e-03 
-1.557000000000031e-02  1.642215000000000e+00  1.657785000000000e+00  4.331069141553041e-02  3.254099381798736e+00  1.648705036607133e+00 -3.210788690383205e+00  1.648704954171885e+00  1.162953726395756e-03 
-1.556000000000024e-02  1.642220000000000e+00  1.657780000000000e+00  4.331108768999554e-02  3.254099042889068e+00  1.648705065289532e+00 -3.210787955199073e+00  1.648704982854283e+00  1.162955527309980e-03 
-1.555000000000017e-02  1.642225000000000e+00  1.657775000000000e+00  4.331149082144917e-02  3.254098703739370e+00  1.648705097280410e+00 -3.210787212917921e+00  1.648705014845159e+00  1.162957362007495e-03 
-1.554000000000011e-02  1.642230000000000e+00  1.657770000000000e+00  4.331188852766229e-02  3.254098364370823e+00  1.648705126449242e+00 -3.210786475843161e+00  1.648705044013990e+00  1.162959171400330e-03 
-1.553000000000004e-02  1.642235000000000e+00  1.657765000000000e+00  4.331228702275452e-02  3.254098024796188e+00  1.648705155909471e+00 -3.210785737773433e+00  1.648705073474217e+00  1.162960983331721e-03 
-1.551999999999998e-02  1.642240000000000e+00  1.657760000000000e+00  4.331268711356633e-02  3.254097684987674e+00  1.648705186050620e+00 -3.210784997874108e+00  1.648705103615365e+00  1.162962803356916e-03 
-1.551000000000036e-02  1.642245000000000e+00  1.657755000000000e+00  4.331308497803772e-02  3.254097344957676e+00  1.648705214967857e+00 -3.210784259979638e+00  1.648705132532600e+00  1.162964613593987e-03 
-1.550000000000029e-02  1.642250000000000e+00  1.657750000000000e+00  4.331348601368763e-02  3.254097004679729e+00  1.648705245346708e+00 -3.210783518666042e+00  1.648705162911450e+00  1.162966436635861e-03 
-1.549000000000023e-02  1.642255000000000e+00  1.657745000000000e+00  4.331388760301601e-02  3.254096664184823e+00  1.648705275893920e+00 -3.210782776581807e+00  1.648705193458660e+00  1.162968263784307e-03 
-1.548000000000016e-02  1.642260000000000e+00  1.657740000000000e+00  4.331428865232641e-02  3.254096323474500e+00  1.648705306063413e+00 -3.210782034822173e+00  1.648705223628152e+00  1.162970087450330e-03 
-1.547000000000009e-02  1.642265000000000e+00  1.657735000000000e+00  4.331468941845806e-02  3.254095982531234e+00  1.648705335974846e+00 -3.210781293112776e+00  1.648705253539583e+00  1.162971910557599e-03 
-1.546000000000003e-02  1.642270000000000e+00  1.657730000000000e+00  4.331509301165457e-02  3.254095641337370e+00  1.648705367174512e+00 -3.210780548325716e+00  1.648705284739248e+00  1.162973746481054e-03 
-1.544999999999996e-02  1.642275000000000e+00  1.657725000000000e+00  4.331549400941460e-02  3.254095299930047e+00  1.648705396969731e+00 -3.210779805920633e+00  1.648705314534465e+00  1.162975569528793e-03 
-1.544000000000034e-02  1.642280000000000e+00  1.657720000000000e+00  4.331589579768196e-02  3.254094958305235e+00  1.648705427051459e+00 -3.210779062507553e+00  1.648705344616191e+00  1.162977397451879e-03 
-1.543000000000028e-02  1.642285000000000e+00  1.657715000000000e+00  4.331629734075824e-02  3.254094616443910e+00  1.648705456892334e+00 -3.210778319103152e+00  1.648705374457066e+00  1.162979224357205e-03 
-1.542000000000021e-02  1.642290000000000e+00  1.657710000000000e+00  4.331669968681578e-02  3.254094274361500e+00  1.648705487024158e+00 -3.210777574674684e+00  1.648705404588888e+00  1.162981053318961e-03 
-1.541000000000015e-02  1.642295000000000e+00  1.657705000000000e+00  4.331710434783762e-02  3.254093932013227e+00  1.648705518180532e+00 -3.210776827665390e+00  1.648705435745261e+00  1.162982895016573e-03 
-1.540000000000008e-02  1.642300000000000e+00  1.657700000000000e+00  4.331750473633375e-02  3.254093589479496e+00  1.648705547107915e+00 -3.210776084743162e+00  1.648705464672642e+00  1.162984716110760e-03 
-1.539000000000001e-02  1.642305000000000e+00  1.657695000000000e+00  4.331790850147214e-02  3.254093246674097e+00  1.648705577587785e+00 -3.210775338172625e+00  1.648705495152510e+00  1.162986552181986e-03 
-1.538000000000039e-02  1.642310000000000e+00  1.657690000000000e+00  4.331831037336580e-02  3.254092903672418e+00  1.648705607022892e+00 -3.210774593299052e+00  1.648705524587616e+00  1.162988380033990e-03 
-1.537000000000033e-02  1.642315000000000e+00  1.657685000000000e+00  4.331871529353983e-02  3.254092560414722e+00  1.648705637854131e+00 -3.210773845121182e+00  1.648705555418853e+00  1.162990222010651e-03 
-1.536000000000026e-02  1.642320000000000e+00  1.657680000000000e+00  4.331911897560570e-02  3.254092216938889e+00  1.648705667957247e+00 -3.210773097963283e+00  1.648705585521968e+00  1.162992056996112e-03 
-1.535000000000020e-02  1.642325000000000e+00  1.657675000000000e+00  4.331952173085429e-02  3.254091873237533e+00  1.648705697484194e+00 -3.210772351506678e+00  1.648705615048913e+00  1.162993889209564e-03 
-1.534000000000013e-02  1.642330000000000e+00  1.657670000000000e+00  4.331992700546692e-02  3.254091529275483e+00  1.648705728140475e+00 -3.210771602270016e+00  1.648705645705193e+00  1.162995732746750e-03 
-1.533000000000007e-02  1.642335000000000e+00  1.657665000000000e+00  4.332033132915159e-02  3.254091185112102e+00  1.648705758220627e+00 -3.210770853782950e+00  1.648705675785343e+00  1.162997571531668e-03 
-1.532000000000000e-02  1.642340000000000e+00  1.657660000000000e+00  4.332073727827912e-02  3.254090840676420e+00  1.648705788977350e+00 -3.210770103398141e+00  1.648705706542064e+00  1.162999417987647e-03 
-1.531000000000038e-02  1.642345000000000e+00  1.657655000000000e+00  4.332114187096771e-02  3.254090496032673e+00  1.648705818951820e+00 -3.210769354161706e+00  1.648705736516534e+00  1.163001257825409e-03 
-1.530000000000031e-02  1.642350000000000e+00  1.657650000000000e+00  4.332154589295246e-02  3.254090151165979e+00  1.648705848529465e+00 -3.210768605273026e+00  1.648705766094177e+00  1.163003095203064e-03 
-1.529000000000025e-02  1.642355000000000e+00  1.657645000000000e+00  4.332195394307528e-02  3.254089806026081e+00  1.648705879984578e+00 -3.210767852083006e+00  1.648705797549289e+00  1.163004951536198e-03 
-1.528000000000018e-02  1.642360000000000e+00  1.657640000000000e+00  4.332235971566908e-02  3.254089460675476e+00  1.648705910195573e+00 -3.210767100959807e+00  1.648705827760281e+00  1.163006796537973e-03 
-1.527000000000012e-02  1.642365000000000e+00  1.657635000000000e+00  4.332276604022905e-02  3.254089115074653e+00  1.648705940557441e+00 -3.210766349034424e+00  1.648705858122148e+00  1.163008644613057e-03 
-1.526000000000005e-02  1.642370000000000e+00  1.657630000000000e+00  4.332317247939477e-02  3.254088769274833e+00  1.648705970877114e+00 -3.210765596795438e+00  1.648705888441820e+00  1.163010493028603e-03 
-1.524999999999999e-02  1.642375000000000e+00  1.657625000000000e+00  4.332357665277833e-02  3.254088423199754e+00  1.648705999926266e+00 -3.210764846546975e+00  1.648705917490970e+00  1.163012330609873e-03 
-1.524000000000036e-02  1.642380000000000e+00  1.657620000000000e+00  4.332398521327416e-02  3.254088076893654e+00  1.648706031053464e+00 -3.210764091680380e+00  1.648705948618167e+00  1.163014189488855e-03 
-1.523000000000030e-02  1.642385000000000e+00  1.657615000000000e+00  4.332439070129276e-02  3.254087730369635e+00  1.648706060535464e+00 -3.210763339668342e+00  1.648705978100165e+00  1.163016034291562e-03 
-1.522000000000023e-02  1.642390000000000e+00  1.657610000000000e+00  4.332479984756245e-02  3.254087383579349e+00  1.648706091713456e+00 -3.210762583731786e+00  1.648706009278155e+00  1.163017894936056e-03 
-1.521000000000017e-02  1.642395000000000e+00  1.657605000000000e+00  4.332520699890921e-02  3.254087036580703e+00  1.648706121789806e+00 -3.210761829581793e+00  1.648706039354504e+00  1.163019746014081e-03 
-1.520000000000010e-02  1.642400000000000e+00  1.657600000000000e+00  4.332561642211806e-02  3.254086689312294e+00  1.648706152867206e+00 -3.210761072890176e+00  1.648706070431902e+00  1.163021608989563e-03 
-1.519000000000004e-02  1.642405000000000e+00  1.657595000000000e+00  4.332602281809247e-02  3.254086341834245e+00  1.648706182326168e+00 -3.210760319016152e+00  1.648706099890864e+00  1.163023456311870e-03 
-1.518000000000042e-02  1.642410000000000e+00  1.657590000000000e+00  4.332643127663004e-02  3.254085994097081e+00  1.648706212686855e+00 -3.210759562820451e+00  1.648706130251549e+00  1.163025314023101e-03 
-1.517000000000035e-02  1.642415000000000e+00  1.657585000000000e+00  4.332684236315192e-02  3.254085646114736e+00  1.648706244238944e+00 -3.210758803751584e+00  1.648706161803636e+00  1.163027184900327e-03 
-1.516000000000028e-02  1.642420000000000e+00  1.657580000000000e+00  4.332724854812722e-02  3.254085297917961e+00  1.648706273233044e+00 -3.210758049369834e+00  1.648706190797735e+00  1.163029030528287e-03 
-1.515000000000022e-02  1.642425000000000e+00  1.657575000000000e+00  4.332765875801695e-02  3.254084949458512e+00  1.648706304108264e+00 -3.210757290700494e+00  1.648706221672953e+00  1.163030896538733e-03 
-1.514000000000015e-02  1.642430000000000e+00  1.657570000000000e+00  4.332806734851191e-02  3.254084600769194e+00  1.648706334058853e+00 -3.210756533420682e+00  1.648706251623541e+00  1.163032754460049e-03 
-1.513000000000009e-02  1.642435000000000e+00  1.657565000000000e+00  4.332847923466548e-02  3.254084251820561e+00  1.648706365527613e+00 -3.210755772585896e+00  1.648706283092299e+00  1.163034627548878e-03 
-1.512000000000002e-02  1.642440000000000e+00  1.657560000000000e+00  4.332888716750652e-02  3.254083902639118e+00  1.648706394903312e+00 -3.210755015471611e+00  1.648706312467997e+00  1.163036482742285e-03 
-1.511000000000040e-02  1.642445000000000e+00  1.657555000000000e+00  4.332929789518235e-02  3.254083553225576e+00  1.648706425560379e+00 -3.210754255330394e+00  1.648706343125062e+00  1.163038351341512e-03 
-1.510000000000034e-02  1.642450000000000e+00  1.657550000000000e+00  4.332971041675765e-02  3.254083203543334e+00  1.648706456980046e+00 -3.210753493126576e+00  1.648706374544727e+00  1.163040226669367e-03 
-1.509000000000027e-02  1.642455000000000e+00  1.657545000000000e+00  4.333011916991634e-02  3.254082853638042e+00  1.648706486403979e+00 -3.210752734468125e+00  1.648706403968659e+00  1.163042086326229e-03 
-1.508000000000020e-02  1.642460000000000e+00  1.657540000000000e+00  4.333052954385051e-02  3.254082503490034e+00  1.648706516516943e+00 -3.210751973946184e+00  1.648706434081621e+00  1.163043952517504e-03 
-1.507000000000014e-02  1.642465000000000e+00  1.657535000000000e+00  4.333094214510436e-02  3.254082153090264e+00  1.648706547617684e+00 -3.210751210945160e+00  1.648706465182361e+00  1.163045828498072e-03 
-1.506000000000007e-02  1.642470000000000e+00  1.657530000000000e+00  4.333135203452033e-02  3.254081802460609e+00  1.648706577247565e+00 -3.210750450426089e+00  1.648706494812240e+00  1.163047692213033e-03 
-1.505000000000001e-02  1.642475000000000e+00  1.657525000000000e+00  4.333176341699137e-02  3.254081451570332e+00  1.648706607493662e+00 -3.210749688153341e+00  1.648706525058335e+00  1.163049563990254e-03 
-1.504000000000039e-02  1.642480000000000e+00  1.657520000000000e+00  4.333217806806758e-02  3.254081100414655e+00  1.648706639241362e+00 -3.210748922346588e+00  1.648706556806034e+00  1.163051449403795e-03 
-1.503000000000032e-02  1.642485000000000e+00  1.657515000000000e+00  4.333258850418669e-02  3.254080749047261e+00  1.648706668775724e+00 -3.210748160543074e+00  1.648706586340394e+00  1.163053315881039e-03 
-1.502000000000026e-02  1.642490000000000e+00  1.657510000000000e+00  4.333300246108174e-02  3.254080397422348e+00  1.648706699941715e+00 -3.210747394961267e+00  1.648706617506384e+00  1.163055198582886e-03 
-1.501000000000019e-02  1.642495000000000e+00  1.657505000000000e+00  4.333341421628275e-02  3.254080045555123e+00  1.648706729885703e+00 -3.210746631338841e+00  1.648706647450371e+00  1.163057070478079e-03 
-1.500000000000012e-02  1.642500000000000e+00  1.657500000000000e+00  4.333382851281377e-02  3.254079693428822e+00  1.648706760970818e+00 -3.210745864916008e+00  1.648706678535484e+00  1.163058954761163e-03 
-1.499000000000006e-02  1.642505000000000e+00  1.657495000000000e+00  4.333424300916997e-02  3.254079341049424e+00  1.648706792029297e+00 -3.210745098040254e+00  1.648706709593961e+00  1.163060839984979e-03 
-1.497999999999999e-02  1.642510000000000e+00  1.657490000000000e+00  4.333465472879382e-02  3.254078988435846e+00  1.648706821582320e+00 -3.210744333707053e+00  1.648706739146983e+00  1.163062712284234e-03 
-1.497000000000037e-02  1.642515000000000e+00  1.657485000000000e+00  4.333507177094328e-02  3.254078635559114e+00  1.648706853665029e+00 -3.210743563788171e+00  1.648706771229690e+00  1.163064609011075e-03 
-1.496000000000031e-02  1.642520000000000e+00  1.657480000000000e+00  4.333548298852957e-02  3.254078282446419e+00  1.648706882717474e+00 -3.210742799457889e+00  1.648706800282134e+00  1.163066478931669e-03 
-1.495000000000024e-02  1.642525000000000e+00  1.657475000000000e+00  4.333589861350747e-02  3.254077929072126e+00  1.648706913842817e+00 -3.210742030458619e+00  1.648706831407476e+00  1.163068368303903e-03 
-1.494000000000018e-02  1.642530000000000e+00  1.657470000000000e+00  4.333631254625811e-02  3.254077575455332e+00  1.648706944000795e+00 -3.210741262909074e+00  1.648706861565452e+00  1.163070251342085e-03 
-1.493000000000011e-02  1.642535000000000e+00  1.657465000000000e+00  4.333673186093304e-02  3.254077221579109e+00  1.648706976720021e+00 -3.210740489718175e+00  1.648706894284676e+00  1.163072158807380e-03 
-1.492000000000004e-02  1.642540000000000e+00  1.657460000000000e+00  4.333714306336486e-02  3.254076867478472e+00  1.648707005270919e+00 -3.210739724415107e+00  1.648706922835572e+00  1.163074027942483e-03 
-1.491000000000042e-02  1.642545000000000e+00  1.657455000000000e+00  4.333755847961792e-02  3.254076513099844e+00  1.648707035789731e+00 -3.210738954620227e+00  1.648706953354383e+00  1.163075916674850e-03 
-1.490000000000036e-02  1.642550000000000e+00  1.657450000000000e+00  4.333797585395806e-02  3.254076158487636e+00  1.648707067170797e+00 -3.210738182633678e+00  1.648706984735448e+00  1.163077815160088e-03 
-1.489000000000029e-02  1.642555000000000e+00  1.657445000000000e+00  4.333839149875229e-02  3.254075803612577e+00  1.648707097555665e+00 -3.210737412113824e+00  1.648707015120314e+00  1.163079704431677e-03 
-1.488000000000023e-02  1.642560000000000e+00  1.657440000000000e+00  4.333880723773632e-02  3.254075448482499e+00  1.648707127860118e+00 -3.210736641244762e+00  1.648707045424765e+00  1.163081595572762e-03 
-1.487000000000016e-02  1.642565000000000e+00  1.657435000000000e+00  4.333922572549067e-02  3.254075093095084e+00  1.648707159410288e+00 -3.210735867369594e+00  1.648707076974934e+00  1.163083499149275e-03 
-1.486000000000010e-02  1.642570000000000e+00  1.657430000000000e+00  4.333964132016646e-02  3.254074737465481e+00  1.648707189392824e+00 -3.210735096145315e+00  1.648707106957469e+00  1.163085388048302e-03 
-1.485000000000003e-02  1.642575000000000e+00  1.657425000000000e+00  4.334005958839206e-02  3.254074381560372e+00  1.648707220574382e+00 -3.210734321971980e+00  1.648707138139025e+00  1.163087290818347e-03 
-1.484000000000041e-02  1.642580000000000e+00  1.657420000000000e+00  4.334047590038331e-02  3.254074025425780e+00  1.648707250663082e+00 -3.210733549525397e+00  1.648707168227723e+00  1.163089183997512e-03 
-1.483000000000034e-02  1.642585000000000e+00  1.657415000000000e+00  4.334089323893248e-02  3.254073669005356e+00  1.648707281122144e+00 -3.210732775766424e+00  1.648707198686784e+00  1.163091080466917e-03 
-1.482000000000028e-02  1.642590000000000e+00  1.657410000000000e+00  4.334131289230266e-02  3.254073312363189e+00  1.648707312627746e+00 -3.210731999470886e+00  1.648707230192384e+00  1.163092989677375e-03 
-1.481000000000021e-02  1.642595000000000e+00  1.657405000000000e+00  4.334172824738500e-02  3.254072955469179e+00  1.648707341858282e+00 -3.210731227221794e+00  1.648707259422919e+00  1.163094878357313e-03 
-1.480000000000015e-02  1.642600000000000e+00  1.657400000000000e+00  4.334215004246526e-02  3.254072598276158e+00  1.648707374159312e+00 -3.210730448233693e+00  1.648707291723947e+00  1.163096797323502e-03 
-1.479000000000008e-02  1.642605000000000e+00  1.657395000000000e+00  4.334256882351203e-02  3.254072240853799e+00  1.648707404838655e+00 -3.210729672030287e+00  1.648707322403289e+00  1.163098700820410e-03 
-1.478000000000002e-02  1.642610000000000e+00  1.657390000000000e+00  4.334298537502768e-02  3.254071883174104e+00  1.648707434274566e+00 -3.210728897799076e+00  1.648707351839198e+00  1.163100595167008e-03 
-1.477000000000039e-02  1.642615000000000e+00  1.657385000000000e+00  4.334340795495344e-02  3.254071525216858e+00  1.648707466585906e+00 -3.210728117261905e+00  1.648707384150537e+00  1.163102517198610e-03 
-1.476000000000033e-02  1.642620000000000e+00  1.657380000000000e+00  4.334382681928298e-02  3.254071167020038e+00  1.648707496919661e+00 -3.210727340200755e+00  1.648707414484290e+00  1.163104421085380e-03 
-1.475000000000026e-02  1.642625000000000e+00  1.657375000000000e+00  4.334424575547961e-02  3.254070808574001e+00  1.648707527164740e+00 -3.210726562818521e+00  1.648707444729368e+00  1.163106326310606e-03 
-1.474000000000020e-02  1.642630000000000e+00  1.657370000000000e+00  4.334466695174555e-02  3.254070449841224e+00  1.648707558396485e+00 -3.210725782889478e+00  1.648707475961111e+00  1.163108241649652e-03 
-1.473000000000013e-02  1.642635000000000e+00  1.657365000000000e+00  4.334508915684548e-02  3.254070090854934e+00  1.648707590005890e+00 -3.210725001698089e+00  1.648707507570514e+00  1.163110161562380e-03 
-1.472000000000007e-02  1.642640000000000e+00  1.657360000000000e+00  4.334550745664699e-02  3.254069731623324e+00  1.648707619539985e+00 -3.210724224166677e+00  1.648707537104609e+00  1.163112063611926e-03 
-1.471000000000000e-02  1.642645000000000e+00  1.657355000000000e+00  4.334592993044024e-02  3.254069372109218e+00  1.648707651019829e+00 -3.210723442178778e+00  1.648707568584451e+00  1.163113984651425e-03 
-1.470000000000038e-02  1.642650000000000e+00  1.657350000000000e+00  4.334635233206847e-02  3.254069012350129e+00  1.648707682341099e+00 -3.210722660018060e+00  1.648707599905719e+00  1.163115904781535e-03 
-1.469000000000031e-02  1.642655000000000e+00  1.657345000000000e+00  4.334677243968789e-02  3.254068652326105e+00  1.648707712382896e+00 -3.210721879886417e+00  1.648707629947515e+00  1.163117815590209e-03 
-1.468000000000025e-02  1.642660000000000e+00  1.657340000000000e+00  4.334719505577175e-02  3.254068292040498e+00  1.648707743548135e+00 -3.210721096984726e+00  1.648707661112752e+00  1.163119737420441e-03 
-1.467000000000018e-02  1.642665000000000e+00  1.657335000000000e+00  4.334761656953995e-02  3.254067931490708e+00  1.648707774030124e+00 -3.210720314921168e+00  1.648707691594739e+00  1.163121654044796e-03 
-1.466000000000012e-02  1.642670000000000e+00  1.657330000000000e+00  4.334804105390238e-02  3.254067570673154e+00  1.648707805863528e+00 -3.210719529619252e+00  1.648707723428142e+00  1.163123583780882e-03 
-1.465000000000005e-02  1.642675000000000e+00  1.657325000000000e+00  4.334846299605596e-02  3.254067209580459e+00  1.648707836288258e+00 -3.210718746584403e+00  1.648707753852870e+00  1.163125502664933e-03 
-1.464000000000043e-02  1.642680000000000e+00  1.657320000000000e+00  4.334888589987659e-02  3.254066848238479e+00  1.648707867069178e+00 -3.210717962338602e+00  1.648707784633789e+00  1.163127426126637e-03 
-1.463000000000036e-02  1.642685000000000e+00  1.657315000000000e+00  4.334931018880985e-02  3.254066486622197e+00  1.648707898405503e+00 -3.210717176433387e+00  1.648707815970113e+00  1.163129354900016e-03 
-1.462000000000030e-02  1.642690000000000e+00  1.657310000000000e+00  4.334973342143266e-02  3.254066124765977e+00  1.648707929093705e+00 -3.210716391344545e+00  1.648707846658313e+00  1.163131279680308e-03 
-1.461000000000023e-02  1.642695000000000e+00  1.657305000000000e+00  4.335015583063571e-02  3.254065762612620e+00  1.648707959221628e+00 -3.210715606781985e+00  1.648707876786234e+00  1.163133199890410e-03 
-1.460000000000017e-02  1.642700000000000e+00  1.657300000000000e+00  4.335058187966424e-02  3.254065400198890e+00  1.648707991039277e+00 -3.210714818319226e+00  1.648707908603882e+00  1.163135136990139e-03 
-1.459000000000010e-02  1.642705000000000e+00  1.657295000000000e+00  4.335100420505018e-02  3.254065037548188e+00  1.648708020876619e+00 -3.210714033343138e+00  1.648707938441222e+00  1.163137056715310e-03 
-1.458000000000004e-02  1.642710000000000e+00  1.657290000000000e+00  4.335143198144081e-02  3.254064674575124e+00  1.648708053278282e+00 -3.210713242593683e+00  1.648707970842884e+00  1.163139002563790e-03 
-1.457000000000042e-02  1.642715000000000e+00  1.657285000000000e+00  4.335185640551086e-02  3.254064311369374e+00  1.648708083887443e+00 -3.210712454963863e+00  1.648708001452043e+00  1.163140932249973e-03 
-1.456000000000035e-02  1.642720000000000e+00  1.657280000000000e+00  4.335228016266671e-02  3.254063947902965e+00  1.648708114032816e+00 -3.210711667740298e+00  1.648708031597414e+00  1.163142858762085e-03 
-1.455000000000028e-02  1.642725000000000e+00  1.657275000000000e+00  4.335270718234698e-02  3.254063584148064e+00  1.648708145665206e+00 -3.210710876965717e+00  1.648708063229802e+00  1.163144800879053e-03 
-1.454000000000022e-02  1.642730000000000e+00  1.657270000000000e+00  4.335313696404464e-02  3.254063220112316e+00  1.648708178538180e+00 -3.210710083148271e+00  1.648708096102776e+00  1.163146754469382e-03 
-1.453000000000015e-02  1.642735000000000e+00  1.657265000000000e+00  4.335356017885880e-02  3.254062855830990e+00  1.648708208004924e+00 -3.210709295652131e+00  1.648708125569518e+00  1.163148679195673e-03 
-1.452000000000009e-02  1.642740000000000e+00  1.657260000000000e+00  4.335398520551058e-02  3.254062491285268e+00  1.648708238245389e+00 -3.210708506079757e+00  1.648708155809981e+00  1.163150611183035e-03 
-1.451000000000002e-02  1.642745000000000e+00  1.657255000000000e+00  4.335441322535520e-02  3.254062126448082e+00  1.648708269836719e+00 -3.210707713222727e+00  1.648708187401309e+00  1.163152558298228e-03 
-1.450000000000040e-02  1.642750000000000e+00  1.657250000000000e+00  4.335484270150667e-02  3.254061761336182e+00  1.648708302018844e+00 -3.210706918634675e+00  1.648708219583433e+00  1.163154510735895e-03 
-1.449000000000034e-02  1.642755000000000e+00  1.657245000000000e+00  4.335526669978676e-02  3.254061395969440e+00  1.648708331334614e+00 -3.210706129269654e+00  1.648708248899201e+00  1.163156437936995e-03 
-1.448000000000027e-02  1.642760000000000e+00  1.657240000000000e+00  4.335569713060314e-02  3.254061030320077e+00  1.648708363725340e+00 -3.210705333189474e+00  1.648708281289926e+00  1.163158395288412e-03 
-1.447000000000020e-02  1.642765000000000e+00  1.657235000000000e+00  4.335612379550870e-02  3.254060664393733e+00  1.648708394094621e+00 -3.210704540598225e+00  1.648708311659206e+00  1.163160335056314e-03 
-1.446000000000014e-02  1.642770000000000e+00  1.657230000000000e+00  4.335655368410997e-02  3.254060298227139e+00  1.648708425955625e+00 -3.210703744543030e+00  1.648708343520208e+00  1.163162289647700e-03 
-1.445000000000007e-02  1.642775000000000e+00  1.657225000000000e+00  4.335697963662608e-02  3.254059931752205e+00  1.648708455694415e+00 -3.210702952115578e+00  1.648708373258997e+00  1.163164226829437e-03 
-1.444000000000001e-02  1.642780000000000e+00  1.657220000000000e+00  4.335741138036042e-02  3.254059564998004e+00  1.648708488189182e+00 -3.210702153617644e+00  1.648708405753762e+00  1.163166188978905e-03 
-1.443000000000039e-02  1.642785000000000e+00  1.657215000000000e+00  4.335784014704731e-02  3.254059197968485e+00  1.648708519057766e+00 -3.210701357821438e+00  1.648708436622345e+00  1.163168138694944e-03 
-1.442000000000032e-02  1.642790000000000e+00  1.657210000000000e+00  4.335826968958752e-02  3.254058830680106e+00  1.648708550184847e+00 -3.210700560990519e+00  1.648708467749423e+00  1.163170092118368e-03 
-1.441000000000026e-02  1.642795000000000e+00  1.657205000000000e+00  4.335869779845120e-02  3.254058463116334e+00  1.648708580457392e+00 -3.210699765317883e+00  1.648708498021968e+00  1.163172038301545e-03 
-1.440000000000019e-02  1.642800000000000e+00  1.657200000000000e+00  4.335912958090075e-02  3.254058095252866e+00  1.648708612416883e+00 -3.210698965671965e+00  1.648708529981457e+00  1.163174001384883e-03 
-1.439000000000012e-02  1.642805000000000e+00  1.657195000000000e+00  4.335956072266643e-02  3.254057727134443e+00  1.648708643928555e+00 -3.210698166411777e+00  1.648708561493127e+00  1.163175962018393e-03 
-1.438000000000006e-02  1.642810000000000e+00  1.657190000000000e+00  4.335999018939543e-02  3.254057358741083e+00  1.648708674465239e+00 -3.210697368551688e+00  1.648708592029810e+00  1.163177914192322e-03 
-1.437000000000044e-02  1.642815000000000e+00  1.657185000000000e+00  4.336042124511159e-02  3.254056990051651e+00  1.648708705648381e+00 -3.210696568806539e+00  1.648708623212950e+00  1.163179873887639e-03 
-1.436000000000037e-02  1.642820000000000e+00  1.657180000000000e+00  4.336085222828483e-02  3.254056621089758e+00  1.648708736659021e+00 -3.210695768861473e+00  1.648708654223589e+00  1.163181833788189e-03 
-1.435000000000031e-02  1.642825000000000e+00  1.657175000000000e+00  4.336128640864111e-02  3.254056251839802e+00  1.648708769124222e+00 -3.210694965431161e+00  1.648708686688787e+00  1.163183808318017e-03 
-1.434000000000024e-02  1.642830000000000e+00  1.657170000000000e+00  4.336171758917738e-02  3.254055882320365e+00  1.648708799954771e+00 -3.210694164731188e+00  1.648708717519335e+00  1.163185768484286e-03 
-1.433000000000018e-02  1.642835000000000e+00  1.657165000000000e+00  4.336214959007912e-02  3.254055512510847e+00  1.648708831050463e+00 -3.210693362920768e+00  1.648708748615026e+00  1.163187731960903e-03 
-1.432000000000011e-02  1.642840000000000e+00  1.657160000000000e+00  4.336258329292083e-02  3.254055142431605e+00  1.648708862862263e+00 -3.210692559138684e+00  1.648708780426824e+00  1.163189704153345e-03 
-1.431000000000004e-02  1.642845000000000e+00  1.657155000000000e+00  4.336301612261999e-02  3.254054772070802e+00  1.648708894096711e+00 -3.210691755948182e+00  1.648708811661271e+00  1.163191671741099e-03 
-1.430000000000042e-02  1.642850000000000e+00  1.657150000000000e+00  4.336344820359157e-02  3.254054401433807e+00  1.648708924818699e+00 -3.210690953230216e+00  1.648708842383257e+00  1.163193635621679e-03 
-1.429000000000036e-02  1.642855000000000e+00  1.657145000000000e+00  4.336388095523493e-02  3.254054030499992e+00  1.648708955727614e+00 -3.210690149544758e+00  1.648708873292170e+00  1.163195603148443e-03 
-1.428000000000029e-02  1.642860000000000e+00  1.657140000000000e+00  4.336431893022864e-02  3.254053659277835e+00  1.648708989104032e+00 -3.210689340347606e+00  1.648708906668587e+00  1.163197595232412e-03 
-1.427000000000023e-02  1.642865000000000e+00  1.657135000000000e+00  4.336475006487963e-02  3.254053287793985e+00  1.648709018929432e+00 -3.210688537729105e+00  1.648708936493985e+00  1.163199554867472e-03 
-1.426000000000016e-02  1.642870000000000e+00  1.657130000000000e+00  4.336518471864274e-02  3.254052915996006e+00  1.648709050357325e+00 -3.210687731277364e+00  1.648708967921876e+00  1.163201530874335e-03 
-1.425000000000010e-02  1.642875000000000e+00  1.657125000000000e+00  4.336562005186807e-02  3.254052543923073e+00  1.648709081987471e+00 -3.210686923871205e+00  1.648708999552021e+00  1.163203510425954e-03 
-1.424000000000003e-02  1.642880000000000e+00  1.657120000000000e+00  4.336605536493105e-02  3.254052171566783e+00  1.648709113465857e+00 -3.210686116201852e+00  1.648709031030406e+00  1.163205489672174e-03 
-1.423000000000041e-02  1.642885000000000e+00  1.657115000000000e+00  4.336649056588053e-02  3.254051798940243e+00  1.648709144753062e+00 -3.210685308374362e+00  1.648709062317609e+00  1.163207467681959e-03 
-1.422000000000034e-02  1.642890000000000e+00  1.657110000000000e+00  4.336692441367157e-02  3.254051426015160e+00  1.648709175214416e+00 -3.210684501601488e+00  1.648709092778961e+00  1.163209439847286e-03 
-1.421000000000028e-02  1.642895000000000e+00  1.657105000000000e+00  4.336735986479019e-02  3.254051052808713e+00  1.648709206336751e+00 -3.210683692943922e+00  1.648709123901295e+00  1.163211419695632e-03 
-1.420000000000021e-02  1.642900000000000e+00  1.657100000000000e+00  4.336779645761717e-02  3.254050679310271e+00  1.648709237883944e+00 -3.210682882852653e+00  1.648709155448486e+00  1.163213404662880e-03 
-1.419000000000015e-02  1.642905000000000e+00  1.657095000000000e+00  4.336823600172572e-02  3.254050305507623e+00  1.648709270754674e+00 -3.210682069505897e+00  1.648709188319215e+00  1.163215402806839e-03 
-1.418000000000008e-02  1.642910000000000e+00  1.657090000000000e+00  4.336866974758911e-02  3.254049931452041e+00  1.648709300599815e+00 -3.210681261704452e+00  1.648709218164354e+00  1.163217374255333e-03 
-1.417000000000046e-02  1.642915000000000e+00  1.657085000000000e+00  4.336910916626653e-02  3.254049557049813e+00  1.648709333108040e+00 -3.210680447883546e+00  1.648709250672577e+00  1.163219373000741e-03 
-1.416000000000039e-02  1.642920000000000e+00  1.657080000000000e+00  4.336954712312785e-02  3.254049182402575e+00  1.648709364762851e+00 -3.210679635279447e+00  1.648709282327387e+00  1.163221363601115e-03 
-1.415000000000033e-02  1.642925000000000e+00  1.657075000000000e+00  4.336998344213203e-02  3.254048807462725e+00  1.648709395452429e+00 -3.210678824020593e+00  1.648709313016963e+00  1.163223346993220e-03 
-1.414000000000026e-02  1.642930000000000e+00  1.657070000000000e+00  4.337042265811102e-02  3.254048432202679e+00  1.648709427430395e+00 -3.210678009544568e+00  1.648709344994928e+00  1.163225343966932e-03 
-1.413000000000020e-02  1.642935000000000e+00  1.657065000000000e+00  4.337086033215257e-02  3.254048056685002e+00  1.648709458508577e+00 -3.210677196352849e+00  1.648709376073108e+00  1.163227333990219e-03 
-1.412000000000013e-02  1.642940000000000e+00  1.657060000000000e+00  4.337130139542617e-02  3.254047680829872e+00  1.648709491112649e+00 -3.210676379434446e+00  1.648709408677179e+00  1.163229339076480e-03 
-1.411000000000007e-02  1.642945000000000e+00  1.657055000000000e+00  4.337173927480573e-02  3.254047304731752e+00  1.648709522003279e+00 -3.210675565456946e+00  1.648709439567807e+00  1.163231329681302e-03 
-1.410000000000045e-02  1.642950000000000e+00  1.657050000000000e+00  4.337217985177507e-02  3.254046928311029e+00  1.648709554081402e+00 -3.210674748459254e+00  1.648709471645929e+00  1.163233333058045e-03 
-1.409000000000038e-02  1.642955000000000e+00  1.657045000000000e+00  4.337261825902049e-02  3.254046551604682e+00  1.648709584931851e+00 -3.210673933345661e+00  1.648709502496376e+00  1.163235326296919e-03 
-1.408000000000031e-02  1.642960000000000e+00  1.657040000000000e+00  4.337305864091991e-02  3.254046174602256e+00  1.648709616621588e+00 -3.210673115961336e+00  1.648709534186111e+00  1.163237327424722e-03 
-1.407000000000025e-02  1.642965000000000e+00  1.657035000000000e+00  4.337349721875802e-02  3.254045797313004e+00  1.648709647265881e+00 -3.210672300094246e+00  1.648709564830403e+00  1.163239321752834e-03 
-1.406000000000018e-02  1.642970000000000e+00  1.657030000000000e+00  4.337394050819787e-02  3.254045419697303e+00  1.648709680102751e+00 -3.210671479189105e+00  1.648709597667271e+00  1.163241337335861e-03 
-1.405000000000012e-02  1.642975000000000e+00  1.657025000000000e+00  4.337438128443940e-02  3.254045041802494e+00  1.648709711543467e+00 -3.210670660518054e+00  1.648709629107985e+00  1.163243340634144e-03 
-1.404000000000005e-02  1.642980000000000e+00  1.657020000000000e+00  4.337482111393099e-02  3.254044663623430e+00  1.648709742368681e+00 -3.210669842509499e+00  1.648709659933197e+00  1.163245339916330e-03 
-1.403000000000043e-02  1.642985000000000e+00  1.657015000000000e+00  4.337526469686475e-02  3.254044285126701e+00  1.648709774911783e+00 -3.210669020429836e+00  1.648709692476298e+00  1.163247357057644e-03 
-1.402000000000037e-02  1.642990000000000e+00  1.657010000000000e+00  4.337570473571613e-02  3.254043906367892e+00  1.648709805551804e+00 -3.210668201632175e+00  1.648709723116318e+00  1.163249356807941e-03 
-1.401000000000030e-02  1.642995000000000e+00  1.657005000000000e+00  4.337614718097612e-02  3.254043527263676e+00  1.648709837222326e+00 -3.210667380082699e+00  1.648709754786838e+00  1.163251367502215e-03 
-1.400000000000023e-02  1.643000000000000e+00  1.657000000000000e+00  4.337659250413527e-02  3.254043147872566e+00  1.648709870188350e+00 -3.210666555368430e+00  1.648709787752861e+00  1.163253392725816e-03 
-1.399000000000017e-02  1.643005000000000e+00  1.656995000000000e+00  4.337703296800095e-02  3.254042768226108e+00  1.648709900597054e+00 -3.210665735258107e+00  1.648709818161564e+00  1.163255394143150e-03 
-1.398000000000010e-02  1.643010000000000e+00  1.656990000000000e+00  4.337747743199007e-02  3.254042388220793e+00  1.648709932826391e+00 -3.210664910788803e+00  1.648709850390899e+00  1.163257415534359e-03 
-1.397000000000004e-02  1.643015000000000e+00  1.656985000000000e+00  4.337792186049627e-02  3.254042007937381e+00  1.648709964898939e+00 -3.210664086076884e+00  1.648709882463444e+00  1.163259435160826e-03 
-1.396000000000042e-02  1.643020000000000e+00  1.656980000000000e+00  4.337836703666169e-02  3.254041627344260e+00  1.648709997190461e+00 -3.210663260307598e+00  1.648709914754965e+00  1.163261459301410e-03 
-1.395000000000035e-02  1.643025000000000e+00  1.656975000000000e+00  4.337880914325794e-02  3.254041246448459e+00  1.648710027795858e+00 -3.210662437305201e+00  1.648709945360361e+00  1.163263469309808e-03 
-1.394000000000029e-02  1.643030000000000e+00  1.656970000000000e+00  4.337925272828391e-02  3.254040865274190e+00  1.648710059001237e+00 -3.210661612545906e+00  1.648709976565738e+00  1.163265485673328e-03 
-1.393000000000022e-02  1.643035000000000e+00  1.656965000000000e+00  4.337969753150930e-02  3.254040483765865e+00  1.648710090648687e+00 -3.210660786234356e+00  1.648710008213187e+00  1.163267506943307e-03 
-1.392000000000015e-02  1.643040000000000e+00  1.656960000000000e+00  4.338014517029618e-02  3.254040101971290e+00  1.648710123570793e+00 -3.210659956800994e+00  1.648710041135291e+00  1.163269542194296e-03 
-1.391000000000009e-02  1.643045000000000e+00  1.656955000000000e+00  4.338059136676094e-02  3.254039719855551e+00  1.648710155611156e+00 -3.210659128488790e+00  1.648710073175652e+00  1.163271571031058e-03 
-1.390000000000047e-02  1.643050000000000e+00  1.656950000000000e+00  4.338103662632398e-02  3.254039337453480e+00  1.648710187039902e+00 -3.210658300827156e+00  1.648710104604397e+00  1.163273594720594e-03 
-1.389000000000040e-02  1.643055000000000e+00  1.656945000000000e+00  4.338148264808936e-02  3.254038954727543e+00  1.648710218687816e+00 -3.210657472079454e+00  1.648710136252310e+00  1.163275622320176e-03 
-1.388000000000034e-02  1.643060000000000e+00  1.656940000000000e+00  4.338192848236026e-02  3.254038571686347e+00  1.648710250084354e+00 -3.210656643203987e+00  1.648710167648845e+00  1.163277648323533e-03 
-1.387000000000027e-02  1.643065000000000e+00  1.656935000000000e+00  4.338237692545026e-02  3.254038188342330e+00  1.648710282633890e+00 -3.210655811416880e+00  1.648710200198380e+00  1.163279687420826e-03 
-1.386000000000021e-02  1.643070000000000e+00  1.656930000000000e+00  4.338282364804337e-02  3.254037804713514e+00  1.648710314180779e+00 -3.210654981065471e+00  1.648710231745267e+00  1.163281717739676e-03 
-1.385000000000014e-02  1.643075000000000e+00  1.656925000000000e+00  4.338327112443473e-02  3.254037420764340e+00  1.648710345944387e+00 -3.210654149639905e+00  1.648710263508874e+00  1.163283751816363e-03 
-1.384000000000007e-02  1.643080000000000e+00  1.656920000000000e+00  4.338372026703008e-02  3.254037036487328e+00  1.648710378377179e+00 -3.210653316220298e+00  1.648710295941664e+00  1.163285794004172e-03 
-1.383000000000045e-02  1.643085000000000e+00  1.656915000000000e+00  4.338416629820739e-02  3.254036651922384e+00  1.648710409110296e+00 -3.210652485624177e+00  1.648710326674780e+00  1.163287821298526e-03 
-1.382000000000039e-02  1.643090000000000e+00  1.656910000000000e+00  4.338461455941992e-02  3.254036267043555e+00  1.648710440801487e+00 -3.210651652484135e+00  1.648710358365970e+00  1.163289858274882e-03 
-1.381000000000032e-02  1.643095000000000e+00  1.656905000000000e+00  4.338506371070925e-02  3.254035881856916e+00  1.648710472783813e+00 -3.210650818146207e+00  1.648710390348293e+00  1.163291899774333e-03 
-1.380000000000026e-02  1.643100000000000e+00  1.656900000000000e+00  4.338551440581383e-02  3.254035496332530e+00  1.648710505369172e+00 -3.210649981926716e+00  1.648710422933651e+00  1.163293949961146e-03 
-1.379000000000019e-02  1.643105000000000e+00  1.656895000000000e+00  4.338596354738914e-02  3.254035110513049e+00  1.648710537030219e+00 -3.210649146965659e+00  1.648710454594696e+00  1.163295990981646e-03 
-1.378000000000013e-02  1.643110000000000e+00  1.656890000000000e+00  4.338641298950394e-02  3.254034724371716e+00  1.648710568680610e+00 -3.210648311382212e+00  1.648710486245086e+00  1.163298033270478e-03 
-1.377000000000006e-02  1.643115000000000e+00  1.656885000000000e+00  4.338686626164422e-02  3.254034337914351e+00  1.648710602087998e+00 -3.210647471652707e+00  1.648710519652472e+00  1.163300093743002e-03 
-1.376000000000044e-02  1.643120000000000e+00  1.656880000000000e+00  4.338731635875774e-02  3.254033951166576e+00  1.648710633762667e+00 -3.210646634807818e+00  1.648710551327139e+00  1.163302139462947e-03 
-1.375000000000037e-02  1.643125000000000e+00  1.656875000000000e+00  4.338776481985711e-02  3.254033564101863e+00  1.648710664460860e+00 -3.210645799282006e+00  1.648710582025331e+00  1.163304178172226e-03 
-1.374000000000031e-02  1.643130000000000e+00  1.656870000000000e+00  4.338821736871185e-02  3.254033176704773e+00  1.648710697036742e+00 -3.210644959336061e+00  1.648710614601212e+00  1.163306234632916e-03 
-1.373000000000024e-02  1.643135000000000e+00  1.656865000000000e+00  4.338866926725625e-02  3.254032788994934e+00  1.648710729131095e+00 -3.210644119727678e+00  1.648710646695563e+00  1.163308289024203e-03 
-1.372000000000018e-02  1.643140000000000e+00  1.656860000000000e+00  4.338912037973996e-02  3.254032400963191e+00  1.648710760671465e+00 -3.210643280583451e+00  1.648710678235932e+00  1.163310339833849e-03 
-1.371000000000011e-02  1.643145000000000e+00  1.656855000000000e+00  4.338957392697027e-02  3.254032012617985e+00  1.648710793272478e+00 -3.210642438691015e+00  1.648710710836942e+00  1.163312402023996e-03 
-1.370000000000005e-02  1.643150000000000e+00  1.656850000000000e+00  4.339002635754814e-02  3.254031623956972e+00  1.648710825157260e+00 -3.210641597599424e+00  1.648710742721723e+00  1.163314457532371e-03 
-1.369000000000042e-02  1.643155000000000e+00  1.656845000000000e+00  4.339048089057011e-02  3.254031234947161e+00  1.648710857918866e+00 -3.210640754056591e+00  1.648710775483327e+00  1.163316523868140e-03 
-1.368000000000036e-02  1.643160000000000e+00  1.656840000000000e+00  4.339093316099627e-02  3.254030845689084e+00  1.648710889425040e+00 -3.210639912528088e+00  1.648710806989500e+00  1.163318579213863e-03 
-1.367000000000029e-02  1.643165000000000e+00  1.656835000000000e+00  4.339138592678869e-02  3.254030456038248e+00  1.648710920982518e+00 -3.210639070111459e+00  1.648710838546976e+00  1.163320637560961e-03 
-1.366000000000023e-02  1.643170000000000e+00  1.656830000000000e+00  4.339183978974796e-02  3.254030066106217e+00  1.648710952947983e+00 -3.210638226316469e+00  1.648710870512439e+00  1.163322699999684e-03 
-1.365000000000016e-02  1.643175000000000e+00  1.656825000000000e+00  4.339229662025176e-02  3.254029675818189e+00  1.648710986219221e+00 -3.210637379197938e+00  1.648710903783676e+00  1.163324776826013e-03 
-1.364000000000010e-02  1.643180000000000e+00  1.656820000000000e+00  4.339275152936839e-02  3.254029285228459e+00  1.648711018378914e+00 -3.210636533699091e+00  1.648710935943367e+00  1.163326844276258e-03 
-1.363000000000048e-02  1.643185000000000e+00  1.656815000000000e+00  4.339320565818758e-02  3.254028894316515e+00  1.648711049987351e+00 -3.210635688658328e+00  1.648710967551803e+00  1.163328908487262e-03 
-1.362000000000041e-02  1.643190000000000e+00  1.656810000000000e+00  4.339366205439439e-02  3.254028503079207e+00  1.648711082566801e+00 -3.210634841024812e+00  1.648711000131251e+00  1.163330983762532e-03 
-1.361000000000034e-02  1.643195000000000e+00  1.656805000000000e+00  4.339411767725274e-02  3.254028111508082e+00  1.648711114592667e+00 -3.210633993830830e+00  1.648711032157116e+00  1.163333054143087e-03 
-1.360000000000028e-02  1.643200000000000e+00  1.656800000000000e+00  4.339457357512451e-02  3.254027719623136e+00  1.648711146599130e+00 -3.210633146048012e+00  1.648711064163577e+00  1.163335125988595e-03 
-1.359000000000021e-02  1.643205000000000e+00  1.656795000000000e+00  4.339502867532124e-02  3.254027327416395e+00  1.648711178045858e+00 -3.210632298741074e+00  1.648711095610303e+00  1.163337194612251e-03 
-1.358000000000015e-02  1.643210000000000e+00  1.656790000000000e+00  4.339548667073487e-02  3.254026934876832e+00  1.648711210773783e+00 -3.210631448206097e+00  1.648711128338227e+00  1.163339277205434e-03 
-1.357000000000008e-02  1.643215000000000e+00  1.656785000000000e+00  4.339594501460477e-02  3.254026541994853e+00  1.648711243504729e+00 -3.210630596980248e+00  1.648711161069170e+00  1.163341359730305e-03 
-1.356000000000046e-02  1.643220000000000e+00  1.656780000000000e+00  4.339640167811297e-02  3.254026148798487e+00  1.648711275238300e+00 -3.210629747120374e+00  1.648711192802740e+00  1.163343435081183e-03 
-1.355000000000040e-02  1.643225000000000e+00  1.656775000000000e+00  4.339685950158263e-02  3.254025755278179e+00  1.648711307389881e+00 -3.210628895776596e+00  1.648711224954319e+00  1.163345515992071e-03 
-1.354000000000033e-02  1.643230000000000e+00  1.656770000000000e+00  4.339731861248720e-02  3.254025361424517e+00  1.648711340018502e+00 -3.210628042812030e+00  1.648711257582939e+00  1.163347603177321e-03 
-1.353000000000026e-02  1.643235000000000e+00  1.656765000000000e+00  4.339777709173458e-02  3.254024967238684e+00  1.648711372165209e+00 -3.210627190146949e+00  1.648711289729645e+00  1.163349686004853e-03 
-1.352000000000020e-02  1.643240000000000e+00  1.656760000000000e+00  4.339823686277437e-02  3.254024572697838e+00  1.648711404780306e+00 -3.210626335835063e+00  1.648711322344740e+00  1.163351776166351e-03 
-1.351000000000013e-02  1.643245000000000e+00  1.656755000000000e+00  4.339869483085487e-02  3.254024177865578e+00  1.648711436348216e+00 -3.210625483034723e+00  1.648711353912649e+00  1.163353857905028e-03 
-1.350000000000007e-02  1.643250000000000e+00  1.656750000000000e+00  4.339915522599302e-02  3.254023782679773e+00  1.648711468952883e+00 -3.210624627453780e+00  1.648711386517314e+00  1.163355950431937e-03 
-1.349000000000045e-02  1.643255000000000e+00  1.656745000000000e+00  4.339961437157103e-02  3.254023387168537e+00  1.648711500770054e+00 -3.210623772796966e+00  1.648711418334483e+00  1.163358036590770e-03 
-1.348000000000038e-02  1.643260000000000e+00  1.656740000000000e+00  4.340007585008213e-02  3.254022991323080e+00  1.648711533586581e+00 -3.210622915472998e+00  1.648711451151009e+00  1.163360134564703e-03 
-1.347000000000032e-02  1.643265000000000e+00  1.656735000000000e+00  4.340053751749749e-02  3.254022595129268e+00  1.648711566323382e+00 -3.210622057611770e+00  1.648711483887809e+00  1.163362232956769e-03 
-1.346000000000025e-02  1.643270000000000e+00  1.656730000000000e+00  4.340099753461844e-02  3.254022198619015e+00  1.648711598076817e+00 -3.210621201084396e+00  1.648711515641241e+00  1.163364323529446e-03 
-1.345000000000018e-02  1.643275000000000e+00  1.656725000000000e+00  4.340145876883204e-02  3.254021801757724e+00  1.648711630263278e+00 -3.210620342988892e+00  1.648711547827701e+00  1.163366420098237e-03 
-1.344000000000012e-02  1.643280000000000e+00  1.656720000000000e+00  4.340192037675066e-02  3.254021404562124e+00  1.648711662469437e+00 -3.210619484185373e+00  1.648711580033858e+00  1.163368517870566e-03 
-1.343000000000005e-02  1.643285000000000e+00  1.656715000000000e+00  4.340238655039704e-02  3.254021007026981e+00  1.648711696788689e+00 -3.210618620476585e+00  1.648711614353109e+00  1.163370637078708e-03 
-1.342000000000043e-02  1.643290000000000e+00  1.656710000000000e+00  4.340284698947327e-02  3.254020609169393e+00  1.648711728079433e+00 -3.210617762179920e+00  1.648711645643851e+00  1.163372729287168e-03 
-1.341000000000037e-02  1.643295000000000e+00  1.656705000000000e+00  4.340331119609270e-02  3.254020210956284e+00  1.648711761076188e+00 -3.210616899760191e+00  1.648711678640604e+00  1.163374839090601e-03 
-1.340000000000030e-02  1.643300000000000e+00  1.656700000000000e+00  4.340377569894455e-02  3.254019812411022e+00  1.648711794054983e+00 -3.210616036712077e+00  1.648711711619397e+00  1.163376949883512e-03 
-1.339000000000024e-02  1.643305000000000e+00  1.656695000000000e+00  4.340423617824576e-02  3.254019413543354e+00  1.648711824860800e+00 -3.210615177365108e+00  1.648711742425213e+00  1.163379042343444e-03 
-1.338000000000017e-02  1.643310000000000e+00  1.656690000000000e+00  4.340470093751953e-02  3.254019014276269e+00  1.648711857606894e+00 -3.210614313338750e+00  1.648711775171306e+00  1.163381155116283e-03 
-1.337000000000010e-02  1.643315000000000e+00  1.656685000000000e+00  4.340516545896865e-02  3.254018614723452e+00  1.648711890091210e+00 -3.210613449264483e+00  1.648711807655620e+00  1.163383266734937e-03 
-1.336000000000048e-02  1.643320000000000e+00  1.656680000000000e+00  4.340562957123319e-02  3.254018214819081e+00  1.648711922195157e+00 -3.210612585247848e+00  1.648711839759565e+00  1.163385375514982e-03 
-1.335000000000042e-02  1.643325000000000e+00  1.656675000000000e+00  4.340609649934795e-02  3.254017814559019e+00  1.648711955529183e+00 -3.210611718059670e+00  1.648711873093590e+00  1.163387497082609e-03 
-1.334000000000035e-02  1.643330000000000e+00  1.656670000000000e+00  4.340655978649913e-02  3.254017413976173e+00  1.648711986881336e+00 -3.210610854189674e+00  1.648711904445741e+00  1.163389603064387e-03 
-1.333000000000029e-02  1.643335000000000e+00  1.656665000000000e+00  4.340702876410869e-02  3.254017013014849e+00  1.648712020889479e+00 -3.210609984250740e+00  1.648711938453882e+00  1.163391734216960e-03 
-1.332000000000022e-02  1.643340000000000e+00  1.656660000000000e+00  4.340749519619227e-02  3.254016611727549e+00  1.648712053461871e+00 -3.210609116531357e+00  1.648711971026272e+00  1.163393854014439e-03 
-1.331000000000016e-02  1.643345000000000e+00  1.656655000000000e+00  4.340796004114299e-02  3.254016210075736e+00  1.648712085058440e+00 -3.210608250034594e+00  1.648712002622840e+00  1.163395966277334e-03 
-1.330000000000009e-02  1.643350000000000e+00  1.656650000000000e+00  4.340842846032998e-02  3.254015808083890e+00  1.648712118272110e+00 -3.210607379623560e+00  1.648712035836508e+00  1.163398095061249e-03 
-1.329000000000047e-02  1.643355000000000e+00  1.656645000000000e+00  4.340889350519534e-02  3.254015405753069e+00  1.648712149629132e+00 -3.210606512247873e+00  1.648712067193529e+00  1.163400208255051e-03 
-1.328000000000040e-02  1.643360000000000e+00  1.656640000000000e+00  4.340936536521531e-02  3.254015003072067e+00  1.648712184218641e+00 -3.210605637706851e+00  1.648712101783036e+00  1.163402353459198e-03 
-1.327000000000034e-02  1.643365000000000e+00  1.656635000000000e+00  4.340983211415869e-02  3.254014600034239e+00  1.648712216074199e+00 -3.210604767920081e+00  1.648712133638592e+00  1.163404475164351e-03 
-1.326000000000027e-02  1.643370000000000e+00  1.656630000000000e+00  4.341029997816644e-02  3.254014196681132e+00  1.648712248329649e+00 -3.210603896702965e+00  1.648712165894041e+00  1.163406600563541e-03 
-1.325000000000021e-02  1.643375000000000e+00  1.656625000000000e+00  4.341077085887760e-02  3.254013792924447e+00  1.648712281891662e+00 -3.210603022065569e+00  1.648712199456053e+00  1.163408741393371e-03 
-1.324000000000014e-02  1.643380000000000e+00  1.656620000000000e+00  4.341123917690175e-02  3.254013388861674e+00  1.648712314019288e+00 -3.210602149684772e+00  1.648712231583676e+00  1.163410869451327e-03 
-1.323000000000008e-02  1.643385000000000e+00  1.656615000000000e+00  4.341171067064622e-02  3.254012984401059e+00  1.648712347535852e+00 -3.210601273730413e+00  1.648712265100239e+00  1.163413012339315e-03 
-1.322000000000045e-02  1.643390000000000e+00  1.656610000000000e+00  4.341217975022522e-02  3.254012579627604e+00  1.648712379688914e+00 -3.210600399877378e+00  1.648712297253299e+00  1.163415144553156e-03 
-1.321000000000039e-02  1.643395000000000e+00  1.656605000000000e+00  4.341265155463496e-02  3.254012174492634e+00  1.648712413023635e+00 -3.210599522937999e+00  1.648712330588018e+00  1.163417287265133e-03 
-1.320000000000032e-02  1.643400000000000e+00  1.656600000000000e+00  4.341312191694431e-02  3.254011768970857e+00  1.648712445443901e+00 -3.210598647053913e+00  1.648712363008282e+00  1.163419425753790e-03 
-1.319000000000026e-02  1.643405000000000e+00  1.656595000000000e+00  4.341359133063524e-02  3.254011363142809e+00  1.648712477236722e+00 -3.210597771812174e+00  1.648712394801102e+00  1.163421558718649e-03 
-1.318000000000019e-02  1.643410000000000e+00  1.656590000000000e+00  4.341406494557726e-02  3.254010956910421e+00  1.648712510927999e+00 -3.210596891964844e+00  1.648712428492378e+00  1.163423711154727e-03 
-1.317000000000013e-02  1.643415000000000e+00  1.656585000000000e+00  4.341453474017542e-02  3.254010550356805e+00  1.648712542548490e+00 -3.210596015616629e+00  1.648712460112867e+00  1.163425845728942e-03 
-1.316000000000006e-02  1.643420000000000e+00  1.656580000000000e+00  4.341500628770403e-02  3.254010143445599e+00  1.648712574866652e+00 -3.210595137157895e+00  1.648712492431027e+00  1.163427988128485e-03 
-1.315000000000044e-02  1.643425000000000e+00  1.656575000000000e+00  4.341548173048457e-02  3.254009736126370e+00  1.648712608928427e+00 -3.210594254395886e+00  1.648712526492801e+00  1.163430149701185e-03 
-1.314000000000037e-02  1.643430000000000e+00  1.656570000000000e+00  4.341595453314240e-02  3.254009328505968e+00  1.648712641519555e+00 -3.210593373972825e+00  1.648712559083927e+00  1.163432298231510e-03 
-1.313000000000031e-02  1.643435000000000e+00  1.656565000000000e+00  4.341642711969446e-02  3.254008920486622e+00  1.648712673803158e+00 -3.210592493366927e+00  1.648712591367528e+00  1.163434445494111e-03 
-1.312000000000024e-02  1.643440000000000e+00  1.656560000000000e+00  4.341690143000608e-02  3.254008512122649e+00  1.648712706776328e+00 -3.210591610692644e+00  1.648712624340696e+00  1.163436600801351e-03 
-1.311000000000018e-02  1.643445000000000e+00  1.656555000000000e+00  4.341737630666670e-02  3.254008103389543e+00  1.648712739848105e+00 -3.210590727082876e+00  1.648712657412472e+00  1.163438759109706e-03 
-1.310000000000011e-02  1.643450000000000e+00  1.656550000000000e+00  4.341785287263821e-02  3.254007694286727e+00  1.648712773579683e+00 -3.210589841414089e+00  1.648712691144048e+00  1.163440924286696e-03 
-1.309000000000049e-02  1.643455000000000e+00  1.656545000000000e+00  4.341832587214952e-02  3.254007284843719e+00  1.648712805357934e+00 -3.210588958971569e+00  1.648712722922298e+00  1.163443073751286e-03 
-1.308000000000042e-02  1.643460000000000e+00  1.656540000000000e+00  4.341880391876692e-02  3.254006875025909e+00  1.648712839472338e+00 -3.210588071107142e+00  1.648712757036700e+00  1.163445246876408e-03 
-1.307000000000036e-02  1.643465000000000e+00  1.656535000000000e+00  4.341928034288513e-02  3.254006464829208e+00  1.648712872586047e+00 -3.210587184486323e+00  1.648712790150407e+00  1.163447411678112e-03 
-1.306000000000029e-02  1.643470000000000e+00  1.656530000000000e+00  4.341975334775906e-02  3.254006054286656e+00  1.648712903817207e+00 -3.210586300938897e+00  1.648712821381566e+00  1.163449560408712e-03 
-1.305000000000023e-02  1.643475000000000e+00  1.656525000000000e+00  4.342023175875395e-02  3.254005643376141e+00  1.648712937567447e+00 -3.210585411617387e+00  1.648712855131804e+00  1.163451735011391e-03 
-1.304000000000016e-02  1.643480000000000e+00  1.656520000000000e+00  4.342070991764035e-02  3.254005232077476e+00  1.648712970997558e+00 -3.210584522159836e+00  1.648712888561914e+00  1.163453907690433e-03 
-1.303000000000010e-02  1.643485000000000e+00  1.656515000000000e+00  4.342118701242451e-02  3.254004820409087e+00  1.648713003710756e+00 -3.210583633396663e+00  1.648712921275110e+00  1.163456075690609e-03 
-1.302000000000048e-02  1.643490000000000e+00  1.656510000000000e+00  4.342166399839197e-02  3.254004408384791e+00  1.648713036191591e+00 -3.210582744386399e+00  1.648712953755944e+00  1.163458243743669e-03 
-1.301000000000041e-02  1.643495000000000e+00  1.656505000000000e+00  4.342214310945157e-02  3.254003996000268e+00  1.648713069554860e+00 -3.210581852890816e+00  1.648712987119210e+00  1.163460419977186e-03 
-1.300000000000034e-02  1.643500000000000e+00  1.656500000000000e+00  4.342262228897619e-02  3.254003583229786e+00  1.648713102759381e+00 -3.210580960940810e+00  1.648713020323730e+00  1.163462597551588e-03 
-1.299000000000028e-02  1.643505000000000e+00  1.656495000000000e+00  4.342310103215845e-02  3.254003170086991e+00  1.648713135559575e+00 -3.210580069054833e+00  1.648713053123922e+00  1.163464772539724e-03 
-1.298000000000021e-02  1.643510000000000e+00  1.656490000000000e+00  4.342358153907717e-02  3.254002756575903e+00  1.648713169057490e+00 -3.210579175036826e+00  1.648713086621836e+00  1.163466956887493e-03 
-1.297000000000015e-02  1.643515000000000e+00  1.656485000000000e+00  4.342406111002240e-02  3.254002342689808e+00  1.648713201899915e+00 -3.210578281579786e+00  1.648713119464259e+00  1.163469136194013e-03 
-1.296000000000008e-02  1.643520000000000e+00  1.656480000000000e+00  4.342454093867336e-02  3.254001928436105e+00  1.648713234687389e+00 -3.210577387497432e+00  1.648713152251732e+00  1.163471315876483e-03 
-1.295000000000046e-02  1.643525000000000e+00  1.656475000000000e+00  4.342502177858017e-02  3.254001513801944e+00  1.648713267790262e+00 -3.210576492023363e+00  1.648713185354603e+00  1.163473501076963e-03 
-1.294000000000040e-02  1.643530000000000e+00  1.656470000000000e+00  4.342550304534963e-02  3.254001098804367e+00  1.648713300924858e+00 -3.210575595759018e+00  1.648713218489197e+00  1.163475687460396e-03 
-1.293000000000033e-02  1.643535000000000e+00  1.656465000000000e+00  4.342598620976425e-02  3.254000683383162e+00  1.648713334796463e+00 -3.210574697173398e+00  1.648713252360801e+00  1.163477883407172e-03 
-1.292000000000026e-02  1.643540000000000e+00  1.656460000000000e+00  4.342646631361457e-02  3.254000267627749e+00  1.648713366970682e+00 -3.210573801314135e+00  1.648713284535018e+00  1.163480065029985e-03 
-1.291000000000020e-02  1.643545000000000e+00  1.656455000000000e+00  4.342694896381242e-02  3.253999851483679e+00  1.648713400223746e+00 -3.210572902519867e+00  1.648713317788080e+00  1.163482257933450e-03 
-1.290000000000013e-02  1.643550000000000e+00  1.656450000000000e+00  4.342743445553502e-02  3.253999434952494e+00  1.648713434704015e+00 -3.210572000496959e+00  1.648713352268347e+00  1.163484464228955e-03 
-1.289000000000007e-02  1.643555000000000e+00  1.656445000000000e+00  4.342791719988393e-02  3.253999018039542e+00  1.648713467619713e+00 -3.210571100839658e+00  1.648713385184044e+00  1.163486657089370e-03 
-1.288000000000045e-02  1.643560000000000e+00  1.656440000000000e+00  4.342839957167874e-02  3.253998600761875e+00  1.648713500166777e+00 -3.210570201190196e+00  1.648713417731106e+00  1.163488849669115e-03 
-1.287000000000038e-02  1.643565000000000e+00  1.656435000000000e+00  4.342888668023337e-02  3.253998183075399e+00  1.648713534877816e+00 -3.210569296395166e+00  1.648713452442144e+00  1.163491063123526e-03 
-1.286000000000032e-02  1.643570000000000e+00  1.656430000000000e+00  4.342936980627977e-02  3.253997765027187e+00  1.648713567416734e+00 -3.210568395220907e+00  1.648713484981059e+00  1.163493258533673e-03 
-1.285000000000025e-02  1.643575000000000e+00  1.656425000000000e+00  4.342985400898693e-02  3.253997346589807e+00  1.648713600299397e+00 -3.210567492580820e+00  1.648713517863721e+00  1.163495458161593e-03 
-1.284000000000018e-02  1.643580000000000e+00  1.656420000000000e+00  4.343034061537829e-02  3.253996927751881e+00  1.648713634183630e+00 -3.210566587136503e+00  1.648713551747952e+00  1.163497668948709e-03 
-1.283000000000012e-02  1.643585000000000e+00  1.656415000000000e+00  4.343082534724479e-02  3.253996508549778e+00  1.648713666948511e+00 -3.210565683202534e+00  1.648713584512832e+00  1.163499871562594e-03 
-1.282000000000050e-02  1.643590000000000e+00  1.656410000000000e+00  4.343131076678639e-02  3.253996088958860e+00  1.648713699862823e+00 -3.210564778192074e+00  1.648713617427142e+00  1.163502077424263e-03 
-1.281000000000043e-02  1.643595000000000e+00  1.656405000000000e+00  4.343179958550043e-02  3.253995668960285e+00  1.648713734272893e+00 -3.210563869374785e+00  1.648713651837210e+00  1.163504298615181e-03 
-1.280000000000037e-02  1.643600000000000e+00  1.656400000000000e+00  4.343228499483891e-02  3.253995248602850e+00  1.648713766798845e+00 -3.210562963608011e+00  1.648713684363160e+00  1.163506504319406e-03 
-1.279000000000030e-02  1.643605000000000e+00  1.656395000000000e+00  4.343277291226472e-02  3.253994827843369e+00  1.648713800377817e+00 -3.210562054931105e+00  1.648713717942131e+00  1.163508720903915e-03 
-1.278000000000024e-02  1.643610000000000e+00  1.656390000000000e+00  4.343325986475619e-02  3.253994406694559e+00  1.648713833279658e+00 -3.210561146829803e+00  1.648713750843970e+00  1.163510932947783e-03 
-1.277000000000017e-02  1.643615000000000e+00  1.656385000000000e+00  4.343375007162335e-02  3.253993985133307e+00  1.648713867602465e+00 -3.210560235061684e+00  1.648713785166776e+00  1.163513160927632e-03 
-1.276000000000010e-02  1.643620000000000e+00  1.656380000000000e+00  4.343423810504880e-02  3.253993563207070e+00  1.648713900656060e+00 -3.210559325102021e+00  1.648713818220369e+00  1.163515378197271e-03 
-1.275000000000048e-02  1.643625000000000e+00  1.656375000000000e+00  4.343472827753527e-02  3.253993140864282e+00  1.648713934570909e+00 -3.210558412586747e+00  1.648713852135216e+00  1.163517605541317e-03 
-1.274000000000042e-02  1.643630000000000e+00  1.656370000000000e+00  4.343521750521687e-02  3.253992718142926e+00  1.648713967824072e+00 -3.210557500637709e+00  1.648713885388377e+00  1.163519829230251e-03 
-1.273000000000035e-02  1.643635000000000e+00  1.656365000000000e+00  4.343570799229911e-02  3.253992295007358e+00  1.648714001499829e+00 -3.210556587015059e+00  1.648713919064133e+00  1.163522055856370e-03 
-1.272000000000029e-02  1.643640000000000e+00  1.656360000000000e+00  4.343619920903070e-02  3.253991871473956e+00  1.648714035341493e+00 -3.210555672264925e+00  1.648713952905796e+00  1.163524289145254e-03 
-1.271000000000022e-02  1.643645000000000e+00  1.656355000000000e+00  4.343668793719203e-02  3.253991447592645e+00  1.648714067764918e+00 -3.210554759655453e+00  1.648713985329219e+00  1.163526508921305e-03 
-1.270000000000016e-02  1.643650000000000e+00  1.656350000000000e+00  4.343718031667586e-02  3.253991023278571e+00  1.648714101797623e+00 -3.210553842961895e+00  1.648714019361922e+00  1.163528746811976e-03 
-1.269000000000009e-02  1.643655000000000e+00  1.656345000000000e+00  4.343767150774083e-02  3.253990598563778e+00  1.648714135035760e+00 -3.210552927056038e+00  1.648714052600057e+00  1.163530978054729e-03 
-1.268000000000047e-02  1.643660000000000e+00  1.656340000000000e+00  4.343816368354762e-02  3.253990173457396e+00  1.648714168570472e+00 -3.210552009773848e+00  1.648714086134768e+00  1.163533214757407e-03 
-1.267000000000040e-02  1.643665000000000e+00  1.656335000000000e+00  4.343865670903713e-02  3.253989747946676e+00  1.648714202327856e+00 -3.210551091237639e+00  1.648714119892151e+00  1.163535454523358e-03 
-1.266000000000034e-02  1.643670000000000e+00  1.656330000000000e+00  4.343914995571736e-02  3.253989322043561e+00  1.648714235999639e+00 -3.210550172087844e+00  1.648714153563932e+00  1.163537695290968e-03 
-1.265000000000027e-02  1.643675000000000e+00  1.656325000000000e+00  4.343964393495345e-02  3.253988895710131e+00  1.648714269822542e+00 -3.210549251775177e+00  1.648714187386833e+00  1.163539939494587e-03 
-1.264000000000021e-02  1.643680000000000e+00  1.656320000000000e+00  4.344013731394812e-02  3.253988468993477e+00  1.648714303153713e+00 -3.210548331679529e+00  1.648714220718002e+00  1.163542181163733e-03 
-1.263000000000014e-02  1.643685000000000e+00  1.656315000000000e+00  4.344063080189282e-02  3.253988041869140e+00  1.648714336335516e+00 -3.210547411067247e+00  1.648714253899804e+00  1.163544423595274e-03 
-1.262000000000052e-02  1.643690000000000e+00  1.656310000000000e+00  4.344112650036924e-02  3.253987614341691e+00  1.648714370421030e+00 -3.210546487841321e+00  1.648714287985316e+00  1.163546675972364e-03 
-1.261000000000045e-02  1.643695000000000e+00  1.656305000000000e+00  4.344162134603659e-02  3.253987186408055e+00  1.648714403877046e+00 -3.210545565062019e+00  1.648714321441330e+00  1.163548924783394e-03 
-1.260000000000039e-02  1.643700000000000e+00  1.656300000000000e+00  4.344211666513079e-02  3.253986758048816e+00  1.648714437356973e+00 -3.210544641383685e+00  1.648714354921256e+00  1.163551174409187e-03 
-1.259000000000032e-02  1.643705000000000e+00  1.656295000000000e+00  4.344261196028723e-02  3.253986329319486e+00  1.648714470639887e+00 -3.210543717359199e+00  1.648714388204167e+00  1.163553424255992e-03 
-1.258000000000026e-02  1.643710000000000e+00  1.656290000000000e+00  4.344310974495834e-02  3.253985900145597e+00  1.648714504945278e+00 -3.210542790400639e+00  1.648714422509557e+00  1.163555685987072e-03 
-1.257000000000019e-02  1.643715000000000e+00  1.656285000000000e+00  4.344360693532234e-02  3.253985470565512e+00  1.648714538750417e+00 -3.210541863630190e+00  1.648714456314695e+00  1.163557945183888e-03 
-1.256000000000013e-02  1.643720000000000e+00  1.656280000000000e+00  4.344410441877594e-02  3.253985040588477e+00  1.648714572503627e+00 -3.210540936169701e+00  1.648714490067902e+00  1.163560205477751e-03 
-1.255000000000051e-02  1.643725000000000e+00  1.656275000000000e+00  4.344460391984704e-02  3.253984610180551e+00  1.648714607050199e+00 -3.210540006260704e+00  1.648714524614473e+00  1.163562475431349e-03 
-1.254000000000044e-02  1.643730000000000e+00  1.656270000000000e+00  4.344510066689074e-02  3.253984179382897e+00  1.648714640024894e+00 -3.210539078716006e+00  1.648714557589166e+00  1.163564731611734e-03 
-1.253000000000037e-02  1.643735000000000e+00  1.656265000000000e+00  4.344559975326466e-02  3.253983748153211e+00  1.648714673953238e+00 -3.210538148399946e+00  1.648714591517508e+00  1.163566998867386e-03 
-1.252000000000031e-02  1.643740000000000e+00  1.656260000000000e+00  4.344609868647890e-02  3.253983316514305e+00  1.648714707600392e+00 -3.210537217827826e+00  1.648714625164661e+00  1.163569265991162e-03 
-1.251000000000024e-02  1.643745000000000e+00  1.656255000000000e+00  4.344659820330592e-02  3.253982884460300e+00  1.648714741331803e+00 -3.210536286256994e+00  1.648714658896070e+00  1.163571535118169e-03 
-1.250000000000018e-02  1.643750000000000e+00  1.656250000000000e+00  4.344709816394369e-02  3.253982452002256e+00  1.648714775083100e+00 -3.210535353838313e+00  1.648714692647365e+00  1.163573806861129e-03 
-1.249000000000011e-02  1.643755000000000e+00  1.656245000000000e+00  4.344760009257619e-02  3.253982019071444e+00  1.648714809582010e+00 -3.210534418978868e+00  1.648714727146274e+00  1.163576086821536e-03 
-1.248000000000049e-02  1.643760000000000e+00  1.656240000000000e+00  4.344809962838217e-02  3.253981585770474e+00  1.648714842699428e+00 -3.210533486142092e+00  1.648714760263690e+00  1.163578356929055e-03 
-1.247000000000043e-02  1.643765000000000e+00  1.656235000000000e+00  4.344860251945819e-02  3.253981152049046e+00  1.648714877284252e+00 -3.210532549529588e+00  1.648714794848513e+00  1.163580640767687e-03 
-1.246000000000036e-02  1.643770000000000e+00  1.656230000000000e+00  4.344910540176335e-02  3.253980717874849e+00  1.648714911638306e+00 -3.210531612473086e+00  1.648714829202565e+00  1.163582925398922e-03 
-1.245000000000029e-02  1.643775000000000e+00  1.656225000000000e+00  4.344960677281942e-02  3.253980283311972e+00  1.648714945042395e+00 -3.210530676539152e+00  1.648714862606652e+00  1.163585203330159e-03 
-1.244000000000023e-02  1.643780000000000e+00  1.656220000000000e+00  4.345010921652259e-02  3.253979848307271e+00  1.648714978761897e+00 -3.210529739090749e+00  1.648714896326152e+00  1.163587485593547e-03 
-1.243000000000016e-02  1.643785000000000e+00  1.656215000000000e+00  4.345061241866193e-02  3.253979412889961e+00  1.648715012654312e+00 -3.210528800471299e+00  1.648714930218565e+00  1.163589771882819e-03 
-1.242000000000010e-02  1.643790000000000e+00  1.656210000000000e+00  4.345111483994743e-02  3.253978977053642e+00  1.648715045946795e+00 -3.210527862213694e+00  1.648714963511047e+00  1.163592054515753e-03 
-1.241000000000048e-02  1.643795000000000e+00  1.656205000000000e+00  4.345162294577926e-02  3.253978540744956e+00  1.648715081845367e+00 -3.210526917799176e+00  1.648714999409618e+00  1.163594363340453e-03 
-1.240000000000041e-02  1.643800000000000e+00  1.656200000000000e+00  4.345212166739072e-02  3.253978104048125e+00  1.648715112857758e+00 -3.210525982380735e+00  1.648715030422006e+00  1.163596628379854e-03 
-1.239000000000035e-02  1.643805000000000e+00  1.656195000000000e+00  4.345263206492081e-02  3.253977666899866e+00  1.648715149482394e+00 -3.210525034834946e+00  1.648715067046640e+00  1.163598946968164e-03 
-1.238000000000028e-02  1.643810000000000e+00  1.656190000000000e+00  4.345313548618355e-02  3.253977229372139e+00  1.648715182429161e+00 -3.210524093885956e+00  1.648715099993407e+00  1.163601233686461e-03 
-1.237000000000021e-02  1.643815000000000e+00  1.656185000000000e+00  4.345364042969256e-02  3.253976791352046e+00  1.648715215890869e+00 -3.210523150922354e+00  1.648715133455113e+00  1.163603528050901e-03 
-1.236000000000015e-02  1.643820000000000e+00  1.656180000000000e+00  4.345415039913642e-02  3.253976352913382e+00  1.648715251656259e+00 -3.210522202514245e+00  1.648715169220501e+00  1.163605844626343e-03 
-1.235000000000053e-02  1.643825000000000e+00  1.656175000000000e+00  4.345465691310563e-02  3.253975914065143e+00  1.648715285489124e+00 -3.210521257152037e+00  1.648715203053364e+00  1.163608145811246e-03 
-1.234000000000046e-02  1.643830000000000e+00  1.656170000000000e+00  4.345516328179203e-02  3.253975474762233e+00  1.648715319022013e+00 -3.210520311480441e+00  1.648715236586251e+00  1.163610446352611e-03 
-1.233000000000040e-02  1.643835000000000e+00  1.656165000000000e+00  4.345567256329629e-02  3.253975035031097e+00  1.648715353797197e+00 -3.210519362467801e+00  1.648715271361433e+00  1.163612759952095e-03 
-1.232000000000033e-02  1.643840000000000e+00  1.656160000000000e+00  4.345618015056584e-02  3.253974594863037e+00  1.648715387506802e+00 -3.210518414712471e+00  1.648715305071036e+00  1.163615064745393e-03 
-1.231000000000027e-02  1.643845000000000e+00  1.656155000000000e+00  4.345668773041809e-02  3.253974154267083e+00  1.648715420998750e+00 -3.210517466536665e+00  1.648715338562984e+00  1.163617370976777e-03 
-1.230000000000020e-02  1.643850000000000e+00  1.656150000000000e+00  4.345720011855087e-02  3.253973713223337e+00  1.648715456670944e+00 -3.210516513104786e+00  1.648715374235175e+00  1.163619699144415e-03 
-1.229000000000013e-02  1.643855000000000e+00  1.656145000000000e+00  4.345770814217680e-02  3.253973271744480e+00  1.648715489943329e+00 -3.210515563602304e+00  1.648715407507558e+00  1.163622006969045e-03 
-1.228000000000051e-02  1.643860000000000e+00  1.656140000000000e+00  4.345822025495855e-02  3.253972829812500e+00  1.648715525033729e+00 -3.210514609557542e+00  1.648715442597957e+00  1.163624333489368e-03 
-1.227000000000045e-02  1.643865000000000e+00  1.656135000000000e+00  4.345872958316584e-02  3.253972387441686e+00  1.648715558512426e+00 -3.210513657858521e+00  1.648715476076652e+00  1.163626646335990e-03 
-1.226000000000038e-02  1.643870000000000e+00  1.656130000000000e+00  4.345924138349527e-02  3.253971944650924e+00  1.648715593017210e+00 -3.210512703267429e+00  1.648715510581434e+00  1.163628971875846e-03 
-1.225000000000032e-02  1.643875000000000e+00  1.656125000000000e+00  4.345975471562501e-02  3.253971501373816e+00  1.648715628044720e+00 -3.210511746658191e+00  1.648715545608943e+00  1.163631304424412e-03 
-1.224000000000025e-02  1.643880000000000e+00  1.656120000000000e+00  4.346026670026756e-02  3.253971057662036e+00  1.648715662181152e+00 -3.210510790961768e+00  1.648715579745373e+00  1.163633629678666e-03 
-1.223000000000019e-02  1.643885000000000e+00  1.656115000000000e+00  4.346077635711543e-02  3.253970613555767e+00  1.648715694956441e+00 -3.210509837198652e+00  1.648715612520661e+00  1.163635943762338e-03 
-1.222000000000012e-02  1.643890000000000e+00  1.656110000000000e+00  4.346129440451077e-02  3.253970168932790e+00  1.648715731668650e+00 -3.210508874528279e+00  1.648715649232868e+00  1.163638297799460e-03 
-1.221000000000050e-02  1.643895000000000e+00  1.656105000000000e+00  4.346180488790965e-02  3.253969723913551e+00  1.648715764400730e+00 -3.210507919025641e+00  1.648715681964946e+00  1.163640616459885e-03 
-1.220000000000043e-02  1.643900000000000e+00  1.656100000000000e+00  4.346232000946482e-02  3.253969278402874e+00  1.648715799206169e+00 -3.210506958393410e+00  1.648715716770384e+00  1.163642956985777e-03 
-1.219000000000037e-02  1.643905000000000e+00  1.656095000000000e+00  4.346283643682849e-02  3.253968832468161e+00  1.648715834452495e+00 -3.210505996031332e+00  1.648715752016707e+00  1.163645302864645e-03 
-1.218000000000030e-02  1.643910000000000e+00  1.656090000000000e+00  4.346334824464396e-02  3.253968386077930e+00  1.648715867161287e+00 -3.210505037833286e+00  1.648715784725498e+00  1.163647627410255e-03 
-1.217000000000024e-02  1.643915000000000e+00  1.656085000000000e+00  4.346386490493403e-02  3.253967939239359e+00  1.648715902072147e+00 -3.210504074334426e+00  1.648715819636356e+00  1.163649974806024e-03 
-1.216000000000017e-02  1.643920000000000e+00  1.656080000000000e+00  4.346438272417495e-02  3.253967491918909e+00  1.648715937321542e+00 -3.210503109194735e+00  1.648715854885749e+00  1.163652327198244e-03 
-1.215000000000011e-02  1.643925000000000e+00  1.656075000000000e+00  4.346489885099487e-02  3.253967044175951e+00  1.648715971513473e+00 -3.210502145324956e+00  1.648715889077679e+00  1.163654671208249e-03 
-1.214000000000048e-02  1.643930000000000e+00  1.656070000000000e+00  4.346541496963935e-02  3.253966595963102e+00  1.648716005466371e+00 -3.210501180993463e+00  1.648715923030575e+00  1.163657015044260e-03 
-1.213000000000042e-02  1.643935000000000e+00  1.656065000000000e+00  4.346593298250455e-02  3.253966147313869e+00  1.648716040148187e+00 -3.210500214331364e+00  1.648715957712389e+00  1.163659368448529e-03 
-1.212000000000035e-02  1.643940000000000e+00  1.656060000000000e+00  4.346645328534621e-02  3.253965698150714e+00  1.648716075718030e+00 -3.210499244865368e+00  1.648715993282230e+00  1.163661732445639e-03 
-1.211000000000029e-02  1.643945000000000e+00  1.656055000000000e+00  4.346696962149082e-02  3.253965248558216e+00  1.648716109089853e+00 -3.210498278936725e+00  1.648716026654052e+00  1.163664077362522e-03 
-1.210000000000022e-02  1.643950000000000e+00  1.656050000000000e+00  4.346749068491229e-02  3.253964798521976e+00  1.648716144603444e+00 -3.210497307837064e+00  1.648716062167641e+00  1.163666444659192e-03 
-1.209000000000016e-02  1.643955000000000e+00  1.656045000000000e+00  4.346800759509774e-02  3.253964348034916e+00  1.648716177815007e+00 -3.210496340439818e+00  1.648716095379202e+00  1.163668791915782e-03 
-1.208000000000053e-02  1.643960000000000e+00  1.656040000000000e+00  4.346853105808627e-02  3.253963897003628e+00  1.648716214030857e+00 -3.210495365945542e+00  1.648716131595051e+00  1.163671170025229e-03 
-1.207000000000047e-02  1.643965000000000e+00  1.656035000000000e+00  4.346905253208551e-02  3.253963445566016e+00  1.648716249049051e+00 -3.210494393033930e+00  1.648716166613242e+00  1.163673539242683e-03 
-1.206000000000040e-02  1.643970000000000e+00  1.656030000000000e+00  4.346957079697804e-02  3.253962993671045e+00  1.648716282234012e+00 -3.210493422874067e+00  1.648716199798202e+00  1.163675893300575e-03 
-1.205000000000034e-02  1.643975000000000e+00  1.656025000000000e+00  4.347009219406661e-02  3.253962541306680e+00  1.648716316750373e+00 -3.210492449112613e+00  1.648716234314562e+00  1.163678260213090e-03 
-1.204000000000027e-02  1.643980000000000e+00  1.656020000000000e+00  4.347061473208150e-02  3.253962088442408e+00  1.648716351587245e+00 -3.210491473710327e+00  1.648716269151431e+00  1.163680633917127e-03 
-1.203000000000021e-02  1.643985000000000e+00  1.656015000000000e+00  4.347113841861477e-02  3.253961635131111e+00  1.648716386774863e+00 -3.210490496712496e+00  1.648716304339048e+00  1.163683013738934e-03 
-1.202000000000014e-02  1.643990000000000e+00  1.656010000000000e+00  4.347166121293015e-02  3.253961181345941e+00  1.648716421279435e+00 -3.210489520133011e+00  1.648716338843619e+00  1.163685387583017e-03 
-1.201000000000052e-02  1.643995000000000e+00  1.656005000000000e+00  4.347218513030890e-02  3.253960727094162e+00  1.648716456112235e+00 -3.210488541963853e+00  1.648716373676417e+00  1.163687767245702e-03 
-1.200000000000045e-02  1.644000000000000e+00  1.656000000000000e+00  4.347271146374576e-02  3.253960272358496e+00  1.648716491911121e+00 -3.210487560894751e+00  1.648716409475301e+00  1.163690158765538e-03 
-1.199000000000039e-02  1.644005000000000e+00  1.655995000000000e+00  4.347323446690218e-02  3.253959817141027e+00  1.648716525803965e+00 -3.210486582674125e+00  1.648716443368143e+00  1.163692533911276e-03 
-1.198000000000032e-02  1.644010000000000e+00  1.655990000000000e+00  4.347375901041572e-02  3.253959361459426e+00  1.648716560234921e+00 -3.210485602449011e+00  1.648716477799097e+00  1.163694916658820e-03 
-1.197000000000026e-02  1.644015000000000e+00  1.655985000000000e+00  4.347428638640879e-02  3.253958905307679e+00  1.648716595847044e+00 -3.210484618921271e+00  1.648716513411218e+00  1.163697312116667e-03 
-1.196000000000019e-02  1.644020000000000e+00  1.655980000000000e+00  4.347481090943258e-02  3.253958448686469e+00  1.648716629797951e+00 -3.210483637777036e+00  1.648716547362123e+00  1.163699694046155e-03 
-1.195000000000013e-02  1.644025000000000e+00  1.655975000000000e+00  4.347533738922952e-02  3.253957991553353e+00  1.648716664471291e+00 -3.210482654164124e+00  1.648716582035462e+00  1.163702085297280e-03 
-1.194000000000051e-02  1.644030000000000e+00  1.655970000000000e+00  4.347586539414304e-02  3.253957533942342e+00  1.648716699668243e+00 -3.210481668548199e+00  1.648716617232412e+00  1.163704483267633e-03 
-1.193000000000044e-02  1.644035000000000e+00  1.655965000000000e+00  4.347639584336840e-02  3.253957075874774e+00  1.648716735859071e+00 -3.210480680031405e+00  1.648716653423238e+00  1.163706892827434e-03 
-1.192000000000037e-02  1.644040000000000e+00  1.655960000000000e+00  4.347692246837739e-02  3.253956617325098e+00  1.648716769896738e+00 -3.210479694856720e+00  1.648716687460903e+00  1.163709284446330e-03 
-1.191000000000031e-02  1.644045000000000e+00  1.655955000000000e+00  4.347745287515486e-02  3.253956158266435e+00  1.648716805570795e+00 -3.210478705391280e+00  1.648716723134959e+00  1.163711693896256e-03 
-1.190000000000024e-02  1.644050000000000e+00  1.655950000000000e+00  4.347798293899403e-02  3.253955698722370e+00  1.648716840830682e+00 -3.210477715783376e+00  1.648716758394844e+00  1.163714101427826e-03 
-1.189000000000018e-02  1.644055000000000e+00  1.655945000000000e+00  4.347850706803470e-02  3.253955238745376e+00  1.648716872906705e+00 -3.210476731677342e+00  1.648716790470866e+00  1.163716481253868e-03 
-1.188000000000011e-02  1.644060000000000e+00  1.655940000000000e+00  4.347904081202405e-02  3.253954778210350e+00  1.648716909511187e+00 -3.210475737398326e+00  1.648716827075346e+00  1.163718905954358e-03 
-1.187000000000049e-02  1.644065000000000e+00  1.655935000000000e+00  4.347957580905018e-02  3.253954317171419e+00  1.648716946490235e+00 -3.210474741362369e+00  1.648716864054391e+00  1.163721336532801e-03 
-1.186000000000043e-02  1.644070000000000e+00  1.655930000000000e+00  4.348010451158845e-02  3.253953855708782e+00  1.648716980110185e+00 -3.210473751197193e+00  1.648716897674340e+00  1.163723736716471e-03 
-1.185000000000036e-02  1.644075000000000e+00  1.655925000000000e+00  4.348063591400254e-02  3.253953393715683e+00  1.648717014814843e+00 -3.210472757801680e+00  1.648716932378996e+00  1.163726151085803e-03 
-1.184000000000029e-02  1.644080000000000e+00  1.655920000000000e+00  4.348117048460715e-02  3.253952931227727e+00  1.648717050856167e+00 -3.210471760743120e+00  1.648716968420319e+00  1.163728579746127e-03 
-1.183000000000023e-02  1.644085000000000e+00  1.655915000000000e+00  4.348170390231761e-02  3.253952468255998e+00  1.648717086079158e+00 -3.210470764353680e+00  1.648717003643308e+00  1.163731002579438e-03 
-1.182000000000016e-02  1.644090000000000e+00  1.655910000000000e+00  4.348223604071944e-02  3.253952004816316e+00  1.648717120428518e+00 -3.210469768775597e+00  1.648717037992666e+00  1.163733418520483e-03 
-1.181000000000054e-02  1.644095000000000e+00  1.655905000000000e+00  4.348277098213115e-02  3.253951540833493e+00  1.648717155907812e+00 -3.210468769851362e+00  1.648717073471959e+00  1.163735847743475e-03 
-1.180000000000048e-02  1.644100000000000e+00  1.655900000000000e+00  4.348330560006478e-02  3.253951076365844e+00  1.648717190982954e+00 -3.210467770765779e+00  1.648717108547099e+00  1.163738275974112e-03 
-1.179000000000041e-02  1.644105000000000e+00  1.655895000000000e+00  4.348384057146169e-02  3.253950611407150e+00  1.648717225989306e+00 -3.210466770835689e+00  1.648717143553449e+00  1.163740704961837e-03 
-1.178000000000035e-02  1.644110000000000e+00  1.655890000000000e+00  4.348437809232357e-02  3.253950145919582e+00  1.648717262005953e+00 -3.210465767827259e+00  1.648717179570094e+00  1.163743146891771e-03 
-1.177000000000028e-02  1.644115000000000e+00  1.655885000000000e+00  4.348491196194886e-02  3.253949679959408e+00  1.648717295960679e+00 -3.210464767997459e+00  1.648717213524818e+00  1.163745571174091e-03 
-1.176000000000021e-02  1.644120000000000e+00  1.655880000000000e+00  4.348545088718973e-02  3.253949213475256e+00  1.648717332181223e+00 -3.210463762588066e+00  1.648717249745361e+00  1.163748019132580e-03 
-1.175000000000015e-02  1.644125000000000e+00  1.655875000000000e+00  4.348598834204194e-02  3.253948746488463e+00  1.648717367415253e+00 -3.210462758146421e+00  1.648717284979388e+00  1.163750459914431e-03 
-1.174000000000053e-02  1.644130000000000e+00  1.655870000000000e+00  4.348652582329911e-02  3.253948279020062e+00  1.648717402421681e+00 -3.210461753196763e+00  1.648717319985815e+00  1.163752900842122e-03 
-1.173000000000046e-02  1.644135000000000e+00  1.655865000000000e+00  4.348706465261164e-02  3.253947811009875e+00  1.648717437831243e+00 -3.210460746357263e+00  1.648717355395376e+00  1.163755348497037e-03 
-1.172000000000040e-02  1.644140000000000e+00  1.655860000000000e+00  4.348760385393777e-02  3.253947342496684e+00  1.648717473175311e+00 -3.210459738642747e+00  1.648717390739442e+00  1.163757797390260e-03 
-1.171000000000033e-02  1.644145000000000e+00  1.655855000000000e+00  4.348814291442954e-02  3.253946873489617e+00  1.648717508202023e+00 -3.210458730575187e+00  1.648717425766152e+00  1.163760245236277e-03 
-1.170000000000027e-02  1.644150000000000e+00  1.655850000000000e+00  4.348868184935469e-02  3.253946403965228e+00  1.648717542907292e+00 -3.210457722115874e+00  1.648717460471419e+00  1.163762692763834e-03 
-1.169000000000020e-02  1.644155000000000e+00  1.655845000000000e+00  4.348922387955750e-02  3.253945933899927e+00  1.648717578889743e+00 -3.210456710020370e+00  1.648717496453868e+00  1.163765154716917e-03 
-1.168000000000013e-02  1.644160000000000e+00  1.655840000000000e+00  4.348976501760182e-02  3.253945463367018e+00  1.648717614192310e+00 -3.210455698349416e+00  1.648717531756433e+00  1.163767612697723e-03 
-1.167000000000051e-02  1.644165000000000e+00  1.655835000000000e+00  4.349030587917673e-02  3.253944992291896e+00  1.648717649085537e+00 -3.210454686412719e+00  1.648717566649658e+00  1.163770068291736e-03 
-1.166000000000045e-02  1.644170000000000e+00  1.655830000000000e+00  4.349084977059628e-02  3.253944520688334e+00  1.648717685229465e+00 -3.210453670917737e+00  1.648717602793585e+00  1.163772538473672e-03 
-1.165000000000038e-02  1.644175000000000e+00  1.655825000000000e+00  4.349139494354076e-02  3.253944048542554e+00  1.648717721743047e+00 -3.210452653599013e+00  1.648717639307165e+00  1.163775014576291e-03 
-1.164000000000032e-02  1.644180000000000e+00  1.655820000000000e+00  4.349193900795360e-02  3.253943575917858e+00  1.648717757462906e+00 -3.210451636909905e+00  1.648717675027022e+00  1.163777484765050e-03 
-1.163000000000025e-02  1.644185000000000e+00  1.655815000000000e+00  4.349248187646191e-02  3.253943102755561e+00  1.648717792316012e+00 -3.210450620879099e+00  1.648717709880126e+00  1.163779949978858e-03 
-1.162000000000019e-02  1.644190000000000e+00  1.655810000000000e+00  4.349302750575984e-02  3.253942629058860e+00  1.648717828282310e+00 -3.210449601553100e+00  1.648717745846422e+00  1.163782428071762e-03 
-1.161000000000056e-02  1.644195000000000e+00  1.655805000000000e+00  4.349356968593234e-02  3.253942154867286e+00  1.648717862276609e+00 -3.210448585181354e+00  1.648717779840720e+00  1.163784890030821e-03 
-1.160000000000050e-02  1.644200000000000e+00  1.655800000000000e+00  4.349411828345652e-02  3.253941680127292e+00  1.648717899205374e+00 -3.210447561843835e+00  1.648717816769483e+00  1.163787381809748e-03 
-1.159000000000043e-02  1.644205000000000e+00  1.655795000000000e+00  4.349466445897138e-02  3.253941204853919e+00  1.648717934656445e+00 -3.210446540394948e+00  1.648717852220553e+00  1.163789862723147e-03 
-1.158000000000037e-02  1.644210000000000e+00  1.655790000000000e+00  4.349521103184562e-02  3.253940729063435e+00  1.648717970047640e+00 -3.210445518031590e+00  1.648717887611746e+00  1.163792344334304e-03 
-1.157000000000030e-02  1.644215000000000e+00  1.655785000000000e+00  4.349575966751015e-02  3.253940252723099e+00  1.648718006195304e+00 -3.210444493055588e+00  1.648717923759408e+00  1.163794836269408e-03 
-1.156000000000024e-02  1.644220000000000e+00  1.655780000000000e+00  4.349630689850684e-02  3.253939775858246e+00  1.648718041378377e+00 -3.210443468959740e+00  1.648717958942479e+00  1.163797320688226e-03 
-1.155000000000017e-02  1.644225000000000e+00  1.655775000000000e+00  4.349685757949830e-02  3.253939298474195e+00  1.648718078026847e+00 -3.210442440894697e+00  1.648717995590947e+00  1.163799821971411e-03 
-1.154000000000055e-02  1.644230000000000e+00  1.655770000000000e+00  4.349740642774031e-02  3.253938820541912e+00  1.648718113484826e+00 -3.210441414114171e+00  1.648718031048924e+00  1.163802313987786e-03 
-1.153000000000048e-02  1.644235000000000e+00  1.655765000000000e+00  4.349795663373576e-02  3.253938342059555e+00  1.648718149346645e+00 -3.210440385425819e+00  1.648718066910742e+00  1.163804813240909e-03 
-1.152000000000042e-02  1.644240000000000e+00  1.655760000000000e+00  4.349850475629371e-02  3.253937863085378e+00  1.648718183920836e+00 -3.210439358329085e+00  1.648718101484931e+00  1.163807301875147e-03 
-1.151000000000035e-02  1.644245000000000e+00  1.655755000000000e+00  4.349905673897444e-02  3.253937383538752e+00  1.648718220138863e+00 -3.210438326799778e+00  1.648718137702957e+00  1.163809808637132e-03 
-1.150000000000029e-02  1.644250000000000e+00  1.655750000000000e+00  4.349960900047253e-02  3.253936903421670e+00  1.648718256211071e+00 -3.210437294421198e+00  1.648718173775163e+00  1.163812316048246e-03 
-1.149000000000022e-02  1.644255000000000e+00  1.655745000000000e+00  4.350016180228537e-02  3.253936422797728e+00  1.648718292300007e+00 -3.210436260995443e+00  1.648718209864096e+00  1.163814826974049e-03 
-1.148000000000016e-02  1.644260000000000e+00  1.655740000000000e+00  4.350071264915634e-02  3.253935941633026e+00  1.648718327141091e+00 -3.210435228983870e+00  1.648718244705179e+00  1.163817328032519e-03 
-1.147000000000054e-02  1.644265000000000e+00  1.655735000000000e+00  4.350126753537491e-02  3.253935459907953e+00  1.648718363721664e+00 -3.210434192372578e+00  1.648718281285750e+00  1.163819847821193e-03 
-1.146000000000047e-02  1.644270000000000e+00  1.655730000000000e+00  4.350182218320801e-02  3.253934977628868e+00  1.648718399906038e+00 -3.210433155445660e+00  1.648718317470122e+00  1.163822366885505e-03 
-1.145000000000040e-02  1.644275000000000e+00  1.655725000000000e+00  4.350237640672145e-02  3.253934494799684e+00  1.648718435603203e+00 -3.210432118392962e+00  1.648718353167285e+00  1.163824883176531e-03 
-1.144000000000034e-02  1.644280000000000e+00  1.655720000000000e+00  4.350293016688692e-02  3.253934011441510e+00  1.648718470804198e+00 -3.210431081274623e+00  1.648718388368279e+00  1.163827397620210e-03 
-1.143000000000027e-02  1.644285000000000e+00  1.655715000000000e+00  4.350348601975611e-02  3.253933527511872e+00  1.648718506765814e+00 -3.210430041492116e+00  1.648718424329893e+00  1.163829921830904e-03 
-1.142000000000021e-02  1.644290000000000e+00  1.655710000000000e+00  4.350404554152378e-02  3.253933043022984e+00  1.648718544282254e+00 -3.210428997481460e+00  1.648718461846331e+00  1.163832463268222e-03 
-1.141000000000014e-02  1.644295000000000e+00  1.655705000000000e+00  4.350459976905263e-02  3.253932557995154e+00  1.648718578882103e+00 -3.210427958226102e+00  1.648718496446179e+00  1.163834979422444e-03 
-1.140000000000052e-02  1.644300000000000e+00  1.655700000000000e+00  4.350515887290127e-02  3.253932072408704e+00  1.648718615640802e+00 -3.210426913535803e+00  1.648718533204876e+00  1.163837518822793e-03 
-1.139000000000046e-02  1.644305000000000e+00  1.655695000000000e+00  4.350571577948659e-02  3.253931586269426e+00  1.648718651024456e+00 -3.210425870489939e+00  1.648718568588528e+00  1.163840047016468e-03 
-1.138000000000039e-02  1.644310000000000e+00  1.655690000000000e+00  4.350627678674798e-02  3.253931099540915e+00  1.648718688163831e+00 -3.210424822754167e+00  1.648718605727901e+00  1.163842594884246e-03 
-1.137000000000032e-02  1.644315000000000e+00  1.655685000000000e+00  4.350683532353906e-02  3.253930612277550e+00  1.648718723800545e+00 -3.210423776954011e+00  1.648718641364613e+00  1.163845131560252e-03 
-1.136000000000026e-02  1.644320000000000e+00  1.655680000000000e+00  4.350739499077707e-02  3.253930124430592e+00  1.648718759710685e+00 -3.210422729439816e+00  1.648718677274751e+00  1.163847672543595e-03 
-1.135000000000019e-02  1.644325000000000e+00  1.655675000000000e+00  4.350795490773868e-02  3.253929636058432e+00  1.648718795483085e+00 -3.210421681150693e+00  1.648718713047149e+00  1.163850214499378e-03 
-1.134000000000057e-02  1.644330000000000e+00  1.655670000000000e+00  4.350851859515438e-02  3.253929147052741e+00  1.648718832823948e+00 -3.210420628457587e+00  1.648718750388010e+00  1.163852774117501e-03 
-1.133000000000051e-02  1.644335000000000e+00  1.655665000000000e+00  4.350907918342715e-02  3.253928657536514e+00  1.648718868359971e+00 -3.210419578353087e+00  1.648718785924031e+00  1.163855319476154e-03 
-1.132000000000044e-02  1.644340000000000e+00  1.655660000000000e+00  4.350964177968814e-02  3.253928167426233e+00  1.648718904602961e+00 -3.210418525646545e+00  1.648718822167020e+00  1.163857874126633e-03 
-1.131000000000038e-02  1.644345000000000e+00  1.655655000000000e+00  4.351020508879253e-02  3.253927676742377e+00  1.648718940915585e+00 -3.210417471653584e+00  1.648718858479642e+00  1.163860432747948e-03 
-1.130000000000031e-02  1.644350000000000e+00  1.655650000000000e+00  4.351077016103779e-02  3.253927185477609e+00  1.648718977819324e+00 -3.210416415316571e+00  1.648718895383379e+00  1.163862998077836e-03 
-1.129000000000024e-02  1.644355000000000e+00  1.655645000000000e+00  4.351133444976883e-02  3.253926693643515e+00  1.648719014046642e+00 -3.210415359193746e+00  1.648718931610695e+00  1.163865560511471e-03 
-1.128000000000018e-02  1.644360000000000e+00  1.655640000000000e+00  4.351189852585832e-02  3.253926201242445e+00  1.648719049884152e+00 -3.210414302716587e+00  1.648718967448203e+00  1.163868121541827e-03 
-1.127000000000056e-02  1.644365000000000e+00  1.655635000000000e+00  4.351246498240705e-02  3.253925708270408e+00  1.648719086626407e+00 -3.210413243288001e+00  1.648719004190457e+00  1.163870693680944e-03 
-1.126000000000049e-02  1.644370000000000e+00  1.655630000000000e+00  4.351303140805335e-02  3.253925214706964e+00  1.648719123057509e+00 -3.210412183298911e+00  1.648719040621557e+00  1.163873266141392e-03 
-1.125000000000043e-02  1.644375000000000e+00  1.655625000000000e+00  4.351359697555631e-02  3.253924720577166e+00  1.648719158776361e+00 -3.210411123601610e+00  1.648719076340407e+00  1.163875833649136e-03 
-1.124000000000036e-02  1.644380000000000e+00  1.655620000000000e+00  4.351416611432481e-02  3.253924225792622e+00  1.648719195953473e+00 -3.210410059678297e+00  1.648719113517518e+00  1.163878418246441e-03 
-1.123000000000030e-02  1.644385000000000e+00  1.655615000000000e+00  4.351473182378798e-02  3.253923730530214e+00  1.648719231177001e+00 -3.210408998706427e+00  1.648719148741044e+00  1.163880986610230e-03 
-1.122000000000023e-02  1.644390000000000e+00  1.655610000000000e+00  4.351530119397021e-02  3.253923234597375e+00  1.648719267895673e+00 -3.210407933403405e+00  1.648719185459713e+00  1.163883571042159e-03 
-1.121000000000016e-02  1.644395000000000e+00  1.655605000000000e+00  4.351587226766292e-02  3.253922738110611e+00  1.648719305189137e+00 -3.210406865842948e+00  1.648719222753176e+00  1.163886164352179e-03 
-1.120000000000054e-02  1.644400000000000e+00  1.655600000000000e+00  4.351644205512157e-02  3.253922241021105e+00  1.648719341538113e+00 -3.210405798965983e+00  1.648719259102150e+00  1.163888751881775e-03 
-1.119000000000048e-02  1.644405000000000e+00  1.655595000000000e+00  4.351701214279935e-02  3.253921743361338e+00  1.648719377752069e+00 -3.210404731218539e+00  1.648719295316104e+00  1.163891340216284e-03 
-1.118000000000041e-02  1.644410000000000e+00  1.655590000000000e+00  4.351758564349385e-02  3.253921245069209e+00  1.648719415356351e+00 -3.210403659425715e+00  1.648719332920385e+00  1.163893943867800e-03 
-1.117000000000035e-02  1.644415000000000e+00  1.655585000000000e+00  4.351815645287444e-02  3.253920746222712e+00  1.648719451337793e+00 -3.210402589769837e+00  1.648719368901825e+00  1.163896535491971e-03 
-1.116000000000028e-02  1.644420000000000e+00  1.655580000000000e+00  4.351873028650406e-02  3.253920246755709e+00  1.648719488521107e+00 -3.210401516469205e+00  1.648719406085136e+00  1.163899140896415e-03 
-1.115000000000022e-02  1.644425000000000e+00  1.655575000000000e+00  4.351930314620758e-02  3.253919746687124e+00  1.648719524916666e+00 -3.210400443540916e+00  1.648719442480694e+00  1.163901742108308e-03 
-1.114000000000015e-02  1.644430000000000e+00  1.655570000000000e+00  4.351987664213836e-02  3.253919246040557e+00  1.648719561341347e+00 -3.210399369398418e+00  1.648719478905374e+00  1.163904345891574e-03 
-1.113000000000053e-02  1.644435000000000e+00  1.655565000000000e+00  4.352044939333912e-02  3.253918744786843e+00  1.648719597090091e+00 -3.210398295393504e+00  1.648719514654116e+00  1.163906945521588e-03 
-1.112000000000046e-02  1.644440000000000e+00  1.655560000000000e+00  4.352102505687977e-02  3.253918242909420e+00  1.648719633983150e+00 -3.210397217852540e+00  1.648719551547172e+00  1.163909559760130e-03 
-1.111000000000040e-02  1.644445000000000e+00  1.655555000000000e+00  4.352160544230557e-02  3.253917740399840e+00  1.648719672921073e+00 -3.210396134957534e+00  1.648719590485093e+00  1.163912195090090e-03 
-1.110000000000033e-02  1.644450000000000e+00  1.655550000000000e+00  4.352217859596818e-02  3.253917237315870e+00  1.648719707955919e+00 -3.210395058719902e+00  1.648719625519938e+00  1.163914797304928e-03 
-1.109000000000027e-02  1.644455000000000e+00  1.655545000000000e+00  4.352275496739916e-02  3.253916733665404e+00  1.648719744316401e+00 -3.210393978698005e+00  1.648719661880419e+00  1.163917413336071e-03 
-1.108000000000020e-02  1.644460000000000e+00  1.655540000000000e+00  4.352333416898851e-02  3.253916229336207e+00  1.648719781752598e+00 -3.210392895167219e+00  1.648719699316613e+00  1.163920043955094e-03 
-1.107000000000058e-02  1.644465000000000e+00  1.655535000000000e+00  4.352391223816041e-02  3.253915724417579e+00  1.648719818327870e+00 -3.210391812179419e+00  1.648719735891883e+00  1.163922668618727e-03 
-1.106000000000051e-02  1.644470000000000e+00  1.655530000000000e+00  4.352449438640905e-02  3.253915218864947e+00  1.648719856625678e+00 -3.210390724478538e+00  1.648719774189689e+00  1.163925311441107e-03 
-1.105000000000045e-02  1.644475000000000e+00  1.655525000000000e+00  4.352506906223848e-02  3.253914712756010e+00  1.648719890909124e+00 -3.210389643693772e+00  1.648719808473134e+00  1.163927919720683e-03 
-1.104000000000038e-02  1.644480000000000e+00  1.655520000000000e+00  4.352565090859898e-02  3.253914205970078e+00  1.648719928439338e+00 -3.210388555061479e+00  1.648719846003346e+00  1.163930561824705e-03 
-1.103000000000032e-02  1.644485000000000e+00  1.655515000000000e+00  4.352623317777986e-02  3.253913698552371e+00  1.648719965865076e+00 -3.210387465374592e+00  1.648719883429081e+00  1.163933204915051e-03 
-1.102000000000025e-02  1.644490000000000e+00  1.655510000000000e+00  4.352681446087827e-02  3.253913190554027e+00  1.648720002507452e+00 -3.210386376093148e+00  1.648719920071457e+00  1.163935844631377e-03 
-1.101000000000019e-02  1.644495000000000e+00  1.655505000000000e+00  4.352739655058920e-02  3.253912681928795e+00  1.648720039239692e+00 -3.210385285378206e+00  1.648719956803694e+00  1.163938486529721e-03 
-1.100000000000056e-02  1.644500000000000e+00  1.655500000000000e+00  4.352798282828355e-02  3.253912172625267e+00  1.648720077726775e+00 -3.210384189796983e+00  1.648719995290775e+00  1.163941148415203e-03 
-1.099000000000050e-02  1.644505000000000e+00  1.655495000000000e+00  4.352856419036794e-02  3.253911662749522e+00  1.648720113469945e+00 -3.210383098559154e+00  1.648720031033944e+00  1.163943787718913e-03 
-1.098000000000043e-02  1.644510000000000e+00  1.655490000000000e+00  4.352915121481458e-02  3.253911152206071e+00  1.648720151710443e+00 -3.210382000991256e+00  1.648720069274439e+00  1.163946453227051e-03 
-1.097000000000037e-02  1.644515000000000e+00  1.655485000000000e+00  4.352973681385074e-02  3.253910641051160e+00  1.648720188932505e+00 -3.210380904237309e+00  1.648720106496500e+00  1.163949111997999e-03 
-1.096000000000030e-02  1.644520000000000e+00  1.655480000000000e+00  4.353032224933984e-02  3.253910129262461e+00  1.648720225755900e+00 -3.210379807013121e+00  1.648720143319893e+00  1.163951769414214e-03 
-1.095000000000024e-02  1.644525000000000e+00  1.655475000000000e+00  4.353090941762432e-02  3.253909616808745e+00  1.648720263113185e+00 -3.210378707391120e+00  1.648720180677175e+00  1.163954435055796e-03 
-1.094000000000017e-02  1.644530000000000e+00  1.655470000000000e+00  4.353149480225807e-02  3.253909103775318e+00  1.648720299288788e+00 -3.210377608973060e+00  1.648720216852777e+00  1.163957093321334e-03 
-1.093000000000055e-02  1.644535000000000e+00  1.655465000000000e+00  4.353208269284396e-02  3.253908590059756e+00  1.648720336376300e+00 -3.210376507366912e+00  1.648720253940287e+00  1.163959761570814e-03 
-1.092000000000048e-02  1.644540000000000e+00  1.655460000000000e+00  4.353267666042507e-02  3.253908075661450e+00  1.648720376160937e+00 -3.210375399001025e+00  1.648720293724923e+00  1.163962458666686e-03 
-1.091000000000042e-02  1.644545000000000e+00  1.655455000000000e+00  4.353326139362308e-02  3.253907560705052e+00  1.648720411049337e+00 -3.210374299311428e+00  1.648720328613321e+00  1.163965113251080e-03 
-1.090000000000035e-02  1.644550000000000e+00  1.655450000000000e+00  4.353385155505416e-02  3.253907045065986e+00  1.648720448310520e+00 -3.210373193510932e+00  1.648720365874502e+00  1.163967791740792e-03 
-1.089000000000029e-02  1.644555000000000e+00  1.655445000000000e+00  4.353444503354980e-02  3.253906528767423e+00  1.648720486900487e+00 -3.210372083733874e+00  1.648720404464467e+00  1.163970487063248e-03 
-1.088000000000022e-02  1.644560000000000e+00  1.655440000000000e+00  4.353503419040412e-02  3.253906011834329e+00  1.648720523012367e+00 -3.210370977643925e+00  1.648720440576345e+00  1.163973161440447e-03 
-1.087000000000016e-02  1.644565000000000e+00  1.655435000000000e+00  4.353562672764031e-02  3.253905494247793e+00  1.648720560487716e+00 -3.210369867520152e+00  1.648720478051692e+00  1.163975851193564e-03 
-1.086000000000054e-02  1.644570000000000e+00  1.655430000000000e+00  4.353622230197270e-02  3.253904975965758e+00  1.648720599133866e+00 -3.210368753663785e+00  1.648720516697840e+00  1.163978555078607e-03 
-1.085000000000047e-02  1.644575000000000e+00  1.655425000000000e+00  4.353681241349366e-02  3.253904457094996e+00  1.648720634754245e+00 -3.210367644681502e+00  1.648720552318217e+00  1.163981233811810e-03 
-1.084000000000040e-02  1.644580000000000e+00  1.655420000000000e+00  4.353740750565366e-02  3.253903937535201e+00  1.648720672520428e+00 -3.210366530029547e+00  1.648720590084398e+00  1.163983935023206e-03 
-1.083000000000034e-02  1.644585000000000e+00  1.655415000000000e+00  4.353800307534528e-02  3.253903417319907e+00  1.648720710197626e+00 -3.210365414244562e+00  1.648720627761595e+00  1.163986639092301e-03 
-1.082000000000027e-02  1.644590000000000e+00  1.655410000000000e+00  4.353860156382072e-02  3.253902896401435e+00  1.648720748982628e+00 -3.210364294837615e+00  1.648720666546595e+00  1.163989356738634e-03 
-1.081000000000021e-02  1.644595000000000e+00  1.655405000000000e+00  4.353919528229392e-02  3.253902374885958e+00  1.648720785084126e+00 -3.210363179603664e+00  1.648720702648091e+00  1.163992050626248e-03 
-1.080000000000059e-02  1.644600000000000e+00  1.655400000000000e+00  4.353979406443717e-02  3.253901852644919e+00  1.648720823354678e+00 -3.210362058580481e+00  1.648720740918641e+00  1.163994769174873e-03 
-1.079000000000052e-02  1.644605000000000e+00  1.655395000000000e+00  4.354039120177111e-02  3.253901329767105e+00  1.648720860484438e+00 -3.210360938565334e+00  1.648720778048399e+00  1.163997479800442e-03 
-1.078000000000046e-02  1.644610000000000e+00  1.655390000000000e+00  4.354098952453435e-02  3.253900806218432e+00  1.648720897871483e+00 -3.210359816693898e+00  1.648720815435442e+00  1.164000195857605e-03 
-1.077000000000039e-02  1.644615000000000e+00  1.655385000000000e+00  4.354159009373700e-02  3.253900282004125e+00  1.648720936048931e+00 -3.210358691910388e+00  1.648720853612888e+00  1.164002921855172e-03 
-1.076000000000032e-02  1.644620000000000e+00  1.655380000000000e+00  4.354219021027839e-02  3.253899757090349e+00  1.648720973650314e+00 -3.210357566880070e+00  1.648720891214269e+00  1.164005645551765e-03 
-1.075000000000026e-02  1.644625000000000e+00  1.655375000000000e+00  4.354279209959411e-02  3.253899231496887e+00  1.648721011798241e+00 -3.210356439397293e+00  1.648720929362194e+00  1.164008378330893e-03 
-1.074000000000019e-02  1.644630000000000e+00  1.655370000000000e+00  4.354339150627720e-02  3.253898705228447e+00  1.648721048367362e+00 -3.210355313722169e+00  1.648720965931314e+00  1.164011099150320e-03 
-1.073000000000057e-02  1.644635000000000e+00  1.655365000000000e+00  4.354399397823169e-02  3.253898178322666e+00  1.648721086150449e+00 -3.210354184344435e+00  1.648721003714399e+00  1.164013834881680e-03 
-1.072000000000051e-02  1.644640000000000e+00  1.655360000000000e+00  4.354459807156057e-02  3.253897650678356e+00  1.648721124374958e+00 -3.210353052606795e+00  1.648721041938906e+00  1.164016577320882e-03 
-1.071000000000044e-02  1.644645000000000e+00  1.655355000000000e+00  4.354520118155394e-02  3.253897122369791e+00  1.648721161775673e+00 -3.210351921188237e+00  1.648721079339619e+00  1.164019313980166e-03 
-1.070000000000038e-02  1.644650000000000e+00  1.655350000000000e+00  4.354580747401173e-02  3.253896593347831e+00  1.648721200410921e+00 -3.210350785873819e+00  1.648721117974865e+00  1.164022066676902e-03 
-1.069000000000031e-02  1.644655000000000e+00  1.655345000000000e+00  4.354641348411406e-02  3.253896063683529e+00  1.648721238583821e+00 -3.210349650199415e+00  1.648721156147764e+00  1.164024817313988e-03 
-1.068000000000024e-02  1.644660000000000e+00  1.655340000000000e+00  4.354701771340690e-02  3.253895533309528e+00  1.648721275511467e+00 -3.210348515596121e+00  1.648721193075408e+00  1.164027560171823e-03 
-1.067000000000018e-02  1.644665000000000e+00  1.655335000000000e+00  4.354762709942701e-02  3.253895002222926e+00  1.648721314661177e+00 -3.210347375123499e+00  1.648721232225115e+00  1.164030326076006e-03 
-1.066000000000056e-02  1.644670000000000e+00  1.655330000000000e+00  4.354823460427427e-02  3.253894470434333e+00  1.648721352519304e+00 -3.210346235830059e+00  1.648721270083240e+00  1.164033084044254e-03 
-1.065000000000049e-02  1.644675000000000e+00  1.655325000000000e+00  4.354884161247514e-02  3.253893937972371e+00  1.648721389792423e+00 -3.210345096359896e+00  1.648721307356358e+00  1.164035838652545e-03 
-1.064000000000043e-02  1.644680000000000e+00  1.655320000000000e+00  4.354945187177797e-02  3.253893404792610e+00  1.648721428332194e+00 -3.210343952920832e+00  1.648721345896127e+00  1.164038609333641e-03 
-1.063000000000036e-02  1.644685000000000e+00  1.655315000000000e+00  4.355006279319686e-02  3.253892870913601e+00  1.648721466853399e+00 -3.210342808120404e+00  1.648721384417330e+00  1.164041382045464e-03 
-1.062000000000030e-02  1.644690000000000e+00  1.655310000000000e+00  4.355067173469280e-02  3.253892336350459e+00  1.648721504042576e+00 -3.210341664615766e+00  1.648721421606505e+00  1.164044146725992e-03 
-1.061000000000023e-02  1.644695000000000e+00  1.655305000000000e+00  4.355128230576399e-02  3.253891801077315e+00  1.648721541691540e+00 -3.210340518771551e+00  1.648721459255467e+00  1.164046917710167e-03 
-1.060000000000016e-02  1.644700000000000e+00  1.655300000000000e+00  4.355189507670608e-02  3.253891265059331e+00  1.648721580068018e+00 -3.210339369982625e+00  1.648721497631944e+00  1.164049699079120e-03 
-1.059000000000054e-02  1.644705000000000e+00  1.655295000000000e+00  4.355250894048648e-02  3.253890728336754e+00  1.648721618638620e+00 -3.210338219396268e+00  1.648721536202544e+00  1.164052485347540e-03 
-1.058000000000048e-02  1.644710000000000e+00  1.655290000000000e+00  4.355312512165538e-02  3.253890190869913e+00  1.648721657995784e+00 -3.210337065748258e+00  1.648721575559705e+00  1.164055282978029e-03 
-1.057000000000041e-02  1.644715000000000e+00  1.655285000000000e+00  4.355373694285002e-02  3.253889652753708e+00  1.648721694848279e+00 -3.210335915810858e+00  1.648721612412199e+00  1.164058059528847e-03 
-1.056000000000035e-02  1.644720000000000e+00  1.655280000000000e+00  4.355435086916798e-02  3.253889113914525e+00  1.648721732391846e+00 -3.210334763045357e+00  1.648721649955764e+00  1.164060846088923e-03 
-1.055000000000028e-02  1.644725000000000e+00  1.655275000000000e+00  4.355496719103497e-02  3.253888574308539e+00  1.648721770749787e+00 -3.210333607117504e+00  1.648721688313703e+00  1.164063643009173e-03 
-1.054000000000022e-02  1.644730000000000e+00  1.655270000000000e+00  4.355558604493652e-02  3.253888033984837e+00  1.648721810014887e+00 -3.210332447939900e+00  1.648721727578800e+00  1.164066452445775e-03 
-1.053000000000059e-02  1.644735000000000e+00  1.655265000000000e+00  4.355620387372361e-02  3.253887492928163e+00  1.648721848400943e+00 -3.210331289054440e+00  1.648721765964855e+00  1.164069256762185e-03 
-1.052000000000053e-02  1.644740000000000e+00  1.655260000000000e+00  4.355682215424203e-02  3.253886951182731e+00  1.648721886668487e+00 -3.210330129028489e+00  1.648721804232396e+00  1.164072064063115e-03 
-1.051000000000046e-02  1.644745000000000e+00  1.655255000000000e+00  4.355744174562714e-02  3.253886408680768e+00  1.648721925213197e+00 -3.210328966935141e+00  1.648721842777106e+00  1.164074875761949e-03 
-1.050000000000040e-02  1.644750000000000e+00  1.655250000000000e+00  4.355806096136026e-02  3.253885865457648e+00  1.648721963209504e+00 -3.210327804496287e+00  1.648721880773410e+00  1.164077686359408e-03 
-1.049000000000033e-02  1.644755000000000e+00  1.655245000000000e+00  4.355868128134333e-02  3.253885321483228e+00  1.648722001382286e+00 -3.210326640201885e+00  1.648721918946190e+00  1.164080501435220e-03 
-1.048000000000027e-02  1.644760000000000e+00  1.655240000000000e+00  4.355930298373969e-02  3.253884776787239e+00  1.648722039885489e+00 -3.210325473803500e+00  1.648721957449392e+00  1.164083322919206e-03 
-1.047000000000020e-02  1.644765000000000e+00  1.655235000000000e+00  4.355992547625998e-02  3.253884231336544e+00  1.648722078406402e+00 -3.210324305860284e+00  1.648721995970302e+00  1.164086148003132e-03 
-1.046000000000058e-02  1.644770000000000e+00  1.655230000000000e+00  4.356054972786665e-02  3.253883685131301e+00  1.648722117429584e+00 -3.210323135403434e+00  1.648722034993482e+00  1.164088981948082e-03 
-1.045000000000051e-02  1.644775000000000e+00  1.655225000000000e+00  4.356117629394005e-02  3.253883138159056e+00  1.648722157226498e+00 -3.210321961865116e+00  1.648722074790394e+00  1.164091825601008e-03 
-1.044000000000045e-02  1.644780000000000e+00  1.655220000000000e+00  4.356179773689633e-02  3.253882590499610e+00  1.648722194118253e+00 -3.210320792762714e+00  1.648722111682148e+00  1.164094646581740e-03 
-1.043000000000038e-02  1.644785000000000e+00  1.655215000000000e+00  4.356242456942817e-02  3.253882042043062e+00  1.648722233306245e+00 -3.210319617473634e+00  1.648722150870138e+00  1.164097491146218e-03 
-1.042000000000032e-02  1.644790000000000e+00  1.655210000000000e+00  4.356305097906610e-02  3.253881492857385e+00  1.648722271918226e+00 -3.210318441878319e+00  1.648722189482116e+00  1.164100335110657e-03 
-1.041000000000025e-02  1.644795000000000e+00  1.655205000000000e+00  4.356367685683214e-02  3.253880942915804e+00  1.648722309886318e+00 -3.210317266058972e+00  1.648722227450206e+00  1.164103174852317e-03 
-1.040000000000019e-02  1.644800000000000e+00  1.655200000000000e+00  4.356430638543571e-02  3.253880392206027e+00  1.648722349295731e+00 -3.210316085820591e+00  1.648722266859618e+00  1.164106031849568e-03 
-1.039000000000057e-02  1.644805000000000e+00  1.655195000000000e+00  4.356493510191783e-02  3.253879840717126e+00  1.648722387909522e+00 -3.210314905615208e+00  1.648722305473407e+00  1.164108885741355e-03 
-1.038000000000050e-02  1.644810000000000e+00  1.655190000000000e+00  4.356556633056547e-02  3.253879288478070e+00  1.648722427404318e+00 -3.210313722147504e+00  1.648722344968200e+00  1.164111750535350e-03 
-1.037000000000043e-02  1.644815000000000e+00  1.655185000000000e+00  4.356619579853988e-02  3.253878735482426e+00  1.648722465640483e+00 -3.210312539683887e+00  1.648722383204364e+00  1.164114607826140e-03 
-1.036000000000037e-02  1.644820000000000e+00  1.655180000000000e+00  4.356682810708902e-02  3.253878181711186e+00  1.648722504909138e+00 -3.210311353604097e+00  1.648722422473017e+00  1.164117477631511e-03 
-1.035000000000030e-02  1.644825000000000e+00  1.655175000000000e+00  4.356745981824522e-02  3.253877627194929e+00  1.648722543506587e+00 -3.210310167376683e+00  1.648722461070464e+00  1.164120344123088e-03 
-1.034000000000024e-02  1.644830000000000e+00  1.655170000000000e+00  4.356809161787475e-02  3.253877071862929e+00  1.648722581740402e+00 -3.210308980245054e+00  1.648722499304277e+00  1.164123211651618e-03 
-1.033000000000017e-02  1.644835000000000e+00  1.655165000000000e+00  4.356872573542780e-02  3.253876515778382e+00  1.648722620756905e+00 -3.210307790042954e+00  1.648722538320778e+00  1.164126089696294e-03 
-1.032000000000055e-02  1.644840000000000e+00  1.655160000000000e+00  4.356936145113111e-02  3.253875958880613e+00  1.648722660165872e+00 -3.210306597429482e+00  1.648722577729743e+00  1.164128974271285e-03 
-1.031000000000049e-02  1.644845000000000e+00  1.655155000000000e+00  4.356999718728431e-02  3.253875401227651e+00  1.648722699207468e+00 -3.210305404040367e+00  1.648722616771337e+00  1.164131859469931e-03 
-1.030000000000042e-02  1.644850000000000e+00  1.655150000000000e+00  4.357063397077000e-02  3.253874842778075e+00  1.648722738374423e+00 -3.210304208807305e+00  1.648722655938290e+00  1.164134750344944e-03 
-1.029000000000035e-02  1.644855000000000e+00  1.655145000000000e+00  4.357127115817542e-02  3.253874283537020e+00  1.648722777347598e+00 -3.210303012378844e+00  1.648722694911463e+00  1.164137642150804e-03 
-1.028000000000029e-02  1.644860000000000e+00  1.655140000000000e+00  4.357190935079473e-02  3.253873723523939e+00  1.648722816437367e+00 -3.210301814173145e+00  1.648722734001230e+00  1.164140537984237e-03 
-1.027000000000022e-02  1.644865000000000e+00  1.655135000000000e+00  4.357254921967142e-02  3.253873162736017e+00  1.648722855977844e+00 -3.210300613516345e+00  1.648722773541705e+00  1.164143442218186e-03 
-1.026000000000060e-02  1.644870000000000e+00  1.655130000000000e+00  4.357318803584949e-02  3.253872601134794e+00  1.648722894585322e+00 -3.210299413098945e+00  1.648722812149181e+00  1.164146340712163e-03 
-1.025000000000054e-02  1.644875000000000e+00  1.655125000000000e+00  4.357383163282933e-02  3.253872038703055e+00  1.648722935167942e+00 -3.210298207070226e+00  1.648722852731800e+00  1.164149262292688e-03 
-1.024000000000047e-02  1.644880000000000e+00  1.655120000000000e+00  4.357447027599747e-02  3.253871475515632e+00  1.648722972895815e+00 -3.210297005239635e+00  1.648722890459670e+00  1.164152159615902e-03 
-1.023000000000041e-02  1.644885000000000e+00  1.655115000000000e+00  4.357511409515080e-02  3.253870911477705e+00  1.648723012786428e+00 -3.210295797382554e+00  1.648722930350282e+00  1.164155082496736e-03 
-1.022000000000034e-02  1.644890000000000e+00  1.655110000000000e+00  4.357575690277615e-02  3.253870346667841e+00  1.648723051785309e+00 -3.210294589765065e+00  1.648722969349160e+00  1.164157999466118e-03 
-1.021000000000027e-02  1.644895000000000e+00  1.655105000000000e+00  4.357640240142879e-02  3.253869781062404e+00  1.648723091731916e+00 -3.210293378660975e+00  1.648723009295766e+00  1.164160928693620e-03 
-1.020000000000021e-02  1.644900000000000e+00  1.655100000000000e+00  4.357704864796685e-02  3.253869214608800e+00  1.648723131628383e+00 -3.210292165960833e+00  1.648723049192231e+00  1.164163861478517e-03 
-1.019000000000059e-02  1.644905000000000e+00  1.655095000000000e+00  4.357769316973120e-02  3.253868647361077e+00  1.648723170265404e+00 -3.210290954191346e+00  1.648723087829250e+00  1.164166785801960e-03 
-1.018000000000052e-02  1.644910000000000e+00  1.655090000000000e+00  4.357833728687339e-02  3.253868079278548e+00  1.648723208282711e+00 -3.210289741991675e+00  1.648723125846554e+00  1.164169708577357e-03 
-1.017000000000046e-02  1.644915000000000e+00  1.655085000000000e+00  4.357898746354529e-02  3.253867510391231e+00  1.648723248927388e+00 -3.210288522927685e+00  1.648723166491230e+00  1.164172659257741e-03 
-1.016000000000039e-02  1.644920000000000e+00  1.655080000000000e+00  4.357963766711623e-02  3.253866940641303e+00  1.648723289154210e+00 -3.210287302974187e+00  1.648723206718049e+00  1.164175610959377e-03 
-1.015000000000033e-02  1.644925000000000e+00  1.655075000000000e+00  4.358028823162848e-02  3.253866370089116e+00  1.648723329160372e+00 -3.210286081857488e+00  1.648723246724210e+00  1.164178562946993e-03 
-1.014000000000026e-02  1.644930000000000e+00  1.655070000000000e+00  4.358093476880894e-02  3.253865798740982e+00  1.648723366754896e+00 -3.210284863972173e+00  1.648723284318732e+00  1.164181496536217e-03 
-1.013000000000019e-02  1.644935000000000e+00  1.655065000000000e+00  4.358158712333524e-02  3.253865226527907e+00  1.648723406825621e+00 -3.210283639404572e+00  1.648723324389455e+00  1.164184457029651e-03 
-1.012000000000057e-02  1.644940000000000e+00  1.655060000000000e+00  4.358224197249157e-02  3.253864653469943e+00  1.648723447721217e+00 -3.210282411497451e+00  1.648723365285049e+00  1.164187429518100e-03 
-1.011000000000051e-02  1.644945000000000e+00  1.655055000000000e+00  4.358289566689953e-02  3.253864079586972e+00  1.648723487626936e+00 -3.210281183920073e+00  1.648723405190766e+00  1.164190395798232e-03 
-1.010000000000044e-02  1.644950000000000e+00  1.655050000000000e+00  4.358354963881520e-02  3.253863504876768e+00  1.648723527257792e+00 -3.210279955237953e+00  1.648723444821620e+00  1.164193362987874e-03 
-1.009000000000038e-02  1.644955000000000e+00  1.655045000000000e+00  4.358420308317518e-02  3.253862929295461e+00  1.648723566189318e+00 -3.210278726212286e+00  1.648723483753144e+00  1.164196327145005e-03 
-1.008000000000031e-02  1.644960000000000e+00  1.655040000000000e+00  4.358485912919480e-02  3.253862352897319e+00  1.648723606013257e+00 -3.210277493768124e+00  1.648723523577081e+00  1.164199304836533e-03 
-1.007000000000025e-02  1.644965000000000e+00  1.655035000000000e+00  4.358551650551953e-02  3.253861775633830e+00  1.648723646069675e+00 -3.210276259128310e+00  1.648723563633496e+00  1.164202288428188e-03 
-1.006000000000062e-02  1.644970000000000e+00  1.655030000000000e+00  4.358617526958145e-02  3.253861197496690e+00  1.648723686383136e+00 -3.210275022227109e+00  1.648723603946956e+00  1.164205277755778e-03 
-1.005000000000056e-02  1.644975000000000e+00  1.655025000000000e+00  4.358683115099062e-02  3.253860618537424e+00  1.648723724844207e+00 -3.210273787386434e+00  1.648723642408025e+00  1.164208253757140e-03 
-1.004000000000049e-02  1.644980000000000e+00  1.655020000000000e+00  4.358749243025071e-02  3.253860038695838e+00  1.648723765563044e+00 -3.210272546265587e+00  1.648723683126860e+00  1.164211254188959e-03 
-1.003000000000043e-02  1.644985000000000e+00  1.655015000000000e+00  4.358815289264514e-02  3.253859458015917e+00  1.648723805454281e+00 -3.210271305123273e+00  1.648723723018095e+00  1.164214250749535e-03 
-1.002000000000036e-02  1.644990000000000e+00  1.655010000000000e+00  4.358881608519829e-02  3.253858876411021e+00  1.648723846248110e+00 -3.210270060325823e+00  1.648723763811922e+00  1.164217261297935e-03 
-1.001000000000030e-02  1.644995000000000e+00  1.655005000000000e+00  4.358947842657011e-02  3.253858293999402e+00  1.648723886212986e+00 -3.210268815572832e+00  1.648723803776796e+00  1.164220266806917e-03 
-1.000000000000023e-02  1.645000000000000e+00  1.655000000000000e+00  4.359014226358063e-02  3.253857710689780e+00  1.648723926476680e+00 -3.210267568426199e+00  1.648723844040488e+00  1.164223278870814e-03 
-9.990000000000610e-03  1.645005000000000e+00  1.654995000000000e+00  4.359080634424903e-02  3.253857126502964e+00  1.648723966423607e+00 -3.210266320158715e+00  1.648723883987412e+00  1.164226291681783e-03 
-9.980000000000544e-03  1.645010000000000e+00  1.654990000000000e+00  4.359146937174747e-02  3.253856541466649e+00  1.648724005419198e+00 -3.210265072094901e+00  1.648723922983002e+00  1.164229300008575e-03 
-9.970000000000478e-03  1.645015000000000e+00  1.654985000000000e+00  4.359213875393282e-02  3.253855955501955e+00  1.648724047127944e+00 -3.210263816748022e+00  1.648723964691746e+00  1.164232338206950e-03 
-9.960000000000413e-03  1.645020000000000e+00  1.654980000000000e+00  4.359280399794587e-02  3.253855368681311e+00  1.648724086339628e+00 -3.210262564683365e+00  1.648724003903428e+00  1.164235356127431e-03 
-9.950000000000347e-03  1.645025000000000e+00  1.654975000000000e+00  4.359347173614580e-02  3.253854781020364e+00  1.648724126378255e+00 -3.210261309284219e+00  1.648724043942053e+00  1.164238385729093e-03 
-9.940000000000282e-03  1.645030000000000e+00  1.654970000000000e+00  4.359414182857502e-02  3.253854192370120e+00  1.648724167099348e+00 -3.210260050541545e+00  1.648724084663143e+00  1.164241426293772e-03 
-9.930000000000216e-03  1.645035000000000e+00  1.654965000000000e+00  4.359481152428019e-02  3.253853602876943e+00  1.648724207200612e+00 -3.210258791352663e+00  1.648724124764405e+00  1.164244465535281e-03 
-9.920000000000595e-03  1.645040000000000e+00  1.654960000000000e+00  4.359548391853937e-02  3.253853012473952e+00  1.648724248196245e+00 -3.210257528555412e+00  1.648724165760037e+00  1.164247516221596e-03 
-9.910000000000529e-03  1.645045000000000e+00  1.654955000000000e+00  4.359615622443215e-02  3.253852421153845e+00  1.648724288689138e+00 -3.210256264929413e+00  1.648724206252928e+00  1.164250567085479e-03 
-9.900000000000464e-03  1.645050000000000e+00  1.654950000000000e+00  4.359682722057727e-02  3.253851828985909e+00  1.648724328103243e+00 -3.210255001765332e+00  1.648724245667031e+00  1.164253610968191e-03 
-9.890000000000398e-03  1.645055000000000e+00  1.654945000000000e+00  4.359750090378645e-02  3.253851235864189e+00  1.648724368383988e+00 -3.210253734960402e+00  1.648724285947773e+00  1.164256667725001e-03 
-9.880000000000333e-03  1.645060000000000e+00  1.654940000000000e+00  4.359817646565078e-02  3.253850641852655e+00  1.648724409159153e+00 -3.210252465387005e+00  1.648724326722937e+00  1.164259733458392e-03 
-9.870000000000267e-03  1.645065000000000e+00  1.654935000000000e+00  4.359885493660606e-02  3.253850046899649e+00  1.648724450918128e+00 -3.210251191963043e+00  1.648724368481909e+00  1.164262811772794e-03 
-9.860000000000202e-03  1.645070000000000e+00  1.654930000000000e+00  4.359953158289093e-02  3.253849451038089e+00  1.648724491310490e+00 -3.210249919455198e+00  1.648724408874269e+00  1.164265882270919e-03 
-9.850000000000581e-03  1.645075000000000e+00  1.654925000000000e+00  4.360020710691649e-02  3.253848854260133e+00  1.648724530683525e+00 -3.210248647153217e+00  1.648724448247302e+00  1.164268946461826e-03 
-9.840000000000515e-03  1.645080000000000e+00  1.654920000000000e+00  4.360088710439652e-02  3.253848256574964e+00  1.648724571839680e+00 -3.210247369470567e+00  1.648724489403456e+00  1.164272032765902e-03 
-9.830000000000449e-03  1.645085000000000e+00  1.654915000000000e+00  4.360156538114427e-02  3.253847657966816e+00  1.648724611673980e+00 -3.210246092585671e+00  1.648724529237753e+00  1.164275110037528e-03 
-9.820000000000384e-03  1.645090000000000e+00  1.654910000000000e+00  4.360224660620338e-02  3.253847058407304e+00  1.648724652506754e+00 -3.210244811801101e+00  1.648724570070526e+00  1.164278200412309e-03 
-9.810000000000318e-03  1.645095000000000e+00  1.654905000000000e+00  4.360293198291922e-02  3.253846457879987e+00  1.648724694931453e+00 -3.210243525897068e+00  1.648724612495223e+00  1.164281310295853e-03 
-9.800000000000253e-03  1.645100000000000e+00  1.654900000000000e+00  4.360361288640952e-02  3.253845856465361e+00  1.648724734675885e+00 -3.210242243578951e+00  1.648724652239653e+00  1.164284400025000e-03 
-9.790000000000632e-03  1.645105000000000e+00  1.654895000000000e+00  4.360429887582812e-02  3.253845254082743e+00  1.648724776479286e+00 -3.210240955206915e+00  1.648724694043051e+00  1.164287512300170e-03 
-9.780000000000566e-03  1.645110000000000e+00  1.654890000000000e+00  4.360498335381124e-02  3.253844650781693e+00  1.648724817067752e+00 -3.210239667427881e+00  1.648724734631515e+00  1.164290617421970e-03 
-9.770000000000501e-03  1.645115000000000e+00  1.654885000000000e+00  4.360567091589334e-02  3.253844046472722e+00  1.648724858694308e+00 -3.210238375556828e+00  1.648724776258069e+00  1.164293737284893e-03 
-9.760000000000435e-03  1.645120000000000e+00  1.654880000000000e+00  4.360635701154941e-02  3.253843441263574e+00  1.648724899137562e+00 -3.210237084252025e+00  1.648724816701321e+00  1.164296849878680e-03 
-9.750000000000369e-03  1.645125000000000e+00  1.654875000000000e+00  4.360704653318302e-02  3.253842835096548e+00  1.648724940814865e+00 -3.210235788563365e+00  1.648724858378623e+00  1.164299978787278e-03 
-9.740000000000304e-03  1.645130000000000e+00  1.654870000000000e+00  4.360773329174621e-02  3.253842227941645e+00  1.648724980616695e+00 -3.210234494649899e+00  1.648724898180451e+00  1.164303093945509e-03 
-9.730000000000238e-03  1.645135000000000e+00  1.654865000000000e+00  4.360842380386671e-02  3.253841619843729e+00  1.648725021823798e+00 -3.210233196039862e+00  1.648724939387551e+00  1.164306227885758e-03 
-9.720000000000617e-03  1.645140000000000e+00  1.654860000000000e+00  4.360911622465240e-02  3.253841010771506e+00  1.648725063498079e+00 -3.210231894546853e+00  1.648724981061830e+00  1.164309368723781e-03 
-9.710000000000552e-03  1.645145000000000e+00  1.654855000000000e+00  4.360980713802095e-02  3.253840400740506e+00  1.648725103939263e+00 -3.210230593602485e+00  1.648725021503012e+00  1.164312502561580e-03 
-9.700000000000486e-03  1.645150000000000e+00  1.654850000000000e+00  4.361050086614524e-02  3.253839789712090e+00  1.648725145289117e+00 -3.210229288845944e+00  1.648725062852864e+00  1.164315650028623e-03 
-9.690000000000420e-03  1.645155000000000e+00  1.654845000000000e+00  4.361119773080666e-02  3.253839177694038e+00  1.648725187712422e+00 -3.210227979963231e+00  1.648725105276167e+00  1.164318812863874e-03 
-9.680000000000355e-03  1.645160000000000e+00  1.654840000000000e+00  4.361189245028622e-02  3.253838564731895e+00  1.648725228591091e+00 -3.210226672281609e+00  1.648725146154833e+00  1.164321964344231e-03 
-9.670000000000289e-03  1.645165000000000e+00  1.654835000000000e+00  4.361258869616813e-02  3.253837950786694e+00  1.648725269741431e+00 -3.210225362090526e+00  1.648725187305172e+00  1.164325122579036e-03 
-9.660000000000224e-03  1.645170000000000e+00  1.654830000000000e+00  4.361328535497865e-02  3.253837335819673e+00  1.648725310587326e+00 -3.210224050464694e+00  1.648725228151064e+00  1.164328282520094e-03 
-9.650000000000603e-03  1.645175000000000e+00  1.654825000000000e+00  4.361398581534681e-02  3.253836719868237e+00  1.648725352841792e+00 -3.210222734052890e+00  1.648725270405529e+00  1.164331461102034e-03 
-9.640000000000537e-03  1.645180000000000e+00  1.654820000000000e+00  4.361468486047626e-02  3.253836102931137e+00  1.648725393895807e+00 -3.210221418070661e+00  1.648725311459541e+00  1.164334632448056e-03 
-9.630000000000472e-03  1.645185000000000e+00  1.654815000000000e+00  4.361538443983887e-02  3.253835484981836e+00  1.648725434710837e+00 -3.210220100541997e+00  1.648725352274570e+00  1.164337805327413e-03 
-9.620000000000406e-03  1.645190000000000e+00  1.654810000000000e+00  4.361608766824386e-02  3.253834866028685e+00  1.648725476848464e+00 -3.210218778360441e+00  1.648725394412194e+00  1.164340996853561e-03 
-9.610000000000340e-03  1.645195000000000e+00  1.654805000000000e+00  4.361678714200984e-02  3.253834246122591e+00  1.648725516632300e+00 -3.210217458980581e+00  1.648725434196029e+00  1.164344169099788e-03 
-9.600000000000275e-03  1.645200000000000e+00  1.654800000000000e+00  4.361749332737897e-02  3.253833625132152e+00  1.648725559229766e+00 -3.210216131804773e+00  1.648725476793492e+00  1.164347373286379e-03 
-9.590000000000209e-03  1.645205000000000e+00  1.654795000000000e+00  4.361819933377385e-02  3.253833003124293e+00  1.648725601229033e+00 -3.210214803790519e+00  1.648725518792757e+00  1.164350576756142e-03 
-9.580000000000588e-03  1.645210000000000e+00  1.654790000000000e+00  4.361890654404197e-02  3.253832380108567e+00  1.648725643326304e+00 -3.210213473564525e+00  1.648725560890026e+00  1.164353784409584e-03 
-9.570000000000523e-03  1.645215000000000e+00  1.654785000000000e+00  4.361961267177992e-02  3.253831756066868e+00  1.648725684369324e+00 -3.210212143395088e+00  1.648725601933044e+00  1.164356987912610e-03 
-9.560000000000457e-03  1.645220000000000e+00  1.654780000000000e+00  4.362032254149557e-02  3.253831130991975e+00  1.648725726766735e+00 -3.210210808450479e+00  1.648725644330453e+00  1.164360208198744e-03 
-9.550000000000392e-03  1.645225000000000e+00  1.654775000000000e+00  4.362103191742966e-02  3.253830504879205e+00  1.648725768398317e+00 -3.210209472961776e+00  1.648725685962033e+00  1.164363426592475e-03 
-9.540000000000326e-03  1.645230000000000e+00  1.654770000000000e+00  4.362174277468130e-02  3.253829877765249e+00  1.648725810269965e+00 -3.210208134990568e+00  1.648725727833679e+00  1.164366650494825e-03 
-9.530000000000260e-03  1.645235000000000e+00  1.654765000000000e+00  4.362245469238543e-02  3.253829249581207e+00  1.648725852136796e+00 -3.210206794888821e+00  1.648725769700508e+00  1.164369880181689e-03 
-9.520000000000639e-03  1.645240000000000e+00  1.654760000000000e+00  4.362316839459341e-02  3.253828620347368e+00  1.648725894370981e+00 -3.210205451952774e+00  1.648725811934690e+00  1.164373117647821e-03 
-9.510000000000574e-03  1.645245000000000e+00  1.654755000000000e+00  4.362388277149173e-02  3.253827990069881e+00  1.648725936420686e+00 -3.210204107298389e+00  1.648725853984393e+00  1.164376359522124e-03 
-9.500000000000508e-03  1.645250000000000e+00  1.654750000000000e+00  4.362459812925753e-02  3.253827358733854e+00  1.648725978431556e+00 -3.210202760604596e+00  1.648725895995261e+00  1.164379604102956e-03 
-9.490000000000443e-03  1.645255000000000e+00  1.654745000000000e+00  4.362531530812087e-02  3.253826726364029e+00  1.648726020836075e+00 -3.210201411055908e+00  1.648725938399778e+00  1.164382857417630e-03 
-9.480000000000377e-03  1.645260000000000e+00  1.654740000000000e+00  4.362603378692424e-02  3.253826092917371e+00  1.648726063352147e+00 -3.210200059130447e+00  1.648725980915849e+00  1.164386116335043e-03 
-9.470000000000312e-03  1.645265000000000e+00  1.654735000000000e+00  4.362675105975455e-02  3.253825458432878e+00  1.648726104746316e+00 -3.210198707373123e+00  1.648726022310015e+00  1.164389369894538e-03 
-9.460000000000246e-03  1.645270000000000e+00  1.654730000000000e+00  4.362747116419046e-02  3.253824822822927e+00  1.648726146993559e+00 -3.210197351658736e+00  1.648726064557255e+00  1.164392637006429e-03 
-9.450000000000625e-03  1.645275000000000e+00  1.654725000000000e+00  4.362819369886255e-02  3.253824186156786e+00  1.648726189927824e+00 -3.210195992457923e+00  1.648726107491519e+00  1.164395914435152e-03 
-9.440000000000559e-03  1.645280000000000e+00  1.654720000000000e+00  4.362891492825550e-02  3.253823548429696e+00  1.648726231678976e+00 -3.210194633501441e+00  1.648726149242668e+00  1.164399185727191e-03 
-9.430000000000494e-03  1.645285000000000e+00  1.654715000000000e+00  4.362963953190085e-02  3.253822909569503e+00  1.648726274550702e+00 -3.210193270037602e+00  1.648726192114392e+00  1.164402473111815e-03 
-9.420000000000428e-03  1.645290000000000e+00  1.654710000000000e+00  4.363036297994036e-02  3.253822269681530e+00  1.648726316330735e+00 -3.210191906701589e+00  1.648726233894423e+00  1.164405755084270e-03 
-9.410000000000363e-03  1.645295000000000e+00  1.654705000000000e+00  4.363108794381926e-02  3.253821628697460e+00  1.648726358320640e+00 -3.210190540753641e+00  1.648726275884326e+00  1.164409042560544e-03 
-9.400000000000297e-03  1.645300000000000e+00  1.654700000000000e+00  4.363181575297226e-02  3.253820986586020e+00  1.648726401169496e+00 -3.210189170833048e+00  1.648726318733180e+00  1.164412344294762e-03 
-9.390000000000231e-03  1.645305000000000e+00  1.654695000000000e+00  4.363254329584019e-02  3.253820343405500e+00  1.648726443350670e+00 -3.210187800109660e+00  1.648726360914352e+00  1.164415644444122e-03 
-9.380000000000610e-03  1.645310000000000e+00  1.654690000000000e+00  4.363327384518611e-02  3.253819699041898e+00  1.648726486443542e+00 -3.210186425196712e+00  1.648726404007222e+00  1.164418957771962e-03 
-9.370000000000545e-03  1.645315000000000e+00  1.654685000000000e+00  4.363400679439643e-02  3.253819053604519e+00  1.648726530199458e+00 -3.210185046810122e+00  1.648726447763135e+00  1.164422283381859e-03 
-9.360000000000479e-03  1.645320000000000e+00  1.654680000000000e+00  4.363473608664156e-02  3.253818407113604e+00  1.648726571600123e+00 -3.210183671026963e+00  1.648726489163798e+00  1.164425590820043e-03 
-9.350000000000414e-03  1.645325000000000e+00  1.654675000000000e+00  4.363547233328428e-02  3.253817759418014e+00  1.648726615875649e+00 -3.210182287084730e+00  1.648726533439323e+00  1.164428931213189e-03 
-9.340000000000348e-03  1.645330000000000e+00  1.654670000000000e+00  4.363620442358043e-02  3.253817110684825e+00  1.648726657554203e+00 -3.210180906261244e+00  1.648726575117874e+00  1.164432251527207e-03 
-9.330000000000283e-03  1.645335000000000e+00  1.654665000000000e+00  4.363693840975696e-02  3.253816460768879e+00  1.648726699589318e+00 -3.210179522359122e+00  1.648726617152987e+00  1.164435580518608e-03 
-9.320000000000217e-03  1.645340000000000e+00  1.654660000000000e+00  4.363767606869664e-02  3.253815809748801e+00  1.648726742908749e+00 -3.210178133680104e+00  1.648726660472416e+00  1.164438926990234e-03 
-9.310000000000596e-03  1.645345000000000e+00  1.654655000000000e+00  4.363841488620246e-02  3.253815157557759e+00  1.648726786221981e+00 -3.210176742671556e+00  1.648726703785645e+00  1.164442277667883e-03 
-9.300000000000530e-03  1.645350000000000e+00  1.654650000000000e+00  4.363915427894292e-02  3.253814504186603e+00  1.648726829232773e+00 -3.210175349907661e+00  1.648726746796436e+00  1.164445631722953e-03 
-9.290000000000465e-03  1.645355000000000e+00  1.654645000000000e+00  4.363989485712803e-02  3.253813849724551e+00  1.648726872290839e+00 -3.210173954867423e+00  1.648726789854500e+00  1.164448990882619e-03 
-9.280000000000399e-03  1.645360000000000e+00  1.654640000000000e+00  4.364063794129670e-02  3.253813194099235e+00  1.648726916020266e+00 -3.210172556157938e+00  1.648726833583924e+00  1.164452361089234e-03 
-9.270000000000334e-03  1.645365000000000e+00  1.654635000000000e+00  4.364138081837257e-02  3.253812537316283e+00  1.648726959067327e+00 -3.210171156497910e+00  1.648726876630984e+00  1.164455731094071e-03 
-9.260000000000268e-03  1.645370000000000e+00  1.654630000000000e+00  4.364212619051792e-02  3.253811879377997e+00  1.648727002784258e+00 -3.210169753187480e+00  1.648726920347912e+00  1.164459111573519e-03 
-9.250000000000647e-03  1.645375000000000e+00  1.654625000000000e+00  4.364287024097183e-02  3.253811220241441e+00  1.648727045241207e+00 -3.210168350000469e+00  1.648726962804859e+00  1.164462486443398e-03 
-9.240000000000581e-03  1.645380000000000e+00  1.654620000000000e+00  4.364361708328996e-02  3.253810559970345e+00  1.648727088526817e+00 -3.210166942887055e+00  1.648727006090467e+00  1.164465873943598e-03 
-9.230000000000516e-03  1.645385000000000e+00  1.654615000000000e+00  4.364436232709899e-02  3.253809898552531e+00  1.648727130439815e+00 -3.210165536225432e+00  1.648727048003463e+00  1.164469253531984e-03 
-9.220000000000450e-03  1.645390000000000e+00  1.654610000000000e+00  4.364511384927541e-02  3.253809235888725e+00  1.648727174869000e+00 -3.210164122039449e+00  1.648727092432646e+00  1.164472662843770e-03 
-9.210000000000385e-03  1.645395000000000e+00  1.654605000000000e+00  4.364586442171560e-02  3.253808572038179e+00  1.648727218229947e+00 -3.210162707616463e+00  1.648727135793591e+00  1.164476066896948e-03 
-9.200000000000319e-03  1.645400000000000e+00  1.654600000000000e+00  4.364661702197009e-02  3.253807907023480e+00  1.648727262022725e+00 -3.210161290001510e+00  1.648727179586366e+00  1.164479479859693e-03 
-9.190000000000254e-03  1.645405000000000e+00  1.654595000000000e+00  4.364736845658736e-02  3.253807240843268e+00  1.648727304649928e+00 -3.210159872386681e+00  1.648727222213567e+00  1.164482888475354e-03 
-9.180000000000632e-03  1.645410000000000e+00  1.654590000000000e+00  4.364812355106107e-02  3.253806573399334e+00  1.648727348475198e+00 -3.210158449848273e+00  1.648727266038834e+00  1.164486312811120e-03 
-9.170000000000567e-03  1.645415000000000e+00  1.654585000000000e+00  4.364888049139715e-02  3.253805904800071e+00  1.648727392645734e+00 -3.210157024308674e+00  1.648727310209369e+00  1.164489746439178e-03 
-9.160000000000501e-03  1.645420000000000e+00  1.654580000000000e+00  4.364963714933899e-02  3.253805234949053e+00  1.648727436049196e+00 -3.210155597799714e+00  1.648727353612828e+00  1.164493177272478e-03 
-9.150000000000436e-03  1.645425000000000e+00  1.654575000000000e+00  4.365039286239174e-02  3.253804563902641e+00  1.648727478382516e+00 -3.210154171040249e+00  1.648727395946147e+00  1.164496603622165e-03 
-9.140000000000370e-03  1.645430000000000e+00  1.654570000000000e+00  4.365115376235966e-02  3.253803891616965e+00  1.648727522689662e+00 -3.210152737854605e+00  1.648727440253290e+00  1.164500055791091e-03 
-9.130000000000305e-03  1.645435000000000e+00  1.654565000000000e+00  4.365191563447054e-02  3.253803218127104e+00  1.648727566880787e+00 -3.210151302492634e+00  1.648727484444413e+00  1.164503511177341e-03 
-9.120000000000239e-03  1.645440000000000e+00  1.654560000000000e+00  4.365267800749562e-02  3.253802543366187e+00  1.648727610686841e+00 -3.210149865358691e+00  1.648727528250465e+00  1.164506969947168e-03 
-9.110000000000618e-03  1.645445000000000e+00  1.654555000000000e+00  4.365344249701476e-02  3.253801867382951e+00  1.648727654939983e+00 -3.210148424885936e+00  1.648727572503604e+00  1.164510436934300e-03 
-9.100000000000552e-03  1.645450000000000e+00  1.654550000000000e+00  4.365420918570836e-02  3.253801190138204e+00  1.648727699661956e+00 -3.210146980952496e+00  1.648727617225575e+00  1.164513914133653e-03 
-9.090000000000487e-03  1.645455000000000e+00  1.654545000000000e+00  4.365497208004084e-02  3.253800511705933e+00  1.648727741892987e+00 -3.210145539625892e+00  1.648727659456604e+00  1.164517373125410e-03 
-9.080000000000421e-03  1.645460000000000e+00  1.654540000000000e+00  4.365574217801127e-02  3.253799831967812e+00  1.648727787072912e+00 -3.210144089789801e+00  1.648727704636527e+00  1.164520865480174e-03 
-9.070000000000356e-03  1.645465000000000e+00  1.654535000000000e+00  4.365651195446255e-02  3.253799150953340e+00  1.648727831453902e+00 -3.210142638998878e+00  1.648727749017514e+00  1.164524356598379e-03 
-9.060000000000290e-03  1.645470000000000e+00  1.654530000000000e+00  4.365728096540394e-02  3.253798468718602e+00  1.648727874842003e+00 -3.210141187753198e+00  1.648727792405613e+00  1.164527843954649e-03 
-9.050000000000669e-03  1.645475000000000e+00  1.654525000000000e+00  4.365805363619125e-02  3.253797785201267e+00  1.648727919418729e+00 -3.210139731565075e+00  1.648727836982337e+00  1.164531349447584e-03 
-9.040000000000603e-03  1.645480000000000e+00  1.654520000000000e+00  4.365882770867553e-02  3.253797100367281e+00  1.648727964037978e+00 -3.210138272658606e+00  1.648727881601584e+00  1.164534859141382e-03 
-9.030000000000538e-03  1.645485000000000e+00  1.654515000000000e+00  4.365960131395455e-02  3.253796414308088e+00  1.648728007811021e+00 -3.210136812994134e+00  1.648727925374625e+00  1.164538367723083e-03 
-9.020000000000472e-03  1.645490000000000e+00  1.654510000000000e+00  4.366037678898940e-02  3.253795726932981e+00  1.648728051860985e+00 -3.210135350143991e+00  1.648727969424587e+00  1.164541884239554e-03 
-9.010000000000407e-03  1.645495000000000e+00  1.654505000000000e+00  4.366115391013713e-02  3.253795038262256e+00  1.648728096086197e+00 -3.210133884352119e+00  1.648728013649796e+00  1.164545408190755e-03 
-9.000000000000341e-03  1.645500000000000e+00  1.654500000000000e+00  4.366193510110920e-02  3.253794348268968e+00  1.648728141685039e+00 -3.210132413167859e+00  1.648728059248636e+00  1.164548951162194e-03 
-8.990000000000276e-03  1.645505000000000e+00  1.654495000000000e+00  4.366271292226058e-02  3.253793656995554e+00  1.648728184958907e+00 -3.210130944073293e+00  1.648728102522502e+00  1.164552479011164e-03 
-8.980000000000654e-03  1.645510000000000e+00  1.654490000000000e+00  4.366349361650070e-02  3.253792964487491e+00  1.648728229051996e+00 -3.210129470870990e+00  1.648728146615589e+00  1.164556018352387e-03 
-8.970000000000589e-03  1.645515000000000e+00  1.654485000000000e+00  4.366428221856720e-02  3.253792270496481e+00  1.648728276357524e+00 -3.210127988277914e+00  1.648728193921115e+00  1.164559595551097e-03 
-8.960000000000523e-03  1.645520000000000e+00  1.654480000000000e+00  4.366506485880217e-02  3.253791575301835e+00  1.648728320080318e+00 -3.210126510443033e+00  1.648728237643907e+00  1.164563144121583e-03 
-8.950000000000458e-03  1.645525000000000e+00  1.654475000000000e+00  4.366585081624790e-02  3.253790878748179e+00  1.648728364782213e+00 -3.210125027931931e+00  1.648728282345799e+00  1.164566708515483e-03 
-8.940000000000392e-03  1.645530000000000e+00  1.654470000000000e+00  4.366663704865278e-02  3.253790180874954e+00  1.648728408961803e+00 -3.210123543826301e+00  1.648728326525387e+00  1.164570274312654e-03 
-8.930000000000327e-03  1.645535000000000e+00  1.654465000000000e+00  4.366742729744603e-02  3.253789481614501e+00  1.648728454455973e+00 -3.210122054317055e+00  1.648728372019555e+00  1.164573856458223e-03 
-8.920000000000261e-03  1.645540000000000e+00  1.654460000000000e+00  4.366821577795384e-02  3.253788781090718e+00  1.648728498434336e+00 -3.210120565312764e+00  1.648728415997915e+00  1.164577433280257e-03 
-8.910000000000640e-03  1.645545000000000e+00  1.654455000000000e+00  4.366900604645088e-02  3.253788079164482e+00  1.648728542605467e+00 -3.210119073118031e+00  1.648728460169044e+00  1.164581015983781e-03 
-8.900000000000574e-03  1.645550000000000e+00  1.654450000000000e+00  4.366980164193555e-02  3.253787375846757e+00  1.648728588744346e+00 -3.210117574204822e+00  1.648728506307921e+00  1.164584624221286e-03 
-8.890000000000509e-03  1.645555000000000e+00  1.654445000000000e+00  4.367059591466792e-02  3.253786671183716e+00  1.648728633549192e+00 -3.210116075269048e+00  1.648728551112764e+00  1.164588225428077e-03 
-8.880000000000443e-03  1.645560000000000e+00  1.654440000000000e+00  4.367139487685744e-02  3.253785965137371e+00  1.648728680007114e+00 -3.210114570260513e+00  1.648728597570684e+00  1.164591849156223e-03 
-8.870000000000378e-03  1.645565000000000e+00  1.654435000000000e+00  4.367219292465340e-02  3.253785257733382e+00  1.648728725329018e+00 -3.210113064808729e+00  1.648728642892586e+00  1.164595467658195e-03 
-8.860000000000312e-03  1.645570000000000e+00  1.654430000000000e+00  4.367299146439666e-02  3.253784548914176e+00  1.648728770189287e+00 -3.210111557449780e+00  1.648728687752852e+00  1.164599088523258e-03 
-8.850000000000247e-03  1.645575000000000e+00  1.654425000000000e+00  4.367378881843868e-02  3.253783838810652e+00  1.648728813814545e+00 -3.210110049992213e+00  1.648728731378109e+00  1.164602703755098e-03 
-8.840000000000625e-03  1.645580000000000e+00  1.654420000000000e+00  4.367459325028987e-02  3.253783127225570e+00  1.648728860237930e+00 -3.210108533975280e+00  1.648728777801491e+00  1.164606352547905e-03 
-8.830000000000560e-03  1.645585000000000e+00  1.654415000000000e+00  4.367539588782619e-02  3.253782414233368e+00  1.648728905060597e+00 -3.210107018345542e+00  1.648728822624156e+00  1.164609991896295e-03 
-8.820000000000494e-03  1.645590000000000e+00  1.654410000000000e+00  4.367620174894889e-02  3.253781699842262e+00  1.648728950795605e+00 -3.210105498093313e+00  1.648728868359162e+00  1.164613645913563e-03 
-8.810000000000429e-03  1.645595000000000e+00  1.654405000000000e+00  4.367700755169368e-02  3.253780984061826e+00  1.648728995806760e+00 -3.210103976510132e+00  1.648728913370314e+00  1.164617299640166e-03 
-8.800000000000363e-03  1.645600000000000e+00  1.654400000000000e+00  4.367781795102782e-02  3.253780266820536e+00  1.648729042385782e+00 -3.210102448869508e+00  1.648728959949334e+00  1.164620974501098e-03 
-8.790000000000298e-03  1.645605000000000e+00  1.654395000000000e+00  4.367862719534173e-02  3.253779548148184e+00  1.648729087671763e+00 -3.210100920952843e+00  1.648729005235313e+00  1.164624644262740e-03 
-8.780000000000676e-03  1.645610000000000e+00  1.654390000000000e+00  4.367943848209638e-02  3.253778828076037e+00  1.648729133279067e+00 -3.210099389593940e+00  1.648729050842614e+00  1.164628321807635e-03 
-8.770000000000611e-03  1.645615000000000e+00  1.654385000000000e+00  4.368025094510485e-02  3.253778106521744e+00  1.648729178733424e+00 -3.210097855576639e+00  1.648729096296970e+00  1.164632006610235e-03 
-8.760000000000545e-03  1.645620000000000e+00  1.654380000000000e+00  4.368106836134614e-02  3.253777383542719e+00  1.648729225952033e+00 -3.210096315181373e+00  1.648729143515575e+00  1.164635712815080e-03 
-8.750000000000480e-03  1.645625000000000e+00  1.654375000000000e+00  4.368188310168849e-02  3.253776659085738e+00  1.648729271093713e+00 -3.210094775984049e+00  1.648729188657254e+00  1.164639407594567e-03 
-8.740000000000414e-03  1.645630000000000e+00  1.654370000000000e+00  4.368269984176899e-02  3.253775933210457e+00  1.648729316526113e+00 -3.210093233368688e+00  1.648729234089652e+00  1.164643109633545e-03 
-8.730000000000349e-03  1.645635000000000e+00  1.654365000000000e+00  4.368351988617436e-02  3.253775205825207e+00  1.648729362855691e+00 -3.210091685939033e+00  1.648729280419227e+00  1.164646828867554e-03 
-8.720000000000283e-03  1.645640000000000e+00  1.654360000000000e+00  4.368434410173641e-02  3.253774476936651e+00  1.648729410519194e+00 -3.210090132834915e+00  1.648729328082727e+00  1.164650564868062e-03 
-8.710000000000662e-03  1.645645000000000e+00  1.654355000000000e+00  4.368516440471770e-02  3.253773746610169e+00  1.648729455507443e+00 -3.210088582205451e+00  1.648729373070975e+00  1.164654284813794e-03 
-8.700000000000596e-03  1.645650000000000e+00  1.654350000000000e+00  4.368598877124968e-02  3.253773014780412e+00  1.648729501775831e+00 -3.210087026009163e+00  1.648729419339360e+00  1.164658023048101e-03 
-8.690000000000531e-03  1.645655000000000e+00  1.654345000000000e+00  4.368681613886917e-02  3.253772281440360e+00  1.648729548789614e+00 -3.210085465301491e+00  1.648729466353141e+00  1.164661774090265e-03 
-8.680000000000465e-03  1.645660000000000e+00  1.654340000000000e+00  4.368764083237895e-02  3.253771546654520e+00  1.648729593743449e+00 -3.210083905822141e+00  1.648729511306974e+00  1.164665513878492e-03 
-8.670000000000400e-03  1.645665000000000e+00  1.654335000000000e+00  4.368846944354780e-02  3.253770810325483e+00  1.648729639884515e+00 -3.210082340881935e+00  1.648729557448037e+00  1.164669270017973e-03 
-8.660000000000334e-03  1.645670000000000e+00  1.654330000000000e+00  4.368930171635950e-02  3.253770072415406e+00  1.648729687065883e+00 -3.210080770699046e+00  1.648729604629402e+00  1.164673044481038e-03 
-8.650000000000269e-03  1.645675000000000e+00  1.654325000000000e+00  4.369013548810985e-02  3.253769333025718e+00  1.648729734256914e+00 -3.210079197537608e+00  1.648729651820432e+00  1.164676824443391e-03 
-8.640000000000647e-03  1.645680000000000e+00  1.654320000000000e+00  4.369096662314769e-02  3.253768592137136e+00  1.648729779380142e+00 -3.210077625513989e+00  1.648729696943657e+00  1.164680592198387e-03 
-8.630000000000582e-03  1.645685000000000e+00  1.654315000000000e+00  4.369180416118132e-02  3.253767849642713e+00  1.648729826901947e+00 -3.210076045481532e+00  1.648729744465460e+00  1.164684389914047e-03 
-8.620000000000516e-03  1.645690000000000e+00  1.654310000000000e+00  4.369264153520381e-02  3.253767105620693e+00  1.648729873577948e+00 -3.210074464085489e+00  1.648729791141459e+00  1.164688185976011e-03 
-8.610000000000451e-03  1.645695000000000e+00  1.654305000000000e+00  4.369347949788763e-02  3.253766360064406e+00  1.648729919781147e+00 -3.210072880566519e+00  1.648729837344655e+00  1.164691985286433e-03 
-8.600000000000385e-03  1.645700000000000e+00  1.654300000000000e+00  4.369432070323970e-02  3.253765612908077e+00  1.648729966805658e+00 -3.210071292204837e+00  1.648729884369164e+00  1.164695798233545e-03 
-8.590000000000320e-03  1.645705000000000e+00  1.654295000000000e+00  4.369516414341293e-02  3.253764864191242e+00  1.648730014167328e+00 -3.210069700047829e+00  1.648729931730831e+00  1.164699623027738e-03 
-8.580000000000254e-03  1.645710000000000e+00  1.654290000000000e+00  4.369600560570379e-02  3.253764113924119e+00  1.648730059764911e+00 -3.210068108318415e+00  1.648729977328413e+00  1.164703437957924e-03 
-8.570000000000633e-03  1.645715000000000e+00  1.654285000000000e+00  4.369685189679099e-02  3.253763362045386e+00  1.648730106971088e+00 -3.210066510148595e+00  1.648730024534587e+00  1.164707274375366e-03 
-8.560000000000567e-03  1.645720000000000e+00  1.654280000000000e+00  4.369769870493333e-02  3.253762608613342e+00  1.648730153659138e+00 -3.210064909908409e+00  1.648730071222634e+00  1.164711113773948e-03 
-8.550000000000502e-03  1.645725000000000e+00  1.654275000000000e+00  4.369855003555608e-02  3.253761853489162e+00  1.648730201762359e+00 -3.210063303453606e+00  1.648730119325853e+00  1.164714973963682e-03 
-8.540000000000436e-03  1.645730000000000e+00  1.654270000000000e+00  4.369940161622892e-02  3.253761096793443e+00  1.648730249204836e+00 -3.210061695177214e+00  1.648730166768328e+00  1.164718834270225e-03 
-8.530000000000371e-03  1.645735000000000e+00  1.654265000000000e+00  4.370025338913659e-02  3.253760338495197e+00  1.648730295942167e+00 -3.210060085106060e+00  1.648730213505656e+00  1.164722696217085e-03 
-8.520000000000305e-03  1.645740000000000e+00  1.654260000000000e+00  4.370110757333951e-02  3.253759578601567e+00  1.648730343087453e+00 -3.210058471028227e+00  1.648730260650940e+00  1.164726567250124e-03 
-8.510000000000684e-03  1.645745000000000e+00  1.654255000000000e+00  4.370196489096227e-02  3.253758817001260e+00  1.648730390946111e+00 -3.210056852110298e+00  1.648730308509596e+00  1.164730454740656e-03 
-8.500000000000618e-03  1.645750000000000e+00  1.654250000000000e+00  4.370282610345191e-02  3.253758053772347e+00  1.648730439937899e+00 -3.210055227668895e+00  1.648730357501382e+00  1.164734359339709e-03 
-8.490000000000553e-03  1.645755000000000e+00  1.654245000000000e+00  4.370368395132616e-02  3.253757288938009e+00  1.648730486444668e+00 -3.210053604986683e+00  1.648730404008148e+00  1.164738248382131e-03 
-8.480000000000487e-03  1.645760000000000e+00  1.654240000000000e+00  4.370454310060895e-02  3.253756522441969e+00  1.648730532771289e+00 -3.210051979341360e+00  1.648730450334767e+00  1.164742142747914e-03 
-8.470000000000422e-03  1.645765000000000e+00  1.654235000000000e+00  4.370540728377502e-02  3.253755754215475e+00  1.648730580749625e+00 -3.210050346931700e+00  1.648730498313100e+00  1.164746061317402e-03 
-8.460000000000356e-03  1.645770000000000e+00  1.654230000000000e+00  4.370627390278758e-02  3.253754984380631e+00  1.648730629141709e+00 -3.210048710477844e+00  1.648730546705182e+00  1.164749989509699e-03 
-8.450000000000291e-03  1.645775000000000e+00  1.654225000000000e+00  4.370713996793300e-02  3.253754212822876e+00  1.648730676395405e+00 -3.210047072854943e+00  1.648730593958875e+00  1.164753915087681e-03 
-8.440000000000669e-03  1.645780000000000e+00  1.654220000000000e+00  4.370800980255327e-02  3.253753439574569e+00  1.648730724688561e+00 -3.210045429772016e+00  1.648730642252029e+00  1.164757858949079e-03 
-8.430000000000604e-03  1.645785000000000e+00  1.654215000000000e+00  4.370888274410520e-02  3.253752664633954e+00  1.648730773689030e+00 -3.210043781889849e+00  1.648730691252495e+00  1.164761815453811e-03 
-8.420000000000538e-03  1.645790000000000e+00  1.654210000000000e+00  4.370975444906262e-02  3.253751887969087e+00  1.648730821209075e+00 -3.210042133520024e+00  1.648730738772538e+00  1.164765767778465e-03 
-8.410000000000473e-03  1.645795000000000e+00  1.654205000000000e+00  4.371062963423041e-02  3.253751109577065e+00  1.648730869605648e+00 -3.210040479942834e+00  1.648730787169108e+00  1.164769735068227e-03 
-8.400000000000407e-03  1.645800000000000e+00  1.654200000000000e+00  4.371150485976127e-02  3.253750329483197e+00  1.648730917171479e+00 -3.210038824623436e+00  1.648730834734938e+00  1.164773702766052e-03 
-8.390000000000342e-03  1.645805000000000e+00  1.654195000000000e+00  4.371238307853167e-02  3.253749547626171e+00  1.648730965352351e+00 -3.210037164547639e+00  1.648730882915807e+00  1.164777683954359e-03 
-8.380000000000276e-03  1.645810000000000e+00  1.654190000000000e+00  4.371326170497301e-02  3.253748764091570e+00  1.648731012898272e+00 -3.210035502386597e+00  1.648730930461725e+00  1.164781666444492e-03 
-8.370000000000655e-03  1.645815000000000e+00  1.654185000000000e+00  4.371414579977560e-02  3.253747978737041e+00  1.648731062268408e+00 -3.210033832937266e+00  1.648730979831859e+00  1.164785673546805e-03 
-8.360000000000589e-03  1.645820000000000e+00  1.654180000000000e+00  4.371503048745489e-02  3.253747191598285e+00  1.648731111042870e+00 -3.210032161110830e+00  1.648731028606318e+00  1.164789684100304e-03 
-8.350000000000524e-03  1.645825000000000e+00  1.654175000000000e+00  4.371591554275333e-02  3.253746402746304e+00  1.648731159144529e+00 -3.210030487203551e+00  1.648731076707975e+00  1.164793696412503e-03 
-8.340000000000458e-03  1.645830000000000e+00  1.654170000000000e+00  4.371680310332625e-02  3.253745612082852e+00  1.648731207593089e+00 -3.210028808979526e+00  1.648731125156533e+00  1.164797720315696e-03 
-8.330000000000393e-03  1.645835000000000e+00  1.654165000000000e+00  4.371769155265398e-02  3.253744819616387e+00  1.648731255584520e+00 -3.210027128063733e+00  1.648731173147962e+00  1.164801745948114e-03 
-8.320000000000327e-03  1.645840000000000e+00  1.654160000000000e+00  4.371858540226813e-02  3.253744025344357e+00  1.648731305373313e+00 -3.210025439942089e+00  1.648731222936751e+00  1.164805798869164e-03 
-8.310000000000262e-03  1.645845000000000e+00  1.654155000000000e+00  4.371947718862830e-02  3.253743229302246e+00  1.648731353245437e+00 -3.210023752113618e+00  1.648731270808874e+00  1.164809841079190e-03 
-8.300000000000640e-03  1.645850000000000e+00  1.654150000000000e+00  4.372037131549671e-02  3.253742431454949e+00  1.648731401385223e+00 -3.210022060139453e+00  1.648731318948657e+00  1.164813893713457e-03 
-8.290000000000575e-03  1.645855000000000e+00  1.654145000000000e+00  4.372127051846989e-02  3.253741631740405e+00  1.648731451129437e+00 -3.210020361221935e+00  1.648731368692869e+00  1.164817969414665e-03 
-8.280000000000509e-03  1.645860000000000e+00  1.654140000000000e+00  4.372217038403820e-02  3.253740830199483e+00  1.648731500291760e+00 -3.210018659815444e+00  1.648731417855190e+00  1.164822049002748e-03 
-8.270000000000444e-03  1.645865000000000e+00  1.654135000000000e+00  4.372307353543379e-02  3.253740026748293e+00  1.648731550141864e+00 -3.210016953212860e+00  1.648731467705290e+00  1.164826142461248e-03 
-8.260000000000378e-03  1.645870000000000e+00  1.654130000000000e+00  4.372397570520453e-02  3.253739221539227e+00  1.648731598622216e+00 -3.210015245834022e+00  1.648731516185640e+00  1.164830231079422e-03 
-8.250000000000313e-03  1.645875000000000e+00  1.654125000000000e+00  4.372488067621324e-02  3.253738414403444e+00  1.648731647539829e+00 -3.210013533727231e+00  1.648731565103251e+00  1.164834333386258e-03 
-8.240000000000691e-03  1.645880000000000e+00  1.654120000000000e+00  4.372579106199289e-02  3.253737605384304e+00  1.648731698223148e+00 -3.210011814322311e+00  1.648731615786568e+00  1.164838460181597e-03 
-8.230000000000626e-03  1.645885000000000e+00  1.654115000000000e+00  4.372670022780362e-02  3.253736794500691e+00  1.648731747364247e+00 -3.210010094272887e+00  1.648731664927664e+00  1.164842581560144e-03 
-8.220000000000560e-03  1.645890000000000e+00  1.654110000000000e+00  4.372761178615426e-02  3.253735981727736e+00  1.648731796756945e+00 -3.210008369941582e+00  1.648731714320360e+00  1.164846712809873e-03 
-8.210000000000495e-03  1.645895000000000e+00  1.654105000000000e+00  4.372852715569048e-02  3.253735166993998e+00  1.648731847074844e+00 -3.210006639838308e+00  1.648731764638256e+00  1.164850861726347e-03 
-8.200000000000429e-03  1.645900000000000e+00  1.654100000000000e+00  4.372944101438916e-02  3.253734350424431e+00  1.648731895719410e+00 -3.210004909410042e+00  1.648731813282819e+00  1.164855003665533e-03 
-8.190000000000364e-03  1.645905000000000e+00  1.654095000000000e+00  4.373035875150965e-02  3.253733531876315e+00  1.648731945313912e+00 -3.210003173124805e+00  1.648731862877319e+00  1.164859163348002e-03 
-8.180000000000298e-03  1.645910000000000e+00  1.654090000000000e+00  4.373127957616427e-02  3.253732711372222e+00  1.648731995474193e+00 -3.210001431796058e+00  1.648731913037597e+00  1.164863337534704e-03 
-8.170000000000677e-03  1.645915000000000e+00  1.654085000000000e+00  4.373220214678349e-02  3.253731888942724e+00  1.648732045544754e+00 -3.209999686795941e+00  1.648731963108156e+00  1.164867518147344e-03 
-8.160000000000611e-03  1.645920000000000e+00  1.654080000000000e+00  4.373312717388100e-02  3.253731064572344e+00  1.648732095873112e+00 -3.209997937398463e+00  1.648732013436512e+00  1.164871710988566e-03 
-8.150000000000546e-03  1.645925000000000e+00  1.654075000000000e+00  4.373405391643018e-02  3.253730238174922e+00  1.648732146045676e+00 -3.209996184258492e+00  1.648732063609073e+00  1.164875911909070e-03 
-8.140000000000480e-03  1.645930000000000e+00  1.654070000000000e+00  4.373498203098354e-02  3.253729409861414e+00  1.648732195946199e+00 -3.209994427830431e+00  1.648732113509593e+00  1.164880118645119e-03 
-8.130000000000415e-03  1.645935000000000e+00  1.654065000000000e+00  4.373591126343162e-02  3.253728579505838e+00  1.648732245384635e+00 -3.209992668242406e+00  1.648732162948026e+00  1.164884329980292e-03 
-8.120000000000349e-03  1.645940000000000e+00  1.654060000000000e+00  4.373684424530174e-02  3.253727747194940e+00  1.648732295720121e+00 -3.209990902949639e+00  1.648732213283510e+00  1.164888557694126e-03 
-8.110000000000284e-03  1.645945000000000e+00  1.654055000000000e+00  4.373778060550068e-02  3.253726912807741e+00  1.648732346706621e+00 -3.209989132202240e+00  1.648732264270008e+00  1.164892801938082e-03 
-8.100000000000662e-03  1.645950000000000e+00  1.654050000000000e+00  4.373871802229575e-02  3.253726076440939e+00  1.648732397231617e+00 -3.209987358418643e+00  1.648732314795002e+00  1.164897050661944e-03 
-8.090000000000597e-03  1.645955000000000e+00  1.654045000000000e+00  4.373965784839446e-02  3.253725237999063e+00  1.648732447923729e+00 -3.209985580150669e+00  1.648732365487111e+00  1.164901309650198e-03 
-8.080000000000531e-03  1.645960000000000e+00  1.654040000000000e+00  4.374059867603462e-02  3.253724397547701e+00  1.648732498111868e+00 -3.209983798871666e+00  1.648732415675247e+00  1.164905573705698e-03 
-8.070000000000466e-03  1.645965000000000e+00  1.654035000000000e+00  4.374154323197620e-02  3.253723555000934e+00  1.648732549116455e+00 -3.209982011768958e+00  1.648732466679832e+00  1.164909854387753e-03 
-8.060000000000400e-03  1.645970000000000e+00  1.654030000000000e+00  4.374248942570672e-02  3.253722710420648e+00  1.648732599923177e+00 -3.209980220994941e+00  1.648732517486551e+00  1.164914142388625e-03 
-8.050000000000335e-03  1.645975000000000e+00  1.654025000000000e+00  4.374343819477101e-02  3.253721863727352e+00  1.648732650961061e+00 -3.209978425532580e+00  1.648732568524433e+00  1.164918443171934e-03 
-8.040000000000269e-03  1.645980000000000e+00  1.654020000000000e+00  4.374438683867637e-02  3.253721014980712e+00  1.648732700909694e+00 -3.209976628142035e+00  1.648732618473063e+00  1.164922741408768e-03 
-8.030000000000648e-03  1.645985000000000e+00  1.654015000000000e+00  4.374534015379979e-02  3.253720164115108e+00  1.648732752134454e+00 -3.209974823961308e+00  1.648732669697821e+00  1.164927062058481e-03 
-8.020000000000582e-03  1.645990000000000e+00  1.654010000000000e+00  4.374629502058681e-02  3.253719311081313e+00  1.648732803050950e+00 -3.209973016060726e+00  1.648732720614314e+00  1.164931389099583e-03 
-8.010000000000517e-03  1.645995000000000e+00  1.654005000000000e+00  4.374725347522443e-02  3.253718455952081e+00  1.648732854713653e+00 -3.209971202476856e+00  1.648732772277014e+00  1.164935733712067e-03 
-8.000000000000451e-03  1.646000000000000e+00  1.654000000000000e+00  4.374821391075704e-02  3.253717598687097e+00  1.648732906298927e+00 -3.209969384776340e+00  1.648732823862286e+00  1.164940085098439e-03 
-7.990000000000386e-03  1.646005000000000e+00  1.653995000000000e+00  4.374917663395710e-02  3.253716739251098e+00  1.648732957942528e+00 -3.209967562617141e+00  1.648732875505884e+00  1.164944448561888e-03 
-7.980000000000320e-03  1.646010000000000e+00  1.653990000000000e+00  4.375014214221064e-02  3.253715877654150e+00  1.648733009898181e+00 -3.209965735511940e+00  1.648732927461534e+00  1.164948823861567e-03 
-7.970000000000699e-03  1.646015000000000e+00  1.653985000000000e+00  4.375110893301562e-02  3.253715013878268e+00  1.648733061405642e+00 -3.209963904945252e+00  1.648732978968993e+00  1.164953206053497e-03 
-7.960000000000633e-03  1.646020000000000e+00  1.653980000000000e+00  4.375208122091001e-02  3.253714147870775e+00  1.648733114545843e+00 -3.209962066649865e+00  1.648733032109191e+00  1.164957611551609e-03 
-7.950000000000568e-03  1.646025000000000e+00  1.653975000000000e+00  4.375305147355506e-02  3.253713279741475e+00  1.648733165607515e+00 -3.209960228267920e+00  1.648733083170861e+00  1.164962008386698e-03 
-7.940000000000502e-03  1.646030000000000e+00  1.653970000000000e+00  4.375402256113775e-02  3.253712409392756e+00  1.648733215976947e+00 -3.209958386831618e+00  1.648733133540290e+00  1.164966408483788e-03 
-7.930000000000437e-03  1.646035000000000e+00  1.653965000000000e+00  4.375500369884999e-02  3.253711536714955e+00  1.648733270206902e+00 -3.209956533016105e+00  1.648733187770243e+00  1.164970855736332e-03 
-7.920000000000371e-03  1.646040000000000e+00  1.653960000000000e+00  4.375597806059835e-02  3.253710661913074e+00  1.648733319986836e+00 -3.209954683852475e+00  1.648733237550174e+00  1.164975271105376e-03 
-7.910000000000306e-03  1.646045000000000e+00  1.653955000000000e+00  4.375696069603719e-02  3.253709784792038e+00  1.648733372744038e+00 -3.209952824096001e+00  1.648733290307373e+00  1.164979723466853e-03 
-7.900000000000684e-03  1.646050000000000e+00  1.653950000000000e+00  4.375794471489644e-02  3.253708905434772e+00  1.648733425074834e+00 -3.209950960719876e+00  1.648733342638167e+00  1.164984182179547e-03 
-7.890000000000619e-03  1.646055000000000e+00  1.653945000000000e+00  4.375893174931664e-02  3.253708023749240e+00  1.648733477749278e+00 -3.209949091999923e+00  1.648733395312608e+00  1.164988655022516e-03 
-7.880000000000553e-03  1.646060000000000e+00  1.653940000000000e+00  4.375992026762789e-02  3.253707139797258e+00  1.648733530032443e+00 -3.209947219529630e+00  1.648733447595771e+00  1.164993134518058e-03 
-7.870000000000488e-03  1.646065000000000e+00  1.653935000000000e+00  4.376091087992968e-02  3.253706253540969e+00  1.648733582210449e+00 -3.209945342661039e+00  1.648733499773774e+00  1.164997622853337e-03 
-7.860000000000422e-03  1.646070000000000e+00  1.653930000000000e+00  4.376190584186556e-02  3.253705364929689e+00  1.648733635385777e+00 -3.209943459087823e+00  1.648733552949100e+00  1.165002131592601e-03 
-7.850000000000357e-03  1.646075000000000e+00  1.653925000000000e+00  4.376289888634185e-02  3.253704474042061e+00  1.648733686464201e+00 -3.209941575155719e+00  1.648733604027521e+00  1.165006631201440e-03 
-7.840000000000291e-03  1.646080000000000e+00  1.653920000000000e+00  4.376390149809686e-02  3.253703580723317e+00  1.648733741110707e+00 -3.209939679225220e+00  1.648733658674024e+00  1.165011175261094e-03 
-7.830000000000670e-03  1.646085000000000e+00  1.653915000000000e+00  4.376490121267838e-02  3.253702685125746e+00  1.648733793169212e+00 -3.209937783913067e+00  1.648733710732526e+00  1.165015704046857e-03 
-7.820000000000604e-03  1.646090000000000e+00  1.653910000000000e+00  4.376590633443568e-02  3.253701787096495e+00  1.648733846715465e+00 -3.209935880762059e+00  1.648733764278777e+00  1.165020259093494e-03 
-7.810000000000539e-03  1.646095000000000e+00  1.653905000000000e+00  4.376691241102509e-02  3.253700886703017e+00  1.648733899557021e+00 -3.209933974291991e+00  1.648733817120330e+00  1.165024817853038e-03 
-7.800000000000473e-03  1.646100000000000e+00  1.653900000000000e+00  4.376792109276512e-02  3.253699983895922e+00  1.648733952494343e+00 -3.209932062803157e+00  1.648733870057650e+00  1.165029388692436e-03 
-7.790000000000408e-03  1.646105000000000e+00  1.653895000000000e+00  4.376893373582194e-02  3.253699078617412e+00  1.648734006176617e+00 -3.209930144881590e+00  1.648733923739921e+00  1.165033977159156e-03 
-7.780000000000342e-03  1.646110000000000e+00  1.653890000000000e+00  4.376994670515699e-02  3.253698171005863e+00  1.648734058855510e+00 -3.209928224300706e+00  1.648733976418811e+00  1.165038566210311e-03 
-7.770000000000277e-03  1.646115000000000e+00  1.653885000000000e+00  4.377096358895585e-02  3.253697260898446e+00  1.648734112243701e+00 -3.209926297309490e+00  1.648734029806999e+00  1.165043173574694e-03 
-7.760000000000655e-03  1.646120000000000e+00  1.653880000000000e+00  4.377198645674504e-02  3.253696348257835e+00  1.648734167357290e+00 -3.209924361801090e+00  1.648734084920586e+00  1.165047808575617e-03 
-7.750000000000590e-03  1.646125000000000e+00  1.653875000000000e+00  4.377300782325799e-02  3.253695433197932e+00  1.648734220510595e+00 -3.209922425374674e+00  1.648734138073888e+00  1.165052436551348e-03 
-7.740000000000524e-03  1.646130000000000e+00  1.653870000000000e+00  4.377403139267812e-02  3.253694515656624e+00  1.648734273524651e+00 -3.209920484263946e+00  1.648734191087941e+00  1.165057074414031e-03 
-7.730000000000459e-03  1.646135000000000e+00  1.653865000000000e+00  4.377505989975650e-02  3.253693595569407e+00  1.648734327734582e+00 -3.209918535669650e+00  1.648734245297869e+00  1.165061734128125e-03 
-7.720000000000393e-03  1.646140000000000e+00  1.653860000000000e+00  4.377609060912026e-02  3.253692672971787e+00  1.648734381790454e+00 -3.209916582362666e+00  1.648734299353739e+00  1.165066404223687e-03 
-7.710000000000328e-03  1.646145000000000e+00  1.653855000000000e+00  4.377712481067900e-02  3.253691747812636e+00  1.648734436311658e+00 -3.209914623001957e+00  1.648734353874940e+00  1.165071090175489e-03 
-7.700000000000706e-03  1.646150000000000e+00  1.653850000000000e+00  4.377816079608547e-02  3.253690820130464e+00  1.648734490463275e+00 -3.209912659334379e+00  1.648734408026554e+00  1.165075783354579e-03 
-7.690000000000641e-03  1.646155000000000e+00  1.653845000000000e+00  4.377919873233728e-02  3.253689889871239e+00  1.648734544301788e+00 -3.209910691138901e+00  1.648734461865065e+00  1.165080486711739e-03 
-7.680000000000575e-03  1.646160000000000e+00  1.653840000000000e+00  4.378023901486430e-02  3.253688957035969e+00  1.648734598025417e+00 -3.209908718021105e+00  1.648734515588691e+00  1.165085199943806e-03 
-7.670000000000510e-03  1.646165000000000e+00  1.653835000000000e+00  4.378128260158207e-02  3.253688021584452e+00  1.648734652093017e+00 -3.209906738982870e+00  1.648734569656289e+00  1.165089927298290e-03 
-7.660000000000444e-03  1.646170000000000e+00  1.653830000000000e+00  4.378233537995910e-02  3.253687083407078e+00  1.648734709393519e+00 -3.209904748027119e+00  1.648734626956787e+00  1.165094697411434e-03 
-7.650000000000379e-03  1.646175000000000e+00  1.653825000000000e+00  4.378338119830035e-02  3.253686142775309e+00  1.648734761986804e+00 -3.209902761577008e+00  1.648734679550071e+00  1.165099436067009e-03 
-7.640000000000313e-03  1.646180000000000e+00  1.653820000000000e+00  4.378443608942910e-02  3.253685199367893e+00  1.648734817728661e+00 -3.209900763278464e+00  1.648734735291924e+00  1.165104215521947e-03 
-7.630000000000692e-03  1.646185000000000e+00  1.653815000000000e+00  4.378549057712422e-02  3.253684253338084e+00  1.648734871957604e+00 -3.209898762760959e+00  1.648734789520865e+00  1.165108993118207e-03 
-7.620000000000626e-03  1.646190000000000e+00  1.653810000000000e+00  4.378655122205433e-02  3.253683304571600e+00  1.648734927896827e+00 -3.209896753349546e+00  1.648734845460085e+00  1.165113798680898e-03 
-7.610000000000561e-03  1.646195000000000e+00  1.653805000000000e+00  4.378761111369359e-02  3.253682353160630e+00  1.648734982137162e+00 -3.209894742046937e+00  1.648734899700417e+00  1.165118599308560e-03 
-7.600000000000495e-03  1.646200000000000e+00  1.653800000000000e+00  4.378867639724543e-02  3.253681399023160e+00  1.648735037710203e+00 -3.209892722625914e+00  1.648734955273455e+00  1.165123425895956e-03 
-7.590000000000430e-03  1.646205000000000e+00  1.653795000000000e+00  4.378974716093777e-02  3.253680442072392e+00  1.648735094616665e+00 -3.209890694911454e+00  1.648735012179914e+00  1.165128276279190e-03 
-7.580000000000364e-03  1.646210000000000e+00  1.653790000000000e+00  4.379081534916709e-02  3.253679482429796e+00  1.648735148889482e+00 -3.209888667080629e+00  1.648735066452728e+00  1.165133115708800e-03 
-7.570000000000299e-03  1.646215000000000e+00  1.653785000000000e+00  4.379189102590747e-02  3.253678519977515e+00  1.648735205501711e+00 -3.209886628951608e+00  1.648735123064955e+00  1.165137989271957e-03 
-7.560000000000677e-03  1.646220000000000e+00  1.653780000000000e+00  4.379296455778197e-02  3.253677554814220e+00  1.648735259686001e+00 -3.209884590256438e+00  1.648735177249242e+00  1.165142851885444e-03 
-7.550000000000612e-03  1.646225000000000e+00  1.653775000000000e+00  4.379404587526491e-02  3.253676586735316e+00  1.648735316305291e+00 -3.209882540860051e+00  1.648735233868529e+00  1.165147751411408e-03 
-7.540000000000546e-03  1.646230000000000e+00  1.653770000000000e+00  4.379512840040296e-02  3.253675615915897e+00  1.648735372158150e+00 -3.209880487515494e+00  1.648735289721386e+00  1.165152655098890e-03 
-7.530000000000481e-03  1.646235000000000e+00  1.653765000000000e+00  4.379621625425114e-02  3.253674642127367e+00  1.648735429190809e+00 -3.209878425873116e+00  1.648735346754042e+00  1.165157583458250e-03 
-7.520000000000415e-03  1.646240000000000e+00  1.653760000000000e+00  4.379730345680904e-02  3.253673665579725e+00  1.648735484518267e+00 -3.209876362122916e+00  1.648735402081497e+00  1.165162508806603e-03 
-7.510000000000350e-03  1.646245000000000e+00  1.653755000000000e+00  4.379839606210741e-02  3.253672686140283e+00  1.648735541101195e+00 -3.209874290078175e+00  1.648735458664422e+00  1.165167458041371e-03 
-7.500000000000728e-03  1.646250000000000e+00  1.653750000000000e+00  4.379949232418531e-02  3.253671703741023e+00  1.648735598032604e+00 -3.209872211416838e+00  1.648735515595829e+00  1.165172423952822e-03 
-7.490000000000663e-03  1.646255000000000e+00  1.653745000000000e+00  4.380059143850815e-02  3.253670718434259e+00  1.648735654936384e+00 -3.209870126995751e+00  1.648735572499605e+00  1.165177403481795e-03 
-7.480000000000597e-03  1.646260000000000e+00  1.653740000000000e+00  4.380169271567216e-02  3.253669730236650e+00  1.648735711476161e+00 -3.209868037520978e+00  1.648735629039380e+00  1.165182392474311e-03 
-7.470000000000532e-03  1.646265000000000e+00  1.653735000000000e+00  4.380279427579435e-02  3.253668739050245e+00  1.648735766663020e+00 -3.209865944774451e+00  1.648735684226236e+00  1.165187381600671e-03 
-7.460000000000466e-03  1.646270000000000e+00  1.653730000000000e+00  4.380390373015183e-02  3.253667744878684e+00  1.648735824304418e+00 -3.209863841148532e+00  1.648735741867631e+00  1.165192407522824e-03 
-7.450000000000401e-03  1.646275000000000e+00  1.653725000000000e+00  4.380501539280481e-02  3.253666747719788e+00  1.648735881556296e+00 -3.209861732326983e+00  1.648735799119506e+00  1.165197442855739e-03 
-7.440000000000335e-03  1.646280000000000e+00  1.653720000000000e+00  4.380613287058253e-02  3.253665747461262e+00  1.648735940165923e+00 -3.209859614590680e+00  1.648735857729130e+00  1.165202506239578e-03 
-7.430000000000714e-03  1.646285000000000e+00  1.653715000000000e+00  4.380724705928184e-02  3.253664744289936e+00  1.648735995674609e+00 -3.209857497230654e+00  1.648735913237813e+00  1.165207552606297e-03 
-7.420000000000648e-03  1.646290000000000e+00  1.653710000000000e+00  4.380836765885723e-02  3.253663737999054e+00  1.648736052828956e+00 -3.209855370340196e+00  1.648735970392157e+00  1.165212628623275e-03 
-7.410000000000583e-03  1.646295000000000e+00  1.653705000000000e+00  4.380949560969534e-02  3.253662728566332e+00  1.648736112088014e+00 -3.209853232956636e+00  1.648736029651212e+00  1.165217737331671e-03 
-7.400000000000517e-03  1.646300000000000e+00  1.653700000000000e+00  4.381062174702642e-02  3.253661716149978e+00  1.648736168948502e+00 -3.209851094402951e+00  1.648736086511698e+00  1.165222839187321e-03 
-7.390000000000452e-03  1.646305000000000e+00  1.653695000000000e+00  4.381175301205806e-02  3.253660700517338e+00  1.648736226764698e+00 -3.209848947505280e+00  1.648736144327891e+00  1.165227963302603e-03 
-7.380000000000386e-03  1.646310000000000e+00  1.653690000000000e+00  4.381288788793340e-02  3.253659681798171e+00  1.648736284843052e+00 -3.209846793910238e+00  1.648736202406242e+00  1.165233103169830e-03 
-7.370000000000321e-03  1.646315000000000e+00  1.653685000000000e+00  4.381402444800755e-02  3.253658659915130e+00  1.648736342181569e+00 -3.209844635467123e+00  1.648736259744756e+00  1.165238250767360e-03 
-7.360000000000699e-03  1.646320000000000e+00  1.653680000000000e+00  4.381516775869698e-02  3.253657634752902e+00  1.648736401255799e+00 -3.209842466994205e+00  1.648736318818984e+00  1.165243430573731e-03 
-7.350000000000634e-03  1.646325000000000e+00  1.653675000000000e+00  4.381631091087455e-02  3.253656606500265e+00  1.648736458705570e+00 -3.209840295589390e+00  1.648736376268751e+00  1.165248607891910e-03 
-7.340000000000568e-03  1.646330000000000e+00  1.653670000000000e+00  4.381746149033437e-02  3.253655574900296e+00  1.648736518195315e+00 -3.209838113409962e+00  1.648736435758493e+00  1.165253819862297e-03 
-7.330000000000503e-03  1.646335000000000e+00  1.653665000000000e+00  4.381861498977548e-02  3.253654540058823e+00  1.648736577524299e+00 -3.209835925069047e+00  1.648736495087474e+00  1.165259044934730e-03 
-7.320000000000437e-03  1.646340000000000e+00  1.653660000000000e+00  4.381977042805594e-02  3.253653501988559e+00  1.648736636208307e+00 -3.209833731560503e+00  1.648736553771480e+00  1.165264277805447e-03 
-7.310000000000372e-03  1.646345000000000e+00  1.653655000000000e+00  4.382092719502830e-02  3.253652460677350e+00  1.648736693936189e+00 -3.209831533482321e+00  1.648736611499358e+00  1.165269516703744e-03 
-7.300000000000306e-03  1.646350000000000e+00  1.653650000000000e+00  4.382208996260057e-02  3.253651415968322e+00  1.648736752965461e+00 -3.209829326005722e+00  1.648736670528628e+00  1.165274783790785e-03 
-7.290000000000685e-03  1.646355000000000e+00  1.653645000000000e+00  4.382325739168762e-02  3.253650367907827e+00  1.648736812649757e+00 -3.209827110516140e+00  1.648736730212921e+00  1.165280071249306e-03 
-7.280000000000619e-03  1.646360000000000e+00  1.653640000000000e+00  4.382442553395735e-02  3.253649316576786e+00  1.648736871055372e+00 -3.209824891042829e+00  1.648736788618532e+00  1.165285361224449e-03 
-7.270000000000554e-03  1.646365000000000e+00  1.653635000000000e+00  4.382559999385555e-02  3.253648261700306e+00  1.648736930847081e+00 -3.209822661706450e+00  1.648736848410238e+00  1.165290681719983e-03 
-7.260000000000488e-03  1.646370000000000e+00  1.653630000000000e+00  4.382677844564063e-02  3.253647203464885e+00  1.648736990955263e+00 -3.209820425019244e+00  1.648736908518417e+00  1.165296018667475e-03 
-7.250000000000423e-03  1.646375000000000e+00  1.653625000000000e+00  4.382795814271102e-02  3.253646141821815e+00  1.648737049982263e+00 -3.209818183679104e+00  1.648736967545415e+00  1.165301360846039e-03 
-7.240000000000357e-03  1.646380000000000e+00  1.653620000000000e+00  4.382914113968251e-02  3.253645076700586e+00  1.648737108920134e+00 -3.209815935560903e+00  1.648737026483283e+00  1.165306718914857e-03 
-7.230000000000736e-03  1.646385000000000e+00  1.653615000000001e+00  4.383033058005843e-02  3.253644008074015e+00  1.648737169327037e+00 -3.209813677493957e+00  1.648737086890183e+00  1.165312106030892e-03 
-7.220000000000670e-03  1.646390000000000e+00  1.653610000000000e+00  4.383152478254494e-02  3.253642935911573e+00  1.648737230347059e+00 -3.209811411129028e+00  1.648737147910202e+00  1.165317514995500e-03 
-7.210000000000605e-03  1.646395000000000e+00  1.653605000000000e+00  4.383272009664049e-02  3.253641860242888e+00  1.648737290169764e+00 -3.209809140146247e+00  1.648737207732904e+00  1.165322927767706e-03 
-7.200000000000539e-03  1.646400000000000e+00  1.653600000000000e+00  4.383391961475271e-02  3.253640781034566e+00  1.648737350324659e+00 -3.209806861419814e+00  1.648737267887796e+00  1.165328359623672e-03 
-7.190000000000474e-03  1.646405000000000e+00  1.653595000000000e+00  4.383512301765229e-02  3.253639698155017e+00  1.648737410586334e+00 -3.209804575137365e+00  1.648737328149468e+00  1.165333810645409e-03 
-7.180000000000408e-03  1.646410000000000e+00  1.653590000000000e+00  4.383633095747982e-02  3.253638611732844e+00  1.648737471345162e+00 -3.209802280775365e+00  1.648737388908293e+00  1.165339280306097e-03 
-7.170000000000343e-03  1.646415000000000e+00  1.653585000000000e+00  4.383754369726425e-02  3.253637521623518e+00  1.648737532660391e+00 -3.209799977926253e+00  1.648737450223518e+00  1.165344773555261e-03 
-7.160000000000721e-03  1.646420000000000e+00  1.653580000000000e+00  4.383876051692445e-02  3.253636427829674e+00  1.648737594173299e+00 -3.209797667312749e+00  1.648737511736423e+00  1.165350283853345e-03 
-7.150000000000656e-03  1.646425000000000e+00  1.653575000000000e+00  4.383998088311780e-02  3.253635330338117e+00  1.648737655610617e+00 -3.209795349455000e+00  1.648737573173739e+00  1.165355811088293e-03 
-7.140000000000590e-03  1.646430000000000e+00  1.653570000000000e+00  4.384120522023815e-02  3.253634229121466e+00  1.648737717170852e+00 -3.209793023901228e+00  1.648737634733970e+00  1.165361355048511e-03 
-7.130000000000525e-03  1.646435000000000e+00  1.653565000000000e+00  4.384243333567587e-02  3.253633124176779e+00  1.648737778756228e+00 -3.209790690841103e+00  1.648737696319343e+00  1.165366917021756e-03 
-7.120000000000459e-03  1.646440000000000e+00  1.653560000000000e+00  4.384366145838798e-02  3.253632015469549e+00  1.648737838463968e+00 -3.209788354011161e+00  1.648737756027081e+00  1.165372477678988e-03 
-7.110000000000394e-03  1.646445000000000e+00  1.653555000000000e+00  4.384489766347763e-02  3.253630902976262e+00  1.648737900319870e+00 -3.209786005312784e+00  1.648737817882979e+00  1.165378076917386e-03 
-7.100000000000328e-03  1.646450000000000e+00  1.653550000000000e+00  4.384613821874735e-02  3.253629786642673e+00  1.648737962430710e+00 -3.209783648423925e+00  1.648737879993816e+00  1.165383693748802e-03 
-7.090000000000707e-03  1.646455000000000e+00  1.653545000000000e+00  4.384738649285723e-02  3.253628666316587e+00  1.648738026404722e+00 -3.209781279823730e+00  1.648737943967825e+00  1.165389347200715e-03 
-7.080000000000641e-03  1.646460000000000e+00  1.653540000000000e+00  4.384863401945004e-02  3.253627542187593e+00  1.648738088103521e+00 -3.209778908168143e+00  1.648738005666621e+00  1.165394996034347e-03 
-7.070000000000576e-03  1.646465000000000e+00  1.653535000000000e+00  4.384988665924270e-02  3.253626414131770e+00  1.648738150395507e+00 -3.209776527472528e+00  1.648738067958603e+00  1.165400668636208e-03 
-7.060000000000510e-03  1.646470000000000e+00  1.653530000000000e+00  4.385114295777038e-02  3.253625282100994e+00  1.648738212529382e+00 -3.209774139143224e+00  1.648738130092476e+00  1.165406357070615e-03 
-7.050000000000445e-03  1.646475000000000e+00  1.653525000000000e+00  4.385240202736777e-02  3.253624146099295e+00  1.648738274063331e+00 -3.209771744071927e+00  1.648738191626422e+00  1.165412058449439e-03 
-7.040000000000379e-03  1.646480000000000e+00  1.653520000000000e+00  4.385367072787338e-02  3.253623005989027e+00  1.648738338358450e+00 -3.209769335261154e+00  1.648738255921538e+00  1.165417803880962e-03 
-7.030000000000314e-03  1.646485000000000e+00  1.653515000000000e+00  4.385494180203228e-02  3.253621861943960e+00  1.648738401872996e+00 -3.209766920141928e+00  1.648738319436080e+00  1.165423559239480e-03 
-7.020000000000692e-03  1.646490000000000e+00  1.653510000000000e+00  4.385621322967940e-02  3.253620713880606e+00  1.648738463555143e+00 -3.209764500650927e+00  1.648738381118224e+00  1.165429316668081e-03 
-7.010000000000627e-03  1.646495000000000e+00  1.653505000000000e+00  4.385749555850661e-02  3.253619561535285e+00  1.648738528546896e+00 -3.209762065976779e+00  1.648738446109974e+00  1.165435123370017e-03 
-7.000000000000561e-03  1.646500000000000e+00  1.653500000000000e+00  4.385877786015523e-02  3.253618405177585e+00  1.648738591518870e+00 -3.209759627317430e+00  1.648738509081945e+00  1.165440929228543e-03 
-6.990000000000496e-03  1.646505000000000e+00  1.653495000000000e+00  4.386006493241598e-02  3.253617244653430e+00  1.648738654792923e+00 -3.209757179721014e+00  1.648738572355994e+00  1.165446756785001e-03 
-6.980000000000430e-03  1.646510000000000e+00  1.653490000000000e+00  4.386135930965258e-02  3.253616079870936e+00  1.648738719590294e+00 -3.209754720561284e+00  1.648738637153363e+00  1.165452617933304e-03 
-6.970000000000365e-03  1.646515000000000e+00  1.653485000000000e+00  4.386265531818900e-02  3.253614910878548e+00  1.648738783098369e+00 -3.209752255560359e+00  1.648738700661434e+00  1.165458486511917e-03 
-6.960000000000743e-03  1.646520000000000e+00  1.653480000000001e+00  4.386395681301698e-02  3.253613737583733e+00  1.648738847198375e+00 -3.209749780770716e+00  1.648738764761437e+00  1.165464379281132e-03 
-6.950000000000678e-03  1.646525000000000e+00  1.653475000000000e+00  4.386526184881263e-02  3.253612560037952e+00  1.648738910943383e+00 -3.209747298189140e+00  1.648738828506441e+00  1.165470288664864e-03 
-6.940000000000612e-03  1.646530000000000e+00  1.653470000000000e+00  4.386657137438994e-02  3.253611378147973e+00  1.648738974761182e+00 -3.209744806773583e+00  1.648738892324237e+00  1.165476216496091e-03 
-6.930000000000547e-03  1.646535000000000e+00  1.653465000000000e+00  4.386789084434324e-02  3.253610191776696e+00  1.648739041310519e+00 -3.209742300932352e+00  1.648738958873571e+00  1.165482191459776e-03 
-6.920000000000481e-03  1.646540000000000e+00  1.653460000000000e+00  4.386921088918525e-02  3.253609001129302e+00  1.648739106009243e+00 -3.209739790240116e+00  1.648739023572292e+00  1.165488168181485e-03 
-6.910000000000416e-03  1.646545000000000e+00  1.653455000000000e+00  4.387053673837450e-02  3.253607806002300e+00  1.648739171370337e+00 -3.209737269263925e+00  1.648739088933383e+00  1.165494171389516e-03 
-6.900000000000350e-03  1.646550000000000e+00  1.653450000000000e+00  4.387186767282979e-02  3.253606606397507e+00  1.648739237035169e+00 -3.209734738724678e+00  1.648739154598211e+00  1.165500197140961e-03 
-6.890000000000729e-03  1.646555000000000e+00  1.653445000000000e+00  4.387320557200815e-02  3.253605402177222e+00  1.648739303874615e+00 -3.209732196605214e+00  1.648739221437654e+00  1.165506254896380e-03 
-6.880000000000663e-03  1.646560000000000e+00  1.653440000000000e+00  4.387454003607382e-02  3.253604193612753e+00  1.648739366824413e+00 -3.209729653576679e+00  1.648739284387449e+00  1.165512296575702e-03 
-6.870000000000598e-03  1.646565000000000e+00  1.653435000000000e+00  4.387588894490504e-02  3.253602980276785e+00  1.648739434610845e+00 -3.209727091331880e+00  1.648739352173877e+00  1.165518404516113e-03 
-6.860000000000532e-03  1.646570000000000e+00  1.653430000000000e+00  4.387723658291629e-02  3.253601762420556e+00  1.648739499501736e+00 -3.209724525837640e+00  1.648739417064765e+00  1.165524504739250e-03 
-6.850000000000467e-03  1.646575000000000e+00  1.653425000000000e+00  4.387859361200647e-02  3.253600539850062e+00  1.648739566731035e+00 -3.209721946238056e+00  1.648739484294060e+00  1.165530648020486e-03 
-6.840000000000401e-03  1.646580000000000e+00  1.653420000000000e+00  4.387995147486540e-02  3.253599312637585e+00  1.648739632056225e+00 -3.209719361162719e+00  1.648739549619248e+00  1.165536795438186e-03 
-6.830000000000336e-03  1.646585000000000e+00  1.653415000000000e+00  4.388131805592037e-02  3.253598080597929e+00  1.648739699326925e+00 -3.209716762542009e+00  1.648739616889944e+00  1.165542983113333e-03 
-6.820000000000714e-03  1.646590000000000e+00  1.653410000000000e+00  4.388268655110526e-02  3.253596843942354e+00  1.648739765246729e+00 -3.209714157391248e+00  1.648739682809745e+00  1.165549178268906e-03 
-6.810000000000649e-03  1.646595000000000e+00  1.653405000000000e+00  4.388406369403453e-02  3.253595602303426e+00  1.648739832998730e+00 -3.209711538609391e+00  1.648739750561743e+00  1.165555412536825e-03 
-6.800000000000583e-03  1.646600000000000e+00  1.653400000000000e+00  4.388544376978303e-02  3.253594355886985e+00  1.648739899828384e+00 -3.209708912117202e+00  1.648739817391393e+00  1.165561660340684e-03 
-6.790000000000518e-03  1.646605000000000e+00  1.653395000000000e+00  4.388683050175009e-02  3.253593104515945e+00  1.648739967508848e+00 -3.209706274014195e+00  1.648739885071853e+00  1.165567937948058e-03 
-6.780000000000452e-03  1.646610000000000e+00  1.653390000000000e+00  4.388821976615660e-02  3.253591848295728e+00  1.648740034030943e+00 -3.209703628529572e+00  1.648739951593945e+00  1.165574227141238e-03 
-6.770000000000387e-03  1.646615000000000e+00  1.653385000000000e+00  4.388961875777059e-02  3.253590587008464e+00  1.648740102883117e+00 -3.209700968250693e+00  1.648740020446116e+00  1.165580561115790e-03 
-6.760000000000321e-03  1.646620000000000e+00  1.653380000000000e+00  4.389102143217443e-02  3.253589320722218e+00  1.648740171077197e+00 -3.209698299290044e+00  1.648740088640192e+00  1.165586911186583e-03 
-6.750000000000700e-03  1.646625000000000e+00  1.653375000000000e+00  4.389243026941752e-02  3.253588049365622e+00  1.648740239817520e+00 -3.209695619096204e+00  1.648740157380512e+00  1.165593288699060e-03 
-6.740000000000634e-03  1.646630000000000e+00  1.653370000000000e+00  4.389384193561603e-02  3.253586772969415e+00  1.648740307452516e+00 -3.209692931033799e+00  1.648740225015504e+00  1.165599679217447e-03 
-6.730000000000569e-03  1.646635000000000e+00  1.653365000000000e+00  4.389526176071799e-02  3.253585491296842e+00  1.648740376528780e+00 -3.209690229536124e+00  1.648740294091765e+00  1.165606106106289e-03 
-6.720000000000503e-03  1.646640000000000e+00  1.653360000000000e+00  4.389668659109133e-02  3.253584204512120e+00  1.648740445551606e+00 -3.209687517921029e+00  1.648740363114588e+00  1.165612556199494e-03 
-6.710000000000438e-03  1.646645000000000e+00  1.653355000000000e+00  4.389811692366197e-02  3.253582912466245e+00  1.648740514694953e+00 -3.209684795542583e+00  1.648740432257932e+00  1.165619030203980e-03 
-6.700000000000372e-03  1.646650000000000e+00  1.653350000000000e+00  4.389955057953494e-02  3.253581615226250e+00  1.648740582902892e+00 -3.209682064646715e+00  1.648740500465867e+00  1.165625520254746e-03 
-6.690000000000751e-03  1.646655000000000e+00  1.653345000000001e+00  4.390099420965481e-02  3.253580312484271e+00  1.648740653346963e+00 -3.209679318274616e+00  1.648740570909935e+00  1.165632055014993e-03 
-6.680000000000685e-03  1.646660000000000e+00  1.653340000000000e+00  4.390244057195645e-02  3.253579004495359e+00  1.648740722533657e+00 -3.209676563923402e+00  1.648740640096626e+00  1.165638602291334e-03 
-6.670000000000620e-03  1.646665000000000e+00  1.653335000000000e+00  4.390389405618761e-02  3.253577691026551e+00  1.648740792541370e+00 -3.209673796970364e+00  1.648740710104334e+00  1.165645180828081e-03 
-6.660000000000554e-03  1.646670000000000e+00  1.653330000000000e+00  4.390535503896741e-02  3.253576372070534e+00  1.648740863554750e+00 -3.209671017031567e+00  1.648740781117711e+00  1.165651793838818e-03 
-6.650000000000489e-03  1.646675000000000e+00  1.653325000000000e+00  4.390681649289589e-02  3.253575047775931e+00  1.648740932134414e+00 -3.209668231283036e+00  1.648740849697371e+00  1.165658408364778e-03 
-6.640000000000423e-03  1.646680000000000e+00  1.653320000000000e+00  4.390829171570422e-02  3.253573717664783e+00  1.648741004690244e+00 -3.209665425949079e+00  1.648740922253197e+00  1.165665087721704e-03 
-6.630000000000358e-03  1.646685000000000e+00  1.653315000000000e+00  4.390976805398238e-02  3.253572382039128e+00  1.648741075046555e+00 -3.209662613985145e+00  1.648740992609505e+00  1.165671769823537e-03 
-6.620000000000736e-03  1.646690000000000e+00  1.653310000000001e+00  4.391125128223037e-02  3.253571040722522e+00  1.648741146002376e+00 -3.209659789440292e+00  1.648741063565323e+00  1.165678483781773e-03 
-6.610000000000671e-03  1.646695000000000e+00  1.653305000000000e+00  4.391274154034730e-02  3.253569693676368e+00  1.648741217608357e+00 -3.209656952136021e+00  1.648741135171301e+00  1.165685228380283e-03 
-6.600000000000605e-03  1.646700000000000e+00  1.653300000000000e+00  4.391423867071420e-02  3.253568340894147e+00  1.648741289782431e+00 -3.209654102223433e+00  1.648741207345370e+00  1.165692004409071e-03 
-6.590000000000540e-03  1.646705000000000e+00  1.653295000000000e+00  4.391574143636551e-02  3.253566982312144e+00  1.648741361874255e+00 -3.209651240875778e+00  1.648741279437191e+00  1.165698806699533e-03 
-6.580000000000474e-03  1.646710000000000e+00  1.653290000000000e+00  4.391724849788656e-02  3.253565617861858e+00  1.648741433179872e+00 -3.209648369363971e+00  1.648741350742805e+00  1.165705627299561e-03 
-6.570000000000409e-03  1.646715000000000e+00  1.653285000000000e+00  4.391876328579106e-02  3.253564247435762e+00  1.648741505360777e+00 -3.209645484149971e+00  1.648741422923705e+00  1.165712483727460e-03 
-6.560000000000343e-03  1.646720000000000e+00  1.653280000000000e+00  4.392028466261567e-02  3.253562870976702e+00  1.648741577819659e+00 -3.209642586314086e+00  1.648741495382584e+00  1.165719368691620e-03 
-6.550000000000722e-03  1.646725000000000e+00  1.653275000000000e+00  4.392181318228181e-02  3.253561488609543e+00  1.648741650895912e+00 -3.209639675427261e+00  1.648741568458834e+00  1.165726287640497e-03 
-6.540000000000656e-03  1.646730000000000e+00  1.653270000000000e+00  4.392334622589003e-02  3.253560100110750e+00  1.648741723168320e+00 -3.209636753884860e+00  1.648741640731238e+00  1.165733225631209e-03 
-6.530000000000591e-03  1.646735000000000e+00  1.653265000000000e+00  4.392488653279594e-02  3.253558705449162e+00  1.648741795990979e+00 -3.209633818916366e+00  1.648741713553893e+00  1.165740196156967e-03 
-6.520000000000525e-03  1.646740000000000e+00  1.653260000000000e+00  4.392643655385798e-02  3.253557304529431e+00  1.648741870541645e+00 -3.209630867975573e+00  1.648741788104555e+00  1.165747211173608e-03 
-6.510000000000460e-03  1.646745000000000e+00  1.653255000000000e+00  4.392799021592616e-02  3.253555897459010e+00  1.648741943837468e+00 -3.209627907243084e+00  1.648741861400375e+00  1.165754243187384e-03 
-6.500000000000394e-03  1.646750000000000e+00  1.653250000000000e+00  4.392955174852203e-02  3.253554484016619e+00  1.648742017882570e+00 -3.209624932268097e+00  1.648741935445474e+00  1.165761310440601e-03 
-6.490000000000773e-03  1.646755000000000e+00  1.653245000000001e+00  4.393112055231662e-02  3.253553064112237e+00  1.648742092332277e+00 -3.209621943559920e+00  1.648742009895176e+00  1.165768409558727e-03 
-6.480000000000707e-03  1.646760000000000e+00  1.653240000000000e+00  4.393269578853237e-02  3.253551637812428e+00  1.648742166800480e+00 -3.209618942023896e+00  1.648742084363376e+00  1.165775538390284e-03 
-6.470000000000642e-03  1.646765000000000e+00  1.653235000000000e+00  4.393427749395806e-02  3.253550205069441e+00  1.648742241281699e+00 -3.209615927575483e+00  1.648742158844591e+00  1.165782697081639e-03 
-6.460000000000576e-03  1.646770000000000e+00  1.653230000000000e+00  4.393586906562143e-02  3.253548765693539e+00  1.648742317379580e+00 -3.209612896627917e+00  1.648742234942468e+00  1.165789899512652e-03 
-6.450000000000511e-03  1.646775000000000e+00  1.653225000000000e+00  4.393746395116941e-02  3.253547319796386e+00  1.648742391873778e+00 -3.209609855845216e+00  1.648742309436662e+00  1.165797116998563e-03 
-6.440000000000445e-03  1.646780000000000e+00  1.653220000000000e+00  4.393906591654857e-02  3.253545867131149e+00  1.648742466523849e+00 -3.209606801214601e+00  1.648742384086730e+00  1.165804367030298e-03 
-6.430000000000380e-03  1.646785000000000e+00  1.653215000000000e+00  4.394067979609632e-02  3.253544407696071e+00  1.648742543746084e+00 -3.209603727899975e+00  1.648742461308961e+00  1.165811669960066e-03 
-6.420000000000758e-03  1.646790000000000e+00  1.653210000000001e+00  4.394229676476221e-02  3.253542941511864e+00  1.648742619138313e+00 -3.209600644747102e+00  1.648742536701187e+00  1.165818987489270e-03 
-6.410000000000693e-03  1.646795000000000e+00  1.653205000000000e+00  4.394392253475851e-02  3.253541468410369e+00  1.648742695472564e+00 -3.209597545875611e+00  1.648742613035433e+00  1.165826344242877e-03 
-6.400000000000627e-03  1.646800000000000e+00  1.653200000000000e+00  4.394555649021089e-02  3.253539988312387e+00  1.648742772401299e+00 -3.209594431822177e+00  1.648742689964165e+00  1.165833737679206e-03 
-6.390000000000562e-03  1.646805000000000e+00  1.653195000000000e+00  4.394719995086527e-02  3.253538501171893e+00  1.648742850561379e+00 -3.209591301221027e+00  1.648742768124241e+00  1.165841174924705e-03 
-6.380000000000496e-03  1.646810000000000e+00  1.653190000000000e+00  4.394884896675540e-02  3.253537007029182e+00  1.648742927997969e+00 -3.209588158062427e+00  1.648742845560827e+00  1.165848637319165e-03 
-6.370000000000431e-03  1.646815000000000e+00  1.653185000000000e+00  4.395050500843172e-02  3.253535505691500e+00  1.648743005349966e+00 -3.209585000683068e+00  1.648742922912819e+00  1.165856130818457e-03 
-6.360000000000365e-03  1.646820000000000e+00  1.653180000000000e+00  4.395216887975806e-02  3.253533997104540e+00  1.648743082992149e+00 -3.209581828224782e+00  1.648743000554999e+00  1.165863659310876e-03 
-6.350000000000744e-03  1.646825000000000e+00  1.653175000000001e+00  4.395384180551930e-02  3.253532481269889e+00  1.648743161537704e+00 -3.209578639464370e+00  1.648743079100550e+00  1.165871229578197e-03 
-6.340000000000678e-03  1.646830000000000e+00  1.653170000000000e+00  4.395552248254513e-02  3.253530958010255e+00  1.648743240246400e+00 -3.209575435527710e+00  1.648743157809242e+00  1.165878834274210e-03 
-6.330000000000613e-03  1.646835000000000e+00  1.653165000000000e+00  4.395721010488495e-02  3.253529427301520e+00  1.648743318703202e+00 -3.209572217196635e+00  1.648743236266041e+00  1.165886470060015e-03 
-6.320000000000547e-03  1.646840000000000e+00  1.653160000000000e+00  4.395890645641242e-02  3.253527889116978e+00  1.648743397786695e+00 -3.209568982660565e+00  1.648743315349529e+00  1.165894144943395e-03 
-6.310000000000482e-03  1.646845000000000e+00  1.653155000000000e+00  4.396060970351910e-02  3.253526343356008e+00  1.648743476529764e+00 -3.209565733652489e+00  1.648743394092594e+00  1.165901852483230e-03 
-6.300000000000416e-03  1.646850000000000e+00  1.653150000000000e+00  4.396232161959233e-02  3.253524789835736e+00  1.648743555727664e+00 -3.209562468216144e+00  1.648743473290491e+00  1.165909598297187e-03 
-6.290000000000351e-03  1.646855000000000e+00  1.653145000000000e+00  4.396404338099449e-02  3.253523228617376e+00  1.648743635999185e+00 -3.209559185236381e+00  1.648743553562008e+00  1.165917387349926e-03 
-6.280000000000729e-03  1.646860000000000e+00  1.653140000000000e+00  4.396577420914650e-02  3.253521659544607e+00  1.648743716876877e+00 -3.209555885335460e+00  1.648743634439695e+00  1.165925219162348e-03 
-6.270000000000664e-03  1.646865000000000e+00  1.653135000000000e+00  4.396751212031019e-02  3.253520082552877e+00  1.648743797336593e+00 -3.209552570432567e+00  1.648743714899408e+00  1.165933082827667e-03 
-6.260000000000598e-03  1.646870000000000e+00  1.653130000000000e+00  4.396925786205368e-02  3.253518497580125e+00  1.648743877721089e+00 -3.209549239718071e+00  1.648743795283899e+00  1.165940980332771e-03 
-6.250000000000533e-03  1.646875000000000e+00  1.653125000000000e+00  4.397101492317385e-02  3.253516904493309e+00  1.648743959708242e+00 -3.209545889570136e+00  1.648743877271048e+00  1.165948930307997e-03 
-6.240000000000467e-03  1.646880000000000e+00  1.653120000000000e+00  4.397277863296412e-02  3.253515303301189e+00  1.648744040967076e+00 -3.209542524668225e+00  1.648743958529879e+00  1.165956909402850e-03 
-6.230000000000402e-03  1.646885000000000e+00  1.653115000000000e+00  4.397455144182005e-02  3.253513693775921e+00  1.648744122608870e+00 -3.209539142334100e+00  1.648744040171668e+00  1.165964930817621e-03 
-6.220000000000780e-03  1.646890000000000e+00  1.653110000000001e+00  4.397633591944863e-02  3.253512075849460e+00  1.648744205884454e+00 -3.209535739930012e+00  1.648744123447248e+00  1.165973003782642e-03 
-6.210000000000715e-03  1.646895000000000e+00  1.653105000000000e+00  4.397812741266222e-02  3.253510449607000e+00  1.648744288509831e+00 -3.209532322194338e+00  1.648744206072621e+00  1.165981109081010e-03 
-6.200000000000649e-03  1.646900000000000e+00  1.653100000000000e+00  4.397992930424958e-02  3.253508814833021e+00  1.648744372068635e+00 -3.209528885528771e+00  1.648744289631421e+00  1.165989260950796e-03 
-6.190000000000584e-03  1.646905000000000e+00  1.653095000000000e+00  4.398173769553529e-02  3.253507171507846e+00  1.648744454601691e+00 -3.209525433812311e+00  1.648744372164472e+00  1.165997442262109e-03 
-6.180000000000518e-03  1.646910000000000e+00  1.653090000000000e+00  4.398355697183340e-02  3.253505519439607e+00  1.648744538205720e+00 -3.209521962467773e+00  1.648744455768497e+00  1.166005672696804e-03 
-6.170000000000453e-03  1.646915000000000e+00  1.653085000000000e+00  4.398538751190708e-02  3.253503858547286e+00  1.648744623029596e+00 -3.209518471035378e+00  1.648744540592369e+00  1.166013953853128e-03 
-6.160000000000387e-03  1.646920000000000e+00  1.653080000000000e+00  4.398722589976306e-02  3.253502188775188e+00  1.648744707337476e+00 -3.209514962875426e+00  1.648744624900244e+00  1.166022270059390e-03 
-6.150000000000766e-03  1.646925000000000e+00  1.653075000000001e+00  4.398907411491887e-02  3.253500510154363e+00  1.648744792134641e+00 -3.209511436039444e+00  1.648744709697405e+00  1.166030630655969e-03 
-6.140000000000700e-03  1.646930000000000e+00  1.653070000000000e+00  4.399093168481100e-02  3.253498822314215e+00  1.648744876999513e+00 -3.209507890629404e+00  1.648744794562273e+00  1.166039034990122e-03 
-6.130000000000635e-03  1.646935000000000e+00  1.653065000000000e+00  4.399279964135577e-02  3.253497125284178e+00  1.648744962462767e+00 -3.209504325642822e+00  1.648744880025523e+00  1.166047484834388e-03 
-6.120000000000569e-03  1.646940000000000e+00  1.653060000000000e+00  4.399467884860753e-02  3.253495419059429e+00  1.648745048954018e+00 -3.209500740210821e+00  1.648744966516770e+00  1.166055985179287e-03 
-6.110000000000504e-03  1.646945000000000e+00  1.653055000000000e+00  4.399656535944092e-02  3.253493703351474e+00  1.648745134355458e+00 -3.209497137992033e+00  1.648745051918205e+00  1.166064518681808e-03 
-6.100000000000438e-03  1.646950000000000e+00  1.653050000000000e+00  4.399846562849281e-02  3.253491978162742e+00  1.648745221895617e+00 -3.209493512534249e+00  1.648745139458360e+00  1.166073115209633e-03 
-6.090000000000373e-03  1.646955000000000e+00  1.653045000000000e+00  4.400037295788989e-02  3.253490243397612e+00  1.648745308177751e+00 -3.209489870439722e+00  1.648745225740490e+00  1.166081742550463e-03 
-6.080000000000751e-03  1.646960000000000e+00  1.653040000000001e+00  4.400229239476946e-02  3.253488498994410e+00  1.648745395694590e+00 -3.209486206599640e+00  1.648745313257324e+00  1.166090424609946e-03 
-6.070000000000686e-03  1.646965000000000e+00  1.653035000000000e+00  4.400422356206087e-02  3.253486744691974e+00  1.648745484127017e+00 -3.209482521129913e+00  1.648745401689747e+00  1.166099160708431e-03 
-6.060000000000620e-03  1.646970000000000e+00  1.653030000000000e+00  4.400616261054816e-02  3.253484980534635e+00  1.648745571572591e+00 -3.209478817924087e+00  1.648745489135317e+00  1.166107930332249e-03 
-6.050000000000555e-03  1.646975000000000e+00  1.653025000000000e+00  4.400811679337960e-02  3.253483206277660e+00  1.648745661535520e+00 -3.209475089484280e+00  1.648745579098241e+00  1.166116770005014e-03 
-6.040000000000489e-03  1.646980000000000e+00  1.653020000000000e+00  4.401007811738342e-02  3.253481421857971e+00  1.648745749987677e+00 -3.209471343740587e+00  1.648745667550394e+00  1.166125641257254e-03 
-6.030000000000424e-03  1.646985000000000e+00  1.653015000000000e+00  4.401205312201525e-02  3.253479627138676e+00  1.648745840130345e+00 -3.209467574016660e+00  1.648745757693058e+00  1.166134574716807e-03 
-6.020000000000358e-03  1.646990000000000e+00  1.653010000000000e+00  4.401403647294393e-02  3.253477822137971e+00  1.648745929305458e+00 -3.209463785665027e+00  1.648745846868165e+00  1.166143544853660e-03 
-6.010000000000737e-03  1.646995000000000e+00  1.653005000000001e+00  4.401603048902894e-02  3.253476006644929e+00  1.648746018566979e+00 -3.209459976155900e+00  1.648745936129682e+00  1.166152562773374e-03 
-6.000000000000671e-03  1.647000000000000e+00  1.653000000000000e+00  4.401803915103777e-02  3.253474180446383e+00  1.648746109798711e+00 -3.209456141295346e+00  1.648746027361409e+00  1.166161648708262e-03 
-5.990000000000606e-03  1.647005000000000e+00  1.652995000000000e+00  4.402005613951659e-02  3.253472343593520e+00  1.648746199866518e+00 -3.209452287454003e+00  1.648746117429212e+00  1.166170770946652e-03 
-5.980000000000540e-03  1.647010000000000e+00  1.652990000000000e+00  4.402209047906643e-02  3.253470495600460e+00  1.648746293039763e+00 -3.209448405121394e+00  1.648746210602453e+00  1.166179972744298e-03 
-5.970000000000475e-03  1.647015000000000e+00  1.652985000000000e+00  4.402413138334042e-02  3.253468636831508e+00  1.648746384107424e+00 -3.209444505448167e+00  1.648746301670109e+00  1.166189202286334e-03 
-5.960000000000409e-03  1.647020000000000e+00  1.652980000000000e+00  4.402618957075404e-02  3.253466766770241e+00  1.648746478170497e+00 -3.209440577199487e+00  1.648746395733178e+00  1.166198510408762e-03 
-5.950000000000788e-03  1.647025000000000e+00  1.652975000000001e+00  4.402825666223652e-02  3.253464885490502e+00  1.648746571076369e+00 -3.209436628828265e+00  1.648746488639045e+00  1.166207858901993e-03 
-5.940000000000722e-03  1.647030000000000e+00  1.652970000000000e+00  4.403033447660917e-02  3.253462992824819e+00  1.648746663650714e+00 -3.209432658348210e+00  1.648746581213385e+00  1.166217255538510e-03 
-5.930000000000657e-03  1.647035000000000e+00  1.652965000000000e+00  4.403242625611582e-02  3.253461088651570e+00  1.648746757453843e+00 -3.209428662395454e+00  1.648746675016509e+00  1.166226715889640e-03 
-5.920000000000591e-03  1.647040000000000e+00  1.652960000000000e+00  4.403453070153168e-02  3.253459172673226e+00  1.648746851687379e+00 -3.209424641971694e+00  1.648746769250040e+00  1.166236231780879e-03 
-5.910000000000526e-03  1.647045000000000e+00  1.652955000000000e+00  4.403664740672341e-02  3.253457244958439e+00  1.648746946182581e+00 -3.209420597551716e+00  1.648746863745238e+00  1.166245804565168e-03 
-5.900000000000460e-03  1.647050000000000e+00  1.652950000000000e+00  4.403877982919623e-02  3.253455305160087e+00  1.648747042494642e+00 -3.209416525330890e+00  1.648746960057293e+00  1.166255449110230e-03 
-5.890000000000395e-03  1.647055000000000e+00  1.652945000000000e+00  4.404092285350749e-02  3.253453353276234e+00  1.648747138064871e+00 -3.209412430422726e+00  1.648747055627518e+00  1.166265139750743e-03 
-5.880000000000773e-03  1.647060000000000e+00  1.652940000000001e+00  4.404307866466318e-02  3.253451389182945e+00  1.648747233923804e+00 -3.209408310518282e+00  1.648747151486446e+00  1.166274888500986e-03 
-5.870000000000708e-03  1.647065000000000e+00  1.652935000000000e+00  4.404524953261395e-02  3.253449412558055e+00  1.648747331045334e+00 -3.209404163025441e+00  1.648747248607972e+00  1.166284705135044e-03 
-5.860000000000642e-03  1.647070000000000e+00  1.652930000000000e+00  4.404743567466193e-02  3.253447423409782e+00  1.648747429542222e+00 -3.209399987735120e+00  1.648747347104855e+00  1.166294591778879e-03 
-5.850000000000577e-03  1.647075000000000e+00  1.652925000000000e+00  4.404962898353620e-02  3.253445421518139e+00  1.648747525250837e+00 -3.209395792534603e+00  1.648747442813465e+00  1.166304508289914e-03 
-5.840000000000511e-03  1.647080000000000e+00  1.652920000000000e+00  4.405184226741304e-02  3.253443406700197e+00  1.648747624483805e+00 -3.209391564432784e+00  1.648747542046428e+00  1.166314516970122e-03 
-5.830000000000446e-03  1.647085000000000e+00  1.652915000000000e+00  4.405406832257515e-02  3.253441378715555e+00  1.648747723519065e+00 -3.209387310392980e+00  1.648747641081683e+00  1.166324582884973e-03 
-5.820000000000380e-03  1.647090000000000e+00  1.652910000000000e+00  4.405630886904932e-02  3.253439337543965e+00  1.648747823206507e+00 -3.209383028674915e+00  1.648747740769120e+00  1.166334713768353e-03 
-5.810000000000759e-03  1.647095000000000e+00  1.652905000000001e+00  4.405856276341712e-02  3.253437283063635e+00  1.648747922913526e+00 -3.209378720300218e+00  1.648747840476134e+00  1.166344905264310e-03 
-5.800000000000693e-03  1.647100000000000e+00  1.652900000000000e+00  4.406083491752762e-02  3.253435214824122e+00  1.648748024870825e+00 -3.209374379906594e+00  1.648747942433427e+00  1.166355179709131e-03 
-5.790000000000628e-03  1.647105000000000e+00  1.652895000000000e+00  4.406311913274125e-02  3.253433132965452e+00  1.648748126049097e+00 -3.209370013832710e+00  1.648748043611694e+00  1.166365507324060e-03 
-5.780000000000562e-03  1.647110000000000e+00  1.652890000000000e+00  4.406541486700436e-02  3.253431037282169e+00  1.648748226074587e+00 -3.209365622415165e+00  1.648748143637180e+00  1.166375886658727e-03 
-5.770000000000497e-03  1.647115000000000e+00  1.652885000000000e+00  4.406772965753972e-02  3.253428927307055e+00  1.648748328482297e+00 -3.209361197649515e+00  1.648748246044885e+00  1.166386352829602e-03 
-5.760000000000431e-03  1.647120000000000e+00  1.652880000000000e+00  4.407006032201867e-02  3.253426802996541e+00  1.648748431659280e+00 -3.209356742674522e+00  1.648748349221862e+00  1.166396890208904e-03 
-5.750000000000366e-03  1.647125000000000e+00  1.652875000000000e+00  4.407240437928736e-02  3.253424664284732e+00  1.648748534332010e+00 -3.209352259905445e+00  1.648748451894587e+00  1.166407487667710e-03 
-5.740000000000745e-03  1.647130000000000e+00  1.652870000000001e+00  4.407476694120477e-02  3.253422510812991e+00  1.648748638877098e+00 -3.209347743871787e+00  1.648748556439670e+00  1.166418169230350e-03 
-5.730000000000679e-03  1.647135000000000e+00  1.652865000000000e+00  4.407714342068925e-02  3.253420342513915e+00  1.648748742967302e+00 -3.209343199093226e+00  1.648748660529869e+00  1.166428914052525e-03 
-5.720000000000613e-03  1.647140000000000e+00  1.652860000000000e+00  4.407953712106215e-02  3.253418159146564e+00  1.648748848133813e+00 -3.209338622025502e+00  1.648748765696375e+00  1.166439736074239e-03 
-5.710000000000548e-03  1.647145000000000e+00  1.652855000000000e+00  4.408194543551506e-02  3.253415960423474e+00  1.648748952929495e+00 -3.209334014987959e+00  1.648748870492051e+00  1.166450622629465e-03 
-5.700000000000482e-03  1.647150000000000e+00  1.652850000000000e+00  4.408437277939147e-02  3.253413746191530e+00  1.648749059485461e+00 -3.209329373412138e+00  1.648748977048012e+00  1.166461597236026e-03 
-5.690000000000417e-03  1.647155000000000e+00  1.652845000000000e+00  4.408681691841725e-02  3.253411516296453e+00  1.648749166607435e+00 -3.209324699378036e+00  1.648749084169981e+00  1.166472646178225e-03 
-5.680000000000796e-03  1.647160000000000e+00  1.652840000000001e+00  4.408928166786899e-02  3.253409270313669e+00  1.648749275990769e+00 -3.209319988645800e+00  1.648749193553309e+00  1.166483789374546e-03 
-5.670000000000730e-03  1.647165000000000e+00  1.652835000000000e+00  4.409175953472620e-02  3.253407008267795e+00  1.648749383901261e+00 -3.209315248733069e+00  1.648749301463796e+00  1.166494990596840e-03 
-5.660000000000664e-03  1.647170000000000e+00  1.652830000000000e+00  4.409425653921667e-02  3.253404729901411e+00  1.648749493220314e+00 -3.209310473362194e+00  1.648749410782843e+00  1.166506279065704e-03 
-5.650000000000599e-03  1.647175000000000e+00  1.652825000000000e+00  4.409676906032641e-02  3.253402434990319e+00  1.648749602025323e+00 -3.209305665929993e+00  1.648749519587847e+00  1.166517635331650e-03 
-5.640000000000533e-03  1.647180000000000e+00  1.652820000000000e+00  4.409930115147646e-02  3.253400123013257e+00  1.648749712082367e+00 -3.209300821861781e+00  1.648749629644886e+00  1.166529082559231e-03 
-5.630000000000468e-03  1.647185000000000e+00  1.652815000000000e+00  4.410185253534823e-02  3.253397794178783e+00  1.648749823357065e+00 -3.209295941643435e+00  1.648749740919579e+00  1.166540614659847e-03 
-5.620000000000402e-03  1.647190000000000e+00  1.652810000000000e+00  4.410442034335278e-02  3.253395447981688e+00  1.648749934162520e+00 -3.209291027638335e+00  1.648749851725028e+00  1.166552222155638e-03 
-5.610000000000781e-03  1.647195000000000e+00  1.652805000000001e+00  4.410700971013855e-02  3.253393084022958e+00  1.648750046866548e+00 -3.209286074312820e+00  1.648749964429050e+00  1.166563926766046e-03 
-5.600000000000716e-03  1.647200000000000e+00  1.652800000000000e+00  4.410962028699254e-02  3.253390702465247e+00  1.648750161376120e+00 -3.209281082178255e+00  1.648750078938616e+00  1.166575727314085e-03 
-5.590000000000650e-03  1.647205000000000e+00  1.652795000000000e+00  4.411224725450189e-02  3.253388302654476e+00  1.648750274954489e+00 -3.209276055399974e+00  1.648750192516980e+00  1.166587600882690e-03 
-5.580000000000584e-03  1.647210000000000e+00  1.652790000000000e+00  4.411489348245130e-02  3.253385884631211e+00  1.648750389056831e+00 -3.209270991148760e+00  1.648750306619316e+00  1.166599561423878e-03 
-5.570000000000519e-03  1.647215000000000e+00  1.652785000000000e+00  4.411756283274507e-02  3.253383447849173e+00  1.648750505340959e+00 -3.209265885016428e+00  1.648750422903438e+00  1.166611626381662e-03 
-5.560000000000453e-03  1.647220000000000e+00  1.652780000000000e+00  4.412024925411055e-02  3.253380992314674e+00  1.648750620784392e+00 -3.209260743060563e+00  1.648750538346865e+00  1.166623768455656e-03 
-5.550000000000388e-03  1.647225000000000e+00  1.652775000000000e+00  4.412295785510566e-02  3.253378517455947e+00  1.648750737655526e+00 -3.209255559600841e+00  1.648750655217994e+00  1.166636010639434e-03 
-5.540000000000767e-03  1.647230000000000e+00  1.652770000000001e+00  4.412568840441117e-02  3.253376023163670e+00  1.648750855784040e+00 -3.209250334759259e+00  1.648750773346502e+00  1.166648352689121e-03 
-5.530000000000701e-03  1.647235000000000e+00  1.652765000000000e+00  4.412843959601895e-02  3.253373509145810e+00  1.648750974370914e+00 -3.209245069549791e+00  1.648750891933370e+00  1.166660787062701e-03 
-5.520000000000636e-03  1.647240000000000e+00  1.652760000000000e+00  4.413121115902622e-02  3.253370975122716e+00  1.648751093140871e+00 -3.209239763963690e+00  1.648751010703321e+00  1.166673312267741e-03 
-5.510000000000570e-03  1.647245000000000e+00  1.652755000000000e+00  4.413400734286191e-02  3.253368420764990e+00  1.648751214053926e+00 -3.209234413422128e+00  1.648751131616369e+00  1.166685949168008e-03 
-5.500000000000504e-03  1.647250000000000e+00  1.652750000000000e+00  4.413682093131518e-02  3.253365845699459e+00  1.648751333315387e+00 -3.209229024768144e+00  1.648751250877825e+00  1.166698664720801e-03 
-5.490000000000439e-03  1.647255000000000e+00  1.652745000000000e+00  4.413966192292716e-02  3.253363249644226e+00  1.648751455783577e+00 -3.209223587721299e+00  1.648751373346008e+00  1.166711503437676e-03 
-5.480000000000373e-03  1.647260000000000e+00  1.652740000000000e+00  4.414252547751077e-02  3.253360632318179e+00  1.648751578897845e+00 -3.209218106840668e+00  1.648751496460270e+00  1.166724443710454e-03 
-5.470000000000752e-03  1.647265000000000e+00  1.652735000000001e+00  4.414541042810329e-02  3.253357993391940e+00  1.648751701910022e+00 -3.209212582963836e+00  1.648751619472441e+00  1.166737481022277e-03 
-5.460000000000687e-03  1.647270000000000e+00  1.652730000000000e+00  4.414832091794278e-02  3.253355332227525e+00  1.648751826572734e+00 -3.209207011309583e+00  1.648751744135147e+00  1.166750632304008e-03 
-5.450000000000621e-03  1.647275000000000e+00  1.652725000000000e+00  4.415125488552943e-02  3.253352649009617e+00  1.648751951947573e+00 -3.209201394124088e+00  1.648751869509980e+00  1.166763891206768e-03 
-5.440000000000556e-03  1.647280000000000e+00  1.652720000000000e+00  4.415421042967768e-02  3.253349943158282e+00  1.648752076793980e+00 -3.209195732728604e+00  1.648751994356380e+00  1.166777246738947e-03 
-5.430000000000490e-03  1.647285000000000e+00  1.652715000000000e+00  4.415719559945101e-02  3.253347213982825e+00  1.648752204791138e+00 -3.209190018383374e+00  1.648752122353532e+00  1.166790736064377e-03 
-5.420000000000424e-03  1.647290000000000e+00  1.652710000000000e+00  4.416020389830268e-02  3.253344461531952e+00  1.648752332715128e+00 -3.209184257633650e+00  1.648752250277515e+00  1.166804329421867e-03 
-5.410000000000803e-03  1.647295000000000e+00  1.652705000000001e+00  4.416323719973018e-02  3.253341685358016e+00  1.648752461278873e+00 -3.209178448158286e+00  1.648752378841254e+00  1.166818034995561e-03 
-5.400000000000738e-03  1.647300000000000e+00  1.652700000000001e+00  4.416629785339848e-02  3.253338884854420e+00  1.648752591353909e+00 -3.209172587001022e+00  1.648752508916284e+00  1.166831864499590e-03 
-5.390000000000672e-03  1.647305000000000e+00  1.652695000000000e+00  4.416938449750443e-02  3.253336059944990e+00  1.648752722221247e+00 -3.209166675447485e+00  1.648752639783615e+00  1.166845810471159e-03 
-5.380000000000607e-03  1.647310000000000e+00  1.652690000000000e+00  4.417249912960908e-02  3.253333209904006e+00  1.648752854516808e+00 -3.209160710774397e+00  1.648752772079169e+00  1.166859883305069e-03 
-5.370000000000541e-03  1.647315000000000e+00  1.652685000000000e+00  4.417564121877032e-02  3.253330334533151e+00  1.648752987875961e+00 -3.209154693314381e+00  1.648752905438315e+00  1.166874079867823e-03 
-5.360000000000475e-03  1.647320000000000e+00  1.652680000000000e+00  4.417880826365128e-02  3.253327433558655e+00  1.648753120911153e+00 -3.209148625295004e+00  1.648753038473501e+00  1.166888389061960e-03 
-5.350000000000410e-03  1.647325000000000e+00  1.652675000000000e+00  4.418200691413193e-02  3.253324506000574e+00  1.648753256457353e+00 -3.209142499086442e+00  1.648753174019694e+00  1.166902840176861e-03 
-5.340000000000789e-03  1.647330000000000e+00  1.652670000000001e+00  4.418523400914118e-02  3.253321551881276e+00  1.648753392945209e+00 -3.209136317872135e+00  1.648753310507543e+00  1.166917419385905e-03 
-5.330000000000723e-03  1.647335000000000e+00  1.652665000000000e+00  4.418848830016681e-02  3.253318570677136e+00  1.648753529488652e+00 -3.209130082376970e+00  1.648753447050979e+00  1.166932122369328e-03 
-5.320000000000658e-03  1.647340000000000e+00  1.652660000000000e+00  4.419177357693677e-02  3.253315561857538e+00  1.648753667717237e+00 -3.209123788280601e+00  1.648753585279558e+00  1.166946962991312e-03 
-5.310000000000592e-03  1.647345000000000e+00  1.652655000000000e+00  4.419508886603028e-02  3.253312524937632e+00  1.648753806901831e+00 -3.209117436071601e+00  1.648753724464145e+00  1.166961940391559e-03 
-5.300000000000527e-03  1.647350000000000e+00  1.652650000000000e+00  4.419843602683266e-02  3.253309459296587e+00  1.648753947661710e+00 -3.209111023269754e+00  1.648753865224017e+00  1.166977061704118e-03 
-5.290000000000461e-03  1.647355000000000e+00  1.652645000000000e+00  4.420181701713802e-02  3.253306364777994e+00  1.648754090897566e+00 -3.209104547760856e+00  1.648754008459866e+00  1.166992335677850e-03 
-5.280000000000395e-03  1.647360000000000e+00  1.652640000000000e+00  4.420522190227983e-02  3.253303240764285e+00  1.648754231333283e+00 -3.209098018862005e+00  1.648754148895575e+00  1.167007714904278e-03 
-5.270000000000774e-03  1.647365000000000e+00  1.652635000000001e+00  4.420866843866052e-02  3.253300086322619e+00  1.648754377380640e+00 -3.209091417883958e+00  1.648754294942925e+00  1.167023284400967e-03 
-5.260000000000709e-03  1.647370000000000e+00  1.652630000000000e+00  4.421214206641169e-02  3.253296901593127e+00  1.648754521829769e+00 -3.209084759526715e+00  1.648754439392047e+00  1.167038974782559e-03 
-5.250000000000643e-03  1.647375000000000e+00  1.652625000000000e+00  4.421565157956855e-02  3.253293685612662e+00  1.648754668596115e+00 -3.209078034033094e+00  1.648754586158386e+00  1.167054827253319e-03 
-5.240000000000578e-03  1.647380000000000e+00  1.652620000000000e+00  4.421919484377142e-02  3.253290437777412e+00  1.648754816310592e+00 -3.209071242933641e+00  1.648754733872855e+00  1.167070831618310e-03 
-5.230000000000512e-03  1.647385000000000e+00  1.652615000000000e+00  4.422277267237996e-02  3.253287157658406e+00  1.648754965165393e+00 -3.209064384986026e+00  1.648754882727649e+00  1.167086992110441e-03 
-5.220000000000447e-03  1.647390000000000e+00  1.652610000000000e+00  4.422638620111880e-02  3.253283844743950e+00  1.648755115472535e+00 -3.209057458542832e+00  1.648755033034783e+00  1.167103313137598e-03 
-5.210000000000381e-03  1.647395000000000e+00  1.652605000000000e+00  4.423003657335544e-02  3.253280498236718e+00  1.648755267405037e+00 -3.209050461663363e+00  1.648755184967277e+00  1.167119800099305e-03 
-5.200000000000760e-03  1.647400000000000e+00  1.652600000000001e+00  4.423372452341612e-02  3.253277117618869e+00  1.648755421071142e+00 -3.209043393095453e+00  1.648755338633376e+00  1.167136457189892e-03 
-5.190000000000694e-03  1.647405000000000e+00  1.652595000000000e+00  4.423744884580320e-02  3.253273702133106e+00  1.648755575489455e+00 -3.209036253287303e+00  1.648755493051680e+00  1.167153277928759e-03 
-5.180000000000629e-03  1.647410000000000e+00  1.652590000000000e+00  4.424121072160870e-02  3.253270251443234e+00  1.648755731082421e+00 -3.209029040721625e+00  1.648755648644639e+00  1.167170267391946e-03 
-5.170000000000563e-03  1.647415000000000e+00  1.652585000000000e+00  4.424501418964717e-02  3.253266764462768e+00  1.648755889326208e+00 -3.209021750273120e+00  1.648755806888417e+00  1.167187443682897e-03 
-5.160000000000498e-03  1.647420000000000e+00  1.652580000000000e+00  4.424885324680516e-02  3.253263241041300e+00  1.648756047144053e+00 -3.209014387794495e+00  1.648755964706254e+00  1.167204781220045e-03 
-5.150000000000432e-03  1.647425000000000e+00  1.652575000000000e+00  4.425273585849675e-02  3.253259679863497e+00  1.648756207860997e+00 -3.209006944005001e+00  1.648756125423191e+00  1.167222314801178e-03 
-5.140000000000811e-03  1.647430000000000e+00  1.652570000000001e+00  4.425665978733427e-02  3.253256080461348e+00  1.648756370124341e+00 -3.208999420674013e+00  1.648756287686527e+00  1.167240035191864e-03 
-5.130000000000745e-03  1.647435000000000e+00  1.652565000000001e+00  4.426062363485540e-02  3.253252442424919e+00  1.648756533029887e+00 -3.208991818790064e+00  1.648756450592065e+00  1.167257934250041e-03 
-5.120000000000680e-03  1.647440000000000e+00  1.652560000000000e+00  4.426462838690912e-02  3.253248764583307e+00  1.648756696485108e+00 -3.208984136196397e+00  1.648756614047277e+00  1.167276018260691e-03 
-5.110000000000614e-03  1.647445000000000e+00  1.652555000000000e+00  4.426868043370651e-02  3.253245046188805e+00  1.648756863311256e+00 -3.208976365755098e+00  1.648756780873417e+00  1.167294315130283e-03 
-5.100000000000549e-03  1.647450000000000e+00  1.652550000000000e+00  4.427277839917415e-02  3.253241286473691e+00  1.648757032436433e+00 -3.208968508074517e+00  1.648756949998585e+00  1.167312818480746e-03 
-5.090000000000483e-03  1.647455000000000e+00  1.652545000000000e+00  4.427692056685645e-02  3.253237484794782e+00  1.648757202680819e+00 -3.208960564227925e+00  1.648757120242963e+00  1.167331521863482e-03 
-5.080000000000418e-03  1.647460000000000e+00  1.652540000000000e+00  4.428110737892132e-02  3.253233640251206e+00  1.648757373815064e+00 -3.208952532872285e+00  1.648757291377199e+00  1.167350425875641e-03 
-5.070000000000796e-03  1.647465000000000e+00  1.652535000000001e+00  4.428534235709308e-02  3.253229751778292e+00  1.648757547067693e+00 -3.208944409421199e+00  1.648757464629819e+00  1.167369546248458e-03 
-5.060000000000731e-03  1.647470000000000e+00  1.652530000000000e+00  4.428962635459040e-02  3.253225818576483e+00  1.648757722465537e+00 -3.208936192221893e+00  1.648757640027655e+00  1.167388888453636e-03 
-5.050000000000665e-03  1.647475000000000e+00  1.652525000000000e+00  4.429396011153060e-02  3.253221839787806e+00  1.648757899949668e+00 -3.208927879676275e+00  1.648757817511777e+00  1.167408454588248e-03 
-5.040000000000600e-03  1.647480000000000e+00  1.652520000000000e+00  4.429834129010125e-02  3.253217814708364e+00  1.648758077999233e+00 -3.208919473418263e+00  1.648757995561333e+00  1.167428234185458e-03 
-5.030000000000534e-03  1.647485000000000e+00  1.652515000000000e+00  4.430277643938751e-02  3.253213741812906e+00  1.648758259126147e+00 -3.208910965373519e+00  1.648758176688238e+00  1.167448256349418e-03 
-5.020000000000469e-03  1.647490000000000e+00  1.652510000000000e+00  4.430725836955843e-02  3.253209620751796e+00  1.648758439560677e+00 -3.208902362382238e+00  1.648758357122760e+00  1.167468488898454e-03 
-5.010000000000403e-03  1.647495000000000e+00  1.652505000000000e+00  4.431180156148335e-02  3.253205449776521e+00  1.648758625669002e+00 -3.208893648215037e+00  1.648758543231075e+00  1.167488999042392e-03 
-5.000000000000782e-03  1.647500000000000e+00  1.652500000000001e+00  4.431639654342329e-02  3.253201228440125e+00  1.648758812491774e+00 -3.208884831896702e+00  1.648758730053838e+00  1.167509741335990e-03 
-4.990000000000716e-03  1.647505000000000e+00  1.652495000000000e+00  4.432104603247657e-02  3.253196955242581e+00  1.648759000637529e+00 -3.208875909210105e+00  1.648758918199583e+00  1.167530728761513e-03 
-4.980000000000651e-03  1.647510000000000e+00  1.652490000000000e+00  4.432575116013040e-02  3.253192629522347e+00  1.648759190341239e+00 -3.208866878362217e+00  1.648759107903284e+00  1.167551966588519e-03 
-4.970000000000585e-03  1.647515000000000e+00  1.652485000000000e+00  4.433051743235193e-02  3.253188249844066e+00  1.648759383638209e+00 -3.208857732411714e+00  1.648759301200244e+00  1.167573480462293e-03 
-4.960000000000520e-03  1.647520000000000e+00  1.652480000000000e+00  4.433534197869649e-02  3.253183815081315e+00  1.648759578530006e+00 -3.208848473102619e+00  1.648759496092031e+00  1.167595256699723e-03 
-4.950000000000454e-03  1.647525000000000e+00  1.652475000000000e+00  4.434022912871918e-02  3.253179323806058e+00  1.648759776467389e+00 -3.208839094677339e+00  1.648759694029404e+00  1.167617314708476e-03 
-4.940000000000833e-03  1.647530000000000e+00  1.652470000000001e+00  4.434517571914715e-02  3.253174775128048e+00  1.648759975423598e+00 -3.208829599408901e+00  1.648759892985603e+00  1.167639641217630e-03 
-4.930000000000767e-03  1.647535000000000e+00  1.652465000000001e+00  4.435018866928229e-02  3.253170167610372e+00  1.648760178139827e+00 -3.208819978941090e+00  1.648760095701822e+00  1.167662265585453e-03 
-4.920000000000702e-03  1.647540000000000e+00  1.652460000000000e+00  4.435526242152805e-02  3.253165500020933e+00  1.648760381221230e+00 -3.208810237599405e+00  1.648760298783216e+00  1.167685163613246e-03 
-4.910000000000636e-03  1.647545000000000e+00  1.652455000000000e+00  4.436040417787258e-02  3.253160770956308e+00  1.648760587567091e+00 -3.208800366778436e+00  1.648760505129065e+00  1.167708366883416e-03 
-4.900000000000571e-03  1.647550000000000e+00  1.652450000000000e+00  4.436561537721520e-02  3.253155978973222e+00  1.648760797175219e+00 -3.208790363596006e+00  1.648760714737183e+00  1.167731884136363e-03 
-4.890000000000505e-03  1.647555000000000e+00  1.652445000000000e+00  4.437089499553707e-02  3.253151122276416e+00  1.648761008635976e+00 -3.208780227280879e+00  1.648760926197930e+00  1.167755709869015e-03 
-4.880000000000440e-03  1.647560000000000e+00  1.652440000000000e+00  4.437624759274434e-02  3.253146199926330e+00  1.648761223759537e+00 -3.208769952333586e+00  1.648761141321480e+00  1.167779863019098e-03 
-4.870000000000818e-03  1.647565000000000e+00  1.652435000000001e+00  4.438166946658038e-02  3.253141210495645e+00  1.648761439981113e+00 -3.208759541029065e+00  1.648761357543045e+00  1.167804327832051e-03 
-4.860000000000753e-03  1.647570000000000e+00  1.652430000000001e+00  4.438716933797479e-02  3.253136151617165e+00  1.648761660477570e+00 -3.208748982279190e+00  1.648761578039491e+00  1.167829144261315e-03 
-4.850000000000687e-03  1.647575000000000e+00  1.652425000000000e+00  4.439273944025339e-02  3.253131022719906e+00  1.648761881080080e+00 -3.208738283279653e+00  1.648761798641990e+00  1.167854276698149e-03 
-4.840000000000622e-03  1.647580000000000e+00  1.652420000000000e+00  4.439839060569000e-02  3.253125821391587e+00  1.648762105998638e+00 -3.208727430785896e+00  1.648762023560537e+00  1.167879774240193e-03 
-4.830000000000556e-03  1.647585000000000e+00  1.652415000000000e+00  4.440412392733061e-02  3.253120545569712e+00  1.648762334748521e+00 -3.208716421642381e+00  1.648762252310409e+00  1.167905642102453e-03 
-4.820000000000491e-03  1.647590000000000e+00  1.652410000000000e+00  4.440993672765671e-02  3.253115194440427e+00  1.648762565584042e+00 -3.208705257712770e+00  1.648762483145918e+00  1.167931866226518e-03 
-4.810000000000425e-03  1.647595000000000e+00  1.652405000000000e+00  4.441583434395939e-02  3.253109765560977e+00  1.648762799952468e+00 -3.208693931217017e+00  1.648762717514332e+00  1.167958472790305e-03 
-4.800000000000804e-03  1.647600000000000e+00  1.652400000000001e+00  4.442181951930876e-02  3.253104256774615e+00  1.648763038146962e+00 -3.208682437255307e+00  1.648762955708814e+00  1.167985473220123e-03 
-4.790000000000738e-03  1.647605000000000e+00  1.652395000000001e+00  4.442788934670747e-02  3.253098666934996e+00  1.648763278140852e+00 -3.208670777588288e+00  1.648763195702692e+00  1.168012854963850e-03 
-4.780000000000673e-03  1.647610000000000e+00  1.652390000000000e+00  4.443404990531408e-02  3.253092993491483e+00  1.648763521698398e+00 -3.208658943586169e+00  1.648763439260226e+00  1.168040644028772e-03 
-4.770000000000607e-03  1.647615000000000e+00  1.652385000000000e+00  4.444030212256917e-02  3.253087234313675e+00  1.648763768218122e+00 -3.208646932191106e+00  1.648763685779937e+00  1.168068846026492e-03 
-4.760000000000542e-03  1.647620000000000e+00  1.652380000000000e+00  4.444665129849442e-02  3.253081387423367e+00  1.648764019360931e+00 -3.208634736124873e+00  1.648763936922734e+00  1.168097484940057e-03 
-4.750000000000476e-03  1.647625000000000e+00  1.652375000000000e+00  4.445309541231345e-02  3.253075450539819e+00  1.648764272976066e+00 -3.208622355127505e+00  1.648764190537857e+00  1.168126550324831e-03 
-4.740000000000411e-03  1.647630000000000e+00  1.652370000000000e+00  4.445964368012523e-02  3.253069421157071e+00  1.648764532418598e+00 -3.208609777476946e+00  1.648764449980376e+00  1.168156084082266e-03 
-4.730000000000789e-03  1.647635000000000e+00  1.652365000000001e+00  4.446628492112219e-02  3.253063297562414e+00  1.648764791241768e+00 -3.208597012641292e+00  1.648764708803533e+00  1.168186036328658e-03 
-4.720000000000724e-03  1.647640000000000e+00  1.652360000000000e+00  4.447303808088650e-02  3.253057076411023e+00  1.648765057245955e+00 -3.208584038330137e+00  1.648764974807706e+00  1.168216491370958e-03 
-4.710000000000658e-03  1.647645000000000e+00  1.652355000000000e+00  4.447989778993442e-02  3.253050755696862e+00  1.648765326743398e+00 -3.208570857906928e+00  1.648765244305136e+00  1.168247427054261e-03 
-4.700000000000593e-03  1.647650000000000e+00  1.652350000000000e+00  4.448686782254591e-02  3.253044332492808e+00  1.648765600157677e+00 -3.208557464670263e+00  1.648765517719401e+00  1.168278858555305e-03 
-4.690000000000527e-03  1.647655000000000e+00  1.652345000000000e+00  4.449394918740890e-02  3.253037804675366e+00  1.648765876931387e+00 -3.208543855487957e+00  1.648765794493098e+00  1.168310789982892e-03 
-4.680000000000462e-03  1.647660000000000e+00  1.652340000000000e+00  4.450114888848655e-02  3.253031168503008e+00  1.648766158695747e+00 -3.208530019614522e+00  1.648766076257444e+00  1.168343254569591e-03 
-4.670000000000840e-03  1.647665000000000e+00  1.652335000000001e+00  4.450846564782922e-02  3.253024422081809e+00  1.648766443864819e+00 -3.208515956433979e+00  1.648766361426501e+00  1.168376244620930e-03 
-4.660000000000775e-03  1.647670000000000e+00  1.652330000000001e+00  4.451590967447434e-02  3.253017561533589e+00  1.648766735604032e+00 -3.208501651859114e+00  1.648766653165699e+00  1.168409807215167e-03 
-4.650000000000709e-03  1.647675000000000e+00  1.652325000000000e+00  4.452347388424081e-02  3.253010584786975e+00  1.648767029335608e+00 -3.208487110902734e+00  1.648766946897261e+00  1.168443910829659e-03 
-4.640000000000644e-03  1.647680000000000e+00  1.652320000000000e+00  4.453117028386232e-02  3.253003487664715e+00  1.648767328974289e+00 -3.208472317380853e+00  1.648767246535926e+00  1.168478607619989e-03 
-4.630000000000578e-03  1.647685000000000e+00  1.652315000000000e+00  4.453900016477907e-02  3.252996267097839e+00  1.648767633631309e+00 -3.208457266933060e+00  1.648767551192931e+00  1.168513905199327e-03 
-4.620000000000513e-03  1.647690000000000e+00  1.652310000000000e+00  4.454696197316790e-02  3.252988920181381e+00  1.648767941077274e+00 -3.208441958208213e+00  1.648767858638881e+00  1.168549795552060e-03 
-4.610000000000447e-03  1.647695000000000e+00  1.652305000000000e+00  4.455506976912569e-02  3.252981442442557e+00  1.648768256105841e+00 -3.208426372673431e+00  1.648768173667433e+00  1.168586342833230e-03 
-4.600000000000826e-03  1.647700000000000e+00  1.652300000000001e+00  4.456331985395989e-02  3.252973831008052e+00  1.648768575431006e+00 -3.208410511154092e+00  1.648768492992581e+00  1.168623530004321e-03 
-4.590000000000760e-03  1.647705000000000e+00  1.652295000000001e+00  4.457171946206649e-02  3.252966081676674e+00  1.648768900569370e+00 -3.208394362214607e+00  1.648768818130929e+00  1.168661389076262e-03 
-4.580000000000695e-03  1.647710000000000e+00  1.652290000000000e+00  4.458027226083146e-02  3.252958190669065e+00  1.648769231464948e+00 -3.208377918408233e+00  1.648769149026491e+00  1.168699935931018e-03 
-4.570000000000629e-03  1.647715000000000e+00  1.652285000000000e+00  4.458897727958345e-02  3.252950154526696e+00  1.648769565903140e+00 -3.208361177247113e+00  1.648769483464666e+00  1.168739166304174e-03 
-4.560000000000564e-03  1.647720000000000e+00  1.652280000000000e+00  4.459784957221552e-02  3.252941967676465e+00  1.648769908624341e+00 -3.208344118104250e+00  1.648769826185849e+00  1.168779149671382e-03 
-4.550000000000498e-03  1.647725000000000e+00  1.652275000000000e+00  4.460688398825349e-02  3.252933627089759e+00  1.648770255539006e+00 -3.208326743101506e+00  1.648770173100498e+00  1.168819861697470e-03 
-4.540000000000433e-03  1.647730000000000e+00  1.652270000000000e+00  4.461609187507027e-02  3.252925127812314e+00  1.648770609843692e+00 -3.208309035937244e+00  1.648770527405166e+00  1.168861352126453e-03 
-4.530000000000811e-03  1.647735000000000e+00  1.652265000000001e+00  4.462547516180014e-02  3.252916464966678e+00  1.648770970064239e+00 -3.208290989804877e+00  1.648770887625695e+00  1.168903630505282e-03 
-4.520000000000746e-03  1.647740000000000e+00  1.652260000000001e+00  4.463504112369111e-02  3.252907633373030e+00  1.648771337248361e+00 -3.208272592249339e+00  1.648771254809798e+00  1.168946730704062e-03 
-4.510000000000680e-03  1.647745000000000e+00  1.652255000000000e+00  4.464478930986859e-02  3.252898628997884e+00  1.648771709153876e+00 -3.208253839688015e+00  1.648771626715295e+00  1.168990648787440e-03 
-4.500000000000615e-03  1.647750000000000e+00  1.652250000000000e+00  4.465473308776829e-02  3.252889446126123e+00  1.648772089606946e+00 -3.208234713038355e+00  1.648772007168345e+00  1.169035445077769e-03 
-4.490000000000549e-03  1.647755000000000e+00  1.652245000000000e+00  4.466487428577217e-02  3.252880079830791e+00  1.648772477058282e+00 -3.208215205545019e+00  1.648772394619662e+00  1.169081128856175e-03 
-4.480000000000484e-03  1.647760000000000e+00  1.652240000000000e+00  4.467522081732653e-02  3.252870523661564e+00  1.648772872239445e+00 -3.208195302844238e+00  1.648772789800806e+00  1.169127733785174e-03 
-4.470000000000418e-03  1.647765000000000e+00  1.652235000000000e+00  4.468577248959020e-02  3.252860773315276e+00  1.648773272902433e+00 -3.208175000825686e+00  1.648773190463773e+00  1.169175260101086e-03 
-4.460000000000797e-03  1.647770000000000e+00  1.652230000000001e+00  4.469654682297908e-02  3.252850821164774e+00  1.648773683993876e+00 -3.208154274341795e+00  1.648773601555197e+00  1.169223786918459e-03 
-4.450000000000731e-03  1.647775000000000e+00  1.652225000000000e+00  4.470754176959073e-02  3.252840662446628e+00  1.648774102108109e+00 -3.208133120677037e+00  1.648774019669409e+00  1.169273303743505e-03 
-4.440000000000666e-03  1.647780000000000e+00  1.652220000000000e+00  4.471876189656663e-02  3.252830290898552e+00  1.648774526397560e+00 -3.208111529001985e+00  1.648774443958837e+00  1.169323831088615e-03 
-4.430000000000600e-03  1.647785000000000e+00  1.652215000000000e+00  4.473022215282651e-02  3.252819699525332e+00  1.648774960839079e+00 -3.208089477372506e+00  1.648774878400336e+00  1.169375437428574e-03 
-4.420000000000535e-03  1.647790000000000e+00  1.652210000000000e+00  4.474192712709968e-02  3.252808881009917e+00  1.648775404068509e+00 -3.208066953882818e+00  1.648775321629742e+00  1.169428141752895e-03 
-4.410000000000469e-03  1.647795000000000e+00  1.652205000000000e+00  4.475388202135991e-02  3.252797829028534e+00  1.648775855524947e+00 -3.208043947007174e+00  1.648775773086159e+00  1.169481966292227e-03 
-4.400000000000848e-03  1.647800000000000e+00  1.652200000000001e+00  4.476610167558586e-02  3.252786535428173e+00  1.648776318551880e+00 -3.208020433752587e+00  1.648776236113068e+00  1.169536980963332e-03 
-4.390000000000782e-03  1.647805000000000e+00  1.652195000000001e+00  4.477858161683004e-02  3.252774994883084e+00  1.648776788249957e+00 -3.207996413266254e+00  1.648776705811122e+00  1.169593161505817e-03 
-4.380000000000717e-03  1.647810000000000e+00  1.652190000000000e+00  4.479133739403007e-02  3.252763198240097e+00  1.648777267817064e+00 -3.207971860846067e+00  1.648777185378204e+00  1.169650580403022e-03 
-4.370000000000651e-03  1.647815000000000e+00  1.652185000000000e+00  4.480437957437346e-02  3.252751136630430e+00  1.648777758102402e+00 -3.207946757056057e+00  1.648777675663518e+00  1.169709284404468e-03 
-4.360000000000586e-03  1.647820000000000e+00  1.652180000000000e+00  4.481771396086281e-02  3.252738803704503e+00  1.648778258832683e+00 -3.207921089743640e+00  1.648778176393774e+00  1.169769297891273e-03 
-4.350000000000520e-03  1.647825000000000e+00  1.652175000000000e+00  4.483135274515949e-02  3.252726189411985e+00  1.648778771078572e+00 -3.207894836666826e+00  1.648778688639638e+00  1.169830677590012e-03 
-4.340000000000455e-03  1.647830000000000e+00  1.652170000000000e+00  4.484529893823455e-02  3.252713286468481e+00  1.648779292703358e+00 -3.207867987530246e+00  1.648779210264397e+00  1.169893435706677e-03 
-4.330000000000833e-03  1.647835000000000e+00  1.652165000000001e+00  4.485956801685924e-02  3.252700084941166e+00  1.648779826479013e+00 -3.207840516924307e+00  1.648779744040026e+00  1.169957640598333e-03 
-4.320000000000768e-03  1.647840000000000e+00  1.652160000000001e+00  4.487416806927272e-02  3.252686576078669e+00  1.648780372073971e+00 -3.207812408009397e+00  1.648780289634957e+00  1.170023329405090e-03 
-4.310000000000702e-03  1.647845000000000e+00  1.652155000000000e+00  4.488910790114053e-02  3.252672749602411e+00  1.648780928751776e+00 -3.207783641701271e+00  1.648780846312734e+00  1.170090541938609e-03 
-4.300000000000637e-03  1.647850000000000e+00  1.652150000000000e+00  4.490440011065332e-02  3.252658596965258e+00  1.648781498537956e+00 -3.207754196854605e+00  1.648781416098885e+00  1.170159333508133e-03 
-4.290000000000571e-03  1.647855000000000e+00  1.652145000000000e+00  4.492005432823538e-02  3.252644106424286e+00  1.648782080376261e+00 -3.207724052096051e+00  1.648781997937161e+00  1.170229746323898e-03 
-4.280000000000506e-03  1.647860000000000e+00  1.652140000000000e+00  4.493608088082752e-02  3.252629268827046e+00  1.648782674853937e+00 -3.207693187946218e+00  1.648782592414807e+00  1.170301828156535e-03 
-4.270000000000440e-03  1.647865000000000e+00  1.652135000000000e+00  4.495249518105194e-02  3.252614072889891e+00  1.648783284035472e+00 -3.207661577708839e+00  1.648783201596312e+00  1.170375646419902e-03 
-4.260000000000819e-03  1.647870000000000e+00  1.652130000000001e+00  4.496930259024536e-02  3.252598508946843e+00  1.648783905768544e+00 -3.207629206356597e+00  1.648783823329353e+00  1.170451224750275e-03 
-4.250000000000753e-03  1.647875000000000e+00  1.652125000000001e+00  4.498652172495365e-02  3.252582563973312e+00  1.648784542849133e+00 -3.207596042248359e+00  1.648784460409910e+00  1.170528647996081e-03 
-4.240000000000688e-03  1.647880000000000e+00  1.652120000000000e+00  4.500416002018833e-02  3.252566227679033e+00  1.648785193849611e+00 -3.207562067658845e+00  1.648785111410355e+00  1.170607947543661e-03 
-4.230000000000622e-03  1.647885000000000e+00  1.652115000000000e+00  4.502223116524463e-02  3.252549488763139e+00  1.648785859964192e+00 -3.207527257597895e+00  1.648785777524903e+00  1.170689184015381e-03 
-4.220000000000557e-03  1.647890000000000e+00  1.652110000000000e+00  4.504075234481322e-02  3.252532332651878e+00  1.648786542498345e+00 -3.207491580307064e+00  1.648786460059022e+00  1.170772435548752e-03 
-4.210000000000491e-03  1.647895000000000e+00  1.652105000000000e+00  4.505972944084745e-02  3.252514750339976e+00  1.648787239890412e+00 -3.207455020899128e+00  1.648787157451054e+00  1.170857725580652e-03 
-4.200000000000426e-03  1.647900000000000e+00  1.652100000000000e+00  4.507917875493840e-02  3.252496728319076e+00  1.648787953537007e+00 -3.207417549564137e+00  1.648787871097613e+00  1.170945130470202e-03 
-4.190000000000804e-03  1.647905000000000e+00  1.652095000000001e+00  4.509911272135395e-02  3.252478254163463e+00  1.648788683442408e+00 -3.207379141442109e+00  1.648788601002978e+00  1.171034701033831e-03 
-4.180000000000739e-03  1.647910000000000e+00  1.652090000000001e+00  4.511954782013963e-02  3.252459314366871e+00  1.648789431093505e+00 -3.207339766546731e+00  1.648789348654038e+00  1.171126513642551e-03 
-4.170000000000673e-03  1.647915000000000e+00  1.652085000000000e+00  4.514049845300361e-02  3.252439895264624e+00  1.648790196858814e+00 -3.207299396811620e+00  1.648790114419308e+00  1.171220630579646e-03 
-4.160000000000608e-03  1.647920000000000e+00  1.652080000000000e+00  4.516197146988571e-02  3.252419986773706e+00  1.648790979121796e+00 -3.207258015303821e+00  1.648790896682251e+00  1.171317083211451e-03 
-4.150000000000542e-03  1.647925000000000e+00  1.652075000000000e+00  4.518399227678139e-02  3.252399571208356e+00  1.648791781742569e+00 -3.207215578931575e+00  1.648791699302984e+00  1.171415982821486e-03 
-4.140000000000477e-03  1.647930000000000e+00  1.652070000000000e+00  4.520656806954568e-02  3.252378637991892e+00  1.648792603030719e+00 -3.207172069922347e+00  1.648792520591093e+00  1.171517362814239e-03 
-4.130000000000855e-03  1.647935000000000e+00  1.652065000000001e+00  4.522971031851760e-02  3.252357173432329e+00  1.648793441875424e+00 -3.207127463113812e+00  1.648793359435756e+00  1.171621271897257e-03 
-4.120000000000790e-03  1.647940000000000e+00  1.652060000000001e+00  4.525343979902007e-02  3.252335163970425e+00  1.648794301884723e+00 -3.207081724171405e+00  1.648794219445012e+00  1.171727802938655e-03 
-4.110000000000724e-03  1.647945000000000e+00  1.652055000000000e+00  4.527776884493821e-02  3.252312594608004e+00  1.648795181726471e+00 -3.207034825763065e+00  1.648795099286716e+00  1.171837011302521e-03 
-4.100000000000659e-03  1.647950000000000e+00  1.652050000000000e+00  4.530271461246976e-02  3.252289451344023e+00  1.648796082978246e+00 -3.206986736731553e+00  1.648796000538446e+00  1.171948971790021e-03 
-4.090000000000593e-03  1.647955000000000e+00  1.652045000000000e+00  4.532828804582955e-02  3.252265722171162e+00  1.648797005108496e+00 -3.206937434125332e+00  1.648796922668650e+00  1.172063732293453e-03 
-4.080000000000528e-03  1.647960000000000e+00  1.652040000000000e+00  4.535450368869915e-02  3.252241393376557e+00  1.648797948532628e+00 -3.206886889687858e+00  1.648797866092735e+00  1.172181357079027e-03 
-4.070000000000462e-03  1.647965000000000e+00  1.652035000000000e+00  4.538137405114785e-02  3.252216452602064e+00  1.648798913326606e+00 -3.206835078550916e+00  1.648798830886664e+00  1.172301901026368e-03 
-4.060000000000841e-03  1.647970000000000e+00  1.652030000000001e+00  4.540891729962065e-02  3.252190882993775e+00  1.648799900146698e+00 -3.206781965694154e+00  1.648799817706707e+00  1.172425443407206e-03 
-4.050000000000775e-03  1.647975000000000e+00  1.652025000000001e+00  4.543714975523230e-02  3.252164672824668e+00  1.648800911289950e+00 -3.206727523069436e+00  1.648800828849909e+00  1.172552057391345e-03 
-4.040000000000710e-03  1.647980000000000e+00  1.652020000000000e+00  4.546608020237632e-02  3.252137809731708e+00  1.648801944967042e+00 -3.206671729529332e+00  1.648801862526949e+00  1.172681780214336e-03 
-4.030000000000644e-03  1.647985000000000e+00  1.652015000000000e+00  4.549572053092805e-02  3.252110282636333e+00  1.648803001583630e+00 -3.206614562105405e+00  1.648802919143484e+00  1.172814662666347e-03 
-4.020000000000579e-03  1.647990000000000e+00  1.652010000000000e+00  4.552608927921509e-02  3.252082076071298e+00  1.648804082675257e+00 -3.206555986792083e+00  1.648804000235057e+00  1.172950787688242e-03 
-4.010000000000513e-03  1.647995000000000e+00  1.652005000000000e+00  4.555719692132719e-02  3.252053178673628e+00  1.648805187797478e+00 -3.206495981752301e+00  1.648805105357223e+00  1.173090199838546e-03 
-4.000000000000448e-03  1.648000000000000e+00  1.652000000000000e+00  4.558905607108895e-02  3.252023579868579e+00  1.648806317969834e+00 -3.206434523797490e+00  1.648806235529522e+00  1.173232953952716e-03 
-3.990000000000826e-03  1.648005000000000e+00  1.651995000000001e+00  4.562167323556445e-02  3.251993267182179e+00  1.648807470208872e+00 -3.206371593946615e+00  1.648807387768503e+00  1.173379076627611e-03 
-3.980000000000761e-03  1.648010000000000e+00  1.651990000000001e+00  4.565507142763761e-02  3.251962229092899e+00  1.648808650260268e+00 -3.206307157665261e+00  1.648808567819840e+00  1.173528669942834e-03 
-3.970000000000695e-03  1.648015000000000e+00  1.651985000000000e+00  4.568925628852931e-02  3.251930455297093e+00  1.648809855792811e+00 -3.206241199008563e+00  1.648809773352322e+00  1.173681756884791e-03 
-3.960000000000630e-03  1.648020000000000e+00  1.651980000000000e+00  4.572423422568583e-02  3.251897937506964e+00  1.648811085866325e+00 -3.206173703281278e+00  1.648811003425775e+00  1.173838364357041e-03 
-3.950000000000564e-03  1.648025000000000e+00  1.651975000000000e+00  4.576001819763408e-02  3.251864665622978e+00  1.648812341910306e+00 -3.206104647425344e+00  1.648812259469693e+00  1.173998547421722e-03 
-3.940000000000499e-03  1.648030000000000e+00  1.651970000000000e+00  4.579661933749810e-02  3.251830628259959e+00  1.648813623798728e+00 -3.206034008922461e+00  1.648813541358051e+00  1.174162353508954e-03 
-3.930000000000877e-03  1.648035000000000e+00  1.651965000000001e+00  4.583404466837682e-02  3.251795819790202e+00  1.648814932229290e+00 -3.205961775121826e+00  1.648814849788547e+00  1.174329814081951e-03 
-3.920000000000812e-03  1.648040000000000e+00  1.651960000000001e+00  4.587229837927730e-02  3.251760231176222e+00  1.648816264777750e+00 -3.205887932796944e+00  1.648816182336940e+00  1.174500940922991e-03 
-3.910000000000746e-03  1.648045000000000e+00  1.651955000000001e+00  4.591139303618338e-02  3.251723854685303e+00  1.648817623860743e+00 -3.205812461649119e+00  1.648817541419866e+00  1.174675792573011e-03 
-3.900000000000681e-03  1.648050000000000e+00  1.651950000000000e+00  4.595133975870697e-02  3.251686683271830e+00  1.648819011515268e+00 -3.205735343513123e+00  1.648818929074322e+00  1.174854413748507e-03 
-3.890000000000615e-03  1.648055000000000e+00  1.651945000000000e+00  4.599213907283888e-02  3.251648712700360e+00  1.648820425886599e+00 -3.205656573627521e+00  1.648820343445582e+00  1.175036803516159e-03 
-3.880000000000550e-03  1.648060000000000e+00  1.651940000000000e+00  4.603378815712104e-02  3.251609937565736e+00  1.648821862861429e+00 -3.205576149408615e+00  1.648821780420340e+00  1.175222948172365e-03 
-3.870000000000484e-03  1.648065000000000e+00  1.651935000000000e+00  4.607631123344732e-02  3.251570347635880e+00  1.648823329434663e+00 -3.205494036402432e+00  1.648823246993501e+00  1.175412952995608e-03 
-3.860000000000863e-03  1.648070000000000e+00  1.651930000000001e+00  4.611969519167562e-02  3.251529947200372e+00  1.648824821196024e+00 -3.205410252008697e+00  1.648824738754787e+00  1.175606756938092e-03 
-3.850000000000797e-03  1.648075000000000e+00  1.651925000000001e+00  4.616395133077764e-02  3.251488725613872e+00  1.648826338472325e+00 -3.205324774283095e+00  1.648826256031012e+00  1.175804404854358e-03 
-3.840000000000732e-03  1.648080000000000e+00  1.651920000000000e+00  4.620907900569413e-02  3.251446685204497e+00  1.648827882105095e+00 -3.205237606198803e+00  1.648827799663705e+00  1.176005892619694e-03 
-3.830000000000666e-03  1.648085000000000e+00  1.651915000000000e+00  4.625509838571439e-02  3.251403811873014e+00  1.648829455129364e+00 -3.205148713487300e+00  1.648829372687896e+00  1.176211309661275e-03 
-3.820000000000601e-03  1.648090000000000e+00  1.651910000000000e+00  4.630198566470550e-02  3.251360116876806e+00  1.648831051270756e+00 -3.205058131212100e+00  1.648830968829207e+00  1.176420542436817e-03 
-3.810000000000535e-03  1.648095000000000e+00  1.651905000000000e+00  4.634975242162722e-02  3.251315592799044e+00  1.648832672610336e+00 -3.204965840377417e+00  1.648832590168706e+00  1.176633642403456e-03 
-3.800000000000470e-03  1.648100000000000e+00  1.651900000000000e+00  4.639840083794385e-02  3.251270239771339e+00  1.648834320304641e+00 -3.204871838933395e+00  1.648834237862929e+00  1.176850614541034e-03 
-3.790000000000848e-03  1.648105000000000e+00  1.651895000000001e+00  4.644793126679582e-02  3.251224056016935e+00  1.648835993641865e+00 -3.204776124750139e+00  1.648835911200070e+00  1.177071456693228e-03 
-3.780000000000783e-03  1.648110000000000e+00  1.651890000000001e+00  4.649834157197519e-02  3.251177042212007e+00  1.648837691891991e+00 -3.204678700640032e+00  1.648837609450111e+00  1.177296157817711e-03 
-3.770000000000717e-03  1.648115000000000e+00  1.651885000000000e+00  4.654963684951123e-02  3.251129195635302e+00  1.648839416242407e+00 -3.204579558785791e+00  1.648839333800440e+00  1.177524735537689e-03 
-3.760000000000652e-03  1.648120000000000e+00  1.651880000000000e+00  4.660181144772522e-02  3.251080518650317e+00  1.648841165049021e+00 -3.204478707202592e+00  1.648841082606967e+00  1.177757162097438e-03 
-3.750000000000586e-03  1.648125000000000e+00  1.651875000000000e+00  4.665485811421739e-02  3.251031015704031e+00  1.648842936909124e+00 -3.204376157589814e+00  1.648842854466982e+00  1.177993400568781e-03 
-3.740000000000521e-03  1.648130000000000e+00  1.651870000000000e+00  4.670878730909332e-02  3.250980682779856e+00  1.648844735044474e+00 -3.204271895470762e+00  1.648844652602242e+00  1.178233495381037e-03 
-3.730000000000455e-03  1.648135000000000e+00  1.651865000000000e+00  4.676358738506568e-02  3.250929523436821e+00  1.648846555410943e+00 -3.204165936051755e+00  1.648846472968620e+00  1.178477390288970e-03 
-3.720000000000834e-03  1.648140000000000e+00  1.651860000000001e+00  4.681926060005451e-02  3.250877539004682e+00  1.648848399802368e+00 -3.204058278404628e+00  1.648848317359953e+00  1.178725091623842e-03 
-3.710000000000768e-03  1.648145000000000e+00  1.651855000000001e+00  4.687580538842803e-02  3.250824731754406e+00  1.648850268571417e+00 -3.203948926365978e+00  1.648850186128908e+00  1.178976587960743e-03 
-3.700000000000703e-03  1.648150000000000e+00  1.651850000000000e+00  4.693321613614181e-02  3.250771103096478e+00  1.648852159616310e+00 -3.203837886960336e+00  1.648852077173706e+00  1.179231851163628e-03 
-3.690000000000637e-03  1.648155000000000e+00  1.651845000000000e+00  4.699148932859545e-02  3.250716656424429e+00  1.648854072876512e+00 -3.203725167095834e+00  1.648853990433813e+00  1.179490863233505e-03 
-3.680000000000572e-03  1.648160000000000e+00  1.651840000000000e+00  4.705062949449144e-02  3.250661391984381e+00  1.648856010739436e+00 -3.203610762489890e+00  1.648855928296640e+00  1.179753638977829e-03 
-3.670000000000506e-03  1.648165000000000e+00  1.651835000000000e+00  4.711062541530237e-02  3.250605314497930e+00  1.648857969956616e+00 -3.203494689082627e+00  1.648857887513722e+00  1.180020124018245e-03 
-3.660000000000441e-03  1.648170000000000e+00  1.651830000000000e+00  4.717147221199347e-02  3.250548426645242e+00  1.648859949428618e+00 -3.203376954433248e+00  1.648859866985624e+00  1.180290293213385e-03 
-3.650000000000819e-03  1.648175000000000e+00  1.651825000000001e+00  4.723316674013583e-02  3.250490734263902e+00  1.648861950502019e+00 -3.203257567523766e+00  1.648861868058926e+00  1.180564129521809e-03 
-3.640000000000754e-03  1.648180000000000e+00  1.651820000000001e+00  4.729572108209788e-02  3.250432227930952e+00  1.648863974506525e+00 -3.203136506848855e+00  1.648863892063331e+00  1.180841680685536e-03 
-3.630000000000688e-03  1.648185000000000e+00  1.651815000000000e+00  4.735911454811759e-02  3.250372924027514e+00  1.648866019287816e+00 -3.203013809479396e+00  1.648865936844519e+00  1.181122852026558e-03 
-3.620000000000623e-03  1.648190000000000e+00  1.651810000000000e+00  4.742334394028657e-02  3.250312822524567e+00  1.648868083232427e+00 -3.202889478584281e+00  1.648868000789027e+00  1.181407625393677e-03 
-3.610000000000557e-03  1.648195000000000e+00  1.651805000000000e+00  4.748841614233135e-02  3.250251919299026e+00  1.648870167720679e+00 -3.202763503156695e+00  1.648870085277174e+00  1.181696026622476e-03 
-3.600000000000492e-03  1.648200000000000e+00  1.651800000000000e+00  4.755432155297895e-02  3.250190224386995e+00  1.648872272969987e+00 -3.202635902834016e+00  1.648872190526377e+00  1.181988010225560e-03 
-3.590000000000870e-03  1.648205000000000e+00  1.651795000000001e+00  4.762105730665922e-02  3.250127737396977e+00  1.648874397351818e+00 -3.202506680090317e+00  1.648874314908102e+00  1.182283556507970e-03 
-3.580000000000805e-03  1.648210000000000e+00  1.651790000000001e+00  4.768861644058460e-02  3.250064462528544e+00  1.648876539484564e+00 -3.202375846087959e+00  1.648876457040741e+00  1.182582633598738e-03 
-3.570000000000739e-03  1.648215000000000e+00  1.651785000000001e+00  4.775700354063506e-02  3.250000401212049e+00  1.648878702376342e+00 -3.202243397671414e+00  1.648878619932411e+00  1.182885254689458e-03 
-3.560000000000674e-03  1.648220000000000e+00  1.651780000000000e+00  4.782621006170244e-02  3.249935557382787e+00  1.648880883722245e+00 -3.202109347321084e+00  1.648880801278205e+00  1.183191380385770e-03 
-3.550000000000608e-03  1.648225000000000e+00  1.651775000000000e+00  4.789623302488623e-02  3.249869930804333e+00  1.648883081914609e+00 -3.201973697779446e+00  1.648882999470459e+00  1.183500990874269e-03 
-3.540000000000543e-03  1.648230000000000e+00  1.651770000000000e+00  4.796706413525548e-02  3.249803531314711e+00  1.648885297724983e+00 -3.201836467179455e+00  1.648885215280723e+00  1.183814044879188e-03 
-3.530000000000477e-03  1.648235000000000e+00  1.651765000000000e+00  4.803872006477199e-02  3.249736346729733e+00  1.648887533397252e+00 -3.201697626664961e+00  1.648887450952880e+00  1.184130614549122e-03 
-3.520000000000856e-03  1.648240000000000e+00  1.651760000000001e+00  4.811118283342056e-02  3.249668390272540e+00  1.648889786552980e+00 -3.201557207439120e+00  1.648889704108495e+00  1.184450613984737e-03 
-3.510000000000790e-03  1.648245000000000e+00  1.651755000000001e+00  4.818443864894757e-02  3.249599669247125e+00  1.648892053948036e+00 -3.201415230598177e+00  1.648891971503438e+00  1.184773976796622e-03 
-3.500000000000725e-03  1.648250000000000e+00  1.651750000000000e+00  4.825851322055080e-02  3.249530170374237e+00  1.648894341797394e+00 -3.201271657153686e+00  1.648894259352681e+00  1.185100813729429e-03 
-3.490000000000659e-03  1.648255000000000e+00  1.651745000000000e+00  4.833337813595892e-02  3.249459908989936e+00  1.648896643562948e+00 -3.201126530853977e+00  1.648896561118120e+00  1.185430994171020e-03 
-3.480000000000594e-03  1.648260000000000e+00  1.651740000000000e+00  4.840905012025961e-02  3.249388876218331e+00  1.648898963169295e+00 -3.200979826098072e+00  1.648898880724351e+00  1.185764586935181e-03 
-3.470000000000528e-03  1.648265000000000e+00  1.651735000000000e+00  4.848551036645246e-02  3.249317084080341e+00  1.648901297223397e+00 -3.200831573713888e+00  1.648901214778336e+00  1.186101504516860e-03 
-3.460000000000463e-03  1.648270000000000e+00  1.651730000000000e+00  4.856276635115036e-02  3.249244527708930e+00  1.648903647030040e+00 -3.200681761357779e+00  1.648903564584862e+00  1.186441775550489e-03 
-3.450000000000841e-03  1.648275000000000e+00  1.651725000000001e+00  4.864082036522734e-02  3.249171206164002e+00  1.648906013264615e+00 -3.200530385798775e+00  1.648905930819318e+00  1.186785404369970e-03 
-3.440000000000776e-03  1.648280000000000e+00  1.651720000000001e+00  4.871966135545296e-02  3.249097126830172e+00  1.648908394092813e+00 -3.200377465474720e+00  1.648908311647397e+00  1.187132340510768e-03 
-3.430000000000710e-03  1.648285000000000e+00  1.651715000000000e+00  4.879929084954173e-02  3.249022289771947e+00  1.648910790310744e+00 -3.200222998922405e+00  1.648910707865209e+00  1.187482582346071e-03 
-3.420000000000645e-03  1.648290000000000e+00  1.651710000000000e+00  4.887970354058678e-02  3.248946695311337e+00  1.648913199425962e+00 -3.200066991770750e+00  1.648913116980306e+00  1.187836103811865e-03 
-3.410000000000579e-03  1.648295000000000e+00  1.651705000000000e+00  4.896090787105273e-02  3.248870341582476e+00  1.648915624726764e+00 -3.199909433711423e+00  1.648915542280987e+00  1.188192936371106e-03 
-3.400000000000514e-03  1.648300000000000e+00  1.651700000000000e+00  4.904289940860888e-02  3.248793229218805e+00  1.648918064313707e+00 -3.199750329810196e+00  1.648917981867808e+00  1.188553055508761e-03 
-3.390000000000448e-03  1.648305000000000e+00  1.651695000000000e+00  4.912567008369495e-02  3.248715363483831e+00  1.648920516783763e+00 -3.199589693400136e+00  1.648920434337741e+00  1.188916421510572e-03 
-3.380000000000827e-03  1.648310000000000e+00  1.651690000000001e+00  4.920922571026154e-02  3.248636740440080e+00  1.648922983075171e+00 -3.199427514729819e+00  1.648922900629026e+00  1.189283054310745e-03 
-3.370000000000761e-03  1.648315000000000e+00  1.651685000000001e+00  4.929356388466274e-02  3.248557362317026e+00  1.648925463100844e+00 -3.199263798432363e+00  1.648925380654575e+00  1.189652938939948e-03 
-3.360000000000696e-03  1.648320000000000e+00  1.651680000000000e+00  4.937868265620265e-02  3.248477228983794e+00  1.648927955819999e+00 -3.199098546327592e+00  1.648927873373605e+00  1.190026062153100e-03 
-3.350000000000630e-03  1.648325000000000e+00  1.651675000000000e+00  4.946459266308267e-02  3.248396335892151e+00  1.648930464277617e+00 -3.198931743229069e+00  1.648930381831098e+00  1.190402464319111e-03 
-3.340000000000565e-03  1.648330000000000e+00  1.651670000000000e+00  4.955127154228781e-02  3.248314693694382e+00  1.648932982618335e+00 -3.198763422152094e+00  1.648932900171690e+00  1.190782041530722e-03 
-3.330000000000499e-03  1.648335000000000e+00  1.651665000000000e+00  4.963872949351433e-02  3.248232296906552e+00  1.648935513200033e+00 -3.198593567413038e+00  1.648935430753262e+00  1.191164835394167e-03 
-3.320000000000434e-03  1.648340000000000e+00  1.651660000000000e+00  4.972697934632419e-02  3.248149135747234e+00  1.648938057546779e+00 -3.198422156400909e+00  1.648937975099880e+00  1.191550896244485e-03 
-3.310000000000812e-03  1.648345000000000e+00  1.651655000000001e+00  4.981600935069728e-02  3.248065222802066e+00  1.648940616076382e+00 -3.198249213451369e+00  1.648940533629355e+00  1.191940167075737e-03 
-3.300000000000747e-03  1.648350000000000e+00  1.651650000000001e+00  4.990581091645246e-02  3.247980555488554e+00  1.648943183202503e+00 -3.198074744572102e+00  1.648943100755348e+00  1.192332604294907e-03 
-3.290000000000681e-03  1.648355000000000e+00  1.651645000000000e+00  4.999639807456746e-02  3.247895128082462e+00  1.648945763078515e+00 -3.197898730007894e+00  1.648945680631231e+00  1.192728264924672e-03 
-3.280000000000616e-03  1.648360000000000e+00  1.651640000000000e+00  5.008776862738087e-02  3.247808939543907e+00  1.648948354085644e+00 -3.197721170916526e+00  1.648948271638230e+00  1.193127133978473e-03 
-3.270000000000550e-03  1.648365000000000e+00  1.651635000000000e+00  5.017991894337097e-02  3.247721996863063e+00  1.648950957903217e+00 -3.197542077919692e+00  1.648950875455673e+00  1.193529189165573e-03 
-3.260000000000485e-03  1.648370000000000e+00  1.651630000000000e+00  5.027285739605861e-02  3.247634288232648e+00  1.648953572814353e+00 -3.197361430836589e+00  1.648953490366679e+00  1.193934462057242e-03 
-3.250000000000863e-03  1.648375000000000e+00  1.651625000000001e+00  5.036657794325673e-02  3.247545818321802e+00  1.648956198132529e+00 -3.197179240378545e+00  1.648956115684724e+00  1.194342920766353e-03 
-3.240000000000798e-03  1.648380000000000e+00  1.651620000000001e+00  5.046108856861106e-02  3.247456581702787e+00  1.648958835135699e+00 -3.196995493134176e+00  1.648958752687762e+00  1.194754593862379e-03 
-3.230000000000732e-03  1.648385000000000e+00  1.651615000000000e+00  5.055638229921371e-02  3.247366581219032e+00  1.648961481759123e+00 -3.196810198919819e+00  1.648961399311053e+00  1.195169446768385e-03 
-3.220000000000667e-03  1.648390000000000e+00  1.651610000000000e+00  5.065247047707767e-02  3.247275811595090e+00  1.648964141036084e+00 -3.196623341118012e+00  1.648964058587881e+00  1.195587522159782e-03 
-3.210000000000601e-03  1.648395000000000e+00  1.651605000000000e+00  5.074933784944832e-02  3.247184278338441e+00  1.648966808093945e+00 -3.196434940488993e+00  1.648966725645608e+00  1.196008747323292e-03 
-3.200000000000536e-03  1.648400000000000e+00  1.651600000000000e+00  5.084701456188091e-02  3.247091963765618e+00  1.648969489163749e+00 -3.196244949203737e+00  1.648969406715279e+00  1.196433248373364e-03 
-3.190000000000470e-03  1.648405000000000e+00  1.651595000000000e+00  5.094546701459578e-02  3.246998886916798e+00  1.648972176965697e+00 -3.196053419902202e+00  1.648972094517092e+00  1.196860871884564e-03 
-3.180000000000849e-03  1.648410000000000e+00  1.651590000000001e+00  5.104471899448739e-02  3.246905032399261e+00  1.648974875696875e+00 -3.195860313404774e+00  1.648974793248135e+00  1.197291717412815e-03 
-3.170000000000783e-03  1.648415000000000e+00  1.651585000000001e+00  5.114477026766540e-02  3.246810399094049e+00  1.648977584680857e+00 -3.195665628826384e+00  1.648977502231982e+00  1.197725776377047e-03 
-3.160000000000718e-03  1.648420000000000e+00  1.651580000000000e+00  5.124562433320146e-02  3.246714983103158e+00  1.648980303718180e+00 -3.195469358769957e+00  1.648980221269169e+00  1.198163058766528e-03 
-3.150000000000652e-03  1.648425000000000e+00  1.651575000000000e+00  5.134727627298243e-02  3.246618784958601e+00  1.648983030615792e+00 -3.195271508685618e+00  1.648982948166644e+00  1.198603536473536e-03 
-3.140000000000587e-03  1.648430000000000e+00  1.651570000000000e+00  5.144973116554591e-02  3.246521808524184e+00  1.648985769844865e+00 -3.195072077358639e+00  1.648985687395581e+00  1.199047224984369e-03 
-3.130000000000521e-03  1.648435000000000e+00  1.651565000000000e+00  5.155298526102581e-02  3.246424045179084e+00  1.648988515220055e+00 -3.194871059918058e+00  1.648988432770633e+00  1.199494102147395e-03 
-3.120000000000456e-03  1.648440000000000e+00  1.651560000000000e+00  5.165706351313394e-02  3.246325482812005e+00  1.648991273162569e+00 -3.194668419298871e+00  1.648991190713010e+00  1.199944269629203e-03 
-3.110000000000834e-03  1.648445000000000e+00  1.651555000000001e+00  5.176194667366289e-02  3.246226128687558e+00  1.648994037680610e+00 -3.194464182013895e+00  1.648993955230913e+00  1.200397637887212e-03 
-3.100000000000769e-03  1.648450000000000e+00  1.651550000000001e+00  5.186763780881109e-02  3.246125984580980e+00  1.648996811194895e+00 -3.194258346772168e+00  1.648996728745059e+00  1.200854213647765e-03 
-3.090000000000703e-03  1.648455000000000e+00  1.651545000000000e+00  5.197415278308062e-02  3.246025033322926e+00  1.648999593053003e+00 -3.194050880539845e+00  1.648999510603028e+00  1.201314058422468e-03 
-3.080000000000638e-03  1.648460000000000e+00  1.651540000000000e+00  5.208149126836924e-02  3.245923280597375e+00  1.649002385932872e+00 -3.193841789329006e+00  1.649002303482757e+00  1.201777165044683e-03 
-3.070000000000572e-03  1.648465000000000e+00  1.651535000000000e+00  5.218964200159670e-02  3.245820726742576e+00  1.649005184372087e+00 -3.193631084740980e+00  1.649005101921831e+00  1.202243475834194e-03 
-3.060000000000507e-03  1.648470000000000e+00  1.651530000000000e+00  5.229863453975740e-02  3.245717354893380e+00  1.649007994716569e+00 -3.193418720353623e+00  1.649007912266173e+00  1.202713115391153e-03 
-3.050000000000441e-03  1.648475000000000e+00  1.651525000000000e+00  5.240845177700041e-02  3.245613170857720e+00  1.649010811317360e+00 -3.193204719080720e+00  1.649010728866824e+00  1.203186000359864e-03 
-3.040000000000820e-03  1.648480000000000e+00  1.651520000000001e+00  5.251909766439278e-02  3.245508176837727e+00  1.649013637251060e+00 -3.192989079173334e+00  1.649013554800382e+00  1.203662140956296e-03 
-3.030000000000754e-03  1.648485000000000e+00  1.651515000000001e+00  5.263058773980775e-02  3.245402351712483e+00  1.649016469726145e+00 -3.192771763972675e+00  1.649016387275326e+00  1.204141597522246e-03 
-3.020000000000689e-03  1.648490000000000e+00  1.651510000000000e+00  5.274292023421068e-02  3.245295702290782e+00  1.649019311262496e+00 -3.192552782056572e+00  1.649019228811535e+00  1.204624355179979e-03 
-3.010000000000623e-03  1.648495000000000e+00  1.651505000000000e+00  5.285608931360987e-02  3.245188230927421e+00  1.649022160120516e+00 -3.192332141613811e+00  1.649022077669412e+00  1.205110381387722e-03 
-3.000000000000558e-03  1.648500000000000e+00  1.651500000000000e+00  5.297011047818644e-02  3.245079922705632e+00  1.649025016591909e+00 -3.192109812227445e+00  1.649024934140662e+00  1.205599735677004e-03 
-2.990000000000492e-03  1.648505000000000e+00  1.651495000000000e+00  5.308499640286866e-02  3.244970766505134e+00  1.649027881454001e+00 -3.191885770102265e+00  1.649027799002611e+00  1.206092465273586e-03 
-2.980000000000871e-03  1.648510000000000e+00  1.651490000000001e+00  5.320072540918062e-02  3.244860780768983e+00  1.649030753089082e+00 -3.191660055359803e+00  1.649030670637548e+00  1.206588468835176e-03 
-2.970000000000805e-03  1.648515000000000e+00  1.651485000000001e+00  5.331732969349951e-02  3.244749938617193e+00  1.649033634155346e+00 -3.191432608923694e+00  1.649033551703669e+00  1.207087878373078e-03 
-2.960000000000740e-03  1.648520000000000e+00  1.651480000000001e+00  5.343477912606147e-02  3.244638259402002e+00  1.649036519264032e+00 -3.191203480275940e+00  1.649036436812210e+00  1.207590556127978e-03 
-2.950000000000674e-03  1.648525000000000e+00  1.651475000000000e+00  5.355311137419164e-02  3.244525716885033e+00  1.649039414129612e+00 -3.190972605510841e+00  1.649039331677645e+00  1.208096654599010e-03 
-2.940000000000609e-03  1.648530000000000e+00  1.651470000000000e+00  5.367233101439049e-02  3.244412301787271e+00  1.649042316400831e+00 -3.190739970772881e+00  1.649042233948719e+00  1.208606188497597e-03 
-2.930000000000543e-03  1.648535000000000e+00  1.651465000000000e+00  5.379242007862613e-02  3.244298029154648e+00  1.649045224616637e+00 -3.190505609076022e+00  1.649045142164380e+00  1.209119069646918e-03 
-2.920000000000478e-03  1.648540000000000e+00  1.651460000000000e+00  5.391339653537863e-02  3.244182884536245e+00  1.649048140535812e+00 -3.190269488000866e+00  1.649048058083409e+00  1.209635368848326e-03 
-2.910000000000856e-03  1.648545000000000e+00  1.651455000000001e+00  5.403525625095921e-02  3.244066869013714e+00  1.649051062632337e+00 -3.190031612762755e+00  1.649050980179788e+00  1.210155058290327e-03 
-2.900000000000791e-03  1.648550000000000e+00  1.651450000000001e+00  5.415801862463944e-02  3.243949965206329e+00  1.649053991915484e+00 -3.189791946581690e+00  1.649053909462789e+00  1.210678215062504e-03 
-2.890000000000725e-03  1.648555000000000e+00  1.651445000000000e+00  5.428168318252770e-02  3.243832174190721e+00  1.649056928686625e+00 -3.189550491008193e+00  1.649056846233782e+00  1.211204828058976e-03 
-2.880000000000660e-03  1.648560000000000e+00  1.651440000000000e+00  5.440624688508205e-02  3.243713495472785e+00  1.649059871178933e+00 -3.189307248587703e+00  1.649059788725944e+00  1.211734875524799e-03 
-2.870000000000594e-03  1.648565000000000e+00  1.651435000000000e+00  5.453173401397951e-02  3.243593907922534e+00  1.649062820968257e+00 -3.189062173908554e+00  1.649062738515120e+00  1.212268450522371e-03 
-2.860000000000529e-03  1.648570000000000e+00  1.651430000000000e+00  5.465812661579750e-02  3.243473425909951e+00  1.649065776262874e+00 -3.188815299294154e+00  1.649065693809590e+00  1.212805470159611e-03 
-2.850000000000463e-03  1.648575000000000e+00  1.651425000000000e+00  5.478544690696612e-02  3.243352030507632e+00  1.649068738707299e+00 -3.188566583600666e+00  1.649068656253866e+00  1.213346019831886e-03 
-2.840000000000842e-03  1.648580000000000e+00  1.651420000000001e+00  5.491368640424978e-02  3.243229726743449e+00  1.649071706573849e+00 -3.188316040339199e+00  1.649071624120268e+00  1.213890052790336e-03 
-2.830000000000776e-03  1.648585000000000e+00  1.651415000000001e+00  5.504287489640763e-02  3.243106490373042e+00  1.649074682634725e+00 -3.188063615476635e+00  1.649074600180995e+00  1.214437688616748e-03 
-2.820000000000711e-03  1.648590000000000e+00  1.651410000000000e+00  5.517300141163746e-02  3.242982326959839e+00  1.649077664185738e+00 -3.187809325548201e+00  1.649077581731859e+00  1.214988870815122e-03 
-2.810000000000645e-03  1.648595000000000e+00  1.651405000000000e+00  5.530406390622292e-02  3.242857237111109e+00  1.649080650508666e+00 -3.187553173204886e+00  1.649080568054638e+00  1.215543580190054e-03 
-2.800000000000580e-03  1.648600000000000e+00  1.651400000000000e+00  5.543608904237041e-02  3.242731199263932e+00  1.649083644153151e+00 -3.187295110221561e+00  1.649083561698973e+00  1.216101922821860e-03 
-2.790000000000514e-03  1.648605000000000e+00  1.651395000000000e+00  5.556907704519427e-02  3.242604210209440e+00  1.649086643627317e+00 -3.187035133164246e+00  1.649086561172989e+00  1.216663887829001e-03 
-2.780000000000449e-03  1.648610000000000e+00  1.651390000000000e+00  5.570302633246993e-02  3.242476272381944e+00  1.649089649357207e+00 -3.186773246049474e+00  1.649089566902729e+00  1.217229459408224e-03 
-2.770000000000827e-03  1.648615000000000e+00  1.651385000000001e+00  5.583795070121596e-02  3.242347371723453e+00  1.649092661212334e+00 -3.186509421022237e+00  1.649092578757705e+00  1.217798685473889e-03 
-2.760000000000762e-03  1.648620000000000e+00  1.651380000000001e+00  5.597384765640911e-02  3.242217507581243e+00  1.649095677618826e+00 -3.186243659924834e+00  1.649095595164046e+00  1.218371547949112e-03 
-2.750000000000696e-03  1.648625000000000e+00  1.651375000000000e+00  5.611073700185507e-02  3.242086661863848e+00  1.649098699432852e+00 -3.185975924861993e+00  1.649098616977921e+00  1.218948116224737e-03 
-2.740000000000631e-03  1.648630000000000e+00  1.651370000000000e+00  5.624861446915616e-02  3.241954840926535e+00  1.649101727697845e+00 -3.185706226457379e+00  1.649101645242763e+00  1.219528364884170e-03 
-2.730000000000565e-03  1.648635000000000e+00  1.651365000000000e+00  5.638750252592880e-02  3.241822021486099e+00  1.649104762006014e+00 -3.185434518960170e+00  1.649104679550780e+00  1.220112377609444e-03 
-2.720000000000500e-03  1.648640000000000e+00  1.651360000000000e+00  5.652738988195657e-02  3.241688212190722e+00  1.649107801036339e+00 -3.185160822308765e+00  1.649107718580953e+00  1.220700095521254e-03 
-2.710000000000434e-03  1.648645000000000e+00  1.651355000000000e+00  5.666829862658835e-02  3.241553394218813e+00  1.649110846422701e+00 -3.184885095592225e+00  1.649110763967163e+00  1.221291602851642e-03 
-2.700000000000813e-03  1.648650000000000e+00  1.651350000000001e+00  5.681021614104639e-02  3.241417573165183e+00  1.649113894653115e+00 -3.184607357024137e+00  1.649113812197424e+00  1.221886833029820e-03 
-2.690000000000747e-03  1.648655000000000e+00  1.651345000000001e+00  5.695318470084124e-02  3.241280717596644e+00  1.649116951148743e+00 -3.184327532895803e+00  1.649116868692899e+00  1.222485954599704e-03 
-2.680000000000682e-03  1.648660000000000e+00  1.651340000000000e+00  5.709716461985422e-02  3.241142856142164e+00  1.649120010381009e+00 -3.184045691522310e+00  1.649119927925013e+00  1.223088788287415e-03 
-2.670000000000616e-03  1.648665000000000e+00  1.651335000000000e+00  5.724222152495526e-02  3.241003932636016e+00  1.649123077080485e+00 -3.183761711111060e+00  1.649122994624336e+00  1.223695599090581e-03 
-2.660000000000551e-03  1.648670000000000e+00  1.651330000000000e+00  5.738831713672633e-02  3.240863979216656e+00  1.649126148176691e+00 -3.183475662079930e+00  1.649126065720388e+00  1.224306215332273e-03 
-2.650000000000485e-03  1.648675000000000e+00  1.651325000000000e+00  5.753548183755525e-02  3.240722965519890e+00  1.649129223678723e+00 -3.183187483682335e+00  1.649129141222266e+00  1.224920749346411e-03 
-2.640000000000864e-03  1.648680000000000e+00  1.651320000000001e+00  5.768371384006959e-02  3.240580894702439e+00  1.649132304271254e+00 -3.182897180862369e+00  1.649132221814643e+00  1.225539186120508e-03 
-2.630000000000798e-03  1.648685000000000e+00  1.651315000000001e+00  5.783302026131117e-02  3.240437759960946e+00  1.649135390111129e+00 -3.182604739699635e+00  1.649135307654363e+00  1.226161540414016e-03 
-2.620000000000733e-03  1.648690000000000e+00  1.651310000000000e+00  5.798341399211591e-02  3.240293548144496e+00  1.649138481068306e+00 -3.182310134152380e+00  1.649138398611386e+00  1.226787855018149e-03 
-2.610000000000667e-03  1.648695000000000e+00  1.651305000000000e+00  5.813490385317806e-02  3.240148245442034e+00  1.649141574647606e+00 -3.182013341588856e+00  1.649141492190532e+00  1.227418153670660e-03 
-2.600000000000602e-03  1.648700000000000e+00  1.651300000000000e+00  5.828750619475794e-02  3.240001845065200e+00  1.649144675629979e+00 -3.181714338870441e+00  1.649144593172749e+00  1.228052492745511e-03 
-2.590000000000536e-03  1.648705000000000e+00  1.651295000000000e+00  5.844122590968039e-02  3.239854335842165e+00  1.649147780875923e+00 -3.181413109932484e+00  1.649147698418538e+00  1.228690878215130e-03 
-2.580000000000471e-03  1.648710000000000e+00  1.651290000000000e+00  5.859605847426812e-02  3.239705720986755e+00  1.649150889730512e+00 -3.181109662512487e+00  1.649150807272971e+00  1.229333280257707e-03 
-2.570000000000849e-03  1.648715000000000e+00  1.651285000000001e+00  5.875203668889648e-02  3.239555971932925e+00  1.649154004310911e+00 -3.180803935244028e+00  1.649153921853215e+00  1.229979820979414e-03 
-2.560000000000784e-03  1.648720000000000e+00  1.651280000000001e+00  5.890915048437789e-02  3.239405095894779e+00  1.649157123189578e+00 -3.180495945410401e+00  1.649157040731726e+00  1.230630443941074e-03 
-2.550000000000718e-03  1.648725000000000e+00  1.651275000000000e+00  5.906740278744192e-02  3.239253084405463e+00  1.649160243596453e+00 -3.180185681618021e+00  1.649160161138445e+00  1.231285149446860e-03 
-2.540000000000653e-03  1.648730000000000e+00  1.651270000000000e+00  5.922683954184892e-02  3.239099905007949e+00  1.649163372274899e+00 -3.179873065466100e+00  1.649163289816734e+00  1.231944112998416e-03 
-2.530000000000587e-03  1.648735000000000e+00  1.651265000000000e+00  5.938743946977420e-02  3.238945570664232e+00  1.649166505067003e+00 -3.179558131194458e+00  1.649166422608682e+00  1.232607233735666e-03 
-2.520000000000522e-03  1.648740000000000e+00  1.651260000000000e+00  5.954921708933377e-02  3.238790063137281e+00  1.649169640113307e+00 -3.179240846047947e+00  1.649169557654830e+00  1.233274555633657e-03 
-2.510000000000456e-03  1.648745000000000e+00  1.651255000000000e+00  5.971218043172836e-02  3.238633380304640e+00  1.649172780368184e+00 -3.178921199872912e+00  1.649172697909549e+00  1.233946099233782e-03 
-2.500000000000835e-03  1.648750000000000e+00  1.651250000000001e+00  5.987636906481947e-02  3.238475481001934e+00  1.649175925033377e+00 -3.178599111937115e+00  1.649175842574585e+00  1.234622011989632e-03 
-2.490000000000769e-03  1.648755000000000e+00  1.651245000000001e+00  6.004175904011336e-02  3.238316387673485e+00  1.649179073356799e+00 -3.178274628633371e+00  1.649178990897849e+00  1.235302178575644e-03 
-2.480000000000704e-03  1.648760000000000e+00  1.651240000000000e+00  6.020837265323213e-02  3.238156078468937e+00  1.649182225561084e+00 -3.177947705815705e+00  1.649182143101977e+00  1.235986679022768e-03 
-2.470000000000638e-03  1.648765000000000e+00  1.651235000000000e+00  6.037620929415739e-02  3.237994554322949e+00  1.649185381808553e+00 -3.177618345028792e+00  1.649185299349288e+00  1.236675493974656e-03 
-2.460000000000573e-03  1.648770000000000e+00  1.651230000000000e+00  6.054531087524716e-02  3.237831775815765e+00  1.649188543345506e+00 -3.177286464940518e+00  1.649188460886083e+00  1.237368778997833e-03 
-2.450000000000507e-03  1.648775000000000e+00  1.651225000000000e+00  6.071566373907634e-02  3.237667752666781e+00  1.649191708202929e+00 -3.176952088927705e+00  1.649191625743347e+00  1.238066462300983e-03 
-2.440000000000442e-03  1.648780000000000e+00  1.651220000000000e+00  6.088728775738587e-02  3.237502466849850e+00  1.649194877303618e+00 -3.176615179092464e+00  1.649194794843879e+00  1.238768610600672e-03 
-2.430000000000820e-03  1.648785000000000e+00  1.651215000000001e+00  6.106018454684863e-02  3.237335913812371e+00  1.649198049179610e+00 -3.176275729265522e+00  1.649197966719711e+00  1.239475212283635e-03 
-2.420000000000755e-03  1.648790000000000e+00  1.651210000000001e+00  6.123437660969734e-02  3.237168074599883e+00  1.649201225604790e+00 -3.175933697990185e+00  1.649201143144733e+00  1.240186345093662e-03 
-2.410000000000689e-03  1.648795000000000e+00  1.651205000000000e+00  6.140987850385762e-02  3.236998931517465e+00  1.649204405010661e+00 -3.175589053013608e+00  1.649204322550445e+00  1.240902048312539e-03 
-2.400000000000624e-03  1.648800000000000e+00  1.651200000000000e+00  6.158669668440553e-02  3.236828481683625e+00  1.649207589184015e+00 -3.175241784999220e+00  1.649207506723640e+00  1.241622333127594e-03 
-2.390000000000558e-03  1.648805000000000e+00  1.651195000000000e+00  6.176482232910886e-02  3.236656729119237e+00  1.649210775724173e+00 -3.174891906790128e+00  1.649210693263638e+00  1.242347145695709e-03 
-2.380000000000493e-03  1.648810000000000e+00  1.651190000000000e+00  6.194431514864503e-02  3.236483618366424e+00  1.649213966757535e+00 -3.174539303217779e+00  1.649213884296840e+00  1.243076710571240e-03 
-2.370000000000871e-03  1.648815000000000e+00  1.651185000000001e+00  6.212514527775508e-02  3.236309175317695e+00  1.649217160297725e+00 -3.174184030039940e+00  1.649217077836871e+00  1.243810888803106e-03 
-2.360000000000806e-03  1.648820000000000e+00  1.651180000000001e+00  6.230735479607855e-02  3.236133363486902e+00  1.649220359141490e+00 -3.173826008690823e+00  1.649220276680476e+00  1.244549834074122e-03 
-2.350000000000740e-03  1.648825000000000e+00  1.651175000000001e+00  6.249093565456266e-02  3.235956183176405e+00  1.649223559415484e+00 -3.173465247521842e+00  1.649223476954310e+00  1.245293491528867e-03 
-2.340000000000675e-03  1.648830000000000e+00  1.651170000000000e+00  6.267590584583978e-02  3.235777622032534e+00  1.649226763939187e+00 -3.173101716186694e+00  1.649226681477853e+00  1.246041919527568e-03 
-2.330000000000609e-03  1.648835000000000e+00  1.651165000000000e+00  6.286229485333703e-02  3.235597650865417e+00  1.649229972859377e+00 -3.172735356012080e+00  1.649229890397883e+00  1.246795213977095e-03 
-2.320000000000544e-03  1.648840000000000e+00  1.651160000000000e+00  6.305009597742654e-02  3.235416272099257e+00  1.649233184038342e+00 -3.172366176121830e+00  1.649233101576687e+00  1.247553330688524e-03 
-2.310000000000478e-03  1.648845000000000e+00  1.651155000000000e+00  6.323932825920706e-02  3.235233468429811e+00  1.649236398344509e+00 -3.171994140170603e+00  1.649236315882693e+00  1.248316325317721e-03 
-2.300000000000857e-03  1.648850000000000e+00  1.651150000000001e+00  6.343002136096462e-02  3.235049212242662e+00  1.649239616801813e+00 -3.171619190881698e+00  1.649239534339837e+00  1.249084296978225e-03 
-2.290000000000791e-03  1.648855000000000e+00  1.651145000000001e+00  6.362217250226027e-02  3.234863503160412e+00  1.649242837831336e+00 -3.171241330658152e+00  1.649242755369198e+00  1.249857214812094e-03 
-2.280000000000726e-03  1.648860000000000e+00  1.651140000000000e+00  6.381580423697654e-02  3.234676322152444e+00  1.649246063194710e+00 -3.170860517915467e+00  1.649245980732411e+00  1.250635147476046e-03 
-2.270000000000660e-03  1.648865000000000e+00  1.651135000000000e+00  6.401092319888262e-02  3.234487655500656e+00  1.649249289349769e+00 -3.170476732301773e+00  1.649249206887309e+00  1.251418100178591e-03 
-2.260000000000595e-03  1.648870000000000e+00  1.651130000000000e+00  6.420754736763098e-02  3.234297491165215e+00  1.649252519266423e+00 -3.170089943797584e+00  1.649252436803801e+00  1.252206122401450e-03 
-2.250000000000529e-03  1.648875000000000e+00  1.651125000000000e+00  6.440569267875174e-02  3.234105813180519e+00  1.649255752929635e+00 -3.169700120501767e+00  1.649255670466852e+00  1.252999257931609e-03 
-2.240000000000464e-03  1.648880000000000e+00  1.651120000000000e+00  6.460538078176165e-02  3.233912597245939e+00  1.649258989013850e+00 -3.169307216464177e+00  1.649258906550905e+00  1.253797570651377e-03 
-2.230000000000842e-03  1.648885000000000e+00  1.651115000000001e+00  6.480663136593175e-02  3.233717825361654e+00  1.649262228363793e+00 -3.168911193995722e+00  1.649262145900686e+00  1.254601113911108e-03 
-2.220000000000777e-03  1.648890000000000e+00  1.651110000000001e+00  6.500943741494843e-02  3.233521501450030e+00  1.649265469432489e+00 -3.168512064035081e+00  1.649265386969220e+00  1.255409837928413e-03 
-2.210000000000711e-03  1.648895000000000e+00  1.651105000000000e+00  6.521385210990120e-02  3.233323576779357e+00  1.649268714444629e+00 -3.168109724669455e+00  1.649268631981197e+00  1.256223930845684e-03 
-2.200000000000646e-03  1.648900000000000e+00  1.651100000000000e+00  6.541985568765153e-02  3.233124070974735e+00  1.649271963331193e+00 -3.167704215287083e+00  1.649271880867599e+00  1.257043290395230e-03 
-2.190000000000580e-03  1.648905000000000e+00  1.651095000000000e+00  6.562748417850525e-02  3.232922943303251e+00  1.649275213740878e+00 -3.167295459124746e+00  1.649275131277122e+00  1.257868032539676e-03 
-2.180000000000515e-03  1.648910000000000e+00  1.651090000000000e+00  6.583673587338053e-02  3.232720195459210e+00  1.649278465666295e+00 -3.166883459585829e+00  1.649278383202376e+00  1.258698128169466e-03 
-2.170000000000449e-03  1.648915000000000e+00  1.651085000000000e+00  6.604766549841759e-02  3.232515777055285e+00  1.649281721276851e+00 -3.166468111556868e+00  1.649281638812770e+00  1.259533766529341e-03 
-2.160000000000828e-03  1.648920000000000e+00  1.651080000000001e+00  6.626025514446540e-02  3.232309704590535e+00  1.649284979867500e+00 -3.166049449446069e+00  1.649284897403255e+00  1.260374852889922e-03 
-2.150000000000762e-03  1.648925000000000e+00  1.651075000000001e+00  6.647452350802328e-02  3.232101957190967e+00  1.649288240349495e+00 -3.165627433682944e+00  1.649288157885088e+00  1.261221432108815e-03 
-2.140000000000697e-03  1.648930000000000e+00  1.651070000000000e+00  6.669051307026445e-02  3.231892492139189e+00  1.649291502604727e+00 -3.165201979068925e+00  1.649291420140156e+00  1.262073647133526e-03 
-2.130000000000631e-03  1.648935000000000e+00  1.651065000000000e+00  6.690822115913851e-02  3.231681316057912e+00  1.649294768608525e+00 -3.164773094898774e+00  1.649294686143791e+00  1.262931459031449e-03 
-2.120000000000566e-03  1.648940000000000e+00  1.651060000000000e+00  6.712770173963094e-02  3.231468374928147e+00  1.649298038333889e+00 -3.164340673188516e+00  1.649297955868991e+00  1.263795052028713e-03 
-2.110000000000500e-03  1.648945000000000e+00  1.651055000000000e+00  6.734891111805542e-02  3.231253702605908e+00  1.649301306861982e+00 -3.163904791487852e+00  1.649301224396921e+00  1.264664226023813e-03 
-2.100000000000435e-03  1.648950000000000e+00  1.651050000000000e+00  6.757191956797091e-02  3.231037241626581e+00  1.649304580597276e+00 -3.163465322058610e+00  1.649304498132051e+00  1.265539227939417e-03 
-2.090000000000813e-03  1.648955000000000e+00  1.651045000000001e+00  6.779673796402176e-02  3.230818973015278e+00  1.649307855489650e+00 -3.163022235051256e+00  1.649307773024261e+00  1.266420071668569e-03 
-2.080000000000748e-03  1.648960000000000e+00  1.651040000000001e+00  6.802338049909412e-02  3.230598885685038e+00  1.649311133092066e+00 -3.162575505185944e+00  1.649311050626513e+00  1.267306779739195e-03 
-2.070000000000682e-03  1.648965000000000e+00  1.651035000000000e+00  6.825186293561851e-02  3.230376964559820e+00  1.649314413747719e+00 -3.162125101624201e+00  1.649314331282003e+00  1.268199385599455e-03 
-2.060000000000617e-03  1.648970000000000e+00  1.651030000000000e+00  6.848221622204441e-02  3.230153173645459e+00  1.649317694933751e+00 -3.161670957423414e+00  1.649317612467871e+00  1.269097977989724e-03 
-2.050000000000551e-03  1.648975000000000e+00  1.651025000000000e+00  6.871444473750737e-02  3.229927509859897e+00  1.649320977298702e+00 -3.161213065122390e+00  1.649320894832658e+00  1.270002541969167e-03 
-2.040000000000486e-03  1.648980000000000e+00  1.651020000000000e+00  6.894859509538831e-02  3.229699934878108e+00  1.649324264986748e+00 -3.160751339782720e+00  1.649324182520539e+00  1.270913227106105e-03 
-2.030000000000864e-03  1.648985000000000e+00  1.651015000000001e+00  6.918465309042646e-02  3.229470449363413e+00  1.649327551226920e+00 -3.160285796272986e+00  1.649327468760546e+00  1.271829943578987e-03 
-2.020000000000799e-03  1.648990000000000e+00  1.651010000000001e+00  6.942267984599698e-02  3.229239002812924e+00  1.649330841329461e+00 -3.159816322966927e+00  1.649330758862922e+00  1.272752895911151e-03 
-2.010000000000733e-03  1.648995000000000e+00  1.651005000000000e+00  6.966267477673563e-02  3.229005592047412e+00  1.649334133412074e+00 -3.159342917270676e+00  1.649334050945371e+00  1.273682047594410e-03 
-2.000000000000668e-03  1.649000000000000e+00  1.651000000000000e+00  6.990468413172904e-02  3.228770172144344e+00  1.649337428138037e+00 -3.158865488012615e+00  1.649337345671169e+00  1.274617539893399e-03 
-1.990000000000602e-03  1.649005000000000e+00  1.650995000000000e+00  7.014869110307599e-02  3.228532753948014e+00  1.649340722525545e+00 -3.158384062844938e+00  1.649340640058513e+00  1.275559275400651e-03 
-1.980000000000537e-03  1.649010000000000e+00  1.650990000000000e+00  7.039475959773205e-02  3.228293282652082e+00  1.649344021124907e+00 -3.157898523054349e+00  1.649343938657710e+00  1.276507462075066e-03 
-1.970000000000471e-03  1.649015000000000e+00  1.650985000000000e+00  7.064287236810422e-02  3.228051766711696e+00  1.649347319539900e+00 -3.157408894343592e+00  1.649347237072538e+00  1.277461996573632e-03 
-1.960000000000850e-03  1.649020000000000e+00  1.650980000000001e+00  7.089309664339992e-02  3.227808144146560e+00  1.649350620394980e+00 -3.156915047503161e+00  1.649350537927453e+00  1.278423099062702e-03 
-1.950000000000784e-03  1.649025000000000e+00  1.650975000000001e+00  7.114542870987044e-02  3.227562417621053e+00  1.649353923165462e+00 -3.156416988911183e+00  1.649353840697770e+00  1.279390717703425e-03 
-1.940000000000719e-03  1.649030000000000e+00  1.650970000000000e+00  7.139990621451822e-02  3.227314549199434e+00  1.649357227706976e+00 -3.155914642984916e+00  1.649357145239119e+00  1.280364956712313e-03 
-1.930000000000653e-03  1.649035000000000e+00  1.650965000000000e+00  7.165654779601804e-02  3.227064517851378e+00  1.649360532823698e+00 -3.155407970055360e+00  1.649360450355676e+00  1.281345845813980e-03 
-1.920000000000588e-03  1.649040000000000e+00  1.650960000000000e+00  7.191540599732602e-02  3.226812277911704e+00  1.649363841954515e+00 -3.154896871914378e+00  1.649363759486327e+00  1.282333546541177e-03 
-1.910000000000522e-03  1.649045000000000e+00  1.650955000000000e+00  7.217646823824858e-02  3.226557830411726e+00  1.649367149324987e+00 -3.154381362173477e+00  1.649367066856634e+00  1.283327966528582e-03 
-1.900000000000457e-03  1.649050000000000e+00  1.650950000000000e+00  7.243975455926091e-02  3.226301164628825e+00  1.649370459594043e+00 -3.153861410069564e+00  1.649370377125524e+00  1.284329139525548e-03 
-1.890000000000835e-03  1.649055000000000e+00  1.650945000000001e+00  7.270535185439243e-02  3.226042190587511e+00  1.649373771220952e+00 -3.153336838733119e+00  1.649373688752267e+00  1.285337354694100e-03 
-1.880000000000770e-03  1.649060000000000e+00  1.650940000000001e+00  7.297324086129685e-02  3.225780928818633e+00  1.649377084839965e+00 -3.152807687957336e+00  1.649377002371115e+00  1.286352491422448e-03 
-1.870000000000704e-03  1.649065000000000e+00  1.650935000000000e+00  7.324346732991059e-02  3.225517329251046e+00  1.649380398290478e+00 -3.152273861921135e+00  1.649380315821462e+00  1.287374678792056e-03 
-1.860000000000639e-03  1.649070000000000e+00  1.650930000000000e+00  7.351605412366742e-02  3.225251374837395e+00  1.649383714480531e+00 -3.151735320713728e+00  1.649383632011350e+00  1.288403955938342e-03 
-1.850000000000573e-03  1.649075000000000e+00  1.650925000000000e+00  7.379102866779311e-02  3.224983035244889e+00  1.649387031956341e+00 -3.151192006577096e+00  1.649386949486994e+00  1.289440380288203e-03 
-1.840000000000508e-03  1.649080000000000e+00  1.650920000000000e+00  7.406843321882343e-02  3.224712267713505e+00  1.649390350466164e+00 -3.150643834494682e+00  1.649390267996651e+00  1.290484059603873e-03 
-1.830000000000442e-03  1.649085000000000e+00  1.650915000000000e+00  7.434827080555328e-02  3.224439066473694e+00  1.649393668639624e+00 -3.150090795668141e+00  1.649393586169945e+00  1.291534957556787e-03 
-1.820000000000821e-03  1.649090000000000e+00  1.650910000000001e+00  7.463059099680848e-02  3.224163386838250e+00  1.649396988917529e+00 -3.149532795841442e+00  1.649396906447684e+00  1.292593211342291e-03 
-1.810000000000755e-03  1.649095000000000e+00  1.650905000000001e+00  7.491542798057020e-02  3.223885191240360e+00  1.649400309610465e+00 -3.148969763259790e+00  1.649400227140454e+00  1.293658894158817e-03 
-1.800000000000690e-03  1.649100000000000e+00  1.650900000000000e+00  7.520283475977478e-02  3.223604432160156e+00  1.649403633459966e+00 -3.148401597400382e+00  1.649403550989788e+00  1.294732153831018e-03 
-1.790000000000624e-03  1.649105000000000e+00  1.650895000000000e+00  7.549278558558786e-02  3.223321124850770e+00  1.649406955218179e+00 -3.147828339265183e+00  1.649406872747836e+00  1.295812839538707e-03 
-1.780000000000559e-03  1.649110000000000e+00  1.650890000000000e+00  7.578535557256839e-02  3.223035202666749e+00  1.649410279119659e+00 -3.147249847094181e+00  1.649410196649149e+00  1.296901174924044e-03 
-1.770000000000493e-03  1.649115000000000e+00  1.650885000000000e+00  7.608059905580888e-02  3.222746609919834e+00  1.649413604487821e+00 -3.146666010864025e+00  1.649413522017145e+00  1.297997308336288e-03 
-1.760000000000872e-03  1.649120000000000e+00  1.650880000000001e+00  7.637850666481702e-02  3.222455355564977e+00  1.649416931114897e+00 -3.146076848900160e+00  1.649416848644055e+00  1.299101146051000e-03 
-1.750000000000806e-03  1.649125000000000e+00  1.650875000000001e+00  7.667911898807020e-02  3.222161395444180e+00  1.649420257216125e+00 -3.145482276456110e+00  1.649420174745117e+00  1.300212778756582e-03 
-1.740000000000741e-03  1.649130000000000e+00  1.650870000000001e+00  7.698248546114969e-02  3.221864683766521e+00  1.649423584613835e+00 -3.144882198305371e+00  1.649423502142660e+00  1.301332331708111e-03 
-1.730000000000675e-03  1.649135000000000e+00  1.650865000000000e+00  7.728867630375555e-02  3.221565152052505e+00  1.649426914178130e+00 -3.144276475748750e+00  1.649426831706789e+00  1.302459999870750e-03 
-1.720000000000610e-03  1.649140000000000e+00  1.650860000000000e+00  7.759766538431542e-02  3.221262819273806e+00  1.649430242329061e+00 -3.143665153889490e+00  1.649430159857553e+00  1.303595625206561e-03 
-1.710000000000544e-03  1.649145000000000e+00  1.650855000000000e+00  7.790953072751683e-02  3.220957613590579e+00  1.649433572159048e+00 -3.143048082863062e+00  1.649433489687374e+00  1.304739430690892e-03 
-1.700000000000479e-03  1.649150000000000e+00  1.650850000000000e+00  7.822427518178657e-02  3.220649527843217e+00  1.649436901512502e+00 -3.142425252661430e+00  1.649436819040661e+00  1.305891361894553e-03 
-1.690000000000857e-03  1.649155000000000e+00  1.650845000000001e+00  7.854197964689005e-02  3.220338483890071e+00  1.649440231768480e+00 -3.141796504243180e+00  1.649440149296473e+00  1.307051645872266e-03 
-1.680000000000792e-03  1.649160000000000e+00  1.650840000000001e+00  7.886266809163774e-02  3.220024457883693e+00  1.649443562987665e+00 -3.141161789792056e+00  1.649443480515492e+00  1.308220303098807e-03 
-1.670000000000726e-03  1.649165000000000e+00  1.650835000000000e+00  7.918637644086543e-02  3.219707410798659e+00  1.649446893619762e+00 -3.140521034357793e+00  1.649446811147422e+00  1.309397394914397e-03 
-1.660000000000661e-03  1.649170000000000e+00  1.650830000000000e+00  7.951316181064180e-02  3.219387288003854e+00  1.649450224907248e+00 -3.139874126193212e+00  1.649450142434741e+00  1.310583054400437e-03 
-1.650000000000595e-03  1.649175000000000e+00  1.650825000000000e+00  7.984305000923174e-02  3.219064065526493e+00  1.649453557767862e+00 -3.139221015517261e+00  1.649453475295189e+00  1.311777306147612e-03 
-1.640000000000530e-03  1.649180000000000e+00  1.650820000000000e+00  8.017608301076447e-02  3.218737697281643e+00  1.649456890146204e+00 -3.138561614270879e+00  1.649456807673364e+00  1.312980224061951e-03 
-1.630000000000464e-03  1.649185000000000e+00  1.650815000000000e+00  8.051230482358755e-02  3.218408137469948e+00  1.649460221146767e+00 -3.137895832646360e+00  1.649460138673761e+00  1.314191889583347e-03 
-1.620000000000843e-03  1.649190000000000e+00  1.650810000000001e+00  8.085177013857509e-02  3.218075337554886e+00  1.649463553846731e+00 -3.137223567416311e+00  1.649463471373557e+00  1.315412424804199e-03 
-1.610000000000777e-03  1.649195000000000e+00  1.650805000000001e+00  8.119452658290173e-02  3.217739245272987e+00  1.649466885927944e+00 -3.136544718690085e+00  1.649466803454605e+00  1.316641917048434e-03 
-1.600000000000712e-03  1.649200000000000e+00  1.650800000000000e+00  8.154063544830052e-02  3.217399803189582e+00  1.649470219318941e+00 -3.135859167741282e+00  1.649470136845435e+00  1.317880507161518e-03 
-1.590000000000646e-03  1.649205000000000e+00  1.650795000000000e+00  8.189011614469277e-02  3.217056988036620e+00  1.649473552090656e+00 -3.135166871891927e+00  1.649473469616983e+00  1.319128175922957e-03 
-1.580000000000581e-03  1.649210000000000e+00  1.650790000000000e+00  8.224301531159989e-02  3.216710753291907e+00  1.649476884301753e+00 -3.134467737980307e+00  1.649476801827913e+00  1.320385008051133e-03 
-1.570000000000515e-03  1.649215000000000e+00  1.650785000000000e+00  8.259942049231861e-02  3.216361013954543e+00  1.649480217223431e+00 -3.133761593462225e+00  1.649480134749424e+00  1.321651225302876e-03 
-1.560000000000450e-03  1.649220000000000e+00  1.650780000000000e+00  8.295932980202801e-02  3.216007767267816e+00  1.649483548534922e+00 -3.133048437465788e+00  1.649483466060749e+00  1.322926729406555e-03 
-1.550000000000828e-03  1.649225000000000e+00  1.650775000000001e+00  8.332282824684162e-02  3.215650930934041e+00  1.649486879590441e+00 -3.132328102687199e+00  1.649486797116101e+00  1.324211730009297e-03 
-1.540000000000763e-03  1.649230000000000e+00  1.650770000000001e+00  8.368996084036054e-02  3.215290463513062e+00  1.649490212176711e+00 -3.131600502672701e+00  1.649490129702205e+00  1.325506293188308e-03 
-1.530000000000697e-03  1.649235000000000e+00  1.650765000000000e+00  8.406079092761158e-02  3.214926297009961e+00  1.649493543968786e+00 -3.130865506082350e+00  1.649493461494113e+00  1.326810542131846e-03 
-1.520000000000632e-03  1.649240000000000e+00  1.650760000000000e+00  8.443538750185429e-02  3.214558362327920e+00  1.649496874914887e+00 -3.130122974826066e+00  1.649496792440048e+00  1.328124621706828e-03 
-1.510000000000566e-03  1.649245000000000e+00  1.650755000000000e+00  8.481376218263240e-02  3.214186649101578e+00  1.649500205642105e+00 -3.129372886918945e+00  1.649500123167099e+00  1.329448472537560e-03 
-1.500000000000501e-03  1.649250000000000e+00  1.650750000000000e+00  8.519597828342093e-02  3.213811092904372e+00  1.649503535593897e+00 -3.128615114620951e+00  1.649503453118724e+00  1.330782207958585e-03 
-1.490000000000435e-03  1.649255000000000e+00  1.650745000000000e+00  8.558215885925671e-02  3.213431572379872e+00  1.649506865619565e+00 -3.127849413520615e+00  1.649506783144225e+00  1.332126152001657e-03 
-1.480000000000814e-03  1.649260000000000e+00  1.650740000000001e+00  8.597230205281618e-02  3.213048087771458e+00  1.649510194912137e+00 -3.127075785718642e+00  1.649510112436632e+00  1.333480188642377e-03 
-1.470000000000748e-03  1.649265000000000e+00  1.650735000000001e+00  8.636646076671435e-02  3.212660583305845e+00  1.649513522036280e+00 -3.126294122539131e+00  1.649513439560608e+00  1.334844388954254e-03 
-1.460000000000683e-03  1.649270000000000e+00  1.650730000000000e+00  8.676476796453757e-02  3.212268932068767e+00  1.649516850016652e+00 -3.125504164104230e+00  1.649516767540814e+00  1.336219098237434e-03 
-1.450000000000617e-03  1.649275000000000e+00  1.650725000000000e+00  8.716718513571006e-02  3.211873171469493e+00  1.649520178302602e+00 -3.124705986333784e+00  1.649520095826597e+00  1.337604064598055e-03 
-1.440000000000552e-03  1.649280000000000e+00  1.650720000000000e+00  8.757387963310763e-02  3.211473127229941e+00  1.649523503431524e+00 -3.123899247596833e+00  1.649523420955353e+00  1.338999742560345e-03 
-1.430000000000486e-03  1.649285000000000e+00  1.650715000000000e+00  8.798488353638913e-02  3.211068775975699e+00  1.649526829756044e+00 -3.123083892439310e+00  1.649526747279707e+00  1.340406119690439e-03 
-1.420000000000865e-03  1.649290000000000e+00  1.650710000000001e+00  8.840021995246725e-02  3.210660085488544e+00  1.649530152720506e+00 -3.122259865536077e+00  1.649530070244002e+00  1.341823144448948e-03 
-1.410000000000800e-03  1.649295000000000e+00  1.650705000000001e+00  8.881999530916759e-02  3.210246958063787e+00  1.649533476686477e+00 -3.121426962754619e+00  1.649533394209807e+00  1.343251051167390e-03 
-1.400000000000734e-03  1.649300000000000e+00  1.650700000000001e+00  8.924430615338212e-02  3.209829291789655e+00  1.649536798971518e+00 -3.120584985636273e+00  1.649536716494683e+00  1.344690033306705e-03 
-1.390000000000668e-03  1.649305000000000e+00  1.650695000000000e+00  8.967319217744237e-02  3.209407051393944e+00  1.649540121785693e+00 -3.119733859216502e+00  1.649540039308691e+00  1.346140087672728e-03 
-1.380000000000603e-03  1.649310000000000e+00  1.650690000000000e+00  9.010672052617093e-02  3.208980159939972e+00  1.649543440233071e+00 -3.118873439413801e+00  1.649543357755904e+00  1.347601300285341e-03 
-1.370000000000537e-03  1.649315000000000e+00  1.650685000000000e+00  9.054498811660658e-02  3.208548530486489e+00  1.649546759301548e+00 -3.118003542369882e+00  1.649546676824214e+00  1.349073851727884e-03 
-1.360000000000472e-03  1.649320000000000e+00  1.650680000000000e+00  9.098806203968858e-02  3.208112090039695e+00  1.649550076039692e+00 -3.117124028000006e+00  1.649549993562192e+00  1.350557818156342e-03 
-1.350000000000851e-03  1.649325000000000e+00  1.650675000000001e+00  9.143605405320099e-02  3.207670730622793e+00  1.649553392337997e+00 -3.116234676569592e+00  1.649553309860331e+00  1.352053421178411e-03 
-1.340000000000785e-03  1.649330000000000e+00  1.650670000000001e+00  9.188899068662798e-02  3.207224424171629e+00  1.649556707429129e+00 -3.115335433485002e+00  1.649556624951297e+00  1.353560592423124e-03 
-1.330000000000719e-03  1.649335000000000e+00  1.650665000000000e+00  9.234702457592822e-02  3.206773018113375e+00  1.649560021344652e+00 -3.114425993537447e+00  1.649559938866655e+00  1.355079678215470e-03 
-1.320000000000654e-03  1.649340000000000e+00  1.650660000000000e+00  9.281016041143314e-02  3.206316504963973e+00  1.649563332687703e+00 -3.113506344552540e+00  1.649563250209541e+00  1.356610526170164e-03 
-1.310000000000588e-03  1.649345000000000e+00  1.650655000000000e+00  9.327857126957109e-02  3.205854716178448e+00  1.649566643724010e+00 -3.112576144908877e+00  1.649566561245682e+00  1.358153540280323e-03 
-1.300000000000523e-03  1.649350000000000e+00  1.650650000000000e+00  9.375227834261091e-02  3.205387625562369e+00  1.649569951952490e+00 -3.111635347219758e+00  1.649569869473997e+00  1.359708613212337e-03 
-1.290000000000457e-03  1.649355000000000e+00  1.650645000000000e+00  9.423139621689344e-02  3.204915119268801e+00  1.649573257742847e+00 -3.110683723051908e+00  1.649573175264189e+00  1.361275941004326e-03 
-1.280000000000836e-03  1.649360000000000e+00  1.650640000000001e+00  9.471600850778389e-02  3.204437119425412e+00  1.649576563966598e+00 -3.109721110917628e+00  1.649576481487774e+00  1.362855613797278e-03 
-1.270000000000771e-03  1.649365000000000e+00  1.650635000000001e+00  9.520627441040094e-02  3.203953462049693e+00  1.649579868230047e+00 -3.108747187639292e+00  1.649579785751058e+00  1.364447958191737e-03 
-1.260000000000705e-03  1.649370000000000e+00  1.650630000000000e+00  9.570220769498693e-02  3.203464128785343e+00  1.649583168240165e+00 -3.107761921090356e+00  1.649583085761011e+00  1.366052823418646e-03 
-1.250000000000639e-03  1.649375000000000e+00  1.650625000000000e+00  9.620399267112570e-02  3.202968946580802e+00  1.649586469625964e+00 -3.106764953909677e+00  1.649586387146645e+00  1.367670604250004e-03 
-1.240000000000574e-03  1.649380000000000e+00  1.650620000000000e+00  9.671162758448497e-02  3.202467902998906e+00  1.649589765291695e+00 -3.105756275414421e+00  1.649589682812211e+00  1.369301087843059e-03 
-1.230000000000508e-03  1.649385000000000e+00  1.650615000000000e+00  9.722535640872489e-02  3.201960764169954e+00  1.649593060289339e+00 -3.104735407761229e+00  1.649592977809690e+00  1.370944843128346e-03 
-1.220000000000443e-03  1.649390000000000e+00  1.650610000000000e+00  9.774516937135697e-02  3.201447537356280e+00  1.649596353363819e+00 -3.103702367984923e+00  1.649596270884005e+00  1.372601621070871e-03 
-1.210000000000822e-03  1.649395000000000e+00  1.650605000000001e+00  9.827120638792664e-02  3.200928080542502e+00  1.649599643465214e+00 -3.102656874154575e+00  1.649599560985236e+00  1.374271640931452e-03 
-1.200000000000756e-03  1.649400000000000e+00  1.650600000000001e+00  9.880365845826007e-02  3.200402208339608e+00  1.649602933398934e+00 -3.101598549881348e+00  1.649602850918791e+00  1.375955275660508e-03 
-1.190000000000691e-03  1.649405000000000e+00  1.650595000000000e+00  9.934255233835804e-02  3.199869887312977e+00  1.649606219825667e+00 -3.100527334974618e+00  1.649606137345360e+00  1.377652370118542e-03 
-1.180000000000625e-03  1.649410000000000e+00  1.650590000000000e+00  9.988805704619459e-02  3.199330949293011e+00  1.649609503169603e+00 -3.099442892246816e+00  1.649609420689132e+00  1.379363210604736e-03 
-1.170000000000559e-03  1.649415000000000e+00  1.650585000000000e+00  1.004403060185615e-01  3.198785262333859e+00  1.649612784176210e+00 -3.098344956315298e+00  1.649612701695575e+00  1.381087958763782e-03 
-1.160000000000494e-03  1.649420000000000e+00  1.650580000000000e+00  1.009993848732182e-01  3.198232741165036e+00  1.649616063019127e+00 -3.097233356291818e+00  1.649615980538328e+00  1.382826622644823e-03 
-1.150000000000428e-03  1.649425000000000e+00  1.650575000000000e+00  1.015654513677512e-01  3.197673228377413e+00  1.649619339872582e+00 -3.096107777009662e+00  1.649619257391619e+00  1.384579420343971e-03 
-1.140000000000807e-03  1.649430000000000e+00  1.650570000000001e+00  1.021386292721486e-01  3.197106595506051e+00  1.649622612389100e+00 -3.094967966233903e+00  1.649622529907973e+00  1.386346457884339e-03 
-1.130000000000742e-03  1.649435000000000e+00  1.650565000000001e+00  1.027190979481269e-01  3.196532670981872e+00  1.649625884465000e+00 -3.093813573033745e+00  1.649625801983710e+00  1.388128001474722e-03 
-1.120000000000676e-03  1.649440000000000e+00  1.650560000000000e+00  1.033069934129475e-01  3.195951310911318e+00  1.649629152162132e+00 -3.092644317498370e+00  1.649629069680679e+00  1.389924170978324e-03 
-1.110000000000610e-03  1.649445000000000e+00  1.650555000000000e+00  1.039024039207185e-01  3.195362427921174e+00  1.649632415920946e+00 -3.091460024000456e+00  1.649632333439330e+00  1.391734929137369e-03 
-1.100000000000545e-03  1.649450000000000e+00  1.650550000000000e+00  1.045055195085458e-01  3.194765835812051e+00  1.649635677660299e+00 -3.090260316303505e+00  1.649635595178519e+00  1.393560541312028e-03 
-1.090000000000479e-03  1.649455000000000e+00  1.650545000000000e+00  1.051165298393670e-01  3.194161345424922e+00  1.649638937632145e+00 -3.089044815585555e+00  1.649638855150202e+00  1.395401254501726e-03 
-1.080000000000858e-03  1.649460000000000e+00  1.650540000000001e+00  1.057355632269146e-01  3.193548820714743e+00  1.649642191970829e+00 -3.087813257487829e+00  1.649642109488723e+00  1.397257118501068e-03 
-1.070000000000793e-03  1.649465000000000e+00  1.650535000000001e+00  1.063627439825571e-01  3.192928142954593e+00  1.649645443468575e+00 -3.086565398972036e+00  1.649645360986307e+00  1.399128160307188e-03 
-1.060000000000727e-03  1.649470000000000e+00  1.650530000000000e+00  1.069983628823926e-01  3.192299026997172e+00  1.649648694939782e+00 -3.085300664114779e+00  1.649648612457352e+00  1.401014889738512e-03 
-1.050000000000662e-03  1.649475000000000e+00  1.650525000000000e+00  1.076424463913364e-01  3.191661434558654e+00  1.649651940474995e+00 -3.084018988167318e+00  1.649651857992402e+00  1.402917012481612e-03 
-1.040000000000596e-03  1.649480000000000e+00  1.650520000000000e+00  1.082953547370594e-01  3.191015011136405e+00  1.649655182936732e+00 -3.082719656399346e+00  1.649655100453977e+00  1.404835209991941e-03 
-1.030000000000530e-03  1.649485000000000e+00  1.650515000000000e+00  1.089570641875007e-01  3.190359779854578e+00  1.649658422021040e+00 -3.081402715667077e+00  1.649658339538123e+00  1.406769017578143e-03 
-1.020000000000465e-03  1.649490000000000e+00  1.650510000000000e+00  1.096279484628952e-01  3.189695367188060e+00  1.649661657825477e+00 -3.080067418725165e+00  1.649661575342399e+00  1.408719119503721e-03 
-1.010000000000844e-03  1.649495000000000e+00  1.650505000000001e+00  1.103081073442588e-01  3.189021671902901e+00  1.649664889623580e+00 -3.078713564558643e+00  1.649664807140340e+00  1.410685380132625e-03 
-1.000000000000778e-03  1.649500000000000e+00  1.650500000000001e+00  1.109977342519095e-01  3.188338500621689e+00  1.649668117436799e+00 -3.077340766369780e+00  1.649668034953398e+00  1.412667923964131e-03 
-9.900000000007125e-04  1.649505000000000e+00  1.650495000000000e+00  1.116971758812525e-01  3.187645509212833e+00  1.649671342547043e+00 -3.075948333331580e+00  1.649671260063480e+00  1.414667293829819e-03 
-9.800000000006470e-04  1.649510000000000e+00  1.650490000000000e+00  1.124064694972648e-01  3.186942654593193e+00  1.649674562045229e+00 -3.074536185095929e+00  1.649674479561505e+00  1.416683126270522e-03 
-9.700000000005815e-04  1.649515000000000e+00  1.650485000000000e+00  1.131259777380428e-01  3.186229577051167e+00  1.649677777394605e+00 -3.073103599313124e+00  1.649677694910720e+00  1.418715967555926e-03 
-9.600000000005160e-04  1.649520000000000e+00  1.650480000000000e+00  1.138558694144231e-01  3.185506115695413e+00  1.649680992554918e+00 -3.071650246280990e+00  1.649680910070872e+00  1.420765791486428e-03 
-9.500000000004505e-04  1.649525000000000e+00  1.650475000000000e+00  1.145964329602246e-01  3.184771969997907e+00  1.649684201479066e+00 -3.070175537037682e+00  1.649684118994860e+00  1.422832888738004e-03 
-9.400000000008291e-04  1.649530000000000e+00  1.650470000000001e+00  1.153478456215305e-01  3.184026963443689e+00  1.649687404532610e+00 -3.068679117822158e+00  1.649687322048244e+00  1.424917210294620e-03 
-9.300000000007635e-04  1.649535000000000e+00  1.650465000000001e+00  1.161104444590420e-01  3.183270764062365e+00  1.649690604260703e+00 -3.067160319603323e+00  1.649690521776177e+00  1.427019135635155e-03 
-9.200000000006980e-04  1.649540000000000e+00  1.650460000000000e+00  1.168844576451876e-01  3.182503142065148e+00  1.649693799855168e+00 -3.065618684419960e+00  1.649693717370482e+00  1.429138710710516e-03 
-9.100000000006325e-04  1.649545000000000e+00  1.650455000000000e+00  1.176702117093231e-01  3.181723776466158e+00  1.649696994087740e+00 -3.064053564756835e+00  1.649696911602895e+00  1.431276227513579e-03 
-9.000000000005670e-04  1.649550000000000e+00  1.650450000000000e+00  1.184678870933619e-01  3.180932472427405e+00  1.649700179760383e+00 -3.062464585334043e+00  1.649700097275379e+00  1.433431551883974e-03 
-8.900000000005015e-04  1.649555000000000e+00  1.650445000000000e+00  1.192778674222092e-01  3.180128857830017e+00  1.649703362626113e+00 -3.060850990407808e+00  1.649703280140949e+00  1.435605072798557e-03 
-8.800000000004360e-04  1.649560000000000e+00  1.650440000000000e+00  1.201004857943702e-01  3.179312597408660e+00  1.649706541601515e+00 -3.059212111614289e+00  1.649706459116192e+00  1.437797010160241e-03 
-8.700000000008146e-04  1.649565000000000e+00  1.650435000000001e+00  1.209360262951704e-01  3.178483404695637e+00  1.649709715495404e+00 -3.057547378400467e+00  1.649709633009922e+00  1.440007417051628e-03 
-8.600000000007491e-04  1.649570000000000e+00  1.650430000000001e+00  1.217847855148000e-01  3.177640982202830e+00  1.649712883858815e+00 -3.055856196688030e+00  1.649712801373175e+00  1.442236353788254e-03 
-8.500000000006835e-04  1.649575000000000e+00  1.650425000000000e+00  1.226472175203319e-01  3.176784879078028e+00  1.649716048299180e+00 -3.054137661557697e+00  1.649715965813382e+00  1.444484252355683e-03 
-8.400000000006180e-04  1.649580000000000e+00  1.650420000000000e+00  1.235234779607418e-01  3.175914937097351e+00  1.649719207529047e+00 -3.052391459136610e+00  1.649719125043090e+00  1.446750734900635e-03 
-8.300000000005525e-04  1.649585000000000e+00  1.650415000000000e+00  1.244141700820366e-01  3.175030552787882e+00  1.649722361434959e+00 -3.050616382705845e+00  1.649722278948845e+00  1.449036543016654e-03 
-8.200000000004870e-04  1.649590000000000e+00  1.650410000000000e+00  1.253195739702840e-01  3.174131445631838e+00  1.649725509801061e+00 -3.048811871661554e+00  1.649725427314789e+00  1.451341540294302e-03 
-8.100000000008656e-04  1.649595000000000e+00  1.650405000000001e+00  1.262401717349175e-01  3.173217139565597e+00  1.649728655650258e+00 -3.046976967830680e+00  1.649728573163829e+00  1.453666065563740e-03 
-8.000000000008001e-04  1.649600000000000e+00  1.650400000000001e+00  1.271763017419433e-01  3.172287287398440e+00  1.649731794570191e+00 -3.045110985656496e+00  1.649731712083606e+00  1.456010043837488e-03 
-7.900000000007346e-04  1.649605000000000e+00  1.650395000000001e+00  1.281283467623182e-01  3.171341511735841e+00  1.649734929249079e+00 -3.043213164973523e+00  1.649734846762337e+00  1.458373475345416e-03 
-7.800000000006690e-04  1.649610000000000e+00  1.650390000000000e+00  1.290969635053560e-01  3.170379153193501e+00  1.649738058349428e+00 -3.041282189688145e+00  1.649737975862530e+00  1.460756979922603e-03 
-7.700000000006035e-04  1.649615000000000e+00  1.650385000000000e+00  1.300824902683363e-01  3.169399876845823e+00  1.649741183557080e+00 -3.039317386577487e+00  1.649741101070025e+00  1.463160339252408e-03 
-7.600000000005380e-04  1.649620000000000e+00  1.650380000000000e+00  1.310854040702104e-01  3.168403197732543e+00  1.649744300901377e+00 -3.037317793662333e+00  1.649744218414166e+00  1.465583621476423e-03 
-7.500000000004725e-04  1.649625000000000e+00  1.650375000000000e+00  1.321064112173760e-01  3.167388418279475e+00  1.649747414748426e+00 -3.035282007062099e+00  1.649747332261059e+00  1.468027385855463e-03 
-7.400000000008511e-04  1.649630000000000e+00  1.650370000000001e+00  1.331458137087615e-01  3.166355233072256e+00  1.649750523390509e+00 -3.033209419363494e+00  1.649750440902987e+00  1.470491157292475e-03 
-7.300000000007856e-04  1.649635000000000e+00  1.650365000000001e+00  1.342043636375457e-01  3.165302885710275e+00  1.649753624673910e+00 -3.031098522072729e+00  1.649753542186233e+00  1.472975470174031e-03 
-7.200000000007201e-04  1.649640000000000e+00  1.650360000000000e+00  1.352826000070196e-01  3.164230845741368e+00  1.649756722874194e+00 -3.028948245734349e+00  1.649756640386362e+00  1.475480277373145e-03 
-7.100000000006546e-04  1.649645000000000e+00  1.650355000000000e+00  1.363811765545288e-01  3.163138452862947e+00  1.649759814708738e+00 -3.026757276308418e+00  1.649759732220751e+00  1.478005725882092e-03 
-7.000000000005890e-04  1.649650000000000e+00  1.650350000000000e+00  1.375007563393328e-01  3.162025045626067e+00  1.649762900982700e+00 -3.024524289286735e+00  1.649762818494559e+00  1.480551903320741e-03 
-6.900000000005235e-04  1.649655000000000e+00  1.650345000000000e+00  1.386419891324620e-01  3.160889977318457e+00  1.649765983225460e+00 -3.022247988185995e+00  1.649765900737165e+00  1.483118781623169e-03 
-6.800000000004580e-04  1.649660000000000e+00  1.650340000000000e+00  1.398056572632624e-01  3.159732458765963e+00  1.649769058014613e+00 -3.019926801502701e+00  1.649768975526164e+00  1.485706542643463e-03 
-6.700000000008366e-04  1.649665000000000e+00  1.650335000000001e+00  1.409925724354100e-01  3.158551683807663e+00  1.649772128121537e+00 -3.017559111372254e+00  1.649772045632934e+00  1.488315330156639e-03 
-6.600000000007711e-04  1.649670000000000e+00  1.650330000000001e+00  1.422034944537337e-01  3.157346891369734e+00  1.649775192911734e+00 -3.015143396916000e+00  1.649775110422978e+00  1.490945072903566e-03 
-6.500000000007056e-04  1.649675000000000e+00  1.650325000000000e+00  1.434391818396520e-01  3.156117317204387e+00  1.649778249522020e+00 -3.012678135364735e+00  1.649778167033111e+00  1.493595591329583e-03 
-6.400000000006401e-04  1.649680000000000e+00  1.650320000000000e+00  1.447006382654269e-01  3.154861971350440e+00  1.649781304807934e+00 -3.010161333085013e+00  1.649781222318872e+00  1.496267118718322e-03 
-6.300000000005745e-04  1.649685000000000e+00  1.650315000000000e+00  1.459887949464480e-01  3.153579910313978e+00  1.649784352630213e+00 -3.007591115367530e+00  1.649784270140999e+00  1.498959602080958e-03 
-6.200000000005090e-04  1.649690000000000e+00  1.650310000000000e+00  1.473047897898069e-01  3.152270001401840e+00  1.649787395595823e+00 -3.004965211612033e+00  1.649787313106458e+00  1.501673285723497e-03 
-6.100000000004435e-04  1.649695000000000e+00  1.650305000000000e+00  1.486495760116215e-01  3.150931290185758e+00  1.649790433098690e+00 -3.002281714174137e+00  1.649790350609172e+00  1.504407881625040e-03 
-6.000000000008221e-04  1.649700000000000e+00  1.650300000000001e+00  1.500241991194093e-01  3.149562728012334e+00  1.649793463565872e+00 -2.999538528892925e+00  1.649793381076203e+00  1.507163149855067e-03 
-5.900000000007566e-04  1.649705000000000e+00  1.650295000000001e+00  1.514299777333319e-01  3.148163002465392e+00  1.649796490099362e+00 -2.996733024732060e+00  1.649796407609542e+00  1.509939233861483e-03 
-5.800000000006911e-04  1.649710000000000e+00  1.650290000000000e+00  1.528681857949429e-01  3.146730839955001e+00  1.649799512874972e+00 -2.993862654160059e+00  1.649799430385001e+00  1.512736004904440e-03 
-5.700000000006256e-04  1.649715000000000e+00  1.650285000000000e+00  1.543403174211221e-01  3.145264740228667e+00  1.649802528824895e+00 -2.990924422807545e+00  1.649802446334772e+00  1.515553563639757e-03 
-5.600000000005600e-04  1.649720000000000e+00  1.650280000000000e+00  1.558476369531764e-01  3.143763444011242e+00  1.649805540482209e+00 -2.987915807058065e+00  1.649805457991936e+00  1.518391365035259e-03 
-5.500000000004945e-04  1.649725000000000e+00  1.650275000000000e+00  1.573917524218273e-01  3.142225341297869e+00  1.649808546859848e+00 -2.984833588876042e+00  1.649808464369425e+00  1.521249303505628e-03 
-5.400000000004290e-04  1.649730000000000e+00  1.650270000000000e+00  1.589743339415997e-01  3.140648760801886e+00  1.649811547371743e+00 -2.981674426860287e+00  1.649811464881170e+00  1.524127140243659e-03 
-5.300000000008076e-04  1.649735000000000e+00  1.650265000000001e+00  1.605971891996803e-01  3.139031899851926e+00  1.649814544525803e+00 -2.978434710652245e+00  1.649814462035080e+00  1.527024632677440e-03 
-5.200000000007421e-04  1.649740000000000e+00  1.650260000000001e+00  1.622622486471016e-01  3.137372825721004e+00  1.649817537184053e+00 -2.975110577073902e+00  1.649817454693180e+00  1.529941466039874e-03 
-5.100000000006766e-04  1.649745000000000e+00  1.650255000000000e+00  1.639715398913928e-01  3.135669510517341e+00  1.649820525204367e+00 -2.971697970625948e+00  1.649820442713345e+00  1.532877201820142e-03 
-5.000000000006111e-04  1.649750000000000e+00  1.650250000000000e+00  1.657273233438484e-01  3.133919695856290e+00  1.649823509600069e+00 -2.968192372512442e+00  1.649823427108898e+00  1.535831463210032e-03 
-4.900000000005456e-04  1.649755000000000e+00  1.650245000000000e+00  1.675321022163583e-01  3.132120881143206e+00  1.649826491679782e+00 -2.964588778926847e+00  1.649826409188462e+00  1.538803917904356e-03 
-4.800000000004800e-04  1.649760000000000e+00  1.650240000000000e+00  1.693883803490801e-01  3.130270559746586e+00  1.649829470047833e+00 -2.960882179397506e+00  1.649829387556364e+00  1.541793837457114e-03 
-4.700000000008586e-04  1.649765000000000e+00  1.650235000000001e+00  1.712989327845246e-01  3.128365955411838e+00  1.649832444098181e+00 -2.957067022627314e+00  1.649832361606563e+00  1.544800516660607e-03 
-4.600000000007931e-04  1.649770000000000e+00  1.650230000000001e+00  1.732668615505275e-01  3.126403968237155e+00  1.649835414893841e+00 -2.953137106686628e+00  1.649835332402075e+00  1.547823295816060e-03 
-4.500000000007276e-04  1.649775000000000e+00  1.650225000000000e+00  1.752956362558684e-01  3.124381130874479e+00  1.649838383565174e+00 -2.949085494618610e+00  1.649838301073259e+00  1.550861562045795e-03 
-4.400000000006621e-04  1.649780000000000e+00  1.650220000000000e+00  1.773889087845923e-01  3.122293792732199e+00  1.649841350758396e+00 -2.944904883947607e+00  1.649841268266333e+00  1.553914401665483e-03 
-4.300000000005966e-04  1.649785000000000e+00  1.650215000000000e+00  1.795509066830444e-01  3.120137728545132e+00  1.649844317614088e+00 -2.940586821862088e+00  1.649844235121877e+00  1.556981110891320e-03 
-4.200000000005311e-04  1.649790000000000e+00  1.650210000000000e+00  1.817856827789611e-01  3.117908883574643e+00  1.649847283176802e+00 -2.936123200795682e+00  1.649847200684442e+00  1.560060060884095e-03 
-4.100000000004655e-04  1.649795000000000e+00  1.650205000000000e+00  1.840984828974531e-01  3.115602010700760e+00  1.649850246799107e+00 -2.931503527803307e+00  1.649850164306598e+00  1.563150529511922e-03 
-4.000000000008441e-04  1.649800000000000e+00  1.650200000000001e+00  1.864944515592734e-01  3.113211971601200e+00  1.649853211580237e+00 -2.926717520041927e+00  1.649853129087580e+00  1.566250811126958e-03 
-3.900000000007786e-04  1.649805000000000e+00  1.650195000000001e+00  1.889800442316804e-01  3.110732308178031e+00  1.649856176204856e+00 -2.921752263946350e+00  1.649856093712051e+00  1.569359975815582e-03 
-3.800000000007131e-04  1.649810000000000e+00  1.650190000000000e+00  1.915618241000740e-01  3.108156465401200e+00  1.649859144750637e+00 -2.916594641301126e+00  1.649859062257684e+00  1.572476171724144e-03 
-3.700000000006476e-04  1.649815000000000e+00  1.650185000000000e+00  1.942475045670654e-01  3.105476718141552e+00  1.649862111354309e+00 -2.911229213574487e+00  1.649862028861208e+00  1.575597804298421e-03 
-3.600000000005821e-04  1.649820000000000e+00  1.650180000000000e+00  1.970454726625249e-01  3.102684696444955e+00  1.649865084553740e+00 -2.905639223782431e+00  1.649865002060490e+00  1.578722780851675e-03 
-3.500000000005166e-04  1.649825000000000e+00  1.650175000000000e+00  1.999657968901423e-01  3.099770323984103e+00  1.649868060437123e+00 -2.899804527093960e+00  1.649867977943724e+00  1.581849449341972e-03 
-3.400000000004511e-04  1.649830000000000e+00  1.650170000000000e+00  2.030194542797288e-01  3.096722625761056e+00  1.649871040020392e+00 -2.893703171481327e+00  1.649870957526844e+00  1.584975485673138e-03 
-3.300000000008296e-04  1.649835000000000e+00  1.650165000000001e+00  2.062188266202876e-01  3.093529222091604e+00  1.649874024355946e+00 -2.887310395471317e+00  1.649873941862249e+00  1.588098222201869e-03 
-3.200000000007641e-04  1.649840000000000e+00  1.650160000000001e+00  2.095791140295404e-01  3.090174919281831e+00  1.649877016655686e+00 -2.880595805252291e+00  1.649876934161839e+00  1.591215690777573e-03 
-3.100000000006986e-04  1.649845000000000e+00  1.650155000000000e+00  2.131170098501174e-01  3.086643020868689e+00  1.649880015359404e+00 -2.873526011018572e+00  1.649879932865407e+00  1.594324929584444e-03 
-3.000000000006331e-04  1.649850000000000e+00  1.650150000000000e+00  2.168529513110426e-01  3.082913091281836e+00  1.649883021296439e+00 -2.866060139970794e+00  1.649882938802292e+00  1.597423624390041e-03 
-2.900000000005676e-04  1.649855000000000e+00  1.650145000000000e+00  2.208103456032600e-01  3.078961726769486e+00  1.649886036186373e+00 -2.858151381166226e+00  1.649885953692076e+00  1.600508821386030e-03 
-2.800000000005021e-04  1.649860000000000e+00  1.650140000000000e+00  2.250171324924608e-01  3.074760986402227e+00  1.649889059447344e+00 -2.849743853909767e+00  1.649888976952895e+00  1.603577627647739e-03 
-2.700000000004366e-04  1.649865000000000e+00  1.650135000000000e+00  2.295073827046499e-01  3.070276793885140e+00  1.649892088294895e+00 -2.840769411180490e+00  1.649892005800295e+00  1.606627549899311e-03 
-2.600000000008151e-04  1.649870000000000e+00  1.650130000000001e+00  2.343228407223860e-01  3.065467414240143e+00  1.649895127481264e+00 -2.831144573517757e+00  1.649895044986512e+00  1.609656475094892e-03 
-2.500000000007496e-04  1.649875000000000e+00  1.650125000000001e+00  2.395159410874838e-01  3.060280401006459e+00  1.649898171046971e+00 -2.820764459918975e+00  1.649898088552067e+00  1.612663202371106e-03 
-2.400000000006841e-04  1.649880000000000e+00  1.650120000000000e+00  2.451504046818180e-01  3.054652030501170e+00  1.649901217591494e+00 -2.809501625819351e+00  1.649901135096437e+00  1.615646137382034e-03 
-2.300000000006186e-04  1.649885000000000e+00  1.650115000000000e+00  2.513091990975451e-01  3.048499328419091e+00  1.649904263758318e+00 -2.797190129321546e+00  1.649904181263109e+00  1.618605609472864e-03 
-2.200000000005531e-04  1.649890000000000e+00  1.650110000000000e+00  2.581030417778009e-01  3.041711557565327e+00  1.649907299671564e+00 -2.783608515787526e+00  1.649907217176203e+00  1.621544619465355e-03 
-2.100000000004876e-04  1.649895000000000e+00  1.650105000000000e+00  2.656783620281147e-01  3.034142270363974e+00  1.649910316196045e+00 -2.768463908335860e+00  1.649910233700533e+00  1.624467869218980e-03 
-2.000000000008662e-04  1.649900000000000e+00  1.650100000000001e+00  2.742411937189090e-01  3.025585402307217e+00  1.649913298013063e+00 -2.751344208588308e+00  1.649913215517402e+00  1.627385050111266e-03 
-1.900000000008006e-04  1.649905000000000e+00  1.650095000000001e+00  2.840869307117861e-01  3.015745505355311e+00  1.649916218033549e+00 -2.731658574643525e+00  1.649916135537742e+00  1.630311307960225e-03 
-1.800000000007351e-04  1.649910000000000e+00  1.650090000000001e+00  2.956601299895097e-01  3.004177955494043e+00  1.649919042741776e+00 -2.708517825504533e+00  1.649918960245828e+00  1.633270672284478e-03 
-1.700000000006696e-04  1.649915000000000e+00  1.650085000000000e+00  3.096632874058364e-01  2.990180140686989e+00  1.649921714046413e+00 -2.680516853281152e+00  1.649921631550331e+00  1.636300193294379e-03 
-1.600000000006041e-04  1.649920000000000e+00  1.650080000000000e+00  3.272442087497447e-01  2.972604075287879e+00  1.649924142018812e+00 -2.645359866538134e+00  1.649924059522609e+00  1.639451787335053e-03 
-1.500000000005386e-04  1.649925000000000e+00  1.650075000000000e+00  3.502992356217087e-01  2.949553168629051e+00  1.649926202125380e+00 -2.599253933007343e+00  1.649926119629074e+00  1.642786756275485e-03 
-1.400000000004731e-04  1.649930000000000e+00  1.650070000000000e+00  3.816830622113393e-01  2.918172430622263e+00  1.649927746416801e+00 -2.536489368410924e+00  1.649927663920418e+00  1.646332195005666e-03 
-1.300000000008517e-04  1.649935000000000e+00  1.650065000000001e+00  4.244224597515216e-01  2.875434983205425e+00  1.649928721478473e+00 -2.451012523453903e+00  1.649928638982041e+00  1.649976664229314e-03 
-1.200000000007861e-04  1.649940000000000e+00  1.650060000000001e+00  4.794565288171648e-01  2.820402040949284e+00  1.649929284883224e+00 -2.340945512132119e+00  1.649929202386764e+00  1.653449680146843e-03 
-1.100000000007206e-04  1.649945000000000e+00  1.650055000000000e+00  5.452636932132381e-01  2.754595626431819e+00  1.649929659822529e+00 -2.209331933218581e+00  1.649929577326050e+00  1.656548887796378e-03 
-1.000000000006551e-04  1.649950000000000e+00  1.650050000000000e+00  6.200436286351282e-01  2.679816324843082e+00  1.649929976739105e+00 -2.059772696207953e+00  1.649929894242610e+00  1.659241345369242e-03 
-9.000000000058961e-05  1.649955000000000e+00  1.650045000000000e+00  7.025099580943578e-01  2.597350576641416e+00  1.649930267367887e+00 -1.894840618547058e+00  1.649930184871378e+00  1.661568514391025e-03 
-8.000000000052410e-05  1.649960000000000e+00  1.650040000000000e+00  7.917127061549888e-01  2.508148356947450e+00  1.649930531551219e+00 -1.716435650792461e+00  1.649930449054697e+00  1.663583517500155e-03 
-7.000000000045858e-05  1.649965000000000e+00  1.650035000000000e+00  8.867789990371268e-01  2.413082537472699e+00  1.649930768254913e+00 -1.526303538435572e+00  1.649930685758378e+00  1.665326543523105e-03 
-6.000000000083716e-05  1.649970000000000e+00  1.650030000000001e+00  9.868952133500871e-01  2.312966723821567e+00  1.649930968585827e+00 -1.326071510471480e+00  1.649930886089283e+00  1.666822887013998e-03 
-5.000000000077165e-05  1.649975000000000e+00  1.650025000000001e+00  1.091243266491502e+00  2.208619002141049e+00  1.649931134316275e+00 -1.117375735649547e+00  1.649931051819723e+00  1.668085076653751e-03 
-4.000000000070614e-05  1.649980000000000e+00  1.650020000000000e+00  1.199031999277623e+00  2.100830536827740e+00  1.649931268052681e+00 -9.017985375501167e-01  1.649931185556122e+00  1.669117893282504e-03 
-3.000000000064063e-05  1.649985000000000e+00  1.650015000000000e+00  1.309508619580754e+00  1.990354112015150e+00  1.649931365797952e+00 -6.808454924343963e-01  1.649931283301388e+00  1.669922146832628e-03 
-2.000000000057511e-05  1.649990000000000e+00  1.650010000000000e+00  1.421926009451758e+00  1.877936860647661e+00  1.649931435049710e+00 -4.560108511959038e-01  1.649931352553142e+00  1.670497087086563e-03 
-1.000000000050960e-05  1.649995000000000e+00  1.650005000000000e+00  1.535615573406278e+00  1.764247379056702e+00  1.649931476231490e+00 -2.286318056504240e-01  1.649931393734920e+00  1.670842224401633e-03 
-4.440892098500626e-16  1.650000000000000e+00  1.650000000000000e+00  1.649931401451724e+00  1.649931580074419e+00  1.649931490763072e+00 -1.786226950795111e-07  1.649931408266502e+00  1.670957285248834e-03 
 9.999999999177334e-06  1.650005000000000e+00  1.649995000000001e+00  1.764251398887336e+00  1.535611554740845e+00  1.649931476814090e+00  2.286398441464910e-01  1.649931394317521e+00  1.670842202653481e-03 
 1.999999999924285e-05  1.650010000000000e+00  1.649990000000001e+00  1.877942612826901e+00  1.421920257996566e+00  1.649931435411733e+00  4.560223548303346e-01  1.649931352915166e+00  1.670497032151931e-03 
 2.999999999930836e-05  1.650015000000000e+00  1.649985000000000e+00  1.990355008238107e+00  1.309507723660244e+00  1.649931365949175e+00  6.808472845778626e-01  1.649931283452611e+00  1.669922087450314e-03 
 3.999999999937387e-05  1.650020000000000e+00  1.649980000000000e+00  2.100826962244122e+00  1.199035570603217e+00  1.649931266423669e+00  9.017913916409048e-01  1.649931183927110e+00  1.669117838465136e-03 
 4.999999999943938e-05  1.650025000000000e+00  1.649975000000000e+00  2.208615923908578e+00  1.091246345938308e+00  1.649931134923443e+00  1.117369577970270e+00  1.649931052426890e+00  1.668084982672798e-03 
 5.999999999950489e-05  1.650030000000000e+00  1.649970000000000e+00  2.312965747450921e+00  9.868961879450279e-01  1.649930967697975e+00  1.326069559505894e+00  1.649930885201430e+00  1.666822708042744e-03 
 6.999999999957041e-05  1.650035000000000e+00  1.649965000000000e+00  2.413079138695684e+00  8.867823947114540e-01  1.649930766703569e+00  1.526296743984230e+00  1.649930684207035e+00  1.665326312277446e-03 
 7.999999999919183e-05  1.650040000000000e+00  1.649960000000001e+00  2.508144651132448e+00  7.917164131933045e-01  1.649930532162876e+00  1.716428237939143e+00  1.649930449666354e+00  1.663583127402989e-03 
 8.999999999925734e-05  1.650045000000000e+00  1.649955000000001e+00  2.597336172069746e+00  7.025243620750924e-01  1.649930267072419e+00  1.894811809994654e+00  1.649930184575910e+00  1.661568050278143e-03 
 9.999999999932285e-05  1.650050000000000e+00  1.649950000000000e+00  2.679798359693836e+00  6.200615943708836e-01  1.649929977032360e+00  2.059736765322952e+00  1.649929894535865e+00  1.659240098258880e-03 
 1.099999999993884e-04  1.650055000000000e+00  1.649945000000000e+00  2.754542063044827e+00  5.453172606629281e-01  1.649929661853877e+00  2.209224802381899e+00  1.649929579357398e+00  1.656546318531127e-03 
 1.199999999994539e-04  1.650060000000000e+00  1.649940000000000e+00  2.820298746850855e+00  4.795598194072563e-01  1.649929283129056e+00  2.340738927443599e+00  1.649929200632596e+00  1.653445049840267e-03 
 1.299999999995194e-04  1.650065000000000e+00  1.649935000000000e+00  2.875399829938914e+00  4.244576113292868e-01  1.649928720634100e+00  2.450942218609627e+00  1.649928638137669e+00  1.649975291765972e-03 
 1.399999999991408e-04  1.650070000000000e+00  1.649930000000001e+00  2.917892840381421e+00  3.819626281703601e-01  1.649927734275891e+00  2.535930212211061e+00  1.649927651779508e+00  1.646331565724404e-03 
 1.499999999992063e-04  1.650075000000000e+00  1.649925000000001e+00  2.949402219148353e+00  3.504501702506481e-01  1.649926194699501e+00  2.598952048897705e+00  1.649926112203195e+00  1.642787478382870e-03 
 1.599999999992718e-04  1.650080000000000e+00  1.649920000000000e+00  2.972535165720190e+00  3.273131138192098e-01  1.649924139769700e+00  2.645222051900980e+00  1.649924057273497e+00  1.639451462141178e-03 
 1.699999999993373e-04  1.650085000000000e+00  1.649915000000000e+00  2.990310120663231e+00  3.095333141291464e-01  1.649921717396189e+00  2.680776806534085e+00  1.649921634900107e+00  1.636303881983133e-03 
 1.799999999994029e-04  1.650090000000000e+00  1.649910000000000e+00  3.004243488349573e+00  2.955945985318598e-01  1.649919043440716e+00  2.708648889817714e+00  1.649918960944769e+00  1.633274613524766e-03 
 1.899999999994684e-04  1.650095000000000e+00  1.649905000000000e+00  3.015767896307383e+00  2.840645393931310e-01  1.649916217850257e+00  2.731703356914252e+00  1.649916135354450e+00  1.630313551843453e-03 
 1.999999999995339e-04  1.650100000000000e+00  1.649900000000000e+00  3.025595434254378e+00  2.742311606656938e-01  1.649913297460036e+00  2.751364273588685e+00  1.649913214964375e+00  1.627386498361702e-03 
 2.099999999991553e-04  1.650105000000000e+00  1.649895000000001e+00  3.034147194204423e+00  2.656734401189099e-01  1.649910317161666e+00  2.768473754085513e+00  1.649910234666154e+00  1.624469003166051e-03 
 2.199999999992208e-04  1.650110000000000e+00  1.649890000000001e+00  3.041714235988738e+00  2.581003609805365e-01  1.649907298484637e+00  2.783613875008201e+00  1.649907215989276e+00  1.621545400273913e-03 
 2.299999999992863e-04  1.650115000000000e+00  1.649885000000000e+00  3.048501101557058e+00  2.513074229839733e-01  1.649904262270516e+00  2.797193678573085e+00  1.649904179775307e+00  1.618606053076256e-03 
 2.399999999993518e-04  1.650120000000000e+00  1.649880000000000e+00  3.054653116567963e+00  2.451493204488229e-01  1.649901218508393e+00  2.809503796119140e+00  1.649901136013336e+00  1.615646464023109e-03 
 2.499999999994174e-04  1.650125000000000e+00  1.649875000000000e+00  3.060280768863514e+00  2.395155751441223e-01  1.649898172003818e+00  2.820765193719392e+00  1.649898089508914e+00  1.612663611412542e-03 
 2.599999999994829e-04  1.650130000000000e+00  1.649870000000000e+00  3.065467626981389e+00  2.343226275982723e-01  1.649895127289831e+00  2.831144999383117e+00  1.649895044795078e+00  1.609656791780966e-03 
 2.699999999995484e-04  1.650135000000000e+00  1.649865000000000e+00  3.070276816473244e+00  2.295073635904747e-01  1.649892090031859e+00  2.840769452882769e+00  1.649892007537259e+00  1.606627877294737e-03 
 2.799999999991698e-04  1.650140000000000e+00  1.649860000000001e+00  3.074761268740584e+00  2.250168496625740e-01  1.649889059201579e+00  2.849744419078010e+00  1.649888976707130e+00  1.603577679762413e-03 
 2.899999999992353e-04  1.650145000000000e+00  1.649855000000001e+00  3.078961879963148e+00  2.208101935018636e-01  1.649886036732506e+00  2.858151686461284e+00  1.649885954238208e+00  1.600508900882891e-03 
 2.999999999993008e-04  1.650150000000000e+00  1.649850000000000e+00  3.082913157841846e+00  2.168528853240196e-01  1.649883021582933e+00  2.866060272517827e+00  1.649882939088786e+00  1.597423720884438e-03 
 3.099999999993663e-04  1.650155000000000e+00  1.649845000000000e+00  3.086643106380002e+00  2.131169248010538e-01  1.649880015590528e+00  2.873526181578948e+00  1.649879933096531e+00  1.594324975421643e-03 
 3.199999999994319e-04  1.650160000000000e+00  1.649840000000000e+00  3.090175066274705e+00  2.095789654330550e-01  1.649877015853880e+00  2.880596100841650e+00  1.649876933360033e+00  1.591215650265703e-03 
 3.299999999994974e-04  1.650165000000000e+00  1.649835000000000e+00  3.093529246492778e+00  2.062188051335178e-01  1.649874025813148e+00  2.887310441359260e+00  1.649873943319451e+00  1.588098278611473e-03 
 3.399999999995629e-04  1.650170000000000e+00  1.649830000000000e+00  3.096722843879739e+00  2.030192335551088e-01  1.649871038717424e+00  2.893703610324630e+00  1.649870956223876e+00  1.584975326001717e-03 
 3.499999999991843e-04  1.650175000000000e+00  1.649825000000001e+00  3.099770397311993e+00  1.999657229506233e-01  1.649868060131308e+00  2.899804674361369e+00  1.649867977637909e+00  1.581849422276518e-03 
 3.599999999992498e-04  1.650180000000000e+00  1.649820000000001e+00  3.102684663118311e+00  1.970455064106468e-01  1.649865084764479e+00  2.905639156707664e+00  1.649865002271229e+00  1.578722859899785e-03 
 3.699999999993153e-04  1.650185000000000e+00  1.649815000000000e+00  3.105476779014692e+00  1.942474460305826e-01  1.649862112522637e+00  2.911229332984110e+00  1.649862030029536e+00  1.575597772410719e-03 
 3.799999999993808e-04  1.650190000000000e+00  1.649810000000000e+00  3.108156446875137e+00  1.915618396835892e-01  1.649859143279363e+00  2.916594607191548e+00  1.649859060786410e+00  1.572476219763849e-03 
 3.899999999994463e-04  1.650195000000000e+00  1.649805000000000e+00  3.110732318275548e+00  1.889800325477573e-01  1.649856175411653e+00  2.921752285727791e+00  1.649856092918848e+00  1.569359985266743e-03 
 3.999999999995119e-04  1.650200000000000e+00  1.649800000000000e+00  3.113211991109433e+00  1.864944319185046e-01  1.649853211513969e+00  2.926717559190928e+00  1.649853129021312e+00  1.566250806248170e-03 
 4.099999999991333e-04  1.650205000000000e+00  1.649795000000001e+00  3.115602019565774e+00  1.840984731076085e-01  1.649850246336691e+00  2.931503546458165e+00  1.649850163844183e+00  1.563150533677957e-03 
 4.199999999991988e-04  1.650210000000000e+00  1.649790000000001e+00  3.117908846403390e+00  1.817857185908547e-01  1.649847282497122e+00  2.936123127812535e+00  1.649847200004762e+00  1.560060123508654e-03 
 4.299999999992643e-04  1.650215000000000e+00  1.649785000000001e+00  3.120137727716741e+00  1.795509068394381e-01  1.649844317278090e+00  2.940586820877303e+00  1.649844234785878e+00  1.556981123991915e-03 
 4.399999999993298e-04  1.650220000000000e+00  1.649780000000000e+00  3.122293626058855e+00  1.773890773599770e-01  1.649841351709416e+00  2.944904548698878e+00  1.649841269217353e+00  1.553914655462613e-03 
 4.499999999993953e-04  1.650225000000000e+00  1.649775000000000e+00  3.124381104942316e+00  1.752956620171242e-01  1.649838383479720e+00  2.949085442925192e+00  1.649838300987805e+00  1.550861609865414e-03 
 4.599999999994608e-04  1.650230000000000e+00  1.649770000000000e+00  3.126403990279103e+00  1.732668381089096e-01  1.649835414194007e+00  2.953137152170194e+00  1.649835331702240e+00  1.547823268364427e-03 
 4.699999999995264e-04  1.650235000000000e+00  1.649765000000000e+00  3.128366049959657e+00  1.712988369339192e-01  1.649832443446788e+00  2.957067213025738e+00  1.649832360955170e+00  1.544800374725866e-03 
 4.799999999991478e-04  1.650240000000000e+00  1.649760000000001e+00  3.130270546823382e+00  1.693883915507044e-01  1.649829469187043e+00  2.960882155272677e+00  1.649829386695574e+00  1.541793861633390e-03 
 4.899999999992133e-04  1.650245000000000e+00  1.649755000000001e+00  3.132120940459845e+00  1.675320422228463e-01  1.649826491341345e+00  2.964588898236999e+00  1.649826408850025e+00  1.538803825287530e-03 
 4.999999999992788e-04  1.650250000000000e+00  1.649750000000000e+00  3.133919712776166e+00  1.657273070848557e-01  1.649823509930511e+00  2.968192405691310e+00  1.649823427439340e+00  1.535831440650004e-03 
 5.099999999993443e-04  1.650255000000000e+00  1.649745000000000e+00  3.135669496147796e+00  1.639715539069614e-01  1.649820525027379e+00  2.971697942240835e+00  1.649820442536357e+00  1.532877230099381e-03 
 5.199999999994098e-04  1.650260000000000e+00  1.649740000000000e+00  3.137372758933217e+00  1.622623174333803e-01  1.649817538183298e+00  2.975110441499837e+00  1.649817455692426e+00  1.529941590223961e-03 
 5.299999999994753e-04  1.650265000000000e+00  1.649735000000000e+00  3.139031858916946e+00  1.605972313279787e-01  1.649814545122462e+00  2.978434627588967e+00  1.649814462631739e+00  1.527024710141806e-03 
 5.399999999995408e-04  1.650270000000000e+00  1.649730000000000e+00  3.140648753635905e+00  1.589743417406521e-01  1.649811547688279e+00  2.981674411895253e+00  1.649811465197705e+00  1.524127157816872e-03 
 5.499999999991623e-04  1.650275000000000e+00  1.649725000000001e+00  3.142225396957001e+00  1.573916950096660e-01  1.649808545983334e+00  2.984833701947335e+00  1.649808463492910e+00  1.521249200292813e-03 
 5.599999999992278e-04  1.650280000000000e+00  1.649720000000001e+00  3.143763422848743e+00  1.558476610140782e-01  1.649805541931411e+00  2.987915761834665e+00  1.649805459441138e+00  1.518391412955990e-03 
 5.699999999992933e-04  1.650285000000000e+00  1.649715000000000e+00  3.145264698690346e+00  1.543403583023361e-01  1.649802528496341e+00  2.990924340388010e+00  1.649802446006219e+00  1.515553642446017e-03 
 5.799999999993588e-04  1.650290000000000e+00  1.649710000000000e+00  3.146730727241314e+00  1.528682967195983e-01  1.649799511980456e+00  2.993862430521715e+00  1.649799429490485e+00  1.512736221033301e-03 
 5.899999999994243e-04  1.650295000000000e+00  1.649705000000000e+00  3.148162911182890e+00  1.514300692439823e-01  1.649796490213436e+00  2.996732841938908e+00  1.649796407723616e+00  1.509939414964549e-03 
 5.999999999994898e-04  1.650300000000000e+00  1.649700000000000e+00  3.149562726859390e+00  1.500242013293584e-01  1.649793464094374e+00  2.999538525530031e+00  1.649793381604705e+00  1.507163155560945e-03 
 6.099999999995553e-04  1.650305000000000e+00  1.649695000000000e+00  3.150931236173630e+00  1.486496282351014e-01  1.649790432204366e+00  3.002281607938529e+00  1.649790349714849e+00  1.504407988116593e-03 
 6.199999999991768e-04  1.650310000000000e+00  1.649690000000001e+00  3.152269927783624e+00  1.473048615743567e-01  1.649787394678990e+00  3.004965066209267e+00  1.649787312189625e+00  1.501673433536290e-03 
 6.299999999992423e-04  1.650315000000000e+00  1.649685000000001e+00  3.153579826434694e+00  1.459888800804474e-01  1.649784353257571e+00  3.007590946354246e+00  1.649784270768357e+00  1.498959780374102e-03 
 6.399999999993078e-04  1.650320000000000e+00  1.649680000000000e+00  3.154861971792691e+00  1.447006385364324e-01  1.649781305164562e+00  3.010161333256258e+00  1.649781222675500e+00  1.496267120358024e-03 
 6.499999999993733e-04  1.650325000000000e+00  1.649675000000000e+00  3.156117362046084e+00  1.434391386308367e-01  1.649778250338461e+00  3.012678223415247e+00  1.649778167849552e+00  1.493595499922364e-03 
 6.599999999994388e-04  1.650330000000000e+00  1.649670000000000e+00  3.157346896793281e+00  1.422034894007909e-01  1.649775193097036e+00  3.015143407392490e+00  1.649775110608281e+00  1.490945063557534e-03 
 6.699999999995043e-04  1.650335000000000e+00  1.649665000000000e+00  3.158551647108093e+00  1.409926089838979e-01  1.649772128045996e+00  3.017559038124196e+00  1.649772045557393e+00  1.488315410849628e-03 
 6.799999999995698e-04  1.650340000000000e+00  1.649660000000000e+00  3.159732451864694e+00  1.398056642370603e-01  1.649769058050877e+00  3.019926787627634e+00  1.649768975562429e+00  1.485706558671007e-03 
 6.899999999991913e-04  1.650345000000000e+00  1.649655000000001e+00  3.160889966299448e+00  1.386419993214131e-01  1.649765982810431e+00  3.022247966978035e+00  1.649765900322136e+00  1.483118805308989e-03 
 6.999999999992568e-04  1.650350000000000e+00  1.649650000000001e+00  3.162025045910028e+00  1.375007564452739e-01  1.649762901177651e+00  3.024524289464754e+00  1.649762818689510e+00  1.480551903779789e-03 
 7.099999999993223e-04  1.650355000000000e+00  1.649645000000000e+00  3.163138421061043e+00  1.363812064580119e-01  1.649759813759528e+00  3.026757214603031e+00  1.649759731271541e+00  1.478005795080469e-03 
 7.199999999993878e-04  1.650360000000000e+00  1.649640000000000e+00  3.164230844290254e+00  1.352826004102769e-01  1.649756722350265e+00  3.028948243879977e+00  1.649756639862433e+00  1.475480279272406e-03 
 7.299999999994533e-04  1.650365000000000e+00  1.649635000000000e+00  3.165302886063044e+00  1.342043645182773e-01  1.649753625290661e+00  3.031098521544767e+00  1.649753542802983e+00  1.472975472754627e-03 
 7.399999999995188e-04  1.650370000000000e+00  1.649630000000000e+00  3.166355273152234e+00  1.331457711084308e-01  1.649750522130332e+00  3.033209502043803e+00  1.649750439642810e+00  1.470491057865459e-03 
 7.499999999991402e-04  1.650375000000000e+00  1.649625000000001e+00  3.167388350150155e+00  1.321064826323474e-01  1.649747416391251e+00  3.035281867517808e+00  1.649747333903885e+00  1.468027557190228e-03 
 7.599999999992058e-04  1.650380000000000e+00  1.649620000000001e+00  3.168403175747310e+00  1.310854254033897e-01  1.649744300575350e+00  3.037317750343920e+00  1.649744218088139e+00  1.465583672769882e-03 
 7.699999999992713e-04  1.650385000000000e+00  1.649615000000000e+00  3.169399909773369e+00  1.300824567873084e-01  1.649741183280339e+00  3.039317452986061e+00  1.649741100793284e+00  1.463160258277097e-03 
 7.799999999993368e-04  1.650390000000000e+00  1.649610000000000e+00  3.170379167039898e+00  1.290969506693510e-01  1.649738058854624e+00  3.041282216370547e+00  1.649737976367726e+00  1.460756949376778e-03 
 7.899999999994023e-04  1.650395000000000e+00  1.649605000000000e+00  3.171341432478775e+00  1.281284298609580e-01  1.649734931169866e+00  3.043213002617816e+00  1.649734848683124e+00  1.458373681443371e-03 
 7.999999999994678e-04  1.650400000000000e+00  1.649600000000000e+00  3.172287343711831e+00  1.271762479515152e-01  1.649731795831673e+00  3.045111095760316e+00  1.649731713345088e+00  1.456009911288274e-03 
 8.099999999995333e-04  1.650405000000000e+00  1.649595000000000e+00  3.173217116244527e+00  1.262401962967407e-01  1.649728656270634e+00  3.046976919947786e+00  1.649728573784205e+00  1.453666127888030e-03 
 8.199999999991547e-04  1.650410000000000e+00  1.649590000000001e+00  3.174131448686573e+00  1.253195707790608e-01  1.649725509732817e+00  3.048811877907512e+00  1.649725427246545e+00  1.451341532738511e-03 
 8.299999999992203e-04  1.650415000000000e+00  1.649585000000001e+00  3.175030554390633e+00  1.244141701716705e-01  1.649722362281151e+00  3.050616384218962e+00  1.649722279795037e+00  1.449036543856073e-03 
 8.399999999992858e-04  1.650420000000000e+00  1.649580000000000e+00  3.175914925060956e+00  1.235234891953680e-01  1.649719207128162e+00  3.052391435865588e+00  1.649719124642206e+00  1.446750763545981e-03 
 8.499999999993513e-04  1.650425000000000e+00  1.649575000000000e+00  3.176784909943908e+00  1.226471874697591e-01  1.649716048706834e+00  3.054137722474149e+00  1.649715966221035e+00  1.444484174637308e-03 
 8.599999999994168e-04  1.650430000000000e+00  1.649570000000000e+00  3.177640983577189e+00  1.217847838456416e-01  1.649712883711415e+00  3.055856199731548e+00  1.649712801225775e+00  1.442236349022849e-03 
 8.699999999994823e-04  1.650435000000000e+00  1.649565000000000e+00  3.178483408460623e+00  1.209360221200023e-01  1.649709715290313e+00  3.057547386340621e+00  1.649709632804831e+00  1.440007406438766e-03 
 8.799999999995478e-04  1.650440000000000e+00  1.649560000000000e+00  3.179312576165161e+00  1.201005069989162e-01  1.649706541582039e+00  3.059212069166245e+00  1.649706459096716e+00  1.437797066195076e-03 
 8.899999999991692e-04  1.650445000000000e+00  1.649555000000001e+00  3.180128876938876e+00  1.192778482972440e-01  1.649703362618060e+00  3.060851028641632e+00  1.649703280132896e+00  1.435605022375479e-03 
 8.999999999992347e-04  1.650450000000000e+00  1.649550000000001e+00  3.180932479968057e+00  1.184678787144280e-01  1.649700179341242e+00  3.062464601253629e+00  1.649700096856238e+00  1.433431529641569e-03 
 9.099999999993003e-04  1.650455000000000e+00  1.649545000000000e+00  3.181723749934983e+00  1.176702366921253e-01  1.649696993313554e+00  3.064053513242857e+00  1.649696910828709e+00  1.431276294670360e-03 
 9.199999999993658e-04  1.650460000000000e+00  1.649540000000000e+00  3.182503133983531e+00  1.168844660221545e-01  1.649693800002843e+00  3.065618667961377e+00  1.649693717518157e+00  1.429138733185487e-03 
 9.299999999994313e-04  1.650465000000000e+00  1.649535000000000e+00  3.183270767123373e+00  1.161104416219875e-01  1.649690604372680e+00  3.067160325501385e+00  1.649690521888154e+00  1.427019128092041e-03 
 9.399999999994968e-04  1.650470000000000e+00  1.649530000000000e+00  3.184026943956525e+00  1.153478657094530e-01  1.649687404832989e+00  3.068679078247072e+00  1.649687322348623e+00  1.424917266161086e-03 
 9.499999999995623e-04  1.650475000000000e+00  1.649525000000000e+00  3.184771971361000e+00  1.145964321912368e-01  1.649684201776118e+00  3.070175539169763e+00  1.649684119291912e+00  1.422832885845794e-03 
 9.599999999991837e-04  1.650480000000000e+00  1.649520000000001e+00  3.185506119251517e+00  1.138558654305076e-01  1.649680992341013e+00  3.071650253821010e+00  1.649680909856967e+00  1.420765780875715e-03 
 9.699999999992492e-04  1.650485000000000e+00  1.649515000000001e+00  3.186229591635370e+00  1.131259663487057e-01  1.649677778992038e+00  3.073103625286664e+00  1.649677696508153e+00  1.418715936295760e-03 
 9.799999999993148e-04  1.650490000000000e+00  1.649510000000000e+00  3.186942638666758e+00  1.124064860121030e-01  1.649674562339431e+00  3.074536152654655e+00  1.649674479855707e+00  1.416683172950213e-03 
 9.899999999993803e-04  1.650495000000000e+00  1.649505000000000e+00  3.187645514252942e+00  1.116971709973825e-01  1.649671342625162e+00  3.075948343255560e+00  1.649671260141599e+00  1.414667280275872e-03 
 9.999999999994458e-04  1.650500000000000e+00  1.649500000000000e+00  3.188338503169171e+00  1.109977320181293e-01  1.649668117593650e+00  3.077340771151042e+00  1.649668035110248e+00  1.412667918094393e-03 
 1.009999999999511e-03  1.650505000000000e+00  1.649495000000000e+00  3.189021672051423e+00  1.103081062773877e-01  1.649664889164405e+00  3.078713565774036e+00  1.649664806681165e+00  1.410685376935736e-03 
 1.019999999999577e-03  1.650510000000000e+00  1.649490000000000e+00  3.189695361726158e+00  1.096279535895965e-01  1.649661657657877e+00  3.080067408136562e+00  1.649661575174799e+00  1.408719133728846e-03 
 1.029999999999198e-03  1.650515000000000e+00  1.649485000000001e+00  3.190359769156999e+00  1.089570740033742e-01  1.649658421580187e+00  3.081402695153625e+00  1.649658339097270e+00  1.406769045688137e-03 
 1.039999999999264e-03  1.650520000000000e+00  1.649480000000001e+00  3.191015023985346e+00  1.082953454527394e-01  1.649655184719043e+00  3.082719678532607e+00  1.649655102236288e+00  1.404835183823574e-03 
 1.049999999999329e-03  1.650525000000000e+00  1.649475000000000e+00  3.191661400890580e+00  1.076424797905142e-01  1.649651940340547e+00  3.084018921100066e+00  1.649651857857954e+00  1.402917110669782e-03 
 1.059999999999395e-03  1.650530000000000e+00  1.649470000000000e+00  3.192299013141700e+00  1.069983760728950e-01  1.649648694607298e+00  3.085300637068805e+00  1.649648612124867e+00  1.401014927690984e-03 
 1.069999999999460e-03  1.650535000000000e+00  1.649465000000000e+00  3.192928110645233e+00  1.063627761290878e-01  1.649645443387161e+00  3.086565334516145e+00  1.649645360904892e+00  1.399128255998147e-03 
 1.079999999999526e-03  1.650540000000000e+00  1.649460000000000e+00  3.193548823168604e+00  1.057355617901671e-01  1.649642192479386e+00  3.087813261378437e+00  1.649642109997280e+00  1.397257114861238e-03 
 1.089999999999147e-03  1.650545000000000e+00  1.649455000000001e+00  3.194161348039274e+00  1.051165273072854e-01  1.649638937673280e+00  3.089044820731988e+00  1.649638855191337e+00  1.395401246863176e-03 
 1.099999999999213e-03  1.650550000000000e+00  1.649450000000001e+00  3.194765838702545e+00  1.045055154914892e-01  1.649635677097017e+00  3.090260323211056e+00  1.649635594615238e+00  1.393560528511829e-03 
 1.109999999999278e-03  1.650555000000000e+00  1.649445000000000e+00  3.195362445168302e+00  1.039023876956196e-01  1.649632416431961e+00  3.091460057472682e+00  1.649632333950344e+00  1.391734879632743e-03 
 1.119999999999344e-03  1.650560000000000e+00  1.649440000000000e+00  3.195951313369049e+00  1.033069898218016e-01  1.649629151595426e+00  3.092644323547248e+00  1.649629069113972e+00  1.389924159656907e-03 
 1.129999999999409e-03  1.650565000000000e+00  1.649435000000000e+00  3.196532644743824e+00  1.027191227667335e-01  1.649625883755279e+00  3.093813521977091e+00  1.649625801273989e+00  1.388128077085705e-03 
 1.139999999999475e-03  1.650570000000000e+00  1.649430000000000e+00  3.197106606680122e+00  1.021386183621471e-01  1.649622612521135e+00  3.094967988317975e+00  1.649622530040008e+00  1.386346424426757e-03 
 1.149999999999540e-03  1.650575000000000e+00  1.649425000000000e+00  3.197673244442270e+00  1.015654355050437e-01  1.649619339973657e+00  3.096107808937227e+00  1.649619257492694e+00  1.384579371288689e-03 
 1.159999999999162e-03  1.650580000000000e+00  1.649420000000001e+00  3.198232746697970e+00  1.009993806533850e-01  1.649616063675678e+00  3.097233366044585e+00  1.649615981194879e+00  1.382826609381424e-03 
 1.169999999999227e-03  1.650585000000000e+00  1.649415000000001e+00  3.198785324240212e+00  1.004402418872808e-01  1.649612783063746e+00  3.098345082352931e+00  1.649612700583111e+00  1.381087758986123e-03 
 1.179999999999293e-03  1.650590000000000e+00  1.649410000000000e+00  3.199330963862507e+00  9.988804191562398e-02  1.649609502889065e+00  3.099442921946883e+00  1.649609420408594e+00  1.379363162533072e-03 
 1.189999999999358e-03  1.650595000000000e+00  1.649405000000000e+00  3.199869919199741e+00  9.934252017797676e-02  1.649606219688859e+00  3.100527399021765e+00  1.649606137208552e+00  1.377652269882285e-03 
 1.199999999999424e-03  1.650600000000000e+00  1.649400000000000e+00  3.200402210750306e+00  9.880365444154489e-02  1.649602932595925e+00  3.101598556308761e+00  1.649602850115783e+00  1.375955263051658e-03 
 1.209999999999489e-03  1.650605000000000e+00  1.649395000000000e+00  3.200928078698671e+00  9.827120896695714e-02  1.649599643832814e+00  3.102656869731714e+00  1.649599561352836e+00  1.374271648792423e-03 
 1.219999999999555e-03  1.650610000000000e+00  1.649390000000000e+00  3.201447515034914e+00  9.774519289073397e-02  1.649596353962824e+00  3.103702322144180e+00  1.649596271483010e+00  1.372601695452372e-03 
 1.229999999999176e-03  1.650615000000000e+00  1.649385000000001e+00  3.201960778651352e+00  9.722534104443749e-02  1.649593059847895e+00  3.104735437606914e+00  1.649592977368246e+00  1.370944795203540e-03 
 1.239999999999242e-03  1.650620000000000e+00  1.649380000000001e+00  3.202467891366750e+00  9.671163757179164e-02  1.649589764469271e+00  3.105756253794958e+00  1.649589681989787e+00  1.369301119494155e-03 
 1.249999999999307e-03  1.650625000000000e+00  1.649375000000000e+00  3.202968964141894e+00  9.620397331548466e-02  1.649586468728689e+00  3.106764990826409e+00  1.649586386249370e+00  1.367670541424231e-03 
 1.259999999999373e-03  1.650630000000000e+00  1.649370000000000e+00  3.203464130479052e+00  9.570220511686491e-02  1.649583167797959e+00  3.107761925362187e+00  1.649583085318804e+00  1.366052815516398e-03 
 1.269999999999438e-03  1.650635000000000e+00  1.649365000000000e+00  3.203953441086317e+00  9.520629370473518e-02  1.649579867395526e+00  3.108747147381581e+00  1.649579784916537e+00  1.364448020535441e-03 
 1.279999999999504e-03  1.650640000000000e+00  1.649360000000000e+00  3.204437119018593e+00  9.471600783065195e-02  1.649576563424623e+00  3.109721111187941e+00  1.649576480945798e+00  1.362855611691682e-03 
 1.289999999999569e-03  1.650645000000000e+00  1.649355000000000e+00  3.204915133298841e+00  9.423138450886778e-02  1.649573258903855e+00  3.110683748789974e+00  1.649573176425196e+00  1.361275903069531e-03 
 1.299999999999191e-03  1.650650000000000e+00  1.649350000000001e+00  3.205387623759321e+00  9.375227919413390e-02  1.649569951476727e+00  3.111635344565187e+00  1.649569868998234e+00  1.359708615811919e-03 
 1.309999999999256e-03  1.650655000000000e+00  1.649345000000001e+00  3.205854723081951e+00  9.327856442446046e-02  1.649566643753205e+00  3.112576158657490e+00  1.649566561274878e+00  1.358153517968471e-03 
 1.319999999999322e-03  1.650660000000000e+00  1.649340000000000e+00  3.206316505976656e+00  9.281015899077895e-02  1.649563332483717e+00  3.113506346985877e+00  1.649563250005555e+00  1.356610522057493e-03 
 1.329999999999387e-03  1.650665000000000e+00  1.649335000000000e+00  3.206773027142468e+00  9.234701568210975e-02  1.649560021412289e+00  3.114426011460358e+00  1.649559938934292e+00  1.355079648238255e-03 
 1.339999999999453e-03  1.650670000000000e+00  1.649330000000000e+00  3.207224404435452e+00  9.188901065417414e-02  1.649556707544813e+00  3.115335393781278e+00  1.649556625066982e+00  1.353560659147899e-03 
 1.349999999999518e-03  1.650675000000000e+00  1.649325000000000e+00  3.207670723759822e+00  9.143606129659360e-02  1.649553392528208e+00  3.116234662463229e+00  1.649553310050542e+00  1.352053446147830e-03 
 1.359999999999140e-03  1.650680000000000e+00  1.649320000000001e+00  3.208112082641058e+00  9.098806909928735e-02  1.649550075870173e+00  3.117124013541771e+00  1.649549993392673e+00  1.350557842185731e-03 
 1.369999999999205e-03  1.650685000000000e+00  1.649315000000001e+00  3.208548531698956e+00  9.054498693889729e-02  1.649546759318927e+00  3.118003544760059e+00  1.649546676841593e+00  1.349073847493762e-03 
 1.379999999999271e-03  1.650690000000000e+00  1.649310000000000e+00  3.208980161157689e+00  9.010671854400192e-02  1.649543439850846e+00  3.118873442613687e+00  1.649543357373678e+00  1.347601293394271e-03 
 1.389999999999336e-03  1.650695000000000e+00  1.649305000000000e+00  3.209407052783009e+00  8.967319047396197e-02  1.649540121628486e+00  3.119733862309047e+00  1.649540039151484e+00  1.346140082711373e-03 
 1.399999999999402e-03  1.650700000000000e+00  1.649300000000000e+00  3.209829291905987e+00  8.924430628337884e-02  1.649536799094683e+00  3.120584985622608e+00  1.649536716617847e+00  1.344690034079316e-03 
 1.409999999999467e-03  1.650705000000000e+00  1.649295000000000e+00  3.210246960835046e+00  8.881999329673691e-02  1.649533477065892e+00  3.121426967538310e+00  1.649533394589222e+00  1.343251044991849e-03 
 1.419999999999533e-03  1.650710000000000e+00  1.649290000000000e+00  3.210660081262899e+00  8.840022636112872e-02  1.649530153812014e+00  3.122259854901771e+00  1.649530071335511e+00  1.341823166197997e-03 
 1.429999999999154e-03  1.650715000000000e+00  1.649285000000001e+00  3.211068782127716e+00  8.798487487002737e-02  1.649526828498872e+00  3.123083907257689e+00  1.649526746022534e+00  1.340406090098402e-03 
 1.439999999999220e-03  1.650720000000000e+00  1.649280000000001e+00  3.211473123551230e+00  8.757388386013600e-02  1.649523503705683e+00  3.123899239691094e+00  1.649523421229512e+00  1.338999758092992e-03 
 1.449999999999285e-03  1.650725000000000e+00  1.649275000000000e+00  3.211873164498349e+00  8.716719108659322e-02  1.649520177792471e+00  3.124705973411756e+00  1.649520095316466e+00  1.337604084637050e-03 
 1.459999999999351e-03  1.650730000000000e+00  1.649270000000000e+00  3.212268945983263e+00  8.676475663568341e-02  1.649516851309473e+00  3.125504189347579e+00  1.649516768833635e+00  1.336219059411156e-03 
 1.469999999999416e-03  1.650735000000000e+00  1.649265000000000e+00  3.212660585403283e+00  8.636645857843095e-02  1.649513521990857e+00  3.126294126824852e+00  1.649513439515185e+00  1.334844381703684e-03 
 1.479999999999482e-03  1.650740000000000e+00  1.649260000000000e+00  3.213048095300646e+00  8.597229497326067e-02  1.649510195136954e+00  3.127075800327385e+00  1.649510112661448e+00  1.333480164370243e-03 
 1.489999999999547e-03  1.650745000000000e+00  1.649255000000000e+00  3.213431580175692e+00  8.558215128854843e-02  1.649506865732120e+00  3.127849428887144e+00  1.649506783256781e+00  1.332126125561354e-03 
 1.499999999999169e-03  1.650750000000000e+00  1.649250000000001e+00  3.213811094022772e+00  8.519597663822867e-02  1.649503535330501e+00  3.128615117384544e+00  1.649503452855328e+00  1.330782201489826e-03 
 1.509999999999234e-03  1.650755000000000e+00  1.649245000000001e+00  3.214186663587669e+00  8.481374773321519e-02  1.649500205660442e+00  3.129372915854454e+00  1.649500123185436e+00  1.329448421721094e-03 
 1.519999999999300e-03  1.650760000000000e+00  1.649240000000000e+00  3.214558364979502e+00  8.443538489679972e-02  1.649496874938151e+00  3.130122980082702e+00  1.649496792463311e+00  1.328124613174246e-03 
 1.529999999999365e-03  1.650765000000000e+00  1.649235000000000e+00  3.214926310105580e+00  8.406077596546419e-02  1.649493543035522e+00  3.130865534140116e+00  1.649493460560849e+00  1.326810489871133e-03 
 1.539999999999431e-03  1.650770000000000e+00  1.649230000000000e+00  3.215290465832151e+00  8.368995921943694e-02  1.649490212525794e+00  3.131600506612714e+00  1.649490130051288e+00  1.325506287433154e-03 
 1.549999999999496e-03  1.650775000000000e+00  1.649225000000000e+00  3.215650933475013e+00  8.332282565729554e-02  1.649486879566155e+00  3.132328107817718e+00  1.649486797091815e+00  1.324211720422319e-03 
 1.559999999999562e-03  1.650780000000000e+00  1.649220000000000e+00  3.216007766830455e+00  8.295932967318141e-02  1.649483548251818e+00  3.133048437157273e+00  1.649483465777645e+00  1.322926728824829e-03 
 1.569999999999183e-03  1.650785000000000e+00  1.649215000000001e+00  3.216361014542264e+00  8.259942014689527e-02  1.649480217344580e+00  3.133761594395369e+00  1.649480134870573e+00  1.321651223932089e-03 
 1.579999999999249e-03  1.650790000000000e+00  1.649210000000001e+00  3.216710763098910e+00  8.224300691665545e-02  1.649476885007783e+00  3.134467756182255e+00  1.649476802533943e+00  1.320384977657996e-03 
 1.589999999999314e-03  1.650795000000000e+00  1.649205000000000e+00  3.217056992975311e+00  8.189011082287236e-02  1.649473551899092e+00  3.135166882152439e+00  1.649473469425418e+00  1.319128157882308e-03 
 1.599999999999380e-03  1.650800000000000e+00  1.649200000000000e+00  3.217399799616258e+00  8.154063821861349e-02  1.649470218917436e+00  3.135859161397645e+00  1.649470136443929e+00  1.317880516171418e-03 
 1.609999999999445e-03  1.650805000000000e+00  1.649195000000000e+00  3.217739241720612e+00  8.119452992910192e-02  1.649466885824857e+00  3.136544711791510e+00  1.649466803351517e+00  1.316641929561148e-03 
 1.619999999999511e-03  1.650810000000000e+00  1.649190000000000e+00  3.218075338207388e+00  8.085176958715917e-02  1.649463553897274e+00  3.137223568620228e+00  1.649463471424100e+00  1.315412423301645e-03 
 1.629999999999576e-03  1.650815000000000e+00  1.649185000000000e+00  3.218408130375629e+00  8.051231088506354e-02  1.649460220630346e+00  3.137895819490566e+00  1.649460138157339e+00  1.314191911455110e-03 
 1.639999999999198e-03  1.650820000000000e+00  1.649180000000001e+00  3.218737702565809e+00  8.017607501716674e-02  1.649456888791488e+00  3.138561627548643e+00  1.649456806318648e+00  1.312980193980482e-03 
 1.649999999999263e-03  1.650825000000000e+00  1.649175000000001e+00  3.219064072230236e+00  7.984304265537956e-02  1.649453557442808e+00  3.139221029574857e+00  1.649453474970134e+00  1.311777279244498e-03 
 1.659999999999329e-03  1.650830000000000e+00  1.649170000000000e+00  3.219387290691331e+00  7.951315970909917e-02  1.649450225200215e+00  3.139874130982232e+00  1.649450142727708e+00  1.310583047873372e-03 
 1.669999999999394e-03  1.650835000000000e+00  1.649165000000000e+00  3.219707422123922e+00  7.918636630592563e-02  1.649446894214924e+00  3.140521055817997e+00  1.649446811742583e+00  1.309397357916883e-03 
 1.679999999999460e-03  1.650840000000000e+00  1.649160000000000e+00  3.220024437082276e+00  7.886268798882028e-02  1.649443562535548e+00  3.141161749093456e+00  1.649443480063374e+00  1.308220376065366e-03 
 1.689999999999525e-03  1.650845000000000e+00  1.649155000000000e+00  3.220338472707423e+00  7.854199006132997e-02  1.649440231384377e+00  3.141796482646094e+00  1.649440148912369e+00  1.307051683938599e-03 
 1.699999999999147e-03  1.650850000000000e+00  1.649150000000001e+00  3.220649522745992e+00  7.822427903091003e-02  1.649436900888451e+00  3.142425243715082e+00  1.649436818416610e+00  1.305891374816409e-03 
 1.709999999999212e-03  1.650855000000000e+00  1.649145000000001e+00  3.220957623893155e+00  7.790951810200911e-02  1.649433570997582e+00  3.143048105791146e+00  1.649433488525908e+00  1.304739384591839e-03 
 1.719999999999278e-03  1.650860000000000e+00  1.649140000000000e+00  3.221262824177609e+00  7.759766017419172e-02  1.649430242175900e+00  3.143665164003417e+00  1.649430159704392e+00  1.303595606867054e-03 
 1.729999999999343e-03  1.650865000000000e+00  1.649135000000000e+00  3.221565140482102e+00  7.728868843484288e-02  1.649426914458472e+00  3.144276452047259e+00  1.649426831987131e+00  1.302460044770631e-03 
 1.739999999999409e-03  1.650870000000000e+00  1.649130000000000e+00  3.221864678857349e+00  7.698249029352609e-02  1.649423584575437e+00  3.144882188563823e+00  1.649423502104262e+00  1.301332349587685e-03 
 1.749999999999474e-03  1.650875000000000e+00  1.649125000000000e+00  3.222161392541258e+00  7.667912133084541e-02  1.649420256936052e+00  3.145482271210413e+00  1.649420174465043e+00  1.300212787426012e-03 
 1.759999999999540e-03  1.650880000000000e+00  1.649120000000000e+00  3.222455357320091e+00  7.637850463195946e-02  1.649416930976025e+00  3.146076852688132e+00  1.649416848505183e+00  1.299101138456541e-03 
 1.769999999999161e-03  1.650885000000000e+00  1.649115000000001e+00  3.222746613074977e+00  7.608059779613295e-02  1.649413605435555e+00  3.146666015278845e+00  1.649413522964879e+00  1.297997303883318e-03 
 1.779999999999227e-03  1.650890000000000e+00  1.649110000000001e+00  3.223035200403474e+00  7.578535737925073e-02  1.649410278891362e+00  3.147249843024223e+00  1.649410196420853e+00  1.296901181360320e-03 
 1.789999999999292e-03  1.650895000000000e+00  1.649105000000000e+00  3.223321113691815e+00  7.549279457637037e-02  1.649406954134093e+00  3.147828319115445e+00  1.649406871663749e+00  1.295812872830022e-03 
 1.799999999999358e-03  1.650900000000000e+00  1.649100000000000e+00  3.223604426165064e+00  7.520283934699648e-02  1.649403632756030e+00  3.148401586818067e+00  1.649403550285853e+00  1.294732171235025e-03 
 1.809999999999423e-03  1.650905000000000e+00  1.649095000000000e+00  3.223885185570476e+00  7.491543427289139e-02  1.649400309921684e+00  3.148969751297585e+00  1.649400227451673e+00  1.293658918026477e-03 
 1.819999999999489e-03  1.650910000000000e+00  1.649090000000000e+00  3.224163386395511e+00  7.463059131241337e-02  1.649396988853962e+00  3.149532795083098e+00  1.649396906384117e+00  1.292593211261344e-03 
 1.829999999999554e-03  1.650915000000000e+00  1.649085000000000e+00  3.224439070545462e+00  7.434826768077329e-02  1.649393669113117e+00  3.150090802864689e+00  1.649393586643438e+00  1.291534945940584e-03 
 1.839999999999176e-03  1.650920000000000e+00  1.649080000000001e+00  3.224712275914265e+00  7.406842257032686e-02  1.649390349242296e+00  3.150643853343939e+00  1.649390266772783e+00  1.290484019268086e-03 
 1.849999999999241e-03  1.650925000000000e+00  1.649075000000001e+00  3.224983036916859e+00  7.379102757992810e-02  1.649387032248394e+00  3.151192009336931e+00  1.649386949779046e+00  1.289440375841034e-03 
 1.859999999999307e-03  1.650930000000000e+00  1.649070000000000e+00  3.225251375271633e+00  7.351605413738091e-02  1.649383714704507e+00  3.151735321134252e+00  1.649383632235325e+00  1.288403955974908e-03 
 1.869999999999372e-03  1.650935000000000e+00  1.649065000000000e+00  3.225517335366493e+00  7.324345985288418e-02  1.649380397609689e+00  3.152273875513608e+00  1.649380315140673e+00  1.287374649598800e-03 
 1.879999999999438e-03  1.650940000000000e+00  1.649060000000000e+00  3.225780929121052e+00  7.297324049443116e-02  1.649377084807742e+00  3.152807688626621e+00  1.649377002338891e+00  1.286352489888022e-03 
 1.889999999999503e-03  1.650945000000000e+00  1.649055000000000e+00  3.226042178531065e+00  7.270536586944534e-02  1.649373772200255e+00  3.153336812661620e+00  1.649373689731571e+00  1.285337407317030e-03 
 1.899999999999569e-03  1.650950000000000e+00  1.649050000000000e+00  3.226301162521035e+00  7.243975717853579e-02  1.649370459849786e+00  3.153861405342499e+00  1.649370377381267e+00  1.284329150096220e-03 
 1.909999999999190e-03  1.650955000000000e+00  1.649045000000001e+00  3.226557841451659e+00  7.217645789212884e-02  1.649367149671894e+00  3.154381383559530e+00  1.649367067203541e+00  1.283327926535015e-03 
 1.919999999999256e-03  1.650960000000000e+00  1.649040000000001e+00  3.226812277417047e+00  7.191540593801193e-02  1.649363841677529e+00  3.154896871479035e+00  1.649363759209342e+00  1.282333546540320e-03 
 1.929999999999321e-03  1.650965000000000e+00  1.649035000000000e+00  3.227064509810468e+00  7.165655684150292e-02  1.649360533325986e+00  3.155407952968965e+00  1.649360450857963e+00  1.281345880849981e-03 
 1.939999999999387e-03  1.650970000000000e+00  1.649030000000000e+00  3.227314545600716e+00  7.139990831533216e-02  1.649357226958024e+00  3.155914637285383e+00  1.649357144490167e+00  1.280364964660755e-03 
 1.949999999999452e-03  1.650975000000000e+00  1.649025000000000e+00  3.227562422981282e+00  7.114542470360311e-02  1.649353923842443e+00  3.156416998277679e+00  1.649353841374751e+00  1.279390702333715e-03 
 1.959999999999518e-03  1.650980000000000e+00  1.649020000000000e+00  3.227808149260833e+00  7.089309190238026e-02  1.649350620581607e+00  3.156915057358453e+00  1.649350538114080e+00  1.278423081750810e-03 
 1.969999999999139e-03  1.650985000000000e+00  1.649015000000001e+00  3.228051765400907e+00  7.064287321738558e-02  1.649347319309146e+00  3.157408892183522e+00  1.649347236841785e+00  1.277462000270146e-03 
 1.979999999999205e-03  1.650990000000000e+00  1.649010000000001e+00  3.228293279835957e+00  7.039476119797489e-02  1.649344020516966e+00  3.157898518637983e+00  1.649343938049769e+00  1.276507467728586e-03 
 1.989999999999270e-03  1.650995000000000e+00  1.649005000000000e+00  3.228532756529571e+00  7.014868944974599e-02  1.649340722989658e+00  3.158384067079825e+00  1.649340640522626e+00  1.275559269089469e-03 
 1.999999999999336e-03  1.651000000000000e+00  1.649000000000000e+00  3.228770172936152e+00  6.990468356331449e-02  1.649337428249733e+00  3.158865489372837e+00  1.649337345782866e+00  1.274617538009660e-03 
 2.009999999999401e-03  1.651005000000000e+00  1.648995000000000e+00  3.229005586508009e+00  6.966267868510470e-02  1.649334132596557e+00  3.159342907822904e+00  1.649334050129854e+00  1.273682062428057e-03 
 2.019999999999467e-03  1.651010000000000e+00  1.648990000000000e+00  3.229239004462803e+00  6.942267792114580e-02  1.649330841191974e+00  3.159816326541657e+00  1.649330758725436e+00  1.272752888158235e-03 
 2.029999999999532e-03  1.651015000000000e+00  1.648985000000000e+00  3.229470440102721e+00  6.918466378144174e-02  1.649327551942081e+00  3.160285776321279e+00  1.649327469475708e+00  1.271829985457545e-03 
 2.039999999999154e-03  1.651020000000000e+00  1.648980000000001e+00  3.229699934738561e+00  6.894859434676541e-02  1.649324264542663e+00  3.160751340391796e+00  1.649324182076454e+00  1.270913224648992e-03 
 2.049999999999219e-03  1.651025000000000e+00  1.648975000000001e+00  3.229927510877026e+00  6.871444310190858e-02  1.649320976989467e+00  3.161213067775117e+00  1.649320894523422e+00  1.270002536347926e-03 
 2.059999999999285e-03  1.651030000000000e+00  1.648970000000000e+00  3.230153174854350e+00  6.848221467842648e-02  1.649317694766388e+00  3.161670960175924e+00  1.649317612300508e+00  1.269097972300635e-03 
 2.069999999999350e-03  1.651035000000000e+00  1.648965000000000e+00  3.230376961841322e+00  6.825186415972503e-02  1.649314413000524e+00  3.162125097681597e+00  1.649314330534807e+00  1.268199390552498e-03 
 2.079999999999416e-03  1.651040000000000e+00  1.648960000000000e+00  3.230598886713226e+00  6.802337876100023e-02  1.649311132737113e+00  3.162575507952226e+00  1.649311050271561e+00  1.267306772323797e-03 
 2.089999999999481e-03  1.651045000000000e+00  1.648955000000000e+00  3.230818972344502e+00  6.779673822021202e-02  1.649307855282357e+00  3.163022234124290e+00  1.649307772816969e+00  1.266420072217392e-03 
 2.099999999999547e-03  1.651050000000000e+00  1.648950000000000e+00  3.231037241602326e+00  6.757191893049412e-02  1.649304580266410e+00  3.163465322671832e+00  1.649304497801185e+00  1.265539225876327e-03 
 2.109999999999168e-03  1.651055000000000e+00  1.648945000000001e+00  3.231253706073188e+00  6.734890702209059e-02  1.649301306547639e+00  3.163904799051097e+00  1.649301224082578e+00  1.264664210489304e-03 
 2.119999999999234e-03  1.651060000000000e+00  1.648940000000001e+00  3.231468379455835e+00  6.712769747073970e-02  1.649298038463287e+00  3.164340681985096e+00  1.649297955998390e+00  1.263795035199141e-03 
 2.129999999999299e-03  1.651065000000000e+00  1.648935000000000e+00  3.231681316515486e+00  6.690822121014509e-02  1.649294768862816e+00  3.164773095305341e+00  1.649294686398081e+00  1.262931458820447e-03 
 2.139999999999365e-03  1.651070000000000e+00  1.648930000000000e+00  3.231892492431867e+00  6.669051342080226e-02  1.649291502926335e+00  3.165201979011065e+00  1.649291420461764e+00  1.262073649042294e-03 
 2.149999999999430e-03  1.651075000000000e+00  1.648925000000000e+00  3.232101958925198e+00  6.647452084104262e-02  1.649288239883121e+00  3.165627438084156e+00  1.649288157418713e+00  1.261221421891681e-03 
 2.159999999999496e-03  1.651080000000000e+00  1.648920000000000e+00  3.232309707260327e+00  6.626025264217569e-02  1.649284979951251e+00  3.166049454618151e+00  1.649284897487006e+00  1.260374843263713e-03 
 2.169999999999561e-03  1.651085000000000e+00  1.648915000000000e+00  3.232515785051142e+00  6.604765824509456e-02  1.649281721648118e+00  3.166468126806048e+00  1.649281639184036e+00  1.259533737643886e-03 
 2.179999999999183e-03  1.651090000000000e+00  1.648910000000001e+00  3.232720194331194e+00  6.583673722130551e-02  1.649278465776250e+00  3.166883457109889e+00  1.649278383312331e+00  1.258698133335590e-03 
 2.189999999999248e-03  1.651095000000000e+00  1.648905000000001e+00  3.232922944117971e+00  6.562748398005598e-02  1.649275214049013e+00  3.167295460137915e+00  1.649275131585257e+00  1.257868032427529e-03 
 2.199999999999314e-03  1.651100000000000e+00  1.648900000000000e+00  3.233124070892454e+00  6.541985479859597e-02  1.649271962845525e+00  3.167704216093858e+00  1.649271880381931e+00  1.257043287072231e-03 
 2.209999999999379e-03  1.651105000000000e+00  1.648895000000000e+00  3.233323574287678e+00  6.521385487234872e-02  1.649268714580014e+00  3.168109719415329e+00  1.649268632116582e+00  1.256223942796311e-03 
 2.219999999999445e-03  1.651110000000000e+00  1.648890000000000e+00  3.233521501591271e+00  6.500943732247556e-02  1.649265469456873e+00  3.168512064268796e+00  1.649265386993604e+00  1.255409837572849e-03 
 2.229999999999510e-03  1.651115000000000e+00  1.648885000000000e+00  3.233717816148999e+00  6.480664045717019e-02  1.649262228303084e+00  3.168911175691828e+00  1.649262145839977e+00  1.254601150064320e-03 
 2.239999999999576e-03  1.651120000000000e+00  1.648880000000000e+00  3.233912598322668e+00  6.460537763675531e-02  1.649258987979712e+00  3.169307220685913e+00  1.649258905516767e+00  1.253797557512372e-03 
 2.249999999999197e-03  1.651125000000000e+00  1.648875000000001e+00  3.234105816506938e+00  6.440568855603380e-02  1.649255752531486e+00  3.169700127950904e+00  1.649255670068702e+00  1.252999241414209e-03 
 2.259999999999263e-03  1.651130000000000e+00  1.648870000000001e+00  3.234297490493721e+00  6.420755071561002e-02  1.649252520604666e+00  3.170089939778111e+00  1.649252438142044e+00  1.252206136571843e-03 
 2.269999999999328e-03  1.651135000000000e+00  1.648865000000000e+00  3.234487659380472e+00  6.401091926685047e-02  1.649249289323661e+00  3.170476740113621e+00  1.649249206861201e+00  1.251418083251890e-03 
 2.279999999999394e-03  1.651140000000000e+00  1.648860000000000e+00  3.234676322998615e+00  6.381580466907977e-02  1.649246063833847e+00  3.170860518329535e+00  1.649245981371548e+00  1.250635149125398e-03 
 2.289999999999459e-03  1.651145000000000e+00  1.648855000000000e+00  3.234863504896892e+00  6.362216934705782e-02  1.649242837121975e+00  3.171241335549834e+00  1.649242754659837e+00  1.249857201147809e-03 
 2.299999999999525e-03  1.651150000000000e+00  1.648850000000000e+00  3.235049218337868e+00  6.343001276173099e-02  1.649239615549800e+00  3.171619205576137e+00  1.649239533087823e+00  1.249084262180557e-03 
 2.309999999999146e-03  1.651155000000000e+00  1.648845000000001e+00  3.235233467549976e+00  6.323932885431532e-02  1.649236398202145e+00  3.171994138695660e+00  1.649236315740330e+00  1.248316327688640e-03 
 2.319999999999212e-03  1.651160000000000e+00  1.648840000000001e+00  3.235416271331216e+00  6.305009674856756e-02  1.649233184039891e+00  3.172366174582648e+00  1.649233101578236e+00  1.247553334135409e-03 
 2.329999999999277e-03  1.651165000000000e+00  1.648835000000000e+00  3.235597650256560e+00  6.286229582182626e-02  1.649229973039193e+00  3.172735354434734e+00  1.649229890577699e+00  1.246795218130281e-03 
 2.339999999999343e-03  1.651170000000000e+00  1.648830000000000e+00  3.235777614123355e+00  6.267591549079346e-02  1.649226764807074e+00  3.173101698632562e+00  1.649226682345740e+00  1.246041958814496e-03 
 2.349999999999408e-03  1.651175000000000e+00  1.648825000000000e+00  3.235956176300884e+00  6.249094346664145e-02  1.649223559883763e+00  3.173465232834242e+00  1.649223477422589e+00  1.245293523785563e-03 
 2.359999999999474e-03  1.651180000000000e+00  1.648820000000000e+00  3.236133362231641e+00  6.230735704890934e-02  1.649220359640275e+00  3.173826005182732e+00  1.649220277179261e+00  1.244549842996680e-03 
 2.369999999999539e-03  1.651185000000000e+00  1.648815000000000e+00  3.236309172782716e+00  6.212514665308903e-02  1.649217159717903e+00  3.174184026129627e+00  1.649217077257049e+00  1.243810894855147e-03 
 2.379999999999161e-03  1.651190000000000e+00  1.648810000000001e+00  3.236483618909147e+00  6.194431445949039e-02  1.649213966684319e+00  3.174539304449657e+00  1.649213884223625e+00  1.243076708285493e-03 
 2.389999999999226e-03  1.651195000000000e+00  1.648805000000001e+00  3.236656723195596e+00  6.176482848986810e-02  1.649210775842732e+00  3.174891894705728e+00  1.649210693382197e+00  1.242347170715415e-03 
 2.399999999999292e-03  1.651200000000000e+00  1.648800000000000e+00  3.236828485618784e+00  6.158669243568622e-02  1.649207589027235e+00  3.175241793183098e+00  1.649207506566860e+00  1.241622315531836e-03 
 2.409999999999357e-03  1.651205000000000e+00  1.648795000000000e+00  3.236998933423043e+00  6.140987721575636e-02  1.649204405319400e+00  3.175589056207287e+00  1.649204322859184e+00  1.240902043533133e-03 
 2.419999999999423e-03  1.651210000000000e+00  1.648790000000000e+00  3.237168068634374e+00  6.123438259896366e-02  1.649201225616669e+00  3.175933686035410e+00  1.649201143156612e+00  1.240186369278421e-03 
 2.429999999999488e-03  1.651215000000000e+00  1.648785000000000e+00  3.237335910172854e+00  6.106018720235590e-02  1.649198048687605e+00  3.176275722970498e+00  1.649197966227707e+00  1.239475223329138e-03 
 2.439999999999554e-03  1.651220000000000e+00  1.648780000000000e+00  3.237502469210051e+00  6.088728629440315e-02  1.649194877752227e+00  3.176615182915648e+00  1.649194795292487e+00  1.238768604982632e-03 
 2.449999999999175e-03  1.651225000000000e+00  1.648775000000001e+00  3.237667752331276e+00  6.071566260001626e-02  1.649191707465646e+00  3.176952089731260e+00  1.649191625006065e+00  1.238066458001999e-03 
 2.459999999999241e-03  1.651230000000000e+00  1.648770000000001e+00  3.237831775556368e+00  6.054531161265576e-02  1.649188543584512e+00  3.177286463943712e+00  1.649188461125089e+00  1.237368782149290e-03 
 2.469999999999306e-03  1.651235000000000e+00  1.648765000000000e+00  3.237994557235399e+00  6.037620697932968e-02  1.649185382107365e+00  3.177618350256069e+00  1.649185299648100e+00  1.236675484123639e-03 
 2.479999999999372e-03  1.651240000000000e+00  1.648760000000000e+00  3.238156079349700e+00  6.020837433805259e-02  1.649182226843876e+00  3.177947705011648e+00  1.649182144384769e+00  1.235986686277295e-03 
 2.489999999999437e-03  1.651245000000000e+00  1.648755000000000e+00  3.238316387972366e+00  6.004175821123751e-02  1.649179073091801e+00  3.178274629761128e+00  1.649178990632852e+00  1.235302175628435e-03 
 2.499999999999503e-03  1.651250000000000e+00  1.648750000000000e+00  3.238475479826492e+00  5.987636773847864e-02  1.649175923782485e+00  3.178599112088013e+00  1.649175841323693e+00  1.234622005681868e-03 
 2.509999999999568e-03  1.651255000000000e+00  1.648745000000000e+00  3.238633376209152e+00  5.971218257944745e-02  1.649172779394300e+00  3.178921193629705e+00  1.649172696935665e+00  1.233946107974981e-03 
 2.519999999999190e-03  1.651260000000000e+00  1.648740000000001e+00  3.238790062398365e+00  5.954921717763120e-02  1.649169639787998e+00  3.179240845220734e+00  1.649169557329520e+00  1.233274556236990e-03 
 2.529999999999255e-03  1.651265000000000e+00  1.648735000000001e+00  3.238945572152840e+00  5.938743713428716e-02  1.649166504643564e+00  3.179558135018553e+00  1.649166422185243e+00  1.232607223739339e-03 
 2.539999999999321e-03  1.651270000000000e+00  1.648730000000000e+00  3.239099905963115e+00  5.922683812665159e-02  1.649163372044883e+00  3.179873067836463e+00  1.649163289586719e+00  1.231944107741256e-03 
 2.549999999999386e-03  1.651275000000000e+00  1.648725000000000e+00  3.239253084350015e+00  5.906740301836444e-02  1.649160243684189e+00  3.180185681331650e+00  1.649160161226181e+00  1.231285150466203e-03 
 2.559999999999452e-03  1.651280000000000e+00  1.648720000000000e+00  3.239405098121511e+00  5.890914855706348e-02  1.649157123339287e+00  3.180495949564448e+00  1.649157040881435e+00  1.230630435865350e-03 
 2.569999999999517e-03  1.651285000000000e+00  1.648715000000000e+00  3.239555974300608e+00  5.875203502321845e-02  1.649154004661913e+00  3.180803939277390e+00  1.649153922204217e+00  1.229979813615344e-03 
 2.579999999999139e-03  1.651290000000000e+00  1.648710000000001e+00  3.239705714417135e+00  5.859606614711499e-02  1.649150890282125e+00  3.181109648270020e+00  1.649150807824584e+00  1.229333312184628e-03 
 2.589999999999204e-03  1.651295000000000e+00  1.648705000000001e+00  3.239854336318036e+00  5.844122568631024e-02  1.649147781002173e+00  3.181413110631726e+00  1.649147698544788e+00  1.228690878104884e-03 
 2.599999999999270e-03  1.651300000000000e+00  1.648700000000000e+00  3.240001838614456e+00  5.828751418890799e-02  1.649144676401682e+00  3.181714324425548e+00  1.649144593944452e+00  1.228052525724320e-03 
 2.609999999999335e-03  1.651305000000000e+00  1.648695000000000e+00  3.240148246918481e+00  5.813490286104988e-02  1.649141574889766e+00  3.182013344057431e+00  1.649141492432691e+00  1.227418149584433e-03 
 2.619999999999401e-03  1.651310000000000e+00  1.648690000000000e+00  3.240293549182893e+00  5.798341287514026e-02  1.649138481029017e+00  3.182310136307753e+00  1.649138398572097e+00  1.226787850845865e-03 
 2.629999999999466e-03  1.651315000000000e+00  1.648685000000000e+00  3.240437760979412e+00  5.783301832828277e-02  1.649135389653847e+00  3.182604742651129e+00  1.649135307197082e+00  1.226161532139432e-03 
 2.639999999999532e-03  1.651320000000000e+00  1.648680000000000e+00  3.240580896026181e+00  5.768371163346452e-02  1.649132303829823e+00  3.182897184392716e+00  1.649132221373212e+00  1.225539177083730e-03 
 2.649999999999153e-03  1.651325000000000e+00  1.648675000000001e+00  3.240722964485604e+00  5.753548350328720e-02  1.649129223994446e+00  3.183187480982317e+00  1.649129141537989e+00  1.224920757032304e-03 
 2.659999999999219e-03  1.651330000000000e+00  1.648670000000001e+00  3.240863976406176e+00  5.738832010538941e-02  1.649126148255783e+00  3.183475656300787e+00  1.649126065799480e+00  1.224306226564358e-03 
 2.669999999999284e-03  1.651335000000000e+00  1.648665000000000e+00  3.241003933481788e+00  5.724222007924833e-02  1.649123076780518e+00  3.183761713402540e+00  1.649122994324369e+00  1.223695593228508e-03 
 2.679999999999350e-03  1.651340000000000e+00  1.648660000000000e+00  3.241142855656308e+00  5.709716396385275e-02  1.649120009810081e+00  3.184045691692456e+00  1.649119927354084e+00  1.223088785454578e-03 
 2.689999999999415e-03  1.651345000000000e+00  1.648655000000000e+00  3.241280721087302e+00  5.695318208763290e-02  1.649116951587468e+00  3.184327538999669e+00  1.649116869131624e+00  1.222485943866514e-03 
 2.699999999999481e-03  1.651350000000000e+00  1.648650000000000e+00  3.241417570152513e+00  5.681021783616188e-02  1.649113893994337e+00  3.184607352316351e+00  1.649113811538647e+00  1.221886840597932e-03 
 2.709999999999546e-03  1.651355000000000e+00  1.648645000000000e+00  3.241553394600226e+00  5.666829481902893e-02  1.649110844709627e+00  3.184885099781197e+00  1.649110762254089e+00  1.221291587487565e-03 
 2.719999999999168e-03  1.651360000000000e+00  1.648640000000001e+00  3.241688212540898e+00  5.652738980497878e-02  1.649107801172939e+00  3.185160822735919e+00  1.649107718717552e+00  1.220700095598170e-03 
 2.729999999999233e-03  1.651365000000000e+00  1.648635000000001e+00  3.241822020946629e+00  5.638750199201641e-02  1.649104761469323e+00  3.185434518954613e+00  1.649104679014089e+00  1.220112375299758e-03 
 2.739999999999299e-03  1.651370000000000e+00  1.648630000000000e+00  3.241954838948303e+00  5.624861634687518e-02  1.649101727647589e+00  3.185706222601427e+00  1.649101645192507e+00  1.219528372180856e-03 
 2.749999999999364e-03  1.651375000000000e+00  1.648625000000000e+00  3.242086664736096e+00  5.611073489194788e-02  1.649098699814022e+00  3.185975929844148e+00  1.649098617359091e+00  1.218948107462488e-03 
 2.759999999999430e-03  1.651380000000000e+00  1.648620000000000e+00  3.242217508297729e+00  5.597384258777663e-02  1.649095675442753e+00  3.186243665709953e+00  1.649095592987973e+00  1.218371524932935e-03 
 2.769999999999495e-03  1.651385000000000e+00  1.648615000000000e+00  3.242347369573876e+00  5.583795170655068e-02  1.649092660640213e+00  3.186509417867325e+00  1.649092578185584e+00  1.217798690336518e-03 
 2.779999999999561e-03  1.651390000000000e+00  1.648610000000000e+00  3.242476272528298e+00  5.570302609398533e-02  1.649089649311142e+00  3.186773246434312e+00  1.649089566856663e+00  1.217229457710773e-03 
 2.789999999999182e-03  1.651395000000000e+00  1.648605000000001e+00  3.242604212090885e+00  5.556907546162819e-02  1.649086643776257e+00  3.187035136629257e+00  1.649086561321929e+00  1.216663881274269e-03 
 2.799999999999248e-03  1.651400000000000e+00  1.648600000000001e+00  3.242731198649249e+00  5.543608998616029e-02  1.649083644317705e+00  3.187295108663089e+00  1.649083561863527e+00  1.216101927290141e-03 
 2.809999999999313e-03  1.651405000000000e+00  1.648595000000000e+00  3.242857238533868e+00  5.530406274368880e-02  1.649080650638779e+00  3.187553175790179e+00  1.649080568184750e+00  1.215543575668648e-03 
 2.819999999999379e-03  1.651410000000000e+00  1.648590000000000e+00  3.242982326422432e+00  5.517300192406181e-02  1.649077664173247e+00  3.187809324498370e+00  1.649077581719368e+00  1.214988873059319e-03 
 2.829999999999444e-03  1.651415000000000e+00  1.648585000000000e+00  3.243106488213638e+00  5.504287683012046e-02  1.649074682521879e+00  3.188063611383518e+00  1.649074600068149e+00  1.214437697021248e-03 
 2.839999999999510e-03  1.651420000000000e+00  1.648580000000000e+00  3.243229724154736e+00  5.491369073724589e-02  1.649071707445991e+00  3.188316033417490e+00  1.649071624992410e+00  1.213890070891892e-03 
 2.849999999999575e-03  1.651425000000000e+00  1.648575000000000e+00  3.243352028932998e+00  5.478544793754795e-02  1.649068738435273e+00  3.188566580995451e+00  1.649068655981840e+00  1.213346024070585e-03 
 2.859999999999197e-03  1.651430000000000e+00  1.648570000000001e+00  3.243473426029294e+00  5.465812694976009e-02  1.649065776489527e+00  3.188815299079534e+00  1.649065694036242e+00  1.212805472000013e-03 
 2.869999999999262e-03  1.651435000000000e+00  1.648565000000001e+00  3.243593909547410e+00  5.453173339397234e-02  1.649062821470691e+00  3.189062176153437e+00  1.649062739017554e+00  1.212268448328949e-03 
 2.879999999999328e-03  1.651440000000000e+00  1.648560000000000e+00  3.243713490321186e+00  5.440625130871210e-02  1.649059870814949e+00  3.189307239012474e+00  1.649059788361960e+00  1.211734893448769e-03 
 2.889999999999393e-03  1.651445000000000e+00  1.648555000000000e+00  3.243832173200671e+00  5.428168469980491e-02  1.649056928950238e+00  3.189550488500866e+00  1.649056846497396e+00  1.211204834167777e-03 
 2.899999999999459e-03  1.651450000000000e+00  1.648550000000000e+00  3.243949964819130e+00  5.415801856321910e-02  1.649053991691175e+00  3.189791946255911e+00  1.649053909238479e+00  1.210678215988783e-03 
 2.909999999999524e-03  1.651455000000000e+00  1.648545000000000e+00  3.244066868817332e+00  5.403525637458846e-02  1.649051062595960e+00  3.190031612442743e+00  1.649050980143411e+00  1.210155059457195e-03 
 2.919999999999146e-03  1.651460000000000e+00  1.648540000000001e+00  3.244182884489335e+00  5.391339519609239e-02  1.649048139842713e+00  3.190269489293242e+00  1.649048057390311e+00  1.209635362383065e-03 
 2.929999999999211e-03  1.651465000000000e+00  1.648535000000001e+00  3.244298031028373e+00  5.379241860378450e-02  1.649045224816079e+00  3.190505612424588e+00  1.649045142363822e+00  1.209119062433283e-03 
 2.939999999999277e-03  1.651470000000000e+00  1.648530000000000e+00  3.244412300687270e+00  5.367233258598497e-02  1.649042316636628e+00  3.190739968101285e+00  1.649042234184516e+00  1.208606195040169e-03 
 2.949999999999342e-03  1.651475000000000e+00  1.648525000000000e+00  3.244525713468480e+00  5.355311378606608e-02  1.649039413627273e+00  3.190972599682414e+00  1.649039331175306e+00  1.208096665319040e-03 
 2.959999999999408e-03  1.651480000000000e+00  1.648520000000000e+00  3.244638257472765e+00  5.343478164720315e-02  1.649036519559984e+00  3.191203475825562e+00  1.649036437108162e+00  1.207590566616866e-03 
 2.969999999999473e-03  1.651485000000000e+00  1.648515000000000e+00  3.244749939129890e+00  5.331732967797929e-02  1.649033634403934e+00  3.191432609451910e+00  1.649033551952257e+00  1.207087878573967e-03 
 2.979999999999539e-03  1.651490000000000e+00  1.648510000000000e+00  3.244860779799949e+00  5.320072666092613e-02  1.649030753230437e+00  3.191660053139023e+00  1.649030670778904e+00  1.206588474253316e-03 
 2.989999999999160e-03  1.651495000000000e+00  1.648505000000001e+00  3.244970771293157e+00  5.308499182031305e-02  1.649027881556735e+00  3.191885779472844e+00  1.649027799105345e+00  1.206092445748659e-03 
 2.999999999999226e-03  1.651500000000000e+00  1.648500000000001e+00  3.245079921281436e+00  5.297011030723484e-02  1.649025015794335e+00  3.192109810974201e+00  1.649024933343089e+00  1.205599734518992e-03 
 3.009999999999291e-03  1.651505000000000e+00  1.648495000000000e+00  3.245188230194565e+00  5.285608922574205e-02  1.649022159710154e+00  3.192332140968823e+00  1.649022077259050e+00  1.205110380791892e-03 
 3.019999999999357e-03  1.651510000000000e+00  1.648490000000000e+00  3.245295703745667e+00  5.274291931849498e-02  1.649019311532081e+00  3.192552784427172e+00  1.649019229081119e+00  1.204624351371745e-03 
 3.029999999999422e-03  1.651515000000000e+00  1.648485000000000e+00  3.245402351664396e+00  5.263058862548577e-02  1.649016470144941e+00  3.192771763038910e+00  1.649016387694122e+00  1.204141601635334e-03 
 3.039999999999488e-03  1.651520000000000e+00  1.648480000000000e+00  3.245508176073971e+00  5.251909768978671e-02  1.649013636881879e+00  3.192989078384185e+00  1.649013554431201e+00  1.203662140940983e-03 
 3.049999999999553e-03  1.651525000000000e+00  1.648475000000000e+00  3.245613175595378e+00  5.240844646541275e-02  1.649010811030396e+00  3.193204729129965e+00  1.649010728579859e+00  1.203185977234217e-03 
 3.059999999999174e-03  1.651530000000000e+00  1.648470000000001e+00  3.245717352922463e+00  5.229863590314322e-02  1.649007994412803e+00  3.193418717019319e+00  1.649007911962407e+00  1.202713121557805e-03 
 3.069999999999240e-03  1.651535000000000e+00  1.648465000000001e+00  3.245820726374541e+00  5.218964249356780e-02  1.649005184434055e+00  3.193631083880973e+00  1.649005101983799e+00  1.202243478484432e-03 
 3.079999999999306e-03  1.651540000000000e+00  1.648460000000000e+00  3.245923281384129e+00  5.208148935195313e-02  1.649002385368041e+00  3.193841792032176e+00  1.649002302917926e+00  1.201777156717581e-03 
 3.089999999999371e-03  1.651545000000000e+00  1.648455000000000e+00  3.246025035363771e+00  5.197415290228114e-02  1.648999594133026e+00  3.194050882461490e+00  1.648999511683050e+00  1.201314060037244e-03 
 3.099999999999437e-03  1.651550000000000e+00  1.648450000000000e+00  3.246125985086543e+00  5.186763745290286e-02  1.648996811269723e+00  3.194258347633640e+00  1.648996728819886e+00  1.200854212829513e-03 
 3.109999999999502e-03  1.651555000000000e+00  1.648445000000000e+00  3.246226129421954e+00  5.176194691591586e-02  1.648994038168935e+00  3.194464182506038e+00  1.648993955719237e+00  1.200397638668013e-03 
 3.119999999999568e-03  1.651560000000000e+00  1.648440000000000e+00  3.246325483397643e+00  5.165706271280612e-02  1.648991273055225e+00  3.194668420684837e+00  1.648991190605665e+00  1.199944266107356e-03 
 3.129999999999189e-03  1.651565000000000e+00  1.648435000000001e+00  3.246424042225915e+00  5.155299029857485e-02  1.648988516262245e+00  3.194871051927340e+00  1.648988433812823e+00  1.199494124213266e-03 
 3.139999999999254e-03  1.651570000000000e+00  1.648430000000001e+00  3.246521807975743e+00  5.144973086557674e-02  1.648985769420660e+00  3.195072077110166e+00  1.648985686971375e+00  1.199047222845821e-03 
 3.149999999999320e-03  1.651575000000000e+00  1.648425000000000e+00  3.246618791015361e+00  5.134727003562631e-02  1.648983030525494e+00  3.195271520979735e+00  1.648982948076346e+00  1.198603508851247e-03 
 3.159999999999386e-03  1.651580000000000e+00  1.648420000000000e+00  3.246714983569222e+00  5.124562373644199e-02  1.648980303652832e+00  3.195469359832780e+00  1.648980221203821e+00  1.198163056353431e-03 
 3.169999999999451e-03  1.651585000000000e+00  1.648415000000000e+00  3.246810399987599e+00  5.114477070803915e-02  1.648977585347819e+00  3.195665629279560e+00  1.648977502898944e+00  1.197725779091370e-03 
 3.179999999999517e-03  1.651590000000000e+00  1.648410000000000e+00  3.246905032885106e+00  5.104471800698768e-02  1.648974875446047e+00  3.195860314878118e+00  1.648974792997307e+00  1.197291713527462e-03 
 3.189999999999582e-03  1.651595000000000e+00  1.648405000000000e+00  3.246998888869461e+00  5.094546671397342e-02  1.648972177791717e+00  3.196053422155488e+00  1.648972095343113e+00  1.196860871403436e-03 
 3.199999999999203e-03  1.651600000000000e+00  1.648400000000001e+00  3.247091963462112e+00  5.084701478769068e-02  1.648969489124902e+00  3.196244948674422e+00  1.648969406676431e+00  1.196433249653561e-03 
 3.209999999999269e-03  1.651605000000000e+00  1.648395000000000e+00  3.247184278986720e+00  5.074933730130968e-02  1.648966808144015e+00  3.196434941685411e+00  1.648966725695679e+00  1.196008744691443e-03 
 3.219999999999335e-03  1.651610000000000e+00  1.648390000000000e+00  3.247275811628371e+00  5.065246921687994e-02  1.648964140422626e+00  3.196623342411491e+00  1.648964057974423e+00  1.195587517131482e-03 
 3.229999999999400e-03  1.651615000000000e+00  1.648385000000000e+00  3.247366581320791e+00  5.055638229531978e-02  1.648961481808055e+00  3.196810199025471e+00  1.648961399359985e+00  1.195169446386888e-03 
 3.239999999999466e-03  1.651620000000000e+00  1.648380000000000e+00  3.247456581573482e+00  5.046108922472357e-02  1.648958835399103e+00  3.196995492348758e+00  1.648958752951165e+00  1.194754596916263e-03 
 3.249999999999531e-03  1.651625000000000e+00  1.648375000000000e+00  3.247545817408940e+00  5.036657723868915e-02  1.648956197323815e+00  3.197179240170251e+00  1.648956114876009e+00  1.194342917928575e-03 
 3.259999999999152e-03  1.651630000000000e+00  1.648370000000001e+00  3.247634287268096e+00  5.027285837475755e-02  1.648953572821427e+00  3.197361428893338e+00  1.648953490373752e+00  1.193934466442516e-03 
 3.269999999999218e-03  1.651635000000000e+00  1.648365000000001e+00  3.247721989784596e+00  5.017992626501303e-02  1.648950958024805e+00  3.197542063519583e+00  1.648950875577261e+00  1.193529221050973e-03 
 3.279999999999283e-03  1.651640000000000e+00  1.648360000000000e+00  3.247808940101329e+00  5.008776858269223e-02  1.648948354342010e+00  3.197721171518637e+00  1.648948271894597e+00  1.193127133603687e-03 
 3.289999999999349e-03  1.651645000000000e+00  1.648355000000000e+00  3.247895128430645e+00  4.999639858663679e-02  1.648945763508641e+00  3.197898729844008e+00  1.648945681061357e+00  1.192728268086762e-03 
 3.299999999999415e-03  1.651650000000000e+00  1.648350000000000e+00  3.247980555161159e+00  4.990580959322247e-02  1.648943182377191e+00  3.198074745567936e+00  1.648943099930036e+00  1.192332598244247e-03 
 3.309999999999480e-03  1.651655000000000e+00  1.648345000000000e+00  3.248065223384399e+00  4.981600903885793e-02  1.648940616211629e+00  3.198249214345541e+00  1.648940533764602e+00  1.191940165909386e-03 
 3.319999999999546e-03  1.651660000000000e+00  1.648340000000000e+00  3.248149139968107e+00  4.972697498738547e-02  1.648938057477746e+00  3.198422164980721e+00  1.648937975030847e+00  1.191550876781849e-03 
 3.329999999999167e-03  1.651665000000000e+00  1.648335000000001e+00  3.248232293596102e+00  4.963873446308630e-02  1.648935514029594e+00  3.198593559133016e+00  1.648935431582823e+00  1.191164857588445e-03 
 3.339999999999232e-03  1.651670000000000e+00  1.648330000000001e+00  3.248314688831691e+00  4.955127718773489e-02  1.648932983009713e+00  3.198763411643956e+00  1.648932900563068e+00  1.190782066576444e-03 
 3.349999999999298e-03  1.651675000000000e+00  1.648325000000000e+00  3.248396337396604e+00  4.946458983264305e-02  1.648930463614624e+00  3.198931747563961e+00  1.648930381168105e+00  1.190402451062820e-03 
 3.359999999999363e-03  1.651680000000000e+00  1.648320000000000e+00  3.248477226017667e+00  4.937868672018057e-02  1.648927956368924e+00  3.199098539297486e+00  1.648927873922530e+00  1.190026079747483e-03 
 3.369999999999429e-03  1.651685000000000e+00  1.648315000000000e+00  3.248557364055166e+00  4.929355979623053e-02  1.648925461925699e+00  3.199263804258936e+00  1.648925379479430e+00  1.189652920627226e-03 
 3.379999999999495e-03  1.651690000000000e+00  1.648310000000000e+00  3.248636740403581e+00  4.920922597059278e-02  1.648922983187087e+00  3.199427514432989e+00  1.648922900740942e+00  1.189283055762574e-03 
 3.389999999999560e-03  1.651695000000000e+00  1.648305000000000e+00  3.248715362803700e+00  4.912566968141298e-02  1.648920516242557e+00  3.199589693122287e+00  1.648920433796535e+00  1.188916420299560e-03 
 3.399999999999181e-03  1.651700000000000e+00  1.648300000000001e+00  3.248793228790890e+00  4.904290003090762e-02  1.648918064410899e+00  3.199750328759983e+00  1.648917981965000e+00  1.188553058102708e-03 
 3.409999999999247e-03  1.651705000000000e+00  1.648295000000001e+00  3.248870341008928e+00  4.896090834046199e-02  1.648915624674695e+00  3.199909432668466e+00  1.648915542228918e+00  1.188192938217327e-03 
 3.419999999999312e-03  1.651710000000000e+00  1.648290000000000e+00  3.248946696205518e+00  4.887970393295781e-02  1.648913200069238e+00  3.200066992272560e+00  1.648913117623582e+00  1.187836105404335e-03 
 3.429999999999378e-03  1.651715000000000e+00  1.648285000000000e+00  3.249022289649663e+00  4.879929078059420e-02  1.648910790215129e+00  3.200222998869069e+00  1.648910707769593e+00  1.187482581549180e-03 
 3.439999999999444e-03  1.651720000000000e+00  1.648280000000000e+00  3.249097127237790e+00  4.871966070973232e-02  1.648908393973761e+00  3.200377466528058e+00  1.648908311528346e+00  1.187132336869632e-03 
 3.449999999999509e-03  1.651725000000000e+00  1.648275000000000e+00  3.249171205458037e+00  4.864082168128464e-02  1.648906013569661e+00  3.200530383776753e+00  1.648905931124364e+00  1.186785411129286e-03 
 3.459999999999575e-03  1.651730000000000e+00  1.648270000000000e+00  3.249244525779365e+00  4.856276740582618e-02  1.648903646592595e+00  3.200681758373539e+00  1.648903564147417e+00  1.186441779679866e-03 
 3.469999999999196e-03  1.651735000000000e+00  1.648265000000001e+00  3.249317083756853e+00  4.848551039858438e-02  1.648901297077719e+00  3.200831573358269e+00  1.648901214632658e+00  1.186101504598169e-03 
 3.479999999999261e-03  1.651740000000000e+00  1.648260000000001e+00  3.249388878170948e+00  4.840904912689363e-02  1.648898963648921e+00  3.200979829044054e+00  1.648898881203977e+00  1.185764582472754e-03 
 3.489999999999327e-03  1.651745000000000e+00  1.648255000000000e+00  3.249459909355508e+00  4.833337912930245e-02  1.648896644242405e+00  3.201126530226206e+00  1.648896561797577e+00  1.185430998427748e-03 
 3.499999999999392e-03  1.651750000000000e+00  1.648250000000000e+00  3.249530170131854e+00  4.825851358006665e-02  1.648894341855961e+00  3.201271656551788e+00  1.648894259411248e+00  1.185100815378929e-03 
 3.509999999999458e-03  1.651755000000000e+00  1.648245000000000e+00  3.249599669296340e+00  4.818443844334835e-02  1.648892053869844e+00  3.201415230852992e+00  1.648891971425246e+00  1.184773975261432e-03 
 3.519999999999524e-03  1.651760000000000e+00  1.648240000000000e+00  3.249668391385637e+00  4.811118131180574e-02  1.648889786348722e+00  3.201557210073832e+00  1.648889703904237e+00  1.184450606962416e-03 
 3.529999999999145e-03  1.651765000000000e+00  1.648235000000001e+00  3.249736343056258e+00  4.803872559921561e-02  1.648887534327737e+00  3.201697617457043e+00  1.648887451883364e+00  1.184130639365422e-03 
 3.539999999999210e-03  1.651770000000000e+00  1.648230000000001e+00  3.249803528144316e+00  4.796706884808022e-02  1.648885298496198e+00  3.201836459296236e+00  1.648885216051937e+00  1.183814066366178e-03 
 3.549999999999276e-03  1.651775000000000e+00  1.648225000000000e+00  3.249869933456893e+00  4.789622893075959e-02  1.648883081193826e+00  3.201973704526134e+00  1.648882998749676e+00  1.183500972930856e-03 
 3.559999999999341e-03  1.651780000000000e+00  1.648220000000000e+00  3.249935556550260e+00  4.782620943921517e-02  1.648880882994737e+00  3.202109347111045e+00  1.648880800550698e+00  1.183191377003672e-03 
 3.569999999999407e-03  1.651785000000000e+00  1.648215000000000e+00  3.250000402277867e+00  4.775700295063180e-02  1.648878702614249e+00  3.202243399327235e+00  1.648878620170318e+00  1.182885252969002e-03 
 3.579999999999472e-03  1.651790000000000e+00  1.648210000000000e+00  3.250064461019301e+00  4.768862020430407e-02  1.648876540611802e+00  3.202375840814997e+00  1.648876458167980e+00  1.182582650879660e-03 
 3.589999999999538e-03  1.651795000000000e+00  1.648205000000000e+00  3.250127737420332e+00  4.762105637713952e-02  1.648874396898736e+00  3.202506681043193e+00  1.648874314455020e+00  1.182283552504382e-03 
 3.599999999999159e-03  1.651800000000000e+00  1.648200000000001e+00  3.250190222663043e+00  4.755432443357954e-02  1.648872273548311e+00  3.202635898229464e+00  1.648872191104702e+00  1.181988023003705e-03 
 3.609999999999225e-03  1.651805000000000e+00  1.648195000000001e+00  3.250251921345808e+00  4.748841358833128e-02  1.648870167467070e+00  3.202763507757477e+00  1.648870085023566e+00  1.181696015322125e-03 
 3.619999999999290e-03  1.651810000000000e+00  1.648190000000000e+00  3.250312822408019e+00  4.742334351031595e-02  1.648868082959167e+00  3.202889478897703e+00  1.648868000515767e+00  1.181407623611602e-03 
 3.629999999999356e-03  1.651815000000000e+00  1.648185000000000e+00  3.250372923927116e+00  4.735911453284765e-02  1.648866019229982e+00  3.203013809394268e+00  1.648865936786685e+00  1.181122852013689e-03 
 3.639999999999421e-03  1.651820000000000e+00  1.648180000000000e+00  3.250432228687460e+00  4.729572104399834e-02  1.648863974865729e+00  3.203136507643462e+00  1.648863892422535e+00  1.180841680974852e-03 
 3.649999999999487e-03  1.651825000000000e+00  1.648175000000000e+00  3.250490729853408e+00  4.723317438574791e-02  1.648861952119578e+00  3.203257555467660e+00  1.648861869676485e+00  1.180564163395581e-03 
 3.659999999999553e-03  1.651830000000000e+00  1.648170000000000e+00  3.250548426836645e+00  4.717147233511904e-02  1.648859949585882e+00  3.203376954501526e+00  1.648859867142889e+00  1.180290293970189e-03 
 3.669999999999174e-03  1.651835000000000e+00  1.648165000000001e+00  3.250605314370803e+00  4.711062531819642e-02  1.648857969844500e+00  3.203494689052607e+00  1.648857887401606e+00  1.180020123563388e-03 
 3.679999999999239e-03  1.651840000000000e+00  1.648160000000001e+00  3.250661391366186e+00  4.705062979356853e-02  1.648856010579877e+00  3.203610761572618e+00  1.648855928137081e+00  1.179753640796085e-03 
 3.689999999999305e-03  1.651845000000000e+00  1.648155000000000e+00  3.250716656716900e+00  4.699148940153611e-02  1.648854073059218e+00  3.203725167315364e+00  1.648853990616518e+00  1.179490863628219e-03 
 3.699999999999370e-03  1.651850000000000e+00  1.648150000000000e+00  3.250771102607953e+00  4.693321887303505e-02  1.648852160740494e+00  3.203837883734918e+00  1.648852078297890e+00  1.179231864049181e-03 
 3.709999999999436e-03  1.651855000000000e+00  1.648145000000000e+00  3.250824732107529e+00  4.687580474405188e-02  1.648850268425791e+00  3.203948927363478e+00  1.648850185983281e+00  1.178976585066188e-03 
 3.719999999999501e-03  1.651860000000000e+00  1.648140000000000e+00  3.250877539313291e+00  4.681926047413491e-02  1.648848399893713e+00  3.204058278839157e+00  1.648848317451297e+00  1.178725090865861e-03 
 3.729999999999567e-03  1.651865000000000e+00  1.648135000000000e+00  3.250929523564242e+00  4.676358731720488e-02  1.648846555440723e+00  3.204165936247037e+00  1.648846472998400e+00  1.178477390228529e-03 
 3.739999999999188e-03  1.651870000000000e+00  1.648130000000001e+00  3.250980683140938e+00  4.670878504471437e-02  1.648844734092826e+00  3.204271898096224e+00  1.648844651650594e+00  1.178233485427521e-03 
 3.749999999999254e-03  1.651875000000000e+00  1.648125000000001e+00  3.251031016243197e+00  4.665485819981180e-02  1.648842937221504e+00  3.204376158043385e+00  1.648842854779362e+00  1.177993401222313e-03 
 3.759999999999319e-03  1.651880000000000e+00  1.648120000000000e+00  3.251080518545164e+00  4.660181100483806e-02  1.648841164775001e+00  3.204478707540326e+00  1.648841082332947e+00  1.177757160645164e-03 
 3.769999999999385e-03  1.651885000000000e+00  1.648115000000000e+00  3.251129196663495e+00  4.654963628232349e-02  1.648839416472909e+00  3.204579560381172e+00  1.648839334030943e+00  1.177524733578897e-03 
 3.779999999999450e-03  1.651890000000000e+00  1.648110000000000e+00  3.251177042377400e+00  4.649834201154263e-02  1.648837692194472e+00  3.204678700365858e+00  1.648837609752591e+00  1.177296159615896e-03 
 3.789999999999516e-03  1.651895000000000e+00  1.648105000000000e+00  3.251224056650282e+00  4.644793134449562e-02  1.648835993997389e+00  3.204776125305787e+00  1.648835911555594e+00  1.177071457168905e-03 
 3.799999999999581e-03  1.651900000000000e+00  1.648100000000000e+00  3.251270240294295e+00  4.639840078585508e-02  1.648834320540075e+00  3.204871839508440e+00  1.648834238098363e+00  1.176850614050389e-03 
 3.809999999999203e-03  1.651905000000000e+00  1.648095000000001e+00  3.251315593110742e+00  4.634975280993374e-02  1.648832672960338e+00  3.204965840300808e+00  1.648832590518708e+00  1.176633644234577e-03 
 3.819999999999268e-03  1.651910000000000e+00  1.648090000000000e+00  3.251360117075558e+00  4.630198436832082e-02  1.648831050721939e+00  3.205058132707237e+00  1.648830968280391e+00  1.176420537129744e-03 
 3.829999999999334e-03  1.651915000000000e+00  1.648085000000000e+00  3.251403813058767e+00  4.625509689559609e-02  1.648829454977182e+00  3.205148716163171e+00  1.648829372535713e+00  1.176211303278872e-03 
 3.839999999999399e-03  1.651920000000000e+00  1.648080000000000e+00  3.251446683653332e+00  4.620908216415147e-02  1.648827882908742e+00  3.205237601489181e+00  1.648827800467352e+00  1.176005907262058e-03 
 3.849999999999465e-03  1.651925000000000e+00  1.648075000000000e+00  3.251488726513632e+00  4.616395147380557e-02  1.648826338993719e+00  3.205324775039826e+00  1.648826256552406e+00  1.175804405861358e-03 
 3.859999999999530e-03  1.651930000000000e+00  1.648070000000000e+00  3.251529947528860e+00  4.611969456956624e-02  1.648824821049213e+00  3.205410252959294e+00  1.648824738607976e+00  1.175606753527123e-03 
 3.869999999999152e-03  1.651935000000000e+00  1.648065000000001e+00  3.251570349479093e+00  4.607630792929316e-02  1.648823328704193e+00  3.205494041549800e+00  1.648823246263031e+00  1.175412938492045e-03 
 3.879999999999217e-03  1.651940000000000e+00  1.648060000000001e+00  3.251609937866834e+00  4.603378836349571e-02  1.648821863115165e+00  3.205576149503338e+00  1.648821780674076e+00  1.175222949110754e-03 
 3.889999999999283e-03  1.651945000000000e+00  1.648055000000000e+00  3.251648712648355e+00  4.599213500027913e-02  1.648820423824317e+00  3.205656577648076e+00  1.648820341383300e+00  1.175036785107136e-03 
 3.899999999999348e-03  1.651950000000000e+00  1.648050000000000e+00  3.251686682704634e+00  4.595133961300788e-02  1.648819011158821e+00  3.205735343091626e+00  1.648818928717874e+00  1.174854413309551e-03 
 3.909999999999414e-03  1.651955000000000e+00  1.648045000000000e+00  3.251723855709872e+00  4.591139459544244e-02  1.648817625152657e+00  3.205812461114429e+00  1.648817542711780e+00  1.174675800305334e-03 
 3.919999999999479e-03  1.651960000000000e+00  1.648040000000000e+00  3.251760231247396e+00  4.587229800938149e-02  1.648816264628389e+00  3.205887933238015e+00  1.648816182187580e+00  1.174500939838111e-03 
 3.929999999999545e-03  1.651965000000000e+00  1.648035000000000e+00  3.251795819156156e+00  4.583404387299278e-02  1.648814931514575e+00  3.205961775283163e+00  1.648814849073832e+00  1.174329809956422e-03 
 3.939999999999166e-03  1.651970000000000e+00  1.648030000000001e+00  3.251830626550912e+00  4.579662182962051e-02  1.648813624190266e+00  3.206034004721291e+00  1.648813541749589e+00  1.174162364820034e-03 
 3.949999999999232e-03  1.651975000000000e+00  1.648025000000001e+00  3.251864665291952e+00  4.576001800599091e-02  1.648812341648971e+00  3.206104647285961e+00  1.648812259208358e+00  1.173998547488701e-03 
 3.959999999999297e-03  1.651980000000000e+00  1.648020000000000e+00  3.251897937622104e+00  4.572423306510712e-02  1.648811085343606e+00  3.206173704556997e+00  1.648811002903056e+00  1.173838359494952e-03 
 3.969999999999363e-03  1.651985000000000e+00  1.648015000000000e+00  3.251930454981599e+00  4.568925597819963e-02  1.648809855479899e+00  3.206241199003399e+00  1.648809773039411e+00  1.173681755627423e-03 
 3.979999999999428e-03  1.651990000000000e+00  1.648010000000000e+00  3.251962229470809e+00  4.565507156963844e-02  1.648808650520224e+00  3.206307157901170e+00  1.648808568079795e+00  1.173528670620570e-03 
 3.989999999999494e-03  1.651995000000000e+00  1.648005000000000e+00  3.251993267277914e+00  4.562167460713214e-02  1.648807470942523e+00  3.206371592670782e+00  1.648807388502153e+00  1.173379082576787e-03 
 3.999999999999559e-03  1.652000000000000e+00  1.648000000000000e+00  3.252023579358127e+00  4.558905548651490e-02  1.648806317422321e+00  3.206434523871612e+00  1.648806234982009e+00  1.173232951220640e-03 
 4.009999999999181e-03  1.652005000000000e+00  1.647995000000001e+00  3.252053179002010e+00  4.555719749793023e-02  1.648805188249970e+00  3.206495981504080e+00  1.648805105809715e+00  1.173090202643860e-03 
 4.019999999999246e-03  1.652010000000000e+00  1.647990000000001e+00  3.252082075784465e+00  4.552608913911017e-02  1.648804082461788e+00  3.206555986645355e+00  1.648804000021588e+00  1.172950787245358e-03 
 4.029999999999312e-03  1.652015000000000e+00  1.647985000000000e+00  3.252110281409676e+00  4.549572482503610e-02  1.648803003117356e+00  3.206614556584639e+00  1.648802920677210e+00  1.172814682040613e-03 
 4.039999999999377e-03  1.652020000000000e+00  1.647980000000000e+00  3.252137809992841e+00  4.546608107777624e-02  1.648801945535309e+00  3.206671728915065e+00  1.648801863095215e+00  1.172681783535173e-03 
 4.049999999999443e-03  1.652025000000000e+00  1.647975000000000e+00  3.252164673578558e+00  4.543714974975996e-02  1.648800911664159e+00  3.206727523828798e+00  1.648800829224118e+00  1.172552058193281e-03 
 4.059999999999508e-03  1.652030000000000e+00  1.647970000000000e+00  3.252190882213592e+00  4.540892000897891e-02  1.648799901111285e+00  3.206781962204613e+00  1.648799818671294e+00  1.172425455962168e-03 
 4.069999999999574e-03  1.652035000000000e+00  1.647965000000000e+00  3.252216451965758e+00  4.538137384467779e-02  1.648798912905218e+00  3.206835078121080e+00  1.648798830465276e+00  1.172301899924430e-03 
 4.079999999999195e-03  1.652040000000000e+00  1.647960000000001e+00  3.252241393592780e+00  4.535450328370123e-02  1.648797948438240e+00  3.206886890309079e+00  1.648797865998347e+00  1.172181355733320e-03 
 4.089999999999261e-03  1.652045000000000e+00  1.647955000000001e+00  3.252265723430793e+00  4.532828565820563e-02  1.648797004544499e+00  3.206937437772587e+00  1.648796922104653e+00  1.172063721947248e-03 
 4.099999999999326e-03  1.652050000000000e+00  1.647950000000000e+00  3.252289451352651e+00  4.530271407290211e-02  1.648796082712777e+00  3.206986737279749e+00  1.648796000272977e+00  1.171948968571067e-03 
 4.109999999999392e-03  1.652055000000000e+00  1.647945000000000e+00  3.252312594137728e+00  4.527776843702434e-02  1.648795181287376e+00  3.207034825700704e+00  1.648795098847621e+00  1.171837009124042e-03 
 4.119999999999457e-03  1.652060000000000e+00  1.647940000000000e+00  3.252335163944990e+00  4.525343889072637e-02  1.648794301417858e+00  3.207081725054264e+00  1.648794218978147e+00  1.171727799668196e-03 
 4.129999999999523e-03  1.652065000000000e+00  1.647935000000000e+00  3.252357173675577e+00  4.522971009654164e-02  1.648793441886059e+00  3.207127463579035e+00  1.648793359446391e+00  1.171621271039070e-03 
 4.139999999999144e-03  1.652070000000000e+00  1.647930000000001e+00  3.252378637919407e+00  4.520656809568181e-02  1.648792603007545e+00  3.207172069823725e+00  1.648792520567919e+00  1.171517362477246e-03 
 4.149999999999210e-03  1.652075000000000e+00  1.647925000000001e+00  3.252399570307270e+00  4.518399445504503e-02  1.648791782381158e+00  3.207215575852225e+00  1.648791699941573e+00  1.171415992994039e-03 
 4.159999999999275e-03  1.652080000000000e+00  1.647920000000000e+00  3.252419987159933e+00  4.516196911741705e-02  1.648790978138675e+00  3.207258018042515e+00  1.648790895699130e+00  1.171317072160844e-03 
 4.169999999999341e-03  1.652085000000000e+00  1.647915000000000e+00  3.252439895909774e+00  4.514049898212791e-02  1.648790197445951e+00  3.207299396927646e+00  1.648790115006445e+00  1.171220633785039e-03 
 4.179999999999406e-03  1.652090000000000e+00  1.647910000000000e+00  3.252459314262389e+00  4.511954719848811e-02  1.648789430730438e+00  3.207339767063901e+00  1.648789348290971e+00  1.171126511547160e-03 
 4.189999999999472e-03  1.652095000000000e+00  1.647905000000000e+00  3.252478254604176e+00  4.509911326906838e-02  1.648788683936622e+00  3.207379141335108e+00  1.648788601497192e+00  1.171034704346327e-03 
 4.199999999999537e-03  1.652100000000000e+00  1.647900000000000e+00  3.252496728615711e+00  4.507917826409331e-02  1.648787953439902e+00  3.207417550351618e+00  1.648787871000509e+00  1.170945127440498e-03 
 4.209999999999159e-03  1.652105000000000e+00  1.647895000000001e+00  3.252514750397748e+00  4.505972853308499e-02  1.648787239465416e+00  3.207455021864662e+00  1.648787157026059e+00  1.170857722256875e-03 
 4.219999999999224e-03  1.652110000000000e+00  1.647890000000001e+00  3.252532333005446e+00  4.504075135677443e-02  1.648786542181110e+00  3.207491581648672e+00  1.648786459741787e+00  1.170772431124602e-03 
 4.229999999999290e-03  1.652115000000000e+00  1.647885000000000e+00  3.252549488766392e+00  4.502223180187464e-02  1.648785860284133e+00  3.207527256964517e+00  1.648785777844844e+00  1.170689187325841e-03 
 4.239999999999355e-03  1.652120000000000e+00  1.647880000000000e+00  3.252566227697284e+00  4.500416060618533e-02  1.648785194151734e+00  3.207562067091098e+00  1.648785111712479e+00  1.170607950313196e-03 
 4.249999999999421e-03  1.652125000000000e+00  1.647875000000000e+00  3.252582564566432e+00  4.498652005958972e-02  1.648784542313011e+00  3.207596044506842e+00  1.648784459873788e+00  1.170528640387786e-03 
 4.259999999999486e-03  1.652130000000000e+00  1.647870000000000e+00  3.252598509010396e+00  4.496930278052309e-02  1.648783905895459e+00  3.207629206229873e+00  1.648783823456268e+00  1.170451225588580e-03 
 4.269999999999552e-03  1.652135000000000e+00  1.647865000000000e+00  3.252614073044597e+00  4.495249470810204e-02  1.648783283876349e+00  3.207661578336495e+00  1.648783201437189e+00  1.170375644394688e-03 
 4.279999999999173e-03  1.652140000000000e+00  1.647860000000001e+00  3.252629269069014e+00  4.493608265017406e-02  1.648782675859594e+00  3.207693186418840e+00  1.648782593420465e+00  1.170301836961017e-03 
 4.289999999999239e-03  1.652145000000000e+00  1.647855000000001e+00  3.252644106341797e+00  4.492005430986306e-02  1.648782080325830e+00  3.207724052031934e+00  1.648781997886730e+00  1.170229746808436e-03 
 4.299999999999304e-03  1.652150000000000e+00  1.647850000000000e+00  3.252658596275222e+00  4.490440161843504e-02  1.648781498946829e+00  3.207754194656787e+00  1.648781416507758e+00  1.170159340456850e-03 
 4.309999999999370e-03  1.652155000000000e+00  1.647845000000000e+00  3.252672749866393e+00  4.488910880784948e-02  1.648780929337121e+00  3.207783641058544e+00  1.648780846898079e+00  1.170090546368956e-03 
 4.319999999999435e-03  1.652160000000000e+00  1.647840000000000e+00  3.252686575888113e+00  4.487416713243288e-02  1.648780371510273e+00  3.207812408755681e+00  1.648780289071259e+00  1.170023325798852e-03 
 4.329999999999501e-03  1.652165000000000e+00  1.647835000000000e+00  3.252700085182939e+00  4.485956840292320e-02  1.648779826792931e+00  3.207840516780016e+00  1.648779744353944e+00  1.169957642659556e-03 
 4.339999999999566e-03  1.652170000000000e+00  1.647830000000000e+00  3.252713286743539e+00  4.484529962840904e-02  1.648779293185974e+00  3.207867987115129e+00  1.648779210747013e+00  1.169893438205657e-03 
 4.349999999999188e-03  1.652175000000000e+00  1.647825000000001e+00  3.252726189522018e+00  4.483135261344889e-02  1.648778771067734e+00  3.207894836908569e+00  1.648778688628799e+00  1.169830677171081e-03 
 4.359999999999253e-03  1.652180000000000e+00  1.647820000000001e+00  3.252738803030129e+00  4.481771562497248e-02  1.648778259327551e+00  3.207921087405157e+00  1.648778176888642e+00  1.169769305767633e-03 
 4.369999999999319e-03  1.652185000000000e+00  1.647815000000000e+00  3.252751137073427e+00  4.480437922841769e-02  1.648777758150922e+00  3.207946757845010e+00  1.648777675712039e+00  1.169709283161207e-03 
 4.379999999999384e-03  1.652190000000000e+00  1.647810000000000e+00  3.252763197938995e+00  4.479133694278795e-02  1.648777267440892e+00  3.207971860996207e+00  1.648777185002032e+00  1.169650579082542e-03 
 4.389999999999450e-03  1.652195000000000e+00  1.647805000000000e+00  3.252774994859863e+00  4.477858123444484e-02  1.648776788047154e+00  3.207996413625418e+00  1.648776705608319e+00  1.169593160148522e-03 
 4.399999999999515e-03  1.652200000000000e+00  1.647800000000000e+00  3.252786535430821e+00  4.476610169772999e-02  1.648776318564276e+00  3.208020433733092e+00  1.648776236125464e+00  1.169536980451975e-03 
 4.409999999999137e-03  1.652205000000000e+00  1.647795000000001e+00  3.252797828654318e+00  4.475388512631277e-02  1.648775856890315e+00  3.208043943528005e+00  1.648775774451527e+00  1.169481980710477e-03 
 4.419999999999202e-03  1.652210000000000e+00  1.647790000000001e+00  3.252808880908453e+00  4.474192638869124e-02  1.648775403648572e+00  3.208066954519762e+00  1.648775321209806e+00  1.169428138313725e-03 
 4.429999999999268e-03  1.652215000000000e+00  1.647785000000000e+00  3.252819699706941e+00  4.473022013405877e-02  1.648774959920500e+00  3.208089479572882e+00  1.648774877481756e+00  1.169375428258127e-03 
 4.439999999999333e-03  1.652220000000000e+00  1.647780000000000e+00  3.252830290985635e+00  4.471876170474286e-02  1.648774526345189e+00  3.208111529280892e+00  1.648774443906467e+00  1.169323830014070e-03 
 4.449999999999399e-03  1.652225000000000e+00  1.647775000000000e+00  3.252840662559159e+00  4.470754247019593e-02  1.648774102514677e+00  3.208133120088963e+00  1.648774020075976e+00  1.169273306843731e-03 
 4.459999999999464e-03  1.652230000000000e+00  1.647770000000000e+00  3.252850821280146e+00  4.469654725808207e-02  1.648773684269114e+00  3.208154274022064e+00  1.648773601830434e+00  1.169223789170203e-03 
 4.469999999999530e-03  1.652235000000000e+00  1.647765000000000e+00  3.252860773293654e+00  4.468577274481693e-02  1.648773273019235e+00  3.208175000548837e+00  1.648773190580576e+00  1.169175261419935e-03 
 4.479999999999151e-03  1.652240000000000e+00  1.647760000000001e+00  3.252870523791077e+00  4.467522140111121e-02  1.648772872596094e+00  3.208195302389966e+00  1.648772790157455e+00  1.169127736698744e-03 
 4.489999999999217e-03  1.652245000000000e+00  1.647755000000001e+00  3.252880079440047e+00  4.466487495329243e-02  1.648772477196670e+00  3.208215204486755e+00  1.648772394758050e+00  1.169081132116842e-03 
 4.499999999999282e-03  1.652250000000000e+00  1.647750000000000e+00  3.252889446273699e+00  4.465473184337091e-02  1.648772089058535e+00  3.208234714430328e+00  1.648772006619935e+00  1.169035439753948e-03 
 4.509999999999348e-03  1.652255000000000e+00  1.647745000000000e+00  3.252898629056321e+00  4.464478889425046e-02  1.648771708975286e+00  3.208253840162071e+00  1.648771626536705e+00  1.168990647199547e-03 
 4.519999999999413e-03  1.652260000000000e+00  1.647740000000000e+00  3.252907633353227e+00  4.463504054879774e-02  1.648771336951012e+00  3.208272592804430e+00  1.648771254512450e+00  1.168946728032941e-03 
 4.529999999999479e-03  1.652265000000000e+00  1.647735000000000e+00  3.252916464765844e+00  4.462547474276821e-02  1.648770969754306e+00  3.208290990023075e+00  1.648770887315762e+00  1.168903628697748e-03 
 4.539999999999544e-03  1.652270000000000e+00  1.647730000000000e+00  3.252925127711491e+00  4.461609119318620e-02  1.648770609452339e+00  3.208309036518305e+00  1.648770527013812e+00  1.168861349664508e-03 
 4.549999999999166e-03  1.652275000000000e+00  1.647725000000001e+00  3.252933627113923e+00  4.460688393234953e-02  1.648770255523136e+00  3.208326743181574e+00  1.648770173084628e+00  1.168819861750732e-03 
 4.559999999999231e-03  1.652280000000000e+00  1.647720000000001e+00  3.252941967947103e+00  4.459784821755829e-02  1.648769908082331e+00  3.208344119729545e+00  1.648769825643839e+00  1.168779143423917e-03 
 4.569999999999297e-03  1.652285000000000e+00  1.647715000000000e+00  3.252950154660456e+00  4.458897884074180e-02  1.648769566750599e+00  3.208361175819714e+00  1.648769484312125e+00  1.168739173746268e-03 
 4.579999999999362e-03  1.652290000000000e+00  1.647710000000000e+00  3.252958190602095e+00  4.458027078145962e-02  1.648769230691777e+00  3.208377919820635e+00  1.648769148253320e+00  1.168699929742190e-03 
 4.589999999999428e-03  1.652295000000000e+00  1.647705000000000e+00  3.252966081799316e+00  4.457171689052673e-02  1.648768899344922e+00  3.208394364908790e+00  1.648768816906481e+00  1.168661377541764e-03 
 4.599999999999493e-03  1.652300000000000e+00  1.647700000000000e+00  3.252973831007890e+00  4.456332068849052e-02  1.648768575848190e+00  3.208410510319399e+00  1.648768493409765e+00  1.168623534129168e-03 
 4.609999999999115e-03  1.652305000000000e+00  1.647695000000001e+00  3.252981442153973e+00  4.455507017572705e-02  1.648768256164850e+00  3.208426371978246e+00  1.648768173726441e+00  1.168586345123554e-03 
 4.619999999999180e-03  1.652310000000000e+00  1.647690000000001e+00  3.252988920087104e+00  4.454696169386199e-02  1.648767940890483e+00  3.208441958393242e+00  1.648767858452090e+00  1.168549793689292e-03 
 4.629999999999246e-03  1.652315000000000e+00  1.647685000000001e+00  3.252996266965452e+00  4.453899903297948e-02  1.648767632999216e+00  3.208457267932472e+00  1.648767550560838e+00  1.168513900275503e-03 
 4.639999999999311e-03  1.652320000000000e+00  1.647680000000000e+00  3.253003487115826e+00  4.453117295759675e-02  1.648767330036711e+00  3.208472314158229e+00  1.648767247598349e+00  1.168478620681745e-03 
 4.649999999999377e-03  1.652325000000000e+00  1.647675000000000e+00  3.253010584668937e+00  4.452347291708852e-02  1.648767028793013e+00  3.208487111751849e+00  1.648766946354665e+00  1.168443906358582e-03 
 4.659999999999442e-03  1.652330000000000e+00  1.647670000000000e+00  3.253017561518445e+00  4.451590945814670e-02  1.648766735488296e+00  3.208501652060298e+00  1.648766653049963e+00  1.168409806883815e-03 
 4.669999999999508e-03  1.652335000000000e+00  1.647665000000000e+00  3.253024422407367e+00  4.450846447089578e-02  1.648766443439132e+00  3.208515957936471e+00  1.648766361000813e+00  1.168376238233020e-03 
 4.679999999999129e-03  1.652340000000000e+00  1.647660000000001e+00  3.253031168538663e+00  4.450115023070672e-02  1.648766159384685e+00  3.208530018307956e+00  1.648766076946381e+00  1.168343259944005e-03 
 4.689999999999195e-03  1.652345000000000e+00  1.647655000000001e+00  3.253037804726250e+00  4.449394973820045e-02  1.648765877232226e+00  3.208543854988050e+00  1.648765794793936e+00  1.168310793005099e-03 
 4.699999999999260e-03  1.652350000000000e+00  1.647650000000001e+00  3.253044332449683e+00  4.448686697523679e-02  1.648765599712460e+00  3.208557465474446e+00  1.648765517274184e+00  1.168278854722701e-03 
 4.709999999999326e-03  1.652355000000000e+00  1.647645000000000e+00  3.253050755649697e+00  4.447989870524904e-02  1.648765327177473e+00  3.208570856944448e+00  1.648765244739211e+00  1.168247431215468e-03 
 4.719999999999391e-03  1.652360000000000e+00  1.647640000000000e+00  3.253057076443340e+00  4.447303853464032e-02  1.648765057488990e+00  3.208584037908699e+00  1.648764975050741e+00  1.168216493912428e-03 
 4.729999999999457e-03  1.652365000000000e+00  1.647635000000000e+00  3.253063297492542e+00  4.446628772386657e-02  1.648764792608204e+00  3.208597009768676e+00  1.648764710169969e+00  1.168186049675486e-03 
 4.739999999999522e-03  1.652370000000000e+00  1.647630000000000e+00  3.253069421337305e+00  4.445964119629571e-02  1.648764531266800e+00  3.208609780141009e+00  1.648764448828578e+00  1.168156073001741e-03 
 4.749999999999144e-03  1.652375000000000e+00  1.647625000000001e+00  3.253075450557073e+00  4.445309590599175e-02  1.648764273231532e+00  3.208622354651081e+00  1.648764190793323e+00  1.168126552367323e-03 
 4.759999999999209e-03  1.652380000000000e+00  1.647620000000001e+00  3.253081387412987e+00  4.444665081276778e-02  1.648764019112878e+00  3.208634736600219e+00  1.648763936674681e+00  1.168097483079179e-03 
 4.769999999999275e-03  1.652385000000000e+00  1.647615000000000e+00  3.253087234251329e+00  4.444030263603047e-02  1.648763768443680e+00  3.208646931615299e+00  1.648763686005496e+00  1.168068849054611e-03 
 4.779999999999340e-03  1.652390000000000e+00  1.647610000000000e+00  3.253092993409058e+00  4.443404898850486e-02  1.648763521198781e+00  3.208658944420553e+00  1.648763438760609e+00  1.168040639906431e-03 
 4.789999999999406e-03  1.652395000000000e+00  1.647605000000000e+00  3.253098666982362e+00  4.442788871462828e-02  1.648763277848495e+00  3.208670778267734e+00  1.648763195410335e+00  1.168012851555980e-03 
 4.799999999999471e-03  1.652400000000000e+00  1.647600000000000e+00  3.253104256905651e+00  4.442181841075032e-02  1.648763037658201e+00  3.208682438494901e+00  1.648762955220053e+00  1.167985467781673e-03 
 4.809999999999537e-03  1.652405000000000e+00  1.647595000000000e+00  3.253109765476293e+00  4.441583332541710e-02  1.648762799400855e+00  3.208693932150876e+00  1.648762716962719e+00  1.167958468082509e-03 
 4.819999999999158e-03  1.652410000000000e+00  1.647590000000001e+00  3.253115194462647e+00  4.440993657545608e-02  1.648762565519052e+00  3.208705257887191e+00  1.648762483080928e+00  1.167931865676926e-03 
 4.829999999999224e-03  1.652415000000000e+00  1.647585000000001e+00  3.253120545945394e+00  4.440412137952813e-02  1.648762333662461e+00  3.208716424565865e+00  1.648762251224348e+00  1.167905629939114e-03 
 4.839999999999289e-03  1.652420000000000e+00  1.647580000000000e+00  3.253125821531269e+00  4.439838914217364e-02  1.648762105336721e+00  3.208727432389095e+00  1.648762022898620e+00  1.167879767073254e-03 
 4.849999999999355e-03  1.652425000000000e+00  1.647575000000000e+00  3.253131022574663e+00  4.439274128667350e-02  1.648761881930668e+00  3.208738281287989e+00  1.648761799492578e+00  1.167854285383585e-03 
 4.859999999999420e-03  1.652430000000000e+00  1.647570000000000e+00  3.253136151735558e+00  4.438716707224957e-02  1.648761659403904e+00  3.208748984663308e+00  1.648761576965825e+00  1.167829135309732e-03 
 4.869999999999486e-03  1.652435000000000e+00  1.647565000000000e+00  3.253141210498518e+00  4.438166878552933e-02  1.648761439642023e+00  3.208759541712988e+00  1.648761357203956e+00  1.167804326405321e-03 
 4.879999999999107e-03  1.652440000000000e+00  1.647560000000001e+00  3.253146199965607e+00  4.437624691692332e-02  1.648761223441265e+00  3.208769953048684e+00  1.648761141003208e+00  1.167779860057083e-03 
 4.889999999999173e-03  1.652445000000000e+00  1.647555000000001e+00  3.253151122274456e+00  4.437089475171177e-02  1.648761008513084e+00  3.208780227522745e+00  1.648760926075038e+00  1.167755708412632e-03 
 4.899999999999238e-03  1.652450000000000e+00  1.647550000000001e+00  3.253155979030623e+00  4.436561319985106e-02  1.648760796115237e+00  3.208790365830772e+00  1.648760713677201e+00  1.167731874718720e-03 
 4.909999999999304e-03  1.652455000000000e+00  1.647545000000000e+00  3.253160770850096e+00  4.436040641985216e-02  1.648760588634974e+00  3.208800364430243e+00  1.648760506196949e+00  1.167708377443036e-03 
 4.919999999999369e-03  1.652460000000000e+00  1.647540000000000e+00  3.253165500050506e+00  4.435526265361768e-02  1.648760381352062e+00  3.208810237396888e+00  1.648760298914047e+00  1.167685164371842e-03 
 4.929999999999435e-03  1.652465000000000e+00  1.647535000000000e+00  3.253170167624438e+00  4.435018848854479e-02  1.648760178056491e+00  3.208819979135893e+00  1.648760095618486e+00  1.167662264384526e-03 
 4.939999999999500e-03  1.652470000000000e+00  1.647530000000000e+00  3.253174775143569e+00  4.434517614326876e-02  1.648759975643419e+00  3.208829599000300e+00  1.648759893205424e+00  1.167639642531594e-03 
 4.949999999999122e-03  1.652475000000000e+00  1.647525000000001e+00  3.253179323801880e+00  4.434022872694131e-02  1.648759776264411e+00  3.208839095074938e+00  1.648759693826426e+00  1.167617312801433e-03 
 4.959999999999187e-03  1.652480000000000e+00  1.647520000000001e+00  3.253183815032522e+00  4.433534152874986e-02  1.648759578280636e+00  3.208848473503772e+00  1.648759495842661e+00  1.167595255223824e-03 
 4.969999999999253e-03  1.652485000000000e+00  1.647515000000001e+00  3.253188249843072e+00  4.433051794803963e-02  1.648759383895556e+00  3.208857731895033e+00  1.648759301457591e+00  1.167573483041553e-03 
 4.979999999999318e-03  1.652490000000000e+00  1.647510000000000e+00  3.253192629620367e+00  4.432575172308525e-02  1.648759190671726e+00  3.208866877897282e+00  1.648759108233771e+00  1.167551969181205e-03 
 4.989999999999384e-03  1.652495000000000e+00  1.647505000000000e+00  3.253196955160641e+00  4.432104592311712e-02  1.648759000541879e+00  3.208875909237524e+00  1.648758918103933e+00  1.167530728952806e-03 
 4.999999999999449e-03  1.652500000000000e+00  1.647500000000000e+00  3.253201228437497e+00  4.431639598446437e-02  1.648758812210981e+00  3.208884832453032e+00  1.648758729773044e+00  1.167509738719371e-03 
 5.009999999999515e-03  1.652505000000000e+00  1.647495000000000e+00  3.253205449640342e+00  4.431180306914711e-02  1.648758626354745e+00  3.208893646571195e+00  1.648758543916818e+00  1.167489006312493e-03 
 5.019999999999136e-03  1.652510000000000e+00  1.647490000000001e+00  3.253209620752946e+00  4.430725861739752e-02  1.648758439685172e+00  3.208902362135548e+00  1.648758357247254e+00  1.167468490355369e-03 
 5.029999999999202e-03  1.652515000000000e+00  1.647485000000001e+00  3.253213741882308e+00  4.430277678408262e-02  1.648758259333195e+00  3.208910965098225e+00  1.648758176895286e+00  1.167448257967445e-03 
 5.039999999999267e-03  1.652520000000000e+00  1.647480000000000e+00  3.253217814701887e+00  4.429834075255243e-02  1.648758077727219e+00  3.208919473949334e+00  1.648757995289320e+00  1.167428231577687e-03 
 5.049999999999333e-03  1.652525000000000e+00  1.647475000000000e+00  3.253221839781283e+00  4.429395920415014e-02  1.648757899492717e+00  3.208927880577133e+00  1.648757817054826e+00  1.167408450364730e-03 
 5.059999999999398e-03  1.652530000000000e+00  1.647470000000000e+00  3.253225818871965e+00  4.428962379352714e-02  1.648757721332746e+00  3.208936195078438e+00  1.648757638894864e+00  1.167388876423025e-03 
 5.069999999999464e-03  1.652535000000000e+00  1.647465000000000e+00  3.253229751747095e+00  4.428534134135876e-02  1.648757546544227e+00  3.208944410405736e+00  1.648757464106353e+00  1.167369541652949e-03 
 5.079999999999529e-03  1.652540000000000e+00  1.647460000000000e+00  3.253233640052995e+00  4.428110884904271e-02  1.648757374451019e+00  3.208952531203952e+00  1.648757292013154e+00  1.167350432519690e-03 
 5.089999999999151e-03  1.652545000000000e+00  1.647455000000001e+00  3.253237484930996e+00  4.427692007736513e-02  1.648757202504180e+00  3.208960564853631e+00  1.648757120066324e+00  1.167331519400420e-03 
 5.099999999999216e-03  1.652550000000000e+00  1.647450000000001e+00  3.253241286491007e+00  4.427277852457368e-02  1.648757032507790e+00  3.208968507966434e+00  1.648756950069943e+00  1.167312819324960e-03 
 5.109999999999282e-03  1.652555000000000e+00  1.647445000000000e+00  3.253245046199626e+00  4.426868113866227e-02  1.648756863669144e+00  3.208976365060964e+00  1.648756781231305e+00  1.167294318397188e-03 
 5.119999999999347e-03  1.652560000000000e+00  1.647440000000000e+00  3.253248764594416e+00  4.426462901663174e-02  1.648756696805524e+00  3.208984135577784e+00  1.648756614367693e+00  1.167276020699363e-03 
 5.129999999999413e-03  1.652565000000000e+00  1.647435000000000e+00  3.253252442437340e+00  4.426062412093996e-02  1.648756533279140e+00  3.208991818316401e+00  1.648756450841318e+00  1.167257936907278e-03 
 5.139999999999478e-03  1.652570000000000e+00  1.647430000000000e+00  3.253256080491002e+00  4.425666014250018e-02  1.648756370316751e+00  3.208999420348502e+00  1.648756287878937e+00  1.167240036319101e-03 
 5.149999999999100e-03  1.652575000000000e+00  1.647425000000001e+00  3.253259679802934e+00  4.425273502738562e-02  1.648756207415160e+00  3.209006944775548e+00  1.648756124977353e+00  1.167222311168238e-03 
 5.159999999999165e-03  1.652580000000000e+00  1.647420000000001e+00  3.253263241052345e+00  4.424885358981535e-02  1.648756047321080e+00  3.209014387462530e+00  1.648755964883282e+00  1.167204783003724e-03 
 5.169999999999231e-03  1.652585000000000e+00  1.647415000000001e+00  3.253266764474533e+00  4.424501417501079e-02  1.648755889324772e+00  3.209021750299522e+00  1.648755806886981e+00  1.167187443719196e-03 
 5.179999999999296e-03  1.652590000000000e+00  1.647410000000000e+00  3.253270251347370e+00  4.424121145814818e-02  1.648755731402759e+00  3.209029039889221e+00  1.648755648964977e+00  1.167170270383086e-03 
 5.189999999999362e-03  1.652595000000000e+00  1.647405000000000e+00  3.253273702148544e+00  4.423744835392843e-02  1.648755575251236e+00  3.209036253794615e+00  1.648755492813462e+00  1.167153276009714e-03 
 5.199999999999427e-03  1.652600000000000e+00  1.647400000000000e+00  3.253277117643484e+00  4.423372475202016e-02  1.648755421197752e+00  3.209043392891463e+00  1.648755338759985e+00  1.167136458667015e-03 
 5.209999999999493e-03  1.652605000000000e+00  1.647395000000000e+00  3.253280498208585e+00  4.423003461881659e-02  1.648755266413701e+00  3.209050463589769e+00  1.648755183975942e+00  1.167119791901544e-03 
 5.219999999999114e-03  1.652610000000000e+00  1.647390000000001e+00  3.253283844771649e+00  4.422638725433627e-02  1.648755116012993e+00  3.209057457517313e+00  1.648755033575241e+00  1.167103318210422e-03 
 5.229999999999180e-03  1.652615000000000e+00  1.647385000000001e+00  3.253287157579819e+00  4.422277364440171e-02  1.648754965612111e+00  3.209064383935417e+00  1.648754883174366e+00  1.167086996106600e-03 
 5.239999999999245e-03  1.652620000000000e+00  1.647380000000001e+00  3.253290437784155e+00  4.421919611858132e-02  1.648754816951368e+00  3.209071241665574e+00  1.648754734513632e+00  1.167070837884421e-03 
 5.249999999999311e-03  1.652625000000000e+00  1.647375000000000e+00  3.253293685603184e+00  4.421565129589414e-02  1.648754668449539e+00  3.209078034307290e+00  1.648754586011810e+00  1.167054826313656e-03 
 5.259999999999376e-03  1.652630000000000e+00  1.647370000000000e+00  3.253296901570550e+00  4.421214155104439e-02  1.648754521560797e+00  3.209084760019506e+00  1.648754439123076e+00  1.167038972755317e-03 
 5.269999999999442e-03  1.652635000000000e+00  1.647365000000000e+00  3.253300086402442e+00  4.420866696840996e-02  1.648754376685426e+00  3.209091419434032e+00  1.648754294247711e+00  1.167023277716670e-03 
 5.279999999999507e-03  1.652640000000000e+00  1.647360000000000e+00  3.253303240773952e+00  4.420522260470838e-02  1.648754231689330e+00  3.209098018169244e+00  1.648754149251623e+00  1.167007718206061e-03 
 5.289999999999129e-03  1.652645000000000e+00  1.647355000000001e+00  3.253306364717764e+00  4.420181537210560e-02  1.648754090044935e+00  3.209104549345659e+00  1.648754007607235e+00  1.166992327983839e-03 
 5.299999999999194e-03  1.652650000000000e+00  1.647350000000001e+00  3.253309459323538e+00  4.419843596297451e-02  1.648753947643256e+00  3.209111023360564e+00  1.648753865205563e+00  1.166977060820367e-03 
 5.309999999999260e-03  1.652655000000000e+00  1.647345000000001e+00  3.253312524928639e+00  4.419508878279681e-02  1.648753806855718e+00  3.209117436145842e+00  1.648753724418031e+00  1.166961939972789e-03 
 5.319999999999325e-03  1.652660000000000e+00  1.647340000000000e+00  3.253315561862484e+00  4.419177395425853e-02  1.648753667908371e+00  3.209123787908225e+00  1.648753585470692e+00  1.166946965487325e-03 
 5.329999999999391e-03  1.652665000000000e+00  1.647335000000000e+00  3.253318570649973e+00  4.418848797525998e-02  1.648753529312617e+00  3.209130082674713e+00  1.648753446874944e+00  1.166932120794278e-03 
 5.339999999999456e-03  1.652670000000000e+00  1.647330000000000e+00  3.253321551939528e+00  4.418523199345115e-02  1.648753391966490e+00  3.209136319946077e+00  1.648753309528824e+00  1.166917409920979e-03 
 5.349999999999522e-03  1.652675000000000e+00  1.647325000000000e+00  3.253324506028312e+00  4.418200778943689e-02  1.648753256908875e+00  3.209142498238875e+00  1.648753174471216e+00  1.166902844465961e-03 
 5.359999999999143e-03  1.652680000000000e+00  1.647320000000001e+00  3.253327433608108e+00  4.417880701539343e-02  1.648753120311750e+00  3.209148626592714e+00  1.648753037874099e+00  1.166888382727827e-03 
 5.369999999999209e-03  1.652685000000000e+00  1.647315000000001e+00  3.253330334572417e+00  4.417564004215133e-02  1.648752987307284e+00  3.209154694530266e+00  1.648752904869639e+00  1.166874075027325e-03 
 5.379999999999274e-03  1.652690000000000e+00  1.647310000000000e+00  3.253333209934345e+00  4.417249960105867e-02  1.648752854767702e+00  3.209160710333286e+00  1.648752772330063e+00  1.166859885595357e-03 
 5.389999999999340e-03  1.652695000000000e+00  1.647305000000000e+00  3.253336059842880e+00  4.416938479827733e-02  1.648752722320579e+00  3.209166675044603e+00  1.648752639882947e+00  1.166845812298903e-03 
 5.399999999999405e-03  1.652700000000000e+00  1.647300000000000e+00  3.253338884714844e+00  4.416629909511396e-02  1.648752591904979e+00  3.209172585619730e+00  1.648752509467353e+00  1.166831870821751e-03 
 5.409999999999471e-03  1.652705000000000e+00  1.647295000000000e+00  3.253341685385587e+00  4.416323828489219e-02  1.648752461835239e+00  3.209178447100695e+00  1.648752379397621e+00  1.166818039614755e-03 
 5.419999999999092e-03  1.652710000000000e+00  1.647290000000001e+00  3.253344461698411e+00  4.416020306671030e-02  1.648752332382561e+00  3.209184258631701e+00  1.648752249944948e+00  1.166804325639522e-03 
 5.429999999999158e-03  1.652715000000000e+00  1.647285000000001e+00  3.253347213970459e+00  4.415719642288345e-02  1.648752205196671e+00  3.209190017547575e+00  1.648752122759065e+00  1.166790739421742e-03 
 5.439999999999223e-03  1.652720000000000e+00  1.647280000000001e+00  3.253349943142907e+00  4.415421064785893e-02  1.648752076895383e+00  3.209195732495048e+00  1.648751994457784e+00  1.166777248037121e-03 
 5.449999999999289e-03  1.652725000000000e+00  1.647275000000000e+00  3.253352649062456e+00  4.415125557142194e-02  1.648751952316939e+00  3.209201393491034e+00  1.648751869879346e+00  1.166763895344749e-03 
 5.459999999999354e-03  1.652730000000000e+00  1.647270000000000e+00  3.253355332239621e+00  4.414832045964880e-02  1.648751826349635e+00  3.209207011779972e+00  1.648751743912048e+00  1.166750631272293e-03 
 5.469999999999420e-03  1.652735000000000e+00  1.647265000000000e+00  3.253357993408417e+00  4.414540695021845e-02  1.648751700179318e+00  3.209212586458199e+00  1.648751617741737e+00  1.166737465420086e-03 
 5.479999999999485e-03  1.652740000000000e+00  1.647260000000000e+00  3.253360632384078e+00  4.414252425604479e-02  1.648751578320061e+00  3.209218108128033e+00  1.648751495882486e+00  1.166724437834984e-03 
 5.489999999999107e-03  1.652745000000000e+00  1.647255000000001e+00  3.253363249642502e+00  4.413966162104747e-02  1.648751455631775e+00  3.209223588021454e+00  1.648751373194206e+00  1.166711501506197e-03 
 5.499999999999172e-03  1.652750000000000e+00  1.647250000000001e+00  3.253365845736869e+00  4.413682220785878e-02  1.648751333972364e+00  3.209229023529010e+00  1.648751251534801e+00  1.166698669710839e-03 
 5.509999999999238e-03  1.652755000000000e+00  1.647245000000001e+00  3.253368420753371e+00  4.413400619339695e-02  1.648751213473384e+00  3.209234414559974e+00  1.648751131035828e+00  1.166685943774932e-03 
 5.519999999999303e-03  1.652760000000000e+00  1.647240000000000e+00  3.253370975170420e+00  4.413121134837148e-02  1.648751093259396e+00  3.209239763822048e+00  1.648751010821845e+00  1.166673312993795e-03 
 5.529999999999369e-03  1.652765000000000e+00  1.647235000000000e+00  3.253373509184165e+00  4.412843998451987e-02  1.648750974584342e+00  3.209245069199645e+00  1.648750892146798e+00  1.166660788678546e-03 
 5.539999999999434e-03  1.652770000000000e+00  1.647230000000000e+00  3.253376023209615e+00  4.412568970377658e-02  1.648750856456696e+00  3.209250333505839e+00  1.648750774019157e+00  1.166648358145558e-03 
 5.549999999999500e-03  1.652775000000000e+00  1.647225000000000e+00  3.253378517456950e+00  4.412295758429968e-02  1.648750737520625e+00  3.209255559872651e+00  1.648750655083092e+00  1.166636009532061e-03 
 5.559999999999121e-03  1.652780000000000e+00  1.647220000000001e+00  3.253380992302710e+00  4.412024807901232e-02  1.648750620190861e+00  3.209260744223698e+00  1.648750537753334e+00  1.166623763210849e-03 
 5.569999999999187e-03  1.652785000000000e+00  1.647215000000001e+00  3.253383447832405e+00  4.411756203552883e-02  1.648750504933967e+00  3.209265885796876e+00  1.648750422496446e+00  1.166611623429103e-03 
 5.579999999999252e-03  1.652790000000000e+00  1.647210000000001e+00  3.253385884646451e+00  4.411489404659685e-02  1.648750389346524e+00  3.209270990599854e+00  1.648750306909009e+00  1.166599563930050e-03 
 5.589999999999318e-03  1.652795000000000e+00  1.647205000000000e+00  3.253388302653304e+00  4.411224841043456e-02  1.648750275531869e+00  3.209276054242869e+00  1.648750193094360e+00  1.166587606164051e-03 
 5.599999999999383e-03  1.652800000000000e+00  1.647200000000000e+00  3.253390702456109e+00  4.410961977849388e-02  1.648750161117301e+00  3.209281082677615e+00  1.648750078679798e+00  1.166575724449809e-03 
 5.609999999999449e-03  1.652805000000000e+00  1.647195000000000e+00  3.253393084048900e+00  4.410701049770418e-02  1.648750047273302e+00  3.209286073551195e+00  1.648749964835804e+00  1.166563930431953e-03 
 5.619999999999514e-03  1.652810000000000e+00  1.647190000000000e+00  3.253395447943521e+00  4.410441991945306e-02  1.648749933931487e+00  3.209291028024068e+00  1.648749851493994e+00  1.166552220159105e-03 
 5.629999999999136e-03  1.652815000000000e+00  1.647185000000001e+00  3.253397794110319e+00  4.410185348240088e-02  1.648749823796360e+00  3.209295940627918e+00  1.648749741358873e+00  1.166540619648069e-03 
 5.639999999999201e-03  1.652820000000000e+00  1.647180000000001e+00  3.253400123058066e+00  4.409930301833733e-02  1.648749713038201e+00  3.209300820039728e+00  1.648749630600720e+00  1.166529091291762e-03 
 5.649999999999267e-03  1.652825000000000e+00  1.647175000000000e+00  3.253402435004161e+00  4.409676944549819e-02  1.648749602224829e+00  3.209305665558662e+00  1.648749519787353e+00  1.166517638121177e-03 
 5.659999999999332e-03  1.652830000000000e+00  1.647170000000000e+00  3.253404729930111e+00  4.409425617706917e-02  1.648749493053590e+00  3.209310473753042e+00  1.648749410616120e+00  1.166506277164407e-03 
 5.669999999999398e-03  1.652835000000000e+00  1.647165000000000e+00  3.253407008287970e+00  4.409175967080415e-02  1.648749383979387e+00  3.209315248617165e+00  1.648749301541922e+00  1.166494991133234e-03 
 5.679999999999463e-03  1.652840000000000e+00  1.647160000000000e+00  3.253409270336268e+00  4.408928202604241e-02  1.648749276181155e+00  3.209319988310225e+00  1.648749193743696e+00  1.166483790618971e-03 
 5.689999999999085e-03  1.652845000000000e+00  1.647155000000001e+00  3.253411516222855e+00  4.408681926481027e-02  1.648749167743833e+00  3.209324696958045e+00  1.648749085306378e+00  1.166472657321167e-03 
 5.699999999999150e-03  1.652850000000000e+00  1.647150000000001e+00  3.253413746241456e+00  4.408437382301952e-02  1.648749060032238e+00  3.209329372418437e+00  1.648748977594789e+00  1.166461602221750e-03 
 5.709999999999216e-03  1.652855000000000e+00  1.647145000000001e+00  3.253415960359934e+00  4.408194794875936e-02  1.648748954154347e+00  3.209334012411175e+00  1.648748871716903e+00  1.166450635062278e-03 
 5.719999999999281e-03  1.652860000000000e+00  1.647140000000000e+00  3.253418159132020e+00  4.407953716623882e-02  1.648748848149129e+00  3.209338621965781e+00  1.648748765711691e+00  1.166439736114764e-03 
 5.729999999999347e-03  1.652865000000000e+00  1.647135000000000e+00  3.253420342453913e+00  4.407714461073026e-02  1.648748743532322e+00  3.209343197843183e+00  1.648748661094889e+00  1.166428919584800e-03 
 5.739999999999412e-03  1.652870000000000e+00  1.647130000000000e+00  3.253422510806367e+00  4.407476689192167e-02  1.648748638849145e+00  3.209347743914446e+00  1.648748556411717e+00  1.166418169416389e-03 
 5.749999999999478e-03  1.652875000000000e+00  1.647125000000000e+00  3.253424664250033e+00  4.407240370503736e-02  1.648748533977535e+00  3.209352260544995e+00  1.648748451540113e+00  1.166407485260207e-03 
 5.759999999999099e-03  1.652880000000000e+00  1.647120000000001e+00  3.253426802955439e+00  4.407005950792952e-02  1.648748431231684e+00  3.209356743447509e+00  1.648748348794267e+00  1.166396886410402e-03 
 5.769999999999165e-03  1.652885000000000e+00  1.647115000000001e+00  3.253428927224262e+00  4.406773137548427e-02  1.648748329299873e+00  3.209361195848778e+00  1.648748246862461e+00  1.166386361066773e-03 
 5.779999999999230e-03  1.652890000000000e+00  1.647110000000001e+00  3.253431037277829e+00  4.406541433131926e-02  1.648748225804574e+00  3.209365622946510e+00  1.648748143367167e+00  1.166375884393418e-03 
 5.789999999999296e-03  1.652895000000000e+00  1.647105000000000e+00  3.253433133071025e+00  4.406311784148192e-02  1.648748125456253e+00  3.209370015229543e+00  1.648748043018851e+00  1.166365501320296e-03 
 5.799999999999361e-03  1.652900000000000e+00  1.647100000000000e+00  3.253435214824278e+00  4.406083481931788e-02  1.648748024821798e+00  3.209374380004961e+00  1.648747942384401e+00  1.166355179309552e-03 
 5.809999999999427e-03  1.652905000000000e+00  1.647095000000000e+00  3.253437283072111e+00  4.405856285473312e-02  1.648747922963422e+00  3.209378720217378e+00  1.648747840526030e+00  1.166344906108909e-03 
 5.819999999999492e-03  1.652910000000000e+00  1.647090000000000e+00  3.253439337550704e+00  4.405630919270911e-02  1.648747823371707e+00  3.209383028357995e+00  1.648747740934320e+00  1.166334715894817e-03 
 5.829999999999114e-03  1.652915000000000e+00  1.647085000000001e+00  3.253441378724032e+00  4.405406942774159e-02  1.648747724075887e+00  3.209387309296290e+00  1.648747641638505e+00  1.166324587874861e-03 
 5.839999999999179e-03  1.652920000000000e+00  1.647080000000001e+00  3.253443406640951e+00  4.405184293654977e-02  1.648747624788750e+00  3.209391563704401e+00  1.648747542351373e+00  1.166314520235088e-03 
 5.849999999999245e-03  1.652925000000000e+00  1.647075000000001e+00  3.253445421546163e+00  4.404962985152296e-02  1.648747525698843e+00  3.209395791694640e+00  1.648747443261471e+00  1.166304512125674e-03 
 5.859999999999310e-03  1.652930000000000e+00  1.647070000000000e+00  3.253447423387402e+00  4.404743420221727e-02  1.648747428794810e+00  3.209399989185185e+00  1.648747346357443e+00  1.166294584262417e-03 
 5.869999999999376e-03  1.652935000000000e+00  1.647065000000000e+00  3.253449412598530e+00  4.404524994145836e-02  1.648747331269994e+00  3.209404162657072e+00  1.648747248832632e+00  1.166284707227426e-03 
 5.879999999999441e-03  1.652940000000000e+00  1.647060000000000e+00  3.253451389082413e+00  4.404307983950131e-02  1.648747234460957e+00  3.209408309242912e+00  1.648747152023600e+00  1.166274894429746e-03 
 5.889999999999063e-03  1.652945000000000e+00  1.647055000000001e+00  3.253453353261476e+00  4.404092297545725e-02  1.648747138118467e+00  3.209412430286019e+00  1.648747055681114e+00  1.166265140314609e-03 
 5.899999999999128e-03  1.652950000000000e+00  1.647050000000001e+00  3.253455305175034e+00  4.403878001108547e-02  1.648747042593060e+00  3.209416525163948e+00  1.648746960155712e+00  1.166255449503824e-03 
 5.909999999999194e-03  1.652955000000000e+00  1.647045000000001e+00  3.253457244897596e+00  4.403664894650727e-02  1.648746946922052e+00  3.209420595951089e+00  1.648746864484709e+00  1.166245811815232e-03 
 5.919999999999259e-03  1.652960000000000e+00  1.647040000000001e+00  3.253459172683955e+00  4.403453169281443e-02  1.648746852188385e+00  3.209424640991141e+00  1.648746769751047e+00  1.166236236938299e-03 
 5.929999999999325e-03  1.652965000000000e+00  1.647035000000000e+00  3.253461088659943e+00  4.403242632979912e-02  1.648746757494871e+00  3.209428662330144e+00  1.648746675057537e+00  1.166226716833310e-03 
 5.939999999999390e-03  1.652970000000000e+00  1.647030000000000e+00  3.253462992829327e+00  4.403033531224079e-02  1.648746664070784e+00  3.209432657517086e+00  1.648746581633455e+00  1.166217259426396e-03 
 5.949999999999456e-03  1.652975000000000e+00  1.647025000000000e+00  3.253464885509381e+00  4.402825594042829e-02  1.648746570724905e+00  3.209436629568953e+00  1.648746488287580e+00  1.166207856102791e-03 
 5.959999999999077e-03  1.652980000000000e+00  1.647020000000001e+00  3.253466766770575e+00  4.402618910987007e-02  1.648746477940222e+00  3.209440577660704e+00  1.648746395502902e+00  1.166198508601420e-03 
 5.969999999999143e-03  1.652985000000000e+00  1.647015000000001e+00  3.253468636829866e+00  4.402413188237086e-02  1.648746384356119e+00  3.209444504947496e+00  1.648746301918804e+00  1.166189204842238e-03 
 5.979999999999208e-03  1.652990000000000e+00  1.647010000000001e+00  3.253470495647863e+00  4.402208856705277e-02  1.648746292107458e+00  3.209448407080810e+00  1.648746209670147e+00  1.166179962793619e-03 
 5.989999999999274e-03  1.652995000000000e+00  1.647005000000000e+00  3.253472343584886e+00  4.402005692870730e-02  1.648746200256797e+00  3.209452286656179e+00  1.648746117819491e+00  1.166170774350933e-03 
 5.999999999999339e-03  1.653000000000000e+00  1.647000000000000e+00  3.253474180446847e+00  4.401803807056874e-02  1.648746109258708e+00  3.209456142376278e+00  1.648746026821406e+00  1.166161643761720e-03 
 6.009999999999405e-03  1.653005000000000e+00  1.646995000000000e+00  3.253476006660624e+00  4.401603186393333e-02  1.648746019262279e+00  3.209459974796691e+00  1.648745936824982e+00  1.166152569418768e-03 
 6.019999999999470e-03  1.653010000000000e+00  1.646990000000000e+00  3.253477822142845e+00  4.401403571089087e-02  1.648745928926868e+00  3.209463786431954e+00  1.648745846489576e+00  1.166143541252877e-03 
 6.029999999999092e-03  1.653015000000000e+00  1.646985000000001e+00  3.253479627125156e+00  4.401205292581794e-02  1.648745840025487e+00  3.209467574199338e+00  1.648745757588199e+00  1.166134574132880e-03 
 6.039999999999157e-03  1.653020000000000e+00  1.646980000000001e+00  3.253481421864063e+00  4.401007862238832e-02  1.648745750243226e+00  3.209471343241675e+00  1.648745667805942e+00  1.166125643616999e-03 
 6.049999999999223e-03  1.653025000000000e+00  1.646975000000001e+00  3.253483206271441e+00  4.400811590557074e-02  1.648745661088506e+00  3.209475090365871e+00  1.648745578651227e+00  1.166116765708468e-03 
 6.059999999999288e-03  1.653030000000000e+00  1.646970000000000e+00  3.253484980535110e+00  4.400616280300820e-02  1.648745571669059e+00  3.209478817732102e+00  1.648745489231785e+00  1.166107931344605e-03 
 6.069999999999354e-03  1.653035000000000e+00  1.646965000000000e+00  3.253486744716074e+00  4.400422437876471e-02  1.648745484547419e+00  3.209482520337310e+00  1.648745402110149e+00  1.166099164692306e-03 
 6.079999999999419e-03  1.653040000000000e+00  1.646960000000000e+00  3.253488498994886e+00  4.400229083330309e-02  1.648745394914095e+00  3.209486208161583e+00  1.648745312476829e+00  1.166090417951648e-03 
 6.089999999999485e-03  1.653045000000000e+00  1.646955000000000e+00  3.253490243385600e+00  4.400037301287519e-02  1.648745308199238e+00  3.209489870372725e+00  1.648745225761976e+00  1.166081742531485e-03 
 6.099999999999106e-03  1.653050000000000e+00  1.646950000000001e+00  3.253491978221618e+00  4.399846321236228e-02  1.648745220716990e+00  3.209493515009255e+00  1.648745138279733e+00  1.166073104197437e-03 
 6.109999999999172e-03  1.653055000000000e+00  1.646945000000001e+00  3.253493703344000e+00  4.399656424980836e-02  1.648745133796904e+00  3.209497139094192e+00  1.648745051359652e+00  1.166064513719126e-03 
 6.119999999999237e-03  1.653060000000000e+00  1.646940000000001e+00  3.253495419059512e+00  4.399467829862504e-02  1.648745048679069e+00  3.209500740760888e+00  1.648744966241821e+00  1.166055982249322e-03 
 6.129999999999303e-03  1.653065000000000e+00  1.646935000000000e+00  3.253497125297778e+00  4.399279854531424e-02  1.648744961921546e+00  3.209504326752464e+00  1.648744879484302e+00  1.166047479407891e-03 
 6.139999999999368e-03  1.653070000000000e+00  1.646930000000000e+00  3.253498822303770e+00  4.399093242793520e-02  1.648744877365852e+00  3.209507889875834e+00  1.648744794928613e+00  1.166039037896379e-03 
 6.149999999999434e-03  1.653075000000000e+00  1.646925000000000e+00  3.253500510135680e+00  4.398907202616863e-02  1.648744791080924e+00  3.209511438109511e+00  1.648744708643689e+00  1.166030621942276e-03 
 6.159999999999055e-03  1.653080000000000e+00  1.646920000000001e+00  3.253502188795153e+00  4.398722599126813e-02  1.648744707393210e+00  3.209514962803885e+00  1.648744624955979e+00  1.166022270066785e-03 
 6.169999999999121e-03  1.653085000000000e+00  1.646915000000001e+00  3.253503858529679e+00  4.398538779556071e-02  1.648744623162620e+00  3.209518470734118e+00  1.648744540725393e+00  1.166013954662226e-03 
 6.179999999999186e-03  1.653090000000000e+00  1.646910000000001e+00  3.253505519451211e+00  4.398355807241162e-02  1.648744538761811e+00  3.209521961378799e+00  1.648744456324588e+00  1.166005677987521e-03 
 6.189999999999252e-03  1.653095000000000e+00  1.646905000000001e+00  3.253507171520460e+00  4.398173820928319e-02  1.648744454864871e+00  3.209525433311176e+00  1.648744372427653e+00  1.165997444328018e-03 
 6.199999999999317e-03  1.653100000000000e+00  1.646900000000000e+00  3.253508814834509e+00  4.397992919702169e-02  1.648744372015765e+00  3.209528885637487e+00  1.648744289578551e+00  1.165989260875098e-03 
 6.209999999999383e-03  1.653105000000000e+00  1.646895000000000e+00  3.253510449610638e+00  4.397812729702310e-02  1.648744288453831e+00  3.209532322313615e+00  1.648744206016620e+00  1.165981108552898e-03 
 6.219999999999448e-03  1.653110000000000e+00  1.646890000000000e+00  3.253512075880585e+00  4.397633723584258e-02  1.648744206558214e+00  3.209535738644743e+00  1.648744124121008e+00  1.165973010164508e-03 
 6.229999999999070e-03  1.653115000000000e+00  1.646885000000001e+00  3.253513693752475e+00  4.397455164853245e-02  1.648744122700504e+00  3.209539142103943e+00  1.648744040263302e+00  1.165964931991269e-03 
 6.239999999999135e-03  1.653120000000000e+00  1.646880000000001e+00  3.253515303285611e+00  4.397277780897799e-02  1.648744040547294e+00  3.209542525476633e+00  1.648743958110096e+00  1.165956906817393e-03 
 6.249999999999201e-03  1.653125000000000e+00  1.646875000000001e+00  3.253516904476020e+00  4.397101511027796e-02  1.648743959793149e+00  3.209545889365742e+00  1.648743877355955e+00  1.165948930959191e-03 
 6.259999999999266e-03  1.653130000000000e+00  1.646870000000001e+00  3.253518497589101e+00  4.396925809936988e-02  1.648743877844235e+00  3.209549239489731e+00  1.648743795407046e+00  1.165940981273289e-03 
 6.269999999999332e-03  1.653135000000000e+00  1.646865000000000e+00  3.253520082563349e+00  4.396751253757164e-02  1.648743797550461e+00  3.209552570025778e+00  1.648743715113275e+00  1.165933084030204e-03 
 6.279999999999397e-03  1.653140000000000e+00  1.646860000000000e+00  3.253521659510886e+00  4.396577347028829e-02  1.648743716490587e+00  3.209555886040597e+00  1.648743634053405e+00  1.165925215931863e-03 
 6.289999999999463e-03  1.653145000000000e+00  1.646855000000000e+00  3.253523228620136e+00  4.396404373578618e-02  1.648743636177961e+00  3.209559184884350e+00  1.648743553740784e+00  1.165917389390495e-03 
 6.299999999999084e-03  1.653150000000000e+00  1.646850000000001e+00  3.253524789846169e+00  4.396232259411222e-02  1.648743556220140e+00  3.209562467252056e+00  1.648743473782967e+00  1.165909601978577e-03 
 6.309999999999150e-03  1.653155000000000e+00  1.646845000000001e+00  3.253526343336696e+00  4.396060984152979e-02  1.648743476589113e+00  3.209565733495166e+00  1.648743394151943e+00  1.165901852826191e-03 
 6.319999999999215e-03  1.653160000000000e+00  1.646840000000001e+00  3.253527889122413e+00  4.395890680914511e-02  1.648743397965779e+00  3.209568982313268e+00  1.648743315528613e+00  1.165894146809779e-03 
 6.329999999999281e-03  1.653165000000000e+00  1.646835000000000e+00  3.253529427390976e+00  4.395720898081337e-02  1.648743318185895e+00  3.209572218410163e+00  1.648743235748733e+00  1.165886465102087e-03 
 6.339999999999346e-03  1.653170000000000e+00  1.646830000000000e+00  3.253530958010892e+00  4.395552322605633e-02  1.648743240618474e+00  3.209575434784836e+00  1.648743158181316e+00  1.165878837599290e-03 
 6.349999999999412e-03  1.653175000000000e+00  1.646825000000000e+00  3.253532481268486e+00  4.395384094221473e-02  1.648743161105350e+00  3.209578640326272e+00  1.648743078668197e+00  1.165871225542413e-03 
 6.359999999999477e-03  1.653180000000000e+00  1.646820000000000e+00  3.253533997108223e+00  4.395216953543739e-02  1.648743083321830e+00  3.209581827572785e+00  1.648743000884680e+00  1.165863661975044e-03 
 6.369999999999099e-03  1.653185000000000e+00  1.646815000000001e+00  3.253535505684932e+00  4.395050333969937e-02  1.648743004512316e+00  3.209585002345233e+00  1.648742922075170e+00  1.165856122564931e-03 
 6.379999999999164e-03  1.653190000000000e+00  1.646810000000001e+00  3.253537006998271e+00  4.394884784486802e-02  1.648742927421569e+00  3.209588159153403e+00  1.648742844984427e+00  1.165848631708810e-03 
 6.389999999999230e-03  1.653195000000000e+00  1.646805000000001e+00  3.253538501177129e+00  4.394720065749610e-02  1.648742850917313e+00  3.209591300519633e+00  1.648742768480174e+00  1.165841178493133e-03 
 6.399999999999295e-03  1.653200000000000e+00  1.646800000000000e+00  3.253539988318252e+00  4.394555682496473e-02  1.648742772571608e+00  3.209594431493287e+00  1.648742690134474e+00  1.165833739366354e-03 
 6.409999999999361e-03  1.653205000000000e+00  1.646795000000000e+00  3.253541468375103e+00  4.394392427915784e-02  1.648742696327130e+00  3.209597544095945e+00  1.648742613890000e+00  1.165826351859000e-03 
 6.419999999999426e-03  1.653210000000000e+00  1.646790000000000e+00  3.253542941523110e+00  4.394229727183349e-02  1.648742619397472e+00  3.209600644251277e+00  1.648742536960345e+00  1.165818989606190e-03 
 6.429999999999048e-03  1.653215000000000e+00  1.646785000000001e+00  3.253544407692784e+00  4.394067914345731e-02  1.648742543418120e+00  3.209603728549327e+00  1.648742460980998e+00  1.165811667034769e-03 
 6.439999999999113e-03  1.653220000000000e+00  1.646780000000001e+00  3.253545867053116e+00  4.393906907060169e-02  1.648742468061859e+00  3.209606797982515e+00  1.648742385624740e+00  1.165804381840828e-03 
 6.449999999999179e-03  1.653225000000000e+00  1.646775000000001e+00  3.253547319778137e+00  4.393746341156986e-02  1.648742391594853e+00  3.209609856366567e+00  1.648742309157738e+00  1.165797114440385e-03 
 6.459999999999244e-03  1.653230000000000e+00  1.646770000000001e+00  3.253548765708283e+00  4.393586964191871e-02  1.648742317675101e+00  3.209612896066365e+00  1.648742235237989e+00  1.165789902064896e-03 
 6.469999999999310e-03  1.653235000000000e+00  1.646765000000000e+00  3.253550205074476e+00  4.393427795072858e-02  1.648742241512602e+00  3.209615927123747e+00  1.648742159075494e+00  1.165782699191219e-03 
 6.479999999999375e-03  1.653240000000000e+00  1.646760000000000e+00  3.253551637852594e+00  4.393269464716246e-02  1.648742166249878e+00  3.209618943205432e+00  1.648742083812774e+00  1.165775533515147e-03 
 6.489999999999441e-03  1.653245000000000e+00  1.646755000000000e+00  3.253553064151577e+00  4.393111993760396e-02  1.648742092044591e+00  3.209621944213973e+00  1.648742009607490e+00  1.165768406737436e-03 
 6.499999999999062e-03  1.653250000000000e+00  1.646750000000001e+00  3.253554483969226e+00  4.392955275692970e-02  1.648742018363078e+00  3.209624931212296e+00  1.648741935925981e+00  1.165761315059677e-03 
 6.509999999999128e-03  1.653255000000000e+00  1.646745000000001e+00  3.253555897412468e+00  4.392799088371496e-02  1.648741944148092e+00  3.209627906528753e+00  1.648741861710999e+00  1.165754246398816e-03 
 6.519999999999193e-03  1.653260000000000e+00  1.646740000000001e+00  3.253557304517480e+00  4.392643584094402e-02  1.648741870179212e+00  3.209630868676536e+00  1.648741787742123e+00  1.165747208803065e-03 
 6.529999999999259e-03  1.653265000000000e+00  1.646735000000001e+00  3.253558705438502e+00  4.392488595705445e-02  1.648741795697778e+00  3.209633819481448e+00  1.648741713260693e+00  1.165740193906834e-03 
 6.539999999999324e-03  1.653270000000000e+00  1.646730000000000e+00  3.253560100116891e+00  4.392334616028746e-02  1.648741723138589e+00  3.209636753956604e+00  1.648741640701507e+00  1.165733224962419e-03 
 6.549999999999390e-03  1.653275000000000e+00  1.646725000000000e+00  3.253561488604128e+00  4.392181277685953e-02  1.648741650690494e+00  3.209639675827268e+00  1.648741568253415e+00  1.165726285172298e-03 
 6.559999999999455e-03  1.653280000000000e+00  1.646720000000000e+00  3.253562870995101e+00  4.392028549885039e-02  1.648741578246976e+00  3.209642585496251e+00  1.648741495809901e+00  1.165719373162385e-03 
 6.569999999999077e-03  1.653285000000000e+00  1.646715000000001e+00  3.253564247425403e+00  4.391876301346399e-02  1.648741505219434e+00  3.209645484411939e+00  1.648741422782362e+00  1.165712482089574e-03 
 6.579999999999142e-03  1.653290000000000e+00  1.646710000000001e+00  3.253565617831989e+00  4.391724952306125e-02  1.648741433677525e+00  3.209648368308928e+00  1.648741351240458e+00  1.165705631848975e-03 
 6.589999999999208e-03  1.653295000000000e+00  1.646705000000001e+00  3.253566982312249e+00  4.391574077697556e-02  1.648741361544612e+00  3.209651241535273e+00  1.648741279107548e+00  1.165698803375380e-03 
 6.599999999999273e-03  1.653300000000000e+00  1.646700000000000e+00  3.253568340965507e+00  4.391423773361116e-02  1.648741289349559e+00  3.209654103231896e+00  1.648741206912499e+00  1.165692000450324e-03 
 6.609999999999339e-03  1.653305000000000e+00  1.646695000000000e+00  3.253569693682144e+00  4.391274122568290e-02  1.648741217453914e+00  3.209656952456462e+00  1.648741135016857e+00  1.165685226330139e-03 
 6.619999999999404e-03  1.653310000000000e+00  1.646690000000000e+00  3.253571040721258e+00  4.391125141992350e-02  1.648741146070591e+00  3.209659789301334e+00  1.648741063633538e+00  1.165678483630273e-03 
 6.629999999999470e-03  1.653315000000000e+00  1.646685000000000e+00  3.253572382037641e+00  4.390976777686363e-02  1.648741074907252e+00  3.209662614260777e+00  1.648740992470203e+00  1.165671768456195e-03 
 6.639999999999091e-03  1.653320000000000e+00  1.646680000000001e+00  3.253573717666041e+00  4.390829181237803e-02  1.648741004739209e+00  3.209665425853663e+00  1.648740922302163e+00  1.165665088322650e-03 
 6.649999999999157e-03  1.653325000000000e+00  1.646675000000001e+00  3.253575047682383e+00  4.390682046433382e-02  1.648740934073359e+00  3.209668227218049e+00  1.648740851636316e+00  1.165658427861928e-03 
 6.659999999999222e-03  1.653330000000000e+00  1.646670000000001e+00  3.253576372077676e+00  4.390535442883445e-02  1.648740863253255e+00  3.209671017648841e+00  1.648740780816216e+00  1.165651791144901e-03 
 6.669999999999288e-03  1.653335000000000e+00  1.646665000000000e+00  3.253577691073618e+00  4.390389377203430e-02  1.648740792422826e+00  3.209673797301583e+00  1.648740709985791e+00  1.165645179604519e-03 
 6.679999999999353e-03  1.653340000000000e+00  1.646660000000000e+00  3.253579004513027e+00  4.390244104538191e-02  1.648740722779204e+00  3.209676563467645e+00  1.648740640342172e+00  1.165638604450275e-03 
 6.689999999999419e-03  1.653345000000000e+00  1.646655000000000e+00  3.253580312468809e+00  4.390099434010100e-02  1.648740653404455e+00  3.209679318128707e+00  1.648740570967426e+00  1.165632055345443e-03 
 6.699999999999040e-03  1.653350000000000e+00  1.646650000000001e+00  3.253581615175196e+00  4.389955172425134e-02  1.648740583449724e+00  3.209682063450945e+00  1.648740501012699e+00  1.165625525747173e-03 
 6.709999999999106e-03  1.653355000000000e+00  1.646645000000001e+00  3.253582912459485e+00  4.389811649033978e-02  1.648740514474913e+00  3.209684795969146e+00  1.648740432037891e+00  1.165619028523123e-03 
 6.719999999999171e-03  1.653360000000000e+00  1.646640000000001e+00  3.253584204511991e+00  4.389668771791078e-02  1.648740446114951e+00  3.209687516794081e+00  1.648740363677933e+00  1.165612561615661e-03 
 6.729999999999237e-03  1.653365000000000e+00  1.646635000000001e+00  3.253585491338733e+00  4.389526013989042e-02  1.648740375739312e+00  3.209690231198842e+00  1.648740293302297e+00  1.165606098463977e-03 
 6.739999999999302e-03  1.653370000000000e+00  1.646630000000000e+00  3.253586772976848e+00  4.389384162008873e-02  1.648740307298469e+00  3.209692931356759e+00  1.648740224861457e+00  1.165599677061053e-03 
 6.749999999999368e-03  1.653375000000000e+00  1.646625000000000e+00  3.253588049406801e+00  4.389242797030784e-02  1.648740238688554e+00  3.209695621436493e+00  1.648740156251547e+00  1.165593277622806e-03 
 6.759999999999433e-03  1.653380000000000e+00  1.646620000000000e+00  3.253589320713363e+00  4.389102102130126e-02  1.648740170867332e+00  3.209698299692062e+00  1.648740088430328e+00  1.165586908807297e-03 
 6.769999999999055e-03  1.653385000000000e+00  1.646615000000001e+00  3.253590586998993e+00  4.388961899771255e-02  1.648740102998353e+00  3.209700968001280e+00  1.648740020561352e+00  1.165580562459113e-03 
 6.779999999999120e-03  1.653390000000000e+00  1.646610000000001e+00  3.253591848293312e+00  4.388821993758077e-02  1.648740034115447e+00  3.209703628355731e+00  1.648739951678449e+00  1.165574228743898e-03 
 6.789999999999186e-03  1.653395000000000e+00  1.646605000000001e+00  3.253593104491804e+00  4.388683039281598e-02  1.648739967442310e+00  3.209706274098989e+00  1.648739885005316e+00  1.165567937878408e-03 
 6.799999999999251e-03  1.653400000000000e+00  1.646600000000001e+00  3.253594355894498e+00  4.388544346183267e-02  1.648739899678165e+00  3.209708912432665e+00  1.648739817241174e+00  1.165561658881490e-03 
 6.809999999999317e-03  1.653405000000000e+00  1.646595000000000e+00  3.253595602295481e+00  4.388406469041513e-02  1.648739833492948e+00  3.209711537605066e+00  1.648739751055961e+00  1.165555418000683e-03 
 6.819999999999382e-03  1.653410000000000e+00  1.646590000000000e+00  3.253596843939106e+00  4.388268663880178e-02  1.648739765288954e+00  3.209714157300304e+00  1.648739682851970e+00  1.165549178713390e-03 
 6.829999999999448e-03  1.653415000000000e+00  1.646585000000000e+00  3.253598080615223e+00  4.388131943244448e-02  1.648739700023834e+00  3.209716761182779e+00  1.648739617586853e+00  1.165542990157761e-03 
 6.839999999999069e-03  1.653420000000000e+00  1.646580000000001e+00  3.253599312642455e+00  4.387995226878220e-02  1.648739632455619e+00  3.209719360373673e+00  1.648739550018641e+00  1.165536800282291e-03 
 6.849999999999135e-03  1.653425000000000e+00  1.646575000000001e+00  3.253600539846532e+00  4.387859304600857e-02  1.648739566446270e+00  3.209721946800523e+00  1.648739484009296e+00  1.165530645568213e-03 
 6.859999999999200e-03  1.653430000000000e+00  1.646570000000001e+00  3.253601762426782e+00  4.387723660233096e-02  1.648739499514557e+00  3.209724525824452e+00  1.648739417077586e+00  1.165524504410759e-03 
 6.869999999999266e-03  1.653435000000000e+00  1.646565000000001e+00  3.253602980277820e+00  4.387588881631133e-02  1.648739434547066e+00  3.209727091461508e+00  1.648739352110098e+00  1.165518402786465e-03 
 6.879999999999331e-03  1.653440000000000e+00  1.646560000000000e+00  3.253604193600877e+00  4.387454279488630e-02  1.648739368197881e+00  3.209729650805991e+00  1.648739285760917e+00  1.165512310091578e-03 
 6.889999999999397e-03  1.653445000000000e+00  1.646555000000000e+00  3.253605402178081e+00  4.387320455431482e-02  1.648739303366198e+00  3.209732197623766e+00  1.648739220929237e+00  1.165506250223094e-03 
 6.899999999999462e-03  1.653450000000000e+00  1.646550000000000e+00  3.253606606424281e+00  4.387186527446627e-02  1.648739235849374e+00  3.209734741149815e+00  1.648739153412416e+00  1.165500186513325e-03 
 6.909999999999084e-03  1.653455000000000e+00  1.646545000000001e+00  3.253607805999842e+00  4.387053686822630e-02  1.648739171434034e+00  3.209737269131616e+00  1.648739088997080e+00  1.165494172750191e-03 
 6.919999999999149e-03  1.653460000000000e+00  1.646540000000001e+00  3.253609001082379e+00  4.386921210548850e-02  1.648739106593934e+00  3.209739788976891e+00  1.648739024156983e+00  1.165488174298722e-03 
 6.929999999999215e-03  1.653465000000000e+00  1.646535000000001e+00  3.253610191783935e+00  4.386789130749386e-02  1.648739041545714e+00  3.209742300476441e+00  1.648738959108766e+00  1.165482194118488e-03 
 6.939999999999280e-03  1.653470000000000e+00  1.646530000000000e+00  3.253611378108224e+00  4.386657331744437e-02  1.648738975712834e+00  3.209744804790780e+00  1.648738893275890e+00  1.165476225707097e-03 
 6.949999999999346e-03  1.653475000000000e+00  1.646525000000000e+00  3.253612560043339e+00  4.386526281508688e-02  1.648738911429213e+00  3.209747297228252e+00  1.648738828992272e+00  1.165470292410132e-03 
 6.959999999999411e-03  1.653480000000000e+00  1.646520000000000e+00  3.253613737588038e+00  4.386395827566181e-02  1.648738847931850e+00  3.209749779312376e+00  1.648738765494912e+00  1.165464385533323e-03 
 6.969999999999033e-03  1.653485000000000e+00  1.646515000000001e+00  3.253614910875554e+00  4.386265515301477e-02  1.648738783014284e+00  3.209752255722539e+00  1.648738700577349e+00  1.165458485036230e-03 
 6.979999999999098e-03  1.653490000000000e+00  1.646510000000001e+00  3.253616079855591e+00  4.386135937178530e-02  1.648738719613688e+00  3.209754720483805e+00  1.648738637176756e+00  1.165452618239173e-03 
 6.989999999999164e-03  1.653495000000000e+00  1.646505000000001e+00  3.253617244614010e+00  4.386006605562806e-02  1.648738655334819e+00  3.209757178558382e+00  1.648738572897890e+00  1.165446762411998e-03 
 6.999999999999229e-03  1.653500000000000e+00  1.646500000000001e+00  3.253618405190691e+00  4.385877765562947e-02  1.648738591423160e+00  3.209759627535061e+00  1.648738508986235e+00  1.165440929112925e-03 
 7.009999999999295e-03  1.653505000000000e+00  1.646495000000000e+00  3.253619561571771e+00  4.385749409326935e-02  1.648738527832520e+00  3.209762067478501e+00  1.648738445395598e+00  1.165435116778523e-03 
 7.019999999999360e-03  1.653510000000000e+00  1.646490000000000e+00  3.253620713876056e+00  4.385621258034547e-02  1.648738463228201e+00  3.209764501295711e+00  1.648738380791282e+00  1.165429313186487e-03 
 7.029999999999426e-03  1.653515000000000e+00  1.646485000000000e+00  3.253621861938228e+00  4.385494133803369e-02  1.648738401638131e+00  3.209766920600194e+00  1.648738319201215e+00  1.165423557680291e-03 
 7.039999999999047e-03  1.653520000000000e+00  1.646480000000001e+00  3.253623006030411e+00  4.385367017380969e-02  1.648738338102110e+00  3.209769335856601e+00  1.648738255665197e+00  1.165417800780921e-03 
 7.049999999999113e-03  1.653525000000000e+00  1.646475000000001e+00  3.253624146061202e+00  4.385240443609675e-02  1.648738275248649e+00  3.209771741625105e+00  1.648738192811740e+00  1.165412069103036e-03 
 7.059999999999178e-03  1.653530000000000e+00  1.646470000000001e+00  3.253625282089518e+00  4.385114312364121e-02  1.648738212606579e+00  3.209774138965877e+00  1.648738130169673e+00  1.165406357867464e-03 
 7.069999999999244e-03  1.653535000000000e+00  1.646465000000001e+00  3.253626414109409e+00  4.384988565386756e-02  1.648738149881638e+00  3.209776528455541e+00  1.648738067444735e+00  1.165400663709956e-03 
 7.079999999999309e-03  1.653540000000000e+00  1.646460000000000e+00  3.253627542149322e+00  4.384863476420225e-02  1.648738088456762e+00  3.209778907385120e+00  1.648738006019862e+00  1.165395000836869e-03 
 7.089999999999375e-03  1.653545000000000e+00  1.646455000000000e+00  3.253628666304999e+00  4.384738295928044e-02  1.648738024632140e+00  3.209781283345719e+00  1.648737942195243e+00  1.165389330785713e-03 
 7.099999999999440e-03  1.653550000000000e+00  1.646450000000000e+00  3.253629786586681e+00  4.384613926729349e-02  1.648737962926987e+00  3.209783647319387e+00  1.648737880490093e+00  1.165383699143234e-03 
 7.109999999999062e-03  1.653555000000000e+00  1.646445000000001e+00  3.253630902912020e+00  4.384489745085933e-02  1.648737900181440e+00  3.209786005461161e+00  1.648737817744549e+00  1.165378075599279e-03 
 7.119999999999127e-03  1.653560000000000e+00  1.646440000000001e+00  3.253632015481574e+00  4.384366198386804e-02  1.648737838732721e+00  3.209788353497706e+00  1.648737756295833e+00  1.165372481015135e-03 
 7.129999999999193e-03  1.653565000000000e+00  1.646435000000001e+00  3.253633124178650e+00  4.384243169815207e-02  1.648737777938401e+00  3.209790692480498e+00  1.648737695501516e+00  1.165366909244856e-03 
 7.139999999999258e-03  1.653570000000000e+00  1.646430000000001e+00  3.253634229117265e+00  4.384120464475989e-02  1.648737716881012e+00  3.209793024472505e+00  1.648737634444131e+00  1.165361352680034e-03 
 7.149999999999324e-03  1.653575000000000e+00  1.646425000000000e+00  3.253635330357858e+00  4.383997845555718e-02  1.648737654406707e+00  3.209795351902300e+00  1.648737571969829e+00  1.165355798822787e-03 
 7.159999999999389e-03  1.653580000000000e+00  1.646420000000000e+00  3.253636427817840e+00  4.383876122181357e-02  1.648737594519827e+00  3.209797666596026e+00  1.648737512082951e+00  1.165350287088252e-03 
 7.169999999999010e-03  1.653585000000000e+00  1.646415000000001e+00  3.253637521559152e+00  4.383754622786581e-02  1.648737533893509e+00  3.209799975331286e+00  1.648737451456636e+00  1.165344784746423e-03 
 7.179999999999076e-03  1.653590000000000e+00  1.646410000000001e+00  3.253638611734432e+00  4.383633076624156e-02  1.648737471250337e+00  3.209802280968190e+00  1.648737388813467e+00  1.165339279073013e-03 
 7.189999999999142e-03  1.653595000000000e+00  1.646405000000001e+00  3.253639698196765e+00  4.383512292028786e-02  1.648737410558526e+00  3.209804575276477e+00  1.648737328121660e+00  1.165333810464978e-03 
 7.199999999999207e-03  1.653600000000000e+00  1.646400000000001e+00  3.253640781030121e+00  4.383391991107340e-02  1.648737350470597e+00  3.209806861119048e+00  1.648737268033734e+00  1.165328361921076e-03 
 7.209999999999273e-03  1.653605000000000e+00  1.646395000000000e+00  3.253641860263603e+00  4.383272027179445e-02  1.648737290267698e+00  3.209809139991808e+00  1.648737207830838e+00  1.165322929498227e-03 
 7.219999999999338e-03  1.653610000000000e+00  1.646390000000000e+00  3.253642935916043e+00  4.383152412357732e-02  1.648737230019810e+00  3.209811411792466e+00  1.648737147582953e+00  1.165317512125137e-03 
 7.229999999999404e-03  1.653615000000000e+00  1.646385000000000e+00  3.253644008086169e+00  4.383033175052620e-02  1.648737169918348e+00  3.209813676335643e+00  1.648737087481494e+00  1.165312111747370e-03 
 7.239999999999025e-03  1.653620000000000e+00  1.646380000000001e+00  3.253645076725276e+00  4.382914182088749e-02  1.648737109273082e+00  3.209815934904388e+00  1.648737026836230e+00  1.165306721980382e-03 
 7.249999999999091e-03  1.653625000000000e+00  1.646375000000001e+00  3.253646141816406e+00  4.382795801526745e-02  1.648737049915837e+00  3.209818183801139e+00  1.648736967478989e+00  1.165301360811473e-03 
 7.259999999999156e-03  1.653630000000000e+00  1.646370000000001e+00  3.253647203448102e+00  4.382677747495541e-02  1.648736990461529e+00  3.209820425973147e+00  1.648736908024683e+00  1.165296014531471e-03 
 7.269999999999222e-03  1.653635000000000e+00  1.646365000000001e+00  3.253648261690546e+00  4.382560045474764e-02  1.648736931072647e+00  3.209822661235799e+00  1.648736848635804e+00  1.165290683807966e-03 
 7.279999999999287e-03  1.653640000000000e+00  1.646360000000000e+00  3.253649316573582e+00  4.382442533530342e-02  1.648736870954443e+00  3.209824891238279e+00  1.648736788517603e+00  1.165285360438244e-03 
 7.289999999999353e-03  1.653645000000000e+00  1.646355000000000e+00  3.253650367913431e+00  4.382325643613715e-02  1.648736812174784e+00  3.209827111477294e+00  1.648736729737948e+00  1.165280066999189e-03 
 7.299999999999418e-03  1.653650000000000e+00  1.646350000000000e+00  3.253651415971658e+00  4.382209117723251e-02  1.648736753574445e+00  3.209829324794425e+00  1.648736671137611e+00  1.165274788665611e-03 
 7.309999999999039e-03  1.653655000000000e+00  1.646345000000001e+00  3.253652460668421e+00  4.382092712553347e-02  1.648736693896977e+00  3.209831533542888e+00  1.648736611460147e+00  1.165269516533929e-03 
 7.319999999999105e-03  1.653660000000000e+00  1.646340000000001e+00  3.253653502020407e+00  4.381976991647842e-02  1.648736635968443e+00  3.209833732103929e+00  1.648736553531615e+00  1.165264275778828e-03 
 7.329999999999171e-03  1.653665000000000e+00  1.646335000000001e+00  3.253654540076719e+00  4.381861381157638e-02  1.648736576944148e+00  3.209835926265142e+00  1.648736494507323e+00  1.165259039101867e-03 
 7.339999999999236e-03  1.653670000000000e+00  1.646330000000001e+00  3.253655574888804e+00  4.381746079120437e-02  1.648736517840004e+00  3.209838114097600e+00  1.648736435403183e+00  1.165253817047424e-03 
 7.349999999999302e-03  1.653675000000000e+00  1.646325000000000e+00  3.253656606494638e+00  4.381631166364844e-02  1.648736459079143e+00  3.209840294830990e+00  1.648736376642325e+00  1.165248611382198e-03 
 7.359999999999367e-03  1.653680000000000e+00  1.646320000000000e+00  3.253657634746736e+00  4.381516725455013e-02  1.648736401000643e+00  3.209842467492185e+00  1.648736318563827e+00  1.165243427433846e-03 
 7.369999999999433e-03  1.653685000000000e+00  1.646315000000000e+00  3.253658659925692e+00  4.381402523508562e-02  1.648736342580389e+00  3.209844634690606e+00  1.648736260143576e+00  1.165238255083417e-03 
 7.379999999999054e-03  1.653690000000000e+00  1.646310000000001e+00  3.253659681796735e+00  4.381288708555369e-02  1.648736284441144e+00  3.209846794711181e+00  1.648736202004334e+00  1.165233099693795e-03 
 7.389999999999119e-03  1.653695000000000e+00  1.646305000000001e+00  3.253660700501524e+00  4.381175219539213e-02  1.648736226348458e+00  3.209848948306132e+00  1.648736143911651e+00  1.165227959584595e-03 
 7.399999999999185e-03  1.653700000000000e+00  1.646300000000001e+00  3.253661716145389e+00  4.381062211927878e-02  1.648736169132334e+00  3.209851094026110e+00  1.648736086695530e+00  1.165222841355905e-03 
 7.409999999999251e-03  1.653705000000000e+00  1.646295000000001e+00  3.253662728574381e+00  4.380949449974829e-02  1.648736111537065e+00  3.209853234074633e+00  1.648736029100263e+00  1.165217732734708e-03 
 7.419999999999316e-03  1.653710000000000e+00  1.646290000000000e+00  3.253663737968549e+00  4.380836928182992e-02  1.648736053625189e+00  3.209855368686719e+00  1.648735971188391e+00  1.165212636470975e-03 
 7.429999999999382e-03  1.653715000000000e+00  1.646285000000000e+00  3.253664744324021e+00  4.380724546789715e-02  1.648735994895959e+00  3.209857498856124e+00  1.648735912459164e+00  1.165207545418887e-03 
 7.439999999999003e-03  1.653720000000000e+00  1.646280000000001e+00  3.253665747470370e+00  4.380613269793907e-02  1.648735940084154e+00  3.209859614772431e+00  1.648735857647362e+00  1.165202504941793e-03 
 7.449999999999068e-03  1.653725000000000e+00  1.646275000000001e+00  3.253666747703325e+00  4.380501524178311e-02  1.648735881472554e+00  3.209861732461542e+00  1.648735799035764e+00  1.165197442447939e-03 
 7.459999999999134e-03  1.653730000000000e+00  1.646270000000001e+00  3.253667744877260e+00  4.380390319488903e-02  1.648735824036075e+00  3.209863841682371e+00  1.648735741599287e+00  1.165192404969001e-03 
 7.469999999999200e-03  1.653735000000000e+00  1.646265000000001e+00  3.253668739059123e+00  4.380279391142222e-02  1.648735766485273e+00  3.209865945147701e+00  1.648735684048489e+00  1.165187380696622e-03 
 7.479999999999265e-03  1.653740000000000e+00  1.646260000000001e+00  3.253669730232585e+00  4.380169174904846e-02  1.648735710990817e+00  3.209868038483537e+00  1.648735628554035e+00  1.165182387816935e-03 
 7.489999999999331e-03  1.653745000000000e+00  1.646255000000000e+00  3.253670718434490e+00  4.380059114295035e-02  1.648735654788720e+00  3.209870127291540e+00  1.648735572351942e+00  1.165177402025802e-03 
 7.499999999999396e-03  1.653750000000000e+00  1.646250000000000e+00  3.253671703778429e+00  4.379949148453172e-02  1.648735597631480e+00  3.209872212293897e+00  1.648735515194705e+00  1.165172420166589e-03 
 7.509999999999017e-03  1.653755000000000e+00  1.646245000000001e+00  3.253672686147015e+00  4.379839581813720e-02  1.648735540982576e+00  3.209874290328877e+00  1.648735458545803e+00  1.165167457657145e-03 
 7.519999999999083e-03  1.653760000000000e+00  1.646240000000001e+00  3.253673665587072e+00  4.379730477034294e-02  1.648735485178707e+00  3.209876360816729e+00  1.648735402741937e+00  1.165162514714457e-03 
 7.529999999999148e-03  1.653765000000000e+00  1.646235000000001e+00  3.253674642129036e+00  4.379621612252542e-02  1.648735429125781e+00  3.209878426006511e+00  1.648735346689014e+00  1.165157583609137e-03 
 7.539999999999214e-03  1.653770000000000e+00  1.646230000000001e+00  3.253675615899382e+00  4.379512666733668e-02  1.648735371283360e+00  3.209880489232046e+00  1.648735288846595e+00  1.165152647127159e-03 
 7.549999999999280e-03  1.653775000000000e+00  1.646225000000000e+00  3.253676586745033e+00  4.379404652463834e-02  1.648735316634836e+00  3.209882540220394e+00  1.648735234198074e+00  1.165147754047762e-03 
 7.559999999999345e-03  1.653780000000000e+00  1.646220000000000e+00  3.253677554814954e+00  4.379296508362227e-02  1.648735259949288e+00  3.209884589731332e+00  1.648735177512529e+00  1.165142854030934e-03 
 7.569999999999411e-03  1.653785000000000e+00  1.646215000000000e+00  3.253678519961677e+00  4.379188984158695e-02  1.648735204901632e+00  3.209886630120090e+00  1.648735122464876e+00  1.165137984055920e-03 
 7.579999999999032e-03  1.653790000000000e+00  1.646210000000001e+00  3.253679482429260e+00  4.379081655645255e-02  1.648735149492856e+00  3.209888665872807e+00  1.648735067056103e+00  1.165133121407816e-03 
 7.589999999999097e-03  1.653795000000000e+00  1.646205000000001e+00  3.253680442077591e+00  4.378974765774703e-02  1.648735094867669e+00  3.209890694419844e+00  1.648735012430919e+00  1.165128279148154e-03 
 7.599999999999163e-03  1.653800000000000e+00  1.646200000000001e+00  3.253681399023641e+00  4.378867582993268e-02  1.648735037426787e+00  3.209892723193708e+00  1.648734954990039e+00  1.165123422911793e-03 
 7.609999999999228e-03  1.653805000000000e+00  1.646195000000001e+00  3.253682353179180e+00  4.378761162510085e-02  1.648734982402140e+00  3.209894741554079e+00  1.648734899965395e+00  1.165118601832835e-03 
 7.619999999999294e-03  1.653810000000000e+00  1.646190000000000e+00  3.253683304569956e+00  4.378655206453081e-02  1.648734928317243e+00  3.209896752505425e+00  1.648734845880501e+00  1.165113801733809e-03 
 7.629999999999360e-03  1.653815000000000e+00  1.646185000000000e+00  3.253684253320837e+00  4.378549076595736e-02  1.648734872043397e+00  3.209898762554879e+00  1.648734789606658e+00  1.165108993717477e-03 
 7.639999999999425e-03  1.653820000000000e+00  1.646180000000000e+00  3.253685199370900e+00  4.378443634953710e-02  1.648734817860218e+00  3.209900763021363e+00  1.648734735423482e+00  1.165104216616075e-03 
 7.649999999999046e-03  1.653825000000000e+00  1.646175000000001e+00  3.253686142780682e+00  4.378338178423186e-02  1.648734762282457e+00  3.209902760996450e+00  1.648734679845723e+00  1.165099438159601e-03 
 7.659999999999112e-03  1.653830000000000e+00  1.646170000000001e+00  3.253687083443406e+00  4.378233338631349e-02  1.648734708414860e+00  3.209904750057092e+00  1.648734625978128e+00  1.165094688346750e-03 
 7.669999999999177e-03  1.653835000000000e+00  1.646165000000001e+00  3.253688021570725e+00  4.378128458220343e-02  1.648734653076464e+00  3.209906736988522e+00  1.648734570639736e+00  1.165089936623830e-03 
 7.679999999999243e-03  1.653840000000000e+00  1.646160000000001e+00  3.253688956996527e+00  4.378024065698082e-02  1.648734598826754e+00  3.209908716339546e+00  1.648734516390028e+00  1.165085207488401e-03 
 7.689999999999308e-03  1.653845000000000e+00  1.646155000000000e+00  3.253689889828194e+00  4.377920035851641e-02  1.648734545093355e+00  3.209910689469678e+00  1.648734462656632e+00  1.165080494476370e-03 
 7.699999999999374e-03  1.653850000000000e+00  1.646150000000000e+00  3.253690820124837e+00  4.377816013132634e-02  1.648734490128082e+00  3.209912659993510e+00  1.648734407691361e+00  1.165075780532118e-03 
 7.709999999998995e-03  1.653855000000000e+00  1.646145000000001e+00  3.253691747842244e+00  4.377712406818632e-02  1.648734435955215e+00  3.209914623774058e+00  1.648734353518498e+00  1.165071086731931e-03 
 7.719999999999061e-03  1.653860000000000e+00  1.646140000000001e+00  3.253692672972484e+00  4.377608908742089e-02  1.648734381029953e+00  3.209916583885064e+00  1.648734298593238e+00  1.165066397713120e-03 
 7.729999999999126e-03  1.653865000000000e+00  1.646135000000001e+00  3.253693595565111e+00  4.377505967480930e-02  1.648734327619960e+00  3.209918535890302e+00  1.648734245183248e+00  1.165061732953376e-03 
 7.739999999999192e-03  1.653870000000000e+00  1.646130000000001e+00  3.253694515653968e+00  4.377403075638212e-02  1.648734273205175e+00  3.209920484897586e+00  1.648734190768465e+00  1.165057070950454e-03 
 7.749999999999257e-03  1.653875000000000e+00  1.646125000000001e+00  3.253695433207663e+00  4.377300786360531e-02  1.648734220535634e+00  3.209922425344057e+00  1.648734138098927e+00  1.165052437061151e-03 
 7.759999999999323e-03  1.653880000000000e+00  1.646120000000000e+00  3.253696348277856e+00  4.377198365979033e-02  1.648734165968823e+00  3.209924364618065e+00  1.648734083532119e+00  1.165047795699082e-03 
 7.769999999999389e-03  1.653885000000000e+00  1.646115000000000e+00  3.253697260904917e+00  4.377096384394801e-02  1.648734112374432e+00  3.209926297060969e+00  1.648734029937731e+00  1.165043175308981e-03 
 7.779999999999010e-03  1.653890000000000e+00  1.646110000000001e+00  3.253698170968031e+00  4.376994778629667e-02  1.648734059377164e+00  3.209928223181735e+00  1.648733976940465e+00  1.165038571581418e-03 
 7.789999999999075e-03  1.653895000000000e+00  1.646105000000001e+00  3.253699078629527e+00  4.376893424776545e-02  1.648734006438646e+00  3.209930144381762e+00  1.648733924001950e+00  1.165033979324243e-03 
 7.799999999999141e-03  1.653900000000000e+00  1.646100000000001e+00  3.253699983889953e+00  4.376792156038305e-02  1.648733952725168e+00  3.209932062329570e+00  1.648733870288475e+00  1.165029390651327e-03 
 7.809999999999206e-03  1.653905000000000e+00  1.646095000000001e+00  3.253700886710554e+00  4.376691361222893e-02  1.648733900161391e+00  3.209933973098325e+00  1.648733817724700e+00  1.165024824193362e-03 
 7.819999999999272e-03  1.653910000000000e+00  1.646090000000000e+00  3.253701787100347e+00  4.376590575806414e-02  1.648733846429206e+00  3.209935881342283e+00  1.648733763992517e+00  1.165020257799492e-03 
 7.829999999999337e-03  1.653915000000000e+00  1.646085000000000e+00  3.253702685160338e+00  4.376490028694580e-02  1.648733792723642e+00  3.209937784873392e+00  1.648733710286956e+00  1.165015700907960e-03 
 7.839999999999403e-03  1.653920000000000e+00  1.646080000000000e+00  3.253703580736899e+00  4.376390195938479e-02  1.648733741348142e+00  3.209939678777515e+00  1.648733658911459e+00  1.165011177402624e-03 
 7.849999999999024e-03  1.653925000000000e+00  1.646075000000001e+00  3.253704474050497e+00  4.376290077970132e-02  1.648733687415099e+00  3.209941573270796e+00  1.648733604978419e+00  1.165006640510555e-03 
 7.859999999999090e-03  1.653930000000000e+00  1.646070000000001e+00  3.253705364922463e+00  4.376190584164871e-02  1.648733635382056e+00  3.209943459080814e+00  1.648733552945378e+00  1.165002132462740e-03 
 7.869999999999155e-03  1.653935000000000e+00  1.646065000000001e+00  3.253706253537072e+00  4.376091041693062e-02  1.648733581977001e+00  3.209945343120141e+00  1.648733499540326e+00  1.164997620583431e-03 
 7.879999999999221e-03  1.653940000000000e+00  1.646060000000001e+00  3.253707139797355e+00  4.375992016644090e-02  1.648733529981898e+00  3.209947219630914e+00  1.648733447545226e+00  1.164993133478035e-03 
 7.889999999999286e-03  1.653945000000000e+00  1.646055000000000e+00  3.253708023781620e+00  4.375893060238253e-02  1.648733477192001e+00  3.209949093179238e+00  1.648733394755332e+00  1.164988650113318e-03 
 7.899999999999352e-03  1.653950000000000e+00  1.646050000000000e+00  3.253708905397111e+00  4.375794567682177e-02  1.648733425536966e+00  3.209950959720290e+00  1.648733343100299e+00  1.164984186745878e-03 
 7.909999999999417e-03  1.653955000000000e+00  1.646045000000000e+00  3.253709784824993e+00  4.375695968228790e-02  1.648733372253641e+00  3.209952825142705e+00  1.648733289816976e+00  1.164979718891803e-03 
 7.919999999999039e-03  1.653960000000000e+00  1.646040000000001e+00  3.253710661879404e+00  4.375597954563690e-02  1.648733320712521e+00  3.209954682333767e+00  1.648733238275859e+00  1.164975277590894e-03 
 7.929999999999104e-03  1.653965000000000e+00  1.646035000000001e+00  3.253711536744502e+00  4.375500269088501e-02  1.648733269717693e+00  3.209956534053617e+00  1.648733187281034e+00  1.164970851399601e-03 
 7.939999999999170e-03  1.653970000000000e+00  1.646030000000001e+00  3.253712409370290e+00  4.375402440683870e-02  1.648733216888564e+00  3.209958384963451e+00  1.648733134451908e+00  1.164966417912192e-03 
 7.949999999999235e-03  1.653975000000000e+00  1.646025000000001e+00  3.253713279783231e+00  4.375304754389027e-02  1.648733163663560e+00  3.209960232239340e+00  1.648733081226907e+00  1.164961990776957e-03 
 7.959999999999301e-03  1.653980000000000e+00  1.646020000000000e+00  3.253714147886031e+00  4.375207875939497e-02  1.648733113322713e+00  3.209962069126636e+00  1.648733030886062e+00  1.164957599913937e-03 
 7.969999999999366e-03  1.653985000000000e+00  1.646015000000000e+00  3.253715013845379e+00  4.375111035168431e-02  1.648733062098531e+00  3.209963903493695e+00  1.648732979661883e+00  1.164953212082556e-03 
 7.979999999998988e-03  1.653990000000000e+00  1.646010000000001e+00  3.253715877654177e+00  4.375014086211366e-02  1.648733009258146e+00  3.209965736792064e+00  1.648732926821499e+00  1.164948817759350e-03 
 7.989999999999053e-03  1.653995000000000e+00  1.646005000000001e+00  3.253716739249233e+00  4.374917683970007e-02  1.648732958044467e+00  3.209967562409533e+00  1.648732875607823e+00  1.164944449607623e-03 
 7.999999999999119e-03  1.654000000000000e+00  1.646000000000001e+00  3.253717598659260e+00  4.374821595952193e-02  1.648732907309391e+00  3.209969382699739e+00  1.648732824872750e+00  1.164940095255245e-03 
 8.009999999999184e-03  1.654005000000000e+00  1.645995000000001e+00  3.253718455982935e+00  4.374725296122343e-02  1.648732854472079e+00  3.209971203021712e+00  1.648732772035441e+00  1.164935731175532e-03 
 8.019999999999250e-03  1.654010000000000e+00  1.645990000000001e+00  3.253719311093514e+00  4.374629617529078e-02  1.648732803634402e+00  3.209973014918223e+00  1.648732721197766e+00  1.164931394031524e-03 
 8.029999999999315e-03  1.654015000000000e+00  1.645985000000000e+00  3.253720164100137e+00  4.374534012485995e-02  1.648732752112498e+00  3.209974823975277e+00  1.648732669675865e+00  1.164927061906241e-03 
 8.039999999999381e-03  1.654020000000000e+00  1.645980000000000e+00  3.253721015018233e+00  4.374438599888143e-02  1.648732700508557e+00  3.209976629019351e+00  1.648732618071926e+00  1.164922737421823e-03 
 8.049999999999002e-03  1.654025000000000e+00  1.645975000000001e+00  3.253721863726251e+00  4.374343780462881e-02  1.648732650765440e+00  3.209978425921623e+00  1.648732568328812e+00  1.164918440840151e-03 
 8.059999999999068e-03  1.654030000000000e+00  1.645970000000001e+00  3.253722710419035e+00  4.374248899770804e-02  1.648732599708372e+00  3.209980221421327e+00  1.648732517271746e+00  1.164914140514982e-03 
 8.069999999999133e-03  1.654035000000000e+00  1.645965000000001e+00  3.253723555034619e+00  4.374154158877443e-02  1.648732548311697e+00  3.209982013445844e+00  1.648732465875073e+00  1.164909846794954e-03 
 8.079999999999199e-03  1.654040000000000e+00  1.645960000000001e+00  3.253724397572333e+00  4.374059633628888e-02  1.648732496954311e+00  3.209983801236044e+00  1.648732414517690e+00  1.164905562638071e-03 
 8.089999999999264e-03  1.654045000000000e+00  1.645955000000001e+00  3.253725237994677e+00  4.373965832224938e-02  1.648732448158464e+00  3.209985579672428e+00  1.648732365721845e+00  1.164901312129829e-03 
 8.099999999999330e-03  1.654050000000000e+00  1.645950000000000e+00  3.253726076433519e+00  4.373871847663483e-02  1.648732397455077e+00  3.209987357956884e+00  1.648732315018461e+00  1.164897053266771e-03 
 8.109999999999395e-03  1.654055000000000e+00  1.645945000000000e+00  3.253726912795843e+00  4.373777953389603e-02  1.648732346164870e+00  3.209989133261947e+00  1.648732263728256e+00  1.164892797434910e-03 
 8.119999999999017e-03  1.654060000000000e+00  1.645940000000001e+00  3.253727747193882e+00  4.373684321360687e-02  1.648732295203745e+00  3.209990903980275e+00  1.648732212767134e+00  1.164888553090013e-03 
 8.129999999999082e-03  1.654065000000000e+00  1.645935000000001e+00  3.253728579502153e+00  4.373591164358442e-02  1.648732245572869e+00  3.209992667858568e+00  1.648732163136260e+00  1.164884330894160e-03 
 8.139999999999148e-03  1.654070000000000e+00  1.645930000000001e+00  3.253729409859196e+00  4.373498096127645e-02  1.648732195410236e+00  3.209994428897919e+00  1.648732112973631e+00  1.164880113346367e-03 
 8.149999999999213e-03  1.654075000000000e+00  1.645925000000001e+00  3.253730238171496e+00  4.373405333692367e-02  1.648732145754210e+00  3.209996184834572e+00  1.648732063317607e+00  1.164875908745376e-03 
 8.159999999999279e-03  1.654080000000000e+00  1.645920000000000e+00  3.253731064550536e+00  4.373312628572303e-02  1.648732095418129e+00  3.209997938264813e+00  1.648732012981529e+00  1.164871706992348e-03 
 8.169999999999344e-03  1.654085000000000e+00  1.645915000000000e+00  3.253731888938852e+00  4.373220072190687e-02  1.648732044830379e+00  3.209999688216945e+00  1.648731962393781e+00  1.164867511635881e-03 
 8.179999999999410e-03  1.654090000000000e+00  1.645910000000000e+00  3.253732711383382e+00  4.373127989487190e-02  1.648731995639127e+00  3.210001431488510e+00  1.648731913202531e+00  1.164863339005142e-03 
 8.189999999999031e-03  1.654095000000000e+00  1.645905000000001e+00  3.253733531871020e+00  4.373035855907780e-02  1.648731945215049e+00  3.210003173311943e+00  1.648731862778456e+00  1.164859162197865e-03 
 8.199999999999097e-03  1.654100000000000e+00  1.645900000000001e+00  3.253734350405898e+00  4.372944065077611e-02  1.648731895528337e+00  3.210004909755122e+00  1.648731813091746e+00  1.164855001851099e-03 
 8.209999999999162e-03  1.654105000000000e+00  1.645895000000001e+00  3.253735166996823e+00  4.372852691281492e-02  1.648731846954819e+00  3.210006640084008e+00  1.648731764518231e+00  1.164850860455055e-03 
 8.219999999999228e-03  1.654110000000000e+00  1.645890000000001e+00  3.253735981726396e+00  4.372761199948638e-02  1.648731796862941e+00  3.210008369726909e+00  1.648731714426355e+00  1.164846713103047e-03 
 8.229999999999293e-03  1.654115000000000e+00  1.645885000000000e+00  3.253736794480217e+00  4.372670147772831e-02  1.648731747978972e+00  3.210010093002488e+00  1.648731665542389e+00  1.164842587000551e-03 
 8.239999999999359e-03  1.654120000000000e+00  1.645880000000000e+00  3.253737605379841e+00  4.372579125780104e-02  1.648731698318821e+00  3.210011814122040e+00  1.648731615882240e+00  1.164838461221702e-03 
 8.249999999998980e-03  1.654125000000000e+00  1.645875000000001e+00  3.253738414370440e+00  4.372488182838642e-02  1.648731648099413e+00  3.210013532542053e+00  1.648731565662835e+00  1.164834339159573e-03 
 8.259999999999046e-03  1.654130000000000e+00  1.645870000000001e+00  3.253739221529120e+00  4.372397512019589e-02  1.648731598324658e+00  3.210015246408924e+00  1.648731515888082e+00  1.164830228427804e-03 
 8.269999999999111e-03  1.654135000000000e+00  1.645865000000001e+00  3.253740026746873e+00  4.372307340147668e-02  1.648731550074175e+00  3.210016953345396e+00  1.648731467637601e+00  1.164826141670310e-03 
 8.279999999999177e-03  1.654140000000000e+00  1.645860000000001e+00  3.253740830220088e+00  4.372216921175000e-02  1.648731499715919e+00  3.210018661008338e+00  1.648731417279348e+00  1.164822043063750e-03 
 8.289999999999242e-03  1.654145000000000e+00  1.645855000000001e+00  3.253741631719549e+00  4.372127126892020e-02  1.648731451494235e+00  3.210020360450629e+00  1.648731369057666e+00  1.164817972858266e-03 
 8.299999999999308e-03  1.654150000000000e+00  1.645850000000000e+00  3.253742431472073e+00  4.372037247561747e-02  1.648731401973845e+00  3.210022058996455e+00  1.648731319537279e+00  1.164813899584900e-03 
 8.309999999999373e-03  1.654155000000000e+00  1.645845000000000e+00  3.253743229308402e+00  4.371947748308373e-02  1.648731353395743e+00  3.210023751825318e+00  1.648731270959179e+00  1.164809842366106e-03 
 8.319999999998995e-03  1.654160000000000e+00  1.645840000000001e+00  3.253744025369141e+00  4.371858425094316e-02  1.648731304810042e+00  3.210025441118197e+00  1.648731222373481e+00  1.164805793978718e-03 
 8.329999999999060e-03  1.654165000000000e+00  1.645835000000001e+00  3.253744819626919e+00  4.371769145856511e-02  1.648731255542742e+00  3.210027128168354e+00  1.648731173106184e+00  1.164801746664138e-03 
 8.339999999999126e-03  1.654170000000000e+00  1.645830000000001e+00  3.253745612096592e+00  4.371680401934993e-02  1.648731208057971e+00  3.210028808077241e+00  1.648731125621415e+00  1.164797724108025e-03 
 8.349999999999191e-03  1.654175000000000e+00  1.645825000000001e+00  3.253746402741001e+00  4.371591483980188e-02  1.648731158790401e+00  3.210030487901199e+00  1.648731076353847e+00  1.164793693841315e-03 
 8.359999999999257e-03  1.654180000000000e+00  1.645820000000001e+00  3.253747191608293e+00  4.371503220055023e-02  1.648731111904422e+00  3.210032159407743e+00  1.648731029467870e+00  1.164789692648900e-03 
 8.369999999999322e-03  1.654185000000000e+00  1.645815000000000e+00  3.253747978728970e+00  4.371414557287995e-02  1.648731062150925e+00  3.210033833156090e+00  1.648730979714376e+00  1.164785672845690e-03 
 8.379999999999388e-03  1.654190000000000e+00  1.645810000000000e+00  3.253748764093228e+00  4.371326359664260e-02  1.648731013844935e+00  3.210035500496585e+00  1.648730931408389e+00  1.164781675524230e-03 
 8.389999999999009e-03  1.654195000000000e+00  1.645805000000001e+00  3.253749547644980e+00  4.371238271448155e-02  1.648730965179731e+00  3.210037164930499e+00  1.648730882743187e+00  1.164777682033987e-03 
 8.399999999999075e-03  1.654200000000000e+00  1.645800000000001e+00  3.253750329474954e+00  4.371150505425202e-02  1.648730917264603e+00  3.210038824420702e+00  1.648730834828061e+00  1.164773702873822e-03 
 8.409999999999140e-03  1.654205000000000e+00  1.645795000000001e+00  3.253751109573360e+00  4.371062974668530e-02  1.648730869660022e+00  3.210040479826674e+00  1.648730787223483e+00  1.164769735291378e-03 
 8.419999999999206e-03  1.654210000000000e+00  1.645790000000001e+00  3.253751887957704e+00  4.370975375385762e-02  1.648730820855781e+00  3.210042134203846e+00  1.648730738419244e+00  1.164765764364600e-03 
 8.429999999999271e-03  1.654215000000000e+00  1.645785000000000e+00  3.253752664638741e+00  4.370887971709864e-02  1.648730772177920e+00  3.210043784921642e+00  1.648730689741385e+00  1.164761802089628e-03 
 8.439999999999337e-03  1.654220000000000e+00  1.645780000000000e+00  3.253753439573300e+00  4.370800992181586e-02  1.648730724747558e+00  3.210045429651484e+00  1.648730642311026e+00  1.164757859050215e-03 
 8.449999999998958e-03  1.654225000000000e+00  1.645775000000001e+00  3.253754212819683e+00  4.370713995128511e-02  1.648730676385484e+00  3.210047072868398e+00  1.648730593948955e+00  1.164753915564065e-03 
 8.459999999999024e-03  1.654230000000000e+00  1.645770000000001e+00  3.253754984386750e+00  4.370627418607569e-02  1.648730629286413e+00  3.210048710200674e+00  1.648730546849886e+00  1.164749990720376e-03 
 8.469999999999089e-03  1.654235000000000e+00  1.645765000000001e+00  3.253755754213113e+00  4.370541006089879e-02  1.648730582137006e+00  3.210050344152214e+00  1.648730499700481e+00  1.164746073797054e-03 
 8.479999999999155e-03  1.654240000000000e+00  1.645760000000001e+00  3.253756522419856e+00  4.370454453508956e-02  1.648730533477473e+00  3.210051977884766e+00  1.648730451040950e+00  1.164742149483525e-03 
 8.489999999999220e-03  1.654245000000000e+00  1.645755000000001e+00  3.253757288932042e+00  4.370368452908362e-02  1.648730486730563e+00  3.210053604402958e+00  1.648730404294042e+00  1.164738250453145e-03 
 8.499999999999286e-03  1.654250000000000e+00  1.645750000000000e+00  3.253758053775443e+00  4.370282567638595e-02  1.648730439725914e+00  3.210055228099057e+00  1.648730357289397e+00  1.164734357057977e-03 
 8.509999999999351e-03  1.654255000000000e+00  1.645745000000000e+00  3.253758817031101e+00  4.370196456130923e-02  1.648730390796205e+00  3.210056852469792e+00  1.648730308359690e+00  1.164730453986004e-03 
 8.519999999998973e-03  1.654260000000000e+00  1.645740000000001e+00  3.253759578597541e+00  4.370110673821444e-02  1.648730342667877e+00  3.210058471859326e+00  1.648730260231364e+00  1.164726563950794e-03 
 8.529999999999038e-03  1.654265000000000e+00  1.645735000000001e+00  3.253760338498365e+00  4.370025425728716e-02  1.648730296377826e+00  3.210060084241078e+00  1.648730213941316e+00  1.164722699837338e-03 
 8.539999999999104e-03  1.654270000000000e+00  1.645730000000001e+00  3.253761096824417e+00  4.369940121597214e-02  1.648730249020195e+00  3.210061695608445e+00  1.648730166583686e+00  1.164718831825484e-03 
 8.549999999999169e-03  1.654275000000000e+00  1.645725000000001e+00  3.253761853484276e+00  4.369855023503887e-02  1.648730201859657e+00  3.210063303249237e+00  1.648730119423152e+00  1.164714974754081e-03 
 8.559999999999235e-03  1.654280000000000e+00  1.645720000000001e+00  3.253762608612551e+00  4.369769987107299e-02  1.648730154241812e+00  3.210064908741478e+00  1.648730071805308e+00  1.164711119930966e-03 
 8.569999999999300e-03  1.654285000000000e+00  1.645715000000000e+00  3.253763362084817e+00  4.369685120424727e-02  1.648730106644532e+00  3.210066510880570e+00  1.648730024208031e+00  1.164707271178558e-03 
 8.579999999999366e-03  1.654290000000000e+00  1.645710000000000e+00  3.253764113932689e+00  4.369600741831042e-02  1.648730060675500e+00  3.210068106514379e+00  1.648729978239001e+00  1.164703446121392e-03 
 8.589999999998987e-03  1.654295000000000e+00  1.645705000000001e+00  3.253764864198747e+00  4.369516454848149e-02  1.648730014373614e+00  3.210069699650266e+00  1.648729931937118e+00  1.164699625044182e-03 
 8.599999999999053e-03  1.654300000000000e+00  1.645700000000001e+00  3.253765612901732e+00  4.369432090536854e-02  1.648729966903550e+00  3.210071291996363e+00  1.648729884467056e+00  1.164695799551275e-03 
 8.609999999999118e-03  1.654305000000000e+00  1.645695000000001e+00  3.253766360061829e+00  4.369347977859593e-02  1.648729919920212e+00  3.210072880283233e+00  1.648729837483720e+00  1.164691986754888e-03 
 8.619999999999184e-03  1.654310000000000e+00  1.645690000000001e+00  3.253767105630109e+00  4.369264212891946e-02  1.648729873879514e+00  3.210074463501190e+00  1.648729791443025e+00  1.164688189028767e-03 
 8.629999999999249e-03  1.654315000000000e+00  1.645685000000001e+00  3.253767849665252e+00  4.369180278228035e-02  1.648729826223766e+00  3.210076046882972e+00  1.648729743787279e+00  1.164684383115875e-03 
 8.639999999999315e-03  1.654320000000000e+00  1.645680000000000e+00  3.253768592137482e+00  4.369096637641447e-02  1.648729779256948e+00  3.210077625761067e+00  1.648729696820463e+00  1.164680590342731e-03 
 8.649999999999380e-03  1.654325000000000e+00  1.645675000000000e+00  3.253769333022257e+00  4.369013497006197e-02  1.648729733996160e+00  3.210079198052195e+00  1.648729651559677e+00  1.164676822022039e-03 
 8.659999999999002e-03  1.654330000000000e+00  1.645670000000001e+00  3.253770072411277e+00  4.368930187923284e-02  1.648729687145255e+00  3.210080770532044e+00  1.648729604708775e+00  1.164673044882396e-03 
 8.669999999999067e-03  1.654335000000000e+00  1.645665000000001e+00  3.253770810327229e+00  4.368846985726638e-02  1.648729640092248e+00  3.210082340469962e+00  1.648729557655770e+00  1.164669271623442e-03 
 8.679999999999133e-03  1.654340000000000e+00  1.645660000000001e+00  3.253771546657102e+00  4.368764099728462e-02  1.648729593827193e+00  3.210083905659817e+00  1.648729511390718e+00  1.164665513684087e-03 
 8.689999999999198e-03  1.654345000000000e+00  1.645655000000001e+00  3.253772281450818e+00  4.368681291437631e-02  1.648729547182597e+00  3.210085468536441e+00  1.648729464746124e+00  1.164661758748415e-03 
 8.699999999999264e-03  1.654350000000000e+00  1.645650000000001e+00  3.253773014789768e+00  4.368598913806738e-02  1.648729501963918e+00  3.210087025651700e+00  1.648729419527447e+00  1.164658024314270e-03 
 8.709999999999329e-03  1.654355000000000e+00  1.645645000000000e+00  3.253773746613577e+00  4.368516457337176e-02  1.648729455593474e+00  3.210088582040205e+00  1.648729373157006e+00  1.164654285640793e-03 
 8.719999999998951e-03  1.654360000000000e+00  1.645640000000001e+00  3.253774476932797e+00  4.368434266294410e-02  1.648729409797871e+00  3.210090134269853e+00  1.648729327361404e+00  1.164650558935476e-03 
 8.729999999999016e-03  1.654365000000000e+00  1.645635000000001e+00  3.253775205846732e+00  4.368351859900577e-02  1.648729362222869e+00  3.210091687247727e+00  1.648729279786405e+00  1.164646823118922e-03 
 8.739999999999082e-03  1.654370000000000e+00  1.645630000000001e+00  3.253775933215163e+00  4.368269914376617e-02  1.648729316179464e+00  3.210093234071397e+00  1.648729233743003e+00  1.164643107553242e-03 
 8.749999999999147e-03  1.654375000000000e+00  1.645625000000001e+00  3.253776659052940e+00  4.368188440703487e-02  1.648729271729987e+00  3.210094774645905e+00  1.648729189293528e+00  1.164639413218256e-03 
 8.759999999999213e-03  1.654380000000000e+00  1.645620000000001e+00  3.253777383531838e+00  4.368106756510492e-02  1.648729225548471e+00  3.210096315966733e+00  1.648729143112014e+00  1.164635708927662e-03 
 8.769999999999278e-03  1.654385000000000e+00  1.645615000000000e+00  3.253778106520273e+00  4.368025159419651e-02  1.648729179057234e+00  3.210097854926076e+00  1.648729096620780e+00  1.164632009352898e-03 
 8.779999999999344e-03  1.654390000000000e+00  1.645610000000000e+00  3.253778828063817e+00  4.367943843361237e-02  1.648729133248715e+00  3.210099389630204e+00  1.648729050812262e+00  1.164628322000805e-03 
 8.789999999998965e-03  1.654395000000000e+00  1.645605000000001e+00  3.253779548147787e+00  4.367862829760250e-02  1.648729088222695e+00  3.210100919850185e+00  1.648729005786245e+00  1.164624649305639e-03 
 8.799999999999031e-03  1.654400000000000e+00  1.645600000000001e+00  3.253780266828256e+00  4.367781630552895e-02  1.648729041566892e+00  3.210102450522727e+00  1.648728959130444e+00  1.164620967958014e-03 
 8.809999999999096e-03  1.654405000000000e+00  1.645595000000001e+00  3.253780984056044e+00  4.367700700038868e-02  1.648728995528216e+00  3.210103977055655e+00  1.648728913091771e+00  1.164617296825586e-03 
 8.819999999999162e-03  1.654410000000000e+00  1.645590000000001e+00  3.253781699850893e+00  4.367620177493028e-02  1.648728950812912e+00  3.210105498075963e+00  1.648728868376468e+00  1.164613646048479e-03 
 8.829999999999227e-03  1.654415000000000e+00  1.645585000000001e+00  3.253782414234494e+00  4.367539592442005e-02  1.648728905079457e+00  3.210107018310074e+00  1.648728822643016e+00  1.164609991590781e-03 
 8.839999999999293e-03  1.654420000000000e+00  1.645580000000000e+00  3.253783127201939e+00  4.367459232584844e-02  1.648728859763894e+00  3.210108534876090e+00  1.648728777327455e+00  1.164606348035576e-03 
 8.849999999999358e-03  1.654425000000000e+00  1.645575000000000e+00  3.253783838816740e+00  4.367378940410409e-02  1.648728814110422e+00  3.210110049412636e+00  1.648728731673986e+00  1.164602706854337e-03 
 8.859999999998980e-03  1.654430000000000e+00  1.645570000000001e+00  3.253784548922875e+00  4.367299133147646e-02  1.648728770127176e+00  3.210111557591398e+00  1.648728687690741e+00  1.164599088381772e-03 
 8.869999999999045e-03  1.654435000000000e+00  1.645565000000001e+00  3.253785257765755e+00  4.367219158150541e-02  1.648728724673630e+00  3.210113066184249e+00  1.648728642237198e+00  1.164595461694750e-03 
 8.879999999999111e-03  1.654440000000000e+00  1.645560000000001e+00  3.253785965142075e+00  4.367139515587497e-02  1.648728680148975e+00  3.210114569986200e+00  1.648728597712545e+00  1.164591850105530e-03 
 8.889999999999176e-03  1.654445000000000e+00  1.645555000000001e+00  3.253786671173231e+00  4.367059583824821e-02  1.648728633505740e+00  3.210116075334983e+00  1.648728551069312e+00  1.164588225108985e-03 
 8.899999999999242e-03  1.654450000000000e+00  1.645550000000001e+00  3.253787375841549e+00  4.366980147434726e-02  1.648728588657948e+00  3.210117574367202e+00  1.648728506221523e+00  1.164584624388488e-03 
 8.909999999999307e-03  1.654455000000000e+00  1.645545000000000e+00  3.253788079171207e+00  4.366900725779735e-02  1.648728543214502e+00  3.210119071913409e+00  1.648728460778079e+00  1.164581021487677e-03 
 8.919999999999373e-03  1.654460000000000e+00  1.645540000000000e+00  3.253788781049296e+00  4.366821859514044e-02  1.648728499822218e+00  3.210120562454156e+00  1.648728417385798e+00  1.164577446467501e-03 
 8.929999999998994e-03  1.654465000000000e+00  1.645535000000001e+00  3.253789481631318e+00  4.366742582036153e-02  1.648728453725840e+00  3.210122055810957e+00  1.648728371289421e+00  1.164573850501307e-03 
 8.939999999999060e-03  1.654470000000000e+00  1.645530000000001e+00  3.253790180881621e+00  4.366663775141276e-02  1.648728409316517e+00  3.210123543130209e+00  1.648728326880101e+00  1.164570277327769e-03 
 8.949999999999125e-03  1.654475000000000e+00  1.645525000000001e+00  3.253790878743104e+00  4.366584981370802e-02  1.648728364278406e+00  3.210125028929395e+00  1.648728281841992e+00  1.164566704532704e-03 
 8.959999999999191e-03  1.654480000000000e+00  1.645520000000001e+00  3.253791575276888e+00  4.366506556098138e-02  1.648728320418935e+00  3.210126509715907e+00  1.648728237982523e+00  1.164563146940762e-03 
 8.969999999999256e-03  1.654485000000000e+00  1.645515000000001e+00  3.253792270511762e+00  4.366428035622825e-02  1.648728275433995e+00  3.210127990155534e+00  1.648728192997586e+00  1.164559586709045e-03 
 8.979999999999322e-03  1.654490000000000e+00  1.645510000000000e+00  3.253792964449858e+00  4.366349283947160e-02  1.648728228644665e+00  3.210129471610387e+00  1.648728146208258e+00  1.164556015824483e-03 
 8.989999999998943e-03  1.654495000000000e+00  1.645505000000001e+00  3.253793657020177e+00  4.366271470609725e-02  1.648728185863137e+00  3.210130942314080e+00  1.648728103426732e+00  1.164552487214312e-03 
 8.999999999999009e-03  1.654500000000000e+00  1.645500000000001e+00  3.253794348300882e+00  4.366193363169910e-02  1.648728140966291e+00  3.210132414669183e+00  1.648728058529888e+00  1.164548944330321e-03 
 9.009999999999074e-03  1.654505000000000e+00  1.645495000000001e+00  3.253795038292028e+00  4.366115397754165e-02  1.648728096134785e+00  3.210133884314486e+00  1.648728013698384e+00  1.164545408178154e-03 
 9.019999999999140e-03  1.654510000000000e+00  1.645490000000001e+00  3.253795726939198e+00  4.366037705379709e-02  1.648728051996498e+00  3.210135349885401e+00  1.648727969560099e+00  1.164541885381054e-03 
 9.029999999999205e-03  1.654515000000000e+00  1.645485000000001e+00  3.253796414314967e+00  4.365960090381157e-02  1.648728007609389e+00  3.210136813411156e+00  1.648727925172993e+00  1.164538365039792e-03 
 9.039999999999271e-03  1.654520000000000e+00  1.645480000000000e+00  3.253797100357743e+00  4.365882737442734e-02  1.648727963866085e+00  3.210138272983316e+00  1.648727881429691e+00  1.164534858018218e-03 
 9.049999999999336e-03  1.654525000000000e+00  1.645475000000000e+00  3.253797785199614e+00  4.365805389703125e-02  1.648727919548322e+00  3.210139731302583e+00  1.648727837111931e+00  1.164531350582820e-03 
 9.059999999998958e-03  1.654530000000000e+00  1.645470000000001e+00  3.253798468705823e+00  4.365728233062895e-02  1.648727875518226e+00  3.210141186375194e+00  1.648727793081836e+00  1.164527851077052e-03 
 9.069999999999023e-03  1.654535000000000e+00  1.645465000000001e+00  3.253799150954117e+00  4.365651168556477e-02  1.648727831319841e+00  3.210142639268552e+00  1.648727748883453e+00  1.164524355418018e-03 
 9.079999999999089e-03  1.654540000000000e+00  1.645460000000001e+00  3.253799831961969e+00  4.365574259410291e-02  1.648727787278036e+00  3.210144089367866e+00  1.648727704841651e+00  1.164520867796456e-03 
 9.089999999999154e-03  1.654545000000000e+00  1.645455000000001e+00  3.253800511696954e+00  4.365497170573542e-02  1.648727741701345e+00  3.210145539991219e+00  1.648727659264962e+00  1.164517371771477e-03 
 9.099999999999220e-03  1.654550000000000e+00  1.645450000000001e+00  3.253801190137938e+00  4.365420943620915e-02  1.648727699787074e+00  3.210146980701729e+00  1.648727617350693e+00  1.164513914677056e-03 
 9.109999999999285e-03  1.654555000000000e+00  1.645445000000000e+00  3.253801867382202e+00  4.365344283503822e-02  1.648727655108620e+00  3.210148424547164e+00  1.648727572672242e+00  1.164510437720242e-03 
 9.119999999999351e-03  1.654560000000000e+00  1.645440000000000e+00  3.253802543370189e+00  4.365267735006589e-02  1.648727610360128e+00  3.210149866020123e+00  1.648727527923751e+00  1.164506965925752e-03 
 9.129999999998972e-03  1.654565000000000e+00  1.645435000000001e+00  3.253803218114931e+00  4.365191620635426e-02  1.648727567160643e+00  3.210151301908577e+00  1.648727484724268e+00  1.164503513844597e-03 
 9.139999999999038e-03  1.654570000000000e+00  1.645430000000001e+00  3.253803891614334e+00  4.365115389159640e-02  1.648727522752965e+00  3.210152737722737e+00  1.648727440316593e+00  1.164500056454716e-03 
 9.149999999999103e-03  1.654575000000000e+00  1.645425000000001e+00  3.253804563877716e+00  4.365039435304371e-02  1.648727479115380e+00  3.210154169524673e+00  1.648727396679010e+00  1.164496611965597e-03 
 9.159999999999169e-03  1.654580000000000e+00  1.645420000000001e+00  3.253805234924870e+00  4.364963680952966e-02  1.648727435867200e+00  3.210155598115340e+00  1.648727353430832e+00  1.164493176285880e-03 
 9.169999999999234e-03  1.654585000000000e+00  1.645415000000001e+00  3.253805904797256e+00  4.364887967882744e-02  1.648727392238042e+00  3.210157025118429e+00  1.648727309801676e+00  1.164489742079284e-03 
 9.179999999999300e-03  1.654590000000000e+00  1.645410000000000e+00  3.253806573425346e+00  4.364812189900388e-02  1.648727347662175e+00  3.210158451526342e+00  1.648727265225812e+00  1.164486305342142e-03 
 9.189999999999365e-03  1.654595000000000e+00  1.645405000000000e+00  3.253807240830098e+00  4.364736964338976e-02  1.648727305236744e+00  3.210159871186709e+00  1.648727222800383e+00  1.164482894181615e-03 
 9.199999999998987e-03  1.654600000000000e+00  1.645400000000001e+00  3.253807907022190e+00  4.364661720203677e-02  1.648727262112114e+00  3.210161289820153e+00  1.648727179675755e+00  1.164479480802328e-03 
 9.209999999999052e-03  1.654605000000000e+00  1.645395000000001e+00  3.253808572039464e+00  4.364586421496757e-02  1.648727218127216e+00  3.210162707824496e+00  1.648727135690859e+00  1.164476065554542e-03 
 9.219999999999118e-03  1.654610000000000e+00  1.645390000000001e+00  3.253809235892800e+00  4.364511338413281e-02  1.648727174638467e+00  3.210164122508667e+00  1.648727092202112e+00  1.164472660474875e-03 
 9.229999999999183e-03  1.654615000000000e+00  1.645385000000001e+00  3.253809898559422e+00  4.364436275643732e-02  1.648727130657930e+00  3.210165535802985e+00  1.648727048221577e+00  1.164469255876010e-03 
 9.239999999999249e-03  1.654620000000000e+00  1.645380000000001e+00  3.253810559975860e+00  4.364361627969164e-02  1.648727088127776e+00  3.210166943696168e+00  1.648727005691426e+00  1.164465870326153e-03 
 9.249999999999314e-03  1.654625000000000e+00  1.645375000000000e+00  3.253811220233097e+00  4.364287005197481e-02  1.648727045142536e+00  3.210168350181122e+00  1.648726962706188e+00  1.164462485472174e-03 
 9.259999999998936e-03  1.654630000000000e+00  1.645370000000001e+00  3.253811879395333e+00  4.364212380462159e-02  1.648727001599977e+00  3.210169755590712e+00  1.648726919163632e+00  1.164459100010916e-03 
 9.269999999999001e-03  1.654635000000000e+00  1.645365000000001e+00  3.253812537326545e+00  4.364138073076169e-02  1.648726959028654e+00  3.210171156595784e+00  1.648726876592310e+00  1.164455730732093e-03 
 9.279999999999067e-03  1.654640000000000e+00  1.645360000000001e+00  3.253813194083823e+00  4.364063671490818e-02  1.648726915399366e+00  3.210172557368915e+00  1.648726832963024e+00  1.164452355685769e-03 
 9.289999999999132e-03  1.654645000000000e+00  1.645355000000001e+00  3.253813849723207e+00  4.363989537329944e-02  1.648726872548253e+00  3.210173954349908e+00  1.648726790111914e+00  1.164448993703343e-03 
 9.299999999999198e-03  1.654650000000000e+00  1.645350000000001e+00  3.253814504192116e+00  4.363915449686097e-02  1.648726829344489e+00  3.210175349695255e+00  1.648726746908151e+00  1.164445632749630e-03 
 9.309999999999263e-03  1.654655000000000e+00  1.645345000000001e+00  3.253815157544956e+00  4.363841508379326e-02  1.648726786314374e+00  3.210176742461162e+00  1.648726703878039e+00  1.164442279214232e-03 
 9.319999999999329e-03  1.654660000000000e+00  1.645340000000000e+00  3.253815809745525e+00  4.363767590595544e-02  1.648726742825740e+00  3.210178133839570e+00  1.648726660389407e+00  1.164438926106107e-03 
 9.329999999998950e-03  1.654665000000000e+00  1.645335000000001e+00  3.253816460764682e+00  4.363693828226874e-02  1.648726699523475e+00  3.210179522482413e+00  1.648726617087144e+00  1.164435580478684e-03 
 9.339999999999016e-03  1.654670000000000e+00  1.645330000000001e+00  3.253817110682605e+00  4.363620367099895e-02  1.648726657176802e+00  3.210180907011607e+00  1.648726574740474e+00  1.164432247837098e-03 
 9.349999999999081e-03  1.654675000000000e+00  1.645325000000001e+00  3.253817759434006e+00  4.363547102369470e-02  1.648726615228850e+00  3.210182288410311e+00  1.648726532792524e+00  1.164428924942331e-03 
 9.359999999999147e-03  1.654680000000000e+00  1.645320000000001e+00  3.253818407118456e+00  4.363473623458907e-02  1.648726571676522e+00  3.210183670883866e+00  1.648726489240198e+00  1.164425592034805e-03 
 9.369999999999212e-03  1.654685000000000e+00  1.645315000000001e+00  3.253819053620764e+00  4.363400650591504e-02  1.648726530063340e+00  3.210185047114849e+00  1.648726447627017e+00  1.164422282678588e-03 
 9.379999999999278e-03  1.654690000000000e+00  1.645310000000000e+00  3.253819699043301e+00  4.363327459915543e-02  1.648726486821228e+00  3.210186424444145e+00  1.648726404384908e+00  1.164418962119659e-03 
 9.389999999999343e-03  1.654695000000000e+00  1.645305000000000e+00  3.253820343390186e+00  4.363254454444994e-02  1.648726443967318e+00  3.210187798845736e+00  1.648726361531000e+00  1.164415650510237e-03 
 9.399999999998965e-03  1.654700000000000e+00  1.645300000000001e+00  3.253820986584157e+00  4.363181567925332e-02  1.648726401131705e+00  3.210189170904903e+00  1.648726318695389e+00  1.164412343752064e-03 
 9.409999999999030e-03  1.654705000000000e+00  1.645295000000001e+00  3.253821628698246e+00  4.363108795576288e-02  1.648726358327004e+00  3.210190540742483e+00  1.648726275890691e+00  1.164409043256974e-03 
 9.419999999999096e-03  1.654710000000000e+00  1.645290000000001e+00  3.253822269689273e+00  4.363036330996684e-02  1.648726316499620e+00  3.210191906379306e+00  1.648726234063308e+00  1.164405756719293e-03 
 9.429999999999161e-03  1.654715000000000e+00  1.645285000000001e+00  3.253822909575595e+00  4.362963988995403e-02  1.648726274732774e+00  3.210193269685641e+00  1.648726192296465e+00  1.164402475013486e-03 
 9.439999999999227e-03  1.654720000000000e+00  1.645280000000001e+00  3.253823548429400e+00  4.362891477989034e-02  1.648726231604645e+00  3.210194633649509e+00  1.648726149168338e+00  1.164399185958397e-03 
 9.449999999999292e-03  1.654725000000000e+00  1.645275000000000e+00  3.253824186163966e+00  4.362819431441445e-02  1.648726190239190e+00  3.210195991849552e+00  1.648726107802885e+00  1.164395917065777e-03 
 9.459999999999358e-03  1.654730000000000e+00  1.645270000000000e+00  3.253824822834360e+00  4.362747215253280e-02  1.648726147493446e+00  3.210197350681827e+00  1.648726065057143e+00  1.164392641101719e-03 
 9.469999999998979e-03  1.654735000000000e+00  1.645265000000001e+00  3.253825458448713e+00  4.362674833918732e-02  1.648726103393950e+00  3.210198710109526e+00  1.648726020957649e+00  1.164389357669910e-03 
 9.479999999999045e-03  1.654740000000000e+00  1.645260000000001e+00  3.253826092916204e+00  4.362603320592174e-02  1.648726063061063e+00  3.210200059710282e+00  1.648725980624764e+00  1.164386114417741e-03 
 9.489999999999110e-03  1.654745000000000e+00  1.645255000000001e+00  3.253826726365114e+00  4.362531500094510e-02  1.648726020683029e+00  3.210201411364169e+00  1.648725938246733e+00  1.164382855528003e-03 
 9.499999999999176e-03  1.654750000000000e+00  1.645250000000001e+00  3.253827358736463e+00  4.362459919499793e-02  1.648725978965730e+00  3.210202759541465e+00  1.648725896529435e+00  1.164379608749190e-03 
 9.509999999999241e-03  1.654755000000000e+00  1.645245000000001e+00  3.253827990064053e+00  4.362388414018267e-02  1.648725937102118e+00  3.210204105923871e+00  1.648725854665825e+00  1.164376365448802e-03 
 9.519999999999307e-03  1.654760000000000e+00  1.645240000000000e+00  3.253828620345776e+00  4.362316787565913e-02  1.648725894110717e+00  3.210205452470116e+00  1.648725811674427e+00  1.164373115979092e-03 
 9.529999999998928e-03  1.654765000000000e+00  1.645235000000001e+00  3.253829249584938e+00  4.362245496542257e-02  1.648725852275180e+00  3.210206794619515e+00  1.648725769838892e+00  1.164369881856837e-03 
 9.539999999998994e-03  1.654770000000000e+00  1.645230000000001e+00  3.253829877756682e+00  4.362174202843878e-02  1.648725809892560e+00  3.210208135728243e+00  1.648725727456274e+00  1.164366647133872e-03 
 9.549999999999059e-03  1.654775000000000e+00  1.645225000000001e+00  3.253830504876843e+00  4.362103157363138e-02  1.648725768225237e+00  3.210209473303212e+00  1.648725685788953e+00  1.164363425054064e-03 
 9.559999999999125e-03  1.654780000000000e+00  1.645220000000001e+00  3.253831130990045e+00  4.362032261855728e-02  1.648725726804301e+00  3.210210808371488e+00  1.648725644368019e+00  1.164360208942992e-03 
 9.569999999999190e-03  1.654785000000000e+00  1.645215000000001e+00  3.253831756071290e+00  4.361961394961534e-02  1.648725685010453e+00  3.210212142121675e+00  1.648725602574173e+00  1.164356993325492e-03 
 9.579999999999256e-03  1.654790000000000e+00  1.645210000000001e+00  3.253832380106689e+00  4.361890619727701e-02  1.648725643151983e+00  3.210213473909412e+00  1.648725560715705e+00  1.164353782724390e-03 
 9.589999999999321e-03  1.654795000000000e+00  1.645205000000000e+00  3.253833003130541e+00  4.361819971863170e-02  1.648725601424587e+00  3.210214803411910e+00  1.648725518988311e+00  1.164350578433745e-03 
 9.599999999998943e-03  1.654800000000000e+00  1.645200000000001e+00  3.253833625100830e+00  4.361749466935866e-02  1.648725559885094e+00  3.210216130431471e+00  1.648725477448820e+00  1.164347379046519e-03 
 9.609999999999008e-03  1.654805000000000e+00  1.645195000000001e+00  3.253834246100753e+00  4.361678898324515e-02  1.648725517541999e+00  3.210217457117508e+00  1.648725435105727e+00  1.164344178261471e-03 
 9.619999999999074e-03  1.654810000000000e+00  1.645190000000001e+00  3.253834866027695e+00  4.361608728041079e-02  1.648725476654053e+00  3.210218778747284e+00  1.648725394217783e+00  1.164340994802783e-03 
 9.629999999999139e-03  1.654815000000000e+00  1.645185000000001e+00  3.253835485006475e+00  4.361538333635288e-02  1.648725434171414e+00  3.210220101670123e+00  1.648725351735147e+00  1.164337800525092e-03 
 9.639999999999205e-03  1.654820000000000e+00  1.645180000000001e+00  3.253836102939746e+00  4.361468431153864e-02  1.648725393625643e+00  3.210221418628207e+00  1.648725311189377e+00  1.164334630026963e-03 
 9.649999999999270e-03  1.654825000000000e+00  1.645175000000000e+00  3.253836719873072e+00  4.361398505635464e-02  1.648725352464714e+00  3.210222734816718e+00  1.648725270028450e+00  1.164331457326884e-03 
 9.659999999999336e-03  1.654830000000000e+00  1.645170000000000e+00  3.253837335818111e+00  4.361328540101966e-02  1.648725310609566e+00  3.210224050417092e+00  1.648725228173304e+00  1.164328283171929e-03 
 9.669999999998957e-03  1.654835000000000e+00  1.645165000000001e+00  3.253837950803190e+00  4.361258695595559e-02  1.648725268879573e+00  3.210225363847234e+00  1.648725186443313e+00  1.164325114435450e-03 
 9.679999999999023e-03  1.654840000000000e+00  1.645160000000001e+00  3.253838564729832e+00  4.361189231580177e-02  1.648725228522817e+00  3.210226672414030e+00  1.648725146086560e+00  1.164321963731064e-03 
 9.689999999999088e-03  1.654845000000000e+00  1.645155000000001e+00  3.253839177709208e+00  4.361119627609379e-02  1.648725186992651e+00  3.210227981433114e+00  1.648725104556396e+00  1.164318805790480e-03 
 9.699999999999154e-03  1.654850000000000e+00  1.645150000000001e+00  3.253839789705869e+00  4.361050107443767e-02  1.648725145390153e+00  3.210229288631432e+00  1.648725062953900e+00  1.164315650744514e-03 
 9.709999999999219e-03  1.654855000000000e+00  1.645145000000001e+00  3.253840400737850e+00  4.360980719300627e-02  1.648725103965428e+00  3.210230593544844e+00  1.648725021529177e+00  1.164312502622600e-03 
 9.719999999999285e-03  1.654860000000000e+00  1.645140000000000e+00  3.253841010765729e+00  4.360911658427606e-02  1.648725063675002e+00  3.210231894181453e+00  1.648724981238753e+00  1.164309370837532e-03 
 9.729999999998906e-03  1.654865000000000e+00  1.645135000000001e+00  3.253841619856166e+00  4.360842456138817e-02  1.648725022208777e+00  3.210233195294778e+00  1.648724939772530e+00  1.164306230591917e-03 
 9.739999999998972e-03  1.654870000000000e+00  1.645130000000001e+00  3.253842227950503e+00  4.360773494358659e-02  1.648724981447045e+00  3.210234493006916e+00  1.648724899010800e+00  1.164303101612628e-03 
 9.749999999999037e-03  1.654875000000000e+00  1.645125000000001e+00  3.253842835098192e+00  4.360704636698291e-02  1.648724940732588e+00  3.210235788731210e+00  1.648724858296345e+00  1.164299978860862e-03 
 9.759999999999103e-03  1.654880000000000e+00  1.645120000000001e+00  3.253843441270951e+00  4.360635627577894e-02  1.648724898773365e+00  3.210237084995172e+00  1.648724816337124e+00  1.164296846816807e-03 
 9.769999999999168e-03  1.654885000000000e+00  1.645115000000001e+00  3.253844046488553e+00  4.360566896416050e-02  1.648724857726357e+00  3.210238377524393e+00  1.648724775290118e+00  1.164293727938735e-03 
 9.779999999999234e-03  1.654890000000000e+00  1.645110000000001e+00  3.253844650780520e+00  4.360498296824547e-02  1.648724816874383e+00  3.210239667812274e+00  1.648724734438146e+00  1.164290615849050e-03 
 9.789999999999299e-03  1.654895000000000e+00  1.645105000000000e+00  3.253845254078876e+00  4.360430068745957e-02  1.648724777383168e+00  3.210240953391416e+00  1.648724694946933e+00  1.164287520398219e-03 
 9.799999999998921e-03  1.654900000000000e+00  1.645100000000001e+00  3.253845856447945e+00  4.360361380285700e-02  1.648724735125401e+00  3.210242242645088e+00  1.648724652689169e+00  1.164284404517644e-03 
 9.809999999998986e-03  1.654905000000000e+00  1.645095000000001e+00  3.253846457891016e+00  4.360293046668666e-02  1.648724694178851e+00  3.210243527424329e+00  1.648724611742621e+00  1.164281303899546e-03 
 9.819999999999052e-03  1.654910000000000e+00  1.645090000000001e+00  3.253847058403357e+00  4.360224768158402e-02  1.648724653042471e+00  3.210244810721773e+00  1.648724570606242e+00  1.164278205155718e-03 
 9.829999999999117e-03  1.654915000000000e+00  1.645085000000001e+00  3.253847657990609e+00  4.360156443231095e-02  1.648724611211460e+00  3.210246093558298e+00  1.648724528775233e+00  1.164275105240027e-03 
 9.839999999999183e-03  1.654920000000000e+00  1.645080000000001e+00  3.253848256586211e+00  4.360088757426388e-02  1.648724572080237e+00  3.210247369011947e+00  1.648724489644013e+00  1.164272033928974e-03 
 9.849999999999248e-03  1.654925000000000e+00  1.645075000000001e+00  3.253848854258271e+00  4.360020728037926e-02  1.648724530769325e+00  3.210248646977892e+00  1.648724448333103e+00  1.164268947435752e-03 
 9.859999999999314e-03  1.654930000000000e+00  1.645070000000000e+00  3.253849451041944e+00  4.359953176375979e-02  1.648724491402852e+00  3.210249919278184e+00  1.648724408966632e+00  1.164265883184692e-03 
 9.869999999998935e-03  1.654935000000000e+00  1.645065000000001e+00  3.253850046888259e+00  4.359885344170484e-02  1.648724450164982e+00  3.210251193446555e+00  1.648724367728764e+00  1.164262805499857e-03 
 9.879999999999001e-03  1.654940000000000e+00  1.645060000000001e+00  3.253850641850751e+00  4.359817593403245e-02  1.648724408892392e+00  3.210252465916718e+00  1.648724326456175e+00  1.164259730818934e-03 
 9.889999999999066e-03  1.654945000000000e+00  1.645055000000001e+00  3.253851235883074e+00  4.359749964196957e-02  1.648724367762522e+00  3.210253736241104e+00  1.648724285326307e+00  1.164256662232391e-03 
 9.899999999999132e-03  1.654950000000000e+00  1.645050000000001e+00  3.253851828990752e+00  4.359682727064381e-02  1.648724328130698e+00  3.210255001720108e+00  1.648724245694486e+00  1.164253611072888e-03 
 9.909999999999197e-03  1.654955000000000e+00  1.645045000000001e+00  3.253852421156900e+00  4.359615590510511e-02  1.648724288531003e+00  3.210256265251795e+00  1.648724206094792e+00  1.164250566130538e-03 
 9.919999999999263e-03  1.654960000000000e+00  1.645040000000001e+00  3.253853012465238e+00  4.359548391592174e-02  1.648724248190580e+00  3.210257528549316e+00  1.648724165754371e+00  1.164247516493821e-03 
 9.929999999999328e-03  1.654965000000000e+00  1.645035000000000e+00  3.253853602882840e+00  4.359481023530962e-02  1.648724206559075e+00  3.210258792647530e+00  1.648724124122869e+00  1.164244459342804e-03 
 9.939999999998950e-03  1.654970000000000e+00  1.645030000000001e+00  3.253854192397335e+00  4.359414090491998e-02  1.648724166651127e+00  3.210260051492415e+00  1.648724084214923e+00  1.164241422388694e-03 
 9.949999999999015e-03  1.654975000000000e+00  1.645025000000001e+00  3.253854781010439e+00  4.359347045770480e-02  1.648724125734072e+00  3.210261310552735e+00  1.648724043297870e+00  1.164238380563885e-03 
 9.959999999999081e-03  1.654980000000000e+00  1.645020000000001e+00  3.253855368685477e+00  4.359280445051110e-02  1.648724086567994e+00  3.210262564234966e+00  1.648724004131794e+00  1.164235358476393e-03 
 9.969999999999146e-03  1.654985000000000e+00  1.645015000000001e+00  3.253855955503539e+00  4.359213816001736e-02  1.648724046831778e+00  3.210263817343522e+00  1.648723964395580e+00  1.164232335627764e-03 
 9.979999999999212e-03  1.654990000000000e+00  1.645010000000001e+00  3.253856541462344e+00  4.359147004527315e-02  1.648724005753808e+00  3.210265071417071e+00  1.648723923317612e+00  1.164229303135774e-03 
 9.989999999999277e-03  1.654995000000000e+00  1.645005000000000e+00  3.253857126504927e+00  4.359080641746363e-02  1.648723966461195e+00  3.210266320087463e+00  1.648723884025001e+00  1.164226291888708e-03 
 9.999999999998899e-03  1.655000000000000e+00  1.645000000000001e+00  3.253857710689583e+00  4.359014194237041e-02  1.648723926315977e+00  3.210267568747213e+00  1.648723843879785e+00  1.164223277035573e-03 
 1.000999999999896e-02  1.655005000000000e+00  1.644995000000001e+00  3.253858293992093e+00  4.358948011634949e-02  1.648723887054222e+00  3.210268813875744e+00  1.648723804618031e+00  1.164220274888164e-03 
 1.001999999999903e-02  1.655010000000000e+00  1.644990000000001e+00  3.253858876435157e+00  4.358881327319072e-02  1.648723844854174e+00  3.210270063161966e+00  1.648723762417986e+00  1.164217247561810e-03 
 1.002999999999910e-02  1.655015000000000e+00  1.644985000000001e+00  3.253859458027215e+00  4.358815344936925e-02  1.648723805738292e+00  3.210271304577845e+00  1.648723723302106e+00  1.164214253357210e-03 
 1.003999999999916e-02  1.655020000000000e+00  1.644980000000001e+00  3.253860038684666e+00  4.358749419148685e-02  1.648723766438076e+00  3.210272544493179e+00  1.648723684001892e+00  1.164211262265215e-03 
 1.004999999999923e-02  1.655025000000000e+00  1.644975000000001e+00  3.253860618539134e+00  4.358683165145084e-02  1.648723725095292e+00  3.210273786887683e+00  1.648723642659110e+00  1.164208256136910e-03 
 1.005999999999929e-02  1.655030000000000e+00  1.644970000000000e+00  3.253861197510866e+00  4.358617422006883e-02  1.648723685865468e+00  3.210275023290798e+00  1.648723603429288e+00  1.164205272732044e-03 
 1.006999999999891e-02  1.655035000000000e+00  1.644965000000001e+00  3.253861775649368e+00  4.358551523354367e-02  1.648723645441456e+00  3.210276260415824e+00  1.648723563005277e+00  1.164202283045521e-03 
 1.007999999999898e-02  1.655040000000000e+00  1.644960000000001e+00  3.253862352902605e+00  4.358485894731456e-02  1.648723605924960e+00  3.210277493955290e+00  1.648723523488784e+00  1.164199303993722e-03 
 1.008999999999904e-02  1.655045000000000e+00  1.644955000000001e+00  3.253862929302872e+00  4.358420315071004e-02  1.648723566226791e+00  3.210278726152162e+00  1.648723483790617e+00  1.164196328046326e-03 
 1.009999999999911e-02  1.655050000000000e+00  1.644950000000001e+00  3.253863504873348e+00  4.358354849866414e-02  1.648723526686006e+00  3.210279956374684e+00  1.648723444249834e+00  1.164193358009882e-03 
 1.010999999999918e-02  1.655055000000000e+00  1.644945000000001e+00  3.253864079573661e+00  4.358289523990278e-02  1.648723487406782e+00  3.210281184333758e+00  1.648723404970611e+00  1.164190394084088e-03 
 1.011999999999924e-02  1.655060000000000e+00  1.644940000000001e+00  3.253864653463648e+00  4.358224065305076e-02  1.648723447058349e+00  3.210282412810598e+00  1.648723364622181e+00  1.164187423019109e-03 
 1.012999999999931e-02  1.655065000000000e+00  1.644935000000000e+00  3.253865226529473e+00  4.358158704613922e-02  1.648723406787806e+00  3.210283639483333e+00  1.648723324351640e+00  1.164184456474279e-03 
 1.013999999999893e-02  1.655070000000000e+00  1.644930000000001e+00  3.253865798751873e+00  4.358093561936988e-02  1.648723367185622e+00  3.210284863132503e+00  1.648723284749458e+00  1.164181500639383e-03 
 1.014999999999899e-02  1.655075000000000e+00  1.644925000000001e+00  3.253866370092704e+00  4.358028706407244e-02  1.648723328578388e+00  3.210286083028631e+00  1.648723246142226e+00  1.164178557817787e-03 
 1.015999999999906e-02  1.655080000000000e+00  1.644920000000001e+00  3.253866940634293e+00  4.357963814732520e-02  1.648723289390809e+00  3.210287302486968e+00  1.648723206954649e+00  1.164175613324939e-03 
 1.016999999999912e-02  1.655085000000000e+00  1.644915000000001e+00  3.253867510383103e+00  4.357898649934679e-02  1.648723248441225e+00  3.210288523883756e+00  1.648723166005066e+00  1.164172655440338e-03 
 1.017999999999919e-02  1.655090000000000e+00  1.644910000000001e+00  3.253868079270302e+00  4.357834000287663e-02  1.648723209636589e+00  3.210289739267425e+00  1.648723127200433e+00  1.164169721594013e-03 
 1.018999999999926e-02  1.655095000000000e+00  1.644905000000001e+00  3.253868647351768e+00  4.357769246163271e-02  1.648723169906701e+00  3.210290954890135e+00  1.648723087470546e+00  1.164166782974619e-03 
 1.019999999999932e-02  1.655100000000000e+00  1.644900000000000e+00  3.253869214599950e+00  4.357704856828503e-02  1.648723131584118e+00  3.210292166031665e+00  1.648723049147965e+00  1.164163861347226e-03 
 1.020999999999894e-02  1.655105000000000e+00  1.644895000000001e+00  3.253869781045281e+00  4.357640370399118e-02  1.648723092374636e+00  3.210293377341290e+00  1.648723009938486e+00  1.164160935052069e-03 
 1.021999999999901e-02  1.655110000000000e+00  1.644890000000001e+00  3.253870346666679e+00  4.357575633140016e-02  1.648723051499040e+00  3.210294590335279e+00  1.648722969062891e+00  1.164157996564930e-03 
 1.022999999999907e-02  1.655115000000000e+00  1.644885000000001e+00  3.253870911498626e+00  4.357511346715769e-02  1.648723012482892e+00  3.210295798031468e+00  1.648722930046745e+00  1.164155078740105e-03 
 1.023999999999914e-02  1.655120000000000e+00  1.644880000000001e+00  3.253871475498407e+00  4.357447148899048e-02  1.648722973493699e+00  3.210297004009417e+00  1.648722891057554e+00  1.164152165501367e-03 
 1.024999999999920e-02  1.655125000000000e+00  1.644875000000001e+00  3.253872038705817e+00  4.357383111571892e-02  1.648722934910768e+00  3.210298207590098e+00  1.648722852474625e+00  1.164149260601365e-03 
 1.025999999999927e-02  1.655130000000000e+00  1.644870000000000e+00  3.253872601137247e+00  4.357318766533561e-02  1.648722894401291e+00  3.210299413471911e+00  1.648722811965150e+00  1.164146339307785e-03 
 1.026999999999889e-02  1.655135000000000e+00  1.644865000000001e+00  3.253873162731900e+00  4.357254922506892e-02  1.648722855978485e+00  3.210300613506831e+00  1.648722773542346e+00  1.164143442424844e-03 
 1.027999999999896e-02  1.655140000000000e+00  1.644860000000001e+00  3.253873723538576e+00  4.357191013002243e-02  1.648722816834299e+00  3.210301813408553e+00  1.648722734398162e+00  1.164140541734141e-03 
 1.028999999999902e-02  1.655145000000000e+00  1.644855000000001e+00  3.253874283582520e+00  4.357127214695976e-02  1.648722777864740e+00  3.210303011435560e+00  1.648722695428605e+00  1.164137645585989e-03 
 1.029999999999909e-02  1.655150000000000e+00  1.644850000000001e+00  3.253874842782051e+00  4.357063455407786e-02  1.648722738668065e+00  3.210304208227973e+00  1.648722656231932e+00  1.164134752962719e-03 
 1.030999999999915e-02  1.655155000000000e+00  1.644845000000001e+00  3.253875401233302e+00  4.356999800656215e-02  1.648722699619932e+00  3.210305403226740e+00  1.648722617183801e+00  1.164131863116362e-03 
 1.031999999999922e-02  1.655160000000000e+00  1.644840000000001e+00  3.253875958883602e+00  4.356936220588008e-02  1.648722660544741e+00  3.210306596677722e+00  1.648722578108612e+00  1.164128977645259e-03 
 1.032999999999928e-02  1.655165000000000e+00  1.644835000000000e+00  3.253876515778102e+00  4.356872484858802e-02  1.648722620313345e+00  3.210307790929515e+00  1.648722537877218e+00  1.164126085652100e-03 
 1.033999999999891e-02  1.655170000000000e+00  1.644830000000001e+00  3.253877071877518e+00  4.356809300692419e-02  1.648722582442221e+00  3.210308978870594e+00  1.648722500006096e+00  1.164123218287208e-03 
 1.034999999999897e-02  1.655175000000000e+00  1.644825000000001e+00  3.253877627192012e+00  4.356745826903055e-02  1.648722542730521e+00  3.210310168922982e+00  1.648722460294398e+00  1.164120337117678e-03 
 1.035999999999904e-02  1.655180000000000e+00  1.644820000000001e+00  3.253878181720237e+00  4.356682803530607e-02  1.648722504877771e+00  3.210311353684931e+00  1.648722422441650e+00  1.164117477045343e-03 
 1.036999999999910e-02  1.655185000000000e+00  1.644815000000001e+00  3.253878735487092e+00  4.356619578751188e-02  1.648722465637302e+00  3.210312539699581e+00  1.648722383201183e+00  1.164114608040157e-03 
 1.037999999999917e-02  1.655190000000000e+00  1.644810000000001e+00  3.253879288485435e+00  4.356556634867475e-02  1.648722427417055e+00  3.210313722136760e+00  1.648722344980938e+00  1.164111750350753e-03 
 1.038999999999923e-02  1.655195000000000e+00  1.644805000000001e+00  3.253879840732209e+00  4.356493630666676e-02  1.648722388519438e+00  3.210314904425542e+00  1.648722306083323e+00  1.164108891244836e-03 
 1.039999999999930e-02  1.655200000000000e+00  1.644800000000000e+00  3.253880392207708e+00  4.356430546582287e-02  1.648722348836765e+00  3.210316086741885e+00  1.648722266400652e+00  1.164106028484759e-03 
 1.040999999999892e-02  1.655205000000000e+00  1.644795000000001e+00  3.253880942924466e+00  4.356367743342787e-02  1.648722310178947e+00  3.210317265491038e+00  1.648722227742835e+00  1.164103177841241e-03 
 1.041999999999899e-02  1.655210000000000e+00  1.644790000000001e+00  3.253881492858463e+00  4.356305075351141e-02  1.648722271805987e+00  3.210318442104951e+00  1.648722189369878e+00  1.164100334221310e-03 
 1.042999999999905e-02  1.655215000000000e+00  1.644785000000001e+00  3.253882042029959e+00  4.356242438952022e-02  1.648722233209740e+00  3.210319617640439e+00  1.648722150773632e+00  1.164097490193508e-03 
 1.043999999999912e-02  1.655220000000000e+00  1.644780000000001e+00  3.253882590497772e+00  4.356179906477878e-02  1.648722194781275e+00  3.210320791432993e+00  1.648722112345170e+00  1.164094653087651e-03 
 1.044999999999918e-02  1.655225000000000e+00  1.644775000000001e+00  3.253883138155164e+00  4.356117532810921e-02  1.648722156741637e+00  3.210321962827055e+00  1.648722074305533e+00  1.164091821128037e-03 
 1.045999999999925e-02  1.655230000000000e+00  1.644770000000001e+00  3.253883685128012e+00  4.356054909996186e-02  1.648722117113987e+00  3.210323136028050e+00  1.648722034677885e+00  1.164088979327095e-03 
 1.046999999999931e-02  1.655235000000000e+00  1.644765000000000e+00  3.253884231332327e+00  4.355992500951333e-02  1.648722078170920e+00  3.210324306322813e+00  1.648721995734820e+00  1.164086146644484e-03 
 1.047999999999893e-02  1.655240000000000e+00  1.644760000000001e+00  3.253884776789783e+00  4.355930277044964e-02  1.648722039780116e+00  3.210325474019333e+00  1.648721957344018e+00  1.164083322509751e-03 
 1.048999999999900e-02  1.655245000000000e+00  1.644755000000001e+00  3.253885321487766e+00  4.355868167297857e-02  1.648722001580372e+00  3.210326639814787e+00  1.648721919144276e+00  1.164080503844843e-03 
 1.049999999999907e-02  1.655250000000000e+00  1.644750000000001e+00  3.253885865448582e+00  4.355806023202036e-02  1.648721962840301e+00  3.210327805216562e+00  1.648721880404207e+00  1.164077683521867e-03 
 1.050999999999913e-02  1.655255000000000e+00  1.644745000000001e+00  3.253886408674749e+00  4.355744143314111e-02  1.648721925053945e+00  3.210328967241608e+00  1.648721842617853e+00  1.164074873942531e-03 
 1.051999999999920e-02  1.655260000000000e+00  1.644740000000001e+00  3.253886951172170e+00  4.355682022328296e-02  1.648721885697726e+00  3.210330130948887e+00  1.648721803261636e+00  1.164072054865691e-03 
 1.052999999999926e-02  1.655265000000000e+00  1.644735000000001e+00  3.253887492932533e+00  4.355620467762086e-02  1.648721848805077e+00  3.210331288254912e+00  1.648721766368989e+00  1.164069260700271e-03 
 1.053999999999888e-02  1.655270000000000e+00  1.644730000000001e+00  3.253888033982984e+00  4.355558617252393e-02  1.648721810077754e+00  3.210332447810460e+00  1.648721727641667e+00  1.164066453200332e-03 
 1.054999999999895e-02  1.655275000000000e+00  1.644725000000001e+00  3.253888574303839e+00  4.355496835528533e-02  1.648721771329562e+00  3.210333605948553e+00  1.648721688893477e+00  1.164063649012215e-03 
 1.055999999999901e-02  1.655280000000000e+00  1.644720000000001e+00  3.253889113916452e+00  4.355435014096784e-02  1.648721732028710e+00  3.210334763775485e+00  1.648721649592628e+00  1.164060843236954e-03 
 1.056999999999908e-02  1.655285000000000e+00  1.644715000000001e+00  3.253889652738491e+00  4.355373935420535e-02  1.648721696046348e+00  3.210335913384286e+00  1.648721613610268e+00  1.164058070674988e-03 
 1.057999999999915e-02  1.655290000000000e+00  1.644710000000001e+00  3.253890190879623e+00  4.355312539898496e-02  1.648721658139304e+00  3.210337065480637e+00  1.648721575703225e+00  1.164055284871331e-03 
 1.058999999999921e-02  1.655295000000000e+00  1.644705000000001e+00  3.253890728338307e+00  4.355250982179661e-02  1.648721619080052e+00  3.210338218516510e+00  1.648721536643975e+00  1.164052490253496e-03 
 1.059999999999928e-02  1.655300000000000e+00  1.644700000000000e+00  3.253891265043062e+00  4.355189422278909e-02  1.648721579632925e+00  3.210339370820273e+00  1.648721497196850e+00  1.164049695681320e-03 
 1.060999999999890e-02  1.655305000000000e+00  1.644695000000001e+00  3.253891801075879e+00  4.355128186698106e-02  1.648721541471430e+00  3.210340519208898e+00  1.648721459035357e+00  1.164046915836969e-03 
 1.061999999999896e-02  1.655310000000000e+00  1.644690000000001e+00  3.253892336360937e+00  4.355067303160920e-02  1.648721504696273e+00  3.210341663329328e+00  1.648721422260202e+00  1.164044153437652e-03 
 1.062999999999903e-02  1.655315000000000e+00  1.644685000000001e+00  3.253892870906717e+00  4.355006109399596e-02  1.648721466000357e+00  3.210342809812722e+00  1.648721383564288e+00  1.164041374553331e-03 
 1.063999999999909e-02  1.655320000000000e+00  1.644680000000001e+00  3.253893404787272e+00  4.354945180038795e-02  1.648721428293830e+00  3.210343952986884e+00  1.648721345857763e+00  1.164038609307982e-03 
 1.064999999999916e-02  1.655325000000000e+00  1.644675000000001e+00  3.253893937979548e+00  4.354884251792033e-02  1.648721390248734e+00  3.210345095461627e+00  1.648721307812669e+00  1.164035843488915e-03 
 1.065999999999923e-02  1.655330000000000e+00  1.644670000000001e+00  3.253894470442623e+00  4.354823480743673e-02  1.648721352625030e+00  3.210346235635186e+00  1.648721270188966e+00  1.164033085142065e-03 
 1.066999999999929e-02  1.655335000000000e+00  1.644665000000000e+00  3.253895002214101e+00  4.354762624945924e-02  1.648721314231780e+00  3.210347375964642e+00  1.648721231795719e+00  1.164030323085095e-03 
 1.067999999999891e-02  1.655340000000000e+00  1.644660000000001e+00  3.253895533310647e+00  4.354701805571210e-02  1.648721275683179e+00  3.210348515254934e+00  1.648721193247120e+00  1.164027562327560e-03 
 1.068999999999898e-02  1.655345000000000e+00  1.644655000000001e+00  3.253896063681961e+00  4.354641278440401e-02  1.648721238233182e+00  3.210349650897557e+00  1.648721155797125e+00  1.164024813806622e-03 
 1.069999999999904e-02  1.655350000000000e+00  1.644650000000001e+00  3.253896593346462e+00  4.354580772140217e-02  1.648721200533932e+00  3.210350785625060e+00  1.648721118097876e+00  1.164022068425292e-03 
 1.070999999999911e-02  1.655355000000000e+00  1.644645000000001e+00  3.253897122372863e+00  4.354520127999958e-02  1.648721161826431e+00  3.210351921092863e+00  1.648721079390377e+00  1.164019314706122e-03 
 1.071999999999917e-02  1.655360000000000e+00  1.644640000000001e+00  3.253897650667875e+00  4.354459771900913e-02  1.648721124193442e+00  3.210353052948866e+00  1.648721041757390e+00  1.164016575520772e-03 
 1.072999999999924e-02  1.655365000000000e+00  1.644635000000001e+00  3.253898178304283e+00  4.354399459191798e-02  1.648721086448100e+00  3.210354183712365e+00  1.648721004012050e+00  1.164013837750151e-03 
 1.073999999999931e-02  1.655370000000000e+00  1.644630000000000e+00  3.253898705232289e+00  4.354339332291871e-02  1.648721049277604e+00  3.210355311909371e+00  1.648720966841556e+00  1.164011107834461e-03 
 1.074999999999893e-02  1.655375000000000e+00  1.644625000000001e+00  3.253899231492045e+00  4.354279172319146e-02  1.648721011607618e+00  3.210356439768854e+00  1.648720929171572e+00  1.164008376786627e-03 
 1.075999999999899e-02  1.655380000000000e+00  1.644620000000001e+00  3.253899757092751e+00  4.354219005834375e-02  1.648720973575547e+00  3.210357567034407e+00  1.648720891139503e+00  1.164005644891710e-03 
 1.076999999999906e-02  1.655385000000000e+00  1.644615000000001e+00  3.253900282005404e+00  4.354158956229551e-02  1.648720935783850e+00  3.210358692443108e+00  1.648720853347807e+00  1.164002919581397e-03 
 1.077999999999912e-02  1.655390000000000e+00  1.644610000000001e+00  3.253900806184159e+00  4.354099179926915e-02  1.648720898991714e+00  3.210359814384890e+00  1.648720816555673e+00  1.164000206569799e-03 
 1.078999999999919e-02  1.655395000000000e+00  1.644605000000001e+00  3.253901329769299e+00  4.354039247508214e-02  1.648720861122191e+00  3.210360937294217e+00  1.648720778686152e+00  1.163997486656410e-03 
 1.079999999999925e-02  1.655400000000000e+00  1.644600000000001e+00  3.253901852661991e+00  4.353979259872782e-02  1.648720822630359e+00  3.210362060063263e+00  1.648720740194322e+00  1.163994762669228e-03 
 1.080999999999888e-02  1.655405000000000e+00  1.644595000000001e+00  3.253902374871131e+00  4.353919615017549e-02  1.648720785510653e+00  3.210363178720955e+00  1.648720703074618e+00  1.163992055235814e-03 
 1.081999999999894e-02  1.655410000000000e+00  1.644590000000001e+00  3.253902896400948e+00  4.353860089999310e-02  1.648720748650470e+00  3.210364295500955e+00  1.648720666214437e+00  1.163989353383062e-03 
 1.082999999999901e-02  1.655415000000000e+00  1.644585000000001e+00  3.253903417335148e+00  4.353800191024921e-02  1.648720709622699e+00  3.210365415424899e+00  1.648720627186667e+00  1.163986633869904e-03 
 1.083999999999907e-02  1.655420000000000e+00  1.644580000000001e+00  3.253903937535325e+00  4.353740681279845e-02  1.648720672174062e+00  3.210366530722527e+00  1.648720589738032e+00  1.163983931483720e-03 
 1.084999999999914e-02  1.655425000000000e+00  1.644575000000001e+00  3.253904457103814e+00  4.353681194795601e-02  1.648720634525885e+00  3.210367645155858e+00  1.648720552089857e+00  1.163981231651488e-03 
 1.085999999999920e-02  1.655430000000000e+00  1.644570000000001e+00  3.253904975967140e+00  4.353622284305495e-02  1.648720599405098e+00  3.210368753124085e+00  1.648720516969072e+00  1.163978557629698e-03 
 1.086999999999927e-02  1.655435000000000e+00  1.644565000000000e+00  3.253905494243968e+00  4.353562657625210e-02  1.648720560410110e+00  3.210369867667716e+00  1.648720477974086e+00  1.163975850415254e-03 
 1.087999999999889e-02  1.655440000000000e+00  1.644560000000001e+00  3.253906011806207e+00  4.353503590843538e-02  1.648720523857321e+00  3.210370975897772e+00  1.648720441421299e+00  1.163973169222420e-03 
 1.088999999999896e-02  1.655445000000000e+00  1.644555000000001e+00  3.253906528765685e+00  4.353444402539310e-02  1.648720486395539e+00  3.210372084740292e+00  1.648720403959519e+00  1.163970482140858e-03 
 1.089999999999902e-02  1.655450000000000e+00  1.644550000000001e+00  3.253907045067405e+00  4.353385161926950e-02  1.648720448343337e+00  3.210373193448135e+00  1.648720365907319e+00  1.163967791685996e-03 
 1.090999999999909e-02  1.655455000000000e+00  1.644545000000001e+00  3.253907560682839e+00  4.353326291847566e-02  1.648720411800657e+00  3.210374297764364e+00  1.648720329364641e+00  1.163965120116900e-03 
 1.091999999999915e-02  1.655460000000000e+00  1.644540000000001e+00  3.253908075668875e+00  4.353267429381746e-02  1.648720374981346e+00  3.210375401375058e+00  1.648720292545332e+00  1.163962447815934e-03 
 1.092999999999922e-02  1.655465000000000e+00  1.644535000000001e+00  3.253908590062790e+00  4.353208355355455e-02  1.648720336808172e+00  3.210376506509235e+00  1.648720254372160e+00  1.163959765708289e-03 
 1.093999999999928e-02  1.655470000000000e+00  1.644530000000000e+00  3.253909103767069e+00  4.353149612989178e-02  1.648720299948480e+00  3.210377607637177e+00  1.648720217512470e+00  1.163957099152945e-03 
 1.094999999999891e-02  1.655475000000000e+00  1.644525000000001e+00  3.253909616824220e+00  4.353090840372970e-02  1.648720262613975e+00  3.210378708420490e+00  1.648720180177966e+00  1.163954431300029e-03 
 1.095999999999897e-02  1.655480000000000e+00  1.644520000000001e+00  3.253910129261896e+00  4.353032262275530e-02  1.648720225942325e+00  3.210379806639140e+00  1.648720143506318e+00  1.163951771596571e-03 
 1.096999999999904e-02  1.655485000000000e+00  1.644515000000001e+00  3.253910641028784e+00  4.352973674520678e-02  1.648720188886996e+00  3.210380904283577e+00  1.648720106450990e+00  1.163949111485697e-03 
 1.097999999999910e-02  1.655490000000000e+00  1.644510000000001e+00  3.253911152192233e+00  4.352915107457057e-02  1.648720151633402e+00  3.210382001117662e+00  1.648720069197398e+00  1.163946452408293e-03 
 1.098999999999917e-02  1.655495000000000e+00  1.644505000000001e+00  3.253911662747758e+00  4.352856397831213e-02  1.648720113363035e+00  3.210383098769446e+00  1.648720030927034e+00  1.163943787376686e-03 
 1.099999999999923e-02  1.655500000000000e+00  1.644500000000001e+00  3.253912172628304e+00  4.352798305461856e-02  1.648720077841461e+00  3.210384189573685e+00  1.648719995405461e+00  1.163941150118361e-03 
 1.100999999999885e-02  1.655505000000000e+00  1.644495000000001e+00  3.253912681905098e+00  4.352739835060568e-02  1.648720040127852e+00  3.210385283554492e+00  1.648719957691854e+00  1.163938495560037e-03 
 1.101999999999892e-02  1.655510000000000e+00  1.644490000000001e+00  3.253913190552812e+00  4.352681509488231e-02  1.648720002823847e+00  3.210386375457930e+00  1.648719920387851e+00  1.163935848085091e-03 
 1.102999999999899e-02  1.655515000000000e+00  1.644485000000001e+00  3.253913698557250e+00  4.352623342341561e-02  1.648719965990333e+00  3.210387465133834e+00  1.648719883554338e+00  1.163933206768313e-03 
 1.103999999999905e-02  1.655520000000000e+00  1.644480000000001e+00  3.253914205967969e+00  4.352565161642111e-02  1.648719928792195e+00  3.210388554351548e+00  1.648719846356203e+00  1.163930565406804e-03 
 1.104999999999912e-02  1.655525000000000e+00  1.644475000000001e+00  3.253914712746314e+00  4.352507135150679e-02  1.648719892048911e+00  3.210389641394808e+00  1.648719809612920e+00  1.163927931006085e-03 
 1.105999999999918e-02  1.655530000000000e+00  1.644470000000001e+00  3.253915218873954e+00  4.352449464498703e-02  1.648719856759471e+00  3.210390724228967e+00  1.648719774323482e+00  1.163925313013690e-03 
 1.106999999999925e-02  1.655535000000000e+00  1.644465000000001e+00  3.253915724416539e+00  4.352391222423119e-02  1.648719818320385e+00  3.210391812192308e+00  1.648719735884398e+00  1.163922668461138e-03 
 1.107999999999887e-02  1.655540000000000e+00  1.644460000000001e+00  3.253916229340929e+00  4.352333617257590e-02  1.648719782756752e+00  3.210392893168353e+00  1.648719700320767e+00  1.163920053039399e-03 
 1.108999999999893e-02  1.655545000000000e+00  1.644455000000001e+00  3.253916733668063e+00  4.352275467937271e-02  1.648719744173718e+00  3.210393978988690e+00  1.648719661737735e+00  1.163917412672112e-03 
 1.109999999999900e-02  1.655550000000000e+00  1.644450000000001e+00  3.253917237314835e+00  4.352218136842765e-02  1.648719709341631e+00  3.210395055946408e+00  1.648719626905650e+00  1.163914809844106e-03 
 1.110999999999907e-02  1.655555000000000e+00  1.644445000000001e+00  3.253917740395771e+00  4.352160487298085e-02  1.648719672634376e+00  3.210396135522790e+00  1.648719590198396e+00  1.163912192009312e-03 
 1.111999999999913e-02  1.655560000000000e+00  1.644440000000001e+00  3.253918242903997e+00  4.352102471134985e-02  1.648719633807673e+00  3.210397218192647e+00  1.648719551371696e+00  1.163909557950315e-03 
 1.112999999999920e-02  1.655565000000000e+00  1.644435000000001e+00  3.253918744769523e+00  4.352045107326635e-02  1.648719597921394e+00  3.210398293696256e+00  1.648719515485419e+00  1.163906953279969e-03 
 1.113999999999926e-02  1.655570000000000e+00  1.644430000000001e+00  3.253919246042224e+00  4.351987751478769e-02  1.648719561778506e+00  3.210399368527436e+00  1.648719479342532e+00  1.163904349835758e-03 
 1.114999999999888e-02  1.655575000000000e+00  1.644425000000001e+00  3.253919746680113e+00  4.351930262727251e-02  1.648719524653693e+00  3.210400444052841e+00  1.648719442217721e+00  1.163901739326290e-03 
 1.115999999999895e-02  1.655580000000000e+00  1.644420000000001e+00  3.253920246739616e+00  4.351872956094241e-02  1.648719488150279e+00  3.210401517178674e+00  1.648719405714309e+00  1.163899137171453e-03 
 1.116999999999901e-02  1.655585000000000e+00  1.644415000000001e+00  3.253920746217237e+00  4.351815608815487e-02  1.648719451152696e+00  3.210402590129082e+00  1.648719368716728e+00  1.163896533787990e-03 
 1.117999999999908e-02  1.655590000000000e+00  1.644410000000001e+00  3.253921245071064e+00  4.351758600750635e-02  1.648719415539285e+00  3.210403659063557e+00  1.648719333103319e+00  1.163893945780219e-03 
 1.118999999999915e-02  1.655595000000000e+00  1.644405000000001e+00  3.253921743367721e+00  4.351701301375337e-02  1.648719378190737e+00  3.210404730353968e+00  1.648719295754772e+00  1.163891343602575e-03 
 1.119999999999921e-02  1.655600000000000e+00  1.644400000000001e+00  3.253922241034575e+00  4.351644049970340e-02  1.648719340767139e+00  3.210405800534871e+00  1.648719258331176e+00  1.163888743831613e-03 
 1.120999999999928e-02  1.655605000000000e+00  1.644395000000000e+00  3.253922738106279e+00  4.351587169885903e-02  1.648719304902569e+00  3.210406866407420e+00  1.648719222466608e+00  1.163886161229414e-03 
 1.121999999999890e-02  1.655610000000000e+00  1.644390000000001e+00  3.253923234594947e+00  4.351530156097493e-02  1.648719268077961e+00  3.210407933033972e+00  1.648719185642002e+00  1.163883572488748e-03 
 1.122999999999896e-02  1.655615000000000e+00  1.644385000000001e+00  3.253923730519653e+00  4.351473156945149e-02  1.648719231044552e+00  3.210408998950201e+00  1.648719148608595e+00  1.163880985186063e-03 
 1.123999999999903e-02  1.655620000000000e+00  1.644380000000001e+00  3.253924225802415e+00  4.351416764330470e-02  1.648719196722860e+00  3.210410058159110e+00  1.648719114286904e+00  1.163878425080210e-03 
 1.124999999999909e-02  1.655625000000000e+00  1.644375000000001e+00  3.253924720576507e+00  4.351359693793270e-02  1.648719158757220e+00  3.210411123638575e+00  1.648719076321266e+00  1.163875833035939e-03 
 1.125999999999916e-02  1.655630000000000e+00  1.644370000000001e+00  3.253925214706231e+00  4.351303121552938e-02  1.648719122960880e+00  3.210412183490702e+00  1.648719040524928e+00  1.163873264826049e-03 
 1.126999999999923e-02  1.655635000000000e+00  1.644365000000001e+00  3.253925708273901e+00  4.351246626834135e-02  1.648719087271121e+00  3.210413242005560e+00  1.648719004835171e+00  1.163870699847706e-03 
 1.127999999999885e-02  1.655640000000000e+00  1.644360000000001e+00  3.253926201244443e+00  4.351189903238520e-02  1.648719050138414e+00  3.210414302212058e+00  1.648718967702466e+00  1.163868123936806e-03 
 1.128999999999891e-02  1.655645000000000e+00  1.644355000000001e+00  3.253926693646418e+00  4.351133363013816e-02  1.648719013638278e+00  3.210415360016279e+00  1.648718931202331e+00  1.163865556706053e-03 
 1.129999999999898e-02  1.655650000000000e+00  1.644350000000001e+00  3.253927185494823e+00  4.351076835244460e-02  1.648718976923634e+00  3.210416417142378e+00  1.648718894487689e+00  1.163862989973444e-03 
 1.130999999999904e-02  1.655655000000000e+00  1.644345000000001e+00  3.253927676747809e+00  4.351020555093389e-02  1.648718941149371e+00  3.210417471196875e+00  1.648718858713428e+00  1.163860434314043e-03 
 1.131999999999911e-02  1.655660000000000e+00  1.644340000000001e+00  3.253928167427396e+00  4.350964245395752e-02  1.648718904940677e+00  3.210418524973439e+00  1.648718822504736e+00  1.163857876928357e-03 
 1.132999999999917e-02  1.655665000000000e+00  1.644335000000001e+00  3.253928657525941e+00  4.350907986485434e-02  1.648718868695398e+00  3.210419577661086e+00  1.648718786259458e+00  1.163855322602948e-03 
 1.133999999999924e-02  1.655670000000000e+00  1.644330000000001e+00  3.253929147074929e+00  4.350851888420122e-02  1.648718832979565e+00  3.210420628190727e+00  1.648718750543627e+00  1.163852775522783e-03 
 1.134999999999886e-02  1.655675000000000e+00  1.644325000000001e+00  3.253929636061676e+00  4.350795460694768e-02  1.648718795334312e+00  3.210421681454728e+00  1.648718712898376e+00  1.163850213142590e-03 
 1.135999999999893e-02  1.655680000000000e+00  1.644320000000001e+00  3.253930124426171e+00  4.350739465437595e-02  1.648718759540273e+00  3.210422729771795e+00  1.648718677104340e+00  1.163847670794365e-03 
 1.136999999999899e-02  1.655685000000000e+00  1.644315000000001e+00  3.253930612272094e+00  4.350683555182083e-02  1.648718723911957e+00  3.210423776720273e+00  1.648718641476025e+00  1.163845131896140e-03 
 1.137999999999906e-02  1.655690000000000e+00  1.644310000000001e+00  3.253931099537094e+00  4.350627656941213e-02  1.648718688053253e+00  3.210424822967682e+00  1.648718605617323e+00  1.163842593416355e-03 
 1.138999999999912e-02  1.655695000000000e+00  1.644305000000001e+00  3.253931586273024e+00  4.350571480738132e-02  1.648718650540203e+00  3.210425871465642e+00  1.648718568104274e+00  1.163840042466958e-03 
 1.139999999999919e-02  1.655700000000000e+00  1.644300000000001e+00  3.253932072401189e+00  4.350515964029172e-02  1.648718616020740e+00  3.210426912760897e+00  1.648718533584814e+00  1.163837521824823e-03 
 1.140999999999925e-02  1.655705000000000e+00  1.644295000000001e+00  3.253932558001932e+00  4.350460115025073e-02  1.648718579576092e+00  3.210427956851682e+00  1.648718497140167e+00  1.163834985327344e-03 
 1.141999999999888e-02  1.655710000000000e+00  1.644290000000001e+00  3.253933043023582e+00  4.350404490885620e-02  1.648718543966219e+00  3.210428998114726e+00  1.648718461530296e+00  1.163832460319322e-03 
 1.142999999999894e-02  1.655715000000000e+00  1.644285000000001e+00  3.253933527514058e+00  4.350348682238059e-02  1.648718507168219e+00  3.210430040691678e+00  1.648718424732298e+00  1.163829925028074e-03 
 1.143999999999901e-02  1.655720000000000e+00  1.644280000000001e+00  3.253934011442180e+00  4.350293025366611e-02  1.648718470847923e+00  3.210431081188514e+00  1.648718388412004e+00  1.163827398271946e-03 
 1.144999999999907e-02  1.655725000000000e+00  1.644275000000001e+00  3.253934494800264e+00  4.350237632169063e-02  1.648718435560977e+00  3.210432118478574e+00  1.648718353125060e+00  1.163824882844151e-03 
 1.145999999999914e-02  1.655730000000000e+00  1.644270000000001e+00  3.253934977630128e+00  4.350182222713523e-02  1.648718399928632e+00  3.210433155402993e+00  1.648718317492716e+00  1.163822367077076e-03 
 1.146999999999920e-02  1.655735000000000e+00  1.644265000000001e+00  3.253935459913874e+00  4.350126725221655e-02  1.648718363583045e+00  3.210434192661658e+00  1.648718281147131e+00  1.163819846451982e-03 
 1.147999999999927e-02  1.655740000000000e+00  1.644260000000000e+00  3.253935941644234e+00  4.350071297239736e-02  1.648718327308316e+00  3.210435228671837e+00  1.648718244872403e+00  1.163817329278345e-03 
 1.148999999999889e-02  1.655745000000000e+00  1.644255000000001e+00  3.253936422799526e+00  4.350016131662327e-02  1.648718292058075e+00  3.210436261482903e+00  1.648718209622164e+00  1.163814824472261e-03 
 1.149999999999896e-02  1.655750000000000e+00  1.644250000000001e+00  3.253936903424639e+00  4.349961001968965e-02  1.648718256722164e+00  3.210437293404949e+00  1.648718174286256e+00  1.163812320684661e-03 
 1.150999999999902e-02  1.655755000000000e+00  1.644245000000001e+00  3.253937383555865e+00  4.349905446071610e-02  1.648718219008291e+00  3.210438329095149e+00  1.648718136572384e+00  1.163809798375972e-03 
 1.151999999999909e-02  1.655760000000000e+00  1.644240000000001e+00  3.253937863086441e+00  4.349850372548780e-02  1.648718183405964e+00  3.210439359360953e+00  1.648718100970059e+00  1.163807297575198e-03 
 1.152999999999915e-02  1.655765000000000e+00  1.644235000000001e+00  3.253938342059469e+00  4.349795645931455e-02  1.648718149259392e+00  3.210440385600154e+00  1.648718066823488e+00  1.163804812263193e-03 
 1.153999999999922e-02  1.655770000000000e+00  1.644230000000001e+00  3.253938820549624e+00  4.349740644834357e-02  1.648718113498984e+00  3.210441414101280e+00  1.648718031063082e+00  1.163802314519713e-03 
 1.154999999999884e-02  1.655775000000000e+00  1.644225000000001e+00  3.253939298468314e+00  4.349685723868554e-02  1.648718077853500e+00  3.210442441229628e+00  1.648717995417600e+00  1.163799820580868e-03 
 1.155999999999890e-02  1.655780000000000e+00  1.644220000000001e+00  3.253939775864696e+00  4.349630757256115e-02  1.648718041718628e+00  3.210443468292135e+00  1.648717959282731e+00  1.163797324160418e-03 
 1.156999999999897e-02  1.655785000000000e+00  1.644215000000001e+00  3.253940252738420e+00  4.349575788692649e-02  1.648718005312673e+00  3.210444494851493e+00  1.648717922876777e+00  1.163794828032848e-03 
 1.157999999999904e-02  1.655790000000000e+00  1.644210000000001e+00  3.253940729051935e+00  4.349521081483173e-02  1.648717969933384e+00  3.210445518237103e+00  1.648717887497489e+00  1.163792343171230e-03 
 1.158999999999910e-02  1.655795000000000e+00  1.644205000000001e+00  3.253941204857277e+00  4.349466524994841e-02  1.648717935053613e+00  3.210446539607328e+00  1.648717852617720e+00  1.163789866296344e-03 
 1.159999999999917e-02  1.655800000000000e+00  1.644200000000001e+00  3.253941680117268e+00  4.349411730763940e-02  1.648717898712454e+00  3.210447562809628e+00  1.648717816276563e+00  1.163787377113002e-03 
 1.160999999999923e-02  1.655805000000000e+00  1.644195000000001e+00  3.253942154869554e+00  4.349357038762077e-02  1.648717862628588e+00  3.210448584481933e+00  1.648717780192699e+00  1.163784893322700e-03 
 1.161999999999885e-02  1.655810000000000e+00  1.644190000000001e+00  3.253942629061219e+00  4.349302776967833e-02  1.648717828415448e+00  3.210449601291540e+00  1.648717745979561e+00  1.163782429600667e-03 
 1.162999999999892e-02  1.655815000000000e+00  1.644185000000001e+00  3.253943102772018e+00  4.349248044887008e-02  1.648717791610444e+00  3.210450622323148e+00  1.648717709174559e+00  1.163779944683902e-03 
 1.163999999999898e-02  1.655820000000000e+00  1.644180000000001e+00  3.253943575920051e+00  4.349193760869363e-02  1.648717756764372e+00  3.210451638311357e+00  1.648717674328489e+00  1.163777479093735e-03 
 1.164999999999905e-02  1.655825000000000e+00  1.644175000000001e+00  3.253944048540311e+00  4.349139502443697e-02  1.648717721782374e+00  3.210452653515874e+00  1.648717639346492e+00  1.163775014500813e-03 
 1.165999999999912e-02  1.655830000000000e+00  1.644170000000001e+00  3.253944520686176e+00  4.349085037017525e-02  1.648717685528176e+00  3.210453670316000e+00  1.648717603092295e+00  1.163772540992977e-03 
 1.166999999999918e-02  1.655835000000000e+00  1.644165000000001e+00  3.253944992286086e+00  4.349030656510883e-02  1.648717649425597e+00  3.210454685720977e+00  1.648717566989719e+00  1.163770071450021e-03 
 1.167999999999925e-02  1.655840000000000e+00  1.644160000000001e+00  3.253945463335237e+00  4.348976798841990e-02  1.648717615661828e+00  3.210455695346817e+00  1.648717533225952e+00  1.163767626891490e-03 
 1.168999999999887e-02  1.655845000000000e+00  1.644155000000001e+00  3.253945933899209e+00  4.348922448358673e-02  1.648717579191398e+00  3.210456709415622e+00  1.648717496755523e+00  1.163765157637420e-03 
 1.169999999999893e-02  1.655850000000000e+00  1.644150000000001e+00  3.253946403951905e+00  4.348868319896069e-02  1.648717543575433e+00  3.210457720752945e+00  1.648717461139560e+00  1.163762699426494e-03 
 1.170999999999900e-02  1.655855000000000e+00  1.644145000000001e+00  3.253946873489796e+00  4.348814184203475e-02  1.648717507665916e+00  3.210458731647762e+00  1.648717425230044e+00  1.163760239821893e-03 
 1.171999999999906e-02  1.655860000000000e+00  1.644140000000001e+00  3.253947342495632e+00  4.348760421357930e-02  1.648717473354606e+00  3.210459738282053e+00  1.648717390918736e+00  1.163757799503404e-03 
 1.172999999999913e-02  1.655865000000000e+00  1.644135000000001e+00  3.253947811003699e+00  4.348706384518416e-02  1.648717437424441e+00  3.210460747158514e+00  1.648717354988574e+00  1.163755345113947e-03 
 1.173999999999920e-02  1.655870000000000e+00  1.644130000000001e+00  3.253948278998880e+00  4.348652672819206e-02  1.648717402863536e+00  3.210461752270688e+00  1.648717320427670e+00  1.163752905931045e-03 
 1.174999999999926e-02  1.655875000000000e+00  1.644125000000001e+00  3.253948746494610e+00  4.348598784127989e-02  1.648717367167945e+00  3.210462758653330e+00  1.648717284732081e+00  1.163750457775511e-03 
 1.175999999999888e-02  1.655880000000000e+00  1.644120000000001e+00  3.253949213490014e+00  4.348544973554924e-02  1.648717331612781e+00  3.210463763754464e+00  1.648717249176919e+00  1.163748014084346e-03 
 1.176999999999895e-02  1.655885000000000e+00  1.644115000000001e+00  3.253949679962512e+00  4.348491182802267e-02  1.648717295895267e+00  3.210464768134489e+00  1.648717213459407e+00  1.163745571221360e-03 
 1.177999999999901e-02  1.655890000000000e+00  1.644110000000001e+00  3.253950145915037e+00  4.348437790458714e-02  1.648717261909812e+00  3.210465768010450e+00  1.648717179473953e+00  1.163743146218726e-03 
 1.178999999999908e-02  1.655895000000000e+00  1.644105000000001e+00  3.253950611410506e+00  4.348384037001474e-02  1.648717225890260e+00  3.210466771040492e+00  1.648717143454403e+00  1.163740704485854e-03 
 1.179999999999914e-02  1.655900000000000e+00  1.644100000000001e+00  3.253951076366991e+00  4.348330587880378e-02  1.648717191122897e+00  3.210467770488187e+00  1.648717108687042e+00  1.163738277181595e-03 
 1.180999999999921e-02  1.655905000000000e+00  1.644095000000001e+00  3.253951540824472e+00  4.348277033017874e-02  1.648717155577325e+00  3.210468770494293e+00  1.648717073141472e+00  1.163735845001872e-03 
 1.181999999999883e-02  1.655910000000000e+00  1.644090000000001e+00  3.253952004812769e+00  4.348223577526548e-02  1.648717120294017e+00  3.210469769037503e+00  1.648717037858165e+00  1.163733417254908e-03 
 1.182999999999890e-02  1.655915000000000e+00  1.644085000000001e+00  3.253952468259991e+00  4.348170358324519e-02  1.648717085921618e+00  3.210470764676745e+00  1.648717003485768e+00  1.163731001049954e-03 
 1.183999999999896e-02  1.655920000000000e+00  1.644080000000001e+00  3.253952931247858e+00  4.348116955020408e-02  1.648717050399031e+00  3.210471761697654e+00  1.648716967963183e+00  1.163728575226713e-03 
 1.184999999999903e-02  1.655925000000000e+00  1.644075000000001e+00  3.253953393722682e+00  4.348063713895831e-02  1.648717015430820e+00  3.210472756583723e+00  1.648716932994973e+00  1.163726157440044e-03 
 1.185999999999909e-02  1.655930000000000e+00  1.644070000000001e+00  3.253953855715757e+00  4.348010388204831e-02  1.648716979798903e+00  3.210473751833709e+00  1.648716897363058e+00  1.163723734260998e-03 
 1.186999999999916e-02  1.655935000000000e+00  1.644065000000001e+00  3.253954317172065e+00  4.347957557712757e-02  1.648716946374597e+00  3.210474741594938e+00  1.648716863938753e+00  1.163721335824050e-03 
 1.187999999999922e-02  1.655940000000000e+00  1.644060000000001e+00  3.253954778218367e+00  4.347904045127975e-02  1.648716909334824e+00  3.210475737767088e+00  1.648716826898982e+00  1.163718904803606e-03 
 1.188999999999885e-02  1.655945000000000e+00  1.644055000000001e+00  3.253955238729923e+00  4.347850869914130e-02  1.648716873714532e+00  3.210476730030782e+00  1.648716791278693e+00  1.163716489589143e-03 
 1.189999999999891e-02  1.655950000000000e+00  1.644050000000001e+00  3.253955698712642e+00  4.347798248655305e-02  1.648716840599598e+00  3.210477716226089e+00  1.648716758163760e+00  1.163714099698959e-03 
 1.190999999999898e-02  1.655955000000000e+00  1.644045000000001e+00  3.253956158268787e+00  4.347745222789822e-02  1.648716805248343e+00  3.210478706040889e+00  1.648716722812507e+00  1.163711690536984e-03 
 1.191999999999904e-02  1.655960000000000e+00  1.644040000000001e+00  3.253956617333631e+00  4.347692088979857e-02  1.648716769111715e+00  3.210479696443832e+00  1.648716686675880e+00  1.163709276839966e-03 
 1.192999999999911e-02  1.655965000000000e+00  1.644035000000001e+00  3.253957075877296e+00  4.347639450794100e-02  1.648716735192618e+00  3.210480681369355e+00  1.648716652756786e+00  1.163706886087978e-03 
 1.193999999999917e-02  1.655970000000000e+00  1.644030000000001e+00  3.253957533954407e+00  4.347586708879485e-02  1.648716700521601e+00  3.210481666865612e+00  1.648716618085770e+00  1.163704491018088e-03 
 1.194999999999924e-02  1.655975000000000e+00  1.644025000000001e+00  3.253957991552019e+00  4.347533838215624e-02  1.648716664967088e+00  3.210482653169862e+00  1.648716582531258e+00  1.163702090162350e-03 
 1.195999999999886e-02  1.655980000000000e+00  1.644020000000001e+00  3.253958448685388e+00  4.347481123994281e-02  1.648716629962666e+00  3.210483637445445e+00  1.648716547526838e+00  1.163699695175074e-03 
 1.196999999999893e-02  1.655985000000000e+00  1.644015000000001e+00  3.253958905306991e+00  4.347428661747851e-02  1.648716595962235e+00  3.210484618689512e+00  1.648716513526409e+00  1.163697313857435e-03 
 1.197999999999899e-02  1.655990000000000e+00  1.644010000000001e+00  3.253959361458989e+00  4.347375799091015e-02  1.648716559724950e+00  3.210485603468079e+00  1.648716477289126e+00  1.163694911600011e-03 
 1.198999999999906e-02  1.655995000000000e+00  1.644005000000001e+00  3.253959817142055e+00  4.347323644882376e-02  1.648716526795440e+00  3.210486580693232e+00  1.648716444359617e+00  1.163692542614306e-03 
 1.199999999999912e-02  1.656000000000000e+00  1.644000000000001e+00  3.253960272353068e+00  4.347270958531168e-02  1.648716490969190e+00  3.210487562767756e+00  1.648716408533369e+00  1.163690150174344e-03 
 1.200999999999919e-02  1.656005000000000e+00  1.643995000000001e+00  3.253960727094765e+00  4.347218557547783e-02  1.648716456335122e+00  3.210488541519287e+00  1.648716373899303e+00  1.163687769293941e-03 
 1.201999999999925e-02  1.656010000000000e+00  1.643990000000001e+00  3.253961181348751e+00  4.347166169008344e-02  1.648716421519417e+00  3.210489519658668e+00  1.648716339083600e+00  1.163685390069167e-03 
 1.202999999999887e-02  1.656015000000000e+00  1.643985000000001e+00  3.253961635160036e+00  4.347113841656448e-02  1.648716386788301e+00  3.210490496743472e+00  1.648716304352485e+00  1.163683013961565e-03 
 1.203999999999894e-02  1.656020000000000e+00  1.643980000000001e+00  3.253962088429828e+00  4.347061587895912e-02  1.648716352154393e+00  3.210491472550869e+00  1.648716269718580e+00  1.163680639567522e-03 
 1.204999999999901e-02  1.656025000000000e+00  1.643975000000001e+00  3.253962541302074e+00  4.347009313903192e-02  1.648716317220553e+00  3.210492448163042e+00  1.648716234784741e+00  1.163678264924593e-03 
 1.205999999999907e-02  1.656030000000000e+00  1.643970000000001e+00  3.253962993682919e+00  4.346957114322302e-02  1.648716282413071e+00  3.210493422539696e+00  1.648716199977261e+00  1.163675894556985e-03 
 1.206999999999914e-02  1.656035000000000e+00  1.643965000000001e+00  3.253963445567408e+00  4.346905235566231e-02  1.648716248961535e+00  3.210494393211745e+00  1.648716166525727e+00  1.163673537395222e-03 
 1.207999999999920e-02  1.656040000000000e+00  1.643960000000001e+00  3.253963896992790e+00  4.346853406064762e-02  1.648716215526719e+00  3.210495362932142e+00  1.648716133090912e+00  1.163671184764836e-03 
 1.208999999999882e-02  1.656045000000000e+00  1.643955000000001e+00  3.253964348017278e+00  4.346800831755643e-02  1.648716178167417e+00  3.210496339699722e+00  1.648716095731612e+00  1.163668795942942e-03 
 1.209999999999889e-02  1.656050000000000e+00  1.643950000000001e+00  3.253964798524516e+00  4.346749065036513e-02  1.648716144587441e+00  3.210497307874151e+00  1.648716062151637e+00  1.163666444381294e-03 
 1.210999999999895e-02  1.656055000000000e+00  1.643945000000001e+00  3.253965248559947e+00  4.346697120599652e-02  1.648716109882972e+00  3.210498277353950e+00  1.648716027447170e+00  1.163664084745909e-03 
 1.211999999999902e-02  1.656060000000000e+00  1.643940000000001e+00  3.253965698150922e+00  4.346645461341114e-02  1.648716076382166e+00  3.210499243537511e+00  1.648715993946367e+00  1.163661738627937e-03 
 1.212999999999909e-02  1.656065000000000e+00  1.643935000000001e+00  3.253966147312442e+00  4.346593269129550e-02  1.648716040001869e+00  3.210500214621146e+00  1.648715957566071e+00  1.163659367403505e-03 
 1.213999999999915e-02  1.656070000000000e+00  1.643930000000001e+00  3.253966595968266e+00  4.346541448889345e-02  1.648716005228580e+00  3.210501181479373e+00  1.648715922792784e+00  1.163657013431193e-03 
 1.214999999999922e-02  1.656075000000000e+00  1.643925000000001e+00  3.253967044175601e+00  4.346489809423564e-02  1.648715971134918e+00  3.210502146081366e+00  1.648715888699124e+00  1.163654667986701e-03 
 1.215999999999884e-02  1.656080000000000e+00  1.643920000000001e+00  3.253967491912722e+00  4.346438310521586e-02  1.648715937508969e+00  3.210503108807506e+00  1.648715855073176e+00  1.163652329027379e-03 
 1.216999999999890e-02  1.656085000000000e+00  1.643915000000001e+00  3.253967939226822e+00  4.346386447088001e-02  1.648715901848851e+00  3.210504074755942e+00  1.648715819413060e+00  1.163649972643127e-03 
 1.217999999999897e-02  1.656090000000000e+00  1.643910000000001e+00  3.253968386081451e+00  4.346334889717470e-02  1.648715867489313e+00  3.210505037184276e+00  1.648715785053524e+00  1.163647630470759e-03 
 1.218999999999903e-02  1.656095000000000e+00  1.643905000000001e+00  3.253968832458940e+00  4.346283484785233e-02  1.648715833653396e+00  3.210505997611087e+00  1.648715751217609e+00  1.163645295707701e-03 
 1.219999999999910e-02  1.656100000000000e+00  1.643900000000001e+00  3.253969278402623e+00  4.346232054001281e-02  1.648715799471318e+00  3.210506957862611e+00  1.648715717035532e+00  1.163642958899546e-03 
 1.220999999999917e-02  1.656105000000000e+00  1.643895000000001e+00  3.253969723895206e+00  4.346180560099924e-02  1.648715764748103e+00  3.210507918294207e+00  1.648715682312319e+00  1.163640619581835e-03 
 1.221999999999923e-02  1.656110000000000e+00  1.643890000000001e+00  3.253970168953882e+00  4.346129109837418e-02  1.648715730026128e+00  3.210508877855508e+00  1.648715647590346e+00  1.163638282450409e-03 
 1.222999999999885e-02  1.656115000000000e+00  1.643885000000001e+00  3.253970613543153e+00  4.346077713591773e-02  1.648715695339535e+00  3.210509836407235e+00  1.648715612903755e+00  1.163635948300383e-03 
 1.223999999999892e-02  1.656120000000000e+00  1.643880000000001e+00  3.253971057660922e+00  4.346026751370016e-02  1.648715662587311e+00  3.210510790147222e+00  1.648715580151532e+00  1.163633633661902e-03 
 1.224999999999898e-02  1.656125000000000e+00  1.643875000000001e+00  3.253971501379887e+00  4.345975581676091e-02  1.648715628598324e+00  3.210511745563126e+00  1.648715546162547e+00  1.163631309774466e-03 
 1.225999999999905e-02  1.656130000000000e+00  1.643870000000001e+00  3.253971944636058e+00  4.345924237993030e-02  1.648715593507994e+00  3.210512702256128e+00  1.648715511072218e+00  1.163628976542191e-03 
 1.226999999999911e-02  1.656135000000000e+00  1.643865000000001e+00  3.253972387441070e+00  4.345872992520536e-02  1.648715558683138e+00  3.210513657515865e+00  1.648715476247364e+00  1.163626647926914e-03 
 1.227999999999918e-02  1.656140000000000e+00  1.643860000000001e+00  3.253972829828322e+00  4.345821832430278e-02  1.648715524076312e+00  3.210514611504019e+00  1.648715441640540e+00  1.163624324701818e-03 
 1.228999999999880e-02  1.656145000000000e+00  1.643855000000001e+00  3.253973271749298e+00  4.345770826166760e-02  1.648715490005483e+00  3.210515563487630e+00  1.648715407569712e+00  1.163622006887931e-03 
 1.229999999999887e-02  1.656150000000000e+00  1.643850000000001e+00  3.253973713241364e+00  4.345719899164173e-02  1.648715456116503e+00  3.210516514249722e+00  1.648715373680734e+00  1.163619694258107e-03 
 1.230999999999893e-02  1.656155000000000e+00  1.643845000000001e+00  3.253974154259716e+00  4.345668955139805e-02  1.648715421905557e+00  3.210517464708318e+00  1.648715339469790e+00  1.163617379285407e-03 
 1.231999999999900e-02  1.656160000000000e+00  1.643840000000001e+00  3.253974594863712e+00  4.345618015914864e-02  1.648715387511430e+00  3.210518414704564e+00  1.648715305075665e+00  1.163615065333755e-03 
 1.232999999999906e-02  1.656165000000000e+00  1.643835000000001e+00  3.253975035032267e+00  4.345567288475957e-02  1.648715353958514e+00  3.210519362147508e+00  1.648715271522750e+00  1.163612760712679e-03 
 1.233999999999913e-02  1.656170000000000e+00  1.643830000000001e+00  3.253975474767598e+00  4.345516344334848e-02  1.648715319105473e+00  3.210520311324249e+00  1.648715236669711e+00  1.163610447009985e-03 
 1.234999999999919e-02  1.656175000000000e+00  1.643825000000001e+00  3.253975914064854e+00  4.345465620925017e-02  1.648715285137052e+00  3.210521257855603e+00  1.648715202701292e+00  1.163608142681381e-03 
 1.235999999999882e-02  1.656180000000000e+00  1.643820000000001e+00  3.253976352902656e+00  4.345415231116656e-02  1.648715252606911e+00  3.210522200591490e+00  1.648715170171153e+00  1.163605853895614e-03 
 1.236999999999888e-02  1.656185000000000e+00  1.643815000000001e+00  3.253976791360345e+00  4.345364191898608e-02  1.648715216639665e+00  3.210523149441359e+00  1.648715134203909e+00  1.163603534617344e-03 
 1.237999999999895e-02  1.656190000000000e+00  1.643810000000001e+00  3.253977229367710e+00  4.345313565945962e-02  1.648715182513585e+00  3.210524093708250e+00  1.648715100077830e+00  1.163601234594916e-03 
 1.238999999999901e-02  1.656195000000000e+00  1.643805000000001e+00  3.253977666910981e+00  4.345263224424366e-02  1.648715149577612e+00  3.210525034666737e+00  1.648715067141859e+00  1.163598947662971e-03 
 1.239999999999908e-02  1.656200000000000e+00  1.643800000000001e+00  3.253978104042187e+00  4.345212453901999e-02  1.648715114290604e+00  3.210525979503168e+00  1.648715031854852e+00  1.163596641683036e-03 
 1.240999999999914e-02  1.656205000000000e+00  1.643795000000001e+00  3.253978540729167e+00  4.345162365098402e-02  1.648715082190076e+00  3.210526917078183e+00  1.648714999754326e+00  1.163594366555405e-03 
 1.241999999999921e-02  1.656210000000000e+00  1.643790000000001e+00  3.253978977029984e+00  4.345111674432094e-02  1.648715046887153e+00  3.210527860285663e+00  1.648714964451404e+00  1.163592063493622e-03 
 1.242999999999883e-02  1.656215000000000e+00  1.643785000000001e+00  3.253979412902396e+00  4.345061197908039e-02  1.648715012440738e+00  3.210528800923316e+00  1.648714930004992e+00  1.163589769953738e-03 
 1.243999999999890e-02  1.656220000000000e+00  1.643780000000001e+00  3.253979848310030e+00  4.345010998125841e-02  1.648714979145644e+00  3.210529738328772e+00  1.648714896709900e+00  1.163587488999084e-03 
 1.244999999999896e-02  1.656225000000000e+00  1.643775000000001e+00  3.253980283315409e+00  4.344960712442070e-02  1.648714945219915e+00  3.210530676190988e+00  1.648714862784172e+00  1.163585204961295e-03 
 1.245999999999903e-02  1.656230000000000e+00  1.643770000000001e+00  3.253980717875389e+00  4.344910516936157e-02  1.648714911522375e+00  3.210531612706028e+00  1.648714829086634e+00  1.163582925185794e-03 
 1.246999999999909e-02  1.656235000000000e+00  1.643765000000001e+00  3.253981152051951e+00  4.344860107375481e-02  1.648714876562853e+00  3.210532550978196e+00  1.648714794127113e+00  1.163580634092190e-03 
 1.247999999999916e-02  1.656240000000000e+00  1.643760000000001e+00  3.253981585774988e+00  4.344809981205540e-02  1.648714842793522e+00  3.210533485962933e+00  1.648714760357784e+00  1.163578358020145e-03 
 1.248999999999922e-02  1.656245000000000e+00  1.643755000000001e+00  3.253982019082848e+00  4.344759885043413e-02  1.648714808966641e+00  3.210534420232414e+00  1.648714726530905e+00  1.163576081046660e-03 
 1.249999999999885e-02  1.656250000000000e+00  1.643750000000001e+00  3.253982452012678e+00  4.344709830327498e-02  1.648714775157976e+00  3.210535353709403e+00  1.648714692722242e+00  1.163573807163631e-03 
 1.250999999999891e-02  1.656255000000000e+00  1.643745000000001e+00  3.253982884463558e+00  4.344659860027278e-02  1.648714741531915e+00  3.210536285863285e+00  1.648714659096183e+00  1.163571537195019e-03 
 1.251999999999898e-02  1.656260000000000e+00  1.643740000000001e+00  3.253983316513097e+00  4.344609914168813e-02  1.648714707827393e+00  3.210537217371409e+00  1.648714625391662e+00  1.163569268144234e-03 
 1.252999999999904e-02  1.656265000000000e+00  1.643735000000001e+00  3.253983748149480e+00  4.344559996050906e-02  1.648714674054995e+00  3.210538148188971e+00  1.648714591619265e+00  1.163566999549086e-03 
 1.253999999999911e-02  1.656270000000000e+00  1.643730000000001e+00  3.253984179388148e+00  4.344510195612873e-02  1.648714640672138e+00  3.210539077432020e+00  1.648714558236411e+00  1.163564738192919e-03 
 1.254999999999917e-02  1.656275000000000e+00  1.643725000000001e+00  3.253984610179759e+00  4.344460299393018e-02  1.648714606586845e+00  3.210540007185829e+00  1.648714524151119e+00  1.163562470364234e-03 
 1.255999999999879e-02  1.656280000000000e+00  1.643720000000001e+00  3.253985040591349e+00  4.344410456564121e-02  1.648714572578495e+00  3.210540936025708e+00  1.648714490142771e+00  1.163560206960157e-03 
 1.256999999999886e-02  1.656285000000000e+00  1.643715000000001e+00  3.253985470575406e+00  4.344360663126362e-02  1.648714538603335e+00  3.210541863944142e+00  1.648714456167612e+00  1.163557943810491e-03 
 1.257999999999893e-02  1.656290000000000e+00  1.643710000000001e+00  3.253985900144571e+00  4.344310849204863e-02  1.648714504318310e+00  3.210542791652523e+00  1.648714421882589e+00  1.163555680009301e-03 
 1.258999999999899e-02  1.656295000000000e+00  1.643705000000001e+00  3.253986329307481e+00  4.344261331224537e-02  1.648714471309863e+00  3.210543715995236e+00  1.648714388874144e+00  1.163553430354465e-03 
 1.259999999999906e-02  1.656300000000000e+00  1.643700000000001e+00  3.253986758052516e+00  4.344211652600401e-02  1.648714437289260e+00  3.210544641526512e+00  1.648714354853542e+00  1.163551173544207e-03 
 1.260999999999912e-02  1.656305000000000e+00  1.643695000000001e+00  3.253987186396639e+00  4.344162248856135e-02  1.648714404442600e+00  3.210545563908078e+00  1.648714322006884e+00  1.163548929537049e-03 
 1.261999999999919e-02  1.656310000000000e+00  1.643690000000001e+00  3.253987614345792e+00  4.344112598440407e-02  1.648714370165098e+00  3.210546488361388e+00  1.648714287729384e+00  1.163546672978201e-03 
 1.262999999999881e-02  1.656315000000000e+00  1.643685000000001e+00  3.253988041872142e+00  4.344063125491681e-02  1.648714336563529e+00  3.210547410617225e+00  1.648714254127817e+00  1.163544426182580e-03 
 1.263999999999887e-02  1.656320000000000e+00  1.643680000000001e+00  3.253988468984678e+00  4.344013842787253e-02  1.648714303706275e+00  3.210548330556806e+00  1.648714221270564e+00  1.163542186569749e-03 
 1.264999999999894e-02  1.656325000000000e+00  1.643675000000001e+00  3.253988895726927e+00  4.343964226572661e-02  1.648714268996327e+00  3.210549253461200e+00  1.648714186560617e+00  1.163539931908119e-03 
 1.265999999999901e-02  1.656330000000000e+00  1.643670000000001e+00  3.253989322036819e+00  4.343914864136701e-02  1.648714235339093e+00  3.210550173395452e+00  1.648714152903386e+00  1.163537688901925e-03 
 1.266999999999907e-02  1.656335000000000e+00  1.643665000000001e+00  3.253989747942444e+00  4.343865676508411e-02  1.648714202353764e+00  3.210551091177360e+00  1.648714119918058e+00  1.163535454561623e-03 
 1.267999999999914e-02  1.656340000000000e+00  1.643660000000001e+00  3.253990173465014e+00  4.343816299619212e-02  1.648714168230603e+00  3.210552010468822e+00  1.648714085794899e+00  1.163533212149937e-03 
 1.268999999999920e-02  1.656345000000000e+00  1.643655000000001e+00  3.253990598564740e+00  4.343767260563015e-02  1.648714135585185e+00  3.210552925959110e+00  1.648714053149482e+00  1.163530983552788e-03 
 1.269999999999882e-02  1.656350000000000e+00  1.643650000000001e+00  3.253991023274276e+00  4.343717939692796e-02  1.648714101335602e+00  3.210553843877348e+00  1.648714018899901e+00  1.163528743064489e-03 
 1.270999999999889e-02  1.656355000000000e+00  1.643645000000001e+00  3.253991447592990e+00  4.343668708025058e-02  1.648714067336620e+00  3.210554760512739e+00  1.648713984900921e+00  1.163526505753514e-03 
 1.271999999999895e-02  1.656360000000000e+00  1.643640000000001e+00  3.253991871483873e+00  4.343619731261203e-02  1.648714034398242e+00  3.210555674171261e+00  1.648713951962545e+00  1.163524280748325e-03 
 1.272999999999902e-02  1.656365000000000e+00  1.643635000000001e+00  3.253992295013315e+00  4.343570718515410e-02  1.648714001099234e+00  3.210556587828161e+00  1.648713918663539e+00  1.163522052550900e-03 
 1.273999999999909e-02  1.656370000000000e+00  1.643630000000001e+00  3.253992718136520e+00  4.343521760514269e-02  1.648713967870832e+00  3.210557500531377e+00  1.648713885435137e+00  1.163519829329211e-03 
 1.274999999999915e-02  1.656375000000000e+00  1.643625000000001e+00  3.253993140863511e+00  4.343472886390479e-02  1.648713934863708e+00  3.210558411999606e+00  1.648713852428015e+00  1.163517608775655e-03 
 1.275999999999922e-02  1.656380000000000e+00  1.643620000000001e+00  3.253993563185723e+00  4.343423923387387e-02  1.648713901209799e+00  3.210559323951849e+00  1.648713818774108e+00  1.163515383694469e-03 
 1.276999999999884e-02  1.656385000000000e+00  1.643615000000001e+00  3.253993985141256e+00  4.343374774232979e-02  1.648713866441793e+00  3.210560237398926e+00  1.648713784006104e+00  1.163513149602137e-03 
 1.277999999999890e-02  1.656390000000000e+00  1.643610000000001e+00  3.253994406685645e+00  4.343326165652756e-02  1.648713834171086e+00  3.210561145029117e+00  1.648713751735399e+00  1.163510942230537e-03 
 1.278999999999897e-02  1.656395000000000e+00  1.643605000000001e+00  3.253994827845065e+00  4.343277306702513e-02  1.648713800456045e+00  3.210562054778039e+00  1.648713718020359e+00  1.163508721761946e-03 
 1.279999999999903e-02  1.656400000000000e+00  1.643600000000001e+00  3.253995248606762e+00  4.343228594962144e-02  1.648713767278192e+00  3.210562962657141e+00  1.648713684842508e+00  1.163506508900258e-03 
 1.280999999999910e-02  1.656405000000000e+00  1.643595000000001e+00  3.253995668963025e+00  4.343179933486014e-02  1.648713734148943e+00  3.210563869628165e+00  1.648713651713260e+00  1.163504297899133e-03 
 1.281999999999917e-02  1.656410000000000e+00  1.643590000000001e+00  3.253996088962924e+00  4.343131169949619e-02  1.648713700331210e+00  3.210564777263428e+00  1.648713617895529e+00  1.163502082076954e-03 
 1.282999999999879e-02  1.656415000000000e+00  1.643585000000001e+00  3.253996508560376e+00  4.343082610894509e-02  1.648713667334661e+00  3.210565682451431e+00  1.648713584898981e+00  1.163499875373478e-03 
 1.283999999999885e-02  1.656420000000000e+00  1.643580000000001e+00  3.253996927743308e+00  4.343033929818030e-02  1.648713633520744e+00  3.210566588445127e+00  1.648713551085067e+00  1.163497662750701e-03 
 1.284999999999892e-02  1.656425000000000e+00  1.643575000000001e+00  3.253997346608193e+00  4.342985332149123e-02  1.648713599964842e+00  3.210567493286701e+00  1.648713517529166e+00  1.163495454845216e-03 
 1.285999999999898e-02  1.656430000000000e+00  1.643570000000001e+00  3.253997765025141e+00  4.342936896411558e-02  1.648713566994628e+00  3.210568396061025e+00  1.648713484558954e+00  1.163493254189653e-03 
 1.286999999999905e-02  1.656435000000000e+00  1.643565000000001e+00  3.253998183076054e+00  4.342888684305494e-02  1.648713534959554e+00  3.210569296232999e+00  1.648713452523882e+00  1.163491063459320e-03 
 1.287999999999911e-02  1.656440000000000e+00  1.643560000000001e+00  3.253998600739390e+00  4.342840275269306e-02  1.648713501746041e+00  3.210570197986697e+00  1.648713419310370e+00  1.163488864919548e-03 
 1.288999999999918e-02  1.656445000000000e+00  1.643555000000001e+00  3.253999018035025e+00  4.342791809524320e-02  1.648713468065134e+00  3.210571099939782e+00  1.648713385629465e+00  1.163486661963934e-03 
 1.289999999999880e-02  1.656450000000000e+00  1.643550000000001e+00  3.253999434945527e+00  4.342743343962528e-02  1.648713434192576e+00  3.210572001505902e+00  1.648713351756909e+00  1.163484459809053e-03 
 1.290999999999887e-02  1.656455000000000e+00  1.643545000000001e+00  3.253999851488429e+00  4.342694973103196e-02  1.648713400609731e+00  3.210572901757398e+00  1.648713318174065e+00  1.163482261640094e-03 
 1.291999999999893e-02  1.656460000000000e+00  1.643540000000001e+00  3.254000267619580e+00  4.342646848417025e-02  1.648713368051875e+00  3.210573799135410e+00  1.648713285616211e+00  1.163480074584999e-03 
 1.292999999999900e-02  1.656465000000000e+00  1.643535000000001e+00  3.254000683404826e+00  4.342598524654662e-02  1.648713334325686e+00  3.210574698158279e+00  1.648713251890024e+00  1.163477878945954e-03 
 1.293999999999906e-02  1.656470000000000e+00  1.643530000000001e+00  3.254001098791436e+00  4.342550313648046e-02  1.648713300963958e+00  3.210575595654956e+00  1.648713218528297e+00  1.163475688357413e-03 
 1.294999999999913e-02  1.656475000000000e+00  1.643525000000001e+00  3.254001513787110e+00  4.342502285149358e-02  1.648713268319302e+00  3.210576490935617e+00  1.648713185883643e+00  1.163473506660714e-03 
 1.295999999999919e-02  1.656480000000000e+00  1.643520000000001e+00  3.254001928456887e+00  4.342454048424538e-02  1.648713234470566e+00  3.210577387972641e+00  1.648713152034909e+00  1.163471313190250e-03 
 1.296999999999882e-02  1.656485000000000e+00  1.643515000000001e+00  3.254002342671587e+00  4.342406229372993e-02  1.648713202482659e+00  3.210578280377857e+00  1.648713120047003e+00  1.163469142315509e-03 
 1.297999999999888e-02  1.656490000000000e+00  1.643510000000001e+00  3.254002756581225e+00  4.342357859444101e-02  1.648713167587833e+00  3.210579177986784e+00  1.648713085152179e+00  1.163466942853696e-03 
 1.298999999999895e-02  1.656495000000000e+00  1.643505000000001e+00  3.254003170100343e+00  4.342310149803240e-02  1.648713135799188e+00  3.210580068602310e+00  1.648713053363535e+00  1.163464775219337e-03 
 1.299999999999901e-02  1.656500000000000e+00  1.643500000000001e+00  3.254003583235325e+00  4.342262216734999e-02  1.648713102701338e+00  3.210580961067975e+00  1.648713020265687e+00  1.163462597328173e-03 
 1.300999999999908e-02  1.656505000000000e+00  1.643495000000001e+00  3.254003996003268e+00  4.342214334922253e-02  1.648713069676245e+00  3.210581852654045e+00  1.648712987240596e+00  1.163460420574633e-03 
 1.301999999999914e-02  1.656510000000000e+00  1.643490000000001e+00  3.254004408387773e+00  4.342166465696746e-02  1.648713036522371e+00  3.210582743730806e+00  1.648712954086723e+00  1.163458245768928e-03 
 1.302999999999921e-02  1.656515000000000e+00  1.643485000000001e+00  3.254004820416657e+00  4.342118805462494e-02  1.648713004235641e+00  3.210583632362032e+00  1.648712921799995e+00  1.163456081342471e-03 
 1.303999999999883e-02  1.656520000000000e+00  1.643480000000001e+00  3.254005232075015e+00  4.342070916590222e-02  1.648712970620459e+00  3.210584522909113e+00  1.648712888184814e+00  1.163453904124422e-03 
 1.304999999999890e-02  1.656525000000000e+00  1.643475000000001e+00  3.254005643365592e+00  4.342023088670455e-02  1.648712937126148e+00  3.210585412478887e+00  1.648712854690505e+00  1.163451731359321e-03 
 1.305999999999896e-02  1.656530000000000e+00  1.643470000000001e+00  3.254006054287824e+00  4.341975331352239e-02  1.648712903800673e+00  3.210586300974302e+00  1.648712821365032e+00  1.163449560501647e-03 
 1.306999999999903e-02  1.656535000000000e+00  1.643465000000001e+00  3.254006464845197e+00  4.341928001093856e-02  1.648712872428068e+00  3.210587184834258e+00  1.648712789992428e+00  1.163447410237858e-03 
 1.307999999999909e-02  1.656540000000000e+00  1.643460000000001e+00  3.254006875027001e+00  4.341880240847378e-02  1.648712838717737e+00  3.210588072618527e+00  1.648712756282099e+00  1.163445240144012e-03 
 1.308999999999916e-02  1.656545000000000e+00  1.643455000000001e+00  3.254007284848083e+00  4.341832617691857e-02  1.648712805512501e+00  3.210588958671165e+00  1.648712723076865e+00  1.163443075828134e-03 
 1.309999999999878e-02  1.656550000000000e+00  1.643450000000001e+00  3.254007694291522e+00  4.341785203105754e-02  1.648712773161290e+00  3.210589842260465e+00  1.648712690725655e+00  1.163440920686368e-03 
 1.310999999999884e-02  1.656555000000000e+00  1.643445000000001e+00  3.254008103389241e+00  4.341737643413653e-02  1.648712739911689e+00  3.210590726955104e+00  1.648712657476056e+00  1.163438758591846e-03 
 1.311999999999891e-02  1.656560000000000e+00  1.643440000000001e+00  3.254008512124541e+00  4.341690012914439e-02  1.648712706126843e+00  3.210591611995397e+00  1.648712623691212e+00  1.163436594457053e-03 
 1.312999999999898e-02  1.656565000000000e+00  1.643435000000001e+00  3.254008920488462e+00  4.341642782264730e-02  1.648712674155555e+00  3.210592492665815e+00  1.648712591719925e+00  1.163434448779599e-03 
 1.313999999999904e-02  1.656570000000000e+00  1.643430000000001e+00  3.254009328500647e+00  4.341595332899773e-02  1.648712640914822e+00  3.210593375171649e+00  1.648712558479194e+00  1.163432292576606e-03 
 1.314999999999911e-02  1.656575000000000e+00  1.643425000000001e+00  3.254009736130528e+00  4.341548285636684e-02  1.648712609493447e+00  3.210594253274161e+00  1.648712527057821e+00  1.163430155364586e-03 
 1.315999999999917e-02  1.656580000000000e+00  1.643420000000001e+00  3.254010143444455e+00  4.341500715506917e-02  1.648712575299762e+00  3.210595136289387e+00  1.648712492864138e+00  1.163427991752213e-03 
 1.316999999999879e-02  1.656585000000000e+00  1.643415000000001e+00  3.254010550338598e+00  4.341453580090449e-02  1.648712543069751e+00  3.210596014537694e+00  1.648712460634128e+00  1.163425850869473e-03 
 1.317999999999886e-02  1.656590000000000e+00  1.643410000000001e+00  3.254010956913708e+00  4.341406639194195e-02  1.648712511652825e+00  3.210596890521766e+00  1.648712429217204e+00  1.163423718295843e-03 
 1.318999999999892e-02  1.656595000000000e+00  1.643405000000001e+00  3.254011363122665e+00  4.341359255261643e-02  1.648712477837641e+00  3.210597770570049e+00  1.648712395402021e+00  1.163421564265628e-03 
 1.319999999999899e-02  1.656600000000000e+00  1.643400000000001e+00  3.254011768990698e+00  4.341311913166954e-02  1.648712444061184e+00  3.210598649859028e+00  1.648712361625566e+00  1.163419412652059e-03 
 1.320999999999906e-02  1.656605000000000e+00  1.643395000000001e+00  3.254012174486086e+00  4.341265095184884e-02  1.648712412718968e+00  3.210599523534237e+00  1.648712330283351e+00  1.163417285702494e-03 
 1.321999999999912e-02  1.656610000000000e+00  1.643390000000001e+00  3.254012579613738e+00  4.341218129009142e-02  1.648712380451915e+00  3.210600398323646e+00  1.648712298016300e+00  1.163415151531877e-03 
 1.322999999999919e-02  1.656615000000000e+00  1.643385000000001e+00  3.254012984421413e+00  4.341170785928682e-02  1.648712346140350e+00  3.210601276562127e+00  1.648712263704737e+00  1.163412998815311e-03 
 1.323999999999881e-02  1.656620000000000e+00  1.643380000000001e+00  3.254013388843391e+00  4.341123979128923e-02  1.648712314317340e+00  3.210602149052102e+00  1.648712231881728e+00  1.163410872421839e-03 
 1.324999999999887e-02  1.656625000000000e+00  1.643375000000001e+00  3.254013792918631e+00  4.341077190407495e-02  1.648712282411353e+00  3.210603021014556e+00  1.648712199975743e+00  1.163408746886032e-03 
 1.325999999999894e-02  1.656630000000000e+00  1.643370000000001e+00  3.254014196678429e+00  4.341029990446613e-02  1.648712248291448e+00  3.210603896773963e+00  1.648712165855839e+00  1.163406600076363e-03 
 1.326999999999900e-02  1.656635000000000e+00  1.643365000000001e+00  3.254014600039832e+00  4.340983233321664e-02  1.648712216186524e+00  3.210604767706616e+00  1.648712133750918e+00  1.163404475171228e-03 
 1.327999999999907e-02  1.656640000000000e+00  1.643360000000001e+00  3.254015003063469e+00  4.340936448245649e-02  1.648712183772963e+00  3.210605638581012e+00  1.648712101337358e+00  1.163402349909007e-03 
 1.328999999999914e-02  1.656645000000000e+00  1.643355000000001e+00  3.254015405757383e+00  4.340889545436794e-02  1.648712150605875e+00  3.210606510303015e+00  1.648712068170272e+00  1.163400217732609e-03 
 1.329999999999920e-02  1.656650000000000e+00  1.643350000000001e+00  3.254015808074652e+00  4.340843069398476e-02  1.648712119384318e+00  3.210607377380667e+00  1.648712036948716e+00  1.163398106463256e-03 
 1.330999999999882e-02  1.656655000000000e+00  1.643345000000001e+00  3.254016210080530e+00  4.340796092293674e-02  1.648712085501733e+00  3.210608249157594e+00  1.648712003066134e+00  1.163395970795105e-03 
 1.331999999999889e-02  1.656660000000000e+00  1.643340000000001e+00  3.254016611717216e+00  4.340749385213462e-02  1.648712052784675e+00  3.210609117865082e+00  1.648711970349077e+00  1.163393848719297e-03 
 1.332999999999895e-02  1.656665000000000e+00  1.643335000000001e+00  3.254017013012954e+00  4.340702917597952e-02  1.648712021094467e+00  3.210609983836974e+00  1.648711938658870e+00  1.163391737294674e-03 
 1.333999999999902e-02  1.656670000000000e+00  1.643330000000001e+00  3.254017413976748e+00  4.340656038142208e-02  1.648711987179085e+00  3.210610853595325e+00  1.648711904743490e+00  1.163389605193629e-03 
 1.334999999999908e-02  1.656675000000000e+00  1.643325000000001e+00  3.254017814552959e+00  4.340609552606901e-02  1.648711955039514e+00  3.210611719026890e+00  1.648711872603920e+00  1.163387492713127e-03 
 1.335999999999915e-02  1.656680000000000e+00  1.643320000000001e+00  3.254018214831054e+00  4.340562861548827e-02  1.648711921723271e+00  3.210612586215566e+00  1.648711839287679e+00  1.163385370544217e-03 
 1.336999999999877e-02  1.656685000000000e+00  1.643315000000001e+00  3.254018614727186e+00  4.340516485331977e-02  1.648711889790253e+00  3.210613449873867e+00  1.648711807354663e+00  1.163383263613201e-03 
 1.337999999999884e-02  1.656690000000000e+00  1.643310000000001e+00  3.254019014281478e+00  4.340470274365291e-02  1.648711858512566e+00  3.210614311537825e+00  1.648711776076977e+00  1.163381163403058e-03 
 1.338999999999890e-02  1.656695000000000e+00  1.643305000000001e+00  3.254019413536907e+00  4.340423551956749e-02  1.648711824528238e+00  3.210615178017340e+00  1.648711742092650e+00  1.163379039804647e-03 
 1.339999999999897e-02  1.656700000000000e+00  1.643300000000001e+00  3.254019812407384e+00  4.340377497326076e-02  1.648711793690322e+00  3.210616037434123e+00  1.648711711254737e+00  1.163376946288165e-03 
 1.340999999999903e-02  1.656705000000000e+00  1.643295000000001e+00  3.254020210952659e+00  4.340331027946288e-02  1.648711760616061e+00  3.210616900673196e+00  1.648711678180477e+00  1.163374834691154e-03 
 1.341999999999910e-02  1.656710000000000e+00  1.643290000000001e+00  3.254020609165681e+00  4.340284710314508e-02  1.648711728134413e+00  3.210617762062536e+00  1.648711645698831e+00  1.163372730243743e-03 
 1.342999999999916e-02  1.656715000000000e+00  1.643285000000001e+00  3.254021007026957e+00  4.340238525402092e-02  1.648711696140489e+00  3.210618621772936e+00  1.648711613704908e+00  1.163370630974045e-03 
 1.343999999999879e-02  1.656720000000000e+00  1.643280000000001e+00  3.254021404576725e+00  4.340192113144920e-02  1.648711662854087e+00  3.210619483445276e+00  1.648711580418508e+00  1.163368521872719e-03 
 1.344999999999885e-02  1.656725000000000e+00  1.643275000000001e+00  3.254021801765611e+00  4.340145997088943e-02  1.648711630868250e+00  3.210620341794721e+00  1.648711548432673e+00  1.163366424877909e-03 
 1.345999999999892e-02  1.656730000000000e+00  1.643270000000001e+00  3.254022198617386e+00  4.340099762478066e-02  1.648711598121083e+00  3.210621200992605e+00  1.648711515685508e+00  1.163364324445483e-03 
 1.346999999999898e-02  1.656735000000000e+00  1.643265000000001e+00  3.254022595132587e+00  4.340053790018424e-02  1.648711566516386e+00  3.210622057232403e+00  1.648711484080811e+00  1.163362234815891e-03 
 1.347999999999905e-02  1.656740000000000e+00  1.643260000000001e+00  3.254022991322122e+00  4.340007558926175e-02  1.648711533455692e+00  3.210622915732860e+00  1.648711451020119e+00  1.163360133285837e-03 
 1.348999999999911e-02  1.656745000000000e+00  1.643255000000001e+00  3.254023387159524e+00  4.339961365589543e-02  1.648711500407710e+00  3.210623773503628e+00  1.648711417972139e+00  1.163358033486199e-03 
 1.349999999999918e-02  1.656750000000000e+00  1.643250000000001e+00  3.254023782682205e+00  4.339915476910911e-02  1.648711468725657e+00  3.210624627913096e+00  1.648711386290088e+00  1.163355948262108e-03 
 1.350999999999880e-02  1.656755000000000e+00  1.643245000000001e+00  3.254024177856362e+00  4.339869436487442e-02  1.648711436110618e+00  3.210625483491488e+00  1.648711353675051e+00  1.163353855825728e-03 
 1.351999999999887e-02  1.656760000000000e+00  1.643240000000001e+00  3.254024572707114e+00  4.339823810903022e-02  1.648711405408072e+00  3.210626334598083e+00  1.648711322972506e+00  1.163351781594485e-03 
 1.352999999999893e-02  1.656765000000000e+00  1.643235000000001e+00  3.254024967233347e+00  4.339777763919721e-02  1.648711372436272e+00  3.210627189594150e+00  1.648711290000708e+00  1.163349689203450e-03 
 1.353999999999900e-02  1.656770000000000e+00  1.643230000000001e+00  3.254025361422566e+00  4.339731818250521e-02  1.648711339802536e+00  3.210628043240061e+00  1.648711257366973e+00  1.163347601712852e-03 
 1.354999999999906e-02  1.656775000000000e+00  1.643225000000001e+00  3.254025755280157e+00  4.339686080363644e-02  1.648711308041897e+00  3.210628894476521e+00  1.648711225606335e+00  1.163345522765458e-03 
 1.355999999999913e-02  1.656780000000000e+00  1.643220000000001e+00  3.254026148795746e+00  4.339640173275949e-02  1.648711275264253e+00  3.210629747062986e+00  1.648711192828693e+00  1.163343435756027e-03 
 1.356999999999875e-02  1.656785000000000e+00  1.643215000000001e+00  3.254026541992353e+00  4.339594417205804e-02  1.648711243082206e+00  3.210630597820295e+00  1.648711160646647e+00  1.163341355794411e-03 
 1.357999999999882e-02  1.656790000000000e+00  1.643210000000001e+00  3.254026934876042e+00  4.339548539364768e-02  1.648711210134845e+00  3.210631449482395e+00  1.648711127699289e+00  1.163339270377087e-03 
 1.358999999999888e-02  1.656795000000000e+00  1.643205000000001e+00  3.254027327424080e+00  4.339503014410548e-02  1.648711178784093e+00  3.210632297279975e+00  1.648711096348538e+00  1.163337202148700e-03 
 1.359999999999895e-02  1.656800000000000e+00  1.643200000000001e+00  3.254027719627965e+00  4.339457340034492e-02  1.648711146514155e+00  3.210633146227620e+00  1.648711064078602e+00  1.163335125554671e-03 
 1.360999999999901e-02  1.656805000000000e+00  1.643195000000001e+00  3.254028111516628e+00  4.339411676697242e-02  1.648711114141800e+00  3.210633994749656e+00  1.648711031706249e+00  1.163333050413728e-03 
 1.361999999999908e-02  1.656810000000000e+00  1.643190000000001e+00  3.254028503072432e+00  4.339366252860375e-02  1.648711082800518e+00  3.210634840543828e+00  1.648711000364968e+00  1.163330986087825e-03 
 1.362999999999914e-02  1.656815000000000e+00  1.643185000000001e+00  3.254028894313084e+00  4.339320571001457e-02  1.648711050011549e+00  3.210635688603070e+00  1.648710967576001e+00  1.163328909042674e-03 
 1.363999999999876e-02  1.656820000000000e+00  1.643180000000001e+00  3.254029285222937e+00  4.339275102978846e-02  1.648711018126363e+00  3.210636534193148e+00  1.648710935690816e+00  1.163326842801341e-03 
 1.364999999999883e-02  1.656825000000000e+00  1.643175000000001e+00  3.254029675821006e+00  4.339229473953973e-02  1.648710985280273e+00  3.210637381081466e+00  1.648710902844728e+00  1.163324768117695e-03 
 1.365999999999890e-02  1.656830000000000e+00  1.643170000000001e+00  3.254030066096713e+00  4.339184148592865e-02  1.648710953791321e+00  3.210638224610784e+00  1.648710871355777e+00  1.163322708526185e-03 
 1.366999999999896e-02  1.656835000000000e+00  1.643165000000001e+00  3.254030456051995e+00  4.339138498050150e-02  1.648710920516248e+00  3.210639071071493e+00  1.648710838080706e+00  1.163320632701433e-03 
 1.367999999999903e-02  1.656840000000000e+00  1.643160000000001e+00  3.254030845684272e+00  4.339093276639984e-02  1.648710889225336e+00  3.210639912917872e+00  1.648710806789796e+00  1.163318577087063e-03 
 1.368999999999909e-02  1.656845000000000e+00  1.643155000000001e+00  3.254031234956023e+00  4.339048065561223e-02  1.648710857805818e+00  3.210640754300411e+00  1.648710775370279e+00  1.163316522843792e-03 
 1.369999999999916e-02  1.656850000000000e+00  1.643150000000001e+00  3.254031623956774e+00  4.339002536908183e-02  1.648710824662928e+00  3.210641598587692e+00  1.648710742227391e+00  1.163314452465167e-03 
 1.370999999999878e-02  1.656855000000000e+00  1.643145000000001e+00  3.254032012620906e+00  4.338957466018889e-02  1.648710793640547e+00  3.210642437960717e+00  1.648710711205012e+00  1.163312405190590e-03 
 1.371999999999884e-02  1.656860000000000e+00  1.643140000000001e+00  3.254032400970061e+00  4.338912105668802e-02  1.648710761013374e+00  3.210643279913373e+00  1.648710678577840e+00  1.163310342926233e-03 
 1.372999999999891e-02  1.656865000000000e+00  1.643135000000001e+00  3.254032788999381e+00  4.338866960136373e-02  1.648710729300372e+00  3.210644119398017e+00  1.648710646864840e+00  1.163308290631180e-03 
 1.373999999999898e-02  1.656870000000000e+00  1.643130000000001e+00  3.254033176704217e+00  4.338821836800228e-02  1.648710697536109e+00  3.210644958336215e+00  1.648710615100579e+00  1.163306239731789e-03 
 1.374999999999904e-02  1.656875000000000e+00  1.643125000000001e+00  3.254033564108468e+00  4.338776589802373e-02  1.648710665003246e+00  3.210645798210444e+00  1.648710582567717e+00  1.163304183268640e-03 
 1.375999999999911e-02  1.656880000000000e+00  1.643120000000001e+00  3.254033951161128e+00  4.338731645796164e-02  1.648710633809545e+00  3.210646634703166e+00  1.648710551374017e+00  1.163302139862134e-03 
 1.376999999999917e-02  1.656885000000000e+00  1.643115000000001e+00  3.254034337913649e+00  4.338686645321604e-02  1.648710602183433e+00  3.210647471460433e+00  1.648710519747907e+00  1.163300095034983e-03 
 1.377999999999879e-02  1.656890000000000e+00  1.643110000000001e+00  3.254034724377338e+00  4.338641412150856e-02  1.648710569249423e+00  3.210648310255829e+00  1.648710486813899e+00  1.163298038237062e-03 
 1.378999999999886e-02  1.656895000000000e+00  1.643105000000001e+00  3.254035110506384e+00  4.338596489135564e-02  1.648710537698870e+00  3.210649145615028e+00  1.648710455263347e+00  1.163295996450288e-03 
 1.379999999999892e-02  1.656900000000000e+00  1.643100000000001e+00  3.254035496334333e+00  4.338551409106402e-02  1.648710505212698e+00  3.210649982243269e+00  1.648710422777177e+00  1.163293948031255e-03 
 1.380999999999899e-02  1.656905000000000e+00  1.643095000000001e+00  3.254035881864129e+00  4.338506181143200e-02  1.648710471837781e+00  3.210650820052697e+00  1.648710389402261e+00  1.163291890845990e-03 
 1.381999999999906e-02  1.656910000000000e+00  1.643090000000001e+00  3.254036267032388e+00  4.338461568535219e-02  1.648710441358870e+00  3.210651651347036e+00  1.648710358923352e+00  1.163289863756981e-03 
 1.382999999999912e-02  1.656915000000000e+00  1.643085000000001e+00  3.254036651942669e+00  4.338416391650355e-02  1.648710407929586e+00  3.210652488026165e+00  1.648710325494070e+00  1.163287810107803e-03 
 1.383999999999874e-02  1.656920000000000e+00  1.643080000000001e+00  3.254037036483325e+00  4.338372018911676e-02  1.648710378336221e+00  3.210653316294208e+00  1.648710295900706e+00  1.163285794252088e-03 
 1.384999999999881e-02  1.656925000000000e+00  1.643075000000001e+00  3.254037420755958e+00  4.338327092407222e-02  1.648710345840015e+00  3.210654149831886e+00  1.648710263404502e+00  1.163283751061882e-03 
 1.385999999999887e-02  1.656930000000000e+00  1.643070000000001e+00  3.254037804731484e+00  4.338282253364135e-02  1.648710313632563e+00  3.210654982197843e+00  1.648710231197051e+00  1.163281711830649e-03 
 1.386999999999894e-02  1.656935000000000e+00  1.643065000000001e+00  3.254038188338527e+00  4.338237550527285e-02  1.648710281921900e+00  3.210655812833254e+00  1.648710199486390e+00  1.163279680408159e-03 
 1.387999999999900e-02  1.656940000000000e+00  1.643060000000001e+00  3.254038571679415e+00  4.338192857835685e-02  1.648710250128886e+00  3.210656643101058e+00  1.648710167693378e+00  1.163277648995239e-03 
 1.388999999999907e-02  1.656945000000000e+00  1.643055000000001e+00  3.254038954722650e+00  4.338148248588521e-02  1.648710218604267e+00  3.210657472236765e+00  1.648710136168761e+00  1.163275622057761e-03 
 1.389999999999914e-02  1.656950000000000e+00  1.643050000000001e+00  3.254039337447878e+00  4.338103541605249e-02  1.648710186431965e+00  3.210658302031825e+00  1.648710103996460e+00  1.163273588829350e-03 
 1.390999999999876e-02  1.656955000000000e+00  1.643045000000001e+00  3.254039719856776e+00  4.338059038278431e-02  1.648710155119780e+00  3.210659129473992e+00  1.648710072684277e+00  1.163271566326504e-03 
 1.391999999999882e-02  1.656960000000000e+00  1.643040000000001e+00  3.254040101974985e+00  4.338014593997099e-02  1.648710123957478e+00  3.210659956035014e+00  1.648710041521976e+00  1.163269546559643e-03 
 1.392999999999889e-02  1.656965000000000e+00  1.643035000000001e+00  3.254040483758394e+00  4.337969916112717e-02  1.648710091459761e+00  3.210660784597267e+00  1.648710009024260e+00  1.163267514294511e-03 
 1.393999999999895e-02  1.656970000000000e+00  1.643030000000001e+00  3.254040865273577e+00  4.337925275200500e-02  1.648710059012791e+00  3.210661612521573e+00  1.648709976577293e+00  1.163265485691907e-03 
 1.394999999999902e-02  1.656975000000000e+00  1.643025000000001e+00  3.254041246449955e+00  4.337881046747807e-02  1.648710028458716e+00  3.210662435982476e+00  1.648709946023219e+00  1.163263475742581e-03 
 1.395999999999908e-02  1.656980000000000e+00  1.643020000000001e+00  3.254041627330276e+00  4.337836845013825e-02  1.648709997890207e+00  3.210663258880138e+00  1.648709915454711e+00  1.163261466168781e-03 
 1.396999999999915e-02  1.656985000000000e+00  1.643015000000001e+00  3.254042007928903e+00  4.337792156509459e-02  1.648709964746998e+00  3.210664086363808e+00  1.648709882311505e+00  1.163259434372281e-03 
 1.397999999999877e-02  1.656990000000000e+00  1.643010000000001e+00  3.254042388216025e+00  4.337747774616957e-02  1.648709932981097e+00  3.210664910469855e+00  1.648709850545605e+00  1.163257416798500e-03 
 1.398999999999884e-02  1.656995000000000e+00  1.643005000000001e+00  3.254042768212980e+00  4.337703247720121e-02  1.648709900345091e+00  3.210665735735779e+00  1.648709817909600e+00  1.163255393523617e-03 
 1.399999999999890e-02  1.657000000000000e+00  1.643000000000001e+00  3.254043147874203e+00  4.337659169418370e-02  1.648709869784194e+00  3.210666556180020e+00  1.648709787348704e+00  1.163253389039368e-03 
 1.400999999999897e-02  1.657005000000000e+00  1.642995000000001e+00  3.254043527263459e+00  4.337614757831485e-02  1.648709837420887e+00  3.210667379685145e+00  1.648709754985399e+00  1.163251370579304e-03 
 1.401999999999903e-02  1.657010000000000e+00  1.642990000000001e+00  3.254043906368418e+00  4.337570470935636e-02  1.648709805538887e+00  3.210668201659062e+00  1.648709723103401e+00  1.163249356468846e-03 
 1.402999999999910e-02  1.657015000000000e+00  1.642985000000001e+00  3.254044285131197e+00  4.337526552502888e-02  1.648709775328113e+00  3.210669019606168e+00  1.648709692892628e+00  1.163247360610632e-03 
 1.403999999999916e-02  1.657020000000000e+00  1.642980000000001e+00  3.254044663629421e+00  4.337482182700372e-02  1.648709742728212e+00  3.210669841802417e+00  1.648709660292729e+00  1.163245343084334e-03 
 1.404999999999879e-02  1.657025000000000e+00  1.642975000000001e+00  3.254045041806022e+00  4.337438153907761e-02  1.648709711672550e+00  3.210670660266944e+00  1.648709629237068e+00  1.163243341741936e-03 
 1.405999999999885e-02  1.657030000000000e+00  1.642970000000001e+00  3.254045419693385e+00  4.337394056904147e-02  1.648709680131213e+00  3.210671479124343e+00  1.648709597695733e+00  1.163241337348497e-03 
 1.406999999999892e-02  1.657035000000000e+00  1.642965000000001e+00  3.254045797316444e+00  4.337349791122674e-02  1.648709647613835e+00  3.210672299405217e+00  1.648709565178357e+00  1.163239324605861e-03 
 1.407999999999898e-02  1.657040000000000e+00  1.642960000000001e+00  3.254046174599056e+00  4.337305816879383e-02  1.648709616383925e+00  3.210673116430262e+00  1.648709533948448e+00  1.163237324989817e-03 
 1.408999999999905e-02  1.657045000000000e+00  1.642955000000001e+00  3.254046551602514e+00  4.337261796758220e-02  1.648709584785048e+00  3.210673933634932e+00  1.648709502349573e+00  1.163235324072420e-03 
 1.409999999999911e-02  1.657050000000000e+00  1.642950000000001e+00  3.254046928319743e+00  4.337217789286388e-02  1.648709553106303e+00  3.210674750426879e+00  1.648709470670830e+00  1.163233323563757e-03 
 1.410999999999873e-02  1.657055000000000e+00  1.642945000000001e+00  3.254047304730369e+00  4.337173870234236e-02  1.648709521716356e+00  3.210675566028027e+00  1.648709439280884e+00  1.163231327354475e-03 
 1.411999999999880e-02  1.657060000000000e+00  1.642940000000001e+00  3.254047680832010e+00  4.337130156130609e-02  1.648709491196658e+00  3.210676379270704e+00  1.648709408761188e+00  1.163229339599063e-03 
 1.412999999999887e-02  1.657065000000000e+00  1.642935000000001e+00  3.254048056693967e+00  4.337085845054497e-02  1.648709457572256e+00  3.210677198243423e+00  1.648709375136787e+00  1.163227325184366e-03 
 1.413999999999893e-02  1.657070000000000e+00  1.642930000000001e+00  3.254048432200552e+00  4.337042220279635e-02  1.648709427201674e+00  3.210678009997756e+00  1.648709344766207e+00  1.163225342050868e-03 
 1.414999999999900e-02  1.657075000000000e+00  1.642925000000001e+00  3.254048807467038e+00  4.336998177089283e-02  1.648709394618965e+00  3.210678825696145e+00  1.648709312183500e+00  1.163223338924577e-03 
 1.415999999999906e-02  1.657080000000000e+00  1.642920000000001e+00  3.254049182402661e+00  4.336954598239998e-02  1.648709364192531e+00  3.210679636420261e+00  1.648709281757067e+00  1.163221358130003e-03 
 1.416999999999913e-02  1.657085000000000e+00  1.642915000000001e+00  3.254049557049362e+00  4.336910970472377e-02  1.648709333377043e+00  3.210680447344638e+00  1.648709250941580e+00  1.163219375301083e-03 
 1.417999999999875e-02  1.657090000000000e+00  1.642910000000001e+00  3.254049931447778e+00  4.336866959937939e-02  1.648709300523579e+00  3.210681261848398e+00  1.648709218088118e+00  1.163217374195538e-03 
 1.418999999999881e-02  1.657095000000000e+00  1.642905000000001e+00  3.254050305500796e+00  4.336823505145894e-02  1.648709270276127e+00  3.210682070449337e+00  1.648709187840668e+00  1.163215398726987e-03 
 1.419999999999888e-02  1.657100000000000e+00  1.642900000000001e+00  3.254050679310365e+00  4.336779752853123e-02  1.648709238419448e+00  3.210682881781834e+00  1.648709155983990e+00  1.163213409654603e-03 
 1.420999999999895e-02  1.657105000000000e+00  1.642895000000001e+00  3.254051052812677e+00  4.336735977007650e-02  1.648709206291377e+00  3.210683693042601e+00  1.648709123855921e+00  1.163211419457789e-03 
 1.421999999999901e-02  1.657110000000000e+00  1.642890000000001e+00  3.254051426021316e+00  4.336692616258325e-02  1.648709176091950e+00  3.210684499858733e+00  1.648709093656495e+00  1.163209447571629e-03 
 1.422999999999908e-02  1.657115000000000e+00  1.642885000000001e+00  3.254051798940422e+00  4.336649070741316e-02  1.648709144823918e+00  3.210685308233009e+00  1.648709062388464e+00  1.163207468326786e-03 
 1.423999999999914e-02  1.657120000000000e+00  1.642880000000001e+00  3.254052171560187e+00  4.336605513309129e-02  1.648709113346639e+00  3.210686116427095e+00  1.648709030911187e+00  1.163205488525723e-03 
 1.424999999999876e-02  1.657125000000000e+00  1.642875000000001e+00  3.254052543923911e+00  4.336562008495048e-02  1.648709082004431e+00  3.210686923838961e+00  1.648708999568981e+00  1.163203510666754e-03 
 1.425999999999883e-02  1.657130000000000e+00  1.642870000000001e+00  3.254052916008593e+00  4.336518509699855e-02  1.648709050552796e+00  3.210687730911594e+00  1.648708968117347e+00  1.163201532770420e-03 
 1.426999999999889e-02  1.657135000000000e+00  1.642865000000001e+00  3.254053287789741e+00  4.336475095156052e-02  1.648709019370651e+00  3.210688536838180e+00  1.648708936935204e+00  1.163199559466729e-03 
 1.427999999999896e-02  1.657140000000000e+00  1.642860000000001e+00  3.254053659287197e+00  4.336431673039089e-02  1.648708988008794e+00  3.210689342556806e+00  1.648708905573349e+00  1.163197585147606e-03 
 1.428999999999903e-02  1.657145000000000e+00  1.642855000000001e+00  3.254054030500773e+00  4.336388190556356e-02  1.648708956203168e+00  3.210690148595210e+00  1.648708873767725e+00  1.163195608479846e-03 
 1.429999999999909e-02  1.657150000000000e+00  1.642850000000001e+00  3.254054401410713e+00  4.336344909954653e-02  1.648708925255130e+00  3.210690952311166e+00  1.648708842819687e+00  1.163193640183835e-03 
 1.430999999999916e-02  1.657155000000000e+00  1.642845000000001e+00  3.254054772084218e+00  4.336301482046574e-02  1.648708893452342e+00  3.210691757263753e+00  1.648708811016901e+00  1.163191665353394e-03 
 1.431999999999878e-02  1.657160000000000e+00  1.642840000000001e+00  3.254055142427721e+00  4.336258213417705e-02  1.648708862280949e+00  3.210692560293544e+00  1.648708779845510e+00  1.163189699132400e-03 
 1.432999999999884e-02  1.657165000000000e+00  1.642835000000001e+00  3.254055512525702e+00  4.336214742241772e-02  1.648708829974060e+00  3.210693365103284e+00  1.648708747538622e+00  1.163187721687321e-03 
 1.433999999999891e-02  1.657170000000000e+00  1.642830000000001e+00  3.254055882326499e+00  4.336171668756240e-02  1.648708799507031e+00  3.210694165638936e+00  1.648708717071595e+00  1.163185764083006e-03 
 1.434999999999897e-02  1.657175000000000e+00  1.642825000000001e+00  3.254056251839711e+00  4.336128727431220e-02  1.648708769557012e+00  3.210694964565398e+00  1.648708687121577e+00  1.163183812149473e-03 
 1.435999999999904e-02  1.657180000000000e+00  1.642820000000001e+00  3.254056621094231e+00  4.336085206625993e-02  1.648708736580246e+00  3.210695769027971e+00  1.648708654144813e+00  1.163181832942948e-03 
 1.436999999999911e-02  1.657185000000000e+00  1.642815000000001e+00  3.254056990054434e+00  4.336042221802638e-02  1.648708706136230e+00  3.210696567836408e+00  1.648708623700799e+00  1.163179878424419e-03 
 1.437999999999873e-02  1.657189999999999e+00  1.642810000000001e+00  3.254057358739766e+00  4.335998937512358e-02  1.648708674057445e+00  3.210697369364642e+00  1.648708591622015e+00  1.163177910171274e-03 
 1.438999999999879e-02  1.657195000000000e+00  1.642805000000001e+00  3.254057727134430e+00  4.335956024900742e-02  1.648708643691718e+00  3.210698166885422e+00  1.648708561256290e+00  1.163175960166620e-03 
 1.439999999999886e-02  1.657200000000000e+00  1.642800000000001e+00  3.254058095260521e+00  4.335913098207603e-02  1.648708613121298e+00  3.210698964278445e+00  1.648708530685872e+00  1.163174007935807e-03 
 1.440999999999892e-02  1.657205000000000e+00  1.642795000000001e+00  3.254058463114315e+00  4.335869945937186e-02  1.648708581286843e+00  3.210699763654943e+00  1.648708498851418e+00  1.163172045522578e-03 
 1.441999999999899e-02  1.657210000000000e+00  1.642790000000001e+00  3.254058830667814e+00  4.335827008465779e-02  1.648708550376236e+00  3.210700560583156e+00  1.648708467940813e+00  1.163170093357695e-03 
 1.442999999999905e-02  1.657215000000000e+00  1.642785000000001e+00  3.254059197968837e+00  4.335784019309855e-02  1.648708519080968e+00  3.210701357775738e+00  1.648708436645546e+00  1.163168139059480e-03 
 1.443999999999912e-02  1.657220000000000e+00  1.642780000000001e+00  3.254059564992642e+00  4.335741045385393e-02  1.648708487723248e+00  3.210702154538788e+00  1.648708405287828e+00  1.163166185318056e-03 
 1.444999999999874e-02  1.657225000000000e+00  1.642775000000001e+00  3.254059931742022e+00  4.335698056062117e-02  1.648708456151322e+00  3.210702951181401e+00  1.648708373715903e+00  1.163164231667265e-03 
 1.445999999999881e-02  1.657230000000000e+00  1.642770000000001e+00  3.254060298218814e+00  4.335655251830913e-02  1.648708425368562e+00  3.210703745700505e+00  1.648708342933144e+00  1.163162284159929e-03 
 1.446999999999887e-02  1.657235000000000e+00  1.642765000000001e+00  3.254060664402076e+00  4.335612461252013e-02  1.648708394507298e+00  3.210704539789556e+00  1.648708312071882e+00  1.163160338998214e-03 
 1.447999999999894e-02  1.657240000000000e+00  1.642760000000001e+00  3.254061030304931e+00  4.335569809445440e-02  1.648708364199693e+00  3.210705332210477e+00  1.648708281764279e+00  1.163158400374387e-03 
 1.448999999999900e-02  1.657245000000000e+00  1.642755000000001e+00  3.254061395977115e+00  4.335526794037996e-02  1.648708331958747e+00  3.210706128036735e+00  1.648708249523335e+00  1.163156443860491e-03 
 1.449999999999907e-02  1.657250000000000e+00  1.642750000000001e+00  3.254061761333184e+00  4.335484119944168e-02  1.648708301266313e+00  3.210706920133742e+00  1.648708218830902e+00  1.163154503422148e-03 
 1.450999999999913e-02  1.657255000000000e+00  1.642745000000001e+00  3.254062126455297e+00  4.335441197560617e-02  1.648708269215451e+00  3.210707714479691e+00  1.648708186780042e+00  1.163152551852377e-03 
 1.451999999999876e-02  1.657260000000000e+00  1.642740000000001e+00  3.254062491286725e+00  4.335398482973955e-02  1.648708238058232e+00  3.210708506456985e+00  1.648708155622824e+00  1.163150609832086e-03 
 1.452999999999882e-02  1.657265000000000e+00  1.642735000000001e+00  3.254062855840754e+00  4.335356135857956e-02  1.648708208599666e+00  3.210709294482174e+00  1.648708126164260e+00  1.163148684405357e-03 
 1.453999999999889e-02  1.657270000000000e+00  1.642730000000001e+00  3.254063220105355e+00  4.335313581782047e-02  1.648708177961588e+00  3.210710084287534e+00  1.648708095526183e+00  1.163146749602568e-03 
 1.454999999999895e-02  1.657275000000000e+00  1.642725000000001e+00  3.254063584132485e+00  4.335270601138214e-02  1.648708145071933e+00  3.210710878121102e+00  1.648708062636530e+00  1.163144794992278e-03 
 1.455999999999902e-02  1.657280000000000e+00  1.642720000000001e+00  3.254063947899438e+00  4.335227943243228e-02  1.648708113665935e+00  3.210711668467006e+00  1.648708031230534e+00  1.163142855670031e-03 
 1.456999999999908e-02  1.657285000000000e+00  1.642715000000001e+00  3.254064311369568e+00  4.335185669820855e-02  1.648708084033888e+00  3.210712454671359e+00  1.648708001598488e+00  1.163140932785214e-03 
 1.457999999999915e-02  1.657290000000000e+00  1.642710000000001e+00  3.254064674581029e+00  4.335143250412520e-02  1.648708053542577e+00  3.210713242076904e+00  1.648707971107179e+00  1.163139004518003e-03 
 1.458999999999877e-02  1.657295000000000e+00  1.642705000000001e+00  3.254065037548002e+00  4.335100489466971e-02  1.648708021221336e+00  3.210714032653332e+00  1.648707938785939e+00  1.163137059930654e-03 
 1.459999999999884e-02  1.657300000000000e+00  1.642700000000001e+00  3.254065400200489e+00  4.335058149495756e-02  1.648707990847724e+00  3.210714818705532e+00  1.648707908412328e+00  1.163135135440703e-03 
 1.460999999999890e-02  1.657305000000000e+00  1.642695000000001e+00  3.254065762610656e+00  4.335015632831570e-02  1.648707959469486e+00  3.210715606282340e+00  1.648707877034092e+00  1.163133202127919e-03 
 1.461999999999897e-02  1.657310000000000e+00  1.642690000000001e+00  3.254066124760637e+00  4.334973345429424e-02  1.648707929107466e+00  3.210716391306343e+00  1.648707846672073e+00  1.163131280159545e-03 
 1.462999999999903e-02  1.657315000000000e+00  1.642685000000001e+00  3.254066486623987e+00  4.334931066077770e-02  1.648707898642382e+00  3.210717175963210e+00  1.648707816206992e+00  1.163129356669784e-03 
 1.463999999999910e-02  1.657320000000000e+00  1.642680000000001e+00  3.254066848223312e+00  4.334888764251169e-02  1.648707867932912e+00  3.210717960580801e+00  1.648707785497523e+00  1.163127433583885e-03 
 1.464999999999872e-02  1.657324999999999e+00  1.642675000000001e+00  3.254067209577450e+00  4.334846205414595e-02  1.648707835815798e+00  3.210718747523304e+00  1.648707753380410e+00  1.163125498466243e-03 
 1.465999999999879e-02  1.657330000000000e+00  1.642670000000001e+00  3.254067570677234e+00  4.334803817822349e-02  1.648707804427729e+00  3.210719532499010e+00  1.648707721992343e+00  1.163123571281283e-03 
 1.466999999999885e-02  1.657335000000000e+00  1.642665000000001e+00  3.254067931485050e+00  4.334761710303105e-02  1.648707774294040e+00  3.210720314382018e+00  1.648707691858656e+00  1.163121656348272e-03 
 1.467999999999892e-02  1.657340000000000e+00  1.642660000000001e+00  3.254068292032200e+00  4.334719506695637e-02  1.648707743549578e+00  3.210721096965244e+00  1.648707661114195e+00  1.163119737666749e-03 
 1.468999999999898e-02  1.657345000000000e+00  1.642655000000001e+00  3.254068652323604e+00  4.334677240886048e-02  1.648707712366232e+00  3.210721879914744e+00  1.648707629930851e+00  1.163117815523161e-03 
 1.469999999999905e-02  1.657350000000000e+00  1.642650000000001e+00  3.254069012347138e+00  4.334635220001821e-02  1.648707682273578e+00  3.210722660147120e+00  1.648707599838198e+00  1.163115904457031e-03 
 1.470999999999911e-02  1.657355000000000e+00  1.642645000000001e+00  3.254069372109733e+00  4.334593011423236e-02  1.648707651111982e+00  3.210723441995500e+00  1.648707568676604e+00  1.163113985282882e-03 
 1.471999999999873e-02  1.657360000000000e+00  1.642640000000001e+00  3.254069731618663e+00  4.334550737476025e-02  1.648707619496712e+00  3.210724224243902e+00  1.648707537061335e+00  1.163112062727069e-03 
 1.472999999999880e-02  1.657365000000000e+00  1.642635000000001e+00  3.254070090845631e+00  4.334508987344876e-02  1.648707590359540e+00  3.210725000972182e+00  1.648707507924165e+00  1.163110165200083e-03 
 1.473999999999887e-02  1.657370000000000e+00  1.642630000000001e+00  3.254070449848667e+00  4.334466848283455e-02  1.648707559165751e+00  3.210725781365832e+00  1.648707476730377e+00  1.163108248213607e-03 
 1.474999999999893e-02  1.657375000000000e+00  1.642625000000001e+00  3.254070808576177e+00  4.334424576571975e-02  1.648707527170948e+00  3.210726562810458e+00  1.648707444735576e+00  1.163106326651734e-03 
 1.475999999999900e-02  1.657380000000000e+00  1.642620000000001e+00  3.254071167017357e+00  4.334382599614624e-02  1.648707496506751e+00  3.210727341021210e+00  1.648707414071381e+00  1.163104416543382e-03 
 1.476999999999906e-02  1.657385000000000e+00  1.642615000000001e+00  3.254071525217872e+00  4.334340832087370e-02  1.648707466769373e+00  3.210728116896999e+00  1.648707384334004e+00  1.163102518408317e-03 
 1.477999999999913e-02  1.657390000000000e+00  1.642610000000001e+00  3.254071883176340e+00  4.334298641640802e-02  1.648707434796374e+00  3.210728896759932e+00  1.648707352361006e+00  1.163100599392477e-03 
 1.478999999999875e-02  1.657395000000000e+00  1.642605000000001e+00  3.254072240854474e+00  4.334256816002000e-02  1.648707404507247e+00  3.210729672694454e+00  1.648707322071881e+00  1.163098698491732e-03 
 1.479999999999881e-02  1.657400000000000e+00  1.642600000000001e+00  3.254072598289278e+00  4.334214781699015e-02  1.648707373053134e+00  3.210730450472287e+00  1.648707290617769e+00  1.163096786762541e-03 
 1.480999999999888e-02  1.657405000000000e+00  1.642595000000001e+00  3.254072955452661e+00  4.334172999728689e-02  1.648707342724974e+00  3.210731225455374e+00  1.648707260289611e+00  1.163094887201291e-03 
 1.481999999999895e-02  1.657410000000000e+00  1.642590000000001e+00  3.254073312373832e+00  4.334131106107728e-02  1.648707311717455e+00  3.210732001312755e+00  1.648707229282093e+00  1.163092981387053e-03 
 1.482999999999901e-02  1.657415000000000e+00  1.642585000000001e+00  3.254073669015388e+00  4.334089422448732e-02  1.648707281619938e+00  3.210732774790901e+00  1.648707199184578e+00  1.163091085451141e-03 
 1.483999999999908e-02  1.657420000000000e+00  1.642580000000001e+00  3.254074025436632e+00  4.334047405411444e-02  1.648707249745373e+00  3.210733551382518e+00  1.648707167310015e+00  1.163089174976987e-03 
 1.484999999999870e-02  1.657424999999999e+00  1.642575000000001e+00  3.254074381566468e+00  4.334006019709843e-02  1.648707220881783e+00  3.210734321369369e+00  1.648707138446426e+00  1.163087293800713e-03 
 1.485999999999876e-02  1.657430000000000e+00  1.642570000000001e+00  3.254074737464374e+00  4.333964209227923e-02  1.648707189778327e+00  3.210735095372094e+00  1.648707107342971e+00  1.163085392117408e-03 
 1.486999999999883e-02  1.657435000000000e+00  1.642565000000001e+00  3.254075093102005e+00  4.333922500304811e-02  1.648707159052526e+00  3.210735868098956e+00  1.648707076617173e+00  1.163083496062248e-03 
 1.487999999999889e-02  1.657440000000000e+00  1.642560000000001e+00  3.254075448488937e+00  4.333880760719627e-02  1.648707128048067e+00  3.210736640881741e+00  1.648707045612714e+00  1.163081597304519e-03 
 1.488999999999896e-02  1.657445000000000e+00  1.642555000000001e+00  3.254075803612217e+00  4.333839061087635e-02  1.648707097111547e+00  3.210737413001341e+00  1.648707014676196e+00  1.163079701595819e-03 
 1.489999999999903e-02  1.657450000000000e+00  1.642550000000001e+00  3.254076158485299e+00  4.333797583113191e-02  1.648707067158216e+00  3.210738182654167e+00  1.648706984722866e+00  1.163077815123526e-03 
 1.490999999999909e-02  1.657455000000000e+00  1.642545000000001e+00  3.254076513096097e+00  4.333755995057541e-02  1.648707036523336e+00  3.210738953145522e+00  1.648706954087989e+00  1.163075924188442e-03 
 1.491999999999871e-02  1.657459999999999e+00  1.642540000000001e+00  3.254076867481199e+00  4.333714275183768e-02  1.648707005116518e+00  3.210739724729362e+00  1.648706922681172e+00  1.163074026043736e-03 
 1.492999999999878e-02  1.657465000000000e+00  1.642535000000001e+00  3.254077221594796e+00  4.333673005683351e-02  1.648706975825815e+00  3.210740491537962e+00  1.648706893390470e+00  1.163072149560987e-03 
 1.493999999999884e-02  1.657470000000000e+00  1.642530000000001e+00  3.254077575459696e+00  4.333631293899946e-02  1.648706944199348e+00  3.210741262520696e+00  1.648706861764004e+00  1.163070252704691e-03 
 1.494999999999891e-02  1.657475000000000e+00  1.642525000000001e+00  3.254077929074513e+00  4.333589854832939e-02  1.648706913811421e+00  3.210742030526183e+00  1.648706831376080e+00  1.163068368406336e-03 
 1.495999999999897e-02  1.657480000000000e+00  1.642520000000001e+00  3.254078282450057e+00  4.333548326468128e-02  1.648706882857369e+00  3.210742799185376e+00  1.648706800422029e+00  1.163066479842283e-03 
 1.496999999999904e-02  1.657485000000000e+00  1.642515000000001e+00  3.254078635552870e+00  4.333507055648567e-02  1.648706853054678e+00  3.210743564996384e+00  1.648706770619339e+00  1.163064603757777e-03 
 1.497999999999911e-02  1.657490000000000e+00  1.642510000000001e+00  3.254078988451602e+00  4.333465365889886e-02  1.648706821055250e+00  3.210744334792703e+00  1.648706738619914e+00  1.163062707282998e-03 
 1.498999999999873e-02  1.657494999999999e+00  1.642505000000001e+00  3.254079341058990e+00  4.333424144453629e-02  1.648706791251763e+00  3.210745099614454e+00  1.648706708816428e+00  1.163060832730427e-03 
 1.499999999999879e-02  1.657500000000000e+00  1.642500000000001e+00  3.254079693428232e+00  4.333382853819782e-02  1.648706760983215e+00  3.210745864890034e+00  1.648706678547881e+00  1.163058954751126e-03 
 1.500999999999886e-02  1.657505000000000e+00  1.642495000000001e+00  3.254080045554975e+00  4.333341398625004e-02  1.648706729770613e+00  3.210746631568725e+00  1.648706647335280e+00  1.163057069667872e-03 
 1.501999999999892e-02  1.657510000000000e+00  1.642490000000001e+00  3.254080397417018e+00  4.333300207543250e-02  1.648706699746225e+00  3.210747395341586e+00  1.648706617310894e+00  1.163055196660631e-03 
 1.502999999999899e-02  1.657515000000000e+00  1.642485000000001e+00  3.254080749054183e+00  4.333258966808488e-02  1.648706669361134e+00  3.210748159386098e+00  1.648706586925805e+00  1.163053321721011e-03 
 1.503999999999905e-02  1.657520000000000e+00  1.642480000000001e+00  3.254081100416011e+00  4.333217879420102e-02  1.648706639605106e+00  3.210748921621810e+00  1.648706557169778e+00  1.163051452185777e-03 
 1.504999999999912e-02  1.657525000000000e+00  1.642475000000001e+00  3.254081451571389e+00  4.333176399931696e-02  1.648706607785353e+00  3.210749687572072e+00  1.648706525350027e+00  1.163049565916209e-03 
 1.505999999999874e-02  1.657530000000000e+00  1.642470000000001e+00  3.254081802458397e+00  4.333135288184039e-02  1.648706577670119e+00  3.210750449576556e+00  1.648706495234794e+00  1.163047696272591e-03 
 1.506999999999881e-02  1.657535000000000e+00  1.642465000000001e+00  3.254082153090607e+00  4.333094098266574e-02  1.648706547036636e+00  3.210751212107941e+00  1.648706464601313e+00  1.163045823165141e-03 
 1.507999999999887e-02  1.657540000000000e+00  1.642460000000001e+00  3.254082503486849e+00  4.333053043654644e-02  1.648706516961698e+00  3.210751973050303e+00  1.648706434526376e+00  1.163043956435223e-03 
 1.508999999999894e-02  1.657545000000000e+00  1.642455000000001e+00  3.254082853639123e+00  4.333011912907809e-02  1.648706486384101e+00  3.210752734510045e+00  1.648706403948780e+00  1.163042086393891e-03 
 1.509999999999900e-02  1.657550000000000e+00  1.642450000000001e+00  3.254083203542007e+00  4.332970949700029e-02  1.648706456519504e+00  3.210753494045007e+00  1.648706374084185e+00  1.163040222469984e-03 
 1.510999999999907e-02  1.657555000000000e+00  1.642445000000001e+00  3.254083553205173e+00  4.332929950983905e-02  1.648706426357506e+00  3.210754253695334e+00  1.648706343922189e+00  1.163038358508201e-03 
 1.511999999999869e-02  1.657559999999999e+00  1.642440000000001e+00  3.254083902641252e+00  4.332888724854156e-02  1.648706394944897e+00  3.210755015392711e+00  1.648706312509581e+00  1.163036483021856e-03 
 1.512999999999876e-02  1.657565000000000e+00  1.642435000000001e+00  3.254084251818795e+00  4.332847925625607e-02  1.648706365537526e+00  3.210755772562539e+00  1.648706283102211e+00  1.163034627720012e-03 
 1.513999999999882e-02  1.657570000000000e+00  1.642430000000001e+00  3.254084600771033e+00  4.332806736911662e-02  1.648706334070075e+00  3.210756533401916e+00  1.648706251634762e+00  1.163032755176272e-03 
 1.514999999999889e-02  1.657575000000000e+00  1.642425000000001e+00  3.254084949456543e+00  4.332765866746559e-02  1.648706304062004e+00  3.210757290789078e+00  1.648706221626693e+00  1.163030896361094e-03 
 1.515999999999895e-02  1.657580000000000e+00  1.642420000000001e+00  3.254085297934164e+00  4.332724677611943e-02  1.648706272355142e+00  3.210758051158045e+00  1.648706189919832e+00  1.163029022973424e-03 
 1.516999999999902e-02  1.657585000000000e+00  1.642415000000001e+00  3.254085646125239e+00  4.332684086479558e-02  1.648706243495017e+00  3.210758805260443e+00  1.648706161059709e+00  1.163027177629011e-03 
 1.517999999999908e-02  1.657590000000000e+00  1.642410000000001e+00  3.254085994094703e+00  4.332643170333420e-02  1.648706212899019e+00  3.210759562391369e+00  1.648706130463712e+00  1.163025316963093e-03 
 1.518999999999870e-02  1.657594999999999e+00  1.642405000000001e+00  3.254086341835723e+00  4.332602266326636e-02  1.648706182249495e+00  3.210760319172457e+00  1.648706099814190e+00  1.163023455366070e-03 
 1.519999999999877e-02  1.657600000000000e+00  1.642400000000001e+00  3.254086689312757e+00  4.332561737799478e-02  1.648706153345376e+00  3.210761071934762e+00  1.648706070910072e+00  1.163021612638980e-03 
 1.520999999999884e-02  1.657605000000000e+00  1.642395000000001e+00  3.254087036581616e+00  4.332520629377604e-02  1.648706121437696e+00  3.210761830287840e+00  1.648706039002394e+00  1.163019742983276e-03 
 1.521999999999890e-02  1.657610000000000e+00  1.642390000000001e+00  3.254087383587803e+00  4.332480038122108e-02  1.648706091984512e+00  3.210762583206582e+00  1.648706009549212e+00  1.163017897821227e-03 
 1.522999999999897e-02  1.657615000000000e+00  1.642385000000001e+00  3.254087730378436e+00  4.332439111041250e-02  1.648706060744424e+00  3.210763339268023e+00  1.648705978309125e+00  1.163016035565460e-03 
 1.523999999999903e-02  1.657620000000000e+00  1.642380000000001e+00  3.254088076897121e+00  4.332398539245406e-02  1.648706031144788e+00  3.210764091504668e+00  1.648705948709490e+00  1.163014191034774e-03 
 1.524999999999910e-02  1.657625000000000e+00  1.642375000000001e+00  3.254088423201793e+00  4.332357733970973e-02  1.648706000270751e+00  3.210764845862083e+00  1.648705917835455e+00  1.163012334349355e-03 
 1.525999999999872e-02  1.657629999999999e+00  1.642370000000001e+00  3.254088769271630e+00  4.332317141502129e-02  1.648705970343326e+00  3.210765597856609e+00  1.648705887908031e+00  1.163010488551564e-03 
 1.526999999999878e-02  1.657635000000000e+00  1.642365000000001e+00  3.254089115081618e+00  4.332276652188626e-02  1.648705940801752e+00  3.210766348559732e+00  1.648705858366460e+00  1.163008646790341e-03 
 1.527999999999885e-02  1.657640000000000e+00  1.642360000000001e+00  3.254089460673891e+00  4.332236130625791e-02  1.648705910990074e+00  3.210767099367632e+00  1.648705828554783e+00  1.163006804645034e-03 
 1.528999999999892e-02  1.657645000000000e+00  1.642355000000001e+00  3.254089806041557e+00  4.332195259457675e-02  1.648705879318067e+00  3.210767853446980e+00  1.648705796882777e+00  1.163004945306221e-03 
 1.529999999999898e-02  1.657650000000000e+00  1.642350000000001e+00  3.254090151164109e+00  4.332154593470765e-02  1.648705848549409e+00  3.210768605229402e+00  1.648705766114120e+00  1.163003095778840e-03 
 1.530999999999905e-02  1.657655000000000e+00  1.642345000000001e+00  3.254090496030377e+00  4.332114219685242e-02  1.648705819113615e+00  3.210769353833525e+00  1.648705736678328e+00  1.163001258867199e-03 
 1.531999999999911e-02  1.657660000000000e+00  1.642340000000001e+00  3.254090840677856e+00  4.332073892410516e-02  1.648705789800980e+00  3.210770101753751e+00  1.648705707365695e+00  1.162999425627019e-03 
 1.532999999999873e-02  1.657664999999999e+00  1.642335000000001e+00  3.254091185104826e+00  4.332032952777278e-02  1.648705757316299e+00  3.210770855577053e+00  1.648705674881015e+00  1.162997563075119e-03 
 1.533999999999880e-02  1.657670000000000e+00  1.642330000000001e+00  3.254091529262525e+00  4.331992942838347e-02  1.648705729345454e+00  3.210771599834141e+00  1.648705646910172e+00  1.162995743781334e-03 
 1.534999999999886e-02  1.657675000000000e+00  1.642325000000001e+00  3.254091873239043e+00  4.331952337124358e-02  1.648705698305143e+00  3.210772349867799e+00  1.648705615869862e+00  1.162993897118802e-03 
 1.535999999999893e-02  1.657680000000000e+00  1.642320000000001e+00  3.254092216948366e+00  4.331911910370273e-02  1.648705668026034e+00  3.210773097844663e+00  1.648705585590755e+00  1.162992057809279e-03 
 1.536999999999900e-02  1.657685000000000e+00  1.642315000000001e+00  3.254092560424845e+00  4.331871645085731e-02  1.648705638437851e+00  3.210773843973987e+00  1.648705556002573e+00  1.162990227141001e-03 
 1.537999999999906e-02  1.657690000000000e+00  1.642310000000001e+00  3.254092903666863e+00  4.331831022830036e-02  1.648705606947582e+00  3.210774593438563e+00  1.648705524512305e+00  1.162988379800957e-03 
 1.538999999999868e-02  1.657694999999999e+00  1.642305000000001e+00  3.254093246679949e+00  4.331790995141534e-02  1.648705578315682e+00  3.210775336728534e+00  1.648705495880408e+00  1.162986558775147e-03 
 1.539999999999875e-02  1.657700000000000e+00  1.642300000000001e+00  3.254093589477514e+00  4.331750337686718e-02  1.648705546427191e+00  3.210776086100647e+00  1.648705463991918e+00  1.162984709714518e-03 
 1.540999999999881e-02  1.657705000000000e+00  1.642295000000001e+00  3.254093932015770e+00  4.331710389015032e-02  1.648705517952960e+00  3.210776828125620e+00  1.648705435517689e+00  1.162982892843657e-03 
 1.541999999999888e-02  1.657710000000000e+00  1.642290000000001e+00  3.254094274357680e+00  4.331670018058181e-02  1.648705487269131e+00  3.210777574177098e+00  1.648705404833861e+00  1.162981055737975e-03 
 1.542999999999894e-02  1.657715000000000e+00  1.642285000000001e+00  3.254094616442997e+00  4.331629756783688e-02  1.648705457005417e+00  3.210778318875160e+00  1.648705374570148e+00  1.162979224712706e-03 
 1.543999999999901e-02  1.657720000000000e+00  1.642280000000001e+00  3.254094958303493e+00  4.331589630753819e-02  1.648705427305516e+00  3.210779061995955e+00  1.648705344870248e+00  1.162977399900515e-03 
 1.544999999999908e-02  1.657725000000000e+00  1.642275000000001e+00  3.254095299934642e+00  4.331549445574514e-02  1.648705397195193e+00  3.210779805478897e+00  1.648705314759928e+00  1.162975571683499e-03 
 1.545999999999870e-02  1.657729999999999e+00  1.642270000000001e+00  3.254095641337864e+00  4.331509328853428e-02  1.648705367313199e+00  3.210780548049330e+00  1.648705284877935e+00  1.162973747492754e-03 
 1.546999999999876e-02  1.657735000000000e+00  1.642265000000001e+00  3.254095982523963e+00  4.331468910146131e-02  1.648705335812712e+00  3.210781293422501e+00  1.648705253377449e+00  1.162971909150993e-03 
 1.547999999999883e-02  1.657740000000000e+00  1.642260000000001e+00  3.254096323460181e+00  4.331429065588205e-02  1.648705307058032e+00  3.210782032804299e+00  1.648705224622770e+00  1.162970096974040e-03 
 1.548999999999889e-02  1.657745000000000e+00  1.642255000000001e+00  3.254096664200965e+00  4.331388852955149e-02  1.648705276365258e+00  3.210782775671413e+00  1.648705193929998e+00  1.162968268020802e-03 
 1.549999999999896e-02  1.657750000000000e+00  1.642250000000001e+00  3.254097004683366e+00  4.331348644403035e-02  1.648705245563698e+00  3.210783518239336e+00  1.648705163128440e+00  1.162966439215990e-03 
 1.550999999999902e-02  1.657755000000000e+00  1.642245000000001e+00  3.254097344960626e+00  4.331308554291723e-02  1.648705215251771e+00  3.210784259417709e+00  1.648705132816515e+00  1.162964616212805e-03 
 1.551999999999909e-02  1.657760000000000e+00  1.642240000000001e+00  3.254097684988176e+00  4.331268652132593e-02  1.648705185754751e+00  3.210784998466850e+00  1.648705103319496e+00  1.162962800403185e-03 
 1.552999999999871e-02  1.657764999999999e+00  1.642235000000001e+00  3.254098024797925e+00  4.331228743288398e-02  1.648705156115405e+00  3.210785737365041e+00  1.648705073680151e+00  1.162960985655365e-03 
 1.553999999999878e-02  1.657770000000000e+00  1.642230000000001e+00  3.254098364373865e+00  4.331188955893011e-02  1.648705126966397e+00  3.210786474814935e+00  1.648705044531145e+00  1.162959175580604e-03 
 1.554999999999884e-02  1.657775000000000e+00  1.642225000000001e+00  3.254098703735866e+00  4.331149129669239e-02  1.648705097516279e+00  3.210787212439174e+00  1.648705015081029e+00  1.162957364433790e-03 
 1.555999999999891e-02  1.657780000000000e+00  1.642220000000001e+00  3.254099042886976e+00  4.331108829997812e-02  1.648705065593477e+00  3.210787954586998e+00  1.648704983158228e+00  1.162955531270704e-03 
 1.556999999999897e-02  1.657785000000000e+00  1.642215000000001e+00  3.254099381796543e+00  4.331069174267317e-02  1.648705036769608e+00  3.210788690053870e+00  1.648704954334360e+00  1.162953727546088e-03 
 1.557999999999904e-02  1.657790000000000e+00  1.642210000000001e+00  3.254099720478732e+00  4.331029215051315e-02  1.648705006314622e+00  3.210789428328219e+00  1.648704923879376e+00  1.162951909662724e-03 
 1.558999999999910e-02  1.657795000000000e+00  1.642205000000001e+00  3.254100058953621e+00  4.330989325196941e-02  1.648704976102795e+00  3.210790165701652e+00  1.648704893667551e+00  1.162950095169909e-03 
 1.559999999999873e-02  1.657799999999999e+00  1.642200000000001e+00  3.254100397165346e+00  4.330949702342248e-02  1.648704947094384e+00  3.210790900141923e+00  1.648704864659141e+00  1.162948294031654e-03 
 1.560999999999879e-02  1.657805000000000e+00  1.642195000000001e+00  3.254100735202322e+00  4.330909514625656e-02  1.648704915174289e+00  3.210791640056065e+00  1.648704832739048e+00  1.162946465287967e-03 
 1.561999999999886e-02  1.657810000000000e+00  1.642190000000001e+00  3.254101072986374e+00  4.330869989978230e-02  1.648704886443078e+00  3.210792373086591e+00  1.648704804007838e+00  1.162944666931844e-03 
 1.562999999999892e-02  1.657815000000000e+00  1.642185000000001e+00  3.254101410575868e+00  4.330830394842053e-02  1.648704857262144e+00  3.210793106627448e+00  1.648704774826905e+00  1.162942866972795e-03 
 1.563999999999899e-02  1.657820000000000e+00  1.642180000000001e+00  3.254101747909786e+00  4.330790468064370e-02  1.648704826295215e+00  3.210793843229143e+00  1.648704743859978e+00  1.162941050304472e-03 
 1.564999999999905e-02  1.657825000000000e+00  1.642175000000001e+00  3.254102085042561e+00  4.330750841125042e-02  1.648704796726906e+00  3.210794576631311e+00  1.648704714291670e+00  1.162939247805479e-03 
 1.565999999999867e-02  1.657829999999999e+00  1.642170000000001e+00  3.254102421933158e+00  4.330711323828606e-02  1.648704767585722e+00  3.210795308694872e+00  1.648704685150488e+00  1.162937449922273e-03 
 1.566999999999874e-02  1.657835000000000e+00  1.642165000000001e+00  3.254102758623225e+00  4.330671351949993e-02  1.648704736071362e+00  3.210796045103725e+00  1.648704653636130e+00  1.162935631349611e-03 
 1.567999999999881e-02  1.657840000000000e+00  1.642160000000001e+00  3.254103095073141e+00  4.330632143315550e-02  1.648704708253148e+00  3.210796773639985e+00  1.648704625817917e+00  1.162933848807778e-03 
 1.568999999999887e-02  1.657845000000000e+00  1.642155000000001e+00  3.254103431335240e+00  4.330592037602173e-02  1.648704675855631e+00  3.210797510959218e+00  1.648704593420401e+00  1.162932023748503e-03 
 1.569999999999894e-02  1.657850000000000e+00  1.642150000000001e+00  3.254103767340140e+00  4.330552909735264e-02  1.648704648218746e+00  3.210798238242787e+00  1.648704565783518e+00  1.162930244273175e-03 
 1.570999999999900e-02  1.657855000000000e+00  1.642145000000001e+00  3.254104103160242e+00  4.330513310040931e-02  1.648704618130326e+00  3.210798970059832e+00  1.648704535695099e+00  1.162928443213667e-03 
 1.571999999999907e-02  1.657860000000000e+00  1.642140000000001e+00  3.254104438734137e+00  4.330473758221400e-02  1.648704588158176e+00  3.210799701151923e+00  1.648704505722950e+00  1.162926644298150e-03 
 1.572999999999869e-02  1.657864999999999e+00  1.642135000000001e+00  3.254104774119006e+00  4.330434069132572e-02  1.648704557405166e+00  3.210800433427680e+00  1.648704474969942e+00  1.162924838679724e-03 
 1.573999999999875e-02  1.657870000000000e+00  1.642130000000001e+00  3.254105109252047e+00  4.330394698654822e-02  1.648704528119298e+00  3.210801162265499e+00  1.648704445684076e+00  1.162923047750511e-03 
 1.574999999999882e-02  1.657875000000000e+00  1.642125000000001e+00  3.254105444181647e+00  4.330355248071659e-02  1.648704498331182e+00  3.210801891700930e+00  1.648704415895961e+00  1.162921254295809e-03 
 1.575999999999889e-02  1.657880000000000e+00  1.642120000000001e+00  3.254105778901189e+00  4.330315610693362e-02  1.648704467504061e+00  3.210802622794255e+00  1.648704385068842e+00  1.162919450201382e-03 
 1.576999999999895e-02  1.657885000000000e+00  1.642115000000001e+00  3.254106113394775e+00  4.330276432690770e-02  1.648704438860841e+00  3.210803349067867e+00  1.648704356425623e+00  1.162917668434601e-03 
 1.577999999999902e-02  1.657890000000000e+00  1.642110000000001e+00  3.254106447678631e+00  4.330236819129193e-02  1.648704407934961e+00  3.210804079487339e+00  1.648704325499745e+00  1.162915865582865e-03 
 1.578999999999908e-02  1.657895000000000e+00  1.642105000000001e+00  3.254106781733658e+00  4.330197678986097e-02  1.648704379261760e+00  3.210804804943797e+00  1.648704296826545e+00  1.162914085726835e-03 
 1.579999999999870e-02  1.657899999999999e+00  1.642100000000001e+00  3.254107115576580e+00  4.330158068079384e-02  1.648704348128687e+00  3.210805534895786e+00  1.648704265693474e+00  1.162912283122394e-03 
 1.580999999999877e-02  1.657905000000000e+00  1.642095000000001e+00  3.254107449196879e+00  4.330118866529624e-02  1.648704318931088e+00  3.210806260531583e+00  1.648704236495876e+00  1.162910500536983e-03 
 1.581999999999883e-02  1.657910000000000e+00  1.642090000000001e+00  3.254107782619851e+00  4.330079747258203e-02  1.648704290046217e+00  3.210806985147269e+00  1.648704207611006e+00  1.162908721616949e-03 
 1.582999999999890e-02  1.657915000000000e+00  1.642085000000001e+00  3.254108115811651e+00  4.330040352552825e-02  1.648704259668590e+00  3.210807712286123e+00  1.648704177233381e+00  1.162906928697051e-03 
 1.583999999999897e-02  1.657920000000000e+00  1.642080000000001e+00  3.254108448812852e+00  4.330001001994892e-02  1.648704229416400e+00  3.210808438792903e+00  1.648704146981193e+00  1.162905138553166e-03 
 1.584999999999903e-02  1.657925000000000e+00  1.642075000000001e+00  3.254108781574437e+00  4.329962018017994e-02  1.648704200877308e+00  3.210809161394257e+00  1.648704118442103e+00  1.162903365487510e-03 
 1.585999999999910e-02  1.657930000000000e+00  1.642070000000001e+00  3.254109114136698e+00  4.329922628378784e-02  1.648704170210243e+00  3.210809887852910e+00  1.648704087775038e+00  1.162901573199188e-03 
 1.586999999999872e-02  1.657934999999999e+00  1.642065000000001e+00  3.254109446468238e+00  4.329883515056369e-02  1.648704140809401e+00  3.210810611317674e+00  1.648704058374198e+00  1.162899794043961e-03 
 1.587999999999878e-02  1.657940000000000e+00  1.642060000000001e+00  3.254109778594040e+00  4.329844232530793e-02  1.648704110459674e+00  3.210811336268732e+00  1.648704028024473e+00  1.162898006640214e-03 
 1.588999999999885e-02  1.657945000000000e+00  1.642055000000001e+00  3.254110110507096e+00  4.329805313696294e-02  1.648704081822030e+00  3.210812057370133e+00  1.648703999386830e+00  1.162896237624097e-03 
 1.589999999999892e-02  1.657950000000000e+00  1.642050000000001e+00  3.254110442221895e+00  4.329766085297373e-02  1.648704051537434e+00  3.210812781368922e+00  1.648703969102236e+00  1.162894452053884e-03 
 1.590999999999898e-02  1.657955000000000e+00  1.642045000000001e+00  3.254110773705543e+00  4.329727122993105e-02  1.648704022467737e+00  3.210813502475612e+00  1.648703940032540e+00  1.162892680149557e-03 
 1.591999999999905e-02  1.657960000000000e+00  1.642040000000001e+00  3.254111104987505e+00  4.329687944342418e-02  1.648703992215465e+00  3.210814225544081e+00  1.648703909780269e+00  1.162890898783533e-03 
 1.592999999999867e-02  1.657964999999999e+00  1.642035000000001e+00  3.254111436031843e+00  4.329649030027208e-02  1.648703963166058e+00  3.210814945731571e+00  1.648703880730864e+00  1.162889128181930e-03 
 1.593999999999873e-02  1.657969999999999e+00  1.642030000000001e+00  3.254111766912396e+00  4.329609826538497e-02  1.648703932588890e+00  3.210815668647011e+00  1.648703850153698e+00  1.162887343819950e-03 
 1.594999999999880e-02  1.657975000000000e+00  1.642025000000001e+00  3.254112097550508e+00  4.329570997559205e-02  1.648703903763050e+00  3.210816387574916e+00  1.648703821327859e+00  1.162885577170295e-03 
 1.595999999999886e-02  1.657980000000000e+00  1.642020000000001e+00  3.254112427988399e+00  4.329531808280642e-02  1.648703873035603e+00  3.210817109905592e+00  1.648703790600413e+00  1.162883795546857e-03 
 1.596999999999893e-02  1.657985000000000e+00  1.642015000000001e+00  3.254112758206340e+00  4.329493077073245e-02  1.648703844488536e+00  3.210817827435608e+00  1.648703762053348e+00  1.162882033219687e-03 
 1.597999999999900e-02  1.657990000000000e+00  1.642010000000001e+00  3.254113088228392e+00  4.329453857735304e-02  1.648703813402872e+00  3.210818549651039e+00  1.648703730967686e+00  1.162880248648665e-03 
 1.598999999999906e-02  1.657995000000000e+00  1.642005000000001e+00  3.254113418022150e+00  4.329415331698690e-02  1.648703785669569e+00  3.210819264705163e+00  1.648703703234384e+00  1.162878495856462e-03 
 1.599999999999868e-02  1.657999999999999e+00  1.642000000000001e+00  3.254113747629185e+00  4.329376318292361e-02  1.648703755406055e+00  3.210819984446262e+00  1.648703672970871e+00  1.162876720903405e-03 
 1.600999999999875e-02  1.658005000000000e+00  1.641995000000001e+00  3.254114077011334e+00  4.329337389558779e-02  1.648703725453461e+00  3.210820703115746e+00  1.648703643018279e+00  1.162874950006817e-03 
 1.601999999999881e-02  1.658010000000000e+00  1.641990000000001e+00  3.254114406202010e+00  4.329298581422547e-02  1.648703696008118e+00  3.210821420387784e+00  1.648703613572937e+00  1.162873185052574e-03 
 1.602999999999888e-02  1.658015000000000e+00  1.641985000000001e+00  3.254114735140623e+00  4.329259766825518e-02  1.648703666404439e+00  3.210822137472368e+00  1.648703583969260e+00  1.162871419921039e-03 
 1.603999999999894e-02  1.658020000000000e+00  1.641980000000001e+00  3.254115063924490e+00  4.329220882337734e-02  1.648703636373934e+00  3.210822855101113e+00  1.648703553938756e+00  1.162869649597125e-03 
 1.604999999999901e-02  1.658025000000000e+00  1.641975000000001e+00  3.254115392480998e+00  4.329182161875177e-02  1.648703607049875e+00  3.210823570862246e+00  1.648703524614699e+00  1.162867888422339e-03 
 1.605999999999908e-02  1.658030000000000e+00  1.641970000000001e+00  3.254115720825710e+00  4.329143575742012e-02  1.648703578291565e+00  3.210824285068290e+00  1.648703495856390e+00  1.162866133677833e-03 
 1.606999999999870e-02  1.658034999999999e+00  1.641965000000001e+00  3.254116048958908e+00  4.329104888746348e-02  1.648703548923186e+00  3.210825000071445e+00  1.648703466488013e+00  1.162864373494832e-03 
 1.607999999999876e-02  1.658040000000000e+00  1.641960000000001e+00  3.254116376906040e+00  4.329065855425122e-02  1.648703517730146e+00  3.210825718351789e+00  1.648703435294974e+00  1.162862597259958e-03 
 1.608999999999883e-02  1.658045000000000e+00  1.641955000000001e+00  3.254116704612588e+00  4.329027520264867e-02  1.648703489907618e+00  3.210826429409940e+00  1.648703407472448e+00  1.162860853860935e-03 
 1.609999999999889e-02  1.658050000000000e+00  1.641950000000001e+00  3.254117032153402e+00  4.328988797435489e-02  1.648703460063879e+00  3.210827144179047e+00  1.648703377628710e+00  1.162859091806824e-03 
 1.610999999999896e-02  1.658055000000000e+00  1.641945000000001e+00  3.254117359466331e+00  4.328950054333431e-02  1.648703430004833e+00  3.210827858922997e+00  1.648703347569666e+00  1.162857329396202e-03 
 1.611999999999902e-02  1.658060000000000e+00  1.641940000000001e+00  3.254117686584268e+00  4.328911478605966e-02  1.648703400685164e+00  3.210828571798209e+00  1.648703318249998e+00  1.162855574535779e-03 
 1.612999999999909e-02  1.658065000000000e+00  1.641935000000001e+00  3.254118013476497e+00  4.328872984592400e-02  1.648703371661211e+00  3.210829283630573e+00  1.648703289226046e+00  1.162853823573723e-03 
 1.613999999999871e-02  1.658069999999999e+00  1.641930000000001e+00  3.254118340180638e+00  4.328834427966880e-02  1.648703342230154e+00  3.210829995900970e+00  1.648703259794991e+00  1.162852069113944e-03 
 1.614999999999878e-02  1.658075000000000e+00  1.641925000000001e+00  3.254118666700342e+00  4.328795803743687e-02  1.648703312368889e+00  3.210830708662905e+00  1.648703229933728e+00  1.162850311802675e-03 
 1.615999999999884e-02  1.658080000000000e+00  1.641920000000001e+00  3.254118992985173e+00  4.328757138465270e-02  1.648703282184913e+00  3.210831421600520e+00  1.648703199749753e+00  1.162848552641878e-03 
 1.616999999999891e-02  1.658085000000000e+00  1.641915000000001e+00  3.254119319082655e+00  4.328718856044193e-02  1.648703253821548e+00  3.210832130522213e+00  1.648703171386390e+00  1.162846811325129e-03 
 1.617999999999897e-02  1.658090000000000e+00  1.641910000000001e+00  3.254119644959143e+00  4.328680459679495e-02  1.648703224777969e+00  3.210832840362348e+00  1.648703142342812e+00  1.162845064879004e-03 
 1.618999999999904e-02  1.658095000000000e+00  1.641905000000001e+00  3.254119970666083e+00  4.328641817002234e-02  1.648703194418053e+00  3.210833552496061e+00  1.648703111982897e+00  1.162843306568031e-03 
 1.619999999999866e-02  1.658099999999999e+00  1.641900000000001e+00  3.254120296121426e+00  4.328603364571749e-02  1.648703164883572e+00  3.210834262475708e+00  1.648703082448418e+00  1.162841556801670e-03 
 1.620999999999873e-02  1.658104999999999e+00  1.641895000000001e+00  3.254120621410961e+00  4.328564997188034e-02  1.648703135691421e+00  3.210834971439081e+00  1.648703053256268e+00  1.162839811638723e-03 
 1.621999999999879e-02  1.658110000000000e+00  1.641890000000001e+00  3.254120946497612e+00  4.328526688553290e-02  1.648703106691572e+00  3.210835679612079e+00  1.648703024256421e+00  1.162838068793930e-03 
 1.622999999999886e-02  1.658115000000000e+00  1.641885000000001e+00  3.254121271382231e+00  4.328488198294946e-02  1.648703076682590e+00  3.210836389399281e+00  1.648702994247440e+00  1.162836317874824e-03 
 1.623999999999892e-02  1.658120000000000e+00  1.641880000000001e+00  3.254121596058667e+00  4.328449920372041e-02  1.648703047631194e+00  3.210837096854946e+00  1.648702965196045e+00  1.162834575970046e-03 
 1.624999999999899e-02  1.658125000000000e+00  1.641875000000001e+00  3.254121920514148e+00  4.328411785168931e-02  1.648703019182919e+00  3.210837802662459e+00  1.648702936747772e+00  1.162832841440667e-03 
 1.625999999999905e-02  1.658130000000000e+00  1.641870000000001e+00  3.254122244804833e+00  4.328373195856019e-02  1.648702988381697e+00  3.210838512846273e+00  1.648702905946552e+00  1.162831085275036e-03 
 1.626999999999867e-02  1.658134999999999e+00  1.641865000000001e+00  3.254122568860895e+00  4.328335175891804e-02  1.648702960309907e+00  3.210839217101977e+00  1.648702877874763e+00  1.162829356125356e-03 
 1.627999999999874e-02  1.658140000000000e+00  1.641860000000001e+00  3.254122892745680e+00  4.328296713853539e-02  1.648702929942108e+00  3.210839925607144e+00  1.648702847506965e+00  1.162827605243462e-03 
 1.628999999999881e-02  1.658145000000000e+00  1.641855000000001e+00  3.254123216417001e+00  4.328258465946969e-02  1.648702900538235e+00  3.210840631757531e+00  1.648702818103094e+00  1.162825865906360e-03 
 1.629999999999887e-02  1.658150000000000e+00  1.641850000000001e+00  3.254123539911887e+00  4.328220175333781e-02  1.648702870832612e+00  3.210841338158549e+00  1.648702788397473e+00  1.162824123193121e-03 
 1.630999999999894e-02  1.658155000000000e+00  1.641845000000001e+00  3.254123863185071e+00  4.328181960229881e-02  1.648702841393685e+00  3.210842043582772e+00  1.648702758958547e+00  1.162822384194990e-03 
 1.631999999999900e-02  1.658160000000000e+00  1.641840000000001e+00  3.254124186262426e+00  4.328143834414890e-02  1.648702812303287e+00  3.210842747918277e+00  1.648702729868151e+00  1.162820650151438e-03 
 1.632999999999907e-02  1.658165000000000e+00  1.641835000000001e+00  3.254124509138806e+00  4.328105718133673e-02  1.648702783160071e+00  3.210843451957469e+00  1.648702700724936e+00  1.162818915603623e-03 
 1.633999999999869e-02  1.658169999999999e+00  1.641830000000001e+00  3.254124831823465e+00  4.328067500802878e-02  1.648702753415747e+00  3.210844156815436e+00  1.648702670980613e+00  1.162817177283585e-03 
 1.634999999999875e-02  1.658175000000000e+00  1.641825000000001e+00  3.254125154311104e+00  4.328029304923644e-02  1.648702723680171e+00  3.210844861261868e+00  1.648702641245039e+00  1.162815439129380e-03 
 1.635999999999882e-02  1.658180000000000e+00  1.641820000000001e+00  3.254125476592188e+00  4.327991397366537e-02  1.648702695282927e+00  3.210845562618523e+00  1.648702612847796e+00  1.162813714941360e-03 
 1.636999999999889e-02  1.658185000000000e+00  1.641815000000001e+00  3.254125798684049e+00  4.327953181106022e-02  1.648702665247554e+00  3.210846266872989e+00  1.648702582812425e+00  1.162811975408785e-03 
 1.637999999999895e-02  1.658190000000000e+00  1.641810000000001e+00  3.254126120575437e+00  4.327915439313592e-02  1.648702637484286e+00  3.210846966182300e+00  1.648702555049159e+00  1.162810258618655e-03 
 1.638999999999902e-02  1.658195000000000e+00  1.641805000000001e+00  3.254126442281690e+00  4.327877171751106e-02  1.648702606999600e+00  3.210847670564179e+00  1.648702524564474e+00  1.162808517693002e-03 
 1.639999999999864e-02  1.658199999999999e+00  1.641800000000001e+00  3.254126763765262e+00  4.327839286619748e-02  1.648702578315730e+00  3.210848370899065e+00  1.648702495880605e+00  1.162806794252949e-03 
 1.640999999999870e-02  1.658204999999999e+00  1.641795000000001e+00  3.254127085091383e+00  4.327801166865461e-02  1.648702548380019e+00  3.210849073422729e+00  1.648702465944896e+00  1.162805059419701e-03 
 1.641999999999877e-02  1.658210000000000e+00  1.641790000000001e+00  3.254127406190070e+00  4.327763406284734e-02  1.648702520126459e+00  3.210849772127223e+00  1.648702437691337e+00  1.162803341870747e-03 
 1.642999999999883e-02  1.658215000000000e+00  1.641785000000001e+00  3.254127727102067e+00  4.327725308221814e-02  1.648702490092143e+00  3.210850474019849e+00  1.648702407657022e+00  1.162801607785190e-03 
 1.643999999999890e-02  1.658220000000000e+00  1.641780000000001e+00  3.254128047827136e+00  4.327687619550980e-02  1.648702462011323e+00  3.210851171631626e+00  1.648702379576204e+00  1.162799893690610e-03 
 1.644999999999897e-02  1.658225000000000e+00  1.641775000000001e+00  3.254128368354457e+00  4.327649534741722e-02  1.648702431850937e+00  3.210851873007039e+00  1.648702349415820e+00  1.162798159936909e-03 
 1.645999999999903e-02  1.658230000000000e+00  1.641770000000001e+00  3.254128688684959e+00  4.327611727044184e-02  1.648702402977701e+00  3.210852571414518e+00  1.648702320542585e+00  1.162796440750555e-03 
 1.646999999999865e-02  1.658234999999999e+00  1.641765000000001e+00  3.254129008824158e+00  4.327573777218167e-02  1.648702373298170e+00  3.210853271051976e+00  1.648702290863055e+00  1.162794713899990e-03 
 1.647999999999872e-02  1.658239999999999e+00  1.641760000000001e+00  3.254129328759300e+00  4.327536197997003e-02  1.648702345369635e+00  3.210853966779330e+00  1.648702262934522e+00  1.162793004145641e-03 
 1.648999999999878e-02  1.658245000000000e+00  1.641755000000001e+00  3.254129648528528e+00  4.327498328066894e-02  1.648702315904599e+00  3.210854665247859e+00  1.648702233469487e+00  1.162791280365533e-03 
 1.649999999999885e-02  1.658250000000000e+00  1.641750000000001e+00  3.254129968060826e+00  4.327460396502592e-02  1.648702286012926e+00  3.210855364095800e+00  1.648702203577816e+00  1.162789554743458e-03 
 1.650999999999891e-02  1.658255000000000e+00  1.641745000000001e+00  3.254130287435055e+00  4.327422583731473e-02  1.648702256636185e+00  3.210856061597740e+00  1.648702174201076e+00  1.162787834102995e-03 
 1.651999999999898e-02  1.658260000000000e+00  1.641740000000001e+00  3.254130606597730e+00  4.327384880873002e-02  1.648702227703230e+00  3.210856757789000e+00  1.648702145268123e+00  1.162786118880230e-03 
 1.652999999999905e-02  1.658265000000000e+00  1.641735000000001e+00  3.254130925590884e+00  4.327347252016910e-02  1.648702199055527e+00  3.210857453070715e+00  1.648702116620421e+00  1.162784406420372e-03 
 1.653999999999867e-02  1.658269999999999e+00  1.641730000000001e+00  3.254131244365606e+00  4.327309373553462e-02  1.648702169050570e+00  3.210858150630071e+00  1.648702086615466e+00  1.162782683355771e-03 
 1.654999999999873e-02  1.658274999999999e+00  1.641725000000001e+00  3.254131562968971e+00  4.327271816760891e-02  1.648702140568290e+00  3.210858844801362e+00  1.648702058133187e+00  1.162780974218522e-03 
 1.655999999999880e-02  1.658280000000000e+00  1.641720000000001e+00  3.254131881364950e+00  4.327233965490335e-02  1.648702110509927e+00  3.210859541710047e+00  1.648702028074825e+00  1.162779253128968e-03 
 1.656999999999886e-02  1.658285000000000e+00  1.641715000000001e+00  3.254132199604373e+00  4.327196265139164e-02  1.648702081127882e+00  3.210860236952981e+00  1.648701998692782e+00  1.162777536301386e-03 
 1.657999999999893e-02  1.658290000000000e+00  1.641710000000001e+00  3.254132517605577e+00  4.327158748748920e-02  1.648702052546533e+00  3.210860930118088e+00  1.648701970111435e+00  1.162775829377864e-03 
 1.658999999999899e-02  1.658295000000000e+00  1.641705000000001e+00  3.254132835447043e+00  4.327121150030223e-02  1.648702023473673e+00  3.210861623946740e+00  1.648701941038575e+00  1.162774119110366e-03 
 1.659999999999906e-02  1.658300000000000e+00  1.641700000000001e+00  3.254133153085090e+00  4.327083832136735e-02  1.648701995703229e+00  3.210862314763723e+00  1.648701913268133e+00  1.162772420942712e-03 
 1.660999999999868e-02  1.658304999999999e+00  1.641695000000001e+00  3.254133470545933e+00  4.327045950988788e-02  1.648701965027910e+00  3.210863011036045e+00  1.648701882592816e+00  1.162770697309097e-03 
 1.661999999999875e-02  1.658310000000000e+00  1.641690000000001e+00  3.254133787806004e+00  4.327008562854321e-02  1.648701936717273e+00  3.210863702177461e+00  1.648701854282181e+00  1.162768996355139e-03 
 1.662999999999881e-02  1.658315000000000e+00  1.641685000000001e+00  3.254134104876726e+00  4.326970796037634e-02  1.648701906418551e+00  3.210864396916349e+00  1.648701823983460e+00  1.162767278427600e-03 
 1.663999999999888e-02  1.658320000000000e+00  1.641680000000001e+00  3.254134421759578e+00  4.326933480037679e-02  1.648701878279977e+00  3.210865086959201e+00  1.648701795844888e+00  1.162765580445290e-03 
 1.664999999999894e-02  1.658325000000000e+00  1.641675000000001e+00  3.254134738461842e+00  4.326895839159597e-02  1.648701848426719e+00  3.210865780070245e+00  1.648701765991631e+00  1.162763866519001e-03 
 1.665999999999901e-02  1.658330000000000e+00  1.641670000000001e+00  3.254135054970150e+00  4.326858553928771e-02  1.648701820254719e+00  3.210866469430863e+00  1.648701737819632e+00  1.162762170706166e-03 
 1.666999999999863e-02  1.658334999999999e+00  1.641665000000001e+00  3.254135371294770e+00  4.326821155493073e-02  1.648701791424851e+00  3.210867159739839e+00  1.648701708989765e+00  1.162760469248137e-03 
 1.667999999999870e-02  1.658339999999999e+00  1.641660000000001e+00  3.254135687423299e+00  4.326783712543204e-02  1.648701762274366e+00  3.210867850297867e+00  1.648701679839282e+00  1.162758765492685e-03 
 1.668999999999876e-02  1.658345000000000e+00  1.641655000000001e+00  3.254136003383010e+00  4.326746195745401e-02  1.648701732670232e+00  3.210868541425556e+00  1.648701650235150e+00  1.162757058126499e-03 
 1.669999999999883e-02  1.658350000000000e+00  1.641650000000001e+00  3.254136319114940e+00  4.326708911041303e-02  1.648701704112676e+00  3.210869230004527e+00  1.648701621677595e+00  1.162755361736244e-03 
 1.670999999999889e-02  1.658355000000000e+00  1.641645000000001e+00  3.254136634694991e+00  4.326671535600041e-02  1.648701675025495e+00  3.210869919338990e+00  1.648701592590416e+00  1.162753661030073e-03 
 1.671999999999896e-02  1.658360000000000e+00  1.641640000000001e+00  3.254136950087428e+00  4.326634401916715e-02  1.648701647053297e+00  3.210870606068261e+00  1.648701564618219e+00  1.162751971157989e-03 
 1.672999999999902e-02  1.658365000000000e+00  1.641635000000001e+00  3.254137265280923e+00  4.326596747399001e-02  1.648701616377456e+00  3.210871297806932e+00  1.648701533942380e+00  1.162750257578056e-03 
 1.673999999999864e-02  1.658369999999999e+00  1.641630000000001e+00  3.254137580294421e+00  4.326559774269113e-02  1.648701589018556e+00  3.210871982551730e+00  1.648701506583481e+00  1.162748574846501e-03 
 1.674999999999871e-02  1.658374999999999e+00  1.641625000000001e+00  3.254137895111378e+00  4.326522363860338e-02  1.648701559374991e+00  3.210872671472774e+00  1.648701476939917e+00  1.162746873106133e-03 
 1.675999999999878e-02  1.658380000000000e+00  1.641620000000001e+00  3.254138209766721e+00  4.326484967035105e-02  1.648701529718536e+00  3.210873360096369e+00  1.648701447283464e+00  1.162745171776243e-03 
 1.676999999999884e-02  1.658385000000000e+00  1.641615000000001e+00  3.254138524231104e+00  4.326447779672187e-02  1.648701501013913e+00  3.210874046434382e+00  1.648701418578842e+00  1.162743478570019e-03 
 1.677999999999891e-02  1.658390000000000e+00  1.641610000000001e+00  3.254138838506965e+00  4.326410651936827e-02  1.648701472513167e+00  3.210874731987597e+00  1.648701390078097e+00  1.162741789134308e-03 
 1.678999999999897e-02  1.658395000000000e+00  1.641605000000001e+00  3.254139152574482e+00  4.326373340869308e-02  1.648701442991587e+00  3.210875419165789e+00  1.648701360556520e+00  1.162740091862172e-03 
 1.679999999999904e-02  1.658400000000000e+00  1.641600000000001e+00  3.254139466498314e+00  4.326336012879683e-02  1.648701413313555e+00  3.210876106369517e+00  1.648701330878489e+00  1.162738392300054e-03 
 1.680999999999866e-02  1.658404999999999e+00  1.641595000000001e+00  3.254139780205573e+00  4.326299108138813e-02  1.648701385643480e+00  3.210876789124185e+00  1.648701303208415e+00  1.162736713912973e-03 
 1.681999999999872e-02  1.658409999999999e+00  1.641590000000001e+00  3.254140093743476e+00  4.326261908053776e-02  1.648701356412007e+00  3.210877474662938e+00  1.648701273976943e+00  1.162735021374162e-03 
 1.682999999999879e-02  1.658415000000000e+00  1.641585000000001e+00  3.254140407086472e+00  4.326224842929186e-02  1.648701327757882e+00  3.210878158657180e+00  1.648701245322820e+00  1.162733334722666e-03 
 1.683999999999886e-02  1.658420000000000e+00  1.641580000000001e+00  3.254140720266766e+00  4.326187673090795e-02  1.648701298498837e+00  3.210878843535858e+00  1.648701216063776e+00  1.162731642607365e-03 
 1.684999999999892e-02  1.658425000000000e+00  1.641575000000001e+00  3.254141033243240e+00  4.326150457001064e-02  1.648701268906625e+00  3.210879528673229e+00  1.648701186471566e+00  1.162729950093527e-03 
 1.685999999999899e-02  1.658430000000000e+00  1.641570000000001e+00  3.254141346052441e+00  4.326113382993400e-02  1.648701239941187e+00  3.210880212222507e+00  1.648701157506129e+00  1.162728262560102e-03 
 1.686999999999905e-02  1.658435000000000e+00  1.641565000000001e+00  3.254141658679729e+00  4.326076507893202e-02  1.648701211879330e+00  3.210880893600797e+00  1.648701129444274e+00  1.162726584438538e-03 
 1.687999999999867e-02  1.658439999999999e+00  1.641560000000001e+00  3.254141971117702e+00  4.326039151891584e-02  1.648701181318309e+00  3.210881579598786e+00  1.648701098883254e+00  1.162724884330176e-03 
 1.688999999999874e-02  1.658445000000000e+00  1.641555000000001e+00  3.254142283362246e+00  4.326002495213913e-02  1.648701154157193e+00  3.210882258410107e+00  1.648701071722139e+00  1.162723216369159e-03 
 1.689999999999880e-02  1.658450000000000e+00  1.641550000000001e+00  3.254142595431909e+00  4.325965353620761e-02  1.648701124484058e+00  3.210882941895701e+00  1.648701042049006e+00  1.162721526728713e-03 
 1.690999999999887e-02  1.658455000000000e+00  1.641545000000001e+00  3.254142907336276e+00  4.325928358081285e-02  1.648701095458544e+00  3.210883623755463e+00  1.648701013023494e+00  1.162719842142869e-03 
 1.691999999999894e-02  1.658460000000000e+00  1.641540000000001e+00  3.254143219057088e+00  4.325891377394688e-02  1.648701066415517e+00  3.210884305283141e+00  1.648700983980468e+00  1.162718159705728e-03 
 1.692999999999900e-02  1.658465000000000e+00  1.641535000000001e+00  3.254143530585940e+00  4.325854498470810e-02  1.648701037785324e+00  3.210884985601232e+00  1.648700955350276e+00  1.162716481360362e-03 
 1.693999999999862e-02  1.658469999999999e+00  1.641530000000001e+00  3.254143841941159e+00  4.325817613986460e-02  1.648701009040512e+00  3.210885665801294e+00  1.648700926605465e+00  1.162714803407570e-03 
 1.694999999999869e-02  1.658474999999999e+00  1.641525000000001e+00  3.254144153104694e+00  4.325780811102230e-02  1.648700980607858e+00  3.210886344993672e+00  1.648700898172814e+00  1.162713128192975e-03 
 1.695999999999875e-02  1.658480000000000e+00  1.641520000000001e+00  3.254144464092078e+00  4.325743978586127e-02  1.648700951938970e+00  3.210887024306217e+00  1.648700869503926e+00  1.162711451864300e-03 
 1.696999999999882e-02  1.658485000000000e+00  1.641515000000001e+00  3.254144774918066e+00  4.325707029828356e-02  1.648700922608175e+00  3.210887704619782e+00  1.648700840173133e+00  1.162709771607743e-03 
 1.697999999999888e-02  1.658490000000000e+00  1.641510000000001e+00  3.254145085525786e+00  4.325670391906933e-02  1.648700894722428e+00  3.210888381606717e+00  1.648700812287387e+00  1.162708103528018e-03 
 1.698999999999895e-02  1.658495000000000e+00  1.641505000000001e+00  3.254145396008546e+00  4.325633413132654e-02  1.648700865069936e+00  3.210889061877219e+00  1.648700782634897e+00  1.162706420592530e-03 
 1.699999999999902e-02  1.658500000000000e+00  1.641500000000001e+00  3.254145706275064e+00  4.325596648748826e-02  1.648700836381276e+00  3.210889739787576e+00  1.648700753946238e+00  1.162704748380814e-03 
 1.700999999999864e-02  1.658504999999999e+00  1.641495000000001e+00  3.254146016379724e+00  4.325559831096933e-02  1.648700807345347e+00  3.210890418068754e+00  1.648700724910310e+00  1.162703071992922e-03 
 1.701999999999870e-02  1.658509999999999e+00  1.641490000000001e+00  3.254146326272457e+00  4.325523172167143e-02  1.648700778997064e+00  3.210891094550785e+00  1.648700696562029e+00  1.162701404378487e-03 
 1.702999999999877e-02  1.658515000000000e+00  1.641485000000001e+00  3.254146636027978e+00  4.325486340191073e-02  1.648700749714944e+00  3.210891772626068e+00  1.648700667279911e+00  1.162699727696076e-03 
 1.703999999999883e-02  1.658520000000000e+00  1.641480000000001e+00  3.254146945569133e+00  4.325449791099523e-02  1.648700721740064e+00  3.210892447658138e+00  1.648700639305032e+00  1.162698064812419e-03 
 1.704999999999890e-02  1.658525000000000e+00  1.641475000000001e+00  3.254147254992205e+00  4.325412870789495e-02  1.648700691850050e+00  3.210893126284310e+00  1.648700609415019e+00  1.162696384202548e-03 
 1.705999999999896e-02  1.658530000000000e+00  1.641470000000001e+00  3.254147564177956e+00  4.325376375001807e-02  1.648700663963987e+00  3.210893800427939e+00  1.648700581528958e+00  1.162694724098147e-03 
 1.706999999999903e-02  1.658535000000000e+00  1.641465000000001e+00  3.254147873212546e+00  4.325339608465807e-02  1.648700634648602e+00  3.210894477127888e+00  1.648700552213574e+00  1.162693049554514e-03 
 1.707999999999865e-02  1.658539999999999e+00  1.641460000000001e+00  3.254148182058403e+00  4.325303110660133e-02  1.648700606582502e+00  3.210895150951802e+00  1.648700524147476e+00  1.162691389602991e-03 
 1.708999999999872e-02  1.658544999999999e+00  1.641455000000001e+00  3.254148490754800e+00  4.325266279805030e-02  1.648700576776425e+00  3.210895827956749e+00  1.648700494341400e+00  1.162689712708549e-03 
 1.709999999999878e-02  1.658550000000000e+00  1.641450000000001e+00  3.254148799233214e+00  4.325230031072880e-02  1.648700549771972e+00  3.210896498922485e+00  1.648700467336948e+00  1.162688063430950e-03 
 1.710999999999885e-02  1.658555000000000e+00  1.641445000000001e+00  3.254149107560459e+00  4.325193272233972e-02  1.648700520141399e+00  3.210897174838120e+00  1.648700437706378e+00  1.162686391835281e-03 
 1.711999999999891e-02  1.658560000000000e+00  1.641440000000001e+00  3.254149415717816e+00  4.325156650360849e-02  1.648700491110712e+00  3.210897849214208e+00  1.648700408675692e+00  1.162684723461492e-03 
 1.712999999999898e-02  1.658565000000000e+00  1.641435000000001e+00  3.254149723702281e+00  4.325120037401663e-02  1.648700462038149e+00  3.210898523328264e+00  1.648700379603130e+00  1.162683058005259e-03 
 1.713999999999904e-02  1.658570000000000e+00  1.641430000000001e+00  3.254150031492083e+00  4.325083644390556e-02  1.648700433967994e+00  3.210899195048177e+00  1.648700351532977e+00  1.162681402371284e-03 
 1.714999999999867e-02  1.658574999999999e+00  1.641425000000001e+00  3.254150339100246e+00  4.325047137819716e-02  1.648700405239222e+00  3.210899867722048e+00  1.648700322804205e+00  1.162679740483429e-03 
 1.715999999999873e-02  1.658579999999999e+00  1.641420000000001e+00  3.254150646565491e+00  4.325010661694927e-02  1.648700376591220e+00  3.210900539948542e+00  1.648700294156205e+00  1.162678080371355e-03 
 1.716999999999880e-02  1.658585000000000e+00  1.641415000000001e+00  3.254150953845579e+00  4.324974242765103e-02  1.648700348136615e+00  3.210901211417928e+00  1.648700265701602e+00  1.162676423137648e-03 
 1.717999999999886e-02  1.658590000000000e+00  1.641410000000001e+00  3.254151260929767e+00  4.324937829899674e-02  1.648700319614382e+00  3.210901882630770e+00  1.648700237179370e+00  1.162674765924309e-03 
 1.718999999999893e-02  1.658595000000000e+00  1.641405000000001e+00  3.254151567871451e+00  4.324901405516436e-02  1.648700290963308e+00  3.210902553816286e+00  1.648700208528297e+00  1.162673108396051e-03 
 1.719999999999899e-02  1.658600000000000e+00  1.641400000000001e+00  3.254151874628765e+00  4.324864753312239e-02  1.648700261080944e+00  3.210903227095643e+00  1.648700178645935e+00  1.162671439665009e-03 
 1.720999999999862e-02  1.658604999999999e+00  1.641395000000001e+00  3.254152181205733e+00  4.324828530704909e-02  1.648700233256391e+00  3.210903895898684e+00  1.648700150821384e+00  1.162669791588458e-03 
 1.721999999999868e-02  1.658609999999999e+00  1.641390000000001e+00  3.254152487619669e+00  4.324792156701832e-02  1.648700204593344e+00  3.210904566052651e+00  1.648700122158338e+00  1.162668136946027e-03 
 1.722999999999875e-02  1.658615000000000e+00  1.641385000000001e+00  3.254152793847878e+00  4.324755874786523e-02  1.648700176297872e+00  3.210905235100013e+00  1.648700093862867e+00  1.162666485358972e-03 
 1.723999999999881e-02  1.658620000000000e+00  1.641380000000001e+00  3.254153099906764e+00  4.324719625958491e-02  1.648700148083174e+00  3.210905903647179e+00  1.648700065648171e+00  1.162664835194368e-03 
 1.724999999999888e-02  1.658625000000000e+00  1.641375000000001e+00  3.254153405808030e+00  4.324683013260294e-02  1.648700117970317e+00  3.210906575675427e+00  1.648700035535315e+00  1.162663169119244e-03 
 1.725999999999894e-02  1.658630000000000e+00  1.641370000000001e+00  3.254153711508430e+00  4.324647010879285e-02  1.648700090808611e+00  3.210907241399637e+00  1.648700008373611e+00  1.162661530884849e-03 
 1.726999999999901e-02  1.658635000000000e+00  1.641365000000001e+00  3.254154017063042e+00  4.324610599767491e-02  1.648700061530358e+00  3.210907911065367e+00  1.648699979095359e+00  1.162659873673816e-03 
 1.727999999999863e-02  1.658639999999999e+00  1.641360000000001e+00  3.254154322429470e+00  4.324574450931325e-02  1.648700033469391e+00  3.210908577920156e+00  1.648699951034394e+00  1.162658228421822e-03 
 1.728999999999870e-02  1.658644999999999e+00  1.641355000000001e+00  3.254154627641993e+00  4.324537911397337e-02  1.648700003377983e+00  3.210909248528020e+00  1.648699920942987e+00  1.162656565277525e-03 
 1.729999999999876e-02  1.658650000000000e+00  1.641350000000001e+00  3.254154932688463e+00  4.324502000546498e-02  1.648699976346964e+00  3.210909912682998e+00  1.648699893911969e+00  1.162654930645373e-03 
 1.730999999999883e-02  1.658655000000000e+00  1.641345000000001e+00  3.254155237544258e+00  4.324465532453325e-02  1.648699946434396e+00  3.210910582219725e+00  1.648699863999402e+00  1.162653270981996e-03 
 1.731999999999889e-02  1.658660000000000e+00  1.641340000000001e+00  3.254155542205473e+00  4.324429621617745e-02  1.648699919210825e+00  3.210911245989295e+00  1.648699836775833e+00  1.162651638291872e-03 
 1.732999999999896e-02  1.658665000000000e+00  1.641335000000001e+00  3.254155846752626e+00  4.324393146648862e-02  1.648699889109557e+00  3.210911915286137e+00  1.648699806674567e+00  1.162649976099089e-03 
 1.733999999999902e-02  1.658670000000000e+00  1.641330000000001e+00  3.254156151099062e+00  4.324357248216804e-02  1.648699861790615e+00  3.210912578616893e+00  1.648699779355626e+00  1.162648342857301e-03 
 1.734999999999864e-02  1.658674999999999e+00  1.641325000000001e+00  3.254156455285079e+00  4.324321073898331e-02  1.648699833012031e+00  3.210913244546095e+00  1.648699750577044e+00  1.162646697257770e-03 
 1.735999999999871e-02  1.658679999999999e+00  1.641320000000001e+00  3.254156759297377e+00  4.324284803101614e-02  1.648699803664196e+00  3.210913911266360e+00  1.648699721229210e+00  1.162645045770446e-03 
 1.736999999999878e-02  1.658685000000000e+00  1.641315000000001e+00  3.254157063140427e+00  4.324248754740720e-02  1.648699775343917e+00  3.210914575593020e+00  1.648699692908933e+00  1.162643405450601e-03 
 1.737999999999884e-02  1.658690000000000e+00  1.641310000000001e+00  3.254157366805122e+00  4.324212772987535e-02  1.648699747267499e+00  3.210915239075247e+00  1.648699664832515e+00  1.162641767526137e-03 
 1.738999999999891e-02  1.658695000000000e+00  1.641305000000001e+00  3.254157670314111e+00  4.324176636269069e-02  1.648699718338401e+00  3.210915903951420e+00  1.648699635903419e+00  1.162640122546151e-03 
 1.739999999999897e-02  1.658700000000000e+00  1.641300000000001e+00  3.254157973653102e+00  4.324140570416928e-02  1.648699689678636e+00  3.210916567948932e+00  1.648699607243655e+00  1.162638481689880e-03 
 1.740999999999859e-02  1.658704999999999e+00  1.641295000000001e+00  3.254158276821943e+00  4.324104606897113e-02  1.648699661445457e+00  3.210917230752972e+00  1.648699579010478e+00  1.162636844855182e-03 
 1.741999999999866e-02  1.658709999999999e+00  1.641290000000001e+00  3.254158579809536e+00  4.324068825453855e-02  1.648699634032037e+00  3.210917891554998e+00  1.648699551597060e+00  1.162635215393925e-03 
 1.742999999999872e-02  1.658714999999999e+00  1.641285000000001e+00  3.254158882636962e+00  4.324032641515918e-02  1.648699604526061e+00  3.210918556221803e+00  1.648699522091085e+00  1.162633569518657e-03 
 1.743999999999879e-02  1.658720000000000e+00  1.641280000000001e+00  3.254159185309866e+00  4.323996657581521e-02  1.648699575942840e+00  3.210919218734051e+00  1.648699493507866e+00  1.162631931200476e-03 
 1.744999999999886e-02  1.658725000000000e+00  1.641275000000001e+00  3.254159487803000e+00  4.323960876277658e-02  1.648699548282888e+00  3.210919879040224e+00  1.648699465847915e+00  1.162630302979030e-03 
 1.745999999999892e-02  1.658730000000000e+00  1.641270000000001e+00  3.254159790141999e+00  4.323924610302449e-02  1.648699518122512e+00  3.210920544038975e+00  1.648699435687540e+00  1.162628652800531e-03 
 1.746999999999899e-02  1.658735000000000e+00  1.641265000000001e+00  3.254160092300145e+00  4.323889028100227e-02  1.648699491290574e+00  3.210921202019143e+00  1.648699408855604e+00  1.162627032933529e-03 
 1.747999999999861e-02  1.658739999999999e+00  1.641260000000001e+00  3.254160394308973e+00  4.323852903527294e-02  1.648699461672123e+00  3.210921865273700e+00  1.648699379237154e+00  1.162625388796644e-03 
 1.748999999999867e-02  1.658744999999999e+00  1.641255000000001e+00  3.254160696115569e+00  4.323817159890904e-02  1.648699433857239e+00  3.210922524516660e+00  1.648699351422272e+00  1.162623761810986e-03 
 1.749999999999874e-02  1.658750000000000e+00  1.641250000000001e+00  3.254160997785600e+00  4.323781333382280e-02  1.648699405559711e+00  3.210923184451777e+00  1.648699323124745e+00  1.162622131535372e-03 
 1.750999999999880e-02  1.658755000000000e+00  1.641245000000001e+00  3.254161299272001e+00  4.323745521591989e-02  1.648699377243961e+00  3.210923844056081e+00  1.648699294808996e+00  1.162620500556989e-03 
 1.751999999999887e-02  1.658760000000000e+00  1.641240000000001e+00  3.254161600619596e+00  4.323709596782074e-02  1.648699348293708e+00  3.210924504651775e+00  1.648699265858745e+00  1.162618866554560e-03 
 1.752999999999894e-02  1.658765000000000e+00  1.641235000000001e+00  3.254161901775378e+00  4.323673784374744e-02  1.648699319809563e+00  3.210925163931631e+00  1.648699237374601e+00  1.162617236184095e-03 
 1.753999999999900e-02  1.658770000000000e+00  1.641230000000001e+00  3.254162202768592e+00  4.323638350433964e-02  1.648699293136466e+00  3.210925819264252e+00  1.648699210701505e+00  1.162615623573613e-03 
 1.754999999999862e-02  1.658774999999999e+00  1.641225000000001e+00  3.254162503592698e+00  4.323602573122775e-02  1.648699264661963e+00  3.210926477861470e+00  1.648699182227004e+00  1.162613994977050e-03 
 1.755999999999869e-02  1.658779999999999e+00  1.641220000000001e+00  3.254162804290922e+00  4.323566564295711e-02  1.648699234966939e+00  3.210927138647965e+00  1.648699152531982e+00  1.162612355803458e-03 
 1.756999999999875e-02  1.658785000000000e+00  1.641215000000001e+00  3.254163104788859e+00  4.323530800289087e-02  1.648699206395875e+00  3.210927796785968e+00  1.648699123960919e+00  1.162610728471636e-03 
 1.757999999999882e-02  1.658790000000000e+00  1.641210000000001e+00  3.254163405137561e+00  4.323495176067398e-02  1.648699178449118e+00  3.210928453376888e+00  1.648699096014163e+00  1.162609107323604e-03 
 1.758999999999888e-02  1.658795000000000e+00  1.641205000000001e+00  3.254163705309283e+00  4.323459398092690e-02  1.648699149645105e+00  3.210929111328356e+00  1.648699067210152e+00  1.162607478572175e-03 
 1.759999999999895e-02  1.658800000000000e+00  1.641200000000001e+00  3.254164005322025e+00  4.323423671713815e-02  1.648699121019582e+00  3.210929768604887e+00  1.648699038584630e+00  1.162605851851795e-03 
 1.760999999999902e-02  1.658805000000000e+00  1.641195000000001e+00  3.254164305164334e+00  4.323388136654695e-02  1.648699093265440e+00  3.210930423797786e+00  1.648699010830490e+00  1.162604235081288e-03 
 1.761999999999864e-02  1.658809999999999e+00  1.641190000000001e+00  3.254164604863873e+00  4.323352399493549e-02  1.648699064429404e+00  3.210931080868938e+00  1.648698981994456e+00  1.162602608114715e-03 
 1.762999999999870e-02  1.658814999999999e+00  1.641185000000001e+00  3.254164904380727e+00  4.323316992401897e-02  1.648699037152373e+00  3.210931734456708e+00  1.648698954717425e+00  1.162600997391388e-03 
 1.763999999999877e-02  1.658820000000000e+00  1.641180000000001e+00  3.254165203743328e+00  4.323281295244610e-02  1.648699008347887e+00  3.210932390790882e+00  1.648698925912941e+00  1.162599371986222e-03 
 1.764999999999883e-02  1.658825000000000e+00  1.641175000000001e+00  3.254165502936881e+00  4.323245760530227e-02  1.648698980271092e+00  3.210933045331579e+00  1.648698897836147e+00  1.162597754638130e-03 
 1.765999999999890e-02  1.658830000000000e+00  1.641170000000001e+00  3.254165801981536e+00  4.323210141012299e-02  1.648698951695829e+00  3.210933700571413e+00  1.648698869260886e+00  1.162596133360855e-03 
 1.766999999999896e-02  1.658835000000000e+00  1.641165000000001e+00  3.254166100849050e+00  4.323174554820448e-02  1.648698923198627e+00  3.210934355300846e+00  1.648698840763685e+00  1.162594513549991e-03 
 1.767999999999859e-02  1.658839999999999e+00  1.641160000000001e+00  3.254166399561801e+00  4.323139049550816e-02  1.648698895028655e+00  3.210935009066293e+00  1.648698812593714e+00  1.162592897386230e-03 
 1.768999999999865e-02  1.658844999999999e+00  1.641155000000001e+00  3.254166698117670e+00  4.323103436398552e-02  1.648698866240828e+00  3.210935663753684e+00  1.648698783805888e+00  1.162591275356543e-03 
 1.769999999999872e-02  1.658849999999999e+00  1.641150000000001e+00  3.254166996501596e+00  4.323068048718363e-02  1.648698838494390e+00  3.210936316014412e+00  1.648698756059452e+00  1.162589665514075e-03 
 1.770999999999878e-02  1.658855000000000e+00  1.641145000000001e+00  3.254167294750896e+00  4.323032427846897e-02  1.648698809514682e+00  3.210936970472427e+00  1.648698727079746e+00  1.162588043382331e-03 
 1.771999999999885e-02  1.658860000000000e+00  1.641140000000001e+00  3.254167592788376e+00  4.322997077439936e-02  1.648698781781387e+00  3.210937622013976e+00  1.648698699346453e+00  1.162586435442346e-03 
 1.772999999999891e-02  1.658865000000000e+00  1.641135000000001e+00  3.254167890723567e+00  4.322961312713688e-02  1.648698751925352e+00  3.210938277596430e+00  1.648698669490418e+00  1.162584807058949e-03 
 1.773999999999898e-02  1.658870000000000e+00  1.641130000000001e+00  3.254168188452838e+00  4.322926070432084e-02  1.648698724578580e+00  3.210938927748517e+00  1.648698642143647e+00  1.162583203203057e-03 
 1.774999999999860e-02  1.658874999999999e+00  1.641125000000001e+00  3.254168486029689e+00  4.322890569980225e-02  1.648698695864746e+00  3.210939580329887e+00  1.648698613429815e+00  1.162581586622702e-03 
 1.775999999999867e-02  1.658879999999999e+00  1.641120000000001e+00  3.254168783465536e+00  4.322855368891045e-02  1.648698668577223e+00  3.210940229776626e+00  1.648698586142294e+00  1.162579983766252e-03 
 1.776999999999873e-02  1.658884999999999e+00  1.641115000000001e+00  3.254169080735903e+00  4.322819756310171e-02  1.648698639149503e+00  3.210940883172801e+00  1.648698556714575e+00  1.162578362943086e-03 
 1.777999999999880e-02  1.658890000000000e+00  1.641110000000001e+00  3.254169377826391e+00  4.322784368182900e-02  1.648698610754110e+00  3.210941534144562e+00  1.648698528319184e+00  1.162576751843908e-03 
 1.778999999999886e-02  1.658895000000000e+00  1.641105000000001e+00  3.254169674761863e+00  4.322749230880790e-02  1.648698583535335e+00  3.210942182453055e+00  1.648698501100410e+00  1.162575153930842e-03 
 1.779999999999893e-02  1.658900000000000e+00  1.641100000000001e+00  3.254169971544835e+00  4.322713942949247e-02  1.648698555487164e+00  3.210942832115343e+00  1.648698473052240e+00  1.162573547741727e-03 
 1.780999999999899e-02  1.658905000000000e+00  1.641095000000001e+00  3.254170268184569e+00  4.322678474022305e-02  1.648698526462396e+00  3.210943483444345e+00  1.648698444027474e+00  1.162571932886591e-03 
 1.781999999999861e-02  1.658909999999999e+00  1.641090000000001e+00  3.254170564654800e+00  4.322643457707880e-02  1.648698499615940e+00  3.210944130077721e+00  1.648698417181019e+00  1.162570338868133e-03 
 1.782999999999868e-02  1.658914999999999e+00  1.641085000000001e+00  3.254170860968271e+00  4.322608117143367e-02  1.648698471069852e+00  3.210944779796837e+00  1.648698388634933e+00  1.162568729638975e-03 
 1.783999999999875e-02  1.658920000000000e+00  1.641080000000001e+00  3.254171157109371e+00  4.322572863917303e-02  1.648698442874272e+00  3.210945428470198e+00  1.648698360439354e+00  1.162567125681060e-03 
 1.784999999999881e-02  1.658925000000000e+00  1.641075000000001e+00  3.254171453099562e+00  4.322537643710900e-02  1.648698414768336e+00  3.210946076662453e+00  1.648698332333419e+00  1.162565522740280e-03 
 1.785999999999888e-02  1.658930000000000e+00  1.641070000000001e+00  3.254171748930553e+00  4.322502359834429e-02  1.648698386264448e+00  3.210946725332208e+00  1.648698303829533e+00  1.162563916387073e-03 
 1.786999999999894e-02  1.658935000000000e+00  1.641065000000001e+00  3.254172044613721e+00  4.322467204246245e-02  1.648698358328092e+00  3.210947372571259e+00  1.648698275893178e+00  1.162562316241304e-03 
 1.787999999999901e-02  1.658940000000000e+00  1.641060000000001e+00  3.254172340144943e+00  4.322431942517446e-02  1.648698329785059e+00  3.210948020719769e+00  1.648698247350147e+00  1.162560711049107e-03 
 1.788999999999863e-02  1.658944999999999e+00  1.641055000000001e+00  3.254172635510108e+00  4.322396708610356e-02  1.648698301298106e+00  3.210948668424004e+00  1.648698218863195e+00  1.162559106624856e-03 
 1.789999999999869e-02  1.658949999999999e+00  1.641050000000001e+00  3.254172930724481e+00  4.322361459509028e-02  1.648698272659786e+00  3.210949316129391e+00  1.648698190224876e+00  1.162557502478054e-03 
 1.790999999999876e-02  1.658955000000000e+00  1.641045000000001e+00  3.254173225750244e+00  4.322326509626092e-02  1.648698245423253e+00  3.210949960653984e+00  1.648698162988345e+00  1.162555912305128e-03 
 1.791999999999883e-02  1.658960000000000e+00  1.641040000000001e+00  3.254173520650366e+00  4.322291347550682e-02  1.648698217062937e+00  3.210950607174859e+00  1.648698134628030e+00  1.162554311567409e-03 
 1.792999999999889e-02  1.658965000000000e+00  1.641035000000001e+00  3.254173815388226e+00  4.322256187574367e-02  1.648698188631985e+00  3.210951253512482e+00  1.648698106197079e+00  1.162552709378270e-03 
 1.793999999999896e-02  1.658970000000000e+00  1.641030000000001e+00  3.254174109959570e+00  4.322221146312370e-02  1.648698160711347e+00  3.210951898496447e+00  1.648698078276443e+00  1.162551115544133e-03 
 1.794999999999858e-02  1.658974999999999e+00  1.641025000000001e+00  3.254174404394305e+00  4.322186118178080e-02  1.648698132788043e+00  3.210952543212524e+00  1.648698050353141e+00  1.162549521038159e-03 
 1.795999999999864e-02  1.658979999999999e+00  1.641020000000001e+00  3.254174698652716e+00  4.322150968024109e-02  1.648698104166479e+00  3.210953188972475e+00  1.648698021731578e+00  1.162547921139344e-03 
 1.796999999999871e-02  1.658984999999999e+00  1.641015000000001e+00  3.254174992777078e+00  4.322115988691835e-02  1.648698076331998e+00  3.210953832890159e+00  1.648697993897098e+00  1.162546327959477e-03 
 1.797999999999877e-02  1.658990000000000e+00  1.641010000000001e+00  3.254175286717425e+00  4.322080878010067e-02  1.648698047748762e+00  3.210954477937324e+00  1.648697965313864e+00  1.162544730545016e-03 
 1.798999999999884e-02  1.658995000000000e+00  1.641005000000001e+00  3.254175580535963e+00  4.322045869526853e-02  1.648698019615616e+00  3.210955121840694e+00  1.648697937180719e+00  1.162543136484839e-03 
 1.799999999999891e-02  1.659000000000000e+00  1.641000000000001e+00  3.254175874177404e+00  4.322010832311657e-02  1.648697991250260e+00  3.210955765854288e+00  1.648697908815365e+00  1.162541540704682e-03 
 1.800999999999897e-02  1.659005000000000e+00  1.640995000000001e+00  3.254176167669627e+00  4.321976061754938e-02  1.648697964143588e+00  3.210956407052077e+00  1.648697881708694e+00  1.162539958509999e-03 
 1.801999999999859e-02  1.659009999999999e+00  1.640990000000001e+00  3.254176461018933e+00  4.321940771818762e-02  1.648697934368560e+00  3.210957053300745e+00  1.648697851933667e+00  1.162538351853740e-03 
 1.802999999999866e-02  1.659014999999999e+00  1.640985000000001e+00  3.254176754202291e+00  4.321906068805638e-02  1.648697907445174e+00  3.210957693514235e+00  1.648697825010283e+00  1.162536773086694e-03 
 1.803999999999872e-02  1.659019999999999e+00  1.640980000000001e+00  3.254177047202063e+00  4.321871339879139e-02  1.648697880300427e+00  3.210958333803271e+00  1.648697797865537e+00  1.162535191971463e-03 
 1.804999999999879e-02  1.659025000000000e+00  1.640975000000001e+00  3.254177340091454e+00  4.321836198593681e-02  1.648697851038695e+00  3.210958978105517e+00  1.648697768603807e+00  1.162533592403538e-03 
 1.805999999999885e-02  1.659030000000000e+00  1.640970000000001e+00  3.254177632821079e+00  4.321801482411560e-02  1.648697823822597e+00  3.210959617996963e+00  1.648697741387710e+00  1.162532011742839e-03 
 1.806999999999892e-02  1.659035000000000e+00  1.640965000000001e+00  3.254177925393372e+00  4.321766334875989e-02  1.648697794371066e+00  3.210960262044613e+00  1.648697711936181e+00  1.162530410986657e-03 
 1.807999999999899e-02  1.659040000000000e+00  1.640960000000001e+00  3.254178217806045e+00  4.321731772140409e-02  1.648697767763724e+00  3.210960900084641e+00  1.648697685328840e+00  1.162528837893219e-03 
 1.808999999999861e-02  1.659044999999999e+00  1.640955000000001e+00  3.254178510065149e+00  4.321696936605614e-02  1.648697739715603e+00  3.210961540699093e+00  1.648697657280720e+00  1.162527252789055e-03 
 1.809999999999867e-02  1.659049999999999e+00  1.640950000000001e+00  3.254178802176910e+00  4.321661972573216e-02  1.648697710951321e+00  3.210962182451178e+00  1.648697628516440e+00  1.162525660491311e-03 
 1.810999999999874e-02  1.659055000000000e+00  1.640945000000001e+00  3.254179094129273e+00  4.321626940421484e-02  1.648697681766744e+00  3.210962824725059e+00  1.648697599331864e+00  1.162524066190025e-03 
 1.811999999999880e-02  1.659060000000000e+00  1.640940000000001e+00  3.254179385931034e+00  4.321592577914325e-02  1.648697655855089e+00  3.210963460151891e+00  1.648697573420210e+00  1.162522501450029e-03 
 1.812999999999887e-02  1.659065000000000e+00  1.640935000000001e+00  3.254179677584494e+00  4.321557671709759e-02  1.648697627150796e+00  3.210964100867396e+00  1.648697544715918e+00  1.162520912508310e-03 
 1.813999999999893e-02  1.659070000000000e+00  1.640930000000001e+00  3.254179969080918e+00  4.321523041917343e-02  1.648697599750046e+00  3.210964738661745e+00  1.648697517315170e+00  1.162519336152633e-03 
 1.814999999999900e-02  1.659075000000000e+00  1.640925000000001e+00  3.254180260438821e+00  4.321487949141428e-02  1.648697569965117e+00  3.210965380947406e+00  1.648697487530243e+00  1.162517738129740e-03 
 1.815999999999862e-02  1.659079999999999e+00  1.640920000000001e+00  3.254180551645808e+00  4.321453456649772e-02  1.648697543106153e+00  3.210966017079311e+00  1.648697460671280e+00  1.162516168439352e-03 
 1.816999999999869e-02  1.659084999999999e+00  1.640915000000001e+00  3.254180842678287e+00  4.321418690487223e-02  1.648697514791580e+00  3.210966655773415e+00  1.648697432356708e+00  1.162514585976540e-03 
 1.817999999999875e-02  1.659090000000000e+00  1.640910000000001e+00  3.254181133569765e+00  4.321383963932720e-02  1.648697486604546e+00  3.210967293930438e+00  1.648697404169676e+00  1.162513004721404e-03 
 1.818999999999882e-02  1.659095000000000e+00  1.640905000000001e+00  3.254181424330183e+00  4.321349369449726e-02  1.648697459012340e+00  3.210967930635686e+00  1.648697376577471e+00  1.162511429764273e-03 
 1.819999999999888e-02  1.659100000000000e+00  1.640900000000001e+00  3.254181714919059e+00  4.321314659005732e-02  1.648697430754558e+00  3.210968568329002e+00  1.648697348319691e+00  1.162509849811091e-03 
 1.820999999999895e-02  1.659105000000000e+00  1.640895000000001e+00  3.254182005345559e+00  4.321280087537485e-02  1.648697403110467e+00  3.210969204470184e+00  1.648697320675601e+00  1.162508276160309e-03 
 1.821999999999857e-02  1.659109999999999e+00  1.640890000000001e+00  3.254182295646453e+00  4.321245425299091e-02  1.648697374949722e+00  3.210969841393462e+00  1.648697292514857e+00  1.162506698441715e-03 
 1.822999999999864e-02  1.659114999999999e+00  1.640885000000001e+00  3.254182585792055e+00  4.321210770106473e-02  1.648697346746560e+00  3.210970478090991e+00  1.648697264311697e+00  1.162505120158827e-03 
 1.823999999999870e-02  1.659119999999999e+00  1.640880000000001e+00  3.254182875782567e+00  4.321176127095610e-02  1.648697318526761e+00  3.210971114511611e+00  1.648697236091900e+00  1.162503542720131e-03 
 1.824999999999877e-02  1.659125000000000e+00  1.640875000000001e+00  3.254183165626415e+00  4.321141736250792e-02  1.648697291494461e+00  3.210971748263907e+00  1.648697209059601e+00  1.162501976983634e-03 
 1.825999999999883e-02  1.659130000000000e+00  1.640870000000001e+00  3.254183455327406e+00  4.321107108380538e-02  1.648697263205606e+00  3.210972384243600e+00  1.648697180770747e+00  1.162500401710751e-03 
 1.826999999999890e-02  1.659135000000000e+00  1.640865000000001e+00  3.254183744883871e+00  4.321072498641329e-02  1.648697234935142e+00  3.210973019897458e+00  1.648697152500285e+00  1.162498825062335e-03 
 1.827999999999896e-02  1.659140000000000e+00  1.640860000000001e+00  3.254184034255447e+00  4.321037913825294e-02  1.648697206696850e+00  3.210973655117194e+00  1.648697124261994e+00  1.162497250429139e-03 
 1.828999999999859e-02  1.659144999999999e+00  1.640855000000001e+00  3.254184323508471e+00  4.321003503600213e-02  1.648697179272236e+00  3.210974288472468e+00  1.648697096837382e+00  1.162495683885965e-03 
 1.829999999999865e-02  1.659149999999999e+00  1.640850000000001e+00  3.254184612598812e+00  4.320969079043255e-02  1.648697151694622e+00  3.210974921808380e+00  1.648697069259769e+00  1.162494117798980e-03 
 1.830999999999872e-02  1.659154999999999e+00  1.640845000000001e+00  3.254184901553701e+00  4.320934362968441e-02  1.648697122591693e+00  3.210975557924017e+00  1.648697040156841e+00  1.162492536917445e-03 
 1.831999999999878e-02  1.659160000000000e+00  1.640840000000001e+00  3.254185190357605e+00  4.320899950891682e-02  1.648697094933261e+00  3.210976190848688e+00  1.648697012498410e+00  1.162490969437706e-03 
 1.832999999999885e-02  1.659165000000000e+00  1.640835000000001e+00  3.254185479020208e+00  4.320865564291717e-02  1.648697067331562e+00  3.210976823377290e+00  1.648696984896713e+00  1.162489404522981e-03 
 1.833999999999891e-02  1.659170000000000e+00  1.640830000000001e+00  3.254185767510554e+00  4.320831332561671e-02  1.648697040418086e+00  3.210977454184937e+00  1.648696957983238e+00  1.162487845899083e-03 
 1.834999999999898e-02  1.659175000000000e+00  1.640825000000001e+00  3.254186055868641e+00  4.320796760793916e-02  1.648697011738290e+00  3.210978088260701e+00  1.648696929303443e+00  1.162486271930261e-03 
 1.835999999999860e-02  1.659179999999999e+00  1.640820000000001e+00  3.254186344076912e+00  4.320762258835124e-02  1.648696983332631e+00  3.210978721488560e+00  1.648696900897787e+00  1.162484701541854e-03 
 1.836999999999867e-02  1.659184999999999e+00  1.640815000000001e+00  3.254186632142463e+00  4.320728106270194e-02  1.648696956602582e+00  3.210979351079761e+00  1.648696874167739e+00  1.162483146855375e-03 
 1.837999999999873e-02  1.659189999999999e+00  1.640810000000001e+00  3.254186920063066e+00  4.320693529030246e-02  1.648696927676684e+00  3.210979984772763e+00  1.648696845241842e+00  1.162481572032544e-03 
 1.838999999999880e-02  1.659195000000000e+00  1.640805000000001e+00  3.254187207828294e+00  4.320659254712332e-02  1.648696900187709e+00  3.210980615281171e+00  1.648696817752868e+00  1.162480012049148e-03 
 1.839999999999886e-02  1.659200000000000e+00  1.640800000000001e+00  3.254187495461082e+00  4.320624819075262e-02  1.648696871825917e+00  3.210981247270330e+00  1.648696789391078e+00  1.162478444116731e-03 
 1.840999999999893e-02  1.659205000000000e+00  1.640795000000001e+00  3.254187782919816e+00  4.320590507113804e-02  1.648696843995477e+00  3.210981877848678e+00  1.648696761560639e+00  1.162476882005092e-03 
 1.841999999999899e-02  1.659210000000000e+00  1.640790000000001e+00  3.254188070253911e+00  4.320556397651085e-02  1.648696817115211e+00  3.210982506277400e+00  1.648696734680374e+00  1.162475328897212e-03 
 1.842999999999861e-02  1.659214999999999e+00  1.640785000000001e+00  3.254188357435495e+00  4.320522088256543e-02  1.648696789159030e+00  3.210983136552930e+00  1.648696706724195e+00  1.162473767068532e-03 
 1.843999999999868e-02  1.659219999999999e+00  1.640780000000001e+00  3.254188644465962e+00  4.320487813130846e-02  1.648696761298635e+00  3.210983766334653e+00  1.648696678863801e+00  1.162472206057150e-03 
 1.844999999999875e-02  1.659225000000000e+00  1.640775000000001e+00  3.254188931364864e+00  4.320453328513957e-02  1.648696732325001e+00  3.210984398079724e+00  1.648696649890169e+00  1.162470636979471e-03 
 1.845999999999881e-02  1.659230000000000e+00  1.640770000000001e+00  3.254189218107900e+00  4.320419349026457e-02  1.648696705799082e+00  3.210985024617635e+00  1.648696623364251e+00  1.162469089201084e-03 
 1.846999999999888e-02  1.659235000000000e+00  1.640765000000001e+00  3.254189504695300e+00  4.320385038319639e-02  1.648696677539248e+00  3.210985654312104e+00  1.648696595104419e+00  1.162467527760519e-03 
 1.847999999999894e-02  1.659240000000000e+00  1.640760000000001e+00  3.254189791159900e+00  4.320350924987321e-02  1.648696650204887e+00  3.210986281910027e+00  1.648696567770058e+00  1.162465974411306e-03 
 1.848999999999856e-02  1.659244999999999e+00  1.640755000000001e+00  3.254190077483056e+00  4.320316646174997e-02  1.648696621972403e+00  3.210986911021307e+00  1.648696539537576e+00  1.162464414719928e-03 
 1.849999999999863e-02  1.659249999999999e+00  1.640750000000001e+00  3.254190363648494e+00  4.320282431391378e-02  1.648696593981204e+00  3.210987539334580e+00  1.648696511546378e+00  1.162462855535638e-03 
 1.850999999999869e-02  1.659254999999999e+00  1.640745000000001e+00  3.254190649645311e+00  4.320248448085211e-02  1.648696567063082e+00  3.210988165164459e+00  1.648696484628257e+00  1.162461309471203e-03 
 1.851999999999876e-02  1.659260000000000e+00  1.640740000000001e+00  3.254190935534653e+00  4.320214122853067e-02  1.648696538381592e+00  3.210988794306122e+00  1.648696455946769e+00  1.162459745851436e-03 
 1.852999999999883e-02  1.659265000000000e+00  1.640735000000001e+00  3.254191221269449e+00  4.320180012946389e-02  1.648696510699456e+00  3.210989421139985e+00  1.648696428264635e+00  1.162458192233855e-03 
 1.853999999999889e-02  1.659270000000000e+00  1.640730000000001e+00  3.254191506863885e+00  4.320145779000628e-02  1.648696482326945e+00  3.210990049073879e+00  1.648696399892126e+00  1.162456633869047e-03 
 1.854999999999896e-02  1.659275000000000e+00  1.640725000000001e+00  3.254191792315124e+00  4.320111764182354e-02  1.648696454978474e+00  3.210990674673301e+00  1.648696372543655e+00  1.162455085383503e-03 
 1.855999999999858e-02  1.659279999999999e+00  1.640720000000001e+00  3.254192077600866e+00  4.320077699186440e-02  1.648696427296365e+00  3.210991300609002e+00  1.648696344861548e+00  1.162453534986579e-03 
 1.856999999999864e-02  1.659284999999999e+00  1.640715000000001e+00  3.254192362759776e+00  4.320043584889319e-02  1.648696399304334e+00  3.210991926910883e+00  1.648696316869519e+00  1.162451981052246e-03 
 1.857999999999871e-02  1.659289999999999e+00  1.640710000000001e+00  3.254192647766867e+00  4.320009456387765e-02  1.648696371165372e+00  3.210992553202989e+00  1.648696288730558e+00  1.162450427343575e-03 
 1.858999999999877e-02  1.659295000000000e+00  1.640705000000001e+00  3.254192932647734e+00  4.319975464640867e-02  1.648696343647071e+00  3.210993178001326e+00  1.648696261212258e+00  1.162448879779356e-03 
 1.859999999999884e-02  1.659300000000000e+00  1.640700000000001e+00  3.254193217366669e+00  4.319941358527483e-02  1.648696315475972e+00  3.210993803781394e+00  1.648696233041160e+00  1.162447327448816e-03 
 1.860999999999891e-02  1.659305000000000e+00  1.640695000000001e+00  3.254193501959965e+00  4.319907512614178e-02  1.648696288543054e+00  3.210994426833824e+00  1.648696206108243e+00  1.162445785955456e-03 
 1.861999999999897e-02  1.659310000000000e+00  1.640690000000001e+00  3.254193786400222e+00  4.319873506460566e-02  1.648696260732414e+00  3.210995051335616e+00  1.648696178297605e+00  1.162444237575200e-03 
 1.862999999999859e-02  1.659314999999999e+00  1.640685000000001e+00  3.254194070678804e+00  4.319839830437166e-02  1.648696234491588e+00  3.210995672374433e+00  1.648696152056780e+00  1.162442704416358e-03 
 1.863999999999866e-02  1.659319999999999e+00  1.640680000000001e+00  3.254194354855179e+00  4.319805566766360e-02  1.648696205261421e+00  3.210996299187515e+00  1.648696122826615e+00  1.162441144487188e-03 
 1.864999999999872e-02  1.659324999999999e+00  1.640675000000001e+00  3.254194638862615e+00  4.319771772848204e-02  1.648696178295548e+00  3.210996921134133e+00  1.648696095860744e+00  1.162439605772038e-03 
 1.865999999999879e-02  1.659330000000000e+00  1.640670000000001e+00  3.254194922760091e+00  4.319737553708967e-02  1.648696149148590e+00  3.210997547223001e+00  1.648696066713787e+00  1.162438047410515e-03 
 1.866999999999885e-02  1.659335000000000e+00  1.640665000000001e+00  3.254195206475025e+00  4.319703826259846e-02  1.648696122368812e+00  3.210998168212426e+00  1.648696039934010e+00  1.162436511873790e-03 
 1.867999999999892e-02  1.659340000000000e+00  1.640660000000001e+00  3.254195490059276e+00  4.319669969904176e-02  1.648696094879159e+00  3.210998790360234e+00  1.648696012444358e+00  1.162434971018983e-03 
 1.868999999999899e-02  1.659345000000000e+00  1.640655000000001e+00  3.254195773520722e+00  4.319635853059951e-02  1.648696066025661e+00  3.210999414990122e+00  1.648695983590861e+00  1.162433417524825e-03 
 1.869999999999861e-02  1.659349999999999e+00  1.640650000000001e+00  3.254196056834881e+00  4.319602116163142e-02  1.648696038998256e+00  3.211000035673249e+00  1.648695956563458e+00  1.162431881220484e-03 
 1.870999999999867e-02  1.659354999999999e+00  1.640645000000001e+00  3.254196340008681e+00  4.319568289200112e-02  1.648696011450341e+00  3.211000657116680e+00  1.648695929015545e+00  1.162430341045542e-03 
 1.871999999999874e-02  1.659360000000000e+00  1.640640000000001e+00  3.254196623023646e+00  4.319534434465200e-02  1.648695983684149e+00  3.211001278678994e+00  1.648695901249354e+00  1.162428799002407e-03 
 1.872999999999880e-02  1.659365000000000e+00  1.640635000000001e+00  3.254196905900697e+00  4.319500686241966e-02  1.648695956381559e+00  3.211001899038278e+00  1.648695873946765e+00  1.162427263244374e-03 
 1.873999999999887e-02  1.659370000000000e+00  1.640630000000001e+00  3.254197188652657e+00  4.319466821887086e-02  1.648695928435764e+00  3.211002520433786e+00  1.648695846000972e+00  1.162425721240271e-03 
 1.874999999999893e-02  1.659375000000000e+00  1.640625000000001e+00  3.254197471271759e+00  4.319432991039172e-02  1.648695900591076e+00  3.211003141361368e+00  1.648695818156285e+00  1.162424179993032e-03 
 1.875999999999856e-02  1.659379999999999e+00  1.640620000000001e+00  3.254197753732054e+00  4.319399346010787e-02  1.648695873596081e+00  3.211003760271946e+00  1.648695791161291e+00  1.162422648151404e-03 
 1.876999999999862e-02  1.659384999999999e+00  1.640615000000001e+00  3.254198036050612e+00  4.319365439937001e-02  1.648695845224991e+00  3.211004381651243e+00  1.648695762790203e+00  1.162421105402717e-03 
 1.877999999999869e-02  1.659389999999999e+00  1.640610000000001e+00  3.254198318249843e+00  4.319331784973741e-02  1.648695818049790e+00  3.211005000400105e+00  1.648695735615003e+00  1.162419572893080e-03 
 1.878999999999875e-02  1.659395000000000e+00  1.640605000000001e+00  3.254198600287646e+00  4.319297996806699e-02  1.648695790127856e+00  3.211005620319578e+00  1.648695707693071e+00  1.162418033875114e-03 
 1.879999999999882e-02  1.659400000000000e+00  1.640600000000001e+00  3.254198882200706e+00  4.319264331867784e-02  1.648695762759692e+00  3.211006238882029e+00  1.648695680324908e+00  1.162416501219236e-03 
 1.880999999999888e-02  1.659405000000000e+00  1.640595000000001e+00  3.254199163976097e+00  4.319230661605001e-02  1.648695735296073e+00  3.211006857360046e+00  1.648695652861291e+00  1.162414967614313e-03 
 1.881999999999895e-02  1.659410000000000e+00  1.640590000000001e+00  3.254199445616769e+00  4.319196858104974e-02  1.648695707098909e+00  3.211007477035719e+00  1.648695624664128e+00  1.162413428544235e-03 
 1.882999999999857e-02  1.659414999999999e+00  1.640585000000001e+00  3.254199727096910e+00  4.319163227632866e-02  1.648695679686619e+00  3.211008094820581e+00  1.648695597251839e+00  1.162411897497991e-03 
 1.883999999999864e-02  1.659419999999999e+00  1.640580000000001e+00  3.254200008443220e+00  4.319129626622668e-02  1.648695652354724e+00  3.211008712176993e+00  1.648695569919945e+00  1.162410367679338e-03 
 1.884999999999870e-02  1.659424999999999e+00  1.640575000000001e+00  3.254200289676958e+00  4.319095859068254e-02  1.648695624133820e+00  3.211009331086275e+00  1.648695541699043e+00  1.162408829709877e-03 
 1.885999999999877e-02  1.659430000000000e+00  1.640570000000001e+00  3.254200570743623e+00  4.319062408243436e-02  1.648695597413028e+00  3.211009946661188e+00  1.648695514978253e+00  1.162407307040052e-03 
 1.886999999999883e-02  1.659435000000000e+00  1.640565000000001e+00  3.254200851687252e+00  4.319028826575604e-02  1.648695569976504e+00  3.211010563421496e+00  1.648695487541730e+00  1.162405778373334e-03 
 1.887999999999890e-02  1.659440000000000e+00  1.640560000000001e+00  3.254201132473984e+00  4.318995180082071e-02  1.648695542137403e+00  3.211011180673164e+00  1.648695459702630e+00  1.162404245492153e-03 
 1.888999999999896e-02  1.659445000000000e+00  1.640555000000001e+00  3.254201413143800e+00  4.318961579628048e-02  1.648695514470040e+00  3.211011797347520e+00  1.648695432035269e+00  1.162402715710011e-03 
 1.889999999999858e-02  1.659449999999999e+00  1.640550000000001e+00  3.254201693659265e+00  4.318928116555473e-02  1.648695487412410e+00  3.211012412493710e+00  1.648695404977640e+00  1.162401193127696e-03 
 1.890999999999865e-02  1.659454999999999e+00  1.640545000000001e+00  3.254201974062831e+00  4.318894514252449e-02  1.648695459602677e+00  3.211013028920306e+00  1.648695377167909e+00  1.162399662636431e-03 
 1.891999999999872e-02  1.659459999999999e+00  1.640540000000001e+00  3.254202254323594e+00  4.318860738371650e-02  1.648695430853655e+00  3.211013646939878e+00  1.648695348418888e+00  1.162398123868660e-03 
 1.892999999999878e-02  1.659465000000000e+00  1.640535000000001e+00  3.254202534443664e+00  4.318827226777879e-02  1.648695403355721e+00  3.211014262175885e+00  1.648695320920955e+00  1.162396597535941e-03 
 1.893999999999885e-02  1.659470000000000e+00  1.640530000000001e+00  3.254202814417099e+00  4.318793730212885e-02  1.648695375859614e+00  3.211014877114970e+00  1.648695293424849e+00  1.162395072752613e-03 
 1.894999999999891e-02  1.659475000000000e+00  1.640525000000001e+00  3.254203094235523e+00  4.318760454112776e-02  1.648695349388325e+00  3.211015489694395e+00  1.648695266953562e+00  1.162393557912189e-03 
 1.895999999999853e-02  1.659479999999999e+00  1.640520000000001e+00  3.254203373968193e+00  4.318726783816326e-02  1.648695320903178e+00  3.211016106130030e+00  1.648695238468416e+00  1.162392024606568e-03 
 1.896999999999860e-02  1.659484999999999e+00  1.640515000000001e+00  3.254203653529693e+00  4.318693476832636e-02  1.648695294149009e+00  3.211016718761366e+00  1.648695211714249e+00  1.162390507767829e-03 
 1.897999999999866e-02  1.659489999999999e+00  1.640510000000001e+00  3.254203932968543e+00  4.318659894388257e-02  1.648695265956213e+00  3.211017334024661e+00  1.648695183521454e+00  1.162388978633274e-03 
 1.898999999999873e-02  1.659494999999999e+00  1.640505000000001e+00  3.254204212277966e+00  4.318626521781479e-02  1.648695238747890e+00  3.211017947060151e+00  1.648695156313132e+00  1.162387459160120e-03 
 1.899999999999880e-02  1.659500000000000e+00  1.640500000000001e+00  3.254204491413170e+00  4.318593078432768e-02  1.648695211098749e+00  3.211018560628842e+00  1.648695128663992e+00  1.162385936004135e-03 
 1.900999999999886e-02  1.659505000000000e+00  1.640495000000001e+00  3.254204770451666e+00  4.318559537976995e-02  1.648695182915718e+00  3.211019175071896e+00  1.648695100480963e+00  1.162384408512758e-03 
 1.901999999999893e-02  1.659510000000000e+00  1.640490000000001e+00  3.254205049345933e+00  4.318526286164289e-02  1.648695156103788e+00  3.211019786484290e+00  1.648695073669034e+00  1.162382894964899e-03 
 1.902999999999855e-02  1.659514999999999e+00  1.640485000000001e+00  3.254205328100016e+00  4.318492774754568e-02  1.648695127923781e+00  3.211020400352471e+00  1.648695045489029e+00  1.162381368790482e-03 
 1.903999999999861e-02  1.659519999999999e+00  1.640480000000001e+00  3.254205606717512e+00  4.318459556724395e-02  1.648695101142378e+00  3.211021011150268e+00  1.648695018707627e+00  1.162379856262985e-03 
 1.904999999999868e-02  1.659524999999999e+00  1.640475000000001e+00  3.254205885211610e+00  4.318426380251155e-02  1.648695074507061e+00  3.211021621409098e+00  1.648694992072311e+00  1.162378345275401e-03 
 1.905999999999874e-02  1.659530000000000e+00  1.640470000000001e+00  3.254206163549052e+00  4.318392867510373e-02  1.648695046112078e+00  3.211022234873948e+00  1.648694963677330e+00  1.162376820162373e-03 
 1.906999999999881e-02  1.659535000000000e+00  1.640465000000001e+00  3.254206441777827e+00  4.318359497134501e-02  1.648695018374586e+00  3.211022846806482e+00  1.648694935939839e+00  1.162375299346449e-03 
 1.907999999999888e-02  1.659540000000000e+00  1.640460000000001e+00  3.254206719868487e+00  4.318326142680006e-02  1.648694990647644e+00  3.211023458441687e+00  1.648694908212898e+00  1.162373780927044e-03 
 1.908999999999894e-02  1.659545000000000e+00  1.640455000000001e+00  3.254206997797402e+00  4.318292995171145e-02  1.648694963874556e+00  3.211024067845690e+00  1.648694881439812e+00  1.162372271193024e-03 
 1.909999999999856e-02  1.659549999999999e+00  1.640450000000001e+00  3.254207275614503e+00  4.318259765928691e-02  1.648694936636895e+00  3.211024677955217e+00  1.648694854202152e+00  1.162370759183428e-03 
 1.910999999999863e-02  1.659554999999999e+00  1.640445000000001e+00  3.254207553300992e+00  4.318226466573536e-02  1.648694908983364e+00  3.211025288635256e+00  1.648694826548622e+00  1.162369242285242e-03 
 1.911999999999869e-02  1.659559999999999e+00  1.640440000000001e+00  3.254207830841850e+00  4.318193243919314e-02  1.648694881640521e+00  3.211025898402657e+00  1.648694799205781e+00  1.162367730119210e-03 
 1.912999999999876e-02  1.659565000000000e+00  1.640435000000001e+00  3.254208108270615e+00  4.318160052758416e-02  1.648694854399100e+00  3.211026507743031e+00  1.648694771964361e+00  1.162366217665643e-03 
 1.913999999999882e-02  1.659570000000000e+00  1.640430000000001e+00  3.254208385539932e+00  4.318126779154686e-02  1.648694826665740e+00  3.211027117748385e+00  1.648694744231002e+00  1.162364702979095e-03 
 1.914999999999889e-02  1.659575000000000e+00  1.640425000000001e+00  3.254208662688951e+00  4.318093489542057e-02  1.648694798792186e+00  3.211027727793531e+00  1.648694716357450e+00  1.162363186764306e-03 
 1.915999999999896e-02  1.659580000000000e+00  1.640420000000001e+00  3.254208939712903e+00  4.318060272614060e-02  1.648694771219522e+00  3.211028336986762e+00  1.648694688784787e+00  1.162361674348698e-03 
 1.916999999999858e-02  1.659584999999999e+00  1.640415000000001e+00  3.254209216579544e+00  4.318027218182847e-02  1.648694744380687e+00  3.211028944397716e+00  1.648694661945953e+00  1.162360168820164e-03 
 1.917999999999864e-02  1.659589999999999e+00  1.640410000000001e+00  3.254209493344181e+00  4.317994024198903e-02  1.648694716793085e+00  3.211029553102192e+00  1.648694634358353e+00  1.162358657175298e-03 
 1.918999999999871e-02  1.659594999999999e+00  1.640405000000001e+00  3.254209769963981e+00  4.317960785326546e-02  1.648694688908623e+00  3.211030162110716e+00  1.648694606473893e+00  1.162357143465965e-03 
 1.919999999999877e-02  1.659600000000000e+00  1.640400000000001e+00  3.254210046442710e+00  4.317927629100331e-02  1.648694661366857e+00  3.211030770151707e+00  1.648694578932128e+00  1.162355634579736e-03 
 1.920999999999884e-02  1.659605000000000e+00  1.640395000000001e+00  3.254210322786963e+00  4.317894622560067e-02  1.648694634506282e+00  3.211031376561363e+00  1.648694552071555e+00  1.162354130351629e-03 
 1.921999999999890e-02  1.659610000000000e+00  1.640390000000001e+00  3.254210599007740e+00  4.317861549287218e-02  1.648694607250306e+00  3.211031983514868e+00  1.648694524815580e+00  1.162352625421282e-03 
 1.922999999999853e-02  1.659614999999999e+00  1.640385000000001e+00  3.254210875103378e+00  4.317828255597211e-02  1.648694578829675e+00  3.211032592547406e+00  1.648694496394950e+00  1.162351108012047e-03 
 1.923999999999859e-02  1.659619999999999e+00  1.640380000000001e+00  3.254211151053957e+00  4.317795506592067e-02  1.648694553059939e+00  3.211033195988036e+00  1.648694470625215e+00  1.162349617688679e-03 
 1.924999999999866e-02  1.659624999999999e+00  1.640375000000001e+00  3.254211426887368e+00  4.317762315392241e-02  1.648694525020645e+00  3.211033803733446e+00  1.648694442585923e+00  1.162348105506204e-03 
 1.925999999999872e-02  1.659629999999999e+00  1.640370000000001e+00  3.254211702577843e+00  4.317729376982892e-02  1.648694498173836e+00  3.211034408808014e+00  1.648694415739115e+00  1.162346606377068e-03 
 1.926999999999879e-02  1.659635000000000e+00  1.640365000000001e+00  3.254211978139077e+00  4.317696319999905e-02  1.648694470669538e+00  3.211035014939077e+00  1.648694388234818e+00  1.162345100135809e-03 
 1.927999999999885e-02  1.659640000000000e+00  1.640360000000001e+00  3.254212253582559e+00  4.317663160038886e-02  1.648694442591474e+00  3.211035621982170e+00  1.648694360156756e+00  1.162343590603762e-03 
 1.928999999999892e-02  1.659645000000000e+00  1.640355000000001e+00  3.254212528863525e+00  4.317630309092814e-02  1.648694415977227e+00  3.211036225772597e+00  1.648694333542510e+00  1.162342094692269e-03 
 1.929999999999854e-02  1.659649999999999e+00  1.640350000000001e+00  3.254212804045889e+00  4.317597147205049e-02  1.648694387758970e+00  3.211036832573838e+00  1.648694305324254e+00  1.162340584190126e-03 
 1.930999999999861e-02  1.659654999999999e+00  1.640345000000001e+00  3.254213079086420e+00  4.317564116682027e-02  1.648694360126620e+00  3.211037437919599e+00  1.648694277691906e+00  1.162339079783437e-03 
 1.931999999999867e-02  1.659659999999999e+00  1.640340000000001e+00  3.254213353996606e+00  4.317531223827768e-02  1.648694333117442e+00  3.211038041758329e+00  1.648694250682730e+00  1.162337582138450e-03 
 1.932999999999874e-02  1.659665000000000e+00  1.640335000000001e+00  3.254213628769803e+00  4.317498391944318e-02  1.648694306344623e+00  3.211038644850360e+00  1.648694223909912e+00  1.162336087029603e-03 
 1.933999999999880e-02  1.659670000000000e+00  1.640330000000001e+00  3.254213903413424e+00  4.317465392482651e-02  1.648694278669125e+00  3.211039249488597e+00  1.648694196234415e+00  1.162334583589782e-03 
 1.934999999999887e-02  1.659675000000000e+00  1.640325000000001e+00  3.254214177941990e+00  4.317432606092766e-02  1.648694252001459e+00  3.211039851881063e+00  1.648694169566751e+00  1.162333090557055e-03 
 1.935999999999893e-02  1.659680000000000e+00  1.640320000000001e+00  3.254214452323087e+00  4.317399753178521e-02  1.648694224927436e+00  3.211040454791302e+00  1.648694142492729e+00  1.162331594974393e-03 
 1.936999999999856e-02  1.659684999999999e+00  1.640315000000001e+00  3.254214726608588e+00  4.317366430490894e-02  1.648694195456748e+00  3.211041062303679e+00  1.648694113022043e+00  1.162330077169965e-03 
 1.937999999999862e-02  1.659689999999999e+00  1.640310000000001e+00  3.254215000729864e+00  4.317333730155799e-02  1.648694169015711e+00  3.211041663428306e+00  1.648694086581007e+00  1.162328587852718e-03 
 1.938999999999869e-02  1.659694999999999e+00  1.640305000000001e+00  3.254215274732826e+00  4.317301010669528e-02  1.648694142419761e+00  3.211042264626130e+00  1.648694059985057e+00  1.162327097979282e-03 
 1.939999999999875e-02  1.659700000000000e+00  1.640300000000001e+00  3.254215548596242e+00  4.317268271530839e-02  1.648694115655775e+00  3.211042865880933e+00  1.648694033221073e+00  1.162325606986376e-03 
 1.940999999999882e-02  1.659705000000000e+00  1.640295000000001e+00  3.254215822349361e+00  4.317235399885906e-02  1.648694088174110e+00  3.211043468350502e+00  1.648694005739410e+00  1.162324109764330e-03 
 1.941999999999888e-02  1.659710000000000e+00  1.640290000000001e+00  3.254216095956993e+00  4.317202602290366e-02  1.648694060989948e+00  3.211044069934089e+00  1.648693978555249e+00  1.162322616698500e-03 
 1.942999999999895e-02  1.659715000000000e+00  1.640285000000001e+00  3.254216369454646e+00  4.317169777100616e-02  1.648694033612826e+00  3.211044671683640e+00  1.648693951178129e+00  1.162321122322492e-03 
 1.943999999999857e-02  1.659719999999999e+00  1.640280000000001e+00  3.254216642799170e+00  4.317136873737250e-02  1.648694005768272e+00  3.211045274061798e+00  1.648693923333575e+00  1.162319623251236e-03 
 1.944999999999864e-02  1.659724999999999e+00  1.640275000000001e+00  3.254216916045509e+00  4.317103890463207e-02  1.648693977475071e+00  3.211045877140877e+00  1.648693895040376e+00  1.162318120351601e-03 
 1.945999999999870e-02  1.659729999999999e+00  1.640270000000001e+00  3.254217189150171e+00  4.317071088380982e-02  1.648693950016991e+00  3.211046478266361e+00  1.648693867582297e+00  1.162316626760371e-03 
 1.946999999999877e-02  1.659735000000000e+00  1.640265000000001e+00  3.254217462113476e+00  4.317038583518486e-02  1.648693923974331e+00  3.211047076278291e+00  1.648693841539638e+00  1.162315146994531e-03 
 1.947999999999883e-02  1.659740000000000e+00  1.640260000000001e+00  3.254217734964233e+00  4.317005931986617e-02  1.648693897142050e+00  3.211047675644367e+00  1.648693814707359e+00  1.162313659992563e-03 
 1.948999999999890e-02  1.659745000000000e+00  1.640255000000001e+00  3.254218007677969e+00  4.316973347165071e-02  1.648693870574810e+00  3.211048274206318e+00  1.648693788140120e+00  1.162312175671342e-03 
 1.949999999999852e-02  1.659749999999999e+00  1.640250000000001e+00  3.254218280275842e+00  4.316940438945897e-02  1.648693842332651e+00  3.211048875886383e+00  1.648693759897963e+00  1.162310677098693e-03 
 1.950999999999858e-02  1.659754999999999e+00  1.640245000000001e+00  3.254218552726356e+00  4.316908004058193e-02  1.648693816383469e+00  3.211049472685774e+00  1.648693733948782e+00  1.162309200637631e-03 
 1.951999999999865e-02  1.659759999999999e+00  1.640240000000001e+00  3.254218825075927e+00  4.316874819388228e-02  1.648693786634905e+00  3.211050076882044e+00  1.648693704200219e+00  1.162307688524171e-03 
 1.952999999999872e-02  1.659764999999999e+00  1.640235000000001e+00  3.254219097290698e+00  4.316842138747044e-02  1.648693759339084e+00  3.211050675903227e+00  1.648693676904400e+00  1.162306200152315e-03 
 1.953999999999878e-02  1.659770000000000e+00  1.640230000000001e+00  3.254219369371997e+00  4.316809678208230e-02  1.648693733077039e+00  3.211051272589914e+00  1.648693650642357e+00  1.162304722325717e-03 
 1.954999999999885e-02  1.659775000000000e+00  1.640225000000001e+00  3.254219641332161e+00  4.316776903205992e-02  1.648693705182110e+00  3.211051872300101e+00  1.648693622747429e+00  1.162303228972673e-03 
 1.955999999999891e-02  1.659780000000000e+00  1.640220000000001e+00  3.254219913151368e+00  4.316744545021796e-02  1.648693679300793e+00  3.211052467701150e+00  1.648693596866113e+00  1.162301755180158e-03 
 1.956999999999853e-02  1.659784999999999e+00  1.640215000000001e+00  3.254220184856966e+00  4.316712035661192e-02  1.648693652606789e+00  3.211053064500354e+00  1.648693570172110e+00  1.162300275500954e-03 
 1.957999999999860e-02  1.659789999999999e+00  1.640210000000001e+00  3.254220456429136e+00  4.316679338391511e-02  1.648693624906526e+00  3.211053663045221e+00  1.648693542471849e+00  1.162298786271496e-03 
 1.958999999999866e-02  1.659794999999999e+00  1.640205000000001e+00  3.254220727891199e+00  4.316646769628751e-02  1.648693597793743e+00  3.211054260194912e+00  1.648693515359068e+00  1.162297303956406e-03 
 1.959999999999873e-02  1.659799999999999e+00  1.640200000000001e+00  3.254220999203524e+00  4.316614308185755e-02  1.648693571142691e+00  3.211054856121666e+00  1.648693488708016e+00  1.162295825484073e-03 
 1.960999999999880e-02  1.659805000000000e+00  1.640195000000001e+00  3.254221270420645e+00  4.316581413198700e-02  1.648693542276316e+00  3.211055456288658e+00  1.648693459841643e+00  1.162294325576396e-03 
 1.961999999999886e-02  1.659810000000000e+00  1.640190000000001e+00  3.254221541504156e+00  4.316548781907388e-02  1.648693514661615e+00  3.211056053685082e+00  1.648693432226943e+00  1.162292839465118e-03 
 1.962999999999893e-02  1.659815000000000e+00  1.640185000000001e+00  3.254221812435959e+00  4.316516493284247e-02  1.648693488684401e+00  3.211056647503117e+00  1.648693406249730e+00  1.162291369712818e-03 
 1.963999999999855e-02  1.659819999999999e+00  1.640180000000001e+00  3.254222083275734e+00  4.316483933287085e-02  1.648693461304302e+00  3.211057243942864e+00  1.648693378869634e+00  1.162289886088992e-03 
 1.964999999999861e-02  1.659824999999999e+00  1.640175000000001e+00  3.254222353953763e+00  4.316451374947415e-02  1.648693433851618e+00  3.211057840204289e+00  1.648693351416951e+00  1.162288403579553e-03 
 1.965999999999868e-02  1.659829999999999e+00  1.640170000000001e+00  3.254222624534980e+00  4.316418977072906e-02  1.648693407152855e+00  3.211058434764251e+00  1.648693324718188e+00  1.162286927582116e-03 
 1.966999999999874e-02  1.659835000000000e+00  1.640165000000001e+00  3.254222894966951e+00  4.316386674406976e-02  1.648693380855510e+00  3.211059028222881e+00  1.648693298420845e+00  1.162285457425169e-03 
 1.967999999999881e-02  1.659840000000000e+00  1.640160000000001e+00  3.254223165286361e+00  4.316354069927635e-02  1.648693352992819e+00  3.211059624587085e+00  1.648693270558155e+00  1.162283971702728e-03 
 1.968999999999888e-02  1.659845000000000e+00  1.640155000000001e+00  3.254223435504498e+00  4.316321404695096e-02  1.648693324775725e+00  3.211060221457547e+00  1.648693242341063e+00  1.162282485297345e-03 
 1.969999999999894e-02  1.659850000000000e+00  1.640150000000001e+00  3.254223705585658e+00  4.316289045144467e-02  1.648693298018552e+00  3.211060815134214e+00  1.648693215583891e+00  1.162281009935248e-03 
 1.970999999999856e-02  1.659854999999999e+00  1.640145000000001e+00  3.254223975527255e+00  4.316256525506705e-02  1.648693270391161e+00  3.211061410272188e+00  1.648693187956501e+00  1.162279529636569e-03 
 1.971999999999863e-02  1.659859999999999e+00  1.640140000000001e+00  3.254224245343712e+00  4.316224517551617e-02  1.648693245259614e+00  3.211062000168196e+00  1.648693162824956e+00  1.162278071297024e-03 
 1.972999999999869e-02  1.659864999999999e+00  1.640135000000001e+00  3.254224515064877e+00  4.316191801727888e-02  1.648693216541078e+00  3.211062597047598e+00  1.648693134106421e+00  1.162276582077594e-03 
 1.973999999999876e-02  1.659870000000000e+00  1.640130000000001e+00  3.254224784640543e+00  4.316159540772325e-02  1.648693190024133e+00  3.211063189232819e+00  1.648693107589478e+00  1.162275112334804e-03 
 1.974999999999882e-02  1.659875000000000e+00  1.640125000000001e+00  3.254225054109329e+00  4.316126849065596e-02  1.648693161299992e+00  3.211063785618673e+00  1.648693078865338e+00  1.162273622509410e-03 
 1.975999999999889e-02  1.659880000000000e+00  1.640120000000001e+00  3.254225323439371e+00  4.316094670448296e-02  1.648693135071927e+00  3.211064376734888e+00  1.648693052637275e+00  1.162272158238641e-03 
 1.976999999999851e-02  1.659884999999999e+00  1.640115000000001e+00  3.254225592637824e+00  4.316062470148030e-02  1.648693108669652e+00  3.211064967936344e+00  1.648693026235001e+00  1.162270691225239e-03 
 1.977999999999858e-02  1.659889999999999e+00  1.640110000000001e+00  3.254225861714854e+00  4.316030348783245e-02  1.648693082601343e+00  3.211065558227021e+00  1.648693000166693e+00  1.162269228172165e-03 
 1.978999999999864e-02  1.659894999999999e+00  1.640105000000001e+00  3.254226130690880e+00  4.315997684430459e-02  1.648693053767592e+00  3.211066153846575e+00  1.648692971332943e+00  1.162267739488995e-03 
 1.979999999999871e-02  1.659899999999999e+00  1.640100000000001e+00  3.254226399511360e+00  4.315965699414842e-02  1.648693028252754e+00  3.211066742517211e+00  1.648692945818107e+00  1.162266283678475e-03 
 1.980999999999877e-02  1.659905000000000e+00  1.640095000000001e+00  3.254226668237453e+00  4.315933236842231e-02  1.648693000302938e+00  3.211067335869031e+00  1.648692917868292e+00  1.162264805235054e-03 
 1.981999999999884e-02  1.659910000000000e+00  1.640090000000001e+00  3.254226936839868e+00  4.315900920327864e-02  1.648692973021574e+00  3.211067927636590e+00  1.648692890586929e+00  1.162263332985629e-03 
 1.982999999999890e-02  1.659915000000000e+00  1.640085000000001e+00  3.254227205308758e+00  4.315868748686927e-02  1.648692946397814e+00  3.211068517821889e+00  1.648692863963171e+00  1.162261867775795e-03 
 1.983999999999853e-02  1.659919999999999e+00  1.640080000000001e+00  3.254227473657642e+00  4.315836350520003e-02  1.648692918581421e+00  3.211069110152442e+00  1.648692836146779e+00  1.162260392306940e-03 
 1.984999999999859e-02  1.659924999999999e+00  1.640075000000001e+00  3.254227741873723e+00  4.315804390280809e-02  1.648692892888265e+00  3.211069697970915e+00  1.648692810453625e+00  1.162258936224813e-03 
 1.985999999999866e-02  1.659929999999999e+00  1.640070000000001e+00  3.254228009989796e+00  4.315772098768129e-02  1.648692865488739e+00  3.211070289002115e+00  1.648692783054100e+00  1.162257465993137e-03 
 1.986999999999872e-02  1.659934999999999e+00  1.640065000000001e+00  3.254228277961132e+00  4.315740047006604e-02  1.648692839215599e+00  3.211070877491066e+00  1.648692756780961e+00  1.162256006298796e-03 
 1.987999999999879e-02  1.659940000000000e+00  1.640060000000001e+00  3.254228545834314e+00  4.315707599598043e-02  1.648692810915147e+00  3.211071469838334e+00  1.648692728480511e+00  1.162254527742396e-03 
 1.988999999999885e-02  1.659945000000000e+00  1.640055000000001e+00  3.254228813576329e+00  4.315675500896662e-02  1.648692784292648e+00  3.211072058567362e+00  1.648692701858013e+00  1.162253065949949e-03 
 1.989999999999892e-02  1.659950000000000e+00  1.640050000000001e+00  3.254229081186673e+00  4.315643107947956e-02  1.648692756133076e+00  3.211072650107194e+00  1.648692673698443e+00  1.162251590224669e-03 
 1.990999999999854e-02  1.659954999999999e+00  1.640045000000001e+00  3.254229348698834e+00  4.315611057392103e-02  1.648692729636378e+00  3.211073238124913e+00  1.648692647201745e+00  1.162250130985205e-03 
 1.991999999999861e-02  1.659959999999999e+00  1.640040000000001e+00  3.254229616061050e+00  4.315578879018147e-02  1.648692702425616e+00  3.211073827270869e+00  1.648692619990985e+00  1.162248665272776e-03 
 1.992999999999867e-02  1.659964999999999e+00  1.640035000000001e+00  3.254229883322022e+00  4.315546705838198e-02  1.648692675190202e+00  3.211074416263640e+00  1.648692592755572e+00  1.162247199949944e-03 
 1.993999999999874e-02  1.659970000000000e+00  1.640030000000001e+00  3.254230150451409e+00  4.315514577566993e-02  1.648692648113539e+00  3.211075004675739e+00  1.648692565678911e+00  1.162245735672963e-03 
 1.994999999999880e-02  1.659975000000000e+00  1.640025000000001e+00  3.254230417461421e+00  4.315482669628554e-02  1.648692622078853e+00  3.211075590765136e+00  1.648692539644226e+00  1.162244282672597e-03 
 1.995999999999887e-02  1.659980000000000e+00  1.640020000000001e+00  3.254230684360665e+00  4.315450490947623e-02  1.648692594635071e+00  3.211076179451188e+00  1.648692512200445e+00  1.162242817120169e-03 
 1.996999999999849e-02  1.659984999999999e+00  1.640015000000001e+00  3.254230951136821e+00  4.315418586984476e-02  1.648692568503333e+00  3.211076765266976e+00  1.648692486068709e+00  1.162241363695162e-03 
 1.997999999999855e-02  1.659989999999999e+00  1.640010000000001e+00  3.254231217790417e+00  4.315386363920760e-02  1.648692540714812e+00  3.211077354151210e+00  1.648692458280189e+00  1.162239896282780e-03 
 1.998999999999862e-02  1.659994999999999e+00  1.640005000000001e+00  3.254231484321588e+00  4.315354540385059e-02  1.648692514862719e+00  3.211077938917737e+00  1.648692432428098e+00  1.162238447063916e-03 
 1.999999999999869e-02  1.659999999999999e+00  1.640000000000001e+00  3.254231750730360e+00  4.315322316820364e-02  1.648692486949282e+00  3.211078527562156e+00  1.648692404514662e+00  1.162236978978532e-03 
