 frequency              vin_diff_real          vin_diff_imag          voutdiff_real          voutdiff_imag         
 1.000000000000000e-02  1.000000000000000e+00  0.000000000000000e+00  2.288519074161007e+04 -4.067999562854133e-01 
 1.011579454259899e-02  1.000000000000000e+00  0.000000000000000e+00  2.288519074144167e+04 -4.115104777691220e-01 
 1.023292992280754e-02  1.000000000000000e+00  0.000000000000000e+00  2.288519074126511e+04 -4.162755445206306e-01 
 1.035142166679344e-02  1.000000000000000e+00  0.000000000000000e+00  2.288519074108878e+04 -4.210957881446776e-01 
 1.047128548050900e-02  1.000000000000000e+00  0.000000000000000e+00  2.288519074090833e+04 -4.259718475591771e-01 
 1.059253725177289e-02  1.000000000000000e+00  0.000000000000000e+00  2.288519074072792e+04 -4.309043690806763e-01 
 1.071519305237607e-02  1.000000000000000e+00  0.000000000000000e+00  2.288519074053897e+04 -4.358940065092385e-01 
 1.083926914021204e-02  1.000000000000000e+00  0.000000000000000e+00  2.288519074034139e+04 -4.409414212158882e-01 
 1.096478196143186e-02  1.000000000000000e+00  0.000000000000000e+00  2.288519074014354e+04 -4.460472822302973e-01 
 1.109174815262402e-02  1.000000000000000e+00  0.000000000000000e+00  2.288519073994530e+04 -4.512122663288107e-01 
 1.122018454301964e-02  1.000000000000000e+00  0.000000000000000e+00  2.288519073973813e+04 -4.564370581241393e-01 
 1.135010815672316e-02  1.000000000000000e+00  0.000000000000000e+00  2.288519073952613e+04 -4.617223501569334e-01 
 1.148153621496884e-02  1.000000000000000e+00  0.000000000000000e+00  2.288519073930496e+04 -4.670688429867497e-01 
 1.161448613840344e-02  1.000000000000000e+00  0.000000000000000e+00  2.288519073908296e+04 -4.724772452857560e-01 
 1.174897554939531e-02  1.000000000000000e+00  0.000000000000000e+00  2.288519073886003e+04 -4.779482739318190e-01 
 1.188502227437020e-02  1.000000000000000e+00  0.000000000000000e+00  2.288519073862757e+04 -4.834826541035002e-01 
 1.202264434617414e-02  1.000000000000000e+00  0.000000000000000e+00  2.288519073838971e+04 -4.890811193770632e-01 
 1.216186000646370e-02  1.000000000000000e+00  0.000000000000000e+00  2.288519073814629e+04 -4.947444118230092e-01 
 1.230268770812383e-02  1.000000000000000e+00  0.000000000000000e+00  2.288519073790144e+04 -5.004732821047931e-01 
 1.244514611771387e-02  1.000000000000000e+00  0.000000000000000e+00  2.288519073764233e+04 -5.062684895774023e-01 
 1.258925411794169e-02  1.000000000000000e+00  0.000000000000000e+00  2.288519073738150e+04 -5.121308023898559e-01 
 1.273503081016664e-02  1.000000000000000e+00  0.000000000000000e+00  2.288519073711460e+04 -5.180609975851730e-01 
 1.288249551693136e-02  1.000000000000000e+00  0.000000000000000e+00  2.288519073684148e+04 -5.240598612042953e-01 
 1.303166778452301e-02  1.000000000000000e+00  0.000000000000000e+00  2.288519073656201e+04 -5.301281883900870e-01 
 1.318256738556409e-02  1.000000000000000e+00  0.000000000000000e+00  2.288519073626756e+04 -5.362667834923367e-01 
 1.333521432163326e-02  1.000000000000000e+00  0.000000000000000e+00  2.288519073597915e+04 -5.424764601761538e-01 
 1.348962882591656e-02  1.000000000000000e+00  0.000000000000000e+00  2.288519073567969e+04 -5.487580415266566e-01 
 1.364583136588927e-02  1.000000000000000e+00  0.000000000000000e+00  2.288519073537325e+04 -5.551123601608339e-01 
 1.380384264602887e-02  1.000000000000000e+00  0.000000000000000e+00  2.288519073505967e+04 -5.615402583367285e-01 
 1.396368361055940e-02  1.000000000000000e+00  0.000000000000000e+00  2.288519073473880e+04 -5.680425880652670e-01 
 1.412537544622757e-02  1.000000000000000e+00  0.000000000000000e+00  2.288519073441044e+04 -5.746202112232002e-01 
 1.428893958511106e-02  1.000000000000000e+00  0.000000000000000e+00  2.288519073407444e+04 -5.812739996673397e-01 
 1.445439770745931e-02  1.000000000000000e+00  0.000000000000000e+00  2.288519073373061e+04 -5.880048353501238e-01 
 1.462177174456722e-02  1.000000000000000e+00  0.000000000000000e+00  2.288519073337877e+04 -5.948136104365171e-01 
 1.479108388168211e-02  1.000000000000000e+00  0.000000000000000e+00  2.288519073302297e+04 -6.017012274224903e-01 
 1.496235656094437e-02  1.000000000000000e+00  0.000000000000000e+00  2.288519073265032e+04 -6.086685992535322e-01 
 1.513561248436212e-02  1.000000000000000e+00  0.000000000000000e+00  2.288519073226909e+04 -6.157166494476565e-01 
 1.531087461682034e-02  1.000000000000000e+00  0.000000000000000e+00  2.288519073188754e+04 -6.228463122167260e-01 
 1.548816618912485e-02  1.000000000000000e+00  0.000000000000000e+00  2.288519073149277e+04 -6.300585325891206e-01 
 1.566751070108153e-02  1.000000000000000e+00  0.000000000000000e+00  2.288519073108881e+04 -6.373542665370467e-01 
 1.584893192461118e-02  1.000000000000000e+00  0.000000000000000e+00  2.288519073067120e+04 -6.447344811018819e-01 
 1.603245390690046e-02  1.000000000000000e+00  0.000000000000000e+00  2.288519073024819e+04 -6.522001545235281e-01 
 1.621810097358934e-02  1.000000000000000e+00  0.000000000000000e+00  2.288519072981958e+04 -6.597522763688994e-01 
 1.640589773199544e-02  1.000000000000000e+00  0.000000000000000e+00  2.288519072937241e+04 -6.673918476628160e-01 
 1.659586907437565e-02  1.000000000000000e+00  0.000000000000000e+00  2.288519072892339e+04 -6.751198810231387e-01 
 1.678804018122565e-02  1.000000000000000e+00  0.000000000000000e+00  2.288519072845534e+04 -6.829374007913031e-01 
 1.698243652461750e-02  1.000000000000000e+00  0.000000000000000e+00  2.288519072797649e+04 -6.908454431715607e-01 
 1.717908387157593e-02  1.000000000000000e+00  0.000000000000000e+00  2.288519072749506e+04 -6.988450563668553e-01 
 1.737800828749381e-02  1.000000000000000e+00  0.000000000000000e+00  2.288519072700229e+04 -7.069373007167239e-01 
 1.757923613958698e-02  1.000000000000000e+00  0.000000000000000e+00  2.288519072649375e+04 -7.151232488391017e-01 
 1.778279410038928e-02  1.000000000000000e+00  0.000000000000000e+00  2.288519072597333e+04 -7.234039857727761e-01 
 1.798870915128794e-02  1.000000000000000e+00  0.000000000000000e+00  2.288519072544928e+04 -7.317806091209778e-01 
 1.819700858609989e-02  1.000000000000000e+00  0.000000000000000e+00  2.288519072489164e+04 -7.402542291941301e-01 
 1.840772001468962e-02  1.000000000000000e+00  0.000000000000000e+00  2.288519072433402e+04 -7.488259691635378e-01 
 1.862087136662874e-02  1.000000000000000e+00  0.000000000000000e+00  2.288519072376340e+04 -7.574969652032086e-01 
 1.883649089489807e-02  1.000000000000000e+00  0.000000000000000e+00  2.288519072317950e+04 -7.662683666442442e-01 
 1.905460717963254e-02  1.000000000000000e+00  0.000000000000000e+00  2.288519072258199e+04 -7.751413361263744e-01 
 1.927524913190943e-02  1.000000000000000e+00  0.000000000000000e+00  2.288519072197480e+04 -7.841170497523520e-01 
 1.949844599758052e-02  1.000000000000000e+00  0.000000000000000e+00  2.288519072134914e+04 -7.931966972426849e-01 
 1.972422736114861e-02  1.000000000000000e+00  0.000000000000000e+00  2.288519072070890e+04 -8.023814820950667e-01 
 1.995262314968887e-02  1.000000000000000e+00  0.000000000000000e+00  2.288519072005375e+04 -8.116726217427439e-01 
 2.018366363681569e-02  1.000000000000000e+00  0.000000000000000e+00  2.288519071939181e+04 -8.210713477167862e-01 
 2.041737944669537e-02  1.000000000000000e+00  0.000000000000000e+00  2.288519071869308e+04 -8.305789058059703e-01 
 2.065380155810538e-02  1.000000000000000e+00  0.000000000000000e+00  2.288519071799530e+04 -8.401965562295310e-01 
 2.089296130854048e-02  1.000000000000000e+00  0.000000000000000e+00  2.288519071727694e+04 -8.499255737950413e-01 
 2.113489039836655e-02  1.000000000000000e+00  0.000000000000000e+00  2.288519071654608e+04 -8.597672480738268e-01 
 2.137962089502241e-02  1.000000000000000e+00  0.000000000000000e+00  2.288519071579386e+04 -8.697228835684747e-01 
 2.162718523727029e-02  1.000000000000000e+00  0.000000000000000e+00  2.288519071502413e+04 -8.797937998879577e-01 
 2.187761623949562e-02  1.000000000000000e+00  0.000000000000000e+00  2.288519071422800e+04 -8.899813319206187e-01 
 2.213094709605647e-02  1.000000000000000e+00  0.000000000000000e+00  2.288519071342198e+04 -9.002868300140555e-01 
 2.238721138568350e-02  1.000000000000000e+00  0.000000000000000e+00  2.288519071260143e+04 -9.107116601505143e-01 
 2.264644307593070e-02  1.000000000000000e+00  0.000000000000000e+00  2.288519071175742e+04 -9.212572041292145e-01 
 2.290867652767783e-02  1.000000000000000e+00  0.000000000000000e+00  2.288519071089377e+04 -9.319248597508683e-01 
 2.317394649968489e-02  1.000000000000000e+00  0.000000000000000e+00  2.288519071000576e+04 -9.427160410012692e-01 
 2.344228815319933e-02  1.000000000000000e+00  0.000000000000000e+00  2.288519070910140e+04 -9.536321782404396e-01 
 2.371373705661666e-02  1.000000000000000e+00  0.000000000000000e+00  2.288519070817598e+04 -9.646747183901407e-01 
 2.398832919019502e-02  1.000000000000000e+00  0.000000000000000e+00  2.288519070722899e+04 -9.758451251270480e-01 
 2.426610095082427e-02  1.000000000000000e+00  0.000000000000000e+00  2.288519070626418e+04 -9.871448790767761e-01 
 2.454708915685042e-02  1.000000000000000e+00  0.000000000000000e+00  2.288519070526833e+04 -9.985754780083109e-01 
 2.483133105295583e-02  1.000000000000000e+00  0.000000000000000e+00  2.288519070425363e+04 -1.010138437036185e+00 
 2.511886431509593e-02  1.000000000000000e+00  0.000000000000000e+00  2.288519070322375e+04 -1.021835288818413e+00 
 2.540972705549318e-02  1.000000000000000e+00  0.000000000000000e+00  2.288519070216121e+04 -1.033667583758455e+00 
 2.570395782768877e-02  1.000000000000000e+00  0.000000000000000e+00  2.288519070107393e+04 -1.045636890214859e+00 
 2.600159563165286e-02  1.000000000000000e+00  0.000000000000000e+00  2.288519069995709e+04 -1.057744794705759e+00 
 2.630267991895396e-02  1.000000000000000e+00  0.000000000000000e+00  2.288519069881857e+04 -1.069992902121480e+00 
 2.660725059798824e-02  1.000000000000000e+00  0.000000000000000e+00  2.288519069765352e+04 -1.082382835934921e+00 
 2.691534803926931e-02  1.000000000000000e+00  0.000000000000000e+00  2.288519069645288e+04 -1.094916238417492e+00 
 2.722701308077928e-02  1.000000000000000e+00  0.000000000000000e+00  2.288519069524139e+04 -1.107594770860455e+00 
 2.754228703338182e-02  1.000000000000000e+00  0.000000000000000e+00  2.288519069398880e+04 -1.120420113786618e+00 
 2.786121168629786e-02  1.000000000000000e+00  0.000000000000000e+00  2.288519069271558e+04 -1.133393967183246e+00 
 2.818382931264470e-02  1.000000000000000e+00  0.000000000000000e+00  2.288519069139991e+04 -1.146518050718366e+00 
 2.851018267503926e-02  1.000000000000000e+00  0.000000000000000e+00  2.288519069006227e+04 -1.159794103977032e+00 
 2.884031503126623e-02  1.000000000000000e+00  0.000000000000000e+00  2.288519068869346e+04 -1.173223886684775e+00 
 2.917427014001184e-02  1.000000000000000e+00  0.000000000000000e+00  2.288519068729278e+04 -1.186809178944640e+00 
 2.951209226666404e-02  1.000000000000000e+00  0.000000000000000e+00  2.288519068585945e+04 -1.200551781472281e+00 
 2.985382618917978e-02  1.000000000000000e+00  0.000000000000000e+00  2.288519068438428e+04 -1.214453515833762e+00 
 3.019951720402035e-02  1.000000000000000e+00  0.000000000000000e+00  2.288519068289188e+04 -1.228516224691489e+00 
 3.054921113215532e-02  1.000000000000000e+00  0.000000000000000e+00  2.288519068135182e+04 -1.242741772039004e+00 
 3.090295432513610e-02  1.000000000000000e+00  0.000000000000000e+00  2.288519067978023e+04 -1.257132043458883e+00 
 3.126079367123975e-02  1.000000000000000e+00  0.000000000000000e+00  2.288519067816778e+04 -1.271688946364950e+00 
 3.162277660168400e-02  1.000000000000000e+00  0.000000000000000e+00  2.288519067653057e+04 -1.286414410260666e+00 
 3.198895109691419e-02  1.000000000000000e+00  0.000000000000000e+00  2.288519067485081e+04 -1.301310386988299e+00 
 3.235936569296304e-02  1.000000000000000e+00  0.000000000000000e+00  2.288519067311912e+04 -1.316378850992286e+00 
 3.273406948788404e-02  1.000000000000000e+00  0.000000000000000e+00  2.288519067135575e+04 -1.331621799583464e+00 
 3.311311214825933e-02  1.000000000000000e+00  0.000000000000000e+00  2.288519066955555e+04 -1.347041253197534e+00 
 3.349654391578299e-02  1.000000000000000e+00  0.000000000000000e+00  2.288519066770484e+04 -1.362639255664708e+00 
 3.388441561392048e-02  1.000000000000000e+00  0.000000000000000e+00  2.288519066581536e+04 -1.378417874484637e+00 
 3.427677865464526e-02  1.000000000000000e+00  0.000000000000000e+00  2.288519066389034e+04 -1.394379201096508e+00 
 3.467368504525339e-02  1.000000000000000e+00  0.000000000000000e+00  2.288519066190335e+04 -1.410525351153595e+00 
 3.507518739525704e-02  1.000000000000000e+00  0.000000000000000e+00  2.288519065987450e+04 -1.426858464812972e+00 
 3.548133892335779e-02  1.000000000000000e+00  0.000000000000000e+00  2.288519065781120e+04 -1.443380707012049e+00 
 3.589219346450077e-02  1.000000000000000e+00  0.000000000000000e+00  2.288519065569117e+04 -1.460094267753283e+00 
 3.630780547701039e-02  1.000000000000000e+00  0.000000000000000e+00  2.288519065351328e+04 -1.477001362400797e+00 
 3.672823004980873e-02  1.000000000000000e+00  0.000000000000000e+00  2.288519065129758e+04 -1.494104231974174e+00 
 3.715352290971752e-02  1.000000000000000e+00  0.000000000000000e+00  2.288519064902592e+04 -1.511405143437845e+00 
 3.758374042884469e-02  1.000000000000000e+00  0.000000000000000e+00  2.288519064670135e+04 -1.528906390009192e+00 
 3.801893963205639e-02  1.000000000000000e+00  0.000000000000000e+00  2.288519064432264e+04 -1.546610291459247e+00 
 3.845917820453564e-02  1.000000000000000e+00  0.000000000000000e+00  2.288519064188852e+04 -1.564519194420717e+00 
 3.890451449942835e-02  1.000000000000000e+00  0.000000000000000e+00  2.288519063939770e+04 -1.582635472699027e+00 
 3.935500754557804e-02  1.000000000000000e+00  0.000000000000000e+00  2.288519063684038e+04 -1.600961527585783e+00 
 3.981071705535003e-02  1.000000000000000e+00  0.000000000000000e+00  2.288519063423641e+04 -1.619499788182384e+00 
 4.027170343254621e-02  1.000000000000000e+00  0.000000000000000e+00  2.288519063156746e+04 -1.638252711712539e+00 
 4.073802778041159e-02  1.000000000000000e+00  0.000000000000000e+00  2.288519062884056e+04 -1.657222783856849e+00 
 4.120975190973334e-02  1.000000000000000e+00  0.000000000000000e+00  2.288519062604158e+04 -1.676412519075680e+00 
 4.168693834703387e-02  1.000000000000000e+00  0.000000000000000e+00  2.288519062318174e+04 -1.695824460949164e+00 
 4.216965034285856e-02  1.000000000000000e+00  0.000000000000000e+00  2.288519062025104e+04 -1.715461182507587e+00 
 4.265795188015960e-02  1.000000000000000e+00  0.000000000000000e+00  2.288519061725642e+04 -1.735325286578039e+00 
 4.315190768277687e-02  1.000000000000000e+00  0.000000000000000e+00  2.288519061418781e+04 -1.755419406124358e+00 
 4.365158322401694e-02  1.000000000000000e+00  0.000000000000000e+00  2.288519061105206e+04 -1.775746204601249e+00 
 4.415704473533161e-02  1.000000000000000e+00  0.000000000000000e+00  2.288519060784749e+04 -1.796308376303470e+00 
 4.466835921509667e-02  1.000000000000000e+00  0.000000000000000e+00  2.288519060456819e+04 -1.817108646723559e+00 
 4.518559443749261e-02  1.000000000000000e+00  0.000000000000000e+00  2.288519060120393e+04 -1.838149772913058e+00 
 4.570881896148788e-02  1.000000000000000e+00  0.000000000000000e+00  2.288519059776565e+04 -1.859434543852044e+00 
 4.623810213992641e-02  1.000000000000000e+00  0.000000000000000e+00  2.288519059425151e+04 -1.880965780813429e+00 
 4.677351412872021e-02  1.000000000000000e+00  0.000000000000000e+00  2.288519059064271e+04 -1.902746337736104e+00 
 4.731512589614845e-02  1.000000000000000e+00  0.000000000000000e+00  2.288519058695429e+04 -1.924779101611602e+00 
 4.786300923226424e-02  1.000000000000000e+00  0.000000000000000e+00  2.288519058319274e+04 -1.947066992859876e+00 
 4.841723675841035e-02  1.000000000000000e+00  0.000000000000000e+00  2.288519057933069e+04 -1.969612965711972e+00 
 4.897788193684505e-02  1.000000000000000e+00  0.000000000000000e+00  2.288519057538300e+04 -1.992420008614517e+00 
 4.954501908047946e-02  1.000000000000000e+00  0.000000000000000e+00  2.288519057134337e+04 -2.015491144615082e+00 
 5.011872336272767e-02  1.000000000000000e+00  0.000000000000000e+00  2.288519056720119e+04 -2.038829431765680e+00 
 5.069907082747089e-02  1.000000000000000e+00  0.000000000000000e+00  2.288519056297539e+04 -2.062437963534173e+00 
 5.128613839913695e-02  1.000000000000000e+00  0.000000000000000e+00  2.288519055863415e+04 -2.086319869199952e+00 
 5.188000389289658e-02  1.000000000000000e+00  0.000000000000000e+00  2.288519055420477e+04 -2.110478314288476e+00 
 5.248074602497774e-02  1.000000000000000e+00  0.000000000000000e+00  2.288519054966800e+04 -2.134916500971755e+00 
 5.308844442309933e-02  1.000000000000000e+00  0.000000000000000e+00  2.288519054504257e+04 -2.159637668508257e+00 
 5.370317963702578e-02  1.000000000000000e+00  0.000000000000000e+00  2.288519054029641e+04 -2.184645093655723e+00 
 5.432503314924383e-02  1.000000000000000e+00  0.000000000000000e+00  2.288519053543547e+04 -2.209942091122104e+00 
 5.495408738576298e-02  1.000000000000000e+00  0.000000000000000e+00  2.288519053046986e+04 -2.235532013998730e+00 
 5.559042572704089e-02  1.000000000000000e+00  0.000000000000000e+00  2.288519052537580e+04 -2.261418254197260e+00 
 5.623413251903545e-02  1.000000000000000e+00  0.000000000000000e+00  2.288519052017597e+04 -2.287604242914993e+00 
 5.688529308438470e-02  1.000000000000000e+00  0.000000000000000e+00  2.288519051484646e+04 -2.314093451071353e+00 
 5.754399373371626e-02  1.000000000000000e+00  0.000000000000000e+00  2.288519050938445e+04 -2.340889389781284e+00 
 5.821032177708772e-02  1.000000000000000e+00  0.000000000000000e+00  2.288519050382089e+04 -2.367995610823490e+00 
 5.888436553555948e-02  1.000000000000000e+00  0.000000000000000e+00  2.288519049811476e+04 -2.395415707089521e+00 
 5.956621435290164e-02  1.000000000000000e+00  0.000000000000000e+00  2.288519049227147e+04 -2.423153313084184e+00 
 6.025595860743638e-02  1.000000000000000e+00  0.000000000000000e+00  2.288519048629641e+04 -2.451212105397914e+00 
 6.095368972401753e-02  1.000000000000000e+00  0.000000000000000e+00  2.288519048018218e+04 -2.479595803191343e+00 
 6.165950018614885e-02  1.000000000000000e+00  0.000000000000000e+00  2.288519047392976e+04 -2.508308168692749e+00 
 6.237348354824256e-02  1.000000000000000e+00  0.000000000000000e+00  2.288519046751890e+04 -2.537353007690273e+00 
 6.309573444801997e-02  1.000000000000000e+00  0.000000000000000e+00  2.288519046097585e+04 -2.566734170051292e+00 
 6.382634861905552e-02  1.000000000000000e+00  0.000000000000000e+00  2.288519045425902e+04 -2.596455550207379e+00 
 6.456542290346622e-02  1.000000000000000e+00  0.000000000000000e+00  2.288519044739873e+04 -2.626521087701675e+00 
 6.531305526474791e-02  1.000000000000000e+00  0.000000000000000e+00  2.288519044037865e+04 -2.656934767684527e+00 
 6.606934480076029e-02  1.000000000000000e+00  0.000000000000000e+00  2.288519043319505e+04 -2.687700621454975e+00 
 6.683439175686216e-02  1.000000000000000e+00  0.000000000000000e+00  2.288519042583990e+04 -2.718822726991282e+00 
 6.760829753919889e-02  1.000000000000000e+00  0.000000000000000e+00  2.288519041831774e+04 -2.750305209495436e+00 
 6.839116472814366e-02  1.000000000000000e+00  0.000000000000000e+00  2.288519041062461e+04 -2.782152241935006e+00 
 6.918309709189439e-02  1.000000000000000e+00  0.000000000000000e+00  2.288519040273948e+04 -2.814368045594031e+00 
 6.998419960022811e-02  1.000000000000000e+00  0.000000000000000e+00  2.288519039467088e+04 -2.846956890643916e+00 
 7.079457843841457e-02  1.000000000000000e+00  0.000000000000000e+00  2.288519038642300e+04 -2.879923096701313e+00 
 7.161434102129099e-02  1.000000000000000e+00  0.000000000000000e+00  2.288519037798723e+04 -2.913271033398484e+00 
 7.244359600749982e-02  1.000000000000000e+00  0.000000000000000e+00  2.288519036936335e+04 -2.947005120967749e+00 
 7.328245331389123e-02  1.000000000000000e+00  0.000000000000000e+00  2.288519036051712e+04 -2.981129830816474e+00 
 7.413102413009259e-02  1.000000000000000e+00  0.000000000000000e+00  2.288519035146927e+04 -3.015649686142659e+00 
 7.498942093324644e-02  1.000000000000000e+00  0.000000000000000e+00  2.288519034221501e+04 -3.050569262513898e+00 
 7.585775750291925e-02  1.000000000000000e+00  0.000000000000000e+00  2.288519033274095e+04 -3.085893188478021e+00 
 7.673614893618277e-02  1.000000000000000e+00  0.000000000000000e+00  2.288519032304206e+04 -3.121626146181089e+00 
 7.762471166287006e-02  1.000000000000000e+00  0.000000000000000e+00  2.288519031312595e+04 -3.157772871989325e+00 
 7.852356346100808e-02  1.000000000000000e+00  0.000000000000000e+00  2.288519030297883e+04 -3.194338157107625e+00 
 7.943282347242907e-02  1.000000000000000e+00  0.000000000000000e+00  2.288519029259114e+04 -3.231326848221495e+00 
 8.035261221856266e-02  1.000000000000000e+00  0.000000000000000e+00  2.288519028196581e+04 -3.268743848141932e+00 
 8.128305161641088e-02  1.000000000000000e+00  0.000000000000000e+00  2.288519027108453e+04 -3.306594116445725e+00 
 8.222426499470809e-02  1.000000000000000e+00  0.000000000000000e+00  2.288519025996269e+04 -3.344882670148560e+00 
 8.317637711026808e-02  1.000000000000000e+00  0.000000000000000e+00  2.288519024857321e+04 -3.383614584348040e+00 
 8.413951416452051e-02  1.000000000000000e+00  0.000000000000000e+00  2.288519023692701e+04 -3.422794992919769e+00 
 8.511380382023866e-02  1.000000000000000e+00  0.000000000000000e+00  2.288519022499250e+04 -3.462429089174109e+00 
 8.609937521846109e-02  1.000000000000000e+00  0.000000000000000e+00  2.288519021279299e+04 -3.502522126573627e+00 
 8.709635899560911e-02  1.000000000000000e+00  0.000000000000000e+00  2.288519020031780e+04 -3.543079419402873e+00 
 8.810488730080247e-02  1.000000000000000e+00  0.000000000000000e+00  2.288519018754334e+04 -3.584106343478813e+00 
 8.912509381337563e-02  1.000000000000000e+00  0.000000000000000e+00  2.288519017445864e+04 -3.625608336871204e+00 
 9.015711376059679e-02  1.000000000000000e+00  0.000000000000000e+00  2.288519016107369e+04 -3.667590900626318e+00 
 9.120108393559209e-02  1.000000000000000e+00  0.000000000000000e+00  2.288519014739409e+04 -3.710059599488293e+00 
 9.225714271547746e-02  1.000000000000000e+00  0.000000000000000e+00  2.288519013338294e+04 -3.753020062624114e+00 
 9.332543007970026e-02  1.000000000000000e+00  0.000000000000000e+00  2.288519011904553e+04 -3.796477984397075e+00 
 9.440608762859351e-02  1.000000000000000e+00  0.000000000000000e+00  2.288519010437428e+04 -3.840439125103891e+00 
 9.549925860214478e-02  1.000000000000000e+00  0.000000000000000e+00  2.288519008936138e+04 -3.884909311742220e+00 
 9.660508789898255e-02  1.000000000000000e+00  0.000000000000000e+00  2.288519007401157e+04 -3.929894438787497e+00 
 9.772372209558230e-02  1.000000000000000e+00  0.000000000000000e+00  2.288519005828288e+04 -3.975400468953795e+00 
 9.885530946569514e-02  1.000000000000000e+00  0.000000000000000e+00  2.288519004219657e+04 -4.021433434021938e+00 
 1.000000000000013e-01  1.000000000000000e+00  0.000000000000000e+00  2.288519002573565e+04 -4.067999435604243e+00 
 1.011579454259911e-01  1.000000000000000e+00  0.000000000000000e+00  2.288519000889565e+04 -4.115104645970654e+00 
 1.023292992280767e-01  1.000000000000000e+00  0.000000000000000e+00  2.288518999165916e+04 -4.162755308857980e+00 
 1.035142166679357e-01  1.000000000000000e+00  0.000000000000000e+00  2.288518997402551e+04 -4.210957740308068e+00 
 1.047128548050913e-01  1.000000000000000e+00  0.000000000000000e+00  2.288518995597266e+04 -4.259718329491204e+00 
 1.059253725177303e-01  1.000000000000000e+00  0.000000000000000e+00  2.288518993750372e+04 -4.309043539570016e+00 
 1.071519305237620e-01  1.000000000000000e+00  0.000000000000000e+00  2.288518991861316e+04 -4.358939908543851e+00 
 1.083926914021218e-01  1.000000000000000e+00  0.000000000000000e+00  2.288518989927402e+04 -4.409414050110263e+00 
 1.096478196143199e-01  1.000000000000000e+00  0.000000000000000e+00  2.288518987947603e+04 -4.460472654556034e+00 
 1.109174815262416e-01  1.000000000000000e+00  0.000000000000000e+00  2.288518985923414e+04 -4.512122489647702e+00 
 1.122018454301978e-01  1.000000000000000e+00  0.000000000000000e+00  2.288518983850371e+04 -4.564370401495352e+00 
 1.135010815672330e-01  1.000000000000000e+00  0.000000000000000e+00  2.288518981729917e+04 -4.617223315506602e+00 
 1.148153621496898e-01  1.000000000000000e+00  0.000000000000000e+00  2.288518979561351e+04 -4.670688237273012e+00 
 1.161448613840358e-01  1.000000000000000e+00  0.000000000000000e+00  2.288518977340137e+04 -4.724772253491280e+00 
 1.174897554939545e-01  1.000000000000000e+00  0.000000000000000e+00  2.288518975068060e+04 -4.779482532943984e+00 
 1.188502227437035e-01  1.000000000000000e+00  0.000000000000000e+00  2.288518972743069e+04 -4.834826327408438e+00 
 1.202264434617429e-01  1.000000000000000e+00  0.000000000000000e+00  2.288518970363086e+04 -4.890810972633288e+00 
 1.216186000646385e-01  1.000000000000000e+00  0.000000000000000e+00  2.288518967929388e+04 -4.947443889325410e+00 
 1.230268770812399e-01  1.000000000000000e+00  0.000000000000000e+00  2.288518965438146e+04 -5.004732584097409e+00 
 1.244514611771402e-01  1.000000000000000e+00  0.000000000000000e+00  2.288518962888885e+04 -5.062684650498727e+00 
 1.258925411794185e-01  1.000000000000000e+00  0.000000000000000e+00  2.288518960279407e+04 -5.121307770000282e+00 
 1.273503081016679e-01  1.000000000000000e+00  0.000000000000000e+00  2.288518957610871e+04 -5.180609713035208e+00 
 1.288249551693152e-01  1.000000000000000e+00  0.000000000000000e+00  2.288518954878048e+04 -5.240598339985076e+00 
 1.303166778452318e-01  1.000000000000000e+00  0.000000000000000e+00  2.288518952082880e+04 -5.301281602282888e+00 
 1.318256738556426e-01  1.000000000000000e+00  0.000000000000000e+00  2.288518949223038e+04 -5.362667543415307e+00 
 1.333521432163343e-01  1.000000000000000e+00  0.000000000000000e+00  2.288518946296581e+04 -5.424764300009821e+00 
 1.348962882591673e-01  1.000000000000000e+00  0.000000000000000e+00  2.288518943301111e+04 -5.487580102909226e+00 
 1.364583136588944e-01  1.000000000000000e+00  0.000000000000000e+00  2.288518940235888e+04 -5.551123278272756e+00 
 1.380384264602905e-01  1.000000000000000e+00  0.000000000000000e+00  2.288518937098862e+04 -5.615402248665650e+00 
 1.396368361055958e-01  1.000000000000000e+00  0.000000000000000e+00  2.288518933889644e+04 -5.680425534189882e+00 
 1.412537544622775e-01  1.000000000000000e+00  0.000000000000000e+00  2.288518930605681e+04 -5.746201753594804e+00 
 1.428893958511124e-01  1.000000000000000e+00  0.000000000000000e+00  2.288518927244812e+04 -5.812739625431864e+00 
 1.445439770745949e-01  1.000000000000000e+00  0.000000000000000e+00  2.288518923806102e+04 -5.880047969214695e+00 
 1.462177174456740e-01  1.000000000000000e+00  0.000000000000000e+00  2.288518920286881e+04 -5.948135706573048e+00 
 1.479108388168229e-01  1.000000000000000e+00  0.000000000000000e+00  2.288518916686553e+04 -6.017011862454904e+00 
 1.496235656094456e-01  1.000000000000000e+00  0.000000000000000e+00  2.288518913000668e+04 -6.086685566291795e+00 
 1.513561248436231e-01  1.000000000000000e+00  0.000000000000000e+00  2.288518909230238e+04 -6.157166053257845e+00 
 1.531087461682053e-01  1.000000000000000e+00  0.000000000000000e+00  2.288518905372416e+04 -6.228462665444834e+00 
 1.548816618912505e-01  1.000000000000000e+00  0.000000000000000e+00  2.288518901423888e+04 -6.300584853117964e+00 
 1.566751070108173e-01  1.000000000000000e+00  0.000000000000000e+00  2.288518897382983e+04 -6.373542175980107e+00 
 1.584893192461138e-01  1.000000000000000e+00  0.000000000000000e+00  2.288518893248406e+04 -6.447344304432276e+00 
 1.603245390690066e-01  1.000000000000000e+00  0.000000000000000e+00  2.288518889018389e+04 -6.522001020850743e+00 
 1.621810097358955e-01  1.000000000000000e+00  0.000000000000000e+00  2.288518884687726e+04 -6.597522220866411e+00 
 1.640589773199564e-01  1.000000000000000e+00  0.000000000000000e+00  2.288518880257508e+04 -6.673917914732151e+00 
 1.659586907437586e-01  1.000000000000000e+00  0.000000000000000e+00  2.288518875724962e+04 -6.751198228591743e+00 
 1.678804018122586e-01  1.000000000000000e+00  0.000000000000000e+00  2.288518871085571e+04 -6.829373405833500e+00 
 1.698243652461771e-01  1.000000000000000e+00  0.000000000000000e+00  2.288518866338568e+04 -6.908453808480551e+00 
 1.717908387157615e-01  1.000000000000000e+00  0.000000000000000e+00  2.288518861480588e+04 -6.988449918526871e+00 
 1.737800828749403e-01  1.000000000000000e+00  0.000000000000000e+00  2.288518856509060e+04 -7.069372339346653e+00 
 1.757923613958720e-01  1.000000000000000e+00  0.000000000000000e+00  2.288518851423459e+04 -7.151231797107984e+00 
 1.778279410038951e-01  1.000000000000000e+00  0.000000000000000e+00  2.288518846218132e+04 -7.234039142149824e+00 
 1.798870915128817e-01  1.000000000000000e+00  0.000000000000000e+00  2.288518840892432e+04 -7.317805350483313e+00 
 1.819700858610012e-01  1.000000000000000e+00  0.000000000000000e+00  2.288518835441423e+04 -7.402541525188189e+00 
 1.840772001468985e-01  1.000000000000000e+00  0.000000000000000e+00  2.288518829864750e+04 -7.488258897941098e+00 
 1.862087136662897e-01  1.000000000000000e+00  0.000000000000000e+00  2.288518824156921e+04 -7.574968830441565e+00 
 1.883649089489831e-01  1.000000000000000e+00  0.000000000000000e+00  2.288518818316604e+04 -7.662682815978418e+00 
 1.905460717963278e-01  1.000000000000000e+00  0.000000000000000e+00  2.288518812341122e+04 -7.751412480917447e+00 
 1.927524913190967e-01  1.000000000000000e+00  0.000000000000000e+00  2.288518806225618e+04 -7.841169586236250e+00 
 1.949844599758077e-01  1.000000000000000e+00  0.000000000000000e+00  2.288518799967695e+04 -7.931966029114434e+00 
 1.972422736114886e-01  1.000000000000000e+00  0.000000000000000e+00  2.288518793564035e+04 -8.023813844487883e+00 
 1.995262314968912e-01  1.000000000000000e+00  0.000000000000000e+00  2.288518787011669e+04 -8.116725206652514e+00 
 2.018366363681594e-01  1.000000000000000e+00  0.000000000000000e+00  2.288518780306273e+04 -8.210712430866053e+00 
 2.041737944669563e-01  1.000000000000000e+00  0.000000000000000e+00  2.288518773444297e+04 -8.305787974995106e+00 
 2.065380155810564e-01  1.000000000000000e+00  0.000000000000000e+00  2.288518766422524e+04 -8.401964441163706e+00 
 2.089296130854074e-01  1.000000000000000e+00  0.000000000000000e+00  2.288518759238077e+04 -8.499254577423784e+00 
 2.113489039836682e-01  1.000000000000000e+00  0.000000000000000e+00  2.288518751885458e+04 -8.597671279422840e+00 
 2.137962089502268e-01  1.000000000000000e+00  0.000000000000000e+00  2.288518744362460e+04 -8.697227592157088e+00 
 2.162718523727057e-01  1.000000000000000e+00  0.000000000000000e+00  2.288518736662132e+04 -8.797936711640157e+00 
 2.187761623949590e-01  1.000000000000000e+00  0.000000000000000e+00  2.288518728785050e+04 -8.899811986745654e+00 
 2.213094709605676e-01  1.000000000000000e+00  0.000000000000000e+00  2.288518720724072e+04 -9.002866920859837e+00 
 2.238721138568378e-01  1.000000000000000e+00  0.000000000000000e+00  2.288518712473659e+04 -9.107115173742255e+00 
 2.264644307593099e-01  1.000000000000000e+00  0.000000000000000e+00  2.288518704032397e+04 -9.212570563357374e+00 
 2.290867652767813e-01  1.000000000000000e+00  0.000000000000000e+00  2.288518695393272e+04 -9.319247067628808e+00 
 2.317394649968519e-01  1.000000000000000e+00  0.000000000000000e+00  2.288518686554668e+04 -9.427158826380097e+00 
 2.344228815319963e-01  1.000000000000000e+00  0.000000000000000e+00  2.288518677509360e+04 -9.536320143119690e+00 
 2.371373705661697e-01  1.000000000000000e+00  0.000000000000000e+00  2.288518668252977e+04 -9.646745487005656e+00 
 2.398832919019533e-01  1.000000000000000e+00  0.000000000000000e+00  2.288518658780610e+04 -9.758449494735864e+00 
 2.426610095082458e-01  1.000000000000000e+00  0.000000000000000e+00  2.288518649089357e+04 -9.871446972509846e+00 
 2.454708915685074e-01  1.000000000000000e+00  0.000000000000000e+00  2.288518639170691e+04 -9.985752897925721e+00 
 2.483133105295615e-01  1.000000000000000e+00  0.000000000000000e+00  2.288518629022319e+04 -1.010138242206731e+01 
 2.511886431509625e-01  1.000000000000000e+00  0.000000000000000e+00  2.288518618635897e+04 -1.021835087140591e+01 
 2.540972705549351e-01  1.000000000000000e+00  0.000000000000000e+00  2.288518608009730e+04 -1.033667374994334e+01 
 2.570395782768911e-01  1.000000000000000e+00  0.000000000000000e+00  2.288518597134376e+04 -1.045636674113893e+01 
 2.600159563165320e-01  1.000000000000000e+00  0.000000000000000e+00  2.288518586006184e+04 -1.057744571010952e+01 
 2.630267991895430e-01  1.000000000000000e+00  0.000000000000000e+00  2.288518574618408e+04 -1.069992670565216e+01 
 2.660725059798859e-01  1.000000000000000e+00  0.000000000000000e+00  2.288518562966707e+04 -1.082382596242185e+01 
 2.691534803926965e-01  1.000000000000000e+00  0.000000000000000e+00  2.288518551042362e+04 -1.094915990301985e+01 
 2.722701308077963e-01  1.000000000000000e+00  0.000000000000000e+00  2.288518538839900e+04 -1.107594514024179e+01 
 2.754228703338217e-01  1.000000000000000e+00  0.000000000000000e+00  2.288518526354123e+04 -1.120419847925247e+01 
 2.786121168629822e-01  1.000000000000000e+00  0.000000000000000e+00  2.288518513577140e+04 -1.133393691978410e+01 
 2.818382931264506e-01  1.000000000000000e+00  0.000000000000000e+00  2.288518500502602e+04 -1.146517765843051e+01 
 2.851018267503962e-01  1.000000000000000e+00  0.000000000000000e+00  2.288518487124002e+04 -1.159793809091016e+01 
 2.884031503126660e-01  1.000000000000000e+00  0.000000000000000e+00  2.288518473432976e+04 -1.173223581435446e+01 
 2.917427014001222e-01  1.000000000000000e+00  0.000000000000000e+00  2.288518459423115e+04 -1.186808862967877e+01 
 2.951209226666441e-01  1.000000000000000e+00  0.000000000000000e+00  2.288518445087838e+04 -1.200551454392056e+01 
 2.985382618918016e-01  1.000000000000000e+00  0.000000000000000e+00  2.288518430417006e+04 -1.214453177259038e+01 
 3.019951720402074e-01  1.000000000000000e+00  0.000000000000000e+00  2.288518415405383e+04 -1.228515874217487e+01 
 3.054921113215572e-01  1.000000000000000e+00  0.000000000000000e+00  2.288518400045008e+04 -1.242741409249941e+01 
 3.090295432513650e-01  1.000000000000000e+00  0.000000000000000e+00  2.288518384326472e+04 -1.257131667921109e+01 
 3.126079367124016e-01  1.000000000000000e+00  0.000000000000000e+00  2.288518368241016e+04 -1.271688557630049e+01 
 3.162277660168441e-01  1.000000000000000e+00  0.000000000000000e+00  2.288518351780961e+04 -1.286414007863515e+01 
 3.198895109691461e-01  1.000000000000000e+00  0.000000000000000e+00  2.288518334938004e+04 -1.301309970449834e+01 
 3.235936569296347e-01  1.000000000000000e+00  0.000000000000000e+00  2.288518317701525e+04 -1.316378419815642e+01 
 3.273406948788447e-01  1.000000000000000e+00  0.000000000000000e+00  2.288518300065347e+04 -1.331621353255301e+01 
 3.311311214825977e-01  1.000000000000000e+00  0.000000000000000e+00  2.288518282016737e+04 -1.347040791182982e+01 
 3.349654391578343e-01  1.000000000000000e+00  0.000000000000000e+00  2.288518263548668e+04 -1.362638777414641e+01 
 3.388441561392093e-01  1.000000000000000e+00  0.000000000000000e+00  2.288518244650499e+04 -1.378417379428086e+01 
 3.427677865464572e-01  1.000000000000000e+00  0.000000000000000e+00  2.288518225311792e+04 -1.394378688641409e+01 
 3.467368504525386e-01  1.000000000000000e+00  0.000000000000000e+00  2.288518205522717e+04 -1.410524820690729e+01 
 3.507518739525751e-01  1.000000000000000e+00  0.000000000000000e+00  2.288518185273631e+04 -1.426857915710138e+01 
 3.548133892335826e-01  1.000000000000000e+00  0.000000000000000e+00  2.288518164551261e+04 -1.443380138610557e+01 
 3.589219346450125e-01  1.000000000000000e+00  0.000000000000000e+00  2.288518143346312e+04 -1.460093679376151e+01 
 3.630780547701087e-01  1.000000000000000e+00  0.000000000000000e+00  2.288518121648393e+04 -1.477000753348358e+01 
 3.672823004980922e-01  1.000000000000000e+00  0.000000000000000e+00  2.288518099444729e+04 -1.494103601517746e+01 
 3.715352290971802e-01  1.000000000000000e+00  0.000000000000000e+00  2.288518076723552e+04 -1.511404490825385e+01 
 3.758374042884519e-01  1.000000000000000e+00  0.000000000000000e+00  2.288518053474087e+04 -1.528905714463363e+01 
 3.801893963205691e-01  1.000000000000000e+00  0.000000000000000e+00  2.288518029681890e+04 -1.546609592172531e+01 
 3.845917820453616e-01  1.000000000000000e+00  0.000000000000000e+00  2.288518005335622e+04 -1.564518470558962e+01 
 3.890451449942888e-01  1.000000000000000e+00  0.000000000000000e+00  2.288517980423222e+04 -1.582634723399943e+01 
 3.935500754557857e-01  1.000000000000000e+00  0.000000000000000e+00  2.288517954929789e+04 -1.600960751955591e+01 
 3.981071705535056e-01  1.000000000000000e+00  0.000000000000000e+00  2.288517928843079e+04 -1.619498985294706e+01 
 4.027170343254676e-01  1.000000000000000e+00  0.000000000000000e+00  2.288517902148419e+04 -1.638251880609653e+01 
 4.073802778041214e-01  1.000000000000000e+00  0.000000000000000e+00  2.288517874831656e+04 -1.657221923546160e+01 
 4.120975190973390e-01  1.000000000000000e+00  0.000000000000000e+00  2.288517846879156e+04 -1.676411628532813e+01 
 4.168693834703443e-01  1.000000000000000e+00  0.000000000000000e+00  2.288517818276100e+04 -1.695823539111867e+01 
 4.216965034285913e-01  1.000000000000000e+00  0.000000000000000e+00  2.288517789004787e+04 -1.715460228273746e+01 
 4.265795188016018e-01  1.000000000000000e+00  0.000000000000000e+00  2.288517759052662e+04 -1.735324298810018e+01 
 4.315190768277745e-01  1.000000000000000e+00  0.000000000000000e+00  2.288517728403849e+04 -1.755418383645859e+01 
 4.365158322401754e-01  1.000000000000000e+00  0.000000000000000e+00  2.288517697038711e+04 -1.775745146188055e+01 
 4.415704473533221e-01  1.000000000000000e+00  0.000000000000000e+00  2.288517664945704e+04 -1.796307280696330e+01 
 4.466835921509728e-01  1.000000000000000e+00  0.000000000000000e+00  2.288517632103582e+04 -1.817107512612926e+01 
 4.518559443749322e-01  1.000000000000000e+00  0.000000000000000e+00  2.288517598497049e+04 -1.838148598948128e+01 
 4.570881896148850e-01  1.000000000000000e+00  0.000000000000000e+00  2.288517564107446e+04 -1.859433328631109e+01 
 4.623810213992704e-01  1.000000000000000e+00  0.000000000000000e+00  2.288517528917388e+04 -1.880964522886922e+01 
 4.677351412872084e-01  1.000000000000000e+00  0.000000000000000e+00  2.288517492906104e+04 -1.902745035602816e+01 
 4.731512589614909e-01  1.000000000000000e+00  0.000000000000000e+00  2.288517456057892e+04 -1.924777753720421e+01 
 4.786300923226489e-01  1.000000000000000e+00  0.000000000000000e+00  2.288517418351099e+04 -1.947065597600152e+01 
 4.841723675841101e-01  1.000000000000000e+00  0.000000000000000e+00  2.288517379764893e+04 -1.969611521419369e+01 
 4.897788193684571e-01  1.000000000000000e+00  0.000000000000000e+00  2.288517340281356e+04 -1.992418513567693e+01 
 4.954501908048012e-01  1.000000000000000e+00  0.000000000000000e+00  2.288517299877020e+04 -2.015489597028475e+01 
 5.011872336272835e-01  1.000000000000000e+00  0.000000000000000e+00  2.288517258531310e+04 -2.038827829794018e+01 
 5.069907082747157e-01  1.000000000000000e+00  0.000000000000000e+00  2.288517216222734e+04 -2.062436305264285e+01 
 5.128613839913764e-01  1.000000000000000e+00  0.000000000000000e+00  2.288517172930134e+04 -2.086318152659159e+01 
 5.188000389289728e-01  1.000000000000000e+00  0.000000000000000e+00  2.288517128627595e+04 -2.110476537423853e+01 
 5.248074602497844e-01  1.000000000000000e+00  0.000000000000000e+00  2.288517083292480e+04 -2.134914661662979e+01 
 5.308844442310003e-01  1.000000000000000e+00  0.000000000000000e+00  2.288517036902872e+04 -2.159635764560502e+01 
 5.370317963702649e-01  1.000000000000000e+00  0.000000000000000e+00  2.288516989432489e+04 -2.184643122799470e+01 
 5.432503314924455e-01  1.000000000000000e+00  0.000000000000000e+00  2.288516940856587e+04 -2.209940051007268e+01 
 5.495408738576371e-01  1.000000000000000e+00  0.000000000000000e+00  2.288516891148146e+04 -2.235529902187679e+01 
 5.559042572704163e-01  1.000000000000000e+00  0.000000000000000e+00  2.288516840282085e+04 -2.261416068173412e+01 
 5.623413251903620e-01  1.000000000000000e+00  0.000000000000000e+00  2.288516788231018e+04 -2.287601980067410e+01 
 5.688529308438545e-01  1.000000000000000e+00  0.000000000000000e+00  2.288516734969468e+04 -2.314091108705918e+01 
 5.754399373371701e-01  1.000000000000000e+00  0.000000000000000e+00  2.288516680465813e+04 -2.340886965102275e+01 
 5.821032177708848e-01  1.000000000000000e+00  0.000000000000000e+00  2.288516624692854e+04 -2.367993100933459e+01 
 5.888436553556026e-01  1.000000000000000e+00  0.000000000000000e+00  2.288516567620602e+04 -2.395413108996284e+01 
 5.956621435290242e-01  1.000000000000000e+00  0.000000000000000e+00  2.288516509218379e+04 -2.423150623687739e+01 
 6.025595860743718e-01  1.000000000000000e+00  0.000000000000000e+00  2.288516449456498e+04 -2.451209321490237e+01 
 6.095368972401833e-01  1.000000000000000e+00  0.000000000000000e+00  2.288516388302004e+04 -2.479592921449850e+01 
 6.165950018614965e-01  1.000000000000000e+00  0.000000000000000e+00  2.288516325724175e+04 -2.508305185680891e+01 
 6.237348354824338e-01  1.000000000000000e+00  0.000000000000000e+00  2.288516261688570e+04 -2.537349919851687e+01 
 6.309573444802080e-01  1.000000000000000e+00  0.000000000000000e+00  2.288516196161238e+04 -2.566730973698001e+01 
 6.382634861905636e-01  1.000000000000000e+00  0.000000000000000e+00  2.288516129106599e+04 -2.596452241528542e+01 
 6.456542290346706e-01  1.000000000000000e+00  0.000000000000000e+00  2.288516060491223e+04 -2.626517662749640e+01 
 6.531305526474876e-01  1.000000000000000e+00  0.000000000000000e+00  2.288515990275772e+04 -2.656931222368980e+01 
 6.606934480076115e-01  1.000000000000000e+00  0.000000000000000e+00  2.288515918426415e+04 -2.687696951549855e+01 
 6.683439175686303e-01  1.000000000000000e+00  0.000000000000000e+00  2.288515844903368e+04 -2.718818928118996e+01 
 6.760829753919977e-01  1.000000000000000e+00  0.000000000000000e+00  2.288515769667655e+04 -2.750301277122544e+01 
 6.839116472814455e-01  1.000000000000000e+00  0.000000000000000e+00  2.288515692679818e+04 -2.782148171369795e+01 
 6.918309709189528e-01  1.000000000000000e+00  0.000000000000000e+00  2.288515613899044e+04 -2.814363831984105e+01 
 6.998419960022901e-01  1.000000000000000e+00  0.000000000000000e+00  2.288515533281031e+04 -2.846952528956885e+01 
 7.079457843841548e-01  1.000000000000000e+00  0.000000000000000e+00  2.288515450786854e+04 -2.879918581735428e+01 
 7.161434102129192e-01  1.000000000000000e+00  0.000000000000000e+00  2.288515366370666e+04 -2.913266359764899e+01 
 7.244359600750074e-01  1.000000000000000e+00  0.000000000000000e+00  2.288515279988562e+04 -2.947000283089358e+01 
 7.328245331389217e-01  1.000000000000000e+00  0.000000000000000e+00  2.288515191594752e+04 -2.981124822927919e+01 
 7.413102413009354e-01  1.000000000000000e+00  0.000000000000000e+00  2.288515101140260e+04 -3.015644502263731e+01 
 7.498942093324740e-01  1.000000000000000e+00  0.000000000000000e+00  2.288515008581794e+04 -3.050563896466671e+01 
 7.585775750292022e-01  1.000000000000000e+00  0.000000000000000e+00  2.288514913864784e+04 -3.085887633854933e+01 
 7.673614893618377e-01  1.000000000000000e+00  0.000000000000000e+00  2.288514816942830e+04 -3.121620396359823e+01 
 7.762471166287107e-01  1.000000000000000e+00  0.000000000000000e+00  2.288514717762436e+04 -3.157766920105506e+01 
 7.852356346100910e-01  1.000000000000000e+00  0.000000000000000e+00  2.288514616272296e+04 -3.194331996061612e+01 
 7.943282347243010e-01  1.000000000000000e+00  0.000000000000000e+00  2.288514512417763e+04 -3.231320470662961e+01 
 8.035261221856370e-01  1.000000000000000e+00  0.000000000000000e+00  2.288514406145054e+04 -3.268737246463505e+01 
 8.128305161641193e-01  1.000000000000000e+00  0.000000000000000e+00  2.288514297396563e+04 -3.306587282772713e+01 
 8.222426499470915e-01  1.000000000000000e+00  0.000000000000000e+00  2.288514186114217e+04 -3.344875596322137e+01 
 8.317637711026916e-01  1.000000000000000e+00  0.000000000000000e+00  2.288514072240297e+04 -3.383607261932741e+01 
 8.413951416452160e-01  1.000000000000000e+00  0.000000000000000e+00  2.288513955714014e+04 -3.422787413177367e+01 
 8.511380382023976e-01  1.000000000000000e+00  0.000000000000000e+00  2.288513836473597e+04 -3.462421243067023e+01 
 8.609937521846222e-01  1.000000000000000e+00  0.000000000000000e+00  2.288513714455411e+04 -3.502514004736352e+01 
 8.709635899561025e-01  1.000000000000000e+00  0.000000000000000e+00  2.288513589595623e+04 -3.543071012144746e+01 
 8.810488730080362e-01  1.000000000000000e+00  0.000000000000000e+00  2.288513461827196e+04 -3.584097640771331e+01 
 8.912509381337680e-01  1.000000000000000e+00  0.000000000000000e+00  2.288513331083671e+04 -3.625599328338819e+01 
 9.015711376059796e-01  1.000000000000000e+00  0.000000000000000e+00  2.288513197292774e+04 -3.667581575514008e+01 
 9.120108393559329e-01  1.000000000000000e+00  0.000000000000000e+00  2.288513060386127e+04 -3.710049946667230e+01 
 9.225714271547866e-01  1.000000000000000e+00  0.000000000000000e+00  2.288512920291150e+04 -3.753010070584146e+01 
 9.332543007970148e-01  1.000000000000000e+00  0.000000000000000e+00  2.288512776931887e+04 -3.796467641213788e+01 
 9.440608762859475e-01  1.000000000000000e+00  0.000000000000000e+00  2.288512630234887e+04 -3.840428418442372e+01 
 9.549925860214604e-01  1.000000000000000e+00  0.000000000000000e+00  2.288512480120686e+04 -3.884898228828423e+01 
 9.660508789898382e-01  1.000000000000000e+00  0.000000000000000e+00  2.288512326508864e+04 -3.929882966391220e+01 
 9.772372209558359e-01  1.000000000000000e+00  0.000000000000000e+00  2.288512169319686e+04 -3.975388593397599e+01 
 9.885530946569644e-01  1.000000000000000e+00  0.000000000000000e+00  2.288512008468552e+04 -4.021421141132947e+01 
 1.000000000000026e+00  1.000000000000000e+00  0.000000000000000e+00  2.288511843871045e+04 -4.067986710717560e+01 
 1.011579454259925e+00  1.000000000000000e+00  0.000000000000000e+00  2.288511675440333e+04 -4.115091473906111e+01 
 1.023292992280781e+00  1.000000000000000e+00  0.000000000000000e+00  2.288511503085439e+04 -4.162741673898915e+01 
 1.035142166679371e+00  1.000000000000000e+00  0.000000000000000e+00  2.288511326715841e+04 -4.210943626185579e+01 
 1.047128548050927e+00  1.000000000000000e+00  0.000000000000000e+00  2.288511146239319e+04 -4.259703719374179e+01 
 1.059253725177317e+00  1.000000000000000e+00  0.000000000000000e+00  2.288510961557660e+04 -4.309028416021596e+01 
 1.071519305237635e+00  1.000000000000000e+00  0.000000000000000e+00  2.288510772574234e+04 -4.358924253517708e+01 
 1.083926914021232e+00  1.000000000000000e+00  0.000000000000000e+00  2.288510579189710e+04 -4.409397844935744e+01 
 1.096478196143214e+00  1.000000000000000e+00  0.000000000000000e+00  2.288510381300303e+04 -4.460455879901504e+01 
 1.109174815262431e+00  1.000000000000000e+00  0.000000000000000e+00  2.288510178800689e+04 -4.512105125490540e+01 
 1.122018454301993e+00  1.000000000000000e+00  0.000000000000000e+00  2.288509971585641e+04 -4.564352427131358e+01 
 1.135010815672345e+00  1.000000000000000e+00  0.000000000000000e+00  2.288509759543195e+04 -4.617204709485272e+01 
 1.148153621496913e+00  1.000000000000000e+00  0.000000000000000e+00  2.288509542562645e+04 -4.670668977395339e+01 
 1.161448613840374e+00  1.000000000000000e+00  0.000000000000000e+00  2.288509320526004e+04 -4.724752316779920e+01 
 1.174897554939561e+00  1.000000000000000e+00  0.000000000000000e+00  2.288509093319383e+04 -4.779461895617802e+01 
 1.188502227437050e+00  1.000000000000000e+00  0.000000000000000e+00  2.288508860820645e+04 -4.834804964847098e+01 
 1.202264434617445e+00  1.000000000000000e+00  0.000000000000000e+00  2.288508622905272e+04 -4.890788859349514e+01 
 1.216186000646401e+00  1.000000000000000e+00  0.000000000000000e+00  2.288508379447995e+04 -4.947420998929077e+01 
 1.230268770812415e+00  1.000000000000000e+00  0.000000000000000e+00  2.288508130321451e+04 -5.004708889289597e+01 
 1.244514611771419e+00  1.000000000000000e+00  0.000000000000000e+00  2.288507875391040e+04 -5.062660123006302e+01 
 1.258925411794201e+00  1.000000000000000e+00  0.000000000000000e+00  2.288507614522468e+04 -5.121282380564237e+01 
 1.273503081016697e+00  1.000000000000000e+00  0.000000000000000e+00  2.288507347577874e+04 -5.180583431358863e+01 
 1.288249551693169e+00  1.000000000000000e+00  0.000000000000000e+00  2.288507074415330e+04 -5.240571134722715e+01 
 1.303166778452335e+00  1.000000000000000e+00  0.000000000000000e+00  2.288506794890457e+04 -5.301253440973613e+01 
 1.318256738556443e+00  1.000000000000000e+00  0.000000000000000e+00  2.288506508852963e+04 -5.362638392451701e+01 
 1.333521432163361e+00  1.000000000000000e+00  0.000000000000000e+00  2.288506216155031e+04 -5.424734124623636e+01 
 1.348962882591691e+00  1.000000000000000e+00  0.000000000000000e+00  2.288505916637695e+04 -5.487548867096314e+01 
 1.364583136588962e+00  1.000000000000000e+00  0.000000000000000e+00  2.288505610144723e+04 -5.551090944772103e+01 
 1.380384264602923e+00  1.000000000000000e+00  0.000000000000000e+00  2.288505296512798e+04 -5.615368778904885e+01 
 1.396368361055977e+00  1.000000000000000e+00  0.000000000000000e+00  2.288504975574818e+04 -5.680390888230783e+01 
 1.412537544622794e+00  1.000000000000000e+00  0.000000000000000e+00  2.288504647162354e+04 -5.746165890108571e+01 
 1.428893958511143e+00  1.000000000000000e+00  0.000000000000000e+00  2.288504311099619e+04 -5.812702501631038e+01 
 1.445439770745968e+00  1.000000000000000e+00  0.000000000000000e+00  2.288503967208473e+04 -5.880009540804032e+01 
 1.462177174456759e+00  1.000000000000000e+00  0.000000000000000e+00  2.288503615308314e+04 -5.948095927714058e+01 
 1.479108388168249e+00  1.000000000000000e+00  0.000000000000000e+00  2.288503255210911e+04 -6.016970685682873e+01 
 1.496235656094476e+00  1.000000000000000e+00  0.000000000000000e+00  2.288502886726650e+04 -6.086642942494480e+01 
 1.513561248436251e+00  1.000000000000000e+00  0.000000000000000e+00  2.288502509658084e+04 -6.157121931569959e+01 
 1.531087461682074e+00  1.000000000000000e+00  0.000000000000000e+00  2.288502123807875e+04 -6.228416993232262e+01 
 1.548816618912526e+00  1.000000000000000e+00  0.000000000000000e+00  2.288501728969369e+04 -6.300537575892476e+01 
 1.566751070108194e+00  1.000000000000000e+00  0.000000000000000e+00  2.288501324934116e+04 -6.373493237341267e+01 
 1.584893192461159e+00  1.000000000000000e+00  0.000000000000000e+00  2.288500911488364e+04 -6.447293645995470e+01 
 1.603245390690088e+00  1.000000000000000e+00  0.000000000000000e+00  2.288500488412106e+04 -6.521948582172621e+01 
 1.621810097358977e+00  1.000000000000000e+00  0.000000000000000e+00  2.288500055481499e+04 -6.597467939399340e+01 
 1.640589773199587e+00  1.000000000000000e+00  0.000000000000000e+00  2.288499612465780e+04 -6.673861725703540e+01 
 1.659586907437609e+00  1.000000000000000e+00  0.000000000000000e+00  2.288499159131810e+04 -6.751140064965571e+01 
 1.678804018122609e+00  1.000000000000000e+00  0.000000000000000e+00  2.288498695238858e+04 -6.829313198228346e+01 
 1.698243652461794e+00  1.000000000000000e+00  0.000000000000000e+00  2.288498220539331e+04 -6.908391485056677e+01 
 1.717908387157638e+00  1.000000000000000e+00  0.000000000000000e+00  2.288497734783714e+04 -6.988385404938353e+01 
 1.737800828749426e+00  1.000000000000000e+00  0.000000000000000e+00  2.288497237713671e+04 -7.069305558630035e+01 
 1.757923613958744e+00  1.000000000000000e+00  0.000000000000000e+00  2.288496729065716e+04 -7.151162669582249e+01 
 1.778279410038975e+00  1.000000000000000e+00  0.000000000000000e+00  2.288496208569798e+04 -7.233967585350246e+01 
 1.798870915128841e+00  1.000000000000000e+00  0.000000000000000e+00  2.288495675950863e+04 -7.317731279039438e+01 
 1.819700858610037e+00  1.000000000000000e+00  0.000000000000000e+00  2.288495130924884e+04 -7.402464850732605e+01 
 1.840772001469010e+00  1.000000000000000e+00  0.000000000000000e+00  2.288494573204229e+04 -7.488179528993092e+01 
 1.862087136662923e+00  1.000000000000000e+00  0.000000000000000e+00  2.288494002493683e+04 -7.574886672325641e+01 
 1.883649089489857e+00  1.000000000000000e+00  0.000000000000000e+00  2.288493418489032e+04 -7.662597770669740e+01 
 1.905460717963304e+00  1.000000000000000e+00  0.000000000000000e+00  2.288492820881981e+04 -7.751324446952611e+01 
 1.927524913190994e+00  1.000000000000000e+00  0.000000000000000e+00  2.288492209354480e+04 -7.841078458589567e+01 
 1.949844599758104e+00  1.000000000000000e+00  0.000000000000000e+00  2.288491583582801e+04 -7.931871699066988e+01 
 1.972422736114913e+00  1.000000000000000e+00  0.000000000000000e+00  2.288490943236509e+04 -8.023716199509553e+01 
 1.995262314968940e+00  1.000000000000000e+00  0.000000000000000e+00  2.288490287974056e+04 -8.116624130241192e+01 
 2.018366363681622e+00  1.000000000000000e+00  0.000000000000000e+00  2.288489617450223e+04 -8.210607802447299e+01 
 2.041737944669591e+00  1.000000000000000e+00  0.000000000000000e+00  2.288488931307468e+04 -8.305679669742472e+01 
 2.065380155810592e+00  1.000000000000000e+00  0.000000000000000e+00  2.288488229182511e+04 -8.401852329864687e+01 
 2.089296130854103e+00  1.000000000000000e+00  0.000000000000000e+00  2.288487510704871e+04 -8.499138526332010e+01 
 2.113489039836711e+00  1.000000000000000e+00  0.000000000000000e+00  2.288486775489895e+04 -8.597551150076538e+01 
 2.137962089502297e+00  1.000000000000000e+00  0.000000000000000e+00  2.288486023151681e+04 -8.697103241245460e+01 
 2.162718523727087e+00  1.000000000000000e+00  0.000000000000000e+00  2.288485253289324e+04 -8.797807990823378e+01 
 2.187761623949620e+00  1.000000000000000e+00  0.000000000000000e+00  2.288484465495169e+04 -8.899678742438701e+01 
 2.213094709605706e+00  1.000000000000000e+00  0.000000000000000e+00  2.288483659351213e+04 -9.002728994101176e+01 
 2.238721138568408e+00  1.000000000000000e+00  0.000000000000000e+00  2.288482834430572e+04 -9.106972399998365e+01 
 2.264644307593129e+00  1.000000000000000e+00  0.000000000000000e+00  2.288481990295565e+04 -9.212422772286283e+01 
 2.290867652767844e+00  1.000000000000000e+00  0.000000000000000e+00  2.288481126498747e+04 -9.319094082923883e+01 
 2.317394649968550e+00  1.000000000000000e+00  0.000000000000000e+00  2.288480242583105e+04 -9.427000465522406e+01 
 2.344228815319995e+00  1.000000000000000e+00  0.000000000000000e+00  2.288479338077571e+04 -9.536156217177150e+01 
 2.371373705661729e+00  1.000000000000000e+00  0.000000000000000e+00  2.288478412504822e+04 -9.646575800421911e+01 
 2.398832919019565e+00  1.000000000000000e+00  0.000000000000000e+00  2.288477465374254e+04 -9.758273845083347e+01 
 2.426610095082491e+00  1.000000000000000e+00  0.000000000000000e+00  2.288476496182141e+04 -9.871265150215444e+01 
 2.454708915685107e+00  1.000000000000000e+00  0.000000000000000e+00  2.288475504414764e+04 -9.985564686082145e+01 
 2.483133105295648e+00  1.000000000000000e+00  0.000000000000000e+00  2.288474489548126e+04 -1.010118759613461e+02 
 2.511886431509659e+00  1.000000000000000e+00  0.000000000000000e+00  2.288473451042607e+04 -1.021814919896588e+02 
 2.540972705549385e+00  1.000000000000000e+00  0.000000000000000e+00  2.288472388349438e+04 -1.033646499039220e+02 
 2.570395782768945e+00  1.000000000000000e+00  0.000000000000000e+00  2.288471300902804e+04 -1.045615064543052e+02 
 2.600159563165354e+00  1.000000000000000e+00  0.000000000000000e+00  2.288470188127578e+04 -1.057722202043912e+02 
 2.630267991895465e+00  1.000000000000000e+00  0.000000000000000e+00  2.288469049434786e+04 -1.069969515517254e+02 
 2.660725059798894e+00  1.000000000000000e+00  0.000000000000000e+00  2.288467884217911e+04 -1.082358627486561e+02 
 2.691534803927001e+00  1.000000000000000e+00  0.000000000000000e+00  2.288466691861032e+04 -1.094891179245296e+02 
 2.722701308077999e+00  1.000000000000000e+00  0.000000000000000e+00  2.288465471731732e+04 -1.107568831067124e+02 
 2.754228703338254e+00  1.000000000000000e+00  0.000000000000000e+00  2.288464223184142e+04 -1.120393262428088e+02 
 2.786121168629859e+00  1.000000000000000e+00  0.000000000000000e+00  2.288462945555639e+04 -1.133366172225259e+02 
 2.818382931264544e+00  1.000000000000000e+00  0.000000000000000e+00  2.288461638167769e+04 -1.146489279001937e+02 
 2.851018267504001e+00  1.000000000000000e+00  0.000000000000000e+00  2.288460300328844e+04 -1.159764321177226e+02 
 2.884031503126699e+00  1.000000000000000e+00  0.000000000000000e+00  2.288458931330189e+04 -1.173193057271912e+02 
 2.917427014001261e+00  1.000000000000000e+00  0.000000000000000e+00  2.288457530444930e+04 -1.186777266139330e+02 
 2.951209226666481e+00  1.000000000000000e+00  0.000000000000000e+00  2.288456096930135e+04 -1.200518747202406e+02 
 2.985382618918056e+00  1.000000000000000e+00  0.000000000000000e+00  2.288454630026006e+04 -1.214419320690384e+02 
 3.019951720402114e+00  1.000000000000000e+00  0.000000000000000e+00  2.288453128955475e+04 -1.228480827878717e+02 
 3.054921113215613e+00  1.000000000000000e+00  0.000000000000000e+00  2.288451592922940e+04 -1.242705131330752e+02 
 3.090295432513691e+00  1.000000000000000e+00  0.000000000000000e+00  2.288450021113858e+04 -1.257094115143076e+02 
 3.126079367124057e+00  1.000000000000000e+00  0.000000000000000e+00  2.288448412694718e+04 -1.271649685194115e+02 
 3.162277660168483e+00  1.000000000000000e+00  0.000000000000000e+00  2.288446766812611e+04 -1.286373769395128e+02 
 3.198895109691503e+00  1.000000000000000e+00  0.000000000000000e+00  2.288445082596048e+04 -1.301268317945515e+02 
 3.235936569296389e+00  1.000000000000000e+00  0.000000000000000e+00  2.288443359150262e+04 -1.316335303584769e+02 
 3.273406948788490e+00  1.000000000000000e+00  0.000000000000000e+00  2.288441595565200e+04 -1.331576721861822e+02 
 3.311311214826020e+00  1.000000000000000e+00  0.000000000000000e+00  2.288439790901498e+04 -1.346994591382103e+02 
 3.349654391578388e+00  1.000000000000000e+00  0.000000000000000e+00  2.288437944206490e+04 -1.362590954092282e+02 
 3.388441561392138e+00  1.000000000000000e+00  0.000000000000000e+00  2.288436054499312e+04 -1.378367875532160e+02 
 3.427677865464617e+00  1.000000000000000e+00  0.000000000000000e+00  2.288434120777153e+04 -1.394327445114235e+02 
 3.467368504525432e+00  1.000000000000000e+00  0.000000000000000e+00  2.288432142016846e+04 -1.410471776401165e+02 
 3.507518739525797e+00  1.000000000000000e+00  0.000000000000000e+00  2.288430117169241e+04 -1.426803007377572e+02 
 3.548133892335873e+00  1.000000000000000e+00  0.000000000000000e+00  2.288428045160767e+04 -1.443323300733654e+02 
 3.589219346450172e+00  1.000000000000000e+00  0.000000000000000e+00  2.288425924891596e+04 -1.460034844147841e+02 
 3.630780547701135e+00  1.000000000000000e+00  0.000000000000000e+00  2.288423755240137e+04 -1.476939850580775e+02 
 3.672823004980970e+00  1.000000000000000e+00  0.000000000000000e+00  2.288421535055672e+04 -1.494040558557509e+02 
 3.715352290971850e+00  1.000000000000000e+00  0.000000000000000e+00  2.288419263160283e+04 -1.511339232464730e+02 
 3.758374042884568e+00  1.000000000000000e+00  0.000000000000000e+00  2.288416938349924e+04 -1.528838162850392e+02 
 3.801893963205740e+00  1.000000000000000e+00  0.000000000000000e+00  2.288414559392940e+04 -1.546539666723448e+02 
 3.845917820453665e+00  1.000000000000000e+00  0.000000000000000e+00  2.288412125028132e+04 -1.564446087856332e+02 
 3.890451449942937e+00  1.000000000000000e+00  0.000000000000000e+00  2.288409633964957e+04 -1.582559797093709e+02 
 3.935500754557907e+00  1.000000000000000e+00  0.000000000000000e+00  2.288407084882399e+04 -1.600883192662973e+02 
 3.981071705535107e+00  1.000000000000000e+00  0.000000000000000e+00  2.288404476431246e+04 -1.619418700493073e+02 
 4.027170343254728e+00  1.000000000000000e+00  0.000000000000000e+00  2.288401807227873e+04 -1.638168774525010e+02 
 4.073802778041266e+00  1.000000000000000e+00  0.000000000000000e+00  2.288399075856463e+04 -1.657135897037674e+02 
 4.120975190973442e+00  1.000000000000000e+00  0.000000000000000e+00  2.288396280869113e+04 -1.676322578974520e+02 
 4.168693834703496e+00  1.000000000000000e+00  0.000000000000000e+00  2.288393420786758e+04 -1.695731360275225e+02 
 4.216965034285966e+00  1.000000000000000e+00  0.000000000000000e+00  2.288390494090766e+04 -1.715364810197295e+02 
 4.265795188016072e+00  1.000000000000000e+00  0.000000000000000e+00  2.288387499232298e+04 -1.735225527667585e+02 
 4.315190768277799e+00  1.000000000000000e+00  0.000000000000000e+00  2.288384434622170e+04 -1.755316141608818e+02 
 4.365158322401808e+00  1.000000000000000e+00  0.000000000000000e+00  2.288381298635942e+04 -1.775639311292581e+02 
 4.415704473533276e+00  1.000000000000000e+00  0.000000000000000e+00  2.288378089613481e+04 -1.796197726688175e+02 
 4.466835921509784e+00  1.000000000000000e+00  0.000000000000000e+00  2.288374805850880e+04 -1.816994108803372e+02 
 4.518559443749378e+00  1.000000000000000e+00  0.000000000000000e+00  2.288371445610151e+04 -1.838031210056849e+02 
 4.570881896148907e+00  1.000000000000000e+00  0.000000000000000e+00  2.288368007109824e+04 -1.859311814624868e+02 
 4.623810213992762e+00  1.000000000000000e+00  0.000000000000000e+00  2.288364488526984e+04 -1.880838738809805e+02 
 4.677351412872143e+00  1.000000000000000e+00  0.000000000000000e+00  2.288360887996289e+04 -1.902614831408199e+02 
 4.731512589614969e+00  1.000000000000000e+00  0.000000000000000e+00  2.288357203611957e+04 -1.924642974087876e+02 
 4.786300923226550e+00  1.000000000000000e+00  0.000000000000000e+00  2.288353433418288e+04 -1.946926081750151e+02 
 4.841723675841163e+00  1.000000000000000e+00  0.000000000000000e+00  2.288349575418366e+04 -1.969467102926586e+02 
 4.897788193684633e+00  1.000000000000000e+00  0.000000000000000e+00  2.288345627567919e+04 -1.992269020155323e+02 
 4.954501908048075e+00  1.000000000000000e+00  0.000000000000000e+00  2.288341587773819e+04 -2.015334850369343e+02 
 5.011872336272899e+00  1.000000000000000e+00  0.000000000000000e+00  2.288337453896784e+04 -2.038667645296534e+02 
 5.069907082747222e+00  1.000000000000000e+00  0.000000000000000e+00  2.288333223743888e+04 -2.062270491846295e+02 
 5.128613839913830e+00  1.000000000000000e+00  0.000000000000000e+00  2.288328895074610e+04 -2.086146512524498e+02 
 5.188000389289795e+00  1.000000000000000e+00  0.000000000000000e+00  2.288324465594133e+04 -2.110298865830393e+02 
 5.248074602497912e+00  1.000000000000000e+00  0.000000000000000e+00  2.288319932955526e+04 -2.134730746673908e+02 
 5.308844442310072e+00  1.000000000000000e+00  0.000000000000000e+00  2.288315294757651e+04 -2.159445386789990e+02 
 5.370317963702719e+00  1.000000000000000e+00  0.000000000000000e+00  2.288310548541774e+04 -2.184446055154971e+02 
 5.432503314924526e+00  1.000000000000000e+00  0.000000000000000e+00  2.288305691791966e+04 -2.209736058414748e+02 
 5.495408738576442e+00  1.000000000000000e+00  0.000000000000000e+00  2.288300721935456e+04 -2.235318741317807e+02 
 5.559042572704235e+00  1.000000000000000e+00  0.000000000000000e+00  2.288295636338737e+04 -2.261197487144918e+02 
 5.623413251903693e+00  1.000000000000000e+00  0.000000000000000e+00  2.288290432305319e+04 -2.287375718146635e+02 
 5.688529308438619e+00  1.000000000000000e+00  0.000000000000000e+00  2.288285107079818e+04 -2.313856895998387e+02 
 5.754399373371777e+00  1.000000000000000e+00  0.000000000000000e+00  2.288279657840137e+04 -2.340644522236962e+02 
 5.821032177708925e+00  1.000000000000000e+00  0.000000000000000e+00  2.288274081697674e+04 -2.367742138717701e+02 
 5.888436553556103e+00  1.000000000000000e+00  0.000000000000000e+00  2.288268375699176e+04 -2.395153328080439e+02 
 5.956621435290320e+00  1.000000000000000e+00  0.000000000000000e+00  2.288262536818834e+04 -2.422881714200385e+02 
 6.025595860743796e+00  1.000000000000000e+00  0.000000000000000e+00  2.288256561965141e+04 -2.450930962674862e+02 
 6.095368972401913e+00  1.000000000000000e+00  0.000000000000000e+00  2.288250447972073e+04 -2.479304781282525e+02 
 6.165950018615046e+00  1.000000000000000e+00  0.000000000000000e+00  2.288244191598674e+04 -2.508006920465226e+02 
 6.237348354824420e+00  1.000000000000000e+00  0.000000000000000e+00  2.288237789532002e+04 -2.537041173822815e+02 
 6.309573444802163e+00  1.000000000000000e+00  0.000000000000000e+00  2.288231238377341e+04 -2.566411378585461e+02 
 6.382634861905720e+00  1.000000000000000e+00  0.000000000000000e+00  2.288224534667825e+04 -2.596121416134214e+02 
 6.456542290346791e+00  1.000000000000000e+00  0.000000000000000e+00  2.288217674847381e+04 -2.626175212467560e+02 
 6.531305526474962e+00  1.000000000000000e+00  0.000000000000000e+00  2.288210655284921e+04 -2.656576738743705e+02 
 6.606934480076202e+00  1.000000000000000e+00  0.000000000000000e+00  2.288203472260579e+04 -2.687330011765289e+02 
 6.683439175686391e+00  1.000000000000000e+00  0.000000000000000e+00  2.288196121968398e+04 -2.718439094506969e+02 
 6.760829753920065e+00  1.000000000000000e+00  0.000000000000000e+00  2.288188600514747e+04 -2.749908096639125e+02 
 6.839116472814544e+00  1.000000000000000e+00  0.000000000000000e+00  2.288180903916257e+04 -2.781741175056286e+02 
 6.918309709189619e+00  1.000000000000000e+00  0.000000000000000e+00  2.288173028093067e+04 -2.813942534399742e+02 
 6.998419960022992e+00  1.000000000000000e+00  0.000000000000000e+00  2.288164968874707e+04 -2.846516427616730e+02 
 7.079457843841640e+00  1.000000000000000e+00  0.000000000000000e+00  2.288156721992818e+04 -2.879467156493733e+02 
 7.161434102129284e+00  1.000000000000000e+00  0.000000000000000e+00  2.288148283077200e+04 -2.912799072203346e+02 
 7.244359600750168e+00  1.000000000000000e+00  0.000000000000000e+00  2.288139647657747e+04 -2.946516575872056e+02 
 7.328245331389311e+00  1.000000000000000e+00  0.000000000000000e+00  2.288130811161228e+04 -2.980624119141368e+02 
 7.413102413009449e+00  1.000000000000000e+00  0.000000000000000e+00  2.288121768908454e+04 -3.015126204735963e+02 
 7.498942093324836e+00  1.000000000000000e+00  0.000000000000000e+00  2.288112516106734e+04 -3.050027387025382e+02 
 7.585775750292119e+00  1.000000000000000e+00  0.000000000000000e+00  2.288103047858339e+04 -3.085332272634245e+02 
 7.673614893618475e+00  1.000000000000000e+00  0.000000000000000e+00  2.288093359146071e+04 -3.121045520998247e+02 
 7.762471166287207e+00  1.000000000000000e+00  0.000000000000000e+00  2.288083444840773e+04 -3.157171844984935e+02 
 7.852356346101011e+00  1.000000000000000e+00  0.000000000000000e+00  2.288073299690158e+04 -3.193716011470625e+02 
 7.943282347243112e+00  1.000000000000000e+00  0.000000000000000e+00  2.288062918321538e+04 -3.230682841961375e+02 
 8.035261221856475e+00  1.000000000000000e+00  0.000000000000000e+00  2.288052295237293e+04 -3.268077213200912e+02 
 8.128305161641299e+00  1.000000000000000e+00  0.000000000000000e+00  2.288041424811975e+04 -3.305904057789417e+02 
 8.222426499471021e+00  1.000000000000000e+00  0.000000000000000e+00  2.288030301288494e+04 -3.344168364806316e+02 
 8.317637711027023e+00  1.000000000000000e+00  0.000000000000000e+00  2.288018918777192e+04 -3.382875180448120e+02 
 8.413951416452269e+00  1.000000000000000e+00  0.000000000000000e+00  2.288007271249784e+04 -3.422029608658072e+02 
 8.511380382024088e+00  1.000000000000000e+00  0.000000000000000e+00  2.287995352540394e+04 -3.461636811783505e+02 
 8.609937521846334e+00  1.000000000000000e+00  0.000000000000000e+00  2.287983156336404e+04 -3.501702011209635e+02 
 8.709635899561137e+00  1.000000000000000e+00  0.000000000000000e+00  2.287970676181448e+04 -3.542230488036778e+02 
 8.810488730080476e+00  1.000000000000000e+00  0.000000000000000e+00  2.287957905466523e+04 -3.583227583728530e+02 
 8.912509381337795e+00  1.000000000000000e+00  0.000000000000000e+00  2.287944837431577e+04 -3.624698700799072e+02 
 9.015711376059913e+00  1.000000000000000e+00  0.000000000000000e+00  2.287931465157720e+04 -3.666649303478522e+02 
 9.120108393559446e+00  1.000000000000000e+00  0.000000000000000e+00  2.287917781564841e+04 -3.709084918402078e+02 
 9.225714271547986e+00  1.000000000000000e+00  0.000000000000000e+00  2.287903779409574e+04 -3.752011135307756e+02 
 9.332543007970269e+00  1.000000000000000e+00  0.000000000000000e+00  2.287889451279367e+04 -3.795433607728761e+02 
 9.440608762859597e+00  1.000000000000000e+00  0.000000000000000e+00  2.287874789590693e+04 -3.839358053706644e+02 
 9.549925860214728e+00  1.000000000000000e+00  0.000000000000000e+00  2.287859786582934e+04 -3.883790256497579e+02 
 9.660508789898508e+00  1.000000000000000e+00  0.000000000000000e+00  2.287844434311770e+04 -3.928736065283765e+02 
 9.772372209558485e+00  1.000000000000000e+00  0.000000000000000e+00  2.287828724653864e+04 -3.974201395931071e+02 
 9.885530946569771e+00  1.000000000000000e+00  0.000000000000000e+00  2.287812649295831e+04 -4.020192231700892e+02 
 1.000000000000039e+01  1.000000000000000e+00  0.000000000000000e+00  2.287796199726898e+04 -4.066714623981152e+02 
 1.011579454259938e+01  1.000000000000000e+00  0.000000000000000e+00  2.287779367244147e+04 -4.113774693069447e+02 
 1.023292992280794e+01  1.000000000000000e+00  0.000000000000000e+00  2.287762142938636e+04 -4.161378628896588e+02 
 1.035142166679384e+01  1.000000000000000e+00  0.000000000000000e+00  2.287744517694948e+04 -4.209532691804955e+02 
 1.047128548050940e+01  1.000000000000000e+00  0.000000000000000e+00  2.287726482190191e+04 -4.258243213333695e+02 
 1.059253725177330e+01  1.000000000000000e+00  0.000000000000000e+00  2.287708026875995e+04 -4.307516596948550e+02 
 1.071519305237648e+01  1.000000000000000e+00  0.000000000000000e+00  2.287689141993363e+04 -4.357359318901339e+02 
 1.083926914021246e+01  1.000000000000000e+00  0.000000000000000e+00  2.287669817545130e+04 -4.407777928939137e+02 
 1.096478196143228e+01  1.000000000000000e+00  0.000000000000000e+00  2.287650043312700e+04 -4.458779051188058e+02 
 1.109174815262445e+01  1.000000000000000e+00  0.000000000000000e+00  2.287629808832910e+04 -4.510369384893663e+02 
 1.122018454302007e+01  1.000000000000000e+00  0.000000000000000e+00  2.287609103402269e+04 -4.562555705273742e+02 
 1.135010815672360e+01  1.000000000000000e+00  0.000000000000000e+00  2.287587916067102e+04 -4.615344864324933e+02 
 1.148153621496928e+01  1.000000000000000e+00  0.000000000000000e+00  2.287566235622025e+04 -4.668743791670274e+02 
 1.161448613840389e+01  1.000000000000000e+00  0.000000000000000e+00  2.287544050600679e+04 -4.722759495384075e+02 
 1.174897554939576e+01  1.000000000000000e+00  0.000000000000000e+00  2.287521349269722e+04 -4.777399062837617e+02 
 1.188502227437065e+01  1.000000000000000e+00  0.000000000000000e+00  2.287498119621812e+04 -4.832669661548736e+02 
 1.202264434617461e+01  1.000000000000000e+00  0.000000000000000e+00  2.287474349374389e+04 -4.888578540064235e+02 
 1.216186000646416e+01  1.000000000000000e+00  0.000000000000000e+00  2.287450025959008e+04 -4.945133028811066e+02 
 1.230268770812430e+01  1.000000000000000e+00  0.000000000000000e+00  2.287425136513051e+04 -5.002340540965077e+02 
 1.244514611771434e+01  1.000000000000000e+00  0.000000000000000e+00  2.287399667879322e+04 -5.060208573362357e+02 
 1.258925411794217e+01  1.000000000000000e+00  0.000000000000000e+00  2.287373606590713e+04 -5.118744707353964e+02 
 1.273503081016712e+01  1.000000000000000e+00  0.000000000000000e+00  2.287346938871585e+04 -5.177956609742214e+02 
 1.288249551693185e+01  1.000000000000000e+00  0.000000000000000e+00  2.287319650625486e+04 -5.237852033665298e+02 
 1.303166778452351e+01  1.000000000000000e+00  0.000000000000000e+00  2.287291727429463e+04 -5.298438819519223e+02 
 1.318256738556460e+01  1.000000000000000e+00  0.000000000000000e+00  2.287263154523546e+04 -5.359724895866150e+02 
 1.333521432163377e+01  1.000000000000000e+00  0.000000000000000e+00  2.287233916808949e+04 -5.421718280391414e+02 
 1.348962882591708e+01  1.000000000000000e+00  0.000000000000000e+00  2.287203998832553e+04 -5.484427080805224e+02 
 1.364583136588979e+01  1.000000000000000e+00  0.000000000000000e+00  2.287173384788974e+04 -5.547859495835440e+02 
 1.380384264602940e+01  1.000000000000000e+00  0.000000000000000e+00  2.287142058500463e+04 -5.612023816123465e+02 
 1.396368361055994e+01  1.000000000000000e+00  0.000000000000000e+00  2.287110003416899e+04 -5.676928425224359e+02 
 1.412537544622811e+01  1.000000000000000e+00  0.000000000000000e+00  2.287077202603768e+04 -5.742581800557765e+02 
 1.428893958511160e+01  1.000000000000000e+00  0.000000000000000e+00  2.287043638737954e+04 -5.808992514406004e+02 
 1.445439770745986e+01  1.000000000000000e+00  0.000000000000000e+00  2.287009294086448e+04 -5.876169234834167e+02 
 1.462177174456777e+01  1.000000000000000e+00  0.000000000000000e+00  2.286974150514413e+04 -5.944120726767022e+02 
 1.479108388168267e+01  1.000000000000000e+00  0.000000000000000e+00  2.286938189462200e+04 -6.012855852917190e+02 
 1.496235656094494e+01  1.000000000000000e+00  0.000000000000000e+00  2.286901391938622e+04 -6.082383574803200e+02 
 1.513561248436270e+01  1.000000000000000e+00  0.000000000000000e+00  2.286863738516974e+04 -6.152712953791781e+02 
 1.531087461682092e+01  1.000000000000000e+00  0.000000000000000e+00  2.286825209318558e+04 -6.223853152082545e+02 
 1.548816618912544e+01  1.000000000000000e+00  0.000000000000000e+00  2.286785784003187e+04 -6.295813433737042e+02 
 1.566751070108213e+01  1.000000000000000e+00  0.000000000000000e+00  2.286745441761535e+04 -6.368603165726541e+02 
 1.584893192461178e+01  1.000000000000000e+00  0.000000000000000e+00  2.286704161302195e+04 -6.442231818959376e+02 
 1.603245390690107e+01  1.000000000000000e+00  0.000000000000000e+00  2.286661920839343e+04 -6.516708969318872e+02 
 1.621810097358996e+01  1.000000000000000e+00  0.000000000000000e+00  2.286618698086882e+04 -6.592044298746393e+02 
 1.640589773199606e+01  1.000000000000000e+00  0.000000000000000e+00  2.286574470237155e+04 -6.668247596244287e+02 
 1.659586907437629e+01  1.000000000000000e+00  0.000000000000000e+00  2.286529213959214e+04 -6.745328758998463e+02 
 1.678804018122629e+01  1.000000000000000e+00  0.000000000000000e+00  2.286482905382496e+04 -6.823297793425586e+02 
 1.698243652461814e+01  1.000000000000000e+00  0.000000000000000e+00  2.286435520082726e+04 -6.902164816239886e+02 
 1.717908387157659e+01  1.000000000000000e+00  0.000000000000000e+00  2.286387033069674e+04 -6.981940055538116e+02 
 1.737800828749447e+01  1.000000000000000e+00  0.000000000000000e+00  2.286337418777567e+04 -7.062633851908769e+02 
 1.757923613958765e+01  1.000000000000000e+00  0.000000000000000e+00  2.286286651049725e+04 -7.144256659513931e+02 
 1.778279410038996e+01  1.000000000000000e+00  0.000000000000000e+00  2.286234703123327e+04 -7.226819047178365e+02 
 1.798870915128862e+01  1.000000000000000e+00  0.000000000000000e+00  2.286181547618921e+04 -7.310331699515644e+02 
 1.819700858610059e+01  1.000000000000000e+00  0.000000000000000e+00  2.286127156521189e+04 -7.394805418005860e+02 
 1.840772001469032e+01  1.000000000000000e+00  0.000000000000000e+00  2.286071501171217e+04 -7.480251122153680e+02 
 1.862087136662944e+01  1.000000000000000e+00  0.000000000000000e+00  2.286014552247449e+04 -7.566679850581052e+02 
 1.883649089489878e+01  1.000000000000000e+00  0.000000000000000e+00  2.285956279748860e+04 -7.654102762139523e+02 
 1.905460717963326e+01  1.000000000000000e+00  0.000000000000000e+00  2.285896652986207e+04 -7.742531137083058e+02 
 1.927524913191016e+01  1.000000000000000e+00  0.000000000000000e+00  2.285835640556495e+04 -7.831976378135046e+02 
 1.949844599758126e+01  1.000000000000000e+00  0.000000000000000e+00  2.285773210337327e+04 -7.922450011694841e+02 
 1.972422736114936e+01  1.000000000000000e+00  0.000000000000000e+00  2.285709329461073e+04 -8.013963688913484e+02 
 1.995262314968963e+01  1.000000000000000e+00  0.000000000000000e+00  2.285643964303421e+04 -8.106529186872802e+02 
 2.018366363681645e+01  1.000000000000000e+00  0.000000000000000e+00  2.285577080466073e+04 -8.200158409730475e+02 
 2.041737944669615e+01  1.000000000000000e+00  0.000000000000000e+00  2.285508642756950e+04 -8.294863389852235e+02 
 2.065380155810616e+01  1.000000000000000e+00  0.000000000000000e+00  2.285438615170411e+04 -8.390656288948039e+02 
 2.089296130854127e+01  1.000000000000000e+00  0.000000000000000e+00  2.285366960875515e+04 -8.487549399271877e+02 
 2.113489039836736e+01  1.000000000000000e+00  0.000000000000000e+00  2.285293642187844e+04 -8.585555144705675e+02 
 2.137962089502322e+01  1.000000000000000e+00  0.000000000000000e+00  2.285218620556920e+04 -8.684686081961333e+02 
 2.162718523727112e+01  1.000000000000000e+00  0.000000000000000e+00  2.285141856548144e+04 -8.784954901747642e+02 
 2.187761623949645e+01  1.000000000000000e+00  0.000000000000000e+00  2.285063309814178e+04 -8.886374429859575e+02 
 2.213094709605732e+01  1.000000000000000e+00  0.000000000000000e+00  2.284982939081461e+04 -8.988957628385297e+02 
 2.238721138568435e+01  1.000000000000000e+00  0.000000000000000e+00  2.284900702124912e+04 -9.092717596825619e+02 
 2.264644307593156e+01  1.000000000000000e+00  0.000000000000000e+00  2.284816555752258e+04 -9.197667573291149e+02 
 2.290867652767870e+01  1.000000000000000e+00  0.000000000000000e+00  2.284730455774839e+04 -9.303820935594443e+02 
 2.317394649968577e+01  1.000000000000000e+00  0.000000000000000e+00  2.284642356988866e+04 -9.411191202425864e+02 
 2.344228815320022e+01  1.000000000000000e+00  0.000000000000000e+00  2.284552213150728e+04 -9.519792034483060e+02 
 2.371373705661756e+01  1.000000000000000e+00  0.000000000000000e+00  2.284459976956400e+04 -9.629637235634780e+02 
 2.398832919019593e+01  1.000000000000000e+00  0.000000000000000e+00  2.284365600014880e+04 -9.740740754035638e+02 
 2.426610095082519e+01  1.000000000000000e+00  0.000000000000000e+00  2.284269032824031e+04 -9.853116683259677e+02 
 2.454708915685136e+01  1.000000000000000e+00  0.000000000000000e+00  2.284170224745474e+04 -9.966779263425301e+02 
 2.483133105295677e+01  1.000000000000000e+00  0.000000000000000e+00  2.284069123979771e+04 -1.008174288232118e+03 
 2.511886431509688e+01  1.000000000000000e+00  0.000000000000000e+00  2.283965677539355e+04 -1.019802207651068e+03 
 2.540972705549414e+01  1.000000000000000e+00  0.000000000000000e+00  2.283859831220905e+04 -1.031563153242820e+03 
 2.570395782768975e+01  1.000000000000000e+00  0.000000000000000e+00  2.283751529581329e+04 -1.043458608750472e+03 
 2.600159563165384e+01  1.000000000000000e+00  0.000000000000000e+00  2.283640715903488e+04 -1.055490073119681e+03 
 2.630267991895496e+01  1.000000000000000e+00  0.000000000000000e+00  2.283527332176024e+04 -1.067659060613910e+03 
 2.660725059798925e+01  1.000000000000000e+00  0.000000000000000e+00  2.283411319057014e+04 -1.079967100914376e+03 
 2.691534803927033e+01  1.000000000000000e+00  0.000000000000000e+00  2.283292615847098e+04 -1.092415739228015e+03 
 2.722701308078031e+01  1.000000000000000e+00  0.000000000000000e+00  2.283171160460246e+04 -1.105006536392689e+03 
 2.754228703338287e+01  1.000000000000000e+00  0.000000000000000e+00  2.283046889388862e+04 -1.117741068976152e+03 
 2.786121168629892e+01  1.000000000000000e+00  0.000000000000000e+00  2.282919737675765e+04 -1.130620929380763e+03 
 2.818382931264577e+01  1.000000000000000e+00  0.000000000000000e+00  2.282789638879188e+04 -1.143647725940530e+03 
 2.851018267504034e+01  1.000000000000000e+00  0.000000000000000e+00  2.282656525041278e+04 -1.156823083020495e+03 
 2.884031503126733e+01  1.000000000000000e+00  0.000000000000000e+00  2.282520326654641e+04 -1.170148641113154e+03 
 2.917427014001295e+01  1.000000000000000e+00  0.000000000000000e+00  2.282380972622265e+04 -1.183626056926783e+03 
 2.951209226666516e+01  1.000000000000000e+00  0.000000000000000e+00  2.282238390232267e+04 -1.197257003487685e+03 
 2.985382618918092e+01  1.000000000000000e+00  0.000000000000000e+00  2.282092505112135e+04 -1.211043170219906e+03 
 3.019951720402150e+01  1.000000000000000e+00  0.000000000000000e+00  2.281943241196915e+04 -1.224986263037748e+03 
 3.054921113215649e+01  1.000000000000000e+00  0.000000000000000e+00  2.281790520689049e+04 -1.239088004427920e+03 
 3.090295432513728e+01  1.000000000000000e+00  0.000000000000000e+00  2.281634264023322e+04 -1.253350133535343e+03 
 3.126079367124094e+01  1.000000000000000e+00  0.000000000000000e+00  2.281474389825926e+04 -1.267774406240800e+03 
 3.162277660168520e+01  1.000000000000000e+00  0.000000000000000e+00  2.281310814870649e+04 -1.282362595233175e+03 
 3.198895109691541e+01  1.000000000000000e+00  0.000000000000000e+00  2.281143454045097e+04 -1.297116490090708e+03 
 3.235936569296427e+01  1.000000000000000e+00  0.000000000000000e+00  2.280972220303502e+04 -1.312037897345028e+03 
 3.273406948788529e+01  1.000000000000000e+00  0.000000000000000e+00  2.280797024626625e+04 -1.327128640550605e+03 
 3.311311214826060e+01  1.000000000000000e+00  0.000000000000000e+00  2.280617775973651e+04 -1.342390560342358e+03 
 3.349654391578427e+01  1.000000000000000e+00  0.000000000000000e+00  2.280434381247426e+04 -1.357825514506087e+03 
 3.388441561392178e+01  1.000000000000000e+00  0.000000000000000e+00  2.280246745240362e+04 -1.373435378023414e+03 
 3.427677865464658e+01  1.000000000000000e+00  0.000000000000000e+00  2.280054770591115e+04 -1.389222043126114e+03 
 3.467368504525474e+01  1.000000000000000e+00  0.000000000000000e+00  2.279858357737005e+04 -1.405187419342129e+03 
 3.507518739525840e+01  1.000000000000000e+00  0.000000000000000e+00  2.279657404867947e+04 -1.421333433540056e+03 
 3.548133892335916e+01  1.000000000000000e+00  0.000000000000000e+00  2.279451807873151e+04 -1.437662029960991e+03 
 3.589219346450216e+01  1.000000000000000e+00  0.000000000000000e+00  2.279241460295189e+04 -1.454175170255661e+03 
 3.630780547701179e+01  1.000000000000000e+00  0.000000000000000e+00  2.279026253277614e+04 -1.470874833509517e+03 
 3.672823004981014e+01  1.000000000000000e+00  0.000000000000000e+00  2.278806075510719e+04 -1.487763016261050e+03 
 3.715352290971895e+01  1.000000000000000e+00  0.000000000000000e+00  2.278580813180428e+04 -1.504841732519650e+03 
 3.758374042884613e+01  1.000000000000000e+00  0.000000000000000e+00  2.278350349914462e+04 -1.522113013775261e+03 
 3.801893963205786e+01  1.000000000000000e+00  0.000000000000000e+00  2.278114566724085e+04 -1.539578908997218e+03 
 3.845917820453712e+01  1.000000000000000e+00  0.000000000000000e+00  2.277873341951024e+04 -1.557241484634704e+03 
 3.890451449942984e+01  1.000000000000000e+00  0.000000000000000e+00  2.277626551209932e+04 -1.575102824605970e+03 
 3.935500754557955e+01  1.000000000000000e+00  0.000000000000000e+00  2.277374067325982e+04 -1.593165030274986e+03 
 3.981071705535155e+01  1.000000000000000e+00  0.000000000000000e+00  2.277115760279234e+04 -1.611430220431458e+03 
 4.027170343254776e+01  1.000000000000000e+00  0.000000000000000e+00  2.276851497137433e+04 -1.629900531248349e+03 
 4.073802778041315e+01  1.000000000000000e+00  0.000000000000000e+00  2.276581142004712e+04 -1.648578116255435e+03 
 4.120975190973492e+01  1.000000000000000e+00  0.000000000000000e+00  2.276304555947016e+04 -1.667465146272815e+03 
 4.168693834703546e+01  1.000000000000000e+00  0.000000000000000e+00  2.276021596937164e+04 -1.686563809365451e+03 
 4.216965034286017e+01  1.000000000000000e+00  0.000000000000000e+00  2.275732119777011e+04 -1.705876310756670e+03 
 4.265795188016124e+01  1.000000000000000e+00  0.000000000000000e+00  2.275435976045039e+04 -1.725404872771432e+03 
 4.315190768277852e+01  1.000000000000000e+00  0.000000000000000e+00  2.275133014015625e+04 -1.745151734729271e+03 
 4.365158322401862e+01  1.000000000000000e+00  0.000000000000000e+00  2.274823078597432e+04 -1.765119152857266e+03 
 4.415704473533330e+01  1.000000000000000e+00  0.000000000000000e+00  2.274506011259701e+04 -1.785309400175895e+03 
 4.466835921509839e+01  1.000000000000000e+00  0.000000000000000e+00  2.274181649959734e+04 -1.805724766377214e+03 
 4.518559443749434e+01  1.000000000000000e+00  0.000000000000000e+00  2.273849829068244e+04 -1.826367557689877e+03 
 4.570881896148964e+01  1.000000000000000e+00  0.000000000000000e+00  2.273510379299179e+04 -1.847240096741293e+03 
 4.623810213992819e+01  1.000000000000000e+00  0.000000000000000e+00  2.273163127626583e+04 -1.868344722388354e+03 
 4.677351412872201e+01  1.000000000000000e+00  0.000000000000000e+00  2.272807897220019e+04 -1.889683789567477e+03 
 4.731512589615027e+01  1.000000000000000e+00  0.000000000000000e+00  2.272444507346265e+04 -1.911259669077665e+03 
 4.786300923226609e+01  1.000000000000000e+00  0.000000000000000e+00  2.272072773307796e+04 -1.933074747412438e+03 
 4.841723675841222e+01  1.000000000000000e+00  0.000000000000000e+00  2.271692506349581e+04 -1.955131426526713e+03 
 4.897788193684693e+01  1.000000000000000e+00  0.000000000000000e+00  2.271303513579428e+04 -1.977432123613202e+03 
 4.954501908048136e+01  1.000000000000000e+00  0.000000000000000e+00  2.270905597887299e+04 -1.999979270864023e+03 
 5.011872336272960e+01  1.000000000000000e+00  0.000000000000000e+00  2.270498557853277e+04 -2.022775315198497e+03 
 5.069907082747284e+01  1.000000000000000e+00  0.000000000000000e+00  2.270082187662381e+04 -2.045822717988143e+03 
 5.128613839913892e+01  1.000000000000000e+00  0.000000000000000e+00  2.269656277018339e+04 -2.069123954765014e+03 
 5.188000389289858e+01  1.000000000000000e+00  0.000000000000000e+00  2.269220611053434e+04 -2.092681514907373e+03 
 5.248074602497976e+01  1.000000000000000e+00  0.000000000000000e+00  2.268774970230702e+04 -2.116497901294811e+03 
 5.308844442310136e+01  1.000000000000000e+00  0.000000000000000e+00  2.268319130256638e+04 -2.140575629965626e+03 
 5.370317963702784e+01  1.000000000000000e+00  0.000000000000000e+00  2.267852861988310e+04 -2.164917229746736e+03 
 5.432503314924592e+01  1.000000000000000e+00  0.000000000000000e+00  2.267375931330332e+04 -2.189525241845827e+03 
 5.495408738576509e+01  1.000000000000000e+00  0.000000000000000e+00  2.266888099144804e+04 -2.214402219449224e+03 
 5.559042572704302e+01  1.000000000000000e+00  0.000000000000000e+00  2.266389121142891e+04 -2.239550727264573e+03 
 5.623413251903760e+01  1.000000000000000e+00  0.000000000000000e+00  2.265878747796323e+04 -2.264973341082064e+03 
 5.688529308438687e+01  1.000000000000000e+00  0.000000000000000e+00  2.265356724227684e+04 -2.290672647272893e+03 
 5.754399373371846e+01  1.000000000000000e+00  0.000000000000000e+00  2.264822790104990e+04 -2.316651242273586e+03 
 5.821032177708994e+01  1.000000000000000e+00  0.000000000000000e+00  2.264276679547537e+04 -2.342911732070910e+03 
 5.888436553556173e+01  1.000000000000000e+00  0.000000000000000e+00  2.263718121006897e+04 -2.369456731612169e+03 
 5.956621435290392e+01  1.000000000000000e+00  0.000000000000000e+00  2.263146837166976e+04 -2.396288864230080e+03 
 6.025595860743869e+01  1.000000000000000e+00  0.000000000000000e+00  2.262562544832392e+04 -2.423410761018179e+03 
 6.095368972401987e+01  1.000000000000000e+00  0.000000000000000e+00  2.261964954818297e+04 -2.450825060182799e+03 
 6.165950018615121e+01  1.000000000000000e+00  0.000000000000000e+00  2.261353771837555e+04 -2.478534406362123e+03 
 6.237348354824496e+01  1.000000000000000e+00  0.000000000000000e+00  2.260728694391037e+04 -2.506541449923932e+03 
 6.309573444802240e+01  1.000000000000000e+00  0.000000000000000e+00  2.260089414645090e+04 -2.534848846205722e+03 
 6.382634861905798e+01  1.000000000000000e+00  0.000000000000000e+00  2.259435618322392e+04 -2.563459254754091e+03 
 6.456542290346870e+01  1.000000000000000e+00  0.000000000000000e+00  2.258766984582854e+04 -2.592375338510988e+03 
 6.531305526475043e+01  1.000000000000000e+00  0.000000000000000e+00  2.258083185903287e+04 -2.621599762964343e+03 
 6.606934480076283e+01  1.000000000000000e+00  0.000000000000000e+00  2.257383887959021e+04 -2.651135195269694e+03 
 6.683439175686473e+01  1.000000000000000e+00  0.000000000000000e+00  2.256668749501054e+04 -2.680984303326683e+03 
 6.760829753920149e+01  1.000000000000000e+00  0.000000000000000e+00  2.255937422234444e+04 -2.711149754822506e+03 
 6.839116472814628e+01  1.000000000000000e+00  0.000000000000000e+00  2.255189550695541e+04 -2.741634216235584e+03 
 6.918309709189704e+01  1.000000000000000e+00  0.000000000000000e+00  2.254424772126493e+04 -2.772440351794309e+03 
 6.998419960023078e+01  1.000000000000000e+00  0.000000000000000e+00  2.253642716346656e+04 -2.803570822388189e+03 
 7.079457843841726e+01  1.000000000000000e+00  0.000000000000000e+00  2.252843005631107e+04 -2.835028284455757e+03 
 7.161434102129371e+01  1.000000000000000e+00  0.000000000000000e+00  2.252025254582101e+04 -2.866815388812840e+03 
 7.244359600750256e+01  1.000000000000000e+00  0.000000000000000e+00  2.251189069993204e+04 -2.898934779417828e+03 
 7.328245331389401e+01  1.000000000000000e+00  0.000000000000000e+00  2.250334050728738e+04 -2.931389092131001e+03 
 7.413102413009540e+01  1.000000000000000e+00  0.000000000000000e+00  2.249459787593155e+04 -2.964180953401861e+03 
 7.498942093324928e+01  1.000000000000000e+00  0.000000000000000e+00  2.248565863188499e+04 -2.997312978875914e+03 
 7.585775750292213e+01  1.000000000000000e+00  0.000000000000000e+00  2.247651851797393e+04 -3.030787772019587e+03 
 7.673614893618569e+01  1.000000000000000e+00  0.000000000000000e+00  2.246717319245787e+04 -3.064607922640349e+03 
 7.762471166287301e+01  1.000000000000000e+00  0.000000000000000e+00  2.245761822766509e+04 -3.098776005355093e+03 
 7.852356346101107e+01  1.000000000000000e+00  0.000000000000000e+00  2.244784910867709e+04 -3.133294578016959e+03 
 7.943282347243209e+01  1.000000000000000e+00  0.000000000000000e+00  2.243786123208229e+04 -3.168166180106003e+03 
 8.035261221856572e+01  1.000000000000000e+00  0.000000000000000e+00  2.242764990451690e+04 -3.203393331001249e+03 
 8.128305161641397e+01  1.000000000000000e+00  0.000000000000000e+00  2.241721034142136e+04 -3.238978528253826e+03 
 8.222426499471122e+01  1.000000000000000e+00  0.000000000000000e+00  2.240653766568207e+04 -3.274924245765746e+03 
 8.317637711027126e+01  1.000000000000000e+00  0.000000000000000e+00  2.239562690629565e+04 -3.311232931911164e+03 
 8.413951416452372e+01  1.000000000000000e+00  0.000000000000000e+00  2.238447299706469e+04 -3.347907007601409e+03 
 8.511380382024191e+01  1.000000000000000e+00  0.000000000000000e+00  2.237307077523143e+04 -3.384948864263475e+03 
 8.609937521846439e+01  1.000000000000000e+00  0.000000000000000e+00  2.236141498024092e+04 -3.422360861788328e+03 
 8.709635899561245e+01  1.000000000000000e+00  0.000000000000000e+00  2.234950025237387e+04 -3.460145326367739e+03 
 8.810488730080586e+01  1.000000000000000e+00  0.000000000000000e+00  2.233732113148077e+04 -3.498304548288159e+03 
 8.912509381337905e+01  1.000000000000000e+00  0.000000000000000e+00  2.232487205567238e+04 -3.536840779635034e+03 
 9.015711376060024e+01  1.000000000000000e+00  0.000000000000000e+00  2.231214736011835e+04 -3.575756231953574e+03 
 9.120108393559559e+01  1.000000000000000e+00  0.000000000000000e+00  2.229914127190030e+04 -3.615053072532116e+03 
 9.225714271548100e+01  1.000000000000000e+00  0.000000000000000e+00  2.228584792402319e+04 -3.654733426888224e+03 
 9.332543007970385e+01  1.000000000000000e+00  0.000000000000000e+00  2.227226133140344e+04 -3.694799368723807e+03 
 9.440608762859715e+01  1.000000000000000e+00  0.000000000000000e+00  2.225837540490754e+04 -3.735252922218810e+03 
 9.549925860214847e+01  1.000000000000000e+00  0.000000000000000e+00  2.224418394628720e+04 -3.776096058010031e+03 
 9.660508789898628e+01  1.000000000000000e+00  0.000000000000000e+00  2.222968064714302e+04 -3.817330690390577e+03 
 9.772372209558608e+01  1.000000000000000e+00  0.000000000000000e+00  2.221485908774214e+04 -3.858958674364698e+03 
 9.885530946569897e+01  1.000000000000000e+00  0.000000000000000e+00  2.219971273595787e+04 -3.900981802647183e+03 
 1.000000000000051e+02  1.000000000000000e+00  0.000000000000000e+00  2.218423494622854e+04 -3.943401802570143e+03 
 1.011579454259951e+02  1.000000000000000e+00  0.000000000000000e+00  2.216841895854666e+04 -3.986220332898090e+03 
 1.023292992280807e+02  1.000000000000000e+00  0.000000000000000e+00  2.215225789750809e+04 -4.029438980559918e+03 
 1.035142166679397e+02  1.000000000000000e+00  0.000000000000000e+00  2.213574477133651e+04 -4.073059257263486e+03 
 1.047128548050954e+02  1.000000000000000e+00  0.000000000000000e+00  2.211887247107049e+04 -4.117082596060336e+03 
 1.059253725177344e+02  1.000000000000000e+00  0.000000000000000e+00  2.210163376971303e+04 -4.161510347783505e+03 
 1.071519305237662e+02  1.000000000000000e+00  0.000000000000000e+00  2.208402132146640e+04 -4.206343777401688e+03 
 1.083926914021260e+02  1.000000000000000e+00  0.000000000000000e+00  2.206602766099478e+04 -4.251584060264962e+03 
 1.096478196143242e+02  1.000000000000000e+00  0.000000000000000e+00  2.204764520281368e+04 -4.297232278278747e+03 
 1.109174815262459e+02  1.000000000000000e+00  0.000000000000000e+00  2.202886624067689e+04 -4.343289415952529e+03 
 1.122018454302022e+02  1.000000000000000e+00  0.000000000000000e+00  2.200968294709815e+04 -4.389756356375448e+03 
 1.135010815672374e+02  1.000000000000000e+00  0.000000000000000e+00  2.199008737286789e+04 -4.436633877059654e+03 
 1.148153621496943e+02  1.000000000000000e+00  0.000000000000000e+00  2.197007144671324e+04 -4.483922645709275e+03 
 1.161448613840403e+02  1.000000000000000e+00  0.000000000000000e+00  2.194962697504136e+04 -4.531623215888823e+03 
 1.174897554939591e+02  1.000000000000000e+00  0.000000000000000e+00  2.192874564169611e+04 -4.579736022558141e+03 
 1.188502227437080e+02  1.000000000000000e+00  0.000000000000000e+00  2.190741900795729e+04 -4.628261377569823e+03 
 1.202264434617476e+02  1.000000000000000e+00  0.000000000000000e+00  2.188563851243683e+04 -4.677199464977796e+03 
 1.216186000646432e+02  1.000000000000000e+00  0.000000000000000e+00  2.186339547126064e+04 -4.726550336323067e+03 
 1.230268770812446e+02  1.000000000000000e+00  0.000000000000000e+00  2.184068107822947e+04 -4.776313905760742e+03 
 1.244514611771450e+02  1.000000000000000e+00  0.000000000000000e+00  2.181748640520840e+04 -4.826489945136862e+03 
 1.258925411794233e+02  1.000000000000000e+00  0.000000000000000e+00  2.179380240254382e+04 -4.877078078922958e+03 
 1.273503081016729e+02  1.000000000000000e+00  0.000000000000000e+00  2.176961989959954e+04 -4.928077779046122e+03 
 1.288249551693202e+02  1.000000000000000e+00  0.000000000000000e+00  2.174492960553752e+04 -4.979488359672839e+03 
 1.303166778452368e+02  1.000000000000000e+00  0.000000000000000e+00  2.171972211013017e+04 -5.031308971845314e+03 
 1.318256738556477e+02  1.000000000000000e+00  0.000000000000000e+00  2.169398788470287e+04 -5.083538598012996e+03 
 1.333521432163395e+02  1.000000000000000e+00  0.000000000000000e+00  2.166771728338187e+04 -5.136176046544699e+03 
 1.348962882591725e+02  1.000000000000000e+00  0.000000000000000e+00  2.164090054426825e+04 -5.189219946034053e+03 
 1.364583136588997e+02  1.000000000000000e+00  0.000000000000000e+00  2.161352779095226e+04 -5.242668739599872e+03 
 1.380384264602958e+02  1.000000000000000e+00  0.000000000000000e+00  2.158558903416840e+04 -5.296520679084171e+03 
 1.396368361056012e+02  1.000000000000000e+00  0.000000000000000e+00  2.155707417356702e+04 -5.350773819132628e+03 
 1.412537544622830e+02  1.000000000000000e+00  0.000000000000000e+00  2.152797299968508e+04 -5.405426011198217e+03 
 1.428893958511179e+02  1.000000000000000e+00  0.000000000000000e+00  2.149827519618552e+04 -5.460474897505634e+03 
 1.445439770746005e+02  1.000000000000000e+00  0.000000000000000e+00  2.146797034218239e+04 -5.515917904879516e+03 
 1.462177174456796e+02  1.000000000000000e+00  0.000000000000000e+00  2.143704791488397e+04 -5.571752238560199e+03 
 1.479108388168287e+02  1.000000000000000e+00  0.000000000000000e+00  2.140549729229586e+04 -5.627974875866916e+03 
 1.496235656094514e+02  1.000000000000000e+00  0.000000000000000e+00  2.137330775637046e+04 -5.684582559922335e+03 
 1.513561248436289e+02  1.000000000000000e+00  0.000000000000000e+00  2.134046849613149e+04 -5.741571793177520e+03 
 1.531087461682112e+02  1.000000000000000e+00  0.000000000000000e+00  2.130696861125873e+04 -5.798938831010071e+03 
 1.548816618912565e+02  1.000000000000000e+00  0.000000000000000e+00  2.127279711571678e+04 -5.856679675161207e+03 
 1.566751070108234e+02  1.000000000000000e+00  0.000000000000000e+00  2.123794294184276e+04 -5.914790067252933e+03 
 1.584893192461199e+02  1.000000000000000e+00  0.000000000000000e+00  2.120239494121474e+04 -5.973265480176400e+03 
 1.603245390690128e+02  1.000000000000000e+00  0.000000000000000e+00  2.116614190225033e+04 -6.032101119358071e+03 
 1.621810097359018e+02  1.000000000000000e+00  0.000000000000000e+00  2.112917253541063e+04 -6.091291904403999e+03 
 1.640589773199628e+02  1.000000000000000e+00  0.000000000000000e+00  2.109147549129566e+04 -6.150832470249870e+03 
 1.659586907437651e+02  1.000000000000000e+00  0.000000000000000e+00  2.105303936274894e+04 -6.210717158593423e+03 
 1.678804018122651e+02  1.000000000000000e+00  0.000000000000000e+00  2.101385269045197e+04 -6.270940011233020e+03 
 1.698243652461837e+02  1.000000000000000e+00  0.000000000000000e+00  2.097390396888409e+04 -6.331494763462584e+03 
 1.717908387157682e+02  1.000000000000000e+00  0.000000000000000e+00  2.093318165260388e+04 -6.392374837503046e+03 
 1.737800828749470e+02  1.000000000000000e+00  0.000000000000000e+00  2.089167416277206e+04 -6.453573335922755e+03 
 1.757923613958789e+02  1.000000000000000e+00  0.000000000000000e+00  2.084936989406198e+04 -6.515083035150203e+03 
 1.778279410039020e+02  1.000000000000000e+00  0.000000000000000e+00  2.080625722186662e+04 -6.576896379026759e+03 
 1.798870915128886e+02  1.000000000000000e+00  0.000000000000000e+00  2.076232355757894e+04 -6.639004794952829e+03 
 1.819700858610083e+02  1.000000000000000e+00  0.000000000000000e+00  2.071755917223115e+04 -6.701401392703457e+03 
 1.840772001469057e+02  1.000000000000000e+00  0.000000000000000e+00  2.067195147129524e+04 -6.764076907970752e+03 
 1.862087136662969e+02  1.000000000000000e+00  0.000000000000000e+00  2.062548883201516e+04 -6.827022391547922e+03 
 1.883649089489904e+02  1.000000000000000e+00  0.000000000000000e+00  2.057815965361229e+04 -6.890228530856631e+03 
 1.905460717963352e+02  1.000000000000000e+00  0.000000000000000e+00  2.052995236651065e+04 -6.953685644103870e+03 
 1.927524913191042e+02  1.000000000000000e+00  0.000000000000000e+00  2.048085544208391e+04 -7.017383674719153e+03 
 1.949844599758153e+02  1.000000000000000e+00  0.000000000000000e+00  2.043085740263332e+04 -7.081312185870083e+03 
 1.972422736114962e+02  1.000000000000000e+00  0.000000000000000e+00  2.037994683177123e+04 -7.145460355200146e+03 
 1.995262314968990e+02  1.000000000000000e+00  0.000000000000000e+00  2.032811238525644e+04 -7.209816969846317e+03 
 2.018366363681672e+02  1.000000000000000e+00  0.000000000000000e+00  2.027534280209260e+04 -7.274370421604694e+03 
 2.041737944669642e+02  1.000000000000000e+00  0.000000000000000e+00  2.022162691320838e+04 -7.339108700051529e+03 
 2.065380155810644e+02  1.000000000000000e+00  0.000000000000000e+00  2.016695366460995e+04 -7.404019397494814e+03 
 2.089296130854155e+02  1.000000000000000e+00  0.000000000000000e+00  2.011131211273045e+04 -7.469089691190698e+03 
 2.113489039836764e+02  1.000000000000000e+00  0.000000000000000e+00  2.005469144831112e+04 -7.534306348821801e+03 
 2.137962089502351e+02  1.000000000000000e+00  0.000000000000000e+00  1.999708100659187e+04 -7.599655722890181e+03 
 2.162718523727141e+02  1.000000000000000e+00  0.000000000000000e+00  1.993847028060299e+04 -7.665123747679598e+03 
 2.187761623949674e+02  1.000000000000000e+00  0.000000000000000e+00  1.987884893487881e+04 -7.730695936649976e+03 
 2.213094709605761e+02  1.000000000000000e+00  0.000000000000000e+00  1.981820681948875e+04 -7.796357380200898e+03 
 2.238721138568465e+02  1.000000000000000e+00  0.000000000000000e+00  1.975653398443091e+04 -7.862092743873138e+03 
 2.264644307593186e+02  1.000000000000000e+00  0.000000000000000e+00  1.969382069434118e+04 -7.927886266975805e+03 
 2.290867652767901e+02  1.000000000000000e+00  0.000000000000000e+00  1.963005744350218e+04 -7.993721761653764e+03 
 2.317394649968608e+02  1.000000000000000e+00  0.000000000000000e+00  1.956523497121931e+04 -8.059582612493755e+03 
 2.344228815320054e+02  1.000000000000000e+00  0.000000000000000e+00  1.949934427746163e+04 -8.125451776606659e+03 
 2.371373705661788e+02  1.000000000000000e+00  0.000000000000000e+00  1.943237663879413e+04 -8.191311784246383e+03 
 2.398832919019625e+02  1.000000000000000e+00  0.000000000000000e+00  1.936432362455870e+04 -8.257144739959920e+03 
 2.426610095082552e+02  1.000000000000000e+00  0.000000000000000e+00  1.929517711098535e+04 -8.322932321896908e+03 
 2.454708915685169e+02  1.000000000000000e+00  0.000000000000000e+00  1.922492930742737e+04 -8.388655794034301e+03 
 2.483133105295710e+02  1.000000000000000e+00  0.000000000000000e+00  1.915357275889390e+04 -8.454295994323613e+03 
 2.511886431509722e+02  1.000000000000000e+00  0.000000000000000e+00  1.908110037275957e+04 -8.519833348158425e+03 
 2.540972705549449e+02  1.000000000000000e+00  0.000000000000000e+00  1.900750543367488e+04 -8.585247870228068e+03 
 2.570395782769009e+02  1.000000000000000e+00  0.000000000000000e+00  1.893278092267884e+04 -8.650518364394131e+03 
 2.600159563165419e+02  1.000000000000000e+00  0.000000000000000e+00  1.885692233778326e+04 -8.715625646799224e+03 
 2.630267991895531e+02  1.000000000000000e+00  0.000000000000000e+00  1.877992349247032e+04 -8.780547730452345e+03 
 2.660725059798961e+02  1.000000000000000e+00  0.000000000000000e+00  1.870177935589459e+04 -8.845263043938910e+03 
 2.691534803927069e+02  1.000000000000000e+00  0.000000000000000e+00  1.862248536263917e+04 -8.909749637198907e+03 
 2.722701308078068e+02  1.000000000000000e+00  0.000000000000000e+00  1.854203742842063e+04 -8.973985187638620e+03 
 2.754228703338323e+02  1.000000000000000e+00  0.000000000000000e+00  1.846043197618724e+04 -9.037947019863612e+03 
 2.786121168629929e+02  1.000000000000000e+00  0.000000000000000e+00  1.837766594125340e+04 -9.101612100566519e+03 
 2.818382931264615e+02  1.000000000000000e+00  0.000000000000000e+00  1.829373679733617e+04 -9.164957059906552e+03 
 2.851018267504073e+02  1.000000000000000e+00  0.000000000000000e+00  1.820864257189773e+04 -9.227958200849300e+03 
 2.884031503126772e+02  1.000000000000000e+00  0.000000000000000e+00  1.812238186348354e+04 -9.290591511981500e+03 
 2.917427014001335e+02  1.000000000000000e+00  0.000000000000000e+00  1.803495385880853e+04 -9.352832681119298e+03 
 2.951209226666555e+02  1.000000000000000e+00  0.000000000000000e+00  1.794635834960615e+04 -9.414657109788908e+03 
 2.985382618918131e+02  1.000000000000000e+00  0.000000000000000e+00  1.785659574919699e+04 -9.476039928584412e+03 
 3.019951720402190e+02  1.000000000000000e+00  0.000000000000000e+00  1.776566710690582e+04 -9.536956010720558e+03 
 3.054921113215689e+02  1.000000000000000e+00  0.000000000000000e+00  1.767357413112416e+04 -9.597379999655648e+03 
 3.090295432513769e+02  1.000000000000000e+00  0.000000000000000e+00  1.758031919387647e+04 -9.657286311235743e+03 
 3.126079367124136e+02  1.000000000000000e+00  0.000000000000000e+00  1.748590535300894e+04 -9.716649162955668e+03 
 3.162277660168562e+02  1.000000000000000e+00  0.000000000000000e+00  1.739033585514133e+04 -9.775441755325533e+03 
 3.198895109691583e+02  1.000000000000000e+00  0.000000000000000e+00  1.729361619935726e+04 -9.833639634845098e+03 
 3.235936569296470e+02  1.000000000000000e+00  0.000000000000000e+00  1.719575105915247e+04 -9.891215702113510e+03 
 3.273406948788572e+02  1.000000000000000e+00  0.000000000000000e+00  1.709674636535713e+04 -9.948143572917914e+03 
 3.311311214826103e+02  1.000000000000000e+00  0.000000000000000e+00  1.699660880352353e+04 -1.000439677642376e+04 
 3.349654391578471e+02  1.000000000000000e+00  0.000000000000000e+00  1.689534581572466e+04 -1.005994876309797e+04 
 3.388441561392223e+02  1.000000000000000e+00  0.000000000000000e+00  1.679296561713048e+04 -1.011477293961050e+04 
 3.427677865464703e+02  1.000000000000000e+00  0.000000000000000e+00  1.668947720395059e+04 -1.016884269141668e+04 
 3.467368504525519e+02  1.000000000000000e+00  0.000000000000000e+00  1.658489036200086e+04 -1.022213140855754e+04 
 3.507518739525885e+02  1.000000000000000e+00  0.000000000000000e+00  1.647921567437748e+04 -1.027461251221071e+04 
 3.548133892335962e+02  1.000000000000000e+00  0.000000000000000e+00  1.637246452682319e+04 -1.032625947919800e+04 
 3.589219346450263e+02  1.000000000000000e+00  0.000000000000000e+00  1.626464911859815e+04 -1.037704588020860e+04 
 3.630780547701227e+02  1.000000000000000e+00  0.000000000000000e+00  1.615578208356755e+04 -1.042694456411242e+04 
 3.672823004981063e+02  1.000000000000000e+00  0.000000000000000e+00  1.604587801255018e+04 -1.047593101187597e+04 
 3.715352290971944e+02  1.000000000000000e+00  0.000000000000000e+00  1.593495116710048e+04 -1.052397838878198e+04 
 3.758374042884663e+02  1.000000000000000e+00  0.000000000000000e+00  1.582301701554361e+04 -1.057106088923791e+04 
 3.801893963205836e+02  1.000000000000000e+00  0.000000000000000e+00  1.571009185063247e+04 -1.061715294744393e+04 
 3.845917820453763e+02  1.000000000000000e+00  0.000000000000000e+00  1.559619278135224e+04 -1.066222925202948e+04 
 3.890451449943037e+02  1.000000000000000e+00  0.000000000000000e+00  1.548133773492775e+04 -1.070626478705329e+04 
 3.935500754558008e+02  1.000000000000000e+00  0.000000000000000e+00  1.536554545174847e+04 -1.074923486011020e+04 
 3.981071705535209e+02  1.000000000000000e+00  0.000000000000000e+00  1.524883547919595e+04 -1.079111513065621e+04 
 4.027170343254830e+02  1.000000000000000e+00  0.000000000000000e+00  1.513122816888133e+04 -1.083188165113806e+04 
 4.073802778041370e+02  1.000000000000000e+00  0.000000000000000e+00  1.501274439815313e+04 -1.087151008002809e+04 
 4.120975190973548e+02  1.000000000000000e+00  0.000000000000000e+00  1.489340663456295e+04 -1.090997893654805e+04 
 4.168693834703603e+02  1.000000000000000e+00  0.000000000000000e+00  1.477323730222672e+04 -1.094726480068656e+04 
 4.216965034286075e+02  1.000000000000000e+00  0.000000000000000e+00  1.465225986467719e+04 -1.098334557410016e+04 
 4.265795188016182e+02  1.000000000000000e+00  0.000000000000000e+00  1.453049853076725e+04 -1.101819968932866e+04 
 4.315190768277911e+02  1.000000000000000e+00  0.000000000000000e+00  1.440797824313638e+04 -1.105180614970793e+04 
 4.365158322401921e+02  1.000000000000000e+00  0.000000000000000e+00  1.428472466043802e+04 -1.108414455381549e+04 
 4.415704473533390e+02  1.000000000000000e+00  0.000000000000000e+00  1.416076414244605e+04 -1.111519513421412e+04 
 4.466835921509900e+02  1.000000000000000e+00  0.000000000000000e+00  1.403612354667886e+04 -1.114493800173437e+04 
 4.518559443749496e+02  1.000000000000000e+00  0.000000000000000e+00  1.391083094198928e+04 -1.117335626501998e+04 
 4.570881896149025e+02  1.000000000000000e+00  0.000000000000000e+00  1.378491447365837e+04 -1.120043142246678e+04 
 4.623810213992882e+02  1.000000000000000e+00  0.000000000000000e+00  1.365840309434192e+04 -1.122614648950061e+04 
 4.677351412872264e+02  1.000000000000000e+00  0.000000000000000e+00  1.353132634601035e+04 -1.125048523543924e+04 
 4.731512589615090e+02  1.000000000000000e+00  0.000000000000000e+00  1.340371433639019e+04 -1.127343221519675e+04 
 4.786300923226673e+02  1.000000000000000e+00  0.000000000000000e+00  1.327559771366811e+04 -1.129497279970522e+04 
 4.841723675841287e+02  1.000000000000000e+00  0.000000000000000e+00  1.314700752454516e+04 -1.131509245248739e+04 
 4.897788193684759e+02  1.000000000000000e+00  0.000000000000000e+00  1.301797564203778e+04 -1.133377969048465e+04 
 4.954501908048202e+02  1.000000000000000e+00  0.000000000000000e+00  1.288853403997274e+04 -1.135102170348615e+04 
 5.011872336273027e+02  1.000000000000000e+00  0.000000000000000e+00  1.275871523390601e+04 -1.136680730321492e+04 
 5.069907082747351e+02  1.000000000000000e+00  0.000000000000000e+00  1.262855212979571e+04 -1.138112621038844e+04 
 5.128613839913960e+02  1.000000000000000e+00  0.000000000000000e+00  1.249807792610708e+04 -1.139396837719425e+04 
 5.188000389289926e+02  1.000000000000000e+00  0.000000000000000e+00  1.236732635174914e+04 -1.140532679679876e+04 
 5.248074602498045e+02  1.000000000000000e+00  0.000000000000000e+00  1.223633121038800e+04 -1.141519330144511e+04 
 5.308844442310207e+02  1.000000000000000e+00  0.000000000000000e+00  1.210512663685465e+04 -1.142356140196586e+04 
 5.370317963702854e+02  1.000000000000000e+00  0.000000000000000e+00  1.197374698560383e+04 -1.143042557610739e+04 
 5.432503314924663e+02  1.000000000000000e+00  0.000000000000000e+00  1.184222679643682e+04 -1.143578129466094e+04 
 5.495408738576581e+02  1.000000000000000e+00  0.000000000000000e+00  1.171060074051086e+04 -1.143962435472298e+04 
 5.559042572704375e+02  1.000000000000000e+00  0.000000000000000e+00  1.157890365873112e+04 -1.144195353513395e+04 
 5.623413251903834e+02  1.000000000000000e+00  0.000000000000000e+00  1.144717040200820e+04 -1.144276663109948e+04 
 5.688529308438762e+02  1.000000000000000e+00  0.000000000000000e+00  1.131543588380621e+04 -1.144206309976019e+04 
 5.754399373371921e+02  1.000000000000000e+00  0.000000000000000e+00  1.118373503213979e+04 -1.143984278194477e+04 
 5.821032177709070e+02  1.000000000000000e+00  0.000000000000000e+00  1.105210270717517e+04 -1.143610841034630e+04 
 5.888436553556251e+02  1.000000000000000e+00  0.000000000000000e+00  1.092057372140770e+04 -1.143086182410367e+04 
 5.956621435290471e+02  1.000000000000000e+00  0.000000000000000e+00  1.078918277220039e+04 -1.142410648915696e+04 
 6.025595860743948e+02  1.000000000000000e+00  0.000000000000000e+00  1.065796445079820e+04 -1.141584627285900e+04 
 6.095368972402067e+02  1.000000000000000e+00  0.000000000000000e+00  1.052695305314157e+04 -1.140608782352833e+04 
 6.165950018615202e+02  1.000000000000000e+00  0.000000000000000e+00  1.039618276402607e+04 -1.139483696190664e+04 
 6.237348354824578e+02  1.000000000000000e+00  0.000000000000000e+00  1.026568748205927e+04 -1.138210107359791e+04 
 6.309573444802323e+02  1.000000000000000e+00  0.000000000000000e+00  1.013550088144762e+04 -1.136788793890874e+04 
 6.382634861905883e+02  1.000000000000000e+00  0.000000000000000e+00  1.000565612864878e+04 -1.135220798056936e+04 
 6.456542290346956e+02  1.000000000000000e+00  0.000000000000000e+00  9.876186214728554e+03 -1.133507083796585e+04 
 6.531305526475130e+02  1.000000000000000e+00  0.000000000000000e+00  9.747123685274193e+03 -1.131648762842930e+04 
 6.606934480076371e+02  1.000000000000000e+00  0.000000000000000e+00  9.618500750714562e+03 -1.129646983262672e+04 
 6.683439175686563e+02  1.000000000000000e+00  0.000000000000000e+00  9.490348920299359e+03 -1.127503141731009e+04 
 6.760829753920240e+02  1.000000000000000e+00  0.000000000000000e+00  9.362699469049880e+03 -1.125218557789894e+04 
 6.839116472814720e+02  1.000000000000000e+00  0.000000000000000e+00  9.235583180685664e+03 -1.122794638182744e+04 
 6.918309709189797e+02  1.000000000000000e+00  0.000000000000000e+00  9.109030009862210e+03 -1.120233023969342e+04 
 6.998419960023173e+02  1.000000000000000e+00  0.000000000000000e+00  8.983069635213857e+03 -1.117535280697457e+04 
 7.079457843841823e+02  1.000000000000000e+00  0.000000000000000e+00  8.857731162948236e+03 -1.114703053446929e+04 
 7.161434102129469e+02  1.000000000000000e+00  0.000000000000000e+00  8.733042756052004e+03 -1.111738207200324e+04 
 7.244359600750356e+02  1.000000000000000e+00  0.000000000000000e+00  8.609032266801656e+03 -1.108642531146001e+04 
 7.328245331389502e+02  1.000000000000000e+00  0.000000000000000e+00  8.485726904309506e+03 -1.105417886010679e+04 
 7.413102413009642e+02  1.000000000000000e+00  0.000000000000000e+00  8.363152835054188e+03 -1.102066337689461e+04 
 7.498942093325031e+02  1.000000000000000e+00  0.000000000000000e+00  8.241336017702777e+03 -1.098589829802283e+04 
 7.585775750292316e+02  1.000000000000000e+00  0.000000000000000e+00  8.120301192488216e+03 -1.094990547879662e+04 
 7.673614893618674e+02  1.000000000000000e+00  0.000000000000000e+00  8.000072748135893e+03 -1.091270599035278e+04 
 7.762471166287407e+02  1.000000000000000e+00  0.000000000000000e+00  7.880674338010969e+03 -1.087432147621255e+04 
 7.852356346101215e+02  1.000000000000000e+00  0.000000000000000e+00  7.762128446189053e+03 -1.083477536528802e+04 
 7.943282347243318e+02  1.000000000000000e+00  0.000000000000000e+00  7.644457333034053e+03 -1.079408987464676e+04 
 8.035261221856681e+02  1.000000000000000e+00  0.000000000000000e+00  7.527681916872278e+03 -1.075228933111344e+04 
 8.128305161641507e+02  1.000000000000000e+00  0.000000000000000e+00  7.411822890341517e+03 -1.070939685332851e+04 
 8.222426499471233e+02  1.000000000000000e+00  0.000000000000000e+00  7.296899569953063e+03 -1.066543754182889e+04 
 8.317637711027238e+02  1.000000000000000e+00  0.000000000000000e+00  7.182931048038090e+03 -1.062043529015796e+04 
 8.413951416452486e+02  1.000000000000000e+00  0.000000000000000e+00  7.069935013352484e+03 -1.057441585077080e+04 
 8.511380382024306e+02  1.000000000000000e+00  0.000000000000000e+00  6.957928935421758e+03 -1.052740376823268e+04 
 8.609937521846555e+02  1.000000000000000e+00  0.000000000000000e+00  6.846928860349106e+03 -1.047942532450634e+04 
 8.709635899561362e+02  1.000000000000000e+00  0.000000000000000e+00  6.736950622924846e+03 -1.043050559244426e+04 
 8.810488730080704e+02  1.000000000000000e+00  0.000000000000000e+00  6.628008621981793e+03 -1.038067126282984e+04 
 8.912509381338025e+02  1.000000000000000e+00  0.000000000000000e+00  6.520117055807956e+03 -1.032994781616542e+04 
 9.015711376060145e+02  1.000000000000000e+00  0.000000000000000e+00  6.413288681176547e+03 -1.027836223398799e+04 
 9.120108393559681e+02  1.000000000000000e+00  0.000000000000000e+00  6.307536068233205e+03 -1.022594028578199e+04 
 9.225714271548222e+02  1.000000000000000e+00  0.000000000000000e+00  6.202870345244528e+03 -1.017270913132011e+04 
 9.332543007970509e+02  1.000000000000000e+00  0.000000000000000e+00  6.099302470738357e+03 -1.011869471618204e+04 
 9.440608762859839e+02  1.000000000000000e+00  0.000000000000000e+00  5.996842129217895e+03 -1.006392396646455e+04 
 9.549925860214972e+02  1.000000000000000e+00  0.000000000000000e+00  5.895498213419498e+03 -1.000842378774382e+04 
 9.660508789898754e+02  1.000000000000000e+00  0.000000000000000e+00  5.795279314611867e+03 -9.952220186400575e+03 
 9.772372209558735e+02  1.000000000000000e+00  0.000000000000000e+00  5.696192770905736e+03 -9.895340012493656e+03 
 9.885530946570024e+02  1.000000000000000e+00  0.000000000000000e+00  5.598245159536395e+03 -9.837810018250613e+03 
 1.000000000000064e+03  1.000000000000000e+00  0.000000000000000e+00  5.501442787188518e+03 -9.779656042490746e+03 
 1.011579454259964e+03  1.000000000000000e+00  0.000000000000000e+00  5.405790739679307e+03 -9.720904637850330e+03 
 1.023292992280820e+03  1.000000000000000e+00  0.000000000000000e+00  5.311293379024133e+03 -9.661582190727117e+03 
 1.035142166679411e+03  1.000000000000000e+00  0.000000000000000e+00  5.217954830465254e+03 -9.601714166626241e+03 
 1.047128548050967e+03  1.000000000000000e+00  0.000000000000000e+00  5.125778042939181e+03 -9.541326618908208e+03 
 1.059253725177357e+03  1.000000000000000e+00  0.000000000000000e+00  5.034765438082799e+03 -9.480445145536154e+03 
 1.071519305237676e+03  1.000000000000000e+00  0.000000000000000e+00  4.944918612031355e+03 -9.419095352627439e+03 
 1.083926914021273e+03  1.000000000000000e+00  0.000000000000000e+00  4.856238976692443e+03 -9.357301918307228e+03 
 1.096478196143256e+03  1.000000000000000e+00  0.000000000000000e+00  4.768726833840168e+03 -9.295089964518418e+03 
 1.109174815262473e+03  1.000000000000000e+00  0.000000000000000e+00  4.682382018954868e+03 -9.232484110272584e+03 
 1.122018454302036e+03  1.000000000000000e+00  0.000000000000000e+00  4.597203761776025e+03 -9.169508688620965e+03 
 1.135010815672388e+03  1.000000000000000e+00  0.000000000000000e+00  4.513190702195883e+03 -9.106187733532875e+03 
 1.148153621496957e+03  1.000000000000000e+00  0.000000000000000e+00  4.430340909180737e+03 -9.042544963537573e+03 
 1.161448613840418e+03  1.000000000000000e+00  0.000000000000000e+00  4.348651895314244e+03 -8.978603772904200e+03 
 1.174897554939606e+03  1.000000000000000e+00  0.000000000000000e+00  4.268120486187724e+03 -8.914387404728030e+03 
 1.188502227437096e+03  1.000000000000000e+00  0.000000000000000e+00  4.188743438343177e+03 -8.849918184546532e+03 
 1.202264434617491e+03  1.000000000000000e+00  0.000000000000000e+00  4.110516554085443e+03 -8.785218651143921e+03 
 1.216186000646447e+03  1.000000000000000e+00  0.000000000000000e+00  4.033435302257646e+03 -8.720310781319778e+03 
 1.230268770812462e+03  1.000000000000000e+00  0.000000000000000e+00  3.957494830034434e+03 -8.655216004724203e+03 
 1.244514611771466e+03  1.000000000000000e+00  0.000000000000000e+00  3.882689399249572e+03 -8.589955876755332e+03 
 1.258925411794249e+03  1.000000000000000e+00  0.000000000000000e+00  3.809013278246559e+03 -8.524551043339714e+03 
 1.273503081016745e+03  1.000000000000000e+00  0.000000000000000e+00  3.736460175962038e+03 -8.459021923868946e+03 
 1.288249551693218e+03  1.000000000000000e+00  0.000000000000000e+00  3.665023404100943e+03 -8.393388533932595e+03 
 1.303166778452385e+03  1.000000000000000e+00  0.000000000000000e+00  3.594695897147159e+03 -8.327670477157866e+03 
 1.318256738556493e+03  1.000000000000000e+00  0.000000000000000e+00  3.525470228363484e+03 -8.261886942508421e+03 
 1.333521432163411e+03  1.000000000000000e+00  0.000000000000000e+00  3.457338760879396e+03 -8.196056562017771e+03 
 1.348962882591742e+03  1.000000000000000e+00  0.000000000000000e+00  3.390293125222557e+03 -8.130197968240756e+03 
 1.364583136589014e+03  1.000000000000000e+00  0.000000000000000e+00  3.324325048428127e+03 -8.064328944096139e+03 
 1.380384264602976e+03  1.000000000000000e+00  0.000000000000000e+00  3.259425828489233e+03 -7.998466989012009e+03 
 1.396368361056030e+03  1.000000000000000e+00  0.000000000000000e+00  3.195586613127730e+03 -7.932629052078863e+03 
 1.412537544622847e+03  1.000000000000000e+00  0.000000000000000e+00  3.132797901064812e+03 -7.866832032626858e+03 
 1.428893958511197e+03  1.000000000000000e+00  0.000000000000000e+00  3.071050459973422e+03 -7.801091902271512e+03 
 1.445439770746023e+03  1.000000000000000e+00  0.000000000000000e+00  3.010334317182279e+03 -7.735424692579130e+03 
 1.462177174456815e+03  1.000000000000000e+00  0.000000000000000e+00  2.950639665249285e+03 -7.669845646716725e+03 
 1.479108388168306e+03  1.000000000000000e+00  0.000000000000000e+00  2.891956489380025e+03 -7.604369595937349e+03 
 1.496235656094533e+03  1.000000000000000e+00  0.000000000000000e+00  2.834274342756987e+03 -7.539011172018840e+03 
 1.513561248436309e+03  1.000000000000000e+00  0.000000000000000e+00  2.777582612502677e+03 -7.473784573314624e+03 
 1.531087461682132e+03  1.000000000000000e+00  0.000000000000000e+00  2.721870882249513e+03 -7.408703268683903e+03 
 1.548816618912585e+03  1.000000000000000e+00  0.000000000000000e+00  2.667128119003376e+03 -7.343780722289192e+03 
 1.566751070108254e+03  1.000000000000000e+00  0.000000000000000e+00  2.613343621390175e+03 -7.279029587820505e+03 
 1.584893192461219e+03  1.000000000000000e+00  0.000000000000000e+00  2.560506222456495e+03 -7.214462405715149e+03 
 1.603245390690149e+03  1.000000000000000e+00  0.000000000000000e+00  2.508604762656193e+03 -7.150091213417001e+03 
 1.621810097359039e+03  1.000000000000000e+00  0.000000000000000e+00  2.457627880017954e+03 -7.085927733191882e+03 
 1.640589773199649e+03  1.000000000000000e+00  0.000000000000000e+00  2.407564453639804e+03 -7.021983031262238e+03 
 1.659586907437672e+03  1.000000000000000e+00  0.000000000000000e+00  2.358402962000746e+03 -6.958268046800353e+03 
 1.678804018122673e+03  1.000000000000000e+00  0.000000000000000e+00  2.310131932216804e+03 -6.894793243444705e+03 
 1.698243652461858e+03  1.000000000000000e+00  0.000000000000000e+00  2.262739838772758e+03 -6.831568705051704e+03 
 1.717908387157704e+03  1.000000000000000e+00  0.000000000000000e+00  2.216215114854316e+03 -6.768604139997025e+03 
 1.737800828749492e+03  1.000000000000000e+00  0.000000000000000e+00  2.170546162015309e+03 -6.705908886823887e+03 
 1.757923613958811e+03  1.000000000000000e+00  0.000000000000000e+00  2.125721358313577e+03 -6.643491921016937e+03 
 1.778279410039043e+03  1.000000000000000e+00  0.000000000000000e+00  2.081729164552572e+03 -6.581361791436833e+03 
 1.798870915128909e+03  1.000000000000000e+00  0.000000000000000e+00  2.038557748533398e+03 -6.519526901081194e+03 
 1.819700858610106e+03  1.000000000000000e+00  0.000000000000000e+00  1.996195569974025e+03 -6.457995099951791e+03 
 1.840772001469080e+03  1.000000000000000e+00  0.000000000000000e+00  1.954631003862724e+03 -6.396773967790048e+03 
 1.862087136662994e+03  1.000000000000000e+00  0.000000000000000e+00  1.913852532430990e+03 -6.335870691766560e+03 
 1.883649089489928e+03  1.000000000000000e+00  0.000000000000000e+00  1.873848394620613e+03 -6.275292314679878e+03 
 1.905460717963377e+03  1.000000000000000e+00  0.000000000000000e+00  1.834607219706470e+03 -6.215045318256087e+03 
 1.927524913191067e+03  1.000000000000000e+00  0.000000000000000e+00  1.796117325006009e+03 -6.155136104402652e+03 
 1.949844599758178e+03  1.000000000000000e+00  0.000000000000000e+00  1.758367419092901e+03 -6.095570541359616e+03 
 1.972422736114988e+03  1.000000000000000e+00  0.000000000000000e+00  1.721346004645487e+03 -6.036354365208927e+03 
 1.995262314969016e+03  1.000000000000000e+00  0.000000000000000e+00  1.685041647768815e+03 -5.977493011581842e+03 
 2.018366363681699e+03  1.000000000000000e+00  0.000000000000000e+00  1.649443219925791e+03 -5.918991477585831e+03 
 2.041737944669669e+03  1.000000000000000e+00  0.000000000000000e+00  1.614539415879435e+03 -5.860854633247405e+03 
 2.065380155810671e+03  1.000000000000000e+00  0.000000000000000e+00  1.580319085714851e+03 -5.803087022607197e+03 
 2.089296130854183e+03  1.000000000000000e+00  0.000000000000000e+00  1.546771155934922e+03 -5.745692923019415e+03 
 2.113489039836792e+03  1.000000000000000e+00  0.000000000000000e+00  1.513884634674373e+03 -5.688676351046118e+03 
 2.137962089502379e+03  1.000000000000000e+00  0.000000000000000e+00  1.481648615672424e+03 -5.632041069031218e+03 
 2.162718523727169e+03  1.000000000000000e+00  0.000000000000000e+00  1.450052352140775e+03 -5.575790551919177e+03 
 2.187761623949703e+03  1.000000000000000e+00  0.000000000000000e+00  1.419084976480402e+03 -5.519928155087971e+03 
 2.213094709605790e+03  1.000000000000000e+00  0.000000000000000e+00  1.388735931967779e+03 -5.464456876265841e+03 
 2.238721138568494e+03  1.000000000000000e+00  0.000000000000000e+00  1.358994755861392e+03 -5.409379489597888e+03 
 2.264644307593216e+03  1.000000000000000e+00  0.000000000000000e+00  1.329850884444023e+03 -5.354698658345498e+03 
 2.290867652767931e+03  1.000000000000000e+00  0.000000000000000e+00  1.301294127002495e+03 -5.300416683177849e+03 
 2.317394649968639e+03  1.000000000000000e+00  0.000000000000000e+00  1.273314199362241e+03 -5.246535763942164e+03 
 2.344228815320084e+03  1.000000000000000e+00  0.000000000000000e+00  1.245900931364657e+03 -5.193057892414294e+03 
 2.371373705661819e+03  1.000000000000000e+00  0.000000000000000e+00  1.219044451369576e+03 -5.139984765022073e+03 
 2.398832919019656e+03  1.000000000000000e+00  0.000000000000000e+00  1.192734811527902e+03 -5.087317985383315e+03 
 2.426610095082583e+03  1.000000000000000e+00  0.000000000000000e+00  1.166962241847797e+03 -5.035058937870523e+03 
 2.454708915685200e+03  1.000000000000000e+00  0.000000000000000e+00  1.141717145847038e+03 -4.983208798237781e+03 
 2.483133105295743e+03  1.000000000000000e+00  0.000000000000000e+00  1.116989870357321e+03 -4.931768653927924e+03 
 2.511886431509754e+03  1.000000000000000e+00  0.000000000000000e+00  1.092771055179669e+03 -4.880739336519084e+03 
 2.540972705549481e+03  1.000000000000000e+00  0.000000000000000e+00  1.069051455708870e+03 -4.830121517184987e+03 
 2.570395782769042e+03  1.000000000000000e+00  0.000000000000000e+00  1.045821783046325e+03 -4.779915787588334e+03 
 2.600159563165453e+03  1.000000000000000e+00  0.000000000000000e+00  1.023073086317670e+03 -4.730122483150813e+03 
 2.630267991895565e+03  1.000000000000000e+00  0.000000000000000e+00  1.000796374635416e+03 -4.680741868043092e+03 
 2.660725059798995e+03  1.000000000000000e+00  0.000000000000000e+00  9.789828333900119e+02 -4.631774037900524e+03 
 2.691534803927103e+03  1.000000000000000e+00  0.000000000000000e+00  9.576237699330138e+02 -4.583218950822691e+03 
 2.722701308078103e+03  1.000000000000000e+00  0.000000000000000e+00  9.367106142713519e+02 -4.535076431954933e+03 
 2.754228703338359e+03  1.000000000000000e+00  0.000000000000000e+00  9.162349191652650e+02 -4.487346178254940e+03 
 2.786121168629965e+03  1.000000000000000e+00  0.000000000000000e+00  8.961883597046831e+02 -4.440027763390859e+03 
 2.818382931264651e+03  1.000000000000000e+00  0.000000000000000e+00  8.765627790589817e+02 -4.393120622662907e+03 
 2.851018267504109e+03  1.000000000000000e+00  0.000000000000000e+00  8.573500056377903e+02 -4.346624135665617e+03 
 2.884031503126808e+03  1.000000000000000e+00  0.000000000000000e+00  8.385421715602529e+02 -4.300537494331906e+03 
 2.917427014001372e+03  1.000000000000000e+00  0.000000000000000e+00  8.201313955312310e+02 -4.254859842165086e+03 
 2.951209226666593e+03  1.000000000000000e+00  0.000000000000000e+00  8.021099626839909e+02 -4.209590201718527e+03 
 2.985382618918170e+03  1.000000000000000e+00  0.000000000000000e+00  7.844702791963070e+02 -4.164727497734390e+03 
 3.019951720402229e+03  1.000000000000000e+00  0.000000000000000e+00  7.672049112235952e+02 -4.120270545471030e+03 
 3.054921113215728e+03  1.000000000000000e+00  0.000000000000000e+00  7.503064237103883e+02 -4.076218118440950e+03 
 3.090295432513808e+03  1.000000000000000e+00  0.000000000000000e+00  7.337676607124646e+02 -4.032568840347353e+03 
 3.126079367124176e+03  1.000000000000000e+00  0.000000000000000e+00  7.175814272691922e+02 -3.989321314144878e+03 
 3.162277660168603e+03  1.000000000000000e+00  0.000000000000000e+00  7.017407995669450e+02 -3.946474004125980e+03 
 3.198895109691624e+03  1.000000000000000e+00  0.000000000000000e+00  6.862388555500468e+02 -3.904025343464779e+03 
 3.235936569296512e+03  1.000000000000000e+00  0.000000000000000e+00  6.710688625965779e+02 -3.861973665162987e+03 
 3.273406948788614e+03  1.000000000000000e+00  0.000000000000000e+00  6.562240956533964e+02 -3.820317273213152e+03 
 3.311311214826146e+03  1.000000000000000e+00  0.000000000000000e+00  6.416980847366406e+02 -3.779054353533183e+03 
 3.349654391578515e+03  1.000000000000000e+00  0.000000000000000e+00  6.274843337006046e+02 -3.738183080334733e+03 
 3.388441561392267e+03  1.000000000000000e+00  0.000000000000000e+00  6.135765935258628e+02 -3.697701519173052e+03 
 3.427677865464748e+03  1.000000000000000e+00  0.000000000000000e+00  5.999686562485399e+02 -3.657607704352396e+03 
 3.467368504525564e+03  1.000000000000000e+00  0.000000000000000e+00  5.866543607613426e+02 -3.617899637959366e+03 
 3.507518739525930e+03  1.000000000000000e+00  0.000000000000000e+00  5.736277507628611e+02 -3.578575236992375e+03 
 3.548133892336008e+03  1.000000000000000e+00  0.000000000000000e+00  5.608829741750724e+02 -3.539632371528906e+03 
 3.589219346450309e+03  1.000000000000000e+00  0.000000000000000e+00  5.484142234549684e+02 -3.501068886824658e+03 
 3.630780547701273e+03  1.000000000000000e+00  0.000000000000000e+00  5.362158264278467e+02 -3.462882574252971e+03 
 3.672823004981110e+03  1.000000000000000e+00  0.000000000000000e+00  5.242822141718182e+02 -3.425071184378835e+03 
 3.715352290971992e+03  1.000000000000000e+00  0.000000000000000e+00  5.126079468686587e+02 -3.387632420607634e+03 
 3.758374042884712e+03  1.000000000000000e+00  0.000000000000000e+00  5.011876292000268e+02 -3.350563968587868e+03 
 3.801893963205885e+03  1.000000000000000e+00  0.000000000000000e+00  4.900159938328717e+02 -3.313863470599496e+03 
 3.845917820453813e+03  1.000000000000000e+00  0.000000000000000e+00  4.790878712753165e+02 -3.277528537270340e+03 
 3.890451449943086e+03  1.000000000000000e+00  0.000000000000000e+00  4.683981885734829e+02 -3.241556749650490e+03 
 3.935500754558058e+03  1.000000000000000e+00  0.000000000000000e+00  4.579419928194494e+02 -3.205945653596413e+03 
 3.981071705535260e+03  1.000000000000000e+00  0.000000000000000e+00  4.477143747559494e+02 -3.170692784863085e+03 
 4.027170343254882e+03  1.000000000000000e+00  0.000000000000000e+00  4.377105434478283e+02 -3.135795647406268e+03 
 4.073802778041422e+03  1.000000000000000e+00  0.000000000000000e+00  4.279258223179099e+02 -3.101251716408579e+03 
 4.120975190973601e+03  1.000000000000000e+00  0.000000000000000e+00  4.183555776175848e+02 -3.067058460953085e+03 
 4.168693834703657e+03  1.000000000000000e+00  0.000000000000000e+00  4.089952884546603e+02 -3.033213324277097e+03 
 4.216965034286129e+03  1.000000000000000e+00  0.000000000000000e+00  3.998405211810685e+02 -2.999713732784714e+03 
 4.265795188016236e+03  1.000000000000000e+00  0.000000000000000e+00  3.908869280746745e+02 -2.966557097622179e+03 
 4.315190768277966e+03  1.000000000000000e+00  0.000000000000000e+00  3.821302669374530e+02 -2.933740810293448e+03 
 4.365158322401977e+03  1.000000000000000e+00  0.000000000000000e+00  3.735663364291911e+02 -2.901262262079804e+03 
 4.415704473533447e+03  1.000000000000000e+00  0.000000000000000e+00  3.651910588595736e+02 -2.869118821666843e+03 
 4.466835921509957e+03  1.000000000000000e+00  0.000000000000000e+00  3.570003966454179e+02 -2.837307859514191e+03 
 4.518559443749554e+03  1.000000000000000e+00  0.000000000000000e+00  3.489904122901801e+02 -2.805826732095378e+03 
 4.570881896149084e+03  1.000000000000000e+00  0.000000000000000e+00  3.411572465329432e+02 -2.774672788903901e+03 
 4.623810213992941e+03  1.000000000000000e+00  0.000000000000000e+00  3.334971350024500e+02 -2.743843368991389e+03 
 4.677351412872325e+03  1.000000000000000e+00  0.000000000000000e+00  3.260063518549081e+02 -2.713335816704389e+03 
 4.731512589615151e+03  1.000000000000000e+00  0.000000000000000e+00  3.186812818532968e+02 -2.683147463415693e+03 
 4.786300923226734e+03  1.000000000000000e+00  0.000000000000000e+00  3.115183472464727e+02 -2.653275647436085e+03 
 4.841723675841348e+03  1.000000000000000e+00  0.000000000000000e+00  3.045140602341369e+02 -2.623717701011311e+03 
 4.897788193684822e+03  1.000000000000000e+00  0.000000000000000e+00  2.976650035072325e+02 -2.594470956132445e+03 
 4.954501908048266e+03  1.000000000000000e+00  0.000000000000000e+00  2.909678450915233e+02 -2.565532741489093e+03 
 5.011872336273092e+03  1.000000000000000e+00  0.000000000000000e+00  2.844193040505227e+02 -2.536900391738807e+03 
 5.069907082747417e+03  1.000000000000000e+00  0.000000000000000e+00  2.780161513057075e+02 -2.508571247635069e+03 
 5.128613839914026e+03  1.000000000000000e+00  0.000000000000000e+00  2.717552395757357e+02 -2.480542649286513e+03 
 5.188000389289994e+03  1.000000000000000e+00  0.000000000000000e+00  2.656334863005853e+02 -2.452811940871458e+03 
 5.248074602498114e+03  1.000000000000000e+00  0.000000000000000e+00  2.596478863598199e+02 -2.425376468228436e+03 
 5.308844442310276e+03  1.000000000000000e+00  0.000000000000000e+00  2.537954818050740e+02 -2.398233586482749e+03 
 5.370317963702924e+03  1.000000000000000e+00  0.000000000000000e+00  2.480733621442532e+02 -2.371380660290477e+03 
 5.432503314924734e+03  1.000000000000000e+00  0.000000000000000e+00  2.424786913801346e+02 -2.344815057934248e+03 
 5.495408738576652e+03  1.000000000000000e+00  0.000000000000000e+00  2.370087055324309e+02 -2.318534152416423e+03 
 5.559042572704448e+03  1.000000000000000e+00  0.000000000000000e+00  2.316606843688440e+02 -2.292535328363831e+03 
 5.623413251903908e+03  1.000000000000000e+00  0.000000000000000e+00  2.264319394950000e+02 -2.266815984829005e+03 
 5.688529308438837e+03  1.000000000000000e+00  0.000000000000000e+00  2.213199012901913e+02 -2.241373516286528e+03 
 5.754399373371997e+03  1.000000000000000e+00  0.000000000000000e+00  2.163219919522420e+02 -2.216205341189750e+03 
 5.821032177709148e+03  1.000000000000000e+00  0.000000000000000e+00  2.114357125980200e+02 -2.191308882889339e+03 
 5.888436553556328e+03  1.000000000000000e+00  0.000000000000000e+00  2.066586282996969e+02 -2.166681573329817e+03 
 5.956621435290549e+03  1.000000000000000e+00  0.000000000000000e+00  2.019883434878814e+02 -2.142320858621430e+03 
 6.025595860744027e+03  1.000000000000000e+00  0.000000000000000e+00  1.974225022513339e+02 -2.118224199085638e+03 
 6.095368972402147e+03  1.000000000000000e+00  0.000000000000000e+00  1.929588099135919e+02 -2.094389064883547e+03 
 6.165950018615283e+03  1.000000000000000e+00  0.000000000000000e+00  1.885950411257804e+02 -2.070812934701094e+03 
 6.237348354824660e+03  1.000000000000000e+00  0.000000000000000e+00  1.843289757021689e+02 -2.047493309127066e+03 
 6.309573444802405e+03  1.000000000000000e+00  0.000000000000000e+00  1.801584618630226e+02 -2.024427697722706e+03 
 6.382634861905965e+03  1.000000000000000e+00  0.000000000000000e+00  1.760814034209635e+02 -2.001613621900346e+03 
 6.456542290347040e+03  1.000000000000000e+00  0.000000000000000e+00  1.720957385947867e+02 -1.979048619380196e+03 
 6.531305526475215e+03  1.000000000000000e+00  0.000000000000000e+00  1.681994497484864e+02 -1.956730242254181e+03 
 6.606934480076457e+03  1.000000000000000e+00  0.000000000000000e+00  1.643905532331363e+02 -1.934656059116410e+03 
 6.683439175686650e+03  1.000000000000000e+00  0.000000000000000e+00  1.606671262528002e+02 -1.912823649906571e+03 
 6.760829753920328e+03  1.000000000000000e+00  0.000000000000000e+00  1.570272693677056e+02 -1.891230613262146e+03 
 6.839116472814810e+03  1.000000000000000e+00  0.000000000000000e+00  1.534691498946399e+02 -1.869874558306405e+03 
 6.918309709189888e+03  1.000000000000000e+00  0.000000000000000e+00  1.499909402840362e+02 -1.848753116397807e+03 
 6.998419960023265e+03  1.000000000000000e+00  0.000000000000000e+00  1.465908777362882e+02 -1.827863929897736e+03 
 7.079457843841916e+03  1.000000000000000e+00  0.000000000000000e+00  1.432672211520421e+02 -1.807204660270709e+03 
 7.161434102129563e+03  1.000000000000000e+00  0.000000000000000e+00  1.400182907684220e+02 -1.786772980818411e+03 
 7.244359600750450e+03  1.000000000000000e+00  0.000000000000000e+00  1.368424117219350e+02 -1.766566587061182e+03 
 7.328245331389598e+03  1.000000000000000e+00  0.000000000000000e+00  1.337379687850097e+02 -1.746583186674485e+03 
 7.413102413009738e+03  1.000000000000000e+00  0.000000000000000e+00  1.307033738659262e+02 -1.726820505501164e+03 
 7.498942093325129e+03  1.000000000000000e+00  0.000000000000000e+00  1.277370733779087e+02 -1.707276286143357e+03 
 7.585775750292415e+03  1.000000000000000e+00  0.000000000000000e+00  1.248375475243227e+02 -1.687948288075393e+03 
 7.673614893618774e+03  1.000000000000000e+00  0.000000000000000e+00  1.220033094736413e+02 -1.668834287804586e+03 
 7.762471166287509e+03  1.000000000000000e+00  0.000000000000000e+00  1.192328982106580e+02 -1.649932080022588e+03 
 7.852356346101316e+03  1.000000000000000e+00  0.000000000000000e+00  1.165249043885884e+02 -1.631239473157964e+03 
 7.943282347243421e+03  1.000000000000000e+00  0.000000000000000e+00  1.138779295520515e+02 -1.612754296339403e+03 
 8.035261221856787e+03  1.000000000000000e+00  0.000000000000000e+00  1.112906062224221e+02 -1.594474395850579e+03 
 8.128305161641614e+03  1.000000000000000e+00  0.000000000000000e+00  1.087616153560423e+02 -1.576397632186372e+03 
 8.222426499471341e+03  1.000000000000000e+00  0.000000000000000e+00  1.062896482387524e+02 -1.558521886380384e+03 
 8.317637711027348e+03  1.000000000000000e+00  0.000000000000000e+00  1.038734309461202e+02 -1.540845055846305e+03 
 8.413951416452597e+03  1.000000000000000e+00  0.000000000000000e+00  1.015117175481981e+02 -1.523365055407995e+03 
 8.511380382024419e+03  1.000000000000000e+00  0.000000000000000e+00  9.920328939588660e+01 -1.506079817379901e+03 
 8.609937521846668e+03  1.000000000000000e+00  0.000000000000000e+00  9.694695463277444e+01 -1.488987291535255e+03 
 8.709635899561477e+03  1.000000000000000e+00  0.000000000000000e+00  9.474154756127940e+01 -1.472085445144437e+03 
 8.810488730080820e+03  1.000000000000000e+00  0.000000000000000e+00  9.258593330779041e+01 -1.455372262129960e+03 
 8.912509381338143e+03  1.000000000000000e+00  0.000000000000000e+00  9.047899153813277e+01 -1.438845745560087e+03 
 9.015711376060264e+03  1.000000000000000e+00  0.000000000000000e+00  8.841963187169625e+01 -1.422503915098119e+03 
 9.120108393559802e+03  1.000000000000000e+00  0.000000000000000e+00  8.640679277958375e+01 -1.406344807102122e+03 
 9.225714271548344e+03  1.000000000000000e+00  0.000000000000000e+00  8.443942640105688e+01 -1.390366476869751e+03 
 9.332543007970631e+03  1.000000000000000e+00  0.000000000000000e+00  8.251651297948206e+01 -1.374566996267885e+03 
 9.440608762859963e+03  1.000000000000000e+00  0.000000000000000e+00  8.063705974087145e+01 -1.358944453849902e+03 
 9.549925860215099e+03  1.000000000000000e+00  0.000000000000000e+00  7.880008678116661e+01 -1.343496956853722e+03 
 9.660508789898882e+03  1.000000000000000e+00  0.000000000000000e+00  7.700464047673736e+01 -1.328222629052271e+03 
 9.772372209558866e+03  1.000000000000000e+00  0.000000000000000e+00  7.524979252697786e+01 -1.313119610795108e+03 
 9.885530946570156e+03  1.000000000000000e+00  0.000000000000000e+00  7.353463080595839e+01 -1.298186060253064e+03 
 1.000000000000078e+04  1.000000000000000e+00  0.000000000000000e+00  7.185825935249204e+01 -1.283420153293147e+03 
 1.011579454259977e+04  1.000000000000000e+00  0.000000000000000e+00  7.021981027305463e+01 -1.268820081563854e+03 
 1.023292992280834e+04  1.000000000000000e+00  0.000000000000000e+00  6.861842693232208e+01 -1.254384054880018e+03 
 1.035142166679424e+04  1.000000000000000e+00  0.000000000000000e+00  6.705327955882639e+01 -1.240110298765451e+03 
 1.047128548050981e+04  1.000000000000000e+00  0.000000000000000e+00  6.552355282104992e+01 -1.225997056186902e+03 
 1.059253725177371e+04  1.000000000000000e+00  0.000000000000000e+00  6.402844957650805e+01 -1.212042586817761e+03 
 1.071519305237690e+04  1.000000000000000e+00  0.000000000000000e+00  6.256718688873572e+01 -1.198245167499974e+03 
 1.083926914021288e+04  1.000000000000000e+00  0.000000000000000e+00  6.113900634914397e+01 -1.184603090631687e+03 
 1.096478196143271e+04  1.000000000000000e+00  0.000000000000000e+00  5.974316619349573e+01 -1.171114665166451e+03 
 1.109174815262488e+04  1.000000000000000e+00  0.000000000000000e+00  5.837893115243968e+01 -1.157778217872451e+03 
 1.122018454302051e+04  1.000000000000000e+00  0.000000000000000e+00  5.704559239795174e+01 -1.144592090406336e+03 
 1.135010815672404e+04  1.000000000000000e+00  0.000000000000000e+00  5.574245357104553e+01 -1.131554641126840e+03 
 1.148153621496973e+04  1.000000000000000e+00  0.000000000000000e+00  5.446883382558218e+01 -1.118664244540627e+03 
 1.161448613840434e+04  1.000000000000000e+00  0.000000000000000e+00  5.322406755535973e+01 -1.105919291167868e+03 
 1.174897554939622e+04  1.000000000000000e+00  0.000000000000000e+00  5.200750691723609e+01 -1.093318187086883e+03 
 1.188502227437112e+04  1.000000000000000e+00  0.000000000000000e+00  5.081850978771136e+01 -1.080859355409523e+03 
 1.202264434617508e+04  1.000000000000000e+00  0.000000000000000e+00  4.965645996844201e+01 -1.068541233394044e+03 
 1.216186000646464e+04  1.000000000000000e+00  0.000000000000000e+00  4.852074919314734e+01 -1.056362274752936e+03 
 1.230268770812479e+04  1.000000000000000e+00  0.000000000000000e+00  4.741077746884139e+01 -1.044320949443833e+03 
 1.244514611771483e+04  1.000000000000000e+00  0.000000000000000e+00  4.632597164976595e+01 -1.032415741035011e+03 
 1.258925411794267e+04  1.000000000000000e+00  0.000000000000000e+00  4.526575559499672e+01 -1.020645150551071e+03 
 1.273503081016763e+04  1.000000000000000e+00  0.000000000000000e+00  4.422957905610696e+01 -1.009007692477114e+03 
 1.288249551693236e+04  1.000000000000000e+00  0.000000000000000e+00  4.321689888315773e+01 -9.975018971257142e+02 
 1.303166778452403e+04  1.000000000000000e+00  0.000000000000000e+00  4.222718413669682e+01 -9.861263097840477e+02 
 1.318256738556512e+04  1.000000000000000e+00  0.000000000000000e+00  4.125991344858153e+01 -9.748794909343892e+02 
 1.333521432163430e+04  1.000000000000000e+00  0.000000000000000e+00  4.031458184619072e+01 -9.637600152159922e+02 
 1.348962882591761e+04  1.000000000000000e+00  0.000000000000000e+00  3.939069332137522e+01 -9.527664722428141e+02 
 1.364583136589033e+04  1.000000000000000e+00  0.000000000000000e+00  3.848776084751331e+01 -9.418974664475485e+02 
 1.380384264602995e+04  1.000000000000000e+00  0.000000000000000e+00  3.760531482258654e+01 -9.311516158718174e+02 
 1.396368361056049e+04  1.000000000000000e+00  0.000000000000000e+00  3.674288971145574e+01 -9.205275537136913e+02 
 1.412537544622867e+04  1.000000000000000e+00  0.000000000000000e+00  3.590003259417965e+01 -9.100239271061180e+02 
 1.428893958511217e+04  1.000000000000000e+00  0.000000000000000e+00  3.507630074676010e+01 -8.996393972677258e+02 
 1.445439770746043e+04  1.000000000000000e+00  0.000000000000000e+00  3.427126332539213e+01 -8.893726391600906e+02 
 1.462177174456835e+04  1.000000000000000e+00  0.000000000000000e+00  3.348449527030707e+01 -8.792223421079389e+02 
 1.479108388168326e+04  1.000000000000000e+00  0.000000000000000e+00  3.271558307855727e+01 -8.691872089200692e+02 
 1.496235656094553e+04  1.000000000000000e+00  0.000000000000000e+00  3.196412434423652e+01 -8.592659558252193e+02 
 1.513561248436329e+04  1.000000000000000e+00  0.000000000000000e+00  3.122972207277683e+01 -8.494573130330750e+02 
 1.531087461682153e+04  1.000000000000000e+00  0.000000000000000e+00  3.051199178480250e+01 -8.397600237030140e+02 
 1.548816618912606e+04  1.000000000000000e+00  0.000000000000000e+00  2.981055586275984e+01 -8.301728445117110e+02 
 1.566751070108275e+04  1.000000000000000e+00  0.000000000000000e+00  2.912504518991035e+01 -8.206945453163951e+02 
 1.584893192461241e+04  1.000000000000000e+00  0.000000000000000e+00  2.845509898599278e+01 -8.113239090211407e+02 
 1.603245390690170e+04  1.000000000000000e+00  0.000000000000000e+00  2.780036458637835e+01 -8.020597314876745e+02 
 1.621810097359060e+04  1.000000000000000e+00  0.000000000000000e+00  2.716049730003188e+01 -7.929008213913658e+02 
 1.640589773199671e+04  1.000000000000000e+00  0.000000000000000e+00  2.653516019763708e+01 -7.838460001319445e+02 
 1.659586907437694e+04  1.000000000000000e+00  0.000000000000000e+00  2.592402396176038e+01 -7.748941017012326e+02 
 1.678804018122696e+04  1.000000000000000e+00  0.000000000000000e+00  2.532676813905837e+01 -7.660439724022317e+02 
 1.698243652461881e+04  1.000000000000000e+00  0.000000000000000e+00  2.474307800839909e+01 -7.572944710991618e+02 
 1.717908387157727e+04  1.000000000000000e+00  0.000000000000000e+00  2.417264458474365e+01 -7.486444690823753e+02 
 1.737800828749516e+04  1.000000000000000e+00  0.000000000000000e+00  2.361516864215089e+01 -7.400928494366233e+02 
 1.757923613958835e+04  1.000000000000000e+00  0.000000000000000e+00  2.307035499685971e+01 -7.316385076199506e+02 
 1.778279410039067e+04  1.000000000000000e+00  0.000000000000000e+00  2.253791906302158e+01 -7.232803505245884e+02 
 1.798870915128933e+04  1.000000000000000e+00  0.000000000000000e+00  2.201757876740844e+01 -7.150172973317801e+02 
 1.819700858610131e+04  1.000000000000000e+00  0.000000000000000e+00  2.150905971214232e+01 -7.068482787626488e+02 
 1.840772001469105e+04  1.000000000000000e+00  0.000000000000000e+00  2.101209370738446e+01 -6.987722371196426e+02 
 1.862087136663018e+04  1.000000000000000e+00  0.000000000000000e+00  2.052641980341006e+01 -6.907881260295686e+02 
 1.883649089489953e+04  1.000000000000000e+00  0.000000000000000e+00  2.005178057846260e+01 -6.828949107864714e+02 
 1.905460717963402e+04  1.000000000000000e+00  0.000000000000000e+00  1.958792786462504e+01 -6.750915675109188e+02 
 1.927524913191092e+04  1.000000000000000e+00  0.000000000000000e+00  1.913461459784166e+01 -6.673770840280580e+02 
 1.949844599758204e+04  1.000000000000000e+00  0.000000000000000e+00  1.869160265042193e+01 -6.597504587849469e+02 
 1.972422736115014e+04  1.000000000000000e+00  0.000000000000000e+00  1.825865816952676e+01 -6.522107012985703e+02 
 1.995262314969042e+04  1.000000000000000e+00  0.000000000000000e+00  1.783555260015827e+01 -6.447568319055327e+02 
 2.018366363681725e+04  1.000000000000000e+00  0.000000000000000e+00  1.742206355123949e+01 -6.373878815411324e+02 
 2.041737944669696e+04  1.000000000000000e+00  0.000000000000000e+00  1.701797166522261e+01 -6.301028919936360e+02 
 2.065380155810698e+04  1.000000000000000e+00  0.000000000000000e+00  1.662306451195553e+01 -6.229009153185102e+02 
 2.089296130854210e+04  1.000000000000000e+00  0.000000000000000e+00  1.623713348605307e+01 -6.157810140914685e+02 
 2.113489039836820e+04  1.000000000000000e+00  0.000000000000000e+00  1.585997470679259e+01 -6.087422611871693e+02 
 2.137962089502407e+04  1.000000000000000e+00  0.000000000000000e+00  1.549138891449639e+01 -6.017837396733328e+02 
 2.162718523727198e+04  1.000000000000000e+00  0.000000000000000e+00  1.513118223569978e+01 -5.949045425977204e+02 
 2.187761623949732e+04  1.000000000000000e+00  0.000000000000000e+00  1.477916343631308e+01 -5.881037732200609e+02 
 2.213094709605820e+04  1.000000000000000e+00  0.000000000000000e+00  1.443514650753167e+01 -5.813805445726543e+02 
 2.238721138568524e+04  1.000000000000000e+00  0.000000000000000e+00  1.409895127117297e+01 -5.747339792773250e+02 
 2.264644307593246e+04  1.000000000000000e+00  0.000000000000000e+00  1.377039915808235e+01 -5.681632099533533e+02 
 2.290867652767962e+04  1.000000000000000e+00  0.000000000000000e+00  1.344931647790496e+01 -5.616673787028669e+02 
 2.317394649968670e+04  1.000000000000000e+00  0.000000000000000e+00  1.313553347877534e+01 -5.552456371207516e+02 
 2.344228815320116e+04  1.000000000000000e+00  0.000000000000000e+00  1.282888499860915e+01 -5.488971461012845e+02 
 2.371373705661851e+04  1.000000000000000e+00  0.000000000000000e+00  1.252920885417119e+01 -5.426210759316214e+02 
 2.398832919019689e+04  1.000000000000000e+00  0.000000000000000e+00  1.223634654190041e+01 -5.364166061011583e+02 
 2.426610095082616e+04  1.000000000000000e+00  0.000000000000000e+00  1.195014315903177e+01 -5.302829252017007e+02 
 2.454708915685234e+04  1.000000000000000e+00  0.000000000000000e+00  1.167044798890840e+01 -5.242192307534921e+02 
 2.483133105295776e+04  1.000000000000000e+00  0.000000000000000e+00  1.139711303980207e+01 -5.182247292779041e+02 
 2.511886431509789e+04  1.000000000000000e+00  0.000000000000000e+00  1.112999303482371e+01 -5.122986362070224e+02 
 2.540972705549516e+04  1.000000000000000e+00  0.000000000000000e+00  1.086894792607371e+01 -5.064401754535575e+02 
 2.570395782769077e+04  1.000000000000000e+00  0.000000000000000e+00  1.061383892085898e+01 -5.006485798198015e+02 
 2.600159563165488e+04  1.000000000000000e+00  0.000000000000000e+00  1.036453102095427e+01 -4.949230905745879e+02 
 2.630267991895601e+04  1.000000000000000e+00  0.000000000000000e+00  1.012089347016056e+01 -4.892629572901388e+02 
 2.660725059799031e+04  1.000000000000000e+00  0.000000000000000e+00  9.882796111429416e+00 -4.836674382215816e+02 
 2.691534803927140e+04  1.000000000000000e+00  0.000000000000000e+00  9.650114062080242e+00 -4.781357996021575e+02 
 2.722701308078139e+04  1.000000000000000e+00  0.000000000000000e+00  9.422724110142010e+00 -4.726673160110169e+02 
 2.754228703338396e+04  1.000000000000000e+00  0.000000000000000e+00  9.200505845658684e+00 -4.672612701339671e+02 
 2.786121168630003e+04  1.000000000000000e+00  0.000000000000000e+00  8.983341597093844e+00 -4.619169526773724e+02 
 2.818382931264689e+04  1.000000000000000e+00  0.000000000000000e+00  8.771116367640111e+00 -4.566336622847173e+02 
 2.851018267504148e+04  1.000000000000000e+00  0.000000000000000e+00  8.563718275333514e+00 -4.514107053826235e+02 
 2.884031503126847e+04  1.000000000000000e+00  0.000000000000000e+00  8.361037952101375e+00 -4.462473961655746e+02 
 2.917427014001411e+04  1.000000000000000e+00  0.000000000000000e+00  8.162967050430122e+00 -4.411430567169473e+02 
 2.951209226666633e+04  1.000000000000000e+00  0.000000000000000e+00  7.969402087975065e+00 -4.360970163871157e+02 
 2.985382618918210e+04  1.000000000000000e+00  0.000000000000000e+00  7.780239561699885e+00 -4.311086123770955e+02 
 3.019951720402270e+04  1.000000000000000e+00  0.000000000000000e+00  7.595380168746488e+00 -4.261771890693476e+02 
 3.054921113215770e+04  1.000000000000000e+00  0.000000000000000e+00  7.414725498217651e+00 -4.213020983988506e+02 
 3.090295432513850e+04  1.000000000000000e+00  0.000000000000000e+00  7.238180691404924e+00 -4.164826993883412e+02 
 3.126079367124218e+04  1.000000000000000e+00  0.000000000000000e+00  7.065651736111428e+00 -4.117183584570845e+02 
 3.162277660168646e+04  1.000000000000000e+00  0.000000000000000e+00  6.897047204940161e+00 -4.070084490734085e+02 
 3.198895109691668e+04  1.000000000000000e+00  0.000000000000000e+00  6.732278538340987e+00 -4.023523516486648e+02 
 3.235936569296556e+04  1.000000000000000e+00  0.000000000000000e+00  6.571257982901737e+00 -3.977494537292457e+02 
 3.273406948788658e+04  1.000000000000000e+00  0.000000000000000e+00  6.413900564206549e+00 -3.931991496487769e+02 
 3.311311214826191e+04  1.000000000000000e+00  0.000000000000000e+00  6.260123221444834e+00 -3.887008405582512e+02 
 3.349654391578559e+04  1.000000000000000e+00  0.000000000000000e+00  6.109844035665530e+00 -3.842539344653509e+02 
 3.388441561392312e+04  1.000000000000000e+00  0.000000000000000e+00  5.962983688290528e+00 -3.798578459396593e+02 
 3.427677865464793e+04  1.000000000000000e+00  0.000000000000000e+00  5.819464644294290e+00 -3.755119961523529e+02 
 3.467368504525610e+04  1.000000000000000e+00  0.000000000000000e+00  5.679210437400615e+00 -3.712158129043127e+02 
 3.507518739525977e+04  1.000000000000000e+00  0.000000000000000e+00  5.542147357998894e+00 -3.669687302996697e+02 
 3.548133892336055e+04  1.000000000000000e+00  0.000000000000000e+00  5.408202685973753e+00 -3.627701889316247e+02 
 3.589219346450356e+04  1.000000000000000e+00  0.000000000000000e+00  5.277305362062750e+00 -3.586196357042821e+02 
 3.630780547701321e+04  1.000000000000000e+00  0.000000000000000e+00  5.149385946973084e+00 -3.545165237679789e+02 
 3.672823004981158e+04  1.000000000000000e+00  0.000000000000000e+00  5.024377186407555e+00 -3.504603123581883e+02 
 3.715352290972041e+04  1.000000000000000e+00  0.000000000000000e+00  4.902212731958220e+00 -3.464504669140982e+02 
 3.758374042884761e+04  1.000000000000000e+00  0.000000000000000e+00  4.782827750520086e+00 -3.424864589144470e+02 
 3.801893963205935e+04  1.000000000000000e+00  0.000000000000000e+00  4.666159168780677e+00 -3.385677657698274e+02 
 3.845917820453863e+04  1.000000000000000e+00  0.000000000000000e+00  4.552145058590193e+00 -3.346938708470010e+02 
 3.890451449943137e+04  1.000000000000000e+00  0.000000000000000e+00  4.440725174858545e+00 -3.308642633120126e+02 
 3.935500754558110e+04  1.000000000000000e+00  0.000000000000000e+00  4.331840369135839e+00 -3.270784381518434e+02 
 3.981071705535313e+04  1.000000000000000e+00  0.000000000000000e+00  4.225433096754301e+00 -3.233358960325245e+02 
 4.027170343254935e+04  1.000000000000000e+00  0.000000000000000e+00  4.121447112937805e+00 -3.196361432691008e+02 
 4.073802778041476e+04  1.000000000000000e+00  0.000000000000000e+00  4.019827192948306e+00 -3.159786918137700e+02 
 4.120975190973654e+04  1.000000000000000e+00  0.000000000000000e+00  3.920519376998591e+00 -3.123630591407575e+02 
 4.168693834703711e+04  1.000000000000000e+00  0.000000000000000e+00  3.823471404075237e+00 -3.087887681151252e+02 
 4.216965034286184e+04  1.000000000000000e+00  0.000000000000000e+00  3.728631718767891e+00 -3.052553470887030e+02 
 4.265795188016292e+04  1.000000000000000e+00  0.000000000000000e+00  3.635950167515490e+00 -3.017623297208518e+02 
 4.315190768278023e+04  1.000000000000000e+00  0.000000000000000e+00  3.545377510757257e+00 -2.983092549950863e+02 
 4.365158322402035e+04  1.000000000000000e+00  0.000000000000000e+00  3.456865634260095e+00 -2.948956671233061e+02 
 4.415704473533505e+04  1.000000000000000e+00  0.000000000000000e+00  3.370368148857928e+00 -2.915211153781245e+02 
 4.466835921510016e+04  1.000000000000000e+00  0.000000000000000e+00  3.285838870067713e+00 -2.881851542910850e+02 
 4.518559443749613e+04  1.000000000000000e+00  0.000000000000000e+00  3.203233081432317e+00 -2.848873433771593e+02 
 4.570881896149144e+04  1.000000000000000e+00  0.000000000000000e+00  3.122507076603194e+00 -2.816272471503416e+02 
 4.623810213993002e+04  1.000000000000000e+00  0.000000000000000e+00  3.043618136152578e+00 -2.784044350690322e+02 
 4.677351412872386e+04  1.000000000000000e+00  0.000000000000000e+00  2.966524318776364e+00 -2.752184815165829e+02 
 4.731512589615214e+04  1.000000000000000e+00  0.000000000000000e+00  2.891184826598894e+00 -2.720689656724637e+02 
 4.786300923226798e+04  1.000000000000000e+00  0.000000000000000e+00  2.817559959598770e+00 -2.689554714663495e+02 
 4.841723675841413e+04  1.000000000000000e+00  0.000000000000000e+00  2.745610383004591e+00 -2.658775876530768e+02 
 4.897788193684887e+04  1.000000000000000e+00  0.000000000000000e+00  2.675298184133363e+00 -2.628349075607658e+02 
 4.954501908048333e+04  1.000000000000000e+00  0.000000000000000e+00  2.606586129607653e+00 -2.598270291734634e+02 
 5.011872336273159e+04  1.000000000000000e+00  0.000000000000000e+00  2.539437665861911e+00 -2.568535550769982e+02 
 5.069907082747485e+04  1.000000000000000e+00  0.000000000000000e+00  2.473817393310277e+00 -2.539140923135268e+02 
 5.128613839914095e+04  1.000000000000000e+00  0.000000000000000e+00  2.409690394842982e+00 -2.510082524516926e+02 
 5.188000389290063e+04  1.000000000000000e+00  0.000000000000000e+00  2.347022854030704e+00 -2.481356514215796e+02 
 5.248074602498184e+04  1.000000000000000e+00  0.000000000000000e+00  2.285781415366419e+00 -2.452959095793213e+02 
 5.308844442310347e+04  1.000000000000000e+00  0.000000000000000e+00  2.225933633666714e+00 -2.424886515680678e+02 
 5.370317963702997e+04  1.000000000000000e+00  0.000000000000000e+00  2.167447937363137e+00 -2.397135062774713e+02 
 5.432503314924808e+04  1.000000000000000e+00  0.000000000000000e+00  2.110293186649068e+00 -2.369701068733035e+02 
 5.495408738576727e+04  1.000000000000000e+00  0.000000000000000e+00  2.054439223999614e+00 -2.342580906439568e+02 
 5.559042572704524e+04  1.000000000000000e+00  0.000000000000000e+00  1.999856304669983e+00 -2.315770990579991e+02 
 5.623413251903985e+04  1.000000000000000e+00  0.000000000000000e+00  1.946515622834747e+00 -2.289267776137055e+02 
 5.688529308438914e+04  1.000000000000000e+00  0.000000000000000e+00  1.894388892027248e+00 -2.263067758711776e+02 
 5.754399373372075e+04  1.000000000000000e+00  0.000000000000000e+00  1.843448467211965e+00 -2.237167473809384e+02 
 5.821032177709226e+04  1.000000000000000e+00  0.000000000000000e+00  1.793667449530366e+00 -2.211563496150964e+02 
 5.888436553556408e+04  1.000000000000000e+00  0.000000000000000e+00  1.745019308573255e+00 -2.186252439969170e+02 
 5.956621435290630e+04  1.000000000000000e+00  0.000000000000000e+00  1.697478353126374e+00 -2.161230957553049e+02 
 6.025595860744109e+04  1.000000000000000e+00  0.000000000000000e+00  1.651019354955422e+00 -2.136495739595136e+02 
 6.095368972402230e+04  1.000000000000000e+00  0.000000000000000e+00  1.605617768730180e+00 -2.112043514231553e+02 
 6.165950018615367e+04  1.000000000000000e+00  0.000000000000000e+00  1.561249384337671e+00 -2.087871047395855e+02 
 6.237348354824744e+04  1.000000000000000e+00  0.000000000000000e+00  1.517890863078492e+00 -2.063975141138563e+02 
 6.309573444802491e+04  1.000000000000000e+00  0.000000000000000e+00  1.475519076349765e+00 -2.040352634669482e+02 
 6.382634861906052e+04  1.000000000000000e+00  0.000000000000000e+00  1.434111727000694e+00 -2.017000402540478e+02 
 6.456542290347127e+04  1.000000000000000e+00  0.000000000000000e+00  1.393646719073581e+00 -1.993915355624178e+02 
 6.531305526475303e+04  1.000000000000000e+00  0.000000000000000e+00  1.354102752074249e+00 -1.971094439318867e+02 
 6.606934480076547e+04  1.000000000000000e+00  0.000000000000000e+00  1.315458717210062e+00 -1.948534634548499e+02 
 6.683439175686739e+04  1.000000000000000e+00  0.000000000000000e+00  1.277694175166350e+00 -1.926232956198904e+02 
 6.760829753920418e+04  1.000000000000000e+00  0.000000000000000e+00  1.240789145406673e+00 -1.904186453213021e+02 
 6.839116472814901e+04  1.000000000000000e+00  0.000000000000000e+00  1.204724096384941e+00 -1.882392208197165e+02 
 6.918309709189981e+04  1.000000000000000e+00  0.000000000000000e+00  1.169479935660575e+00 -1.860847337039688e+02 
 6.998419960023358e+04  1.000000000000000e+00  0.000000000000000e+00  1.135037834785690e+00 -1.839548988934088e+02 
 7.079457843842010e+04  1.000000000000000e+00  0.000000000000000e+00  1.101379643111551e+00 -1.818494344985204e+02 
 7.161434102129658e+04  1.000000000000000e+00  0.000000000000000e+00  1.068487533562102e+00 -1.797680618674357e+02 
 7.244359600750546e+04  1.000000000000000e+00  0.000000000000000e+00  1.036344080704011e+00 -1.777105055274416e+02 
 7.328245331389694e+04  1.000000000000000e+00  0.000000000000000e+00  1.004932176173730e+00 -1.756764931686681e+02 
 7.413102413009836e+04  1.000000000000000e+00  0.000000000000000e+00  9.742352495654322e-01 -1.736657555516463e+02 
 7.498942093325227e+04  1.000000000000000e+00  0.000000000000000e+00  9.442369552450101e-01 -1.716780265464135e+02 
 7.585775750292515e+04  1.000000000000000e+00  0.000000000000000e+00  9.149214615799794e-01 -1.697130430249552e+02 
 7.673614893618875e+04  1.000000000000000e+00  0.000000000000000e+00  8.862732213064695e-01 -1.677705448790679e+02 
 7.762471166287611e+04  1.000000000000000e+00  0.000000000000000e+00  8.582769693750449e-01 -1.658502749926205e+02 
 7.852356346101420e+04  1.000000000000000e+00  0.000000000000000e+00  8.309179891549147e-01 -1.639519791254550e+02 
 7.943282347243527e+04  1.000000000000000e+00  0.000000000000000e+00  8.041816934677453e-01 -1.620754059978121e+02 
 8.035261221856893e+04  1.000000000000000e+00  0.000000000000000e+00  7.780538923180915e-01 -1.602203071806425e+02 
 8.128305161641721e+04  1.000000000000000e+00  0.000000000000000e+00  7.525207782963110e-01 -1.583864370635185e+02 
 8.222426499471450e+04  1.000000000000000e+00  0.000000000000000e+00  7.275688521132110e-01 -1.565735528415257e+02 
 8.317637711027457e+04  1.000000000000000e+00  0.000000000000000e+00  7.031848569874815e-01 -1.547814145011178e+02 
 8.413951416452706e+04  1.000000000000000e+00  0.000000000000000e+00  6.793558369736574e-01 -1.530097847680661e+02 
 8.511380382024529e+04  1.000000000000000e+00  0.000000000000000e+00  6.560692412384397e-01 -1.512584290472636e+02 
 8.609937521846780e+04  1.000000000000000e+00  0.000000000000000e+00  6.333126319474807e-01 -1.495271154715282e+02 
 8.709635899561590e+04  1.000000000000000e+00  0.000000000000000e+00  6.110739640874815e-01 -1.478156147902360e+02 
 8.810488730080934e+04  1.000000000000000e+00  0.000000000000000e+00  5.893415148554234e-01 -1.461237003554998e+02 
 8.912509381338258e+04  1.000000000000000e+00  0.000000000000000e+00  5.681036665770844e-01 -1.444511481587243e+02 
 9.015711376060382e+04  1.000000000000000e+00  0.000000000000000e+00  5.473492697250614e-01 -1.427977366852934e+02 
 9.120108393559921e+04  1.000000000000000e+00  0.000000000000000e+00  5.270672711039890e-01 -1.411632470002822e+02 
 9.225714271548465e+04  1.000000000000000e+00  0.000000000000000e+00  5.072468690559606e-01 -1.395474626701711e+02 
 9.332543007970754e+04  1.000000000000000e+00  0.000000000000000e+00  4.878776480465841e-01 -1.379501696884406e+02 
 9.440608762860087e+04  1.000000000000000e+00  0.000000000000000e+00  4.689492829723958e-01 -1.363711565415401e+02 
 9.549925860215223e+04  1.000000000000000e+00  0.000000000000000e+00  4.504517290221719e-01 -1.348102141169575e+02 
 9.660508789899008e+04  1.000000000000000e+00  0.000000000000000e+00  4.323752545881503e-01 -1.332671356631687e+02 
 9.772372209558992e+04  1.000000000000000e+00  0.000000000000000e+00  4.147102133095878e-01 -1.317417168367146e+02 
 9.885530946570286e+04  1.000000000000000e+00  0.000000000000000e+00  3.974472211060608e-01 -1.302337556140883e+02 
 1.000000000000091e+05  1.000000000000000e+00  0.000000000000000e+00  3.805771867343438e-01 -1.287430522535779e+02 
 1.011579454259990e+05  1.000000000000000e+00  0.000000000000000e+00  3.640911391387573e-01 -1.272694093251130e+02 
 1.023292992280847e+05  1.000000000000000e+00  0.000000000000000e+00  3.479803484060003e-01 -1.258126316434403e+02 
 1.035142166679438e+05  1.000000000000000e+00  0.000000000000000e+00  3.322362800303412e-01 -1.243725262521626e+02 
 1.047128548050995e+05  1.000000000000000e+00  0.000000000000000e+00  3.168505521525204e-01 -1.229489024177909e+02 
 1.059253725177385e+05  1.000000000000000e+00  0.000000000000000e+00  3.018150458150662e-01 -1.215415715585406e+02 
 1.071519305237704e+05  1.000000000000000e+00  0.000000000000000e+00  2.871217852460788e-01 -1.201503472642593e+02 
 1.083926914021303e+05  1.000000000000000e+00  0.000000000000000e+00  2.727629387383302e-01 -1.187750452685289e+02 
 1.096478196143285e+05  1.000000000000000e+00  0.000000000000000e+00  2.587309538860817e-01 -1.174154833735935e+02 
 1.109174815262503e+05  1.000000000000000e+00  0.000000000000000e+00  2.450183435296814e-01 -1.160714815046381e+02 
 1.122018454302066e+05  1.000000000000000e+00  0.000000000000000e+00  2.316178878665346e-01 -1.147428616081152e+02 
 1.135010815672419e+05  1.000000000000000e+00  0.000000000000000e+00  2.185224300753716e-01 -1.134294477042588e+02 
 1.148153621496988e+05  1.000000000000000e+00  0.000000000000000e+00  2.057250689164743e-01 -1.121310657896756e+02 
 1.161448613840449e+05  1.000000000000000e+00  0.000000000000000e+00  1.932190239786623e-01 -1.108475438640787e+02 
 1.174897554939637e+05  1.000000000000000e+00  0.000000000000000e+00  1.809976067222442e-01 -1.095787119177790e+02 
 1.188502227437128e+05  1.000000000000000e+00  0.000000000000000e+00  1.690543966059641e-01 -1.083244018388981e+02 
 1.202264434617523e+05  1.000000000000000e+00  0.000000000000000e+00  1.573830556823334e-01 -1.070844474629397e+02 
 1.216186000646480e+05  1.000000000000000e+00  0.000000000000000e+00  1.459773598479943e-01 -1.058586845375420e+02 
 1.230268770812495e+05  1.000000000000000e+00  0.000000000000000e+00  1.348312794827023e-01 -1.046469506670633e+02 
 1.244514611771500e+05  1.000000000000000e+00  0.000000000000000e+00  1.239389441415686e-01 -1.034490853027740e+02 
 1.258925411794283e+05  1.000000000000000e+00  0.000000000000000e+00  1.132945084382409e-01 -1.022649297770157e+02 
 1.273503081016779e+05  1.000000000000000e+00  0.000000000000000e+00  1.028923867105624e-01 -1.010943271835902e+02 
 1.288249551693253e+05  1.000000000000000e+00  0.000000000000000e+00  9.272706445159459e-02 -9.993712243314866e+01 
 1.303166778452420e+05  1.000000000000000e+00  0.000000000000000e+00  8.279310113658925e-02 -9.879316223341193e+01 
 1.318256738556529e+05  1.000000000000000e+00  0.000000000000000e+00  7.308529750005591e-02 -9.766229499241797e+01 
 1.333521432163448e+05  1.000000000000000e+00  0.000000000000000e+00  6.359845026825342e-02 -9.654437090628824e+01 
 1.348962882591779e+05  1.000000000000000e+00  0.000000000000000e+00  5.432754215710656e-02 -9.543924185416614e+01 
 1.364583136589051e+05  1.000000000000000e+00  0.000000000000000e+00  4.526768784859814e-02 -9.434676140074517e+01 
 1.380384264603013e+05  1.000000000000000e+00  0.000000000000000e+00  3.641404381011204e-02 -9.326678481717317e+01 
 1.396368361056068e+05  1.000000000000000e+00  0.000000000000000e+00  2.776195967668432e-02 -9.219916899115884e+01 
 1.412537544622886e+05  1.000000000000000e+00  0.000000000000000e+00  1.930680300524587e-02 -9.114377248865981e+01 
 1.428893958511236e+05  1.000000000000000e+00  0.000000000000000e+00  1.104412636693061e-02 -9.010045545508028e+01 
 1.445439770746062e+05  1.000000000000000e+00  0.000000000000000e+00  2.969538819098699e-03 -8.906907965712014e+01 
 1.462177174456854e+05  1.000000000000000e+00  0.000000000000000e+00 -4.921253127826541e-03 -8.804950844297483e+01 
 1.479108388168345e+05  1.000000000000000e+00  0.000000000000000e+00 -1.263242928347008e-02 -8.704160671706111e+01 
 1.496235656094573e+05  1.000000000000000e+00  0.000000000000000e+00 -2.016805949014128e-02 -8.604524092052121e+01 
 1.513561248436349e+05  1.000000000000000e+00  0.000000000000000e+00 -2.753214337944510e-02 -8.506027903370872e+01 
 1.531087461682173e+05  1.000000000000000e+00  0.000000000000000e+00 -3.472860995525834e-02 -8.408659055743018e+01 
 1.548816618912626e+05  1.000000000000000e+00  0.000000000000000e+00 -4.176124948072882e-02 -8.312404645986533e+01 
 1.566751070108296e+05  1.000000000000000e+00  0.000000000000000e+00 -4.863378755275632e-02 -8.217251919621290e+01 
 1.584893192461262e+05  1.000000000000000e+00  0.000000000000000e+00 -5.534990084136399e-02 -8.123188269894027e+01 
 1.603245390690191e+05  1.000000000000000e+00  0.000000000000000e+00 -6.191310433431702e-02 -8.030201230222879e+01 
 1.621810097359082e+05  1.000000000000000e+00  0.000000000000000e+00 -6.832691667272658e-02 -7.938278480989698e+01 
 1.640589773199693e+05  1.000000000000000e+00  0.000000000000000e+00 -7.459471674931847e-02 -7.847407840396535e+01 
 1.659586907437716e+05  1.000000000000000e+00  0.000000000000000e+00 -8.071984068514193e-02 -7.757577267733026e+01 
 1.678804018122718e+05  1.000000000000000e+00  0.000000000000000e+00 -8.670552232709733e-02 -7.668774858657900e+01 
 1.698243652461904e+05  1.000000000000000e+00  0.000000000000000e+00 -9.255494020971708e-02 -7.580988845985684e+01 
 1.717908387157749e+05  1.000000000000000e+00  0.000000000000000e+00 -9.827120358223798e-02 -7.494207597369086e+01 
 1.737800828749539e+05  1.000000000000000e+00  0.000000000000000e+00 -1.038573265586651e-01 -7.408419612050926e+01 
 1.757923613958858e+05  1.000000000000000e+00  0.000000000000000e+00 -1.093162855514985e-01 -7.323613522678765e+01 
 1.778279410039090e+05  1.000000000000000e+00  0.000000000000000e+00 -1.146509786860285e-01 -7.239778091353074e+01 
 1.798870915128957e+05  1.000000000000000e+00  0.000000000000000e+00 -1.198642158639948e-01 -7.156902207358617e+01 
 1.819700858610155e+05  1.000000000000000e+00  0.000000000000000e+00 -1.249587723006633e-01 -7.074974888883818e+01 
 1.840772001469129e+05  1.000000000000000e+00  0.000000000000000e+00 -1.299373505571148e-01 -6.993985279175720e+01 
 1.862087136663043e+05  1.000000000000000e+00  0.000000000000000e+00 -1.348025830543345e-01 -6.913922645114314e+01 
 1.883649089489978e+05  1.000000000000000e+00  0.000000000000000e+00 -1.395570576629382e-01 -6.834776377370714e+01 
 1.905460717963427e+05  1.000000000000000e+00  0.000000000000000e+00 -1.442032836287087e-01 -6.756535986764018e+01 
 1.927524913191118e+05  1.000000000000000e+00  0.000000000000000e+00 -1.487437390743256e-01 -6.679191105715641e+01 
 1.949844599758230e+05  1.000000000000000e+00  0.000000000000000e+00 -1.531808159053220e-01 -6.602731483407167e+01 
 1.972422736115040e+05  1.000000000000000e+00  0.000000000000000e+00 -1.575168768841411e-01 -6.527146987907010e+01 
 1.995262314969068e+05  1.000000000000000e+00  0.000000000000000e+00 -1.617542233229455e-01 -6.452427602681419e+01 
 2.018366363681752e+05  1.000000000000000e+00  0.000000000000000e+00 -1.658950973575025e-01 -6.378563425407415e+01 
 2.041737944669723e+05  1.000000000000000e+00  0.000000000000000e+00 -1.699416838408547e-01 -6.305544666589155e+01 
 2.065380155810725e+05  1.000000000000000e+00  0.000000000000000e+00 -1.738961507146816e-01 -6.233361650998769e+01 
 2.089296130854238e+05  1.000000000000000e+00  0.000000000000000e+00 -1.777605715075615e-01 -6.162004810976633e+01 
 2.113489039836848e+05  1.000000000000000e+00  0.000000000000000e+00 -1.815370140533825e-01 -6.091464691232368e+01 
 2.137962089502436e+05  1.000000000000000e+00  0.000000000000000e+00 -1.852274654039672e-01 -6.021731942308653e+01 
 2.162718523727226e+05  1.000000000000000e+00  0.000000000000000e+00 -1.888338979147427e-01 -5.952797323868266e+01 
 2.187761623949761e+05  1.000000000000000e+00  0.000000000000000e+00 -1.923582071405796e-01 -5.884651699021222e+01 
 2.213094709605849e+05  1.000000000000000e+00  0.000000000000000e+00 -1.958022665833561e-01 -5.817286036916319e+01 
 2.238721138568553e+05  1.000000000000000e+00  0.000000000000000e+00 -1.991679101629536e-01 -5.750691410313058e+01 
 2.264644307593276e+05  1.000000000000000e+00  0.000000000000000e+00 -2.024569248320537e-01 -5.684858993716875e+01 
 2.290867652767992e+05  1.000000000000000e+00  0.000000000000000e+00 -2.056710366116731e-01 -5.619780061091049e+01 
 2.317394649968700e+05  1.000000000000000e+00  0.000000000000000e+00 -2.088119595910078e-01 -5.555445988292429e+01 
 2.344228815320146e+05  1.000000000000000e+00  0.000000000000000e+00 -2.118813640600610e-01 -5.491848249507120e+01 
 2.371373705661882e+05  1.000000000000000e+00  0.000000000000000e+00 -2.148808707472798e-01 -5.428978415615225e+01 
 2.398832919019720e+05  1.000000000000000e+00  0.000000000000000e+00 -2.178120743427215e-01 -5.366828154775949e+01 
 2.426610095082648e+05  1.000000000000000e+00  0.000000000000000e+00 -2.206765222906027e-01 -5.305389229572122e+01 
 2.454708915685266e+05  1.000000000000000e+00  0.000000000000000e+00 -2.234757374809776e-01 -5.244653497776014e+01 
 2.483133105295808e+05  1.000000000000000e+00  0.000000000000000e+00 -2.262112111196415e-01 -5.184612910527918e+01 
 2.511886431509821e+05  1.000000000000000e+00  0.000000000000000e+00 -2.288843773012738e-01 -5.125259509151562e+01 
 2.540972705549549e+05  1.000000000000000e+00  0.000000000000000e+00 -2.314966673476890e-01 -5.066585428559878e+01 
 2.570395782769111e+05  1.000000000000000e+00  0.000000000000000e+00 -2.340494637211858e-01 -5.008582892274849e+01 
 2.600159563165522e+05  1.000000000000000e+00  0.000000000000000e+00 -2.365441148473285e-01 -4.951244212594797e+01 
 2.630267991895634e+05  1.000000000000000e+00  0.000000000000000e+00 -2.389819480325696e-01 -4.894561790594777e+01 
 2.660725059799065e+05  1.000000000000000e+00  0.000000000000000e+00 -2.413642518068545e-01 -4.838528113580396e+01 
 2.691534803927175e+05  1.000000000000000e+00  0.000000000000000e+00 -2.436922889394544e-01 -4.783135755117888e+01 
 2.722701308078174e+05  1.000000000000000e+00  0.000000000000000e+00 -2.459672968114082e-01 -4.728377374060287e+01 
 2.754228703338432e+05  1.000000000000000e+00  0.000000000000000e+00 -2.481904877474168e-01 -4.674245713546178e+01 
 2.786121168630039e+05  1.000000000000000e+00  0.000000000000000e+00 -2.503630282392577e-01 -4.620733598125972e+01 
 2.818382931264726e+05  1.000000000000000e+00  0.000000000000000e+00 -2.524860778167417e-01 -4.567833936192346e+01 
 2.851018267504185e+05  1.000000000000000e+00  0.000000000000000e+00 -2.545607573380916e-01 -4.515539716222921e+01 
 2.884031503126885e+05  1.000000000000000e+00  0.000000000000000e+00 -2.565881706658901e-01 -4.463844007669171e+01 
 2.917427014001449e+05  1.000000000000000e+00  0.000000000000000e+00 -2.585693899779291e-01 -4.412739958707566e+01 
 2.951209226666671e+05  1.000000000000000e+00  0.000000000000000e+00 -2.605054712525025e-01 -4.362220796689966e+01 
 2.985382618918249e+05  1.000000000000000e+00  0.000000000000000e+00 -2.623974355462035e-01 -4.312279825434763e+01 
 3.019951720402309e+05  1.000000000000000e+00  0.000000000000000e+00 -2.642462888450686e-01 -4.262910426162607e+01 
 3.054921113215809e+05  1.000000000000000e+00  0.000000000000000e+00 -2.660530085642051e-01 -4.214106055295053e+01 
 3.090295432513891e+05  1.000000000000000e+00  0.000000000000000e+00 -2.678185533750636e-01 -4.165860244476137e+01 
 3.126079367124258e+05  1.000000000000000e+00  0.000000000000000e+00 -2.695438591435612e-01 -4.118166599235052e+01 
 3.162277660168686e+05  1.000000000000000e+00  0.000000000000000e+00 -2.712298438540546e-01 -4.071018798701235e+01 
 3.198895109691709e+05  1.000000000000000e+00  0.000000000000000e+00 -2.728773995838284e-01 -4.024410593769053e+01 
 3.235936569296597e+05  1.000000000000000e+00  0.000000000000000e+00 -2.744873975966997e-01 -3.978335806780498e+01 
 3.273406948788700e+05  1.000000000000000e+00  0.000000000000000e+00 -2.760606967020253e-01 -3.932788331599821e+01 
 3.311311214826233e+05  1.000000000000000e+00  0.000000000000000e+00 -2.775981240310906e-01 -3.887762130629349e+01 
 3.349654391578603e+05  1.000000000000000e+00  0.000000000000000e+00 -2.791004990437050e-01 -3.843251236567761e+01 
 3.388441561392356e+05  1.000000000000000e+00  0.000000000000000e+00 -2.805686184188672e-01 -3.799249749981341e+01 
 3.427677865464838e+05  1.000000000000000e+00  0.000000000000000e+00 -2.820032604806632e-01 -3.755751838907675e+01 
 3.467368504525655e+05  1.000000000000000e+00  0.000000000000000e+00 -2.834051857229780e-01 -3.712751738109424e+01 
 3.507518739526023e+05  1.000000000000000e+00  0.000000000000000e+00 -2.847751339165026e-01 -3.670243747917405e+01 
 3.548133892336102e+05  1.000000000000000e+00  0.000000000000000e+00 -2.861138381695078e-01 -3.628222235088228e+01 
 3.589219346450404e+05  1.000000000000000e+00  0.000000000000000e+00 -2.874220049037968e-01 -3.586681629677709e+01 
 3.630780547701370e+05  1.000000000000000e+00  0.000000000000000e+00 -2.887003248585490e-01 -3.545616425519115e+01 
 3.672823004981207e+05  1.000000000000000e+00  0.000000000000000e+00 -2.899494796347325e-01 -3.505021180229193e+01 
 3.715352290972091e+05  1.000000000000000e+00  0.000000000000000e+00 -2.911701293795230e-01 -3.464890513000084e+01 
 3.758374042884811e+05  1.000000000000000e+00  0.000000000000000e+00 -2.923629227008583e-01 -3.425219105037701e+01 
 3.801893963205986e+05  1.000000000000000e+00  0.000000000000000e+00 -2.935284909224992e-01 -3.386001698098280e+01 
 3.845917820453914e+05  1.000000000000000e+00  0.000000000000000e+00 -2.946674543802050e-01 -3.347233094514700e+01 
 3.890451449943190e+05  1.000000000000000e+00  0.000000000000000e+00 -2.957804142496528e-01 -3.308908155498081e+01 
 3.935500754558163e+05  1.000000000000000e+00  0.000000000000000e+00 -2.968679615104109e-01 -3.271021801487154e+01 
 3.981071705535366e+05  1.000000000000000e+00  0.000000000000000e+00 -2.979306743453560e-01 -3.233569011145680e+01 
 4.027170343254989e+05  1.000000000000000e+00  0.000000000000000e+00 -2.989691132908683e-01 -3.196544820013019e+01 
 4.073802778041530e+05  1.000000000000000e+00  0.000000000000000e+00 -2.999838296545106e-01 -3.159944320906052e+01 
 4.120975190973710e+05  1.000000000000000e+00  0.000000000000000e+00 -3.009753630130172e-01 -3.123762662897725e+01 
 4.168693834703767e+05  1.000000000000000e+00  0.000000000000000e+00 -3.019442390971293e-01 -3.087995050377651e+01 
 4.216965034286241e+05  1.000000000000000e+00  0.000000000000000e+00 -3.028909703123617e-01 -3.052636742438864e+01 
 4.265795188016350e+05  1.000000000000000e+00  0.000000000000000e+00 -3.038160585093602e-01 -3.017683052565712e+01 
 4.315190768278081e+05  1.000000000000000e+00  0.000000000000000e+00 -3.047199951906500e-01 -2.983129348004303e+01 
 4.365158322402094e+05  1.000000000000000e+00  0.000000000000000e+00 -3.056032596025420e-01 -2.948971048923791e+01 
 4.415704473533565e+05  1.000000000000000e+00  0.000000000000000e+00 -3.064663190701900e-01 -2.915203627708934e+01 
 4.466835921510076e+05  1.000000000000000e+00  0.000000000000000e+00 -3.073096316148405e-01 -2.881822608780426e+01 
 4.518559443749674e+05  1.000000000000000e+00  0.000000000000000e+00 -3.081336440053765e-01 -2.848823567630860e+01 
 4.570881896149206e+05  1.000000000000000e+00  0.000000000000000e+00 -3.089387962180563e-01 -2.816202130899388e+01 
 4.623810213993065e+05  1.000000000000000e+00  0.000000000000000e+00 -3.097255095737860e-01 -2.783953974008893e+01 
 4.677351412872450e+05  1.000000000000000e+00  0.000000000000000e+00 -3.104942071557348e-01 -2.752074823531186e+01 
 4.731512589615278e+05  1.000000000000000e+00  0.000000000000000e+00 -3.112452922602648e-01 -2.720560453462348e+01 
 4.786300923226863e+05  1.000000000000000e+00  0.000000000000000e+00 -3.119791644024177e-01 -2.689406686925501e+01 
 4.841723675841478e+05  1.000000000000000e+00  0.000000000000000e+00 -3.126962137041573e-01 -2.658609394839461e+01 
 4.897788193684953e+05  1.000000000000000e+00  0.000000000000000e+00 -3.133968176363633e-01 -2.628164494775845e+01 
 4.954501908048399e+05  1.000000000000000e+00  0.000000000000000e+00 -3.140813503244282e-01 -2.598067951858986e+01 
 5.011872336273226e+05  1.000000000000000e+00  0.000000000000000e+00 -3.147501754774475e-01 -2.568315777069377e+01 
 5.069907082747553e+05  1.000000000000000e+00  0.000000000000000e+00 -3.154036452714213e-01 -2.538904026549252e+01 
 5.128613839914164e+05  1.000000000000000e+00  0.000000000000000e+00 -3.160421057201902e-01 -2.509828801835941e+01 
 5.188000389290132e+05  1.000000000000000e+00  0.000000000000000e+00 -3.166658983603612e-01 -2.481086249665762e+01 
 5.248074602498254e+05  1.000000000000000e+00  0.000000000000000e+00 -3.172753508603212e-01 -2.452672559858580e+01 
 5.308844442310418e+05  1.000000000000000e+00  0.000000000000000e+00 -3.178707884738158e-01 -2.424583966677582e+01 
 5.370317963703069e+05  1.000000000000000e+00  0.000000000000000e+00 -3.184525263747746e-01 -2.396816747039387e+01 
 5.432503314924880e+05  1.000000000000000e+00  0.000000000000000e+00 -3.190208730575256e-01 -2.369367220550697e+01 
 5.495408738576800e+05  1.000000000000000e+00  0.000000000000000e+00 -3.195761290974262e-01 -2.342231748772899e+01 
 5.559042572704597e+05  1.000000000000000e+00  0.000000000000000e+00 -3.201185902718331e-01 -2.315406735289829e+01 
 5.623413251904058e+05  1.000000000000000e+00  0.000000000000000e+00 -3.206485421055872e-01 -2.288888624191733e+01 
 5.688529308438989e+05  1.000000000000000e+00  0.000000000000000e+00 -3.211662684555238e-01 -2.262673901153477e+01 
 5.754399373372151e+05  1.000000000000000e+00  0.000000000000000e+00 -3.216720408285558e-01 -2.236759090997144e+01 
 5.821032177709303e+05  1.000000000000000e+00  0.000000000000000e+00 -3.221661306252231e-01 -2.211140759427228e+01 
 5.888436553556485e+05  1.000000000000000e+00  0.000000000000000e+00 -3.226487963263815e-01 -2.185815510217860e+01 
 5.956621435290707e+05  1.000000000000000e+00  0.000000000000000e+00 -3.231202965214260e-01 -2.160779987121778e+01 
 6.025595860744187e+05  1.000000000000000e+00  0.000000000000000e+00 -3.235808799879153e-01 -2.136030871563649e+01 
 6.095368972402309e+05  1.000000000000000e+00  0.000000000000000e+00 -3.240307921289064e-01 -2.111564883398129e+01 
 6.165950018615447e+05  1.000000000000000e+00  0.000000000000000e+00 -3.244702692247912e-01 -2.087378779328872e+01 
 6.237348354824826e+05  1.000000000000000e+00  0.000000000000000e+00 -3.248995467975515e-01 -2.063469354084103e+01 
 6.309573444802574e+05  1.000000000000000e+00  0.000000000000000e+00 -3.253188506139083e-01 -2.039833438224063e+01 
 6.382634861906136e+05  1.000000000000000e+00  0.000000000000000e+00 -3.257284037024686e-01 -2.016467899046823e+01 
 6.456542290347213e+05  1.000000000000000e+00  0.000000000000000e+00 -3.261284242195847e-01 -1.993369639757602e+01 
 6.531305526475389e+05  1.000000000000000e+00  0.000000000000000e+00 -3.265191225542221e-01 -1.970535598446966e+01 
 6.606934480076634e+05  1.000000000000000e+00  0.000000000000000e+00 -3.269007077614630e-01 -1.947962748943836e+01 
 6.683439175686828e+05  1.000000000000000e+00  0.000000000000000e+00 -3.272733805830430e-01 -1.925648099006467e+01 
 6.760829753920508e+05  1.000000000000000e+00  0.000000000000000e+00 -3.276373387264430e-01 -1.903588690941788e+01 
 6.839116472814992e+05  1.000000000000000e+00  0.000000000000000e+00 -3.279927759620649e-01 -1.881781601036967e+01 
 6.918309709190072e+05  1.000000000000000e+00  0.000000000000000e+00 -3.283398804030150e-01 -1.860223938788557e+01 
 6.998419960023451e+05  1.000000000000000e+00  0.000000000000000e+00 -3.286788365852995e-01 -1.838912846931778e+01 
 7.079457843842104e+05  1.000000000000000e+00  0.000000000000000e+00 -3.290098229279658e-01 -1.817845500494354e+01 
 7.161434102129753e+05  1.000000000000000e+00  0.000000000000000e+00 -3.293330163851577e-01 -1.797019107411551e+01 
 7.244359600750643e+05  1.000000000000000e+00  0.000000000000000e+00 -3.296485881339650e-01 -1.776430907203141e+01 
 7.328245331389792e+05  1.000000000000000e+00  0.000000000000000e+00 -3.299567047136430e-01 -1.756078170810611e+01 
 7.413102413009936e+05  1.000000000000000e+00  0.000000000000000e+00 -3.302575307123812e-01 -1.735958200854981e+01 
 7.498942093325328e+05  1.000000000000000e+00  0.000000000000000e+00 -3.305512239521179e-01 -1.716068330136786e+01 
 7.585775750292618e+05  1.000000000000000e+00  0.000000000000000e+00 -3.308379413860916e-01 -1.696405922628070e+01 
 7.673614893618979e+05  1.000000000000000e+00  0.000000000000000e+00 -3.311178359158495e-01 -1.676968372369697e+01 
 7.762471166287716e+05  1.000000000000000e+00  0.000000000000000e+00 -3.313910536358916e-01 -1.657753102463647e+01 
 7.852356346101527e+05  1.000000000000000e+00  0.000000000000000e+00 -3.316577415742130e-01 -1.638757566530437e+01 
 7.943282347243634e+05  1.000000000000000e+00  0.000000000000000e+00 -3.319180402595172e-01 -1.619979246583250e+01 
 8.035261221857002e+05  1.000000000000000e+00  0.000000000000000e+00 -3.321720877073898e-01 -1.601415653652818e+01 
 8.128305161641833e+05  1.000000000000000e+00  0.000000000000000e+00 -3.324200187633226e-01 -1.583064327254128e+01 
 8.222426499471562e+05  1.000000000000000e+00  0.000000000000000e+00 -3.326619645974684e-01 -1.564922834940068e+01 
 8.317637711027571e+05  1.000000000000000e+00  0.000000000000000e+00 -3.328980548273439e-01 -1.546988772464617e+01 
 8.413951416452822e+05  1.000000000000000e+00  0.000000000000000e+00 -3.331284130662596e-01 -1.529259762376794e+01 
 8.511380382024646e+05  1.000000000000000e+00  0.000000000000000e+00 -3.333531623270839e-01 -1.511733454994743e+01 
 8.609937521846899e+05  1.000000000000000e+00  0.000000000000000e+00 -3.335724218914603e-01 -1.494407527330387e+01 
 8.709635899561710e+05  1.000000000000000e+00  0.000000000000000e+00 -3.337863080997286e-01 -1.477279682939686e+01 
 8.810488730081056e+05  1.000000000000000e+00  0.000000000000000e+00 -3.339949339247369e-01 -1.460347651505039e+01 
 8.912509381338381e+05  1.000000000000000e+00  0.000000000000000e+00 -3.341984103085406e-01 -1.443609188857458e+01 
 9.015711376060506e+05  1.000000000000000e+00  0.000000000000000e+00 -3.343968451020811e-01 -1.427062076395587e+01 
 9.120108393560046e+05  1.000000000000000e+00  0.000000000000000e+00 -3.345903437818164e-01 -1.410704120957287e+01 
 9.225714271548592e+05  1.000000000000000e+00  0.000000000000000e+00 -3.347790095570833e-01 -1.394533154547913e+01 
 9.332543007970882e+05  1.000000000000000e+00  0.000000000000000e+00 -3.349629413587231e-01 -1.378547033505815e+01 
 9.440608762860217e+05  1.000000000000000e+00  0.000000000000000e+00 -3.351422372390925e-01 -1.362743639097563e+01 
 9.549925860215354e+05  1.000000000000000e+00  0.000000000000000e+00 -3.353169928357878e-01 -1.347120876832258e+01 
 9.660508789899141e+05  1.000000000000000e+00  0.000000000000000e+00 -3.354873004963800e-01 -1.331676675925752e+01 
 9.772372209559126e+05  1.000000000000000e+00  0.000000000000000e+00 -3.356532509466635e-01 -1.316408989459493e+01 
 9.885530946570421e+05  1.000000000000000e+00  0.000000000000000e+00 -3.358149309522038e-01 -1.301315793446834e+01 
 1.000000000000105e+06  1.000000000000000e+00  0.000000000000000e+00 -3.359724283301962e-01 -1.286395087973144e+01 
 1.011579454260004e+06  1.000000000000000e+00  0.000000000000000e+00 -3.361258257394613e-01 -1.271644895158551e+01 
 1.023292992280861e+06  1.000000000000000e+00  0.000000000000000e+00 -3.362752042428637e-01 -1.257063259876014e+01 
 1.035142166679452e+06  1.000000000000000e+00  0.000000000000000e+00 -3.364206438467589e-01 -1.242648249660455e+01 
 1.047128548051009e+06  1.000000000000000e+00  0.000000000000000e+00 -3.365622213417392e-01 -1.228397953812544e+01 
 1.059253725177400e+06  1.000000000000000e+00  0.000000000000000e+00 -3.367000122124267e-01 -1.214310483672771e+01 
 1.071519305237719e+06  1.000000000000000e+00  0.000000000000000e+00 -3.368340894580200e-01 -1.200383972030058e+01 
 1.083926914021317e+06  1.000000000000000e+00  0.000000000000000e+00 -3.369645245723755e-01 -1.186616573149222e+01 
 1.096478196143300e+06  1.000000000000000e+00  0.000000000000000e+00 -3.370913864047665e-01 -1.173006462169435e+01 
 1.109174815262518e+06  1.000000000000000e+00  0.000000000000000e+00 -3.372147425412915e-01 -1.159551835273197e+01 
 1.122018454302081e+06  1.000000000000000e+00  0.000000000000000e+00 -3.373346589611931e-01 -1.146250909328959e+01 
 1.135010815672434e+06  1.000000000000000e+00  0.000000000000000e+00 -3.374511990036126e-01 -1.133101921333123e+01 
 1.148153621497004e+06  1.000000000000000e+00  0.000000000000000e+00 -3.375644246623549e-01 -1.120103128554477e+01 
 1.161448613840465e+06  1.000000000000000e+00  0.000000000000000e+00 -3.376743963112503e-01 -1.107252808220385e+01 
 1.174897554939653e+06  1.000000000000000e+00  0.000000000000000e+00 -3.377811720663934e-01 -1.094549257065600e+01 
 1.188502227437144e+06  1.000000000000000e+00  0.000000000000000e+00 -3.378848093804879e-01 -1.081990791614161e+01 
 1.202264434617540e+06  1.000000000000000e+00  0.000000000000000e+00 -3.379853629771680e-01 -1.069575747285259e+01 
 1.216186000646496e+06  1.000000000000000e+00  0.000000000000000e+00 -3.380828863922969e-01 -1.057302478641160e+01 
 1.230268770812511e+06  1.000000000000000e+00  0.000000000000000e+00 -3.381774320995172e-01 -1.045169359232766e+01 
 1.244514611771516e+06  1.000000000000000e+00  0.000000000000000e+00 -3.382690495430392e-01 -1.033174780699458e+01 
 1.258925411794300e+06  1.000000000000000e+00  0.000000000000000e+00 -3.383577886482685e-01 -1.021317153726664e+01 
 1.273503081016796e+06  1.000000000000000e+00  0.000000000000000e+00 -3.384436956090324e-01 -1.009594906419112e+01 
 1.288249551693270e+06  1.000000000000000e+00  0.000000000000000e+00 -3.385268172327403e-01 -9.980064855316963e+00 
 1.303166778452437e+06  1.000000000000000e+00  0.000000000000000e+00 -3.386071972080807e-01 -9.865503550105576e+00 
 1.318256738556546e+06  1.000000000000000e+00  0.000000000000000e+00 -3.386848787565257e-01 -9.752249966734215e+00 
 1.333521432163465e+06  1.000000000000000e+00  0.000000000000000e+00 -3.387599034686042e-01 -9.640289096063668e+00 
 1.348962882591796e+06  1.000000000000000e+00  0.000000000000000e+00 -3.388323111303134e-01 -9.529606098918329e+00 
 1.364583136589069e+06  1.000000000000000e+00  0.000000000000000e+00 -3.389021410171139e-01 -9.420186308596426e+00 
 1.380384264603031e+06  1.000000000000000e+00  0.000000000000000e+00 -3.389694299526674e-01 -9.312015222052223e+00 
 1.396368361056086e+06  1.000000000000000e+00  0.000000000000000e+00 -3.390342141694527e-01 -9.205078504437227e+00 
 1.412537544622904e+06  1.000000000000000e+00  0.000000000000000e+00 -3.390965285234053e-01 -9.099361984350502e+00 
 1.428893958511255e+06  1.000000000000000e+00  0.000000000000000e+00 -3.391564068736230e-01 -8.994851653277236e+00 
 1.445439770746081e+06  1.000000000000000e+00  0.000000000000000e+00 -3.392138803398940e-01 -8.891533657438117e+00 
 1.462177174456874e+06  1.000000000000000e+00  0.000000000000000e+00 -3.392689810918830e-01 -8.789394309395323e+00 
 1.479108388168365e+06  1.000000000000000e+00  0.000000000000000e+00 -3.393217382453070e-01 -8.688420071527961e+00 
 1.496235656094593e+06  1.000000000000000e+00  0.000000000000000e+00 -3.393721801187675e-01 -8.588597562341690e+00 
 1.513561248436369e+06  1.000000000000000e+00  0.000000000000000e+00 -3.394203342382178e-01 -8.489913554497173e+00 
 1.531087461682193e+06  1.000000000000000e+00  0.000000000000000e+00 -3.394662267208554e-01 -8.392354970893585e+00 
 1.548816618912647e+06  1.000000000000000e+00  0.000000000000000e+00 -3.395098823897842e-01 -8.295908883280733e+00 
 1.566751070108316e+06  1.000000000000000e+00  0.000000000000000e+00 -3.395513251064215e-01 -8.200562511705126e+00 
 1.584893192461283e+06  1.000000000000000e+00  0.000000000000000e+00 -3.395905774000340e-01 -8.106303221407149e+00 
 1.603245390690213e+06  1.000000000000000e+00  0.000000000000000e+00 -3.396276605779941e-01 -8.013118521494587e+00 
 1.621810097359103e+06  1.000000000000000e+00  0.000000000000000e+00 -3.396625952632312e-01 -7.920996065254053e+00 
 1.640589773199715e+06  1.000000000000000e+00  0.000000000000000e+00 -3.396954005969240e-01 -7.829923645501619e+00 
 1.659586907437738e+06  1.000000000000000e+00  0.000000000000000e+00 -3.397260947883580e-01 -7.739889194988500e+00 
 1.678804018122740e+06  1.000000000000000e+00  0.000000000000000e+00 -3.397546949809299e-01 -7.650880784248329e+00 
 1.698243652461926e+06  1.000000000000000e+00  0.000000000000000e+00 -3.397812169352359e-01 -7.562886618770380e+00 
 1.717908387157772e+06  1.000000000000000e+00  0.000000000000000e+00 -3.398056755572008e-01 -7.475895039428459e+00 
 1.737800828749562e+06  1.000000000000000e+00  0.000000000000000e+00 -3.398280851699610e-01 -7.389894521961552e+00 
 1.757923613958881e+06  1.000000000000000e+00  0.000000000000000e+00 -3.398484583867279e-01 -7.304873671056557e+00 
 1.778279410039114e+06  1.000000000000000e+00  0.000000000000000e+00 -3.398668068344304e-01 -7.220821221589580e+00 
 1.798870915128981e+06  1.000000000000000e+00  0.000000000000000e+00 -3.398831416330644e-01 -7.137726039009985e+00 
 1.819700858610179e+06  1.000000000000000e+00  0.000000000000000e+00 -3.398974723130025e-01 -7.055577113598158e+00 
 1.840772001469154e+06  1.000000000000000e+00  0.000000000000000e+00 -3.399098076842992e-01 -6.974363562370295e+00 
 1.862087136663068e+06  1.000000000000000e+00  0.000000000000000e+00 -3.399201553612931e-01 -6.894074625757789e+00 
 1.883649089490003e+06  1.000000000000000e+00  0.000000000000000e+00 -3.399285224107508e-01 -6.814699668734407e+00 
 1.905460717963452e+06  1.000000000000000e+00  0.000000000000000e+00 -3.399349143386188e-01 -6.736228175364523e+00 
 1.927524913191144e+06  1.000000000000000e+00  0.000000000000000e+00 -3.399393359137592e-01 -6.658649750647632e+00 
 1.949844599758256e+06  1.000000000000000e+00  0.000000000000000e+00 -3.399417909074589e-01 -6.581954118117778e+00 
 1.972422736115067e+06  1.000000000000000e+00  0.000000000000000e+00 -3.399422823380389e-01 -6.506131119429489e+00 
 1.995262314969095e+06  1.000000000000000e+00  0.000000000000000e+00 -3.399408117134584e-01 -6.431170709972308e+00 
 2.018366363681779e+06  1.000000000000000e+00  0.000000000000000e+00 -3.399373803120309e-01 -6.357062962677752e+00 
 2.041737944669750e+06  1.000000000000000e+00  0.000000000000000e+00 -3.399319877369370e-01 -6.283798060859620e+00 
 2.065380155810753e+06  1.000000000000000e+00  0.000000000000000e+00 -3.399246328817496e-01 -6.211366300827555e+00 
 2.089296130854266e+06  1.000000000000000e+00  0.000000000000000e+00 -3.399153139615794e-01 -6.139758090690754e+00 
 2.113489039836876e+06  1.000000000000000e+00  0.000000000000000e+00 -3.399040279852843e-01 -6.068963946983105e+00 
 2.137962089502464e+06  1.000000000000000e+00  0.000000000000000e+00 -3.398907708378692e-01 -5.998974493710870e+00 
 2.162718523727255e+06  1.000000000000000e+00  0.000000000000000e+00 -3.398755378412930e-01 -5.929780463406899e+00 
 2.187761623949790e+06  1.000000000000000e+00  0.000000000000000e+00 -3.398583230561531e-01 -5.861372693054581e+00 
 2.213094709605878e+06  1.000000000000000e+00  0.000000000000000e+00 -3.398391195325199e-01 -5.793742123896061e+00 
 2.238721138568582e+06  1.000000000000000e+00  0.000000000000000e+00 -3.398179201138840e-01 -5.726879803524898e+00 
 2.264644307593306e+06  1.000000000000000e+00  0.000000000000000e+00 -3.397947156239525e-01 -5.660776877301302e+00 
 2.290867652768022e+06  1.000000000000000e+00  0.000000000000000e+00 -3.397694967006226e-01 -5.595424594681058e+00 
 2.317394649968730e+06  1.000000000000000e+00  0.000000000000000e+00 -3.397422528367325e-01 -5.530814304134554e+00 
 2.344228815320177e+06  1.000000000000000e+00  0.000000000000000e+00 -3.397129723643824e-01 -5.466937451961320e+00 
 2.371373705661913e+06  1.000000000000000e+00  0.000000000000000e+00 -3.396816427807909e-01 -5.403785582485856e+00 
 2.398832919019752e+06  1.000000000000000e+00  0.000000000000000e+00 -3.396482509845732e-01 -5.341350337942352e+00 
 2.426610095082680e+06  1.000000000000000e+00  0.000000000000000e+00 -3.396127822445770e-01 -5.279623453128343e+00 
 2.454708915685298e+06  1.000000000000000e+00  0.000000000000000e+00 -3.395752216430358e-01 -5.218596760270900e+00 
 2.483133105295841e+06  1.000000000000000e+00  0.000000000000000e+00 -3.395355527952971e-01 -5.158262182688318e+00 
 2.511886431509854e+06  1.000000000000000e+00  0.000000000000000e+00 -3.394937583454349e-01 -5.098611735781200e+00 
 2.540972705549582e+06  1.000000000000000e+00  0.000000000000000e+00 -3.394498205305590e-01 -5.039637528316677e+00 
 2.570395782769145e+06  1.000000000000000e+00  0.000000000000000e+00 -3.394037200245011e-01 -4.981331756649199e+00 
 2.600159563165556e+06  1.000000000000000e+00  0.000000000000000e+00 -3.393554366961864e-01 -4.923686706819771e+00 
 2.630267991895670e+06  1.000000000000000e+00  0.000000000000000e+00 -3.393049496194993e-01 -4.866694753607703e+00 
 2.660725059799101e+06  1.000000000000000e+00  0.000000000000000e+00 -3.392522369760452e-01 -4.810348359139287e+00 
 2.691534803927210e+06  1.000000000000000e+00  0.000000000000000e+00 -3.391972756533874e-01 -4.754640070264199e+00 
 2.722701308078210e+06  1.000000000000000e+00  0.000000000000000e+00 -3.391400416857484e-01 -4.699562519407029e+00 
 2.754228703338468e+06  1.000000000000000e+00  0.000000000000000e+00 -3.390805103009277e-01 -4.645108423810162e+00 
 2.786121168630076e+06  1.000000000000000e+00  0.000000000000000e+00 -3.390186556428971e-01 -4.591270583456124e+00 
 2.818382931264763e+06  1.000000000000000e+00  0.000000000000000e+00 -3.389544509444880e-01 -4.538041880851873e+00 
 2.851018267504222e+06  1.000000000000000e+00  0.000000000000000e+00 -3.388878682418918e-01 -4.485415278949652e+00 
 2.884031503126923e+06  1.000000000000000e+00  0.000000000000000e+00 -3.388188787927958e-01 -4.433383821953295e+00 
 2.917427014001487e+06  1.000000000000000e+00  0.000000000000000e+00 -3.387474527883494e-01 -4.381940633249788e+00 
 2.951209226666710e+06  1.000000000000000e+00  0.000000000000000e+00 -3.386735596342717e-01 -4.331078915673599e+00 
 2.985382618918288e+06  1.000000000000000e+00  0.000000000000000e+00 -3.385971673352776e-01 -4.280791948138633e+00 
 3.019951720402348e+06  1.000000000000000e+00  0.000000000000000e+00 -3.385182432307876e-01 -4.231073087766248e+00 
 3.054921113215849e+06  1.000000000000000e+00  0.000000000000000e+00 -3.384367536989934e-01 -4.181915767834782e+00 
 3.090295432513931e+06  1.000000000000000e+00  0.000000000000000e+00 -3.383526638939668e-01 -4.133313495880065e+00 
 3.126079367124300e+06  1.000000000000000e+00  0.000000000000000e+00 -3.382659378991046e-01 -4.085259853500943e+00 
 3.162277660168728e+06  1.000000000000000e+00  0.000000000000000e+00 -3.381765392261343e-01 -4.037748497526898e+00 
 3.198895109691751e+06  1.000000000000000e+00  0.000000000000000e+00 -3.380844299804099e-01 -3.990773155873935e+00 
 3.235936569296639e+06  1.000000000000000e+00  0.000000000000000e+00 -3.379895711900338e-01 -3.944327628072923e+00 
 3.273406948788743e+06  1.000000000000000e+00  0.000000000000000e+00 -3.378919233675871e-01 -3.898405786708366e+00 
 3.311311214826277e+06  1.000000000000000e+00  0.000000000000000e+00 -3.377914452954446e-01 -3.853001571821808e+00 
 3.349654391578647e+06  1.000000000000000e+00  0.000000000000000e+00 -3.376880954431957e-01 -3.808108995739069e+00 
 3.388441561392400e+06  1.000000000000000e+00  0.000000000000000e+00 -3.375818308714132e-01 -3.763722137999581e+00 
 3.427677865464883e+06  1.000000000000000e+00  0.000000000000000e+00 -3.374726076122594e-01 -3.719835146094760e+00 
 3.467368504525701e+06  1.000000000000000e+00  0.000000000000000e+00 -3.373603807935976e-01 -3.676442235211299e+00 
 3.507518739526069e+06  1.000000000000000e+00  0.000000000000000e+00 -3.372451043735274e-01 -3.633537686455088e+00 
 3.548133892336148e+06  1.000000000000000e+00  0.000000000000000e+00 -3.371267314429096e-01 -3.591115847317790e+00 
 3.589219346450450e+06  1.000000000000000e+00  0.000000000000000e+00 -3.370052138962825e-01 -3.549171129650042e+00 
 3.630780547701417e+06  1.000000000000000e+00  0.000000000000000e+00 -3.368805027939889e-01 -3.507698010386247e+00 
 3.672823004981255e+06  1.000000000000000e+00  0.000000000000000e+00 -3.367525480247866e-01 -3.466691029514049e+00 
 3.715352290972138e+06  1.000000000000000e+00  0.000000000000000e+00 -3.366212983455977e-01 -3.426144789522731e+00 
 3.758374042884860e+06  1.000000000000000e+00  0.000000000000000e+00 -3.364867018952954e-01 -3.386053956715505e+00 
 3.801893963206035e+06  1.000000000000000e+00  0.000000000000000e+00 -3.363487051801479e-01 -3.346413256628560e+00 
 3.845917820453964e+06  1.000000000000000e+00  0.000000000000000e+00 -3.362072541769114e-01 -3.307217477558900e+00 
 3.890451449943240e+06  1.000000000000000e+00  0.000000000000000e+00 -3.360622938668281e-01 -3.268461468110383e+00 
 3.935500754558214e+06  1.000000000000000e+00  0.000000000000000e+00 -3.359137677995639e-01 -3.230140134894211e+00 
 3.981071705535417e+06  1.000000000000000e+00  0.000000000000000e+00 -3.357616188290126e-01 -3.192248444657396e+00 
 4.027170343255041e+06  1.000000000000000e+00  0.000000000000000e+00 -3.356057886730480e-01 -3.154781421962816e+00 
 4.073802778041583e+06  1.000000000000000e+00  0.000000000000000e+00 -3.354462179082094e-01 -3.117734148532940e+00 
 4.120975190973763e+06  1.000000000000000e+00  0.000000000000000e+00 -3.352828465566017e-01 -3.081101764768996e+00 
 4.168693834703820e+06  1.000000000000000e+00  0.000000000000000e+00 -3.351156132744633e-01 -3.044879466133720e+00 
 4.216965034286294e+06  1.000000000000000e+00  0.000000000000000e+00 -3.349444556091535e-01 -3.009062503471382e+00 
 4.265795188016404e+06  1.000000000000000e+00  0.000000000000000e+00 -3.347693107222625e-01 -2.973646185003482e+00 
 4.315190768278136e+06  1.000000000000000e+00  0.000000000000000e+00 -3.345901139963978e-01 -2.938625870675116e+00 
 4.365158322402149e+06  1.000000000000000e+00  0.000000000000000e+00 -3.344068007927544e-01 -2.903996977838348e+00 
 4.415704473533621e+06  1.000000000000000e+00  0.000000000000000e+00 -3.342193048476521e-01 -2.869754974931395e+00 
 4.466835921510133e+06  1.000000000000000e+00  0.000000000000000e+00 -3.340275590483849e-01 -2.835895383596625e+00 
 4.518559443749731e+06  1.000000000000000e+00  0.000000000000000e+00 -3.338314955617577e-01 -2.802413778583293e+00 
 4.570881896149265e+06  1.000000000000000e+00  0.000000000000000e+00 -3.336310454032637e-01 -2.769305785591990e+00 
 4.623810213993124e+06  1.000000000000000e+00  0.000000000000000e+00 -3.334261390875101e-01 -2.736567082966833e+00 
 4.677351412872509e+06  1.000000000000000e+00  0.000000000000000e+00 -3.332167058580257e-01 -2.704193398390967e+00 
 4.731512589615338e+06  1.000000000000000e+00  0.000000000000000e+00 -3.330026743896599e-01 -2.672180510764539e+00 
 4.786300923226924e+06  1.000000000000000e+00  0.000000000000000e+00 -3.327839722342644e-01 -2.640524247704759e+00 
 4.841723675841540e+06  1.000000000000000e+00  0.000000000000000e+00 -3.325605264747501e-01 -2.609220487163360e+00 
 4.897788193685016e+06  1.000000000000000e+00  0.000000000000000e+00 -3.323322631998452e-01 -2.578265155093301e+00 
 4.954501908048463e+06  1.000000000000000e+00  0.000000000000000e+00 -3.320991076904938e-01 -2.547654225459069e+00 
 5.011872336273290e+06  1.000000000000000e+00  0.000000000000000e+00 -3.318609845792136e-01 -2.517383720242784e+00 
 5.069907082747618e+06  1.000000000000000e+00  0.000000000000000e+00 -3.316178177792910e-01 -2.487449708579739e+00 
 5.128613839914230e+06  1.000000000000000e+00  0.000000000000000e+00 -3.313695304998235e-01 -2.457848306259480e+00 
 5.188000389290200e+06  1.000000000000000e+00  0.000000000000000e+00 -3.311160452892740e-01 -2.428575675280443e+00 
 5.248074602498322e+06  1.000000000000000e+00  0.000000000000000e+00 -3.308572841206407e-01 -2.399628023566498e+00 
 5.308844442310487e+06  1.000000000000000e+00  0.000000000000000e+00 -3.305931682663087e-01 -2.371001603980465e+00 
 5.370317963703138e+06  1.000000000000000e+00  0.000000000000000e+00 -3.303236184642083e-01 -2.342692714283718e+00 
 5.432503314924950e+06  1.000000000000000e+00  0.000000000000000e+00 -3.300485549845645e-01 -2.314697696781682e+00 
 5.495408738576870e+06  1.000000000000000e+00  0.000000000000000e+00 -3.297678976066767e-01 -2.287012937693535e+00 
 5.559042572704668e+06  1.000000000000000e+00  0.000000000000000e+00 -3.294815657704158e-01 -2.259634867028831e+00 
 5.623413251904131e+06  1.000000000000000e+00  0.000000000000000e+00 -3.291894782564698e-01 -2.232559957031419e+00 
 5.688529308439062e+06  1.000000000000000e+00  0.000000000000000e+00 -3.288915535731893e-01 -2.205784722844912e+00 
 5.754399373372225e+06  1.000000000000000e+00  0.000000000000000e+00 -3.285877101766383e-01 -2.179305722545528e+00 
 5.821032177709378e+06  1.000000000000000e+00  0.000000000000000e+00 -3.282778658721826e-01 -2.153119554803482e+00 
 5.888436553556562e+06  1.000000000000000e+00  0.000000000000000e+00 -3.279619384895034e-01 -2.127222860355192e+00 
 5.956621435290786e+06  1.000000000000000e+00  0.000000000000000e+00 -3.276398454633850e-01 -2.101612320165715e+00 
 6.025595860744267e+06  1.000000000000000e+00  0.000000000000000e+00 -3.273115044898453e-01 -2.076284656785203e+00 
 6.095368972402389e+06  1.000000000000000e+00  0.000000000000000e+00 -3.269768328902679e-01 -2.051236631956842e+00 
 6.165950018615528e+06  1.000000000000000e+00  0.000000000000000e+00 -3.266357481850137e-01 -2.026465047622258e+00 
 6.237348354824907e+06  1.000000000000000e+00  0.000000000000000e+00 -3.262881678117667e-01 -2.001966744654302e+00 
 6.309573444802656e+06  1.000000000000000e+00  0.000000000000000e+00 -3.259340092898699e-01 -1.977738602698329e+00 
 6.382634861906219e+06  1.000000000000000e+00  0.000000000000000e+00 -3.255731904335160e-01 -1.953777540224538e+00 
 6.456542290347297e+06  1.000000000000000e+00  0.000000000000000e+00 -3.252056294021114e-01 -1.930080514038782e+00 
 6.531305526475474e+06  1.000000000000000e+00  0.000000000000000e+00 -3.248312443602945e-01 -1.906644517843554e+00 
 6.606934480076720e+06  1.000000000000000e+00  0.000000000000000e+00 -3.244499541485972e-01 -1.883466583469391e+00 
 6.683439175686915e+06  1.000000000000000e+00  0.000000000000000e+00 -3.240616776948902e-01 -1.860543778705857e+00 
 6.760829753920596e+06  1.000000000000000e+00  0.000000000000000e+00 -3.236663352323830e-01 -1.837873210019129e+00 
 6.839116472815081e+06  1.000000000000000e+00  0.000000000000000e+00 -3.232638466351098e-01 -1.815452017465823e+00 
 6.918309709190163e+06  1.000000000000000e+00  0.000000000000000e+00 -3.228541329154594e-01 -1.793277378204053e+00 
 6.998419960023543e+06  1.000000000000000e+00  0.000000000000000e+00 -3.224371160142049e-01 -1.771346505261468e+00 
 7.079457843842197e+06  1.000000000000000e+00  0.000000000000000e+00 -3.220127182824017e-01 -1.749656645667726e+00 
 7.161434102129849e+06  1.000000000000000e+00  0.000000000000000e+00 -3.215808634242171e-01 -1.728205082263278e+00 
 7.244359600750739e+06  1.000000000000000e+00  0.000000000000000e+00 -3.211414754770650e-01 -1.706989130575633e+00 
 7.328245331389889e+06  1.000000000000000e+00  0.000000000000000e+00 -3.206944804726754e-01 -1.686006142401479e+00 
 7.413102413010034e+06  1.000000000000000e+00  0.000000000000000e+00 -3.202398048979281e-01 -1.665253501357465e+00 
 7.498942093325428e+06  1.000000000000000e+00  0.000000000000000e+00 -3.197773766070295e-01 -1.644728624621054e+00 
 7.585775750292717e+06  1.000000000000000e+00  0.000000000000000e+00 -3.193071249360934e-01 -1.624428962595652e+00 
 7.673614893619080e+06  1.000000000000000e+00  0.000000000000000e+00 -3.188289808167605e-01 -1.604351998631894e+00 
 7.762471166287819e+06  1.000000000000000e+00  0.000000000000000e+00 -3.183428760483006e-01 -1.584495246652372e+00 
 7.852356346101630e+06  1.000000000000000e+00  0.000000000000000e+00 -3.178487448531172e-01 -1.564856254351919e+00 
 7.943282347243738e+06  1.000000000000000e+00  0.000000000000000e+00 -3.173465226781382e-01 -1.545432599751104e+00 
 8.035261221857107e+06  1.000000000000000e+00  0.000000000000000e+00 -3.168361464552958e-01 -1.526221891217392e+00 
 8.128305161641939e+06  1.000000000000000e+00  0.000000000000000e+00 -3.163175557004964e-01 -1.507221769507081e+00 
 8.222426499471669e+06  1.000000000000000e+00  0.000000000000000e+00 -3.157906914853359e-01 -1.488429904761133e+00 
 8.317637711027679e+06  1.000000000000000e+00  0.000000000000000e+00 -3.152554967479674e-01 -1.469843996683927e+00 
 8.413951416452931e+06  1.000000000000000e+00  0.000000000000000e+00 -3.147119172220696e-01 -1.451461776074338e+00 
 8.511380382024758e+06  1.000000000000000e+00  0.000000000000000e+00 -3.141599000463108e-01 -1.433281001094619e+00 
 8.609937521847012e+06  1.000000000000000e+00  0.000000000000000e+00 -3.135993953330719e-01 -1.415299460286378e+00 
 8.709635899561824e+06  1.000000000000000e+00  0.000000000000000e+00 -3.130303552323164e-01 -1.397514969878760e+00 
 8.810488730081171e+06  1.000000000000000e+00  0.000000000000000e+00 -3.124527346718692e-01 -1.379925374849519e+00 
 8.912509381338498e+06  1.000000000000000e+00  0.000000000000000e+00 -3.118664909101010e-01 -1.362528547444055e+00 
 9.015711376060624e+06  1.000000000000000e+00  0.000000000000000e+00 -3.112715839277201e-01 -1.345322387437039e+00 
 9.120108393560166e+06  1.000000000000000e+00  0.000000000000000e+00 -3.106679766116565e-01 -1.328304822005681e+00 
 9.225714271548713e+06  1.000000000000000e+00  0.000000000000000e+00 -3.100556342733496e-01 -1.311473804155379e+00 
 9.332543007971006e+06  1.000000000000000e+00  0.000000000000000e+00 -3.094345259088420e-01 -1.294827314803307e+00 
 9.440608762860343e+06  1.000000000000000e+00  0.000000000000000e+00 -3.088046225711371e-01 -1.278363358916910e+00 
 9.549925860215481e+06  1.000000000000000e+00  0.000000000000000e+00 -3.081658990346158e-01 -1.262079968381212e+00 
 9.660508789899269e+06  1.000000000000000e+00  0.000000000000000e+00 -3.075183329679740e-01 -1.245975199813362e+00 
 9.772372209559256e+06  1.000000000000000e+00  0.000000000000000e+00 -3.068619051963635e-01 -1.230047134575256e+00 
 9.885530946570551e+06  1.000000000000000e+00  0.000000000000000e+00 -3.061965998512347e-01 -1.214293878575368e+00 
 1.000000000000118e+07  1.000000000000000e+00  0.000000000000000e+00 -3.055224042825148e-01 -1.198713561589111e+00 
 1.011579454260018e+07  1.000000000000000e+00  0.000000000000000e+00 -3.048393092330641e-01 -1.183304337171228e+00 
 1.023292992280875e+07  1.000000000000000e+00  0.000000000000000e+00 -3.041473091971169e-01 -1.168064382761318e+00 
 1.035142166679466e+07  1.000000000000000e+00  0.000000000000000e+00 -3.034464016781970e-01 -1.152991897914104e+00 
 1.047128548051023e+07  1.000000000000000e+00  0.000000000000000e+00 -3.027365879252042e-01 -1.138085105149526e+00 
 1.059253725177414e+07  1.000000000000000e+00  0.000000000000000e+00 -3.020178726230008e-01 -1.123342248971955e+00 
 1.071519305237733e+07  1.000000000000000e+00  0.000000000000000e+00 -3.012902640764897e-01 -1.108761595784681e+00 
 1.083926914021332e+07  1.000000000000000e+00  0.000000000000000e+00 -3.005537743037652e-01 -1.094341433568513e+00 
 1.096478196143315e+07  1.000000000000000e+00  0.000000000000000e+00 -2.998084187730554e-01 -1.080080071070404e+00 
 1.109174815262532e+07  1.000000000000000e+00  0.000000000000000e+00 -2.990542164805133e-01 -1.065975837488137e+00 
 1.122018454302096e+07  1.000000000000000e+00  0.000000000000000e+00 -2.982911904785051e-01 -1.052027083026639e+00 
 1.135010815672449e+07  1.000000000000000e+00  0.000000000000000e+00 -2.975193671607249e-01 -1.038232177277654e+00 
 1.148153621497019e+07  1.000000000000000e+00  0.000000000000000e+00 -2.967387764519819e-01 -1.024589509160925e+00 
 1.161448613840480e+07  1.000000000000000e+00  0.000000000000000e+00 -2.959494521838222e-01 -1.011097487235747e+00 
 1.174897554939669e+07  1.000000000000000e+00  0.000000000000000e+00 -2.951514317143690e-01 -9.977545387049389e-01 
 1.188502227437159e+07  1.000000000000000e+00  0.000000000000000e+00 -2.943447558043618e-01 -9.845591088839453e-01 
 1.202264434617556e+07  1.000000000000000e+00  0.000000000000000e+00 -2.935294690378742e-01 -9.715096615689756e-01 
 1.216186000646512e+07  1.000000000000000e+00  0.000000000000000e+00 -2.927056191828210e-01 -9.586046777151612e-01 
 1.230268770812528e+07  1.000000000000000e+00  0.000000000000000e+00 -2.918732577529721e-01 -9.458426560593625e-01 
 1.244514611771533e+07  1.000000000000000e+00  0.000000000000000e+00 -2.910324395892500e-01 -9.332221121584547e-01 
 1.258925411794317e+07  1.000000000000000e+00  0.000000000000000e+00 -2.901832227863302e-01 -9.207415780215983e-01 
 1.273503081016813e+07  1.000000000000000e+00  0.000000000000000e+00 -2.893256685896033e-01 -9.083996017369493e-01 
 1.288249551693287e+07  1.000000000000000e+00  0.000000000000000e+00 -2.884598418959210e-01 -8.961947479807344e-01 
 1.303166778452454e+07  1.000000000000000e+00  0.000000000000000e+00 -2.875858102818745e-01 -8.841255963448975e-01 
 1.318256738556564e+07  1.000000000000000e+00  0.000000000000000e+00 -2.867036445027721e-01 -8.721907418821168e-01 
 1.333521432163483e+07  1.000000000000000e+00  0.000000000000000e+00 -2.858134182322389e-01 -8.603887945357624e-01 
 1.348962882591814e+07  1.000000000000000e+00  0.000000000000000e+00 -2.849152079448127e-01 -8.487183788208794e-01 
 1.364583136589087e+07  1.000000000000000e+00  0.000000000000000e+00 -2.840090928416404e-01 -8.371781335247523e-01 
 1.380384264603049e+07  1.000000000000000e+00  0.000000000000000e+00 -2.830951545922135e-01 -8.257667112302787e-01 
 1.396368361056104e+07  1.000000000000000e+00  0.000000000000000e+00 -2.821734776069339e-01 -8.144827785667452e-01 
 1.412537544622923e+07  1.000000000000000e+00  0.000000000000000e+00 -2.812441482188126e-01 -8.033250149573324e-01 
 1.428893958511274e+07  1.000000000000000e+00  0.000000000000000e+00 -2.803072551452539e-01 -7.922921131600003e-01 
 1.445439770746100e+07  1.000000000000000e+00  0.000000000000000e+00 -2.793628894127649e-01 -7.813827791024535e-01 
 1.462177174456893e+07  1.000000000000000e+00  0.000000000000000e+00 -2.784111434615900e-01 -7.705957305595367e-01 
 1.479108388168385e+07  1.000000000000000e+00  0.000000000000000e+00 -2.774521117620538e-01 -7.599296979870499e-01 
 1.496235656094613e+07  1.000000000000000e+00  0.000000000000000e+00 -2.764858901814490e-01 -7.493834236013625e-01 
 1.513561248436390e+07  1.000000000000000e+00  0.000000000000000e+00 -2.755125762463384e-01 -7.389556617172657e-01 
 1.531087461682214e+07  1.000000000000000e+00  0.000000000000000e+00 -2.745322685918640e-01 -7.286451780148799e-01 
 1.548816618912667e+07  1.000000000000000e+00  0.000000000000000e+00 -2.735450667475111e-01 -7.184507492655926e-01 
 1.566751070108337e+07  1.000000000000000e+00  0.000000000000000e+00 -2.725510714321074e-01 -7.083711637321259e-01 
 1.584893192461304e+07  1.000000000000000e+00  0.000000000000000e+00 -2.715503838358965e-01 -6.984052202877575e-01 
 1.603245390690234e+07  1.000000000000000e+00  0.000000000000000e+00 -2.705431059331063e-01 -6.885517288319466e-01 
 1.621810097359125e+07  1.000000000000000e+00  0.000000000000000e+00 -2.695293398363072e-01 -6.788095095582543e-01 
 1.640589773199737e+07  1.000000000000000e+00  0.000000000000000e+00 -2.685091879656196e-01 -6.691773932181082e-01 
 1.659586907437761e+07  1.000000000000000e+00  0.000000000000000e+00 -2.674827524770225e-01 -6.596542204970353e-01 
 1.678804018122763e+07  1.000000000000000e+00  0.000000000000000e+00 -2.664501356160948e-01 -6.502388425259649e-01 
 1.698243652461949e+07  1.000000000000000e+00  0.000000000000000e+00 -2.654114392509057e-01 -6.409301203934014e-01 
 1.717908387157796e+07  1.000000000000000e+00  0.000000000000000e+00 -2.643667643266167e-01 -6.317269246515709e-01 
 1.737800828749586e+07  1.000000000000000e+00  0.000000000000000e+00 -2.633162113610936e-01 -6.226281359485450e-01 
 1.757923613958905e+07  1.000000000000000e+00  0.000000000000000e+00 -2.622598797299373e-01 -6.136326443648504e-01 
 1.778279410039138e+07  1.000000000000000e+00  0.000000000000000e+00 -2.611978679119628e-01 -6.047393497618514e-01 
 1.798870915129006e+07  1.000000000000000e+00  0.000000000000000e+00 -2.601302728870353e-01 -5.959471612813558e-01 
 1.819700858610204e+07  1.000000000000000e+00  0.000000000000000e+00 -2.590571901484937e-01 -5.872549974765742e-01 
 1.840772001469179e+07  1.000000000000000e+00  0.000000000000000e+00 -2.579787136676117e-01 -5.786617863890865e-01 
 1.862087136663093e+07  1.000000000000000e+00  0.000000000000000e+00 -2.568949356206286e-01 -5.701664654145107e-01 
 1.883649089490029e+07  1.000000000000000e+00  0.000000000000000e+00 -2.558059461240405e-01 -5.617679811596323e-01 
 1.905460717963478e+07  1.000000000000000e+00  0.000000000000000e+00 -2.547118331162660e-01 -5.534652894652556e-01 
 1.927524913191170e+07  1.000000000000000e+00  0.000000000000000e+00 -2.536126824421487e-01 -5.452573556330540e-01 
 1.949844599758282e+07  1.000000000000000e+00  0.000000000000000e+00 -2.525085774614271e-01 -5.371431541736502e-01 
 1.972422736115093e+07  1.000000000000000e+00  0.000000000000000e+00 -2.513995989798454e-01 -5.291216688967721e-01 
 1.995262314969122e+07  1.000000000000000e+00  0.000000000000000e+00 -2.502858249698784e-01 -5.211918927746724e-01 
 2.018366363681806e+07  1.000000000000000e+00  0.000000000000000e+00 -2.491673309403680e-01 -5.133528284488440e-01 
 2.041737944669778e+07  1.000000000000000e+00  0.000000000000000e+00 -2.480441892259651e-01 -5.056034876994659e-01 
 2.065380155810780e+07  1.000000000000000e+00  0.000000000000000e+00 -2.469164691431322e-01 -4.979428917327040e-01 
 2.089296130854294e+07  1.000000000000000e+00  0.000000000000000e+00 -2.457842370920651e-01 -4.903700714272105e-01 
 2.113489039836904e+07  1.000000000000000e+00  0.000000000000000e+00 -2.446475561995102e-01 -4.828840671204274e-01 
 2.137962089502493e+07  1.000000000000000e+00  0.000000000000000e+00 -2.435064861147778e-01 -4.754839285957175e-01 
 2.162718523727284e+07  1.000000000000000e+00  0.000000000000000e+00 -2.423610836605325e-01 -4.681687157607716e-01 
 2.187761623949819e+07  1.000000000000000e+00  0.000000000000000e+00 -2.412114017350896e-01 -4.609374978292509e-01 
 2.213094709605908e+07  1.000000000000000e+00  0.000000000000000e+00 -2.400574900278024e-01 -4.537893540622964e-01 
 2.238721138568613e+07  1.000000000000000e+00  0.000000000000000e+00 -2.388993948529465e-01 -4.467233737355837e-01 
 2.264644307593336e+07  1.000000000000000e+00  0.000000000000000e+00 -2.377371589602326e-01 -4.397386560962365e-01 
 2.290867652768053e+07  1.000000000000000e+00  0.000000000000000e+00 -2.365708216120231e-01 -4.328343105280844e-01 
 2.317394649968762e+07  1.000000000000000e+00  0.000000000000000e+00 -2.354004184702639e-01 -4.260094565685640e-01 
 2.344228815320209e+07  1.000000000000000e+00  0.000000000000000e+00 -2.342259818752961e-01 -4.192632242109562e-01 
 2.371373705661946e+07  1.000000000000000e+00  0.000000000000000e+00 -2.330475406829837e-01 -4.125947538585918e-01 
 2.398832919019784e+07  1.000000000000000e+00  0.000000000000000e+00 -2.318651202535952e-01 -4.060031964016854e-01 
 2.426610095082713e+07  1.000000000000000e+00  0.000000000000000e+00 -2.306787425306644e-01 -3.994877133472824e-01 
 2.454708915685331e+07  1.000000000000000e+00  0.000000000000000e+00 -2.294884262778364e-01 -3.930474770403758e-01 
 2.483133105295875e+07  1.000000000000000e+00  0.000000000000000e+00 -2.282941869048833e-01 -3.866816706009480e-01 
 2.511886431509889e+07  1.000000000000000e+00  0.000000000000000e+00 -2.270960365631428e-01 -3.803894880330438e-01 
 2.540972705549617e+07  1.000000000000000e+00  0.000000000000000e+00 -2.258939845988701e-01 -3.741701345746655e-01 
 2.570395782769180e+07  1.000000000000000e+00  0.000000000000000e+00 -2.246880370127840e-01 -3.680228263476903e-01 
 2.600159563165592e+07  1.000000000000000e+00  0.000000000000000e+00 -2.234781971976645e-01 -3.619467908784323e-01 
 2.630267991895705e+07  1.000000000000000e+00  0.000000000000000e+00 -2.222644655845657e-01 -3.559412668639838e-01 
 2.660725059799137e+07  1.000000000000000e+00  0.000000000000000e+00 -2.210468403078464e-01 -3.500055046036523e-01 
 2.691534803927247e+07  1.000000000000000e+00  0.000000000000000e+00 -2.198253166886216e-01 -3.441387656471985e-01 
 2.722701308078248e+07  1.000000000000000e+00  0.000000000000000e+00 -2.185998878925627e-01 -3.383403231950735e-01 
 2.754228703338506e+07  1.000000000000000e+00  0.000000000000000e+00 -2.173705449561549e-01 -3.326094620705559e-01 
 2.786121168630114e+07  1.000000000000000e+00  0.000000000000000e+00 -2.161372767716513e-01 -3.269454786734949e-01 
 2.818382931264801e+07  1.000000000000000e+00  0.000000000000000e+00 -2.149000705722912e-01 -3.213476812092477e-01 
 2.851018267504261e+07  1.000000000000000e+00  0.000000000000000e+00 -2.136589119697218e-01 -3.158153896472419e-01 
 2.884031503126962e+07  1.000000000000000e+00  0.000000000000000e+00 -2.124137850159707e-01 -3.103479356753803e-01 
 2.917427014001527e+07  1.000000000000000e+00  0.000000000000000e+00 -2.111646727518548e-01 -3.049446629277575e-01 
 2.951209226666751e+07  1.000000000000000e+00  0.000000000000000e+00 -2.099115569352942e-01 -2.996049267368600e-01 
 2.985382618918329e+07  1.000000000000000e+00  0.000000000000000e+00 -2.086544188654215e-01 -2.943280944624085e-01 
 3.019951720402390e+07  1.000000000000000e+00  0.000000000000000e+00 -2.073932390359580e-01 -2.891135452008718e-01 
 3.054921113215892e+07  1.000000000000000e+00  0.000000000000000e+00 -2.061279976184258e-01 -2.839606699013201e-01 
 3.090295432513973e+07  1.000000000000000e+00  0.000000000000000e+00 -2.048586747891012e-01 -2.788688713926198e-01 
 3.126079367124343e+07  1.000000000000000e+00  0.000000000000000e+00 -2.035852508037239e-01 -2.738375642711550e-01 
 3.162277660168771e+07  1.000000000000000e+00  0.000000000000000e+00 -2.023077063329487e-01 -2.688661749037447e-01 
 3.198895109691795e+07  1.000000000000000e+00  0.000000000000000e+00 -2.010260225998798e-01 -2.639541413245423e-01 
 3.235936569296684e+07  1.000000000000000e+00  0.000000000000000e+00 -1.997401816930174e-01 -2.591009131990374e-01 
 3.273406948788789e+07  1.000000000000000e+00  0.000000000000000e+00 -1.984501669286358e-01 -2.543059518033522e-01 
 3.311311214826322e+07  1.000000000000000e+00  0.000000000000000e+00 -1.971559629059862e-01 -2.495687298415369e-01 
 3.349654391578693e+07  1.000000000000000e+00  0.000000000000000e+00 -1.958575559758267e-01 -2.448887314419506e-01 
 3.388441561392447e+07  1.000000000000000e+00  0.000000000000000e+00 -1.945549341622211e-01 -2.402654519125659e-01 
 3.427677865464929e+07  1.000000000000000e+00  0.000000000000000e+00 -1.932480878183281e-01 -2.356983977739041e-01 
 3.467368504525747e+07  1.000000000000000e+00  0.000000000000000e+00 -1.919370095798819e-01 -2.311870865113057e-01 
 3.507518739526116e+07  1.000000000000000e+00  0.000000000000000e+00 -1.906216947996431e-01 -2.267310464937146e-01 
 3.548133892336196e+07  1.000000000000000e+00  0.000000000000000e+00 -1.893021416271908e-01 -2.223298167539730e-01 
 3.589219346450499e+07  1.000000000000000e+00  0.000000000000000e+00 -1.879783514424367e-01 -2.179829468835747e-01 
 3.630780547701465e+07  1.000000000000000e+00  0.000000000000000e+00 -1.866503288653530e-01 -2.136899967740452e-01 
 3.672823004981304e+07  1.000000000000000e+00  0.000000000000000e+00 -1.853180823950580e-01 -2.094505365441825e-01 
 3.715352290972188e+07  1.000000000000000e+00  0.000000000000000e+00 -1.839816240310392e-01 -2.052641461474226e-01 
 3.758374042884910e+07  1.000000000000000e+00  0.000000000000000e+00 -1.826409701257538e-01 -2.011304153437993e-01 
 3.801893963206086e+07  1.000000000000000e+00  0.000000000000000e+00 -1.812961411720665e-01 -1.970489433419722e-01 
 3.845917820454016e+07  1.000000000000000e+00  0.000000000000000e+00 -1.799471622857635e-01 -1.930193386302293e-01 
 3.890451449943291e+07  1.000000000000000e+00  0.000000000000000e+00 -1.785940632150313e-01 -1.890412186768334e-01 
 3.935500754558266e+07  1.000000000000000e+00  0.000000000000000e+00 -1.772368786350857e-01 -1.851142096937503e-01 
 3.981071705535470e+07  1.000000000000000e+00  0.000000000000000e+00 -1.758756483857906e-01 -1.812379463729652e-01 
 4.027170343255094e+07  1.000000000000000e+00  0.000000000000000e+00 -1.745104176547504e-01 -1.774120716016444e-01 
 4.073802778041637e+07  1.000000000000000e+00  0.000000000000000e+00 -1.731412368573421e-01 -1.736362361186874e-01 
 4.120975190973818e+07  1.000000000000000e+00  0.000000000000000e+00 -1.717681623086825e-01 -1.699100983105421e-01 
 4.168693834703876e+07  1.000000000000000e+00  0.000000000000000e+00 -1.703912559890954e-01 -1.662333238305219e-01 
 4.216965034286351e+07  1.000000000000000e+00  0.000000000000000e+00 -1.690105858162351e-01 -1.626055853071981e-01 
 4.265795188016462e+07  1.000000000000000e+00  0.000000000000000e+00 -1.676262257362010e-01 -1.590265620137302e-01 
 4.315190768278193e+07  1.000000000000000e+00  0.000000000000000e+00 -1.662382558546113e-01 -1.554959395450650e-01 
 4.365158322402208e+07  1.000000000000000e+00  0.000000000000000e+00 -1.648467626859300e-01 -1.520134094917652e-01 
 4.415704473533680e+07  1.000000000000000e+00  0.000000000000000e+00 -1.634518388587043e-01 -1.485786690578353e-01 
 4.466835921510192e+07  1.000000000000000e+00  0.000000000000000e+00 -1.620535837281450e-01 -1.451914207692568e-01 
 4.518559443749791e+07  1.000000000000000e+00  0.000000000000000e+00 -1.606521029338606e-01 -1.418513720716060e-01 
 4.570881896149325e+07  1.000000000000000e+00  0.000000000000000e+00 -1.592475088063082e-01 -1.385582350075905e-01 
 4.623810213993184e+07  1.000000000000000e+00  0.000000000000000e+00 -1.578399202203807e-01 -1.353117258425271e-01 
 4.677351412872570e+07  1.000000000000000e+00  0.000000000000000e+00 -1.564294626518645e-01 -1.321115647062854e-01 
 4.731512589615400e+07  1.000000000000000e+00  0.000000000000000e+00 -1.550162682605182e-01 -1.289574752355186e-01 
 4.786300923226986e+07  1.000000000000000e+00  0.000000000000000e+00 -1.536004757328496e-01 -1.258491842030236e-01 
 4.841723675841603e+07  1.000000000000000e+00  0.000000000000000e+00 -1.521822304903537e-01 -1.227864211592450e-01 
 4.897788193685079e+07  1.000000000000000e+00  0.000000000000000e+00 -1.507616843311276e-01 -1.197689180651409e-01 
 4.954501908048527e+07  1.000000000000000e+00  0.000000000000000e+00 -1.493389956760675e-01 -1.167964089351004e-01 
 5.011872336273355e+07  1.000000000000000e+00  0.000000000000000e+00 -1.479143294097297e-01 -1.138686294704039e-01 
 5.069907082747684e+07  1.000000000000000e+00  0.000000000000000e+00 -1.464878566435027e-01 -1.109853167100259e-01 
 5.128613839914297e+07  1.000000000000000e+00  0.000000000000000e+00 -1.450597548737334e-01 -1.081462086705910e-01 
 5.188000389290267e+07  1.000000000000000e+00  0.000000000000000e+00 -1.436302076332891e-01 -1.053510440051515e-01 
 5.248074602498390e+07  1.000000000000000e+00  0.000000000000000e+00 -1.421994045480675e-01 -1.025995616506027e-01 
 5.308844442310555e+07  1.000000000000000e+00  0.000000000000000e+00 -1.407675410827628e-01 -9.989150049789672e-02 
 5.370317963703207e+07  1.000000000000000e+00  0.000000000000000e+00 -1.393348184410126e-01 -9.722659905603737e-02 
 5.432503314925020e+07  1.000000000000000e+00  0.000000000000000e+00 -1.379014433356481e-01 -9.460459513497224e-02 
 5.495408738576942e+07  1.000000000000000e+00  0.000000000000000e+00 -1.364676278249112e-01 -9.202522553178438e-02 
 5.559042572704741e+07  1.000000000000000e+00  0.000000000000000e+00 -1.350335892792552e-01 -8.948822569830664e-02 
 5.623413251904204e+07  1.000000000000000e+00  0.000000000000000e+00 -1.335995498547199e-01 -8.699332949032899e-02 
 5.688529308439137e+07  1.000000000000000e+00  0.000000000000000e+00 -1.321657365198136e-01 -8.454026884602933e-02 
 5.754399373372301e+07  1.000000000000000e+00  0.000000000000000e+00 -1.307323807199555e-01 -8.212877352781800e-02 
 5.821032177709454e+07  1.000000000000000e+00  0.000000000000000e+00 -1.292997182415462e-01 -7.975857083553295e-02 
 5.888436553556639e+07  1.000000000000000e+00  0.000000000000000e+00 -1.278679887483719e-01 -7.742938539692285e-02 
 5.956621435290863e+07  1.000000000000000e+00  0.000000000000000e+00 -1.264374357501833e-01 -7.514093888053786e-02 
 6.025595860744344e+07  1.000000000000000e+00  0.000000000000000e+00 -1.250083061734311e-01 -7.289294980282003e-02 
 6.095368972402468e+07  1.000000000000000e+00  0.000000000000000e+00 -1.235808501361198e-01 -7.068513330274354e-02 
 6.165950018615607e+07  1.000000000000000e+00  0.000000000000000e+00 -1.221553206453564e-01 -6.851720094684002e-02 
 6.237348354824988e+07  1.000000000000000e+00  0.000000000000000e+00 -1.207319732791024e-01 -6.638886055007104e-02 
 6.309573444802737e+07  1.000000000000000e+00  0.000000000000000e+00 -1.193110659606674e-01 -6.429981598503534e-02 
 6.382634861906301e+07  1.000000000000000e+00  0.000000000000000e+00 -1.178928585544795e-01 -6.224976705365508e-02 
 6.456542290347379e+07  1.000000000000000e+00  0.000000000000000e+00 -1.164776125719701e-01 -6.023840934439554e-02 
 6.531305526475558e+07  1.000000000000000e+00  0.000000000000000e+00 -1.150655908890199e-01 -5.826543409626835e-02 
 6.606934480076804e+07  1.000000000000000e+00  0.000000000000000e+00 -1.136570574098771e-01 -5.633052809571840e-02 
 6.683439175687000e+07  1.000000000000000e+00  0.000000000000000e+00 -1.122522767326811e-01 -5.443337358751978e-02 
 6.760829753920682e+07  1.000000000000000e+00  0.000000000000000e+00 -1.108515138076520e-01 -5.257364820525534e-02 
 6.839116472815168e+07  1.000000000000000e+00  0.000000000000000e+00 -1.094550336194754e-01 -5.075102490881805e-02 
 6.918309709190249e+07  1.000000000000000e+00  0.000000000000000e+00 -1.080631009088080e-01 -4.896517191858425e-02 
 6.998419960023630e+07  1.000000000000000e+00  0.000000000000000e+00 -1.066759797302120e-01 -4.721575273755678e-02 
 7.079457843842284e+07  1.000000000000000e+00  0.000000000000000e+00 -1.052939332578476e-01 -4.550242608150191e-02 
 7.161434102129936e+07  1.000000000000000e+00  0.000000000000000e+00 -1.039172234048302e-01 -4.382484590632492e-02 
 7.244359600750828e+07  1.000000000000000e+00  0.000000000000000e+00 -1.025461104503394e-01 -4.218266145306018e-02 
 7.328245331389979e+07  1.000000000000000e+00  0.000000000000000e+00 -1.011808528056218e-01 -4.057551724257940e-02 
 7.413102413010125e+07  1.000000000000000e+00  0.000000000000000e+00 -9.982170668195249e-02 -3.900305313281829e-02 
 7.498942093325520e+07  1.000000000000000e+00  0.000000000000000e+00 -9.846892575714100e-02 -3.746490439528223e-02 
 7.585775750292811e+07  1.000000000000000e+00  0.000000000000000e+00 -9.712276086276554e-02 -3.596070180267975e-02 
 7.673614893619174e+07  1.000000000000000e+00  0.000000000000000e+00 -9.578345977790362e-02 -3.449007166768696e-02 
 7.762471166287914e+07  1.000000000000000e+00  0.000000000000000e+00 -9.445126682476421e-02 -3.305263601680679e-02 
 7.852356346101727e+07  1.000000000000000e+00  0.000000000000000e+00 -9.312642271011748e-02 -3.164801263487473e-02 
 7.943282347243837e+07  1.000000000000000e+00  0.000000000000000e+00 -9.180916414291397e-02 -3.027581526403784e-02 
 8.035261221857207e+07  1.000000000000000e+00  0.000000000000000e+00 -9.049972366002987e-02 -2.893565368980453e-02 
 8.128305161642039e+07  1.000000000000000e+00  0.000000000000000e+00 -8.919832931747604e-02 -2.762713393125810e-02 
 8.222426499471770e+07  1.000000000000000e+00  0.000000000000000e+00 -8.790520449148240e-02 -2.634985837523424e-02 
 8.317637711027782e+07  1.000000000000000e+00  0.000000000000000e+00 -8.662056762304972e-02 -2.510342596537742e-02 
 8.413951416453035e+07  1.000000000000000e+00  0.000000000000000e+00 -8.534463201066900e-02 -2.388743237598137e-02 
 8.511380382024862e+07  1.000000000000000e+00  0.000000000000000e+00 -8.407760560113431e-02 -2.270147020192442e-02 
 8.609937521847117e+07  1.000000000000000e+00  0.000000000000000e+00 -8.281969079169391e-02 -2.154512915810758e-02 
 8.709635899561930e+07  1.000000000000000e+00  0.000000000000000e+00 -8.157108423003329e-02 -2.041799629790839e-02 
 8.810488730081278e+07  1.000000000000000e+00  0.000000000000000e+00 -8.033197667410197e-02 -1.931965619849201e-02 
 8.912509381338607e+07  1.000000000000000e+00  0.000000000000000e+00 -7.910255279119888e-02 -1.824969121322603e-02 
 9.015711376060735e+07  1.000000000000000e+00  0.000000000000000e+00 -7.788299106177868e-02 -1.720768164969860e-02 
 9.120108393560277e+07  1.000000000000000e+00  0.000000000000000e+00 -7.667346359488082e-02 -1.619320604113436e-02 
 9.225714271548826e+07  1.000000000000000e+00  0.000000000000000e+00 -7.547413604420566e-02 -1.520584134232338e-02 
 9.332543007971118e+07  1.000000000000000e+00  0.000000000000000e+00 -7.428516744824892e-02 -1.424516321276255e-02 
 9.440608762860456e+07  1.000000000000000e+00  0.000000000000000e+00 -7.310671019943293e-02 -1.331074618829132e-02 
 9.549925860215597e+07  1.000000000000000e+00  0.000000000000000e+00 -7.193890990064372e-02 -1.240216397836456e-02 
 9.660508789899386e+07  1.000000000000000e+00  0.000000000000000e+00 -7.078190532454338e-02 -1.151898967526519e-02 
 9.772372209559375e+07  1.000000000000000e+00  0.000000000000000e+00 -6.963582834030967e-02 -1.066079600827205e-02 
 9.885530946570672e+07  1.000000000000000e+00  0.000000000000000e+00 -6.850080387898227e-02 -9.827155570226457e-03 
 1.000000000000130e+08  1.000000000000000e+00  0.000000000000000e+00 -6.737694987955081e-02 -9.017641078172073e-03 
 1.011579454260030e+08  1.000000000000000e+00  0.000000000000000e+00 -6.626437727710394e-02 -8.231825599174528e-03 
 1.023292992280887e+08  1.000000000000000e+00  0.000000000000000e+00 -6.516318998639220e-02 -7.469282792062611e-03 
 1.035142166679479e+08  1.000000000000000e+00  0.000000000000000e+00 -6.407348490734235e-02 -6.729587134559892e-03 
 1.047128548051036e+08  1.000000000000000e+00  0.000000000000000e+00 -6.299535192693120e-02 -6.012314164599561e-03 
 1.059253725177427e+08  1.000000000000000e+00  0.000000000000000e+00 -6.192887393061181e-02 -5.317040723739112e-03 
 1.071519305237746e+08  1.000000000000000e+00  0.000000000000000e+00 -6.087412685467225e-02 -4.643345152734178e-03 
 1.083926914021345e+08  1.000000000000000e+00  0.000000000000000e+00 -5.983117971892573e-02 -3.990807523687109e-03 
 1.096478196143328e+08  1.000000000000000e+00  0.000000000000000e+00 -5.880009466643601e-02 -3.359009872841306e-03 
 1.109174815262546e+08  1.000000000000000e+00  0.000000000000000e+00 -5.778092703864662e-02 -2.747536389594869e-03 
 1.122018454302110e+08  1.000000000000000e+00  0.000000000000000e+00 -5.677372543391310e-02 -2.155973638517108e-03 
 1.135010815672463e+08  1.000000000000000e+00  0.000000000000000e+00 -5.577853178809348e-02 -1.583910754853857e-03 
 1.148153621497033e+08  1.000000000000000e+00  0.000000000000000e+00 -5.479538145648381e-02 -1.030939645352274e-03 
 1.161448613840495e+08  1.000000000000000e+00  0.000000000000000e+00 -5.382430331594061e-02 -4.966551609046017e-04 
 1.174897554939683e+08  1.000000000000000e+00  0.000000000000000e+00 -5.286531985706622e-02  1.934470827996076e-05 
 1.188502227437174e+08  1.000000000000000e+00  0.000000000000000e+00 -5.191844728694972e-02  5.174586486166660e-04 
 1.202264434617570e+08  1.000000000000000e+00  0.000000000000000e+00 -5.098369565459476e-02  9.980818776134984e-04 
 1.216186000646528e+08  1.000000000000000e+00  0.000000000000000e+00 -5.006106895848718e-02  1.461605960136928e-03 
 1.230268770812543e+08  1.000000000000000e+00  0.000000000000000e+00 -4.915056528013226e-02  1.908418672168578e-03 
 1.244514611771549e+08  1.000000000000000e+00  0.000000000000000e+00 -4.825217690240279e-02  2.338903829683206e-03 
 1.258925411794333e+08  1.000000000000000e+00  0.000000000000000e+00 -4.736589045737839e-02  2.753441178371244e-03 
 1.273503081016829e+08  1.000000000000000e+00  0.000000000000000e+00 -4.649168705080917e-02  3.152406230227470e-03 
 1.288249551693303e+08  1.000000000000000e+00  0.000000000000000e+00 -4.562954241874510e-02  3.536170172649620e-03 
 1.303166778452471e+08  1.000000000000000e+00  0.000000000000000e+00 -4.477942705679415e-02  3.905099711547870e-03 
 1.318256738556581e+08  1.000000000000000e+00  0.000000000000000e+00 -4.394130638325987e-02  4.259556998506411e-03 
 1.333521432163500e+08  1.000000000000000e+00  0.000000000000000e+00 -4.311514088071877e-02  4.599899504253359e-03 
 1.348962882591831e+08  1.000000000000000e+00  0.000000000000000e+00 -4.230088624901711e-02  4.926479922014728e-03 
 1.364583136589105e+08  1.000000000000000e+00  0.000000000000000e+00 -4.149849356858072e-02  5.239646104602331e-03 
 1.380384264603067e+08  1.000000000000000e+00  0.000000000000000e+00 -4.070790944695644e-02  5.539740955523032e-03 
 1.396368361056122e+08  1.000000000000000e+00  0.000000000000000e+00 -3.992907618082667e-02  5.827102368574932e-03 
 1.412537544622941e+08  1.000000000000000e+00  0.000000000000000e+00 -3.916193191375260e-02  6.102063161061473e-03 
 1.428893958511291e+08  1.000000000000000e+00  0.000000000000000e+00 -3.840641079503720e-02  6.364951016029700e-03 
 1.445439770746118e+08  1.000000000000000e+00  0.000000000000000e+00 -3.766244313714529e-02  6.616088425077297e-03 
 1.462177174456911e+08  1.000000000000000e+00  0.000000000000000e+00 -3.692995557550860e-02  6.855792648320044e-03 
 1.479108388168403e+08  1.000000000000000e+00  0.000000000000000e+00 -3.620887122320449e-02  7.084375660111011e-03 
 1.496235656094631e+08  1.000000000000000e+00  0.000000000000000e+00 -3.549910983548867e-02  7.302144149294556e-03 
 1.513561248436408e+08  1.000000000000000e+00  0.000000000000000e+00 -3.480058795739460e-02  7.509399453128505e-03 
 1.531087461682233e+08  1.000000000000000e+00  0.000000000000000e+00 -3.411321908417664e-02  7.706437561275847e-03 
 1.548816618912686e+08  1.000000000000000e+00  0.000000000000000e+00 -3.343691381426346e-02  7.893549099279799e-03 
 1.566751070108357e+08  1.000000000000000e+00  0.000000000000000e+00 -3.277157999982683e-02  8.071019312089117e-03 
 1.584893192461324e+08  1.000000000000000e+00  0.000000000000000e+00 -3.211712289809441e-02  8.239128068573798e-03 
 1.603245390690254e+08  1.000000000000000e+00  0.000000000000000e+00 -3.147344531794312e-02  8.398149852386499e-03 
 1.621810097359145e+08  1.000000000000000e+00  0.000000000000000e+00 -3.084044776759917e-02  8.548353783904204e-03 
 1.640589773199757e+08  1.000000000000000e+00  0.000000000000000e+00 -3.021802859658718e-02  8.690003620126100e-03 
 1.659586907437781e+08  1.000000000000000e+00  0.000000000000000e+00 -2.960608413743739e-02  8.823357778596910e-03 
 1.678804018122783e+08  1.000000000000000e+00  0.000000000000000e+00 -2.900450884359979e-02  8.948669354476182e-03 
 1.698243652461970e+08  1.000000000000000e+00  0.000000000000000e+00 -2.841319542516077e-02  9.066186150609876e-03 
 1.717908387157817e+08  1.000000000000000e+00  0.000000000000000e+00 -2.783203498106431e-02  9.176150697499198e-03 
 1.737800828749607e+08  1.000000000000000e+00  0.000000000000000e+00 -2.726091712937484e-02  9.278800301472696e-03 
 1.757923613958926e+08  1.000000000000000e+00  0.000000000000000e+00 -2.669973013333032e-02  9.374367066440969e-03 
 1.778279410039160e+08  1.000000000000000e+00  0.000000000000000e+00 -2.614836102513877e-02  9.463077949307497e-03 
 1.798870915129028e+08  1.000000000000000e+00  0.000000000000000e+00 -2.560669572597513e-02  9.545154792254252e-03 
 1.819700858610226e+08  1.000000000000000e+00  0.000000000000000e+00 -2.507461916321223e-02  9.620814372746585e-03 
 1.840772001469201e+08  1.000000000000000e+00  0.000000000000000e+00 -2.455201538403452e-02  9.690268457357973e-03 
 1.862087136663116e+08  1.000000000000000e+00  0.000000000000000e+00 -2.403876766606985e-02  9.753723847424886e-03 
 1.883649089490052e+08  1.000000000000000e+00  0.000000000000000e+00 -2.353475862407641e-02  9.811382443336769e-03 
 1.905460717963502e+08  1.000000000000000e+00  0.000000000000000e+00 -2.303987031381868e-02  9.863441295858668e-03 
 1.927524913191193e+08  1.000000000000000e+00  0.000000000000000e+00 -2.255398433258505e-02  9.910092664319234e-03 
 1.949844599758306e+08  1.000000000000000e+00  0.000000000000000e+00 -2.207698191598546e-02  9.951524081257417e-03 
 1.972422736115117e+08  1.000000000000000e+00  0.000000000000000e+00 -2.160874403126825e-02  9.987918417198500e-03 
 1.995262314969147e+08  1.000000000000000e+00  0.000000000000000e+00 -2.114915146798712e-02  1.001945394200431e-02 
 2.018366363681831e+08  1.000000000000000e+00  0.000000000000000e+00 -2.069808492506415e-02  1.004630439040753e-02 
 2.041737944669803e+08  1.000000000000000e+00  0.000000000000000e+00 -2.025542509322446e-02  1.006863903812812e-02 
 2.065380155810806e+08  1.000000000000000e+00  0.000000000000000e+00 -1.982105273689310e-02  1.008662275965771e-02 
 2.089296130854320e+08  1.000000000000000e+00  0.000000000000000e+00 -1.939484877016156e-02  1.010041610581816e-02 
 2.113489039836930e+08  1.000000000000000e+00  0.000000000000000e+00 -1.897669433030007e-02  1.011017537582136e-02 
 2.137962089502519e+08  1.000000000000000e+00  0.000000000000000e+00 -1.856647085035713e-02  1.011605267906699e-02 
 2.162718523727311e+08  1.000000000000000e+00  0.000000000000000e+00 -1.816406012389588e-02  1.011819602186586e-02 
 2.187761623949846e+08  1.000000000000000e+00  0.000000000000000e+00 -1.776934437216928e-02  1.011674936713464e-02 
 2.213094709605935e+08  1.000000000000000e+00  0.000000000000000e+00 -1.738220630354418e-02  1.011185271737971e-02 
 2.238721138568640e+08  1.000000000000000e+00  0.000000000000000e+00 -1.700252917329970e-02  1.010364218249440e-02 
 2.264644307593364e+08  1.000000000000000e+00  0.000000000000000e+00 -1.663019683834521e-02  1.009225005730041e-02 
 2.290867652768081e+08  1.000000000000000e+00  0.000000000000000e+00 -1.626509381031681e-02  1.007780489402699e-02 
 2.317394649968790e+08  1.000000000000000e+00  0.000000000000000e+00 -1.590710530633846e-02  1.006043157369449e-02 
 2.344228815320238e+08  1.000000000000000e+00  0.000000000000000e+00 -1.555611729482626e-02  1.004025138508201e-02 
 2.371373705661975e+08  1.000000000000000e+00  0.000000000000000e+00 -1.521201654093461e-02  1.001738209555061e-02 
 2.398832919019814e+08  1.000000000000000e+00  0.000000000000000e+00 -1.487469064818637e-02  9.991938025677129e-03 
 2.426610095082743e+08  1.000000000000000e+00  0.000000000000000e+00 -1.454402809929613e-02  9.964030118708920e-03 
 2.454708915685362e+08  1.000000000000000e+00  0.000000000000000e+00 -1.421991829098299e-02  9.933766019902375e-03 
 2.483133105295905e+08  1.000000000000000e+00  0.000000000000000e+00 -1.390225157007271e-02  9.901250144585101e-03 
 2.511886431509919e+08  1.000000000000000e+00  0.000000000000000e+00 -1.359091926624670e-02  9.866583749193098e-03 
 2.540972705549648e+08  1.000000000000000e+00  0.000000000000000e+00 -1.328581372158687e-02  9.829865004138981e-03 
 2.570395782769211e+08  1.000000000000000e+00  0.000000000000000e+00 -1.298682831777793e-02  9.791189066203332e-03 
 2.600159563165624e+08  1.000000000000000e+00  0.000000000000000e+00 -1.269385750369278e-02  9.750648144295399e-03 
 2.630267991895738e+08  1.000000000000000e+00  0.000000000000000e+00 -1.240679681789277e-02  9.708331571877803e-03 
 2.660725059799170e+08  1.000000000000000e+00  0.000000000000000e+00 -1.212554291126260e-02  9.664325873651909e-03 
 2.691534803927280e+08  1.000000000000000e+00  0.000000000000000e+00 -1.184999356634868e-02  9.618714834578301e-03 
 2.722701308078281e+08  1.000000000000000e+00  0.000000000000000e+00 -1.158004771635478e-02  9.571579564881003e-03 
 2.754228703338540e+08  1.000000000000000e+00  0.000000000000000e+00 -1.131560546057638e-02  9.522998567910196e-03 
 2.786121168630148e+08  1.000000000000000e+00  0.000000000000000e+00 -1.105656808071278e-02  9.473047801980675e-03 
 2.818382931264836e+08  1.000000000000000e+00  0.000000000000000e+00 -1.080283805167194e-02  9.421800748863287e-03 
 2.851018267504296e+08  1.000000000000000e+00  0.000000000000000e+00 -1.055431905537464e-02  9.369328472449100e-03 
 2.884031503126997e+08  1.000000000000000e+00  0.000000000000000e+00 -1.031091598892926e-02  9.315699684336853e-03 
 2.917427014001563e+08  1.000000000000000e+00  0.000000000000000e+00 -1.007253497509853e-02  9.260980801523391e-03 
 2.951209226666787e+08  1.000000000000000e+00  0.000000000000000e+00 -9.839083368300151e-03  9.205236008712526e-03 
 2.985382618918365e+08  1.000000000000000e+00  0.000000000000000e+00 -9.610469759737022e-03  9.148527318569907e-03 
 3.019951720402427e+08  1.000000000000000e+00  0.000000000000000e+00 -9.386603984192308e-03  9.090914626092418e-03 
 3.054921113215929e+08  1.000000000000000e+00  0.000000000000000e+00 -9.167397122257916e-03  9.032455767688151e-03 
 3.090295432514011e+08  1.000000000000000e+00  0.000000000000000e+00 -8.952761501801581e-03  8.973206578279457e-03 
 3.126079367124381e+08  1.000000000000000e+00  0.000000000000000e+00 -8.742610700971700e-03  8.913220943326857e-03 
 3.162277660168810e+08  1.000000000000000e+00  0.000000000000000e+00 -8.536859547488927e-03  8.852550854020367e-03 
 3.198895109691834e+08  1.000000000000000e+00  0.000000000000000e+00 -8.335424117008196e-03  8.791246461109441e-03 
 3.235936569296724e+08  1.000000000000000e+00  0.000000000000000e+00 -8.138221732582589e-03  8.729356124739228e-03 
 3.273406948788829e+08  1.000000000000000e+00  0.000000000000000e+00 -7.945170961737762e-03  8.666926465455270e-03 
 3.311311214826363e+08  1.000000000000000e+00  0.000000000000000e+00 -7.756191612133891e-03  8.604002414844044e-03 
 3.349654391578735e+08  1.000000000000000e+00  0.000000000000000e+00 -7.571204728816304e-03  8.540627261907050e-03 
 3.388441561392489e+08  1.000000000000000e+00  0.000000000000000e+00 -7.390132587084665e-03  8.476842703207527e-03 
 3.427677865464973e+08  1.000000000000000e+00  0.000000000000000e+00 -7.212898688212635e-03  8.412688887248790e-03 
 3.467368504525791e+08  1.000000000000000e+00  0.000000000000000e+00 -7.039427753098251e-03  8.348204459728815e-03 
 3.507518739526161e+08  1.000000000000000e+00  0.000000000000000e+00 -6.869645713922970e-03  8.283426609407746e-03 
 3.548133892336241e+08  1.000000000000000e+00  0.000000000000000e+00 -6.703479708240284e-03  8.218391109253740e-03 
 3.589219346450545e+08  1.000000000000000e+00  0.000000000000000e+00 -6.540858067901186e-03  8.153132362065631e-03 
 3.630780547701512e+08  1.000000000000000e+00  0.000000000000000e+00 -6.381710313965209e-03  8.087683437461208e-03 
 3.672823004981351e+08  1.000000000000000e+00  0.000000000000000e+00 -6.225967144433653e-03  8.022076115689575e-03 
 3.715352290972236e+08  1.000000000000000e+00  0.000000000000000e+00 -6.073560426247585e-03  7.956340925006484e-03 
 3.758374042884958e+08  1.000000000000000e+00  0.000000000000000e+00 -5.924423183982556e-03  7.890507181336248e-03 
 3.801893963206135e+08  1.000000000000000e+00  0.000000000000000e+00 -5.778489591013401e-03  7.824603023893654e-03 
 3.845917820454065e+08  1.000000000000000e+00  0.000000000000000e+00 -5.635694956500653e-03  7.758655453932587e-03 
 3.890451449943342e+08  1.000000000000000e+00  0.000000000000000e+00 -5.495975715516061e-03  7.692690368871628e-03 
 3.935500754558317e+08  1.000000000000000e+00  0.000000000000000e+00 -5.359269417902639e-03  7.626732596604143e-03 
 3.981071705535522e+08  1.000000000000000e+00  0.000000000000000e+00 -5.225514715215551e-03  7.560805930530766e-03 
 4.027170343255147e+08  1.000000000000000e+00  0.000000000000000e+00 -5.094651349174893e-03  7.494933161900281e-03 
 4.073802778041690e+08  1.000000000000000e+00  0.000000000000000e+00 -4.966620139916967e-03  7.429136111338663e-03 
 4.120975190973871e+08  1.000000000000000e+00  0.000000000000000e+00 -4.841362973354493e-03  7.363435660189047e-03 
 4.168693834703930e+08  1.000000000000000e+00  0.000000000000000e+00 -4.718822787707389e-03  7.297851781575748e-03 
 4.216965034286405e+08  1.000000000000000e+00  0.000000000000000e+00 -4.598943561455815e-03  7.232403569192906e-03 
 4.265795188016517e+08  1.000000000000000e+00  0.000000000000000e+00 -4.481670300147015e-03  7.167109266225494e-03 
 4.315190768278250e+08  1.000000000000000e+00  0.000000000000000e+00 -4.366949023188984e-03  7.101986293369648e-03 
 4.365158322402264e+08  1.000000000000000e+00  0.000000000000000e+00 -4.254726750856140e-03  7.037051275810448e-03 
 4.415704473533736e+08  1.000000000000000e+00  0.000000000000000e+00 -4.144951490835337e-03  6.972320069764881e-03 
 4.466835921510250e+08  1.000000000000000e+00  0.000000000000000e+00 -4.037572224746877e-03  6.907807788231918e-03 
 4.518559443749850e+08  1.000000000000000e+00  0.000000000000000e+00 -3.932538894981149e-03  6.843528825725503e-03 
 4.570881896149384e+08  1.000000000000000e+00  0.000000000000000e+00 -3.829802390802834e-03  6.779496882842274e-03 
 4.623810213993244e+08  1.000000000000000e+00  0.000000000000000e+00 -3.729314535274215e-03  6.715724989472685e-03 
 4.677351412872631e+08  1.000000000000000e+00  0.000000000000000e+00 -3.631028071923565e-03  6.652225527548931e-03 
 4.731512589615462e+08  1.000000000000000e+00  0.000000000000000e+00 -3.534896650355252e-03  6.589010253899368e-03 
 4.786300923227049e+08  1.000000000000000e+00  0.000000000000000e+00 -3.440874813263214e-03  6.526090321411603e-03 
 4.841723675841666e+08  1.000000000000000e+00  0.000000000000000e+00 -3.348917983156123e-03  6.463476299810265e-03 
 4.897788193685143e+08  1.000000000000000e+00  0.000000000000000e+00 -3.258982448170212e-03  6.401178196490060e-03 
 4.954501908048592e+08  1.000000000000000e+00  0.000000000000000e+00 -3.171025349752515e-03  6.339205475457644e-03 
 5.011872336273420e+08  1.000000000000000e+00  0.000000000000000e+00 -3.085004668147367e-03  6.277567077255274e-03 
 5.069907082747750e+08  1.000000000000000e+00  0.000000000000000e+00 -3.000879209870364e-03  6.216271436976296e-03 
 5.128613839914363e+08  1.000000000000000e+00  0.000000000000000e+00 -2.918608593586444e-03  6.155326502838676e-03 
 5.188000389290334e+08  1.000000000000000e+00  0.000000000000000e+00 -2.838153237719626e-03  6.094739753120373e-03 
 5.248074602498457e+08  1.000000000000000e+00  0.000000000000000e+00 -2.759474347446126e-03  6.034518213045382e-03 
 5.308844442310624e+08  1.000000000000000e+00  0.000000000000000e+00 -2.682533900921889e-03  5.974668471672396e-03 
 5.370317963703276e+08  1.000000000000000e+00  0.000000000000000e+00 -2.607294636685665e-03  5.915196697592058e-03 
 5.432503314925090e+08  1.000000000000000e+00  0.000000000000000e+00 -2.533720041234094e-03  5.856108654111690e-03 
 5.495408738577013e+08  1.000000000000000e+00  0.000000000000000e+00 -2.461774335726491e-03  5.797409714545611e-03 
 5.559042572704812e+08  1.000000000000000e+00  0.000000000000000e+00 -2.391422463634851e-03  5.739104876535551e-03 
 5.623413251904277e+08  1.000000000000000e+00  0.000000000000000e+00 -2.322630078421676e-03  5.681198775982963e-03 
 5.688529308439209e+08  1.000000000000000e+00  0.000000000000000e+00 -2.255363530771122e-03  5.623695700855458e-03 
 5.754399373372374e+08  1.000000000000000e+00  0.000000000000000e+00 -2.189589856901632e-03  5.566599604036430e-03 
 5.821032177709528e+08  1.000000000000000e+00  0.000000000000000e+00 -2.125276765505656e-03  5.509914116563999e-03 
 5.888436553556714e+08  1.000000000000000e+00  0.000000000000000e+00 -2.062392626938743e-03  5.453642559337880e-03 
 5.956621435290939e+08  1.000000000000000e+00  0.000000000000000e+00 -2.000906460649554e-03  5.397787955439397e-03 
 6.025595860744421e+08  1.000000000000000e+00  0.000000000000000e+00 -1.940787923157303e-03  5.342353041827739e-03 
 6.095368972402545e+08  1.000000000000000e+00  0.000000000000000e+00 -1.882007297498669e-03  5.287340280009359e-03 
 6.165950018615686e+08  1.000000000000000e+00  0.000000000000000e+00 -1.824535480615633e-03  5.232751867434878e-03 
 6.237348354825066e+08  1.000000000000000e+00  0.000000000000000e+00 -1.768343973087510e-03  5.178589747467365e-03 
 6.309573444802817e+08  1.000000000000000e+00  0.000000000000000e+00 -1.713404867168721e-03  5.124855619892961e-03 
 6.382634861906382e+08  1.000000000000000e+00  0.000000000000000e+00 -1.659690836162342e-03  5.071550950531590e-03 
 6.456542290347461e+08  1.000000000000000e+00  0.000000000000000e+00 -1.607175123440781e-03  5.018676980760623e-03 
 6.531305526475639e+08  1.000000000000000e+00  0.000000000000000e+00 -1.555831532006908e-03  4.966234736555220e-03 
 6.606934480076886e+08  1.000000000000000e+00  0.000000000000000e+00 -1.505634413392079e-03  4.914225037573392e-03 
 6.683439175687084e+08  1.000000000000000e+00  0.000000000000000e+00 -1.456558657570706e-03  4.862648505568754e-03 
 6.760829753920767e+08  1.000000000000000e+00  0.000000000000000e+00 -1.408579682756253e-03  4.811505572639485e-03 
 6.839116472815254e+08  1.000000000000000e+00  0.000000000000000e+00 -1.361673424964762e-03  4.760796489351977e-03 
 6.918309709190336e+08  1.000000000000000e+00  0.000000000000000e+00 -1.315816328385857e-03  4.710521332329754e-03 
 6.998419960023718e+08  1.000000000000000e+00  0.000000000000000e+00 -1.270985335345877e-03  4.660680011804389e-03 
 7.079457843842374e+08  1.000000000000000e+00  0.000000000000000e+00 -1.227157876499464e-03  4.611272278875200e-03 
 7.161434102130027e+08  1.000000000000000e+00  0.000000000000000e+00 -1.184311861617277e-03  4.562297732356510e-03 
 7.244359600750920e+08  1.000000000000000e+00  0.000000000000000e+00 -1.142425670078123e-03  4.513755825557313e-03 
 7.328245331390072e+08  1.000000000000000e+00  0.000000000000000e+00 -1.101478141533958e-03  4.465645872814288e-03 
 7.413102413010219e+08  1.000000000000000e+00  0.000000000000000e+00 -1.061448566975103e-03  4.417967055712554e-03 
 7.498942093325615e+08  1.000000000000000e+00  0.000000000000000e+00 -1.022316679587004e-03  4.370718429211390e-03 
 7.585775750292907e+08  1.000000000000000e+00  0.000000000000000e+00 -9.840626461399458e-04  4.323898927427270e-03 
 7.673614893619272e+08  1.000000000000000e+00  0.000000000000000e+00 -9.466670582675173e-04  4.277507369300817e-03 
 7.762471166288012e+08  1.000000000000000e+00  0.000000000000000e+00 -9.101109240728048e-04  4.231542464006684e-03 
 7.852356346101826e+08  1.000000000000000e+00  0.000000000000000e+00 -8.743756596001921e-04  4.186002816259566e-03 
 7.943282347243937e+08  1.000000000000000e+00  0.000000000000000e+00 -8.394430805979960e-04  4.140886931383182e-03 
 8.035261221857308e+08  1.000000000000000e+00  0.000000000000000e+00 -8.052953947324094e-04  4.096193220113156e-03 
 8.128305161642141e+08  1.000000000000000e+00  0.000000000000000e+00 -7.719151932291473e-04  4.051920003431918e-03 
 8.222426499471874e+08  1.000000000000000e+00  0.000000000000000e+00 -7.392854435222217e-04  4.008065516986353e-03 
 8.317637711027887e+08  1.000000000000000e+00  0.000000000000000e+00 -7.073894809403567e-04  3.964627915645655e-03 
 8.413951416453142e+08  1.000000000000000e+00  0.000000000000000e+00 -6.762110021172597e-04  3.921605277474696e-03 
 8.511380382024970e+08  1.000000000000000e+00  0.000000000000000e+00 -6.457340567449875e-04  3.878995608030985e-03 
 8.609937521847227e+08  1.000000000000000e+00  0.000000000000000e+00 -6.159430406732866e-04  3.836796844190353e-03 
 8.709635899562042e+08  1.000000000000000e+00  0.000000000000000e+00 -5.868226887075894e-04  3.795006857943931e-03 
 8.810488730081391e+08  1.000000000000000e+00  0.000000000000000e+00 -5.583580678706929e-04  3.753623459978975e-03 
 8.912509381338720e+08  1.000000000000000e+00  0.000000000000000e+00 -5.305345700339374e-04  3.712644403300392e-03 
 9.015711376060849e+08  1.000000000000000e+00  0.000000000000000e+00 -5.033379056074111e-04  3.672067386506645e-03 
 9.120108393560393e+08  1.000000000000000e+00  0.000000000000000e+00 -4.767540965852009e-04  3.631890057114237e-03 
 9.225714271548942e+08  1.000000000000000e+00  0.000000000000000e+00 -4.507694704076375e-04  3.592110014610963e-03 
 9.332543007971237e+08  1.000000000000000e+00  0.000000000000000e+00 -4.253706533080781e-04  3.552724813527023e-03 
 9.440608762860576e+08  1.000000000000000e+00  0.000000000000000e+00 -4.005445640509121e-04  3.513731966331590e-03 
 9.549925860215718e+08  1.000000000000000e+00  0.000000000000000e+00 -3.762784079721144e-04  3.475128946187206e-03 
 9.660508789899508e+08  1.000000000000000e+00  0.000000000000000e+00 -3.525596708779549e-04  3.436913189648369e-03 
 9.772372209559498e+08  1.000000000000000e+00  0.000000000000000e+00 -3.293761130557627e-04  3.399082099255220e-03 
 9.885530946570796e+08  1.000000000000000e+00  0.000000000000000e+00 -3.067157636296674e-04  3.361633045987875e-03 
 1.000000000000142e+09  1.000000000000000e+00  0.000000000000000e+00 -2.845669147337478e-04  3.324563371675345e-03 
 1.011579454260043e+09  1.000000000000000e+00  0.000000000000000e+00 -2.629181160383678e-04  3.287870391270105e-03 
 1.023292992280900e+09  1.000000000000000e+00  0.000000000000000e+00 -2.417581692173060e-04  3.251551395061063e-03 
 1.035142166679491e+09  1.000000000000000e+00  0.000000000000000e+00 -2.210761227383332e-04  3.215603650767403e-03 
 1.047128548051049e+09  1.000000000000000e+00  0.000000000000000e+00 -2.008612663649677e-04  3.180024405604373e-03 
 1.059253725177440e+09  1.000000000000000e+00  0.000000000000000e+00 -1.811031262764583e-04  3.144810888197317e-03 
 1.071519305237759e+09  1.000000000000000e+00  0.000000000000000e+00 -1.617914597850856e-04  3.109960310484211e-03 
 1.083926914021358e+09  1.000000000000000e+00  0.000000000000000e+00 -1.429162506588969e-04  3.075469869480645e-03 
 1.096478196143342e+09  1.000000000000000e+00  0.000000000000000e+00 -1.244677039634321e-04  3.041336749039000e-03 
 1.109174815262559e+09  1.000000000000000e+00  0.000000000000000e+00 -1.064362414961014e-04  3.007558121479723e-03 
 1.122018454302124e+09  1.000000000000000e+00  0.000000000000000e+00 -8.881249718812519e-05  2.974131149172640e-03 
 1.135010815672477e+09  1.000000000000000e+00  0.000000000000000e+00 -7.158731241233930e-05  2.941052986069541e-03 
 1.148153621497047e+09  1.000000000000000e+00  0.000000000000000e+00 -5.475173146931195e-05  2.908320779162006e-03 
 1.161448613840509e+09  1.000000000000000e+00  0.000000000000000e+00 -3.829699746773060e-05  2.875931669856101e-03 
 1.174897554939698e+09  1.000000000000000e+00  0.000000000000000e+00 -2.221454778978395e-05  2.843882795328319e-03 
 1.188502227437189e+09  1.000000000000000e+00  0.000000000000000e+00 -6.496009896622459e-06  2.812171289801469e-03 
 1.202264434617585e+09  1.000000000000000e+00  0.000000000000000e+00  8.866802631008846e-06  2.780794285758396e-03 
 1.216186000646542e+09  1.000000000000000e+00  0.000000000000000e+00  2.388189423569425e-05  2.749748915120192e-03 
 1.230268770812558e+09  1.000000000000000e+00  0.000000000000000e+00  3.855709129428370e-05  2.719032310363062e-03 
 1.244514611771564e+09  1.000000000000000e+00  0.000000000000000e+00  5.290004603755733e-05  2.688641605590412e-03 
 1.258925411794348e+09  1.000000000000000e+00  0.000000000000000e+00  6.691824024457204e-05  2.658573937551389e-03 
 1.273503081016845e+09  1.000000000000000e+00  0.000000000000000e+00  8.061898906750671e-05  2.628826446620918e-03 
 1.288249551693319e+09  1.000000000000000e+00  0.000000000000000e+00  9.400944456337982e-05  2.599396277728396e-03 
 1.303166778452487e+09  1.000000000000000e+00  0.000000000000000e+00  1.070965993308544e-04  2.570280581248392e-03 
 1.318256738556597e+09  1.000000000000000e+00  0.000000000000000e+00  1.198872899114264e-04  2.541476513847146e-03 
 1.333521432163516e+09  1.000000000000000e+00  0.000000000000000e+00  1.323882002790558e-04  2.512981239291486e-03 
 1.348962882591848e+09  1.000000000000000e+00  0.000000000000000e+00  1.446058651226738e-04  2.484791929217748e-03 
 1.364583136589121e+09  1.000000000000000e+00  0.000000000000000e+00  1.565466731582291e-04  2.456905763864461e-03 
 1.380384264603084e+09  1.000000000000000e+00  0.000000000000000e+00  1.682168703065373e-04  2.429319932769096e-03 
 1.396368361056139e+09  1.000000000000000e+00  0.000000000000000e+00  1.796225627692307e-04  2.402031635432303e-03 
 1.412537544622958e+09  1.000000000000000e+00  0.000000000000000e+00  1.907697202303511e-04  2.375038081944535e-03 
 1.428893958511309e+09  1.000000000000000e+00  0.000000000000000e+00  2.016641787859676e-04  2.348336493584293e-03 
 1.445439770746136e+09  1.000000000000000e+00  0.000000000000000e+00  2.123116437911712e-04  2.321924103389313e-03 
 1.462177174456929e+09  1.000000000000000e+00  0.000000000000000e+00  2.227176928872112e-04  2.295798156688538e-03 
 1.479108388168421e+09  1.000000000000000e+00  0.000000000000000e+00  2.328877787687650e-04  2.269955911611832e-03 
 1.496235656094650e+09  1.000000000000000e+00  0.000000000000000e+00  2.428272318697979e-04  2.244394639575621e-03 
 1.513561248436427e+09  1.000000000000000e+00  0.000000000000000e+00  2.525412631587160e-04  2.219111625732433e-03 
 1.531087461682252e+09  1.000000000000000e+00  0.000000000000000e+00  2.620349666871718e-04  2.194104169406202e-03 
 1.548816618912706e+09  1.000000000000000e+00  0.000000000000000e+00  2.713133222431747e-04  2.169369584492887e-03 
 1.566751070108376e+09  1.000000000000000e+00  0.000000000000000e+00  2.803811978703734e-04  2.144905199842085e-03 
 1.584893192461343e+09  1.000000000000000e+00  0.000000000000000e+00  2.892433522904108e-04  2.120708359620289e-03 
 1.603245390690274e+09  1.000000000000000e+00  0.000000000000000e+00  2.979044373619102e-04  2.096776423645133e-03 
 1.621810097359165e+09  1.000000000000000e+00  0.000000000000000e+00  3.063690004201657e-04  2.073106767704489e-03 
 1.640589773199777e+09  1.000000000000000e+00  0.000000000000000e+00  3.146414866939258e-04  2.049696783841802e-03 
 1.659586907437801e+09  1.000000000000000e+00  0.000000000000000e+00  3.227262413992200e-04  2.026543880651258e-03 
 1.678804018122804e+09  1.000000000000000e+00  0.000000000000000e+00  3.306275120912575e-04  2.003645483521805e-03 
 1.698243652461991e+09  1.000000000000000e+00  0.000000000000000e+00  3.383494508181563e-04  1.980999034878319e-03 
 1.717908387157838e+09  1.000000000000000e+00  0.000000000000000e+00  3.458961161533202e-04  1.958601994416410e-03 
 1.737800828749628e+09  1.000000000000000e+00  0.000000000000000e+00  3.532714753937380e-04  1.936451839293401e-03 
 1.757923613958948e+09  1.000000000000000e+00  0.000000000000000e+00  3.604794065249559e-04  1.914546064327327e-03 
 1.778279410039181e+09  1.000000000000000e+00  0.000000000000000e+00  3.675237002172478e-04  1.892882182171319e-03 
 1.798870915129050e+09  1.000000000000000e+00  0.000000000000000e+00  3.744080617503031e-04  1.871457723477694e-03 
 1.819700858610248e+09  1.000000000000000e+00  0.000000000000000e+00  3.811361129622708e-04  1.850270237037367e-03 
 1.840772001469224e+09  1.000000000000000e+00  0.000000000000000e+00  3.877113941093669e-04  1.829317289912432e-03 
 1.862087136663139e+09  1.000000000000000e+00  0.000000000000000e+00  3.941373656087001e-04  1.808596467569827e-03 
 1.883649089490075e+09  1.000000000000000e+00  0.000000000000000e+00  4.004174099151319e-04  1.788105373972592e-03 
 1.905460717963525e+09  1.000000000000000e+00  0.000000000000000e+00  4.065548331875303e-04  1.767841631689146e-03 
 1.927524913191217e+09  1.000000000000000e+00  0.000000000000000e+00  4.125528670475090e-04  1.747802881967623e-03 
 1.949844599758330e+09  1.000000000000000e+00  0.000000000000000e+00  4.184146702090861e-04  1.727986784816285e-03 
 1.972422736115142e+09  1.000000000000000e+00  0.000000000000000e+00  4.241433301290208e-04  1.708391019062542e-03 
 1.995262314969171e+09  1.000000000000000e+00  0.000000000000000e+00  4.297418645918524e-04  1.689013282407653e-03 
 2.018366363681856e+09  1.000000000000000e+00  0.000000000000000e+00  4.352132232640431e-04  1.669851291471207e-03 
 2.041737944669828e+09  1.000000000000000e+00  0.000000000000000e+00  4.405602892533645e-04  1.650902781817373e-03 
 2.065380155810831e+09  1.000000000000000e+00  0.000000000000000e+00  4.457858805064884e-04  1.632165508001730e-03 
 2.089296130854345e+09  1.000000000000000e+00  0.000000000000000e+00  4.508927513820274e-04  1.613637243561952e-03 
 2.113489039836956e+09  1.000000000000000e+00  0.000000000000000e+00  4.558835940243217e-04  1.595315781038252e-03 
 2.137962089502545e+09  1.000000000000000e+00  0.000000000000000e+00  4.607610397230964e-04  1.577198931983683e-03 
 2.162718523727337e+09  1.000000000000000e+00  0.000000000000000e+00  4.655276603516929e-04  1.559284526939260e-03 
 2.187761623949873e+09  1.000000000000000e+00  0.000000000000000e+00  4.701859696519250e-04  1.541570415432816e-03 
 2.213094709605962e+09  1.000000000000000e+00  0.000000000000000e+00  4.747384245312648e-04  1.524054465961350e-03 
 2.238721138568667e+09  1.000000000000000e+00  0.000000000000000e+00  4.791874263625801e-04  1.506734565958265e-03 
 2.264644307593391e+09  1.000000000000000e+00  0.000000000000000e+00  4.835353222295466e-04  1.489608621761117e-03 
 2.290867652768109e+09  1.000000000000000e+00  0.000000000000000e+00  4.877844061365721e-04  1.472674558576037e-03 
 2.317394649968818e+09  1.000000000000000e+00  0.000000000000000e+00  4.919369202219895e-04  1.455930320427609e-03 
 2.344228815320266e+09  1.000000000000000e+00  0.000000000000000e+00  4.959950558661756e-04  1.439373870127360e-03 
 2.371373705662003e+09  1.000000000000000e+00  0.000000000000000e+00  4.999609549022483e-04  1.423003189198306e-03 
 2.398832919019843e+09  1.000000000000000e+00  0.000000000000000e+00  5.038367107021162e-04  1.406816277824400e-03 
 2.426610095082772e+09  1.000000000000000e+00  0.000000000000000e+00  5.076243692484403e-04  1.390811154793046e-03 
 2.454708915685391e+09  1.000000000000000e+00  0.000000000000000e+00  5.113259302288556e-04  1.374985857418117e-03 
 2.483133105295935e+09  1.000000000000000e+00  0.000000000000000e+00  5.149433480822148e-04  1.359338441466142e-03 
 2.511886431509949e+09  1.000000000000000e+00  0.000000000000000e+00  5.184785329618666e-04  1.343866981099776e-03 
 2.540972705549678e+09  1.000000000000000e+00  0.000000000000000e+00  5.219333518010952e-04  1.328569568774456e-03 
 2.570395782769242e+09  1.000000000000000e+00  0.000000000000000e+00  5.253096292464597e-04  1.313444315169458e-03 
 2.600159563165655e+09  1.000000000000000e+00  0.000000000000000e+00  5.286091486501575e-04  1.298489349086756e-03 
 2.630267991895769e+09  1.000000000000000e+00  0.000000000000000e+00  5.318336529205544e-04  1.283702817391646e-03 
 2.660725059799201e+09  1.000000000000000e+00  0.000000000000000e+00  5.349848455185331e-04  1.269082884888320e-03 
 2.691534803927312e+09  1.000000000000000e+00  0.000000000000000e+00  5.380643913274622e-04  1.254627734231447e-03 
 2.722701308078314e+09  1.000000000000000e+00  0.000000000000000e+00  5.410739174708350e-04  1.240335565849222e-03 
 2.754228703338573e+09  1.000000000000000e+00  0.000000000000000e+00  5.440150142312929e-04  1.226204597816062e-03 
 2.786121168630181e+09  1.000000000000000e+00  0.000000000000000e+00  5.468892358332927e-04  1.212233065769593e-03 
 2.818382931264870e+09  1.000000000000000e+00  0.000000000000000e+00  5.496981013035959e-04  1.198419222786104e-03 
 2.851018267504330e+09  1.000000000000000e+00  0.000000000000000e+00  5.524430952059465e-04  1.184761339299044e-03 
 2.884031503127032e+09  1.000000000000000e+00  0.000000000000000e+00  5.551256684703286e-04  1.171257702968175e-03 
 2.917427014001598e+09  1.000000000000000e+00  0.000000000000000e+00  5.577472391261029e-04  1.157906618580307e-03 
 2.951209226666822e+09  1.000000000000000e+00  0.000000000000000e+00  5.603091930527298e-04  1.144706407933631e-03 
 2.985382618918401e+09  1.000000000000000e+00  0.000000000000000e+00  5.628128847143365e-04  1.131655409719890e-03 
 3.019951720402463e+09  1.000000000000000e+00  0.000000000000000e+00  5.652596378405176e-04  1.118751979422680e-03 
 3.054921113215965e+09  1.000000000000000e+00  0.000000000000000e+00  5.676507461605358e-04  1.105994489182045e-03 
 3.090295432514048e+09  1.000000000000000e+00  0.000000000000000e+00  5.699874740435736e-04  1.093381327694756e-03 
 3.126079367124418e+09  1.000000000000000e+00  0.000000000000000e+00  5.722710571924514e-04  1.080910900080723e-03 
 3.162277660168848e+09  1.000000000000000e+00  0.000000000000000e+00  5.745027032767358e-04  1.068581627770300e-03 
 3.198895109691872e+09  1.000000000000000e+00  0.000000000000000e+00  5.766835925626733e-04  1.056391948385478e-03 
 3.235936569296762e+09  1.000000000000000e+00  0.000000000000000e+00  5.788148785425137e-04  1.044340315613242e-03 
 3.273406948788867e+09  1.000000000000000e+00  0.000000000000000e+00  5.808976885309285e-04  1.032425199087862e-03 
 3.311311214826402e+09  1.000000000000000e+00  0.000000000000000e+00  5.829331242664201e-04  1.020645084262830e-03 
 3.349654391578774e+09  1.000000000000000e+00  0.000000000000000e+00  5.849222624944377e-04  1.008998472284475e-03 
 3.388441561392529e+09  1.000000000000000e+00  0.000000000000000e+00  5.868661555090385e-04  9.974838798808463e-04 
 3.427677865465013e+09  1.000000000000000e+00  0.000000000000000e+00  5.887658317292880e-04  9.860998392242446e-04 
 3.467368504525832e+09  1.000000000000000e+00  0.000000000000000e+00  5.906222962301512e-04  9.748448978113477e-04 
 3.507518739526202e+09  1.000000000000000e+00  0.000000000000000e+00  5.924365312678089e-04  9.637176183396413e-04 
 3.548133892336283e+09  1.000000000000000e+00  0.000000000000000e+00  5.942094968118229e-04  9.527165785725283e-04 
 3.589219346450587e+09  1.000000000000000e+00  0.000000000000000e+00  5.959421310274577e-04  9.418403712266363e-04 
 3.630780547701555e+09  1.000000000000000e+00  0.000000000000000e+00  5.976353507840388e-04  9.310876038371188e-04 
 3.672823004981394e+09  1.000000000000000e+00  0.000000000000000e+00  5.992900521348504e-04  9.204568986329205e-04 
 3.715352290972280e+09  1.000000000000000e+00  0.000000000000000e+00  6.009071107932519e-04  9.099468924076389e-04 
 3.758374042885003e+09  1.000000000000000e+00  0.000000000000000e+00  6.024873825731952e-04  8.995562364062730e-04 
 3.801893963206180e+09  1.000000000000000e+00  0.000000000000000e+00  6.040317038643741e-04  8.892835961836825e-04 
 3.845917820454110e+09  1.000000000000000e+00  0.000000000000000e+00  6.055408920578923e-04  8.791276514879085e-04 
 3.890451449943388e+09  1.000000000000000e+00  0.000000000000000e+00  6.070157459842477e-04  8.690870961294770e-04 
 3.935500754558363e+09  1.000000000000000e+00  0.000000000000000e+00  6.084570463289863e-04  8.591606378590985e-04 
 3.981071705535568e+09  1.000000000000000e+00  0.000000000000000e+00  6.098655560487871e-04  8.493469982390161e-04 
 4.027170343255193e+09  1.000000000000000e+00  0.000000000000000e+00  6.112420207641442e-04  8.396449125242706e-04 
 4.073802778041737e+09  1.000000000000000e+00  0.000000000000000e+00  6.125871691631626e-04  8.300531295304266e-04 
 4.120975190973919e+09  1.000000000000000e+00  0.000000000000000e+00  6.139017133787890e-04  8.205704115137953e-04 
 4.168693834703979e+09  1.000000000000000e+00  0.000000000000000e+00  6.151863493640065e-04  8.111955340475677e-04 
 4.216965034286455e+09  1.000000000000000e+00  0.000000000000000e+00  6.164417572653460e-04  8.019272858933166e-04 
 4.265795188016566e+09  1.000000000000000e+00  0.000000000000000e+00  6.176686017719139e-04  7.927644688847421e-04 
 4.315190768278299e+09  1.000000000000000e+00  0.000000000000000e+00  6.188675324765179e-04  7.837058977970203e-04 
 4.365158322402314e+09  1.000000000000000e+00  0.000000000000000e+00  6.200391842022681e-04  7.747504002366241e-04 
 4.415704473533788e+09  1.000000000000000e+00  0.000000000000000e+00  6.211841773580343e-04  7.658968165038668e-04 
 4.466835921510302e+09  1.000000000000000e+00  0.000000000000000e+00  6.223031182486713e-04  7.571439994847266e-04 
 4.518559443749902e+09  1.000000000000000e+00  0.000000000000000e+00  6.233965994014826e-04  7.484908145251978e-04 
 4.570881896149437e+09  1.000000000000000e+00  0.000000000000000e+00  6.244651998827749e-04  7.399361393080077e-04 
 4.623810213993298e+09  1.000000000000000e+00  0.000000000000000e+00  6.255094855882377e-04  7.314788637455508e-04 
 4.677351412872684e+09  1.000000000000000e+00  0.000000000000000e+00  6.265300095691145e-04  7.231178898384728e-04 
 4.731512589615516e+09  1.000000000000000e+00  0.000000000000000e+00  6.275273122904213e-04  7.148521315853229e-04 
 4.786300923227103e+09  1.000000000000000e+00  0.000000000000000e+00  6.285019219451668e-04  7.066805148409432e-04 
 4.841723675841722e+09  1.000000000000000e+00  0.000000000000000e+00  6.294543547123784e-04  6.986019772171948e-04 
 4.897788193685199e+09  1.000000000000000e+00  0.000000000000000e+00  6.303851150431848e-04  6.906154679552519e-04 
 4.954501908048648e+09  1.000000000000000e+00  0.000000000000000e+00  6.312946959209713e-04  6.827199478154620e-04 
 5.011872336273478e+09  1.000000000000000e+00  0.000000000000000e+00  6.321835791236980e-04  6.749143889608701e-04 
 5.069907082747808e+09  1.000000000000000e+00  0.000000000000000e+00  6.330522354741342e-04  6.671977748470628e-04 
 5.128613839914422e+09  1.000000000000000e+00  0.000000000000000e+00  6.339011250971610e-04  6.595691001010236e-04 
 5.188000389290394e+09  1.000000000000000e+00  0.000000000000000e+00  6.347306976495712e-04  6.520273704208881e-04 
 5.248074602498518e+09  1.000000000000000e+00  0.000000000000000e+00  6.355413925764844e-04  6.445716024465246e-04 
 5.308844442310685e+09  1.000000000000000e+00  0.000000000000000e+00  6.363336393202838e-04  6.372008236705150e-04 
 5.370317963703339e+09  1.000000000000000e+00  0.000000000000000e+00  6.371078575679694e-04  6.299140723085306e-04 
 5.432503314925153e+09  1.000000000000000e+00  0.000000000000000e+00  6.378644574600697e-04  6.227103972022573e-04 
 5.495408738577076e+09  1.000000000000000e+00  0.000000000000000e+00  6.386038398143832e-04  6.155888577039695e-04 
 5.559042572704876e+09  1.000000000000000e+00  0.000000000000000e+00  6.393263963348035e-04  6.085485235716398e-04 
 5.623413251904341e+09  1.000000000000000e+00  0.000000000000000e+00  6.400325098175281e-04  6.015884748628084e-04 
 5.688529308439275e+09  1.000000000000000e+00  0.000000000000000e+00  6.407225543562178e-04  5.947078018254945e-04 
 5.754399373372440e+09  1.000000000000000e+00  0.000000000000000e+00  6.413968955335616e-04  5.879056047993036e-04 
 5.821032177709596e+09  1.000000000000000e+00  0.000000000000000e+00  6.420558906246088e-04  5.811809941003008e-04 
 5.888436553556782e+09  1.000000000000000e+00  0.000000000000000e+00  6.426998887776618e-04  5.745330899256400e-04 
 5.956621435291007e+09  1.000000000000000e+00  0.000000000000000e+00  6.433292311993197e-04  5.679610222503295e-04 
 6.025595860744491e+09  1.000000000000000e+00  0.000000000000000e+00  6.439442513396028e-04  5.614639307200038e-04 
 6.095368972402616e+09  1.000000000000000e+00  0.000000000000000e+00  6.445452750642991e-04  5.550409645540036e-04 
 6.165950018615757e+09  1.000000000000000e+00  0.000000000000000e+00  6.451326208275067e-04  5.486912824447924e-04 
 6.237348354825139e+09  1.000000000000000e+00  0.000000000000000e+00  6.457065998406029e-04  5.424140524578009e-04 
 6.309573444802891e+09  1.000000000000000e+00  0.000000000000000e+00  6.462675162406048e-04  5.362084519282699e-04 
 6.382634861906457e+09  1.000000000000000e+00  0.000000000000000e+00  6.468156672408869e-04  5.300736673752185e-04 
 6.456542290347537e+09  1.000000000000000e+00  0.000000000000000e+00  6.473513433015097e-04  5.240088943889972e-04 
 6.531305526475718e+09  1.000000000000000e+00  0.000000000000000e+00  6.478748282709116e-04  5.180133375492270e-04 
 6.606934480076966e+09  1.000000000000000e+00  0.000000000000000e+00  6.483863995457202e-04  5.120862103178446e-04 
 6.683439175687164e+09  1.000000000000000e+00  0.000000000000000e+00  6.488863282117162e-04  5.062267349514991e-04 
 6.760829753920848e+09  1.000000000000000e+00  0.000000000000000e+00  6.493748791858212e-04  5.004341424097757e-04 
 6.839116472815336e+09  1.000000000000000e+00  0.000000000000000e+00  6.498523113633888e-04  4.947076722533696e-04 
 6.918309709190420e+09  1.000000000000000e+00  0.000000000000000e+00  6.503188777473644e-04  4.890465725619086e-04 
 6.998419960023803e+09  1.000000000000000e+00  0.000000000000000e+00  6.507748255889446e-04  4.834500998340679e-04 
 7.079457843842460e+09  1.000000000000000e+00  0.000000000000000e+00  6.512203965130627e-04  4.779175189040754e-04 
 7.161434102130114e+09  1.000000000000000e+00  0.000000000000000e+00  6.516558266470049e-04  4.724481028513107e-04 
 7.244359600751007e+09  1.000000000000000e+00  0.000000000000000e+00  6.520813467504958e-04  4.670411329046608e-04 
 7.328245331390161e+09  1.000000000000000e+00  0.000000000000000e+00  6.524971823294385e-04  4.616958983659290e-04 
 7.413102413010308e+09  1.000000000000000e+00  0.000000000000000e+00  6.529035537627835e-04  4.564116965125663e-04 
 7.498942093325705e+09  1.000000000000000e+00  0.000000000000000e+00  6.533006764154461e-04  4.511878325164432e-04 
 7.585775750292997e+09  1.000000000000000e+00  0.000000000000000e+00  6.536887607527999e-04  4.460236193577263e-04 
 7.673614893619363e+09  1.000000000000000e+00  0.000000000000000e+00  6.540680124520749e-04  4.409183777402609e-04 
 7.762471166288105e+09  1.000000000000000e+00  0.000000000000000e+00  6.544386325111667e-04  4.358714360078316e-04 
 7.852356346101920e+09  1.000000000000000e+00  0.000000000000000e+00  6.548008173557697e-04  4.308821300600548e-04 
 7.943282347244032e+09  1.000000000000000e+00  0.000000000000000e+00  6.551547589433242e-04  4.259498032701433e-04 
 8.035261221857404e+09  1.000000000000000e+00  0.000000000000000e+00  6.555006448626579e-04  4.210738064064466e-04 
 8.128305161642239e+09  1.000000000000000e+00  0.000000000000000e+00  6.558386584353349e-04  4.162534975487749e-04 
 8.222426499471972e+09  1.000000000000000e+00  0.000000000000000e+00  6.561689788125680e-04  4.114882420087052e-04 
 8.317637711027987e+09  1.000000000000000e+00  0.000000000000000e+00  6.564917810697515e-04  4.067774122509593e-04 
 8.413951416453242e+09  1.000000000000000e+00  0.000000000000000e+00  6.568072362974401e-04  4.021203878178349e-04 
 8.511380382025071e+09  1.000000000000000e+00  0.000000000000000e+00  6.571155116956219e-04  3.975165552458400e-04 
 8.609937521847328e+09  1.000000000000000e+00  0.000000000000000e+00  6.574167706595452e-04  3.929653079931675e-04 
 8.709635899562143e+09  1.000000000000000e+00  0.000000000000000e+00  6.577111728649286e-04  3.884660463659232e-04 
 8.810488730081493e+09  1.000000000000000e+00  0.000000000000000e+00  6.579988743570639e-04  3.840181774354075e-04 
 8.912509381338823e+09  1.000000000000000e+00  0.000000000000000e+00  6.582800276291546e-04  3.796211149706710e-04 
 9.015711376060953e+09  1.000000000000000e+00  0.000000000000000e+00  6.585547817057233e-04  3.752742793603589e-04 
 9.120108393560499e+09  1.000000000000000e+00  0.000000000000000e+00  6.588232822184819e-04  3.709770975449298e-04 
 9.225714271549049e+09  1.000000000000000e+00  0.000000000000000e+00  6.590856714876780e-04  3.667290029371344e-04 
 9.332543007971346e+09  1.000000000000000e+00  0.000000000000000e+00  6.593420885948199e-04  3.625294353549914e-04 
 9.440608762860687e+09  1.000000000000000e+00  0.000000000000000e+00  6.595926694556275e-04  3.583778409523148e-04 
 9.549925860215830e+09  1.000000000000000e+00  0.000000000000000e+00  6.598375468942820e-04  3.542736721446023e-04 
 9.660508789899622e+09  1.000000000000000e+00  0.000000000000000e+00  6.600768507118774e-04  3.502163875430725e-04 
 9.772372209559612e+09  1.000000000000000e+00  0.000000000000000e+00  6.603107077564206e-04  3.462054518837432e-04 
 9.885530946570911e+09  1.000000000000000e+00  0.000000000000000e+00  6.605392419885459e-04  3.422403359622389e-04 
 1.000000000000154e+10  1.000000000000000e+00  0.000000000000000e+00  6.607625745502324e-04  3.383205165607651e-04 
 1.011579454260054e+10  1.000000000000000e+00  0.000000000000000e+00  6.609808238241055e-04  3.344454763908027e-04 
 1.023292992280912e+10  1.000000000000000e+00  0.000000000000000e+00  6.611941055015796e-04  3.306147040168600e-04 
 1.035142166679503e+10  1.000000000000000e+00  0.000000000000000e+00  6.614025326394783e-04  3.268276938002840e-04 
 1.047128548051061e+10  1.000000000000000e+00  0.000000000000000e+00  6.616062157224412e-04  3.230839458299224e-04 
 1.059253725177452e+10  1.000000000000000e+00  0.000000000000000e+00  6.618052627220783e-04  3.193829658569628e-04 
 1.071519305237772e+10  1.000000000000000e+00  0.000000000000000e+00  6.619997791512154e-04  3.157242652377378e-04 
 1.083926914021371e+10  1.000000000000000e+00  0.000000000000000e+00  6.621898681227553e-04  3.121073608652553e-04 
 1.096478196143354e+10  1.000000000000000e+00  0.000000000000000e+00  6.623756304025081e-04  3.085317751110218e-04 
 1.109174815262572e+10  1.000000000000000e+00  0.000000000000000e+00  6.625571644633365e-04  3.049970357623012e-04 
 1.122018454302137e+10  1.000000000000000e+00  0.000000000000000e+00  6.627345665378398e-04  3.015026759604572e-04 
 1.135010815672491e+10  1.000000000000000e+00  0.000000000000000e+00  6.629079306677535e-04  2.980482341444309e-04 
 1.148153621497061e+10  1.000000000000000e+00  0.000000000000000e+00  6.630773487552217e-04  2.946332539883990e-04 
 1.161448613840523e+10  1.000000000000000e+00  0.000000000000000e+00  6.632429106106902e-04  2.912572843448536e-04 
 1.174897554939712e+10  1.000000000000000e+00  0.000000000000000e+00  6.634047040010546e-04  2.879198791853502e-04 
 1.188502227437203e+10  1.000000000000000e+00  0.000000000000000e+00  6.635628146950311e-04  2.846205975456792e-04 
 1.202264434617599e+10  1.000000000000000e+00  0.000000000000000e+00  6.637173265106253e-04  2.813590034644857e-04 
 1.216186000646557e+10  1.000000000000000e+00  0.000000000000000e+00  6.638683213575052e-04  2.781346659317325e-04 
 1.230268770812573e+10  1.000000000000000e+00  0.000000000000000e+00  6.640158792819927e-04  2.749471588294591e-04 
 1.244514611771579e+10  1.000000000000000e+00  0.000000000000000e+00  6.641600785075019e-04  2.717960608814523e-04 
 1.258925411794363e+10  1.000000000000000e+00  0.000000000000000e+00  6.643009954785731e-04  2.686809555927435e-04 
 1.273503081016860e+10  1.000000000000000e+00  0.000000000000000e+00  6.644387048987129e-04  2.656014312021856e-04 
 1.288249551693334e+10  1.000000000000000e+00  0.000000000000000e+00  6.645732797724636e-04  2.625570806232147e-04 
 1.303166778452502e+10  1.000000000000000e+00  0.000000000000000e+00  6.647047914421283e-04  2.595475013959889e-04 
 1.318256738556612e+10  1.000000000000000e+00  0.000000000000000e+00  6.648333096265385e-04  2.565722956329555e-04 
 1.333521432163532e+10  1.000000000000000e+00  0.000000000000000e+00  6.649589024585393e-04  2.536310699659172e-04 
 1.348962882591864e+10  1.000000000000000e+00  0.000000000000000e+00  6.650816365185571e-04  2.507234355015919e-04 
 1.364583136589137e+10  1.000000000000000e+00  0.000000000000000e+00  6.652015768734963e-04  2.478490077619260e-04 
 1.380384264603100e+10  1.000000000000000e+00  0.000000000000000e+00  6.653187871085209e-04  2.450074066411862e-04 
 1.396368361056156e+10  1.000000000000000e+00  0.000000000000000e+00  6.654333293620086e-04  2.421982563533662e-04 
 1.412537544622975e+10  1.000000000000000e+00  0.000000000000000e+00  6.655452643580184e-04  2.394211853846220e-04 
 1.428893958511326e+10  1.000000000000000e+00  0.000000000000000e+00  6.656546514378023e-04  2.366758264468900e-04 
 1.445439770746154e+10  1.000000000000000e+00  0.000000000000000e+00  6.657615485933811e-04  2.339618164243222e-04 
 1.462177174456947e+10  1.000000000000000e+00  0.000000000000000e+00  6.658660124958618e-04  2.312787963327168e-04 
 1.479108388168439e+10  1.000000000000000e+00  0.000000000000000e+00  6.659680985272841e-04  2.286264112678001e-04 
 1.496235656094668e+10  1.000000000000000e+00  0.000000000000000e+00  6.660678608081134e-04  2.260043103643194e-04 
 1.513561248436445e+10  1.000000000000000e+00  0.000000000000000e+00  6.661653522281449e-04  2.234121467440325e-04 
 1.531087461682270e+10  1.000000000000000e+00  0.000000000000000e+00  6.662606244726681e-04  2.208495774758933e-04 
 1.548816618912724e+10  1.000000000000000e+00  0.000000000000000e+00  6.663537280513301e-04  2.183162635270796e-04 
 1.566751070108395e+10  1.000000000000000e+00  0.000000000000000e+00  6.664447123230895e-04  2.158118697242093e-04 
 1.584893192461362e+10  1.000000000000000e+00  0.000000000000000e+00  6.665336255244086e-04  2.133360647035751e-04 
 1.603245390690293e+10  1.000000000000000e+00  0.000000000000000e+00  6.666205147934131e-04  2.108885208721395e-04 
 1.621810097359185e+10  1.000000000000000e+00  0.000000000000000e+00  6.667054261956492e-04  2.084689143624332e-04 
 1.640589773199797e+10  1.000000000000000e+00  0.000000000000000e+00  6.667884047474291e-04  2.060769249936406e-04 
 1.659586907437822e+10  1.000000000000000e+00  0.000000000000000e+00  6.668694944415250e-04  2.037122362240140e-04 
 1.678804018122825e+10  1.000000000000000e+00  0.000000000000000e+00  6.669487382685044e-04  2.013745351157930e-04 
 1.698243652462012e+10  1.000000000000000e+00  0.000000000000000e+00  6.670261782409229e-04  1.990635122898488e-04 
 1.717908387157859e+10  1.000000000000000e+00  0.000000000000000e+00  6.671018554148141e-04  1.967788618877391e-04 
 1.737800828749649e+10  1.000000000000000e+00  0.000000000000000e+00  6.671758099116517e-04  1.945202815311021e-04 
 1.757923613958970e+10  1.000000000000000e+00  0.000000000000000e+00  6.672480809400637e-04  1.922874722805892e-04 
 1.778279410039203e+10  1.000000000000000e+00  0.000000000000000e+00  6.673187068158001e-04  1.900801385994940e-04 
 1.798870915129072e+10  1.000000000000000e+00  0.000000000000000e+00  6.673877249827518e-04  1.878979883126828e-04 
 1.819700858610271e+10  1.000000000000000e+00  0.000000000000000e+00  6.674551720323313e-04  1.857407325699484e-04 
 1.840772001469247e+10  1.000000000000000e+00  0.000000000000000e+00  6.675210837231672e-04  1.836080858071460e-04 
 1.862087136663162e+10  1.000000000000000e+00  0.000000000000000e+00  6.675854949999502e-04  1.814997657091670e-04 
 1.883649089490099e+10  1.000000000000000e+00  0.000000000000000e+00  6.676484400118463e-04  1.794154931733557e-04 
 1.905460717963549e+10  1.000000000000000e+00  0.000000000000000e+00  6.677099521307398e-04  1.773549922724216e-04 
 1.927524913191241e+10  1.000000000000000e+00  0.000000000000000e+00  6.677700639691501e-04  1.753179902174149e-04 
 1.949844599758354e+10  1.000000000000000e+00  0.000000000000000e+00  6.678288073966947e-04  1.733042173250318e-04 
 1.972422736115166e+10  1.000000000000000e+00  0.000000000000000e+00  6.678862135580299e-04  1.713134069783466e-04 
 1.995262314969196e+10  1.000000000000000e+00  0.000000000000000e+00  6.679423128885900e-04  1.693452955947157e-04 
 2.018366363681881e+10  1.000000000000000e+00  0.000000000000000e+00  6.679971351312992e-04  1.673996225889795e-04 
 2.041737944669853e+10  1.000000000000000e+00  0.000000000000000e+00  6.680507093515264e-04  1.654761303424363e-04 
 2.065380155810857e+10  1.000000000000000e+00  0.000000000000000e+00  6.681030639535308e-04  1.635745641649441e-04 
 2.089296130854371e+10  1.000000000000000e+00  0.000000000000000e+00  6.681542266948421e-04  1.616946722641280e-04 
 2.113489039836982e+10  1.000000000000000e+00  0.000000000000000e+00  6.682042247007686e-04  1.598362057131927e-04 
 2.137962089502571e+10  1.000000000000000e+00  0.000000000000000e+00  6.682530844796330e-04  1.579989184147320e-04 
 2.162718523727364e+10  1.000000000000000e+00  0.000000000000000e+00  6.683008319360970e-04  1.561825670713492e-04 
 2.187761623949900e+10  1.000000000000000e+00  0.000000000000000e+00  6.683474923851093e-04  1.543869111528201e-04 
 2.213094709605989e+10  1.000000000000000e+00  0.000000000000000e+00  6.683930905653279e-04  1.526117128644627e-04 
 2.238721138568695e+10  1.000000000000000e+00  0.000000000000000e+00  6.684376506522255e-04  1.508567371159288e-04 
 2.264644307593420e+10  1.000000000000000e+00  0.000000000000000e+00  6.684811962710967e-04  1.491217514894284e-04 
 2.290867652768137e+10  1.000000000000000e+00  0.000000000000000e+00  6.685237505091614e-04  1.474065262110252e-04 
 2.317394649968847e+10  1.000000000000000e+00  0.000000000000000e+00  6.685653359282001e-04  1.457108341186675e-04 
 2.344228815320295e+10  1.000000000000000e+00  0.000000000000000e+00  6.686059745762868e-04  1.440344506333137e-04 
 2.371373705662033e+10  1.000000000000000e+00  0.000000000000000e+00  6.686456879996740e-04  1.423771537284752e-04 
 2.398832919019873e+10  1.000000000000000e+00  0.000000000000000e+00  6.686844972538970e-04  1.407387239024709e-04 
 2.426610095082802e+10  1.000000000000000e+00  0.000000000000000e+00  6.687224229152400e-04  1.391189441481460e-04 
 2.454708915685422e+10  1.000000000000000e+00  0.000000000000000e+00  6.687594850915525e-04  1.375175999247006e-04 
 2.483133105295966e+10  1.000000000000000e+00  0.000000000000000e+00  6.687957034329433e-04  1.359344791292764e-04 
 2.511886431509981e+10  1.000000000000000e+00  0.000000000000000e+00  6.688310971419353e-04  1.343693720703052e-04 
 2.540972705549710e+10  1.000000000000000e+00  0.000000000000000e+00  6.688656849841093e-04  1.328220714376474e-04 
 2.570395782769274e+10  1.000000000000000e+00  0.000000000000000e+00  6.688994852976041e-04  1.312923722774497e-04 
 2.600159563165687e+10  1.000000000000000e+00  0.000000000000000e+00  6.689325160031130e-04  1.297800719638196e-04 
 2.630267991895802e+10  1.000000000000000e+00  0.000000000000000e+00  6.689647946133380e-04  1.282849701723321e-04 
 2.660725059799235e+10  1.000000000000000e+00  0.000000000000000e+00  6.689963382421993e-04  1.268068688540096e-04 
 2.691534803927346e+10  1.000000000000000e+00  0.000000000000000e+00  6.690271636139709e-04  1.253455722089030e-04 
 2.722701308078348e+10  1.000000000000000e+00  0.000000000000000e+00  6.690572870719725e-04  1.239008866612094e-04 
 2.754228703338607e+10  1.000000000000000e+00  0.000000000000000e+00  6.690867245877127e-04  1.224726208312040e-04 
 2.786121168630217e+10  1.000000000000000e+00  0.000000000000000e+00  6.691154917687254e-04  1.210605855133598e-04 
 2.818382931264906e+10  1.000000000000000e+00  0.000000000000000e+00  6.691436038672797e-04  1.196645936490890e-04 
 2.851018267504366e+10  1.000000000000000e+00  0.000000000000000e+00  6.691710757883048e-04  1.182844603029123e-04 
 2.884031503127068e+10  1.000000000000000e+00  0.000000000000000e+00  6.691979220972918e-04  1.169200026381068e-04 
 2.917427014001635e+10  1.000000000000000e+00  0.000000000000000e+00  6.692241570280805e-04  1.155710398922016e-04 
 2.951209226666859e+10  1.000000000000000e+00  0.000000000000000e+00  6.692497944903852e-04  1.142373933532489e-04 
 2.985382618918439e+10  1.000000000000000e+00  0.000000000000000e+00  6.692748480771697e-04  1.129188863362326e-04 
 3.019951720402501e+10  1.000000000000000e+00  0.000000000000000e+00  6.692993310717792e-04  1.116153441601883e-04 
 3.054921113216004e+10  1.000000000000000e+00  0.000000000000000e+00  6.693232564550322e-04  1.103265941248704e-04 
 3.090295432514087e+10  1.000000000000000e+00  0.000000000000000e+00  6.693466369121872e-04  1.090524654874582e-04 
 3.126079367124458e+10  1.000000000000000e+00  0.000000000000000e+00  6.693694848394877e-04  1.077927894410907e-04 
 3.162277660168888e+10  1.000000000000000e+00  0.000000000000000e+00  6.693918123510110e-04  1.065473990909040e-04 
 3.198895109691913e+10  1.000000000000000e+00  0.000000000000000e+00  6.694136312846660e-04  1.053161294345911e-04 
 3.235936569296804e+10  1.000000000000000e+00  0.000000000000000e+00  6.694349532088795e-04  1.040988173381227e-04 
 3.273406948788909e+10  1.000000000000000e+00  0.000000000000000e+00  6.694557894286161e-04  1.028953015148631e-04 
 3.311311214826445e+10  1.000000000000000e+00  0.000000000000000e+00  6.694761509911860e-04  1.017054225054575e-04 
 3.349654391578817e+10  1.000000000000000e+00  0.000000000000000e+00  6.694960486923657e-04  1.005290226551075e-04 
 3.388441561392572e+10  1.000000000000000e+00  0.000000000000000e+00  6.695154930819188e-04  9.936594609403051e-05 
 3.427677865465057e+10  1.000000000000000e+00  0.000000000000000e+00  6.695344944693017e-04  9.821603871616005e-05 
 3.467368504525876e+10  1.000000000000000e+00  0.000000000000000e+00  6.695530629290270e-04  9.707914815946199e-05 
 3.507518739526246e+10  1.000000000000000e+00  0.000000000000000e+00  6.695712083061955e-04  9.595512378453012e-05 
 3.548133892336327e+10  1.000000000000000e+00  0.000000000000000e+00  6.695889402215481e-04  9.484381665578626e-05 
 3.589219346450632e+10  1.000000000000000e+00  0.000000000000000e+00  6.696062680765207e-04  9.374507952216208e-05 
 3.630780547701600e+10  1.000000000000000e+00  0.000000000000000e+00  6.696232010583985e-04  9.265876679646396e-05 
 3.672823004981440e+10  1.000000000000000e+00  0.000000000000000e+00  6.696397481451770e-04  9.158473453614505e-05 
 3.715352290972326e+10  1.000000000000000e+00  0.000000000000000e+00  6.696559181101098e-04  9.052284042585103e-05 
 3.758374042885049e+10  1.000000000000000e+00  0.000000000000000e+00  6.696717195265735e-04  8.947294375704995e-05 
 3.801893963206227e+10  1.000000000000000e+00  0.000000000000000e+00  6.696871607725845e-04  8.843490540964659e-05 
 3.845917820454158e+10  1.000000000000000e+00  0.000000000000000e+00  6.697022500351108e-04  8.740858783453593e-05 
 3.890451449943436e+10  1.000000000000000e+00  0.000000000000000e+00  6.697169953145308e-04  8.639385503457213e-05 
 3.935500754558412e+10  1.000000000000000e+00  0.000000000000000e+00  6.697314044288923e-04  8.539057254643696e-05 
 3.981071705535618e+10  1.000000000000000e+00  0.000000000000000e+00  6.697454850179666e-04  8.439860742355130e-05 
 4.027170343255244e+10  1.000000000000000e+00  0.000000000000000e+00  6.697592445473527e-04  8.341782821808498e-05 
 4.073802778041788e+10  1.000000000000000e+00  0.000000000000000e+00  6.697726903123924e-04  8.244810496392660e-05 
 4.120975190973971e+10  1.000000000000000e+00  0.000000000000000e+00  6.697858294421444e-04  8.148930915866229e-05 
 4.168693834704031e+10  1.000000000000000e+00  0.000000000000000e+00  6.697986689030208e-04  8.054131374768792e-05 
 4.216965034286507e+10  1.000000000000000e+00  0.000000000000000e+00  6.698112155025475e-04  7.960399310691889e-05 
 4.265795188016620e+10  1.000000000000000e+00  0.000000000000000e+00  6.698234758930596e-04  7.867722302543474e-05 
 4.315190768278354e+10  1.000000000000000e+00  0.000000000000000e+00  6.698354565750435e-04  7.776088069059268e-05 
 4.365158322402370e+10  1.000000000000000e+00  0.000000000000000e+00  6.698471639007744e-04  7.685484467018564e-05 
 4.415704473533843e+10  1.000000000000000e+00  0.000000000000000e+00  6.698586040775147e-04  7.595899489780298e-05 
 4.466835921510358e+10  1.000000000000000e+00  0.000000000000000e+00  6.698697831709149e-04  7.507321265603597e-05 
 4.518559443749959e+10  1.000000000000000e+00  0.000000000000000e+00  6.698807071082206e-04  7.419738056082644e-05 
 4.570881896149494e+10  1.000000000000000e+00  0.000000000000000e+00  6.698913816813716e-04  7.333138254632802e-05 
 4.623810213993356e+10  1.000000000000000e+00  0.000000000000000e+00  6.699018125500900e-04  7.247510384938647e-05 
 4.677351412872743e+10  1.000000000000000e+00  0.000000000000000e+00  6.699120052449084e-04  7.162843099413398e-05 
 4.731512589615575e+10  1.000000000000000e+00  0.000000000000000e+00  6.699219651700727e-04  7.079125177720787e-05 
 4.786300923227163e+10  1.000000000000000e+00  0.000000000000000e+00  6.699316976063782e-04  6.996345525320954e-05 
 4.841723675841782e+10  1.000000000000000e+00  0.000000000000000e+00  6.699412077140635e-04  6.914493171912529e-05 
 4.897788193685260e+10  1.000000000000000e+00  0.000000000000000e+00  6.699505005354322e-04  6.833557270089447e-05 
 4.954501908048710e+10  1.000000000000000e+00  0.000000000000000e+00  6.699595809976530e-04  6.753527093784927e-05 
 5.011872336273540e+10  1.000000000000000e+00  0.000000000000000e+00  6.699684539152105e-04  6.674392037005887e-05 
 5.069907082747871e+10  1.000000000000000e+00  0.000000000000000e+00  6.699771239926259e-04  6.596141612268990e-05 
 5.128613839914486e+10  1.000000000000000e+00  0.000000000000000e+00  6.699855958268285e-04  6.518765449330829e-05 
 5.188000389290459e+10  1.000000000000000e+00  0.000000000000000e+00  6.699938739096615e-04  6.442253293747615e-05 
 5.248074602498584e+10  1.000000000000000e+00  0.000000000000000e+00  6.700019626302376e-04  6.366595005545516e-05 
 5.308844442310752e+10  1.000000000000000e+00  0.000000000000000e+00  6.700098662772499e-04  6.291780557893815e-05 
 5.370317963703407e+10  1.000000000000000e+00  0.000000000000000e+00  6.700175890412772e-04  6.217800035745799e-05 
 5.432503314925222e+10  1.000000000000000e+00  0.000000000000000e+00  6.700251350170189e-04  6.144643634512562e-05 
 5.495408738577146e+10  1.000000000000000e+00  0.000000000000000e+00  6.700325082053956e-04  6.072301658839502e-05 
 5.559042572704947e+10  1.000000000000000e+00  0.000000000000000e+00  6.700397125157473e-04  6.000764521239875e-05 
 5.623413251904413e+10  1.000000000000000e+00  0.000000000000000e+00  6.700467517678638e-04  5.930022740873540e-05 
 5.688529308439348e+10  1.000000000000000e+00  0.000000000000000e+00  6.700536296940160e-04  5.860066942282146e-05 
 5.754399373372514e+10  1.000000000000000e+00  0.000000000000000e+00  6.700603499409233e-04  5.790887854164709e-05 
 5.821032177709669e+10  1.000000000000000e+00  0.000000000000000e+00  6.700669160717668e-04  5.722476308057328e-05 
 5.888436553556857e+10  1.000000000000000e+00  0.000000000000000e+00  6.700733315679374e-04  5.654823237278952e-05 
 5.956621435291083e+10  1.000000000000000e+00  0.000000000000000e+00  6.700795998310009e-04  5.587919675597638e-05 
 6.025595860744567e+10  1.000000000000000e+00  0.000000000000000e+00  6.700857241844491e-04  5.521756756102945e-05 
 6.095368972402693e+10  1.000000000000000e+00  0.000000000000000e+00  6.700917078754642e-04  5.456325710026690e-05 
 6.165950018615836e+10  1.000000000000000e+00  0.000000000000000e+00  6.700975540766737e-04  5.391617865544759e-05 
 6.237348354825218e+10  1.000000000000000e+00  0.000000000000000e+00  6.701032658877790e-04  5.327624646693955e-05 
 6.309573444802971e+10  1.000000000000000e+00  0.000000000000000e+00  6.701088463372381e-04  5.264337572186155e-05 
 6.382634861906538e+10  1.000000000000000e+00  0.000000000000000e+00  6.701142983838710e-04  5.201748254287926e-05 
 6.456542290347619e+10  1.000000000000000e+00  0.000000000000000e+00  6.701196249184007e-04  5.139848397741794e-05 
 6.531305526475800e+10  1.000000000000000e+00  0.000000000000000e+00  6.701248287650014e-04  5.078629798651503e-05 
 6.606934480077050e+10  1.000000000000000e+00  0.000000000000000e+00  6.701299126828022e-04  5.018084343386613e-05 
 6.683439175687249e+10  1.000000000000000e+00  0.000000000000000e+00  6.701348793673841e-04  4.958204007460615e-05 
 6.760829753920934e+10  1.000000000000000e+00  0.000000000000000e+00  6.701397314520912e-04  4.898980854626720e-05 
 6.839116472815422e+10  1.000000000000000e+00  0.000000000000000e+00  6.701444715095598e-04  4.840407035650803e-05 
 6.918309709190508e+10  1.000000000000000e+00  0.000000000000000e+00  6.701491020530368e-04  4.782474787328855e-05 
 6.998419960023891e+10  1.000000000000000e+00  0.000000000000000e+00  6.701536255376564e-04  4.725176431537836e-05 
 7.079457843842549e+10  1.000000000000000e+00  0.000000000000000e+00  6.701580443618448e-04  4.668504374078956e-05 
 7.161434102130205e+10  1.000000000000000e+00  0.000000000000000e+00  6.701623608684987e-04  4.612451103796509e-05 
 7.244359600751100e+10  1.000000000000000e+00  0.000000000000000e+00  6.701665773462797e-04  4.557009191513199e-05 
 7.328245331390254e+10  1.000000000000000e+00  0.000000000000000e+00  6.701706960307865e-04  4.502171289105266e-05 
 7.413102413010403e+10  1.000000000000000e+00  0.000000000000000e+00  6.701747191058233e-04  4.447930128406546e-05 
 7.498942093325801e+10  1.000000000000000e+00  0.000000000000000e+00  6.701786487044428e-04  4.394278520415721e-05 
 7.585775750293095e+10  1.000000000000000e+00  0.000000000000000e+00  6.701824869101776e-04  4.341209354196462e-05 
 7.673614893619463e+10  1.000000000000000e+00  0.000000000000000e+00  6.701862357580831e-04  4.288715596024435e-05 
 7.762471166288206e+10  1.000000000000000e+00  0.000000000000000e+00  6.701898972358264e-04  4.236790288443532e-05 
 7.852356346102022e+10  1.000000000000000e+00  0.000000000000000e+00  6.701934732847852e-04  4.185426549273974e-05 
 7.943282347244135e+10  1.000000000000000e+00  0.000000000000000e+00  6.701969658009970e-04  4.134617570827240e-05 
 8.035261221857507e+10  1.000000000000000e+00  0.000000000000000e+00  6.702003766362552e-04  4.084356618859047e-05 
 8.128305161642343e+10  1.000000000000000e+00  0.000000000000000e+00  6.702037075990088e-04  4.034637031807535e-05 
 8.222426499472078e+10  1.000000000000000e+00  0.000000000000000e+00  6.702069604553826e-04  3.985452219814291e-05 
 8.317637711028093e+10  1.000000000000000e+00  0.000000000000000e+00  6.702101369300612e-04  3.936795663935987e-05 
 8.413951416453351e+10  1.000000000000000e+00  0.000000000000000e+00  6.702132387072626e-04  3.888660915183803e-05 
 8.511380382025182e+10  1.000000000000000e+00  0.000000000000000e+00  6.702162674315776e-04  3.841041593756273e-05 
 8.609937521847441e+10  1.000000000000000e+00  0.000000000000000e+00  6.702192247088779e-04  3.793931388136256e-05 
 8.709635899562259e+10  1.000000000000000e+00  0.000000000000000e+00  6.702221121071415e-04  3.747324054294366e-05 
 8.810488730081610e+10  1.000000000000000e+00  0.000000000000000e+00  6.702249311572964e-04  3.701213414847713e-05 
 8.912509381338942e+10  1.000000000000000e+00  0.000000000000000e+00  6.702276833540463e-04  3.655593358210964e-05 
 9.015711376061073e+10  1.000000000000000e+00  0.000000000000000e+00  6.702303701566251e-04  3.610457837856004e-05 
 9.120108393560620e+10  1.000000000000000e+00  0.000000000000000e+00  6.702329929896139e-04  3.565800871433844e-05 
 9.225714271549173e+10  1.000000000000000e+00  0.000000000000000e+00  6.702355532436713e-04  3.521616540028294e-05 
 9.332543007971471e+10  1.000000000000000e+00  0.000000000000000e+00  6.702380522762724e-04  3.477898987364309e-05 
 9.440608762860812e+10  1.000000000000000e+00  0.000000000000000e+00  6.702404914124319e-04  3.434642419033154e-05 
 9.549925860215958e+10  1.000000000000000e+00  0.000000000000000e+00  6.702428719454177e-04  3.391841101694610e-05 
 9.660508789899751e+10  1.000000000000000e+00  0.000000000000000e+00  6.702451951374055e-04  3.349489362384018e-05 
 9.772372209559744e+10  1.000000000000000e+00  0.000000000000000e+00  6.702474622201824e-04  3.307581587694155e-05 
 9.885530946571045e+10  1.000000000000000e+00  0.000000000000000e+00  6.702496743957920e-04  3.266112223042933e-05 
 1.000000000000168e+11  1.000000000000000e+00  0.000000000000000e+00  6.702518328371484e-04  3.225075771985654e-05 
