 frequency              vagnd_real             vagnd_imag             voutdiff_real          voutdiff_imag         
 1.000000000000000e-02  1.000000000000000e+00  0.000000000000000e+00 -7.468475171634736e-09  1.299699729170204e-13 
 1.011579454259899e-02  1.000000000000000e+00  0.000000000000000e+00 -7.474380447902718e-09  1.315812411209048e-13 
 1.023292992280754e-02  1.000000000000000e+00  0.000000000000000e+00 -7.468099694207808e-09  1.329907277791045e-13 
 1.035142166679344e-02  1.000000000000000e+00  0.000000000000000e+00 -7.468097029672549e-09  1.345303603825287e-13 
 1.047128548050900e-02  1.000000000000000e+00  0.000000000000000e+00 -7.468093921048080e-09  1.360882361718806e-13 
 1.059253725177289e-02  1.000000000000000e+00  0.000000000000000e+00 -7.468460738735416e-09  1.376708735189843e-13 
 1.071519305237607e-02  1.000000000000000e+00  0.000000000000000e+00 -7.462537254809831e-09  1.391521353010933e-13 
 1.083926914021204e-02  1.000000000000000e+00  0.000000000000000e+00 -7.468083262907044e-09  1.408704230440602e-13 
 1.096478196143186e-02  1.000000000000000e+00  0.000000000000000e+00 -7.468080154282575e-09  1.425015002003315e-13 
 1.109174815262402e-02  1.000000000000000e+00  0.000000000000000e+00 -7.462527928936424e-09  1.440422668270165e-13 
 1.122018454301964e-02  1.000000000000000e+00  0.000000000000000e+00 -7.462524376222746e-09  1.457101191222406e-13 
 1.135010815672316e-02  1.000000000000000e+00  0.000000000000000e+00 -7.468430762713751e-09  1.475165842862456e-13 
 1.148153621496884e-02  1.000000000000000e+00  0.000000000000000e+00 -7.468065943427860e-09  1.492171091816898e-13 
 1.161448613840344e-02  1.000000000000000e+00  0.000000000000000e+00 -7.468061946624971e-09  1.509449386068781e-13 
 1.174897554939531e-02  1.000000000000000e+00  0.000000000000000e+00 -7.462510165368030e-09  1.525770446426554e-13 
 1.188502227437020e-02  1.000000000000000e+00  0.000000000000000e+00 -7.462506168565142e-09  1.543435552013270e-13 
 1.202264434617414e-02  1.000000000000000e+00  0.000000000000000e+00 -7.468411666877728e-09  1.562569368385373e-13 
 1.216186000646370e-02  1.000000000000000e+00  0.000000000000000e+00 -7.468407670074839e-09  1.580662903211995e-13 
 1.230268770812383e-02  1.000000000000000e+00  0.000000000000000e+00 -7.468773599583756e-09  1.599046730481963e-13 
 1.244514611771387e-02  1.000000000000000e+00  0.000000000000000e+00 -7.462489515219772e-09  1.616172798693989e-13 
 1.258925411794169e-02  1.000000000000000e+00  0.000000000000000e+00 -7.468405227584185e-09  1.636210788558183e-13 
 1.273503081016664e-02  1.000000000000000e+00  0.000000000000000e+00 -7.468398788290642e-09  1.655156015890081e-13 
 1.288249551693136e-02  1.000000000000000e+00  0.000000000000000e+00 -7.462475970498872e-09  1.672963784580853e-13 
 1.303166778452301e-02  1.000000000000000e+00  0.000000000000000e+00 -7.468381024722248e-09  1.693706336880707e-13 
 1.318256738556409e-02  1.000000000000000e+00  0.000000000000000e+00 -7.467652718418094e-09  1.713144746060760e-13 
 1.333521432163326e-02  1.000000000000000e+00  0.000000000000000e+00 -7.468010210232023e-09  1.733069183043732e-13 
 1.348962882591656e-02  1.000000000000000e+00  0.000000000000000e+00 -7.468005547295320e-09  1.753135788931704e-13 
 1.364583136588927e-02  1.000000000000000e+00  0.000000000000000e+00 -7.468000218224802e-09  1.773433945321335e-13 
 1.380384264602887e-02  1.000000000000000e+00  0.000000000000000e+00 -7.467994889154284e-09  1.793968682206939e-13 
 1.396368361055940e-02  1.000000000000000e+00  0.000000000000000e+00 -7.467989782128370e-09  1.814740788321775e-13 
 1.412537544622757e-02  1.000000000000000e+00  0.000000000000000e+00 -7.467984008968642e-09  1.835753416721173e-13 
 1.428893958511106e-02  1.000000000000000e+00  0.000000000000000e+00 -7.467978457853519e-09  1.857007614996292e-13 
 1.445439770745931e-02  1.000000000000000e+00  0.000000000000000e+00 -7.467972684693791e-09  1.878508035409420e-13 
 1.462177174456722e-02  1.000000000000000e+00  0.000000000000000e+00 -7.467966911534063e-09  1.900258944086664e-13 
 1.479108388168211e-02  1.000000000000000e+00  0.000000000000000e+00 -7.468331064686140e-09  1.922357824172223e-13 
 1.496235656094437e-02  1.000000000000000e+00  0.000000000000000e+00 -7.467954254991582e-09  1.944517921769063e-13 
 1.513561248436212e-02  1.000000000000000e+00  0.000000000000000e+00 -7.467584328679777e-09  1.966934949373485e-13 
 1.531087461682034e-02  1.000000000000000e+00  0.000000000000000e+00 -7.467942042538311e-09  1.989810030640933e-13 
 1.548816618912485e-02  1.000000000000000e+00  0.000000000000000e+00 -7.467934937110954e-09  2.012848363819124e-13 
 1.566751070108153e-02  1.000000000000000e+00  0.000000000000000e+00 -7.473845764494058e-09  2.037802879588848e-13 
 1.584893192461118e-02  1.000000000000000e+00  0.000000000000000e+00 -7.467557461282581e-09  2.059627695447617e-13 
 1.603245390690046e-02  1.000000000000000e+00  0.000000000000000e+00 -7.473461405282933e-09  2.085158092680624e-13 
 1.621810097358934e-02  1.000000000000000e+00  0.000000000000000e+00 -7.467907403579943e-09  2.107703300225855e-13 
 1.640589773199544e-02  1.000000000000000e+00  0.000000000000000e+00 -7.467527041171707e-09  2.131997982375469e-13 
 1.659586907437565e-02  1.000000000000000e+00  0.000000000000000e+00 -7.467890750234574e-09  2.156793478429607e-13 
 1.678804018122565e-02  1.000000000000000e+00  0.000000000000000e+00 -7.467520379833559e-09  2.181659018252044e-13 
 1.698243652461750e-02  1.000000000000000e+00  0.000000000000000e+00 -7.467141571737557e-09  2.206805128391119e-13 
 1.717908387157593e-02  1.000000000000000e+00  0.000000000000000e+00 -7.455671191536339e-09  2.228858041967320e-13 
 1.737800828749381e-02  1.000000000000000e+00  0.000000000000000e+00 -7.461949502740595e-09  2.256605735833841e-13 
 1.757923613958698e-02  1.000000000000000e+00  0.000000000000000e+00 -7.467851670384107e-09  2.284580673097387e-13 
 1.778279410038928e-02  1.000000000000000e+00  0.000000000000000e+00 -7.461923523521818e-09  2.309158352718351e-13 
 1.798870915128794e-02  1.000000000000000e+00  0.000000000000000e+00 -7.456739448130634e-09  2.334243221572974e-13 
 1.819700858609989e-02  1.000000000000000e+00  0.000000000000000e+00 -7.461543161113582e-09  2.362822999562176e-13 
 1.840772001468962e-02  1.000000000000000e+00  0.000000000000000e+00 -7.461526507768212e-09  2.390179489276774e-13 
 1.862087136662874e-02  1.000000000000000e+00  0.000000000000000e+00 -7.461523621188348e-09  2.417854368162780e-13 
 1.883649089489807e-02  1.000000000000000e+00  0.000000000000000e+00 -7.461514295314942e-09  2.445851140653576e-13 
 1.905460717963254e-02  1.000000000000000e+00  0.000000000000000e+00 -7.461504081263115e-09  2.474165285636360e-13 
 1.927524913190943e-02  1.000000000000000e+00  0.000000000000000e+00 -7.461864459656908e-09  2.502939309414832e-13 
 1.949844599758052e-02  1.000000000000000e+00  0.000000000000000e+00 -7.461853801515872e-09  2.531918184265208e-13 
 1.972422736114861e-02  1.000000000000000e+00  0.000000000000000e+00 -7.461835815902873e-09  2.561233390024728e-13 
 1.995262314968887e-02  1.000000000000000e+00  0.000000000000000e+00 -7.461832041144589e-09  2.590888047480409e-13 
 2.018366363681569e-02  1.000000000000000e+00  0.000000000000000e+00 -7.468463847359885e-09  2.623270020224179e-13 
 2.041737944669537e-02  1.000000000000000e+00  0.000000000000000e+00 -7.461438578104662e-09  2.651092235917050e-13 
 2.065380155810538e-02  1.000000000000000e+00  0.000000000000000e+00 -7.467716667264312e-09  2.684098449278197e-13 
 2.089296130854048e-02  1.000000000000000e+00  0.000000000000000e+00 -7.455869255323933e-09  2.710776452813833e-13 
 2.113489039836655e-02  1.000000000000000e+00  0.000000000000000e+00 -7.462143347680694e-09  2.744525812930077e-13 
 2.137962089502241e-02  1.000000000000000e+00  0.000000000000000e+00 -7.462122031398621e-09  2.776294836187636e-13 
 2.162718523727029e-02  1.000000000000000e+00  0.000000000000000e+00 -7.462109818945351e-09  2.808439955796701e-13 
 2.187761623949562e-02  1.000000000000000e+00  0.000000000000000e+00 -7.461364193162012e-09  2.840667572667701e-13 
 2.213094709605647e-02  1.000000000000000e+00  0.000000000000000e+00 -7.473188512463480e-09  2.878215666722364e-13 
 2.238721138568350e-02  1.000000000000000e+00  0.000000000000000e+00 -7.461707918210436e-09  2.906972583148454e-13 
 2.264644307593070e-02  1.000000000000000e+00  0.000000000000000e+00 -7.467612528344603e-09  2.943012103384599e-13 
 2.290867652767783e-02  1.000000000000000e+00  0.000000000000000e+00 -7.467598095445283e-09  2.977082272431968e-13 
 2.317394649968489e-02  1.000000000000000e+00  0.000000000000000e+00 -7.467211737832713e-09  3.011394456510577e-13 
 2.344228815319933e-02  1.000000000000000e+00  0.000000000000000e+00 -7.467196638799578e-09  3.046259847088004e-13 
 2.371373705661666e-02  1.000000000000000e+00  0.000000000000000e+00 -7.473094365550992e-09  3.084022837222959e-13 
 2.398832919019502e-02  1.000000000000000e+00  0.000000000000000e+00 -7.473078378339437e-09  3.119726619009801e-13 
 2.426610095082427e-02  1.000000000000000e+00  0.000000000000000e+00 -7.467519269610534e-09  3.153452473630887e-13 
 2.454708915685042e-02  1.000000000000000e+00  0.000000000000000e+00 -7.473052843209871e-09  3.192387045642100e-13 
 2.483133105295583e-02  1.000000000000000e+00  0.000000000000000e+00 -7.467108709136028e-09  3.226725673278685e-13 
 2.511886431509593e-02  1.000000000000000e+00  0.000000000000000e+00 -7.467832796592688e-09  3.264413894657333e-13 
 2.540972705549318e-02  1.000000000000000e+00  0.000000000000000e+00 -7.467815255068899e-09  3.302205168529342e-13 
 2.570395782768877e-02  1.000000000000000e+00  0.000000000000000e+00 -7.467797491500505e-09  3.340435195359883e-13 
 2.600159563165286e-02  1.000000000000000e+00  0.000000000000000e+00 -7.461497641969572e-09  3.376202928200417e-13 
 2.630267991895396e-02  1.000000000000000e+00  0.000000000000000e+00 -7.467388263293628e-09  3.418057717616801e-13 
 2.660725059798824e-02  1.000000000000000e+00  0.000000000000000e+00 -7.467368501323790e-09  3.457625468841809e-13 
 2.691534803926931e-02  1.000000000000000e+00  0.000000000000000e+00 -7.460700723882496e-09  3.494463472942173e-13 
 2.722701308077928e-02  1.000000000000000e+00  0.000000000000000e+00 -7.467328533294904e-09  3.538138380040138e-13 
 2.754228703338182e-02  1.000000000000000e+00  0.000000000000000e+00 -7.461019357890564e-09  3.576028398564684e-13 
 2.786121168629786e-02  1.000000000000000e+00  0.000000000000000e+00 -7.461368189964901e-09  3.617601659292973e-13 
 2.818382931264470e-02  1.000000000000000e+00  0.000000000000000e+00 -7.466530282940198e-09  3.662080986764977e-13 
 2.851018267503926e-02  1.000000000000000e+00  0.000000000000000e+00 -7.460593032249108e-09  3.701476630308418e-13 
 2.884031503126623e-02  1.000000000000000e+00  0.000000000000000e+00 -7.460570161654800e-09  3.744321385230197e-13 
 2.917427014001184e-02  1.000000000000000e+00  0.000000000000000e+00 -7.466462559335696e-09  3.790731372203497e-13 
 2.951209226666404e-02  1.000000000000000e+00  0.000000000000000e+00 -7.460523088198556e-09  3.831514725342332e-13 
 2.985382618917978e-02  1.000000000000000e+00  0.000000000000000e+00 -7.465682738683199e-09  3.878624182428917e-13 
 3.019951720402035e-02  1.000000000000000e+00  0.000000000000000e+00 -7.466390172794490e-09  3.923912014148363e-13 
 3.054921113215532e-02  1.000000000000000e+00  0.000000000000000e+00 -7.466003815181921e-09  3.969142696505226e-13 
 3.090295432513610e-02  1.000000000000000e+00  0.000000000000000e+00 -7.471886886989410e-09  4.018330364545070e-13 
 3.126079367123975e-02  1.000000000000000e+00  0.000000000000000e+00 -7.465580598164934e-09  4.061360038951877e-13 
 3.162277660168400e-02  1.000000000000000e+00  0.000000000000000e+00 -7.472211072112600e-09  4.112115432346949e-13 
 3.198895109691419e-02  1.000000000000000e+00  0.000000000000000e+00 -7.466624651897291e-09  4.156550755431639e-13 
 3.235936569296304e-02  1.000000000000000e+00  0.000000000000000e+00 -7.465864593214633e-09  4.204247475779940e-13 
 3.273406948788404e-02  1.000000000000000e+00  0.000000000000000e+00 -7.471753438181850e-09  4.256354860003135e-13 
 3.311311214825933e-02  1.000000000000000e+00  0.000000000000000e+00 -7.472085172821608e-09  4.305837858653184e-13 
 3.349654391578299e-02  1.000000000000000e+00  0.000000000000000e+00 -7.465774221060428e-09  4.351936794862326e-13 
 3.388441561392048e-02  1.000000000000000e+00  0.000000000000000e+00 -7.465742912771134e-09  4.402316653404362e-13 
 3.427677865464526e-02  1.000000000000000e+00  0.000000000000000e+00 -7.460533746339593e-09  4.450111752477041e-13 
 3.467368504525339e-02  1.000000000000000e+00  0.000000000000000e+00 -7.465676299389656e-09  4.504812547271117e-13 
 3.507518739525704e-02  1.000000000000000e+00  0.000000000000000e+00 -7.459366013762292e-09  4.553041861836163e-13 
 3.548133892335779e-02  1.000000000000000e+00  0.000000000000000e+00 -7.460070339249114e-09  4.606207078888511e-13 
 3.589219346450077e-02  1.000000000000000e+00  0.000000000000000e+00 -7.454099115733470e-09  4.655738565459861e-13 
 3.630780547701039e-02  1.000000000000000e+00  0.000000000000000e+00 -7.459248552166287e-09  4.712970754761646e-13 
 3.672823004980873e-02  1.000000000000000e+00  0.000000000000000e+00 -7.465490003966124e-09  4.771630777990040e-13 
 3.715352290971752e-02  1.000000000000000e+00  0.000000000000000e+00 -7.453636152732201e-09  4.819041230815236e-13 
 3.758374042884469e-02  1.000000000000000e+00  0.000000000000000e+00 -7.465421170138598e-09  4.882719981927144e-13 
 3.801893963205639e-02  1.000000000000000e+00  0.000000000000000e+00 -7.465383644600365e-09  4.939239495226795e-13 
 3.845917820453564e-02  1.000000000000000e+00  0.000000000000000e+00 -7.465332796385837e-09  4.996396440838252e-13 
 3.890451449942835e-02  1.000000000000000e+00  0.000000000000000e+00 -7.459385331642920e-09  5.050138261060696e-13 
 3.935500754557804e-02  1.000000000000000e+00  0.000000000000000e+00 -7.458610840060942e-09  5.108075370322145e-13 
 3.981071705535003e-02  1.000000000000000e+00  0.000000000000000e+00 -7.458927697712170e-09  5.167440176793793e-13 
 4.027170343254621e-02  1.000000000000000e+00  0.000000000000000e+00 -7.458883066746580e-09  5.227245725659518e-13 
 4.073802778041159e-02  1.000000000000000e+00  0.000000000000000e+00 -7.459207029825166e-09  5.288008565800873e-13 
 4.120975190973334e-02  1.000000000000000e+00  0.000000000000000e+00 -7.458799355930523e-09  5.348944191878809e-13 
 4.168693834703387e-02  1.000000000000000e+00  0.000000000000000e+00 -7.464667994838692e-09  5.415234451992161e-13 
 4.216965034285856e-02  1.000000000000000e+00  0.000000000000000e+00 -7.464249662803013e-09  5.477630744482667e-13 
 4.265795188015960e-02  1.000000000000000e+00  0.000000000000000e+00 -7.464206586149658e-09  5.541022817277034e-13 
 4.315190768277687e-02  1.000000000000000e+00  0.000000000000000e+00 -7.463784701400300e-09  5.604852557901317e-13 
 4.365158322401694e-02  1.000000000000000e+00  0.000000000000000e+00 -7.457816586509125e-09  5.665124722725480e-13 
 4.415704473533161e-02  1.000000000000000e+00  0.000000000000000e+00 -7.458133666204958e-09  5.730969784571686e-13 
 4.466835921509667e-02  1.000000000000000e+00  0.000000000000000e+00 -7.458447415231717e-09  5.797580327330769e-13 
 4.518559443749261e-02  1.000000000000000e+00  0.000000000000000e+00 -7.458013984162903e-09  5.864375260063483e-13 
 4.570881896148788e-02  1.000000000000000e+00  0.000000000000000e+00 -7.457957362788648e-09  5.932236862280029e-13 
 4.623810213992641e-02  1.000000000000000e+00  0.000000000000000e+00 -7.464174833771153e-09  6.006036569418752e-13 
 4.677351412872021e-02  1.000000000000000e+00  0.000000000000000e+00 -7.469302509832687e-09  6.079841774496134e-13 
 4.731512589614845e-02  1.000000000000000e+00  0.000000000000000e+00 -7.468879514860305e-09  6.149887113214264e-13 
 4.786300923226424e-02  1.000000000000000e+00  0.000000000000000e+00 -7.469547869121129e-09  6.221668231354054e-13 
 4.841723675841035e-02  1.000000000000000e+00  0.000000000000000e+00 -7.469111995561661e-09  6.293334095606683e-13 
 4.897788193684505e-02  1.000000000000000e+00  0.000000000000000e+00 -7.463135887064709e-09  6.361009687700563e-13 
 4.954501908047946e-02  1.000000000000000e+00  0.000000000000000e+00 -7.463068829594022e-09  6.434613733834978e-13 
 5.011872336272767e-02  1.000000000000000e+00  0.000000000000000e+00 -7.462260809276700e-09  6.508396182478877e-13 
 5.069907082747089e-02  1.000000000000000e+00  0.000000000000000e+00 -7.462559903359534e-09  6.584031155705892e-13 
 5.128613839913695e-02  1.000000000000000e+00  0.000000000000000e+00 -7.467303442254547e-09  6.664586633188410e-13 
 5.188000389289658e-02  1.000000000000000e+00  0.000000000000000e+00 -7.467229501401107e-09  6.741706105539260e-13 
 5.248074602497774e-02  1.000000000000000e+00  0.000000000000000e+00 -7.460876361164992e-09  6.813829058714166e-13 
 5.308844442309933e-02  1.000000000000000e+00  0.000000000000000e+00 -7.455992045990456e-09  6.888114960249983e-13 
 5.370317963702578e-02  1.000000000000000e+00  0.000000000000000e+00 -7.455911221754263e-09  6.967798613917590e-13 
 5.432503314924383e-02  1.000000000000000e+00  0.000000000000000e+00 -7.455460471206266e-09  7.048056086382633e-13 
 5.495408738576298e-02  1.000000000000000e+00  0.000000000000000e+00 -7.461654405460649e-09  7.135720216406577e-13 
 5.559042572704089e-02  1.000000000000000e+00  0.000000000000000e+00 -7.472667817864931e-09  7.229233831920254e-13 
 5.623413251903545e-02  1.000000000000000e+00  0.000000000000000e+00 -7.461105511197275e-09  7.301377393274418e-13 
 5.688529308438470e-02  1.000000000000000e+00  0.000000000000000e+00 -7.466572027325924e-09  7.391475224582811e-13 
 5.754399373371626e-02  1.000000000000000e+00  0.000000000000000e+00 -7.459471040860421e-09  7.469780349698078e-13 
 5.821032177708772e-02  1.000000000000000e+00  0.000000000000000e+00 -7.460470241582584e-09  7.557305898481319e-13 
 5.888436553555948e-02  1.000000000000000e+00  0.000000000000000e+00 -7.466299356551076e-09  7.650922641381290e-13 
 5.956621435290164e-02  1.000000000000000e+00  0.000000000000000e+00 -7.471750773646590e-09  7.745281413895855e-13 
 6.025595860743638e-02  1.000000000000000e+00  0.000000000000000e+00 -7.459824757916067e-09  7.822194839526585e-13 
 6.095368972401753e-02  1.000000000000000e+00  0.000000000000000e+00 -7.459721285130172e-09  7.912661048143805e-13 
 6.165950018614885e-02  1.000000000000000e+00  0.000000000000000e+00 -7.459978634827280e-09  8.004582419692825e-13 
 6.237348354824256e-02  1.000000000000000e+00  0.000000000000000e+00 -7.465057239031125e-09  8.102897207673685e-13 
 6.309573444801997e-02  1.000000000000000e+00  0.000000000000000e+00 -7.459762141337478e-09  8.190779315571643e-13 
 6.382634861905552e-02  1.000000000000000e+00  0.000000000000000e+00 -7.458558215489575e-09  8.284261790216800e-13 
 6.456542290346622e-02  1.000000000000000e+00  0.000000000000000e+00 -7.458442308205804e-09  8.380055074470515e-13 
 6.531305526474791e-02  1.000000000000000e+00  0.000000000000000e+00 -7.458323958431379e-09  8.476949724960601e-13 
 6.606934480076029e-02  1.000000000000000e+00  0.000000000000000e+00 -7.464120654887552e-09  8.581921177849624e-13 
 6.683439175686216e-02  1.000000000000000e+00  0.000000000000000e+00 -7.457721329373612e-09  8.673681953043723e-13 
 6.760829753919889e-02  1.000000000000000e+00  0.000000000000000e+00 -7.457593875770385e-09  8.773968354469616e-13 
 6.839116472814366e-02  1.000000000000000e+00  0.000000000000000e+00 -7.469654894620703e-09  8.890240346017293e-13 
 6.918309709189439e-02  1.000000000000000e+00  0.000000000000000e+00 -7.462880979858255e-09  8.984861935716208e-13 
 6.998419960022811e-02  1.000000000000000e+00  0.000000000000000e+00 -7.462005235936431e-09  9.087801070757322e-13 
 7.079457843841457e-02  1.000000000000000e+00  0.000000000000000e+00 -7.455959627478137e-09  9.185417338062803e-13 
 7.161434102129099e-02  1.000000000000000e+00  0.000000000000000e+00 -7.462094275823006e-09  9.299572272965254e-13 
 7.244359600749982e-02  1.000000000000000e+00  0.000000000000000e+00 -7.463054618739307e-09  9.408512012081739e-13 
 7.328245331389123e-02  1.000000000000000e+00  0.000000000000000e+00 -7.462174878014594e-09  9.516329521580833e-13 
 7.413102413009259e-02  1.000000000000000e+00  0.000000000000000e+00 -7.473490937215388e-09  9.641421592067181e-13 
 7.498942093324644e-02  1.000000000000000e+00  0.000000000000000e+00 -7.467425344742651e-09  9.744985771712141e-13 
 7.585775750291925e-02  1.000000000000000e+00  0.000000000000000e+00 -7.466895768359905e-09  9.857103503967382e-13 
 7.673614893618277e-02  1.000000000000000e+00  0.000000000000000e+00 -7.460086770549879e-09  9.961945812025955e-13 
 7.762471166287006e-02  1.000000000000000e+00  0.000000000000000e+00 -7.465838391951252e-09  1.008525119032246e-12 
 7.852356346100808e-02  1.000000000000000e+00  0.000000000000000e+00 -7.471587348817366e-09  1.021006842955398e-12 
 7.943282347242907e-02  1.000000000000000e+00  0.000000000000000e+00 -7.459207918003585e-09  1.031079749979488e-12 
 8.035261221856266e-02  1.000000000000000e+00  0.000000000000000e+00 -7.464953322156020e-09  1.043839617162172e-12 
 8.128305161641088e-02  1.000000000000000e+00  0.000000000000000e+00 -7.458115902636564e-09  1.054939192784006e-12 
 8.222426499470809e-02  1.000000000000000e+00  0.000000000000000e+00 -7.458309081442849e-09  1.067182322719570e-12 
 8.317637711026808e-02  1.000000000000000e+00  0.000000000000000e+00 -7.463664353224431e-09  1.080333138660508e-12 
 8.413951416452051e-02  1.000000000000000e+00  0.000000000000000e+00 -7.457914952269107e-09  1.091982266015973e-12 
 8.511380382023866e-02  1.000000000000000e+00  0.000000000000000e+00 -7.462539475255880e-09  1.105326404448836e-12 
 8.609937521846109e-02  1.000000000000000e+00  0.000000000000000e+00 -7.462335416263954e-09  1.118094180761960e-12 
 8.709635899560911e-02  1.000000000000000e+00  0.000000000000000e+00 -7.468777374342039e-09  1.132037629567920e-12 
 8.810488730080247e-02  1.000000000000000e+00  0.000000000000000e+00 -7.462644058264800e-09  1.144186206456353e-12 
 8.912509381337563e-02  1.000000000000000e+00  0.000000000000000e+00 -7.461324447177731e-09  1.157226131150016e-12 
 9.015711376059679e-02  1.000000000000000e+00  0.000000000000000e+00 -7.466287144097805e-09  1.171422285198137e-12 
 9.120108393559209e-02  1.000000000000000e+00  0.000000000000000e+00 -7.454972195120035e-09  1.183151886635983e-12 
 9.225714271547746e-02  1.000000000000000e+00  0.000000000000000e+00 -7.472113816575643e-09  1.199663516213357e-12 
 9.332543007970026e-02  1.000000000000000e+00  0.000000000000000e+00 -7.459675543941557e-09  1.211490415809692e-12 
 9.440608762859351e-02  1.000000000000000e+00  0.000000000000000e+00 -7.464985296579130e-09  1.226410481133262e-12 
 9.549925860214478e-02  1.000000000000000e+00  0.000000000000000e+00 -7.458448525454742e-09  1.239502450760517e-12 
 9.660508789898255e-02  1.000000000000000e+00  0.000000000000000e+00 -7.470758678351785e-09  1.255970290938127e-12 
 9.772372209558230e-02  1.000000000000000e+00  0.000000000000000e+00 -7.457566120194770e-09  1.268222382445877e-12 
 9.885530946569514e-02  1.000000000000000e+00  0.000000000000000e+00 -7.462843676364628e-09  1.283832049525381e-12 
 1.000000000000013e-01  1.000000000000000e+00  0.000000000000000e+00 -7.462207074482308e-09  1.298586571384866e-12 
 1.011579454259911e-01  1.000000000000000e+00  0.000000000000000e+00 -7.473754282116829e-09  1.315698687910423e-12 
 1.023292992280767e-01  1.000000000000000e+00  0.000000000000000e+00 -7.461267603758870e-09  1.328664637941167e-12 
 1.035142166679357e-01  1.000000000000000e+00  0.000000000000000e+00 -7.466897766761349e-09  1.345085073119173e-12 
 1.047128548050913e-01  1.000000000000000e+00  0.000000000000000e+00 -7.459940443155233e-09  1.359365723329377e-12 
 1.059253725177303e-01  1.000000000000000e+00  0.000000000000000e+00 -7.453351713593293e-09  1.373863165845400e-12 
 1.071519305237620e-01  1.000000000000000e+00  0.000000000000000e+00 -7.465238871517954e-09  1.392039481397172e-12 
 1.083926914021218e-01  1.000000000000000e+00  0.000000000000000e+00 -7.458629713852361e-09  1.406886104067306e-12 
 1.096478196143199e-01  1.000000000000000e+00  0.000000000000000e+00 -7.469030949280864e-09  1.425200618239116e-12 
 1.109174815262416e-01  1.000000000000000e+00  0.000000000000000e+00 -7.469063589837788e-09  1.441712591109679e-12 
 1.122018454301978e-01  1.000000000000000e+00  0.000000000000000e+00 -7.461697260069400e-09  1.456936448498933e-12 
 1.135010815672330e-01  1.000000000000000e+00  0.000000000000000e+00 -7.460991602314948e-09  1.473663938017228e-12 
 1.148153621496898e-01  1.000000000000000e+00  0.000000000000000e+00 -7.473186514062036e-09  1.493216607648799e-12 
 1.161448613840358e-01  1.000000000000000e+00  0.000000000000000e+00 -7.465805751394328e-09  1.508984825955259e-12 
 1.174897554939545e-01  1.000000000000000e+00  0.000000000000000e+00 -7.459136197596195e-09  1.525064924856775e-12 
 1.188502227437035e-01  1.000000000000000e+00  0.000000000000000e+00 -7.458377915270376e-09  1.542563758999257e-12 
 1.202264434617429e-01  1.000000000000000e+00  0.000000000000000e+00 -7.468722973413833e-09  1.562637503017509e-12 
 1.216186000646385e-01  1.000000000000000e+00  0.000000000000000e+00 -7.468685225830995e-09  1.580725055789747e-12 
 1.230268770812399e-01  1.000000000000000e+00  0.000000000000000e+00 -7.456072870226649e-09  1.596266675048064e-12 
 1.244514611771402e-01  1.000000000000000e+00  0.000000000000000e+00 -7.455283723700745e-09  1.614577553469915e-12 
 1.258925411794185e-01  1.000000000000000e+00  0.000000000000000e+00 -7.465582596566378e-09  1.635579162432236e-12 
 1.273503081016679e-01  1.000000000000000e+00  0.000000000000000e+00 -7.453670347601360e-09  1.651819898577866e-12 
 1.288249551693152e-01  1.000000000000000e+00  0.000000000000000e+00 -7.457659156884233e-09  1.671861180058415e-12 
 1.303166778452318e-01  1.000000000000000e+00  0.000000000000000e+00 -7.462739315400313e-09  1.692397954743163e-12 
 1.318256738556426e-01  1.000000000000000e+00  0.000000000000000e+00 -7.468188067960568e-09  1.713269986027963e-12 
 1.333521432163343e-01  1.000000000000000e+00  0.000000000000000e+00 -7.467699125740523e-09  1.732992532120660e-12 
 1.348962882591673e-01  1.000000000000000e+00  0.000000000000000e+00 -7.466474327699757e-09  1.752770166053254e-12 
 1.364583136588944e-01  1.000000000000000e+00  0.000000000000000e+00 -7.459302731049888e-09  1.771324865013320e-12 
 1.380384264602905e-01  1.000000000000000e+00  0.000000000000000e+00 -7.463604401181101e-09  1.792891897174409e-12 
 1.396368361055958e-01  1.000000000000000e+00  0.000000000000000e+00 -7.462698903282217e-09  1.813426332923257e-12 
 1.412537544622775e-01  1.000000000000000e+00  0.000000000000000e+00 -7.461787188134394e-09  1.834193937307787e-12 
 1.428893958511124e-01  1.000000000000000e+00  0.000000000000000e+00 -7.460494666489126e-09  1.855106276858992e-12 
 1.445439770745949e-01  1.000000000000000e+00  0.000000000000000e+00 -7.459557860300947e-09  1.876343568411078e-12 
 1.462177174456740e-01  1.000000000000000e+00  0.000000000000000e+00 -7.464153961578290e-09  1.899269028404011e-12 
 1.479108388168229e-01  1.000000000000000e+00  0.000000000000000e+00 -7.469471485777035e-09  1.922660423056344e-12 
 1.496235656094456e-01  1.000000000000000e+00  0.000000000000000e+00 -7.461473661152240e-09  1.942794382441676e-12 
 1.513561248436231e-01  1.000000000000000e+00  0.000000000000000e+00 -7.460482676080460e-09  1.965027606856196e-12 
 1.531087461682053e-01  1.000000000000000e+00  0.000000000000000e+00 -7.465755347269010e-09  1.989211874368424e-12 
 1.548816618912505e-01  1.000000000000000e+00  0.000000000000000e+00 -7.464363127596130e-09  2.011866636680251e-12 
 1.566751070108173e-01  1.000000000000000e+00  0.000000000000000e+00 -7.462593210050272e-09  2.034667631626977e-12 
 1.584893192461138e-01  1.000000000000000e+00  0.000000000000000e+00 -7.461171680489542e-09  2.057826676592139e-12 
 1.603245390690066e-01  1.000000000000000e+00  0.000000000000000e+00 -7.466383733500948e-09  2.083143521625490e-12 
 1.621810097358955e-01  1.000000000000000e+00  0.000000000000000e+00 -7.457905848440305e-09  2.104819156460018e-12 
 1.640589773199564e-01  1.000000000000000e+00  0.000000000000000e+00 -7.468270446508996e-09  2.132213886557318e-12 
 1.659586907437586e-01  1.000000000000000e+00  0.000000000000000e+00 -7.461600448621653e-09  2.154937477343688e-12 
 1.678804018122586e-01  1.000000000000000e+00  0.000000000000000e+00 -7.465651208349300e-09  2.181101522957408e-12 
 1.698243652461771e-01  1.000000000000000e+00  0.000000000000000e+00 -7.458200945720250e-09  2.204108171124510e-12 
 1.717908387157615e-01  1.000000000000000e+00  0.000000000000000e+00 -7.462210849240591e-09  2.230851884973145e-12 
 1.737800828749403e-01  1.000000000000000e+00  0.000000000000000e+00 -7.454001416107303e-09  2.254146029178765e-12 
 1.757923613958720e-01  1.000000000000000e+00  0.000000000000000e+00 -7.453158978876218e-09  2.279985882963969e-12 
 1.778279410038951e-01  1.000000000000000e+00  0.000000000000000e+00 -7.463019979780938e-09  2.309506858703718e-12 
 1.798870915128817e-01  1.000000000000000e+00  0.000000000000000e+00 -7.461779194528617e-09  2.335853167556773e-12 
 1.819700858610012e-01  1.000000000000000e+00  0.000000000000000e+00 -7.465312146237579e-09  2.364045158607857e-12 
 1.840772001468985e-01  1.000000000000000e+00  0.000000000000000e+00 -7.458101913826454e-09  2.389057803060798e-12 
 1.862087136662897e-01  1.000000000000000e+00  0.000000000000000e+00 -7.461600892710862e-09  2.417883490760237e-12 
 1.883649089489831e-01  1.000000000000000e+00  0.000000000000000e+00 -7.465441376197646e-09  2.447164706240674e-12 
 1.905460717963278e-01  1.000000000000000e+00  0.000000000000000e+00 -7.458171413787795e-09  2.473039708730050e-12 
 1.927524913190967e-01  1.000000000000000e+00  0.000000000000000e+00 -7.461964157684520e-09  2.502971910442423e-12 
 1.949844599758077e-01  1.000000000000000e+00  0.000000000000000e+00 -7.465734697120752e-09  2.533264192345769e-12 
 1.972422736114886e-01  1.000000000000000e+00  0.000000000000000e+00 -7.457655160081345e-09  2.559763806896322e-12 
 1.995262314968912e-01  1.000000000000000e+00  0.000000000000000e+00 -7.461752327131421e-09  2.590858851067009e-12 
 2.018366363681594e-01  1.000000000000000e+00  0.000000000000000e+00 -7.465456031141571e-09  2.622188653224823e-12 
 2.041737944669563e-01  1.000000000000000e+00  0.000000000000000e+00 -7.456921524706672e-09  2.649453470603368e-12 
 2.065380155810564e-01  1.000000000000000e+00  0.000000000000000e+00 -7.460202233744440e-09  2.681339947274275e-12 
 2.089296130854074e-01  1.000000000000000e+00  0.000000000000000e+00 -7.464192375294942e-09  2.713871209459193e-12 
 2.113489039836682e-01  1.000000000000000e+00  0.000000000000000e+00 -7.461499640371017e-09  2.744279014401037e-12 
 2.137962089502268e-01  1.000000000000000e+00  0.000000000000000e+00 -7.465437601439362e-09  2.777553641528136e-12 
 2.162718523727057e-01  1.000000000000000e+00  0.000000000000000e+00 -7.461576245759716e-09  2.808233233455309e-12 
 2.187761623949590e-01  1.000000000000000e+00  0.000000000000000e+00 -7.471742113906998e-09  2.844705945058123e-12 
 2.213094709605676e-01  1.000000000000000e+00  0.000000000000000e+00 -7.463744067237599e-09  2.874499574311142e-12 
 2.238721138568378e-01  1.000000000000000e+00  0.000000000000000e+00 -7.460173145901194e-09  2.906359681959664e-12 
 2.264644307593099e-01  1.000000000000000e+00  0.000000000000000e+00 -7.457675588184998e-09  2.939006078725829e-12 
 2.290867652767813e-01  1.000000000000000e+00  0.000000000000000e+00 -7.471782081935885e-09  2.978791227560959e-12 
 2.317394649968519e-01  1.000000000000000e+00  0.000000000000000e+00 -7.463651918726555e-09  3.009928093771658e-12 
 2.344228815319963e-01  1.000000000000000e+00  0.000000000000000e+00 -7.472522156604100e-09  3.048480089558179e-12 
 2.371373705661697e-01  1.000000000000000e+00  0.000000000000000e+00 -7.463231366244827e-09  3.079863914087706e-12 
 2.398832919019533e-01  1.000000000000000e+00  0.000000000000000e+00 -7.471281593396384e-09  3.118958156213386e-12 
 2.426610095082458e-01  1.000000000000000e+00  0.000000000000000e+00 -7.457102269015081e-09  3.148958626319617e-12 
 2.454708915685074e-01  1.000000000000000e+00  0.000000000000000e+00 -7.465084106428321e-09  3.188904172490013e-12 
 2.483133105295615e-01  1.000000000000000e+00  0.000000000000000e+00 -7.468213159000925e-09  3.227214043643864e-12 
 2.511886431509625e-01  1.000000000000000e+00  0.000000000000000e+00 -7.458002659888052e-09  3.260021790683830e-12 
 2.540972705549351e-01  1.000000000000000e+00  0.000000000000000e+00 -7.467346740952507e-09  3.301992680272551e-12 
 2.570395782768911e-01  1.000000000000000e+00  0.000000000000000e+00 -7.457406470123829e-09  3.335682762197498e-12 
 2.600159563165320e-01  1.000000000000000e+00  0.000000000000000e+00 -7.465556839392207e-09  3.378079875178622e-12 
 2.630267991895430e-01  1.000000000000000e+00  0.000000000000000e+00 -7.467376716974172e-09  3.418045990075069e-12 
 2.660725059798859e-01  1.000000000000000e+00  0.000000000000000e+00 -7.458416328987028e-09  3.453386258385013e-12 
 2.691534803926965e-01  1.000000000000000e+00  0.000000000000000e+00 -7.460155382332800e-09  3.494203335535148e-12 
 2.722701308077963e-01  1.000000000000000e+00  0.000000000000000e+00 -7.461466555724883e-09  3.535298442819594e-12 
 2.754228703338217e-01  1.000000000000000e+00  0.000000000000000e+00 -7.469390883585447e-09  3.580127014327212e-12 
 2.786121168629822e-01  1.000000000000000e+00  0.000000000000000e+00 -7.470978502510661e-09  3.622365982882187e-12 
 2.818382931264506e-01  1.000000000000000e+00  0.000000000000000e+00 -7.454780348581380e-09  3.656187801048858e-12 
 2.851018267503962e-01  1.000000000000000e+00  0.000000000000000e+00 -7.462544138192584e-09  3.702461675171121e-12 
 2.884031503126660e-01  1.000000000000000e+00  0.000000000000000e+00 -7.463612838876088e-09  3.745882510862043e-12 
 2.917427014001222e-01  1.000000000000000e+00  0.000000000000000e+00 -7.470544627352638e-09  3.792859442010807e-12 
 2.951209226666441e-01  1.000000000000000e+00  0.000000000000000e+00 -7.466317564208680e-09  3.834548526411425e-12 
 2.985382618918016e-01  1.000000000000000e+00  0.000000000000000e+00 -7.466498974650904e-09  3.879063277453101e-12 
 3.019951720402074e-01  1.000000000000000e+00  0.000000000000000e+00 -7.461429918365070e-09  3.921254304525597e-12 
 3.054921113215572e-01  1.000000000000000e+00  0.000000000000000e+00 -7.457038320168863e-09  3.964265436891498e-12 
 3.090295432513650e-01  1.000000000000000e+00  0.000000000000000e+00 -7.469978191565474e-09  4.017289497875185e-12 
 3.126079367124016e-01  1.000000000000000e+00  0.000000000000000e+00 -7.464360018971661e-09  4.060680900865256e-12 
 3.162277660168441e-01  1.000000000000000e+00  0.000000000000000e+00 -7.458693440653974e-09  4.104520461165899e-12 
 3.198895109691461e-01  1.000000000000000e+00  0.000000000000000e+00 -7.471065543995792e-09  4.159073578998243e-12 
 3.235936569296347e-01  1.000000000000000e+00  0.000000000000000e+00 -7.476361085778649e-09  4.210283652790641e-12 
 3.273406948788447e-01  1.000000000000000e+00  0.000000000000000e+00 -7.471236518341584e-09  4.256061353382428e-12 
 3.311311214825977e-01  1.000000000000000e+00  0.000000000000000e+00 -7.464566520454241e-09  4.301411151061062e-12 
 3.349654391578343e-01  1.000000000000000e+00  0.000000000000000e+00 -7.470390306352215e-09  4.354689596023493e-12 
 3.388441561392093e-01  1.000000000000000e+00  0.000000000000000e+00 -7.476139041173724e-09  4.408575165496040e-12 
 3.427677865464572e-01  1.000000000000000e+00  0.000000000000000e+00 -7.457788386844300e-09  4.448447742160311e-12 
 3.467368504525386e-01  1.000000000000000e+00  0.000000000000000e+00 -7.457110706710068e-09  4.499535252495467e-12 
 3.507518739525751e-01  1.000000000000000e+00  0.000000000000000e+00 -7.457085393625107e-09  4.551622904526981e-12 
 3.548133892335826e-01  1.000000000000000e+00  0.000000000000000e+00 -7.461438356060057e-09  4.607074237867988e-12 
 3.589219346450125e-01  1.000000000000000e+00  0.000000000000000e+00 -7.453873296370261e-09  4.655589228091868e-12 
 3.630780547701087e-01  1.000000000000000e+00  0.000000000000000e+00 -7.458801798421177e-09  4.712679526987131e-12 
 3.672823004980922e-01  1.000000000000000e+00  0.000000000000000e+00 -7.463265339069380e-09  4.770170321191655e-12 
 3.715352290971802e-01  1.000000000000000e+00  0.000000000000000e+00 -7.461372852901604e-09  4.824149264836685e-12 
 3.758374042884519e-01  1.000000000000000e+00  0.000000000000000e+00 -7.466034013248191e-09  4.883125242878685e-12 
 3.801893963205691e-01  1.000000000000000e+00  0.000000000000000e+00 -7.469503238155539e-09  4.942010268719802e-12 
 3.845917820453616e-01  1.000000000000000e+00  0.000000000000000e+00 -7.461050888224463e-09  4.993466651077348e-12 
 3.890451449942888e-01  1.000000000000000e+00  0.000000000000000e+00 -7.459157069789057e-09  5.049974175105395e-12 
 3.935500754557857e-01  1.000000000000000e+00  0.000000000000000e+00 -7.462335416263954e-09  5.110677142047893e-12 
 3.981071705535056e-01  1.000000000000000e+00  0.000000000000000e+00 -7.465800422323809e-09  5.172305803266950e-12 
 4.027170343254676e-01  1.000000000000000e+00  0.000000000000000e+00 -7.462872098074058e-09  5.230099796647182e-12 
 4.073802778041214e-01  1.000000000000000e+00  0.000000000000000e+00 -7.465393636607587e-09  5.292492921168292e-12 
 4.120975190973390e-01  1.000000000000000e+00  0.000000000000000e+00 -7.456337547395719e-09  5.347134101800084e-12 
 4.168693834703443e-01  1.000000000000000e+00  0.000000000000000e+00 -7.465297491293654e-09  5.415702174089601e-12 
 4.216965034285913e-01  1.000000000000000e+00  0.000000000000000e+00 -7.460476458831522e-09  5.474800472291864e-12 
 4.265795188016018e-01  1.000000000000000e+00  0.000000000000000e+00 -7.456266271077538e-09  5.534998482475150e-12 
 4.315190768277745e-01  1.000000000000000e+00  0.000000000000000e+00 -7.458604844856609e-09  5.600882340309695e-12 
 4.365158322401754e-01  1.000000000000000e+00  0.000000000000000e+00 -7.464528772871404e-09  5.670337100082106e-12 
 4.415704473533221e-01  1.000000000000000e+00  0.000000000000000e+00 -7.454781902893615e-09  5.728334023604139e-12 
 4.466835921509728e-01  1.000000000000000e+00  0.000000000000000e+00 -7.455274175782733e-09  5.795060738222340e-12 
 4.518559443749322e-01  1.000000000000000e+00  0.000000000000000e+00 -7.456017137030813e-09  5.862771499640351e-12 
 4.570881896148850e-01  1.000000000000000e+00  0.000000000000000e+00 -7.468093699003475e-09  5.940470134229811e-12 
 4.623810213992704e-01  1.000000000000000e+00  0.000000000000000e+00 -7.456743889022732e-09  5.999920527564044e-12 
 4.677351412872084e-01  1.000000000000000e+00  0.000000000000000e+00 -7.455605910422491e-09  6.068446666349307e-12 
 4.731512589614909e-01  1.000000000000000e+00  0.000000000000000e+00 -7.455806194656134e-09  6.138892250455657e-12 
 4.786300923226489e-01  1.000000000000000e+00  0.000000000000000e+00 -7.461418594090219e-09  6.214757386939578e-12 
 4.841723675841101e-01  1.000000000000000e+00  0.000000000000000e+00 -7.459857620517596e-09  6.285379330611205e-12 
 4.897788193684571e-01  1.000000000000000e+00  0.000000000000000e+00 -7.459254325326015e-09  6.357637112670857e-12 
 4.954501908048012e-01  1.000000000000000e+00  0.000000000000000e+00 -7.469226570577803e-09  6.440026182676616e-12 
 5.011872336272835e-01  1.000000000000000e+00  0.000000000000000e+00 -7.460929207780964e-09  6.507208829375229e-12 
 5.069907082747157e-01  1.000000000000000e+00  0.000000000000000e+00 -7.464294959902418e-09  6.585585723320801e-12 
 5.128613839913764e-01  1.000000000000000e+00  0.000000000000000e+00 -7.468609952709926e-09  6.665790420875287e-12 
 5.188000389289728e-01  1.000000000000000e+00  0.000000000000000e+00 -7.459443507329411e-09  6.734531224570331e-12 
 5.248074602497844e-01  1.000000000000000e+00  0.000000000000000e+00 -7.467136242667038e-09  6.819677921614831e-12 
 5.308844442310003e-01  1.000000000000000e+00  0.000000000000000e+00 -7.463915485672601e-09  6.895606333153978e-12 
 5.370317963702649e-01  1.000000000000000e+00  0.000000000000000e+00 -7.454226125247487e-09  6.966198509573209e-12 
 5.432503314924455e-01  1.000000000000000e+00  0.000000000000000e+00 -7.462105378053252e-09  7.054479885608358e-12 
 5.495408738576371e-01  1.000000000000000e+00  0.000000000000000e+00 -7.462777951161570e-09  7.136814628720826e-12 
 5.559042572704163e-01  1.000000000000000e+00  0.000000000000000e+00 -7.463257567508208e-09  7.219933182003137e-12 
 5.623413251903620e-01  1.000000000000000e+00  0.000000000000000e+00 -7.457259698639973e-09  7.297543459727132e-12 
 5.688529308438545e-01  1.000000000000000e+00  0.000000000000000e+00 -7.470271956577790e-09  7.395200870063222e-12 
 5.754399373371701e-01  1.000000000000000e+00  0.000000000000000e+00 -7.463879292401998e-09  7.474288867623303e-12 
 5.821032177708848e-01  1.000000000000000e+00  0.000000000000000e+00 -7.457259032506158e-09  7.553979656233236e-12 
 5.888436553556026e-01  1.000000000000000e+00  0.000000000000000e+00 -7.467803042615628e-09  7.652494710457130e-12 
 5.956621435290242e-01  1.000000000000000e+00  0.000000000000000e+00 -7.459641127027794e-09  7.732472130807719e-12 
 6.025595860743718e-01  1.000000000000000e+00  0.000000000000000e+00 -7.451629757682099e-09  7.813421606512685e-12 
 6.095368972401833e-01  1.000000000000000e+00  0.000000000000000e+00 -7.460390971658626e-09  7.913408571964818e-12 
 6.165950018614965e-01  1.000000000000000e+00  0.000000000000000e+00 -7.463748952218907e-09  8.008705092974457e-12 
 6.237348354824338e-01  1.000000000000000e+00  0.000000000000000e+00 -7.460572604145455e-09  8.097933198978832e-12 
 6.309573444802080e-01  1.000000000000000e+00  0.000000000000000e+00 -7.468610618843741e-09  8.200702143984576e-12 
 6.382634861905636e-01  1.000000000000000e+00  0.000000000000000e+00 -7.457546136180326e-09  8.283104916918779e-12 
 6.456542290346706e-01  1.000000000000000e+00  0.000000000000000e+00 -7.458798023662894e-09  8.380459436637382e-12 
 6.531305526474876e-01  1.000000000000000e+00  0.000000000000000e+00 -7.463854423406246e-09  8.483378523315224e-12 
 6.606934480076115e-01  1.000000000000000e+00  0.000000000000000e+00 -7.451986583362213e-09  8.567669332847676e-12 
 6.683439175686303e-01  1.000000000000000e+00  0.000000000000000e+00 -7.463150764053239e-09  8.680134210240518e-12 
 6.760829753919977e-01  1.000000000000000e+00  0.000000000000000e+00 -7.467733098565077e-09  8.786163105274673e-12 
 6.839116472814455e-01  1.000000000000000e+00  0.000000000000000e+00 -7.460210227350217e-09  8.878757951939197e-12 
 6.918309709189528e-01  1.000000000000000e+00  0.000000000000000e+00 -7.452381822758980e-09  8.971949976736809e-12 
 6.998419960022901e-01  1.000000000000000e+00  0.000000000000000e+00 -7.465704054965272e-09  9.092400209620757e-12 
 7.079457843841548e-01  1.000000000000000e+00  0.000000000000000e+00 -7.462060969132267e-09  9.193098328927040e-12 
 7.161434102129192e-01  1.000000000000000e+00  0.000000000000000e+00 -7.463291318288157e-09  9.301126341068952e-12 
 7.244359600750074e-01  1.000000000000000e+00  0.000000000000000e+00 -7.476029795228101e-09  9.425220506224447e-12 
 7.328245331389217e-01  1.000000000000000e+00  0.000000000000000e+00 -7.470685847721370e-09  9.527405571011449e-12 
 7.413102413009354e-01  1.000000000000000e+00  0.000000000000000e+00 -7.469071583443565e-09  9.635588172119009e-12 
 7.498942093324740e-01  1.000000000000000e+00  0.000000000000000e+00 -7.463391238360373e-09  9.739602715046121e-12 
 7.585775750292022e-01  1.000000000000000e+00  0.000000000000000e+00 -7.460706274997619e-09  9.848755582336245e-12 
 7.673614893618377e-01  1.000000000000000e+00  0.000000000000000e+00 -7.470227325612200e-09  9.975789006822915e-12 
 7.762471166287107e-01  1.000000000000000e+00  0.000000000000000e+00 -7.466427920377328e-09  1.008604833048803e-11 
 7.852356346100910e-01  1.000000000000000e+00  0.000000000000000e+00 -7.468164309187841e-09  1.020527393936281e-11 
 7.943282347243010e-01  1.000000000000000e+00  0.000000000000000e+00 -7.462866546958935e-09  1.031595351868940e-11 
 8.035261221856370e-01  1.000000000000000e+00  0.000000000000000e+00 -7.463422768694272e-09  1.043621214808847e-11 
 8.128305161641193e-01  1.000000000000000e+00  0.000000000000000e+00 -7.468772933449941e-09  1.056481145988541e-11 
 8.222426499470915e-01  1.000000000000000e+00  0.000000000000000e+00 -7.466675278067214e-09  1.068406855906289e-11 
 8.317637711026916e-01  1.000000000000000e+00  0.000000000000000e+00 -7.464155737935130e-09  1.080405931858050e-11 
 8.413951416452160e-01  1.000000000000000e+00  0.000000000000000e+00 -7.472659602214549e-09  1.094188458354267e-11 
 8.511380382023976e-01  1.000000000000000e+00  0.000000000000000e+00 -7.456673056793761e-09  1.104438280281596e-11 
 8.609937521846222e-01  1.000000000000000e+00  0.000000000000000e+00 -7.463154094722313e-09  1.118219435362650e-11 
 8.709635899561025e-01  1.000000000000000e+00  0.000000000000000e+00 -7.469193707976274e-09  1.132102487940806e-11 
 8.810488730080362e-01  1.000000000000000e+00  0.000000000000000e+00 -7.468071938632193e-09  1.145035342738617e-11 
 8.912509381337680e-01  1.000000000000000e+00  0.000000000000000e+00 -7.472730212398915e-09  1.159032466111988e-11 
 9.015711376059796e-01  1.000000000000000e+00  0.000000000000000e+00 -7.468769824825472e-09  1.171818423294479e-11 
 9.120108393559329e-01  1.000000000000000e+00  0.000000000000000e+00 -7.458381023894844e-09  1.183704960696567e-11 
 9.225714271547866e-01  1.000000000000000e+00  0.000000000000000e+00 -7.459292961087272e-09  1.197560238058531e-11 
 9.332543007970148e-01  1.000000000000000e+00  0.000000000000000e+00 -7.464104223586787e-09  1.212225151434317e-11 
 9.440608762859475e-01  1.000000000000000e+00  0.000000000000000e+00 -7.457264361576676e-09  1.225116113025466e-11 
 9.549925860214604e-01  1.000000000000000e+00  0.000000000000000e+00 -7.472797936003417e-09  1.241938064119936e-11 
 9.660508789898382e-01  1.000000000000000e+00  0.000000000000000e+00 -7.462603868191309e-09  1.254568244674825e-11 
 9.772372209558359e-01  1.000000000000000e+00  0.000000000000000e+00 -7.469569629492412e-09  1.270305567639823e-11 
 9.885530946569644e-01  1.000000000000000e+00  0.000000000000000e+00 -7.468905938168291e-09  1.284897203099494e-11 
 1.000000000000026e+00  1.000000000000000e+00  0.000000000000000e+00 -7.461333106917323e-09  1.298432945143630e-11 
 1.011579454259925e+00  1.000000000000000e+00  0.000000000000000e+00 -7.464970863679810e-09  1.314120537083759e-11 
 1.023292992280781e+00  1.000000000000000e+00  0.000000000000000e+00 -7.466470774986078e-09  1.329610108502102e-11 
 1.035142166679371e+00  1.000000000000000e+00  0.000000000000000e+00 -7.460658757452165e-09  1.343936986195823e-11 
 1.047128548050927e+00  1.000000000000000e+00  0.000000000000000e+00 -7.460449369389721e-09  1.359459738838150e-11 
 1.059253725177317e+00  1.000000000000000e+00  0.000000000000000e+00 -7.469528551240501e-09  1.376912147873739e-11 
 1.071519305237635e+00  1.000000000000000e+00  0.000000000000000e+00 -7.459414863575375e-09  1.390928092255671e-11 
 1.083926914021232e+00  1.000000000000000e+00  0.000000000000000e+00 -7.466326668037482e-09  1.408367190157907e-11 
 1.096478196143214e+00  1.000000000000000e+00  0.000000000000000e+00 -7.459545869892281e-09  1.423353502334592e-11 
 1.109174815262431e+00  1.000000000000000e+00  0.000000000000000e+00 -7.456453232634885e-09  1.439224886389998e-11 
 1.122018454301993e+00  1.000000000000000e+00  0.000000000000000e+00 -7.470692287014913e-09  1.458729960103385e-11 
 1.135010815672345e+00  1.000000000000000e+00  0.000000000000000e+00 -7.464903584164517e-09  1.474452500236459e-11 
 1.148153621496913e+00  1.000000000000000e+00  0.000000000000000e+00 -7.470132068476687e-09  1.492595294566546e-11 
 1.161448613840374e+00  1.000000000000000e+00  0.000000000000000e+00 -7.460119411106803e-09  1.507810208595484e-11 
 1.174897554939561e+00  1.000000000000000e+00  0.000000000000000e+00 -7.455893458185869e-09  1.524385859820128e-11 
 1.188502227437050e+00  1.000000000000000e+00  0.000000000000000e+00 -7.461885553894376e-09  1.543306133235822e-11 
 1.202264434617445e+00  1.000000000000000e+00  0.000000000000000e+00 -7.465150053675984e-09  1.561872626310438e-11 
 1.216186000646401e+00  1.000000000000000e+00  0.000000000000000e+00 -7.448625494177463e-09  1.576384825093315e-11 
 1.230268770812415e+00  1.000000000000000e+00  0.000000000000000e+00 -7.472956253806728e-09  1.599961789429709e-11 
 1.244514611771419e+00  1.000000000000000e+00  0.000000000000000e+00 -7.470806639986449e-09  1.618014456219601e-11 
 1.258925411794201e+00  1.000000000000000e+00  0.000000000000000e+00 -7.466584461823800e-09  1.635804166596749e-11 
 1.273503081016697e+00  1.000000000000000e+00  0.000000000000000e+00 -7.466528284538754e-09  1.654730945500763e-11 
 1.288249551693169e+00  1.000000000000000e+00  0.000000000000000e+00 -7.458410555827300e-09  1.672035254557764e-11 
 1.303166778452335e+00  1.000000000000000e+00  0.000000000000000e+00 -7.472174878841997e-09  1.694583331265969e-11 
 1.318256738556443e+00  1.000000000000000e+00  0.000000000000000e+00 -7.464527218559169e-09  1.712412055657736e-11 
 1.333521432163361e+00  1.000000000000000e+00  0.000000000000000e+00 -7.462443329941948e-09  1.731749789542063e-11 
 1.348962882591691e+00  1.000000000000000e+00  0.000000000000000e+00 -7.468471618921058e-09  1.753246928623338e-11 
 1.364583136588962e+00  1.000000000000000e+00  0.000000000000000e+00 -7.455229100727934e-09  1.770334832255494e-11 
 1.380384264602923e+00  1.000000000000000e+00  0.000000000000000e+00 -7.469279639238380e-09  1.794282591167309e-11 
 1.396368361055977e+00  1.000000000000000e+00  0.000000000000000e+00 -7.468448970371355e-09  1.814855843079762e-11 
 1.412537544622794e+00  1.000000000000000e+00  0.000000000000000e+00 -7.466013363099933e-09  1.835256306967829e-11 
 1.428893958511143e+00  1.000000000000000e+00  0.000000000000000e+00 -7.454547867880024e-09  1.853594762637067e-11 
 1.445439770745968e+00  1.000000000000000e+00  0.000000000000000e+00 -7.457696460377861e-09  1.875866564472338e-11 
 1.462177174456759e+00  1.000000000000000e+00  0.000000000000000e+00 -7.465059903566384e-09  1.899503480350195e-11 
 1.479108388168249e+00  1.000000000000000e+00  0.000000000000000e+00 -7.463309303901156e-09  1.921040511406327e-11 
 1.496235656094476e+00  1.000000000000000e+00  0.000000000000000e+00 -7.459435513723633e-09  1.942254930292157e-11 
 1.513561248436251e+00  1.000000000000000e+00  0.000000000000000e+00 -7.463409668062582e-09  1.965813107236610e-11 
 1.531087461682074e+00  1.000000000000000e+00  0.000000000000000e+00 -7.459621143013351e-09  1.987543887973822e-11 
 1.548816618912526e+00  1.000000000000000e+00  0.000000000000000e+00 -7.458055284459419e-09  2.010129114033022e-11 
 1.566751070108194e+00  1.000000000000000e+00  0.000000000000000e+00 -7.459414863575375e-09  2.033784910349389e-11 
 1.584893192461159e+00  1.000000000000000e+00  0.000000000000000e+00 -7.469927121306341e-09  2.060293649729127e-11 
 1.603245390690088e+00  1.000000000000000e+00  0.000000000000000e+00 -7.459254991459829e-09  2.081107919398064e-11 
 1.621810097358977e+00  1.000000000000000e+00  0.000000000000000e+00 -7.469150631322918e-09  2.108060607740171e-11 
 1.640589773199587e+00  1.000000000000000e+00  0.000000000000000e+00 -7.462969797700225e-09  2.130671001784624e-11 
 1.659586907437609e+00  1.000000000000000e+00  0.000000000000000e+00 -7.459881379290323e-09  2.154429675747561e-11 
 1.678804018122609e+00  1.000000000000000e+00  0.000000000000000e+00 -7.465397411365871e-09  2.181026197460903e-11 
 1.698243652461794e+00  1.000000000000000e+00  0.000000000000000e+00 -7.454352468627690e-09  2.202940487166160e-11 
 1.717908387157638e+00  1.000000000000000e+00  0.000000000000000e+00 -7.464020290726125e-09  2.231404736698169e-11 
 1.737800828749426e+00  1.000000000000000e+00  0.000000000000000e+00 -7.458144768435204e-09  2.255428126033057e-11 
 1.757923613958744e+00  1.000000000000000e+00  0.000000000000000e+00 -7.460350559540530e-09  2.282236585903598e-11 
 1.778279410038975e+00  1.000000000000000e+00  0.000000000000000e+00 -7.464293183545578e-09  2.309907788196774e-11 
 1.798870915128841e+00  1.000000000000000e+00  0.000000000000000e+00 -7.470676299803358e-09  2.338698848747284e-11 
 1.819700858610037e+00  1.000000000000000e+00  0.000000000000000e+00 -7.466137930123296e-09  2.364310843557247e-11 
 1.840772001469010e+00  1.000000000000000e+00  0.000000000000000e+00 -7.463562434750770e-09  2.390843544069694e-11 
 1.862087136662923e+00  1.000000000000000e+00  0.000000000000000e+00 -7.469204810206520e-09  2.420395889658763e-11 
 1.883649089489857e+00  1.000000000000000e+00  0.000000000000000e+00 -7.469687757222232e-09  2.448588567341224e-11 
 1.905460717963304e+00  1.000000000000000e+00  0.000000000000000e+00 -7.466081308749040e-09  2.475716714990229e-11 
 1.927524913190994e+00  1.000000000000000e+00  0.000000000000000e+00 -7.463138107510758e-09  2.503374754783157e-11 
 1.949844599758104e+00  1.000000000000000e+00  0.000000000000000e+00 -7.455268846712215e-09  2.529637458217948e-11 
 1.972422736114913e+00  1.000000000000000e+00  0.000000000000000e+00 -7.467165552554889e-09  2.563100127257555e-11 
 1.995262314968940e+00  1.000000000000000e+00  0.000000000000000e+00 -7.461441908773736e-09  2.590748375942536e-11 
 2.018366363681622e+00  1.000000000000000e+00  0.000000000000000e+00 -7.457612305472594e-09  2.619375597472334e-11 
 2.041737944669591e+00  1.000000000000000e+00  0.000000000000000e+00 -7.465650764260090e-09  2.652623616356414e-11 
 2.065380155810592e+00  1.000000000000000e+00  0.000000000000000e+00 -7.462181317308136e-09  2.682061267988129e-11 
 2.089296130854103e+00  1.000000000000000e+00  0.000000000000000e+00 -7.460429385375278e-09  2.712470704003085e-11 
 2.113489039836711e+00  1.000000000000000e+00  0.000000000000000e+00 -7.462950035730387e-09  2.744828052168310e-11 
 2.137962089502297e+00  1.000000000000000e+00  0.000000000000000e+00 -7.461167905731259e-09  2.775930373956082e-11 
 2.162718523727087e+00  1.000000000000000e+00  0.000000000000000e+00 -7.465004614459758e-09  2.809549780894512e-11 
 2.187761623949620e+00  1.000000000000000e+00  0.000000000000000e+00 -7.468828666645777e-09  2.843574101483109e-11 
 2.213094709605706e+00  1.000000000000000e+00  0.000000000000000e+00 -7.460384088275873e-09  2.873176780385118e-11 
 2.238721138568408e+00  1.000000000000000e+00  0.000000000000000e+00 -7.469543650273636e-09  2.910094811478727e-11 
 2.264644307593129e+00  1.000000000000000e+00  0.000000000000000e+00 -7.472202412373008e-09  2.944860186486267e-11 
 2.290867652767844e+00  1.000000000000000e+00  0.000000000000000e+00 -7.450551509080583e-09  2.970143631986127e-11 
 2.317394649968550e+00  1.000000000000000e+00  0.000000000000000e+00 -7.464407980606325e-09  3.010247711939895e-11 
 2.344228815319995e+00  1.000000000000000e+00  0.000000000000000e+00 -7.464140194812785e-09  3.044983409178776e-11 
 2.371373705661729e+00  1.000000000000000e+00  0.000000000000000e+00 -7.469256324554863e-09  3.082401312668686e-11 
 2.398832919019565e+00  1.000000000000000e+00  0.000000000000000e+00 -7.467851226294897e-09  3.117499422567874e-11 
 2.426610095082491e+00  1.000000000000000e+00  0.000000000000000e+00 -7.458386352965363e-09  3.149515919222349e-11 
 2.454708915685107e+00  1.000000000000000e+00  0.000000000000000e+00 -7.470336793602428e-09  3.191203478100746e-11 
 2.483133105295648e+00  1.000000000000000e+00  0.000000000000000e+00 -7.457763073759338e-09  3.222596352962909e-11 
 2.511886431509659e+00  1.000000000000000e+00  0.000000000000000e+00 -7.460505990763977e-09  3.261138898042849e-11 
 2.540972705549385e+00  1.000000000000000e+00  0.000000000000000e+00 -7.462198858831925e-09  3.299665466715563e-11 
 2.570395782768945e+00  1.000000000000000e+00  0.000000000000000e+00 -7.466497642383274e-09  3.339839184381947e-11 
 2.600159563165354e+00  1.000000000000000e+00  0.000000000000000e+00 -7.468454965575688e-09  3.379417163627731e-11 
 2.630267991895465e+00  1.000000000000000e+00  0.000000000000000e+00 -7.456890882551193e-09  3.413141816718023e-11 
 2.660725059798894e+00  1.000000000000000e+00  0.000000000000000e+00 -7.464610707330621e-09  3.456316031868327e-11 
 2.691534803927001e+00  1.000000000000000e+00  0.000000000000000e+00 -7.457508388597489e-09  3.492943499204342e-11 
 2.722701308077999e+00  1.000000000000000e+00  0.000000000000000e+00 -7.464646900601224e-09  3.536839459101134e-11 
 2.754228703338254e+00  1.000000000000000e+00  0.000000000000000e+00 -7.457135131616610e-09  3.574118025893566e-11 
 2.786121168629859e+00  1.000000000000000e+00  0.000000000000000e+00 -7.463674567276257e-09  3.618745926155965e-11 
 2.818382931264544e+00  1.000000000000000e+00  0.000000000000000e+00 -7.459397766140796e-09  3.658501851999720e-11 
 2.851018267504001e+00  1.000000000000000e+00  0.000000000000000e+00 -7.463030859966580e-09  3.702710399696581e-11 
 2.884031503126699e+00  1.000000000000000e+00  0.000000000000000e+00 -7.463010209818322e-09  3.745574300313840e-11 
 2.917427014001261e+00  1.000000000000000e+00  0.000000000000000e+00 -7.463981877009473e-09  3.789452269093189e-11 
 2.951209226666481e+00  1.000000000000000e+00  0.000000000000000e+00 -7.453670125556755e-09  3.827921936781836e-11 
 2.985382618918056e+00  1.000000000000000e+00  0.000000000000000e+00 -7.467427121099490e-09  3.879544325913283e-11 
 3.019951720402114e+00  1.000000000000000e+00  0.000000000000000e+00 -7.458162087914388e-09  3.919499291497687e-11 
 3.054921113215613e+00  1.000000000000000e+00  0.000000000000000e+00 -7.461255835394809e-09  3.966557856817878e-11 
 3.090295432513691e+00  1.000000000000000e+00  0.000000000000000e+00 -7.464334261797489e-09  4.014186349548354e-11 
 3.126079367124057e+00  1.000000000000000e+00  0.000000000000000e+00 -7.466929963229063e-09  4.062108043093511e-11 
 3.162277660168483e+00  1.000000000000000e+00  0.000000000000000e+00 -7.456703032815426e-09  4.103389652199278e-11 
 3.198895109691503e+00  1.000000000000000e+00  0.000000000000000e+00 -7.457882533756788e-09  4.151579170256697e-11 
 3.235936569296389e+00  1.000000000000000e+00  0.000000000000000e+00 -7.468490492712476e-09  4.205756840441356e-11 
 3.273406948788490e+00  1.000000000000000e+00  0.000000000000000e+00 -7.473560881265939e-09  4.257408550655888e-11 
 3.311311214826020e+00  1.000000000000000e+00  0.000000000000000e+00 -7.463009987773717e-09  4.300496026847773e-11 
 3.349654391578388e+00  1.000000000000000e+00  0.000000000000000e+00 -7.469534546444834e-09  4.354177592693961e-11 
 3.388441561392138e+00  1.000000000000000e+00  0.000000000000000e+00 -7.467498619462276e-09  4.403367152810194e-11 
 3.427677865464617e+00  1.000000000000000e+00  0.000000000000000e+00 -7.473334617813521e-09  4.457912117063683e-11 
 3.467368504525432e+00  1.000000000000000e+00  0.000000000000000e+00 -7.458818229721942e-09  4.500593903818514e-11 
 3.507518739525797e+00  1.000000000000000e+00  0.000000000000000e+00 -7.458856421393989e-09  4.552726881382423e-11 
 3.548133892335873e+00  1.000000000000000e+00  0.000000000000000e+00 -7.472922280982175e-09  4.614318305714923e-11 
 3.589219346450172e+00  1.000000000000000e+00  0.000000000000000e+00 -7.463884399427911e-09  4.661987974072217e-11 
 3.630780547701135e+00  1.000000000000000e+00  0.000000000000000e+00 -7.457032324964530e-09  4.711538341657795e-11 
 3.672823004980970e+00  1.000000000000000e+00  0.000000000000000e+00 -7.463291318288157e-09  4.770183328319590e-11 
 3.715352290971850e+00  1.000000000000000e+00  0.000000000000000e+00 -7.469510787672107e-09  4.829522955330011e-11 
 3.758374042884568e+00  1.000000000000000e+00  0.000000000000000e+00 -7.463678342034541e-09  4.881552747975561e-11 
 3.801893963205740e+00  1.000000000000000e+00  0.000000000000000e+00 -7.469625362688248e-09  4.942100660603098e-11 
 3.845917820453665e+00  1.000000000000000e+00  0.000000000000000e+00 -7.463087037251626e-09  4.994852410790987e-11 
 3.890451449942937e+00  1.000000000000000e+00  0.000000000000000e+00 -7.461222084614860e-09  5.051413139393670e-11 
 3.935500754557907e+00  1.000000000000000e+00  0.000000000000000e+00 -7.457188644366397e-09  5.107084191852997e-11 
 3.981071705535107e+00  1.000000000000000e+00  0.000000000000000e+00 -7.458154982487031e-09  5.166897097082740e-11 
 4.027170343254728e+00  1.000000000000000e+00  0.000000000000000e+00 -7.462753748299633e-09  5.230022811802546e-11 
 4.073802778041266e+00  1.000000000000000e+00  0.000000000000000e+00 -7.463745399505228e-09  5.291301696880552e-11 
 4.120975190973442e+00  1.000000000000000e+00  0.000000000000000e+00 -7.466461449112671e-09  5.354563504786334e-11 
 4.168693834703496e+00  1.000000000000000e+00  0.000000000000000e+00 -7.466563811675542e-09  5.416634846742386e-11 
 4.216965034285966e+00  1.000000000000000e+00  0.000000000000000e+00 -7.461201878555812e-09  5.475340164469344e-11 
 4.265795188016072e+00  1.000000000000000e+00  0.000000000000000e+00 -7.457904516172675e-09  5.536242069868527e-11 
 4.315190768277799e+00  1.000000000000000e+00  0.000000000000000e+00 -7.466363527441899e-09  5.606828555925713e-11 
 4.365158322401808e+00  1.000000000000000e+00  0.000000000000000e+00 -7.462334972174745e-09  5.668626321634625e-11 
 4.415704473533276e+00  1.000000000000000e+00  0.000000000000000e+00 -7.470623675231991e-09  5.740780294973210e-11 
 4.466835921509784e+00  1.000000000000000e+00  0.000000000000000e+00 -7.464372231424932e-09  5.802286385394955e-11 
 4.518559443749378e+00  1.000000000000000e+00  0.000000000000000e+00 -7.462883200304304e-09  5.868277352027987e-11 
 4.570881896148907e+00  1.000000000000000e+00  0.000000000000000e+00 -7.465116969029850e-09  5.938041013890123e-11 
 4.623810213992762e+00  1.000000000000000e+00  0.000000000000000e+00 -7.464094231579566e-09  6.005959518322904e-11 
 4.677351412872143e+00  1.000000000000000e+00  0.000000000000000e+00 -7.464709961269023e-09  6.076032215137175e-11 
 4.731512589614969e+00  1.000000000000000e+00  0.000000000000000e+00 -7.474403096452420e-09  6.154540410116297e-11 
 4.786300923226550e+00  1.000000000000000e+00  0.000000000000000e+00 -7.460307482887174e-09  6.213811430020265e-11 
 4.841723675841163e+00  1.000000000000000e+00  0.000000000000000e+00 -7.464278528601653e-09  6.289172226199672e-11 
 4.897788193684633e+00  1.000000000000000e+00  0.000000000000000e+00 -7.456366857283570e-09  6.355115662468253e-11 
 4.954501908048075e+00  1.000000000000000e+00  0.000000000000000e+00 -7.464699081083381e-09  6.436036567968960e-11 
 5.011872336272899e+00  1.000000000000000e+00  0.000000000000000e+00 -7.460451367791165e-09  6.506787884498923e-11 
 5.069907082747222e+00  1.000000000000000e+00  0.000000000000000e+00 -7.458799800019733e-09  6.580642571394817e-11 
 5.128613839913830e+00  1.000000000000000e+00  0.000000000000000e+00 -7.466022911017944e-09  6.663433578873427e-11 
 5.188000389289795e+00  1.000000000000000e+00  0.000000000000000e+00 -7.462889639597847e-09  6.737693322345709e-11 
 5.248074602497912e+00  1.000000000000000e+00  0.000000000000000e+00 -7.460852380347660e-09  6.813814896688571e-11 
 5.308844442310072e+00  1.000000000000000e+00  0.000000000000000e+00 -7.465797091654736e-09  6.897369651117589e-11 
 5.370317963702719e+00  1.000000000000000e+00  0.000000000000000e+00 -7.464370677112697e-09  6.975877992929872e-11 
 5.432503314924526e+00  1.000000000000000e+00  0.000000000000000e+00 -7.460955631088950e-09  7.053367882443409e-11 
 5.495408738576442e+00  1.000000000000000e+00  0.000000000000000e+00 -7.461409490261417e-09  7.135482442168211e-11 
 5.559042572704235e+00  1.000000000000000e+00  0.000000000000000e+00 -7.464941109702750e-09  7.221599449493927e-11 
 5.623413251903693e+00  1.000000000000000e+00  0.000000000000000e+00 -7.463359708026474e-09  7.303646537411710e-11 
 5.688529308438619e+00  1.000000000000000e+00  0.000000000000000e+00 -7.463564877241424e-09  7.388416976481221e-11 
 5.754399373371777e+00  1.000000000000000e+00  0.000000000000000e+00 -7.464386664324252e-09  7.474817486666119e-11 
 5.821032177708925e+00  1.000000000000000e+00  0.000000000000000e+00 -7.457915396358317e-09  7.554668857238031e-11 
 5.888436553556103e+00  1.000000000000000e+00  0.000000000000000e+00 -7.462196416341271e-09  7.646629578070545e-11 
 5.956621435290320e+00  1.000000000000000e+00  0.000000000000000e+00 -7.462272577640761e-09  7.735250203623031e-11 
 6.025595860743796e+00  1.000000000000000e+00  0.000000000000000e+00 -7.459117323804776e-09  7.821446047312115e-11 
 6.095368972401913e+00  1.000000000000000e+00  0.000000000000000e+00 -7.463307527544316e-09  7.916556613387255e-11 
 6.165950018615046e+00  1.000000000000000e+00  0.000000000000000e+00 -7.472469532032733e-09  8.018271069548674e-11 
 6.237348354824420e+00  1.000000000000000e+00  0.000000000000000e+00 -7.463488493897330e-09  8.101158887133332e-11 
 6.309573444802163e+00  1.000000000000000e+00  0.000000000000000e+00 -7.462427342730393e-09  8.193768813573061e-11 
 6.382634861905720e+00  1.000000000000000e+00  0.000000000000000e+00 -7.459838524681572e-09  8.285716363424410e-11 
 6.456542290346791e+00  1.000000000000000e+00  0.000000000000000e+00 -7.468450968772800e-09  8.391537382782555e-11 
 6.531305526474962e+00  1.000000000000000e+00  0.000000000000000e+00 -7.460297268835347e-09  8.479249371909730e-11 
 6.606934480076202e+00  1.000000000000000e+00  0.000000000000000e+00 -7.456937733962832e-09  8.573468653876517e-11 
 6.683439175686391e+00  1.000000000000000e+00  0.000000000000000e+00 -7.462577222838718e-09  8.679452555171671e-11 
 6.760829753920065e+00  1.000000000000000e+00  0.000000000000000e+00 -7.458432760287792e-09  8.774994573360363e-11 
 6.839116472814544e+00  1.000000000000000e+00  0.000000000000000e+00 -7.456047113052477e-09  8.873679050494973e-11 
 6.918309709189619e+00  1.000000000000000e+00  0.000000000000000e+00 -7.463642814897753e-09  8.985778023482414e-11 
 6.998419960022992e+00  1.000000000000000e+00  0.000000000000000e+00 -7.463495155235478e-09  9.089645348472815e-11 
 7.079457843841640e+00  1.000000000000000e+00  0.000000000000000e+00 -7.454920458727088e-09  9.184106512556152e-11 
 7.161434102129284e+00  1.000000000000000e+00  0.000000000000000e+00 -7.458631046119990e-09  9.295189867120627e-11 
 7.244359600750168e+00  1.000000000000000e+00  0.000000000000000e+00 -7.461336659631002e-09  9.406320606995160e-11 
 7.328245331389311e+00  1.000000000000000e+00  0.000000000000000e+00 -7.468157869894299e-09  9.524103639594952e-11 
 7.413102413009449e+00  1.000000000000000e+00  0.000000000000000e+00 -7.460946749304753e-09  9.624895494214156e-11 
 7.498942093324836e+00  1.000000000000000e+00  0.000000000000000e+00 -7.458930584292034e-09  9.733646059521388e-11 
 7.585775750292119e+00  1.000000000000000e+00  0.000000000000000e+00 -7.463086149073206e-09  9.851986362085201e-11 
 7.673614893618475e+00  1.000000000000000e+00  0.000000000000000e+00 -7.463761386716783e-09  9.966972897918402e-11 
 7.762471166287207e+00  1.000000000000000e+00  0.000000000000000e+00 -7.467086060586325e-09  1.008697160730608e-10 
 7.852356346101011e+00  1.000000000000000e+00  0.000000000000000e+00 -7.464100226783899e-09  1.019960784393225e-10 
 7.943282347243112e+00  1.000000000000000e+00  0.000000000000000e+00 -7.470893903516185e-09  1.032729467653775e-10 
 8.035261221856475e+00  1.000000000000000e+00  0.000000000000000e+00 -7.456272932415686e-09  1.042600373274737e-10 
 8.128305161641299e+00  1.000000000000000e+00  0.000000000000000e+00 -7.465851270538337e-09  1.056056952921937e-10 
 8.222426499471021e+00  1.000000000000000e+00  0.000000000000000e+00 -7.461730344715534e-09  1.067684166082791e-10 
 8.317637711027023e+00  1.000000000000000e+00  0.000000000000000e+00 -7.466224305474611e-09  1.080711014512102e-10 
 8.413951416452269e+00  1.000000000000000e+00  0.000000000000000e+00 -7.464653783983977e-09  1.092989783813540e-10 
 8.511380382024088e+00  1.000000000000000e+00  0.000000000000000e+00 -7.462288786896920e-09  1.105289680014036e-10 
 8.609937521846334e+00  1.000000000000000e+00  0.000000000000000e+00 -7.461395057362097e-09  1.117951160917074e-10 
 8.709635899561137e+00  1.000000000000000e+00  0.000000000000000e+00 -7.460952966553691e-09  1.130827010303302e-10 
 8.810488730080476e+00  1.000000000000000e+00  0.000000000000000e+00 -7.463512030625452e-09  1.144321453729318e-10 
 8.912509381337795e+00  1.000000000000000e+00  0.000000000000000e+00 -7.462079842923686e-09  1.157345508106103e-10 
 9.015711376059913e+00  1.000000000000000e+00  0.000000000000000e+00 -7.454026951236870e-09  1.169456963472279e-10 
 9.120108393559446e+00  1.000000000000000e+00  0.000000000000000e+00 -7.454040495957770e-09  1.182999591350058e-10 
 9.225714271547986e+00  1.000000000000000e+00  0.000000000000000e+00 -7.466145257595258e-09  1.198684974250495e-10 
 9.332543007970269e+00  1.000000000000000e+00  0.000000000000000e+00 -7.458052619924160e-09  1.211221998603595e-10 
 9.440608762859597e+00  1.000000000000000e+00  0.000000000000000e+00 -7.457682249523145e-09  1.225184420512013e-10 
 9.549925860214728e+00  1.000000000000000e+00  0.000000000000000e+00 -7.462680251535403e-09  1.240221144649707e-10 
 9.660508789898508e+00  1.000000000000000e+00  0.000000000000000e+00 -7.467645835035341e-09  1.255434005028206e-10 
 9.772372209558485e+00  1.000000000000000e+00  0.000000000000000e+00 -7.454225903202882e-09  1.267639399901535e-10 
 9.885530946569771e+00  1.000000000000000e+00  0.000000000000000e+00 -7.462110040989955e-09  1.283705079017125e-10 
 1.000000000000039e+01  1.000000000000000e+00  0.000000000000000e+00 -7.450298156186363e-09  1.296467349429348e-10 
 1.011579454259938e+01  1.000000000000000e+00  0.000000000000000e+00 -7.459503237328136e-09  1.313137535456960e-10 
 1.023292992280794e+01  1.000000000000000e+00  0.000000000000000e+00 -7.456098405356215e-09  1.327721965163938e-10 
 1.035142166679384e+01  1.000000000000000e+00  0.000000000000000e+00 -7.465931872729925e-09  1.344908326509337e-10 
 1.047128548050940e+01  1.000000000000000e+00  0.000000000000000e+00 -7.459356465844280e-09  1.359255444236386e-10 
 1.059253725177330e+01  1.000000000000000e+00  0.000000000000000e+00 -7.464021622993755e-09  1.375873841246588e-10 
 1.071519305237648e+01  1.000000000000000e+00  0.000000000000000e+00 -7.469766805101585e-09  1.392900646932186e-10 
 1.083926914021246e+01  1.000000000000000e+00  0.000000000000000e+00 -7.456514072856635e-09  1.406474327694262e-10 
 1.096478196143228e+01  1.000000000000000e+00  0.000000000000000e+00 -7.454657113825647e-09  1.422398130425960e-10 
 1.109174815262445e+01  1.000000000000000e+00  0.000000000000000e+00 -7.464744156138181e-09  1.440858556582260e-10 
 1.122018454302007e+01  1.000000000000000e+00  0.000000000000000e+00 -7.465742468681924e-09  1.457742059734593e-10 
 1.135010815672360e+01  1.000000000000000e+00  0.000000000000000e+00 -7.458827333550744e-09  1.473227967282276e-10 
 1.148153621496928e+01  1.000000000000000e+00  0.000000000000000e+00 -7.465056572897311e-09  1.491557212925110e-10 
 1.161448613840389e+01  1.000000000000000e+00  0.000000000000000e+00 -7.463296869403280e-09  1.508468026621947e-10 
 1.174897554939576e+01  1.000000000000000e+00  0.000000000000000e+00 -7.461235851380366e-09  1.525501783568130e-10 
 1.188502227437065e+01  1.000000000000000e+00  0.000000000000000e+00 -7.453166750437390e-09  1.541462092593998e-10 
 1.202264434617461e+01  1.000000000000000e+00  0.000000000000000e+00 -7.459979523005700e-09  1.560769289206276e-10 
 1.216186000646416e+01  1.000000000000000e+00  0.000000000000000e+00 -7.466273821421510e-09  1.580201365283573e-10 
 1.230268770812430e+01  1.000000000000000e+00  0.000000000000000e+00 -7.454423300856661e-09  1.595907926362443e-10 
 1.244514611771434e+01  1.000000000000000e+00  0.000000000000000e+00 -7.457364281648893e-09  1.615037849117846e-10 
 1.258925411794217e+01  1.000000000000000e+00  0.000000000000000e+00 -7.462497952914759e-09  1.634888391167060e-10 
 1.273503081016712e+01  1.000000000000000e+00  0.000000000000000e+00 -7.454600714495996e-09  1.652030628063254e-10 
 1.288249551693185e+01  1.000000000000000e+00  0.000000000000000e+00 -7.458704764928825e-09  1.672100214679159e-10 
 1.303166778452351e+01  1.000000000000000e+00  0.000000000000000e+00 -7.458726525300108e-09  1.691469839610178e-10 
 1.318256738556460e+01  1.000000000000000e+00  0.000000000000000e+00 -7.460007500625920e-09  1.711352555299568e-10 
 1.333521432163377e+01  1.000000000000000e+00  0.000000000000000e+00 -7.447088501422172e-09  1.728109941895263e-10 
 1.348962882591708e+01  1.000000000000000e+00  0.000000000000000e+00 -7.454027839415289e-09  1.749783747062922e-10 
 1.364583136588979e+01  1.000000000000000e+00  0.000000000000000e+00 -7.460797979419453e-09  1.771687815714778e-10 
 1.380384264602940e+01  1.000000000000000e+00  0.000000000000000e+00 -7.454032946441203e-09  1.790538507892719e-10 
 1.396368361055994e+01  1.000000000000000e+00  0.000000000000000e+00 -7.463848872291123e-09  1.813714005668464e-10 
 1.412537544622811e+01  1.000000000000000e+00  0.000000000000000e+00 -7.460504436451743e-09  1.833872923030200e-10 
 1.428893958511160e+01  1.000000000000000e+00  0.000000000000000e+00 -7.452898520554641e-09  1.853176831087883e-10 
 1.445439770745986e+01  1.000000000000000e+00  0.000000000000000e+00 -7.460339235265678e-09  1.876548278289273e-10 
 1.462177174456777e+01  1.000000000000000e+00  0.000000000000000e+00 -7.456442352449244e-09  1.897265891230771e-10 
 1.479108388168267e+01  1.000000000000000e+00  0.000000000000000e+00 -7.458156980888475e-09  1.919687370559851e-10 
 1.496235656094494e+01  1.000000000000000e+00  0.000000000000000e+00 -7.457112483066908e-09  1.941637101639810e-10 
 1.513561248436270e+01  1.000000000000000e+00  0.000000000000000e+00 -7.454585171373651e-09  1.963440638034857e-10 
 1.531087461682092e+01  1.000000000000000e+00  0.000000000000000e+00 -7.461622653082145e-09  1.988089487179082e-10 
 1.548816618912544e+01  1.000000000000000e+00  0.000000000000000e+00 -7.452729988699502e-09  2.008664890208996e-10 
 1.566751070108213e+01  1.000000000000000e+00  0.000000000000000e+00 -7.456937067829017e-09  2.033091964502879e-10 
 1.584893192461178e+01  1.000000000000000e+00  0.000000000000000e+00 -7.455561279456902e-09  2.056247368361657e-10 
 1.603245390690107e+01  1.000000000000000e+00  0.000000000000000e+00 -7.457937600818809e-09  2.080734890831478e-10 
 1.621810097358996e+01  1.000000000000000e+00  0.000000000000000e+00 -7.464778795096549e-09  2.106801624297957e-10 
 1.640589773199606e+01  1.000000000000000e+00  0.000000000000000e+00 -7.459774353790749e-09  2.129736593066875e-10 
 1.659586907437629e+01  1.000000000000000e+00  0.000000000000000e+00 -7.459720174907147e-09  2.154382522954399e-10 
 1.678804018122629e+01  1.000000000000000e+00  0.000000000000000e+00 -7.451760097865190e-09  2.176952588396511e-10 
 1.698243652461814e+01  1.000000000000000e+00  0.000000000000000e+00 -7.457001904853655e-09  2.203744237883892e-10 
 1.717908387157659e+01  1.000000000000000e+00  0.000000000000000e+00 -7.453911043953099e-09  2.228318314796593e-10 
 1.737800828749447e+01  1.000000000000000e+00  0.000000000000000e+00 -7.452253480977333e-09  2.253608084379962e-10 
 1.757923613958765e+01  1.000000000000000e+00  0.000000000000000e+00 -7.449954431137940e-09  2.278987237962123e-10 
 1.778279410038996e+01  1.000000000000000e+00  0.000000000000000e+00 -7.455106532106015e-09  2.307002172753802e-10 
 1.798870915128862e+01  1.000000000000000e+00  0.000000000000000e+00 -7.459441286883361e-09  2.335103368559206e-10 
 1.819700858610059e+01  1.000000000000000e+00  0.000000000000000e+00 -7.451670835934010e-09  2.359632701634095e-10 
 1.840772001469032e+01  1.000000000000000e+00  0.000000000000000e+00 -7.452882089253876e-09  2.387348731060186e-10 
 1.862087136662944e+01  1.000000000000000e+00  0.000000000000000e+00 -7.453768713361342e-09  2.415288394734874e-10 
 1.883649089489878e+01  1.000000000000000e+00  0.000000000000000e+00 -7.466340656847592e-09  2.447466724830860e-10 
 1.905460717963326e+01  1.000000000000000e+00  0.000000000000000e+00 -7.452980010924648e-09  2.471279816552548e-10 
 1.927524913191016e+01  1.000000000000000e+00  0.000000000000000e+00 -7.465728257827209e-09  2.504262533833176e-10 
 1.949844599758126e+01  1.000000000000000e+00  0.000000000000000e+00 -7.454541650631086e-09  2.529384542629051e-10 
 1.972422736114936e+01  1.000000000000000e+00  0.000000000000000e+00 -7.448285099798113e-09  2.556484795238466e-10 
 1.995262314968963e+01  1.000000000000000e+00  0.000000000000000e+00 -7.459088013916926e-09  2.589913247353024e-10 
 2.018366363681645e+01  1.000000000000000e+00  0.000000000000000e+00 -7.452783723493894e-09  2.617642665354573e-10 
 2.041737944669615e+01  1.000000000000000e+00  0.000000000000000e+00 -7.453456962736027e-09  2.648196090253592e-10 
 2.065380155810616e+01  1.000000000000000e+00  0.000000000000000e+00 -7.447361616286230e-09  2.676622849838423e-10 
 2.089296130854127e+01  1.000000000000000e+00  0.000000000000000e+00 -7.447861882781126e-09  2.707804412077218e-10 
 2.113489039836736e+01  1.000000000000000e+00  0.000000000000000e+00 -7.452066297375382e-09  2.740736340601642e-10 
 2.137962089502322e+01  1.000000000000000e+00  0.000000000000000e+00 -7.458337947241489e-09  2.774857264842593e-10 
 2.162718523727112e+01  1.000000000000000e+00  0.000000000000000e+00 -7.456034456509997e-09  2.806101167181647e-10 
 2.187761623949645e+01  1.000000000000000e+00  0.000000000000000e+00 -7.453546668756417e-09  2.837628654271028e-10 
 2.213094709605732e+01  1.000000000000000e+00  0.000000000000000e+00 -7.449199923570404e-09  2.868775549484171e-10 
 2.238721138568435e+01  1.000000000000000e+00  0.000000000000000e+00 -7.456952832995967e-09  2.905078147679774e-10 
 2.264644307593156e+01  1.000000000000000e+00  0.000000000000000e+00 -7.446740113437045e-09  2.934607495583172e-10 
 2.290867652767870e+01  1.000000000000000e+00  0.000000000000000e+00 -7.450320804736066e-09  2.970045788271185e-10 
 2.317394649968577e+01  1.000000000000000e+00  0.000000000000000e+00 -7.452353401049550e-09  3.005275473854356e-10 
 2.344228815320022e+01  1.000000000000000e+00  0.000000000000000e+00 -7.454017847408068e-09  3.040772140529437e-10 
 2.371373705661756e+01  1.000000000000000e+00  0.000000000000000e+00 -7.445927208138414e-09  3.072572028112229e-10 
 2.398832919019593e+01  1.000000000000000e+00  0.000000000000000e+00 -7.453212935715214e-09  3.111258889342233e-10 
 2.426610095082519e+01  1.000000000000000e+00  0.000000000000000e+00 -7.447269023685976e-09  3.144713765496613e-10 
 2.454708915685136e+01  1.000000000000000e+00  0.000000000000000e+00 -7.452198191870707e-09  3.183285520048224e-10 
 2.483133105295677e+01  1.000000000000000e+00  0.000000000000000e+00 -7.444839855708096e-09  3.216896133171064e-10 
 2.511886431509688e+01  1.000000000000000e+00  0.000000000000000e+00 -7.448839101087401e-09  3.255929839874824e-10 
 2.540972705549414e+01  1.000000000000000e+00  0.000000000000000e+00 -7.439302063261266e-09  3.289325640597212e-10 
 2.570395782768975e+01  1.000000000000000e+00  0.000000000000000e+00 -7.451905981170626e-09  3.333175724700419e-10 
 2.600159563165384e+01  1.000000000000000e+00  0.000000000000000e+00 -7.441763205662255e-09  3.367085759040382e-10 
 2.630267991895496e+01  1.000000000000000e+00  0.000000000000000e+00 -7.444198812933678e-09  3.407208867614722e-10 
 2.660725059798925e+01  1.000000000000000e+00  0.000000000000000e+00 -7.456204542677369e-09  3.452339324637297e-10 
 2.691534803927033e+01  1.000000000000000e+00  0.000000000000000e+00 -7.439263205455404e-09  3.484210760839034e-10 
 2.722701308078031e+01  1.000000000000000e+00  0.000000000000000e+00 -7.444198590889073e-09  3.526947540919974e-10 
 2.754228703338287e+01  1.000000000000000e+00  0.000000000000000e+00 -7.448495598083582e-09  3.569893790182009e-10 
 2.786121168629892e+01  1.000000000000000e+00  0.000000000000000e+00 -7.448319072622667e-09  3.611142678947124e-10 
 2.818382931264577e+01  1.000000000000000e+00  0.000000000000000e+00 -7.444308725013116e-09  3.650945961399226e-10 
 2.851018267504034e+01  1.000000000000000e+00  0.000000000000000e+00 -7.443100802362324e-09  3.692609402657695e-10 
 2.884031503126733e+01  1.000000000000000e+00  0.000000000000000e+00 -7.440069227371282e-09  3.733812906042244e-10 
 2.917427014001295e+01  1.000000000000000e+00  0.000000000000000e+00 -7.443866856249315e-09  3.779020082989314e-10 
 2.951209226666516e+01  1.000000000000000e+00  0.000000000000000e+00 -7.444154181968088e-09  3.822930236246626e-10 
 2.985382618918092e+01  1.000000000000000e+00  0.000000000000000e+00 -7.426550707734236e-09  3.857851756776262e-10 
 3.019951720402150e+01  1.000000000000000e+00  0.000000000000000e+00 -7.442030325321980e-09  3.910836340981585e-10 
 3.054921113215649e+01  1.000000000000000e+00  0.000000000000000e+00 -7.445460692423467e-09  3.957981265867785e-10 
 3.090295432513728e+01  1.000000000000000e+00  0.000000000000000e+00 -7.440003724212829e-09  4.000816777159378e-10 
 3.126079367124094e+01  1.000000000000000e+00  0.000000000000000e+00 -7.440308591455391e-09  4.047321347356680e-10 
 3.162277660168520e+01  1.000000000000000e+00  0.000000000000000e+00 -7.451575578798497e-09  4.100517054117530e-10 
 3.198895109691541e+01  1.000000000000000e+00  0.000000000000000e+00 -7.440213112275273e-09  4.141536716285361e-10 
 3.235936569296427e+01  1.000000000000000e+00  0.000000000000000e+00 -7.429509452094862e-09  4.183328143053254e-10 
 3.273406948788529e+01  1.000000000000000e+00  0.000000000000000e+00 -7.442811034152896e-09  4.239515857175510e-10 
 3.311311214826060e+01  1.000000000000000e+00  0.000000000000000e+00 -7.434439286413408e-09  4.283677585604785e-10 
 3.349654391578427e+01  1.000000000000000e+00  0.000000000000000e+00 -7.434037163633889e-09  4.333048868271165e-10 
 3.388441561392178e+01  1.000000000000000e+00  0.000000000000000e+00 -7.438364146850063e-09  4.385825284151652e-10 
 3.427677865464658e+01  1.000000000000000e+00  0.000000000000000e+00 -7.437567228762987e-09  4.436118392486539e-10 
 3.467368504525474e+01  1.000000000000000e+00  0.000000000000000e+00 -7.438405003057369e-09  4.488004315497560e-10 
 3.507518739525840e+01  1.000000000000000e+00  0.000000000000000e+00 -7.424708625691778e-09  4.531428201234481e-10 
 3.548133892335916e+01  1.000000000000000e+00  0.000000000000000e+00 -7.442165106397169e-09  4.594919171782325e-10 
 3.589219346450216e+01  1.000000000000000e+00  0.000000000000000e+00 -7.437002347288058e-09  4.644831547684326e-10 
 3.630780547701179e+01  1.000000000000000e+00  0.000000000000000e+00 -7.437491955641917e-09  4.698930200613261e-10 
 3.672823004981014e+01  1.000000000000000e+00  0.000000000000000e+00 -7.428435644385445e-09  4.747424600518631e-10 
 3.715352290971895e+01  1.000000000000000e+00  0.000000000000000e+00 -7.429489912169629e-09  4.803090181475461e-10 
 3.758374042884613e+01  1.000000000000000e+00  0.000000000000000e+00 -7.430815074371822e-09  4.859597283227938e-10 
 3.801893963205786e+01  1.000000000000000e+00  0.000000000000000e+00 -7.431659287959747e-09  4.916447220786545e-10 
 3.845917820453712e+01  1.000000000000000e+00  0.000000000000000e+00 -7.425654979797969e-09  4.969261233698233e-10 
 3.890451449942984e+01  1.000000000000000e+00  0.000000000000000e+00 -7.430241977246510e-09  5.029976651495661e-10 
 3.935500754557955e+01  1.000000000000000e+00  0.000000000000000e+00 -7.424419079526956e-09  5.084149741104018e-10 
 3.981071705535155e+01  1.000000000000000e+00  0.000000000000000e+00 -7.423219816615756e-09  5.142175866258431e-10 
 4.027170343254776e+01  1.000000000000000e+00  0.000000000000000e+00 -7.424869608030349e-09  5.202900425540358e-10 
 4.073802778041315e+01  1.000000000000000e+00  0.000000000000000e+00 -7.426337766958113e-09  5.264211986735426e-10 
 4.120975190973492e+01  1.000000000000000e+00  0.000000000000000e+00 -7.425204673339181e-09  5.324334605949737e-10 
 4.168693834703546e+01  1.000000000000000e+00  0.000000000000000e+00 -7.428015980082137e-09  5.388070395260418e-10 
 4.216965034286017e+01  1.000000000000000e+00  0.000000000000000e+00 -7.427910286850192e-09  5.450379213067628e-10 
 4.265795188016124e+01  1.000000000000000e+00  0.000000000000000e+00 -7.429210580056633e-09  5.514484592346883e-10 
 4.315190768277852e+01  1.000000000000000e+00  0.000000000000000e+00 -7.412835678621832e-09  5.565776265654883e-10 
 4.365158322401862e+01  1.000000000000000e+00  0.000000000000000e+00 -7.413872182837622e-09  5.631023603708317e-10 
 4.415704473533330e+01  1.000000000000000e+00  0.000000000000000e+00 -7.413094582631174e-09  5.695628039672086e-10 
 4.466835921509839e+01  1.000000000000000e+00  0.000000000000000e+00 -7.413125446831259e-09  5.761599551881084e-10 
 4.518559443749434e+01  1.000000000000000e+00  0.000000000000000e+00 -7.419578951228800e-09  5.833501659223178e-10 
 4.570881896148964e+01  1.000000000000000e+00  0.000000000000000e+00 -7.415729141868610e-09  5.897920229358197e-10 
 4.623810213992819e+01  1.000000000000000e+00  0.000000000000000e+00 -7.409146629555607e-09  5.960797584116052e-10 
 4.677351412872201e+01  1.000000000000000e+00  0.000000000000000e+00 -7.413641034403895e-09  6.033568364606425e-10 
 4.731512589615027e+01  1.000000000000000e+00  0.000000000000000e+00 -7.414506120184683e-09  6.104156538177705e-10 
 4.786300923226609e+01  1.000000000000000e+00  0.000000000000000e+00 -7.402443102932921e-09  6.164569825912764e-10 
 4.841723675841222e+01  1.000000000000000e+00  0.000000000000000e+00 -7.410427382836815e-09  6.242835517231030e-10 
 4.897788193684693e+01  1.000000000000000e+00  0.000000000000000e+00 -7.410788649409028e-09  6.315437239974000e-10 
 4.954501908048136e+01  1.000000000000000e+00  0.000000000000000e+00 -7.406686597377643e-09  6.384958527064048e-10 
 5.011872336272960e+01  1.000000000000000e+00  0.000000000000000e+00 -7.397129353492460e-09  6.450366394005435e-10 
 5.069907082747284e+01  1.000000000000000e+00  0.000000000000000e+00 -7.396549595029001e-09  6.524533882189699e-10 
 5.128613839913892e+01  1.000000000000000e+00  0.000000000000000e+00 -7.407389812641441e-09  6.609967800938596e-10 
 5.188000389289858e+01  1.000000000000000e+00  0.000000000000000e+00 -7.396883550114808e-09  6.676815047772385e-10 
 5.248074602497976e+01  1.000000000000000e+00  0.000000000000000e+00 -7.402852109095193e-09  6.759705450315250e-10 
 5.308844442310136e+01  1.000000000000000e+00  0.000000000000000e+00 -7.398038182060418e-09  6.833438898962889e-10 
 5.370317963702784e+01  1.000000000000000e+00  0.000000000000000e+00 -7.403073709610908e-09  6.917381470450716e-10 
 5.432503314924592e+01  1.000000000000000e+00  0.000000000000000e+00 -7.386290246103044e-09  6.981260485612768e-10 
 5.495408738576509e+01  1.000000000000000e+00  0.000000000000000e+00 -7.393506917807713e-09  7.069155332178716e-10 
 5.559042572704302e+01  1.000000000000000e+00  0.000000000000000e+00 -7.387140454895302e-09  7.144721468778760e-10 
 5.623413251903760e+01  1.000000000000000e+00  0.000000000000000e+00 -7.397431556199763e-09  7.237736554633147e-10 
 5.688529308438687e+01  1.000000000000000e+00  0.000000000000000e+00 -7.386615097360050e-09  7.310611502489984e-10 
 5.754399373371846e+01  1.000000000000000e+00  0.000000000000000e+00 -7.387608524922484e-09  7.396281333196168e-10 
 5.821032177708994e+01  1.000000000000000e+00  0.000000000000000e+00 -7.390530853967903e-09  7.484949419402293e-10 
 5.888436553556173e+01  1.000000000000000e+00  0.000000000000000e+00 -7.384024947043599e-09  7.564801242526968e-10 
 5.956621435290392e+01  1.000000000000000e+00  0.000000000000000e+00 -7.391512513166276e-09  7.660326652483265e-10 
 6.025595860743869e+01  1.000000000000000e+00  0.000000000000000e+00 -7.386944389509154e-09  7.744140935816795e-10 
 6.095368972401987e+01  1.000000000000000e+00  0.000000000000000e+00 -7.371217636276128e-09  7.816765562703354e-10 
 6.165950018615121e+01  1.000000000000000e+00  0.000000000000000e+00 -7.377380484285823e-09  7.914046139377454e-10 
 6.237348354824496e+01  1.000000000000000e+00  0.000000000000000e+00 -7.385988709529556e-09  8.015233709696991e-10 
 6.309573444802240e+01  1.000000000000000e+00  0.000000000000000e+00 -7.370920540594739e-09  8.091140956188834e-10 
 6.382634861905798e+01  1.000000000000000e+00  0.000000000000000e+00 -7.363948117955488e-09  8.176918084251510e-10 
 6.456542290346870e+01  1.000000000000000e+00  0.000000000000000e+00 -7.377199073843599e-09  8.286819205522518e-10 
 6.531305526475043e+01  1.000000000000000e+00  0.000000000000000e+00 -7.366715237822064e-09  8.370602210741455e-10 
 6.606934480076283e+01  1.000000000000000e+00  0.000000000000000e+00 -7.368209375968604e-09  8.469281924806515e-10 
 6.683439175686473e+01  1.000000000000000e+00  0.000000000000000e+00 -7.361240728087637e-09  8.559081493005700e-10 
 6.760829753920149e+01  1.000000000000000e+00  0.000000000000000e+00 -7.357497500137811e-09  8.653688567086175e-10 
 6.839116472814628e+01  1.000000000000000e+00  0.000000000000000e+00 -7.348943453777679e-09  8.743478568658085e-10 
 6.918309709189704e+01  1.000000000000000e+00  0.000000000000000e+00 -7.359495013403716e-09  8.857699627145741e-10 
 6.998419960023078e+01  1.000000000000000e+00  0.000000000000000e+00 -7.355155817734271e-09  8.954877428026865e-10 
 7.079457843841726e+01  1.000000000000000e+00  0.000000000000000e+00 -7.347682462466310e-09  9.049178807747269e-10 
 7.161434102129371e+01  1.000000000000000e+00  0.000000000000000e+00 -7.352944919603033e-09  9.160649399076750e-10 
 7.244359600750256e+01  1.000000000000000e+00  0.000000000000000e+00 -7.349573394321851e-09  9.262392421110913e-10 
 7.328245331389401e+01  1.000000000000000e+00  0.000000000000000e+00 -7.339233221159702e-09  9.356172620239144e-10 
 7.413102413009540e+01  1.000000000000000e+00  0.000000000000000e+00 -7.346251829076778e-09  9.473759957980574e-10 
 7.498942093324928e+01  1.000000000000000e+00  0.000000000000000e+00 -7.342910945951076e-09  9.578994060560858e-10 
 7.585775750292213e+01  1.000000000000000e+00  0.000000000000000e+00 -7.332512597102436e-09  9.675905473578066e-10 
 7.673614893618569e+01  1.000000000000000e+00  0.000000000000000e+00 -7.332773277468618e-09  9.788295152846982e-10 
 7.762471166287301e+01  1.000000000000000e+00  0.000000000000000e+00 -7.331588447456738e-09  9.900011504314777e-10 
 7.852356346101107e+01  1.000000000000000e+00  0.000000000000000e+00 -7.328651241422790e-09  1.001055594192538e-09 
 7.943282347243209e+01  1.000000000000000e+00  0.000000000000000e+00 -7.325767770183234e-09  1.012239417804616e-09 
 8.035261221856572e+01  1.000000000000000e+00  0.000000000000000e+00 -7.315009487030011e-09  1.022422980917400e-09 
 8.128305161641397e+01  1.000000000000000e+00  0.000000000000000e+00 -7.315750893965856e-09  1.034370631221261e-09 
 8.222426499471122e+01  1.000000000000000e+00  0.000000000000000e+00 -7.314138850134100e-09  1.046112730247490e-09 
 8.317637711027126e+01  1.000000000000000e+00  0.000000000000000e+00 -7.302734639225150e-09  1.056538145925538e-09 
 8.413951416452372e+01  1.000000000000000e+00  0.000000000000000e+00 -7.305648086486372e-09  1.069208846650070e-09 
 8.511380382024191e+01  1.000000000000000e+00  0.000000000000000e+00 -7.298722737303365e-09  1.080542150655624e-09 
 8.609937521846439e+01  1.000000000000000e+00  0.000000000000000e+00 -7.297404902573135e-09  1.092853009334400e-09 
 8.709635899561245e+01  1.000000000000000e+00  0.000000000000000e+00 -7.293140980024759e-09  1.104848041255256e-09 
 8.810488730080586e+01  1.000000000000000e+00  0.000000000000000e+00 -7.290432479933884e-09  1.117218006411476e-09 
 8.912509381337905e+01  1.000000000000000e+00  0.000000000000000e+00 -7.281189651209274e-09  1.128687231012420e-09 
 9.015711376060024e+01  1.000000000000000e+00  0.000000000000000e+00 -7.279679525851179e-09  1.141516241645916e-09 
 9.120108393559559e+01  1.000000000000000e+00  0.000000000000000e+00 -7.278347702310839e-09  1.154519278864384e-09 
 9.225714271548100e+01  1.000000000000000e+00  0.000000000000000e+00 -7.272046076423067e-09  1.166854681969439e-09 
 9.332543007970385e+01  1.000000000000000e+00  0.000000000000000e+00 -7.266610646539107e-09  1.179462988986691e-09 
 9.440608762859715e+01  1.000000000000000e+00  0.000000000000000e+00 -7.260055445712510e-09  1.192019825084674e-09 
 9.549925860214847e+01  1.000000000000000e+00  0.000000000000000e+00 -7.268198931598135e-09  1.207205541186153e-09 
 9.660508789898628e+01  1.000000000000000e+00  0.000000000000000e+00 -7.259300049966555e-09  1.219658588548175e-09 
 9.772372209558608e+01  1.000000000000000e+00  0.000000000000000e+00 -7.251114819695204e-09  1.232357834120399e-09 
 9.885530946569897e+01  1.000000000000000e+00  0.000000000000000e+00 -7.243645239185525e-09  1.245315865916951e-09 
 1.000000000000051e+02  1.000000000000000e+00  0.000000000000000e+00 -7.242417554564895e-09  1.259517739724773e-09 
 1.011579454259951e+02  1.000000000000000e+00  0.000000000000000e+00 -7.229274512354777e-09  1.271738077022468e-09 
 1.023292992280807e+02  1.000000000000000e+00  0.000000000000000e+00 -7.232641374699256e-09  1.287077512859727e-09 
 1.035142166679397e+02  1.000000000000000e+00  0.000000000000000e+00 -7.219315145690075e-09  1.299528148983222e-09 
 1.047128548050954e+02  1.000000000000000e+00  0.000000000000000e+00 -7.220246622807736e-09  1.314750085921145e-09 
 1.059253725177344e+02  1.000000000000000e+00  0.000000000000000e+00 -7.213575514697368e-09  1.328718423272192e-09 
 1.071519305237662e+02  1.000000000000000e+00  0.000000000000000e+00 -7.210688490744133e-09  1.343552607391979e-09 
 1.083926914021260e+02  1.000000000000000e+00  0.000000000000000e+00 -7.196544249410408e-09  1.356386204315861e-09 
 1.096478196143242e+02  1.000000000000000e+00  0.000000000000000e+00 -7.207264784980794e-09  1.374182800184661e-09 
 1.109174815262459e+02  1.000000000000000e+00  0.000000000000000e+00 -7.196031548417636e-09  1.387881580182924e-09 
 1.122018454302022e+02  1.000000000000000e+00  0.000000000000000e+00 -7.184514760893990e-09  1.401652264374398e-09 
 1.135010815672374e+02  1.000000000000000e+00  0.000000000000000e+00 -7.178588612433145e-09  1.416690634656250e-09 
 1.148153621496943e+02  1.000000000000000e+00  0.000000000000000e+00 -7.170147142687711e-09  1.431370410870034e-09 
 1.161448613840403e+02  1.000000000000000e+00  0.000000000000000e+00 -7.172842764191500e-09  1.448501725249268e-09 
 1.174897554939591e+02  1.000000000000000e+00  0.000000000000000e+00 -7.159910886400667e-09  1.462571920290891e-09 
 1.188502227437080e+02  1.000000000000000e+00  0.000000000000000e+00 -7.152396674925399e-09  1.477919245508217e-09 
 1.202264434617476e+02  1.000000000000000e+00  0.000000000000000e+00 -7.151923941961513e-09  1.494935026809285e-09 
 1.216186000646432e+02  1.000000000000000e+00  0.000000000000000e+00 -7.136544244445986e-09  1.508922482703614e-09 
 1.230268770812446e+02  1.000000000000000e+00  0.000000000000000e+00 -7.128873047435036e-09  1.524712747768067e-09 
 1.244514611771450e+02  1.000000000000000e+00  0.000000000000000e+00 -7.122290535122033e-09  1.540916484213677e-09 
 1.258925411794233e+02  1.000000000000000e+00  0.000000000000000e+00 -7.117396005895671e-09  1.557659876246214e-09 
 1.273503081016729e+02  1.000000000000000e+00  0.000000000000000e+00 -7.106670585343977e-09  1.573271687453886e-09 
 1.288249551693202e+02  1.000000000000000e+00  0.000000000000000e+00 -7.092672449360293e-09  1.588279227003619e-09 
 1.303166778452368e+02  1.000000000000000e+00  0.000000000000000e+00 -7.090314779745199e-09  1.606126038902213e-09 
 1.318256738556477e+02  1.000000000000000e+00  0.000000000000000e+00 -7.082901376520567e-09  1.622987827011385e-09 
 1.333521432163395e+02  1.000000000000000e+00  0.000000000000000e+00 -7.066294216429014e-09  1.637845835044120e-09 
 1.348962882591725e+02  1.000000000000000e+00  0.000000000000000e+00 -7.064733242856391e-09  1.656438707918029e-09 
 1.364583136588997e+02  1.000000000000000e+00  0.000000000000000e+00 -7.057592288362002e-09  1.673888658697352e-09 
 1.380384264602958e+02  1.000000000000000e+00  0.000000000000000e+00 -7.048944539178592e-09  1.691145591796385e-09 
 1.396368361056012e+02  1.000000000000000e+00  0.000000000000000e+00 -7.041523586437393e-09  1.708886829759155e-09 
 1.412537544622830e+02  1.000000000000000e+00  0.000000000000000e+00 -7.034433924246741e-09  1.726890474700396e-09 
 1.428893958511179e+02  1.000000000000000e+00  0.000000000000000e+00 -7.017513681262244e-09  1.742593517997226e-09 
 1.445439770746005e+02  1.000000000000000e+00  0.000000000000000e+00 -7.015644509777985e-09  1.762289854749023e-09 
 1.462177174456796e+02  1.000000000000000e+00  0.000000000000000e+00 -7.005270363791283e-09  1.779999393337222e-09 
 1.479108388168287e+02  1.000000000000000e+00  0.000000000000000e+00 -6.993388312892534e-09  1.797484873374304e-09 
 1.496235656094514e+02  1.000000000000000e+00  0.000000000000000e+00 -6.985813483240122e-09  1.816290956665415e-09 
 1.513561248436289e+02  1.000000000000000e+00  0.000000000000000e+00 -6.963538412563253e-09  1.831327838202159e-09 
 1.531087461682112e+02  1.000000000000000e+00  0.000000000000000e+00 -6.958834619652521e-09  1.851255594939670e-09 
 1.548816618912565e+02  1.000000000000000e+00  0.000000000000000e+00 -6.951293984869267e-09  1.870611450027065e-09 
 1.566751070108234e+02  1.000000000000000e+00  0.000000000000000e+00 -6.933915441820204e-09  1.887433795098371e-09 
 1.584893192461199e+02  1.000000000000000e+00  0.000000000000000e+00 -6.922624695704371e-09  1.906109588689555e-09 
 1.603245390690128e+02  1.000000000000000e+00  0.000000000000000e+00 -6.920604755933368e-09  1.927606811108072e-09 
 1.621810097359018e+02  1.000000000000000e+00  0.000000000000000e+00 -6.898882354278157e-09  1.943660676451012e-09 
 1.640589773199628e+02  1.000000000000000e+00  0.000000000000000e+00 -6.888349446398934e-09  1.963097124602368e-09 
 1.659586907437651e+02  1.000000000000000e+00  0.000000000000000e+00 -6.883690728543002e-09  1.984453751369445e-09 
 1.678804018122651e+02  1.000000000000000e+00  0.000000000000000e+00 -6.865920942900061e-09  2.002129088108935e-09 
 1.698243652461837e+02  1.000000000000000e+00  0.000000000000000e+00 -6.858189127711967e-09  2.022981226877326e-09 
 1.717908387157682e+02  1.000000000000000e+00  0.000000000000000e+00 -6.847059141890099e-09  2.043007588048375e-09 
 1.737800828749470e+02  1.000000000000000e+00  0.000000000000000e+00 -6.826657461544983e-09  2.060359626948627e-09 
 1.757923613958789e+02  1.000000000000000e+00  0.000000000000000e+00 -6.805643604224088e-09  2.077651531408862e-09 
 1.778279410039020e+02  1.000000000000000e+00  0.000000000000000e+00 -6.805568997236833e-09  2.101690770771542e-09 
 1.798870915128886e+02  1.000000000000000e+00  0.000000000000000e+00 -6.783338557525553e-09  2.118915570998095e-09 
 1.819700858610083e+02  1.000000000000000e+00  0.000000000000000e+00 -6.767582494404678e-09  2.138357295798795e-09 
 1.840772001469057e+02  1.000000000000000e+00  0.000000000000000e+00 -6.761887938466771e-09  2.161253474444865e-09 
 1.862087136662969e+02  1.000000000000000e+00  0.000000000000000e+00 -6.745834335575296e-09  2.180967150679377e-09 
 1.883649089489904e+02  1.000000000000000e+00  0.000000000000000e+00 -6.719613088179699e-09  2.197438191532761e-09 
 1.905460717963352e+02  1.000000000000000e+00  0.000000000000000e+00 -6.710793476472077e-09  2.219895205442354e-09 
 1.927524913191042e+02  1.000000000000000e+00  0.000000000000000e+00 -6.687003395455804e-09  2.237452421580653e-09 
 1.949844599758153e+02  1.000000000000000e+00  0.000000000000000e+00 -6.682595365958832e-09  2.261834892002142e-09 
 1.972422736114962e+02  1.000000000000000e+00  0.000000000000000e+00 -6.658607665244176e-09  2.279614134286824e-09 
 1.995262314968990e+02  1.000000000000000e+00  0.000000000000000e+00 -6.652453921063284e-09  2.303829871287081e-09 
 2.018366363681672e+02  1.000000000000000e+00  0.000000000000000e+00 -6.630629378889807e-09  2.322672899566819e-09 
 2.041737944669642e+02  1.000000000000000e+00  0.000000000000000e+00 -6.621256209982107e-09  2.346170251702135e-09 
 2.065380155810644e+02  1.000000000000000e+00  0.000000000000000e+00 -6.590014312024550e-09  2.361861911018455e-09 
 2.089296130854155e+02  1.000000000000000e+00  0.000000000000000e+00 -6.579924161087547e-09  2.385466897039841e-09 
 2.113489039836764e+02  1.000000000000000e+00  0.000000000000000e+00 -6.566050592127226e-09  2.407879226234521e-09 
 2.137962089502351e+02  1.000000000000000e+00  0.000000000000000e+00 -6.537137497986123e-09  2.424772816697141e-09 
 2.162718523727141e+02  1.000000000000000e+00  0.000000000000000e+00 -6.520480599903067e-09  2.446443852417734e-09 
 2.187761623949674e+02  1.000000000000000e+00  0.000000000000000e+00 -6.506349459201033e-09  2.469284438760041e-09 
 2.213094709605761e+02  1.000000000000000e+00  0.000000000000000e+00 -6.477609115762561e-09  2.486565262233616e-09 
 2.238721138568465e+02  1.000000000000000e+00  0.000000000000000e+00 -6.456768897322718e-09  2.507065872164502e-09 
 2.264644307593186e+02  1.000000000000000e+00  0.000000000000000e+00 -6.448406031367426e-09  2.532728955408807e-09 
 2.290867652767901e+02  1.000000000000000e+00  0.000000000000000e+00 -6.430581622751674e-09  2.554799176114056e-09 
 2.317394649968608e+02  1.000000000000000e+00  0.000000000000000e+00 -6.403624741579961e-09  2.573278500616412e-09 
 2.344228815320054e+02  1.000000000000000e+00  0.000000000000000e+00 -6.388420903391534e-09  2.596745397377177e-09 
 2.371373705661788e+02  1.000000000000000e+00  0.000000000000000e+00 -6.365143523368033e-09  2.616995608566608e-09 
 2.398832919019625e+02  1.000000000000000e+00  0.000000000000000e+00 -6.340610259059076e-09  2.636839059342385e-09 
 2.426610095082552e+02  1.000000000000000e+00  0.000000000000000e+00 -6.322952827986228e-09  2.659759661350009e-09 
 2.454708915685169e+02  1.000000000000000e+00  0.000000000000000e+00 -6.292830256882098e-09  2.677408151481879e-09 
 2.483133105295710e+02  1.000000000000000e+00  0.000000000000000e+00 -6.271515307076925e-09  2.699006295233319e-09 
 2.511886431509722e+02  1.000000000000000e+00  0.000000000000000e+00 -6.247285133653691e-09  2.719445594195425e-09 
 2.540972705549449e+02  1.000000000000000e+00  0.000000000000000e+00 -6.230325810818726e-09  2.743265807466895e-09 
 2.570395782769009e+02  1.000000000000000e+00  0.000000000000000e+00 -6.201452462661905e-09  2.761843659966536e-09 
 2.600159563165419e+02  1.000000000000000e+00  0.000000000000000e+00 -6.177902411863556e-09  2.782936480951381e-09 
 2.630267991895531e+02  1.000000000000000e+00  0.000000000000000e+00 -6.155647547245735e-09  2.804756930126131e-09 
 2.660725059798961e+02  1.000000000000000e+00  0.000000000000000e+00 -6.129256435727370e-09  2.824753180183923e-09 
 2.691534803927069e+02  1.000000000000000e+00  0.000000000000000e+00 -6.108806127613775e-09  2.847682187279155e-09 
 2.722701308078068e+02  1.000000000000000e+00  0.000000000000000e+00 -6.071931624163085e-09  2.862811068730258e-09 
 2.754228703338323e+02  1.000000000000000e+00  0.000000000000000e+00 -6.048366030242391e-09  2.884423589856315e-09 
 2.786121168629929e+02  1.000000000000000e+00  0.000000000000000e+00 -6.025129062336987e-09  2.906310870296521e-09 
 2.818382931264615e+02  1.000000000000000e+00  0.000000000000000e+00 -5.996011021025538e-09  2.925375714075713e-09 
 2.851018267504073e+02  1.000000000000000e+00  0.000000000000000e+00 -5.972230043838067e-09  2.947204618306237e-09 
 2.884031503126772e+02  1.000000000000000e+00  0.000000000000000e+00 -5.947477621504049e-09  2.968639284793725e-09 
 2.917427014001335e+02  1.000000000000000e+00  0.000000000000000e+00 -5.913881384600472e-09  2.985586712412973e-09 
 2.951209226666555e+02  1.000000000000000e+00  0.000000000000000e+00 -5.888521448227380e-09  3.006860386370390e-09 
 2.985382618918131e+02  1.000000000000000e+00  0.000000000000000e+00 -5.857804019626656e-09  3.025369926218488e-09 
 3.019951720402190e+02  1.000000000000000e+00  0.000000000000000e+00 -5.829499771792257e-09  3.045215807843298e-09 
 3.054921113215689e+02  1.000000000000000e+00  0.000000000000000e+00 -5.794473123543753e-09  3.061456549735358e-09 
 3.090295432513769e+02  1.000000000000000e+00  0.000000000000000e+00 -5.768797661787062e-09  3.082800169274761e-09 
 3.126079367124136e+02  1.000000000000000e+00  0.000000000000000e+00 -5.739336339516399e-09  3.102128441764222e-09 
 3.162277660168562e+02  1.000000000000000e+00  0.000000000000000e+00 -5.708875150389758e-09  3.120927181794676e-09 
 3.198895109691583e+02  1.000000000000000e+00  0.000000000000000e+00 -5.670891312092863e-09  3.135465744449873e-09 
 3.235936569296470e+02  1.000000000000000e+00  0.000000000000000e+00 -5.650891976571870e-09  3.160271454087388e-09 
 3.273406948788572e+02  1.000000000000000e+00  0.000000000000000e+00 -5.619742449169962e-09  3.178745815966008e-09 
 3.311311214826103e+02  1.000000000000000e+00  0.000000000000000e+00 -5.581170858803830e-09  3.192845032172443e-09 
 3.349654391578471e+02  1.000000000000000e+00  0.000000000000000e+00 -5.547143855366699e-09  3.209553915296663e-09 
 3.388441561392223e+02  1.000000000000000e+00  0.000000000000000e+00 -5.518752788091774e-09  3.229625214045675e-09 
 3.427677865464703e+02  1.000000000000000e+00  0.000000000000000e+00 -5.483074438927815e-09  3.245276820684024e-09 
 3.467368504525519e+02  1.000000000000000e+00  0.000000000000000e+00 -5.445977002693780e-09  3.259991137417395e-09 
 3.507518739525885e+02  1.000000000000000e+00  0.000000000000000e+00 -5.420970117242518e-09  3.282159949152732e-09 
 3.548133892335962e+02  1.000000000000000e+00  0.000000000000000e+00 -5.388864465771803e-09  3.299909484501175e-09 
 3.589219346450263e+02  1.000000000000000e+00  0.000000000000000e+00 -5.346320275378957e-09  3.310974793028490e-09 
 3.630780547701227e+02  1.000000000000000e+00  0.000000000000000e+00 -5.315699214136771e-09  3.329550171839559e-09 
 3.672823004981063e+02  1.000000000000000e+00  0.000000000000000e+00 -5.277523085212010e-09  3.343180628113864e-09 
 3.715352290971944e+02  1.000000000000000e+00  0.000000000000000e+00 -5.238615097269417e-09  3.356198116378486e-09 
 3.758374042884663e+02  1.000000000000000e+00  0.000000000000000e+00 -5.208038889037425e-09  3.374636950632427e-09 
 3.801893963205836e+02  1.000000000000000e+00  0.000000000000000e+00 -5.170024852674260e-09  3.388018613787380e-09 
 3.845917820453763e+02  1.000000000000000e+00  0.000000000000000e+00 -5.138814707095207e-09  3.405917845986876e-09 
 3.890451449943037e+02  1.000000000000000e+00  0.000000000000000e+00 -5.099112909690007e-09  3.417900805289436e-09 
 3.935500754558008e+02  1.000000000000000e+00  0.000000000000000e+00 -5.063050201314923e-09  3.432250900484678e-09 
 3.981071705535209e+02  1.000000000000000e+00  0.000000000000000e+00 -5.026688842946214e-09  3.446258326725727e-09 
 4.027170343254830e+02  1.000000000000000e+00  0.000000000000000e+00 -4.989544999389750e-09  3.459581894045679e-09 
 4.073802778041370e+02  1.000000000000000e+00  0.000000000000000e+00 -4.948668586024496e-09  3.470045316654501e-09 
 4.120975190973548e+02  1.000000000000000e+00  0.000000000000000e+00 -4.911375528493522e-09  3.482903496968177e-09 
 4.168693834703603e+02  1.000000000000000e+00  0.000000000000000e+00 -4.873741188404779e-09  3.495349260300862e-09 
 4.216965034286075e+02  1.000000000000000e+00  0.000000000000000e+00 -4.837996669948552e-09  3.509028951144497e-09 
 4.265795188016182e+02  1.000000000000000e+00  0.000000000000000e+00 -4.797183539295702e-09  3.518718061823640e-09 
 4.315190768277911e+02  1.000000000000000e+00  0.000000000000000e+00 -4.757403804234173e-09  3.528947652056257e-09 
 4.365158322401921e+02  1.000000000000000e+00  0.000000000000000e+00 -4.719314050660728e-09  3.540262684409174e-09 
 4.415704473533390e+02  1.000000000000000e+00  0.000000000000000e+00 -4.683894383461507e-09  3.553441475014638e-09 
 4.466835921509900e+02  1.000000000000000e+00  0.000000000000000e+00 -4.633103456441745e-09  3.554259179290239e-09 
 4.518559443749496e+02  1.000000000000000e+00  0.000000000000000e+00 -4.595994473888254e-09  3.565614492681210e-09 
 4.570881896149025e+02  1.000000000000000e+00  0.000000000000000e+00 -4.557728638943104e-09  3.575821974974433e-09 
 4.623810213992882e+02  1.000000000000000e+00  0.000000000000000e+00 -4.518374785433821e-09  3.584882479680963e-09 
 4.677351412872264e+02  1.000000000000000e+00  0.000000000000000e+00 -4.475884551879972e-09  3.591052435611679e-09 
 4.731512589615090e+02  1.000000000000000e+00  0.000000000000000e+00 -4.433481803900463e-09  3.596982580062261e-09 
 4.786300923226673e+02  1.000000000000000e+00  0.000000000000000e+00 -4.400195319220757e-09  3.610310002073302e-09 
 4.841723675841287e+02  1.000000000000000e+00  0.000000000000000e+00 -4.353349458696698e-09  3.611797733913151e-09 
 4.897788193684759e+02  1.000000000000000e+00  0.000000000000000e+00 -4.318952973036971e-09  3.623680822013907e-09 
 4.954501908048202e+02  1.000000000000000e+00  0.000000000000000e+00 -4.273347009586814e-09  3.625466525624711e-09 
 5.011872336273027e+02  1.000000000000000e+00  0.000000000000000e+00 -4.229953720624735e-09  3.628790489694196e-09 
 5.069907082747351e+02  1.000000000000000e+00  0.000000000000000e+00 -4.186872626377180e-09  3.631983354747490e-09 
 5.128613839913960e+02  1.000000000000000e+00  0.000000000000000e+00 -4.144445897580340e-09  3.635366461638909e-09 
 5.188000389289926e+02  1.000000000000000e+00  0.000000000000000e+00 -4.103589912318739e-09  3.639775926538242e-09 
 5.248074602498045e+02  1.000000000000000e+00  0.000000000000000e+00 -4.062767677837087e-09  3.643857184791686e-09 
 5.308844442310207e+02  1.000000000000000e+00  0.000000000000000e+00 -4.026540878498963e-09  3.651862588857028e-09 
 5.370317963702854e+02  1.000000000000000e+00  0.000000000000000e+00 -3.977646434449866e-09  3.647471270168141e-09 
 5.432503314924663e+02  1.000000000000000e+00  0.000000000000000e+00 -3.942003834467300e-09  3.655297349877554e-09 
 5.495408738576581e+02  1.000000000000000e+00  0.000000000000000e+00 -3.895212596916053e-09  3.651918048888127e-09 
 5.559042572704375e+02  1.000000000000000e+00  0.000000000000000e+00 -3.857231201109812e-09  3.656671558377369e-09 
 5.623413251903834e+02  1.000000000000000e+00  0.000000000000000e+00 -3.812875126740778e-09  3.654669607471971e-09 
 5.688529308438762e+02  1.000000000000000e+00  0.000000000000000e+00 -3.768762413258742e-09  3.652386573629700e-09 
 5.754399373371921e+02  1.000000000000000e+00  0.000000000000000e+00 -3.724746733269058e-09  3.649648898552829e-09 
 5.821032177709070e+02  1.000000000000000e+00  0.000000000000000e+00 -3.684465843534213e-09  3.650236045962514e-09 
 5.888436553556251e+02  1.000000000000000e+00  0.000000000000000e+00 -3.639007539746331e-09  3.644920677943735e-09 
 5.956621435290471e+02  1.000000000000000e+00  0.000000000000000e+00 -3.602067755181793e-09  3.648025986353236e-09 
 6.025595860743948e+02  1.000000000000000e+00  0.000000000000000e+00 -3.556325234299607e-09  3.641262377013753e-09 
 6.095368972402067e+02  1.000000000000000e+00  0.000000000000000e+00 -3.518078939279690e-09  3.641995942376070e-09 
 6.165950018615202e+02  1.000000000000000e+00  0.000000000000000e+00 -3.477597099177387e-09  3.639792938862950e-09 
 6.237348354824578e+02  1.000000000000000e+00  0.000000000000000e+00 -3.436027018466348e-09  3.635868496521758e-09 
 6.309573444802323e+02  1.000000000000000e+00  0.000000000000000e+00 -3.389625913285954e-09  3.625908537205043e-09 
 6.382634861905883e+02  1.000000000000000e+00  0.000000000000000e+00 -3.353504363090565e-09  3.626903834121759e-09 
 6.456542290346956e+02  1.000000000000000e+00  0.000000000000000e+00 -3.309950313834520e-09  3.618922068726648e-09 
 6.531305526475130e+02  1.000000000000000e+00  0.000000000000000e+00 -3.267847104027055e-09  3.611957106482546e-09 
 6.606934480076371e+02  1.000000000000000e+00  0.000000000000000e+00 -3.226882983042856e-09  3.605667159837416e-09 
 6.683439175686563e+02  1.000000000000000e+00  0.000000000000000e+00 -3.184321695215431e-09  3.596849641100772e-09 
 6.760829753920240e+02  1.000000000000000e+00  0.000000000000000e+00 -3.146253924057874e-09  3.592765222316680e-09 
 6.839116472814720e+02  1.000000000000000e+00  0.000000000000000e+00 -3.106273682718097e-09  3.585751270532940e-09 
 6.918309709189797e+02  1.000000000000000e+00  0.000000000000000e+00 -3.067558873581788e-09  3.579669162381404e-09 
 6.998419960023173e+02  1.000000000000000e+00  0.000000000000000e+00 -3.026839001663006e-09  3.570460204241083e-09 
 7.079457843841823e+02  1.000000000000000e+00  0.000000000000000e+00 -2.989793079777314e-09  3.565202638319831e-09 
 7.161434102129469e+02  1.000000000000000e+00  0.000000000000000e+00 -2.946032973127899e-09  3.550756178449452e-09 
 7.244359600750356e+02  1.000000000000000e+00  0.000000000000000e+00 -2.906273444125418e-09  3.540674193940052e-09 
 7.328245331389502e+02  1.000000000000000e+00  0.000000000000000e+00 -2.866446857652249e-09  3.529788157998013e-09 
 7.413102413009642e+02  1.000000000000000e+00  0.000000000000000e+00 -2.828311140845585e-09  3.520434318517694e-09 
 7.498942093325031e+02  1.000000000000000e+00  0.000000000000000e+00 -2.790446762546139e-09  3.510719100141817e-09 
 7.585775750292316e+02  1.000000000000000e+00  0.000000000000000e+00 -2.749860117390313e-09  3.496641766821511e-09 
 7.673614893618674e+02  1.000000000000000e+00  0.000000000000000e+00 -2.709641400144847e-09  3.482288477973244e-09 
 7.762471166287407e+02  1.000000000000000e+00  0.000000000000000e+00 -2.670442755814406e-09  3.468506376157112e-09 
 7.852356346101215e+02  1.000000000000000e+00  0.000000000000000e+00 -2.633902207449523e-09  3.457672367499463e-09 
 7.943282347243318e+02  1.000000000000000e+00  0.000000000000000e+00 -2.595802239824252e-09  3.443908043996875e-09 
 8.035261221856681e+02  1.000000000000000e+00  0.000000000000000e+00 -2.562358103475049e-09  3.436032240742952e-09 
 8.128305161641507e+02  1.000000000000000e+00  0.000000000000000e+00 -2.523232955908838e-09  3.419266750000292e-09 
 8.222426499471233e+02  1.000000000000000e+00  0.000000000000000e+00 -2.483026229072038e-09  3.400085711677964e-09 
 8.317637711027238e+02  1.000000000000000e+00  0.000000000000000e+00 -2.449461744546966e-09  3.389834804458543e-09 
 8.413951416452486e+02  1.000000000000000e+00  0.000000000000000e+00 -2.413767630216057e-09  3.375718692153872e-09 
 8.511380382024306e+02  1.000000000000000e+00  0.000000000000000e+00 -2.380326158402113e-09  3.364211273600669e-09 
 8.609937521846555e+02  1.000000000000000e+00  0.000000000000000e+00 -2.344030747281067e-09  3.347614289180185e-09 
 8.709635899561362e+02  1.000000000000000e+00  0.000000000000000e+00 -2.309070268324831e-09  3.332256948726606e-09 
 8.810488730080704e+02  1.000000000000000e+00  0.000000000000000e+00 -2.273026433741165e-09  3.314403994531326e-09 
 8.912509381338025e+02  1.000000000000000e+00  0.000000000000000e+00 -2.238530472098432e-09  3.298122460901332e-09 
 9.015711376060145e+02  1.000000000000000e+00  0.000000000000000e+00 -2.203243365528351e-09  3.279781701814085e-09 
 9.120108393559681e+02  1.000000000000000e+00  0.000000000000000e+00 -2.171087754021528e-09  3.265627762888239e-09 
 9.225714271548222e+02  1.000000000000000e+00  0.000000000000000e+00 -2.137592769457797e-09  3.248497031376092e-09 
 9.332543007970509e+02  1.000000000000000e+00  0.000000000000000e+00 -2.102092722111593e-09  3.227231647174277e-09 
 9.440608762859839e+02  1.000000000000000e+00  0.000000000000000e+00 -2.070759563821412e-09  3.212009955103415e-09 
 9.549925860214972e+02  1.000000000000000e+00  0.000000000000000e+00 -2.039504787276769e-09  3.196160189972413e-09 
 9.660508789898754e+02  1.000000000000000e+00  0.000000000000000e+00 -2.007168653506142e-09  3.177637964010219e-09 
 9.772372209558735e+02  1.000000000000000e+00  0.000000000000000e+00 -1.974343355470864e-09  3.157412301123090e-09 
 9.885530946570024e+02  1.000000000000000e+00  0.000000000000000e+00 -1.945015482007761e-09  3.142448986410366e-09 
 1.000000000000064e+03  1.000000000000000e+00  0.000000000000000e+00 -1.912804803438917e-09  3.121551968841320e-09 
 1.011579454259964e+03  1.000000000000000e+00  0.000000000000000e+00 -1.882599853786360e-09  3.103408280358266e-09 
 1.023292992280820e+03  1.000000000000000e+00  0.000000000000000e+00 -1.852467068630403e-09  3.084527695545666e-09 
 1.035142166679411e+03  1.000000000000000e+00  0.000000000000000e+00 -1.821570894122715e-09  3.063389916735382e-09 
 1.047128548050967e+03  1.000000000000000e+00  0.000000000000000e+00 -1.793953652295954e-09  3.047471141756630e-09 
 1.059253725177357e+03  1.000000000000000e+00  0.000000000000000e+00 -1.763066803661673e-09  3.024579243364554e-09 
 1.071519305237676e+03  1.000000000000000e+00  0.000000000000000e+00 -1.734921095675190e-09  3.005996556380321e-09 
 1.083926914021273e+03  1.000000000000000e+00  0.000000000000000e+00 -1.708438057690387e-09  2.989792355150792e-09 
 1.096478196143256e+03  1.000000000000000e+00  0.000000000000000e+00 -1.680344530186062e-09  2.969662383784776e-09 
 1.109174815262473e+03  1.000000000000000e+00  0.000000000000000e+00 -1.651796699420061e-09  2.947767065164530e-09 
 1.122018454302036e+03  1.000000000000000e+00  0.000000000000000e+00 -1.623476464374107e-09  2.925400500509469e-09 
 1.135010815672388e+03  1.000000000000000e+00  0.000000000000000e+00 -1.598642107580872e-09  2.909178646137538e-09 
 1.148153621496957e+03  1.000000000000000e+00  0.000000000000000e+00 -1.574215424682279e-09  2.893006373035686e-09 
 1.161448613840418e+03  1.000000000000000e+00  0.000000000000000e+00 -1.545585881501665e-09  2.867403612780931e-09 
 1.174897554939606e+03  1.000000000000000e+00  0.000000000000000e+00 -1.519611325662140e-09  2.846358454597527e-09 
 1.188502227437096e+03  1.000000000000000e+00  0.000000000000000e+00 -1.493780432682001e-09  2.824730264310623e-09 
 1.202264434617491e+03  1.000000000000000e+00  0.000000000000000e+00 -1.470566113326299e-09  2.807832866495892e-09 
 1.216186000646447e+03  1.000000000000000e+00  0.000000000000000e+00 -1.445856767645637e-09  2.786983940611561e-09 
 1.230268770812462e+03  1.000000000000000e+00  0.000000000000000e+00 -1.423178019877014e-09  2.769599991188365e-09 
 1.244514611771466e+03  1.000000000000000e+00  0.000000000000000e+00 -1.398456461743081e-09  2.747006128643592e-09 
 1.258925411794249e+03  1.000000000000000e+00  0.000000000000000e+00 -1.375464409036908e-09  2.727353978239627e-09 
 1.273503081016745e+03  1.000000000000000e+00  0.000000000000000e+00 -1.352076450800155e-09  2.705982003574359e-09 
 1.288249551693218e+03  1.000000000000000e+00  0.000000000000000e+00 -1.328052334770291e-09  2.682337709857419e-09 
 1.303166778452385e+03  1.000000000000000e+00  0.000000000000000e+00 -1.306370345233177e-09  2.663155570148314e-09 
 1.318256738556493e+03  1.000000000000000e+00  0.000000000000000e+00 -1.283867900880864e-09  2.641274584734999e-09 
 1.333521432163411e+03  1.000000000000000e+00  0.000000000000000e+00 -1.261608595370944e-09  2.619074231254535e-09 
 1.348962882591742e+03  1.000000000000000e+00  0.000000000000000e+00 -1.241507563420896e-09  2.601224877206779e-09 
 1.364583136589014e+03  1.000000000000000e+00  0.000000000000000e+00 -1.220067380458545e-09  2.579316257973752e-09 
 1.380384264602976e+03  1.000000000000000e+00  0.000000000000000e+00 -1.198319221629163e-09  2.555822895715983e-09 
 1.396368361056030e+03  1.000000000000000e+00  0.000000000000000e+00 -1.179321973410197e-09  2.538290377689621e-09 
 1.412537544622847e+03  1.000000000000000e+00  0.000000000000000e+00 -1.159186524546385e-09  2.517099238026274e-09 
 1.428893958511197e+03  1.000000000000000e+00  0.000000000000000e+00 -1.139017324902625e-09  2.495043975245248e-09 
 1.445439770746023e+03  1.000000000000000e+00  0.000000000000000e+00 -1.120216364114412e-09  2.475597568412334e-09 
 1.462177174456815e+03  1.000000000000000e+00  0.000000000000000e+00 -1.099055069175847e-09  2.449260028407514e-09 
 1.479108388168306e+03  1.000000000000000e+00  0.000000000000000e+00 -1.080640466000204e-09  2.429239879348996e-09 
 1.496235656094533e+03  1.000000000000000e+00  0.000000000000000e+00 -1.063153343139334e-09  2.410856684317668e-09 
 1.513561248436309e+03  1.000000000000000e+00  0.000000000000000e+00 -1.043392261479426e-09  2.385601622387039e-09 
 1.531087461682132e+03  1.000000000000000e+00  0.000000000000000e+00 -1.027171236955837e-09  2.369090836267657e-09 
 1.548816618912585e+03  1.000000000000000e+00  0.000000000000000e+00 -1.008936933999394e-09  2.346310303599081e-09 
 1.566751070108254e+03  1.000000000000000e+00  0.000000000000000e+00 -9.915359644452337e-10  2.325007931623310e-09 
 1.584893192461219e+03  1.000000000000000e+00  0.000000000000000e+00 -9.752290086595394e-10  2.306004146424186e-09 
 1.603245390690149e+03  1.000000000000000e+00  0.000000000000000e+00 -9.585647831045208e-10  2.285235650234876e-09 
 1.621810097359039e+03  1.000000000000000e+00  0.000000000000000e+00 -9.418392732385428e-10  2.263463088291416e-09 
 1.640589773199649e+03  1.000000000000000e+00  0.000000000000000e+00 -9.261629241308356e-10  2.243944248296603e-09 
 1.659586907437672e+03  1.000000000000000e+00  0.000000000000000e+00 -9.106351228638232e-10  2.224152565247217e-09 
 1.678804018122673e+03  1.000000000000000e+00  0.000000000000000e+00 -8.949290197790560e-10  2.203006533598416e-09 
 1.698243652461858e+03  1.000000000000000e+00  0.000000000000000e+00 -8.788147987104367e-10  2.179869280200496e-09 
 1.717908387157704e+03  1.000000000000000e+00  0.000000000000000e+00 -8.648861626880944e-10  2.162577159231863e-09 
 1.737800828749492e+03  1.000000000000000e+00  0.000000000000000e+00 -8.495317782575285e-10  2.140226196679744e-09 
 1.757923613958811e+03  1.000000000000000e+00  0.000000000000000e+00 -8.345573121459893e-10  2.118159837523163e-09 
 1.778279410039043e+03  1.000000000000000e+00  0.000000000000000e+00 -8.215497171448760e-10  2.101582657464823e-09 
 1.798870915128909e+03  1.000000000000000e+00  0.000000000000000e+00 -8.079028557261836e-10  2.082250851560483e-09 
 1.819700858610106e+03  1.000000000000000e+00  0.000000000000000e+00 -7.935239132450533e-10  2.059859151195935e-09 
 1.840772001469080e+03  1.000000000000000e+00  0.000000000000000e+00 -7.803333534894819e-10  2.040611053180305e-09 
 1.862087136662994e+03  1.000000000000000e+00  0.000000000000000e+00 -7.672584789730763e-10  2.020946423663544e-09 
 1.883649089489928e+03  1.000000000000000e+00  0.000000000000000e+00 -7.540543744966044e-10  2.000144713808043e-09 
 1.905460717963377e+03  1.000000000000000e+00  0.000000000000000e+00 -7.425835502061773e-10  1.984460848794035e-09 
 1.927524913191067e+03  1.000000000000000e+00  0.000000000000000e+00 -7.297624726732010e-10  1.963526655613008e-09 
 1.949844599758178e+03  1.000000000000000e+00  0.000000000000000e+00 -7.180640526627258e-10  1.945697026563796e-09 
 1.972422736114988e+03  1.000000000000000e+00  0.000000000000000e+00 -7.058533757486884e-10  1.925406160462745e-09 
 1.995262314969016e+03  1.000000000000000e+00  0.000000000000000e+00 -6.942859620551189e-10  1.906656918937086e-09 
 2.018366363681699e+03  1.000000000000000e+00  0.000000000000000e+00 -6.826612608534788e-10  1.887030894607081e-09 
 2.041737944669669e+03  1.000000000000000e+00  0.000000000000000e+00 -6.719522716025494e-10  1.870023014693620e-09 
 2.065380155810671e+03  1.000000000000000e+00  0.000000000000000e+00 -6.604745639293697e-10  1.849534607065162e-09 
 2.089296130854183e+03  1.000000000000000e+00  0.000000000000000e+00 -6.507390182264317e-10  1.834836018364816e-09 
 2.113489039836792e+03  1.000000000000000e+00  0.000000000000000e+00 -6.393363616297165e-10  1.813240405588480e-09 
 2.137962089502379e+03  1.000000000000000e+00  0.000000000000000e+00 -6.299367694140301e-10  1.798490786636062e-09 
 2.162718523727169e+03  1.000000000000000e+00  0.000000000000000e+00 -6.197371504867988e-10  1.780097149436770e-09 
 2.187761623949703e+03  1.000000000000000e+00  0.000000000000000e+00 -6.105822514257397e-10  1.765111702308787e-09 
 2.213094709605790e+03  1.000000000000000e+00  0.000000000000000e+00 -6.009255315575501e-10  1.747548509763511e-09 
 2.238721138568494e+03  1.000000000000000e+00  0.000000000000000e+00 -5.918057155440692e-10  1.731501890651910e-09 
 2.264644307593216e+03  1.000000000000000e+00  0.000000000000000e+00 -5.820945947476730e-10  1.712462464908450e-09 
 2.290867652767931e+03  1.000000000000000e+00  0.000000000000000e+00 -5.727247565090465e-10  1.694136393995925e-09 
 2.317394649968639e+03  1.000000000000000e+00  0.000000000000000e+00 -5.641085376595356e-10  1.678237331981074e-09 
 2.344228815320084e+03  1.000000000000000e+00  0.000000000000000e+00 -5.553402182556511e-10  1.661165558190444e-09 
 2.371373705661819e+03  1.000000000000000e+00  0.000000000000000e+00 -5.467131192204988e-10  1.644047456983086e-09 
 2.398832919019656e+03  1.000000000000000e+00  0.000000000000000e+00 -5.379603429389590e-10  1.625724816160974e-09 
 2.426610095082583e+03  1.000000000000000e+00  0.000000000000000e+00 -5.297939864590262e-10  1.609348096193869e-09 
 2.454708915685200e+03  1.000000000000000e+00  0.000000000000000e+00 -5.217448695304938e-10  1.592873791959708e-09 
 2.483133105295743e+03  1.000000000000000e+00  0.000000000000000e+00 -5.129012770055397e-10  1.572272462398161e-09 
 2.511886431509754e+03  1.000000000000000e+00  0.000000000000000e+00 -5.057541052622128e-10  1.558524280443306e-09 
 2.540972705549481e+03  1.000000000000000e+00  0.000000000000000e+00 -4.986109303217745e-10  1.544387401167593e-09 
 2.570395782769042e+03  1.000000000000000e+00  0.000000000000000e+00 -4.910729600737795e-10  1.527839900276363e-09 
 2.600159563165453e+03  1.000000000000000e+00  0.000000000000000e+00 -4.834121991592610e-10  1.510124219140756e-09 
 2.630267991895565e+03  1.000000000000000e+00  0.000000000000000e+00 -4.760358773836515e-10  1.493066451182211e-09 
 2.660725059798995e+03  1.000000000000000e+00  0.000000000000000e+00 -4.692155552987742e-10  1.478109583731915e-09 
 2.691534803927103e+03  1.000000000000000e+00  0.000000000000000e+00 -4.625819727266389e-10  1.463527442790123e-09 
 2.722701308078103e+03  1.000000000000000e+00  0.000000000000000e+00 -4.557072497135550e-10  1.447170829460727e-09 
 2.754228703338359e+03  1.000000000000000e+00  0.000000000000000e+00 -4.489861815670793e-10  1.431002974753778e-09 
 2.786121168629965e+03  1.000000000000000e+00  0.000000000000000e+00 -4.428979405446398e-10  1.417400740722809e-09 
 2.818382931264651e+03  1.000000000000000e+00  0.000000000000000e+00 -4.366189632065698e-10  1.402394281756723e-09 
 2.851018267504109e+03  1.000000000000000e+00  0.000000000000000e+00 -4.305324985409698e-10  1.387750689103157e-09 
 2.884031503126808e+03  1.000000000000000e+00  0.000000000000000e+00 -4.249645080278697e-10  1.375325944059577e-09 
 2.917427014001372e+03  1.000000000000000e+00  0.000000000000000e+00 -4.193503322369452e-10  1.362155670377174e-09 
 2.951209226666593e+03  1.000000000000000e+00  0.000000000000000e+00 -4.133744457845978e-10  1.346576160689630e-09 
 2.985382618918170e+03  1.000000000000000e+00  0.000000000000000e+00 -4.080948912132953e-10  1.334096582771699e-09 
 3.019951720402229e+03  1.000000000000000e+00  0.000000000000000e+00 -4.019555799317232e-10  1.316610799767873e-09 
 3.054921113215728e+03  1.000000000000000e+00  0.000000000000000e+00 -3.965034967023939e-10  1.302197639432498e-09 
 3.090295432513808e+03  1.000000000000000e+00  0.000000000000000e+00 -3.913884771833409e-10  1.289242734705404e-09 
 3.126079367124176e+03  1.000000000000000e+00  0.000000000000000e+00 -3.861702069229977e-10  1.275163857318573e-09 
 3.162277660168603e+03  1.000000000000000e+00  0.000000000000000e+00 -3.810931570313869e-10  1.261427413261698e-09 
 3.198895109691624e+03  1.000000000000000e+00  0.000000000000000e+00 -3.760294298160716e-10  1.247192429410307e-09 
 3.235936569296512e+03  1.000000000000000e+00  0.000000000000000e+00 -3.708617857256513e-10  1.231889091603267e-09 
 3.273406948788614e+03  1.000000000000000e+00  0.000000000000000e+00 -3.663094272354783e-10  1.219746869045996e-09 
 3.311311214826146e+03  1.000000000000000e+00  0.000000000000000e+00 -3.618889632406308e-10  1.207820207347818e-09 
 3.349654391578515e+03  1.000000000000000e+00  0.000000000000000e+00 -3.570173046085756e-10  1.192759095268101e-09 
 3.388441561392267e+03  1.000000000000000e+00  0.000000000000000e+00 -3.527453884544229e-10  1.180836029868529e-09 
 3.427677865464748e+03  1.000000000000000e+00  0.000000000000000e+00 -3.484943444931332e-10  1.168662097433479e-09 
 3.467368504525564e+03  1.000000000000000e+00  0.000000000000000e+00 -3.446329888134869e-10  1.158429959813648e-09 
 3.507518739525930e+03  1.000000000000000e+00  0.000000000000000e+00 -3.401816606185548e-10  1.144018688592138e-09 
 3.548133892336008e+03  1.000000000000000e+00  0.000000000000000e+00 -3.359830191840274e-10  1.130791877669568e-09 
 3.589219346450309e+03  1.000000000000000e+00  0.000000000000000e+00 -3.320594910150021e-10  1.118877869694945e-09 
 3.630780547701273e+03  1.000000000000000e+00  0.000000000000000e+00 -3.280347105061310e-10  1.105771139150308e-09 
 3.672823004981110e+03  1.000000000000000e+00  0.000000000000000e+00 -3.242801582814536e-10  1.094099642481861e-09 
 3.715352290971992e+03  1.000000000000000e+00  0.000000000000000e+00 -3.205495868741082e-10  1.082130812691748e-09 
 3.758374042884712e+03  1.000000000000000e+00  0.000000000000000e+00 -3.171671814072852e-10  1.072058401687531e-09 
 3.801893963205885e+03  1.000000000000000e+00  0.000000000000000e+00 -3.133784343134494e-10  1.058876550243809e-09 
 3.845917820453813e+03  1.000000000000000e+00  0.000000000000000e+00 -3.099895895530835e-10  1.048053022839612e-09 
 3.890451449943086e+03  1.000000000000000e+00  0.000000000000000e+00 -3.066165099596674e-10  1.036746034507874e-09 
 3.935500754558058e+03  1.000000000000000e+00  0.000000000000000e+00 -3.033209239333701e-10  1.025761542762862e-09 
 3.981071705535260e+03  1.000000000000000e+00  0.000000000000000e+00 -3.000404369402077e-10  1.014442718196007e-09 
 4.027170343254882e+03  1.000000000000000e+00  0.000000000000000e+00 -2.966824563799264e-10  1.002174336139222e-09 
 4.073802778041422e+03  1.000000000000000e+00  0.000000000000000e+00 -2.934590348502297e-10  9.903374899658535e-10 
 4.120975190973601e+03  1.000000000000000e+00  0.000000000000000e+00 -2.905380380724409e-10  9.804622352720116e-10 
 4.168693834703657e+03  1.000000000000000e+00  0.000000000000000e+00 -2.874191995516640e-10  9.687283846187417e-10 
 4.216965034286129e+03  1.000000000000000e+00  0.000000000000000e+00 -2.845299551523794e-10  9.582349432164794e-10 
 4.265795188016236e+03  1.000000000000000e+00  0.000000000000000e+00 -2.815851996018637e-10  9.470023857975629e-10 
 4.315190768277966e+03  1.000000000000000e+00  0.000000000000000e+00 -2.786499919693597e-10  9.355092180519248e-10 
 4.365158322401977e+03  1.000000000000000e+00  0.000000000000000e+00 -2.762350348461950e-10  9.276388153716536e-10 
 4.415704473533447e+03  1.000000000000000e+00  0.000000000000000e+00 -2.735955906274512e-10  9.177267838895997e-10 
 4.466835921509957e+03  1.000000000000000e+00  0.000000000000000e+00 -2.710389690463444e-10  9.079643907387858e-10 
 4.518559443749554e+03  1.000000000000000e+00  0.000000000000000e+00 -2.683382405166412e-10  8.967389660691216e-10 
 4.570881896149084e+03  1.000000000000000e+00  0.000000000000000e+00 -2.656743713913556e-10  8.855111635272528e-10 
 4.623810213992941e+03  1.000000000000000e+00  0.000000000000000e+00 -2.631630469096535e-10  8.750564968809660e-10 
 4.677351412872325e+03  1.000000000000000e+00  0.000000000000000e+00 -2.608135929449418e-10  8.657347859430953e-10 
 4.731512589615151e+03  1.000000000000000e+00  0.000000000000000e+00 -2.586972858154013e-10  8.579853067163662e-10 
 4.786300923226734e+03  1.000000000000000e+00  0.000000000000000e+00 -2.565201384641114e-10  8.493302118463969e-10 
 4.841723675841348e+03  1.000000000000000e+00  0.000000000000000e+00 -2.542182020448536e-10  8.392885102181946e-10 
 4.897788193684822e+03  1.000000000000000e+00  0.000000000000000e+00 -2.518414365937360e-10  8.283888650994359e-10 
 4.954501908048266e+03  1.000000000000000e+00  0.000000000000000e+00 -2.497875239981795e-10  8.198695819472412e-10 
 5.011872336273092e+03  1.000000000000000e+00  0.000000000000000e+00 -2.475235572063639e-10  8.091224639079908e-10 
 5.069907082747417e+03  1.000000000000000e+00  0.000000000000000e+00 -2.456133074701938e-10  8.013039322785770e-10 
 5.128613839914026e+03  1.000000000000000e+00  0.000000000000000e+00 -2.438318436048803e-10  7.943759057667255e-10 
 5.188000389289994e+03  1.000000000000000e+00  0.000000000000000e+00 -2.415816435785700e-10  7.829247202807699e-10 
 5.248074602498114e+03  1.000000000000000e+00  0.000000000000000e+00 -2.398954368487694e-10  7.762249723194947e-10 
 5.308844442310276e+03  1.000000000000000e+00  0.000000000000000e+00 -2.378692798288284e-10  7.660848071362747e-10 
 5.370317963702924e+03  1.000000000000000e+00  0.000000000000000e+00 -2.360305284554443e-10  7.574177489626938e-10 
 5.432503314924734e+03  1.000000000000000e+00  0.000000000000000e+00 -2.343869542897892e-10  7.502577929578702e-10 
 5.495408738576652e+03  1.000000000000000e+00  0.000000000000000e+00 -2.325812875625388e-10  7.414109096624821e-10 
 5.559042572704448e+03  1.000000000000000e+00  0.000000000000000e+00 -2.308560009822713e-10  7.327894339503177e-10 
 5.623413251903908e+03  1.000000000000000e+00  0.000000000000000e+00 -2.291098422091409e-10  7.238733867962616e-10 
 5.688529308438837e+03  1.000000000000000e+00  0.000000000000000e+00 -2.273097265970137e-10  7.140842596051189e-10 
 5.754399373371997e+03  1.000000000000000e+00  0.000000000000000e+00 -2.259403775184410e-10  7.083433813462325e-10 
 5.821032177709148e+03  1.000000000000000e+00  0.000000000000000e+00 -2.243538688162516e-10  7.001590487942799e-10 
 5.888436553556328e+03  1.000000000000000e+00  0.000000000000000e+00 -2.228068840537389e-10  6.919346861970765e-10 
 5.956621435290549e+03  1.000000000000000e+00  0.000000000000000e+00 -2.212912075805207e-10  6.839366863652108e-10 
 6.025595860744027e+03  1.000000000000000e+00  0.000000000000000e+00 -2.199220805465529e-10  6.772283328744522e-10 
 6.095368972402147e+03  1.000000000000000e+00  0.000000000000000e+00 -2.184090686085938e-10  6.686960976262646e-10 
 6.165950018615283e+03  1.000000000000000e+00  0.000000000000000e+00 -2.170983393057213e-10  6.620408670061917e-10 
 6.237348354824660e+03  1.000000000000000e+00  0.000000000000000e+00 -2.156765877003863e-10  6.539690833133605e-10 
 6.309573444802405e+03  1.000000000000000e+00  0.000000000000000e+00 -2.143620836392301e-10  6.469179441269401e-10 
 6.382634861905965e+03  1.000000000000000e+00  0.000000000000000e+00 -2.131061993537742e-10  6.399511615073905e-10 
 6.456542290347040e+03  1.000000000000000e+00  0.000000000000000e+00 -2.118283326524306e-10  6.328212545994583e-10 
 6.531305526475215e+03  1.000000000000000e+00  0.000000000000000e+00 -2.105471352820132e-10  6.252120487992840e-10 
 6.606934480076457e+03  1.000000000000000e+00  0.000000000000000e+00 -2.094326934098945e-10  6.194488815121357e-10 
 6.683439175686650e+03  1.000000000000000e+00  0.000000000000000e+00 -2.082070071907083e-10  6.119105543447856e-10 
 6.760829753920328e+03  1.000000000000000e+00  0.000000000000000e+00 -2.069397986304011e-10  6.039262150266123e-10 
 6.839116472814810e+03  1.000000000000000e+00  0.000000000000000e+00 -2.058326842302449e-10  5.973553947498378e-10 
 6.918309709189888e+03  1.000000000000000e+00  0.000000000000000e+00 -2.047346736588906e-10  5.909393720887612e-10 
 6.998419960023265e+03  1.000000000000000e+00  0.000000000000000e+00 -2.036351087753019e-10  5.839991628307784e-10 
 7.079457843841916e+03  1.000000000000000e+00  0.000000000000000e+00 -2.025510870140579e-10  5.771296999329545e-10 
 7.161434102129563e+03  1.000000000000000e+00  0.000000000000000e+00 -2.015703159941040e-10  5.714811558005239e-10 
 7.244359600750450e+03  1.000000000000000e+00  0.000000000000000e+00 -2.004996169091555e-10  5.640386933555841e-10 
 7.328245331389598e+03  1.000000000000000e+00  0.000000000000000e+00 -1.995605902749276e-10  5.584157710888937e-10 
 7.413102413009738e+03  1.000000000000000e+00  0.000000000000000e+00 -1.985938080650840e-10  5.521996388792305e-10 
 7.498942093325129e+03  1.000000000000000e+00  0.000000000000000e+00 -1.976763197575337e-10  5.463806958955209e-10 
 7.585775750292415e+03  1.000000000000000e+00  0.000000000000000e+00 -1.967070950570360e-10  5.395777904343424e-10 
 7.673614893618774e+03  1.000000000000000e+00  0.000000000000000e+00 -1.958599948892470e-10  5.343140487348852e-10 
 7.762471166287509e+03  1.000000000000000e+00  0.000000000000000e+00 -1.949087558017482e-10  5.273193990837366e-10 
 7.852356346101316e+03  1.000000000000000e+00  0.000000000000000e+00 -1.940527738497622e-10  5.215767791624804e-10 
 7.943282347243421e+03  1.000000000000000e+00  0.000000000000000e+00 -1.931368398544464e-10  5.145301294404159e-10 
 8.035261221856787e+03  1.000000000000000e+00  0.000000000000000e+00 -1.923707859674550e-10  5.097156958663862e-10 
 8.128305161641614e+03  1.000000000000000e+00  0.000000000000000e+00 -1.915125835694198e-10  5.029766676940828e-10 
 8.222426499471341e+03  1.000000000000000e+00  0.000000000000000e+00 -1.907958235847218e-10  4.984977868861817e-10 
 8.317637711027348e+03  1.000000000000000e+00  0.000000000000000e+00 -1.900266610732615e-10  4.928340938473164e-10 
 8.413951416452597e+03  1.000000000000000e+00  0.000000000000000e+00 -1.892539458481224e-10  4.870341625655417e-10 
 8.511380382024419e+03  1.000000000000000e+00  0.000000000000000e+00 -1.884672418128730e-10  4.807847397113318e-10 
 8.609937521846668e+03  1.000000000000000e+00  0.000000000000000e+00 -1.877877853218024e-10  4.759998844736102e-10 
 8.709635899561477e+03  1.000000000000000e+00  0.000000000000000e+00 -1.870728016939438e-10  4.703837931142874e-10 
 8.810488730080820e+03  1.000000000000000e+00  0.000000000000000e+00 -1.863815768388122e-10  4.650102577302695e-10 
 8.912509381338143e+03  1.000000000000000e+00  0.000000000000000e+00 -1.857105580427287e-10  4.597947005774428e-10 
 9.015711376060264e+03  1.000000000000000e+00  0.000000000000000e+00 -1.850166686523380e-10  4.537520120924399e-10 
 9.120108393559802e+03  1.000000000000000e+00  0.000000000000000e+00 -1.844431274378167e-10  4.498264595011181e-10 
 9.225714271548344e+03  1.000000000000000e+00  0.000000000000000e+00 -1.838087460015458e-10  4.447068056682990e-10 
 9.332543007970631e+03  1.000000000000000e+00  0.000000000000000e+00 -1.831967910703725e-10  4.396016250671209e-10 
 9.440608762859963e+03  1.000000000000000e+00  0.000000000000000e+00 -1.825906092989271e-10  4.346195248312867e-10 
 9.549925860215099e+03  1.000000000000000e+00  0.000000000000000e+00 -1.819708828065814e-10  4.291582367255131e-10 
 9.660508789898882e+03  1.000000000000000e+00  0.000000000000000e+00 -1.814295380597741e-10  4.250723857103511e-10 
 9.772372209558866e+03  1.000000000000000e+00  0.000000000000000e+00 -1.808995175878181e-10  4.205044099384048e-10 
 9.885530946570156e+03  1.000000000000000e+00  0.000000000000000e+00 -1.802995530653106e-10  4.148838972026225e-10 
 1.000000000000078e+04  1.000000000000000e+00  0.000000000000000e+00 -1.797839654926747e-10  4.107020877899825e-10 
 1.011579454259977e+04  1.000000000000000e+00  0.000000000000000e+00 -1.792452852811266e-10  4.054803610931135e-10 
 1.023292992280834e+04  1.000000000000000e+00  0.000000000000000e+00 -1.787285874854661e-10  4.006740373513340e-10 
 1.035142166679424e+04  1.000000000000000e+00  0.000000000000000e+00 -1.782582970122348e-10  3.967881405386731e-10 
 1.047128548050981e+04  1.000000000000000e+00  0.000000000000000e+00 -1.777722413720539e-10  3.925887770254988e-10 
 1.059253725177371e+04  1.000000000000000e+00  0.000000000000000e+00 -1.772675339850593e-10  3.876801050323175e-10 
 1.071519305237690e+04  1.000000000000000e+00  0.000000000000000e+00 -1.767883617276311e-10  3.827214153234726e-10 
 1.083926914021288e+04  1.000000000000000e+00  0.000000000000000e+00 -1.763515999897436e-10  3.788464680853920e-10 
 1.096478196143271e+04  1.000000000000000e+00  0.000000000000000e+00 -1.759090650921280e-10  3.744205336400630e-10 
 1.109174815262488e+04  1.000000000000000e+00  0.000000000000000e+00 -1.754554279642662e-10  3.699993050658434e-10 
 1.122018454302051e+04  1.000000000000000e+00  0.000000000000000e+00 -1.750586342552651e-10  3.664160754326962e-10 
 1.135010815672404e+04  1.000000000000000e+00  0.000000000000000e+00 -1.746813804714975e-10  3.628606881113383e-10 
 1.148153621496973e+04  1.000000000000000e+00  0.000000000000000e+00 -1.742186395148337e-10  3.578496162587319e-10 
 1.161448613840434e+04  1.000000000000000e+00  0.000000000000000e+00 -1.738269528317460e-10  3.538360724211764e-10 
 1.174897554939622e+04  1.000000000000000e+00  0.000000000000000e+00 -1.734183907586839e-10  3.493747955871096e-10 
 1.188502227437112e+04  1.000000000000000e+00  0.000000000000000e+00 -1.730502408037182e-10  3.459474495065562e-10 
 1.202264434617508e+04  1.000000000000000e+00  0.000000000000000e+00 -1.727262777251326e-10  3.429049258082961e-10 
 1.216186000646464e+04  1.000000000000000e+00  0.000000000000000e+00 -1.723197140535149e-10  3.380046468409725e-10 
 1.230268770812479e+04  1.000000000000000e+00  0.000000000000000e+00 -1.719517861431541e-10  3.337941346936990e-10 
 1.244514611771483e+04  1.000000000000000e+00  0.000000000000000e+00 -1.716173869681370e-10  3.302414834649436e-10 
 1.258925411794267e+04  1.000000000000000e+00  0.000000000000000e+00 -1.712825437039101e-10  3.264698572244540e-10 
 1.273503081016763e+04  1.000000000000000e+00  0.000000000000000e+00 -1.709803409966071e-10  3.234489395070872e-10 
 1.288249551693236e+04  1.000000000000000e+00  0.000000000000000e+00 -1.706184082905793e-10  3.189497988637102e-10 
 1.303166778452403e+04  1.000000000000000e+00  0.000000000000000e+00 -1.703057694868448e-10  3.157873077613838e-10 
 1.318256738556512e+04  1.000000000000000e+00  0.000000000000000e+00 -1.699862473003577e-10  3.115590814853353e-10 
 1.333521432163430e+04  1.000000000000000e+00  0.000000000000000e+00 -1.696880413959434e-10  3.083643687618043e-10 
 1.348962882591761e+04  1.000000000000000e+00  0.000000000000000e+00 -1.693909457145537e-10  3.044821417566568e-10 
 1.364583136589033e+04  1.000000000000000e+00  0.000000000000000e+00 -1.691247142332486e-10  3.015339792092342e-10 
 1.380384264602995e+04  1.000000000000000e+00  0.000000000000000e+00 -1.688251760612047e-10  2.980780917233306e-10 
 1.396368361056049e+04  1.000000000000000e+00  0.000000000000000e+00 -1.685567241338504e-10  2.944403288893116e-10 
 1.412537544622867e+04  1.000000000000000e+00  0.000000000000000e+00 -1.682829431359778e-10  2.913274144492051e-10 
 1.428893958511217e+04  1.000000000000000e+00  0.000000000000000e+00 -1.680420247396341e-10  2.883964785732607e-10 
 1.445439770746043e+04  1.000000000000000e+00  0.000000000000000e+00 -1.677686878309714e-10  2.845003382184741e-10 
 1.462177174456835e+04  1.000000000000000e+00  0.000000000000000e+00 -1.675000138590121e-10  2.809706356465824e-10 
 1.479108388168326e+04  1.000000000000000e+00  0.000000000000000e+00 -1.672695315591000e-10  2.785115645054237e-10 
 1.496235656094553e+04  1.000000000000000e+00  0.000000000000000e+00 -1.670232840922381e-10  2.747453237139652e-10 
 1.513561248436329e+04  1.000000000000000e+00  0.000000000000000e+00 -1.667899152124619e-10  2.719555327462819e-10 
 1.531087461682153e+04  1.000000000000000e+00  0.000000000000000e+00 -1.665496629499330e-10  2.683822617269294e-10 
 1.548816618912606e+04  1.000000000000000e+00  0.000000000000000e+00 -1.663331694601311e-10  2.656917082177745e-10 
 1.566751070108275e+04  1.000000000000000e+00  0.000000000000000e+00 -1.661342174941183e-10  2.632702172586376e-10 
 1.584893192461241e+04  1.000000000000000e+00  0.000000000000000e+00 -1.658984061236879e-10  2.596277724059570e-10 
 1.603245390690170e+04  1.000000000000000e+00  0.000000000000000e+00 -1.656883519274288e-10  2.563706972408264e-10 
 1.621810097359060e+04  1.000000000000000e+00  0.000000000000000e+00 -1.654980597010081e-10  2.541454859061876e-10 
 1.640589773199671e+04  1.000000000000000e+00  0.000000000000000e+00 -1.652897818615884e-10  2.510209679007502e-10 
 1.659586907437694e+04  1.000000000000000e+00  0.000000000000000e+00 -1.650970471445135e-10  2.478157479571252e-10 
 1.678804018122696e+04  1.000000000000000e+00  0.000000000000000e+00 -1.648974290446859e-10  2.450617434673896e-10 
 1.698243652461881e+04  1.000000000000000e+00  0.000000000000000e+00 -1.647382230629546e-10  2.427636590016102e-10 
 1.717908387157727e+04  1.000000000000000e+00  0.000000000000000e+00 -1.645521496840274e-10  2.398398727884721e-10 
 1.737800828749516e+04  1.000000000000000e+00  0.000000000000000e+00 -1.643700731079889e-10  2.373647294343084e-10 
 1.757923613958835e+04  1.000000000000000e+00  0.000000000000000e+00 -1.641813351938026e-10  2.343260637610589e-10 
 1.778279410039067e+04  1.000000000000000e+00  0.000000000000000e+00 -1.639988145285542e-10  2.316108962605035e-10 
 1.798870915128933e+04  1.000000000000000e+00  0.000000000000000e+00 -1.638646995871795e-10  2.290916857258796e-10 
 1.819700858610131e+04  1.000000000000000e+00  0.000000000000000e+00 -1.636850655017952e-10  2.264906361418295e-10 
 1.840772001469105e+04  1.000000000000000e+00  0.000000000000000e+00 -1.635123147991635e-10  2.235171214781673e-10 
 1.862087136663018e+04  1.000000000000000e+00  0.000000000000000e+00 -1.633724266980607e-10  2.213531710357208e-10 
 1.883649089489953e+04  1.000000000000000e+00  0.000000000000000e+00 -1.632192159206625e-10  2.190066791113443e-10 
 1.905460717963402e+04  1.000000000000000e+00  0.000000000000000e+00 -1.630668933216839e-10  2.162317720710849e-10 
 1.927524913191092e+04  1.000000000000000e+00  0.000000000000000e+00 -1.629381074508274e-10  2.140154494595370e-10 
 1.949844599758204e+04  1.000000000000000e+00  0.000000000000000e+00 -1.627717960417385e-10  2.110548480774299e-10 
 1.972422736115014e+04  1.000000000000000e+00  0.000000000000000e+00 -1.626667689436090e-10  2.095911387153815e-10 
 1.995262314969042e+04  1.000000000000000e+00  0.000000000000000e+00 -1.625081180733901e-10  2.063380915781621e-10 
 2.018366363681725e+04  1.000000000000000e+00  0.000000000000000e+00 -1.623764456226695e-10  2.044142841106655e-10 
 2.041737944669696e+04  1.000000000000000e+00  0.000000000000000e+00 -1.622568746029174e-10  2.021690280462618e-10 
 2.065380155810698e+04  1.000000000000000e+00  0.000000000000000e+00 -1.621257572637091e-10  1.994591167578386e-10 
 2.089296130854210e+04  1.000000000000000e+00  0.000000000000000e+00 -1.619900880101000e-10  1.972302278094307e-10 
 2.113489039836820e+04  1.000000000000000e+00  0.000000000000000e+00 -1.618749578824463e-10  1.949855815003287e-10 
 2.137962089502407e+04  1.000000000000000e+00  0.000000000000000e+00 -1.617642686468912e-10  1.930700503985361e-10 
 2.162718523727198e+04  1.000000000000000e+00  0.000000000000000e+00 -1.616444755825341e-10  1.907405535600537e-10 
 2.187761623949732e+04  1.000000000000000e+00  0.000000000000000e+00 -1.615377831498677e-10  1.885182288052789e-10 
 2.213094709605820e+04  1.000000000000000e+00  0.000000000000000e+00 -1.614346434308800e-10  1.867630624804995e-10 
 2.238721138568524e+04  1.000000000000000e+00  0.000000000000000e+00 -1.613109645859367e-10  1.841938502764040e-10 
 2.264644307593246e+04  1.000000000000000e+00  0.000000000000000e+00 -1.612161515396338e-10  1.821300913903978e-10 
 2.290867652767962e+04  1.000000000000000e+00  0.000000000000000e+00 -1.611024647019121e-10  1.804222951595769e-10 
 2.317394649968670e+04  1.000000000000000e+00  0.000000000000000e+00 -1.610072075663993e-10  1.780542692453313e-10 
 2.344228815320116e+04  1.000000000000000e+00  0.000000000000000e+00 -1.609161692783800e-10  1.760121978722218e-10 
 2.371373705661851e+04  1.000000000000000e+00  0.000000000000000e+00 -1.608011501730289e-10  1.738492683145410e-10 
 2.398832919019689e+04  1.000000000000000e+00  0.000000000000000e+00 -1.607153299332253e-10  1.717464382516853e-10 
 2.426610095082616e+04  1.000000000000000e+00  0.000000000000000e+00 -1.606346167193351e-10  1.704457183032693e-10 
 2.454708915685234e+04  1.000000000000000e+00  0.000000000000000e+00 -1.605292565542982e-10  1.684488416808794e-10 
 2.483133105295776e+04  1.000000000000000e+00  0.000000000000000e+00 -1.604433252921922e-10  1.660361657190856e-10 
 2.511886431509789e+04  1.000000000000000e+00  0.000000000000000e+00 -1.603610577660675e-10  1.644605961831358e-10 
 2.540972705549516e+04  1.000000000000000e+00  0.000000000000000e+00 -1.602655785859497e-10  1.624746639311558e-10 
 2.570395782769077e+04  1.000000000000000e+00  0.000000000000000e+00 -1.601891952418555e-10  1.608969485422662e-10 
 2.600159563165488e+04  1.000000000000000e+00  0.000000000000000e+00 -1.601196952805140e-10  1.589614429670094e-10 
 2.630267991895601e+04  1.000000000000000e+00  0.000000000000000e+00 -1.600387600220188e-10  1.571291846635958e-10 
 2.660725059799031e+04  1.000000000000000e+00  0.000000000000000e+00 -1.599639309901590e-10  1.555128768815361e-10 
 2.691534803927140e+04  1.000000000000000e+00  0.000000000000000e+00 -1.598804422187072e-10  1.536906626270484e-10 
 2.722701308078139e+04  1.000000000000000e+00  0.000000000000000e+00 -1.598202681307725e-10  1.520557499357089e-10 
 2.754228703338396e+04  1.000000000000000e+00  0.000000000000000e+00 -1.597487697679867e-10  1.501977292539536e-10 
 2.786121168630003e+04  1.000000000000000e+00  0.000000000000000e+00 -1.596681675763989e-10  1.484705431514799e-10 
 2.818382931264689e+04  1.000000000000000e+00  0.000000000000000e+00 -1.596003329495943e-10  1.470634516942404e-10 
 2.851018267504148e+04  1.000000000000000e+00  0.000000000000000e+00 -1.595317211666725e-10  1.450105539119173e-10 
 2.884031503126847e+04  1.000000000000000e+00  0.000000000000000e+00 -1.594794296622126e-10  1.436397702170300e-10 
 2.917427014001411e+04  1.000000000000000e+00  0.000000000000000e+00 -1.594112619685006e-10  1.419014697412457e-10 
 2.951209226666633e+04  1.000000000000000e+00  0.000000000000000e+00 -1.593485343676093e-10  1.402617709478360e-10 
 2.985382618918210e+04  1.000000000000000e+00  0.000000000000000e+00 -1.592900256142116e-10  1.386797690572372e-10 
 3.019951720402270e+04  1.000000000000000e+00  0.000000000000000e+00 -1.592351805967951e-10  1.373286415140562e-10 
 3.054921113215770e+04  1.000000000000000e+00  0.000000000000000e+00 -1.591653475685462e-10  1.356523990359015e-10 
 3.090295432513850e+04  1.000000000000000e+00  0.000000000000000e+00 -1.591141662871109e-10  1.343958989236116e-10 
 3.126079367124218e+04  1.000000000000000e+00  0.000000000000000e+00 -1.590575449128551e-10  1.324337080971238e-10 
 3.162277660168646e+04  1.000000000000000e+00  0.000000000000000e+00 -1.590074738544445e-10  1.312525886587590e-10 
 3.198895109691668e+04  1.000000000000000e+00  0.000000000000000e+00 -1.589516296363058e-10  1.296752080715002e-10 
 3.235936569296556e+04  1.000000000000000e+00  0.000000000000000e+00 -1.588992271095435e-10  1.280019232968721e-10 
 3.273406948788658e+04  1.000000000000000e+00  0.000000000000000e+00 -1.588433828914049e-10  1.264575007209334e-10 
 3.311311214826191e+04  1.000000000000000e+00  0.000000000000000e+00 -1.587999731711420e-10  1.254720355392536e-10 
 3.349654391578559e+04  1.000000000000000e+00  0.000000000000000e+00 -1.587525666479905e-10  1.239319445678344e-10 
 3.388441561392312e+04  1.000000000000000e+00  0.000000000000000e+00 -1.586980546974814e-10  1.223086215640379e-10 
 3.427677865464793e+04  1.000000000000000e+00  0.000000000000000e+00 -1.586618614268787e-10  1.210209953084185e-10 
 3.467368504525610e+04  1.000000000000000e+00  0.000000000000000e+00 -1.586077935655794e-10  1.197917043338492e-10 
 3.507518739525977e+04  1.000000000000000e+00  0.000000000000000e+00 -1.585701570050446e-10  1.184084583855105e-10 
 3.548133892336055e+04  1.000000000000000e+00  0.000000000000000e+00 -1.585210851473562e-10  1.170618393886436e-10 
 3.589219346450356e+04  1.000000000000000e+00  0.000000000000000e+00 -1.584797848508401e-10  1.158994289429671e-10 
 3.630780547701321e+04  1.000000000000000e+00  0.000000000000000e+00 -1.584300468593369e-10  1.144375115502694e-10 
 3.672823004981158e+04  1.000000000000000e+00  0.000000000000000e+00 -1.583955189232711e-10  1.131489762995486e-10 
 3.715352290972041e+04  1.000000000000000e+00  0.000000000000000e+00 -1.583627673440446e-10  1.118515054882030e-10 
 3.758374042884761e+04  1.000000000000000e+00  0.000000000000000e+00 -1.583256858950222e-10  1.105585744481941e-10 
 3.801893963205935e+04  1.000000000000000e+00  0.000000000000000e+00 -1.582763919927288e-10  1.094608795965124e-10 
 3.845917820453863e+04  1.000000000000000e+00  0.000000000000000e+00 -1.582419750789654e-10  1.082738135260719e-10 
 3.890451449943137e+04  1.000000000000000e+00  0.000000000000000e+00 -1.582167730163064e-10  1.068360400147128e-10 
 3.935500754558110e+04  1.000000000000000e+00  0.000000000000000e+00 -1.581669240025008e-10  1.057697401884994e-10 
 3.981071705535313e+04  1.000000000000000e+00  0.000000000000000e+00 -1.581512698578535e-10  1.046293295059453e-10 
 4.027170343254935e+04  1.000000000000000e+00  0.000000000000000e+00 -1.581109687620597e-10  1.034223488100006e-10 
 4.073802778041476e+04  1.000000000000000e+00  0.000000000000000e+00 -1.580662267741673e-10  1.023882315737135e-10 
 4.120975190973654e+04  1.000000000000000e+00  0.000000000000000e+00 -1.580316988381014e-10  1.010819570407273e-10 
 4.168693834703711e+04  1.000000000000000e+00  0.000000000000000e+00 -1.580036101955784e-10  9.991177329915502e-11 
 4.216965034286184e+04  1.000000000000000e+00  0.000000000000000e+00 -1.579752995084505e-10  9.891007804463392e-11 
 4.265795188016292e+04  1.000000000000000e+00  0.000000000000000e+00 -1.579477659774398e-10  9.795264772904932e-11 
 4.315190768278023e+04  1.000000000000000e+00  0.000000000000000e+00 -1.579224528924783e-10  9.686345822657039e-11 
 4.365158322402035e+04  1.000000000000000e+00  0.000000000000000e+00 -1.578864816664804e-10  9.584971705223211e-11 
 4.415704473533505e+04  1.000000000000000e+00  0.000000000000000e+00 -1.578553954217909e-10  9.434858103118948e-11 
 4.466835921510016e+04  1.000000000000000e+00  0.000000000000000e+00 -1.578313035821566e-10  9.346997481562980e-11 
 4.518559443749613e+04  1.000000000000000e+00  0.000000000000000e+00 -1.577992181367449e-10  9.267306887161819e-11 
 4.570881896149144e+04  1.000000000000000e+00  0.000000000000000e+00 -1.577726838064564e-10  9.141576731708234e-11 
 4.623810213993002e+04  1.000000000000000e+00  0.000000000000000e+00 -1.577555863718771e-10  9.039186413262179e-11 
 4.677351412872386e+04  1.000000000000000e+00  0.000000000000000e+00 -1.577347141790142e-10  8.945766349910400e-11 
 4.731512589615214e+04  1.000000000000000e+00  0.000000000000000e+00 -1.576996311314360e-10  8.837868631372814e-11 
 4.786300923226798e+04  1.000000000000000e+00  0.000000000000000e+00 -1.576738739572647e-10  8.753805666450454e-11 
 4.841723675841413e+04  1.000000000000000e+00  0.000000000000000e+00 -1.576544450543338e-10  8.657756109253789e-11 
 4.897788193684887e+04  1.000000000000000e+00  0.000000000000000e+00 -1.576335728614708e-10  8.566406958787631e-11 
 4.954501908048333e+04  1.000000000000000e+00  0.000000000000000e+00 -1.575987118584976e-10  8.455454392208850e-11 
 5.011872336273159e+04  1.000000000000000e+00  0.000000000000000e+00 -1.575828356692455e-10  8.366264278580893e-11 
 5.069907082747485e+04  1.000000000000000e+00  0.000000000000000e+00 -1.575601871195431e-10  8.269808449146154e-11 
 5.128613839914095e+04  1.000000000000000e+00  0.000000000000000e+00 -1.575368724360260e-10  8.182761412900419e-11 
 5.188000389290063e+04  1.000000000000000e+00  0.000000000000000e+00 -1.575106711726448e-10  8.108428511954813e-11 
 5.248074602498184e+04  1.000000000000000e+00  0.000000000000000e+00 -1.574919084035287e-10  8.024847800158774e-11 
 5.308844442310347e+04  1.000000000000000e+00  0.000000000000000e+00 -1.574782526603258e-10  7.925728129354326e-11 
 5.370317963702997e+04  1.000000000000000e+00  0.000000000000000e+00 -1.574494978839880e-10  7.839028037803786e-11 
 5.432503314924808e+04  1.000000000000000e+00  0.000000000000000e+00 -1.574309571594767e-10  7.748426900100469e-11 
 5.495408738576727e+04  1.000000000000000e+00  0.000000000000000e+00 -1.574266272896807e-10  7.660238068862846e-11 
 5.559042572704524e+04  1.000000000000000e+00  0.000000000000000e+00 -1.573996488701823e-10  7.575973876017272e-11 
 5.623413251903985e+04  1.000000000000000e+00  0.000000000000000e+00 -1.573871033500041e-10  7.500169582619343e-11 
 5.688529308438914e+04  1.000000000000000e+00  0.000000000000000e+00 -1.573592367520860e-10  7.422569156534387e-11 
 5.754399373372075e+04  1.000000000000000e+00  0.000000000000000e+00 -1.573484675887471e-10  7.345855174145655e-11 
 5.821032177709226e+04  1.000000000000000e+00  0.000000000000000e+00 -1.573297048196309e-10  7.264644788507191e-11 
 5.888436553556408e+04  1.000000000000000e+00  0.000000000000000e+00 -1.573035035562498e-10  7.175858518504441e-11 
 5.956621435290630e+04  1.000000000000000e+00  0.000000000000000e+00 -1.572915131475838e-10  7.105829466502733e-11 
 6.025595860744109e+04  1.000000000000000e+00  0.000000000000000e+00 -1.572786345604982e-10  7.019246989203864e-11 
 6.095368972402230e+04  1.000000000000000e+00  0.000000000000000e+00 -1.572640906388756e-10  6.936584640016008e-11 
 6.165950018615367e+04  1.000000000000000e+00  0.000000000000000e+00 -1.572456609366668e-10  6.882066444502399e-11 
 6.237348354824744e+04  1.000000000000000e+00  0.000000000000000e+00 -1.572323382603713e-10  6.811191541333805e-11 
 6.309573444802491e+04  1.000000000000000e+00  0.000000000000000e+00 -1.572111330006010e-10  6.734164961774702e-11 
 6.382634861906052e+04  1.000000000000000e+00  0.000000000000000e+00 -1.572024732610089e-10  6.649989586771099e-11 
 6.456542290347127e+04  1.000000000000000e+00  0.000000000000000e+00 -1.571919261422750e-10  6.580724853932907e-11 
 6.531305526475303e+04  1.000000000000000e+00  0.000000000000000e+00 -1.571809349343312e-10  6.507906713526523e-11 
 6.606934480076547e+04  1.000000000000000e+00  0.000000000000000e+00 -1.571559549162771e-10  6.440301417165450e-11 
 6.683439175686739e+04  1.000000000000000e+00  0.000000000000000e+00 -1.571338614780871e-10  6.378501893333777e-11 
 6.760829753920418e+04  1.000000000000000e+00  0.000000000000000e+00 -1.571310859205255e-10  6.300415744675547e-11 
 6.839116472814901e+04  1.000000000000000e+00  0.000000000000000e+00 -1.571094365715453e-10  6.234036897811990e-11 
 6.918309709189981e+04  1.000000000000000e+00  0.000000000000000e+00 -1.571054397686567e-10  6.176843411753730e-11 
 6.998419960023358e+04  1.000000000000000e+00  0.000000000000000e+00 -1.570903407355217e-10  6.109559733125103e-11 
 7.079457843842010e+04  1.000000000000000e+00  0.000000000000000e+00 -1.570858998434232e-10  6.042674693951255e-11 
 7.161434102129658e+04  1.000000000000000e+00  0.000000000000000e+00 -1.570590324462273e-10  5.977805056511798e-11 
 7.244359600750546e+04  1.000000000000000e+00  0.000000000000000e+00 -1.570564789332707e-10  5.915069128947792e-11 
 7.328245331389694e+04  1.000000000000000e+00  0.000000000000000e+00 -1.570348295842905e-10  5.869069119590620e-11 
 7.413102413009836e+04  1.000000000000000e+00  0.000000000000000e+00 -1.570253926885812e-10  5.794099575129330e-11 
 7.498942093325227e+04  1.000000000000000e+00  0.000000000000000e+00 -1.570206187295753e-10  5.731753266458028e-11 
 7.585775750292515e+04  1.000000000000000e+00  0.000000000000000e+00 -1.569930851985646e-10  5.668817151804895e-11 
 7.673614893618875e+04  1.000000000000000e+00  0.000000000000000e+00 -1.569859797712070e-10  5.626742821673858e-11 
 7.762471166287611e+04  1.000000000000000e+00  0.000000000000000e+00 -1.569770979870100e-10  5.556647850180063e-11 
 7.852356346101420e+04  1.000000000000000e+00  0.000000000000000e+00 -1.569679941582081e-10  5.502589356387588e-11 
 7.943282347243527e+04  1.000000000000000e+00  0.000000000000000e+00 -1.569545604596101e-10  5.438028499726855e-11 
 8.035261221856893e+04  1.000000000000000e+00  0.000000000000000e+00 -1.569385732480555e-10  5.392681440286040e-11 
 8.128305161641721e+04  1.000000000000000e+00  0.000000000000000e+00 -1.569301355530683e-10  5.331308311484761e-11 
 8.222426499471450e+04  1.000000000000000e+00  0.000000000000000e+00 -1.569223639918960e-10  5.282515744275962e-11 
 8.317637711027457e+04  1.000000000000000e+00  0.000000000000000e+00 -1.569112617616497e-10  5.221029511504049e-11 
 8.413951416452706e+04  1.000000000000000e+00  0.000000000000000e+00 -1.569006036206133e-10  5.162770905231540e-11 
 8.511380382024529e+04  1.000000000000000e+00  0.000000000000000e+00 -1.568972729515394e-10  5.118069162923788e-11 
 8.609937521846780e+04  1.000000000000000e+00  0.000000000000000e+00 -1.568689622644115e-10  5.065059482944889e-11 
 8.709635899561590e+04  1.000000000000000e+00  0.000000000000000e+00 -1.568590812794923e-10  5.013651299679012e-11 
 8.810488730080934e+04  1.000000000000000e+00  0.000000000000000e+00 -1.568657426176401e-10  4.959983118668632e-11 
 8.912509381338258e+04  1.000000000000000e+00  0.000000000000000e+00 -1.568420948672156e-10  4.914697468438867e-11 
 9.015711376060382e+04  1.000000000000000e+00  0.000000000000000e+00 -1.568376539751171e-10  4.865937514031415e-11 
 9.120108393559921e+04  1.000000000000000e+00  0.000000000000000e+00 -1.568328800161112e-10  4.806168657500720e-11 
 9.225714271548465e+04  1.000000000000000e+00  0.000000000000000e+00 -1.568148944031122e-10  4.763010125197198e-11 
 9.332543007970754e+04  1.000000000000000e+00  0.000000000000000e+00 -1.568057905743103e-10  4.722383595279211e-11 
 9.440608762860087e+04  1.000000000000000e+00  0.000000000000000e+00 -1.568009055930020e-10  4.686363797024029e-11 
 9.549925860215223e+04  1.000000000000000e+00  0.000000000000000e+00 -1.567885821174286e-10  4.627833533055181e-11 
 9.660508789899008e+04  1.000000000000000e+00  0.000000000000000e+00 -1.567797003332316e-10  4.576108242337895e-11 
 9.772372209558992e+04  1.000000000000000e+00  0.000000000000000e+00 -1.567733720619913e-10  4.539020548310901e-11 
 9.885530946570286e+04  1.000000000000000e+00  0.000000000000000e+00 -1.567557195158997e-10  4.487199500857741e-11 
 1.000000000000091e+05  1.000000000000000e+00  0.000000000000000e+00 -1.567465046647953e-10  4.453579172114530e-11 
 1.011579454259990e+05  1.000000000000000e+00  0.000000000000000e+00 -1.567389551482279e-10  4.402309072837340e-11 
 1.023292992280847e+05  1.000000000000000e+00  0.000000000000000e+00 -1.567286300740989e-10  4.363057137801718e-11 
 1.035142166679438e+05  1.000000000000000e+00  0.000000000000000e+00 -1.567174168215502e-10  4.325811236993715e-11 
 1.047128548050995e+05  1.000000000000000e+00  0.000000000000000e+00 -1.567072027697236e-10  4.281003329609234e-11 
 1.059253725177385e+05  1.000000000000000e+00  0.000000000000000e+00 -1.567106444610999e-10  4.232696831918403e-11 
 1.071519305237704e+05  1.000000000000000e+00  0.000000000000000e+00 -1.566831109300892e-10  4.195695874065208e-11 
 1.083926914021303e+05  1.000000000000000e+00  0.000000000000000e+00 -1.566775598149661e-10  4.152438809468251e-11 
 1.096478196143285e+05  1.000000000000000e+00  0.000000000000000e+00 -1.566674567854420e-10  4.123149044410468e-11 
 1.109174815262503e+05  1.000000000000000e+00  0.000000000000000e+00 -1.566531349084244e-10  4.080930038341535e-11 
 1.122018454302066e+05  1.000000000000000e+00  0.000000000000000e+00 -1.566636820271583e-10  4.046046830907812e-11 
 1.135010815672419e+05  1.000000000000000e+00  0.000000000000000e+00 -1.566444751688323e-10  4.006192599881331e-11 
 1.148153621496988e+05  1.000000000000000e+00  0.000000000000000e+00 -1.566439200573200e-10  3.966799111410069e-11 
 1.161448613840449e+05  1.000000000000000e+00  0.000000000000000e+00 -1.566309304479319e-10  3.931188014005826e-11 
 1.174897554939637e+05  1.000000000000000e+00  0.000000000000000e+00 -1.566105023442788e-10  3.889343708207704e-11 
 1.188502227437128e+05  1.000000000000000e+00  0.000000000000000e+00 -1.566052842960630e-10  3.858173502901963e-11 
 1.202264434617523e+05  1.000000000000000e+00  0.000000000000000e+00 -1.565948481996315e-10  3.824431743515433e-11 
 1.216186000646480e+05  1.000000000000000e+00  0.000000000000000e+00 -1.565807483672188e-10  3.789588087776963e-11 
 1.230268770812495e+05  1.000000000000000e+00  0.000000000000000e+00 -1.565730878283489e-10  3.752548272117906e-11 
 1.244514611771500e+05  1.000000000000000e+00  0.000000000000000e+00 -1.565643170664544e-10  3.721930402766915e-11 
 1.258925411794283e+05  1.000000000000000e+00  0.000000000000000e+00 -1.565508833678564e-10  3.689427235942233e-11 
 1.273503081016779e+05  1.000000000000000e+00  0.000000000000000e+00 -1.565360063793264e-10  3.659091085683741e-11 
 1.288249551693253e+05  1.000000000000000e+00  0.000000000000000e+00 -1.565254592605925e-10  3.626800942901909e-11 
 1.303166778452420e+05  1.000000000000000e+00  0.000000000000000e+00 -1.565235718814506e-10  3.589164382367116e-11 
 1.318256738556529e+05  1.000000000000000e+00  0.000000000000000e+00 -1.565092500044329e-10  3.557913685892089e-11 
 1.333521432163448e+05  1.000000000000000e+00  0.000000000000000e+00 -1.565094720490379e-10  3.530787467953544e-11 
 1.348962882591779e+05  1.000000000000000e+00  0.000000000000000e+00 -1.564884888338725e-10  3.500640055609239e-11 
 1.364583136589051e+05  1.000000000000000e+00  0.000000000000000e+00 -1.564736118453425e-10  3.472325205144955e-11 
 1.380384264603013e+05  1.000000000000000e+00  0.000000000000000e+00 -1.564722795777129e-10  3.444513424488704e-11 
 1.396368361056068e+05  1.000000000000000e+00  0.000000000000000e+00 -1.564552931654362e-10  3.411348981074980e-11 
 1.412537544622886e+05  1.000000000000000e+00  0.000000000000000e+00 -1.564430807121653e-10  3.384244273707537e-11 
 1.428893958511236e+05  1.000000000000000e+00  0.000000000000000e+00 -1.564346430171781e-10  3.358131828168354e-11 
 1.445439770746062e+05  1.000000000000000e+00  0.000000000000000e+00 -1.564253171437713e-10  3.326259406799537e-11 
 1.462177174456854e+05  1.000000000000000e+00  0.000000000000000e+00 -1.564051110847231e-10  3.310858531779814e-11 
 1.479108388168345e+05  1.000000000000000e+00  0.000000000000000e+00 -1.563920104530325e-10  3.274899795790986e-11 
 1.496235656094573e+05  1.000000000000000e+00  0.000000000000000e+00 -1.563832396911380e-10  3.253658453772346e-11 
 1.513561248436349e+05  1.000000000000000e+00  0.000000000000000e+00 -1.563681406580031e-10  3.221295452604522e-11 
 1.531087461682173e+05  1.000000000000000e+00  0.000000000000000e+00 -1.563587037622938e-10  3.198676740145956e-11 
 1.548816618912626e+05  1.000000000000000e+00  0.000000000000000e+00 -1.563522644687509e-10  3.177484664274033e-11 
 1.566751070108296e+05  1.000000000000000e+00  0.000000000000000e+00 -1.563328355658200e-10  3.150083666136894e-11 
 1.584893192461262e+05  1.000000000000000e+00  0.000000000000000e+00 -1.563266183168821e-10  3.123002551008724e-11 
 1.603245390690191e+05  1.000000000000000e+00  0.000000000000000e+00 -1.563117413283521e-10  3.109501545139892e-11 
 1.621810097359082e+05  1.000000000000000e+00  0.000000000000000e+00 -1.563015272765256e-10  3.074045878959097e-11 
 1.640589773199693e+05  1.000000000000000e+00  0.000000000000000e+00 -1.562815432620823e-10  3.053099439931373e-11 
 1.659586907437716e+05  1.000000000000000e+00  0.000000000000000e+00 -1.562675544519720e-10  3.032263329316720e-11 
 1.678804018122718e+05  1.000000000000000e+00  0.000000000000000e+00 -1.562497908835780e-10  3.013544969121540e-11 
 1.698243652461904e+05  1.000000000000000e+00  0.000000000000000e+00 -1.562407980770786e-10  2.988791159008741e-11 
 1.717908387157749e+05  1.000000000000000e+00  0.000000000000000e+00 -1.562240337094067e-10  2.974346463568978e-11 
 1.737800828749539e+05  1.000000000000000e+00  0.000000000000000e+00 -1.562061591187103e-10  2.949632205151431e-11 
 1.757923613958858e+05  1.000000000000000e+00  0.000000000000000e+00 -1.561957230222788e-10  2.925862330194207e-11 
 1.778279410039090e+05  1.000000000000000e+00  0.000000000000000e+00 -1.561804019445390e-10  2.909529561723190e-11 
 1.798870915128957e+05  1.000000000000000e+00  0.000000000000000e+00 -1.561599738408859e-10  2.886908767596452e-11 
 1.819700858610155e+05  1.000000000000000e+00  0.000000000000000e+00 -1.561439866293313e-10  2.865853387934436e-11 
 1.840772001469129e+05  1.000000000000000e+00  0.000000000000000e+00 -1.561294427077087e-10  2.848400681987329e-11 
 1.862087136663043e+05  1.000000000000000e+00  0.000000000000000e+00 -1.561160090091107e-10  2.832474532699081e-11 
 1.883649089489978e+05  1.000000000000000e+00  0.000000000000000e+00 -1.560940265932231e-10  2.807681864780420e-11 
 1.905460717963427e+05  1.000000000000000e+00  0.000000000000000e+00 -1.560797047162055e-10  2.794456332999573e-11 
 1.927524913191118e+05  1.000000000000000e+00  0.000000000000000e+00 -1.560620521701139e-10  2.773950513734746e-11 
 1.949844599758230e+05  1.000000000000000e+00  0.000000000000000e+00 -1.560471751815840e-10  2.762130801858831e-11 
 1.972422736115040e+05  1.000000000000000e+00  0.000000000000000e+00 -1.560288565016776e-10  2.743941185379128e-11 
 1.995262314969068e+05  1.000000000000000e+00  0.000000000000000e+00 -1.560166440484068e-10  2.729033665715974e-11 
 2.018366363681752e+05  1.000000000000000e+00  0.000000000000000e+00 -1.559845586029951e-10  2.711904312224789e-11 
 2.041737944669723e+05  1.000000000000000e+00  0.000000000000000e+00 -1.559697926367676e-10  2.696699807902547e-11 
 2.065380155810725e+05  1.000000000000000e+00  0.000000000000000e+00 -1.559509188453490e-10  2.680543287336690e-11 
 2.089296130854238e+05  1.000000000000000e+00  0.000000000000000e+00 -1.559288254071589e-10  2.662689513321936e-11 
 2.113489039836848e+05  1.000000000000000e+00  0.000000000000000e+00 -1.559009588092408e-10  2.651792674335240e-11 
 2.137962089502436e+05  1.000000000000000e+00  0.000000000000000e+00 -1.558914108912290e-10  2.636660334509600e-11 
 2.162718523727226e+05  1.000000000000000e+00  0.000000000000000e+00 -1.558673190515947e-10  2.622069228408463e-11 
 2.187761623949761e+05  1.000000000000000e+00  0.000000000000000e+00 -1.558391193867692e-10  2.609330806979671e-11 
 2.213094709605849e+05  1.000000000000000e+00  0.000000000000000e+00 -1.558250195543565e-10  2.595151871176427e-11 
 2.238721138568553e+05  1.000000000000000e+00  0.000000000000000e+00 -1.557971529564384e-10  2.587688396893384e-11 
 2.264644307593276e+05  1.000000000000000e+00  0.000000000000000e+00 -1.557833861909330e-10  2.570532675605364e-11 
 2.290867652767992e+05  1.000000000000000e+00  0.000000000000000e+00 -1.557556306153174e-10  2.558911416095100e-11 
 2.317394649968700e+05  1.000000000000000e+00  0.000000000000000e+00 -1.557268758389796e-10  2.550623601216273e-11 
 2.344228815320146e+05  1.000000000000000e+00  0.000000000000000e+00 -1.557026729770428e-10  2.535498200284536e-11 
 2.371373705661882e+05  1.000000000000000e+00  0.000000000000000e+00 -1.556854645201611e-10  2.522265729609785e-11 
 2.398832919019720e+05  1.000000000000000e+00  0.000000000000000e+00 -1.556554884984962e-10  2.511633956370218e-11 
 2.426610095082648e+05  1.000000000000000e+00  0.000000000000000e+00 -1.556275108782756e-10  2.501468476800994e-11 
 2.454708915685266e+05  1.000000000000000e+00  0.000000000000000e+00 -1.556038631278511e-10  2.491520878500353e-11 
 2.483133105295808e+05  1.000000000000000e+00  0.000000000000000e+00 -1.555733319946739e-10  2.481209682159147e-11 
 2.511886431509821e+05  1.000000000000000e+00  0.000000000000000e+00 -1.555455764190583e-10  2.472981541767894e-11 
 2.540972705549549e+05  1.000000000000000e+00  0.000000000000000e+00 -1.555146011966713e-10  2.462083315002417e-11 
 2.570395782769111e+05  1.000000000000000e+00  0.000000000000000e+00 -1.554880668663827e-10  2.455971537251855e-11 
 2.600159563165522e+05  1.000000000000000e+00  0.000000000000000e+00 -1.554537609749218e-10  2.445280089524715e-11 
 2.630267991895634e+05  1.000000000000000e+00  0.000000000000000e+00 -1.554327777597564e-10  2.435868173833455e-11 
 2.660725059799065e+05  1.000000000000000e+00  0.000000000000000e+00 -1.553965844891536e-10  2.429828560579494e-11 
 2.691534803927175e+05  1.000000000000000e+00  0.000000000000000e+00 -1.553686068689331e-10  2.421607359082145e-11 
 2.722701308078174e+05  1.000000000000000e+00  0.000000000000000e+00 -1.553298600853736e-10  2.414961286500983e-11 
 2.754228703338432e+05  1.000000000000000e+00  0.000000000000000e+00 -1.552955541939127e-10  2.406613797134582e-11 
 2.786121168630039e+05  1.000000000000000e+00  0.000000000000000e+00 -1.552682427075069e-10  2.401231991022712e-11 
 2.818382931264726e+05  1.000000000000000e+00  0.000000000000000e+00 -1.552328265930214e-10  2.393048259552444e-11 
 2.851018267504185e+05  1.000000000000000e+00  0.000000000000000e+00 -1.551900830065733e-10  2.387474939968826e-11 
 2.884031503126885e+05  1.000000000000000e+00  0.000000000000000e+00 -1.551527795129459e-10  2.383139519057664e-11 
 2.917427014001449e+05  1.000000000000000e+00  0.000000000000000e+00 -1.551179185099727e-10  2.375330487858207e-11 
 2.951209226666671e+05  1.000000000000000e+00  0.000000000000000e+00 -1.550878314660054e-10  2.368777396455357e-11 
 2.985382618918249e+05  1.000000000000000e+00  0.000000000000000e+00 -1.550387596083169e-10  2.365263540582418e-11 
 3.019951720402309e+05  1.000000000000000e+00  0.000000000000000e+00 -1.550048978060659e-10  2.361789930294123e-11 
 3.054921113215809e+05  1.000000000000000e+00  0.000000000000000e+00 -1.549685935131606e-10  2.356957684579442e-11 
 3.090295432513891e+05  1.000000000000000e+00  0.000000000000000e+00 -1.549177452986328e-10  2.350108996296285e-11 
 3.126079367124258e+05  1.000000000000000e+00  0.000000000000000e+00 -1.548797756711906e-10  2.348196637136368e-11 
 3.162277660168686e+05  1.000000000000000e+00  0.000000000000000e+00 -1.548368100401376e-10  2.345917904378325e-11 
 3.198895109691709e+05  1.000000000000000e+00  0.000000000000000e+00 -1.547852956917950e-10  2.340551363833043e-11 
 3.235936569296597e+05  1.000000000000000e+00  0.000000000000000e+00 -1.547404426816001e-10  2.339134441697865e-11 
 3.273406948788700e+05  1.000000000000000e+00  0.000000000000000e+00 -1.546986982958742e-10  2.336467130881204e-11 
 3.311311214826233e+05  1.000000000000000e+00  0.000000000000000e+00 -1.546498484827907e-10  2.336367210808987e-11 
 3.349654391578603e+05  1.000000000000000e+00  0.000000000000000e+00 -1.546064387625279e-10  2.332206650024204e-11 
 3.388441561392356e+05  1.000000000000000e+00  0.000000000000000e+00 -1.545552574810927e-10  2.329789139388083e-11 
 3.427677865464838e+05  1.000000000000000e+00  0.000000000000000e+00 -1.544973038392072e-10  2.330015347329351e-11 
 3.467368504525655e+05  1.000000000000000e+00  0.000000000000000e+00 -1.544483430038213e-10  2.328259807171662e-11 
 3.507518739526023e+05  1.000000000000000e+00  0.000000000000000e+00 -1.543982719454107e-10  2.326658310458640e-11 
 3.548133892336102e+05  1.000000000000000e+00  0.000000000000000e+00 -1.543442040841114e-10  2.325534209646207e-11 
 3.589219346450404e+05  1.000000000000000e+00  0.000000000000000e+00 -1.542841410184792e-10  2.325308001704940e-11 
 3.630780547701370e+05  1.000000000000000e+00  0.000000000000000e+00 -1.542347360938834e-10  2.325103998224165e-11 
 3.672823004981207e+05  1.000000000000000e+00  0.000000000000000e+00 -1.541698990692453e-10  2.327188441952899e-11 
 3.715352290972091e+05  1.000000000000000e+00  0.000000000000000e+00 -1.541162752971559e-10  2.326158710097559e-11 
 3.758374042884811e+05  1.000000000000000e+00  0.000000000000000e+00 -1.540489957818636e-10  2.327657511180803e-11 
 3.801893963205986e+05  1.000000000000000e+00  0.000000000000000e+00 -1.539919303183979e-10  2.328789938665921e-11 
 3.845917820453914e+05  1.000000000000000e+00  0.000000000000000e+00 -1.539266492045499e-10  2.328864878720083e-11 
 3.890451449943190e+05  1.000000000000000e+00  0.000000000000000e+00 -1.538668081835226e-10  2.331027038060540e-11 
 3.935500754558163e+05  1.000000000000000e+00  0.000000000000000e+00 -1.537932003969900e-10  2.334446524976386e-11 
 3.981071705535366e+05  1.000000000000000e+00  0.000000000000000e+00 -1.537252547478829e-10  2.333849780100650e-11 
 4.027170343254989e+05  1.000000000000000e+00  0.000000000000000e+00 -1.536600846563374e-10  2.334496485012494e-11 
 4.073802778041530e+05  1.000000000000000e+00  0.000000000000000e+00 -1.535890303827614e-10  2.340197480243944e-11 
 4.120975190973710e+05  1.000000000000000e+00  0.000000000000000e+00 -1.535140903285992e-10  2.342390170717579e-11 
 4.168693834703767e+05  1.000000000000000e+00  0.000000000000000e+00 -1.534373739175976e-10  2.345862393227094e-11 
 4.216965034286241e+05  1.000000000000000e+00  0.000000000000000e+00 -1.533630999972502e-10  2.349739847140597e-11 
 4.265795188016350e+05  1.000000000000000e+00  0.000000000000000e+00 -1.532877158538781e-10  2.354125228087867e-11 
 4.315190768278081e+05  1.000000000000000e+00  0.000000000000000e+00 -1.532114435320864e-10  2.355715622570642e-11 
 4.365158322402094e+05  1.000000000000000e+00  0.000000000000000e+00 -1.531272886268198e-10  2.362190998361768e-11 
 4.415704473533565e+05  1.000000000000000e+00  0.000000000000000e+00 -1.530413573647138e-10  2.365155293837518e-11 
 4.466835921510076e+05  1.000000000000000e+00  0.000000000000000e+00 -1.529602000616137e-10  2.372843588283047e-11 
 4.518559443749674e+05  1.000000000000000e+00  0.000000000000000e+00 -1.528792648031185e-10  2.375855068237342e-11 
 4.570881896149206e+05  1.000000000000000e+00  0.000000000000000e+00 -1.527842297122106e-10  2.382052888272312e-11 
 4.623810213993065e+05  1.000000000000000e+00  0.000000000000000e+00 -1.526972992493825e-10  2.386679742727438e-11 
 4.677351412872450e+05  1.000000000000000e+00  0.000000000000000e+00 -1.526039294930115e-10  2.391381537236725e-11 
 4.731512589615278e+05  1.000000000000000e+00  0.000000000000000e+00 -1.525031212423755e-10  2.400274423663973e-11 
 4.786300923226863e+05  1.000000000000000e+00  0.000000000000000e+00 -1.524107506867267e-10  2.405792232096360e-11 
 4.841723675841478e+05  1.000000000000000e+00  0.000000000000000e+00 -1.523120518598375e-10  2.410918686912566e-11 
 4.897788193684953e+05  1.000000000000000e+00  0.000000000000000e+00 -1.522075798732203e-10  2.418640288048834e-11 
 4.954501908048399e+05  1.000000000000000e+00  0.000000000000000e+00 -1.521061054887696e-10  2.423483635993762e-11 
 5.011872336273226e+05  1.000000000000000e+00  0.000000000000000e+00 -1.519979697661711e-10  2.433805934565214e-11 
 5.069907082747553e+05  1.000000000000000e+00  0.000000000000000e+00 -1.518971615155351e-10  2.440767032929614e-11 
 5.128613839914164e+05  1.000000000000000e+00  0.000000000000000e+00 -1.517866943245849e-10  2.448211078309726e-11 
 5.188000389290132e+05  1.000000000000000e+00  0.000000000000000e+00 -1.516667902379254e-10  2.456024272845525e-11 
 5.248074602498254e+05  1.000000000000000e+00  0.000000000000000e+00 -1.515547687347407e-10  2.464267678803367e-11 
 5.308844442310418e+05  1.000000000000000e+00  0.000000000000000e+00 -1.514383063394575e-10  2.472991256219359e-11 
 5.370317963703069e+05  1.000000000000000e+00  0.000000000000000e+00 -1.513157377175389e-10  2.482664074321406e-11 
 5.432503314924880e+05  1.000000000000000e+00  0.000000000000000e+00 -1.511906155826637e-10  2.490493922202575e-11 
 5.495408738576800e+05  1.000000000000000e+00  0.000000000000000e+00 -1.510653824254860e-10  2.499506157604969e-11 
 5.559042572704597e+05  1.000000000000000e+00  0.000000000000000e+00 -1.509355973539073e-10  2.509520369287088e-11 
 5.623413251904058e+05  1.000000000000000e+00  0.000000000000000e+00 -1.508091429514025e-10  2.519681685519970e-11 
 5.688529308438989e+05  1.000000000000000e+00  0.000000000000000e+00 -1.506688107610898e-10  2.530142761969500e-11 
 5.754399373372151e+05  1.000000000000000e+00  0.000000000000000e+00 -1.505352509312274e-10  2.539390919764628e-11 
 5.821032177709303e+05  1.000000000000000e+00  0.000000000000000e+00 -1.503953628301247e-10  2.549516153749209e-11 
 5.888436553556485e+05  1.000000000000000e+00  0.000000000000000e+00 -1.502458157887077e-10  2.561859058225480e-11 
 5.956621435290707e+05  1.000000000000000e+00  0.000000000000000e+00 -1.501061497322098e-10  2.571942658846638e-11 
 6.025595860744187e+05  1.000000000000000e+00  0.000000000000000e+00 -1.499566026907928e-10  2.582350999702498e-11 
 6.095368972402309e+05  1.000000000000000e+00  0.000000000000000e+00 -1.497973967090616e-10  2.594266468314288e-11 
 6.165950018615447e+05  1.000000000000000e+00  0.000000000000000e+00 -1.496410773071943e-10  2.604433335662293e-11 
 6.237348354824826e+05  1.000000000000000e+00  0.000000000000000e+00 -1.494835366600000e-10  2.616548644418515e-11 
 6.309573444802574e+05  1.000000000000000e+00  0.000000000000000e+00 -1.493183354739358e-10  2.628469664145427e-11 
 6.382634861906136e+05  1.000000000000000e+00  0.000000000000000e+00 -1.491528012209642e-10  2.640118679231307e-11 
 6.456542290347213e+05  1.000000000000000e+00  0.000000000000000e+00 -1.489796064291227e-10  2.653791075779566e-11 
 6.531305526475389e+05  1.000000000000000e+00  0.000000000000000e+00 -1.488045242581393e-10  2.665639931009878e-11 
 6.606934480076634e+05  1.000000000000000e+00  0.000000000000000e+00 -1.486284428864337e-10  2.678438026926244e-11 
 6.683439175686828e+05  1.000000000000000e+00  0.000000000000000e+00 -1.484457001765804e-10  2.691011302680124e-11 
 6.760829753920508e+05  1.000000000000000e+00  0.000000000000000e+00 -1.482575173739065e-10  2.704023116528731e-11 
 6.839116472814992e+05  1.000000000000000e+00  0.000000000000000e+00 -1.480676692366956e-10  2.717642777483320e-11 
 6.918309709190072e+05  1.000000000000000e+00  0.000000000000000e+00 -1.478703826052197e-10  2.730457526745056e-11 
 6.998419960023451e+05  1.000000000000000e+00  0.000000000000000e+00 -1.476730959737438e-10  2.744937610543730e-11 
 7.079457843842104e+05  1.000000000000000e+00  0.000000000000000e+00 -1.474749211638482e-10  2.758129835633838e-11 
 7.161434102129753e+05  1.000000000000000e+00  0.000000000000000e+00 -1.472639787891694e-10  2.772665430583743e-11 
 7.244359600750643e+05  1.000000000000000e+00  0.000000000000000e+00 -1.470522592583734e-10  2.786293418211017e-11 
 7.328245331389792e+05  1.000000000000000e+00  0.000000000000000e+00 -1.468358767908740e-10  2.800668030822351e-11 
 7.413102413009936e+05  1.000000000000000e+00  0.000000000000000e+00 -1.466138321859489e-10  2.815198074657133e-11 
 7.498942093325328e+05  1.000000000000000e+00  0.000000000000000e+00 -1.463930088263510e-10  2.829811385218761e-11 
 7.585775750292618e+05  1.000000000000000e+00  0.000000000000000e+00 -1.461613052811117e-10  2.844008362146155e-11 
 7.673614893618979e+05  1.000000000000000e+00  0.000000000000000e+00 -1.459260490221936e-10  2.859146253086919e-11 
 7.762471166287716e+05  1.000000000000000e+00  0.000000000000000e+00 -1.456847975589426e-10  2.874517290862855e-11 
 7.852356346101527e+05  1.000000000000000e+00  0.000000000000000e+00 -1.454389941812906e-10  2.889455341659186e-11 
 7.943282347243634e+05  1.000000000000000e+00  0.000000000000000e+00 -1.451881948000278e-10  2.904354534649656e-11 
 8.035261221857002e+05  1.000000000000000e+00  0.000000000000000e+00 -1.449301789691049e-10  2.919459118899681e-11 
 8.128305161641833e+05  1.000000000000000e+00  0.000000000000000e+00 -1.446711639374598e-10  2.934308351854042e-11 
 8.222426499471562e+05  1.000000000000000e+00  0.000000000000000e+00 -1.444039332554325e-10  2.949590571788008e-11 
 8.317637711027571e+05  1.000000000000000e+00  0.000000000000000e+00 -1.441310404359797e-10  2.965688805645073e-11 
 8.413951416452822e+05  1.000000000000000e+00  0.000000000000000e+00 -1.438541508136382e-10  2.981992430761693e-11 
 8.511380382024646e+05  1.000000000000000e+00  0.000000000000000e+00 -1.435647156711184e-10  2.996997094939502e-11 
 8.609937521846899e+05  1.000000000000000e+00  0.000000000000000e+00 -1.432823859559562e-10  3.012684546277455e-11 
 8.709635899561710e+05  1.000000000000000e+00  0.000000000000000e+00 -1.429842910738444e-10  3.027633699304033e-11 
 8.810488730081056e+05  1.000000000000000e+00  0.000000000000000e+00 -1.426809781435168e-10  3.044448027011981e-11 
 8.912509381338381e+05  1.000000000000000e+00  0.000000000000000e+00 -1.423727802318808e-10  3.059857922593778e-11 
 9.015711376060506e+05  1.000000000000000e+00  0.000000000000000e+00 -1.420608075619612e-10  3.075723009615672e-11 
 9.120108393560046e+05  1.000000000000000e+00  0.000000000000000e+00 -1.417378436840977e-10  3.091382705378010e-11 
 9.225714271548592e+05  1.000000000000000e+00  0.000000000000000e+00 -1.414088846019013e-10  3.107897272869309e-11 
 9.332543007970882e+05  1.000000000000000e+00  0.000000000000000e+00 -1.410773720067482e-10  3.123890035539034e-11 
 9.440608762860217e+05  1.000000000000000e+00  0.000000000000000e+00 -1.407378658058178e-10  3.138594939500194e-11 
 9.549925860215354e+05  1.000000000000000e+00  0.000000000000000e+00 -1.403868132854313e-10  3.155131711451986e-11 
 9.660508789899141e+05  1.000000000000000e+00  0.000000000000000e+00 -1.400326521405759e-10  3.170125273399549e-11 
 9.772372209559126e+05  1.000000000000000e+00  0.000000000000000e+00 -1.396706084122457e-10  3.186900743301635e-11 
 9.885530946570421e+05  1.000000000000000e+00  0.000000000000000e+00 -1.393021253903726e-10  3.201683362874519e-11 
 1.000000000000105e+06  1.000000000000000e+00  0.000000000000000e+00 -1.389252046735123e-10  3.217665023313998e-11 
 1.011579454260004e+06  1.000000000000000e+00  0.000000000000000e+00 -1.385412895515969e-10  3.233069367780672e-11 
 1.023292992280861e+06  1.000000000000000e+00  0.000000000000000e+00 -1.381516012699535e-10  3.248012969692127e-11 
 1.035142166679452e+06  1.000000000000000e+00  0.000000000000000e+00 -1.377497005350392e-10  3.263078696136290e-11 
 1.047128548051009e+06  1.000000000000000e+00  0.000000000000000e+00 -1.373471336663101e-10  3.277839111248682e-11 
 1.059253725177400e+06  1.000000000000000e+00  0.000000000000000e+00 -1.369296898090511e-10  3.293271211290971e-11 
 1.071519305237719e+06  1.000000000000000e+00  0.000000000000000e+00 -1.365096924388354e-10  3.307515372696912e-11 
 1.083926914021317e+06  1.000000000000000e+00  0.000000000000000e+00 -1.360795920390956e-10  3.321970476477532e-11 
 1.096478196143300e+06  1.000000000000000e+00  0.000000000000000e+00 -1.356423862119982e-10  3.335909326551700e-11 
 1.109174815262518e+06  1.000000000000000e+00  0.000000000000000e+00 -1.351911915747905e-10  3.349726052093160e-11 
 1.122018454302081e+06  1.000000000000000e+00  0.000000000000000e+00 -1.347373324023238e-10  3.363853640081516e-11 
 1.135010815672434e+06  1.000000000000000e+00  0.000000000000000e+00 -1.342701505535615e-10  3.376610102634459e-11 
 1.148153621497004e+06  1.000000000000000e+00  0.000000000000000e+00 -1.337965294112564e-10  3.390576708284243e-11 
 1.161448613840465e+06  1.000000000000000e+00  0.000000000000000e+00 -1.333166910200134e-10  3.402933490548321e-11 
 1.174897554939653e+06  1.000000000000000e+00  0.000000000000000e+00 -1.328241960862897e-10  3.415556726338309e-11 
 1.188502227437144e+06  1.000000000000000e+00  0.000000000000000e+00 -1.323257059482330e-10  3.427297334823720e-11 
 1.202264434617540e+06  1.000000000000000e+00  0.000000000000000e+00 -1.318154474461153e-10  3.439493134749227e-11 
 1.216186000646496e+06  1.000000000000000e+00  0.000000000000000e+00 -1.312988606727572e-10  3.450667529492080e-11 
 1.230268770812511e+06  1.000000000000000e+00  0.000000000000000e+00 -1.307698394015233e-10  3.460598474447352e-11 
 1.244514611771516e+06  1.000000000000000e+00  0.000000000000000e+00 -1.302322694129998e-10  3.471911647068282e-11 
 1.258925411794300e+06  1.000000000000000e+00  0.000000000000000e+00 -1.296897034208655e-10  3.481764876411830e-11 
 1.273503081016796e+06  1.000000000000000e+00  0.000000000000000e+00 -1.291301510164544e-10  3.491235078811883e-11 
 1.288249551693270e+06  1.000000000000000e+00  0.000000000000000e+00 -1.285623829616611e-10  3.500610912254842e-11 
 1.303166778452437e+06  1.000000000000000e+00  0.000000000000000e+00 -1.279871764126028e-10  3.508332513391110e-11 
 1.318256738556546e+06  1.000000000000000e+00  0.000000000000000e+00 -1.274019778563229e-10  3.516248403556688e-11 
 1.333521432163465e+06  1.000000000000000e+00  0.000000000000000e+00 -1.268085636496608e-10  3.523176195230349e-11 
 1.348962882591796e+06  1.000000000000000e+00  0.000000000000000e+00 -1.261997173429563e-10  3.530165049170364e-11 
 1.364583136589069e+06  1.000000000000000e+00  0.000000000000000e+00 -1.255832104973820e-10  3.535605141991027e-11 
 1.380384264603031e+06  1.000000000000000e+00  0.000000000000000e+00 -1.249587100460303e-10  3.540784332400904e-11 
 1.396368361056086e+06  1.000000000000000e+00  0.000000000000000e+00 -1.181584829978988e-10  3.143713067643716e-11 
 1.412537544622904e+06  1.000000000000000e+00  0.000000000000000e+00 -1.175489705573796e-10  3.143996174514996e-11 
 1.428893958511255e+06  1.000000000000000e+00  0.000000000000000e+00 -1.169301322434535e-10  3.143463267463176e-11 
 1.445439770746081e+06  1.000000000000000e+00  0.000000000000000e+00 -1.163026341899354e-10  3.143224569512881e-11 
 1.462177174456874e+06  1.000000000000000e+00  0.000000000000000e+00 -1.156630347054488e-10  3.140671056556243e-11 
 1.479108388168365e+06  1.000000000000000e+00  0.000000000000000e+00 -1.150164408159071e-10  3.137884396764434e-11 
 1.496235656094593e+06  1.000000000000000e+00  0.000000000000000e+00 -1.143597438968413e-10  3.133976411717754e-11 
 1.513561248436369e+06  1.000000000000000e+00  0.000000000000000e+00 -1.136898353237825e-10  3.129568826309992e-11 
 1.531087461682193e+06  1.000000000000000e+00  0.000000000000000e+00 -1.130137095017858e-10  3.123645786473617e-11 
 1.548816618912647e+06  1.000000000000000e+00  0.000000000000000e+00 -1.123249271373084e-10  3.116829017102418e-11 
 1.566751070108316e+06  1.000000000000000e+00  0.000000000000000e+00 -1.116284842339610e-10  3.108829860209994e-11 
 1.584893192461283e+06  1.000000000000000e+00  0.000000000000000e+00 -1.109198288773428e-10  3.099875911516392e-11 
 1.603245390690213e+06  1.000000000000000e+00  0.000000000000000e+00 -1.102031799149472e-10  3.089650757459594e-11 
 1.621810097359103e+06  1.000000000000000e+00  0.000000000000000e+00 -1.094783153021694e-10  3.077915700089306e-11 
 1.640589773199715e+06  1.000000000000000e+00  0.000000000000000e+00 -1.087402390353986e-10  3.065253606493457e-11 
 1.659586907437738e+06  1.000000000000000e+00  0.000000000000000e+00 -1.079925038283136e-10  3.051014996202639e-11 
 1.678804018122740e+06  1.000000000000000e+00  0.000000000000000e+00 -1.072366639931488e-10  3.035310891519316e-11 
 1.698243652461926e+06  1.000000000000000e+00  0.000000000000000e+00 -1.064712762399722e-10  3.018746363991909e-11 
 1.717908387157772e+06  1.000000000000000e+00  0.000000000000000e+00 -1.056957854572715e-10  3.000438786315840e-11 
 1.737800828749562e+06  1.000000000000000e+00  0.000000000000000e+00 -1.049098585781394e-10  2.980560243059927e-11 
 1.757923613958881e+06  1.000000000000000e+00  0.000000000000000e+00 -1.041152719594152e-10  2.959121836454415e-11 
 1.778279410039114e+06  1.000000000000000e+00  0.000000000000000e+00 -1.033138019579383e-10  2.936073606463196e-11 
 1.798870915128981e+06  1.000000000000000e+00  0.000000000000000e+00 -1.025004525700979e-10  2.911609842115581e-11 
 1.819700858610179e+06  1.000000000000000e+00  0.000000000000000e+00 -1.016777773088506e-10  2.885131022978271e-11 
 1.840772001469154e+06  1.000000000000000e+00  0.000000000000000e+00 -1.008469974195236e-10  2.857070136030870e-11 
 1.862087136663068e+06  1.000000000000000e+00  0.000000000000000e+00 -1.000083349467218e-10  2.827038603214760e-11 
 1.883649089490003e+06  1.000000000000000e+00  0.000000000000000e+00 -9.916301113577219e-11  2.795463860394420e-11 
 1.905460717963452e+06  1.000000000000000e+00  0.000000000000000e+00 -9.830747327299605e-11  2.761524342531629e-11 
 1.927524913191144e+06  1.000000000000000e+00  0.000000000000000e+00 -9.744449691595491e-11  2.725786263368946e-11 
 1.949844599758256e+06  1.000000000000000e+00  0.000000000000000e+00 -9.657397104234633e-11  2.688671507655727e-11 
 1.972422736115067e+06  1.000000000000000e+00  0.000000000000000e+00 -9.569367520612104e-11  2.649014341216116e-11 
 1.995262314969095e+06  1.000000000000000e+00  0.000000000000000e+00 -9.480982665621696e-11  2.606992399734054e-11 
 2.018366363681779e+06  1.000000000000000e+00  0.000000000000000e+00 -9.391809552283803e-11  2.562605683209540e-11 
 2.041737944669750e+06  1.000000000000000e+00  0.000000000000000e+00 -9.301792669447195e-11  2.516487018766611e-11 
 2.065380155810753e+06  1.000000000000000e+00  0.000000000000000e+00 -9.211342799630984e-11  2.467626103452858e-11 
 2.089296130854266e+06  1.000000000000000e+00  0.000000000000000e+00 -9.120426636144430e-11  2.416533639859608e-11 
 2.113489039836876e+06  1.000000000000000e+00  0.000000000000000e+00 -9.028722214310392e-11  2.363209627986862e-11 
 2.137962089502464e+06  1.000000000000000e+00  0.000000000000000e+00 -8.936673623338720e-11  2.307398716538955e-11 
 2.162718523727255e+06  1.000000000000000e+00  0.000000000000000e+00 -8.844125432005967e-11  2.249045394364657e-11 
 2.187761623949790e+06  1.000000000000000e+00  0.000000000000000e+00 -8.751266378226319e-11  2.187261483044267e-11 
 2.213094709605878e+06  1.000000000000000e+00  0.000000000000000e+00 -8.658052053078791e-11  2.124211917475805e-11 
 2.238721138568582e+06  1.000000000000000e+00  0.000000000000000e+00 -8.564438047642398e-11  2.057665149379773e-11 
 2.264644307593306e+06  1.000000000000000e+00  0.000000000000000e+00 -8.470490975298617e-11  1.988109676887007e-11 
 2.290867652768022e+06  1.000000000000000e+00  0.000000000000000e+00 -8.376521698494344e-11  1.916444780647453e-11 
 2.317394649968730e+06  1.000000000000000e+00  0.000000000000000e+00 -8.282374786006130e-11  1.841482522024762e-11 
 2.344228815320177e+06  1.000000000000000e+00  0.000000000000000e+00 -8.188227873517917e-11  1.763533763465830e-11 
 2.371373705661913e+06  1.000000000000000e+00  0.000000000000000e+00 -8.094191983332166e-11  1.682720629503365e-11 
 2.398832919019752e+06  1.000000000000000e+00  0.000000000000000e+00 -8.175582433267436e-11  1.850208874998316e-11 
 2.426610095082680e+06  1.000000000000000e+00  0.000000000000000e+00 -8.077849500409684e-11  1.763655887998539e-11 
 2.454708915685298e+06  1.000000000000000e+00  0.000000000000000e+00 -7.980338612156856e-11  1.673583494010700e-11 
 2.483133105295841e+06  1.000000000000000e+00  0.000000000000000e+00 -7.883094177429939e-11  1.580047204186030e-11 
 2.511886431509854e+06  1.000000000000000e+00  0.000000000000000e+00 -7.786105093998685e-11  1.483535516655365e-11 
 2.540972705549582e+06  1.000000000000000e+00  0.000000000000000e+00 -8.002543072649360e-11  1.887923151144832e-11 
 2.570395782769145e+06  1.000000000000000e+00  0.000000000000000e+00 -7.898731668731784e-11  1.784572489782477e-11 
 2.600159563165556e+06  1.000000000000000e+00  0.000000000000000e+00 -7.795297740642582e-11  1.676692118479650e-11 
 2.630267991895670e+06  1.000000000000000e+00  0.000000000000000e+00 -7.692635417555493e-11  1.565725327168366e-11 
 2.660725059799101e+06  1.000000000000000e+00  0.000000000000000e+00 -7.590639228283180e-11  1.451028186494341e-11 
 2.691534803927210e+06  1.000000000000000e+00  0.000000000000000e+00 -7.489553421891060e-11  1.332634003148314e-11 
 2.722701308078210e+06  1.000000000000000e+00  0.000000000000000e+00 -7.389600042984057e-11  1.210265221374129e-11 
 2.754228703338468e+06  1.000000000000000e+00  0.000000000000000e+00 -7.290590353647985e-11  1.084021761244003e-11 
 2.786121168630076e+06  1.000000000000000e+00  0.000000000000000e+00 -7.192579865034077e-11  9.537259870739945e-12 
 2.818382931264763e+06  1.000000000000000e+00  0.000000000000000e+00 -7.096112586424397e-11  8.198997036856781e-12 
 2.851018267504222e+06  1.000000000000000e+00  0.000000000000000e+00 -7.000927615408159e-11  6.818101638828011e-12 
 2.884031503126923e+06  1.000000000000000e+00  0.000000000000000e+00 -6.907502347885952e-11  5.393907542838861e-12 
 2.917427014001487e+06  1.000000000000000e+00  0.000000000000000e+00 -6.815531472526004e-11  3.932520975524767e-12 
 2.951209226666710e+06  1.000000000000000e+00  0.000000000000000e+00 -6.725592305301120e-11  2.430611267811855e-12 
 2.985382618918288e+06  1.000000000000000e+00  0.000000000000000e+00 -6.637396188224898e-11  8.841816168114747e-13 
 3.019951720402348e+06  1.000000000000000e+00  0.000000000000000e+00 -6.551342801586202e-11 -6.988853940015360e-13 
 3.054921113215849e+06  1.000000000000000e+00  0.000000000000000e+00 -6.467648638874834e-11 -2.324473946657690e-12 
 3.090295432513931e+06  1.000000000000000e+00  0.000000000000000e+00 -6.386335904551288e-11 -3.996580844045639e-12 
 3.126079367124300e+06  1.000000000000000e+00  0.000000000000000e+00 -6.307410149730686e-11 -5.703659766709279e-12 
 3.162277660168728e+06  1.000000000000000e+00  0.000000000000000e+00 -6.231204441320415e-11 -7.456257833382551e-12 
 3.198895109691751e+06  1.000000000000000e+00  0.000000000000000e+00 -6.157979681731263e-11 -9.253819932553142e-12 
 3.235936569296639e+06  1.000000000000000e+00  0.000000000000000e+00  1.745847910683551e-11  4.068301251436424e-11 
 3.273406948788743e+06  1.000000000000000e+00  0.000000000000000e+00  1.913991187763031e-11  3.833833250865837e-11 
 3.311311214826277e+06  1.000000000000000e+00  0.000000000000000e+00  2.202110715998629e-11  3.130906645054665e-11 
 3.349654391578647e+06  1.000000000000000e+00  0.000000000000000e+00  2.354960670913897e-11  2.887723393740771e-11 
 3.388441561392400e+06  1.000000000000000e+00  0.000000000000000e+00  2.504185747653764e-11  2.638278484567991e-11 
 3.427677865464883e+06  1.000000000000000e+00  0.000000000000000e+00  2.649308550317642e-11  2.382960495594943e-11 
 3.467368504525701e+06  1.000000000000000e+00  0.000000000000000e+00  2.790295772214790e-11  2.121336439842025e-11 
 3.507518739526069e+06  1.000000000000000e+00  0.000000000000000e+00  2.926953124315901e-11  1.853617259683915e-11 
 3.548133892336148e+06  1.000000000000000e+00  0.000000000000000e+00  3.058897579677478e-11  1.579536501594703e-11 
 3.589219346450450e+06  1.000000000000000e+00  0.000000000000000e+00  3.185846031428241e-11  1.299649277086701e-11 
 3.630780547701417e+06  1.000000000000000e+00  0.000000000000000e+00  3.307709661726221e-11  1.013467088029074e-11 
 3.672823004981255e+06  1.000000000000000e+00  0.000000000000000e+00  3.399014403271394e-11  9.316658555746926e-12 
 3.715352290972138e+06  1.000000000000000e+00  0.000000000000000e+00  3.513911384089852e-11  6.312950162623565e-12 
 3.758374042884860e+06  1.000000000000000e+00  0.000000000000000e+00  3.622821487248018e-11  3.245737012491645e-12 
 3.801893963206035e+06  1.000000000000000e+00  0.000000000000000e+00 -5.497954869149169e-11 -4.301242695348151e-11 
 3.845917820453964e+06  1.000000000000000e+00  0.000000000000000e+00 -5.496711419361588e-11 -4.539540965353694e-11 
 3.890451449943240e+06  1.000000000000000e+00  0.000000000000000e+00 -5.501241129302059e-11 -4.780914553137450e-11 
 3.935500754558214e+06  1.000000000000000e+00  0.000000000000000e+00 -5.511681389069878e-11 -5.025502236577495e-11 
 3.981071705535417e+06  1.000000000000000e+00  0.000000000000000e+00 -5.528218161021670e-11 -5.273165237795752e-11 
 4.027170343255041e+06  1.000000000000000e+00  0.000000000000000e+00 -5.551034631956497e-11 -5.523370649740400e-11 
 4.073802778041583e+06  1.000000000000000e+00  0.000000000000000e+00 -5.580071127386788e-11 -5.776490397124689e-11 
 4.120975190973763e+06  1.000000000000000e+00  0.000000000000000e+00 -5.615959086657796e-11 -6.031919408400199e-11 
 4.168693834703820e+06  1.000000000000000e+00  0.000000000000000e+00 -5.672923242272532e-11 -6.462685941954760e-11 
 4.216965034286294e+06  1.000000000000000e+00  0.000000000000000e+00 -5.725638019260515e-11 -6.718658962512336e-11 
 4.265795188016404e+06  1.000000000000000e+00  0.000000000000000e+00 -5.785225076770928e-11 -6.976763611277192e-11 
 4.315190768278136e+06  1.000000000000000e+00  0.000000000000000e+00 -5.852084095092636e-11 -7.236433674506770e-11 
 4.365158322402149e+06  1.000000000000000e+00  0.000000000000000e+00 -5.926204665884782e-11 -7.497552578783484e-11 
 4.415704473533621e+06  1.000000000000000e+00  0.000000000000000e+00 -5.948427861390826e-11 -7.453815342728376e-11 
 4.466835921510133e+06  1.000000000000000e+00  0.000000000000000e+00 -6.032116126042375e-11 -7.726408401964591e-11 
 4.518559443749731e+06  1.000000000000000e+00  0.000000000000000e+00 -6.123704494875870e-11 -7.999695350591196e-11 
 4.570881896149265e+06  1.000000000000000e+00  0.000000000000000e+00 -6.223417701317624e-11 -8.273853824292132e-11 
 4.623810213993124e+06  1.000000000000000e+00  0.000000000000000e+00 -6.331310779469912e-11 -8.548661778462474e-11 
 4.677351412872509e+06  1.000000000000000e+00  0.000000000000000e+00 -6.447534867115579e-11 -8.823908270727543e-11 
 4.731512589615338e+06  1.000000000000000e+00  0.000000000000000e+00 -6.572069277677173e-11 -9.099254683064828e-11 
 4.786300923226924e+06  1.000000000000000e+00  0.000000000000000e+00 -6.705496574666014e-11 -9.374767628855807e-11 
 4.841723675841540e+06  1.000000000000000e+00  0.000000000000000e+00 -6.847290789924187e-11 -9.649370191766593e-11 
 4.897788193685016e+06  1.000000000000000e+00  0.000000000000000e+00 -7.099323906523125e-11 -1.014691664025236e-10 
 4.954501908048463e+06  1.000000000000000e+00  0.000000000000000e+00 -7.262465628876669e-11 -1.041028929726906e-10 
 5.011872336273290e+06  1.000000000000000e+00  0.000000000000000e+00 -7.380013961055809e-11 -1.057068876875178e-10 
 5.069907082747618e+06  1.000000000000000e+00  0.000000000000000e+00 -7.558880604774387e-11 -1.083624856512699e-10 
 5.128613839914230e+06  1.000000000000000e+00  0.000000000000000e+00 -7.746725483315231e-11 -1.109982106228813e-10 
 5.188000389290200e+06  1.000000000000000e+00  0.000000000000000e+00 -7.943458391057590e-11 -1.136129523793272e-10 
 5.248074602498322e+06  1.000000000000000e+00  0.000000000000000e+00 -8.149356189868229e-11 -1.162014373612408e-10 
 5.308844442310487e+06  1.000000000000000e+00  0.000000000000000e+00 -8.364049730591461e-11 -1.187638598576513e-10 
 5.370317963703138e+06  1.000000000000000e+00  0.000000000000000e+00 -8.649118921066901e-11 -1.220045731109565e-10 
 5.432503314924950e+06  1.000000000000000e+00  0.000000000000000e+00 -8.882809765520250e-11 -1.244489511442737e-10 
 5.495408738576870e+06  1.000000000000000e+00  0.000000000000000e+00 -9.125311617452780e-11 -1.268560811951147e-10 
 5.559042572704668e+06  1.000000000000000e+00  0.000000000000000e+00 -9.376617537970589e-11 -1.292206619485370e-10 
 5.623413251904131e+06  1.000000000000000e+00  0.000000000000000e+00 -9.636978715032996e-11 -1.315416664482427e-10 
 5.688529308439062e+06  1.000000000000000e+00  0.000000000000000e+00 -9.905919140518193e-11 -1.338157640251580e-10 
 5.754399373372225e+06  1.000000000000000e+00  0.000000000000000e+00 -1.018382739248480e-10 -1.360396240102091e-10 
 5.821032177709378e+06  1.000000000000000e+00  0.000000000000000e+00 -1.047029546397127e-10 -1.382105541125611e-10 
 5.888436553556562e+06  1.000000000000000e+00  0.000000000000000e+00 -1.076523870047197e-10 -1.403201443928026e-10 
 5.956621435290786e+06  1.000000000000000e+00  0.000000000000000e+00 -1.106879587986498e-10 -1.423709899972536e-10 
 6.025595860744267e+06  1.000000000000000e+00  0.000000000000000e+00 -1.138068250750024e-10 -1.443586916671791e-10 
 6.095368972402389e+06  1.000000000000000e+00  0.000000000000000e+00 -1.176142239156519e-10 -1.464058457800732e-10 
 6.165950018615528e+06  1.000000000000000e+00  0.000000000000000e+00 -1.208875222147299e-10 -1.482022837784314e-10 
 6.237348354824907e+06  1.000000000000000e+00  0.000000000000000e+00 -1.242384251032291e-10 -1.499233515112053e-10 
 6.309573444802656e+06  1.000000000000000e+00  0.000000000000000e+00 -1.276662109361837e-10 -1.515686257058668e-10 
 6.382634861906219e+06  1.000000000000000e+00  0.000000000000000e+00 -1.311678266002758e-10 -1.531356361161862e-10 
 6.456542290347297e+06  1.000000000000000e+00  0.000000000000000e+00 -1.347428835174469e-10 -1.546158617804494e-10 
 6.531305526475474e+06  1.000000000000000e+00  0.000000000000000e+00 -1.383886616412866e-10 -1.560119065185939e-10 
 6.606934480076720e+06  1.000000000000000e+00  0.000000000000000e+00 -1.421020801029016e-10 -1.573173952218454e-10 
 6.683439175686915e+06  1.000000000000000e+00  0.000000000000000e+00 -1.453927533923149e-10 -1.588100310978557e-10 
 6.760829753920596e+06  1.000000000000000e+00  0.000000000000000e+00 -1.492569401406740e-10 -1.599768442717142e-10 
 6.839116472815081e+06  1.000000000000000e+00  0.000000000000000e+00 -1.531834936674414e-10 -1.610443167709974e-10 
 6.918309709190163e+06  1.000000000000000e+00  0.000000000000000e+00 -1.571704710823241e-10 -1.620098152854688e-10 
 6.998419960023543e+06  1.000000000000000e+00  0.000000000000000e+00 -1.612127931149843e-10 -1.628691487232103e-10 
 7.079457843842197e+06  1.000000000000000e+00  0.000000000000000e+00 -1.653111536548124e-10 -1.636226570900234e-10 
 7.161434102129849e+06  1.000000000000000e+00  0.000000000000000e+00 -1.694576978739093e-10 -1.642659203104913e-10 
 7.244359600750739e+06  1.000000000000000e+00  0.000000000000000e+00 -1.736518151496114e-10 -1.647969261053817e-10 
 7.328245331389889e+06  1.000000000000000e+00  0.000000000000000e+00 -1.778898695015130e-10 -1.652134262730698e-10 
 7.413102413010034e+06  1.000000000000000e+00  0.000000000000000e+00 -1.821695849724136e-10 -1.655118819776646e-10 
 7.498942093325428e+06  1.000000000000000e+00  0.000000000000000e+00 -1.864858267808245e-10 -1.656917658632295e-10 
 7.585775750292717e+06  1.000000000000000e+00  0.000000000000000e+00 -1.908342373013738e-10 -1.657528281295839e-10 
 7.673614893619080e+06  1.000000000000000e+00  0.000000000000000e+00 -1.952119021986221e-10 -1.656860482146527e-10 
 7.762471166287819e+06  1.000000000000000e+00  0.000000000000000e+00 -1.996152132477391e-10 -1.654966996778029e-10 
 7.852356346101630e+06  1.000000000000000e+00  0.000000000000000e+00 -2.040405899794706e-10 -1.651820624726241e-10 
 7.943282347243738e+06  1.000000000000000e+00  0.000000000000000e+00 -2.084123706946883e-10 -1.665584614674032e-10 
 8.035261221857107e+06  1.000000000000000e+00  0.000000000000000e+00 -2.129520587645928e-10 -1.669954730054712e-10 
 8.128305161641939e+06  1.000000000000000e+00  0.000000000000000e+00 -2.175390284575585e-10 -1.663882365221525e-10 
 8.222426499471669e+06  1.000000000000000e+00  0.000000000000000e+00 -2.218696754097138e-10 -1.626255796693954e-10 
 8.317637711027679e+06  1.000000000000000e+00  0.000000000000000e+00 -2.263391973844620e-10 -1.616583533703420e-10 
 8.413951416452931e+06  1.000000000000000e+00  0.000000000000000e+00 -2.304591101287556e-10 -1.584323783276886e-10 
 8.511380382024758e+06  1.000000000000000e+00  0.000000000000000e+00 -2.348278793640191e-10 -1.571472396655338e-10 
 8.609937521847012e+06  1.000000000000000e+00  0.000000000000000e+00 -2.391828540782015e-10 -1.557293183296338e-10 
 8.709635899561824e+06  1.000000000000000e+00  0.000000000000000e+00 -2.450422781352657e-10 -1.598637333621866e-10 
 8.810488730081171e+06  1.000000000000000e+00  0.000000000000000e+00 -2.495810502711748e-10 -1.582922681819809e-10 
 8.912509381338498e+06  1.000000000000000e+00  0.000000000000000e+00 -2.529067510970151e-10 -1.530480187028616e-10 
 9.015711376060624e+06  1.000000000000000e+00  0.000000000000000e+00 -2.572501170416963e-10 -1.511448743940491e-10 
 9.120108393560166e+06  1.000000000000000e+00  0.000000000000000e+00 -2.615589203558422e-10 -1.491095025230038e-10 
 9.225714271548713e+06  1.000000000000000e+00  0.000000000000000e+00 -2.647519564691336e-10 -1.444827035790297e-10 
 9.332543007971006e+06  1.000000000000000e+00  0.000000000000000e+00 -2.688789885185727e-10 -1.421558981640203e-10 
 9.440608762860343e+06  1.000000000000000e+00  0.000000000000000e+00 -2.754889996681165e-10 -1.447199027282409e-10 
 9.549925860215481e+06  1.000000000000000e+00  0.000000000000000e+00 -2.797039544422120e-10 -1.421809892043768e-10 
 9.660508789899269e+06  1.000000000000000e+00  0.000000000000000e+00 -2.824013817931403e-10 -1.369629409886386e-10 
 9.772372209559256e+06  1.000000000000000e+00  0.000000000000000e+00 -2.863987293849624e-10 -1.341490252215749e-10 
 9.885530946570551e+06  1.000000000000000e+00  0.000000000000000e+00 -3.765420371337758e-10 -6.772321592407593e-11 
 1.000000000000118e+07  1.000000000000000e+00  0.000000000000000e+00 -3.791141393871822e-10 -6.378325645428617e-11 
 1.011579454260018e+07  1.000000000000000e+00  0.000000000000000e+00 -2.998130806119992e-10 -1.275591299254586e-10 
 1.023292992280875e+07  1.000000000000000e+00  0.000000000000000e+00 -3.036102688702691e-10 -1.242616565200194e-10 
 1.035142166679466e+07  1.000000000000000e+00  0.000000000000000e+00 -3.073229726258120e-10 -1.208462774293650e-10 
 1.047128548051023e+07  1.000000000000000e+00  0.000000000000000e+00 -3.077463353595711e-10 -1.134405347436029e-10 
 1.059253725177414e+07  1.000000000000000e+00  0.000000000000000e+00 -3.111352842033455e-10 -1.098067192728536e-10 
 1.071519305237733e+07  1.000000000000000e+00  0.000000000000000e+00 -3.167513334956240e-10 -1.086332135358248e-10 
 1.083926914021332e+07  1.000000000000000e+00  0.000000000000000e+00 -3.188300040646297e-10 -1.035034280505442e-10 
 1.096478196143315e+07  1.000000000000000e+00  0.000000000000000e+00 -3.244767926569025e-10 -1.020868944934250e-10 
 1.109174815262532e+07  1.000000000000000e+00  0.000000000000000e+00 -3.236966944486497e-10 -9.424805380575663e-11 
 1.122018454302096e+07  1.000000000000000e+00  0.000000000000000e+00 -2.565726103798127e-10 -1.628044365986625e-10 
 1.135010815672449e+07  1.000000000000000e+00  0.000000000000000e+00 -2.580085034509239e-10 -1.566357044069377e-10 
 1.148153621497019e+07  1.000000000000000e+00  0.000000000000000e+00 -3.362853051580572e-10 -8.525247174873130e-11 
 1.161448613840480e+07  1.000000000000000e+00  0.000000000000000e+00 -3.389434011236148e-10 -8.082001734521782e-11 
 1.174897554939669e+07  1.000000000000000e+00  0.000000000000000e+00 -3.384365010461465e-10 -7.393252676735074e-11 
 1.188502227437159e+07  1.000000000000000e+00  0.000000000000000e+00 -2.733944182153891e-10 -1.408084759901840e-10 
 1.202264434617556e+07  1.000000000000000e+00  0.000000000000000e+00 -3.461684827676947e-10 -6.704847788085999e-11 
 1.216186000646512e+07  1.000000000000000e+00  0.000000000000000e+00 -3.483178190322178e-10 -6.231404281464847e-11 
 1.230268770812528e+07  1.000000000000000e+00  0.000000000000000e+00 -3.469671494560345e-10 -5.530143010190613e-11 
 1.244514611771533e+07  1.000000000000000e+00  0.000000000000000e+00 -3.453265728925459e-10 -4.832179101299516e-11 
 1.258925411794317e+07  1.000000000000000e+00  0.000000000000000e+00 -3.539614157332949e-10 -4.773881290276449e-11 
 1.273503081016813e+07  1.000000000000000e+00  0.000000000000000e+00 -3.537717618851133e-10 -4.173916767769015e-11 
 1.288249551693287e+07  1.000000000000000e+00  0.000000000000000e+00 -3.497060141466335e-10 -3.373146206797628e-11 
 1.303166778452454e+07  1.000000000000000e+00  0.000000000000000e+00 -3.508944246277679e-10 -2.878530747096875e-11 
 1.318256738556564e+07  1.000000000000000e+00  0.000000000000000e+00 -3.576426932383470e-10 -2.666111775795343e-11 
 1.333521432163483e+07  1.000000000000000e+00  0.000000000000000e+00 -3.605821752294958e-10 -2.248778940838747e-11 
 1.348962882591814e+07  1.000000000000000e+00  0.000000000000000e+00 -3.089831723812608e-10 -9.167300252244104e-11 
 1.364583136589087e+07  1.000000000000000e+00  0.000000000000000e+00 -3.542548476787033e-10 -8.717915278566579e-12 
 1.380384264603049e+07  1.000000000000000e+00  0.000000000000000e+00 -3.628360389917873e-10 -6.965095167288382e-12 
 1.396368361056104e+07  1.000000000000000e+00  0.000000000000000e+00 -3.591969499616710e-10 -1.658673198789984e-13 
 1.412537544622923e+07  1.000000000000000e+00  0.000000000000000e+00 -3.636128620421175e-10  3.459010855522138e-12 
 1.428893958511274e+07  1.000000000000000e+00  0.000000000000000e+00 -3.595812536616450e-10  1.013567008101290e-11 
 1.445439770746100e+07  1.000000000000000e+00  0.000000000000000e+00 -3.531818726365543e-10  1.736621957348916e-11 
 1.462177174456893e+07  1.000000000000000e+00  0.000000000000000e+00 -3.593969566395572e-10  2.042888080922012e-11 
 1.479108388168385e+07  1.000000000000000e+00  0.000000000000000e+00 -3.634340606240016e-10  2.431643775224757e-11 
 1.496235656094613e+07  1.000000000000000e+00  0.000000000000000e+00 -3.905590850727947e-10  1.072968380810835e-10 
 1.513561248436390e+07  1.000000000000000e+00  0.000000000000000e+00 -3.536486659072580e-10  3.687516958450487e-11 
 1.531087461682214e+07  1.000000000000000e+00  0.000000000000000e+00 -4.247113771782551e-10  1.908722069288160e-10 
 1.548816618912667e+07  1.000000000000000e+00  0.000000000000000e+00 -3.520043700966369e-10  4.684319598879938e-11 
 1.566751070108337e+07  1.000000000000000e+00  0.000000000000000e+00 -3.934041425956991e-10  1.240775260313853e-10 
 1.584893192461304e+07  1.000000000000000e+00  0.000000000000000e+00 -3.498311085259331e-10  5.667799563013887e-11 
 1.603245390690234e+07  1.000000000000000e+00  0.000000000000000e+00 -3.554072036671130e-10  6.045153266853731e-11 
 1.621810097359125e+07  1.000000000000000e+00  0.000000000000000e+00 -3.517369728811559e-10  6.570188837429214e-11 
 1.640589773199737e+07  1.000000000000000e+00  0.000000000000000e+00 -3.525323366559974e-10  7.025768855584147e-11 
 1.659586907437761e+07  1.000000000000000e+00  0.000000000000000e+00 -3.782116286821235e-10  1.476271327405243e-10 
 1.678804018122763e+07  1.000000000000000e+00  0.000000000000000e+00 -3.445042029426304e-10  8.026901365809636e-11 
 1.698243652461949e+07  1.000000000000000e+00  0.000000000000000e+00 -3.269606807521086e-10  1.242717040383923e-11 
 1.717908387157796e+07  1.000000000000000e+00  0.000000000000000e+00 -3.406153137319734e-10  8.947254048763398e-11 
 1.737800828749586e+07  1.000000000000000e+00  0.000000000000000e+00 -3.408383575376206e-10  9.388612109972883e-11 
 1.757923613958905e+07  1.000000000000000e+00  0.000000000000000e+00 -3.315858698726970e-10  9.851763849155759e-11 
 1.778279410039138e+07  1.000000000000000e+00  0.000000000000000e+00 -3.362791156646949e-10  1.027596896463479e-10 
 1.798870915129006e+07  1.000000000000000e+00  0.000000000000000e+00 -3.338377352335442e-10  1.070843413941702e-10 
 1.819700858610204e+07  1.000000000000000e+00  0.000000000000000e+00 -3.223037392530159e-10  4.242128870401984e-11 
 1.840772001469179e+07  1.000000000000000e+00  0.000000000000000e+00 -3.239645218755527e-10  1.152998807540939e-10 
 1.862087136663093e+07  1.000000000000000e+00  0.000000000000000e+00 -3.235679502111566e-10  1.194435661489024e-10 
 1.883649089490029e+07  1.000000000000000e+00  0.000000000000000e+00 -3.230722356306615e-10  1.235767044249769e-10 
 1.905460717963478e+07  1.000000000000000e+00  0.000000000000000e+00 -3.248077362627555e-10  1.279027994627313e-10 
 1.927524913191170e+07  1.000000000000000e+00  0.000000000000000e+00 -3.241069634896121e-10  1.320396014747871e-10 
 1.949844599758282e+07  1.000000000000000e+00  0.000000000000000e+00 -3.140352422548176e-10  1.350286549239854e-10 
 1.972422736115093e+07  1.000000000000000e+00  0.000000000000000e+00 -3.108581170252478e-10  1.386607495490466e-10 
 1.995262314969122e+07  1.000000000000000e+00  0.000000000000000e+00 -3.053028940769309e-10  1.418454242951839e-10 
 2.018366363681806e+07  1.000000000000000e+00  0.000000000000000e+00 -3.088571620679659e-10  1.464086629709982e-10 
 2.041737944669778e+07  1.000000000000000e+00  0.000000000000000e+00 -2.940364618453373e-10  1.477173938724263e-10 
 2.065380155810780e+07  1.000000000000000e+00  0.000000000000000e+00 -2.974129831301298e-10  1.522170167689296e-10 
 2.089296130854294e+07  1.000000000000000e+00  0.000000000000000e+00 -2.893736361642141e-10  1.543838390460905e-10 
 2.113489039836904e+07  1.000000000000000e+00  0.000000000000000e+00 -2.947848631862371e-10  1.594295806484070e-10 
 2.137962089502493e+07  1.000000000000000e+00  0.000000000000000e+00 -2.835487400432157e-10  1.008023664539337e-10 
 2.162718523727284e+07  1.000000000000000e+00  0.000000000000000e+00 -2.807487575751111e-10  1.635754864892647e-10 
 2.187761623949819e+07  1.000000000000000e+00  0.000000000000000e+00 -2.770218499037469e-10  1.662707749261472e-10 
 2.213094709605908e+07  1.000000000000000e+00  0.000000000000000e+00 -2.797946319077482e-10  1.707837204989460e-10 
 2.238721138568613e+07  1.000000000000000e+00  0.000000000000000e+00 -2.759307227151453e-10  1.733571064477246e-10 
 2.264644307593336e+07  1.000000000000000e+00  0.000000000000000e+00 -2.683495647914924e-10  1.173805497245439e-10 
 2.290867652768053e+07  1.000000000000000e+00  0.000000000000000e+00 -2.625231143582596e-10  2.330632353775286e-10 
 2.317394649968762e+07  1.000000000000000e+00  0.000000000000000e+00 -2.598957715704842e-10  1.789275394514789e-10 
 2.344228815320209e+07  1.000000000000000e+00  0.000000000000000e+00 -2.559332745732945e-10  1.810195326967801e-10 
 2.371373705661946e+07  1.000000000000000e+00  0.000000000000000e+00 -2.581568292470138e-10  1.854220110786287e-10 
 2.398832919019784e+07  1.000000000000000e+00  0.000000000000000e+00 -2.520369468683725e-10  1.865476662032961e-10 
 2.426610095082713e+07  1.000000000000000e+00  0.000000000000000e+00 -2.479686456169361e-10  1.883729838780823e-10 
 2.454708915685331e+07  1.000000000000000e+00  0.000000000000000e+00 -2.378635066691004e-10  1.874596033957232e-10 
 2.483133105295875e+07  1.000000000000000e+00  0.000000000000000e+00 -2.434308310483857e-10  1.395595861097831e-10 
 2.511886431509889e+07  1.000000000000000e+00  0.000000000000000e+00 -2.356809192249898e-10  1.932177751129416e-10 
 2.540972705549617e+07  1.000000000000000e+00  0.000000000000000e+00 -2.276884236707133e-10  1.927363824094641e-10 
 2.570395782769180e+07  1.000000000000000e+00  0.000000000000000e+00 -2.327517067968188e-10  1.459279364013355e-10 
 2.600159563165592e+07  1.000000000000000e+00  0.000000000000000e+00 -2.214408656442401e-10  1.961460993626929e-10 
 2.630267991895705e+07  1.000000000000000e+00  0.000000000000000e+00 -2.154798561804228e-10  1.962259243981634e-10 
 2.660725059799137e+07  1.000000000000000e+00  0.000000000000000e+00 -2.114187713786464e-10  1.971918184295873e-10 
 2.691534803927247e+07  1.000000000000000e+00  0.000000000000000e+00 -2.073656801826473e-10  1.980609010132639e-10 
 2.722701308078248e+07  1.000000000000000e+00  0.000000000000000e+00 -2.033232471276847e-10  1.988346154391252e-10 
 2.754228703338506e+07  1.000000000000000e+00  0.000000000000000e+00 -1.957504158767165e-10  1.973700092250397e-10 
 2.786121168630114e+07  1.000000000000000e+00  0.000000000000000e+00 -2.005233756818825e-10  2.033631041342687e-10 
 2.818382931264801e+07  1.000000000000000e+00  0.000000000000000e+00 -1.912875413623283e-10  2.005965393792053e-10 
 2.851018267504261e+07  1.000000000000000e+00  0.000000000000000e+00 -1.728294174441203e-10  2.411746913288937e-10 
 2.884031503126962e+07  1.000000000000000e+00  0.000000000000000e+00 -1.867066501404224e-10  2.035787649568022e-10 
 2.917427014001527e+07  1.000000000000000e+00  0.000000000000000e+00 -1.794373538643868e-10  2.015523303811051e-10 
 2.951209226666751e+07  1.000000000000000e+00  0.000000000000000e+00 -1.706758068209524e-10  1.982376485187842e-10 
 2.985382618918329e+07  1.000000000000000e+00  0.000000000000000e+00 -1.716689013164796e-10  2.017623845773642e-10 
 3.019951720402390e+07  1.000000000000000e+00  0.000000000000000e+00 -1.646905944951982e-10  1.993935017097215e-10 
 3.054921113215892e+07  1.000000000000000e+00  0.000000000000000e+00 -1.624801404531695e-10  2.004623134155281e-10 
 3.090295432513973e+07  1.000000000000000e+00  0.000000000000000e+00 -1.617720402080636e-10  2.026671053201312e-10 
 3.126079367124343e+07  1.000000000000000e+00  0.000000000000000e+00 -1.565187979224447e-10  2.012223720981865e-10 
 3.162277660168771e+07  1.000000000000000e+00  0.000000000000000e+00 -1.665526605520995e-10  1.649478331700038e-10 
 3.198895109691795e+07  1.000000000000000e+00  0.000000000000000e+00 -1.462787668771171e-10  1.980643982157915e-10 
 3.235936569296684e+07  1.000000000000000e+00  0.000000000000000e+00 -1.455473519484940e-10  2.000330456830568e-10 
 3.273406948788789e+07  1.000000000000000e+00  0.000000000000000e+00 -1.447563180434486e-10  2.019605593872598e-10 
 3.311311214826322e+07  1.000000000000000e+00  0.000000000000000e+00 -1.384419245908930e-10  1.988973985511677e-10 
 3.349654391578693e+07  1.000000000000000e+00  0.000000000000000e+00 -1.349551581597552e-10  1.982319863813586e-10 
 3.388441561392447e+07  1.000000000000000e+00  0.000000000000000e+00 -1.341483590877601e-10  1.999950205444634e-10 
 3.427677865464929e+07  1.000000000000000e+00  0.000000000000000e+00 -1.307048913545827e-10  1.992138676243371e-10 
 3.467368504525747e+07  1.000000000000000e+00  0.000000000000000e+00 -1.247748571131524e-10  1.958689321845952e-10 
 3.507518739526116e+07  1.000000000000000e+00  0.000000000000000e+00 -1.239643943051760e-10  1.974766461465549e-10 
 3.548133892336196e+07  1.000000000000000e+00  0.000000000000000e+00 -1.206682531673664e-10  1.965230755907044e-10 
 3.589219346450499e+07  1.000000000000000e+00  0.000000000000000e+00 -1.162280272026806e-10  1.942577210201080e-10 
 3.630780547701465e+07  1.000000000000000e+00  0.000000000000000e+00 -9.863154737388413e-11  2.223711215165736e-10 
 3.672823004981304e+07  1.000000000000000e+00  0.000000000000000e+00 -1.076461142446306e-10  1.895688606090573e-10 
 3.715352290972188e+07  1.000000000000000e+00  0.000000000000000e+00 -1.035033170282418e-10  1.871527377517168e-10 
 3.758374042884910e+07  1.000000000000000e+00  0.000000000000000e+00 -1.027620211146996e-10  1.884745137736843e-10 
 3.801893963206086e+07  1.000000000000000e+00  0.000000000000000e+00 -9.874845385837716e-11  1.859726261876915e-10 
 3.845917820454016e+07  1.000000000000000e+00  0.000000000000000e+00 -9.483402951815378e-11  1.834315477289294e-10 
 3.890451449943291e+07  1.000000000000000e+00  0.000000000000000e+00 -9.411560419891885e-11  1.846267583260897e-10 
 3.935500754558266e+07  1.000000000000000e+00  0.000000000000000e+00 -9.336298401052545e-11  1.857771159130550e-10 
 3.981071705535470e+07  1.000000000000000e+00  0.000000000000000e+00 -8.961087427650227e-11  1.831251261741329e-10 
 4.027170343255094e+07  1.000000000000000e+00  0.000000000000000e+00 -8.595757439167073e-11  1.804447702369316e-10 
 4.073802778041637e+07  1.000000000000000e+00  0.000000000000000e+00 -1.011989381183298e-10  1.595720222624664e-10 
 4.120975190973818e+07  1.000000000000000e+00  0.000000000000000e+00 -8.079203972499727e-11  1.774964064615858e-10 
 4.168693834703876e+07  1.000000000000000e+00  0.000000000000000e+00 -7.648470745635905e-11  1.735006027736574e-10 
 4.216965034286351e+07  1.000000000000000e+00  0.000000000000000e+00 -7.407996438502096e-11  1.719653863752058e-10 
 4.265795188016462e+07  1.000000000000000e+00  0.000000000000000e+00 -7.345413166603976e-11  1.728683862722846e-10 
 4.315190768278193e+07  1.000000000000000e+00  0.000000000000000e+00 -7.111755628841365e-11  1.712776032114505e-10 
 4.365158322402208e+07  1.000000000000000e+00  0.000000000000000e+00 -7.048073236148866e-11  1.721080500338701e-10 
 4.415704473533680e+07  1.000000000000000e+00  0.000000000000000e+00 -5.010325487830869e-11  1.849635444806097e-10 
 4.466835921510192e+07  1.000000000000000e+00  0.000000000000000e+00 -6.286215992190591e-11  1.639652857932106e-10 
 4.518559443749791e+07  1.000000000000000e+00  0.000000000000000e+00 -6.230926885564259e-11  1.647194047826872e-10 
 4.570881896149325e+07  1.000000000000000e+00  0.000000000000000e+00 -6.024070131616099e-11  1.630387491680096e-10 
 4.623810213993184e+07  1.000000000000000e+00  0.000000000000000e+00 -5.822586857107126e-11  1.613442157655243e-10 
 4.677351412872570e+07  1.000000000000000e+00  0.000000000000000e+00 -5.626232812971921e-11  1.596381360435828e-10 
 4.731512589615400e+07  1.000000000000000e+00  0.000000000000000e+00 -3.914601975907317e-11  1.731519372327739e-10 
 4.786300923226986e+07  1.000000000000000e+00  0.000000000000000e+00 -3.941869053392111e-11  1.744808741932502e-10 
 4.841723675841603e+07  1.000000000000000e+00  0.000000000000000e+00 -3.700773021364512e-11  1.711127350922936e-10 
 4.897788193685079e+07  1.000000000000000e+00  0.000000000000000e+00 -4.892086735708290e-11  1.527211690444119e-10 
 4.954501908048527e+07  1.000000000000000e+00  0.000000000000000e+00 -4.595812619356821e-11  1.486786249671468e-10 
 5.011872336273355e+07  1.000000000000000e+00  0.000000000000000e+00 -4.616174109628446e-11  1.503659419199721e-10 
 5.069907082747684e+07  1.000000000000000e+00  0.000000000000000e+00 -4.393929664558982e-11  1.474728672512526e-10 
 5.128613839914297e+07  1.000000000000000e+00  0.000000000000000e+00 -4.237432627007820e-11  1.457187703834961e-10 
 5.188000389290267e+07  1.000000000000000e+00  0.000000000000000e+00 -2.661715292617828e-11  1.557687867581592e-10 
 5.248074602498390e+07  1.000000000000000e+00  0.000000000000000e+00 -3.828692918261822e-11  1.399944049573776e-10 
 5.308844442310555e+07  1.000000000000000e+00  0.000000000000000e+00 -3.742628429392880e-11  1.393579140973600e-10 
 5.370317963703207e+07  1.000000000000000e+00  0.000000000000000e+00 -3.658073843837428e-11  1.387077674941395e-10 
 5.432503314925020e+07  1.000000000000000e+00  0.000000000000000e+00 -2.158651035699677e-11  1.472504618238446e-10 
 5.495408738576942e+07  1.000000000000000e+00  0.000000000000000e+00 -3.395284053908654e-11  1.352196687953722e-10 
 5.559042572704741e+07  1.000000000000000e+00  0.000000000000000e+00 -3.270295145796354e-11  1.334839461186732e-10 
 5.623413251904204e+07  1.000000000000000e+00  0.000000000000000e+00 -3.009370530548949e-11  1.285891948477058e-10 
 5.688529308439137e+07  1.000000000000000e+00  0.000000000000000e+00 -2.942024401875187e-11  1.279393813113927e-10 
 5.754399373372301e+07  1.000000000000000e+00  0.000000000000000e+00 -2.787658992531306e-11  1.252065395807023e-10 
 5.821032177709454e+07  1.000000000000000e+00  0.000000000000000e+00 -1.455857656651460e-11  1.328143706125218e-10 
 5.888436553556639e+07  1.000000000000000e+00  0.000000000000000e+00 -2.623168349202842e-11  1.228780965867315e-10 
 5.956621435290863e+07  1.000000000000000e+00  0.000000000000000e+00 -2.686983968658296e-11  1.252460635203789e-10 
 6.025595860744344e+07  1.000000000000000e+00  0.000000000000000e+00 -2.508415697377586e-11  1.215534062293244e-10 
 6.095368972402468e+07  1.000000000000000e+00  0.000000000000000e+00 -2.414735078559715e-11  1.198894594711675e-10 
 6.165950018615607e+07  1.000000000000000e+00  0.000000000000000e+00 -3.545963522810780e-11  1.124371429295223e-10 
 6.237348354824988e+07  1.000000000000000e+00  0.000000000000000e+00 -2.274225252563156e-11  1.175695929500620e-10 
 6.309573444802737e+07  1.000000000000000e+00  0.000000000000000e+00 -3.233280310155351e-11  1.068060084818967e-10 
 6.382634861906301e+07  1.000000000000000e+00  0.000000000000000e+00 -2.074629357196045e-11  1.133611537973422e-10 
 6.456542290347379e+07  1.000000000000000e+00  0.000000000000000e+00 -1.931432791479892e-11  1.098774682350978e-10 
 6.531305526475558e+07  1.000000000000000e+00  0.000000000000000e+00 -1.859734588549600e-11  1.083130807266741e-10 
 6.606934480076804e+07  1.000000000000000e+00  0.000000000000000e+00 -2.868905113473375e-11  1.015091899425613e-10 
 6.683439175687000e+07  1.000000000000000e+00  0.000000000000000e+00 -1.785860348491042e-11  1.070580013529110e-10 
 6.760829753920682e+07  1.000000000000000e+00  0.000000000000000e+00 -1.721112141694903e-11  1.055206200195613e-10 
 6.839116472815168e+07  1.000000000000000e+00  0.000000000000000e+00 -1.659139492460326e-11  1.039993646756443e-10 
 6.918309709190249e+07  1.000000000000000e+00  0.000000000000000e+00 -1.655409143097586e-11  1.042663178019154e-10 
 6.998419960023630e+07  1.000000000000000e+00  0.000000000000000e+00 -2.451217007148898e-11  9.420278446192754e-11 
 7.079457843842284e+07  1.000000000000000e+00  0.000000000000000e+00 -1.489253165232185e-11  9.953488033787039e-11 
 7.161434102129936e+07  1.000000000000000e+00  0.000000000000000e+00 -1.488409395733470e-11  9.979572723750607e-11 
 7.244359600750828e+07  1.000000000000000e+00  0.000000000000000e+00 -1.413136274663884e-11  9.749168139450148e-11 
 7.328245331389979e+07  1.000000000000000e+00  0.000000000000000e+00 -1.317856934690553e-11  9.438488879354168e-11 
 7.413102413010125e+07  1.000000000000000e+00  0.000000000000000e+00 -1.297184581972033e-11  9.382181143102741e-11 
 7.498942093325520e+07  1.000000000000000e+00  0.000000000000000e+00 -2.138378363270022e-11  8.934780693081734e-11 
 7.585775750292811e+07  1.000000000000000e+00  0.000000000000000e+00 -1.214561784479429e-11  9.107087306503558e-11 
 7.673614893619174e+07  1.000000000000000e+00  0.000000000000000e+00 -1.155187057122475e-11  8.892026004403419e-11 
 7.762471166287914e+07  1.000000000000000e+00  0.000000000000000e+00 -1.099209612220875e-11  8.680545171557696e-11 
 7.852356346101727e+07  1.000000000000000e+00  0.000000000000000e+00 -1.125655124667446e-11  8.786321670228858e-11 
 7.943282347243837e+07  1.000000000000000e+00  0.000000000000000e+00 -1.034816676792616e-11  8.423398090151579e-11 
 8.035261221857207e+07  1.000000000000000e+00  0.000000000000000e+00 -1.079825118210920e-11  8.604061907391269e-11 
 8.128305161642039e+07  1.000000000000000e+00  0.000000000000000e+00 -1.013500394719813e-11  8.324954614558067e-11 
 8.222426499471770e+07  1.000000000000000e+00  0.000000000000000e+00 -9.861667038535415e-12  8.200901069344013e-11 
 8.317637711027782e+07  1.000000000000000e+00  0.000000000000000e+00 -9.603651207612529e-12  8.078637758757168e-11 
 8.413951416453035e+07  1.000000000000000e+00  0.000000000000000e+00 -9.032108394535499e-12  7.811901125975851e-11 
 8.511380382024862e+07  1.000000000000000e+00  0.000000000000000e+00 -8.813838547894193e-12  7.694947457004275e-11 
 8.609937521847117e+07  1.000000000000000e+00  0.000000000000000e+00 -9.227507646869526e-12  7.865465223577672e-11 
 8.709635899561930e+07  1.000000000000000e+00  0.000000000000000e+00 -8.718137323171504e-12  7.607475760451621e-11 
 8.810488730081278e+07  1.000000000000000e+00  0.000000000000000e+00 -1.495137347262698e-11  7.292265402636389e-11 
 8.912509381338607e+07  1.000000000000000e+00  0.000000000000000e+00 -1.656674797345659e-12  7.367569054839151e-11 
 9.015711376060735e+07  1.000000000000000e+00  0.000000000000000e+00 -8.327560863108374e-12  7.340675289846388e-11 
 9.120108393560277e+07  1.000000000000000e+00  0.000000000000000e+00 -7.776002064474596e-12  7.029875292996479e-11 
 9.225714271548826e+07  1.000000000000000e+00  0.000000000000000e+00 -7.898126597183364e-12  7.057943118837784e-11 
 9.332543007971118e+07  1.000000000000000e+00  0.000000000000000e+00 -7.519984634996035e-12  6.821829212633190e-11 
 9.440608762860456e+07  1.000000000000000e+00  0.000000000000000e+00 -8.005596185967079e-12  7.044703709269129e-11 
 9.549925860215597e+07  1.000000000000000e+00  0.000000000000000e+00 -1.731059739995544e-12  6.696301846353947e-11 
 9.660508789899386e+07  1.000000000000000e+00  0.000000000000000e+00 -7.432277016050648e-12  6.648817607590729e-11 
 9.772372209559375e+07  1.000000000000000e+00  0.000000000000000e+00 -7.120970479945754e-12  6.425550369559829e-11 
 9.885530946570672e+07  1.000000000000000e+00  0.000000000000000e+00 -7.147615832536758e-12  6.392254781051321e-11 
 1.000000000000130e+08  1.000000000000000e+00  0.000000000000000e+00 -7.378764266263715e-12  6.481132297508907e-11 
 1.011579454260030e+08  1.000000000000000e+00  0.000000000000000e+00 -6.907141525402949e-12  6.145031705706572e-11 
 1.023292992280887e+08  1.000000000000000e+00  0.000000000000000e+00 -7.327471962526033e-12  6.352406101139962e-11 
 1.035142166679479e+08  1.000000000000000e+00  0.000000000000000e+00 -7.169376203819411e-12  6.201029967289884e-11 
 1.047128548051036e+08  1.000000000000000e+00  0.000000000000000e+00 -6.933564833389028e-12  5.994507668027893e-11 
 1.059253725177427e+08  1.000000000000000e+00  0.000000000000000e+00 -1.117128611838325e-11  5.765381227984534e-11 
 1.071519305237746e+08  1.000000000000000e+00  0.000000000000000e+00 -6.935119145623503e-12  5.877900943751513e-11 
 1.083926914021345e+08  1.000000000000000e+00  0.000000000000000e+00 -6.736611268820525e-12  5.680739212365893e-11 
 1.096478196143328e+08  1.000000000000000e+00  0.000000000000000e+00 -6.947109554289455e-12  5.764277943853813e-11 
 1.109174815262546e+08  1.000000000000000e+00  0.000000000000000e+00 -6.613376513087132e-12  5.462766350383674e-11 
 1.122018454302110e+08  1.000000000000000e+00  0.000000000000000e+00 -6.747269409856926e-12  5.491720966865898e-11 
 1.135010815672463e+08  1.000000000000000e+00  0.000000000000000e+00 -1.054489828788974e-11  5.407141401292392e-11 
 1.148153621497033e+08  1.000000000000000e+00  0.000000000000000e+00 -3.010036664363724e-12  5.337980057973368e-11 
 1.161448613840495e+08  1.000000000000000e+00  0.000000000000000e+00 -6.715517031352647e-12  5.258886381920291e-11 
 1.174897554939683e+08  1.000000000000000e+00  0.000000000000000e+00 -6.777467476126731e-12  5.235206712583818e-11 
 1.188502227437174e+08  1.000000000000000e+00  0.000000000000000e+00 -6.838307697876189e-12  5.211524267689782e-11 
 1.202264434617570e+08  1.000000000000000e+00  0.000000000000000e+00 -6.837641564061414e-12  5.137767988827591e-11 
 1.216186000646528e+08  1.000000000000000e+00  0.000000000000000e+00 -6.604494728890131e-12  4.867461989022104e-11 
 1.230268770812543e+08  1.000000000000000e+00  0.000000000000000e+00 -6.616707182161008e-12  4.798618447043879e-11 
 1.244514611771549e+08  1.000000000000000e+00  0.000000000000000e+00 -6.798117624384759e-12  4.875623516031879e-11 
 1.258925411794333e+08  1.000000000000000e+00  0.000000000000000e+00 -6.757039372473628e-12  4.759648231100755e-11 
 1.273503081016829e+08  1.000000000000000e+00  0.000000000000000e+00 -6.772582494818380e-12  4.693057054083738e-11 
 1.288249551693303e+08  1.000000000000000e+00  0.000000000000000e+00 -6.791456286237008e-12  4.627570548976223e-11 
 1.303166778452471e+08  1.000000000000000e+00  0.000000000000000e+00 -6.713740674513247e-12  4.471426007235380e-11 
 1.318256738556581e+08  1.000000000000000e+00  0.000000000000000e+00 -6.926237361426502e-12  4.590514079971797e-11 
 1.333521432163500e+08  1.000000000000000e+00  0.000000000000000e+00 -6.855627177060342e-12  4.437626655029447e-11 
 1.348962882591831e+08  1.000000000000000e+00  0.000000000000000e+00 -6.792566509261633e-12  4.288016469677913e-11 
 1.364583136589105e+08  1.000000000000000e+00  0.000000000000000e+00 -6.949330000338705e-12  4.359871491610434e-11 
 1.380384264603067e+08  1.000000000000000e+00  0.000000000000000e+00 -6.934008922598878e-12  4.257014185604646e-11 
 1.396368361056122e+08  1.000000000000000e+00  0.000000000000000e+00 -6.962652676634207e-12  4.198792008525132e-11 
 1.412537544622941e+08  1.000000000000000e+00  0.000000000000000e+00 -7.069012042393297e-12  4.225658017942280e-11 
 1.428893958511291e+08  1.000000000000000e+00  0.000000000000000e+00 -9.229284003708926e-12  4.109928369855353e-11 
 1.445439770746118e+08  1.000000000000000e+00  0.000000000000000e+00 -7.017275649445764e-12  3.988798874532407e-11 
 1.462177174456911e+08  1.000000000000000e+00  0.000000000000000e+00 -7.155609438314059e-12  4.056361496695970e-11 
 1.479108388168403e+08  1.000000000000000e+00  0.000000000000000e+00 -7.186917727608488e-12  4.001762116123686e-11 
 1.496235656094631e+08  1.000000000000000e+00  0.000000000000000e+00 -7.151390590820483e-12  3.869007891843523e-11 
 1.513561248436408e+08  1.000000000000000e+00  0.000000000000000e+00 -7.184697281559238e-12  3.817122312677057e-11 
 1.531087461682233e+08  1.000000000000000e+00  0.000000000000000e+00 -9.052092408978751e-12  3.754069971551033e-11 
 1.548816618912686e+08  1.000000000000000e+00  0.000000000000000e+00 -7.253753153690923e-12  3.715863033937339e-11 
 1.566751070108357e+08  1.000000000000000e+00  0.000000000000000e+00 -5.585754081494088e-12  3.714925589370921e-11 
 1.584893192461324e+08  1.000000000000000e+00  0.000000000000000e+00 -7.379652444683416e-12  3.692118832887559e-11 
 1.603245390690254e+08  1.000000000000000e+00  0.000000000000000e+00 -7.358336162610613e-12  3.569974177386470e-11 
 1.621810097359145e+08  1.000000000000000e+00  0.000000000000000e+00 -7.446487870765850e-12  3.595351794061230e-11 
 1.640589773199757e+08  1.000000000000000e+00  0.000000000000000e+00 -7.377654043239090e-12  3.404938830886550e-11 
 1.659586907437781e+08  1.000000000000000e+00  0.000000000000000e+00 -7.463807349950002e-12  3.430897926870458e-11 
 1.678804018122783e+08  1.000000000000000e+00  0.000000000000000e+00 -7.523537348674836e-12  3.420917021879077e-11 
 1.698243652461970e+08  1.000000000000000e+00  0.000000000000000e+00 -6.090683513093609e-12  3.315543672943733e-11 
 1.717908387157817e+08  1.000000000000000e+00  0.000000000000000e+00 -7.501554932787258e-12  3.196058695476012e-11 
 1.737800828749607e+08  1.000000000000000e+00  0.000000000000000e+00 -6.263212171120358e-12  3.263232739580957e-11 
 1.757923613958926e+08  1.000000000000000e+00  0.000000000000000e+00 -7.640110766260477e-12  3.213234539556353e-11 
 1.778279410039160e+08  1.000000000000000e+00  0.000000000000000e+00 -7.674749724628782e-12  3.171704565652078e-11 
 1.798870915129028e+08  1.000000000000000e+00  0.000000000000000e+00 -7.749578756488518e-12  3.195672892974954e-11 
 1.819700858610226e+08  1.000000000000000e+00  0.000000000000000e+00 -7.782885447227272e-12  3.154601579957728e-11 
 1.840772001469201e+08  1.000000000000000e+00  0.000000000000000e+00 -8.998801703796744e-12  3.138678900116432e-11 
 1.862087136663116e+08  1.000000000000000e+00  0.000000000000000e+00 -7.793099499053824e-12  2.980517221917722e-11 
 1.883649089490052e+08  1.000000000000000e+00  0.000000000000000e+00 -8.963052522403814e-12  2.997197628973325e-11 
 1.905460717963502e+08  1.000000000000000e+00  0.000000000000000e+00 -7.860379014346108e-12  2.904884666143914e-11 
 1.927524913191193e+08  1.000000000000000e+00  0.000000000000000e+00 -7.910783139664090e-12  2.898058182321250e-11 
 1.949844599758306e+08  1.000000000000000e+00  0.000000000000000e+00 -7.926992395823618e-12  2.831498230326801e-11 
 1.972422736115117e+08  1.000000000000000e+00  0.000000000000000e+00 -7.974954030487424e-12  2.825033956765921e-11 
 1.995262314969147e+08  1.000000000000000e+00  0.000000000000000e+00 -9.008127577203595e-12  2.869605941757669e-11 
 2.018366363681831e+08  1.000000000000000e+00  0.000000000000000e+00 -8.052891686816110e-12  2.782841318493823e-11 
 2.041737944669803e+08  1.000000000000000e+00  0.000000000000000e+00 -8.083533842295765e-12  2.747830435412268e-11 
 2.065380155810806e+08  1.000000000000000e+00  0.000000000000000e+00 -8.113953953170494e-12  2.713324009917528e-11 
 2.089296130854320e+08  1.000000000000000e+00  0.000000000000000e+00 -8.116396443824669e-12  2.623962852554840e-11 
 2.113489039836930e+08  1.000000000000000e+00  0.000000000000000e+00 -7.316591776884707e-12  2.598132126108155e-11 
 2.137962089502519e+08  1.000000000000000e+00  0.000000000000000e+00 -9.034550885189674e-12  2.659730768961310e-11 
 2.162718523727311e+08  1.000000000000000e+00  0.000000000000000e+00 -8.205436330399607e-12  2.526829440130385e-11 
 2.187761623949846e+08  1.000000000000000e+00  0.000000000000000e+00 -8.271161533457416e-12  2.574469457061745e-11 
 2.213094709605935e+08  1.000000000000000e+00  0.000000000000000e+00 -8.262723838470265e-12  2.464375231658877e-11 
 2.238721138568640e+08  1.000000000000000e+00  0.000000000000000e+00 -8.336442647305375e-12  2.536737833680469e-11 
 2.264644307593364e+08  1.000000000000000e+00  0.000000000000000e+00 -8.318234989701523e-12  2.403670665285240e-11 
 2.290867652768081e+08  1.000000000000000e+00  0.000000000000000e+00 -8.356204617143703e-12  2.399078852244330e-11 
 2.317394649968790e+08  1.000000000000000e+00  0.000000000000000e+00 -8.403500117992735e-12  2.419116643115338e-11 
 2.344228815320238e+08  1.000000000000000e+00  0.000000000000000e+00 -8.387956995647983e-12  2.291256767650296e-11 
 2.371373705661975e+08  1.000000000000000e+00  0.000000000000000e+00 -8.453682198705792e-12  2.359970899257213e-11 
 2.398832919019814e+08  1.000000000000000e+00  0.000000000000000e+00 -8.478107105247545e-12  2.331009343881085e-11 
 2.426610095082743e+08  1.000000000000000e+00  0.000000000000000e+00 -8.502309967184374e-12  2.302445040180956e-11 
 2.454708915685362e+08  1.000000000000000e+00  0.000000000000000e+00 -8.534950524108353e-12  2.297643325599452e-11 
 2.483133105295905e+08  1.000000000000000e+00  0.000000000000000e+00 -8.540057550021629e-12  2.223411038615453e-11 
 2.511886431509919e+08  1.000000000000000e+00  0.000000000000000e+00 -8.016920460818255e-12  2.204205568068218e-11 
 2.540972705549648e+08  1.000000000000000e+00  0.000000000000000e+00 -8.594458478228262e-12  2.192059381234124e-11 
 2.570395782769211e+08  1.000000000000000e+00  0.000000000000000e+00 -8.599787548746463e-12  2.120848635600581e-11 
 2.600159563165624e+08  1.000000000000000e+00  0.000000000000000e+00 -8.110845328701544e-12  2.081180019986029e-11 
 2.630267991895738e+08  1.000000000000000e+00  0.000000000000000e+00 -9.142242518578314e-12  2.083224218130120e-11 
 2.660725059799170e+08  1.000000000000000e+00  0.000000000000000e+00 -8.665290707199347e-12  2.044561742131634e-11 
 2.691534803927280e+08  1.000000000000000e+00  0.000000000000000e+00 -8.686829033877075e-12  2.019811054521092e-11 
 2.722701308078281e+08  1.000000000000000e+00  0.000000000000000e+00 -8.721245947640455e-12  2.037344598582180e-11 
 2.754228703338540e+08  1.000000000000000e+00  0.000000000000000e+00 -8.713252341863154e-12  1.929832682545651e-11 
 2.786121168630148e+08  1.000000000000000e+00  0.000000000000000e+00 -8.739675649849232e-12  1.927028328574387e-11 
 2.818382931264836e+08  1.000000000000000e+00  0.000000000000000e+00 -8.778755500316038e-12  1.964536866516653e-11 
 2.851018267504296e+08  1.000000000000000e+00  0.000000000000000e+00 -9.203304784932698e-12  1.932382032165947e-11 
 2.884031503126997e+08  1.000000000000000e+00  0.000000000000000e+00 -8.816058993943443e-12  1.917581024524218e-11 
 2.917427014001563e+08  1.000000000000000e+00  0.000000000000000e+00 -8.834488696152221e-12  1.894563325666176e-11 
 2.951209226666787e+08  1.000000000000000e+00  0.000000000000000e+00 -8.840039811275346e-12  1.833249871352471e-11 
 2.985382618918365e+08  1.000000000000000e+00  0.000000000000000e+00 -8.868461520705750e-12  1.849428943323517e-11 
 3.019951720402427e+08  1.000000000000000e+00  0.000000000000000e+00 -8.885780999889903e-12  1.827299422885176e-11 
 3.054921113215929e+08  1.000000000000000e+00  0.000000000000000e+00 -9.242162590794578e-12  1.778109604000377e-11 
 3.090295432514011e+08  1.000000000000000e+00  0.000000000000000e+00 -8.897771408555855e-12  1.710282956923770e-11 
 3.126079367124381e+08  1.000000000000000e+00  0.000000000000000e+00 -8.924194716541933e-12  1.726244147626232e-11 
 3.162277660168810e+08  1.000000000000000e+00  0.000000000000000e+00 -8.939515794281760e-12  1.705663041362548e-11 
 3.198895109691834e+08  1.000000000000000e+00  0.000000000000000e+00 -8.941070106516236e-12  1.632056989553377e-11 
 3.235936569296724e+08  1.000000000000000e+00  0.000000000000000e+00 -9.277245638372733e-12  1.674016827934999e-11 
 3.273406948788829e+08  1.000000000000000e+00  0.000000000000000e+00 -8.981038135402741e-12  1.628143106446878e-11 
 3.311311214826363e+08  1.000000000000000e+00  0.000000000000000e+00 -8.995915123932718e-12  1.608801633579127e-11 
 3.349654391578735e+08  1.000000000000000e+00  0.000000000000000e+00 -9.023004565733572e-12  1.640525909563095e-11 
 3.388441561392489e+08  1.000000000000000e+00  0.000000000000000e+00 -9.028333636251773e-12  1.587589087970187e-11 
 3.427677865464973e+08  1.000000000000000e+00  0.000000000000000e+00 -9.034550885189674e-12  1.535688243237132e-11 
 3.467368504525791e+08  1.000000000000000e+00  0.000000000000000e+00 -8.797185202524815e-12  1.559065723744091e-11 
 3.507518739526161e+08  1.000000000000000e+00  0.000000000000000e+00 -8.813394458684343e-12  1.524568665756121e-11 
 3.548133892336241e+08  1.000000000000000e+00  0.000000000000000e+00 -9.081624341433781e-12  1.513749889325844e-11 
 3.589219346450545e+08  1.000000000000000e+00  0.000000000000000e+00 -9.086953411951981e-12  1.464300208864344e-11 
 3.630780547701512e+08  1.000000000000000e+00  0.000000000000000e+00 -9.110490140074035e-12  1.493808896024795e-11 
 3.672823004981351e+08  1.000000000000000e+00  0.000000000000000e+00 -9.118927835061186e-12  1.460775250761159e-11 
 3.715352290972236e+08  1.000000000000000e+00  0.000000000000000e+00 -9.124034860974461e-12  1.413079028789177e-11 
 3.758374042884958e+08  1.000000000000000e+00  0.000000000000000e+00 -9.145795232257115e-12  1.441606209406920e-11 
 3.801893963206135e+08  1.000000000000000e+00  0.000000000000000e+00 -9.153566793429491e-12  1.409750094438778e-11 
 3.845917820454065e+08  1.000000000000000e+00  0.000000000000000e+00 -9.167777648144693e-12  1.407872256276033e-11 
 3.890451449943342e+08  1.000000000000000e+00  0.000000000000000e+00 -9.168887871169318e-12  1.347712740018547e-11 
 3.935500754558317e+08  1.000000000000000e+00  0.000000000000000e+00 -9.185985305748545e-12  1.360605378364355e-11 
 3.981071705535522e+08  1.000000000000000e+00  0.000000000000000e+00 -9.199530026648972e-12  1.358824164299222e-11 
 4.027170343255147e+08  1.000000000000000e+00  0.000000000000000e+00 -9.209744078475524e-12  1.342879800414476e-11 
 4.073802778041690e+08  1.000000000000000e+00  0.000000000000000e+00 -9.215961327413424e-12  1.313257488866348e-11 
 4.120975190973871e+08  1.000000000000000e+00  0.000000000000000e+00 -9.231504449758177e-12  1.325275306163221e-11 
 4.168693834703930e+08  1.000000000000000e+00  0.000000000000000e+00 -9.241052367769953e-12  1.309750398414966e-11 
 4.216965034286405e+08  1.000000000000000e+00  0.000000000000000e+00 -9.244605081448753e-12  1.267633914503463e-11 
 4.265795188016517e+08  1.000000000000000e+00  0.000000000000000e+00 -9.256373445509780e-12  1.266031203484008e-11 
 4.315190768278250e+08  1.000000000000000e+00  0.000000000000000e+00 -9.262812739052606e-12  1.238142748050119e-11 
 4.365158322402264e+08  1.000000000000000e+00  0.000000000000000e+00 -9.114708987567610e-12  1.219192281853854e-11 
 4.415704473533736e+08  1.000000000000000e+00  0.000000000000000e+00 -9.284795154940184e-12  1.234917550163583e-11 
 4.466835921510250e+08  1.000000000000000e+00  0.000000000000000e+00 -9.286349467174659e-12  1.182605575966722e-11 
 4.518559443749850e+08  1.000000000000000e+00  0.000000000000000e+00 -9.290346270063310e-12  1.143832771555164e-11 
 4.570881896149384e+08  1.000000000000000e+00  0.000000000000000e+00 -9.302780767939112e-12  1.155155138210517e-11 
 4.623810213993244e+08  1.000000000000000e+00  0.000000000000000e+00 -9.173994897082594e-12  1.149938824718255e-11 
 4.677351412872631e+08  1.000000000000000e+00  0.000000000000000e+00 -9.315881399629689e-12  1.116315373472787e-11 
 4.731512589615462e+08  1.000000000000000e+00  0.000000000000000e+00 -9.327538741388253e-12  1.127127557953855e-11 
 4.786300923227049e+08  1.000000000000000e+00  0.000000000000000e+00 -9.340528350776367e-12  1.149315018156294e-11 
 4.841723675841666e+08  1.000000000000000e+00  0.000000000000000e+00 -9.340306306171442e-12  1.089386046648766e-11 
 4.897788193685143e+08  1.000000000000000e+00  0.000000000000000e+00 -9.349077068065981e-12  1.088203138710497e-11 
 4.954501908048592e+08  1.000000000000000e+00  0.000000000000000e+00 -9.355960450818657e-12  1.075538096084738e-11 
 5.011872336273420e+08  1.000000000000000e+00  0.000000000000000e+00 -9.358958052985145e-12  1.040554274689409e-11 
 5.069907082747750e+08  1.000000000000000e+00  0.000000000000000e+00 -9.370615394743709e-12  1.061776881694509e-11 
 5.128613839914363e+08  1.000000000000000e+00  0.000000000000000e+00 -9.374834242237284e-12  1.038456473589910e-11 
 5.188000389290334e+08  1.000000000000000e+00  0.000000000000000e+00 -9.384493182551523e-12  1.048093556388352e-11 
 5.248074602498457e+08  1.000000000000000e+00  0.000000000000000e+00 -9.390488386884499e-12  1.035915624114647e-11 
 5.308844442310624e+08  1.000000000000000e+00  0.000000000000000e+00 -9.393263944446062e-12  1.002685955098226e-11 
 5.370317963703276e+08  1.000000000000000e+00  0.000000000000000e+00 -9.502842956976565e-12  1.014843417634914e-11 
 5.432503314925090e+08  1.000000000000000e+00  0.000000000000000e+00 -9.405143330809551e-12  9.795445704563477e-12 
 5.495408738577013e+08  1.000000000000000e+00  0.000000000000000e+00 -9.413247958889315e-12  9.886572463480015e-12 
 5.559042572704812e+08  1.000000000000000e+00  0.000000000000000e+00 -9.416134538753340e-12  9.569539605180921e-12 
 5.623413251904277e+08  1.000000000000000e+00  0.000000000000000e+00 -9.515388477154829e-12  9.684409524313153e-12 
 5.688529308439209e+08  1.000000000000000e+00  0.000000000000000e+00 -9.512723941895729e-12  9.176369733521206e-12 
 5.754399373372374e+08  1.000000000000000e+00  0.000000000000000e+00 -9.432565839517792e-12  9.240620421624435e-12 
 5.821032177709528e+08  1.000000000000000e+00  0.000000000000000e+00 -9.436784687011368e-12  9.133610534561853e-12 
 5.888436553556714e+08  1.000000000000000e+00  0.000000000000000e+00 -9.441558646017256e-12  9.027832301167216e-12 
 5.956621435290939e+08  1.000000000000000e+00  0.000000000000000e+00 -9.448886117979782e-12  9.112039248138082e-12 
 6.025595860744421e+08  1.000000000000000e+00  0.000000000000000e+00 -9.372280729280646e-12  8.797719497355416e-12 
 6.095368972402545e+08  1.000000000000000e+00  0.000000000000000e+00 -9.453215987775820e-12  8.533552336986716e-12 
 6.165950018615686e+08  1.000000000000000e+00  0.000000000000000e+00 -9.457767902176784e-12  8.434815346181068e-12 
 6.237348354825066e+08  1.000000000000000e+00  0.000000000000000e+00 -9.466538664071322e-12  8.697629422238506e-12 
 6.309573444802817e+08  1.000000000000000e+00  0.000000000000000e+00 -9.468426043213185e-12  8.418944361099356e-12 
 6.382634861906382e+08  1.000000000000000e+00  0.000000000000000e+00 -9.475198403663398e-12  8.497667847162660e-12 
 6.456542290347461e+08  1.000000000000000e+00  0.000000000000000e+00 -9.477085782805261e-12  8.225448100418475e-12 
 6.531305526475639e+08  1.000000000000000e+00  0.000000000000000e+00 -9.481082585693912e-12  8.130395662275802e-12 
 6.606934480076886e+08  1.000000000000000e+00  0.000000000000000e+00 -9.482525875625925e-12  7.866440138171171e-12 
 6.683439175687084e+08  1.000000000000000e+00  0.000000000000000e+00 -9.486633700817038e-12  7.775580526669934e-12 
 6.760829753920767e+08  1.000000000000000e+00  0.000000000000000e+00 -9.490408459100763e-12  7.685782565935995e-12 
 6.839116472815254e+08  1.000000000000000e+00  0.000000000000000e+00 -9.496181618828814e-12  7.761249976034890e-12 
 6.918309709190336e+08  1.000000000000000e+00  0.000000000000000e+00 -9.499401265600227e-12  7.671656712671115e-12 
 6.998419960023718e+08  1.000000000000000e+00  0.000000000000000e+00 -9.446221582720682e-12  7.646829350282935e-12 
 7.079457843842374e+08  1.000000000000000e+00  0.000000000000000e+00 -9.506950782167678e-12  7.495597892370753e-12 
 7.161434102130027e+08  1.000000000000000e+00  0.000000000000000e+00 -9.508283049797228e-12  7.252363640186665e-12 
 7.244359600750920e+08  1.000000000000000e+00  0.000000000000000e+00 -9.513834164920354e-12  7.401149137997720e-12 
 7.328245331390072e+08  1.000000000000000e+00  0.000000000000000e+00 -9.516054610969604e-12  7.239210966791809e-12 
 7.413102413010219e+08  1.000000000000000e+00  0.000000000000000e+00 -9.466871730978710e-12  6.989547829405751e-12 
 7.498942093325615e+08  1.000000000000000e+00  0.000000000000000e+00 -9.524159239049368e-12  7.222908035564579e-12 
 7.585775750292907e+08  1.000000000000000e+00  0.000000000000000e+00 -9.525380484376456e-12  6.991700621239438e-12 
 7.673614893619272e+08  1.000000000000000e+00  0.000000000000000e+00 -9.528267064240481e-12  6.911131389397696e-12 
 7.762471166288012e+08  1.000000000000000e+00  0.000000000000000e+00 -9.531375688709431e-12  6.831481560998220e-12 
 7.852356346101826e+08  1.000000000000000e+00  0.000000000000000e+00 -9.489964369890913e-12  6.882399164465092e-12 
 7.943282347243937e+08  1.000000000000000e+00  0.000000000000000e+00 -9.536149647715320e-12  6.604350746841625e-12 
 8.035261221857308e+08  1.000000000000000e+00  0.000000000000000e+00 -9.537926004554720e-12  6.458471778214570e-12 
 8.128305161642141e+08  1.000000000000000e+00  0.000000000000000e+00 -9.542699963560608e-12  6.660134249658611e-12 
 8.222426499471874e+08  1.000000000000000e+00  0.000000000000000e+00 -9.544476320400008e-12  6.447003521314887e-12 
 8.317637711027887e+08  1.000000000000000e+00  0.000000000000000e+00 -9.546696766449259e-12  6.372779907948267e-12 
 8.413951416453142e+08  1.000000000000000e+00  0.000000000000000e+00 -9.510059406636628e-12  6.287739426347194e-12 
 8.511380382024970e+08  1.000000000000000e+00  0.000000000000000e+00 -9.552691970782234e-12  6.358700024855501e-12 
 8.609937521847227e+08  1.000000000000000e+00  0.000000000000000e+00 -9.553580149201935e-12  6.155241247252086e-12 
 8.709635899562042e+08  1.000000000000000e+00  0.000000000000000e+00 -9.591993865853965e-12  6.031021168584338e-12 
 8.810488730081391e+08  1.000000000000000e+00  0.000000000000000e+00 -9.558465130510285e-12  6.014406854493171e-12 
 8.912509381338720e+08  1.000000000000000e+00  0.000000000000000e+00 -9.561129665769386e-12  6.008121951339707e-12 
 9.015711376060849e+08  1.000000000000000e+00  0.000000000000000e+00 -9.528156041938018e-12  5.866474840632296e-12 
 9.120108393560393e+08  1.000000000000000e+00  0.000000000000000e+00 -9.565570557867886e-12  5.932190502710988e-12 
 9.225714271548942e+08  1.000000000000000e+00  0.000000000000000e+00 -9.566458736287586e-12  5.742413489162601e-12 
 9.332543007971237e+08  1.000000000000000e+00  0.000000000000000e+00 -9.568901226941762e-12  5.676378637964330e-12 
 9.440608762860576e+08  1.000000000000000e+00  0.000000000000000e+00 -9.570677583781162e-12  5.611108799818965e-12 
 9.549925860215718e+08  1.000000000000000e+00  0.000000000000000e+00 -9.571454739898400e-12  5.429200491957609e-12 
 9.660508789899508e+08  1.000000000000000e+00  0.000000000000000e+00 -9.573897230552575e-12  5.482833805026122e-12 
 9.772372209559498e+08  1.000000000000000e+00  0.000000000000000e+00 -9.576561765811675e-12  5.534525962525016e-12 
 9.885530946570796e+08  1.000000000000000e+00  0.000000000000000e+00 -9.578338122651076e-12  5.357515646398081e-12 
 1.000000000000142e+09  1.000000000000000e+00  0.000000000000000e+00 -9.579781412583088e-12  5.295951177597402e-12 
 1.011579454260043e+09  1.000000000000000e+00  0.000000000000000e+00 -9.580669591002788e-12  5.235088404442756e-12 
 1.023292992280900e+09  1.000000000000000e+00  0.000000000000000e+00 -9.583223103959426e-12  5.284462971377746e-12 
 1.035142166679491e+09  1.000000000000000e+00  0.000000000000000e+00 -9.584111282379126e-12  5.115470547156775e-12 
 1.047128548051049e+09  1.000000000000000e+00  0.000000000000000e+00 -9.585665594613602e-12  5.056711126216751e-12 
 1.059253725177440e+09  1.000000000000000e+00  0.000000000000000e+00 -9.586997862243152e-12  4.998617839091501e-12 
 1.071519305237759e+09  1.000000000000000e+00  0.000000000000000e+00 -9.612644014111993e-12  4.896669007770083e-12 
 1.083926914021358e+09  1.000000000000000e+00  0.000000000000000e+00 -9.589995464409640e-12  4.884453085052254e-12 
 1.096478196143342e+09  1.000000000000000e+00  0.000000000000000e+00 -9.590994665131802e-12  4.726134414378969e-12 
 1.109174815262559e+09  1.000000000000000e+00  0.000000000000000e+00 -9.593548178088440e-12  4.873932854532192e-12 
 1.122018454302124e+09  1.000000000000000e+00  0.000000000000000e+00 -9.594658401113065e-12  4.718090501620864e-12 
 1.135010815672477e+09  1.000000000000000e+00  0.000000000000000e+00 -9.595546579532765e-12  4.565182433469150e-12 
 1.148153621497047e+09  1.000000000000000e+00  0.000000000000000e+00 -9.597433958674628e-12  4.610363306400966e-12 
 1.161448613840509e+09  1.000000000000000e+00  0.000000000000000e+00 -9.598655204001716e-12  4.605676083568877e-12 
 1.174897554939698e+09  1.000000000000000e+00  0.000000000000000e+00 -9.599543382421416e-12  4.552809518276746e-12 
 1.188502227437189e+09  1.000000000000000e+00  0.000000000000000e+00 -9.601541783865741e-12  4.547679073596544e-12 
 1.202264434617585e+09  1.000000000000000e+00  0.000000000000000e+00 -9.620970686796682e-12  4.408778897513344e-12 
 1.216186000646542e+09  1.000000000000000e+00  0.000000000000000e+00 -9.603207118402679e-12  4.351758536857986e-12 
 1.230268770812558e+09  1.000000000000000e+00  0.000000000000000e+00 -9.604872452939617e-12  4.438408841844765e-12 
 1.244514611771564e+09  1.000000000000000e+00  0.000000000000000e+00 -9.605316542149467e-12  4.252445617858314e-12 
 1.258925411794348e+09  1.000000000000000e+00  0.000000000000000e+00 -9.589995464409640e-12  4.286578036971633e-12 
 1.273503081016845e+09  1.000000000000000e+00  0.000000000000000e+00 -9.591327732039190e-12  4.149456819813047e-12 
 1.288249551693319e+09  1.000000000000000e+00  0.000000000000000e+00 -9.608536188920880e-12  4.107728913960162e-12 
 1.303166778452487e+09  1.000000000000000e+00  0.000000000000000e+00 -9.610090501155355e-12  4.060597344479611e-12 
 1.318256738556597e+09  1.000000000000000e+00  0.000000000000000e+00 -9.610312545760280e-12  3.971529702329057e-12 
 1.333521432163516e+09  1.000000000000000e+00  0.000000000000000e+00 -9.596989869464778e-12  4.046396898105264e-12 
 1.348962882591848e+09  1.000000000000000e+00  0.000000000000000e+00 -9.613088103321843e-12  3.963965440612061e-12 
 1.364583136589121e+09  1.000000000000000e+00  0.000000000000000e+00 -9.613310147926768e-12  3.918496603583232e-12 
 1.380384264603084e+09  1.000000000000000e+00  0.000000000000000e+00 -9.614198326346468e-12  3.832973868855838e-12 
 1.396368361056139e+09  1.000000000000000e+00  0.000000000000000e+00 -9.615308549371093e-12  3.829117578568741e-12 
 1.412537544622958e+09  1.000000000000000e+00  0.000000000000000e+00 -9.616196727790793e-12  3.745550744560511e-12 
 1.428893958511309e+09  1.000000000000000e+00  0.000000000000000e+00 -9.630740649413383e-12  3.825211414981711e-12 
 1.445439770746136e+09  1.000000000000000e+00  0.000000000000000e+00 -9.604650408334692e-12  3.655162977844739e-12 
 1.462177174456929e+09  1.000000000000000e+00  0.000000000000000e+00 -9.618972285352356e-12  3.618159157697809e-12 
 1.479108388168421e+09  1.000000000000000e+00  0.000000000000000e+00 -9.607092898988867e-12  3.571847678740525e-12 
 1.496235656094650e+09  1.000000000000000e+00  0.000000000000000e+00 -9.619638419167131e-12  3.498227749143545e-12 
 1.513561248436427e+09  1.000000000000000e+00  0.000000000000000e+00 -9.620748642191757e-12  3.495108716333739e-12 
 1.531087461682252e+09  1.000000000000000e+00  0.000000000000000e+00 -9.622302954426232e-12  3.528179050998892e-12 
 1.548816618912706e+09  1.000000000000000e+00  0.000000000000000e+00 -9.622302954426232e-12  3.415419422975186e-12 
 1.566751070108376e+09  1.000000000000000e+00  0.000000000000000e+00 -9.623080110543469e-12  3.376262377313699e-12 
 1.584893192461343e+09  1.000000000000000e+00  0.000000000000000e+00 -9.623413177450857e-12  3.302231318252913e-12 
 1.603245390690274e+09  1.000000000000000e+00  0.000000000000000e+00 -9.613532192531693e-12  3.260050215891930e-12 
 1.621810097359165e+09  1.000000000000000e+00  0.000000000000000e+00 -9.624745445080407e-12  3.261474857546576e-12 
 1.640589773199777e+09  1.000000000000000e+00  0.000000000000000e+00 -9.615419571673556e-12  3.185766320884520e-12 
 1.659586907437801e+09  1.000000000000000e+00  0.000000000000000e+00 -9.626410779617345e-12  3.153392044014103e-12 
 1.678804018122804e+09  1.000000000000000e+00  0.000000000000000e+00 -9.626743846524732e-12  3.150598705536911e-12 
 1.698243652461991e+09  1.000000000000000e+00  0.000000000000000e+00 -9.627743047246895e-12  3.147450616108882e-12 
 1.717908387157838e+09  1.000000000000000e+00  0.000000000000000e+00 -9.628187136456745e-12  3.111376174064207e-12 
 1.737800828749628e+09  1.000000000000000e+00  0.000000000000000e+00 -9.628631225666595e-12  3.043504250704876e-12 
 1.757923613958948e+09  1.000000000000000e+00  0.000000000000000e+00 -9.628631225666595e-12  2.976773775392738e-12 
 1.778279410039181e+09  1.000000000000000e+00  0.000000000000000e+00 -9.629630426388758e-12  2.974135260985777e-12 
 1.798870915129050e+09  1.000000000000000e+00  0.000000000000000e+00 -9.630074515598608e-12  2.940050546768047e-12 
 1.819700858610248e+09  1.000000000000000e+00  0.000000000000000e+00 -9.631073716320770e-12  2.937116695689301e-12 
 1.840772001469224e+09  1.000000000000000e+00  0.000000000000000e+00 -9.631517805530621e-12  2.873052490359740e-12 
 1.862087136663139e+09  1.000000000000000e+00  0.000000000000000e+00 -9.631961894740471e-12  2.900261628080436e-12 
 1.883649089490075e+09  1.000000000000000e+00  0.000000000000000e+00 -9.632294961647858e-12  2.807584026376375e-12 
 1.905460717963525e+09  1.000000000000000e+00  0.000000000000000e+00 -9.632850073160171e-12  2.746038639533932e-12 
 1.927524913191217e+09  1.000000000000000e+00  0.000000000000000e+00 -9.633072117765096e-12  2.714576827211879e-12 
 1.949844599758330e+09  1.000000000000000e+00  0.000000000000000e+00 -9.633849273882333e-12  2.712182041453293e-12 
 1.972422736115142e+09  1.000000000000000e+00  0.000000000000000e+00 -9.641176745844859e-12  2.684420394305498e-12 
 1.995262314969171e+09  1.000000000000000e+00  0.000000000000000e+00 -9.634182340789721e-12  2.650390757558130e-12 
 2.018366363681856e+09  1.000000000000000e+00  0.000000000000000e+00 -9.634959496906959e-12  2.564557941009404e-12 
 2.041737944669828e+09  1.000000000000000e+00  0.000000000000000e+00 -9.634959496906959e-12  2.590005900721115e-12 
 2.065380155810831e+09  1.000000000000000e+00  0.000000000000000e+00 -9.635847675326659e-12  2.587425065869731e-12 
 2.089296130854345e+09  1.000000000000000e+00  0.000000000000000e+00 -9.636180742234046e-12  2.531002317451847e-12 
 2.113489039836956e+09  1.000000000000000e+00  0.000000000000000e+00 -9.636846876048821e-12  2.502003812465681e-12 
 2.137962089502545e+09  1.000000000000000e+00  0.000000000000000e+00 -9.631406783228158e-12  2.496514713706821e-12 
 2.162718523727337e+09  1.000000000000000e+00  0.000000000000000e+00 -9.637401987561134e-12  2.496769718057790e-12 
 2.187761623949873e+09  1.000000000000000e+00  0.000000000000000e+00 -9.638068121375909e-12  2.417001494781079e-12 
 2.213094709605962e+09  1.000000000000000e+00  0.000000000000000e+00 -9.638179143678371e-12  2.414604106937279e-12 
 2.238721138568667e+09  1.000000000000000e+00  0.000000000000000e+00 -9.638290165980834e-12  2.336943139003012e-12 
 2.264644307593391e+09  1.000000000000000e+00  0.000000000000000e+00 -9.638845277493147e-12  2.334890961130931e-12 
 2.290867652768109e+09  1.000000000000000e+00  0.000000000000000e+00 -9.639067322098072e-12  2.308148030344404e-12 
 2.317394649968818e+09  1.000000000000000e+00  0.000000000000000e+00 -9.639067322098072e-12  2.257560458018837e-12 
 2.344228815320266e+09  1.000000000000000e+00  0.000000000000000e+00 -9.644729459523660e-12  2.234393225997167e-12 
 2.371373705662003e+09  1.000000000000000e+00  0.000000000000000e+00 -9.640066522820234e-12  2.229736794506776e-12 
 2.398832919019843e+09  1.000000000000000e+00  0.000000000000000e+00 -9.640288567425159e-12  2.180870501550247e-12 
 2.426610095082772e+09  1.000000000000000e+00  0.000000000000000e+00 -9.640732656635009e-12  2.225089036633765e-12 
 2.454708915685391e+09  1.000000000000000e+00  0.000000000000000e+00 -9.641398790449784e-12  2.154005706439532e-12 
 2.483133105295935e+09  1.000000000000000e+00  0.000000000000000e+00 -9.641287768147322e-12  2.106795640721693e-12 
 2.511886431509949e+09  1.000000000000000e+00  0.000000000000000e+00 -9.641287768147322e-12  2.082665637170855e-12 
 2.540972705549678e+09  1.000000000000000e+00  0.000000000000000e+00 -9.637735054468521e-12  2.078387375398227e-12 
 2.570395782769242e+09  1.000000000000000e+00  0.000000000000000e+00 -9.642286968869485e-12  2.057013413769848e-12 
 2.600159563165655e+09  1.000000000000000e+00  0.000000000000000e+00 -9.642286968869485e-12  2.011937491608329e-12 
 2.630267991895769e+09  1.000000000000000e+00  0.000000000000000e+00 -9.642620035776872e-12  2.010175012556736e-12 
 2.660725059799201e+09  1.000000000000000e+00  0.000000000000000e+00 -9.642842080381797e-12  1.987149160498358e-12 
 2.691534803927312e+09  1.000000000000000e+00  0.000000000000000e+00 -9.642620035776872e-12  1.964397828430053e-12 
 2.722701308078314e+09  1.000000000000000e+00  0.000000000000000e+00 -9.643175147289185e-12  1.983017916540319e-12 
 2.754228703338573e+09  1.000000000000000e+00  0.000000000000000e+00 -9.643397191894110e-12  1.919662779431563e-12 
 2.786121168630181e+09  1.000000000000000e+00  0.000000000000000e+00 -9.643286169591647e-12  1.897684266671806e-12 
 2.818382931264870e+09  1.000000000000000e+00  0.000000000000000e+00 -9.643952303406422e-12  1.875956421454328e-12 
 2.851018267504330e+09  1.000000000000000e+00  0.000000000000000e+00 -9.643952303406422e-12  1.795589718578405e-12 
 2.884031503127032e+09  1.000000000000000e+00  0.000000000000000e+00 -9.644396392616272e-12  1.852647809469365e-12 
 2.917427014001598e+09  1.000000000000000e+00  0.000000000000000e+00 -9.644618437221197e-12  1.812253038607770e-12 
 2.951209226666822e+09  1.000000000000000e+00  0.000000000000000e+00 -9.644396392616272e-12  1.791503794271176e-12 
 2.985382618918401e+09  1.000000000000000e+00  0.000000000000000e+00 -9.641953901962097e-12  1.806433475026736e-12 
 3.019951720402463e+09  1.000000000000000e+00  0.000000000000000e+00 -9.647616039387685e-12  1.715675344848844e-12 
 3.054921113215965e+09  1.000000000000000e+00  0.000000000000000e+00 -9.645173548733510e-12  1.712353132551914e-12 
 3.090295432514048e+09  1.000000000000000e+00  0.000000000000000e+00 -9.645284571035972e-12  1.674641762067219e-12 
 3.126079367124418e+09  1.000000000000000e+00  0.000000000000000e+00 -9.642509013474410e-12  1.689326413131798e-12 
 3.162277660168848e+09  1.000000000000000e+00  0.000000000000000e+00 -9.645617637943360e-12  1.671908054709514e-12 
 3.198895109691872e+09  1.000000000000000e+00  0.000000000000000e+00 -9.648615240109848e-12  1.637173686550031e-12 
 3.235936569296762e+09  1.000000000000000e+00  0.000000000000000e+00 -9.645950704850748e-12  1.581964160363158e-12 
 3.273406948788867e+09  1.000000000000000e+00  0.000000000000000e+00 -9.646394794060598e-12  1.598045480666332e-12 
 3.311311214826402e+09  1.000000000000000e+00  0.000000000000000e+00 -9.646394794060598e-12  1.613554342222434e-12 
 3.349654391578774e+09  1.000000000000000e+00  0.000000000000000e+00 -9.646616838665523e-12  1.544963375982311e-12 
 3.388441561392529e+09  1.000000000000000e+00  0.000000000000000e+00 -9.647060927875373e-12  1.593342211642090e-12 
 3.427677865465013e+09  1.000000000000000e+00  0.000000000000000e+00 -9.647060927875373e-12  1.542446942739972e-12 
 3.467368504525832e+09  1.000000000000000e+00  0.000000000000000e+00 -9.647282972480298e-12  1.524790493520611e-12 
 3.507518739526202e+09  1.000000000000000e+00  0.000000000000000e+00 -9.647282972480298e-12  1.539247028448099e-12 
 3.548133892336283e+09  1.000000000000000e+00  0.000000000000000e+00 -9.646949905572910e-12  1.521626791581299e-12 
 3.589219346450587e+09  1.000000000000000e+00  0.000000000000000e+00 -9.647282972480298e-12  1.504210601563361e-12 
 3.630780547701555e+09  1.000000000000000e+00  0.000000000000000e+00 -9.645617637943360e-12  1.439098189573440e-12 
 3.672823004981394e+09  1.000000000000000e+00  0.000000000000000e+00 -9.647616039387685e-12  1.409027625479120e-12 
 3.715352290972280e+09  1.000000000000000e+00  0.000000000000000e+00 -9.647838083992610e-12  1.438088580510422e-12 
 3.758374042885003e+09  1.000000000000000e+00  0.000000000000000e+00 -9.648393195504923e-12  1.406736706288658e-12 
 3.801893963206180e+09  1.000000000000000e+00  0.000000000000000e+00 -9.648171150899998e-12  1.405355649561346e-12 
 3.845917820454110e+09  1.000000000000000e+00  0.000000000000000e+00 -9.648282173202460e-12  1.360168054576061e-12 
 3.890451449943388e+09  1.000000000000000e+00  0.000000000000000e+00 -9.648504217807385e-12  1.344598260857865e-12 
 3.935500754558363e+09  1.000000000000000e+00  0.000000000000000e+00 -9.649947507739398e-12  1.344950843404358e-12 
 3.981071705535568e+09  1.000000000000000e+00  0.000000000000000e+00 -9.648615240109848e-12  1.328055504110082e-12 
 4.027170343255193e+09  1.000000000000000e+00  0.000000000000000e+00 -9.648837284714773e-12  1.312857808577483e-12 
 4.073802778041737e+09  1.000000000000000e+00  0.000000000000000e+00 -9.648504217807385e-12  1.297833368552048e-12 
 4.120975190973919e+09  1.000000000000000e+00  0.000000000000000e+00 -9.647393994782760e-12  1.281533689931336e-12 
 4.168693834703979e+09  1.000000000000000e+00  0.000000000000000e+00 -9.646838883270448e-12  1.226599984777144e-12 
 4.216965034286455e+09  1.000000000000000e+00  0.000000000000000e+00 -9.648948307017235e-12  1.227244217708034e-12 
 4.265795188016566e+09  1.000000000000000e+00  0.000000000000000e+00 -9.649281373924623e-12  1.265674414233087e-12 
 4.315190768278299e+09  1.000000000000000e+00  0.000000000000000e+00 -9.650280574646786e-12  1.226629041395366e-12 
 4.365158322402314e+09  1.000000000000000e+00  0.000000000000000e+00 -9.650502619251711e-12  1.212593827432107e-12 
 4.415704473533788e+09  1.000000000000000e+00  0.000000000000000e+00 -9.648948307017235e-12  1.235392213874698e-12 
 4.466835921510302e+09  1.000000000000000e+00  0.000000000000000e+00 -9.649281373924623e-12  1.183673385002360e-12 
 4.518559443749902e+09  1.000000000000000e+00  0.000000000000000e+00 -9.649503418529548e-12  1.170129097782802e-12 
 4.570881896149437e+09  1.000000000000000e+00  0.000000000000000e+00 -9.649392396227086e-12  1.144496173180465e-12 
 4.623810213993298e+09  1.000000000000000e+00  0.000000000000000e+00 -9.648393195504923e-12  1.118015836160113e-12 
 4.677351412872684e+09  1.000000000000000e+00  0.000000000000000e+00 -9.651501819973873e-12  1.131685673991245e-12 
 4.731512589615516e+09  1.000000000000000e+00  0.000000000000000e+00 -9.649281373924623e-12  1.117486094978637e-12 
 4.786300923227103e+09  1.000000000000000e+00  0.000000000000000e+00 -9.650058530041861e-12  1.104700749279819e-12 
 4.841723675841722e+09  1.000000000000000e+00  0.000000000000000e+00 -9.649725463134473e-12  1.080503525194287e-12 
 4.897788193685199e+09  1.000000000000000e+00  0.000000000000000e+00 -9.650058530041861e-12  1.068141452023608e-12 
 4.954501908048648e+09  1.000000000000000e+00  0.000000000000000e+00 -9.650058530041861e-12  1.067215109687436e-12 
 5.011872336273478e+09  1.000000000000000e+00  0.000000000000000e+00 -9.650058530041861e-12  1.066172974559243e-12 
 5.069907082747808e+09  1.000000000000000e+00  0.000000000000000e+00 -9.650391596949248e-12  1.020863515249770e-12 
 5.128613839914422e+09  1.000000000000000e+00  0.000000000000000e+00 -9.650613641554173e-12  1.052827746858553e-12 
 5.188000389290394e+09  1.000000000000000e+00  0.000000000000000e+00 -9.650835686159098e-12  1.008425547927017e-12 
 5.248074602498518e+09  1.000000000000000e+00  0.000000000000000e+00 -9.650280574646786e-12  1.007556451465552e-12 
 5.308844442310685e+09  1.000000000000000e+00  0.000000000000000e+00 -9.650502619251711e-12  9.960270455633413e-13 
 5.370317963703339e+09  1.000000000000000e+00  0.000000000000000e+00 -9.649725463134473e-12  9.835376870576118e-13 
 5.432503314925153e+09  1.000000000000000e+00  0.000000000000000e+00 -9.650502619251711e-12  9.836732123291725e-13 
 5.495408738577076e+09  1.000000000000000e+00  0.000000000000000e+00 -9.650613641554173e-12  9.418741828137733e-13 
 5.559042572704876e+09  1.000000000000000e+00  0.000000000000000e+00 -9.650946708461561e-12  9.713623135010341e-13 
 5.623413251904341e+09  1.000000000000000e+00  0.000000000000000e+00 -9.650613641554173e-12  9.403515292827347e-13 
 5.688529308439275e+09  1.000000000000000e+00  0.000000000000000e+00 -9.650169552344323e-12  9.383985559094365e-13 
 5.754399373372440e+09  1.000000000000000e+00  0.000000000000000e+00 -9.651057730764023e-12  9.189628225048097e-13 
 5.821032177709596e+09  1.000000000000000e+00  0.000000000000000e+00 -9.651057730764023e-12  9.180661873081641e-13 
 5.888436553556782e+09  1.000000000000000e+00  0.000000000000000e+00 -9.650835686159098e-12  9.075661229485110e-13 
 5.956621435291007e+09  1.000000000000000e+00  0.000000000000000e+00 -9.650613641554173e-12  8.868076628934518e-13 
 6.025595860744491e+09  1.000000000000000e+00  0.000000000000000e+00 -9.650502619251711e-12  8.766688546976709e-13 
 6.095368972402616e+09  1.000000000000000e+00  0.000000000000000e+00 -9.651390797671411e-12  8.676040571739541e-13 
 6.165950018615757e+09  1.000000000000000e+00  0.000000000000000e+00 -9.650946708461561e-12  8.667575121176774e-13 
 6.237348354825139e+09  1.000000000000000e+00  0.000000000000000e+00 -9.651279775368948e-12  8.568451937557287e-13 
 6.309573444802891e+09  1.000000000000000e+00  0.000000000000000e+00 -9.651279775368948e-12  8.470470418825427e-13 
 6.382634861906457e+09  1.000000000000000e+00  0.000000000000000e+00 -9.650724663856636e-12  8.189095018415471e-13 
 6.456542290347537e+09  1.000000000000000e+00  0.000000000000000e+00 -9.651945909183723e-12  8.200291574250729e-13 
 6.531305526475718e+09  1.000000000000000e+00  0.000000000000000e+00 -9.651612842276336e-12  8.097539565959933e-13 
 6.606934480076966e+09  1.000000000000000e+00  0.000000000000000e+00 -9.651501819973873e-12  7.920267089747690e-13 
 6.683439175687164e+09  1.000000000000000e+00  0.000000000000000e+00 -9.650946708461561e-12  7.904697946550798e-13 
 6.760829753920848e+09  1.000000000000000e+00  0.000000000000000e+00 -9.652167953788648e-12  7.914376619344576e-13 
 6.839116472815336e+09  1.000000000000000e+00  0.000000000000000e+00 -9.651501819973873e-12  7.651732979868653e-13 
 6.918309709190420e+09  1.000000000000000e+00  0.000000000000000e+00 -9.651501819973873e-12  7.645120430818664e-13 
 6.998419960023803e+09  1.000000000000000e+00  0.000000000000000e+00 -9.651834886881261e-12  7.717642714136219e-13 
 7.079457843842460e+09  1.000000000000000e+00  0.000000000000000e+00 -9.651834886881261e-12  7.629424435967591e-13 
 7.161434102130114e+09  1.000000000000000e+00  0.000000000000000e+00 -9.650946708461561e-12  7.299644829567020e-13 
 7.244359600751007e+09  1.000000000000000e+00  0.000000000000000e+00 -9.652278976091111e-12  7.464066257428792e-13 
 7.328245331390161e+09  1.000000000000000e+00  0.000000000000000e+00 -9.650724663856636e-12  7.049415304966056e-13 
 7.413102413010308e+09  1.000000000000000e+00  0.000000000000000e+00 -9.651612842276336e-12  7.060080601736796e-13 
 7.498942093325705e+09  1.000000000000000e+00  0.000000000000000e+00 -9.651612842276336e-12  7.203253835422196e-13 
 7.585775750292997e+09  1.000000000000000e+00  0.000000000000000e+00 -9.651834886881261e-12  6.973400806450925e-13 
 7.673614893619363e+09  1.000000000000000e+00  0.000000000000000e+00 -9.651945909183723e-12  6.893722788794965e-13 
 7.762471166288105e+09  1.000000000000000e+00  0.000000000000000e+00 -9.651168753066486e-12  6.663224659531064e-13 
 7.852356346101920e+09  1.000000000000000e+00  0.000000000000000e+00 -9.652167953788648e-12  6.737047985455602e-13 
 7.943282347244032e+09  1.000000000000000e+00  0.000000000000000e+00 -9.651945909183723e-12  6.800967124534485e-13 
 8.035261221857404e+09  1.000000000000000e+00  0.000000000000000e+00 -9.651834886881261e-12  6.576715083986273e-13 
 8.128305161642239e+09  1.000000000000000e+00  0.000000000000000e+00 -9.652056931486186e-12  6.501558189389578e-13 
 8.222426499471972e+09  1.000000000000000e+00  0.000000000000000e+00 -9.652389998393573e-12  6.305369637873981e-13 
 8.317637711027987e+09  1.000000000000000e+00  0.000000000000000e+00 -9.652167953788648e-12  6.428140355077550e-13 
 8.413951416453242e+09  1.000000000000000e+00  0.000000000000000e+00 -9.651834886881261e-12  6.414280998706667e-13 
 8.511380382025071e+09  1.000000000000000e+00  0.000000000000000e+00 -9.652278976091111e-12  6.216360976321611e-13 
 8.609937521847328e+09  1.000000000000000e+00  0.000000000000000e+00 -9.652612042998499e-12  6.080377087241962e-13 
 8.709635899562143e+09  1.000000000000000e+00  0.000000000000000e+00 -9.651945909183723e-12  6.010929601285575e-13 
 8.810488730081493e+09  1.000000000000000e+00  0.000000000000000e+00 -9.652167953788648e-12  6.069301962050022e-13 
 8.912509381338823e+09  1.000000000000000e+00  0.000000000000000e+00 -9.652389998393573e-12  5.811623968524082e-13 
 9.015711376060953e+09  1.000000000000000e+00  0.000000000000000e+00 -9.652501020696036e-12  5.820236870582307e-13 
 9.120108393560499e+09  1.000000000000000e+00  0.000000000000000e+00 -9.652945109905886e-12  5.815116183721658e-13 
 9.225714271549049e+09  1.000000000000000e+00  0.000000000000000e+00 -9.652167953788648e-12  5.608497607306751e-13 
 9.332543007971346e+09  1.000000000000000e+00  0.000000000000000e+00 -9.652389998393573e-12  5.730566845704721e-13 
 9.440608762860687e+09  1.000000000000000e+00  0.000000000000000e+00 -9.651834886881261e-12  5.658978060457676e-13 
 9.549925860215830e+09  1.000000000000000e+00  0.000000000000000e+00 -9.652389998393573e-12  5.600458248197770e-13 
 9.660508789899622e+09  1.000000000000000e+00  0.000000000000000e+00 -9.652501020696036e-12  5.536528267097163e-13 
 9.772372209559612e+09  1.000000000000000e+00  0.000000000000000e+00 -9.652612042998499e-12  5.524604211604167e-13 
 9.885530946570911e+09  1.000000000000000e+00  0.000000000000000e+00 -9.652501020696036e-12  5.360122068420736e-13 
 1.000000000000154e+10  1.000000000000000e+00  0.000000000000000e+00 -9.652167953788648e-12  5.231357881607668e-13 
 1.011579454260054e+10  1.000000000000000e+00  0.000000000000000e+00 -9.652723065300961e-12  5.238457237433103e-13 
 1.023292992280912e+10  1.000000000000000e+00  0.000000000000000e+00 -9.653167154510811e-12  5.288052981611280e-13 
 1.035142166679503e+10  1.000000000000000e+00  0.000000000000000e+00 -9.652389998393573e-12  5.330188330640584e-13 
 1.047128548051061e+10  1.000000000000000e+00  0.000000000000000e+00 -9.652723065300961e-12  5.002182478994199e-13 
 1.059253725177452e+10  1.000000000000000e+00  0.000000000000000e+00 -9.652278976091111e-12  4.892283409982379e-13 
 1.071519305237772e+10  1.000000000000000e+00  0.000000000000000e+00 -9.652389998393573e-12  4.930057013671774e-13 
 1.083926914021371e+10  1.000000000000000e+00  0.000000000000000e+00 -9.652501020696036e-12  5.091030678625041e-13 
 1.096478196143354e+10  1.000000000000000e+00  0.000000000000000e+00 -9.652834087603424e-12  4.828817467411595e-13 
 1.109174815262572e+10  1.000000000000000e+00  0.000000000000000e+00 -9.652612042998499e-12  4.723302911985305e-13 
 1.122018454302137e+10  1.000000000000000e+00  0.000000000000000e+00 -9.652834087603424e-12  4.574863708348142e-13 
 1.135010815672491e+10  1.000000000000000e+00  0.000000000000000e+00 -9.652834087603424e-12  4.522707620739641e-13 
 1.148153621497061e+10  1.000000000000000e+00  0.000000000000000e+00 -9.652501020696036e-12  4.514812460519602e-13 
 1.161448613840523e+10  1.000000000000000e+00  0.000000000000000e+00 -9.652723065300961e-12  4.516508694818455e-13 
 1.174897554939712e+10  1.000000000000000e+00  0.000000000000000e+00 -9.652723065300961e-12  4.598008172124191e-13 
 1.188502227437203e+10  1.000000000000000e+00  0.000000000000000e+00 -9.652501020696036e-12  4.451432169920444e-13 
 1.202264434617599e+10  1.000000000000000e+00  0.000000000000000e+00 -9.652278976091111e-12  4.442400765823640e-13 
 1.216186000646557e+10  1.000000000000000e+00  0.000000000000000e+00 -9.652278976091111e-12  4.304529280761693e-13 
 1.230268770812573e+10  1.000000000000000e+00  0.000000000000000e+00 -9.652167953788648e-12  4.159798590655517e-13 
 1.244514611771579e+10  1.000000000000000e+00  0.000000000000000e+00 -9.652612042998499e-12  4.351199847478504e-13 
 1.258925411794363e+10  1.000000000000000e+00  0.000000000000000e+00 -9.652501020696036e-12  4.296997870370522e-13 
 1.273503081016860e+10  1.000000000000000e+00  0.000000000000000e+00 -9.652167953788648e-12  4.243481651136638e-13 
 1.288249551693334e+10  1.000000000000000e+00  0.000000000000000e+00 -9.653167154510811e-12  4.329946232291271e-13 
 1.303166778452502e+10  1.000000000000000e+00  0.000000000000000e+00 -9.652612042998499e-12  4.022991250025865e-13 
 1.318256738556612e+10  1.000000000000000e+00  0.000000000000000e+00 -9.652723065300961e-12  3.896686575841080e-13 
 1.333521432163532e+10  1.000000000000000e+00  0.000000000000000e+00 -9.652278976091111e-12  4.095383429082722e-13 
 1.348962882591864e+10  1.000000000000000e+00  0.000000000000000e+00 -9.652501020696036e-12  3.887120660073240e-13 
 1.364583136589137e+10  1.000000000000000e+00  0.000000000000000e+00 -9.652278976091111e-12  3.879624486252675e-13 
 1.380384264603100e+10  1.000000000000000e+00  0.000000000000000e+00 -9.652389998393573e-12  3.835463305464082e-13 
 1.396368361056156e+10  1.000000000000000e+00  0.000000000000000e+00 -9.652612042998499e-12  3.755893708025371e-13 
 1.412537544622975e+10  1.000000000000000e+00  0.000000000000000e+00 -9.652834087603424e-12  3.831983016490403e-13 
 1.428893958511326e+10  1.000000000000000e+00  0.000000000000000e+00 -9.652834087603424e-12  3.788370442001088e-13 
 1.445439770746154e+10  1.000000000000000e+00  0.000000000000000e+00 -9.653167154510811e-12  3.594441367812951e-13 
 1.462177174456947e+10  1.000000000000000e+00  0.000000000000000e+00 -9.653056132208349e-12  3.664390839375198e-13 
 1.479108388168439e+10  1.000000000000000e+00  0.000000000000000e+00 -9.652723065300961e-12  3.622711397359424e-13 
 1.496235656094668e+10  1.000000000000000e+00  0.000000000000000e+00 -9.652945109905886e-12  3.589263760338246e-13 
 1.513561248436445e+10  1.000000000000000e+00  0.000000000000000e+00 -9.652834087603424e-12  3.507645562894623e-13 
 1.531087461682270e+10  1.000000000000000e+00  0.000000000000000e+00 -9.652501020696036e-12  3.387100712751168e-13 
 1.548816618912724e+10  1.000000000000000e+00  0.000000000000000e+00 -9.653278176813274e-12  3.500610174997365e-13 
 1.566751070108395e+10  1.000000000000000e+00  0.000000000000000e+00 -9.652945109905886e-12  3.321660438024288e-13 
 1.584893192461362e+10  1.000000000000000e+00  0.000000000000000e+00 -9.653167154510811e-12  3.315556379793194e-13 
 1.603245390690293e+10  1.000000000000000e+00  0.000000000000000e+00 -9.653056132208349e-12  3.344088244164323e-13 
 1.621810097359185e+10  1.000000000000000e+00  0.000000000000000e+00 -9.652945109905886e-12  3.199020367182503e-13 
 1.640589773199797e+10  1.000000000000000e+00  0.000000000000000e+00 -9.653389199115736e-12  3.302659794951479e-13 
 1.659586907437822e+10  1.000000000000000e+00  0.000000000000000e+00 -9.652278976091111e-12  3.194222230468169e-13 
 1.678804018122825e+10  1.000000000000000e+00  0.000000000000000e+00 -9.652389998393573e-12  3.191288921490509e-13 
 1.698243652462012e+10  1.000000000000000e+00  0.000000000000000e+00 -9.653278176813274e-12  3.158467953325028e-13 
 1.717908387157859e+10  1.000000000000000e+00  0.000000000000000e+00 -9.653389199115736e-12  2.956403568135646e-13 
 1.737800828749649e+10  1.000000000000000e+00  0.000000000000000e+00 -9.653056132208349e-12  2.961735132318843e-13 
 1.757923613958970e+10  1.000000000000000e+00  0.000000000000000e+00 -9.653056132208349e-12  3.020334633438426e-13 
 1.778279410039203e+10  1.000000000000000e+00  0.000000000000000e+00 -9.653056132208349e-12  2.954620597662994e-13 
 1.798870915129072e+10  1.000000000000000e+00  0.000000000000000e+00 -9.652945109905886e-12  2.955448928122772e-13 
 1.819700858610271e+10  1.000000000000000e+00  0.000000000000000e+00 -9.653056132208349e-12  2.952691259897056e-13 
 1.840772001469247e+10  1.000000000000000e+00  0.000000000000000e+00 -9.653167154510811e-12  2.919220854630256e-13 
 1.862087136663162e+10  1.000000000000000e+00  0.000000000000000e+00 -9.652723065300961e-12  2.759724415136999e-13 
 1.883649089490099e+10  1.000000000000000e+00  0.000000000000000e+00 -9.653167154510811e-12  2.790953774513272e-13 
 1.905460717963549e+10  1.000000000000000e+00  0.000000000000000e+00 -9.653167154510811e-12  2.788712728622744e-13 
 1.927524913191241e+10  1.000000000000000e+00  0.000000000000000e+00 -9.652612042998499e-12  2.812193295072263e-13 
 1.949844599758354e+10  1.000000000000000e+00  0.000000000000000e+00 -9.652612042998499e-12  2.783326954330922e-13 
 1.972422736115166e+10  1.000000000000000e+00  0.000000000000000e+00 -9.652945109905886e-12  2.666702037142088e-13 
 1.995262314969196e+10  1.000000000000000e+00  0.000000000000000e+00 -9.652834087603424e-12  2.636543327411145e-13 
 2.018366363681881e+10  1.000000000000000e+00  0.000000000000000e+00 -9.652612042998499e-12  2.631581476168765e-13 
 2.041737944669853e+10  1.000000000000000e+00  0.000000000000000e+00 -9.653278176813274e-12  2.582928445779564e-13 
 2.065380155810857e+10  1.000000000000000e+00  0.000000000000000e+00 -9.653056132208349e-12  2.548123929739521e-13 
 2.089296130854371e+10  1.000000000000000e+00  0.000000000000000e+00 -9.652945109905886e-12  2.575662664920653e-13 
 2.113489039836982e+10  1.000000000000000e+00  0.000000000000000e+00 -9.653056132208349e-12  2.493608618203691e-13 
 2.137962089502571e+10  1.000000000000000e+00  0.000000000000000e+00 -9.652945109905886e-12  2.570134318043149e-13 
 2.162718523727364e+10  1.000000000000000e+00  0.000000000000000e+00 -9.652945109905886e-12  2.383195095261026e-13 
 2.187761623949900e+10  1.000000000000000e+00  0.000000000000000e+00 -9.653389199115736e-12  2.404809207670611e-13 
 2.213094709605989e+10  1.000000000000000e+00  0.000000000000000e+00 -9.653167154510811e-12  2.458761276177834e-13 
 2.238721138568695e+10  1.000000000000000e+00  0.000000000000000e+00 -9.652945109905886e-12  2.403434981416985e-13 
 2.264644307593420e+10  1.000000000000000e+00  0.000000000000000e+00 -9.653056132208349e-12  2.326910907880786e-13 
 2.290867652768137e+10  1.000000000000000e+00  0.000000000000000e+00 -9.653056132208349e-12  2.300691104642483e-13 
 2.317394649968847e+10  1.000000000000000e+00  0.000000000000000e+00 -9.652945109905886e-12  2.342210626837815e-13 
 2.344228815320295e+10  1.000000000000000e+00  0.000000000000000e+00 -9.652945109905886e-12  2.294424145034973e-13 
 2.371373705662033e+10  1.000000000000000e+00  0.000000000000000e+00 -9.653056132208349e-12  2.271023809546219e-13 
 2.398832919019873e+10  1.000000000000000e+00  0.000000000000000e+00 -9.652945109905886e-12  2.222129273123097e-13 
 2.426610095082802e+10  1.000000000000000e+00  0.000000000000000e+00 -9.653056132208349e-12  2.197129197328840e-13 
 2.454708915685422e+10  1.000000000000000e+00  0.000000000000000e+00 -9.653611243720661e-12  2.197575888623904e-13 
 2.483133105295966e+10  1.000000000000000e+00  0.000000000000000e+00 -9.652834087603424e-12  2.170531007532339e-13 
 2.511886431509981e+10  1.000000000000000e+00  0.000000000000000e+00 -9.653056132208349e-12  2.103893502556492e-13 
 2.540972705549710e+10  1.000000000000000e+00  0.000000000000000e+00 -9.653389199115736e-12  2.106840364061308e-13 
 2.570395782769274e+10  1.000000000000000e+00  0.000000000000000e+00 -9.653056132208349e-12  2.119965173460331e-13 
 2.600159563165687e+10  1.000000000000000e+00  0.000000000000000e+00 -9.652945109905886e-12  2.010086704289787e-13 
 2.630267991895802e+10  1.000000000000000e+00  0.000000000000000e+00 -9.653167154510811e-12  2.051368786209345e-13 
 2.660725059799235e+10  1.000000000000000e+00  0.000000000000000e+00 -9.653611243720661e-12  2.007335812327649e-13 
 2.691534803927346e+10  1.000000000000000e+00  0.000000000000000e+00 -9.653389199115736e-12  1.989146423530402e-13 
 2.722701308078348e+10  1.000000000000000e+00  0.000000000000000e+00 -9.652945109905886e-12  1.983164609094257e-13 
 2.754228703338607e+10  1.000000000000000e+00  0.000000000000000e+00 -9.653167154510811e-12  1.920319914368307e-13 
 2.786121168630217e+10  1.000000000000000e+00  0.000000000000000e+00 -9.653167154510811e-12  1.878757295136618e-13 
 2.818382931264906e+10  1.000000000000000e+00  0.000000000000000e+00 -9.653056132208349e-12  1.917317758552695e-13 
 2.851018267504366e+10  1.000000000000000e+00  0.000000000000000e+00 -9.653500221418199e-12  1.874224245853456e-13 
 2.884031503127068e+10  1.000000000000000e+00  0.000000000000000e+00 -9.653278176813274e-12  1.857303373598018e-13 
 2.917427014001635e+10  1.000000000000000e+00  0.000000000000000e+00 -9.653056132208349e-12  1.834581477618696e-13 
 2.951209226666859e+10  1.000000000000000e+00  0.000000000000000e+00 -9.653167154510811e-12  1.816073333382739e-13 
 2.985382618918439e+10  1.000000000000000e+00  0.000000000000000e+00 -9.652612042998499e-12  1.795823960457771e-13 
 3.019951720402501e+10  1.000000000000000e+00  0.000000000000000e+00 -9.652723065300961e-12  1.775805522595542e-13 
 3.054921113216004e+10  1.000000000000000e+00  0.000000000000000e+00 -9.653278176813274e-12  1.772449916871699e-13 
 3.090295432514087e+10  1.000000000000000e+00  0.000000000000000e+00 -9.652834087603424e-12  1.807032442516926e-13 
 3.126079367124458e+10  1.000000000000000e+00  0.000000000000000e+00 -9.653278176813274e-12  1.697414452918322e-13 
 3.162277660168888e+10  1.000000000000000e+00  0.000000000000000e+00 -9.653389199115736e-12  1.699907575813953e-13 
 3.198895109691913e+10  1.000000000000000e+00  0.000000000000000e+00 -9.652834087603424e-12  1.679215035250980e-13 
 3.235936569296804e+10  1.000000000000000e+00  0.000000000000000e+00 -9.653167154510811e-12  1.708868777820088e-13 
 3.273406948788909e+10  1.000000000000000e+00  0.000000000000000e+00 -9.653389199115736e-12  1.623287550385488e-13 
 3.311311214826445e+10  1.000000000000000e+00  0.000000000000000e+00 -9.653167154510811e-12  1.623946203205273e-13 
 3.349654391578817e+10  1.000000000000000e+00  0.000000000000000e+00 -9.652834087603424e-12  1.604235678760030e-13 
 3.388441561392572e+10  1.000000000000000e+00  0.000000000000000e+00 -9.652723065300961e-12  1.604700259390940e-13 
 3.427677865465057e+10  1.000000000000000e+00  0.000000000000000e+00 -9.652278976091111e-12  1.601581822892328e-13 
 3.467368504525876e+10  1.000000000000000e+00  0.000000000000000e+00 -9.653611243720661e-12  1.585535630739543e-13 
 3.507518739526246e+10  1.000000000000000e+00  0.000000000000000e+00 -9.652945109905886e-12  1.536112274706791e-13 
 3.548133892336327e+10  1.000000000000000e+00  0.000000000000000e+00 -9.652834087603424e-12  1.533306088433856e-13 
 3.589219346450632e+10  1.000000000000000e+00  0.000000000000000e+00 -9.653389199115736e-12  1.500808754616861e-13 
 3.630780547701600e+10  1.000000000000000e+00  0.000000000000000e+00 -9.653056132208349e-12  1.502878767614679e-13 
 3.672823004981440e+10  1.000000000000000e+00  0.000000000000000e+00 -9.653056132208349e-12  1.439053954124803e-13 
 3.715352290972326e+10  1.000000000000000e+00  0.000000000000000e+00 -9.653167154510811e-12  1.483491335416837e-13 
 3.758374042885049e+10  1.000000000000000e+00  0.000000000000000e+00 -9.653056132208349e-12  1.450756019222982e-13 
 3.801893963206227e+10  1.000000000000000e+00  0.000000000000000e+00 -9.653722266023124e-12  1.434830715612428e-13 
 3.845917820454158e+10  1.000000000000000e+00  0.000000000000000e+00 -9.653056132208349e-12  1.432145959982811e-13 
 3.890451449943436e+10  1.000000000000000e+00  0.000000000000000e+00 -9.653056132208349e-12  1.405041447771760e-13 
 3.935500754558412e+10  1.000000000000000e+00  0.000000000000000e+00 -9.653056132208349e-12  1.386721683663272e-13 
 3.981071705535618e+10  1.000000000000000e+00  0.000000000000000e+00 -9.652723065300961e-12  1.356055567315606e-13 
 4.027170343255244e+10  1.000000000000000e+00  0.000000000000000e+00 -9.653056132208349e-12  1.385813393293273e-13 
 4.073802778041788e+10  1.000000000000000e+00  0.000000000000000e+00 -9.652723065300961e-12  1.343207229470567e-13 
 4.120975190973971e+10  1.000000000000000e+00  0.000000000000000e+00 -9.653389199115736e-12  1.344957131776958e-13 
 4.168693834704031e+10  1.000000000000000e+00  0.000000000000000e+00 -9.653278176813274e-12  1.273844040233091e-13 
 4.216965034286507e+10  1.000000000000000e+00  0.000000000000000e+00 -9.653167154510811e-12  1.273290826074580e-13 
 4.265795188016620e+10  1.000000000000000e+00  0.000000000000000e+00 -9.653500221418199e-12  1.272597207734733e-13 
 4.315190768278354e+10  1.000000000000000e+00  0.000000000000000e+00 -9.653389199115736e-12  1.257464726962809e-13 
 4.365158322402370e+10  1.000000000000000e+00  0.000000000000000e+00 -9.653278176813274e-12  1.259322507385363e-13 
 4.415704473533843e+10  1.000000000000000e+00  0.000000000000000e+00 -9.653056132208349e-12  1.258373017332809e-13 
 4.466835921510358e+10  1.000000000000000e+00  0.000000000000000e+00 -9.653167154510811e-12  1.221011952570045e-13 
 4.518559443749959e+10  1.000000000000000e+00  0.000000000000000e+00 -9.653278176813274e-12  1.230049590829341e-13 
 4.570881896149494e+10  1.000000000000000e+00  0.000000000000000e+00 -9.653167154510811e-12  1.193573641615139e-13 
 4.623810213993356e+10  1.000000000000000e+00  0.000000000000000e+00 -9.653167154510811e-12  1.207449667594424e-13 
 4.677351412872743e+10  1.000000000000000e+00  0.000000000000000e+00 -9.652945109905886e-12  1.168066430254702e-13 
 4.731512589615575e+10  1.000000000000000e+00  0.000000000000000e+00 -9.653167154510811e-12  1.179194003726736e-13 
 4.786300923227163e+10  1.000000000000000e+00  0.000000000000000e+00 -9.652945109905886e-12  1.156075831853370e-13 
 4.841723675841782e+10  1.000000000000000e+00  0.000000000000000e+00 -9.652723065300961e-12  1.118208715726599e-13 
 4.897788193685260e+10  1.000000000000000e+00  0.000000000000000e+00 -9.653056132208349e-12  1.141742137032026e-13 
 4.954501908048710e+10  1.000000000000000e+00  0.000000000000000e+00 -9.653167154510811e-12  1.093346062557704e-13 
 5.011872336273540e+10  1.000000000000000e+00  0.000000000000000e+00 -9.653278176813274e-12  1.094049303191832e-13 
 5.069907082747871e+10  1.000000000000000e+00  0.000000000000000e+00 -9.653611243720661e-12  1.072539816291893e-13 
 5.128613839914486e+10  1.000000000000000e+00  0.000000000000000e+00 -9.653167154510811e-12  1.105950861489749e-13 
 5.188000389290459e+10  1.000000000000000e+00  0.000000000000000e+00 -9.653278176813274e-12  1.059638081489858e-13 
 5.248074602498584e+10  1.000000000000000e+00  0.000000000000000e+00 -9.652945109905886e-12  1.060216096773064e-13 
 5.308844442310752e+10  1.000000000000000e+00  0.000000000000000e+00 -9.653389199115736e-12  1.058480560145458e-13 
 5.370317963703407e+10  1.000000000000000e+00  0.000000000000000e+00 -9.653167154510811e-12  1.047327372397100e-13 
 5.432503314925222e+10  1.000000000000000e+00  0.000000000000000e+00 -9.653278176813274e-12  1.007544064455732e-13 
 5.495408738577146e+10  1.000000000000000e+00  0.000000000000000e+00 -9.653056132208349e-12  1.038779793519767e-13 
 5.559042572704947e+10  1.000000000000000e+00  0.000000000000000e+00 -9.653056132208349e-12  1.046977039570116e-13 
 5.623413251904413e+10  1.000000000000000e+00  0.000000000000000e+00 -9.652945109905886e-12  1.005122769954028e-13 
 5.688529308439348e+10  1.000000000000000e+00  0.000000000000000e+00 -9.653278176813274e-12  1.013293724101694e-13 
 5.754399373372514e+10  1.000000000000000e+00  0.000000000000000e+00 -9.652945109905886e-12  9.638325565181766e-14 
 5.821032177709669e+10  1.000000000000000e+00  0.000000000000000e+00 -9.653500221418199e-12  9.432363744232841e-14 
 5.888436553556857e+10  1.000000000000000e+00  0.000000000000000e+00 -9.653278176813274e-12  9.459474219555841e-14 
 5.956621435291083e+10  1.000000000000000e+00  0.000000000000000e+00 -9.653167154510811e-12  9.455842142278015e-14 
 6.025595860744567e+10  1.000000000000000e+00  0.000000000000000e+00 -9.653500221418199e-12  9.534522693935288e-14 
 6.095368972402693e+10  1.000000000000000e+00  0.000000000000000e+00 -9.653056132208349e-12  9.059658405419224e-14 
 6.165950018615836e+10  1.000000000000000e+00  0.000000000000000e+00 -9.652834087603424e-12  9.229863238719577e-14 
 6.237348354825218e+10  1.000000000000000e+00  0.000000000000000e+00 -9.652945109905886e-12  9.252941837213646e-14 
 6.309573444802971e+10  1.000000000000000e+00  0.000000000000000e+00 -9.653500221418199e-12  9.042155316597161e-14 
 6.382634861906538e+10  1.000000000000000e+00  0.000000000000000e+00 -9.653722266023124e-12  8.968243899246109e-14 
 6.456542290347619e+10  1.000000000000000e+00  0.000000000000000e+00 -9.653167154510811e-12  9.241759647057174e-14 
 6.531305526475800e+10  1.000000000000000e+00  0.000000000000000e+00 -9.652945109905886e-12  8.692768456008276e-14 
 6.606934480077050e+10  1.000000000000000e+00  0.000000000000000e+00 -9.652389998393573e-12  8.961391741516000e-14 
 6.683439175687249e+10  1.000000000000000e+00  0.000000000000000e+00 -9.653389199115736e-12  8.703363821738891e-14 
 6.760829753920934e+10  1.000000000000000e+00  0.000000000000000e+00 -9.652945109905886e-12  8.441805468637625e-14 
 6.839116472815422e+10  1.000000000000000e+00  0.000000000000000e+00 -9.652945109905886e-12  8.529521490149850e-14 
 6.918309709190508e+10  1.000000000000000e+00  0.000000000000000e+00 -9.652834087603424e-12  8.371784981833080e-14 
 6.998419960023891e+10  1.000000000000000e+00  0.000000000000000e+00 -9.653944310628049e-12  8.423634240226768e-14 
 7.079457843842549e+10  1.000000000000000e+00  0.000000000000000e+00 -9.652723065300961e-12  8.364443577872638e-14 
 7.161434102130205e+10  1.000000000000000e+00  0.000000000000000e+00 -9.653500221418199e-12  8.187253772076047e-14 
 7.244359600751100e+10  1.000000000000000e+00  0.000000000000000e+00 -9.653278176813274e-12  7.960042943799123e-14 
 7.328245331390254e+10  1.000000000000000e+00  0.000000000000000e+00 -9.653056132208349e-12  8.187507204333866e-14 
 7.413102413010403e+10  1.000000000000000e+00  0.000000000000000e+00 -9.653167154510811e-12  7.857219920266029e-14 
 7.498942093325801e+10  1.000000000000000e+00  0.000000000000000e+00 -9.652723065300961e-12  7.878515006186360e-14 
 7.585775750293095e+10  1.000000000000000e+00  0.000000000000000e+00 -9.653167154510811e-12  7.794330773251007e-14 
 7.673614893619463e+10  1.000000000000000e+00  0.000000000000000e+00 -9.653389199115736e-12  7.814425105265310e-14 
 7.762471166288206e+10  1.000000000000000e+00  0.000000000000000e+00 -9.653278176813274e-12  7.579824083930181e-14 
 7.852356346102022e+10  1.000000000000000e+00  0.000000000000000e+00 -9.653500221418199e-12  7.435901666543593e-14 
 7.943282347244135e+10  1.000000000000000e+00  0.000000000000000e+00 -9.653056132208349e-12  7.583652672851771e-14 
 8.035261221857507e+10  1.000000000000000e+00  0.000000000000000e+00 -9.653278176813274e-12  7.489674028540727e-14 
 8.128305161642343e+10  1.000000000000000e+00  0.000000000000000e+00 -9.653167154510811e-12  7.363928260575858e-14 
 8.222426499472078e+10  1.000000000000000e+00  0.000000000000000e+00 -9.653500221418199e-12  7.566602238436720e-14 
 8.317637711028093e+10  1.000000000000000e+00  0.000000000000000e+00 -9.653167154510811e-12  7.293100043152811e-14 
 8.413951416453351e+10  1.000000000000000e+00  0.000000000000000e+00 -9.653389199115736e-12  7.158207674610312e-14 
 8.511380382025182e+10  1.000000000000000e+00  0.000000000000000e+00 -9.653167154510811e-12  7.084767885204291e-14 
 8.609937521847441e+10  1.000000000000000e+00  0.000000000000000e+00 -9.653389199115736e-12  7.227509877475585e-14 
 8.709635899562259e+10  1.000000000000000e+00  0.000000000000000e+00 -9.653056132208349e-12  7.062956447999313e-14 
 8.810488730081610e+10  1.000000000000000e+00  0.000000000000000e+00 -9.653500221418199e-12  7.037319132378178e-14 
 8.912509381338942e+10  1.000000000000000e+00  0.000000000000000e+00 -9.652612042998499e-12  6.897023371258554e-14 
 9.015711376061073e+10  1.000000000000000e+00  0.000000000000000e+00 -9.653167154510811e-12  6.827824167599666e-14 
 9.120108393560620e+10  1.000000000000000e+00  0.000000000000000e+00 -9.653167154510811e-12  7.017794006504430e-14 
 9.225714271549173e+10  1.000000000000000e+00  0.000000000000000e+00 -9.653278176813274e-12  6.510654374566188e-14 
 9.332543007971471e+10  1.000000000000000e+00  0.000000000000000e+00 -9.653167154510811e-12  6.657542762520882e-14 
 9.440608762860812e+10  1.000000000000000e+00  0.000000000000000e+00 -9.653056132208349e-12  6.823116019665648e-14 
 9.549925860215958e+10  1.000000000000000e+00  0.000000000000000e+00 -9.653389199115736e-12  6.539916991201572e-14 
 9.660508789899751e+10  1.000000000000000e+00  0.000000000000000e+00 -9.653167154510811e-12  6.592260239210099e-14 
 9.772372209559744e+10  1.000000000000000e+00  0.000000000000000e+00 -9.653500221418199e-12  6.534325896123336e-14 
 9.885530946571045e+10  1.000000000000000e+00  0.000000000000000e+00 -9.653167154510811e-12  6.262571299216202e-14 
 1.000000000000168e+11  1.000000000000000e+00  0.000000000000000e+00 -9.653500221418199e-12  6.359358704780341e-14 
