 frequency              vavdd_real             vavdd_imag             voutdiff_real          voutdiff_imag         
 1.000000000000000e-02  1.000000000000000e+00  0.000000000000000e+00  9.663874516509805e-09 -1.690417014260178e-13 
 1.011579454259899e-02  1.000000000000000e+00  0.000000000000000e+00  9.663874516726645e-09 -1.709978396196365e-13 
 1.023292992280754e-02  1.000000000000000e+00  0.000000000000000e+00  9.663881622370843e-09 -1.729794179920495e-13 
 1.035142166679344e-02  1.000000000000000e+00  0.000000000000000e+00  9.663881622594460e-09 -1.749833593114369e-13 
 1.047128548050900e-02  1.000000000000000e+00  0.000000000000000e+00  9.663881622824853e-09 -1.770071207369145e-13 
 1.059253725177289e-02  1.000000000000000e+00  0.000000000000000e+00  9.663909092089780e-09 -1.790573353876282e-13 
 1.071519305237607e-02  1.000000000000000e+00  0.000000000000000e+00  9.640183269899903e-09 -1.806776407795872e-13 
 1.083926914021204e-02  1.000000000000000e+00  0.000000000000000e+00  9.687552031563667e-09 -1.836843754088126e-13 
 1.096478196143186e-02  1.000000000000000e+00  0.000000000000000e+00  9.687558660904298e-09 -1.858117616452318e-13 
 1.109174815262402e-02  1.000000000000000e+00  0.000000000000000e+00  9.687552032065110e-09 -1.879639766271481e-13 
 1.122018454301964e-02  1.000000000000000e+00  0.000000000000000e+00  9.687552032329385e-09 -1.901378017753592e-13 
 1.135010815672316e-02  1.000000000000000e+00  0.000000000000000e+00  9.663853679201147e-09 -1.918625867689204e-13 
 1.148153621496884e-02  1.000000000000000e+00  0.000000000000000e+00  9.687544927444128e-09 -1.945689944201715e-13 
 1.161448613840344e-02  1.000000000000000e+00  0.000000000000000e+00  9.640162431791646e-09 -1.958420277916405e-13 
 1.174897554939531e-02  1.000000000000000e+00  0.000000000000000e+00  9.640169061166158e-09 -1.981104480896487e-13 
 1.188502227437020e-02  1.000000000000000e+00  0.000000000000000e+00  9.640196530498848e-09 -2.004033664714264e-13 
 1.202264434617414e-02  1.000000000000000e+00  0.000000000000000e+00  9.640169061762469e-09 -2.027250194483598e-13 
 1.216186000646370e-02  1.000000000000000e+00  0.000000000000000e+00  9.663826211914889e-09 -2.055831200687117e-13 
 1.230268770812383e-02  1.000000000000000e+00  0.000000000000000e+00  9.616519494309980e-09 -2.069283462336375e-13 
 1.244514611771387e-02  1.000000000000000e+00  0.000000000000000e+00  9.663874521531016e-09 -2.103751116284971e-13 
 1.258925411794169e-02  1.000000000000000e+00  0.000000000000000e+00  9.687504202669230e-09 -2.133410145994031e-13 
 1.273503081016664e-02  1.000000000000000e+00  0.000000000000000e+00  9.663826689553380e-09 -2.152779183217063e-13 
 1.288249551693136e-02  1.000000000000000e+00  0.000000000000000e+00  9.663799220864435e-09 -2.177670217118210e-13 
 1.303166778452301e-02  1.000000000000000e+00  0.000000000000000e+00  9.663826690251335e-09 -2.202880005705334e-13 
 1.318256738556409e-02  1.000000000000000e+00  0.000000000000000e+00  9.687510833155050e-09 -2.233904020116703e-13 
 1.333521432163326e-02  1.000000000000000e+00  0.000000000000000e+00  9.687483364486434e-09 -2.259808862599084e-13 
 1.348962882591656e-02  1.000000000000000e+00  0.000000000000000e+00  9.687483364865905e-09 -2.285955031096069e-13 
 1.364583136588927e-02  1.000000000000000e+00  0.000000000000000e+00  9.687435056272994e-09 -2.312417595970560e-13 
 1.380384264602887e-02  1.000000000000000e+00  0.000000000000000e+00  9.687448314852612e-09 -2.339197658547369e-13 
 1.396368361055940e-02  1.000000000000000e+00  0.000000000000000e+00  9.687489995141661e-09 -2.366298767406508e-13 
 1.412537544622757e-02  1.000000000000000e+00  0.000000000000000e+00  9.640093288769988e-09 -2.381795459557539e-13 
 1.428893958511106e-02  1.000000000000000e+00  0.000000000000000e+00  9.663785489836944e-09 -2.415406438643876e-13 
 1.445439770745931e-02  1.000000000000000e+00  0.000000000000000e+00  9.640107500485289e-09 -2.437281724687837e-13 
 1.462177174456722e-02  1.000000000000000e+00  0.000000000000000e+00  9.640107500925746e-09 -2.465493730856149e-13 
 1.479108388168211e-02  1.000000000000000e+00  0.000000000000000e+00  9.640094243199937e-09 -2.494061219778678e-13 
 1.496235656094437e-02  1.000000000000000e+00  0.000000000000000e+00  9.687400961590892e-09 -2.535493968395104e-13 
 1.513561248436212e-02  1.000000000000000e+00  0.000000000000000e+00  9.687428431099764e-09 -2.564880274331828e-13 
 1.531087461682034e-02  1.000000000000000e+00  0.000000000000000e+00  9.687428431587655e-09 -2.594574967660029e-13 
 1.548816618912485e-02  1.000000000000000e+00  0.000000000000000e+00  9.663702609655276e-09 -2.618077301276377e-13 
 1.566751070108153e-02  1.000000000000000e+00  0.000000000000000e+00  9.687386752708070e-09 -2.654995702708341e-13 
 1.584893192461118e-02  1.000000000000000e+00  0.000000000000000e+00  9.711078477532445e-09 -2.692445042448998e-13 
 1.603245390690046e-02  1.000000000000000e+00  0.000000000000000e+00  9.687380601012706e-09 -2.716820786048712e-13 
 1.621810097358934e-02  1.000000000000000e+00  0.000000000000000e+00  9.640066778210832e-09 -2.734676917913677e-13 
 1.640589773199544e-02  1.000000000000000e+00  0.000000000000000e+00  9.663681772387276e-09 -2.773210913361677e-13 
 1.659586907437565e-02  1.000000000000000e+00  0.000000000000000e+00  9.663709241997792e-09 -2.805337399941624e-13 
 1.678804018122565e-02  1.000000000000000e+00  0.000000000000000e+00  9.687359763331353e-09 -2.844887967258683e-13 
 1.698243652461750e-02  1.000000000000000e+00  0.000000000000000e+00  9.687332294899906e-09 -2.877801746238674e-13 
 1.717908387157593e-02  1.000000000000000e+00  0.000000000000000e+00  9.687359764551080e-09 -2.911128733309596e-13 
 1.737800828749381e-02  1.000000000000000e+00  0.000000000000000e+00  9.687290616250714e-09 -2.944846369651413e-13 
 1.757923613958698e-02  1.000000000000000e+00  0.000000000000000e+00  9.687359765818242e-09 -2.978944347592806e-13 
 1.778279410038928e-02  1.000000000000000e+00  0.000000000000000e+00  9.663641049475851e-09 -3.006002107084143e-13 
 1.798870915128794e-02  1.000000000000000e+00  0.000000000000000e+00  9.639956431271455e-09 -3.033185521390304e-13 
 1.819700858609989e-02  1.000000000000000e+00  0.000000000000000e+00  9.663626839983164e-09 -3.075965800213770e-13 
 1.840772001468962e-02  1.000000000000000e+00  0.000000000000000e+00  9.639949803577456e-09 -3.103841994230986e-13 
 1.862087136662874e-02  1.000000000000000e+00  0.000000000000000e+00  9.687298202108383e-09 -3.155459302330082e-13 
 1.883649089489807e-02  1.000000000000000e+00  0.000000000000000e+00  9.663592744027125e-09 -3.184047171394717e-13 
 1.905460717963254e-02  1.000000000000000e+00  0.000000000000000e+00  9.663592744779291e-09 -3.220914918130582e-13 
 1.927524913190943e-02  1.000000000000000e+00  0.000000000000000e+00  9.687256524482405e-09 -3.266306702216633e-13 
 1.949844599758052e-02  1.000000000000000e+00  0.000000000000000e+00  9.663585640917250e-09 -3.295920084625334e-13 
 1.972422736114861e-02  1.000000000000000e+00  0.000000000000000e+00  9.663537332744467e-09 -3.334060714531558e-13 
 1.995262314968887e-02  1.000000000000000e+00  0.000000000000000e+00  9.639839456516107e-09 -3.364269039796413e-13 
 2.018366363681569e-02  1.000000000000000e+00  0.000000000000000e+00  9.639852715542959e-09 -3.403201959357188e-13 
 2.041737944669537e-02  1.000000000000000e+00  0.000000000000000e+00  9.687173645188429e-09 -3.459851115218406e-13 
 2.065380155810538e-02  1.000000000000000e+00  0.000000000000000e+00  9.687187856930834e-09 -3.499900062924257e-13 
 2.089296130854048e-02  1.000000000000000e+00  0.000000000000000e+00  9.663482399018984e-09 -3.531615777451905e-13 
 2.113489039836655e-02  1.000000000000000e+00  0.000000000000000e+00  9.663482399947332e-09 -3.572469927308464e-13 
 2.137962089502241e-02  1.000000000000000e+00  0.000000000000000e+00  9.639811992875479e-09 -3.604892325353114e-13 
 2.162718523727029e-02  1.000000000000000e+00  0.000000000000000e+00  9.639798259327217e-09 -3.646635763040703e-13 
 2.187761623949562e-02  1.000000000000000e+00  0.000000000000000e+00  9.687111607336631e-09 -3.707268277807710e-13 
 2.213094709605647e-02  1.000000000000000e+00  0.000000000000000e+00  9.687111608353070e-09 -3.750211075850148e-13 
 2.238721138568350e-02  1.000000000000000e+00  0.000000000000000e+00  9.639743324321021e-09 -3.774757903718759e-13 
 2.264644307593070e-02  1.000000000000000e+00  0.000000000000000e+00  9.663379635280981e-09 -3.828025542655057e-13 
 2.290867652767783e-02  1.000000000000000e+00  0.000000000000000e+00  9.663386265468645e-09 -3.872349931555181e-13 
 2.317394649968489e-02  1.000000000000000e+00  0.000000000000000e+00  9.663373008400133e-09 -3.917125138124311e-13 
 2.344228815319933e-02  1.000000000000000e+00  0.000000000000000e+00  9.663358798690607e-09 -3.962503825310831e-13 
 2.371373705661666e-02  1.000000000000000e+00  0.000000000000000e+00  9.663351694435543e-09 -4.008396570192139e-13 
 2.398832919019502e-02  1.000000000000000e+00  0.000000000000000e+00  9.663331332020989e-09 -4.054790902739258e-13 
 2.426610095082427e-02  1.000000000000000e+00  0.000000000000000e+00  9.639647667040367e-09 -4.091500769879119e-13 
 2.454708915685042e-02  1.000000000000000e+00  0.000000000000000e+00  9.686947280790011e-09 -4.159524757973123e-13 
 2.483133105295583e-02  1.000000000000000e+00  0.000000000000000e+00  9.663290132230014e-09 -4.197238582328809e-13 
 2.511886431509593e-02  1.000000000000000e+00  0.000000000000000e+00  9.663290133537833e-09 -4.245894381407326e-13 
 2.540972705549318e-02  1.000000000000000e+00  0.000000000000000e+00  9.639551054272668e-09 -4.284304769659933e-13 
 2.570395782768877e-02  1.000000000000000e+00  0.000000000000000e+00  9.639529739366177e-09 -4.333870260435125e-13 
 2.600159563165286e-02  1.000000000000000e+00  0.000000000000000e+00  9.686871509491596e-09 -4.405961299294550e-13 
 2.630267991895396e-02  1.000000000000000e+00  0.000000000000000e+00  9.639516007694940e-09 -4.434804593592884e-13 
 2.660725059798824e-02  1.000000000000000e+00  0.000000000000000e+00  9.663139060888434e-09 -4.497346527360253e-13 
 2.691534803926931e-02  1.000000000000000e+00  0.000000000000000e+00  9.663139062392764e-09 -4.549454007288244e-13 
 2.722701308077928e-02  1.000000000000000e+00  0.000000000000000e+00  9.639440710545240e-09 -4.590644815054989e-13 
 2.754228703338182e-02  1.000000000000000e+00  0.000000000000000e+00  9.639461075724510e-09 -4.643833405055074e-13 
 2.786121168629786e-02  1.000000000000000e+00  0.000000000000000e+00  9.615729102164529e-09 -4.685855596074366e-13 
 2.818382931264470e-02  1.000000000000000e+00  0.000000000000000e+00  9.710424946754773e-09 -4.787571125517850e-13 
 2.851018267503926e-02  1.000000000000000e+00  0.000000000000000e+00  9.686740805911042e-09 -4.830962090744089e-13 
 2.884031503126623e-02  1.000000000000000e+00  0.000000000000000e+00  9.639344577191413e-09 -4.862625262047852e-13 
 2.917427014001184e-02  1.000000000000000e+00  0.000000000000000e+00  9.663042932352530e-09 -4.931193061473646e-13 
 2.951209226666404e-02  1.000000000000000e+00  0.000000000000000e+00  9.686685873154565e-09 -5.000701414936381e-13 
 2.985382618917978e-02  1.000000000000000e+00  0.000000000000000e+00  9.686623831514835e-09 -5.058637653060840e-13 
 3.019951720402035e-02  1.000000000000000e+00  0.000000000000000e+00  9.639220973867927e-09 -5.091667037951245e-13 
 3.054921113215532e-02  1.000000000000000e+00  0.000000000000000e+00  9.710273879763554e-09 -5.189307432278854e-13 
 3.090295432513610e-02  1.000000000000000e+00  0.000000000000000e+00  9.639234712315427e-09 -5.210298309839968e-13 
 3.126079367123975e-02  1.000000000000000e+00  0.000000000000000e+00  9.662878129664974e-09 -5.283739860114990e-13 
 3.162277660168400e-02  1.000000000000000e+00  0.000000000000000e+00  9.686479390842034e-09 -5.358324043327110e-13 
 3.198895109691419e-02  1.000000000000000e+00  0.000000000000000e+00  9.662760675970092e-09 -5.406817496067401e-13 
 3.235936569296304e-02  1.000000000000000e+00  0.000000000000000e+00  9.686451926117204e-09 -5.483052476596958e-13 
 3.273406948788404e-02  1.000000000000000e+00  0.000000000000000e+00  9.639076537843643e-09 -5.519005485404277e-13 
 3.311311214825933e-02  1.000000000000000e+00  0.000000000000000e+00  9.662733213623730e-09 -5.596840275342005e-13 
 3.349654391578299e-02  1.000000000000000e+00  0.000000000000000e+00  9.710026675698339e-09 -5.689789187985644e-13 
 3.388441561392048e-02  1.000000000000000e+00  0.000000000000000e+00  9.662664545760451e-09 -5.727117739868493e-13 
 3.427677865464526e-02  1.000000000000000e+00  0.000000000000000e+00  9.638966671151618e-09 -5.779028176325218e-13 
 3.467368504525339e-02  1.000000000000000e+00  0.000000000000000e+00  9.662609612638056e-09 -5.860458634937957e-13 
 3.507518739525704e-02  1.000000000000000e+00  0.000000000000000e+00  9.686253030522928e-09 -5.943063779405657e-13 
 3.548133892335779e-02  1.000000000000000e+00  0.000000000000000e+00  9.662540468891338e-09 -5.997010388371946e-13 
 3.589219346450077e-02  1.000000000000000e+00  0.000000000000000e+00  9.615151822891968e-09 -6.036138502795938e-13 
 3.630780547701039e-02  1.000000000000000e+00  0.000000000000000e+00  9.662444809035704e-09 -6.136544546500666e-13 
 3.672823004980873e-02  1.000000000000000e+00  0.000000000000000e+00  9.662389397427785e-09 -6.207610042220979e-13 
 3.715352290971752e-02  1.000000000000000e+00  0.000000000000000e+00  9.686087753693433e-09 -6.295137800717965e-13 
 3.758374042884469e-02  1.000000000000000e+00  0.000000000000000e+00  9.638649846290730e-09 -6.336349710126833e-13 
 3.801893963205639e-02  1.000000000000000e+00  0.000000000000000e+00  9.662293740960283e-09 -6.425710721189065e-13 
 3.845917820453564e-02  1.000000000000000e+00  0.000000000000000e+00  9.638574074362122e-09 -6.483848025661894e-13 
 3.890451449942835e-02  1.000000000000000e+00  0.000000000000000e+00  9.638554190243356e-09 -6.558949788372977e-13 
 3.935500754557804e-02  1.000000000000000e+00  0.000000000000000e+00  9.709531795743453e-09 -6.684494119644172e-13 
 3.981071705535003e-02  1.000000000000000e+00  0.000000000000000e+00  9.638430109769271e-09 -6.711564634897484e-13 
 4.027170343254621e-02  1.000000000000000e+00  0.000000000000000e+00  9.685750565584510e-09 -6.823253395009367e-13 
 4.073802778041159e-02  1.000000000000000e+00  0.000000000000000e+00  9.662074008260637e-09 -6.885063866510273e-13 
 4.120975190973334e-02  1.000000000000000e+00  0.000000000000000e+00  9.661977393832753e-09 -6.964743638550138e-13 
 4.168693834703387e-02  1.000000000000000e+00  0.000000000000000e+00  9.661977397444502e-09 -7.045392875218009e-13 
 4.216965034285856e-02  1.000000000000000e+00  0.000000000000000e+00  9.638224109682761e-09 -7.109215469795892e-13 
 4.265795188015960e-02  1.000000000000000e+00  0.000000000000000e+00  9.709242919297089e-09 -7.245359963005960e-13 
 4.315190768277687e-02  1.000000000000000e+00  0.000000000000000e+00  9.685489155367307e-09 -7.310956583388573e-13 
 4.365158322401694e-02  1.000000000000000e+00  0.000000000000000e+00  9.661757660489362e-09 -7.377331689319869e-13 
 4.415704473533161e-02  1.000000000000000e+00  0.000000000000000e+00  9.661709355569185e-09 -7.462602013410442e-13 
 4.466835921509667e-02  1.000000000000000e+00  0.000000000000000e+00  9.661653945316519e-09 -7.549067238409376e-13 
 4.518559443749261e-02  1.000000000000000e+00  0.000000000000000e+00  9.637880294489703e-09 -7.617399568399923e-13 
 4.570881896148788e-02  1.000000000000000e+00  0.000000000000000e+00  9.661509503308793e-09 -7.724719153816139e-13 
 4.623810213992641e-02  1.000000000000000e+00  0.000000000000000e+00  9.637769950802933e-09 -7.794806019416386e-13 
 4.677351412872021e-02  1.000000000000000e+00  0.000000000000000e+00  9.661385901645492e-09 -7.904578604439265e-13 
 4.731512589614845e-02  1.000000000000000e+00  0.000000000000000e+00  9.708699729651536e-09 -8.035814687700829e-13 
 4.786300923226424e-02  1.000000000000000e+00  0.000000000000000e+00  9.661310133057583e-09 -8.088607078106011e-13 
 4.841723675841035e-02  1.000000000000000e+00  0.000000000000000e+00  9.637529377433602e-09 -8.161780734723088e-13 
 4.897788193684505e-02  1.000000000000000e+00  0.000000000000000e+00  9.661172797751152e-09 -8.277019897043577e-13 
 4.954501908047946e-02  1.000000000000000e+00  0.000000000000000e+00  9.613783677833460e-09 -8.330946786206042e-13 
 5.011872336272767e-02  1.000000000000000e+00  0.000000000000000e+00  9.637392523919512e-09 -8.448476048411139e-13 
 5.069907082747089e-02  1.000000000000000e+00  0.000000000000000e+00  9.637316751252292e-09 -8.546337046795401e-13 
 5.128613839913695e-02  1.000000000000000e+00  0.000000000000000e+00  9.684575165664971e-09 -8.688310981717821e-13 
 5.188000389289658e-02  1.000000000000000e+00  0.000000000000000e+00  9.660801516193408e-09 -8.767082857985925e-13 
 5.248074602497774e-02  1.000000000000000e+00  0.000000000000000e+00  9.684472882621553e-09 -8.890592855586603e-13 
 5.308844442309933e-02  1.000000000000000e+00  0.000000000000000e+00  9.684334590635455e-09 -8.993377055000600e-13 
 5.370317963702578e-02  1.000000000000000e+00  0.000000000000000e+00  9.707978488300117e-09 -9.120077634601776e-13 
 5.432503314924383e-02  1.000000000000000e+00  0.000000000000000e+00  9.660492275116652e-09 -9.179851745922382e-13 
 5.495408738576298e-02  1.000000000000000e+00  0.000000000000000e+00  9.636731884509310e-09 -9.262841518274156e-13 
 5.559042572704089e-02  1.000000000000000e+00  0.000000000000000e+00  9.660354942656252e-09 -9.393409739714175e-13 
 5.623413251903545e-02  1.000000000000000e+00  0.000000000000000e+00  9.636553825132714e-09 -9.478476650662262e-13 
 5.688529308438470e-02  1.000000000000000e+00  0.000000000000000e+00  9.660183512667721e-09 -9.612248377641798e-13 
 5.754399373371626e-02  1.000000000000000e+00  0.000000000000000e+00  9.707428193972596e-09 -9.771882418232906e-13 
 5.821032177708772e-02  1.000000000000000e+00  0.000000000000000e+00  9.636313253572645e-09 -9.811484075094913e-13 
 5.888436553555948e-02  1.000000000000000e+00  0.000000000000000e+00  9.636182068369157e-09 -9.924855679354048e-13 
 5.956621435290164e-02  1.000000000000000e+00  0.000000000000000e+00  9.659756342148169e-09 -1.006480499403899e-12 
 6.025595860743638e-02  1.000000000000000e+00  0.000000000000000e+00  9.683413499544415e-09 -1.020670351457409e-12 
 6.095368972401753e-02  1.000000000000000e+00  0.000000000000000e+00  9.683297002041310e-09 -1.032474194452961e-12 
 6.165950018614885e-02  1.000000000000000e+00  0.000000000000000e+00  9.659474569563846e-09 -1.041828569161911e-12 
 6.237348354824256e-02  1.000000000000000e+00  0.000000000000000e+00  9.635749707902555e-09 -1.051247290058806e-12 
 6.309573444801997e-02  1.000000000000000e+00  0.000000000000000e+00  9.635570214790558e-09 -1.063411432702966e-12 
 6.382634861905552e-02  1.000000000000000e+00  0.000000000000000e+00  9.659144489660549e-09 -1.078385763162523e-12 
 6.456542290346622e-02  1.000000000000000e+00  0.000000000000000e+00  9.659055938478103e-09 -1.090860003609143e-12 
 6.531305526474791e-02  1.000000000000000e+00  0.000000000000000e+00  9.658945118535200e-09 -1.103470702085960e-12 
 6.606934480076029e-02  1.000000000000000e+00  0.000000000000000e+00  9.658821516966766e-09 -1.116251101456474e-12 
 6.683439175686216e-02  1.000000000000000e+00  0.000000000000000e+00  9.682437948876606e-09 -1.131983845156218e-12 
 6.760829753919889e-02  1.000000000000000e+00  0.000000000000000e+00  9.658567209025958e-09 -1.142218564944024e-12 
 6.839116472814366e-02  1.000000000000000e+00  0.000000000000000e+00  9.658429873584003e-09 -1.155420087910162e-12 
 6.918309709189439e-02  1.000000000000000e+00  0.000000000000000e+00  9.658333265580017e-09 -1.168792607078587e-12 
 6.998419960022811e-02  1.000000000000000e+00  0.000000000000000e+00  9.658209665109338e-09 -1.182305110769845e-12 
 7.079457843841457e-02  1.000000000000000e+00  0.000000000000000e+00  9.705400364564028e-09 -1.201946941117690e-12 
 7.161434102129099e-02  1.000000000000000e+00  0.000000000000000e+00  9.634264587837977e-09 -1.206811369753911e-12 
 7.244359600749982e-02  1.000000000000000e+00  0.000000000000000e+00  9.634112566389704e-09 -1.220757342109249e-12 
 7.328245331389123e-02  1.000000000000000e+00  0.000000000000000e+00  9.681282426645158e-09 -1.241042316080454e-12 
 7.413102413009259e-02  1.000000000000000e+00  0.000000000000000e+00  9.657509259345407e-09 -1.252275308854426e-12 
 7.498942093324644e-02  1.000000000000000e+00  0.000000000000000e+00  9.681035228461740e-09 -1.269923505038044e-12 
 7.585775750291925e-02  1.000000000000000e+00  0.000000000000000e+00  9.680842480856212e-09 -1.284592565591034e-12 
 7.673614893618277e-02  1.000000000000000e+00  0.000000000000000e+00  9.657020529053005e-09 -1.296221275961767e-12 
 7.762471166287006e-02  1.000000000000000e+00  0.000000000000000e+00  9.680553604436953e-09 -1.314478541075880e-12 
 7.852356346100808e-02  1.000000000000000e+00  0.000000000000000e+00  9.656711765940000e-09 -1.326371812142407e-12 
 7.943282347242907e-02  1.000000000000000e+00  0.000000000000000e+00  9.656553593955105e-09 -1.341696357105724e-12 
 8.035261221856266e-02  1.000000000000000e+00  0.000000000000000e+00  9.656319167910448e-09 -1.357202974613468e-12 
 8.128305161641088e-02  1.000000000000000e+00  0.000000000000000e+00  9.679818146382903e-09 -1.376326415348128e-12 
 8.222426499470809e-02  1.000000000000000e+00  0.000000000000000e+00  9.679687920698338e-09 -1.392230997554941e-12 
 8.317637711026808e-02  1.000000000000000e+00  0.000000000000000e+00  9.655810556636691e-09 -1.404831468790518e-12 
 8.413951416452051e-02  1.000000000000000e+00  0.000000000000000e+00  9.584592853203468e-09 -1.410445211494899e-12 
 8.511380382023866e-02  1.000000000000000e+00  0.000000000000000e+00  9.679110162486243e-09 -1.441062091868749e-12 
 8.609937521846109e-02  1.000000000000000e+00  0.000000000000000e+00  9.678862956598213e-09 -1.457718381551121e-12 
 8.709635899560911e-02  1.000000000000000e+00  0.000000000000000e+00  9.655027273808173e-09 -1.470916599285511e-12 
 8.810488730080247e-02  1.000000000000000e+00  0.000000000000000e+00  9.631129547894401e-09 -1.484220303148108e-12 
 8.912509381337563e-02  1.000000000000000e+00  0.000000000000000e+00  9.630937281173194e-09 -1.501345615222756e-12 
 9.015711376059679e-02  1.000000000000000e+00  0.000000000000000e+00  9.701715035354799e-09 -1.530122102093629e-12 
 9.120108393559209e-02  1.000000000000000e+00  0.000000000000000e+00  9.654195687882293e-09 -1.540101014986602e-12 
 9.225714271547746e-02  1.000000000000000e+00  0.000000000000000e+00  9.653934749767373e-09 -1.557883495376385e-12 
 9.332543007970026e-02  1.000000000000000e+00  0.000000000000000e+00  9.677329532880620e-09 -1.579820278177876e-12 
 9.440608762859351e-02  1.000000000000000e+00  0.000000000000000e+00  9.677130162751382e-09 -1.598069360080215e-12 
 9.549925860214478e-02  1.000000000000000e+00  0.000000000000000e+00  9.700519270310201e-09 -1.620545411092726e-12 
 9.660508789898255e-02  1.000000000000000e+00  0.000000000000000e+00  9.676566609593520e-09 -1.635201131647729e-12 
 9.772372209558230e-02  1.000000000000000e+00  0.000000000000000e+00  9.676373869875563e-09 -1.654086315586705e-12 
 9.885530946569514e-02  1.000000000000000e+00  0.000000000000000e+00  9.652428791838484e-09 -1.669070597502179e-12 
 1.000000000000013e-01  1.000000000000000e+00  0.000000000000000e+00  9.675851999351337e-09 -1.692535370493000e-12 
 1.011579454259911e-01  1.000000000000000e+00  0.000000000000000e+00  9.675521915883725e-09 -1.712090188881721e-12 
 1.023292992280767e-01  1.000000000000000e+00  0.000000000000000e+00  9.651541312166755e-09 -1.727545201979180e-12 
 1.035142166679357e-01  1.000000000000000e+00  0.000000000000000e+00  9.651294113136304e-09 -1.747493244025041e-12 
 1.047128548050913e-01  1.000000000000000e+00  0.000000000000000e+00  9.627335303062071e-09 -1.763266604026632e-12 
 1.059253725177303e-01  1.000000000000000e+00  0.000000000000000e+00  9.650703098709507e-09 -1.788079262624297e-12 
 1.071519305237620e-01  1.000000000000000e+00  0.000000000000000e+00  9.650366388747294e-09 -1.808731791752973e-12 
 1.083926914021218e-01  1.000000000000000e+00  0.000000000000000e+00  9.650056672044598e-09 -1.829616774608289e-12 
 1.096478196143199e-01  1.000000000000000e+00  0.000000000000000e+00  9.649740803158646e-09 -1.850757663765696e-12 
 1.109174815262416e-01  1.000000000000000e+00  0.000000000000000e+00  9.625719476028807e-09 -1.867444465143162e-12 
 1.122018454301978e-01  1.000000000000000e+00  0.000000000000000e+00  9.649066910915097e-09 -1.893722619084921e-12 
 1.135010815672330e-01  1.000000000000000e+00  0.000000000000000e+00  9.672386877376718e-09 -1.920354982213920e-12 
 1.148153621496898e-01  1.000000000000000e+00  0.000000000000000e+00  9.648338083041936e-09 -1.937679644094892e-12 
 1.161448613840358e-01  1.000000000000000e+00  0.000000000000000e+00  9.647959697371429e-09 -1.960046007345053e-12 
 1.174897554939545e-01  1.000000000000000e+00  0.000000000000000e+00  9.647658043040032e-09 -1.982662893777933e-12 
 1.188502227437035e-01  1.000000000000000e+00  0.000000000000000e+00  9.623595039815651e-09 -2.000545261778718e-12 
 1.202264434617429e-01  1.000000000000000e+00  0.000000000000000e+00  9.717899717252159e-09 -2.043860233273572e-12 
 1.216186000646385e-01  1.000000000000000e+00  0.000000000000000e+00  9.670132209271939e-09 -2.057198507283751e-12 
 1.230268770812399e-01  1.000000000000000e+00  0.000000000000000e+00  9.646063055395739e-09 -2.075750711281800e-12 
 1.244514611771402e-01  1.000000000000000e+00  0.000000000000000e+00  9.645643470327281e-09 -2.099708098444921e-12 
 1.258925411794185e-01  1.000000000000000e+00  0.000000000000000e+00  9.692551920216454e-09 -2.134516065985405e-12 
 1.273503081016679e-01  1.000000000000000e+00  0.000000000000000e+00  9.644770680680194e-09 -2.148431116519575e-12 
 1.288249551693152e-01  1.000000000000000e+00  0.000000000000000e+00  9.691665397603864e-09 -2.184047050252982e-12 
 1.303166778452318e-01  1.000000000000000e+00  0.000000000000000e+00  9.643869472467862e-09 -2.198221964433790e-12 
 1.318256738556426e-01  1.000000000000000e+00  0.000000000000000e+00  9.690730092893392e-09 -2.234702199945725e-12 
 1.333521432163343e-01  1.000000000000000e+00  0.000000000000000e+00  9.666564326561201e-09 -2.254854624821360e-12 
 1.348962882591673e-01  1.000000000000000e+00  0.000000000000000e+00  9.666096914488884e-09 -2.280841086874106e-12 
 1.364583136588944e-01  1.000000000000000e+00  0.000000000000000e+00  9.665567459807831e-09 -2.307109287874332e-12 
 1.380384264602905e-01  1.000000000000000e+00  0.000000000000000e+00  9.688729253979624e-09 -2.339524829053270e-12 
 1.396368361055958e-01  1.000000000000000e+00  0.000000000000000e+00  9.640879825018175e-09 -2.354682506090759e-12 
 1.412537544622775e-01  1.000000000000000e+00  0.000000000000000e+00  9.687685036397214e-09 -2.393727380052543e-12 
 1.428893958511124e-01  1.000000000000000e+00  0.000000000000000e+00  9.639779718609482e-09 -2.409284377412394e-12 
 1.445439770745949e-01  1.000000000000000e+00  0.000000000000000e+00  9.662893207637482e-09 -2.443126283064671e-12 
 1.462177174456740e-01  1.000000000000000e+00  0.000000000000000e+00  9.685986810398640e-09 -2.477426880688782e-12 
 1.479108388168229e-01  1.000000000000000e+00  0.000000000000000e+00  9.661738645487387e-09 -2.499731344438754e-12 
 1.496235656094456e-01  1.000000000000000e+00  0.000000000000000e+00  9.684804304983981e-09 -2.534821180509525e-12 
 1.513561248436231e-01  1.000000000000000e+00  0.000000000000000e+00  9.684206186627380e-09 -2.564028200436733e-12 
 1.531087461682053e-01  1.000000000000000e+00  0.000000000000000e+00  9.659868512437773e-09 -2.587073728521228e-12 
 1.548816618912505e-01  1.000000000000000e+00  0.000000000000000e+00  9.635531315724027e-09 -2.610333235842333e-12 
 1.566751070108173e-01  1.000000000000000e+00  0.000000000000000e+00  9.634891997224086e-09 -2.640367989090944e-12 
 1.584893192461138e-01  1.000000000000000e+00  0.000000000000000e+00  9.681518194288360e-09 -2.684090955273311e-12 
 1.603245390690066e-01  1.000000000000000e+00  0.000000000000000e+00  9.633468913222373e-09 -2.701473003934244e-12 
 1.621810097358955e-01  1.000000000000000e+00  0.000000000000000e+00  9.632773707637650e-09 -2.732562108524615e-12 
 1.640589773199564e-01  1.000000000000000e+00  0.000000000000000e+00  9.703119101766005e-09 -2.784737117949186e-12 
 1.659586907437586e-01  1.000000000000000e+00  0.000000000000000e+00  9.678658301789760e-09 -2.809754126931293e-12 
 1.678804018122586e-01  1.000000000000000e+00  0.000000000000000e+00  9.677901532955963e-09 -2.842041344120882e-12 
 1.698243652461771e-01  1.000000000000000e+00  0.000000000000000e+00  9.653440735676671e-09 -2.867563399528579e-12 
 1.717908387157615e-01  1.000000000000000e+00  0.000000000000000e+00  9.652615773351927e-09 -2.900508693793778e-12 
 1.737800828749403e-01  1.000000000000000e+00  0.000000000000000e+00  9.651824910581418e-09 -2.933890215347238e-12 
 1.757923613958720e-01  1.000000000000000e+00  0.000000000000000e+00  9.698341719879648e-09 -2.982383572879040e-12 
 1.778279410038951e-01  1.000000000000000e+00  0.000000000000000e+00  9.697516761945923e-09 -3.016670654742519e-12 
 1.798870915128817e-01  1.000000000000000e+00  0.000000000000000e+00  9.696623132964075e-09 -3.051323991018648e-12 
 1.819700858610012e-01  1.000000000000000e+00  0.000000000000000e+00  9.695750345485392e-09 -3.086401254632322e-12 
 1.840772001468985e-01  1.000000000000000e+00  0.000000000000000e+00  9.671116686393074e-09 -3.114070078218754e-12 
 1.862087136662897e-01  1.000000000000000e+00  0.000000000000000e+00  9.693831903083926e-09 -3.157626445163407e-12 
 1.883649089489831e-01  1.000000000000000e+00  0.000000000000000e+00  9.669212458166692e-09 -3.185902838322829e-12 
 1.905460717963278e-01  1.000000000000000e+00  0.000000000000000e+00  9.691906838314604e-09 -3.230539291786286e-12 
 1.927524913190967e-01  1.000000000000000e+00  0.000000000000000e+00  9.690902866818279e-09 -3.267606268536179e-12 
 1.949844599758077e-01  1.000000000000000e+00  0.000000000000000e+00  9.666194390986244e-09 -3.296859524914865e-12 
 1.972422736114886e-01  1.000000000000000e+00  0.000000000000000e+00  9.617801774452778e-09 -3.318048549379712e-12 
 1.995262314968912e-01  1.000000000000000e+00  0.000000000000000e+00  9.664097897319369e-09 -3.372914086301691e-12 
 2.018366363681594e-01  1.000000000000000e+00  0.000000000000000e+00  9.662963693545174e-09 -3.411544591586860e-12 
 2.041737944669563e-01  1.000000000000000e+00  0.000000000000000e+00  9.685492794342821e-09 -3.459245193327984e-12 
 2.065380155810564e-01  1.000000000000000e+00  0.000000000000000e+00  9.684372329070337e-09 -3.498901346509726e-12 
 2.089296130854074e-01  1.000000000000000e+00  0.000000000000000e+00  9.659533625202372e-09 -3.530175069461604e-12 
 2.113489039836682e-01  1.000000000000000e+00  0.000000000000000e+00  9.658344015200612e-09 -3.570560864328293e-12 
 2.137962089502268e-01  1.000000000000000e+00  0.000000000000000e+00  9.657051636642925e-09 -3.611382074681573e-12 
 2.162718523727057e-01  1.000000000000000e+00  0.000000000000000e+00  9.703162119845338e-09 -3.671049882076897e-12 
 2.187761623949590e-01  1.000000000000000e+00  0.000000000000000e+00  9.678178497808383e-09 -3.703802323821107e-12 
 2.213094709605676e-01  1.000000000000000e+00  0.000000000000000e+00  9.653174514481734e-09 -3.736864878700398e-12 
 2.238721138568378e-01  1.000000000000000e+00  0.000000000000000e+00  9.675511349567837e-09 -3.788973598611832e-12 
 2.264644307593099e-01  1.000000000000000e+00  0.000000000000000e+00  9.674164044542045e-09 -3.832331609776412e-12 
 2.290867652767813e-01  1.000000000000000e+00  0.000000000000000e+00  9.672761327603403e-09 -3.876192721824546e-12 
 2.317394649968519e-01  1.000000000000000e+00  0.000000000000000e+00  9.671235002543679e-09 -3.920364751331719e-12 
 2.344228815319963e-01  1.000000000000000e+00  0.000000000000000e+00  9.669771676257364e-09 -3.965198130942452e-12 
 2.371373705661697e-01  1.000000000000000e+00  0.000000000000000e+00  9.691957444379353e-09 -4.020455728578422e-12 
 2.398832919019533e-01  1.000000000000000e+00  0.000000000000000e+00  9.643041525951178e-09 -4.046142918148001e-12 
 2.426610095082458e-01  1.000000000000000e+00  0.000000000000000e+00  9.641432328231440e-09 -4.092300074690317e-12 
 2.454708915685074e-01  1.000000000000000e+00  0.000000000000000e+00  9.687152120238095e-09 -4.159644651072971e-12 
 2.483133105295615e-01  1.000000000000000e+00  0.000000000000000e+00  9.661789636836930e-09 -4.196563361627294e-12 
 2.511886431509625e-01  1.000000000000000e+00  0.000000000000000e+00  9.683783135981216e-09 -4.255008822618874e-12 
 2.540972705549351e-01  1.000000000000000e+00  0.000000000000000e+00  9.634689159775643e-09 -4.282115154031703e-12 
 2.570395782768911e-01  1.000000000000000e+00  0.000000000000000e+00  9.680249826085738e-09 -4.352605212701444e-12 
 2.600159563165320e-01  1.000000000000000e+00  0.000000000000000e+00  9.678427523326471e-09 -4.402065050297650e-12 
 2.630267991895430e-01  1.000000000000000e+00  0.000000000000000e+00  9.676530874838793e-09 -4.452172346365915e-12 
 2.660725059798859e-01  1.000000000000000e+00  0.000000000000000e+00  9.650962869009938e-09 -4.491641335203634e-12 
 2.691534803926965e-01  1.000000000000000e+00  0.000000000000000e+00  9.649010336568111e-09 -4.542730838911717e-12 
 2.722701308077963e-01  1.000000000000000e+00  0.000000000000000e+00  9.646982505953367e-09 -4.594318168380684e-12 
 2.754228703338217e-01  1.000000000000000e+00  0.000000000000000e+00  9.668639297812066e-09 -4.658107555643984e-12 
 2.786121168629822e-01  1.000000000000000e+00  0.000000000000000e+00  9.666528114682979e-09 -4.710999038263143e-12 
 2.818382931264506e-01  1.000000000000000e+00  0.000000000000000e+00  9.688102506871636e-09 -4.776330829814404e-12 
 2.851018267503962e-01  1.000000000000000e+00  0.000000000000000e+00  9.662162738221245e-09 -4.818455210984651e-12 
 2.884031503126660e-01  1.000000000000000e+00  0.000000000000000e+00  9.636265129734560e-09 -4.861043666432159e-12 
 2.917427014001222e-01  1.000000000000000e+00  0.000000000000000e+00  9.657653879589193e-09 -4.928374858039885e-12 
 2.951209226666441e-01  1.000000000000000e+00  0.000000000000000e+00  9.631577254192434e-09 -4.971834103233894e-12 
 2.985382618918016e-01  1.000000000000000e+00  0.000000000000000e+00  9.700175636016275e-09 -5.065781654262463e-12 
 3.019951720402074e-01  1.000000000000000e+00  0.000000000000000e+00  9.697769903515587e-09 -5.123172825255996e-12 
 3.054921113215572e-01  1.000000000000000e+00  0.000000000000000e+00  9.647885061544396e-09 -5.155424967717829e-12 
 3.090295432513650e-01  1.000000000000000e+00  0.000000000000000e+00  9.645258156699759e-09 -5.213643372607582e-12 
 3.126079367124016e-01  1.000000000000000e+00  0.000000000000000e+00  9.666323933460810e-09 -5.285739322365511e-12 
 3.162277660168441e-01  1.000000000000000e+00  0.000000000000000e+00  9.663663892524646e-09 -5.345437138894077e-12 
 3.198895109691461e-01  1.000000000000000e+00  0.000000000000000e+00  9.613496797172903e-09 -5.378831601000006e-12 
 3.235936569296347e-01  1.000000000000000e+00  0.000000000000000e+00  9.658040236917159e-09 -5.466724936101304e-12 
 3.273406948788447e-01  1.000000000000000e+00  0.000000000000000e+00  9.631440788904037e-09 -5.514559500338201e-12 
 3.311311214825977e-01  1.000000000000000e+00  0.000000000000000e+00  9.699511149016508e-09 -5.618436599556771e-12 
 3.349654391578343e-01  1.000000000000000e+00  0.000000000000000e+00  9.672856773437527e-09 -5.667649616093192e-12 
 3.388441561392093e-01  1.000000000000000e+00  0.000000000000000e+00  9.669735942485194e-09 -5.731364567503985e-12 
 3.427677865464572e-01  1.000000000000000e+00  0.000000000000000e+00  9.642902552855722e-09 -5.781362161423575e-12 
 3.467368504525386e-01  1.000000000000000e+00  0.000000000000000e+00  9.639588973579577e-09 -5.846415344237612e-12 
 3.507518739525751e-01  1.000000000000000e+00  0.000000000000000e+00  9.636289610985734e-09 -5.911864699885606e-12 
 3.548133892335826e-01  1.000000000000000e+00  0.000000000000000e+00  9.656529469962100e-09 -5.993129244583077e-12 
 3.589219346450125e-01  1.000000000000000e+00  0.000000000000000e+00  9.653044465271401e-09 -6.060322003081605e-12 
 3.630780547701087e-01  1.000000000000000e+00  0.000000000000000e+00  9.625888582470439e-09 -6.112931568995479e-12 
 3.672823004980922e-01  1.000000000000000e+00  0.000000000000000e+00  9.645867980678997e-09 -6.196823747644066e-12 
 3.715352290971802e-01  1.000000000000000e+00  0.000000000000000e+00  9.665811858289861e-09 -6.281736500567750e-12 
 3.758374042884519e-01  1.000000000000000e+00  0.000000000000000e+00  9.662003880132886e-09 -6.351891368090586e-12 
 3.801893963205691e-01  1.000000000000000e+00  0.000000000000000e+00  9.658099290861619e-09 -6.422833610600833e-12 
 3.845917820453616e-01  1.000000000000000e+00  0.000000000000000e+00  9.677768498659223e-09 -6.510593673088224e-12 
 3.890451449942888e-01  1.000000000000000e+00  0.000000000000000e+00  9.650021595902032e-09 -6.566799623476197e-12 
 3.935500754557857e-01  1.000000000000000e+00  0.000000000000000e+00  9.669450225979943e-09 -6.656505242981098e-12 
 3.981071705535056e-01  1.000000000000000e+00  0.000000000000000e+00  9.665243982682212e-09 -6.730537950288590e-12 
 4.027170343254676e-01  1.000000000000000e+00  0.000000000000000e+00  9.684486973787125e-09 -6.822334302673036e-12 
 4.073802778041214e-01  1.000000000000000e+00  0.000000000000000e+00  9.656320484118333e-09 -6.880942118770955e-12 
 4.120975190973390e-01  1.000000000000000e+00  0.000000000000000e+00  9.651742003416669e-09 -6.957251771078164e-12 
 4.168693834703443e-01  1.000000000000000e+00  0.000000000000000e+00  9.599691998817569e-09 -6.999160907279880e-12 
 4.216965034285913e-01  1.000000000000000e+00  0.000000000000000e+00  9.642255438481375e-09 -7.112113680097263e-12 
 4.265795188016018e-01  1.000000000000000e+00  0.000000000000000e+00  9.660996922703120e-09 -7.208882304558681e-12 
 4.315190768277745e-01  1.000000000000000e+00  0.000000000000000e+00  9.655999335133919e-09 -7.288293456067218e-12 
 4.365158322401754e-01  1.000000000000000e+00  0.000000000000000e+00  9.698157394824158e-09 -7.405599362652294e-12 
 4.415704473533221e-01  1.000000000000000e+00  0.000000000000000e+00  9.669192934518044e-09 -7.468576017382250e-12 
 4.466835921509728e-01  1.000000000000000e+00  0.000000000000000e+00  9.663824542690777e-09 -7.550743234477229e-12 
 4.518559443749322e-01  1.000000000000000e+00  0.000000000000000e+00  9.634633720134321e-09 -7.614703418840442e-12 
 4.570881896148850e-01  1.000000000000000e+00  0.000000000000000e+00  9.676330520897727e-09 -7.736741840141618e-12 
 4.623810213992704e-01  1.000000000000000e+00  0.000000000000000e+00  9.646906707902264e-09 -7.802175715375763e-12 
 4.677351412872084e-01  1.000000000000000e+00  0.000000000000000e+00  9.641008386350762e-09 -7.887556045309409e-12 
 4.731512589614909e-01  1.000000000000000e+00  0.000000000000000e+00  9.658566883907608e-09 -7.993707259947961e-12 
 4.786300923226489e-01  1.000000000000000e+00  0.000000000000000e+00  9.676051043305128e-09 -8.101198444895457e-12 
 4.841723675841101e-01  1.000000000000000e+00  0.000000000000000e+00  9.646097303458567e-09 -8.169165447438419e-12 
 4.897788193684571e-01  1.000000000000000e+00  0.000000000000000e+00  9.639600383472518e-09 -8.258042725975039e-12 
 4.954501908048012e-01  1.000000000000000e+00  0.000000000000000e+00  9.680329214946674e-09 -8.389627273892717e-12 
 5.011872336272835e-01  1.000000000000000e+00  0.000000000000000e+00  9.673536788184296e-09 -8.480691774722961e-12 
 5.069907082747157e-01  1.000000000000000e+00  0.000000000000000e+00  9.690237185569820e-09 -8.594007194267618e-12 
 5.128613839913764e-01  1.000000000000000e+00  0.000000000000000e+00  9.683163463997135e-09 -8.687040362668184e-12 
 5.188000389289728e-01  1.000000000000000e+00  0.000000000000000e+00  9.628486554282348e-09 -8.737096546465541e-12 
 5.248074602497844e-01  1.000000000000000e+00  0.000000000000000e+00  9.668424522470999e-09 -8.875735997496066e-12 
 5.308844442310003e-01  1.000000000000000e+00  0.000000000000000e+00  9.684429711141166e-09 -8.993545568135727e-12 
 5.370317963702649e-01  1.000000000000000e+00  0.000000000000000e+00  9.676674992907237e-09 -9.090179232058332e-12 
 5.432503314924455e-01  1.000000000000000e+00  0.000000000000000e+00  9.645003135652077e-09 -9.164893613032339e-12 
 5.495408738576371e-01  1.000000000000000e+00  0.000000000000000e+00  9.684225535204483e-09 -9.309338074294374e-12 
 5.559042572704163e-01  1.000000000000000e+00  0.000000000000000e+00  9.652161082291462e-09 -9.385544770196831e-12 
 5.623413251903620e-01  1.000000000000000e+00  0.000000000000000e+00  9.691033519427779e-09 -9.533004477083418e-12 
 5.688529308438545e-01  1.000000000000000e+00  0.000000000000000e+00  9.634836915281390e-09 -9.586553535202332e-12 
 5.754399373371701e-01  1.000000000000000e+00  0.000000000000000e+00  9.720651898466207e-09 -9.785454708275673e-12 
 5.821032177708848e-01  1.000000000000000e+00  0.000000000000000e+00  9.664098704928014e-09 -9.840169259960147e-12 
 5.888436553556026e-01  1.000000000000000e+00  0.000000000000000e+00  9.678413253951944e-09 -9.969127966327836e-12 
 5.956621435290242e-01  1.000000000000000e+00  0.000000000000000e+00  9.668850917664024e-09 -1.007431897202952e-11 
 6.025595860743718e-01  1.000000000000000e+00  0.000000000000000e+00  9.659027166401964e-09 -1.018055593075453e-11 
 6.095368972401833e-01  1.000000000000000e+00  0.000000000000000e+00  9.672619990350900e-09 -1.031314927858054e-11 
 6.165950018614965e-01  1.000000000000000e+00  0.000000000000000e+00  9.686040436325581e-09 -1.044733045652884e-11 
 6.237348354824338e-01  1.000000000000000e+00  0.000000000000000e+00  9.651900332400816e-09 -1.053041589211993e-11 
 6.309573444802080e-01  1.000000000000000e+00  0.000000000000000e+00  9.641114761464557e-09 -1.064023129264659e-11 
 6.382634861905636e-01  1.000000000000000e+00  0.000000000000000e+00  9.653799752827531e-09 -1.077776721451564e-11 
 6.456542290346706e-01  1.000000000000000e+00  0.000000000000000e+00  9.666210549915094e-09 -1.091680071726404e-11 
 6.531305526474876e-01  1.000000000000000e+00  0.000000000000000e+00  9.678304520630661e-09 -1.105737726506759e-11 
 6.606934480076115e-01  1.000000000000000e+00  0.000000000000000e+00  9.690185388834245e-09 -1.119929538566054e-11 
 6.683439175686303e-01  1.000000000000000e+00  0.000000000000000e+00  9.678134438000498e-09 -1.131472725736668e-11 
 6.760829753919977e-01  1.000000000000000e+00  0.000000000000000e+00  9.642075414252615e-09 -1.140241592050880e-11 
 6.839116472814455e-01  1.000000000000000e+00  0.000000000000000e+00  9.653131800026443e-09 -1.154796614556404e-11 
 6.918309709189528e-01  1.000000000000000e+00  0.000000000000000e+00  9.640179637571903e-09 -1.166563229152935e-11 
 6.998419960022901e-01  1.000000000000000e+00  0.000000000000000e+00  9.674322522068666e-09 -1.184318249110439e-11 
 7.079457843841548e-01  1.000000000000000e+00  0.000000000000000e+00  9.637033159925600e-09 -1.193343133933461e-11 
 7.161434102129192e-01  1.000000000000000e+00  0.000000000000000e+00  9.670536246535655e-09 -1.211435530062591e-11 
 7.244359600750074e-01  1.000000000000000e+00  0.000000000000000e+00  9.703695518731921e-09 -1.229730387966651e-11 
 7.328245331389217e-01  1.000000000000000e+00  0.000000000000000e+00  9.665499276677791e-09 -1.238983236508480e-11 
 7.413102413009354e-01  1.000000000000000e+00  0.000000000000000e+00  9.698012125326230e-09 -1.257622211881165e-11 
 7.498942093324740e-01  1.000000000000000e+00  0.000000000000000e+00  9.635485794723321e-09 -1.263845444863316e-11 
 7.585775750292022e-01  1.000000000000000e+00  0.000000000000000e+00  9.643571938104721e-09 -1.279567758219200e-11 
 7.673614893618377e-01  1.000000000000000e+00  0.000000000000000e+00  9.651335110039171e-09 -1.295436609169637e-11 
 7.762471166287107e-01  1.000000000000000e+00  0.000000000000000e+00  9.658753994901896e-09 -1.311468544646190e-11 
 7.852356346100910e-01  1.000000000000000e+00  0.000000000000000e+00  9.665740509831578e-09 -1.327612686249040e-11 
 7.943282347243010e-01  1.000000000000000e+00  0.000000000000000e+00  9.672341535479434e-09 -1.343942052373996e-11 
 8.035261221856370e-01  1.000000000000000e+00  0.000000000000000e+00  9.631202998308989e-09 -1.353605360974787e-11 
 8.128305161641193e-01  1.000000000000000e+00  0.000000000000000e+00  9.637034000168731e-09 -1.370151711847478e-11 
 8.222426499470915e-01  1.000000000000000e+00  0.000000000000000e+00  9.642433111258582e-09 -1.386805251166225e-11 
 8.317637711026916e-01  1.000000000000000e+00  0.000000000000000e+00  9.694780922904446e-09 -1.410613315127978e-11 
 8.413951416452160e-01  1.000000000000000e+00  0.000000000000000e+00  9.675656246825278e-09 -1.424070276564690e-11 
 8.511380382023976e-01  1.000000000000000e+00  0.000000000000000e+00  9.656042838840958e-09 -1.437575449078587e-11 
 8.609937521846222e-01  1.000000000000000e+00  0.000000000000000e+00  9.683352093735049e-09 -1.458412643413663e-11 
 8.709635899561025e-01  1.000000000000000e+00  0.000000000000000e+00  9.686571835584217e-09 -1.475807587251245e-11 
 8.810488730080362e-01  1.000000000000000e+00  0.000000000000000e+00  9.689233699057456e-09 -1.493293366483869e-11 
 8.912509381337680e-01  1.000000000000000e+00  0.000000000000000e+00  9.644094439587177e-09 -1.503441952917990e-11 
 9.015711376059796e-01  1.000000000000000e+00  0.000000000000000e+00  9.645759435798827e-09 -1.521117755357888e-11 
 9.120108393559329e-01  1.000000000000000e+00  0.000000000000000e+00  9.647005806799754e-09 -1.538933571475759e-11 
 9.225714271547866e-01  1.000000000000000e+00  0.000000000000000e+00  9.671359510918481e-09 -1.560756450417669e-11 
 9.332543007970148e-01  1.000000000000000e+00  0.000000000000000e+00  9.671422413279210e-09 -1.578834154882089e-11 
 9.440608762859475e-01  1.000000000000000e+00  0.000000000000000e+00  9.671060540488905e-09 -1.597071495776196e-11 
 9.549925860214604e-01  1.000000000000000e+00  0.000000000000000e+00  9.670078752256920e-09 -1.615398637642240e-11 
 9.660508789898382e-01  1.000000000000000e+00  0.000000000000000e+00  9.668499318529560e-09 -1.633809609146757e-11 
 9.772372209558359e-01  1.000000000000000e+00  0.000000000000000e+00  9.642699664978325e-09 -1.648238553648877e-11 
 9.885530946569644e-01  1.000000000000000e+00  0.000000000000000e+00  9.663628973225478e-09 -1.671015652231798e-11 
 1.000000000000026e+00  1.000000000000000e+00  0.000000000000000e+00  9.660283602038106e-09 -1.689775188297318e-11 
 1.011579454259925e+00  1.000000000000000e+00  0.000000000000000e+00  9.703659613059497e-09 -1.717141894120300e-11 
 1.023292992280781e+00  1.000000000000000e+00  0.000000000000000e+00  9.675350505566687e-09 -1.731872899671721e-11 
 1.035142166679371e+00  1.000000000000000e+00  0.000000000000000e+00  9.646368457461680e-09 -1.746603871680638e-11 
 1.047128548050927e+00  1.000000000000000e+00  0.000000000000000e+00  9.664087431434482e-09 -1.770103320765658e-11 
 1.059253725177317e+00  1.000000000000000e+00  0.000000000000000e+00  9.681098416387769e-09 -1.793825848709301e-11 
 1.071519305237635e+00  1.000000000000000e+00  0.000000000000000e+00  9.673758950906272e-09 -1.813203644578586e-11 
 1.083926914021232e+00  1.000000000000000e+00  0.000000000000000e+00  9.689367696078292e-09 -1.837213084381975e-11 
 1.096478196143214e+00  1.000000000000000e+00  0.000000000000000e+00  9.656865120150570e-09 -1.852124714934250e-11 
 1.109174815262431e+00  1.000000000000000e+00  0.000000000000000e+00  9.623606727677701e-09 -1.867032121899671e-11 
 1.122018454301993e+00  1.000000000000000e+00  0.000000000000000e+00  9.660658682186254e-09 -1.896047680591917e-11 
 1.135010815672345e+00  1.000000000000000e+00  0.000000000000000e+00  9.649448239964109e-09 -1.915705547476401e-11 
 1.148153621496913e+00  1.000000000000000e+00  0.000000000000000e+00  9.661172757012256e-09 -1.940283620349616e-11 
 1.161448613840374e+00  1.000000000000000e+00  0.000000000000000e+00  9.672073266897444e-09 -1.965028771943397e-11 
 1.174897554939561e+00  1.000000000000000e+00  0.000000000000000e+00  9.682140760333300e-09 -1.989860050164893e-11 
 1.188502227437050e+00  1.000000000000000e+00  0.000000000000000e+00  9.667610118195102e-09 -2.009838348401007e-11 
 1.202264434617445e+00  1.000000000000000e+00  0.000000000000000e+00  9.675904565219933e-09 -2.034897845303519e-11 
 1.216186000646401e+00  1.000000000000000e+00  0.000000000000000e+00  9.659551618160841e-09 -2.054905618729775e-11 
 1.230268770812415e+00  1.000000000000000e+00  0.000000000000000e+00  9.689646815213323e-09 -2.085300317218482e-11 
 1.244514611771419e+00  1.000000000000000e+00  0.000000000000000e+00  9.671458787930060e-09 -2.105404081262291e-11 
 1.258925411794201e+00  1.000000000000000e+00  0.000000000000000e+00  9.699656388285525e-09 -2.136116297028710e-11 
 1.273503081016697e+00  1.000000000000000e+00  0.000000000000000e+00  9.655845898002213e-09 -2.150942163335142e-11 
 1.288249551693169e+00  1.000000000000000e+00  0.000000000000000e+00  9.658310686432806e-09 -2.176390815279235e-11 
 1.303166778452335e+00  1.000000000000000e+00  0.000000000000000e+00  9.636143254683547e-09 -2.196484325465115e-11 
 1.318256738556443e+00  1.000000000000000e+00  0.000000000000000e+00  9.683804055485952e-09 -2.233063753766925e-11 
 1.333521432163361e+00  1.000000000000000e+00  0.000000000000000e+00  9.635750837885164e-09 -2.247523846343964e-11 
 1.348962882591691e+00  1.000000000000000e+00  0.000000000000000e+00  9.681281053523436e-09 -2.284477096321072e-11 
 1.364583136588962e+00  1.000000000000000e+00  0.000000000000000e+00  9.678259998403772e-09 -2.310193228405595e-11 
 1.380384264602923e+00  1.000000000000000e+00  0.000000000000000e+00  9.674104744978359e-09 -2.335942901544285e-11 
 1.396368361055977e+00  1.000000000000000e+00  0.000000000000000e+00  9.668760357299099e-09 -2.361615252872751e-11 
 1.412537544622794e+00  1.000000000000000e+00  0.000000000000000e+00  9.638520902336420e-09 -2.381352165930664e-11 
 1.428893958511143e+00  1.000000000000000e+00  0.000000000000000e+00  9.630667060207365e-09 -2.407020614798347e-11 
 1.445439770745968e+00  1.000000000000000e+00  0.000000000000000e+00  9.692609274497826e-09 -2.450786717842176e-11 
 1.462177174456759e+00  1.000000000000000e+00  0.000000000000000e+00  9.682115747192870e-09 -2.476407367020695e-11 
 1.479108388168249e+00  1.000000000000000e+00  0.000000000000000e+00  9.670336478924348e-09 -2.501984585622459e-11 
 1.496235656094476e+00  1.000000000000000e+00  0.000000000000000e+00  9.657203275869274e-09 -2.527492997323874e-11 
 1.513561248436251e+00  1.000000000000000e+00  0.000000000000000e+00  9.666296083308884e-09 -2.559200548504656e-11 
 1.531087461682074e+00  1.000000000000000e+00  0.000000000000000e+00  9.626605585038596e-09 -2.578018746779263e-11 
 1.548816618912526e+00  1.000000000000000e+00  0.000000000000000e+00  9.656475765701552e-09 -2.616104009221815e-11 
 1.566751070108194e+00  1.000000000000000e+00  0.000000000000000e+00  9.684854200279667e-09 -2.654281978679290e-11 
 1.584893192461159e+00  1.000000000000000e+00  0.000000000000000e+00  9.664268883015402e-09 -2.679252073032989e-11 
 1.603245390690088e+00  1.000000000000000e+00  0.000000000000000e+00  9.665800666009848e-09 -2.710685261665947e-11 
 1.621810097358977e+00  1.000000000000000e+00  0.000000000000000e+00  9.618354968248617e-09 -2.728363814834753e-11 
 1.640589773199587e+00  1.000000000000000e+00  0.000000000000000e+00  9.687668234102794e-09 -2.780202642314157e-11 
 1.659586907437609e+00  1.000000000000000e+00  0.000000000000000e+00  9.684249780892405e-09 -2.811395197484185e-11 
 1.678804018122609e+00  1.000000000000000e+00  0.000000000000000e+00  9.655421969491102e-09 -2.835360480253011e-11 
 1.698243652461794e+00  1.000000000000000e+00  0.000000000000000e+00  9.672189398007977e-09 -2.873232519494091e-11 
 1.717908387157638e+00  1.000000000000000e+00  0.000000000000000e+00  9.687121741028747e-09 -2.911108203877932e-11 
 1.737800828749426e+00  1.000000000000000e+00  0.000000000000000e+00  9.676498855787211e-09 -2.941525106043626e-11 
 1.757923613958744e+00  1.000000000000000e+00  0.000000000000000e+00  9.616638508381853e-09 -2.956850689638744e-11 
 1.778279410038975e+00  1.000000000000000e+00  0.000000000000000e+00  9.673205613135161e-09 -3.008972427700130e-11 
 1.798870915128841e+00  1.000000000000000e+00  0.000000000000000e+00  9.656781494823854e-09 -3.038534618681370e-11 
 1.819700858610037e+00  1.000000000000000e+00  0.000000000000000e+00  9.709279205443160e-09 -3.090743317962621e-11 
 1.840772001469010e+00  1.000000000000000e+00  0.000000000000000e+00  9.665052295995615e-09 -3.112046268340345e-11 
 1.862087136662923e+00  1.000000000000000e+00  0.000000000000000e+00  9.689706972001457e-09 -3.156252160355982e-11 
 1.883649089489857e+00  1.000000000000000e+00  0.000000000000000e+00  9.641149258419546e-09 -3.176529240692156e-11 
 1.905460717963304e+00  1.000000000000000e+00  0.000000000000000e+00  9.661431458133491e-09 -3.220209554820307e-11 
 1.927524913190994e+00  1.000000000000000e+00  0.000000000000000e+00  9.703026628583844e-09 -3.271740283223691e-11 
 1.949844599758104e+00  1.000000000000000e+00  0.000000000000000e+00  9.671279181708672e-09 -3.298600826070192e-11 
 1.972422736114913e+00  1.000000000000000e+00  0.000000000000000e+00  9.684515121911690e-09 -3.341460160830465e-11 
 1.995262314968940e+00  1.000000000000000e+00  0.000000000000000e+00  9.671577826057668e-09 -3.375538991631459e-11 
 2.018366363681622e+00  1.000000000000000e+00  0.000000000000000e+00  9.656213960943178e-09 -3.409098763395232e-11 
 2.041737944669591e+00  1.000000000000000e+00  0.000000000000000e+00  9.614560363434060e-09 -3.433508828098629e-11 
 2.065380155810592e+00  1.000000000000000e+00  0.000000000000000e+00  9.664914616624401e-09 -3.491710442616904e-11 
 2.089296130854103e+00  1.000000000000000e+00  0.000000000000000e+00  9.641673381427995e-09 -3.523515142695736e-11 
 2.113489039836711e+00  1.000000000000000e+00  0.000000000000000e+00  9.686610936956096e-09 -3.581228105971383e-11 
 2.137962089502297e+00  1.000000000000000e+00  0.000000000000000e+00  9.681436815055851e-09 -3.620706311628711e-11 
 2.162718523727087e+00  1.000000000000000e+00  0.000000000000000e+00  9.649753232567548e-09 -3.650453831407107e-11 
 2.187761623949620e+00  1.000000000000000e+00  0.000000000000000e+00  9.662406604590400e-09 -3.697651901761985e-11 
 2.213094709605706e+00  1.000000000000000e+00  0.000000000000000e+00  9.648364395964588e-09 -3.734947896426714e-11 
 2.238721138568408e+00  1.000000000000000e+00  0.000000000000000e+00  9.654961751784602e-09 -3.780807629758634e-11 
 2.264644307593129e+00  1.000000000000000e+00  0.000000000000000e+00  9.682080267002036e-09 -3.835516970517593e-11 
 2.290867652767844e+00  1.000000000000000e+00  0.000000000000000e+00  9.705955779280254e-09 -3.889664595691871e-11 
 2.317394649968550e+00  1.000000000000000e+00  0.000000000000000e+00  9.631819968068233e-09 -3.904128311044707e-11 
 2.344228815319995e+00  1.000000000000000e+00  0.000000000000000e+00  9.672703217030029e-09 -3.966366136415981e-11 
 2.371373705661729e+00  1.000000000000000e+00  0.000000000000000e+00  9.686403582504562e-09 -4.018104833123723e-11 
 2.398832919019565e+00  1.000000000000000e+00  0.000000000000000e+00  9.649263444486849e-09 -4.048749656566579e-11 
 2.426610095082491e+00  1.000000000000000e+00  0.000000000000000e+00  9.655786369150096e-09 -4.098503168286242e-11 
 2.454708915685107e+00  1.000000000000000e+00  0.000000000000000e+00  9.705979944757545e-09 -4.167860300454640e-11 
 2.483133105295648e+00  1.000000000000000e+00  0.000000000000000e+00  9.681387937954754e-09 -4.205303195884592e-11 
 2.511886431509659e+00  1.000000000000000e+00  0.000000000000000e+00  9.676610057003361e-09 -4.251797534559167e-11 
 2.540972705549385e+00  1.000000000000000e+00  0.000000000000000e+00  9.644070100596881e-09 -4.286350566877159e-11 
 2.570395782768945e+00  1.000000000000000e+00  0.000000000000000e+00  9.678582805851591e-09 -4.351783857764450e-11 
 2.600159563165354e+00  1.000000000000000e+00  0.000000000000000e+00  9.685245842889936e-09 -4.405232708444632e-11 
 2.630267991895465e+00  1.000000000000000e+00  0.000000000000000e+00  9.616592887017907e-09 -4.424124109995871e-11 
 2.660725059798894e+00  1.000000000000000e+00  0.000000000000000e+00  9.638319183987907e-09 -4.485605419049964e-11 
 2.691534803927001e+00  1.000000000000000e+00  0.000000000000000e+00  9.679241121464172e-09 -4.557166209942806e-11 
 2.722701308077999e+00  1.000000000000000e+00  0.000000000000000e+00  9.691941636955624e-09 -4.616089971505867e-11 
 2.754228703338254e+00  1.000000000000000e+00  0.000000000000000e+00  9.652639501746664e-09 -4.650284250091775e-11 
 2.786121168629859e+00  1.000000000000000e+00  0.000000000000000e+00  9.632189192298145e-09 -4.694011786423203e-11 
 2.818382931264544e+00  1.000000000000000e+00  0.000000000000000e+00  9.630583611747905e-09 -4.747454209986788e-11 
 2.851018267504001e+00  1.000000000000000e+00  0.000000000000000e+00  9.671293788249746e-09 -4.823226985204047e-11 
 2.884031503126699e+00  1.000000000000000e+00  0.000000000000000e+00  9.659542433226940e-09 -4.872973768168093e-11 
 2.917427014001261e+00  1.000000000000000e+00  0.000000000000000e+00  9.642537750544371e-09 -4.920536350363855e-11 
 2.951209226666481e+00  1.000000000000000e+00  0.000000000000000e+00  9.667540063976058e-09 -4.990688645595861e-11 
 2.985382618918056e+00  1.000000000000000e+00  0.000000000000000e+00  9.663386126562018e-09 -5.046259564467141e-11 
 3.019951720402114e+00  1.000000000000000e+00  0.000000000000000e+00  9.677265208229600e-09 -5.112077015172730e-11 
 3.054921113215613e+00  1.000000000000000e+00  0.000000000000000e+00  9.685418827468529e-09 -5.175775111453731e-11 
 3.090295432513691e+00  1.000000000000000e+00  0.000000000000000e+00  9.640373556962811e-09 -5.210948824400944e-11 
 3.126079367124057e+00  1.000000000000000e+00  0.000000000000000e+00  9.660366371427864e-09 -5.282439182153706e-11 
 3.162277660168483e+00  1.000000000000000e+00  0.000000000000000e+00  9.650432424540393e-09 -5.338038203312362e-11 
 3.198895109691503e+00  1.000000000000000e+00  0.000000000000000e+00  9.634270557116326e-09 -5.390652126014316e-11 
 3.235936569296389e+00  1.000000000000000e+00  0.000000000000000e+00  9.682706826875085e-09 -5.480903715349036e-11 
 3.273406948788490e+00  1.000000000000000e+00  0.000000000000000e+00  9.653511826433650e-09 -5.527380283822949e-11 
 3.311311214826020e+00  1.000000000000000e+00  0.000000000000000e+00  9.664926779217925e-09 -5.598113804762438e-11 
 3.349654391578388e+00  1.000000000000000e+00  0.000000000000000e+00  9.669433761434830e-09 -5.665561850812105e-11 
 3.388441561392138e+00  1.000000000000000e+00  0.000000000000000e+00  9.643160607026744e-09 -5.715405908077429e-11 
 3.427677865464617e+00  1.000000000000000e+00  0.000000000000000e+00  9.656991171175656e-09 -5.789966021503027e-11 
 3.467368504525432e+00  1.000000000000000e+00  0.000000000000000e+00  9.663493232800772e-09 -5.860975874341942e-11 
 3.507518739525797e+00  1.000000000000000e+00  0.000000000000000e+00  9.662426212935567e-09 -5.928164763101628e-11 
 3.548133892335873e+00  1.000000000000000e+00  0.000000000000000e+00  9.629886230264290e-09 -5.976261722417242e-11 
 3.589219346450172e+00  1.000000000000000e+00  0.000000000000000e+00  9.684137731945353e-09 -6.080165793475665e-11 
 3.630780547701135e+00  1.000000000000000e+00  0.000000000000000e+00  9.635565482763071e-09 -6.119196300715754e-11 
 3.672823004980970e+00  1.000000000000000e+00  0.000000000000000e+00  9.602423054033801e-09 -6.168433866678383e-11 
 3.715352290971850e+00  1.000000000000000e+00  0.000000000000000e+00  9.655424249317549e-09 -6.274903664781487e-11 
 3.758374042884568e+00  1.000000000000000e+00  0.000000000000000e+00  9.652464228132682e-09 -6.345557246224249e-11 
 3.801893963205740e+00  1.000000000000000e+00  0.000000000000000e+00  9.664251594639268e-09 -6.427077971626752e-11 
 3.845917820453665e+00  1.000000000000000e+00  0.000000000000000e+00  9.666868259024979e-09 -6.503249666984334e-11 
 3.890451449942937e+00  1.000000000000000e+00  0.000000000000000e+00  9.660217619655517e-09 -6.573928377417069e-11 
 3.935500754557907e+00  1.000000000000000e+00  0.000000000000000e+00  9.667717679927518e-09 -6.655271548577850e-11 
 3.981071705535107e+00  1.000000000000000e+00  0.000000000000000e+00  9.641818764923005e-09 -6.714062734714529e-11 
 4.027170343254728e+00  1.000000000000000e+00  0.000000000000000e+00  9.676964790369794e-09 -6.816891993024213e-11 
 4.073802778041266e+00  1.000000000000000e+00  0.000000000000000e+00  9.654463189059210e-09 -6.879628646071939e-11 
 4.120975190973442e+00  1.000000000000000e+00  0.000000000000000e+00  9.692691146825482e-09 -6.987243081089524e-11 
 4.168693834703496e+00  1.000000000000000e+00  0.000000000000000e+00  9.649099082364846e-09 -7.035840693543470e-11 
 4.216965034285966e+00  1.000000000000000e+00  0.000000000000000e+00  9.641911673676613e-09 -7.111954527911018e-11 
 4.265795188016072e+00  1.000000000000000e+00  0.000000000000000e+00  9.670880766412691e-09 -7.216283129510912e-11 
 4.315190768277799e+00  1.000000000000000e+00  0.000000000000000e+00  9.617356904380195e-09 -7.258692881682094e-11 
 4.365158322401808e+00  1.000000000000000e+00  0.000000000000000e+00  9.670521053326009e-09 -7.384115949215828e-11 
 4.415704473533276e+00  1.000000000000000e+00  0.000000000000000e+00  9.616979605642695e-09 -7.427556906147942e-11 
 4.466835921509784e+00  1.000000000000000e+00  0.000000000000000e+00  9.645855255648820e-09 -7.536412265354969e-11 
 4.518559443749378e+00  1.000000000000000e+00  0.000000000000000e+00  9.638536457893209e-09 -7.617911361940570e-11 
 4.570881896148907e+00  1.000000000000000e+00  0.000000000000000e+00  9.689290926548160e-09 -7.747345926436414e-11 
 4.623810213992762e+00  1.000000000000000e+00  0.000000000000000e+00  9.655938050714540e-09 -7.809644300708549e-11 
 4.677351412872143e+00  1.000000000000000e+00  0.000000000000000e+00  9.680116212669183e-09 -7.920117253536848e-11 
 4.731512589614969e+00  1.000000000000000e+00  0.000000000000000e+00  9.643211487306552e-09 -7.980821025245350e-11 
 4.786300923226550e+00  1.000000000000000e+00  0.000000000000000e+00  9.615877073636573e-09 -8.049960969208698e-11 
 4.841723675841163e+00  1.000000000000000e+00  0.000000000000000e+00  9.692473535563898e-09 -8.209095351668431e-11 
 4.897788193684633e+00  1.000000000000000e+00  0.000000000000000e+00  9.659586906481772e-09 -8.275610310733854e-11 
 4.954501908048075e+00  1.000000000000000e+00  0.000000000000000e+00  9.682642961349804e-09 -8.391684263017817e-11 
 5.011872336272899e+00  1.000000000000000e+00  0.000000000000000e+00  9.690280034405194e-09 -8.495638525564101e-11 
 5.069907082747222e+00  1.000000000000000e+00  0.000000000000000e+00  9.611024679000298e-09 -8.522573974975199e-11 
 5.128613839913830e+00  1.000000000000000e+00  0.000000000000000e+00  9.633967880151887e-09 -8.642169919455306e-11 
 5.188000389289795e+00  1.000000000000000e+00  0.000000000000000e+00  9.640384888725433e-09 -8.748259410628291e-11 
 5.248074602497912e+00  1.000000000000000e+00  0.000000000000000e+00  9.677218726076892e-09 -8.883867922615453e-11 
 5.308844442310072e+00  1.000000000000000e+00  0.000000000000000e+00  9.649318434617950e-09 -8.960366897294876e-11 
 5.370317963702719e+00  1.000000000000000e+00  0.000000000000000e+00  9.651029896956445e-09 -9.065788596755499e-11 
 5.432503314924526e+00  1.000000000000000e+00  0.000000000000000e+00  9.658264072109077e-09 -9.177672806063822e-11 
 5.495408738576442e+00  1.000000000000000e+00  0.000000000000000e+00  9.694270830881572e-09 -9.319182586832450e-11 
 5.559042572704235e+00  1.000000000000000e+00  0.000000000000000e+00  9.616553678377774e-09 -9.350247885159499e-11 
 5.623413251903693e+00  1.000000000000000e+00  0.000000000000000e+00  9.685123888644731e-09 -9.527177197873974e-11 
 5.688529308438619e+00  1.000000000000000e+00  0.000000000000000e+00  9.662726128525164e-09 -9.614730389118198e-11 
 5.754399373371777e+00  1.000000000000000e+00  0.000000000000000e+00  9.667313697375355e-09 -9.730881045402436e-11 
 5.821032177708925e+00  1.000000000000000e+00  0.000000000000000e+00  9.674728409977398e-09 -9.851289359128751e-11 
 5.888436553556103e+00  1.000000000000000e+00  0.000000000000000e+00  9.660867020029487e-09 -9.950697349445236e-11 
 5.956621435290320e+00  1.000000000000000e+00  0.000000000000000e+00  9.672479797948128e-09 -1.007835054624535e-10 
 6.025595860743796e+00  1.000000000000000e+00  0.000000000000000e+00  9.685372081305816e-09 -1.020881183662483e-10 
 6.095368972401913e+00  1.000000000000000e+00  0.000000000000000e+00  9.675469048166469e-09 -1.031618677879405e-10 
 6.165950018615046e+00  1.000000000000000e+00  0.000000000000000e+00  9.618522528855120e-09 -1.037324131748294e-10 
 6.237348354824420e+00  1.000000000000000e+00  0.000000000000000e+00  9.655964906795376e-09 -1.053499373762460e-10 
 6.309573444802163e+00  1.000000000000000e+00  0.000000000000000e+00  9.645263216664522e-09 -1.064487340064573e-10 
 6.382634861905720e+00  1.000000000000000e+00  0.000000000000000e+00  9.656831990076365e-09 -1.078129804823227e-10 
 6.456542290346791e+00  1.000000000000000e+00  0.000000000000000e+00  9.690079258729812e-09 -1.094442175089160e-10 
 6.531305526474962e+00  1.000000000000000e+00  0.000000000000000e+00  9.673395201470426e-09 -1.105178824195900e-10 
 6.606934480076202e+00  1.000000000000000e+00  0.000000000000000e+00  9.629935943698614e-09 -1.112867504812220e-10 
 6.683439175686391e+00  1.000000000000000e+00  0.000000000000000e+00  9.653626339135271e-09 -1.128552024721609e-10 
 6.760829753920065e+00  1.000000000000000e+00  0.000000000000000e+00  9.672822471801560e-09 -1.143940960291014e-10 
 6.839116472814544e+00  1.000000000000000e+00  0.000000000000000e+00  9.615997884678679e-09 -1.150265089832492e-10 
 6.918309709189619e+00  1.000000000000000e+00  0.000000000000000e+00  9.671768078927550e-09 -1.170443600891653e-10 
 6.998419960022992e+00  1.000000000000000e+00  0.000000000000000e+00  9.626312754554343e-09 -1.178350539079413e-10 
 7.079457843841640e+00  1.000000000000000e+00  0.000000000000000e+00  9.644768813839907e-09 -1.194297599252142e-10 
 7.161434102129284e+00  1.000000000000000e+00  0.000000000000000e+00  9.631665658614563e-09 -1.206470538393678e-10 
 7.244359600750168e+00  1.000000000000000e+00  0.000000000000000e+00  9.657256313901140e-09 -1.223746816771468e-10 
 7.328245331389311e+00  1.000000000000000e+00  0.000000000000000e+00  9.697205019696070e-09 -1.243116657382486e-10 
 7.413102413009449e+00  1.000000000000000e+00  0.000000000000000e+00  9.655914712978174e-09 -1.252066955525021e-10 
 7.498942093324836e+00  1.000000000000000e+00  0.000000000000000e+00  9.698439895775501e-09 -1.272253622842309e-10 
 7.585775750292119e+00  1.000000000000000e+00  0.000000000000000e+00  9.658276006206993e-09 -1.281554087018336e-10 
 7.673614893618475e+00  1.000000000000000e+00  0.000000000000000e+00  9.652832667813574e-09 -1.295647010492492e-10 
 7.762471166287207e+00  1.000000000000000e+00  0.000000000000000e+00  9.657658098728066e-09 -1.311309176156317e-10 
 7.852356346101011e+00  1.000000000000000e+00  0.000000000000000e+00  9.671876174683746e-09 -1.328483071539955e-10 
 7.943282347243112e+00  1.000000000000000e+00  0.000000000000000e+00  9.671035593179875e-09 -1.343746506925893e-10 
 8.035261221856475e+00  1.000000000000000e+00  0.000000000000000e+00  9.677725100018151e-09 -1.360271851429138e-10 
 8.128305161641299e+00  1.000000000000000e+00  0.000000000000000e+00  9.691205484158374e-09 -1.377972811764009e-10 
 8.222426499471021e+00  1.000000000000000e+00  0.000000000000000e+00  9.663051887842146e-09 -1.389796725872020e-10 
 8.317637711027023e+00  1.000000000000000e+00  0.000000000000000e+00  9.663309947183457e-09 -1.405940056055423e-10 
 8.413951416452269e+00  1.000000000000000e+00  0.000000000000000e+00  9.667400946600398e-09 -1.422848326544307e-10 
 8.511380382024088e+00  1.000000000000000e+00  0.000000000000000e+00  9.626959258577077e-09 -1.433182829547628e-10 
 8.609937521846334e+00  1.000000000000000e+00  0.000000000000000e+00  9.659197040201236e-09 -1.454716519854994e-10 
 8.709635899561137e+00  1.000000000000000e+00  0.000000000000000e+00  9.644846365811641e-09 -1.469327870479792e-10 
 8.810488730080476e+00  1.000000000000000e+00  0.000000000000000e+00  9.653696172332927e-09 -1.487724779456498e-10 
 8.912509381337795e+00  1.000000000000000e+00  0.000000000000000e+00  9.661016197412174e-09 -1.506139603184273e-10 
 9.015711376059913e+00  1.000000000000000e+00  0.000000000000000e+00  9.665721025403943e-09 -1.524299418690140e-10 
 9.120108393559446e+00  1.000000000000000e+00  0.000000000000000e+00  9.666566104971248e-09 -1.542131672511497e-10 
 9.225714271547986e+00  1.000000000000000e+00  0.000000000000000e+00  9.662354243100690e-09 -1.559279629433889e-10 
 9.332543007970269e+00  1.000000000000000e+00  0.000000000000000e+00  9.652016146653264e-09 -1.575622706350931e-10 
 9.440608762859597e+00  1.000000000000000e+00  0.000000000000000e+00  9.634105023961109e-09 -1.590853143150130e-10 
 9.549925860214728e+00  1.000000000000000e+00  0.000000000000000e+00  9.607467273843172e-09 -1.604747517400417e-10 
 9.660508789898508e+00  1.000000000000000e+00  0.000000000000000e+00  9.665444324730935e-09 -1.633289818598119e-10 
 9.772372209558485e+00  1.000000000000000e+00  0.000000000000000e+00  9.617331752258599e-09 -1.643845419079535e-10 
 9.885530946569771e+00  1.000000000000000e+00  0.000000000000000e+00  9.651090580334797e-09 -1.668839590130883e-10 
 1.000000000000039e+01  1.000000000000000e+00  0.000000000000000e+00  9.670685718042062e-09 -1.691611976503288e-10 
 1.011579454259938e+01  1.000000000000000e+00  0.000000000000000e+00  9.627358468796538e-09 -1.703426032045648e-10 
 1.023292992280794e+01  1.000000000000000e+00  0.000000000000000e+00  9.661628181833646e-09 -1.729378425119030e-10 
 1.035142166679384e+01  1.000000000000000e+00  0.000000000000000e+00  9.677264156180798e-09 -1.752272334139472e-10 
 1.047128548050940e+01  1.000000000000000e+00  0.000000000000000e+00  9.625558870037139e-09 -1.762935968332767e-10 
 1.059253725177330e+01  1.000000000000000e+00  0.000000000000000e+00  9.694143258869915e-09 -1.796282523588747e-10 
 1.071519305237648e+01  1.000000000000000e+00  0.000000000000000e+00  9.644731508747081e-09 -1.807676827028598e-10 
 1.083926914021246e+01  1.000000000000000e+00  0.000000000000000e+00  9.712447410704288e-09 -1.841653891342018e-10 
 1.096478196143228e+01  1.000000000000000e+00  0.000000000000000e+00  9.658873487608370e-09 -1.852534450778984e-10 
 1.109174815262445e+01  1.000000000000000e+00  0.000000000000000e+00  9.647882671020907e-09 -1.871799190953219e-10 
 1.122018454302007e+01  1.000000000000000e+00  0.000000000000000e+00  9.630524959026011e-09 -1.890014072134514e-10 
 1.135010815672360e+01  1.000000000000000e+00  0.000000000000000e+00  9.652236933725970e-09 -1.916277025153915e-10 
 1.148153621496928e+01  1.000000000000000e+00  0.000000000000000e+00  9.687554306775478e-09 -1.945670734715323e-10 
 1.161448613840389e+01  1.000000000000000e+00  0.000000000000000e+00  9.639918206978476e-09 -1.958392200424925e-10 
 1.174897554939576e+01  1.000000000000000e+00  0.000000000000000e+00  9.649398552482875e-09 -1.983046490231178e-10 
 1.188502227437065e+01  1.000000000000000e+00  0.000000000000000e+00  9.666627169507651e-09 -2.009629290743457e-10 
 1.202264434617461e+01  1.000000000000000e+00  0.000000000000000e+00  9.713302052202918e-09 -2.042895662866389e-10 
 1.216186000646416e+01  1.000000000000000e+00  0.000000000000000e+00  9.668979382075713e-09 -2.056953277539204e-10 
 1.230268770812430e+01  1.000000000000000e+00  0.000000000000000e+00  9.673579441368612e-09 -2.081794797812047e-10 
 1.244514611771434e+01  1.000000000000000e+00  0.000000000000000e+00  9.653925840397007e-09 -2.101516021604785e-10 
 1.258925411794217e+01  1.000000000000000e+00  0.000000000000000e+00  9.655055463491562e-09 -2.126131081054675e-10 
 1.273503081016712e+01  1.000000000000000e+00  0.000000000000000e+00  9.674866627939593e-09 -2.155224063240274e-10 
 1.288249551693185e+01  1.000000000000000e+00  0.000000000000000e+00  9.687219232555860e-09 -2.183044162674862e-10 
 1.303166778452351e+01  1.000000000000000e+00  0.000000000000000e+00  9.642462385388089e-09 -2.197918703957248e-10 
 1.318256738556460e+01  1.000000000000000e+00  0.000000000000000e+00  9.656474199998418e-09 -2.226631016263346e-10 
 1.333521432163377e+01  1.000000000000000e+00  0.000000000000000e+00  9.608462326380718e-09 -2.241072237529714e-10 
 1.348962882591708e+01  1.000000000000000e+00  0.000000000000000e+00  9.637878678167881e-09 -2.274055600935543e-10 
 1.364583136588979e+01  1.000000000000000e+00  0.000000000000000e+00  9.671050074705663e-09 -2.308418780521171e-10 
 1.380384264602940e+01  1.000000000000000e+00  0.000000000000000e+00  9.610717719383069e-09 -2.320371494747133e-10 
 1.396368361055994e+01  1.000000000000000e+00  0.000000000000000e+00  9.667070077221736e-09 -2.361237034738585e-10 
 1.412537544622811e+01  1.000000000000000e+00  0.000000000000000e+00  9.648124092304100e-09 -2.383844098224078e-10 
 1.428893958511160e+01  1.000000000000000e+00  0.000000000000000e+00  9.621879541832725e-09 -2.404768393142408e-10 
 1.445439770745986e+01  1.000000000000000e+00  0.000000000000000e+00  9.727459693821485e-09 -2.459708123538415e-10 
 1.462177174456777e+01  1.000000000000000e+00  0.000000000000000e+00  9.654169029268554e-09 -2.469172725780137e-10 
 1.479108388168267e+01  1.000000000000000e+00  0.000000000000000e+00  9.706701985958788e-09 -2.511532021384497e-10 
 1.496235656094494e+01  1.000000000000000e+00  0.000000000000000e+00  9.645197163097284e-09 -2.524294671369125e-10 
 1.513561248436270e+01  1.000000000000000e+00  0.000000000000000e+00  9.679512482915818e-09 -2.562751998367948e-10 
 1.531087461682092e+01  1.000000000000000e+00  0.000000000000000e+00  9.640586565454136e-09 -2.581833158520779e-10 
 1.548816618912544e+01  1.000000000000000e+00  0.000000000000000e+00  9.690799657690024e-09 -2.625533875699043e-10 
 1.566751070108213e+01  1.000000000000000e+00  0.000000000000000e+00  9.661048234901968e-09 -2.647659317343400e-10 
 1.584893192461178e+01  1.000000000000000e+00  0.000000000000000e+00  9.666082360206354e-09 -2.679733649149169e-10 
 1.603245390690107e+01  1.000000000000000e+00  0.000000000000000e+00  9.678691690391972e-09 -2.714403644193795e-10 
 1.621810097358996e+01  1.000000000000000e+00  0.000000000000000e+00  9.647884650211644e-09 -2.736915279558317e-10 
 1.640589773199606e+01  1.000000000000000e+00  0.000000000000000e+00  9.640877744129274e-09 -2.766584897371388e-10 
 1.659586907437629e+01  1.000000000000000e+00  0.000000000000000e+00  9.677410272115362e-09 -2.809416926578297e-10 
 1.678804018122629e+01  1.000000000000000e+00  0.000000000000000e+00  9.635279108967029e-09 -2.829325598406509e-10 
 1.698243652461814e+01  1.000000000000000e+00  0.000000000000000e+00  9.652500314772001e-09 -2.867316102398690e-10 
 1.717908387157659e+01  1.000000000000000e+00  0.000000000000000e+00  9.677455760976250e-09 -2.908123441578960e-10 
 1.737800828749447e+01  1.000000000000000e+00  0.000000000000000e+00  9.658701627442297e-09 -2.936007567200651e-10 
 1.757923613958765e+01  1.000000000000000e+00  0.000000000000000e+00  9.639220460884446e-09 -2.963869544909769e-10 
 1.778279410038996e+01  1.000000000000000e+00  0.000000000000000e+00  9.685485248105965e-09 -3.012857884717614e-10 
 1.798870915128862e+01  1.000000000000000e+00  0.000000000000000e+00  9.651143218851715e-09 -3.036727674470040e-10 
 1.819700858610059e+01  1.000000000000000e+00  0.000000000000000e+00  9.649762403278071e-09 -3.071492715725423e-10 
 1.840772001469032e+01  1.000000000000000e+00  0.000000000000000e+00  9.653025249895311e-09 -3.108109407705441e-10 
 1.862087136662944e+01  1.000000000000000e+00  0.000000000000000e+00  9.632304950734510e-09 -3.137229936977967e-10 
 1.883649089489878e+01  1.000000000000000e+00  0.000000000000000e+00  9.677360854478496e-09 -3.188673457831599e-10 
 1.905460717963326e+01  1.000000000000000e+00  0.000000000000000e+00  9.641074870142975e-09 -3.213257156403307e-10 
 1.927524913191016e+01  1.000000000000000e+00  0.000000000000000e+00  9.636645669484391e-09 -3.248964796225774e-10 
 1.949844599758126e+01  1.000000000000000e+00  0.000000000000000e+00  9.682291905461615e-09 -3.302434305988718e-10 
 1.972422736114936e+01  1.000000000000000e+00  0.000000000000000e+00  9.678078625718889e-09 -3.339193752827438e-10 
 1.995262314968963e+01  1.000000000000000e+00  0.000000000000000e+00  9.689271697680530e-09 -3.381847413429738e-10 
 2.018366363681645e+01  1.000000000000000e+00  0.000000000000000e+00  9.639275540963669e-09 -3.403030367773259e-10 
 2.041737944669615e+01  1.000000000000000e+00  0.000000000000000e+00  9.664231358330979e-09 -3.451513263311021e-10 
 2.065380155810616e+01  1.000000000000000e+00  0.000000000000000e+00  9.639852300903390e-09 -3.482498631916103e-10 
 2.089296130854127e+01  1.000000000000000e+00  0.000000000000000e+00  9.630900824610870e-09 -3.519486663097846e-10 
 2.113489039836736e+01  1.000000000000000e+00  0.000000000000000e+00  9.631232365103900e-09 -3.560410677475181e-10 
 2.137962089502322e+01  1.000000000000000e+00  0.000000000000000e+00  9.658053551434833e-09 -3.611836047259787e-10 
 2.162718523727112e+01  1.000000000000000e+00  0.000000000000000e+00  9.633907879651497e-09 -3.644340086985802e-10 
 2.187761623949645e+01  1.000000000000000e+00  0.000000000000000e+00  9.646676023615487e-09 -3.691561334004414e-10 
 2.213094709605732e+01  1.000000000000000e+00  0.000000000000000e+00  9.618588427198489e-09 -3.723162510563103e-10 
 2.238721138568435e+01  1.000000000000000e+00  0.000000000000000e+00  9.684417182419345e-09 -3.792519094824004e-10 
 2.264644307593156e+01  1.000000000000000e+00  0.000000000000000e+00  9.671552453043432e-09 -3.831323820061814e-10 
 2.290867652767870e+01  1.000000000000000e+00  0.000000000000000e+00  9.667286760704416e-09 -3.873899339655503e-10 
 2.317394649968577e+01  1.000000000000000e+00  0.000000000000000e+00  9.640442175508444e-09 -3.907690831277100e-10 
 2.344228815320022e+01  1.000000000000000e+00  0.000000000000000e+00  9.606908341466879e-09 -3.938960056462323e-10 
 2.371373705661756e+01  1.000000000000000e+00  0.000000000000000e+00  9.629672288654365e-09 -3.994156164783337e-10 
 2.398832919019593e+01  1.000000000000000e+00  0.000000000000000e+00  9.677207565645318e-09 -4.060719651039700e-10 
 2.426610095082519e+01  1.000000000000000e+00  0.000000000000000e+00  9.599386551709804e-09 -4.074136775489875e-10 
 2.454708915685136e+01  1.000000000000000e+00  0.000000000000000e+00  9.671414009357121e-09 -4.152778186076528e-10 
 2.483133105295677e+01  1.000000000000000e+00  0.000000000000000e+00  9.671978241211990e-09 -4.201082231047935e-10 
 2.511886431509688e+01  1.000000000000000e+00  0.000000000000000e+00  9.615833737533638e-09 -4.224655178739270e-10 
 2.540972705549414e+01  1.000000000000000e+00  0.000000000000000e+00  9.635847899485458e-09 -4.282600830156336e-10 
 2.570395782768975e+01  1.000000000000000e+00  0.000000000000000e+00  9.651763022891621e-09 -4.339474244977965e-10 
 2.600159563165384e+01  1.000000000000000e+00  0.000000000000000e+00  9.630668395395564e-09 -4.379941124855503e-10 
 2.630267991895496e+01  1.000000000000000e+00  0.000000000000000e+00  9.633642090023235e-09 -4.432021669661197e-10 
 2.660725059798925e+01  1.000000000000000e+00  0.000000000000000e+00  9.674373541485493e-09 -4.502710849133170e-10 
 2.691534803927033e+01  1.000000000000000e+00  0.000000000000000e+00  9.695615315118242e-09 -4.565050360890230e-10 
 2.722701308078031e+01  1.000000000000000e+00  0.000000000000000e+00  9.639748685246754e-09 -4.590770662124918e-10 
 2.754228703338287e+01  1.000000000000000e+00  0.000000000000000e+00  9.661455524833187e-09 -4.654567846636723e-10 
 2.786121168629892e+01  1.000000000000000e+00  0.000000000000000e+00  9.631788586446214e-09 -4.693806636059817e-10 
 2.818382931264577e+01  1.000000000000000e+00  0.000000000000000e+00  9.657869205759173e-09 -4.761144210327616e-10 
 2.851018267504034e+01  1.000000000000000e+00  0.000000000000000e+00  9.610075753078463e-09 -4.792164305996046e-10 
 2.884031503126733e+01  1.000000000000000e+00  0.000000000000000e+00  9.642258529711175e-09 -4.864114449067857e-10 
 2.917427014001295e+01  1.000000000000000e+00  0.000000000000000e+00  9.647952029195710e-09 -4.923413047254975e-10 
 2.951209226666516e+01  1.000000000000000e+00  0.000000000000000e+00  9.638694265816567e-09 -4.975482235974649e-10 
 2.985382618918092e+01  1.000000000000000e+00  0.000000000000000e+00  9.649155661129957e-09 -5.038694269272540e-10 
 3.019951720402150e+01  1.000000000000000e+00  0.000000000000000e+00  9.619456675827407e-09 -5.081152306192656e-10 
 3.054921113215649e+01  1.000000000000000e+00  0.000000000000000e+00  9.607321089068546e-09 -5.133325866633963e-10 
 3.090295432513728e+01  1.000000000000000e+00  0.000000000000000e+00  9.646794709607782e-09 -5.214482796616048e-10 
 3.126079367124094e+01  1.000000000000000e+00  0.000000000000000e+00  9.629540934152708e-09 -5.265286796295084e-10 
 3.162277660168520e+01  1.000000000000000e+00  0.000000000000000e+00  9.659857213953381e-09 -5.343285861817879e-10 
 3.198895109691541e+01  1.000000000000000e+00  0.000000000000000e+00  9.628911598803412e-09 -5.387593122789470e-10 
 3.235936569296427e+01  1.000000000000000e+00  0.000000000000000e+00  9.640160927955799e-09 -5.456433045666963e-10 
 3.273406948788529e+01  1.000000000000000e+00  0.000000000000000e+00  9.607799146129172e-09 -5.500797083070661e-10 
 3.311311214826060e+01  1.000000000000000e+00  0.000000000000000e+00  9.634512108713843e-09 -5.580160481553079e-10 
 3.349654391578427e+01  1.000000000000000e+00  0.000000000000000e+00  9.633926451445177e-09 -5.644478786873472e-10 
 3.388441561392178e+01  1.000000000000000e+00  0.000000000000000e+00  9.613484703060299e-09 -5.697514275692164e-10 
 3.427677865464658e+01  1.000000000000000e+00  0.000000000000000e+00  9.627599458194571e-09 -5.772080764624641e-10 
 3.467368504525474e+01  1.000000000000000e+00  0.000000000000000e+00  9.683126055200371e-09 -5.873188338154144e-10 
 3.507518739525840e+01  1.000000000000000e+00  0.000000000000000e+00  9.621383238062888e-09 -5.902626928510122e-10 
 3.548133892335916e+01  1.000000000000000e+00  0.000000000000000e+00  9.613451620535136e-09 -5.966021306690207e-10 
 3.589219346450216e+01  1.000000000000000e+00  0.000000000000000e+00  9.664968509149881e-09 -6.067998859797725e-10 
 3.630780547701179e+01  1.000000000000000e+00  0.000000000000000e+00  9.663179391325449e-09 -6.137038004180666e-10 
 3.672823004981014e+01  1.000000000000000e+00  0.000000000000000e+00  9.589350760813033e-09 -6.159894346718150e-10 
 3.715352290971895e+01  1.000000000000000e+00  0.000000000000000e+00  9.636293405354524e-09 -6.262255416879367e-10 
 3.758374042884613e+01  1.000000000000000e+00  0.000000000000000e+00  9.572232565334296e-09 -6.291928547490536e-10 
 3.801893963205786e+01  1.000000000000000e+00  0.000000000000000e+00  9.636255269335930e-09 -6.408059189834658e-10 
 3.845917820453712e+01  1.000000000000000e+00  0.000000000000000e+00  9.642847831701628e-09 -6.486852021655260e-10 
 3.890451449942984e+01  1.000000000000000e+00  0.000000000000000e+00  9.664995702810615e-09 -6.577274005571367e-10 
 3.935500754557955e+01  1.000000000000000e+00  0.000000000000000e+00  9.610556477249329e-09 -6.615264432873185e-10 
 3.981071705535155e+01  1.000000000000000e+00  0.000000000000000e+00  9.622400702983798e-09 -6.700226882970067e-10 
 4.027170343254776e+01  1.000000000000000e+00  0.000000000000000e+00  9.607106360727644e-09 -6.766934941521374e-10 
 4.073802778041315e+01  1.000000000000000e+00  0.000000000000000e+00  9.588839622020067e-09 -6.832066608636946e-10 
 4.120975190973492e+01  1.000000000000000e+00  0.000000000000000e+00  9.637941530743401e-09 -6.947150757461785e-10 
 4.168693834703546e+01  1.000000000000000e+00  0.000000000000000e+00  9.589098022058358e-09 -6.991399042104239e-10 
 4.216965034286017e+01  1.000000000000000e+00  0.000000000000000e+00  9.605769932180877e-09 -7.084887166010226e-10 
 4.265795188016124e+01  1.000000000000000e+00  0.000000000000000e+00  9.568535363697927e-09 -7.138591105414330e-10 
 4.315190768277852e+01  1.000000000000000e+00  0.000000000000000e+00  9.616173198259063e-09 -7.257880165076146e-10 
 4.365158322401862e+01  1.000000000000000e+00  0.000000000000000e+00  9.675096869018074e-09 -7.387602365109157e-10 
 4.415704473533330e+01  1.000000000000000e+00  0.000000000000000e+00  9.647579603479413e-09 -7.451586436886743e-10 
 4.466835921509839e+01  1.000000000000000e+00  0.000000000000000e+00  9.623466386657917e-09 -7.518752658371370e-10 
 4.518559443749434e+01  1.000000000000000e+00  0.000000000000000e+00  9.597892157766090e-09 -7.585100081769481e-10 
 4.570881896148964e+01  1.000000000000000e+00  0.000000000000000e+00  9.565345908616320e-09 -7.646740632018159e-10 
 4.623810213992819e+01  1.000000000000000e+00  0.000000000000000e+00  9.613636739179182e-09 -7.774904068472209e-10 
 4.677351412872201e+01  1.000000000000000e+00  0.000000000000000e+00  9.618260849477952e-09 -7.868542560513024e-10 
 4.731512589615027e+01  1.000000000000000e+00  0.000000000000000e+00  9.571596997584337e-09 -7.920523131917307e-10 
 4.786300923226609e+01  1.000000000000000e+00  0.000000000000000e+00  9.629902556566850e-09 -8.061810143846664e-10 
 4.841723675841222e+01  1.000000000000000e+00  0.000000000000000e+00  9.595880911012909e-09 -8.126065682602650e-10 
 4.897788193684693e+01  1.000000000000000e+00  0.000000000000000e+00  9.600909540360958e-09 -8.224479179870568e-10 
 4.954501908048136e+01  1.000000000000000e+00  0.000000000000000e+00  9.610683915504319e-09 -8.328325958052425e-10 
 5.011872336272960e+01  1.000000000000000e+00  0.000000000000000e+00  9.567011297668298e-09 -8.385776428723041e-10 
 5.069907082747284e+01  1.000000000000000e+00  0.000000000000000e+00  9.574916892731160e-09 -8.490116465496422e-10 
 5.128613839913892e+01  1.000000000000000e+00  0.000000000000000e+00  9.597930551899340e-09 -8.609381903069524e-10 
 5.188000389289858e+01  1.000000000000000e+00  0.000000000000000e+00  9.551694345121225e-09 -8.666442874448487e-10 
 5.248074602497976e+01  1.000000000000000e+00  0.000000000000000e+00  9.609231849301309e-09 -8.820347085499542e-10 
 5.308844442310136e+01  1.000000000000000e+00  0.000000000000000e+00  9.590580506020879e-09 -8.904917628240925e-10 
 5.370317963702784e+01  1.000000000000000e+00  0.000000000000000e+00  9.596552184183151e-09 -9.013835231265976e-10 
 5.432503314924592e+01  1.000000000000000e+00  0.000000000000000e+00  9.562703458670669e-09 -9.085498497881902e-10 
 5.495408738576509e+01  1.000000000000000e+00  0.000000000000000e+00  9.564387578284183e-09 -9.192267333259035e-10 
 5.559042572704302e+01  1.000000000000000e+00  0.000000000000000e+00  9.605608433430036e-09 -9.339495529656343e-10 
 5.623413251903760e+01  1.000000000000000e+00  0.000000000000000e+00  9.548712593441622e-09 -9.390799418636340e-10 
 5.688529308438687e+01  1.000000000000000e+00  0.000000000000000e+00  9.559906606829561e-09 -9.510958255909635e-10 
 5.754399373371846e+01  1.000000000000000e+00  0.000000000000000e+00  9.616699111983254e-09 -9.679105678571647e-10 
 5.821032177708994e+01  1.000000000000000e+00  0.000000000000000e+00  9.601716779605483e-09 -9.775611699960115e-10 
 5.888436553556173e+01  1.000000000000000e+00  0.000000000000000e+00  9.560674988722234e-09 -9.845805600057120e-10 
 5.956621435290392e+01  1.000000000000000e+00  0.000000000000000e+00  9.561517034847714e-09 -9.960795281753747e-10 
 6.025595860743869e+01  1.000000000000000e+00  0.000000000000000e+00  9.577427863200524e-09 -1.009315010689222e-09 
 6.095368972401987e+01  1.000000000000000e+00  0.000000000000000e+00  9.533445084498058e-09 -1.016232780252110e-09 
 6.165950018615121e+01  1.000000000000000e+00  0.000000000000000e+00  9.587631265295382e-09 -1.033949167979215e-09 
 6.237348354824496e+01  1.000000000000000e+00  0.000000000000000e+00  9.545667055139550e-09 -1.041261173238708e-09 
 6.309573444802240e+01  1.000000000000000e+00  0.000000000000000e+00  9.563111722771093e-09 -1.055265231829225e-09 
 6.382634861905798e+01  1.000000000000000e+00  0.000000000000000e+00  9.513392826941279e-09 -1.061860849280134e-09 
 6.456542290346870e+01  1.000000000000000e+00  0.000000000000000e+00  9.549245733278425e-09 -1.078261126321093e-09 
 6.531305526475043e+01  1.000000000000000e+00  0.000000000000000e+00  9.541567239424223e-09 -1.089867357251034e-09 
 6.606934480076283e+01  1.000000000000000e+00  0.000000000000000e+00  9.546895639451472e-09 -1.103094085784403e-09 
 6.683439175686473e+01  1.000000000000000e+00  0.000000000000000e+00  9.526784022205221e-09 -1.113484645104607e-09 
 6.760829753920149e+01  1.000000000000000e+00  0.000000000000000e+00  9.511652869133725e-09 -1.124557279623270e-09 
 6.839116472814628e+01  1.000000000000000e+00  0.000000000000000e+00  9.553448721753800e-09 -1.142670400205141e-09 
 6.918309709189704e+01  1.000000000000000e+00  0.000000000000000e+00  9.492832863162060e-09 -1.148448839733497e-09 
 6.998419960023078e+01  1.000000000000000e+00  0.000000000000000e+00  9.495514052146000e-09 -1.162088338111620e-09 
 7.079457843841726e+01  1.000000000000000e+00  0.000000000000000e+00  9.538989017547508e-09 -1.180997805575427e-09 
 7.161434102129371e+01  1.000000000000000e+00  0.000000000000000e+00  9.529163593618994e-09 -1.193425983934921e-09 
 7.244359600750256e+01  1.000000000000000e+00  0.000000000000000e+00  9.510258509137337e-09 -1.204812490472916e-09 
 7.328245331389401e+01  1.000000000000000e+00  0.000000000000000e+00  9.501398618350001e-09 -1.217606349821859e-09 
 7.413102413009540e+01  1.000000000000000e+00  0.000000000000000e+00  9.473521217495673e-09 -1.228029528804378e-09 
 7.498942093324928e+01  1.000000000000000e+00  0.000000000000000e+00  9.488860646963244e-09 -1.244285411118991e-09 
 7.585775750292213e+01  1.000000000000000e+00  0.000000000000000e+00  9.491375409748190e-09 -1.259064512177998e-09 
 7.673614893618569e+01  1.000000000000000e+00  0.000000000000000e+00  9.469923614099658e-09 -1.270705880426613e-09 
 7.762471166287301e+01  1.000000000000000e+00  0.000000000000000e+00  9.504342118624794e-09 -1.290150475971049e-09 
 7.852356346101107e+01  1.000000000000000e+00  0.000000000000000e+00  9.463291933353658e-09 -1.299370014877640e-09 
 7.943282347243209e+01  1.000000000000000e+00  0.000000000000000e+00  9.492524133652546e-09 -1.318539433632491e-09 
 8.035261221856572e+01  1.000000000000000e+00  0.000000000000000e+00  9.480016115132961e-09 -1.332043051967773e-09 
 8.128305161641397e+01  1.000000000000000e+00  0.000000000000000e+00  9.451178848187672e-09 -1.343298717499200e-09 
 8.222426499471122e+01  1.000000000000000e+00  0.000000000000000e+00  9.475615821215202e-09 -1.362402117374505e-09 
 8.317637711027126e+01  1.000000000000000e+00  0.000000000000000e+00  9.481498131079286e-09 -1.379064199380514e-09 
 8.413951416452372e+01  1.000000000000000e+00  0.000000000000000e+00  9.418205190522421e-09 -1.385552711717528e-09 
 8.511380382024191e+01  1.000000000000000e+00  0.000000000000000e+00  9.464467851054274e-09 -1.408603772618216e-09 
 8.609937521846439e+01  1.000000000000000e+00  0.000000000000000e+00  9.449209882032730e-09 -1.422593843025427e-09 
 8.709635899561245e+01  1.000000000000000e+00  0.000000000000000e+00  9.430664341190508e-09 -1.436179775765026e-09 
 8.810488730080586e+01  1.000000000000000e+00  0.000000000000000e+00  9.464479535243589e-09 -1.458122764362775e-09 
 8.912509381337905e+01  1.000000000000000e+00  0.000000000000000e+00  9.465097272929679e-09 -1.475108213901892e-09 
 9.015711376060024e+01  1.000000000000000e+00  0.000000000000000e+00  9.390864437651089e-09 -1.480262282744344e-09 
 9.120108393559559e+01  1.000000000000000e+00  0.000000000000000e+00  9.407801944542632e-09 -1.500157389214545e-09 
 9.225714271548100e+01  1.000000000000000e+00  0.000000000000000e+00  9.417487534695349e-09 -1.519120969845750e-09 
 9.332543007970385e+01  1.000000000000000e+00  0.000000000000000e+00  9.419135444192468e-09 -1.537005858538395e-09 
 9.440608762859715e+01  1.000000000000000e+00  0.000000000000000e+00  9.383343262108098e-09 -1.548791729428741e-09 
 9.549925860214847e+01  1.000000000000000e+00  0.000000000000000e+00  9.393171313681892e-09 -1.568384660106958e-09 
 9.660508789898628e+01  1.000000000000000e+00  0.000000000000000e+00  9.413595452936198e-09 -1.590046545073124e-09 
 9.772372209558608e+01  1.000000000000000e+00  0.000000000000000e+00  9.360695499841453e-09 -1.599283268031884e-09 
 9.885530946569897e+01  1.000000000000000e+00  0.000000000000000e+00  9.377400354449871e-09 -1.620692187048810e-09 
 1.000000000000051e+02  1.000000000000000e+00  0.000000000000000e+00  9.396654564072489e-09 -1.642888452375575e-09 
 1.011579454259951e+02  1.000000000000000e+00  0.000000000000000e+00  9.394429287604405e-09 -1.661541251129659e-09 
 1.023292992280807e+02  1.000000000000000e+00  0.000000000000000e+00  9.366148425861789e-09 -1.675626590103940e-09 
 1.035142166679397e+02  1.000000000000000e+00  0.000000000000000e+00  9.350017207979328e-09 -1.692074274667549e-09 
 1.047128548050954e+02  1.000000000000000e+00  0.000000000000000e+00  9.380564487122378e-09 -1.717348959810467e-09 
 1.059253725177344e+02  1.000000000000000e+00  0.000000000000000e+00  9.351702263076358e-09 -1.731807570836037e-09 
 1.071519305237662e+02  1.000000000000000e+00  0.000000000000000e+00  9.291148987466491e-09 -1.740303122246020e-09 
 1.083926914021260e+02  1.000000000000000e+00  0.000000000000000e+00  9.337065110624353e-09 -1.769304657834756e-09 
 1.096478196143242e+02  1.000000000000000e+00  0.000000000000000e+00  9.326984643659181e-09 -1.787834172318949e-09 
 1.109174815262459e+02  1.000000000000000e+00  0.000000000000000e+00  9.323053549026154e-09 -1.807766276083755e-09 
 1.122018454302022e+02  1.000000000000000e+00  0.000000000000000e+00  9.337886217173806e-09 -1.831652409802766e-09 
 1.135010815672374e+02  1.000000000000000e+00  0.000000000000000e+00  9.334564068512767e-09 -1.852191696003413e-09 
 1.148153621496943e+02  1.000000000000000e+00  0.000000000000000e+00  9.272154057522492e-09 -1.860894317648107e-09 
 1.161448613840403e+02  1.000000000000000e+00  0.000000000000000e+00  9.242206000758786e-09 -1.876262852841483e-09 
 1.174897554939591e+02  1.000000000000000e+00  0.000000000000000e+00  9.286219113113781e-09 -1.907195952605318e-09 
 1.188502227437080e+02  1.000000000000000e+00  0.000000000000000e+00  9.282603448230943e-09 -1.928526289265422e-09 
 1.202264434617476e+02  1.000000000000000e+00  0.000000000000000e+00  9.241611149354053e-09 -1.942071715954358e-09 
 1.216186000646432e+02  1.000000000000000e+00  0.000000000000000e+00  9.214237878095053e-09 -1.958667319555284e-09 
 1.230268770812446e+02  1.000000000000000e+00  0.000000000000000e+00  9.224177546493571e-09 -1.983519538945229e-09 
 1.244514611771450e+02  1.000000000000000e+00  0.000000000000000e+00  9.244985385770859e-09 -2.011095780582635e-09 
 1.258925411794233e+02  1.000000000000000e+00  0.000000000000000e+00  9.200552964886723e-09 -2.024419825392000e-09 
 1.273503081016729e+02  1.000000000000000e+00  0.000000000000000e+00  9.167820824097415e-09 -2.040447192122336e-09 
 1.288249551693202e+02  1.000000000000000e+00  0.000000000000000e+00  9.218295770212811e-09 -2.075630790100745e-09 
 1.303166778452368e+02  1.000000000000000e+00  0.000000000000000e+00  9.148447026988723e-09 -2.083471816458678e-09 
 1.318256738556477e+02  1.000000000000000e+00  0.000000000000000e+00  9.176836873025097e-09 -2.114293527669781e-09 
 1.333521432163395e+02  1.000000000000000e+00  0.000000000000000e+00  9.134545773359609e-09 -2.128718533679608e-09 
 1.348962882591725e+02  1.000000000000000e+00  0.000000000000000e+00  9.094234541339276e-09 -2.143693545110959e-09 
 1.364583136588997e+02  1.000000000000000e+00  0.000000000000000e+00  9.145038980594531e-09 -2.180862666353184e-09 
 1.380384264602958e+02  1.000000000000000e+00  0.000000000000000e+00  9.124206790312632e-09 -2.201009897221675e-09 
 1.396368361056012e+02  1.000000000000000e+00  0.000000000000000e+00  9.109226282897839e-09 -2.222760582208238e-09 
 1.412537544622830e+02  1.000000000000000e+00  0.000000000000000e+00  9.082335419067459e-09 -2.241740719711148e-09 
 1.428893958511179e+02  1.000000000000000e+00  0.000000000000000e+00  9.108442578910987e-09 -2.274336046336129e-09 
 1.445439770746005e+02  1.000000000000000e+00  0.000000000000000e+00  9.090447686950726e-09 -2.296072481680644e-09 
 1.462177174456796e+02  1.000000000000000e+00  0.000000000000000e+00  9.036555850217769e-09 -2.308636136346418e-09 
 1.479108388168287e+02  1.000000000000000e+00  0.000000000000000e+00  9.080813143780677e-09 -2.347006670933537e-09 
 1.496235656094514e+02  1.000000000000000e+00  0.000000000000000e+00  9.018636804006730e-09 -2.357634939984248e-09 
 1.513561248436289e+02  1.000000000000000e+00  0.000000000000000e+00  9.058928500655478e-09 -2.395805033738273e-09 
 1.531087461682112e+02  1.000000000000000e+00  0.000000000000000e+00  9.027908248892430e-09 -2.415067745999589e-09 
 1.548816618912565e+02  1.000000000000000e+00  0.000000000000000e+00  9.009620244880610e-09 -2.438005850276107e-09 
 1.566751070108234e+02  1.000000000000000e+00  0.000000000000000e+00  8.948715552797241e-09 -2.449276665909979e-09 
 1.584893192461199e+02  1.000000000000000e+00  0.000000000000000e+00  8.982473399365542e-09 -2.487181685399112e-09 
 1.603245390690128e+02  1.000000000000000e+00  0.000000000000000e+00  8.925909058609489e-09 -2.499832665292501e-09 
 1.621810097359018e+02  1.000000000000000e+00  0.000000000000000e+00  8.944514600480651e-09 -2.534130011146434e-09 
 1.640589773199628e+02  1.000000000000000e+00  0.000000000000000e+00  8.952296297418680e-09 -2.565738706672600e-09 
 1.659586907437651e+02  1.000000000000000e+00  0.000000000000000e+00  8.942907159581784e-09 -2.592709118965253e-09 
 1.678804018122651e+02  1.000000000000000e+00  0.000000000000000e+00  8.901913023571747e-09 -2.610484435096371e-09 
 1.698243652461837e+02  1.000000000000000e+00  0.000000000000000e+00  8.871482068378140e-09 -2.631512741410212e-09 
 1.717908387157682e+02  1.000000000000000e+00  0.000000000000000e+00  8.841637302749031e-09 -2.652873436246141e-09 
 1.737800828749470e+02  1.000000000000000e+00  0.000000000000000e+00  8.836908785298935e-09 -2.682149289797429e-09 
 1.757923613958789e+02  1.000000000000000e+00  0.000000000000000e+00  8.829562524620979e-09 -2.710956045965437e-09 
 1.778279410039020e+02  1.000000000000000e+00  0.000000000000000e+00  8.804335922035149e-09 -2.734343833630084e-09 
 1.798870915128886e+02  1.000000000000000e+00  0.000000000000000e+00  8.809301260898419e-09 -2.767613434747642e-09 
 1.819700858610083e+02  1.000000000000000e+00  0.000000000000000e+00  8.772691014407143e-09 -2.787810036639082e-09 
 1.840772001469057e+02  1.000000000000000e+00  0.000000000000000e+00  8.744698530987755e-09 -2.810902500899868e-09 
 1.862087136662969e+02  1.000000000000000e+00  0.000000000000000e+00  8.756862471185191e-09 -2.847484083376081e-09 
 1.883649089489904e+02  1.000000000000000e+00  0.000000000000000e+00  8.702815840427956e-09 -2.862367709798334e-09 
 1.905460717963352e+02  1.000000000000000e+00  0.000000000000000e+00  8.679003198018283e-09 -2.887454571829425e-09 
 1.927524913191042e+02  1.000000000000000e+00  0.000000000000000e+00  8.643238370673208e-09 -2.908650638066787e-09 
 1.949844599758153e+02  1.000000000000000e+00  0.000000000000000e+00  8.627594085015161e-09 -2.936870584723493e-09 
 1.972422736114962e+02  1.000000000000000e+00  0.000000000000000e+00  8.631584214883385e-09 -2.972312538538626e-09 
 1.995262314968990e+02  1.000000000000000e+00  0.000000000000000e+00  8.622432298035598e-09 -3.003435205726178e-09 
 2.018366363681672e+02  1.000000000000000e+00  0.000000000000000e+00  8.556230123589784e-09 -3.014463351407991e-09 
 2.041737944669642e+02  1.000000000000000e+00  0.000000000000000e+00  8.568367601678349e-09 -3.053787565242229e-09 
 2.065380155810644e+02  1.000000000000000e+00  0.000000000000000e+00  8.565134971748550e-09 -3.087976718568145e-09 
 2.089296130854155e+02  1.000000000000000e+00  0.000000000000000e+00  8.511133708252153e-09 -3.103705873241220e-09 
 2.113489039836764e+02  1.000000000000000e+00  0.000000000000000e+00  8.480940001430535e-09 -3.128280200663915e-09 
 2.137962089502351e+02  1.000000000000000e+00  0.000000000000000e+00  8.473614709954432e-09 -3.161680333488878e-09 
 2.162718523727141e+02  1.000000000000000e+00  0.000000000000000e+00  8.433733097137810e-09 -3.182948013136428e-09 
 2.187761623949674e+02  1.000000000000000e+00  0.000000000000000e+00  8.416920421482922e-09 -3.213274743128162e-09 
 2.213094709605761e+02  1.000000000000000e+00  0.000000000000000e+00  8.402915303650600e-09 -3.245041074013359e-09 
 2.238721138568465e+02  1.000000000000000e+00  0.000000000000000e+00  8.419500842745059e-09 -3.289174716785055e-09 
 2.264644307593186e+02  1.000000000000000e+00  0.000000000000000e+00  8.377811057989437e-09 -3.310476753539066e-09 
 2.290867652767901e+02  1.000000000000000e+00  0.000000000000000e+00  8.338425948652692e-09 -3.332790211654237e-09 
 2.317394649968608e+02  1.000000000000000e+00  0.000000000000000e+00  8.285860840367163e-09 -3.349720237340727e-09 
 2.344228815320054e+02  1.000000000000000e+00  0.000000000000000e+00  8.290514093539213e-09 -3.390392763031550e-09 
 2.371373705661788e+02  1.000000000000000e+00  0.000000000000000e+00  8.225901153879650e-09 -3.402508838955677e-09 
 2.398832919019625e+02  1.000000000000000e+00  0.000000000000000e+00  8.192129138157760e-09 -3.427458180742552e-09 
 2.426610095082552e+02  1.000000000000000e+00  0.000000000000000e+00  8.194450027894666e-09 -3.468124790470669e-09 
 2.454708915685169e+02  1.000000000000000e+00  0.000000000000000e+00  8.175274313255727e-09 -3.499911615487432e-09 
 2.483133105295710e+02  1.000000000000000e+00  0.000000000000000e+00  8.088084254175476e-09 -3.501972795110679e-09 
 2.511886431509722e+02  1.000000000000000e+00  0.000000000000000e+00  8.085084042849355e-09 -3.541153862653655e-09 
 2.540972705549449e+02  1.000000000000000e+00  0.000000000000000e+00  8.082929456816926e-09 -3.581263959795650e-09 
 2.570395782769009e+02  1.000000000000000e+00  0.000000000000000e+00  8.008912297478713e-09 -3.588851166754273e-09 
 2.600159563165419e+02  1.000000000000000e+00  0.000000000000000e+00  8.005396284422922e-09 -3.628861681837631e-09 
 2.630267991895531e+02  1.000000000000000e+00  0.000000000000000e+00  7.944291605299278e-09 -3.642232853588289e-09 
 2.660725059798961e+02  1.000000000000000e+00  0.000000000000000e+00  7.886577624332180e-09 -3.657126882916834e-09 
 2.691534803927069e+02  1.000000000000000e+00  0.000000000000000e+00  7.892909700173492e-09 -3.702516696352438e-09 
 2.722701308078068e+02  1.000000000000000e+00  0.000000000000000e+00  7.852441427343496e-09 -3.725794239155342e-09 
 2.754228703338323e+02  1.000000000000000e+00  0.000000000000000e+00  7.820910936783703e-09 -3.753519213937147e-09 
 2.786121168629929e+02  1.000000000000000e+00  0.000000000000000e+00  7.783038307014546e-09 -3.778246853577906e-09 
 2.818382931264615e+02  1.000000000000000e+00  0.000000000000000e+00  7.757975501071523e-09 -3.809384022267670e-09 
 2.851018267504073e+02  1.000000000000000e+00  0.000000000000000e+00  7.725127344761185e-09 -3.836860298852022e-09 
 2.884031503126772e+02  1.000000000000000e+00  0.000000000000000e+00  7.661973028843974e-09 -3.848989695189172e-09 
 2.917427014001335e+02  1.000000000000000e+00  0.000000000000000e+00  7.655899842422709e-09 -3.890320530671766e-09 
 2.951209226666555e+02  1.000000000000000e+00  0.000000000000000e+00  7.621864394283934e-09 -3.917534297732451e-09 
 2.985382618918131e+02  1.000000000000000e+00  0.000000000000000e+00  7.583936718222003e-09 -3.942809895875242e-09 
 3.019951720402190e+02  1.000000000000000e+00  0.000000000000000e+00  7.526874676884573e-09 -3.957806176541068e-09 
 3.054921113215689e+02  1.000000000000000e+00  0.000000000000000e+00  7.497787233703220e-09 -3.987832378402859e-09 
 3.090295432513769e+02  1.000000000000000e+00  0.000000000000000e+00  7.452922741753147e-09 -4.009372465879125e-09 
 3.126079367124136e+02  1.000000000000000e+00  0.000000000000000e+00  7.450278743275415e-09 -4.054333115503035e-09 
 3.162277660168562e+02  1.000000000000000e+00  0.000000000000000e+00  7.385251274161795e-09 -4.064737125879236e-09 
 3.198895109691583e+02  1.000000000000000e+00  0.000000000000000e+00  7.378936440753550e-09 -4.108149437629218e-09 
 3.235936569296470e+02  1.000000000000000e+00  0.000000000000000e+00  7.313416158736814e-09 -4.118055998579475e-09 
 3.273406948788572e+02  1.000000000000000e+00  0.000000000000000e+00  7.220340836324118e-09 -4.111616033861294e-09 
 3.311311214826103e+02  1.000000000000000e+00  0.000000000000000e+00  7.221616946008079e-09 -4.160015704281856e-09 
 3.349654391578471e+02  1.000000000000000e+00  0.000000000000000e+00  7.188734768585534e-09 -4.188551868436171e-09 
 3.388441561392223e+02  1.000000000000000e+00  0.000000000000000e+00  7.141025198356861e-09 -4.208324412091711e-09 
 3.427677865464703e+02  1.000000000000000e+00  0.000000000000000e+00  7.087349822587641e-09 -4.224361681097986e-09 
 3.467368504525519e+02  1.000000000000000e+00  0.000000000000000e+00  7.042953340383109e-09 -4.245828776587449e-09 
 3.507518739525885e+02  1.000000000000000e+00  0.000000000000000e+00  7.028413665668520e-09 -4.286005781729309e-09 
 3.548133892335962e+02  1.000000000000000e+00  0.000000000000000e+00  6.969361196014674e-09 -4.298433376720271e-09 
 3.589219346450263e+02  1.000000000000000e+00  0.000000000000000e+00  6.926621217378083e-09 -4.320917031211966e-09 
 3.630780547701227e+02  1.000000000000000e+00  0.000000000000000e+00  6.841599150469795e-09 -4.316040793560455e-09 
 3.672823004981063e+02  1.000000000000000e+00  0.000000000000000e+00  6.805463941576752e-09 -4.342401842375191e-09 
 3.715352290971944e+02  1.000000000000000e+00  0.000000000000000e+00  6.763167999633969e-09 -4.364757143037043e-09 
 3.758374042884663e+02  1.000000000000000e+00  0.000000000000000e+00  6.740245995204058e-09 -4.399998051183348e-09 
 3.801893963205836e+02  1.000000000000000e+00  0.000000000000000e+00  6.691906394178158e-09 -4.418233713648001e-09 
 3.845917820453763e+02  1.000000000000000e+00  0.000000000000000e+00  6.644631656308950e-09 -4.437174570966988e-09 
 3.890451449943037e+02  1.000000000000000e+00  0.000000000000000e+00  6.605960668252761e-09 -4.461816246792471e-09 
 3.935500754558008e+02  1.000000000000000e+00  0.000000000000000e+00  6.518162169976945e-09 -4.451947497176138e-09 
 3.981071705535209e+02  1.000000000000000e+00  0.000000000000000e+00  6.498251121513196e-09 -4.489518615891216e-09 
 4.027170343254830e+02  1.000000000000000e+00  0.000000000000000e+00  6.432667951216807e-09 -4.494500539862882e-09 
 4.073802778041370e+02  1.000000000000000e+00  0.000000000000000e+00  6.404926805112367e-09 -4.526579153987711e-09 
 4.120975190973548e+02  1.000000000000000e+00  0.000000000000000e+00  6.349294952255331e-09 -4.538108626514145e-09 
 4.168693834703603e+02  1.000000000000000e+00  0.000000000000000e+00  6.307396260579084e-09 -4.559610393813302e-09 
 4.216965034286075e+02  1.000000000000000e+00  0.000000000000000e+00  6.272511239844333e-09 -4.586367389222776e-09 
 4.265795188016182e+02  1.000000000000000e+00  0.000000000000000e+00  6.176549379241633e-09 -4.566513529591148e-09 
 4.315190768277911e+02  1.000000000000000e+00  0.000000000000000e+00  6.137670672109942e-09 -4.589719665849638e-09 
 4.365158322401921e+02  1.000000000000000e+00  0.000000000000000e+00  6.086667095564643e-09 -4.603216446257344e-09 
 4.415704473533390e+02  1.000000000000000e+00  0.000000000000000e+00  6.044578486978885e-09 -4.623570084574206e-09 
 4.466835921509900e+02  1.000000000000000e+00  0.000000000000000e+00  5.988987962119731e-09 -4.632913562009101e-09 
 4.518559443749496e+02  1.000000000000000e+00  0.000000000000000e+00  5.941089472576296e-09 -4.648151610624988e-09 
 4.570881896149025e+02  1.000000000000000e+00  0.000000000000000e+00  5.885145892004493e-09 -4.656512677102828e-09 
 4.623810213992882e+02  1.000000000000000e+00  0.000000000000000e+00  5.811465977885553e-09 -4.649792756530142e-09 
 4.677351412872264e+02  1.000000000000000e+00  0.000000000000000e+00  5.772186056488330e-09 -4.670925289889001e-09 
 4.731512589615090e+02  1.000000000000000e+00  0.000000000000000e+00  5.720343509299313e-09 -4.681449970272934e-09 
 4.786300923226673e+02  1.000000000000000e+00  0.000000000000000e+00  5.659801837695235e-09 -4.684163885113404e-09 
 4.841723675841287e+02  1.000000000000000e+00  0.000000000000000e+00  5.601998926359534e-09 -4.688672043228880e-09 
 4.897788193684759e+02  1.000000000000000e+00  0.000000000000000e+00  5.552889505937959e-09 -4.700202314216004e-09 
 4.954501908048202e+02  1.000000000000000e+00  0.000000000000000e+00  5.524727169190391e-09 -4.729813912464310e-09 
 5.011872336273027e+02  1.000000000000000e+00  0.000000000000000e+00  5.444602812096854e-09 -4.713252923854109e-09 
 5.069907082747351e+02  1.000000000000000e+00  0.000000000000000e+00  5.419393128214874e-09 -4.745129314595500e-09 
 5.128613839913960e+02  1.000000000000000e+00  0.000000000000000e+00  5.338412426734117e-09 -4.726194537509401e-09 
 5.188000389289926e+02  1.000000000000000e+00  0.000000000000000e+00  5.319975585508043e-09 -4.764014897715640e-09 
 5.248074602498045e+02  1.000000000000000e+00  0.000000000000000e+00  5.242921328510420e-09 -4.747206242634774e-09 
 5.308844442310207e+02  1.000000000000000e+00  0.000000000000000e+00  5.197183147235521e-09 -4.759069983608548e-09 
 5.370317963702854e+02  1.000000000000000e+00  0.000000000000000e+00  5.140088813580129e-09 -4.759672813081086e-09 
 5.432503314924663e+02  1.000000000000000e+00  0.000000000000000e+00  5.086535479300507e-09 -4.763050924510995e-09 
 5.495408738576581e+02  1.000000000000000e+00  0.000000000000000e+00  5.010338873675494e-09 -4.743865845746641e-09 
 5.559042572704375e+02  1.000000000000000e+00  0.000000000000000e+00  4.954766474921611e-09 -4.743845973838702e-09 
 5.623413251903834e+02  1.000000000000000e+00  0.000000000000000e+00  4.920064829474471e-09 -4.764078173624675e-09 
 5.688529308438762e+02  1.000000000000000e+00  0.000000000000000e+00  4.879890713236734e-09 -4.778637010724972e-09 
 5.754399373371921e+02  1.000000000000000e+00  0.000000000000000e+00  4.814457199818218e-09 -4.766968247872302e-09 
 5.821032177709070e+02  1.000000000000000e+00  0.000000000000000e+00  4.759063454665038e-09 -4.764815535104059e-09 
 5.888436553556251e+02  1.000000000000000e+00  0.000000000000000e+00  4.702499602192987e-09 -4.760841508565442e-09 
 5.956621435290471e+02  1.000000000000000e+00  0.000000000000000e+00  4.648612847013968e-09 -4.758956742730285e-09 
 6.025595860743948e+02  1.000000000000000e+00  0.000000000000000e+00  4.568537126016937e-09 -4.728182183071864e-09 
 6.095368972402067e+02  1.000000000000000e+00  0.000000000000000e+00  4.535688965173279e-09 -4.747386128851373e-09 
 6.165950018615202e+02  1.000000000000000e+00  0.000000000000000e+00  4.465080608792311e-09 -4.725022551742503e-09 
 6.237348354824578e+02  1.000000000000000e+00  0.000000000000000e+00  4.422849312905506e-09 -4.732978452790058e-09 
 6.309573444802323e+02  1.000000000000000e+00  0.000000000000000e+00  4.341504356425430e-09 -4.696373864587289e-09 
 6.382634861905883e+02  1.000000000000000e+00  0.000000000000000e+00  4.309885262485634e-09 -4.714958875396249e-09 
 6.456542290346956e+02  1.000000000000000e+00  0.000000000000000e+00  4.250248774260166e-09 -4.701127047731677e-09 
 6.531305526475130e+02  1.000000000000000e+00  0.000000000000000e+00  4.212912900406331e-09 -4.712162500339822e-09 
 6.606934480076371e+02  1.000000000000000e+00  0.000000000000000e+00  4.157705566327173e-09 -4.701939001805532e-09 
 6.683439175686563e+02  1.000000000000000e+00  0.000000000000000e+00  4.103665484835462e-09 -4.692165835506936e-09 
 6.760829753920240e+02  1.000000000000000e+00  0.000000000000000e+00  4.043186572836568e-09 -4.673882595675975e-09 
 6.839116472814720e+02  1.000000000000000e+00  0.000000000000000e+00  4.009846445221499e-09 -4.687472917442150e-09 
 6.918309709189797e+02  1.000000000000000e+00  0.000000000000000e+00  3.930022446966511e-09 -4.643549957825946e-09 
 6.998419960023173e+02  1.000000000000000e+00  0.000000000000000e+00  3.894336702744137e-09 -4.652873373075421e-09 
 7.079457843841823e+02  1.000000000000000e+00  0.000000000000000e+00  3.844200715388889e-09 -4.643515296993798e-09 
 7.161434102129469e+02  1.000000000000000e+00  0.000000000000000e+00  3.771416345915062e-09 -4.604983079158510e-09 
 7.244359600750356e+02  1.000000000000000e+00  0.000000000000000e+00  3.702605107151031e-09 -4.569399207697122e-09 
 7.328245331389502e+02  1.000000000000000e+00  0.000000000000000e+00  3.669834188265049e-09 -4.579693495797028e-09 
 7.413102413009642e+02  1.000000000000000e+00  0.000000000000000e+00  3.637166966601589e-09 -4.589754307952193e-09 
 7.498942093325031e+02  1.000000000000000e+00  0.000000000000000e+00  3.582147481289192e-09 -4.569608592127489e-09 
 7.585775750292316e+02  1.000000000000000e+00  0.000000000000000e+00  3.511607621657295e-09 -4.527258578765868e-09 
 7.673614893618674e+02  1.000000000000000e+00  0.000000000000000e+00  3.476175579875920e-09 -4.531542197744060e-09 
 7.762471166287407e+02  1.000000000000000e+00  0.000000000000000e+00  3.441653053809512e-09 -4.536248386145282e-09 
 7.852356346101215e+02  1.000000000000000e+00  0.000000000000000e+00  3.386240365211700e-09 -4.511713456122318e-09 
 7.943282347243318e+02  1.000000000000000e+00  0.000000000000000e+00  3.325419598270828e-09 -4.477801646834978e-09 
 8.035261221856681e+02  1.000000000000000e+00  0.000000000000000e+00  3.291331711081230e-09 -4.481086544742049e-09 
 8.128305161641507e+02  1.000000000000000e+00  0.000000000000000e+00  3.236783609382129e-09 -4.453992490474103e-09 
 8.222426499471233e+02  1.000000000000000e+00  0.000000000000000e+00  3.179476211690379e-09 -4.421933079792363e-09 
 8.317637711027238e+02  1.000000000000000e+00  0.000000000000000e+00  3.138845105795480e-09 -4.412852236184914e-09 
 8.413951416452486e+02  1.000000000000000e+00  0.000000000000000e+00  3.094752054346947e-09 -4.398149641899642e-09 
 8.511380382024306e+02  1.000000000000000e+00  0.000000000000000e+00  3.042356808212292e-09 -4.369808866535110e-09 
 8.609937521846555e+02  1.000000000000000e+00  0.000000000000000e+00  3.000929261435126e-09 -4.356821133629906e-09 
 8.709635899561362e+02  1.000000000000000e+00  0.000000000000000e+00  2.942432490517818e-09 -4.316654764430043e-09 
 8.810488730080704e+02  1.000000000000000e+00  0.000000000000000e+00  2.901875236707306e-09 -4.303366288695761e-09 
 8.912509381338025e+02  1.000000000000000e+00  0.000000000000000e+00  2.857909054456700e-09 -4.283595350391273e-09 
 9.015711376060145e+02  1.000000000000000e+00  0.000000000000000e+00  2.832860972568714e-09 -4.293026711519547e-09 
 9.120108393559681e+02  1.000000000000000e+00  0.000000000000000e+00  2.779452592040243e-09 -4.256051972656438e-09 
 9.225714271548222e+02  1.000000000000000e+00  0.000000000000000e+00  2.727564644800049e-09 -4.220469136066024e-09 
 9.332543007970509e+02  1.000000000000000e+00  0.000000000000000e+00  2.694452254888078e-09 -4.214374394980510e-09 
 9.440608762859839e+02  1.000000000000000e+00  0.000000000000000e+00  2.637881496793577e-09 -4.168405069141130e-09 
 9.549925860214972e+02  1.000000000000000e+00  0.000000000000000e+00  2.596352419267001e-09 -4.145959618640730e-09 
 9.660508789898754e+02  1.000000000000000e+00  0.000000000000000e+00  2.550282813210548e-09 -4.114548040061623e-09 
 9.772372209558735e+02  1.000000000000000e+00  0.000000000000000e+00  2.531595435501909e-09 -4.129970790811739e-09 
 9.885530946570024e+02  1.000000000000000e+00  0.000000000000000e+00  2.478962310518149e-09 -4.085492556293955e-09 
 1.000000000000064e+03  1.000000000000000e+00  0.000000000000000e+00  2.447809085891965e-09 -4.077102213999317e-09 
 1.011579454259964e+03  1.000000000000000e+00  0.000000000000000e+00  2.397563718150024e-09 -4.034125625457068e-09 
 1.023292992280820e+03  1.000000000000000e+00  0.000000000000000e+00  2.370094068006063e-09 -4.030735841289729e-09 
 1.035142166679411e+03  1.000000000000000e+00  0.000000000000000e+00  2.324852329909071e-09 -3.994315075689283e-09 
 1.047128548050967e+03  1.000000000000000e+00  0.000000000000000e+00  2.285138684498384e-09 -3.966595317559784e-09 
 1.059253725177357e+03  1.000000000000000e+00  0.000000000000000e+00  2.250759624312156e-09 -3.947787975211794e-09 
 1.071519305237676e+03  1.000000000000000e+00  0.000000000000000e+00  2.214381805680933e-09 -3.924152858995195e-09 
 1.083926914021273e+03  1.000000000000000e+00  0.000000000000000e+00  2.173965266214894e-09 -3.891952813359686e-09 
 1.096478196143256e+03  1.000000000000000e+00  0.000000000000000e+00  2.137902708144112e-09 -3.866696780797062e-09 
 1.109174815262473e+03  1.000000000000000e+00  0.000000000000000e+00  2.106416203463170e-09 -3.849282426116561e-09 
 1.122018454302036e+03  1.000000000000000e+00  0.000000000000000e+00  2.061558226843093e-09 -3.804224782573678e-09 
 1.135010815672388e+03  1.000000000000000e+00  0.000000000000000e+00  2.026449279077724e-09 -3.777503917361345e-09 
 1.148153621496957e+03  1.000000000000000e+00  0.000000000000000e+00  1.993324527431396e-09 -3.753801270853490e-09 
 1.161448613840418e+03  1.000000000000000e+00  0.000000000000000e+00  1.966204114223192e-09 -3.741376280129698e-09 
 1.174897554939606e+03  1.000000000000000e+00  0.000000000000000e+00  1.922702763040645e-09 -3.693756429955057e-09 
 1.188502227437096e+03  1.000000000000000e+00  0.000000000000000e+00  1.886462929396899e-09 -3.660018084179067e-09 
 1.202264434617491e+03  1.000000000000000e+00  0.000000000000000e+00  1.855149851012067e-09 -3.635373652392977e-09 
 1.216186000646447e+03  1.000000000000000e+00  0.000000000000000e+00  1.828409653336586e-09 -3.619917513582750e-09 
 1.230268770812462e+03  1.000000000000000e+00  0.000000000000000e+00  1.798535474786540e-09 -3.596138637416459e-09 
 1.244514611771466e+03  1.000000000000000e+00  0.000000000000000e+00  1.764901016015885e-09 -3.563546653346118e-09 
 1.258925411794249e+03  1.000000000000000e+00  0.000000000000000e+00  1.731522613170663e-09 -3.530086861768065e-09 
 1.273503081016745e+03  1.000000000000000e+00  0.000000000000000e+00  1.701121396761732e-09 -3.502125716270572e-09 
 1.288249551693218e+03  1.000000000000000e+00  0.000000000000000e+00  1.673730779453819e-09 -3.479839126325091e-09 
 1.303166778452385e+03  1.000000000000000e+00  0.000000000000000e+00  1.643492002903544e-09 -3.450277542133267e-09 
 1.318256738556493e+03  1.000000000000000e+00  0.000000000000000e+00  1.618380035778126e-09 -3.431539140081458e-09 
 1.333521432163411e+03  1.000000000000000e+00  0.000000000000000e+00  1.588557895225743e-09 -3.400255702110284e-09 
 1.348962882591742e+03  1.000000000000000e+00  0.000000000000000e+00  1.560567824020664e-09 -3.372558930367885e-09 
 1.364583136589014e+03  1.000000000000000e+00  0.000000000000000e+00  1.533322893133848e-09 -3.345759763424133e-09 
 1.380384264602976e+03  1.000000000000000e+00  0.000000000000000e+00  1.507084842440945e-09 -3.320148109187907e-09 
 1.396368361056030e+03  1.000000000000000e+00  0.000000000000000e+00  1.484455646553746e-09 -3.302211894662573e-09 
 1.412537544622847e+03  1.000000000000000e+00  0.000000000000000e+00  1.452163676640532e-09 -3.259224477434285e-09 
 1.428893958511197e+03  1.000000000000000e+00  0.000000000000000e+00  1.426655458740679e-09 -3.232245038894271e-09 
 1.445439770746023e+03  1.000000000000000e+00  0.000000000000000e+00  1.404914597086585e-09 -3.213978997545532e-09 
 1.462177174456815e+03  1.000000000000000e+00  0.000000000000000e+00  1.379878085594119e-09 -3.186259670061135e-09 
 1.479108388168306e+03  1.000000000000000e+00  0.000000000000000e+00  1.358676830094110e-09 -3.167285914985364e-09 
 1.496235656094533e+03  1.000000000000000e+00  0.000000000000000e+00  1.326993505747567e-09 -3.119509695481346e-09 
 1.513561248436309e+03  1.000000000000000e+00  0.000000000000000e+00  1.309302045790137e-09 -3.108268744169210e-09 
 1.531087461682132e+03  1.000000000000000e+00  0.000000000000000e+00  1.285894643071822e-09 -3.080486661436767e-09 
 1.548816618912585e+03  1.000000000000000e+00  0.000000000000000e+00  1.260021276200526e-09 -3.045141544629447e-09 
 1.566751070108254e+03  1.000000000000000e+00  0.000000000000000e+00  1.242034294775827e-09 -3.029751878417045e-09 
 1.584893192461219e+03  1.000000000000000e+00  0.000000000000000e+00  1.211960729745418e-09 -2.980421303310464e-09 
 1.603245390690149e+03  1.000000000000000e+00  0.000000000000000e+00  1.194790540538348e-09 -2.966367708325673e-09 
 1.621810097359039e+03  1.000000000000000e+00  0.000000000000000e+00  1.179247776447875e-09 -2.955690449552364e-09 
 1.640589773199649e+03  1.000000000000000e+00  0.000000000000000e+00  1.151840616661040e-09 -2.909687781297784e-09 
 1.659586907437672e+03  1.000000000000000e+00  0.000000000000000e+00  1.135400349063507e-09 -2.895029688849624e-09 
 1.678804018122673e+03  1.000000000000000e+00  0.000000000000000e+00  1.112693095959585e-09 -2.860913412530870e-09 
 1.698243652461858e+03  1.000000000000000e+00  0.000000000000000e+00  1.093188416078825e-09 -2.834853956830766e-09 
 1.717908387157704e+03  1.000000000000000e+00  0.000000000000000e+00  1.076908129193238e-09 -2.818106549008249e-09 
 1.737800828749492e+03  1.000000000000000e+00  0.000000000000000e+00  1.051864953686000e-09 -2.773256471471849e-09 
 1.757923613958811e+03  1.000000000000000e+00  0.000000000000000e+00  1.037489801440140e-09 -2.760912630353322e-09 
 1.778279410039043e+03  1.000000000000000e+00  0.000000000000000e+00  1.020500765251816e-09 -2.739023258419362e-09 
 1.798870915128909e+03  1.000000000000000e+00  0.000000000000000e+00  9.985892412446573e-10 -2.700150570039521e-09 
 1.819700858610106e+03  1.000000000000000e+00  0.000000000000000e+00  9.851587862882137e-10 -2.688088390117097e-09 
 1.840772001469080e+03  1.000000000000000e+00  0.000000000000000e+00  9.672544108233470e-10 -2.660904837832948e-09 
 1.862087136662994e+03  1.000000000000000e+00  0.000000000000000e+00  9.477724209223655e-10 -2.627367127030003e-09 
 1.883649089489928e+03  1.000000000000000e+00  0.000000000000000e+00  9.346141359477863e-10 -2.613893039190608e-09 
 1.905460717963377e+03  1.000000000000000e+00  0.000000000000000e+00  9.167854175809649e-10 -2.582955778950013e-09 
 1.927524913191067e+03  1.000000000000000e+00  0.000000000000000e+00  9.015197888065981e-10 -2.561351794072922e-09 
 1.949844599758178e+03  1.000000000000000e+00  0.000000000000000e+00  8.858155458332882e-10 -2.536368867104427e-09 
 1.972422736114988e+03  1.000000000000000e+00  0.000000000000000e+00  8.712922110686548e-10 -2.514826678606981e-09 
 1.995262314969016e+03  1.000000000000000e+00  0.000000000000000e+00  8.571628689021710e-10 -2.493754004836111e-09 
 2.018366363681699e+03  1.000000000000000e+00  0.000000000000000e+00  8.435483504675638e-10 -2.473924004238806e-09 
 2.041737944669669e+03  1.000000000000000e+00  0.000000000000000e+00  8.260719429868278e-10 -2.439117641043521e-09 
 2.065380155810671e+03  1.000000000000000e+00  0.000000000000000e+00  8.112071443790452e-10 -2.412523905041125e-09 
 2.089296130854183e+03  1.000000000000000e+00  0.000000000000000e+00  7.980587308822873e-10 -2.391955467788247e-09 
 2.113489039836792e+03  1.000000000000000e+00  0.000000000000000e+00  7.814597201218250e-10 -2.357432885837993e-09 
 2.137962089502379e+03  1.000000000000000e+00  0.000000000000000e+00  7.666345955818386e-10 -2.327935909470467e-09 
 2.162718523727169e+03  1.000000000000000e+00  0.000000000000000e+00  7.584532196559866e-10 -2.323401083288365e-09 
 2.187761623949703e+03  1.000000000000000e+00  0.000000000000000e+00  7.414575292107105e-10 -2.284341077732864e-09 
 2.213094709605790e+03  1.000000000000000e+00  0.000000000000000e+00  7.280905808883004e-10 -2.257983974817725e-09 
 2.238721138568494e+03  1.000000000000000e+00  0.000000000000000e+00  7.205291888240611e-10 -2.254175641177962e-09 
 2.264644307593216e+03  1.000000000000000e+00  0.000000000000000e+00  7.075424190698567e-10 -2.227699390732439e-09 
 2.290867652767931e+03  1.000000000000000e+00  0.000000000000000e+00  6.942108676376724e-10 -2.199626347168179e-09 
 2.317394649968639e+03  1.000000000000000e+00  0.000000000000000e+00  6.841240804108042e-10 -2.183988459373599e-09 
 2.344228815320084e+03  1.000000000000000e+00  0.000000000000000e+00  6.717831834500529e-10 -2.157146823038129e-09 
 2.371373705661819e+03  1.000000000000000e+00  0.000000000000000e+00  6.601113893375159e-10 -2.133361968960530e-09 
 2.398832919019656e+03  1.000000000000000e+00  0.000000000000000e+00  6.487484070660950e-10 -2.109116763291015e-09 
 2.426610095082583e+03  1.000000000000000e+00  0.000000000000000e+00  6.381295290628936e-10 -2.088154798596600e-09 
 2.454708915685200e+03  1.000000000000000e+00  0.000000000000000e+00  6.287176726029538e-10 -2.071343393355608e-09 
 2.483133105295743e+03  1.000000000000000e+00  0.000000000000000e+00  6.173877079129861e-10 -2.045180061546401e-09 
 2.511886431509754e+03  1.000000000000000e+00  0.000000000000000e+00  6.087404145281691e-10 -2.030068891852380e-09 
 2.540972705549481e+03  1.000000000000000e+00  0.000000000000000e+00  5.987219579302707e-10 -2.008356721379390e-09 
 2.570395782769042e+03  1.000000000000000e+00  0.000000000000000e+00  5.889843830616517e-10 -1.986932898919401e-09 
 2.600159563165453e+03  1.000000000000000e+00  0.000000000000000e+00  5.811763370970374e-10 -1.974393078825638e-09 
 2.630267991895565e+03  1.000000000000000e+00  0.000000000000000e+00  5.702546368327541e-10 -1.945880425866485e-09 
 2.660725059798995e+03  1.000000000000000e+00  0.000000000000000e+00  5.605717900706761e-10 -1.922391218217231e-09 
 2.691534803927103e+03  1.000000000000000e+00  0.000000000000000e+00  5.535229625930230e-10 -1.910919325770824e-09 
 2.722701308078103e+03  1.000000000000000e+00  0.000000000000000e+00  5.447757510130147e-10 -1.891407251305988e-09 
 2.754228703338359e+03  1.000000000000000e+00  0.000000000000000e+00  5.355103213690597e-10 -1.867563368708469e-09 
 2.786121168629965e+03  1.000000000000000e+00  0.000000000000000e+00  5.264590645072615e-10 -1.844317487034904e-09 
 2.818382931264651e+03  1.000000000000000e+00  0.000000000000000e+00  5.183780060001694e-10 -1.825777231441103e-09 
 2.851018267504109e+03  1.000000000000000e+00  0.000000000000000e+00  5.091667201048895e-10 -1.799489314285516e-09 
 2.884031503126808e+03  1.000000000000000e+00  0.000000000000000e+00  5.030645294594720e-10 -1.788895367775545e-09 
 2.917427014001372e+03  1.000000000000000e+00  0.000000000000000e+00  4.961341938951487e-10 -1.773759152143978e-09 
 2.951209226666593e+03  1.000000000000000e+00  0.000000000000000e+00  4.865277970200733e-10 -1.744369288554301e-09 
 2.985382618918170e+03  1.000000000000000e+00  0.000000000000000e+00  4.801660334803354e-10 -1.731184485044904e-09 
 3.019951720402229e+03  1.000000000000000e+00  0.000000000000000e+00  4.718628165406428e-10 -1.706398795485106e-09 
 3.054921113215728e+03  1.000000000000000e+00  0.000000000000000e+00  4.663684135733761e-10 -1.695913594236195e-09 
 3.090295432513808e+03  1.000000000000000e+00  0.000000000000000e+00  4.592238636612952e-10 -1.675319423336333e-09 
 3.126079367124176e+03  1.000000000000000e+00  0.000000000000000e+00  4.528640478636552e-10 -1.660427735193301e-09 
 3.162277660168603e+03  1.000000000000000e+00  0.000000000000000e+00  4.470547560682142e-10 -1.647138262589332e-09 
 3.198895109691624e+03  1.000000000000000e+00  0.000000000000000e+00  4.394892679423774e-10 -1.623249768108181e-09 
 3.235936569296512e+03  1.000000000000000e+00  0.000000000000000e+00  4.328726837222953e-10 -1.603572044031262e-09 
 3.273406948788614e+03  1.000000000000000e+00  0.000000000000000e+00  4.262790382860608e-10 -1.583847416284159e-09 
 3.311311214826146e+03  1.000000000000000e+00  0.000000000000000e+00  4.212831810018833e-10 -1.573655269895141e-09 
 3.349654391578515e+03  1.000000000000000e+00  0.000000000000000e+00  4.156214792222805e-10 -1.557919522120893e-09 
 3.388441561392267e+03  1.000000000000000e+00  0.000000000000000e+00  4.084793139654441e-10 -1.532344104685987e-09 
 3.427677865464748e+03  1.000000000000000e+00  0.000000000000000e+00  4.023801149048711e-10 -1.512538764375515e-09 
 3.467368504525564e+03  1.000000000000000e+00  0.000000000000000e+00  3.979628618899539e-10 -1.503734265361975e-09 
 3.507518739525930e+03  1.000000000000000e+00  0.000000000000000e+00  3.909614032390979e-10 -1.476799474592685e-09 
 3.548133892336008e+03  1.000000000000000e+00  0.000000000000000e+00  3.869259754244359e-10 -1.468616451973798e-09 
 3.589219346450309e+03  1.000000000000000e+00  0.000000000000000e+00  3.832837431973538e-10 -1.462995934684366e-09 
 3.630780547701273e+03  1.000000000000000e+00  0.000000000000000e+00  3.773030125906861e-10 -1.441511132899490e-09 
 3.672823004981110e+03  1.000000000000000e+00  0.000000000000000e+00  3.716517698112856e-10 -1.420546320981750e-09 
 3.715352290971992e+03  1.000000000000000e+00  0.000000000000000e+00  3.679383162554016e-10 -1.412010332659322e-09 
 3.758374042884712e+03  1.000000000000000e+00  0.000000000000000e+00  3.625615391136643e-10 -1.392412690573788e-09 
 3.801893963205885e+03  1.000000000000000e+00  0.000000000000000e+00  3.580810089767609e-10 -1.378613570090365e-09 
 3.845917820453813e+03  1.000000000000000e+00  0.000000000000000e+00  3.537655110868944e-10 -1.365430677812557e-09 
 3.890451449943086e+03  1.000000000000000e+00  0.000000000000000e+00  3.485415373403653e-10 -1.344898387968529e-09 
 3.935500754558058e+03  1.000000000000000e+00  0.000000000000000e+00  3.448485250544145e-10 -1.334803605319845e-09 
 3.981071705535260e+03  1.000000000000000e+00  0.000000000000000e+00  3.402504673681323e-10 -1.317965009914671e-09 
 4.027170343254882e+03  1.000000000000000e+00  0.000000000000000e+00  3.351621115856734e-10 -1.296037227191404e-09 
 4.073802778041422e+03  1.000000000000000e+00  0.000000000000000e+00  3.324685619719063e-10 -1.291656248972317e-09 
 4.120975190973601e+03  1.000000000000000e+00  0.000000000000000e+00  3.278307850811363e-10 -1.273291735286522e-09 
 4.168693834703657e+03  1.000000000000000e+00  0.000000000000000e+00  3.237825804520912e-10 -1.258525465265559e-09 
 4.216965034286129e+03  1.000000000000000e+00  0.000000000000000e+00  3.203880690413083e-10 -1.246936331099346e-09 
 4.265795188016236e+03  1.000000000000000e+00  0.000000000000000e+00  3.165517516962404e-10 -1.231681898399700e-09 
 4.315190768277966e+03  1.000000000000000e+00  0.000000000000000e+00  3.124435254655200e-10 -1.214423339668258e-09 
 4.365158322401977e+03  1.000000000000000e+00  0.000000000000000e+00  3.095166413140805e-10 -1.205277739592392e-09 
 4.415704473533447e+03  1.000000000000000e+00  0.000000000000000e+00  3.064934073614026e-10 -1.196463471700437e-09 
 4.466835921509957e+03  1.000000000000000e+00  0.000000000000000e+00  3.030329696687164e-10 -1.182792668495691e-09 
 4.518559443749554e+03  1.000000000000000e+00  0.000000000000000e+00  2.995919821903101e-10 -1.168620816652602e-09 
 4.570881896149084e+03  1.000000000000000e+00  0.000000000000000e+00  2.959114646567708e-10 -1.152138842230171e-09 
 4.623810213992941e+03  1.000000000000000e+00  0.000000000000000e+00  2.921241598160987e-10 -1.135194913331333e-09 
 4.677351412872325e+03  1.000000000000000e+00  0.000000000000000e+00  2.895992220377087e-10 -1.128024113353221e-09 
 4.731512589615151e+03  1.000000000000000e+00  0.000000000000000e+00  2.866515874899679e-10 -1.115852355394048e-09 
 4.786300923226734e+03  1.000000000000000e+00  0.000000000000000e+00  2.838046184915283e-10 -1.103323633627404e-09 
 4.841723675841348e+03  1.000000000000000e+00  0.000000000000000e+00  2.809251322099518e-10 -1.091406629785338e-09 
 4.897788193684822e+03  1.000000000000000e+00  0.000000000000000e+00  2.777558064868653e-10 -1.078124526937216e-09 
 4.954501908048266e+03  1.000000000000000e+00  0.000000000000000e+00  2.752947302764189e-10 -1.067302083301511e-09 
 5.011872336273092e+03  1.000000000000000e+00  0.000000000000000e+00  2.725167611713976e-10 -1.055388815620131e-09 
 5.069907082747417e+03  1.000000000000000e+00  0.000000000000000e+00  2.701277821760308e-10 -1.045914310021656e-09 
 5.128613839914026e+03  1.000000000000000e+00  0.000000000000000e+00  2.673506490247658e-10 -1.031767232415048e-09 
 5.188000389289994e+03  1.000000000000000e+00  0.000000000000000e+00  2.648779801045628e-10 -1.021512814657413e-09 
 5.248074602498114e+03  1.000000000000000e+00  0.000000000000000e+00  2.619439292276854e-10 -1.006658596758303e-09 
 5.308844442310276e+03  1.000000000000000e+00  0.000000000000000e+00  2.594081494072418e-10 -9.948208112321721e-10 
 5.370317963702924e+03  1.000000000000000e+00  0.000000000000000e+00  2.578308477160199e-10 -9.906414156872489e-10 
 5.432503314924734e+03  1.000000000000000e+00  0.000000000000000e+00  2.549636832091745e-10 -9.746767132539497e-10 
 5.495408738576652e+03  1.000000000000000e+00  0.000000000000000e+00  2.525942060835448e-10 -9.630201362915980e-10 
 5.559042572704448e+03  1.000000000000000e+00  0.000000000000000e+00  2.506437812968597e-10 -9.543884144352227e-10 
 5.623413251903908e+03  1.000000000000000e+00  0.000000000000000e+00  2.480810188624106e-10 -9.399963067039524e-10 
 5.688529308438837e+03  1.000000000000000e+00  0.000000000000000e+00  2.460493442427462e-10 -9.302681747754699e-10 
 5.754399373371997e+03  1.000000000000000e+00  0.000000000000000e+00  2.443480520391140e-10 -9.227446376436355e-10 
 5.821032177709148e+03  1.000000000000000e+00  0.000000000000000e+00  2.422294143627937e-10 -9.128800267793613e-10 
 5.888436553556328e+03  1.000000000000000e+00  0.000000000000000e+00  2.406234787363424e-10 -9.057456503563932e-10 
 5.956621435290549e+03  1.000000000000000e+00  0.000000000000000e+00  2.384636110672406e-10 -8.940247483296693e-10 
 6.025595860744027e+03  1.000000000000000e+00  0.000000000000000e+00  2.362205267682086e-10 -8.798210025112718e-10 
 6.095368972402147e+03  1.000000000000000e+00  0.000000000000000e+00  2.344523001101780e-10 -8.712940048269391e-10 
 6.165950018615283e+03  1.000000000000000e+00  0.000000000000000e+00  2.325447807881016e-10 -8.590574042052768e-10 
 6.237348354824660e+03  1.000000000000000e+00  0.000000000000000e+00  2.311165196329230e-10 -8.542665858556064e-10 
 6.309573444802405e+03  1.000000000000000e+00  0.000000000000000e+00  2.289134062901234e-10 -8.397371079743587e-10 
 6.382634861905965e+03  1.000000000000000e+00  0.000000000000000e+00  2.271510346084273e-10 -8.301006475079642e-10 
 6.456542290347040e+03  1.000000000000000e+00  0.000000000000000e+00  2.255381658953300e-10 -8.216708554872887e-10 
 6.531305526475215e+03  1.000000000000000e+00  0.000000000000000e+00  2.242834428920447e-10 -8.152496394978059e-10 
 6.606934480076457e+03  1.000000000000000e+00  0.000000000000000e+00  2.222386556534795e-10 -8.012188594877512e-10 
 6.683439175686650e+03  1.000000000000000e+00  0.000000000000000e+00  2.210238880955592e-10 -7.961369558398546e-10 
 6.760829753920328e+03  1.000000000000000e+00  0.000000000000000e+00  2.196323242972310e-10 -7.874765778695392e-10 
 6.839116472814810e+03  1.000000000000000e+00  0.000000000000000e+00  2.177810905652213e-10 -7.747650004191753e-10 
 6.918309709189888e+03  1.000000000000000e+00  0.000000000000000e+00  2.167001758495769e-10 -7.700830966829442e-10 
 6.998419960023265e+03  1.000000000000000e+00  0.000000000000000e+00  2.151608574535208e-10 -7.610975803588882e-10 
 7.079457843841916e+03  1.000000000000000e+00  0.000000000000000e+00  2.137465024177080e-10 -7.507100349343765e-10 
 7.161434102129563e+03  1.000000000000000e+00  0.000000000000000e+00  2.126388100700313e-10 -7.471309851174446e-10 
 7.244359600750450e+03  1.000000000000000e+00  0.000000000000000e+00  2.109833877769166e-10 -7.328712970690321e-10 
 7.328245331389598e+03  1.000000000000000e+00  0.000000000000000e+00  2.097776341606619e-10 -7.260406546805154e-10 
 7.413102413009738e+03  1.000000000000000e+00  0.000000000000000e+00  2.083726421660617e-10 -7.156128619366375e-10 
 7.498942093325129e+03  1.000000000000000e+00  0.000000000000000e+00  2.073814866238185e-10 -7.126615101001044e-10 
 7.585775750292415e+03  1.000000000000000e+00  0.000000000000000e+00  2.059292792305810e-10 -6.990218850803920e-10 
 7.673614893618774e+03  1.000000000000000e+00  0.000000000000000e+00  2.050010652361990e-10 -6.952533080500922e-10 
 7.762471166287509e+03  1.000000000000000e+00  0.000000000000000e+00  2.036403739863121e-10 -6.837359311541447e-10 
 7.852356346101316e+03  1.000000000000000e+00  0.000000000000000e+00  2.024315004834384e-10 -6.760008260629780e-10 
 7.943282347243421e+03  1.000000000000000e+00  0.000000000000000e+00  2.014687280326995e-10 -6.693660408937929e-10 
 8.035261221856787e+03  1.000000000000000e+00  0.000000000000000e+00  2.003699261225083e-10 -6.606983185379611e-10 
 8.128305161641614e+03  1.000000000000000e+00  0.000000000000000e+00  1.995801141810739e-10 -6.569750134535757e-10 
 8.222426499471341e+03  1.000000000000000e+00  0.000000000000000e+00  1.984797283870340e-10 -6.497538024112515e-10 
 8.317637711027348e+03  1.000000000000000e+00  0.000000000000000e+00  1.974202060983361e-10 -6.414021705251904e-10 
 8.413951416452597e+03  1.000000000000000e+00  0.000000000000000e+00  1.965504088492450e-10 -6.349374121090989e-10 
 8.511380382024419e+03  1.000000000000000e+00  0.000000000000000e+00  1.953097610737594e-10 -6.263496227752741e-10 
 8.609937521846668e+03  1.000000000000000e+00  0.000000000000000e+00  1.946220357250850e-10 -6.200328410421729e-10 
 8.709635899561477e+03  1.000000000000000e+00  0.000000000000000e+00  1.935715099766078e-10 -6.122159394023052e-10 
 8.810488730080820e+03  1.000000000000000e+00  0.000000000000000e+00  1.925876467578479e-10 -6.039983192415721e-10 
 8.912509381338143e+03  1.000000000000000e+00  0.000000000000000e+00  1.919681312444687e-10 -5.998958595501702e-10 
 9.015711376060264e+03  1.000000000000000e+00  0.000000000000000e+00  1.909745906133000e-10 -5.903518407630870e-10 
 9.120108393559802e+03  1.000000000000000e+00  0.000000000000000e+00  1.900383651373574e-10 -5.858773856684540e-10 
 9.225714271548344e+03  1.000000000000000e+00  0.000000000000000e+00  1.893665915671553e-10 -5.783634955507100e-10 
 9.332543007970631e+03  1.000000000000000e+00  0.000000000000000e+00  1.885295857756018e-10 -5.727644456811343e-10 
 9.440608762859963e+03  1.000000000000000e+00  0.000000000000000e+00  1.876403086050913e-10 -5.645203644821795e-10 
 9.549925860215099e+03  1.000000000000000e+00  0.000000000000000e+00  1.868775479652582e-10 -5.565274842529722e-10 
 9.660508789898882e+03  1.000000000000000e+00  0.000000000000000e+00  1.862465941392881e-10 -5.529679704581458e-10 
 9.772372209558866e+03  1.000000000000000e+00  0.000000000000000e+00  1.856949715929547e-10 -5.488364584853300e-10 
 9.885530946570156e+03  1.000000000000000e+00  0.000000000000000e+00  1.846890129708883e-10 -5.386247619795781e-10 
 1.000000000000078e+04  1.000000000000000e+00  0.000000000000000e+00  1.838862793792132e-10 -5.329746301414862e-10 
 1.011579454259977e+04  1.000000000000000e+00  0.000000000000000e+00  1.834050312574836e-10 -5.273053035881325e-10 
 1.023292992280834e+04  1.000000000000000e+00  0.000000000000000e+00  1.828140431937397e-10 -5.244996368648780e-10 
 1.035142166679424e+04  1.000000000000000e+00  0.000000000000000e+00  1.821259253571026e-10 -5.149778841209707e-10 
 1.047128548050981e+04  1.000000000000000e+00  0.000000000000000e+00  1.814180808143028e-10 -5.098182527182860e-10 
 1.059253725177371e+04  1.000000000000000e+00  0.000000000000000e+00  1.808678002493728e-10 -5.026050222713130e-10 
 1.071519305237690e+04  1.000000000000000e+00  0.000000000000000e+00  1.801642882936507e-10 -4.986094497352878e-10 
 1.083926914021288e+04  1.000000000000000e+00  0.000000000000000e+00  1.795639856322026e-10 -4.914858910479158e-10 
 1.096478196143271e+04  1.000000000000000e+00  0.000000000000000e+00  1.789774237357365e-10 -4.867014291587424e-10 
 1.109174815262488e+04  1.000000000000000e+00  0.000000000000000e+00  1.783681876312460e-10 -4.790771321316889e-10 
 1.122018454302051e+04  1.000000000000000e+00  0.000000000000000e+00  1.779930659446031e-10 -4.778555303189269e-10 
 1.135010815672404e+04  1.000000000000000e+00  0.000000000000000e+00  1.773259829582598e-10 -4.706077489508020e-10 
 1.148153621496973e+04  1.000000000000000e+00  0.000000000000000e+00  1.768416183075498e-10 -4.638179510602081e-10 
 1.161448613840434e+04  1.000000000000000e+00  0.000000000000000e+00  1.762759926836831e-10 -4.593079909465114e-10 
 1.174897554939622e+04  1.000000000000000e+00  0.000000000000000e+00  1.759154866250840e-10 -4.563984034450241e-10 
 1.188502227437112e+04  1.000000000000000e+00  0.000000000000000e+00  1.753386865461658e-10 -4.486062060021778e-10 
 1.202264434617508e+04  1.000000000000000e+00  0.000000000000000e+00  1.748846084834448e-10 -4.447728435552634e-10 
 1.216186000646464e+04  1.000000000000000e+00  0.000000000000000e+00  1.744346059739596e-10 -4.422104921825154e-10 
 1.230268770812479e+04  1.000000000000000e+00  0.000000000000000e+00  1.737789482965575e-10 -4.329794361587758e-10 
 1.244514611771483e+04  1.000000000000000e+00  0.000000000000000e+00  1.735565537247237e-10 -4.295792489089623e-10 
 1.258925411794267e+04  1.000000000000000e+00  0.000000000000000e+00  1.731253981591008e-10 -4.253386158906136e-10 
 1.273503081016763e+04  1.000000000000000e+00  0.000000000000000e+00  1.725815111818158e-10 -4.185534445075301e-10 
 1.288249551693236e+04  1.000000000000000e+00  0.000000000000000e+00  1.721145524212031e-10 -4.143797544681194e-10 
 1.303166778452403e+04  1.000000000000000e+00  0.000000000000000e+00  1.717259483790016e-10 -4.101619452065441e-10 
 1.318256738556512e+04  1.000000000000000e+00  0.000000000000000e+00  1.713490042738676e-10 -4.040627372622896e-10 
 1.333521432163430e+04  1.000000000000000e+00  0.000000000000000e+00  1.710065853638009e-10 -4.009627196238652e-10 
 1.348962882591761e+04  1.000000000000000e+00  0.000000000000000e+00  1.705927691623076e-10 -3.958517836438746e-10 
 1.364583136589033e+04  1.000000000000000e+00  0.000000000000000e+00  1.703313675407948e-10 -3.911418871085925e-10 
 1.380384264602995e+04  1.000000000000000e+00  0.000000000000000e+00  1.698087136940522e-10 -3.858560710529035e-10 
 1.396368361056049e+04  1.000000000000000e+00  0.000000000000000e+00  1.695222078184689e-10 -3.841661841072486e-10 
 1.412537544622867e+04  1.000000000000000e+00  0.000000000000000e+00  1.690539282455002e-10 -3.782584011638446e-10 
 1.428893958511217e+04  1.000000000000000e+00  0.000000000000000e+00  1.688826422491815e-10 -3.734254294673889e-10 
 1.445439770746043e+04  1.000000000000000e+00  0.000000000000000e+00  1.685068557772003e-10 -3.695485219917805e-10 
 1.462177174456835e+04  1.000000000000000e+00  0.000000000000000e+00  1.682217933812844e-10 -3.684549800681003e-10 
 1.479108388168326e+04  1.000000000000000e+00  0.000000000000000e+00  1.679360269654640e-10 -3.619557951972663e-10 
 1.496235656094553e+04  1.000000000000000e+00  0.000000000000000e+00  1.674331556138621e-10 -3.574909786599467e-10 
 1.513561248436329e+04  1.000000000000000e+00  0.000000000000000e+00  1.670722485766420e-10 -3.511269200742739e-10 
 1.531087461682153e+04  1.000000000000000e+00  0.000000000000000e+00  1.668730745728005e-10 -3.505176756485318e-10 
 1.548816618912606e+04  1.000000000000000e+00  0.000000000000000e+00  1.665360951456907e-10 -3.455825625664488e-10 
 1.566751070108275e+04  1.000000000000000e+00  0.000000000000000e+00  1.664058497083171e-10 -3.433002953093234e-10 
 1.584893192461241e+04  1.000000000000000e+00  0.000000000000000e+00  1.660741276588568e-10 -3.371737784807483e-10 
 1.603245390690170e+04  1.000000000000000e+00  0.000000000000000e+00  1.658201627562279e-10 -3.334908217633714e-10 
 1.621810097359060e+04  1.000000000000000e+00  0.000000000000000e+00  1.655470317816034e-10 -3.295216027127124e-10 
 1.640589773199671e+04  1.000000000000000e+00  0.000000000000000e+00  1.651822452284528e-10 -3.255129126314427e-10 
 1.659586907437694e+04  1.000000000000000e+00  0.000000000000000e+00  1.650306087058327e-10 -3.222227120541765e-10 
 1.678804018122696e+04  1.000000000000000e+00  0.000000000000000e+00  1.648221705264643e-10 -3.191682265701878e-10 
 1.698243652461881e+04  1.000000000000000e+00  0.000000000000000e+00  1.645242988307578e-10 -3.151323169428566e-10 
 1.717908387157727e+04  1.000000000000000e+00  0.000000000000000e+00  1.641694123309320e-10 -3.116578939366121e-10 
 1.737800828749516e+04  1.000000000000000e+00  0.000000000000000e+00  1.641021264764452e-10 -3.083075218734965e-10 
 1.757923613958835e+04  1.000000000000000e+00  0.000000000000000e+00  1.637583768098556e-10 -3.040014724328688e-10 
 1.778279410039067e+04  1.000000000000000e+00  0.000000000000000e+00  1.635266399796097e-10 -3.001049912049192e-10 
 1.798870915128933e+04  1.000000000000000e+00  0.000000000000000e+00  1.634414566475961e-10 -2.978183949453594e-10 
 1.819700858610131e+04  1.000000000000000e+00  0.000000000000000e+00  1.631409097440153e-10 -2.943421452752948e-10 
 1.840772001469105e+04  1.000000000000000e+00  0.000000000000000e+00  1.629255212595151e-10 -2.922611024719357e-10 
 1.862087136663018e+04  1.000000000000000e+00  0.000000000000000e+00  1.626653427298612e-10 -2.886593533646398e-10 
 1.883649089489953e+04  1.000000000000000e+00  0.000000000000000e+00  1.625036064642049e-10 -2.839765922413306e-10 
 1.905460717963402e+04  1.000000000000000e+00  0.000000000000000e+00  1.622514102375206e-10 -2.799599770758610e-10 
 1.927524913191092e+04  1.000000000000000e+00  0.000000000000000e+00  1.622848020787875e-10 -2.778139758172204e-10 
 1.949844599758204e+04  1.000000000000000e+00  0.000000000000000e+00  1.619883436440009e-10 -2.745596415151819e-10 
 1.972422736115014e+04  1.000000000000000e+00  0.000000000000000e+00  1.617642204066708e-10 -2.710210831799453e-10 
 1.995262314969042e+04  1.000000000000000e+00  0.000000000000000e+00  1.616307534251719e-10 -2.689564924940324e-10 
 2.018366363681725e+04  1.000000000000000e+00  0.000000000000000e+00  1.614231678623919e-10 -2.650561835987331e-10 
 2.041737944669696e+04  1.000000000000000e+00  0.000000000000000e+00  1.611665593191126e-10 -2.628984191802020e-10 
 2.065380155810698e+04  1.000000000000000e+00  0.000000000000000e+00  1.611297120984170e-10 -2.593028352801396e-10 
 2.089296130854210e+04  1.000000000000000e+00  0.000000000000000e+00  1.610056764967489e-10 -2.564505786548099e-10 
 2.113489039836820e+04  1.000000000000000e+00  0.000000000000000e+00  1.607557738116691e-10 -2.538754892075779e-10 
 2.137962089502407e+04  1.000000000000000e+00  0.000000000000000e+00  1.606852648172469e-10 -2.503702471040592e-10 
 2.162718523727198e+04  1.000000000000000e+00  0.000000000000000e+00  1.604329248998935e-10 -2.484881822875651e-10 
 2.187761623949732e+04  1.000000000000000e+00  0.000000000000000e+00  1.603360734925199e-10 -2.446891500182402e-10 
 2.213094709605820e+04  1.000000000000000e+00  0.000000000000000e+00  1.600978192790696e-10 -2.422619466146969e-10 
 2.238721138568524e+04  1.000000000000000e+00  0.000000000000000e+00  1.600234487766374e-10 -2.386563056552826e-10 
 2.264644307593246e+04  1.000000000000000e+00  0.000000000000000e+00  1.599908834294629e-10 -2.367492235241797e-10 
 2.290867652767962e+04  1.000000000000000e+00  0.000000000000000e+00  1.597612015282520e-10 -2.342784369280260e-10 
 2.317394649968670e+04  1.000000000000000e+00  0.000000000000000e+00  1.597284940760540e-10 -2.316814205760576e-10 
 2.344228815320116e+04  1.000000000000000e+00  0.000000000000000e+00  1.594745722331920e-10 -2.289764992197130e-10 
 2.371373705661851e+04  1.000000000000000e+00  0.000000000000000e+00  1.594379461084244e-10 -2.262914092221457e-10 
 2.398832919019689e+04  1.000000000000000e+00  0.000000000000000e+00  1.594411371932448e-10 -2.240147459892095e-10 
 2.426610095082616e+04  1.000000000000000e+00  0.000000000000000e+00  1.591206477764471e-10 -2.209038316852707e-10 
 2.454708915685234e+04  1.000000000000000e+00  0.000000000000000e+00  1.590977782189081e-10 -2.189525852291929e-10 
 2.483133105295776e+04  1.000000000000000e+00  0.000000000000000e+00  1.589543755612668e-10 -2.163330330845481e-10 
 2.511886431509789e+04  1.000000000000000e+00  0.000000000000000e+00  1.587710927696538e-10 -2.132159275525236e-10 
 2.540972705549516e+04  1.000000000000000e+00  0.000000000000000e+00  1.585977336601967e-10 -2.112694880151977e-10 
 2.570395782769077e+04  1.000000000000000e+00  0.000000000000000e+00  1.585465277809247e-10 -2.081015498811567e-10 
 2.600159563165488e+04  1.000000000000000e+00  0.000000000000000e+00  1.584384028664666e-10 -2.072357181692741e-10 
 2.630267991895601e+04  1.000000000000000e+00  0.000000000000000e+00  1.584669466841667e-10 -2.040966562422142e-10 
 2.660725059799031e+04  1.000000000000000e+00  0.000000000000000e+00  1.583306920833571e-10 -2.010906267890800e-10 
 2.691534803927140e+04  1.000000000000000e+00  0.000000000000000e+00  1.581333758938195e-10 -1.989879355041024e-10 
 2.722701308078139e+04  1.000000000000000e+00  0.000000000000000e+00  1.580476957261604e-10 -1.972430899166433e-10 
 2.754228703338396e+04  1.000000000000000e+00  0.000000000000000e+00  1.579891812468199e-10 -1.949340966422852e-10 
 2.786121168630003e+04  1.000000000000000e+00  0.000000000000000e+00  1.579918546793131e-10 -1.934364803751754e-10 
 2.818382931264689e+04  1.000000000000000e+00  0.000000000000000e+00  1.578884302623875e-10 -1.908095469821403e-10 
 2.851018267504148e+04  1.000000000000000e+00  0.000000000000000e+00  1.577326441931214e-10 -1.876532713940282e-10 
 2.884031503126847e+04  1.000000000000000e+00  0.000000000000000e+00  1.576161680013656e-10 -1.873204872465672e-10 
 2.917427014001411e+04  1.000000000000000e+00  0.000000000000000e+00  1.576165842807897e-10 -1.836826784423762e-10 
 2.951209226666633e+04  1.000000000000000e+00  0.000000000000000e+00  1.575053782738216e-10 -1.830039279837603e-10 
 2.985382618918210e+04  1.000000000000000e+00  0.000000000000000e+00  1.573532049830347e-10 -1.805460919657165e-10 
 3.019951720402270e+04  1.000000000000000e+00  0.000000000000000e+00  1.572618468147170e-10 -1.787263895908220e-10 
 3.054921113215770e+04  1.000000000000000e+00  0.000000000000000e+00  1.572287614096416e-10 -1.762720559794761e-10 
 3.090295432513850e+04  1.000000000000000e+00  0.000000000000000e+00  1.572981087017648e-10 -1.742391855796832e-10 
 3.126079367124218e+04  1.000000000000000e+00  0.000000000000000e+00  1.571486124416670e-10 -1.719771703517781e-10 
 3.162277660168646e+04  1.000000000000000e+00  0.000000000000000e+00  1.571605660823268e-10 -1.700775891649853e-10 
 3.198895109691668e+04  1.000000000000000e+00  0.000000000000000e+00  1.569571324175562e-10 -1.679086054223733e-10 
 3.235936569296556e+04  1.000000000000000e+00  0.000000000000000e+00  1.569503798573482e-10 -1.661037557498801e-10 
 3.273406948788658e+04  1.000000000000000e+00  0.000000000000000e+00  1.567717986677986e-10 -1.643958805891410e-10 
 3.311311214826191e+04  1.000000000000000e+00  0.000000000000000e+00  1.568435495954805e-10 -1.619662529095400e-10 
 3.349654391578559e+04  1.000000000000000e+00  0.000000000000000e+00  1.567442075927575e-10 -1.611658931310878e-10 
 3.388441561392312e+04  1.000000000000000e+00  0.000000000000000e+00  1.565762682270017e-10 -1.585846905183264e-10 
 3.427677865464793e+04  1.000000000000000e+00  0.000000000000000e+00  1.566378922456067e-10 -1.574524486486206e-10 
 3.467368504525610e+04  1.000000000000000e+00  0.000000000000000e+00  1.566168250047729e-10 -1.555038597889080e-10 
 3.507518739525977e+04  1.000000000000000e+00  0.000000000000000e+00  1.565055323158411e-10 -1.539126534555457e-10 
 3.548133892336055e+04  1.000000000000000e+00  0.000000000000000e+00  1.564470549636487e-10 -1.524462153734696e-10 
 3.589219346450356e+04  1.000000000000000e+00  0.000000000000000e+00  1.563228319982927e-10 -1.499200919657939e-10 
 3.630780547701321e+04  1.000000000000000e+00  0.000000000000000e+00  1.563477758717569e-10 -1.486714137216572e-10 
 3.672823004981158e+04  1.000000000000000e+00  0.000000000000000e+00  1.562686559742742e-10 -1.469272689624823e-10 
 3.715352290972041e+04  1.000000000000000e+00  0.000000000000000e+00  1.562288161929522e-10 -1.449576743361991e-10 
 3.758374042884761e+04  1.000000000000000e+00  0.000000000000000e+00  1.562085135721480e-10 -1.430343829489367e-10 
 3.801893963205935e+04  1.000000000000000e+00  0.000000000000000e+00  1.562089589217429e-10 -1.419587086770591e-10 
 3.845917820453863e+04  1.000000000000000e+00  0.000000000000000e+00  1.560081910661690e-10 -1.398766432542109e-10 
 3.890451449943137e+04  1.000000000000000e+00  0.000000000000000e+00  1.560327395446533e-10 -1.387686406756350e-10 
 3.935500754558110e+04  1.000000000000000e+00  0.000000000000000e+00  1.561505594152666e-10 -1.375915076318179e-10 
 3.981071705535313e+04  1.000000000000000e+00  0.000000000000000e+00  1.560031712101104e-10 -1.359326505523395e-10 
 4.027170343254935e+04  1.000000000000000e+00  0.000000000000000e+00  1.558575439932278e-10 -1.343724697483450e-10 
 4.073802778041476e+04  1.000000000000000e+00  0.000000000000000e+00  1.558762268295388e-10 -1.325112606448409e-10 
 4.120975190973654e+04  1.000000000000000e+00  0.000000000000000e+00  1.557490825491916e-10 -1.312496621802550e-10 
 4.168693834703711e+04  1.000000000000000e+00  0.000000000000000e+00  1.557882085053558e-10 -1.299243594654609e-10 
 4.216965034286184e+04  1.000000000000000e+00  0.000000000000000e+00  1.557237881938227e-10 -1.288026733881065e-10 
 4.265795188016292e+04  1.000000000000000e+00  0.000000000000000e+00  1.557326636625420e-10 -1.268464673576108e-10 
 4.315190768278023e+04  1.000000000000000e+00  0.000000000000000e+00  1.557192815177574e-10 -1.253556113078869e-10 
 4.365158322402035e+04  1.000000000000000e+00  0.000000000000000e+00  1.556512616821167e-10 -1.237591539665628e-10 
 4.415704473533505e+04  1.000000000000000e+00  0.000000000000000e+00  1.556023141011022e-10 -1.222357440960886e-10 
 4.466835921510016e+04  1.000000000000000e+00  0.000000000000000e+00  1.555483561507982e-10 -1.213345778017239e-10 
 4.518559443749613e+04  1.000000000000000e+00  0.000000000000000e+00  1.555379051736919e-10 -1.192838224028936e-10 
 4.570881896149144e+04  1.000000000000000e+00  0.000000000000000e+00  1.555639948997746e-10 -1.181719930243297e-10 
 4.623810213993002e+04  1.000000000000000e+00  0.000000000000000e+00  1.554579334456675e-10 -1.169424383717921e-10 
 4.677351412872386e+04  1.000000000000000e+00  0.000000000000000e+00  1.554457520818939e-10 -1.160969306801540e-10 
 4.731512589615214e+04  1.000000000000000e+00  0.000000000000000e+00  1.554688671095809e-10 -1.147927829181494e-10 
 4.786300923226798e+04  1.000000000000000e+00  0.000000000000000e+00  1.553903507332376e-10 -1.127500939834825e-10 
 4.841723675841413e+04  1.000000000000000e+00  0.000000000000000e+00  1.553389508224343e-10 -1.121865933484401e-10 
 4.897788193684887e+04  1.000000000000000e+00  0.000000000000000e+00  1.553292833440280e-10 -1.108309971575849e-10 
 4.954501908048333e+04  1.000000000000000e+00  0.000000000000000e+00  1.552511419661111e-10 -1.096869678418599e-10 
 5.011872336273159e+04  1.000000000000000e+00  0.000000000000000e+00  1.551407927092522e-10 -1.083666559265062e-10 
 5.069907082747485e+04  1.000000000000000e+00  0.000000000000000e+00  1.552332795455840e-10 -1.070310333417535e-10 
 5.128613839914095e+04  1.000000000000000e+00  0.000000000000000e+00  1.552034997645124e-10 -1.059735806052675e-10 
 5.188000389290063e+04  1.000000000000000e+00  0.000000000000000e+00  1.551210608260242e-10 -1.050360076693124e-10 
 5.248074602498184e+04  1.000000000000000e+00  0.000000000000000e+00  1.552511976941028e-10 -1.034352326012566e-10 
 5.308844442310347e+04  1.000000000000000e+00  0.000000000000000e+00  1.551598082872099e-10 -1.027535556641368e-10 
 5.370317963702997e+04  1.000000000000000e+00  0.000000000000000e+00  1.550481266814063e-10 -1.017995271412886e-10 
 5.432503314924808e+04  1.000000000000000e+00  0.000000000000000e+00  1.549551968400668e-10 -1.002976764141739e-10 
 5.495408738576727e+04  1.000000000000000e+00  0.000000000000000e+00  1.549961238457749e-10 -9.940862022439489e-11 
 5.559042572704524e+04  1.000000000000000e+00  0.000000000000000e+00  1.550194549549549e-10 -9.820815688454942e-11 
 5.623413251903985e+04  1.000000000000000e+00  0.000000000000000e+00  1.549016848492214e-10 -9.693788133313674e-11 
 5.688529308438914e+04  1.000000000000000e+00  0.000000000000000e+00  1.549600005062123e-10 -9.587580729331080e-11 
 5.754399373372075e+04  1.000000000000000e+00  0.000000000000000e+00  1.548673308191841e-10 -9.479300330794693e-11 
 5.821032177709226e+04  1.000000000000000e+00  0.000000000000000e+00  1.548595201725234e-10 -9.393804137336481e-11 
 5.888436553556408e+04  1.000000000000000e+00  0.000000000000000e+00  1.548137044450094e-10 -9.306060436142793e-11 
 5.956621435290630e+04  1.000000000000000e+00  0.000000000000000e+00  1.547648927416323e-10 -9.185878099837730e-11 
 6.025595860744109e+04  1.000000000000000e+00  0.000000000000000e+00  1.547462347606561e-10 -9.057899222342236e-11 
 6.095368972402230e+04  1.000000000000000e+00  0.000000000000000e+00  1.547966009388980e-10 -8.973160409153635e-11 
 6.165950018615367e+04  1.000000000000000e+00  0.000000000000000e+00  1.546738868170479e-10 -8.874093820887552e-11 
 6.237348354824744e+04  1.000000000000000e+00  0.000000000000000e+00  1.546971347679213e-10 -8.802275922037417e-11 
 6.309573444802491e+04  1.000000000000000e+00  0.000000000000000e+00  1.547001912964759e-10 -8.707933679685809e-11 
 6.382634861906052e+04  1.000000000000000e+00  0.000000000000000e+00  1.547531266001857e-10 -8.561403322393524e-11 
 6.456542290347127e+04  1.000000000000000e+00  0.000000000000000e+00  1.546945157149433e-10 -8.518130645285282e-11 
 6.531305526475303e+04  1.000000000000000e+00  0.000000000000000e+00  1.547144872068515e-10 -8.421281727510888e-11 
 6.606934480076547e+04  1.000000000000000e+00  0.000000000000000e+00  1.546576956670646e-10 -8.291898764833938e-11 
 6.683439175686739e+04  1.000000000000000e+00  0.000000000000000e+00  1.546878223928315e-10 -8.238187215736659e-11 
 6.760829753920418e+04  1.000000000000000e+00  0.000000000000000e+00  1.546147248318412e-10 -8.121119401960364e-11 
 6.839116472814901e+04  1.000000000000000e+00  0.000000000000000e+00  1.545103162710511e-10 -8.068383114401279e-11 
 6.918309709189981e+04  1.000000000000000e+00  0.000000000000000e+00  1.546317537448431e-10 -7.964736162269226e-11 
 6.998419960023358e+04  1.000000000000000e+00  0.000000000000000e+00  1.546048817397880e-10 -7.888449962689670e-11 
 7.079457843842010e+04  1.000000000000000e+00  0.000000000000000e+00  1.546689457282771e-10 -7.742623556183936e-11 
 7.161434102129658e+04  1.000000000000000e+00  0.000000000000000e+00  1.544883884447429e-10 -7.691584869018442e-11 
 7.244359600750546e+04  1.000000000000000e+00  0.000000000000000e+00  1.544841767529836e-10 -7.634310197901506e-11 
 7.328245331389694e+04  1.000000000000000e+00  0.000000000000000e+00  1.544904011576559e-10 -7.528323797689751e-11 
 7.413102413009836e+04  1.000000000000000e+00  0.000000000000000e+00  1.544390795804595e-10 -7.456172138042838e-11 
 7.498942093325227e+04  1.000000000000000e+00  0.000000000000000e+00  1.544927798972223e-10 -7.377710248279712e-11 
 7.585775750292515e+04  1.000000000000000e+00  0.000000000000000e+00  1.545462818049875e-10 -7.293890838533379e-11 
 7.673614893618875e+04  1.000000000000000e+00  0.000000000000000e+00  1.544819173840764e-10 -7.199037199701053e-11 
 7.762471166287611e+04  1.000000000000000e+00  0.000000000000000e+00  1.544206985589283e-10 -7.165915777429532e-11 
 7.852356346101420e+04  1.000000000000000e+00  0.000000000000000e+00  1.543787894828924e-10 -7.074082639113577e-11 
 7.943282347243527e+04  1.000000000000000e+00  0.000000000000000e+00  1.544424615322962e-10 -6.998089607801461e-11 
 8.035261221856893e+04  1.000000000000000e+00  0.000000000000000e+00  1.543306257529437e-10 -6.921890838285094e-11 
 8.128305161641721e+04  1.000000000000000e+00  0.000000000000000e+00  1.544309183570264e-10 -6.859276341364406e-11 
 8.222426499471450e+04  1.000000000000000e+00  0.000000000000000e+00  1.541701149338978e-10 -6.804238422697395e-11 
 8.317637711027457e+04  1.000000000000000e+00  0.000000000000000e+00  1.543344116785098e-10 -6.749386119442313e-11 
 8.413951416452706e+04  1.000000000000000e+00  0.000000000000000e+00  1.543266778475730e-10 -6.628010293385778e-11 
 8.511380382024529e+04  1.000000000000000e+00  0.000000000000000e+00  1.542679130056221e-10 -6.603799451720960e-11 
 8.609937521846780e+04  1.000000000000000e+00  0.000000000000000e+00  1.542763251134380e-10 -6.509192143622222e-11 
 8.709635899561590e+04  1.000000000000000e+00  0.000000000000000e+00  1.542435088073418e-10 -6.447887362925897e-11 
 8.810488730080934e+04  1.000000000000000e+00  0.000000000000000e+00  1.542776365643858e-10 -6.371942209981718e-11 
 8.912509381338258e+04  1.000000000000000e+00  0.000000000000000e+00  1.542738081380945e-10 -6.289372841972174e-11 
 9.015711376060382e+04  1.000000000000000e+00  0.000000000000000e+00  1.542233625962536e-10 -6.244099681751436e-11 
 9.120108393559921e+04  1.000000000000000e+00  0.000000000000000e+00  1.542134055003419e-10 -6.155793236262141e-11 
 9.225714271548465e+04  1.000000000000000e+00  0.000000000000000e+00  1.542730368366690e-10 -6.137152591678685e-11 
 9.332543007970754e+04  1.000000000000000e+00  0.000000000000000e+00  1.541978133720590e-10 -6.061290358516658e-11 
 9.440608762860087e+04  1.000000000000000e+00  0.000000000000000e+00  1.543113007165808e-10 -5.978745970525168e-11 
 9.549925860215223e+04  1.000000000000000e+00  0.000000000000000e+00  1.542688318669633e-10 -5.898873750576072e-11 
 9.660508789899008e+04  1.000000000000000e+00  0.000000000000000e+00  1.542149877849924e-10 -5.874674358086196e-11 
 9.772372209558992e+04  1.000000000000000e+00  0.000000000000000e+00  1.542636903634209e-10 -5.794176249906968e-11 
 9.885530946570286e+04  1.000000000000000e+00  0.000000000000000e+00  1.541679713577826e-10 -5.737771369140887e-11 
 1.000000000000091e+05  1.000000000000000e+00  0.000000000000000e+00  1.542690352632908e-10 -5.682056908318245e-11 
 1.011579454259990e+05  1.000000000000000e+00  0.000000000000000e+00  1.541703030429747e-10 -5.599330721306472e-11 
 1.023292992280847e+05  1.000000000000000e+00  0.000000000000000e+00  1.541431643783953e-10 -5.574307682110202e-11 
 1.035142166679438e+05  1.000000000000000e+00  0.000000000000000e+00  1.540981168623307e-10 -5.501839955845966e-11 
 1.047128548050995e+05  1.000000000000000e+00  0.000000000000000e+00  1.540515996018010e-10 -5.461182200905412e-11 
 1.059253725177385e+05  1.000000000000000e+00  0.000000000000000e+00  1.541373341896329e-10 -5.404389435970103e-11 
 1.071519305237704e+05  1.000000000000000e+00  0.000000000000000e+00  1.541698502801475e-10 -5.346133258310459e-11 
 1.083926914021303e+05  1.000000000000000e+00  0.000000000000000e+00  1.541634298517225e-10 -5.291946048036067e-11 
 1.096478196143285e+05  1.000000000000000e+00  0.000000000000000e+00  1.541968592741472e-10 -5.253138896099685e-11 
 1.109174815262503e+05  1.000000000000000e+00  0.000000000000000e+00  1.540003272473833e-10 -5.197861585592989e-11 
 1.122018454302066e+05  1.000000000000000e+00  0.000000000000000e+00  1.540601689189319e-10 -5.152255011520168e-11 
 1.135010815672419e+05  1.000000000000000e+00  0.000000000000000e+00  1.541213745168135e-10 -5.080628279197086e-11 
 1.148153621496988e+05  1.000000000000000e+00  0.000000000000000e+00  1.541250547326678e-10 -5.044451661939675e-11 
 1.161448613840449e+05  1.000000000000000e+00  0.000000000000000e+00  1.540847310854687e-10 -4.994701180427441e-11 
 1.174897554939637e+05  1.000000000000000e+00  0.000000000000000e+00  1.539445767043124e-10 -4.941138470604400e-11 
 1.188502227437128e+05  1.000000000000000e+00  0.000000000000000e+00  1.539653120708612e-10 -4.909567197231013e-11 
 1.202264434617523e+05  1.000000000000000e+00  0.000000000000000e+00  1.540762762600872e-10 -4.854961571654215e-11 
 1.216186000646480e+05  1.000000000000000e+00  0.000000000000000e+00  1.540057400183092e-10 -4.794192126622576e-11 
 1.230268770812495e+05  1.000000000000000e+00  0.000000000000000e+00  1.539419806906306e-10 -4.766281119783500e-11 
 1.244514611771500e+05  1.000000000000000e+00  0.000000000000000e+00  1.538963661368298e-10 -4.719838408995258e-11 
 1.258925411794283e+05  1.000000000000000e+00  0.000000000000000e+00  1.539314862641222e-10 -4.673066794635972e-11 
 1.273503081016779e+05  1.000000000000000e+00  0.000000000000000e+00  1.539091703476464e-10 -4.608721043686259e-11 
 1.288249551693253e+05  1.000000000000000e+00  0.000000000000000e+00  1.539797434522983e-10 -4.586756668922831e-11 
 1.303166778452420e+05  1.000000000000000e+00  0.000000000000000e+00  1.539120068373701e-10 -4.536280379108248e-11 
 1.318256738556529e+05  1.000000000000000e+00  0.000000000000000e+00  1.540646553475217e-10 -4.493142663486438e-11 
 1.333521432163448e+05  1.000000000000000e+00  0.000000000000000e+00  1.539787895712269e-10 -4.449936946704369e-11 
 1.348962882591779e+05  1.000000000000000e+00  0.000000000000000e+00  1.538498009545641e-10 -4.411568332862714e-11 
 1.364583136589051e+05  1.000000000000000e+00  0.000000000000000e+00  1.538239477200803e-10 -4.367260719728705e-11 
 1.380384264603013e+05  1.000000000000000e+00  0.000000000000000e+00  1.539432531103002e-10 -4.341926818085540e-11 
 1.396368361056068e+05  1.000000000000000e+00  0.000000000000000e+00  1.537729501024931e-10 -4.306352496818988e-11 
 1.412537544622886e+05  1.000000000000000e+00  0.000000000000000e+00  1.540009847075807e-10 -4.248393997707822e-11 
 1.428893958511236e+05  1.000000000000000e+00  0.000000000000000e+00  1.538806300264983e-10 -4.220700872137328e-11 
 1.445439770746062e+05  1.000000000000000e+00  0.000000000000000e+00  1.538449003607445e-10 -4.190632563183527e-11 
 1.462177174456854e+05  1.000000000000000e+00  0.000000000000000e+00  1.537771585416459e-10 -4.146731569232287e-11 
 1.479108388168345e+05  1.000000000000000e+00  0.000000000000000e+00  1.537649495578219e-10 -4.107691964350124e-11 
 1.496235656094573e+05  1.000000000000000e+00  0.000000000000000e+00  1.537375626109450e-10 -4.075292880934001e-11 
 1.513561248436349e+05  1.000000000000000e+00  0.000000000000000e+00  1.537003944257487e-10 -4.042174234220042e-11 
 1.531087461682173e+05  1.000000000000000e+00  0.000000000000000e+00  1.537897136028032e-10 -4.011164317363480e-11 
 1.548816618912626e+05  1.000000000000000e+00  0.000000000000000e+00  1.536614381743295e-10 -3.964835404435263e-11 
 1.566751070108296e+05  1.000000000000000e+00  0.000000000000000e+00  1.537191103573310e-10 -3.927821956573041e-11 
 1.584893192461262e+05  1.000000000000000e+00  0.000000000000000e+00  1.536823784550889e-10 -3.908494361493098e-11 
 1.603245390690191e+05  1.000000000000000e+00  0.000000000000000e+00  1.536454140999011e-10 -3.881188426202442e-11 
 1.621810097359082e+05  1.000000000000000e+00  0.000000000000000e+00  1.537306774934688e-10 -3.845020135617716e-11 
 1.640589773199693e+05  1.000000000000000e+00  0.000000000000000e+00  1.536692348889923e-10 -3.809870474658084e-11 
 1.659586907437716e+05  1.000000000000000e+00  0.000000000000000e+00  1.536683957165108e-10 -3.766346262645826e-11 
 1.678804018122718e+05  1.000000000000000e+00  0.000000000000000e+00  1.535616126445427e-10 -3.754622307505784e-11 
 1.698243652461904e+05  1.000000000000000e+00  0.000000000000000e+00  1.536710008374909e-10 -3.715796420555861e-11 
 1.717908387157749e+05  1.000000000000000e+00  0.000000000000000e+00  1.537004907029016e-10 -3.685671212672048e-11 
 1.737800828749539e+05  1.000000000000000e+00  0.000000000000000e+00  1.535888256853912e-10 -3.651334096188563e-11 
 1.757923613958858e+05  1.000000000000000e+00  0.000000000000000e+00  1.535942627424458e-10 -3.618708110941782e-11 
 1.778279410039090e+05  1.000000000000000e+00  0.000000000000000e+00  1.535721680032132e-10 -3.600721804053464e-11 
 1.798870915128957e+05  1.000000000000000e+00  0.000000000000000e+00  1.534927905263994e-10 -3.571531959067897e-11 
 1.819700858610155e+05  1.000000000000000e+00  0.000000000000000e+00  1.535556777218505e-10 -3.532975301201446e-11 
 1.840772001469129e+05  1.000000000000000e+00  0.000000000000000e+00  1.535310576589177e-10 -3.514465107823384e-11 
 1.862087136663043e+05  1.000000000000000e+00  0.000000000000000e+00  1.534559319893436e-10 -3.493433320400641e-11 
 1.883649089489978e+05  1.000000000000000e+00  0.000000000000000e+00  1.534757937057818e-10 -3.458612563012053e-11 
 1.905460717963427e+05  1.000000000000000e+00  0.000000000000000e+00  1.534907383485273e-10 -3.448852314846818e-11 
 1.927524913191118e+05  1.000000000000000e+00  0.000000000000000e+00  1.534269213412931e-10 -3.412473081887413e-11 
 1.949844599758230e+05  1.000000000000000e+00  0.000000000000000e+00  1.534270540476390e-10 -3.385382252307778e-11 
 1.972422736115040e+05  1.000000000000000e+00  0.000000000000000e+00  1.533032763234576e-10 -3.376711410485456e-11 
 1.995262314969068e+05  1.000000000000000e+00  0.000000000000000e+00  1.534457482951779e-10 -3.333774922786858e-11 
 2.018366363681752e+05  1.000000000000000e+00  0.000000000000000e+00  1.533587007385151e-10 -3.317066066266250e-11 
 2.041737944669723e+05  1.000000000000000e+00  0.000000000000000e+00  1.534015510104569e-10 -3.301189877014110e-11 
 2.065380155810725e+05  1.000000000000000e+00  0.000000000000000e+00  1.533369837353193e-10 -3.274056026292271e-11 
 2.089296130854238e+05  1.000000000000000e+00  0.000000000000000e+00  1.533497452285704e-10 -3.254235769745151e-11 
 2.113489039836848e+05  1.000000000000000e+00  0.000000000000000e+00  1.532963036024459e-10 -3.226954814472549e-11 
 2.137962089502436e+05  1.000000000000000e+00  0.000000000000000e+00  1.532769675072210e-10 -3.210025301125796e-11 
 2.162718523727226e+05  1.000000000000000e+00  0.000000000000000e+00  1.532341276436200e-10 -3.195350928297813e-11 
 2.187761623949761e+05  1.000000000000000e+00  0.000000000000000e+00  1.532368017198582e-10 -3.167040241169872e-11 
 2.213094709605849e+05  1.000000000000000e+00  0.000000000000000e+00  1.532183234453921e-10 -3.148092897475863e-11 
 2.238721138568553e+05  1.000000000000000e+00  0.000000000000000e+00  1.531932653647816e-10 -3.127169356798021e-11 
 2.264644307593276e+05  1.000000000000000e+00  0.000000000000000e+00  1.531376293134601e-10 -3.113485858019516e-11 
 2.290867652767992e+05  1.000000000000000e+00  0.000000000000000e+00  1.531850072136742e-10 -3.090637468172730e-11 
 2.317394649968700e+05  1.000000000000000e+00  0.000000000000000e+00  1.531026885132070e-10 -3.078225174757421e-11 
 2.344228815320146e+05  1.000000000000000e+00  0.000000000000000e+00  1.530465944948878e-10 -3.050880381660903e-11 
 2.371373705661882e+05  1.000000000000000e+00  0.000000000000000e+00  1.530511793690348e-10 -3.044882401770366e-11 
 2.398832919019720e+05  1.000000000000000e+00  0.000000000000000e+00  1.530242096231538e-10 -3.022411487751953e-11 
 2.426610095082648e+05  1.000000000000000e+00  0.000000000000000e+00  1.530307261118913e-10 -3.008125692982588e-11 
 2.454708915685266e+05  1.000000000000000e+00  0.000000000000000e+00  1.530060522725307e-10 -2.992181502570190e-11 
 2.483133105295808e+05  1.000000000000000e+00  0.000000000000000e+00  1.529497396790536e-10 -2.970897139409345e-11 
 2.511886431509821e+05  1.000000000000000e+00  0.000000000000000e+00  1.528860735927617e-10 -2.960222345027574e-11 
 2.540972705549549e+05  1.000000000000000e+00  0.000000000000000e+00  1.528676282780417e-10 -2.948939703539821e-11 
 2.570395782769111e+05  1.000000000000000e+00  0.000000000000000e+00  1.528229660874292e-10 -2.927465214686009e-11 
 2.600159563165522e+05  1.000000000000000e+00  0.000000000000000e+00  1.527974916731845e-10 -2.922999342569454e-11 
 2.630267991895634e+05  1.000000000000000e+00  0.000000000000000e+00  1.527278876284344e-10 -2.902540707783174e-11 
 2.660725059799065e+05  1.000000000000000e+00  0.000000000000000e+00  1.527245118565501e-10 -2.893091322064834e-11 
 2.691534803927175e+05  1.000000000000000e+00  0.000000000000000e+00  1.527445704641028e-10 -2.875916171873882e-11 
 2.722701308078174e+05  1.000000000000000e+00  0.000000000000000e+00  1.526446902905265e-10 -2.867128756633974e-11 
 2.754228703338432e+05  1.000000000000000e+00  0.000000000000000e+00  1.526466557322248e-10 -2.844607882579453e-11 
 2.786121168630039e+05  1.000000000000000e+00  0.000000000000000e+00  1.526508554977601e-10 -2.841174517875800e-11 
 2.818382931264726e+05  1.000000000000000e+00  0.000000000000000e+00  1.525636110499828e-10 -2.830179146595668e-11 
 2.851018267504185e+05  1.000000000000000e+00  0.000000000000000e+00  1.525823703496521e-10 -2.817704403135224e-11 
 2.884031503126885e+05  1.000000000000000e+00  0.000000000000000e+00  1.525748173636376e-10 -2.808528409836697e-11 
 2.917427014001449e+05  1.000000000000000e+00  0.000000000000000e+00  1.524597635638170e-10 -2.798247744628668e-11 
 2.951209226666671e+05  1.000000000000000e+00  0.000000000000000e+00  1.524663329616205e-10 -2.784648900355791e-11 
 2.985382618918249e+05  1.000000000000000e+00  0.000000000000000e+00  1.524024691168524e-10 -2.771034790516325e-11 
 3.019951720402309e+05  1.000000000000000e+00  0.000000000000000e+00  1.523833247085715e-10 -2.764220796702688e-11 
 3.054921113215809e+05  1.000000000000000e+00  0.000000000000000e+00  1.523337601894159e-10 -2.755959349620696e-11 
 3.090295432513891e+05  1.000000000000000e+00  0.000000000000000e+00  1.523003233944165e-10 -2.745394189762607e-11 
 3.126079367124258e+05  1.000000000000000e+00  0.000000000000000e+00  1.522513087826027e-10 -2.740353777230808e-11 
 3.162277660168686e+05  1.000000000000000e+00  0.000000000000000e+00  1.521972166351748e-10 -2.731374848519152e-11 
 3.198895109691709e+05  1.000000000000000e+00  0.000000000000000e+00  1.521293820083702e-10 -2.723322956033059e-11 
 3.235936569296597e+05  1.000000000000000e+00  0.000000000000000e+00  1.521627997214114e-10 -2.713232416517997e-11 
 3.273406948788700e+05  1.000000000000000e+00  0.000000000000000e+00  1.520936397658712e-10 -2.708916424509766e-11 
 3.311311214826233e+05  1.000000000000000e+00  0.000000000000000e+00  1.519964328011714e-10 -2.705310975237296e-11 
 3.349654391578603e+05  1.000000000000000e+00  0.000000000000000e+00  1.520061212317847e-10 -2.699250545301624e-11 
 3.388441561392356e+05  1.000000000000000e+00  0.000000000000000e+00  1.519193312815581e-10 -2.687905453768735e-11 
 3.427677865464838e+05  1.000000000000000e+00  0.000000000000000e+00  1.518442246939422e-10 -2.684558131349490e-11 
 3.467368504525655e+05  1.000000000000000e+00  0.000000000000000e+00  1.518022721413992e-10 -2.676311949834087e-11 
 3.507518739526023e+05  1.000000000000000e+00  0.000000000000000e+00  1.517559550245906e-10 -2.673547494502770e-11 
 3.548133892336102e+05  1.000000000000000e+00  0.000000000000000e+00  1.516997430450751e-10 -2.664007903163679e-11 
 3.589219346450404e+05  1.000000000000000e+00  0.000000000000000e+00  1.516512904836675e-10 -2.664835019317024e-11 
 3.630780547701370e+05  1.000000000000000e+00  0.000000000000000e+00  1.515858948780702e-10 -2.658319397941256e-11 
 3.672823004981207e+05  1.000000000000000e+00  0.000000000000000e+00  1.515555354825171e-10 -2.656186381955195e-11 
 3.715352290972091e+05  1.000000000000000e+00  0.000000000000000e+00  1.514856903112038e-10 -2.654004793711806e-11 
 3.758374042884811e+05  1.000000000000000e+00  0.000000000000000e+00  1.514454048279212e-10 -2.652186803508982e-11 
 3.801893963205986e+05  1.000000000000000e+00  0.000000000000000e+00  1.513569616862220e-10 -2.647168595437677e-11 
 3.845917820453914e+05  1.000000000000000e+00  0.000000000000000e+00  1.512955941085359e-10 -2.644862107104018e-11 
 3.890451449943190e+05  1.000000000000000e+00  0.000000000000000e+00  1.512242761569915e-10 -2.641925567203884e-11 
 3.935500754558163e+05  1.000000000000000e+00  0.000000000000000e+00  1.511478373017461e-10 -2.642852603429446e-11 
 3.981071705535366e+05  1.000000000000000e+00  0.000000000000000e+00  1.510964235673651e-10 -2.636615925588615e-11 
 4.027170343254989e+05  1.000000000000000e+00  0.000000000000000e+00  1.510087957456996e-10 -2.639802265669289e-11 
 4.073802778041530e+05  1.000000000000000e+00  0.000000000000000e+00  1.509909385022379e-10 -2.636288409796350e-11 
 4.120975190973710e+05  1.000000000000000e+00  0.000000000000000e+00  1.508980405906524e-10 -2.636030282943125e-11 
 4.168693834703767e+05  1.000000000000000e+00  0.000000000000000e+00  1.508074706779716e-10 -2.636835194635978e-11 
 4.216965034286241e+05  1.000000000000000e+00  0.000000000000000e+00  1.507192114169609e-10 -2.632913331801490e-11 
 4.265795188016350e+05  1.000000000000000e+00  0.000000000000000e+00  1.506687621888325e-10 -2.636227347529996e-11 
 4.315190768278081e+05  1.000000000000000e+00  0.000000000000000e+00  1.505584788785708e-10 -2.635799911665515e-11 
 4.365158322402094e+05  1.000000000000000e+00  0.000000000000000e+00  1.504993490941686e-10 -2.635830442798692e-11 
 4.415704473533565e+05  1.000000000000000e+00  0.000000000000000e+00  1.503730785723523e-10 -2.640265783782070e-11 
 4.466835921510076e+05  1.000000000000000e+00  0.000000000000000e+00  1.503335268771000e-10 -2.638655960396363e-11 
 4.518559443749674e+05  1.000000000000000e+00  0.000000000000000e+00  1.502452537383014e-10 -2.641672991465782e-11 
 4.570881896149206e+05  1.000000000000000e+00  0.000000000000000e+00  1.501728012776038e-10 -2.642955299059224e-11 
 4.623810213993065e+05  1.000000000000000e+00  0.000000000000000e+00  1.500640653406826e-10 -2.645483831997808e-11 
 4.677351412872450e+05  1.000000000000000e+00  0.000000000000000e+00  1.499587259923274e-10 -2.646483032719971e-11 
 4.731512589615278e+05  1.000000000000000e+00  0.000000000000000e+00  1.498491851437134e-10 -2.652994490759397e-11 
 4.786300923226863e+05  1.000000000000000e+00  0.000000000000000e+00  1.497871097988490e-10 -2.657093989277826e-11 
 4.841723675841478e+05  1.000000000000000e+00  0.000000000000000e+00  1.496812396251102e-10 -2.657102315950510e-11 
 4.897788193684953e+05  1.000000000000000e+00  0.000000000000000e+00  1.495718063293516e-10 -2.662681186649252e-11 
 4.954501908048399e+05  1.000000000000000e+00  0.000000000000000e+00  1.494834707405079e-10 -2.663791409673877e-11 
 5.011872336273226e+05  1.000000000000000e+00  0.000000000000000e+00  1.493575402244929e-10 -2.674779842060104e-11 
 5.069907082747553e+05  1.000000000000000e+00  0.000000000000000e+00  1.492559062454824e-10 -2.676509014420958e-11 
 5.128613839914164e+05  1.000000000000000e+00  0.000000000000000e+00  1.491317312696250e-10 -2.681241340063423e-11 
 5.188000389290132e+05  1.000000000000000e+00  0.000000000000000e+00  1.490260900793849e-10 -2.686903477489011e-11 
 5.248074602498254e+05  1.000000000000000e+00  0.000000000000000e+00  1.489146653210760e-10 -2.692948641858095e-11 
 5.308844442310418e+05  1.000000000000000e+00  0.000000000000000e+00  1.487968463720346e-10 -2.697275736096572e-11 
 5.370317963703069e+05  1.000000000000000e+00  0.000000000000000e+00  1.487049962334286e-10 -2.704439450162965e-11 
 5.432503314924880e+05  1.000000000000000e+00  0.000000000000000e+00  1.485570347292686e-10 -2.709524271615749e-11 
 5.495408738576800e+05  1.000000000000000e+00  0.000000000000000e+00  1.484256259565164e-10 -2.717473468472065e-11 
 5.559042572704597e+05  1.000000000000000e+00  0.000000000000000e+00  1.482808181796358e-10 -2.722710945590734e-11 
 5.623413251904058e+05  1.000000000000000e+00  0.000000000000000e+00  1.481664305136299e-10 -2.730923820415398e-11 
 5.688529308438989e+05  1.000000000000000e+00  0.000000000000000e+00  1.480246411555974e-10 -2.738567705939943e-11 
 5.754399373372151e+05  1.000000000000000e+00  0.000000000000000e+00  1.478865502280158e-10 -2.742803206778888e-11 
 5.821032177709303e+05  1.000000000000000e+00  0.000000000000000e+00  1.477561198393040e-10 -2.751887606677883e-11 
 5.888436553556485e+05  1.000000000000000e+00  0.000000000000000e+00  1.475992522648184e-10 -2.760749961971953e-11 
 5.956621435290707e+05  1.000000000000000e+00  0.000000000000000e+00  1.474697586267837e-10 -2.769917628597796e-11 
 6.025595860744187e+05  1.000000000000000e+00  0.000000000000000e+00  1.473334301782536e-10 -2.777594820813079e-11 
 6.095368972402309e+05  1.000000000000000e+00  0.000000000000000e+00  1.471662167129573e-10 -2.787101105461431e-11 
 6.165950018615447e+05  1.000000000000000e+00  0.000000000000000e+00  1.469991836589024e-10 -2.797856391012488e-11 
 6.237348354824826e+05  1.000000000000000e+00  0.000000000000000e+00  1.468442728524977e-10 -2.805866650135158e-11 
 6.309573444802574e+05  1.000000000000000e+00  0.000000000000000e+00  1.466920127035642e-10 -2.815747635054322e-11 
 6.382634861906136e+05  1.000000000000000e+00  0.000000000000000e+00  1.465031151948182e-10 -2.823974387666794e-11 
 6.456542290347213e+05  1.000000000000000e+00  0.000000000000000e+00  1.463452137251409e-10 -2.834044110500145e-11 
 6.531305526475389e+05  1.000000000000000e+00  0.000000000000000e+00  1.461723589391006e-10 -2.844791069378516e-11 
 6.606934480076634e+05  1.000000000000000e+00  0.000000000000000e+00  1.459827675409642e-10 -2.854610992031326e-11 
 6.683439175686828e+05  1.000000000000000e+00  0.000000000000000e+00  1.458146520194603e-10 -2.866615278485085e-11 
 6.760829753920508e+05  1.000000000000000e+00  0.000000000000000e+00  1.456388482035109e-10 -2.876107685345630e-11 
 6.839116472814992e+05  1.000000000000000e+00  0.000000000000000e+00  1.454139794687670e-10 -2.887731720413456e-11 
 6.918309709190072e+05  1.000000000000000e+00  0.000000000000000e+00  1.452317363592748e-10 -2.898606354939659e-11 
 6.998419960023451e+05  1.000000000000000e+00  0.000000000000000e+00  1.450428110949531e-10 -2.909150698116036e-11 
 7.079457843842104e+05  1.000000000000000e+00  0.000000000000000e+00  1.448250408486729e-10 -2.922484476641785e-11 
 7.161434102129753e+05  1.000000000000000e+00  0.000000000000000e+00  1.446149935913077e-10 -2.934544274246775e-11 
 7.244359600750643e+05  1.000000000000000e+00  0.000000000000000e+00  1.444209196677093e-10 -2.945349519833940e-11 
 7.328245331389792e+05  1.000000000000000e+00  0.000000000000000e+00  1.442067992796225e-10 -2.956782041430017e-11 
 7.413102413009936e+05  1.000000000000000e+00  0.000000000000000e+00  1.439737287722842e-10 -2.969979817635249e-11 
 7.498942093325328e+05  1.000000000000000e+00  0.000000000000000e+00  1.437585953056875e-10 -2.983133184919495e-11 
 7.585775750292618e+05  1.000000000000000e+00  0.000000000000000e+00  1.435309926467454e-10 -2.994951509016630e-11 
 7.673614893618979e+05  1.000000000000000e+00  0.000000000000000e+00  1.432841414961139e-10 -3.008160387452108e-11 
 7.762471166287716e+05  1.000000000000000e+00  0.000000000000000e+00  1.430494403487081e-10 -3.019262617698359e-11 
 7.852356346101527e+05  1.000000000000000e+00  0.000000000000000e+00  1.427935131248503e-10 -3.035310891519316e-11 
 7.943282347243634e+05  1.000000000000000e+00  0.000000000000000e+00  1.425477791361374e-10 -3.048206131950337e-11 
 8.035261221857002e+05  1.000000000000000e+00  0.000000000000000e+00  1.422976736442649e-10 -3.059841269248409e-11 
 8.128305161641833e+05  1.000000000000000e+00  0.000000000000000e+00  1.420342315983092e-10 -3.075145693642867e-11 
 8.222426499471562e+05  1.000000000000000e+00  0.000000000000000e+00  1.417675560277942e-10 -3.086803035401431e-11 
 8.317637711027571e+05  1.000000000000000e+00  0.000000000000000e+00  1.414991041004399e-10 -3.101618961665054e-11 
 8.413951416452822e+05  1.000000000000000e+00  0.000000000000000e+00  1.412104183584617e-10 -3.113836966051053e-11 
 8.511380382024646e+05  1.000000000000000e+00  0.000000000000000e+00  1.409406341634778e-10 -3.129674297497331e-11 
 8.609937521846899e+05  1.000000000000000e+00  0.000000000000000e+00  1.406380845114796e-10 -3.143746374334455e-11 
 8.709635899561710e+05  1.000000000000000e+00  0.000000000000000e+00  1.403498428587113e-10 -3.158179273654582e-11 
 8.810488730081056e+05  1.000000000000000e+00  0.000000000000000e+00  1.400485838409793e-10 -3.169980944406348e-11 
 8.912509381338381e+05  1.000000000000000e+00  0.000000000000000e+00  1.397373328160256e-10 -3.184896790742187e-11 
 9.015711376060506e+05  1.000000000000000e+00  0.000000000000000e+00  1.394295512380239e-10 -3.198447062757737e-11 
 9.120108393560046e+05  1.000000000000000e+00  0.000000000000000e+00  1.391011472673398e-10 -3.212963228804711e-11 
 9.225714271548592e+05  1.000000000000000e+00  0.000000000000000e+00  1.387811532360672e-10 -3.226657829813462e-11 
 9.332543007970882e+05  1.000000000000000e+00  0.000000000000000e+00  1.384399400672365e-10 -3.241584778379547e-11 
 9.440608762860217e+05  1.000000000000000e+00  0.000000000000000e+00  1.380974362641396e-10 -3.255684610792287e-11 
 9.549925860215354e+05  1.000000000000000e+00  0.000000000000000e+00  1.377536140712010e-10 -3.268096904207596e-11 
 9.660508789899141e+05  1.000000000000000e+00  0.000000000000000e+00  1.373950120342471e-10 -3.283118221730774e-11 
 9.772372209559126e+05  1.000000000000000e+00  0.000000000000000e+00  1.370417113122357e-10 -3.297728756734841e-11 
 9.885530946570421e+05  1.000000000000000e+00  0.000000000000000e+00  1.366718405115819e-10 -3.312256025012061e-11 
 1.000000000000105e+06  1.000000000000000e+00  0.000000000000000e+00  1.363024138001379e-10 -3.324757136269341e-11 
 1.011579454260004e+06  1.000000000000000e+00  0.000000000000000e+00  1.359100748610231e-10 -3.338529452889816e-11 
 1.023292992280861e+06  1.000000000000000e+00  0.000000000000000e+00  1.355247164491757e-10 -3.351902089221426e-11 
 1.035142166679452e+06  1.000000000000000e+00  0.000000000000000e+00  1.351268125171501e-10 -3.365474565697468e-11 
 1.047128548051009e+06  1.000000000000000e+00  0.000000000000000e+00  1.347117001282427e-10 -3.379535540304346e-11 
 1.059253725177400e+06  1.000000000000000e+00  0.000000000000000e+00  1.342993910524726e-10 -3.392502945231968e-11 
 1.071519305237719e+06  1.000000000000000e+00  0.000000000000000e+00  1.338804206385547e-10 -3.405764559261115e-11 
 1.083926914021317e+06  1.000000000000000e+00  0.000000000000000e+00  1.334518329176859e-10 -3.418454408432581e-11 
 1.096478196143300e+06  1.000000000000000e+00  0.000000000000000e+00  1.330067167515381e-10 -3.431799289188575e-11 
 1.109174815262518e+06  1.000000000000000e+00  0.000000000000000e+00  1.325673459895427e-10 -3.443917373502359e-11 
 1.122018454302081e+06  1.000000000000000e+00  0.000000000000000e+00  1.321057846448426e-10 -3.456185337924467e-11 
 1.135010815672434e+06  1.000000000000000e+00  0.000000000000000e+00  1.316414754981565e-10 -3.468131337669433e-11 
 1.148153621497004e+06  1.000000000000000e+00  0.000000000000000e+00  1.311673547554904e-10 -3.479783128312874e-11 
 1.161448613840465e+06  1.000000000000000e+00  0.000000000000000e+00  1.306864338967983e-10 -3.489980526794056e-11 
 1.174897554939653e+06  1.000000000000000e+00  0.000000000000000e+00  1.302000174341345e-10 -3.501388068372080e-11 
 1.188502227437144e+06  1.000000000000000e+00  0.000000000000000e+00  1.296972529374329e-10 -3.512834467755965e-11 
 1.202264434617540e+06  1.000000000000000e+00  0.000000000000000e+00  1.291904083711160e-10 -3.522127034472078e-11 
 1.216186000646496e+06  1.000000000000000e+00  0.000000000000000e+00  1.286728501526113e-10 -3.532435455255722e-11 
 1.230268770812511e+06  1.000000000000000e+00  0.000000000000000e+00  1.281434125477432e-10 -3.543032534025770e-11 
 1.244514611771516e+06  1.000000000000000e+00  0.000000000000000e+00  1.276070082933956e-10 -3.551403615631443e-11 
 1.258925411794300e+06  1.000000000000000e+00  0.000000000000000e+00  1.270649141460467e-10 -3.559746941661501e-11 
 1.273503081016796e+06  1.000000000000000e+00  0.000000000000000e+00  1.264983673365805e-10 -3.567895978662250e-11 
 1.288249551693270e+06  1.000000000000000e+00  0.000000000000000e+00  1.259384541096864e-10 -3.575029161595467e-11 
 1.303166778452437e+06  1.000000000000000e+00  0.000000000000000e+00  1.253623871377840e-10 -3.583072727408876e-11 
 1.318256738556546e+06  1.000000000000000e+00  0.000000000000000e+00  1.247777159374408e-10 -3.588407349042200e-11 
 1.333521432163465e+06  1.000000000000000e+00  0.000000000000000e+00  1.241826641518173e-10 -3.595063136074828e-11 
 1.348962882591796e+06  1.000000000000000e+00  0.000000000000000e+00  1.235680446853848e-10 -3.600336695441797e-11 
 1.364583136589069e+06  1.000000000000000e+00  0.000000000000000e+00  1.229619184250907e-10 -3.603550791098087e-11 
 1.380384264603031e+06  1.000000000000000e+00  0.000000000000000e+00  1.223357248836265e-10 -3.608946474997765e-11 
 1.396368361056086e+06  1.000000000000000e+00  0.000000000000000e+00  1.235437308011456e-10 -3.292305317259547e-11 
 1.412537544622904e+06  1.000000000000000e+00  0.000000000000000e+00  1.229348012277143e-10 -3.291605876754033e-11 
 1.428893958511255e+06  1.000000000000000e+00  0.000000000000000e+00  1.223113277326604e-10 -3.290812067291427e-11 
 1.445439770746081e+06  1.000000000000000e+00  0.000000000000000e+00  1.216831635453275e-10 -3.290201444627883e-11 
 1.462177174456874e+06  1.000000000000000e+00  0.000000000000000e+00  1.210412603480648e-10 -3.288069816420602e-11 
 1.479108388168365e+06  1.000000000000000e+00  0.000000000000000e+00  1.203951383033086e-10 -3.283878724502642e-11 
 1.496235656094593e+06  1.000000000000000e+00  0.000000000000000e+00  1.197396071184187e-10 -3.279770899311529e-11 
 1.513561248436369e+06  1.000000000000000e+00  0.000000000000000e+00  1.190676446327643e-10 -3.274541748865545e-11 
 1.531087461682193e+06  1.000000000000000e+00  0.000000000000000e+00  1.183910747215577e-10 -3.267736081724593e-11 
 1.548816618912647e+06  1.000000000000000e+00  0.000000000000000e+00  1.176931885282784e-10 -3.260824943396301e-11 
 1.566751070108316e+06  1.000000000000000e+00  0.000000000000000e+00  1.170030183850201e-10 -3.252498270711612e-11 
 1.584893192461283e+06  1.000000000000000e+00  0.000000000000000e+00  1.162908935814500e-10 -3.243255664031608e-11 
 1.603245390690213e+06  1.000000000000000e+00  0.000000000000000e+00  1.155796292007238e-10 -3.231431788819350e-11 
 1.621810097359103e+06  1.000000000000000e+00  0.000000000000000e+00  1.148464379152614e-10 -3.219496891304630e-11 
 1.640589773199715e+06  1.000000000000000e+00  0.000000000000000e+00  1.141078342925539e-10 -3.207006882277597e-11 
 1.659586907437738e+06  1.000000000000000e+00  0.000000000000000e+00  1.133597660185615e-10 -3.192396347273529e-11 
 1.678804018122740e+06  1.000000000000000e+00  0.000000000000000e+00  1.126024828934646e-10 -3.176370277913065e-11 
 1.698243652461926e+06  1.000000000000000e+00  0.000000000000000e+00  1.118349857165413e-10 -3.159117412110390e-11 
 1.717908387157772e+06  1.000000000000000e+00  0.000000000000000e+00  1.110556091532544e-10 -3.140371296339595e-11 
 1.737800828749562e+06  1.000000000000000e+00  0.000000000000000e+00  1.102722357870789e-10 -3.119904334880630e-11 
 1.757923613958881e+06  1.000000000000000e+00  0.000000000000000e+00  1.094747625884906e-10 -3.098338252627286e-11 
 1.778279410039114e+06  1.000000000000000e+00  0.000000000000000e+00  1.086716272524768e-10 -3.075412147168777e-11 
 1.798870915128981e+06  1.000000000000000e+00  0.000000000000000e+00  1.078591660430561e-10 -3.050670827065005e-11 
 1.819700858610179e+06  1.000000000000000e+00  0.000000000000000e+00  1.070373234490773e-10 -3.023598038609521e-11 
 1.840772001469154e+06  1.000000000000000e+00  0.000000000000000e+00  1.062042676025499e-10 -2.995081960222024e-11 
 1.862087136663068e+06  1.000000000000000e+00  0.000000000000000e+00  1.053638842840598e-10 -2.965372392083054e-11 
 1.883649089490003e+06  1.000000000000000e+00  0.000000000000000e+00  1.045150077594315e-10 -2.933298048901634e-11 
 1.905460717963452e+06  1.000000000000000e+00  0.000000000000000e+00  1.036539187815322e-10 -2.899691597946230e-11 
 1.927524913191144e+06  1.000000000000000e+00  0.000000000000000e+00  1.027930518482378e-10 -2.863775883099606e-11 
 1.949844599758256e+06  1.000000000000000e+00  0.000000000000000e+00  1.019206385954874e-10 -2.825506495440777e-11 
 1.972422736115067e+06  1.000000000000000e+00  0.000000000000000e+00  1.010372896459444e-10 -2.786360031592494e-11 
 1.995262314969095e+06  1.000000000000000e+00  0.000000000000000e+00  1.001540517187038e-10 -2.744593441406096e-11 
 2.018366363681779e+06  1.000000000000000e+00  0.000000000000000e+00  9.925926747200720e-11 -2.700273338263059e-11 
 2.041737944669750e+06  1.000000000000000e+00  0.000000000000000e+00  9.835693370874310e-11 -2.653721686840527e-11 
 2.065380155810753e+06  1.000000000000000e+00  0.000000000000000e+00  9.745132478755636e-11 -2.604838567066281e-11 
 2.089296130854266e+06  1.000000000000000e+00  0.000000000000000e+00  9.653861043901202e-11 -2.553468547716875e-11 
 2.113489039836876e+06  1.000000000000000e+00  0.000000000000000e+00  9.562173275412533e-11 -2.500499807212009e-11 
 2.137962089502464e+06  1.000000000000000e+00  0.000000000000000e+00  9.470046968829138e-11 -2.444444646698685e-11 
 2.162718523727255e+06  1.000000000000000e+00  0.000000000000000e+00  9.377343346272937e-11 -2.385769359847245e-11 
 2.187761623949790e+06  1.000000000000000e+00  0.000000000000000e+00  9.284045754398562e-11 -2.324718195723108e-11 
 2.213094709605878e+06  1.000000000000000e+00  0.000000000000000e+00  9.190292971084091e-11 -2.261724141305876e-11 
 2.238721138568582e+06  1.000000000000000e+00  0.000000000000000e+00  9.096873254677007e-11 -2.195033044216643e-11 
 2.264644307593306e+06  1.000000000000000e+00  0.000000000000000e+00  9.002665279922439e-11 -2.126609999208995e-11 
 2.290867652768022e+06  1.000000000000000e+00  0.000000000000000e+00  8.908440651822502e-11 -2.053879288865801e-11 
 2.317394649968730e+06  1.000000000000000e+00  0.000000000000000e+00  8.814393659406505e-11 -1.979283403841237e-11 
 2.344228815320177e+06  1.000000000000000e+00  0.000000000000000e+00  8.719924782241151e-11 -1.901401258663782e-11 
 2.371373705661913e+06  1.000000000000000e+00  0.000000000000000e+00  8.625311576082595e-11 -1.820821271536488e-11 
 2.398832919019752e+06  1.000000000000000e+00  0.000000000000000e+00  8.311512589287418e-11 -1.926425685638833e-11 
 2.426610095082680e+06  1.000000000000000e+00  0.000000000000000e+00  8.214023905495083e-11 -1.838951213528617e-11 
 2.454708915685298e+06  1.000000000000000e+00  0.000000000000000e+00  8.116279870407084e-11 -1.748490241482159e-11 
 2.483133105295841e+06  1.000000000000000e+00  0.000000000000000e+00  8.019007680104551e-11 -1.654987258348228e-11 
 2.511886431509854e+06  1.000000000000000e+00  0.000000000000000e+00  7.921963085522066e-11 -1.557676210239833e-11 
 2.540972705549582e+06  1.000000000000000e+00  0.000000000000000e+00  7.350420272445035e-11 -1.830824380988361e-11 
 2.570395782769145e+06  1.000000000000000e+00  0.000000000000000e+00  7.246858668708001e-11 -1.725997123003253e-11 
 2.600159563165556e+06  1.000000000000000e+00  0.000000000000000e+00  7.143818869792540e-11 -1.617284084431958e-11 
 2.630267991895670e+06  1.000000000000000e+00  0.000000000000000e+00  7.041456306922100e-11 -1.504396607288072e-11 
 2.660725059799101e+06  1.000000000000000e+00  0.000000000000000e+00  6.939981922471361e-11 -1.387845394162923e-11 
 2.691534803927210e+06  1.000000000000000e+00  0.000000000000000e+00  6.839362409749583e-11 -1.267708160668235e-11 
 2.722701308078210e+06  1.000000000000000e+00  0.000000000000000e+00  6.739586666526520e-11 -1.143907191192284e-11 
 2.754228703338468e+06  1.000000000000000e+00  0.000000000000000e+00  6.641087679781776e-11 -1.015976192064727e-11 
 2.786121168630076e+06  1.000000000000000e+00  0.000000000000000e+00  6.543687813831411e-11 -8.840483900485197e-12 
 2.818382931264763e+06  1.000000000000000e+00  0.000000000000000e+00  6.447453682056903e-11 -7.484679542812955e-12 
 2.851018267504222e+06  1.000000000000000e+00  0.000000000000000e+00  6.352651737984161e-11 -6.084244219550783e-12 
 2.884031503126923e+06  1.000000000000000e+00  0.000000000000000e+00  6.259659457441558e-11 -4.646394380358743e-12 
 2.917427014001487e+06  1.000000000000000e+00  0.000000000000000e+00  6.168143773521706e-11 -3.164801753996471e-12 
 2.951209226666710e+06  1.000000000000000e+00  0.000000000000000e+00  6.078637593276426e-11 -1.649236303080670e-12 
 2.985382618918288e+06  1.000000000000000e+00  0.000000000000000e+00  5.990907769870546e-11 -8.337774914934926e-14 
 3.019951720402348e+06  1.000000000000000e+00  0.000000000000000e+00  5.905387290283670e-11  1.517230785452739e-12 
 3.054921113215849e+06  1.000000000000000e+00  0.000000000000000e+00  5.822164972357768e-11  3.160582906502896e-12 
 3.090295432513931e+06  1.000000000000000e+00  0.000000000000000e+00  5.741274122783580e-11  4.851563595309472e-12 
 3.126079367124300e+06  1.000000000000000e+00  0.000000000000000e+00  5.662936786166028e-11  6.575406885644952e-12 
 3.162277660168728e+06  1.000000000000000e+00  0.000000000000000e+00  5.587130758044623e-11  8.344769319990064e-12 
 3.198895109691751e+06  1.000000000000000e+00  0.000000000000000e+00  5.514488865543399e-11  1.015521000624631e-11 
 3.235936569296639e+06  1.000000000000000e+00  0.000000000000000e+00 -6.228983995271165e-11 -5.749462017590190e-10 
 3.273406948788743e+06  1.000000000000000e+00  0.000000000000000e+00 -6.395384222201983e-11 -5.663663982247158e-10 
 3.311311214826277e+06  1.000000000000000e+00  0.000000000000000e+00 -5.906231059782385e-11 -5.548047576908743e-10 
 3.349654391578647e+06  1.000000000000000e+00  0.000000000000000e+00 -6.058031853939383e-11 -5.462926777610733e-10 
 3.388441561392400e+06  1.000000000000000e+00  0.000000000000000e+00 -6.205869151898469e-11 -5.377904788161914e-10 
 3.427677865464883e+06  1.000000000000000e+00  0.000000000000000e+00 -6.349953896034322e-11 -5.292869476036799e-10 
 3.467368504525701e+06  1.000000000000000e+00  0.000000000000000e+00 -6.489608850301920e-11 -5.207922981753654e-10 
 3.507518739526069e+06  1.000000000000000e+00  0.000000000000000e+00 -6.624922832543234e-11 -5.123030888398716e-10 
 3.548133892336148e+06  1.000000000000000e+00  0.000000000000000e+00 -6.755562775850876e-11 -5.038209849317354e-10 
 3.589219346450450e+06  1.000000000000000e+00  0.000000000000000e+00 -6.881251124468690e-11 -4.953404353358337e-10 
 3.630780547701417e+06  1.000000000000000e+00  0.000000000000000e+00 -7.001865753863967e-11 -4.868658809442650e-10 
 3.672823004981255e+06  1.000000000000000e+00  0.000000000000000e+00 -7.475853269767185e-11 -4.795994712480933e-10 
 3.715352290972138e+06  1.000000000000000e+00  0.000000000000000e+00 -7.588785155832056e-11 -4.710965506582454e-10 
 3.758374042884860e+06  1.000000000000000e+00  0.000000000000000e+00 -7.695710735333705e-11 -4.625912430888945e-10 
 3.801893963206035e+06  1.000000000000000e+00  0.000000000000000e+00  5.246936218838982e-11  4.326694558187683e-11 
 3.845917820453964e+06  1.000000000000000e+00  0.000000000000000e+00  5.245959222577312e-11  4.566280686901791e-11 
 3.890451449943240e+06  1.000000000000000e+00  0.000000000000000e+00  5.250844203885663e-11  4.808886622242881e-11 
 3.935500754558214e+06  1.000000000000000e+00  0.000000000000000e+00  5.261469038231326e-11  5.054268115145533e-11 
 3.981071705535417e+06  1.000000000000000e+00  0.000000000000000e+00  5.278422143817352e-11  5.302991379352306e-11 
 4.027170343255041e+06  1.000000000000000e+00  0.000000000000000e+00  5.301403760427092e-11  5.553935089608331e-11 
 4.073802778041583e+06  1.000000000000000e+00  0.000000000000000e+00  5.330780261658674e-11  5.807870850915720e-11 
 4.120975190973763e+06  1.000000000000000e+00  0.000000000000000e+00  5.366806998807760e-11  6.064448943021716e-11 
 4.168693834703820e+06  1.000000000000000e+00  0.000000000000000e+00  5.803657554537267e-11  6.397066210084290e-11 
 4.216965034286294e+06  1.000000000000000e+00  0.000000000000000e+00  5.856060081299574e-11  6.652983719490635e-11 
 4.265795188016404e+06  1.000000000000000e+00  0.000000000000000e+00  5.915501422038005e-11  6.910860772535443e-11 
 4.315190768278136e+06  1.000000000000000e+00  0.000000000000000e+00  5.982125905745761e-11  7.170591898031375e-11 
 4.365158322402149e+06  1.000000000000000e+00  0.000000000000000e+00  6.056033452495058e-11  7.431855131301290e-11 
 4.415704473533621e+06  1.000000000000000e+00  0.000000000000000e+00  5.325206942075056e-11  7.597045215135267e-11 
 4.466835921510133e+06  1.000000000000000e+00  0.000000000000000e+00  5.409950265544694e-11  7.871259199987435e-11 
 4.518559443749731e+06  1.000000000000000e+00  0.000000000000000e+00  5.502409639035477e-11  8.146611163439843e-11 
 4.570881896149265e+06  1.000000000000000e+00  0.000000000000000e+00  5.603006947296763e-11  8.422795794160720e-11 
 4.623810213993124e+06  1.000000000000000e+00  0.000000000000000e+00  5.712030848314953e-11  8.699796438804697e-11 
 4.677351412872509e+06  1.000000000000000e+00  0.000000000000000e+00  5.829292604175862e-11  8.977063536974583e-11 
 4.731512589615338e+06  1.000000000000000e+00  0.000000000000000e+00  5.954858828260967e-11  9.254408350756194e-11 
 4.786300923226924e+06  1.000000000000000e+00  0.000000000000000e+00  6.089240223161596e-11  9.531797573458789e-11 
 4.841723675841540e+06  1.000000000000000e+00  0.000000000000000e+00  6.232281357654301e-11  9.808526213461732e-11 
 4.897788193685016e+06  1.000000000000000e+00  0.000000000000000e+00  7.226930165415979e-11  1.008083061471154e-10 
 4.954501908048463e+06  1.000000000000000e+00  0.000000000000000e+00  7.389799883128489e-11  1.034395902266283e-10 
 5.011872336273290e+06  1.000000000000000e+00  0.000000000000000e+00  7.137845869920056e-11  1.062006038665686e-10 
 5.069907082747618e+06  1.000000000000000e+00  0.000000000000000e+00  7.317124683936527e-11  1.088672485494158e-10 
 5.128613839914230e+06  1.000000000000000e+00  0.000000000000000e+00  7.505351895531476e-11  1.115134651286098e-10 
 5.188000389290200e+06  1.000000000000000e+00  0.000000000000000e+00  7.702771753770321e-11  1.141375882696138e-10 
 5.248074602498322e+06  1.000000000000000e+00  0.000000000000000e+00  7.908962373903705e-11  1.167362040366271e-10 
 5.308844442310487e+06  1.000000000000000e+00  0.000000000000000e+00  8.124367845141478e-11  1.193100063190400e-10 
 5.370317963703138e+06  1.000000000000000e+00  0.000000000000000e+00  8.774692084045910e-11  1.213360523166784e-10 
 5.432503314924950e+06  1.000000000000000e+00  0.000000000000000e+00  9.008105372743103e-11  1.237812075061129e-10 
 5.495408738576870e+06  1.000000000000000e+00  0.000000000000000e+00  9.250311627795327e-11  1.261846738209726e-10 
 5.559042572704668e+06  1.000000000000000e+00  0.000000000000000e+00  9.501266440281597e-11  1.285488382407607e-10 
 5.623413251904131e+06  1.000000000000000e+00  0.000000000000000e+00  9.761347286030286e-11  1.308684827172613e-10 
 5.688529308439062e+06  1.000000000000000e+00  0.000000000000000e+00  1.003013228029204e-10  1.331417198713325e-10 
 5.754399373372225e+06  1.000000000000000e+00  0.000000000000000e+00  1.030759921860636e-10  1.353646639223882e-10 
 5.821032177709378e+06  1.000000000000000e+00  0.000000000000000e+00  1.059370369205226e-10  1.375312641549442e-10 
 5.888436553556562e+06  1.000000000000000e+00  0.000000000000000e+00  1.088851231401122e-10  1.396416038357273e-10 
 5.956621435290786e+06  1.000000000000000e+00  0.000000000000000e+00  1.119164760865488e-10  1.416908673723682e-10 
 6.025595860744267e+06  1.000000000000000e+00  0.000000000000000e+00  1.150324280274617e-10  1.436771257523617e-10 
 6.095368972402389e+06  1.000000000000000e+00  0.000000000000000e+00  1.223865453425788e-10  1.443728747663187e-10 
 6.165950018615528e+06  1.000000000000000e+00  0.000000000000000e+00  1.256468262766930e-10  1.461544357761468e-10 
 6.237348354824907e+06  1.000000000000000e+00  0.000000000000000e+00  1.289837125995064e-10  1.478651506792161e-10 
 6.309573444802656e+06  1.000000000000000e+00  0.000000000000000e+00  1.323965381772041e-10  1.494973450588688e-10 
 6.382634861906219e+06  1.000000000000000e+00  0.000000000000000e+00  1.358855250543911e-10  1.510488054079495e-10 
 6.456542290347297e+06  1.000000000000000e+00  0.000000000000000e+00  1.394460102943640e-10  1.525170545413346e-10 
 6.531305526475474e+06  1.000000000000000e+00  0.000000000000000e+00  1.430757734510735e-10  1.538985189286635e-10 
 6.606934480076720e+06  1.000000000000000e+00  0.000000000000000e+00  1.467759247475442e-10  1.551908237334976e-10 
 6.683439175686915e+06  1.000000000000000e+00  0.000000000000000e+00  1.465860766103333e-10  1.581137512585151e-10 
 6.760829753920596e+06  1.000000000000000e+00  0.000000000000000e+00  1.504452118439303e-10  1.592768208991124e-10 
 6.839116472815081e+06  1.000000000000000e+00  0.000000000000000e+00  1.543678518345359e-10  1.603418578466353e-10 
 6.918309709190163e+06  1.000000000000000e+00  0.000000000000000e+00  1.583506659130762e-10  1.613068636996395e-10 
 6.998419960023543e+06  1.000000000000000e+00  0.000000000000000e+00  1.623889911428478e-10  1.621651701810833e-10 
 7.079457843842197e+06  1.000000000000000e+00  0.000000000000000e+00  1.664823834346407e-10  1.629175266915084e-10 
 7.161434102129849e+06  1.000000000000000e+00  0.000000000000000e+00  1.706246255395172e-10  1.635575702652048e-10 
 7.244359600750739e+06  1.000000000000000e+00  0.000000000000000e+00  1.748152733682673e-10  1.640858005025336e-10 
 7.328245331389889e+06  1.000000000000000e+00  0.000000000000000e+00  1.790483317165581e-10  1.645001079797481e-10 
 7.413102413010034e+06  1.000000000000000e+00  0.000000000000000e+00  1.833226903613649e-10  1.647967318163523e-10 
 7.498942093325428e+06  1.000000000000000e+00  0.000000000000000e+00  1.876336863659844e-10  1.649762548794342e-10 
 7.585775750292717e+06  1.000000000000000e+00  0.000000000000000e+00  1.919786551951574e-10  1.650318770529680e-10 
 7.673614893619080e+06  1.000000000000000e+00  0.000000000000000e+00  1.963522677783658e-10  1.649647085599781e-10 
 7.762471166287819e+06  1.000000000000000e+00  0.000000000000000e+00  2.007500832235110e-10  1.647733893772596e-10 
 7.852356346101630e+06  1.000000000000000e+00  0.000000000000000e+00  2.051703251737536e-10  1.644552549695533e-10 
 7.943282347243738e+06  1.000000000000000e+00  0.000000000000000e+00  2.029900691979947e-10  1.690733941739353e-10 
 8.035261221857107e+06  1.000000000000000e+00  0.000000000000000e+00  2.042945812519292e-10  1.711639441293045e-10 
 8.128305161641939e+06  1.000000000000000e+00  0.000000000000000e+00  2.089193262833078e-10  1.705903196480563e-10 
 8.222426499471669e+06  1.000000000000000e+00  0.000000000000000e+00  2.229796347563706e-10  1.618916112278157e-10 
 8.317637711027679e+06  1.000000000000000e+00  0.000000000000000e+00  2.274442856275982e-10  1.609218314158056e-10 
 8.413951416452931e+06  1.000000000000000e+00  0.000000000000000e+00  2.379583197154034e-10  1.543347671884021e-10 
 8.511380382024758e+06  1.000000000000000e+00  0.000000000000000e+00  2.422910760913055e-10  1.530243709524370e-10 
 8.609937521847012e+06  1.000000000000000e+00  0.000000000000000e+00  2.466074011664432e-10  1.515831349330199e-10 
 8.709635899561824e+06  1.000000000000000e+00  0.000000000000000e+00  2.366680185161840e-10  1.642579405825018e-10 
 8.810488730081171e+06  1.000000000000000e+00  0.000000000000000e+00  2.412499089388120e-10  1.627190049369176e-10 
 8.912509381338498e+06  1.000000000000000e+00  0.000000000000000e+00  2.539781718269296e-10  1.522999504288691e-10 
 9.015711376060624e+06  1.000000000000000e+00  0.000000000000000e+00  2.583167013625598e-10  1.503933644286803e-10 
 9.120108393560166e+06  1.000000000000000e+00  0.000000000000000e+00  2.626194817167971e-10  1.483550504666198e-10 
 9.225714271548713e+06  1.000000000000000e+00  0.000000000000000e+00  2.719455771682533e-10  1.401893601205018e-10 
 9.332543007971006e+06  1.000000000000000e+00  0.000000000000000e+00  2.760311978988739e-10  1.378386849104629e-10 
 9.440608762860343e+06  1.000000000000000e+00  0.000000000000000e+00  2.704616530735393e-10  1.475393696104277e-10 
 9.549925860215481e+06  1.000000000000000e+00  0.000000000000000e+00  2.747055916074714e-10  1.450196074337384e-10 
 9.660508789899269e+06  1.000000000000000e+00  0.000000000000000e+00  2.834310564026055e-10  1.361981638581256e-10 
 9.772372209559256e+06  1.000000000000000e+00  0.000000000000000e+00  2.874223081761329e-10  1.333827492899786e-10 
 9.885530946570551e+06  1.000000000000000e+00  0.000000000000000e+00  4.120371821514368e-10  2.330117210291860e-10 
 1.000000000000118e+07  1.000000000000000e+00  0.000000000000000e+00  4.145199739014060e-10  2.269704424406882e-10 
 1.011579454260018e+07  1.000000000000000e+00  0.000000000000000e+00  2.949657185169485e-10  1.304895635989567e-10 
 1.023292992280875e+07  1.000000000000000e+00  0.000000000000000e+00  2.987950997734856e-10  1.272104088734238e-10 
 1.035142166679466e+07  1.000000000000000e+00  0.000000000000000e+00  3.025393269240340e-10  1.238133484626758e-10 
 1.047128548051023e+07  1.000000000000000e+00  0.000000000000000e+00  3.115979696488580e-10  1.107805513989035e-10 
 1.059253725177414e+07  1.000000000000000e+00  0.000000000000000e+00  3.149608351904476e-10  1.071368549432350e-10 
 1.071519305237733e+07  1.000000000000000e+00  0.000000000000000e+00  3.148931115859455e-10  1.097512081216223e-10 
 1.083926914021332e+07  1.000000000000000e+00  0.000000000000000e+00  3.197936360166409e-10  1.027186113944367e-10 
 1.096478196143315e+07  1.000000000000000e+00  0.000000000000000e+00  3.198564746398347e-10  1.051374542981875e-10 
 1.109174815262532e+07  1.000000000000000e+00  0.000000000000000e+00  3.274140958353655e-10  9.153500180048013e-11 
 1.122018454302096e+07  1.000000000000000e+00  0.000000000000000e+00  2.240079233217784e-10  1.780353642288901e-11 
 1.135010815672449e+07  1.000000000000000e+00  0.000000000000000e+00  2.309853419646402e-10  9.603540185310067e-12 
 1.148153621497019e+07  1.000000000000000e+00  0.000000000000000e+00  3.318004759833570e-10  8.836453790905807e-11 
 1.161448613840480e+07  1.000000000000000e+00  0.000000000000000e+00  3.344946541972149e-10  8.394629436025980e-11 
 1.174897554939669e+07  1.000000000000000e+00  0.000000000000000e+00  3.393491043723884e-10  7.313805117092897e-11 
 1.188502227437159e+07  1.000000000000000e+00  0.000000000000000e+00  2.465615489555262e-10  9.249268018152179e-13 
 1.202264434617556e+07  1.000000000000000e+00  0.000000000000000e+00  3.418243466057902e-10  7.021516701399833e-11 
 1.216186000646512e+07  1.000000000000000e+00  0.000000000000000e+00  3.440098206297648e-10  6.549472075789708e-11 
 1.230268770812528e+07  1.000000000000000e+00  0.000000000000000e+00  3.478493049158260e-10  5.450229156878095e-11 
 1.244514611771533e+07  1.000000000000000e+00  0.000000000000000e+00  3.513115354181195e-10  4.351385918255346e-11 
 1.258925411794317e+07  1.000000000000000e+00  0.000000000000000e+00  3.497634404325822e-10  5.095734945115282e-11 
 1.273503081016813e+07  1.000000000000000e+00  0.000000000000000e+00  3.521201108469540e-10  4.295286348821037e-11 
 1.288249551693287e+07  1.000000000000000e+00  0.000000000000000e+00  3.555334915361641e-10  2.888300709713576e-11 
 1.303166778452454e+07  1.000000000000000e+00  0.000000000000000e+00  3.566668071997015e-10  2.392519515836966e-11 
 1.318256738556564e+07  1.000000000000000e+00  0.000000000000000e+00  3.560362005217144e-10  2.788902442318886e-11 
 1.333521432163483e+07  1.000000000000000e+00  0.000000000000000e+00  3.565708839303738e-10  2.575994972886519e-11 
 1.348962882591814e+07  1.000000000000000e+00  0.000000000000000e+00  2.779315666501248e-10 -2.601696635906592e-11 
 1.364583136589087e+07  1.000000000000000e+00  0.000000000000000e+00  3.598125131176744e-10  3.811284621235700e-12 
 1.380384264603049e+07  1.000000000000000e+00  0.000000000000000e+00  3.589393227088067e-10  1.026467799647435e-11 
 1.396368361056104e+07  1.000000000000000e+00  0.000000000000000e+00  3.599915920915464e-10 -6.417089082333405e-13 
 1.412537544622923e+07  1.000000000000000e+00  0.000000000000000e+00  3.597949715938853e-10 -1.427746809667951e-13 
 1.428893958511274e+07  1.000000000000000e+00  0.000000000000000e+00  3.603596310242096e-10 -1.094357937603263e-11 
 1.445439770746100e+07  1.000000000000000e+00  0.000000000000000e+00  3.607183440834660e-10 -2.438382828984231e-11 
 1.462177174456893e+07  1.000000000000000e+00  0.000000000000000e+00  3.601591247459623e-10 -2.123734521575216e-11 
 1.479108388168385e+07  1.000000000000000e+00  0.000000000000000e+00  3.597724340664854e-10 -2.097344520279876e-11 
 1.496235656094613e+07  1.000000000000000e+00  0.000000000000000e+00  4.265170439055055e-10 -8.708367360554803e-12 
 1.513561248436390e+07  1.000000000000000e+00  0.000000000000000e+00  3.587048436060059e-10 -4.184563806575170e-11 
 1.531087461682214e+07  1.000000000000000e+00  0.000000000000000e+00  4.866562708372157e-10  9.865996908331454e-12 
 1.548816618912667e+07  1.000000000000000e+00  0.000000000000000e+00  3.569466944242095e-10 -5.182154705352104e-11 
 1.566751070108337e+07  1.000000000000000e+00  0.000000000000000e+00  4.182227897331359e-10 -2.056899095492781e-11 
 1.584893192461304e+07  1.000000000000000e+00  0.000000000000000e+00  3.546597460157841e-10 -6.166134269847134e-11 
 1.603245390690234e+07  1.000000000000000e+00  0.000000000000000e+00  3.540631121623505e-10 -5.916900303049033e-11 
 1.621810097359125e+07  1.000000000000000e+00  0.000000000000000e+00  3.524230907103743e-10 -6.650746620096015e-11 
 1.640589773199737e+07  1.000000000000000e+00  0.000000000000000e+00  3.512200530408904e-10 -6.897249438253539e-11 
 1.659586907437761e+07  1.000000000000000e+00  0.000000000000000e+00  4.047057133860221e-10 -5.271971748044280e-11 
 1.678804018122763e+07  1.000000000000000e+00  0.000000000000000e+00  3.471060661119907e-10 -8.316258792717690e-11 
 1.698243652461949e+07  1.000000000000000e+00  0.000000000000000e+00  2.942753263290854e-10 -9.807155088026320e-11 
 1.717908387157796e+07  1.000000000000000e+00  0.000000000000000e+00  3.431511741425197e-10 -9.236289510994311e-11 
 1.737800828749586e+07  1.000000000000000e+00  0.000000000000000e+00  3.414735716411599e-10 -9.468503758824909e-11 
 1.757923613958905e+07  1.000000000000000e+00  0.000000000000000e+00  3.377431667672681e-10 -1.055787679504760e-10 
 1.778279410039138e+07  1.000000000000000e+00  0.000000000000000e+00  3.368968992667476e-10 -1.035561636442139e-10 
 1.798870915129006e+07  1.000000000000000e+00  0.000000000000000e+00  3.344478027855757e-10 -1.078798161913141e-10 
 1.819700858610204e+07  1.000000000000000e+00  0.000000000000000e+00  2.888531636102698e-10 -1.188091847126316e-10 
 1.840772001469179e+07  1.000000000000000e+00  0.000000000000000e+00  3.280506422065343e-10 -1.202516974885270e-10 
 1.862087136663093e+07  1.000000000000000e+00  0.000000000000000e+00  3.258748826340252e-10 -1.223112722215092e-10 
 1.883649089490029e+07  1.000000000000000e+00  0.000000000000000e+00  3.236487189361981e-10 -1.243641856163435e-10 
 1.905460717963478e+07  1.000000000000000e+00  0.000000000000000e+00  3.220273492310355e-10 -1.245482605938264e-10 
 1.927524913191170e+07  1.000000000000000e+00  0.000000000000000e+00  3.197164200052782e-10 -1.266224902707336e-10 
 1.949844599758282e+07  1.000000000000000e+00  0.000000000000000e+00  3.145868010534514e-10 -1.358115842009511e-10 
 1.972422736115093e+07  1.000000000000000e+00  0.000000000000000e+00  3.114009050619870e-10 -1.394412363353581e-10 
 1.995262314969122e+07  1.000000000000000e+00  0.000000000000000e+00  3.074156484927926e-10 -1.446787134540273e-10 
 2.018366363681806e+07  1.000000000000000e+00  0.000000000000000e+00  3.062742282011754e-10 -1.430829899007335e-10 
 2.041737944669778e+07  1.000000000000000e+00  0.000000000000000e+00  2.991490943848873e-10 -1.546269778884835e-10 
 2.065380155810780e+07  1.000000000000000e+00  0.000000000000000e+00  2.979234636768524e-10 -1.529874005257170e-10 
 2.089296130854294e+07  1.000000000000000e+00  0.000000000000000e+00  2.928452480510657e-10 -1.592219689428021e-10 
 2.113489039836904e+07  1.000000000000000e+00  0.000000000000000e+00  2.923561392975671e-10 -1.561348828005293e-10 
 2.137962089502493e+07  1.000000000000000e+00  0.000000000000000e+00  2.571513002536108e-10 -1.684762329645650e-10 
 2.162718523727284e+07  1.000000000000000e+00  0.000000000000000e+00  2.826425204993654e-10 -1.663518212069448e-10 
 2.187761623949819e+07  1.000000000000000e+00  0.000000000000000e+00  2.788840269829507e-10 -1.690368955920007e-10 
 2.213094709605908e+07  1.000000000000000e+00  0.000000000000000e+00  2.775168983504273e-10 -1.675282135238376e-10 
 2.238721138568613e+07  1.000000000000000e+00  0.000000000000000e+00  2.736901261179980e-10 -1.701117025021404e-10 
 2.264644307593336e+07  1.000000000000000e+00  0.000000000000000e+00  2.425960543561700e-10 -1.802734628242320e-10 
 2.290867652768053e+07  1.000000000000000e+00  0.000000000000000e+00  2.890255257348429e-10 -1.725807274866042e-10 
 2.317394649968762e+07  1.000000000000000e+00  0.000000000000000e+00  2.603272319934291e-10 -1.796672810527866e-10 
 2.344228815320209e+07  1.000000000000000e+00  0.000000000000000e+00  2.563569079239159e-10 -1.817559436290139e-10 
 2.371373705661946e+07  1.000000000000000e+00  0.000000000000000e+00  2.548625477327704e-10 -1.802773486048181e-10 
 2.398832919019784e+07  1.000000000000000e+00  0.000000000000000e+00  2.500153417628326e-10 -1.833756479996396e-10 
 2.426610095082713e+07  1.000000000000000e+00  0.000000000000000e+00  2.459824288703061e-10 -1.852141773284188e-10 
 2.454708915685331e+07  1.000000000000000e+00  0.000000000000000e+00  2.394300591124221e-10 -1.901155899375340e-10 
 2.483133105295875e+07  1.000000000000000e+00  0.000000000000000e+00  2.175755409172808e-10 -1.934342686027435e-10 
 2.511886431509889e+07  1.000000000000000e+00  0.000000000000000e+00  2.337987026201915e-10 -1.901003798820966e-10 
 2.540972705549617e+07  1.000000000000000e+00  0.000000000000000e+00  2.280599598059041e-10 -1.934470361675267e-10 
 2.570395782769180e+07  1.000000000000000e+00  0.000000000000000e+00  2.073582416883823e-10 -1.973377017350231e-10 
 2.600159563165592e+07  1.000000000000000e+00  0.000000000000000e+00  2.207294347300603e-10 -1.949619354846277e-10 
 2.630267991895705e+07  1.000000000000000e+00  0.000000000000000e+00  2.158314360567459e-10 -1.969250318367699e-10 
 2.660725059799137e+07  1.000000000000000e+00  0.000000000000000e+00  2.117629405162802e-10 -1.978862629314904e-10 
 2.691534803927247e+07  1.000000000000000e+00  0.000000000000000e+00  2.077027161373479e-10 -1.987507936007660e-10 
 2.722701308078248e+07  1.000000000000000e+00  0.000000000000000e+00  2.036540935890230e-10 -1.995207332683435e-10 
 2.754228703338506e+07  1.000000000000000e+00  0.000000000000000e+00  1.980161867809471e-10 -2.017235267715023e-10 
 2.786121168630114e+07  1.000000000000000e+00  0.000000000000000e+00  1.979850727806820e-10 -1.985648312441413e-10 
 2.818382931264801e+07  1.000000000000000e+00  0.000000000000000e+00  1.915983205424965e-10 -2.012698896436405e-10 
 2.851018267504261e+07  1.000000000000000e+00  0.000000000000000e+00  1.983514741343839e-10 -1.997871867942536e-10 
 2.884031503126962e+07  1.000000000000000e+00  0.000000000000000e+00  1.852120540268842e-10 -2.006584343128281e-10 
 2.917427014001527e+07  1.000000000000000e+00  0.000000000000000e+00  1.797289123084411e-10 -2.022115808131275e-10 
 2.951209226666751e+07  1.000000000000000e+00  0.000000000000000e+00  1.735418198034466e-10 -2.042016555847681e-10 
 2.985382618918329e+07  1.000000000000000e+00  0.000000000000000e+00  1.719483444517778e-10 -2.024128087363408e-10 
 3.019951720402390e+07  1.000000000000000e+00  0.000000000000000e+00  1.666138477185442e-10 -2.035324686566753e-10 
 3.054921113215892e+07  1.000000000000000e+00  0.000000000000000e+00  1.635556134971239e-10 -2.028383572216796e-10 
 3.090295432513973e+07  1.000000000000000e+00  0.000000000000000e+00  1.612431715924956e-10 -2.015808631128380e-10 
 3.126079367124343e+07  1.000000000000000e+00  0.000000000000000e+00  1.567744822850159e-10 -2.018539779768957e-10 
 3.162277660168771e+07  1.000000000000000e+00  0.000000000000000e+00  1.447175990154648e-10 -2.050095093686366e-10 
 3.198895109691795e+07  1.000000000000000e+00  0.000000000000000e+00  1.480059963476776e-10 -2.020602019037199e-10 
 3.235936569296684e+07  1.000000000000000e+00  0.000000000000000e+00  1.457860637765762e-10 -2.006511068408656e-10 
 3.273406948788789e+07  1.000000000000000e+00  0.000000000000000e+00  1.435714880315686e-10 -1.992493947611251e-10 
 3.311311214826322e+07  1.000000000000000e+00  0.000000000000000e+00  1.386694786775777e-10 -1.995053011683012e-10 
 3.349654391578693e+07  1.000000000000000e+00  0.000000000000000e+00  1.351778966540707e-10 -1.988350040171838e-10 
 3.388441561392447e+07  1.000000000000000e+00  0.000000000000000e+00  1.330393850640377e-10 -1.973439744951122e-10 
 3.427677865464929e+07  1.000000000000000e+00  0.000000000000000e+00  1.296209112267022e-10 -1.965838603013026e-10 
 3.467368504525747e+07  1.000000000000000e+00  0.000000000000000e+00  1.249820386073353e-10 -1.964574614099490e-10 
 3.507518739526116e+07  1.000000000000000e+00  0.000000000000000e+00  1.229280843784153e-10 -1.948866068524069e-10 
 3.548133892336196e+07  1.000000000000000e+00  0.000000000000000e+00  1.196555007854094e-10 -1.939542970674779e-10 
 3.589219346450499e+07  1.000000000000000e+00  0.000000000000000e+00  1.158297277537024e-10 -1.932706217289137e-10 
 3.630780547701465e+07  1.000000000000000e+00  0.000000000000000e+00  1.179729855471656e-10 -1.877216715406860e-10 
 3.672823004981304e+07  1.000000000000000e+00  0.000000000000000e+00  1.083925033062982e-10 -1.916680147928673e-10 
 3.715352290972188e+07  1.000000000000000e+00  0.000000000000000e+00  1.047827935529710e-10 -1.907563551561964e-10 
 3.758374042884910e+07  1.000000000000000e+00  0.000000000000000e+00  1.029362324544980e-10 -1.890285705741235e-10 
 3.801893963206086e+07  1.000000000000000e+00  0.000000000000000e+00  9.944274570461431e-11 -1.880174904655973e-10 
 3.845917820454016e+07  1.000000000000000e+00  0.000000000000000e+00  9.602323797208712e-11 -1.869419619104917e-10 
 3.890451449943291e+07  1.000000000000000e+00  0.000000000000000e+00  9.427713471010790e-11 -1.851656050710915e-10 
 3.935500754558266e+07  1.000000000000000e+00  0.000000000000000e+00  9.254505842215544e-11 -1.833964646813513e-10 
 3.981071705535470e+07  1.000000000000000e+00  0.000000000000000e+00  8.928840826427642e-11 -1.822097472903295e-10 
 4.027170343255094e+07  1.000000000000000e+00  0.000000000000000e+00  8.610654550489372e-11 -1.809688510157059e-10 
 4.073802778041637e+07  1.000000000000000e+00  0.000000000000000e+00  8.164626613682557e-11 -1.840680941000983e-10 
 4.120975190973818e+07  1.000000000000000e+00  0.000000000000000e+00  8.093326529790001e-11 -1.780107172777434e-10 
 4.168693834703876e+07  1.000000000000000e+00  0.000000000000000e+00  7.748167645676984e-11 -1.767944124431153e-10 
 4.216965034286351e+07  1.000000000000000e+00  0.000000000000000e+00  7.505157302925558e-11 -1.752288869560914e-10 
 4.265795188016462e+07  1.000000000000000e+00  0.000000000000000e+00  7.358426042970712e-11 -1.733678756110635e-10 
 4.315190768278193e+07  1.000000000000000e+00  0.000000000000000e+00  7.124368369554324e-11 -1.717723741023747e-10 
 4.365158322402208e+07  1.000000000000000e+00  0.000000000000000e+00  6.982824474893734e-11 -1.699161922275039e-10 
 4.415704473533680e+07  1.000000000000000e+00  0.000000000000000e+00  6.831644017851746e-11 -1.632876056589794e-10 
 4.466835921510192e+07  1.000000000000000e+00  0.000000000000000e+00  6.371396292503828e-11 -1.670749649740344e-10 
 4.518559443749791e+07  1.000000000000000e+00  0.000000000000000e+00  6.242273364875928e-11 -1.651945247260755e-10 
 4.570881896149325e+07  1.000000000000000e+00  0.000000000000000e+00  6.035111473068344e-11 -1.635088175966359e-10 
 4.623810213993184e+07  1.000000000000000e+00  0.000000000000000e+00  5.833226089657639e-11 -1.618096212574471e-10 
 4.677351412872570e+07  1.000000000000000e+00  0.000000000000000e+00  5.636574887390999e-11 -1.600984900207436e-10 
 4.731512589615400e+07  1.000000000000000e+00  0.000000000000000e+00  5.603060376779823e-11 -1.527281634494670e-10 
 4.786300923226986e+07  1.000000000000000e+00  0.000000000000000e+00  5.520528131852664e-11 -1.507515223764244e-10 
 4.841723675841603e+07  1.000000000000000e+00  0.000000000000000e+00  5.296485472428003e-11 -1.490502721246401e-10 
 4.897788193685079e+07  1.000000000000000e+00  0.000000000000000e+00  4.901323791273171e-11 -1.531624271855492e-10 
 4.954501908048527e+07  1.000000000000000e+00  0.000000000000000e+00  4.662386449139078e-11 -1.515169656407522e-10 
 5.011872336273355e+07  1.000000000000000e+00  0.000000000000000e+00  4.596811126189593e-11 -1.496099910625048e-10 
 5.069907082747684e+07  1.000000000000000e+00  0.000000000000000e+00  4.402291378657885e-11 -1.479004696491870e-10 
 5.128613839914297e+07  1.000000000000000e+00  0.000000000000000e+00  4.245596582630462e-11 -1.461416543335758e-10 
 5.188000389290267e+07  1.000000000000000e+00  0.000000000000000e+00  4.222782887253196e-11 -1.384575787355402e-10 
 5.248074602498390e+07  1.000000000000000e+00  0.000000000000000e+00  3.886399535524276e-11 -1.426866402809424e-10 
 5.308844442310555e+07  1.000000000000000e+00  0.000000000000000e+00  3.774336052031479e-11 -1.408947403191974e-10 
 5.370317963703207e+07  1.000000000000000e+00  0.000000000000000e+00  3.665299661004262e-11 -1.391124992977666e-10 
 5.432503314925020e+07  1.000000000000000e+00  0.000000000000000e+00  3.656073360724932e-11 -1.313611164288631e-10 
 5.495408738576942e+07  1.000000000000000e+00  0.000000000000000e+00  3.402011311548492e-11 -1.356157963705584e-10 
 5.559042572704741e+07  1.000000000000000e+00  0.000000000000000e+00  3.276819787734198e-11 -1.338750221790974e-10 
 5.623413251904204e+07  1.000000000000000e+00  0.000000000000000e+00  3.078799715172664e-11 -1.321789622199532e-10 
 5.688529308439137e+07  1.000000000000000e+00  0.000000000000000e+00  2.988946590232189e-11 -1.304342467367547e-10 
 5.754399373372301e+07  1.000000000000000e+00  0.000000000000000e+00  2.853049740902946e-11 -1.287178974518355e-10 
 5.821032177709454e+07  1.000000000000000e+00  0.000000000000000e+00  2.896637096849730e-11 -1.209630451359800e-10 
 5.888436553556639e+07  1.000000000000000e+00  0.000000000000000e+00  2.666093040781803e-11 -1.252910553084519e-10 
 5.956621435290863e+07  1.000000000000000e+00  0.000000000000000e+00  2.656067032980047e-11 -1.235916091690825e-10 
 6.025595860744344e+07  1.000000000000000e+00  0.000000000000000e+00  2.513607377796490e-11 -1.219146172903862e-10 
 6.095368972402468e+07  1.000000000000000e+00  0.000000000000000e+00  2.419751898852240e-11 -1.202467292404918e-10 
 6.165950018615607e+07  1.000000000000000e+00  0.000000000000000e+00  2.215502781233170e-11 -1.245821501516531e-10 
 6.237348354824988e+07  1.000000000000000e+00  0.000000000000000e+00  2.262783710405003e-11 -1.169534469269706e-10 
 6.309573444802737e+07  1.000000000000000e+00  0.000000000000000e+00  1.981011882312700e-11 -1.212545341910953e-10 
 6.382634861906301e+07  1.000000000000000e+00  0.000000000000000e+00  2.078991145904041e-11 -1.137018534880241e-10 
 6.456542290347379e+07  1.000000000000000e+00  0.000000000000000e+00  1.964932383469176e-11 -1.120806780718908e-10 
 6.531305526475558e+07  1.000000000000000e+00  0.000000000000000e+00  1.892146855864141e-11 -1.104908942117788e-10 
 6.606934480076804e+07  1.000000000000000e+00  0.000000000000000e+00  1.673758354137078e-11 -1.147663630796103e-10 
 6.683439175687000e+07  1.000000000000000e+00  0.000000000000000e+00  1.789668413465506e-11 -1.073833522102774e-10 
 6.760829753920682e+07  1.000000000000000e+00  0.000000000000000e+00  1.724761999888358e-11 -1.058421683630684e-10 
 6.839116472815168e+07  1.000000000000000e+00  0.000000000000000e+00  1.662652654443875e-11 -1.043169717274139e-10 
 6.918309709190249e+07  1.000000000000000e+00  0.000000000000000e+00  1.634582746934399e-11 -1.028389873258817e-10 
 6.998419960023630e+07  1.000000000000000e+00  0.000000000000000e+00  1.338764515912416e-11 -1.069419552912620e-10 
 7.079457843842284e+07  1.000000000000000e+00  0.000000000000000e+00  1.492378443046505e-11 -9.984121862594009e-11 
 7.161434102129936e+07  1.000000000000000e+00  0.000000000000000e+00  1.469430133127503e-11 -9.841766290819010e-11 
 7.244359600750828e+07  1.000000000000000e+00  0.000000000000000e+00  1.405402877407980e-11 -9.696027314376465e-11 
 7.328245331389979e+07  1.000000000000000e+00  0.000000000000000e+00  1.330986015846136e-11 -9.550141233383158e-11 
 7.413102413010125e+07  1.000000000000000e+00  0.000000000000000e+00  1.299878954474920e-11 -9.411374457535260e-11 
 7.498942093325520e+07  1.000000000000000e+00  0.000000000000000e+00  1.078704486845439e-11 -9.812442525181098e-11 
 7.585775750292811e+07  1.000000000000000e+00  0.000000000000000e+00  1.217061867953007e-11 -9.135597833775932e-11 
 7.673614893619174e+07  1.000000000000000e+00  0.000000000000000e+00  1.166711866007475e-11 -8.998460310216672e-11 
 7.762471166287914e+07  1.000000000000000e+00  0.000000000000000e+00  1.119036807661900e-11 -8.863076939036318e-11 
 7.852356346101727e+07  1.000000000000000e+00  0.000000000000000e+00  1.119361547896602e-11 -8.737338630382396e-11 
 7.943282347243837e+07  1.000000000000000e+00  0.000000000000000e+00  1.053393483552156e-11 -8.601641621197587e-11 
 8.035261221857207e+07  1.000000000000000e+00  0.000000000000000e+00  1.066021576567877e-11 -8.481568225526814e-11 
 8.128305161642039e+07  1.000000000000000e+00  0.000000000000000e+00  1.015529327297315e-11 -8.351430658137815e-11 
 8.222426499471770e+07  1.000000000000000e+00  0.000000000000000e+00  9.880776752346776e-12 -8.227046821573936e-11 
 8.317637711027782e+07  1.000000000000000e+00  0.000000000000000e+00  9.622136420972538e-12 -8.104478199655318e-11 
 8.413951416453035e+07  1.000000000000000e+00  0.000000000000000e+00  9.188837191143051e-12 -7.979733540608436e-11 
 8.511380382024862e+07  1.000000000000000e+00  0.000000000000000e+00  8.965612974254356e-12 -7.860767592404727e-11 
 8.609937521847117e+07  1.000000000000000e+00  0.000000000000000e+00  9.113716725739351e-12 -7.751446706727450e-11 
 8.709635899561930e+07  1.000000000000000e+00  0.000000000000000e+00  8.733687384410160e-12 -7.632069976004630e-11 
 8.810488730081278e+07  1.000000000000000e+00  0.000000000000000e+00  6.358594206723467e-12 -7.973169346975340e-11 
 8.912509381338607e+07  1.000000000000000e+00  0.000000000000000e+00  1.032511576237738e-11 -6.952505238189133e-11 
 9.015711376060735e+07  1.000000000000000e+00  0.000000000000000e+00  8.284539720904149e-12 -7.298207871375695e-11 
 9.120108393560277e+07  1.000000000000000e+00  0.000000000000000e+00  7.899091103436007e-12 -7.184038086638367e-11 
 9.225714271548826e+07  1.000000000000000e+00  0.000000000000000e+00  7.910824773027514e-12 -7.081076003334630e-11 
 9.332543007971118e+07  1.000000000000000e+00  0.000000000000000e+00  7.634927412514259e-12 -6.972311616948446e-11 
 9.440608762860456e+07  1.000000000000000e+00  0.000000000000000e+00  7.868192208881908e-12 -6.878116132202905e-11 
 9.549925860215597e+07  1.000000000000000e+00  0.000000000000000e+00  9.604553263820037e-12 -6.357582515992277e-11 
 9.660508789899386e+07  1.000000000000000e+00  0.000000000000000e+00  7.442976790450473e-12 -6.670819452381238e-11 
 9.772372209559375e+07  1.000000000000000e+00  0.000000000000000e+00  7.220703202026613e-12 -6.568856569799664e-11 
 9.885530946570672e+07  1.000000000000000e+00  0.000000000000000e+00  7.200504081872339e-12 -6.473788172201012e-11 
 1.000000000000130e+08  1.000000000000000e+00  0.000000000000000e+00  7.304538918173620e-12 -6.383672757070968e-11 
 1.011579454260030e+08  1.000000000000000e+00  0.000000000000000e+00  6.996604684506025e-12 -6.283204512236296e-11 
 1.023292992280887e+08  1.000000000000000e+00  0.000000000000000e+00  7.219301545458023e-12 -6.199367408310508e-11 
 1.035142166679479e+08  1.000000000000000e+00  0.000000000000000e+00  7.102235466405205e-12 -6.107038486025118e-11 
 1.047128548051036e+08  1.000000000000000e+00  0.000000000000000e+00  6.941711094832215e-12 -6.014698461509482e-11 
 1.059253725177427e+08  1.000000000000000e+00  0.000000000000000e+00  4.556438559788489e-12 -6.272454777800363e-11 
 1.071519305237746e+08  1.000000000000000e+00  0.000000000000000e+00  6.908057459398265e-12 -5.842419603663274e-11 
 1.083926914021345e+08  1.000000000000000e+00  0.000000000000000e+00  6.775906224998351e-12 -5.754677290248367e-11 
 1.096478196143328e+08  1.000000000000000e+00  0.000000000000000e+00  6.890189807595704e-12 -5.675820924366803e-11 
 1.109174815262546e+08  1.000000000000000e+00  0.000000000000000e+00  6.680989095286805e-12 -5.588079998730677e-11 
 1.122018454302110e+08  1.000000000000000e+00  0.000000000000000e+00  6.753222980826479e-12 -5.510446265954982e-11 
 1.135010815672463e+08  1.000000000000000e+00  0.000000000000000e+00  4.517691776229071e-12 -5.740198594228474e-11 
 1.148153621497033e+08  1.000000000000000e+00  0.000000000000000e+00  8.942450946403113e-12 -5.050958262753369e-11 
 1.161448613840495e+08  1.000000000000000e+00  0.000000000000000e+00  6.720735079568385e-12 -5.276923342734108e-11 
 1.174897554939683e+08  1.000000000000000e+00  0.000000000000000e+00  6.756550180453402e-12 -5.202996367081880e-11 
 1.188502227437174e+08  1.000000000000000e+00  0.000000000000000e+00  6.793295093121543e-12 -5.130262881181125e-11 
 1.202264434617570e+08  1.000000000000000e+00  0.000000000000000e+00  6.794093065920492e-12 -5.057487761916946e-11 
 1.216186000646528e+08  1.000000000000000e+00  0.000000000000000e+00  6.654728851307468e-12 -4.981114132274200e-11 
 1.230268770812543e+08  1.000000000000000e+00  0.000000000000000e+00  6.665619445289650e-12 -4.910893913745440e-11 
 1.244514611771549e+08  1.000000000000000e+00  0.000000000000000e+00  6.780024458530320e-12 -4.845283896326436e-11 
 1.258925411794333e+08  1.000000000000000e+00  0.000000000000000e+00  6.759977994041932e-12 -4.776201656397916e-11 
 1.273503081016829e+08  1.000000000000000e+00  0.000000000000000e+00  6.775874999975784e-12 -4.709393985891097e-11 
 1.288249551693303e+08  1.000000000000000e+00  0.000000000000000e+00  6.793839796293000e-12 -4.643711803975492e-11 
 1.303166778452471e+08  1.000000000000000e+00  0.000000000000000e+00  6.753920339663821e-12 -4.577058176913340e-11 
 1.318256738556581e+08  1.000000000000000e+00  0.000000000000000e+00  6.893090265247537e-12 -4.517652918423209e-11 
 1.333521432163500e+08  1.000000000000000e+00  0.000000000000000e+00  6.858361101258481e-12 -4.453190594055911e-11 
 1.348962882591831e+08  1.000000000000000e+00  0.000000000000000e+00  6.828485693555209e-12 -4.389862084952512e-11 
 1.364583136589105e+08  1.000000000000000e+00  0.000000000000000e+00  6.935469559765650e-12 -4.332331021705826e-11 
 1.380384264603067e+08  1.000000000000000e+00  0.000000000000000e+00  6.936260593670696e-12 -4.272016074224894e-11 
 1.396368361056122e+08  1.000000000000000e+00  0.000000000000000e+00  6.964599036374253e-12 -4.213607934788755e-11 
 1.412537544622941e+08  1.000000000000000e+00  0.000000000000000e+00  7.042363220355341e-12 -4.157884453404037e-11 
 1.428893958511291e+08  1.000000000000000e+00  0.000000000000000e+00  5.058807539537469e-12 -4.293318478509889e-11 
 1.445439770746118e+08  1.000000000000000e+00  0.000000000000000e+00  7.032624482761207e-12 -4.043283763355277e-11 
 1.462177174456911e+08  1.000000000000000e+00  0.000000000000000e+00  7.131503720891885e-12 -3.991007524462020e-11 
 1.479108388168403e+08  1.000000000000000e+00  0.000000000000000e+00  7.162721804565564e-12 -3.937188769453925e-11 
 1.496235656094631e+08  1.000000000000000e+00  0.000000000000000e+00  7.152861636328112e-12 -3.882754534556554e-11 
 1.513561248436408e+08  1.000000000000000e+00  0.000000000000000e+00  7.186425066141311e-12 -3.830715605834811e-11 
 1.531087461682233e+08  1.000000000000000e+00  0.000000000000000e+00  5.351278448140206e-12 -3.944271298461643e-11 
 1.548816618912686e+08  1.000000000000000e+00  0.000000000000000e+00  7.254755823860037e-12 -3.729123260187706e-11 
 1.566751070108357e+08  1.000000000000000e+00  0.000000000000000e+00  9.135074641175578e-12 -3.524100455898349e-11 
 1.584893192461324e+08  1.000000000000000e+00  0.000000000000000e+00  7.360251297328091e-12 -3.632043971135701e-11 
 1.603245390690254e+08  1.000000000000000e+00  0.000000000000000e+00  7.359321485544967e-12 -3.582754926068077e-11 
 1.621810097359145e+08  1.000000000000000e+00  0.000000000000000e+00  7.428443277168739e-12 -3.536711895568700e-11 
 1.640589773199757e+08  1.000000000000000e+00  0.000000000000000e+00  7.396794982073018e-12 -3.487831551352016e-11 
 1.659586907437781e+08  1.000000000000000e+00  0.000000000000000e+00  7.465025125830138e-12 -3.443223484111968e-11 
 1.678804018122783e+08  1.000000000000000e+00  0.000000000000000e+00  7.515862932017114e-12 -3.398721581948649e-11 
 1.698243652461970e+08  1.000000000000000e+00  0.000000000000000e+00  9.195644246062784e-12 -3.224800981804776e-11 
 1.717908387157817e+08  1.000000000000000e+00  0.000000000000000e+00  7.526642503696834e-12 -3.308613799601900e-11 
 1.737800828749607e+08  1.000000000000000e+00  0.000000000000000e+00  9.236715559080011e-12 -3.145821797501114e-11 
 1.757923613958926e+08  1.000000000000000e+00  0.000000000000000e+00  7.640554855470327e-12 -3.224839839610638e-11 
 1.778279410039160e+08  1.000000000000000e+00  0.000000000000000e+00  7.675230243031628e-12 -3.183157903929867e-11 
 1.798870915129028e+08  1.000000000000000e+00  0.000000000000000e+00  7.735879645198729e-12 -3.143015014916983e-11 
 1.819700858610226e+08  1.000000000000000e+00  0.000000000000000e+00  7.769384094413745e-12 -3.102568896240498e-11 
 1.840772001469201e+08  1.000000000000000e+00  0.000000000000000e+00  6.294652299398962e-12 -3.168016543542151e-11 
 1.862087136663116e+08  1.000000000000000e+00  0.000000000000000e+00  7.799674101027776e-12 -3.022293526555586e-11 
 1.883649089490052e+08  1.000000000000000e+00  0.000000000000000e+00  6.380444783626871e-12 -3.083272526183123e-11 
 1.905460717963502e+08  1.000000000000000e+00  0.000000000000000e+00  7.866818307888934e-12 -2.945670096732300e-11 
 1.927524913191193e+08  1.000000000000000e+00  0.000000000000000e+00  7.910954877288212e-12 -2.908582402705306e-11 
 1.949844599758306e+08  1.000000000000000e+00  0.000000000000000e+00  7.932664941590062e-12 -2.871319154662544e-11 
 1.972422736115117e+08  1.000000000000000e+00  0.000000000000000e+00  7.975458835018934e-12 -2.835310458637608e-11 
 1.995262314969147e+08  1.000000000000000e+00  0.000000000000000e+00  6.669999622066491e-12 -2.885360006477100e-11 
 2.018366363681831e+08  1.000000000000000e+00  0.000000000000000e+00  8.048348446032527e-12 -2.764494189122502e-11 
 2.041737944669803e+08  1.000000000000000e+00  0.000000000000000e+00  8.079020091811273e-12 -2.729697023973188e-11 
 2.065380155810806e+08  1.000000000000000e+00  0.000000000000000e+00  8.109277138679261e-12 -2.695394601959222e-11 
 2.089296130854320e+08  1.000000000000000e+00  0.000000000000000e+00  8.121022951335100e-12 -2.661031811568293e-11 
 2.113489039836930e+08  1.000000000000000e+00  0.000000000000000e+00  9.412902748917595e-12 -2.555084616107095e-11 
 2.137962089502519e+08  1.000000000000000e+00  0.000000000000000e+00  6.973668170706659e-12 -2.666406678786259e-11 
 2.162718523727311e+08  1.000000000000000e+00  0.000000000000000e+00  8.209682933468798e-12 -2.562600825983807e-11 
 2.187761623949846e+08  1.000000000000000e+00  0.000000000000000e+00  8.262758532939785e-12 -2.531469825428623e-11 
 2.213094709605935e+08  1.000000000000000e+00  0.000000000000000e+00  8.266635639908593e-12 -2.499303541902975e-11 
 2.238721138568640e+08  1.000000000000000e+00  0.000000000000000e+00  8.325251946161849e-12 -2.469229681834051e-11 
 2.264644307593364e+08  1.000000000000000e+00  0.000000000000000e+00  8.321862296489790e-12 -2.437776022712335e-11 
 2.290867652768081e+08  1.000000000000000e+00  0.000000000000000e+00  8.356116146246428e-12 -2.407872165544056e-11 
 2.317394649968790e+08  1.000000000000000e+00  0.000000000000000e+00  8.396616735240059e-12 -2.378577890205236e-11 
 2.344228815320238e+08  1.000000000000000e+00  0.000000000000000e+00  8.394526393451507e-12 -2.348489458459113e-11 
 2.371373705661975e+08  1.000000000000000e+00  0.000000000000000e+00  8.447234231545586e-12 -2.320382080922556e-11 
 2.398832919019814e+08  1.000000000000000e+00  0.000000000000000e+00  8.471921081332212e-12 -2.291879186433476e-11 
 2.426610095082743e+08  1.000000000000000e+00  0.000000000000000e+00  8.496186393314176e-12 -2.263781523348385e-11 
 2.454708915685362e+08  1.000000000000000e+00  0.000000000000000e+00  8.526251753238068e-12 -2.236235849273349e-11 
 2.483133105295905e+08  1.000000000000000e+00  0.000000000000000e+00  8.537458066892878e-12 -2.208572214001947e-11 
 2.511886431509919e+08  1.000000000000000e+00  0.000000000000000e+00  9.532354072749882e-12 -2.137041238414739e-11 
 2.540972705549648e+08  1.000000000000000e+00  0.000000000000000e+00  8.589150224391773e-12 -2.155177425411381e-11 
 2.570395782769211e+08  1.000000000000000e+00  0.000000000000000e+00  8.600228168509361e-12 -2.128659054578819e-11 
 2.600159563165624e+08  1.000000000000000e+00  0.000000000000000e+00  9.536305772828158e-12 -2.062384985013210e-11 
 2.630267991895738e+08  1.000000000000000e+00  0.000000000000000e+00  7.746915955952893e-12 -2.116313721489682e-11 
 2.660725059799170e+08  1.000000000000000e+00  0.000000000000000e+00  8.665351422521006e-12 -2.052095299243106e-11 
 2.691534803927280e+08  1.000000000000000e+00  0.000000000000000e+00  8.686264381385644e-12 -2.027254752956509e-11 
 2.722701308078281e+08  1.000000000000000e+00  0.000000000000000e+00  8.716524030338846e-12 -2.002966195679967e-11 
 2.754228703338540e+08  1.000000000000000e+00  0.000000000000000e+00  8.717396596247262e-12 -1.978343530661952e-11 
 2.786121168630148e+08  1.000000000000000e+00  0.000000000000000e+00  8.742012322371373e-12 -1.954595860165220e-11 
 2.818382931264836e+08  1.000000000000000e+00  0.000000000000000e+00  8.775036253183544e-12 -1.931359239204511e-11 
 2.851018267504296e+08  1.000000000000000e+00  0.000000000000000e+00  8.003831104830272e-12 -1.938616628338607e-11 
 2.884031503126997e+08  1.000000000000000e+00  0.000000000000000e+00  8.812184489059849e-12 -1.885171532767238e-11 
 2.917427014001563e+08  1.000000000000000e+00  0.000000000000000e+00  8.830222143763056e-12 -1.862532697516350e-11 
 2.951209226666787e+08  1.000000000000000e+00  0.000000000000000e+00  8.839777000668736e-12 -1.840026048194332e-11 
 2.985382618918365e+08  1.000000000000000e+00  0.000000000000000e+00  8.865242741296075e-12 -1.818138001263847e-11 
 3.019951720402427e+08  1.000000000000000e+00  0.000000000000000e+00  8.882236092466744e-12 -1.796370691087290e-11 
 3.054921113215929e+08  1.000000000000000e+00  0.000000000000000e+00  8.192621060720828e-12 -1.799433518856475e-11 
 3.090295432514011e+08  1.000000000000000e+00  0.000000000000000e+00  8.900543062989597e-12 -1.753416162264543e-11 
 3.126079367124381e+08  1.000000000000000e+00  0.000000000000000e+00  8.924060709153414e-12 -1.732627236128437e-11 
 3.162277660168810e+08  1.000000000000000e+00  0.000000000000000e+00  8.939912178596021e-12 -1.711972230644676e-11 
 3.198895109691834e+08  1.000000000000000e+00  0.000000000000000e+00  8.945262065795934e-12 -1.691412981896789e-11 
 3.235936569296724e+08  1.000000000000000e+00  0.000000000000000e+00  8.338174335015269e-12 -1.691997583708194e-11 
 3.273406948788829e+08  1.000000000000000e+00  0.000000000000000e+00  8.982337443286248e-12 -1.651532383073473e-11 
 3.311311214826363e+08  1.000000000000000e+00  0.000000000000000e+00  8.997014071254750e-12 -1.631914395283651e-11 
 3.349654391578735e+08  1.000000000000000e+00  0.000000000000000e+00  9.020592866421095e-12 -1.612691577501657e-11 
 3.388441561392489e+08  1.000000000000000e+00  0.000000000000000e+00  9.028454199533353e-12 -1.593472923056005e-11 
 3.427677865464973e+08  1.000000000000000e+00  0.000000000000000e+00  9.036330711476026e-12 -1.574511354629493e-11 
 3.467368504525791e+08  1.000000000000000e+00  0.000000000000000e+00  9.618437556840886e-12 -1.539616351076134e-11 
 3.507518739526161e+08  1.000000000000000e+00  0.000000000000000e+00  9.617374605030982e-12 -1.521786516245349e-11 
 3.548133892336241e+08  1.000000000000000e+00  0.000000000000000e+00  9.081590080645130e-12 -1.519362413660019e-11 
 3.589219346450545e+08  1.000000000000000e+00  0.000000000000000e+00  9.088916685245918e-12 -1.501355290089990e-11 
 3.630780547701512e+08  1.000000000000000e+00  0.000000000000000e+00  9.109089784548052e-12 -1.483725642348332e-11 
 3.672823004981351e+08  1.000000000000000e+00  0.000000000000000e+00  9.118590214504674e-12 -1.466192098287245e-11 
 3.715352290972236e+08  1.000000000000000e+00  0.000000000000000e+00  9.125510676971649e-12 -1.448856659647113e-11 
 3.758374042884958e+08  1.000000000000000e+00  0.000000000000000e+00  9.144352159165536e-12 -1.431866084034006e-11 
 3.801893963206135e+08  1.000000000000000e+00  0.000000000000000e+00  9.153281648258127e-12 -1.414985142944580e-11 
 3.845917820454065e+08  1.000000000000000e+00  0.000000000000000e+00  9.166628177001424e-12 -1.398356083703867e-11 
 3.890451449943342e+08  1.000000000000000e+00  0.000000000000000e+00  9.170768745098146e-12 -1.381857822613242e-11 
 3.935500754558317e+08  1.000000000000000e+00  0.000000000000000e+00  9.185804894507044e-12 -1.365661056462741e-11 
 3.981071705535522e+08  1.000000000000000e+00  0.000000000000000e+00  9.198291217246690e-12 -1.349637068770448e-11 
 4.027170343255147e+08  1.000000000000000e+00  0.000000000000000e+00  9.208390126802524e-12 -1.333795920932523e-11 
 4.073802778041690e+08  1.000000000000000e+00  0.000000000000000e+00  9.216272927117797e-12 -1.318135878225490e-11 
 4.120975190973871e+08  1.000000000000000e+00  0.000000000000000e+00  9.229908178899626e-12 -1.302708114991891e-11 
 4.168693834703930e+08  1.000000000000000e+00  0.000000000000000e+00  9.239330437879612e-12 -1.287442895347990e-11 
 4.216965034286405e+08  1.000000000000000e+00  0.000000000000000e+00  9.244815850351085e-12 -1.272346637770649e-11 
 4.265795188016517e+08  1.000000000000000e+00  0.000000000000000e+00  9.255737127254748e-12 -1.257463057291464e-11 
 4.315190768278250e+08  1.000000000000000e+00  0.000000000000000e+00  9.262827050521283e-12 -1.242743234708410e-11 
 4.365158322402264e+08  1.000000000000000e+00  0.000000000000000e+00  9.639739744285447e-12 -1.220987026762099e-11 
 4.415704473533736e+08  1.000000000000000e+00  0.000000000000000e+00  9.283439360123491e-12 -1.213868588978428e-11 
 4.466835921510250e+08  1.000000000000000e+00  0.000000000000000e+00  9.286748724624677e-12 -1.199676642749115e-11 
 4.518559443749850e+08  1.000000000000000e+00  0.000000000000000e+00  9.291729820455619e-12 -1.185665628178345e-11 
 4.570881896149384e+08  1.000000000000000e+00  0.000000000000000e+00  9.302962371803003e-12 -1.171833810542644e-11 
 4.623810213993244e+08  1.000000000000000e+00  0.000000000000000e+00  9.643027831318998e-12 -1.152397621773105e-11 
 4.677351412872631e+08  1.000000000000000e+00  0.000000000000000e+00  9.316978571570662e-12 -1.144665438823633e-11 
 4.731512589615462e+08  1.000000000000000e+00  0.000000000000000e+00  9.327429519877836e-12 -1.131321251957029e-11 
 4.786300923227049e+08  1.000000000000000e+00  0.000000000000000e+00  9.339000357549629e-12 -1.118136312705520e-11 
 4.841723675841666e+08  1.000000000000000e+00  0.000000000000000e+00  9.340479886939257e-12 -1.105120335520571e-11 
 4.897788193685143e+08  1.000000000000000e+00  0.000000000000000e+00  9.348852394270787e-12 -1.092253371082208e-11 
 4.954501908048592e+08  1.000000000000000e+00  0.000000000000000e+00  9.355681268759242e-12 -1.079545480786592e-11 
 5.011872336273420e+08  1.000000000000000e+00  0.000000000000000e+00  9.359772939337985e-12 -1.066994756437900e-11 
 5.069907082747750e+08  1.000000000000000e+00  0.000000000000000e+00  9.370150543062256e-12 -1.054575177183992e-11 
 5.128613839914363e+08  1.000000000000000e+00  0.000000000000000e+00  9.375272585175620e-12 -1.042322131383777e-11 
 5.188000389290334e+08  1.000000000000000e+00  0.000000000000000e+00  9.383920073283147e-12 -1.030197281648437e-11 
 5.248074602498457e+08  1.000000000000000e+00  0.000000000000000e+00  9.389970571926920e-12 -1.018231853000540e-11 
 5.308844442310624e+08  1.000000000000000e+00  0.000000000000000e+00  9.393590722980849e-12 -1.006419773907918e-11 
 5.370317963703276e+08  1.000000000000000e+00  0.000000000000000e+00  9.152480314432443e-12 -9.977341869360501e-12 
 5.432503314925090e+08  1.000000000000000e+00  0.000000000000000e+00  9.405140728724337e-12 -9.831940817051077e-12 
 5.495408738577013e+08  1.000000000000000e+00  0.000000000000000e+00  9.412858730309392e-12 -9.717730092839716e-12 
 5.559042572704812e+08  1.000000000000000e+00  0.000000000000000e+00  9.416183002590450e-12 -9.605193376782672e-12 
 5.623413251904277e+08  1.000000000000000e+00  0.000000000000000e+00  9.195346307305785e-12 -9.517615862097983e-12 
 5.688529308439209e+08  1.000000000000000e+00  0.000000000000000e+00  9.201524850226128e-12 -9.406565804059852e-12 
 5.754399373372374e+08  1.000000000000000e+00  0.000000000000000e+00  9.431837906179186e-12 -9.275059886793002e-12 
 5.821032177709528e+08  1.000000000000000e+00  0.000000000000000e+00  9.436828922460005e-12 -9.167640604990090e-12 
 5.888436553556714e+08  1.000000000000000e+00  0.000000000000000e+00  9.441704796470107e-12 -9.061463385195978e-12 
 5.956621435290939e+08  1.000000000000000e+00  0.000000000000000e+00  9.448274411114066e-12 -8.956316591146596e-12 
 6.025595860744421e+08  1.000000000000000e+00  0.000000000000000e+00  9.650995714399757e-12 -8.836553017088633e-12 
 6.095368972402545e+08  1.000000000000000e+00  0.000000000000000e+00  9.453971676690043e-12 -8.750687674474733e-12 
 6.165950018615686e+08  1.000000000000000e+00  0.000000000000000e+00  9.458470682024989e-12 -8.649487376333198e-12 
 6.237348354825066e+08  1.000000000000000e+00  0.000000000000000e+00  9.466143363959234e-12 -8.548948007836010e-12 
 6.309573444802817e+08  1.000000000000000e+00  0.000000000000000e+00  9.468762579567525e-12 -8.450342856014537e-12 
 6.382634861906382e+08  1.000000000000000e+00  0.000000000000000e+00  9.474490202804331e-12 -8.352391694943506e-12 
 6.456542290347461e+08  1.000000000000000e+00  0.000000000000000e+00  9.476995360344076e-12 -8.256107603132889e-12 
 6.531305526475639e+08  1.000000000000000e+00  0.000000000000000e+00  9.480975683359705e-12 -8.160709955018497e-12 
 6.606934480076886e+08  1.000000000000000e+00  0.000000000000000e+00  9.483409066715631e-12 -8.066687942620554e-12 
 6.683439175687084e+08  1.000000000000000e+00  0.000000000000000e+00  9.487246491884926e-12 -7.973533291960599e-12 
 6.760829753920767e+08  1.000000000000000e+00  0.000000000000000e+00  9.490995662997381e-12 -7.881459374026178e-12 
 6.839116472815254e+08  1.000000000000000e+00  0.000000000000000e+00  9.496018121141203e-12 -7.790190367784611e-12 
 6.918309709190336e+08  1.000000000000000e+00  0.000000000000000e+00  9.499572786383914e-12 -7.700269241683877e-12 
 6.998419960023718e+08  1.000000000000000e+00  0.000000000000000e+00  9.653292705122385e-12 -7.606349577971017e-12 
 7.079457843842374e+08  1.000000000000000e+00  0.000000000000000e+00  9.506439472423134e-12 -7.523573777867831e-12 
 7.161434102130027e+08  1.000000000000000e+00  0.000000000000000e+00  9.508525911083865e-12 -7.437035362545252e-12 
 7.244359600750920e+08  1.000000000000000e+00  0.000000000000000e+00  9.513603013017180e-12 -7.350856902343939e-12 
 7.328245331390072e+08  1.000000000000000e+00  0.000000000000000e+00  9.516173656368143e-12 -7.266225815483196e-12 
 7.413102413010219e+08  1.000000000000000e+00  0.000000000000000e+00  9.651856570924711e-12 -7.180789816929600e-12 
 7.498942093325615e+08  1.000000000000000e+00  0.000000000000000e+00  9.523425017338161e-12 -7.099335008753371e-12 
 7.585775750292907e+08  1.000000000000000e+00  0.000000000000000e+00  9.525265775786607e-12 -7.017808209552889e-12 
 7.673614893619272e+08  1.000000000000000e+00  0.000000000000000e+00  9.528159511384970e-12 -6.936913717059401e-12 
 7.762471166288012e+08  1.000000000000000e+00  0.000000000000000e+00  9.530988628533854e-12 -6.856974189839438e-12 
 7.852356346101826e+08  1.000000000000000e+00  0.000000000000000e+00  9.654286484833685e-12 -6.778176110666667e-12 
 7.943282347243937e+08  1.000000000000000e+00  0.000000000000000e+00  9.535957960771224e-12 -6.700037226414768e-12 
 8.035261221857308e+08  1.000000000000000e+00  0.000000000000000e+00  9.538125931435326e-12 -6.623018973528350e-12 
 8.128305161642141e+08  1.000000000000000e+00  0.000000000000000e+00  9.542637513515473e-12 -6.546184601330385e-12 
 8.222426499471874e+08  1.000000000000000e+00  0.000000000000000e+00  9.544210907708184e-12 -6.471075411629279e-12 
 8.317637711027887e+08  1.000000000000000e+00  0.000000000000000e+00  9.546676817129285e-12 -6.396574242506503e-12 
 8.413951416453142e+08  1.000000000000000e+00  0.000000000000000e+00  9.653478971055618e-12 -6.325658746808571e-12 
 8.511380382024970e+08  1.000000000000000e+00  0.000000000000000e+00  9.552313801064471e-12 -6.249875617037048e-12 
 8.609937521847227e+08  1.000000000000000e+00  0.000000000000000e+00  9.553752754187794e-12 -6.178221996500088e-12 
 8.709635899562042e+08  1.000000000000000e+00  0.000000000000000e+00  9.458047626337285e-12 -6.103645366906107e-12 
 8.810488730081391e+08  1.000000000000000e+00  0.000000000000000e+00  9.558207524074103e-12 -6.036875860315760e-12 
 8.912509381338720e+08  1.000000000000000e+00  0.000000000000000e+00  9.560753664455968e-12 -5.967278754459571e-12 
 9.015711376060849e+08  1.000000000000000e+00  0.000000000000000e+00  9.653606039550233e-12 -5.903179854660490e-12 
 9.120108393560393e+08  1.000000000000000e+00  0.000000000000000e+00  9.565272185430018e-12 -5.830644127235995e-12 
 9.225714271548942e+08  1.000000000000000e+00  0.000000000000000e+00  9.566528992588363e-12 -5.763861610219578e-12 
 9.332543007971237e+08  1.000000000000000e+00  0.000000000000000e+00  9.568493133244038e-12 -5.697582163011194e-12 
 9.440608762860576e+08  1.000000000000000e+00  0.000000000000000e+00  9.570414339493682e-12 -5.632067728855716e-12 
 9.549925860215718e+08  1.000000000000000e+00  0.000000000000000e+00  9.571604793479072e-12 -5.567608873935370e-12 
 9.660508789899508e+08  1.000000000000000e+00  0.000000000000000e+00  9.574124913008797e-12 -5.503332164980002e-12 
 9.772372209559498e+08  1.000000000000000e+00  0.000000000000000e+00  9.576572607833400e-12 -5.439794448225399e-12 
 9.885530946570796e+08  1.000000000000000e+00  0.000000000000000e+00  9.577667652027611e-12 -5.377543028928233e-12 
 1.000000000000142e+09  1.000000000000000e+00  0.000000000000000e+00  9.579378089374924e-12 -5.315740903011346e-12 
 1.011579454260043e+09  1.000000000000000e+00  0.000000000000000e+00  9.581056868018800e-12 -5.254644809549180e-12 
 1.023292992280900e+09  1.000000000000000e+00  0.000000000000000e+00  9.583284686642823e-12 -5.194005815722935e-12 
 1.035142166679491e+09  1.000000000000000e+00  0.000000000000000e+00  9.584289091535414e-12 -5.134608016543751e-12 
 1.047128548051049e+09  1.000000000000000e+00  0.000000000000000e+00  9.585849908982924e-12 -5.075611805849256e-12 
 1.059253725177440e+09  1.000000000000000e+00  0.000000000000000e+00  9.587378634046129e-12 -5.017317290800793e-12 
 1.071519305237759e+09  1.000000000000000e+00  0.000000000000000e+00  9.523756349522072e-12 -4.952998948482001e-12 
 1.083926914021358e+09  1.000000000000000e+00  0.000000000000000e+00  9.590330699721372e-12 -4.902714519083862e-12 
 1.096478196143342e+09  1.000000000000000e+00  0.000000000000000e+00  9.591238393780177e-12 -4.846660399404623e-12 
 1.109174815262559e+09  1.000000000000000e+00  0.000000000000000e+00  9.593655297263082e-12 -4.790487451167280e-12 
 1.122018454302124e+09  1.000000000000000e+00  0.000000000000000e+00  9.594510082255869e-12 -4.735727435201120e-12 
 1.135010815672477e+09  1.000000000000000e+00  0.000000000000000e+00  9.595357060993015e-12 -4.681617940538452e-12 
 1.148153621497047e+09  1.000000000000000e+00  0.000000000000000e+00  9.597143392492402e-12 -4.627606457752176e-12 
 1.161448613840509e+09  1.000000000000000e+00  0.000000000000000e+00  9.598644361979991e-12 -4.574360855380544e-12 
 1.174897554939698e+09  1.000000000000000e+00  0.000000000000000e+00  9.599884689265314e-12 -4.521843836868822e-12 
 1.188502227437189e+09  1.000000000000000e+00  0.000000000000000e+00  9.601311933005174e-12 -4.469808204121684e-12 
 1.202264434617585e+09  1.000000000000000e+00  0.000000000000000e+00  9.550429024007823e-12 -4.411314195873484e-12 
 1.216186000646542e+09  1.000000000000000e+00  0.000000000000000e+00  9.603220562509618e-12 -4.368038916680028e-12 
 1.230268770812558e+09  1.000000000000000e+00  0.000000000000000e+00  9.604973066901223e-12 -4.317543718379557e-12 
 1.244514611771564e+09  1.000000000000000e+00  0.000000000000000e+00  9.605461825240580e-12 -4.268352164771283e-12 
 1.258925411794348e+09  1.000000000000000e+00  0.000000000000000e+00  9.654063139186153e-12 -4.226691913133962e-12 
 1.273503081016845e+09  1.000000000000000e+00  0.000000000000000e+00  9.653667188552761e-12 -4.178534254717370e-12 
 1.288249551693319e+09  1.000000000000000e+00  0.000000000000000e+00  9.608639838648569e-12 -4.123099431319055e-12 
 1.303166778452487e+09  1.000000000000000e+00  0.000000000000000e+00  9.609649014030719e-12 -4.075791787405691e-12 
 1.318256738556597e+09  1.000000000000000e+00  0.000000000000000e+00  9.610459129894000e-12 -4.029145073136675e-12 
 1.333521432163516e+09  1.000000000000000e+00  0.000000000000000e+00  9.653995051289721e-12 -3.990204867909686e-12 
 1.348962882591848e+09  1.000000000000000e+00  0.000000000000000e+00  9.612716005136246e-12 -3.937005235710167e-12 
 1.364583136589121e+09  1.000000000000000e+00  0.000000000000000e+00  9.613635842259383e-12 -3.891853853077443e-12 
 1.380384264603084e+09  1.000000000000000e+00  0.000000000000000e+00  9.614370063970590e-12 -3.847320899363904e-12 
 1.396368361056139e+09  1.000000000000000e+00  0.000000000000000e+00  9.615411331737045e-12 -3.803081113917806e-12 
 1.412537544622958e+09  1.000000000000000e+00  0.000000000000000e+00  9.616113027383077e-12 -3.759573381778569e-12 
 1.428893958511309e+09  1.000000000000000e+00  0.000000000000000e+00  9.580757194538325e-12 -3.708543888647498e-12 
 1.445439770746136e+09  1.000000000000000e+00  0.000000000000000e+00  9.653603871145888e-12 -3.681402838823233e-12 
 1.462177174456929e+09  1.000000000000000e+00  0.000000000000000e+00  9.618579370485048e-12 -3.631703878598236e-12 
 1.479108388168421e+09  1.000000000000000e+00  0.000000000000000e+00  9.653588258634604e-12 -3.597596612975318e-12 
 1.496235656094650e+09  1.000000000000000e+00  0.000000000000000e+00  9.619995772203183e-12 -3.549005707370601e-12 
 1.513561248436427e+09  1.000000000000000e+00  0.000000000000000e+00  9.620884384303752e-12 -3.508208914343447e-12 
 1.531087461682252e+09  1.000000000000000e+00  0.000000000000000e+00  9.621881850302438e-12 -3.467778147969725e-12 
 1.548816618912706e+09  1.000000000000000e+00  0.000000000000000e+00  9.622334613129668e-12 -3.428224284313108e-12 
 1.566751070108376e+09  1.000000000000000e+00  0.000000000000000e+00  9.623035007733094e-12 -3.388917185070950e-12 
 1.584893192461343e+09  1.000000000000000e+00  0.000000000000000e+00  9.623595323415834e-12 -3.350169967830663e-12 
 1.603245390690274e+09  1.000000000000000e+00  0.000000000000000e+00  9.653423893585256e-12 -3.319112779759381e-12 
 1.621810097359165e+09  1.000000000000000e+00  0.000000000000000e+00  9.625045118560882e-12 -3.273706392775688e-12 
 1.640589773199777e+09  1.000000000000000e+00  0.000000000000000e+00  9.653415219967876e-12 -3.243553429316259e-12 
 1.659586907437801e+09  1.000000000000000e+00  0.000000000000000e+00  9.626194372863717e-12 -3.199178335439035e-12 
 1.678804018122804e+09  1.000000000000000e+00  0.000000000000000e+00  9.626917318872330e-12 -3.162410004003968e-12 
 1.698243652461991e+09  1.000000000000000e+00  0.000000000000000e+00  9.627620315560970e-12 -3.126066679820516e-12 
 1.717908387157838e+09  1.000000000000000e+00  0.000000000000000e+00  9.628201014244553e-12 -3.090241170594643e-12 
 1.737800828749628e+09  1.000000000000000e+00  0.000000000000000e+00  9.628665920136115e-12 -3.054913093325506e-12 
 1.757923613958948e+09  1.000000000000000e+00  0.000000000000000e+00  9.629124754495511e-12 -3.019994410796700e-12 
 1.778279410039181e+09  1.000000000000000e+00  0.000000000000000e+00  9.629767035862491e-12 -2.985286930851094e-12 
 1.798870915129050e+09  1.000000000000000e+00  0.000000000000000e+00  9.630300029650485e-12 -2.951092495373508e-12 
 1.819700858610248e+09  1.000000000000000e+00  0.000000000000000e+00  9.630911953356636e-12 -2.917174314609472e-12 
 1.840772001469224e+09  1.000000000000000e+00  0.000000000000000e+00  9.631326118586525e-12 -2.883834230443805e-12 
 1.862087136663139e+09  1.000000000000000e+00  0.000000000000000e+00  9.632002660742156e-12 -2.850620781091884e-12 
 1.883649089490075e+09  1.000000000000000e+00  0.000000000000000e+00  9.632307972073928e-12 -2.818132879833790e-12 
 1.905460717963525e+09  1.000000000000000e+00  0.000000000000000e+00  9.632696116451678e-12 -2.785920799608377e-12 
 1.927524913191217e+09  1.000000000000000e+00  0.000000000000000e+00  9.633162323385847e-12 -2.754010561267783e-12 
 1.949844599758330e+09  1.000000000000000e+00  0.000000000000000e+00  9.633697919259054e-12 -2.722365301938146e-12 
 1.972422736115142e+09  1.000000000000000e+00  0.000000000000000e+00  9.614844077160400e-12 -2.684572182609646e-12 
 1.995262314969171e+09  1.000000000000000e+00  0.000000000000000e+00  9.634573520933554e-12 -2.660341565097202e-12 
 2.018366363681856e+09  1.000000000000000e+00  0.000000000000000e+00  9.634845005157544e-12 -2.630031175482328e-12 
 2.041737944669828e+09  1.000000000000000e+00  0.000000000000000e+00  9.635410525010712e-12 -2.599743337272642e-12 
 2.065380155810831e+09  1.000000000000000e+00  0.000000000000000e+00  9.635887140285737e-12 -2.569876603186749e-12 
 2.089296130854345e+09  1.000000000000000e+00  0.000000000000000e+00  9.636208931490531e-12 -2.540515107313235e-12 
 2.113489039836956e+09  1.000000000000000e+00  0.000000000000000e+00  9.636593606421329e-12 -2.511407748428951e-12 
 2.137962089502545e+09  1.000000000000000e+00  0.000000000000000e+00  9.653472465842583e-12 -2.488822516133471e-12 
 2.162718523727337e+09  1.000000000000000e+00  0.000000000000000e+00  9.637471810181042e-12 -2.454051285100123e-12 
 2.187761623949873e+09  1.000000000000000e+00  0.000000000000000e+00  9.637699492637264e-12 -2.426092313156936e-12 
 2.213094709605962e+09  1.000000000000000e+00  0.000000000000000e+00  9.638114525228891e-12 -2.398228751004927e-12 
 2.238721138568667e+09  1.000000000000000e+00  0.000000000000000e+00  9.638334835110340e-12 -2.370912927790458e-12 
 2.264644307593391e+09  1.000000000000000e+00  0.000000000000000e+00  9.638732086786339e-12 -2.343679070260229e-12 
 2.290867652768109e+09  1.000000000000000e+00  0.000000000000000e+00  9.639061250565906e-12 -2.316838561278178e-12 
 2.317394649968818e+09  1.000000000000000e+00  0.000000000000000e+00  9.639323193810778e-12 -2.290380558822580e-12 
 2.344228815320266e+09  1.000000000000000e+00  0.000000000000000e+00  9.625960185194460e-12 -2.258290342921354e-12 
 2.371373705662003e+09  1.000000000000000e+00  0.000000000000000e+00  9.639999735966409e-12 -2.238144565513966e-12 
 2.398832919019843e+09  1.000000000000000e+00  0.000000000000000e+00  9.640246066699998e-12 -2.212579511967627e-12 
 2.426610095082772e+09  1.000000000000000e+00  0.000000000000000e+00  9.640696227442014e-12 -2.187031805656048e-12 
 2.454708915685391e+09  1.000000000000000e+00  0.000000000000000e+00  9.640879674449598e-12 -2.162124212307104e-12 
 2.483133105295935e+09  1.000000000000000e+00  0.000000000000000e+00  9.641109525310165e-12 -2.137433025711788e-12 
 2.511886431509949e+09  1.000000000000000e+00  0.000000000000000e+00  9.641384045300239e-12 -2.112956077465755e-12 
 2.540972705549678e+09  1.000000000000000e+00  0.000000000000000e+00  9.653342795262754e-12 -2.094193742030459e-12 
 2.570395782769242e+09  1.000000000000000e+00  0.000000000000000e+00  9.641960840856001e-12 -2.064776735005713e-12 
 2.600159563165655e+09  1.000000000000000e+00  0.000000000000000e+00  9.642171609758332e-12 -2.041198373520237e-12 
 2.630267991895769e+09  1.000000000000000e+00  0.000000000000000e+00  9.642466946430117e-12 -2.017762693040659e-12 
 2.660725059799201e+09  1.000000000000000e+00  0.000000000000000e+00  9.642706338269802e-12 -1.994658344744993e-12 
 2.691534803927312e+09  1.000000000000000e+00  0.000000000000000e+00  9.642947898513832e-12 -1.971819842822020e-12 
 2.722701308078314e+09  1.000000000000000e+00  0.000000000000000e+00  9.643263618186459e-12 -1.949115781968436e-12 
 2.754228703338573e+09  1.000000000000000e+00  0.000000000000000e+00  9.643407600234966e-12 -1.926925632944609e-12 
 2.786121168630181e+09  1.000000000000000e+00  0.000000000000000e+00  9.643629644839891e-12 -1.904866455543219e-12 
 2.818382931264870e+09  1.000000000000000e+00  0.000000000000000e+00  9.643843883189174e-12 -1.883059246726715e-12 
 2.851018267504330e+09  1.000000000000000e+00  0.000000000000000e+00  9.643944930831649e-12 -1.861672057831831e-12 
 2.884031503127032e+09  1.000000000000000e+00  0.000000000000000e+00  9.644303151229439e-12 -1.840121371249337e-12 
 2.917427014001598e+09  1.000000000000000e+00  0.000000000000000e+00  9.644470118364001e-12 -1.819115604678734e-12 
 2.951209226666822e+09  1.000000000000000e+00  0.000000000000000e+00  9.644668744202001e-12 -1.798291767232674e-12 
 2.985382618918401e+09  1.000000000000000e+00  0.000000000000000e+00  9.653369249795762e-12 -1.782405820160982e-12 
 3.019951720402463e+09  1.000000000000000e+00  0.000000000000000e+00  9.636735420065490e-12 -1.752695644868796e-12 
 3.054921113215965e+09  1.000000000000000e+00  0.000000000000000e+00  9.645204340075209e-12 -1.737291950923425e-12 
 3.090295432514048e+09  1.000000000000000e+00  0.000000000000000e+00  9.645353959975012e-12 -1.717455604816065e-12 
 3.126079367124418e+09  1.000000000000000e+00  0.000000000000000e+00  9.653293355643688e-12 -1.702316673041215e-12 
 3.162277660168848e+09  1.000000000000000e+00  0.000000000000000e+00  9.645765523119687e-12 -1.678257359472024e-12 
 3.198895109691872e+09  1.000000000000000e+00  0.000000000000000e+00  9.638552976587444e-12 -1.654562554673222e-12 
 3.235936569296762e+09  1.000000000000000e+00  0.000000000000000e+00  9.646011853853276e-12 -1.640214439962984e-12 
 3.273406948788867e+09  1.000000000000000e+00  0.000000000000000e+00  9.646232163734725e-12 -1.621332408607845e-12 
 3.311311214826402e+09  1.000000000000000e+00  0.000000000000000e+00  9.646445968403139e-12 -1.602674373421542e-12 
 3.349654391578774e+09  1.000000000000000e+00  0.000000000000000e+00  9.646516658384785e-12 -1.584484063052449e-12 
 3.388441561392529e+09  1.000000000000000e+00  0.000000000000000e+00  9.646776433225313e-12 -1.566145000145291e-12 
 3.427677865465013e+09  1.000000000000000e+00  0.000000000000000e+00  9.646869674612146e-12 -1.548318331184850e-12 
 3.467368504525832e+09  1.000000000000000e+00  0.000000000000000e+00  9.647010620894569e-12 -1.530598564558616e-12 
 3.507518739526202e+09  1.000000000000000e+00  0.000000000000000e+00  9.647203608881272e-12 -1.512983531862244e-12 
 3.548133892336283e+09  1.000000000000000e+00  0.000000000000000e+00  9.647340218355005e-12 -1.495671208412430e-12 
 3.589219346450587e+09  1.000000000000000e+00  0.000000000000000e+00  9.647472924700917e-12 -1.478550788747146e-12 
 3.630780547701555e+09  1.000000000000000e+00  0.000000000000000e+00  9.653242614982016e-12 -1.465825941529553e-12 
 3.672823004981394e+09  1.000000000000000e+00  0.000000000000000e+00  9.647637723431135e-12 -1.445089707619029e-12 
 3.715352290972280e+09  1.000000000000000e+00  0.000000000000000e+00  9.647831578779575e-12 -1.428415111887071e-12 
 3.758374042885003e+09  1.000000000000000e+00  0.000000000000000e+00  9.647932626422051e-12 -1.412113481702448e-12 
 3.801893963206180e+09  1.000000000000000e+00  0.000000000000000e+00  9.648073572704474e-12 -1.395907044468570e-12 
 3.845917820454110e+09  1.000000000000000e+00  0.000000000000000e+00  9.648146431090465e-12 -1.380024566843829e-12 
 3.890451449943388e+09  1.000000000000000e+00  0.000000000000000e+00  9.648261356520749e-12 -1.364233595882447e-12 
 3.935500754558363e+09  1.000000000000000e+00  0.000000000000000e+00  9.643535102410450e-12 -1.344810981324107e-12 
 3.981071705535568e+09  1.000000000000000e+00  0.000000000000000e+00  9.648503350445647e-12 -1.333146917512074e-12 
 4.027170343255193e+09  1.000000000000000e+00  0.000000000000000e+00  9.648611770662896e-12 -1.317893710828244e-12 
 4.073802778041737e+09  1.000000000000000e+00  0.000000000000000e+00  9.648717155114062e-12 -1.302813976492012e-12 
 4.120975190973919e+09  1.000000000000000e+00  0.000000000000000e+00  9.653247819152444e-12 -1.291517674056886e-12 
 4.168693834703979e+09  1.000000000000000e+00  0.000000000000000e+00  9.653194476405558e-12 -1.276875957398338e-12 
 4.216965034286455e+09  1.000000000000000e+00  0.000000000000000e+00  9.648977363635458e-12 -1.258686514390983e-12 
 4.265795188016566e+09  1.000000000000000e+00  0.000000000000000e+00  9.649140861323069e-12 -1.244125028693199e-12 
 4.315190768278299e+09  1.000000000000000e+00  0.000000000000000e+00  9.645156635179619e-12 -1.226513465443779e-12 
 4.365158322402314e+09  1.000000000000000e+00  0.000000000000000e+00  9.645340082187204e-12 -1.212478034640085e-12 
 4.415704473533788e+09  1.000000000000000e+00  0.000000000000000e+00  9.649429259100950e-12 -1.201873453191005e-12 
 4.466835921510302e+09  1.000000000000000e+00  0.000000000000000e+00  9.649467423017422e-12 -1.188238960350696e-12 
 4.518559443749902e+09  1.000000000000000e+00  0.000000000000000e+00  9.649549388701661e-12 -1.174646751395114e-12 
 4.570881896149437e+09  1.000000000000000e+00  0.000000000000000e+00  9.649620512364177e-12 -1.161249698830580e-12 
 4.623810213993298e+09  1.000000000000000e+00  0.000000000000000e+00  9.653208787874235e-12 -1.151247500108532e-12 
 4.677351412872684e+09  1.000000000000000e+00  0.000000000000000e+00  9.646353160697174e-12 -1.131585710550942e-12 
 4.731512589615516e+09  1.000000000000000e+00  0.000000000000000e+00  9.649871179906455e-12 -1.121816832136413e-12 
 4.786300923227103e+09  1.000000000000000e+00  0.000000000000000e+00  9.649949242462874e-12 -1.108983781542006e-12 
 4.841723675841722e+09  1.000000000000000e+00  0.000000000000000e+00  9.650010825146271e-12 -1.096336129519093e-12 
 4.897788193685199e+09  1.000000000000000e+00  0.000000000000000e+00  9.650080647766179e-12 -1.083796464032560e-12 
 4.954501908048648e+09  1.000000000000000e+00  0.000000000000000e+00  9.650163047131288e-12 -1.071366302965449e-12 
 5.011872336273478e+09  1.000000000000000e+00  0.000000000000000e+00  9.650243278092052e-12 -1.059077305021194e-12 
 5.069907082747808e+09  1.000000000000000e+00  0.000000000000000e+00  9.650275370476358e-12 -1.047067814397007e-12 
 5.128613839914422e+09  1.000000000000000e+00  0.000000000000000e+00  9.650388561183165e-12 -1.034956842449475e-12 
 5.188000389290394e+09  1.000000000000000e+00  0.000000000000000e+00  9.650417184120519e-12 -1.023221871815361e-12 
 5.248074602498518e+09  1.000000000000000e+00  0.000000000000000e+00  9.650494812996069e-12 -1.011487768542985e-12 
 5.308844442310685e+09  1.000000000000000e+00  0.000000000000000e+00  9.650554227275121e-12 -9.999219334477782e-13 
 5.370317963703339e+09  1.000000000000000e+00  0.000000000000000e+00  9.653226568789863e-12 -9.913005746126080e-13 
 5.432503314925153e+09  1.000000000000000e+00  0.000000000000000e+00  9.650683897854950e-12 -9.771541215064516e-13 
 5.495408738577076e+09  1.000000000000000e+00  0.000000000000000e+00  9.650711219749697e-12 -9.660737921440843e-13 
 5.559042572704876e+09  1.000000000000000e+00  0.000000000000000e+00  9.650805762179138e-12 -9.549026066396626e-13 
 5.623413251904341e+09  1.000000000000000e+00  0.000000000000000e+00  9.650843058733871e-12 -9.440490923717793e-13 
 5.688529308439275e+09  1.000000000000000e+00  0.000000000000000e+00  9.653230905598553e-12 -9.358861342151359e-13 
 5.754399373372440e+09  1.000000000000000e+00  0.000000000000000e+00  9.650948443185037e-12 -9.225840577609112e-13 
 5.821032177709596e+09  1.000000000000000e+00  0.000000000000000e+00  9.651006990102351e-12 -9.120066897863599e-13 
 5.888436553556782e+09  1.000000000000000e+00  0.000000000000000e+00  9.651059031806630e-12 -9.015814353766083e-13 
 5.956621435291007e+09  1.000000000000000e+00  0.000000000000000e+00  9.653218762534221e-12 -8.938519412485246e-13 
 6.025595860744491e+09  1.000000000000000e+00  0.000000000000000e+00  9.653219196215090e-12 -8.836372389006697e-13 
 6.095368972402616e+09  1.000000000000000e+00  0.000000000000000e+00  9.651191738152542e-12 -8.710440138268161e-13 
 6.165950018615757e+09  1.000000000000000e+00  0.000000000000000e+00  9.651245948261167e-12 -8.610592707597453e-13 
 6.237348354825139e+09  1.000000000000000e+00  0.000000000000000e+00  9.651289750028935e-12 -8.512198107837876e-13 
 6.309573444802891e+09  1.000000000000000e+00  0.000000000000000e+00  9.651331383392359e-12 -8.414897468070337e-13 
 6.382634861906457e+09  1.000000000000000e+00  0.000000000000000e+00  9.653207053150759e-12 -8.343112442230072e-13 
 6.456542290347537e+09  1.000000000000000e+00  0.000000000000000e+00  9.649603165129417e-12 -8.200369636807148e-13 
 6.531305526475718e+09  1.000000000000000e+00  0.000000000000000e+00  9.651446308822642e-12 -8.129962631928112e-13 
 6.606934480076966e+09  1.000000000000000e+00  0.000000000000000e+00  9.651481870653900e-12 -8.037327314108778e-13 
 6.683439175687164e+09  1.000000000000000e+00  0.000000000000000e+00  9.653213558363793e-12 -7.967996921987019e-13 
 6.760829753920848e+09  1.000000000000000e+00  0.000000000000000e+00  9.649924956334210e-12 -7.831631393742655e-13 
 6.839116472815336e+09  1.000000000000000e+00  0.000000000000000e+00  9.651595928722445e-12 -7.764935612900037e-13 
 6.918309709190420e+09  1.000000000000000e+00  0.000000000000000e+00  9.651639730490214e-12 -7.675965982625876e-13 
 6.998419960023803e+09  1.000000000000000e+00  0.000000000000000e+00  9.651685700662327e-12 -7.587780230522423e-13 
 7.079457843842460e+09  1.000000000000000e+00  0.000000000000000e+00  9.651722563536191e-12 -7.501089593214827e-13 
 7.161434102130114e+09  1.000000000000000e+00  0.000000000000000e+00  9.653204451065545e-12 -7.437442588881238e-13 
 7.244359600751007e+09  1.000000000000000e+00  0.000000000000000e+00  9.650352999351908e-12 -7.309631415777784e-13 
 7.328245331390161e+09  1.000000000000000e+00  0.000000000000000e+00  9.654601770825444e-12 -7.289584517608527e-13 
 7.413102413010308e+09  1.000000000000000e+00  0.000000000000000e+00  9.651834886881261e-12 -7.164903436177039e-13 
 7.498942093325705e+09  1.000000000000000e+00  0.000000000000000e+00  9.651881290734243e-12 -7.082368545796580e-13 
 7.585775750292997e+09  1.000000000000000e+00  0.000000000000000e+00  9.651900372692479e-12 -7.001943512843778e-13 
 7.673614893619363e+09  1.000000000000000e+00  0.000000000000000e+00  9.651928128268095e-12 -6.921989023633834e-13 
 7.762471166288105e+09  1.000000000000000e+00  0.000000000000000e+00  9.653197078490772e-12 -6.863116845667872e-13 
 7.852356346101920e+09  1.000000000000000e+00  0.000000000000000e+00  9.651985374142802e-12 -6.764807897879921e-13 
 7.943282347244032e+09  1.000000000000000e+00  0.000000000000000e+00  9.652023538059273e-12 -6.687129149030024e-13 
 8.035261221857404e+09  1.000000000000000e+00  0.000000000000000e+00  9.653207053150759e-12 -6.630265997689677e-13 
 8.128305161642239e+09  1.000000000000000e+00  0.000000000000000e+00  9.653208354193366e-12 -6.554563749400222e-13 
 8.222426499471972e+09  1.000000000000000e+00  0.000000000000000e+00  9.650970994590224e-12 -6.442962482977599e-13 
 8.317637711027987e+09  1.000000000000000e+00  0.000000000000000e+00  9.652123718340011e-12 -6.387171607585840e-13 
 8.413951416453242e+09  1.000000000000000e+00  0.000000000000000e+00  9.653215726768138e-12 -6.332257851751621e-13 
 8.511380382025071e+09  1.000000000000000e+00  0.000000000000000e+00  9.652167520107779e-12 -6.242415438728610e-13 
 8.609937521847328e+09  1.000000000000000e+00  0.000000000000000e+00  9.652184433661670e-12 -6.171383933398222e-13 
 8.709635899562143e+09  1.000000000000000e+00  0.000000000000000e+00  9.652208286109465e-12 -6.100960665486599e-13 
 8.810488730081493e+09  1.000000000000000e+00  0.000000000000000e+00  9.652237776408557e-12 -6.030946141794002e-13 
 8.912509381338823e+09  1.000000000000000e+00  0.000000000000000e+00  9.652248184749412e-12 -5.962730309505559e-13 
 9.015711376060953e+09  1.000000000000000e+00  0.000000000000000e+00  9.650423689333554e-12 -5.860500886661901e-13 
 9.120108393560499e+09  1.000000000000000e+00  0.000000000000000e+00  9.650485705697820e-12 -5.793453824315398e-13 
 9.225714271549049e+09  1.000000000000000e+00  0.000000000000000e+00  9.653194910086427e-12 -5.777576767701520e-13 
 9.332543007971346e+09  1.000000000000000e+00  0.000000000000000e+00  9.652340558774508e-12 -5.694702522041073e-13 
 9.440608762860687e+09  1.000000000000000e+00  0.000000000000000e+00  9.653205752108152e-12 -5.645986065824782e-13 
 9.549925860215830e+09  1.000000000000000e+00  0.000000000000000e+00  9.652380891095325e-12 -5.565553443456772e-13 
 9.660508789899622e+09  1.000000000000000e+00  0.000000000000000e+00  9.652396503606608e-12 -5.502076658864263e-13 
 9.772372209559612e+09  1.000000000000000e+00  0.000000000000000e+00  9.653205752108152e-12 -5.454871580476417e-13 
 9.885530946570911e+09  1.000000000000000e+00  0.000000000000000e+00  9.651661414533663e-12 -5.361990148763929e-13 
 1.000000000000154e+10  1.000000000000000e+00  0.000000000000000e+00  9.653198813214248e-12 -5.331726813523341e-13 
 1.011579454260054e+10  1.000000000000000e+00  0.000000000000000e+00  9.651730369791833e-12 -5.240443495813096e-13 
 1.023292992280912e+10  1.000000000000000e+00  0.000000000000000e+00  9.651769834750912e-12 -5.180372190244364e-13 
 1.035142166679503e+10  1.000000000000000e+00  0.000000000000000e+00  9.652510127994285e-12 -5.135812565157383e-13 
 1.047128548051061e+10  1.000000000000000e+00  0.000000000000000e+00  9.652512730079499e-12 -5.078128672772464e-13 
 1.059253725177452e+10  1.000000000000000e+00  0.000000000000000e+00  9.652525740505569e-12 -5.020436106770165e-13 
 1.071519305237772e+10  1.000000000000000e+00  0.000000000000000e+00  9.653857140773381e-12 -4.991583318555981e-13 
 1.083926914021371e+10  1.000000000000000e+00  0.000000000000000e+00  9.652570843315944e-12 -4.905735106336406e-13 
 1.096478196143354e+10  1.000000000000000e+00  0.000000000000000e+00  9.652574746443765e-12 -4.850496089850442e-13 
 1.109174815262572e+10  1.000000000000000e+00  0.000000000000000e+00  9.652583853742014e-12 -4.795412114275144e-13 
 1.122018454302137e+10  1.000000000000000e+00  0.000000000000000e+00  9.651999251930610e-12 -4.727413122421198e-13 
 1.135010815672491e+10  1.000000000000000e+00  0.000000000000000e+00  9.652024405421011e-12 -4.673582484557293e-13 
 1.148153621497061e+10  1.000000000000000e+00  0.000000000000000e+00  9.652625487105437e-12 -4.633616081974046e-13 
 1.161448613840523e+10  1.000000000000000e+00  0.000000000000000e+00  9.652081217614850e-12 -4.567489507271982e-13 
 1.174897554939712e+10  1.000000000000000e+00  0.000000000000000e+00  9.653205318427283e-12 -4.541221457037004e-13 
 1.188502227437203e+10  1.000000000000000e+00  0.000000000000000e+00  9.653200981618593e-12 -4.489836237173139e-13 
 1.202264434617599e+10  1.000000000000000e+00  0.000000000000000e+00  9.653720097618779e-12 -4.451399101754183e-13 
 1.216186000646557e+10  1.000000000000000e+00  0.000000000000000e+00  9.653197945852510e-12 -4.388400450319740e-13 
 1.230268770812573e+10  1.000000000000000e+00  0.000000000000000e+00  9.653693643085770e-12 -4.351252973384956e-13 
 1.244514611771579e+10  1.000000000000000e+00  0.000000000000000e+00  9.652229102791177e-12 -4.263995298341150e-13 
 1.258925411794363e+10  1.000000000000000e+00  0.000000000000000e+00  9.652728703152258e-12 -4.227711930537836e-13 
 1.273503081016860e+10  1.000000000000000e+00  0.000000000000000e+00  9.653204451065545e-12 -4.191730513039560e-13 
 1.288249551693334e+10  1.000000000000000e+00  0.000000000000000e+00  9.652752989280922e-12 -4.131713959680539e-13 
 1.303166778452502e+10  1.000000000000000e+00  0.000000000000000e+00  9.652753856642660e-12 -4.085567062613038e-13 
 1.318256738556612e+10  1.000000000000000e+00  0.000000000000000e+00  9.652327114667569e-12 -4.027734092429403e-13 
 1.333521432163532e+10  1.000000000000000e+00  0.000000000000000e+00  9.653203150022938e-12 -4.004257320687488e-13 
 1.348962882591864e+10  1.000000000000000e+00  0.000000000000000e+00  9.652783346941751e-12 -3.947875555111724e-13 
 1.364583136589137e+10  1.000000000000000e+00  0.000000000000000e+00  9.653201415299462e-12 -3.914185598904996e-13 
 1.380384264603100e+10  1.000000000000000e+00  0.000000000000000e+00  9.653196644809903e-12 -3.869737646641780e-13 
 1.396368361056156e+10  1.000000000000000e+00  0.000000000000000e+00  9.652810235155629e-12 -3.814903579667239e-13 
 1.412537544622975e+10  1.000000000000000e+00  0.000000000000000e+00  9.652820209815616e-12 -3.771217821531281e-13 
 1.428893958511326e+10  1.000000000000000e+00  0.000000000000000e+00  9.652830618156472e-12 -3.728421109176761e-13 
 1.445439770746154e+10  1.000000000000000e+00  0.000000000000000e+00  9.652472831439551e-12 -3.675937050411082e-13 
 1.462177174456947e+10  1.000000000000000e+00  0.000000000000000e+00  9.652844495944279e-12 -3.644395440809134e-13 
 1.479108388168439e+10  1.000000000000000e+00  0.000000000000000e+00  9.652855771646873e-12 -3.603064569791814e-13 
 1.496235656094668e+10  1.000000000000000e+00  0.000000000000000e+00  9.652190071512967e-12 -3.541608738048818e-13 
 1.513561248436445e+10  1.000000000000000e+00  0.000000000000000e+00  9.652541353016852e-12 -3.511748726016395e-13 
 1.531087461682270e+10  1.000000000000000e+00  0.000000000000000e+00  9.653196211129034e-12 -3.492290007525711e-13 
 1.548816618912724e+10  1.000000000000000e+00  0.000000000000000e+00  9.652571710677682e-12 -3.432369948160041e-13 
 1.566751070108395e+10  1.000000000000000e+00  0.000000000000000e+00  9.652274639282421e-12 -3.384094220126865e-13 
 1.584893192461362e+10  1.000000000000000e+00  0.000000000000000e+00  9.652593828402001e-12 -3.355366115162517e-13 
 1.603245390690293e+10  1.000000000000000e+00  0.000000000000000e+00  9.652904777585070e-12 -3.326753477729538e-13 
 1.621810097359185e+10  1.000000000000000e+00  0.000000000000000e+00  9.653194476405558e-12 -3.298917129052059e-13 
 1.640589773199797e+10  1.000000000000000e+00  0.000000000000000e+00  9.652919089053746e-12 -3.251746745133732e-13 
 1.659586907437822e+10  1.000000000000000e+00  0.000000000000000e+00  9.653197512171641e-12 -3.224446534430547e-13 
 1.678804018122825e+10  1.000000000000000e+00  0.000000000000000e+00  9.653198379533379e-12 -3.187860132120024e-13 
 1.698243652462012e+10  1.000000000000000e+00  0.000000000000000e+00  9.652935568926768e-12 -3.142735637701177e-13 
 1.717908387157859e+10  1.000000000000000e+00  0.000000000000000e+00  9.653192308001213e-12 -3.116671959575712e-13 
 1.737800828749649e+10  1.000000000000000e+00  0.000000000000000e+00  9.652694442363607e-12 -3.063606226344495e-13 
 1.757923613958970e+10  1.000000000000000e+00  0.000000000000000e+00  9.652953783523266e-12 -3.037455269944145e-13 
 1.778279410039203e+10  1.000000000000000e+00  0.000000000000000e+00  9.652956385608480e-12 -3.003247065098968e-13 
 1.798870915129072e+10  1.000000000000000e+00  0.000000000000000e+00  9.652729136833127e-12 -2.960656351157220e-13 
 1.819700858610271e+10  1.000000000000000e+00  0.000000000000000e+00  9.652739978854852e-12 -2.927139867298090e-13 
 1.840772001469247e+10  1.000000000000000e+00  0.000000000000000e+00  9.652752989280922e-12 -2.894098806091594e-13 
 1.862087136663162e+10  1.000000000000000e+00  0.000000000000000e+00  9.653194476405558e-12 -2.878380042994899e-13 
 1.883649089490099e+10  1.000000000000000e+00  0.000000000000000e+00  9.652980238056275e-12 -2.837540315561715e-13 
 1.905460717963549e+10  1.000000000000000e+00  0.000000000000000e+00  9.652987176950178e-12 -2.805450099660489e-13 
 1.927524913191241e+10  1.000000000000000e+00  0.000000000000000e+00  9.653197945852510e-12 -2.781649693570087e-13 
 1.949844599758354e+10  1.000000000000000e+00  0.000000000000000e+00  9.653000621057117e-12 -2.742398322319595e-13 
 1.972422736115166e+10  1.000000000000000e+00  0.000000000000000e+00  9.653001054737986e-12 -2.711778826665345e-13 
 1.995262314969196e+10  1.000000000000000e+00  0.000000000000000e+00  9.653003656823200e-12 -2.681255282903361e-13 
 2.018366363681881e+10  1.000000000000000e+00  0.000000000000000e+00  9.653196644809903e-12 -2.658628525664675e-13 
 2.041737944669853e+10  1.000000000000000e+00  0.000000000000000e+00  9.652652809000184e-12 -2.606138503787048e-13 
 2.065380155810857e+10  1.000000000000000e+00  0.000000000000000e+00  9.653018835653615e-12 -2.591770114496184e-13 
 2.089296130854371e+10  1.000000000000000e+00  0.000000000000000e+00  9.652851434838183e-12 -2.555085591889050e-13 
 2.113489039836982e+10  1.000000000000000e+00  0.000000000000000e+00  9.652859241093825e-12 -2.526545596001628e-13 
 2.137962089502571e+10  1.000000000000000e+00  0.000000000000000e+00  9.652867914711205e-12 -2.497844596091592e-13 
 2.162718523727364e+10  1.000000000000000e+00  0.000000000000000e+00  9.653031846079685e-12 -2.477421479768482e-13 
 2.187761623949900e+10  1.000000000000000e+00  0.000000000000000e+00  9.653193609043820e-12 -2.456513725074272e-13 
 2.213094709605989e+10  1.000000000000000e+00  0.000000000000000e+00  9.652887430350310e-12 -2.414783325556391e-13 
 2.238721138568695e+10  1.000000000000000e+00  0.000000000000000e+00  9.653046157548362e-12 -2.394675712065475e-13 
 2.264644307593420e+10  1.000000000000000e+00  0.000000000000000e+00  9.653046157548362e-12 -2.368005693875047e-13 
 2.290867652768137e+10  1.000000000000000e+00  0.000000000000000e+00  9.653051795399659e-12 -2.341479603523017e-13 
 2.317394649968847e+10  1.000000000000000e+00  0.000000000000000e+00  9.653334555326243e-12 -2.328354523073450e-13 
 2.344228815320295e+10  1.000000000000000e+00  0.000000000000000e+00  9.653191440639475e-12 -2.295801081794030e-13 
 2.371373705662033e+10  1.000000000000000e+00  0.000000000000000e+00  9.653062203740514e-12 -2.263615727152168e-13 
 2.398832919019873e+10  1.000000000000000e+00  0.000000000000000e+00  9.653063938463990e-12 -2.238396100417983e-13 
 2.426610095082802e+10  1.000000000000000e+00  0.000000000000000e+00  9.653066974230073e-12 -2.213393314118295e-13 
 2.454708915685422e+10  1.000000000000000e+00  0.000000000000000e+00  9.652944676225017e-12 -2.182324958764637e-13 
 2.483133105295966e+10  1.000000000000000e+00  0.000000000000000e+00  9.653074346804846e-12 -2.164196014238506e-13 
 2.511886431509981e+10  1.000000000000000e+00  0.000000000000000e+00  9.652956819289349e-12 -2.134061156955358e-13 
 2.540972705549710e+10  1.000000000000000e+00  0.000000000000000e+00  9.652727402109651e-12 -2.098078113153823e-13 
 2.570395782769274e+10  1.000000000000000e+00  0.000000000000000e+00  9.653079984656143e-12 -2.092584460745839e-13 
 2.600159563165687e+10  1.000000000000000e+00  0.000000000000000e+00  9.653082586741357e-12 -2.069564680219627e-13 
 2.630267991895802e+10  1.000000000000000e+00  0.000000000000000e+00  9.653086489869178e-12 -2.046342967038789e-13 
 2.660725059799235e+10  1.000000000000000e+00  0.000000000000000e+00  9.653087357230916e-12 -2.023668775955056e-13 
 2.691534803927346e+10  1.000000000000000e+00  0.000000000000000e+00  9.652883527222489e-12 -1.989726471692682e-13 
 2.722701308078348e+10  1.000000000000000e+00  0.000000000000000e+00  9.653091694039606e-12 -1.978919144437347e-13 
 2.754228703338607e+10  1.000000000000000e+00  0.000000000000000e+00  9.653094296124820e-12 -1.957095509957929e-13 
 2.786121168630217e+10  1.000000000000000e+00  0.000000000000000e+00  9.653094729805689e-12 -1.935467302920102e-13 
 2.818382931264906e+10  1.000000000000000e+00  0.000000000000000e+00  9.653098632933510e-12 -1.913850480005086e-13 
 2.851018267504366e+10  1.000000000000000e+00  0.000000000000000e+00  9.653193609043820e-12 -1.898140390525771e-13 
 2.884031503127068e+10  1.000000000000000e+00  0.000000000000000e+00  9.653013631483187e-12 -1.866448618922933e-13 
 2.917427014001635e+10  1.000000000000000e+00  0.000000000000000e+00  9.653104270784807e-12 -1.851123692265394e-13 
 2.951209226666859e+10  1.000000000000000e+00  0.000000000000000e+00  9.653021437738829e-12 -1.825456018983429e-13 
 2.985382618918439e+10  1.000000000000000e+00  0.000000000000000e+00  9.653025774547519e-12 -1.805327534600693e-13 
 3.019951720402501e+10  1.000000000000000e+00  0.000000000000000e+00  9.653028810313602e-12 -1.785431069482868e-13 
 3.054921113216004e+10  1.000000000000000e+00  0.000000000000000e+00  9.653112077040449e-12 -1.770768861403260e-13 
 3.090295432514087e+10  1.000000000000000e+00  0.000000000000000e+00  9.653114679125663e-12 -1.751118510178590e-13 
 3.126079367124458e+10  1.000000000000000e+00  0.000000000000000e+00  9.653115980168270e-12 -1.732153645777473e-13 
 3.162277660168888e+10  1.000000000000000e+00  0.000000000000000e+00  9.652968528672812e-12 -1.703320915303480e-13 
 3.198895109691913e+10  1.000000000000000e+00  0.000000000000000e+00  9.653046157548362e-12 -1.689467250994003e-13 
 3.235936569296804e+10  1.000000000000000e+00  0.000000000000000e+00  9.653195343767296e-12 -1.680325800376692e-13 
 3.273406948788909e+10  1.000000000000000e+00  0.000000000000000e+00  9.653122919062174e-12 -1.657432058353031e-13 
 3.311311214826445e+10  1.000000000000000e+00  0.000000000000000e+00  9.653054831165742e-12 -1.634590900134736e-13 
 3.349654391578817e+10  1.000000000000000e+00  0.000000000000000e+00  9.653127255870864e-12 -1.621341949586963e-13 
 3.388441561392572e+10  1.000000000000000e+00  0.000000000000000e+00  9.653065239506597e-12 -1.599045060859255e-13 
 3.427677865465057e+10  1.000000000000000e+00  0.000000000000000e+00  9.653130291636947e-12 -1.586068516107320e-13 
 3.467368504525876e+10  1.000000000000000e+00  0.000000000000000e+00  9.653068708953549e-12 -1.564346525581573e-13 
 3.507518739526246e+10  1.000000000000000e+00  0.000000000000000e+00  9.653070877357894e-12 -1.547438934802747e-13 
 3.548133892336327e+10  1.000000000000000e+00  0.000000000000000e+00  9.653133761083899e-12 -1.534935915349644e-13 
 3.589219346450632e+10  1.000000000000000e+00  0.000000000000000e+00  9.653132460041292e-12 -1.518333527482374e-13 
 3.630780547701600e+10  1.000000000000000e+00  0.000000000000000e+00  9.653019269334484e-12 -1.493327759626711e-13 
 3.672823004981440e+10  1.000000000000000e+00  0.000000000000000e+00  9.653079984656143e-12 -1.481523237423232e-13 
 3.715352290972326e+10  1.000000000000000e+00  0.000000000000000e+00  9.653084321464833e-12 -1.465319564904893e-13 
 3.758374042885049e+10  1.000000000000000e+00  0.000000000000000e+00  9.653139832616064e-12 -1.453664391550674e-13 
 3.801893963206227e+10  1.000000000000000e+00  0.000000000000000e+00  9.653141567339540e-12 -1.437991707046310e-13 
 3.845917820454158e+10  1.000000000000000e+00  0.000000000000000e+00  9.653194476405558e-12 -1.426485882541351e-13 
 3.890451449943436e+10  1.000000000000000e+00  0.000000000000000e+00  9.653096464529165e-12 -1.403260916753996e-13 
 3.935500754558412e+10  1.000000000000000e+00  0.000000000000000e+00  9.653196211129034e-12 -1.396047177599363e-13 
 3.981071705535618e+10  1.000000000000000e+00  0.000000000000000e+00  9.653240446577671e-12 -1.385009457382375e-13 
 4.027170343255244e+10  1.000000000000000e+00  0.000000000000000e+00  9.653148072552575e-12 -1.362386494851292e-13 
 4.073802778041788e+10  1.000000000000000e+00  0.000000000000000e+00  9.653147205190837e-12 -1.347924593123051e-13 
 4.120975190973971e+10  1.000000000000000e+00  0.000000000000000e+00  9.653060469017039e-12 -1.326009343560058e-13 
 4.168693834704031e+10  1.000000000000000e+00  0.000000000000000e+00  9.653148939914313e-12 -1.319475941268661e-13 
 4.216965034286507e+10  1.000000000000000e+00  0.000000000000000e+00  9.653152409361265e-12 -1.305406249676316e-13 
 4.265795188016620e+10  1.000000000000000e+00  0.000000000000000e+00  9.653150240956920e-12 -1.291514096189716e-13 
 4.315190768278354e+10  1.000000000000000e+00  0.000000000000000e+00  9.653195343767296e-12 -1.281407434588350e-13 
 4.365158322402370e+10  1.000000000000000e+00  0.000000000000000e+00  9.653113378083056e-12 -1.260745793787293e-13 
 4.415704473533843e+10  1.000000000000000e+00  0.000000000000000e+00  9.653119015934353e-12 -1.247405228155946e-13 
 4.466835921510358e+10  1.000000000000000e+00  0.000000000000000e+00  9.653080852017881e-12 -1.230893100119534e-13 
 4.518559443749959e+10  1.000000000000000e+00  0.000000000000000e+00  9.653155011446479e-12 -1.224713418786910e-13 
 4.570881896149494e+10  1.000000000000000e+00  0.000000000000000e+00  9.653120750657829e-12 -1.208562465599208e-13 
 4.623810213993356e+10  1.000000000000000e+00  0.000000000000000e+00  9.653053530123135e-12 -1.189156195388619e-13 
 4.677351412872743e+10  1.000000000000000e+00  0.000000000000000e+00  9.653124220104781e-12 -1.183416971188567e-13 
 4.731512589615575e+10  1.000000000000000e+00  0.000000000000000e+00  9.653124220104781e-12 -1.171007328647569e-13 
 4.786300923227163e+10  1.000000000000000e+00  0.000000000000000e+00  9.653092995082213e-12 -1.155637814175686e-13 
 4.841723675841782e+10  1.000000000000000e+00  0.000000000000000e+00  9.653163685063859e-12 -1.150094288467768e-13 
 4.897788193685260e+10  1.000000000000000e+00  0.000000000000000e+00  9.653129424275209e-12 -1.134924673771437e-13 
 4.954501908048710e+10  1.000000000000000e+00  0.000000000000000e+00  9.653189705915999e-12 -1.129538357378529e-13 
 5.011872336273540e+10  1.000000000000000e+00  0.000000000000000e+00  9.653162817702121e-12 -1.114775318496880e-13 
 5.069907082747871e+10  1.000000000000000e+00  0.000000000000000e+00  9.653132460041292e-12 -1.100300948443655e-13 
 5.128613839914486e+10  1.000000000000000e+00  0.000000000000000e+00  9.653107306550890e-12 -1.085869539901516e-13 
 5.188000389290459e+10  1.000000000000000e+00  0.000000000000000e+00  9.653164118744728e-12 -1.080818106454634e-13 
 5.248074602498584e+10  1.000000000000000e+00  0.000000000000000e+00  9.653138097892588e-12 -1.066813873568453e-13 
 5.308844442310752e+10  1.000000000000000e+00  0.000000000000000e+00  9.653164986106466e-12 -1.058835365306404e-13 
 5.370317963703407e+10  1.000000000000000e+00  0.000000000000000e+00  9.653164986106466e-12 -1.048089702049629e-13 
 5.432503314925222e+10  1.000000000000000e+00  0.000000000000000e+00  9.653115980168270e-12 -1.031894432098127e-13 
 5.495408738577146e+10  1.000000000000000e+00  0.000000000000000e+00  9.653090826677868e-12 -1.018551427011891e-13 
 5.559042572704947e+10  1.000000000000000e+00  0.000000000000000e+00  9.653117281210877e-12 -1.011030045490816e-13 
 5.623413251904413e+10  1.000000000000000e+00  0.000000000000000e+00  9.653143302063016e-12 -1.003733093819445e-13 
 5.688529308439348e+10  1.000000000000000e+00  0.000000000000000e+00  9.653168455553418e-12 -9.963473730952022e-14 
 5.754399373372514e+10  1.000000000000000e+00  0.000000000000000e+00  9.653168889234287e-12 -9.865380539396396e-14 
 5.821032177709669e+10  1.000000000000000e+00  0.000000000000000e+00  9.653190573277737e-12 -9.794159298685823e-14 
 5.888436553556857e+10  1.000000000000000e+00  0.000000000000000e+00  9.653128556913471e-12 -9.618162115278966e-14 
 5.956621435291083e+10  1.000000000000000e+00  0.000000000000000e+00  9.653128556913471e-12 -9.523000335347198e-14 
 6.025595860744567e+10  1.000000000000000e+00  0.000000000000000e+00  9.653146771509968e-12 -9.454477402793399e-14 
 6.095368972402693e+10  1.000000000000000e+00  0.000000000000000e+00  9.653172792362108e-12 -9.388286860163159e-14 
 6.165950018615836e+10  1.000000000000000e+00  0.000000000000000e+00  9.653192308001213e-12 -9.320765459366193e-14 
 6.237348354825218e+10  1.000000000000000e+00  0.000000000000000e+00  9.653134628445637e-12 -9.155515429994099e-14 
 6.309573444802971e+10  1.000000000000000e+00  0.000000000000000e+00  9.653191440639475e-12 -9.140511427179615e-14 
 6.382634861906538e+10  1.000000000000000e+00  0.000000000000000e+00  9.653154144084741e-12 -9.003832835557946e-14 
 6.456542290347619e+10  1.000000000000000e+00  0.000000000000000e+00  9.653119883296091e-12 -8.868371260874891e-14 
 6.531305526475800e+10  1.000000000000000e+00  0.000000000000000e+00  9.653173226042977e-12 -8.855822975981087e-14 
 6.606934480077050e+10  1.000000000000000e+00  0.000000000000000e+00  9.653139832616064e-12 -8.723554376696002e-14 
 6.683439175687249e+10  1.000000000000000e+00  0.000000000000000e+00  9.653139398935195e-12 -8.641335260198280e-14 
 6.760829753920934e+10  1.000000000000000e+00  0.000000000000000e+00  9.653158914574300e-12 -8.583053972416321e-14 
 6.839116472815422e+10  1.000000000000000e+00  0.000000000000000e+00  9.653141133658671e-12 -8.479215864599238e-14 
 6.918309709190508e+10  1.000000000000000e+00  0.000000000000000e+00  9.653129857956078e-12 -8.377777909341494e-14 
 6.998419960023891e+10  1.000000000000000e+00  0.000000000000000e+00  9.653174093404715e-12 -8.365434267607746e-14 
 7.079457843842549e+10  1.000000000000000e+00  0.000000000000000e+00  9.653130291636947e-12 -8.222376501453715e-14 
 7.161434102130205e+10  1.000000000000000e+00  0.000000000000000e+00  9.653161082978645e-12 -8.189926330431224e-14 
 7.244359600751100e+10  1.000000000000000e+00  0.000000000000000e+00  9.653145904148230e-12 -8.093898544014183e-14 
 7.328245331390254e+10  1.000000000000000e+00  0.000000000000000e+00  9.653145036786492e-12 -8.019020831476903e-14 
 7.413102413010403e+10  1.000000000000000e+00  0.000000000000000e+00  9.653188404873392e-12 -8.009387695174369e-14 
 7.498942093325801e+10  1.000000000000000e+00  0.000000000000000e+00  9.653149807276051e-12 -7.874882928908533e-14 
 7.585775750293095e+10  1.000000000000000e+00  0.000000000000000e+00  9.653164118744728e-12 -7.824491922436838e-14 
 7.673614893619463e+10  1.000000000000000e+00  0.000000000000000e+00  9.653126388509126e-12 -7.693972954407602e-14 
 7.762471166288206e+10  1.000000000000000e+00  0.000000000000000e+00  9.653150240956920e-12 -7.665985630577604e-14 
 7.852356346102022e+10  1.000000000000000e+00  0.000000000000000e+00  9.653152409361265e-12 -7.598540123932712e-14 
 7.943282347244135e+10  1.000000000000000e+00  0.000000000000000e+00  9.653142434701278e-12 -7.511760582046972e-14 
 8.035261221857507e+10  1.000000000000000e+00  0.000000000000000e+00  9.653176695489929e-12 -7.503971944690380e-14 
 8.128305161642343e+10  1.000000000000000e+00  0.000000000000000e+00  9.653154144084741e-12 -7.401097421554093e-14 
 8.222426499472078e+10  1.000000000000000e+00  0.000000000000000e+00  9.653154577765610e-12 -7.336564352995040e-14 
 8.317637711028093e+10  1.000000000000000e+00  0.000000000000000e+00  9.653155445127348e-12 -7.274476160334942e-14 
 8.413951416453351e+10  1.000000000000000e+00  0.000000000000000e+00  9.653155445127348e-12 -7.212940910782811e-14 
 8.511380382025182e+10  1.000000000000000e+00  0.000000000000000e+00  9.653166287149073e-12 -7.170278910548222e-14 
 8.609937521847441e+10  1.000000000000000e+00  0.000000000000000e+00  9.653149807276051e-12 -7.073741549110113e-14 
 8.709635899562259e+10  1.000000000000000e+00  0.000000000000000e+00  9.653197078490772e-12 -7.103885080010641e-14 
 8.810488730081610e+10  1.000000000000000e+00  0.000000000000000e+00  9.653140266296933e-12 -6.939953711530833e-14 
 8.912509381338942e+10  1.000000000000000e+00  0.000000000000000e+00  9.653160215616907e-12 -6.918174800391030e-14 
 9.015711376061073e+10  1.000000000000000e+00  0.000000000000000e+00  9.653169322915156e-12 -6.879167916730433e-14 
 9.120108393560620e+10  1.000000000000000e+00  0.000000000000000e+00  9.653161082978645e-12 -6.806045256459864e-14 
 9.225714271549173e+10  1.000000000000000e+00  0.000000000000000e+00  9.653186670149916e-12 -6.803285284304531e-14 
 9.332543007971471e+10  1.000000000000000e+00  0.000000000000000e+00  9.653153276723003e-12 -6.682527523959453e-14 
 9.440608762860812e+10  1.000000000000000e+00  0.000000000000000e+00  9.653168455553418e-12 -6.662144523116725e-14 
 9.549925860215958e+10  1.000000000000000e+00  0.000000000000000e+00  9.653153276723003e-12 -6.578711777812177e-14 
 9.660508789899751e+10  1.000000000000000e+00  0.000000000000000e+00  9.653161082978645e-12 -6.543725251332427e-14 
 9.772372209559744e+10  1.000000000000000e+00  0.000000000000000e+00  9.653160649297776e-12 -6.493822813464709e-14 
 9.885530946571045e+10  1.000000000000000e+00  0.000000000000000e+00  9.653147638871706e-12 -6.414241696377915e-14 
 1.000000000000168e+11  1.000000000000000e+00  0.000000000000000e+00  9.653169756596025e-12 -6.412191199019202e-14 
