 frequency              vin_diff_real          vin_diff_imag          vout_diff_real         vout_diff_imag         vout_cm_real           vout_cm_imag          
 1.000000000000000e-02  1.000000000000000e+00  0.000000000000000e+00  4.659181390126118e+02 -1.530086692099599e-02 -3.792450797845959e-10  3.746569027240909e-15 
 1.011579454259899e-02  1.000000000000000e+00  0.000000000000000e+00  4.659181390009668e+02 -1.547804260925958e-02 -3.792024472204503e-10  3.789503433271335e-15 
 1.023292992280754e-02  1.000000000000000e+00  0.000000000000000e+00  4.659181389890507e+02 -1.565726989528786e-02 -3.792166580751655e-10  3.833738881908744e-15 
 1.035142166679344e-02  1.000000000000000e+00  0.000000000000000e+00  4.659181389768574e+02 -1.583857253546286e-02 -3.792024472204503e-10  3.877106968808164e-15 
 1.047128548050900e-02  1.000000000000000e+00  0.000000000000000e+00  4.659181389643794e+02 -1.602197456125243e-02 -3.792166580751655e-10  3.923077140921549e-15 
 1.059253725177289e-02  1.000000000000000e+00  0.000000000000000e+00  4.659181389516112e+02 -1.620750028239581e-02 -3.791740255110199e-10  3.968179951296946e-15 
 1.071519305237607e-02  1.000000000000000e+00  0.000000000000000e+00  4.659181389385454e+02 -1.639517429012569e-02 -3.791882363657351e-10  4.016752208624297e-15 
 1.083926914021204e-02  1.000000000000000e+00  0.000000000000000e+00  4.659181389251756e+02 -1.658502146042778e-02 -3.792166580751655e-10  4.061855018999694e-15 
 1.096478196143186e-02  1.000000000000000e+00  0.000000000000000e+00  4.659181389114939e+02 -1.677706695733809e-02 -3.791456038015895e-10  4.106090467637102e-15 
 1.109174815262402e-02  1.000000000000000e+00  0.000000000000000e+00  4.659181388974937e+02 -1.697133623627849e-02 -3.791740255110199e-10  4.153795363226465e-15 
 1.122018454301964e-02  1.000000000000000e+00  0.000000000000000e+00  4.659181388831676e+02 -1.716785504743066e-02 -3.790887603827287e-10  4.198898173601862e-15 
 1.135010815672316e-02  1.000000000000000e+00  0.000000000000000e+00  4.659181388685075e+02 -1.736664943914929e-02 -3.791456038015895e-10  4.248337792667201e-15 
 1.148153621496884e-02  1.000000000000000e+00  0.000000000000000e+00  4.659181388535059e+02 -1.756774576141486e-02 -3.791029712374439e-10  4.297777411732540e-15 
 1.161448613840344e-02  1.000000000000000e+00  0.000000000000000e+00  4.659181388381552e+02 -1.777117066932618e-02 -3.791456038015895e-10  4.350686477749832e-15 
 1.174897554939531e-02  1.000000000000000e+00  0.000000000000000e+00  4.659181388224466e+02 -1.797695112663349e-02 -3.791029712374439e-10  4.398391373339194e-15 
 1.188502227437020e-02  1.000000000000000e+00  0.000000000000000e+00  4.659181388063727e+02 -1.818511440931260e-02 -3.791029712374439e-10  4.447830992404533e-15 
 1.202264434617414e-02  1.000000000000000e+00  0.000000000000000e+00  4.659181387899237e+02 -1.839568810918012e-02 -3.791171820921591e-10  4.503342143635791e-15 
 1.216186000646370e-02  1.000000000000000e+00  0.000000000000000e+00  4.659181387730917e+02 -1.860870013755092e-02 -3.791456038015895e-10  4.552781762701130e-15 
 1.230268770812383e-02  1.000000000000000e+00  0.000000000000000e+00  4.659181387558676e+02 -1.882417872893750e-02 -3.791171820921591e-10  4.605690828718423e-15 
 1.244514611771387e-02  1.000000000000000e+00  0.000000000000000e+00  4.659181387382426e+02 -1.904215244479273e-02 -3.791598146563047e-10  4.662936703425657e-15 
 1.258925411794169e-02  1.000000000000000e+00  0.000000000000000e+00  4.659181387202069e+02 -1.926265017729537e-02 -3.790745495280134e-10  4.712376322490996e-15 
 1.273503081016664e-02  1.000000000000000e+00  0.000000000000000e+00  4.659181387017512e+02 -1.948570115317989e-02 -3.791740255110199e-10  4.768754835460243e-15 
 1.288249551693136e-02  1.000000000000000e+00  0.000000000000000e+00  4.659181386828652e+02 -1.971133493761026e-02 -3.792308689298807e-10  4.827735433643454e-15 
 1.303166778452301e-02  1.000000000000000e+00  0.000000000000000e+00  4.659181386635398e+02 -1.993958143809903e-02 -3.791740255110199e-10  4.882379223136724e-15 
 1.318256738556409e-02  1.000000000000000e+00  0.000000000000000e+00  4.659181386437642e+02 -2.017047090847127e-02 -3.792024472204503e-10  4.940492459581947e-15 
 1.333521432163326e-02  1.000000000000000e+00  0.000000000000000e+00  4.659181386235276e+02 -2.040403395287484e-02 -3.790887603827287e-10  4.993401525599239e-15 
 1.348962882591656e-02  1.000000000000000e+00  0.000000000000000e+00  4.659181386028199e+02 -2.064030152983690e-02 -3.791456038015895e-10  5.052382123782451e-15 
 1.364583136588927e-02  1.000000000000000e+00  0.000000000000000e+00  4.659181385816296e+02 -2.087930495636740e-02 -3.790887603827287e-10  5.107025913275720e-15 
 1.380384264602887e-02  1.000000000000000e+00  0.000000000000000e+00  4.659181385599458e+02 -2.112107591211018e-02 -3.790745495280134e-10  5.165139149720943e-15 
 1.396368361055940e-02  1.000000000000000e+00  0.000000000000000e+00  4.659181385377570e+02 -2.136564644354198e-02 -3.792024472204503e-10  5.229323918332085e-15 
 1.412537544622757e-02  1.000000000000000e+00  0.000000000000000e+00  4.659181385150514e+02 -2.161304896822026e-02 -3.792166580751655e-10  5.290906601729262e-15 
 1.428893958511106e-02  1.000000000000000e+00  0.000000000000000e+00  4.659181384918168e+02 -2.186331627907999e-02 -3.792735014940263e-10  5.356826093816380e-15 
 1.445439770745931e-02  1.000000000000000e+00  0.000000000000000e+00  4.659181384680413e+02 -2.211648154878047e-02 -3.791740255110199e-10  5.412337245047638e-15 
 1.462177174456722e-02  1.000000000000000e+00  0.000000000000000e+00  4.659181384437117e+02 -2.237257833410217e-02 -3.792308689298807e-10  5.480858822348722e-15 
 1.479108388168211e-02  1.000000000000000e+00  0.000000000000000e+00  4.659181384188156e+02 -2.263164058039476e-02 -3.791456038015895e-10  5.539839420531933e-15 
 1.496235656094437e-02  1.000000000000000e+00  0.000000000000000e+00  4.659181383933395e+02 -2.289370262607649e-02 -3.792024472204503e-10  5.604891550881064e-15 
 1.513561248436212e-02  1.000000000000000e+00  0.000000000000000e+00  4.659181383672699e+02 -2.315879920718568e-02 -3.790887603827287e-10  5.667341596016229e-15 
 1.531087461682034e-02  1.000000000000000e+00  0.000000000000000e+00  4.659181383405931e+02 -2.342696546198497e-02 -3.791740255110199e-10  5.736730535055301e-15 
 1.548816618912485e-02  1.000000000000000e+00  0.000000000000000e+00  4.659181383132950e+02 -2.369823693561885e-02 -3.791740255110199e-10  5.803517388880408e-15 
 1.566751070108153e-02  1.000000000000000e+00  0.000000000000000e+00  4.659181382853610e+02 -2.397264958482516e-02 -3.792024472204503e-10  5.870304242705515e-15 
 1.584893192461118e-02  1.000000000000000e+00  0.000000000000000e+00  4.659181382567765e+02 -2.425023978270104e-02 -3.792166580751655e-10  5.940560543482576e-15 
 1.603245390690046e-02  1.000000000000000e+00  0.000000000000000e+00  4.659181382275258e+02 -2.453104432352419e-02 -3.792166580751655e-10  6.009949482521648e-15 
 1.621810097358934e-02  1.000000000000000e+00  0.000000000000000e+00  4.659181381975940e+02 -2.481510042762994e-02 -3.792166580751655e-10  6.076736336346755e-15 
 1.640589773199544e-02  1.000000000000000e+00  0.000000000000000e+00  4.659181381669651e+02 -2.510244574634470e-02 -3.792024472204503e-10  6.144390551909851e-15 
 1.659586907437565e-02  1.000000000000000e+00  0.000000000000000e+00  4.659181381356226e+02 -2.539311836697660e-02 -3.791598146563047e-10  6.218983661376853e-15 
 1.678804018122565e-02  1.000000000000000e+00  0.000000000000000e+00  4.659181381035498e+02 -2.568715681786399e-02 -3.792166580751655e-10  6.290107323891903e-15 
 1.698243652461750e-02  1.000000000000000e+00  0.000000000000000e+00  4.659181380707304e+02 -2.598460007348227e-02 -3.793019232034567e-10  6.364700433358905e-15 
 1.717908387157593e-02  1.000000000000000e+00  0.000000000000000e+00  4.659181380371464e+02 -2.628548755960989e-02 -3.791882363657351e-10  6.435824095873954e-15 
 1.737800828749381e-02  1.000000000000000e+00  0.000000000000000e+00  4.659181380027799e+02 -2.658985915855427e-02 -3.791313929468743e-10  6.512151928816934e-15 
 1.757923613958698e-02  1.000000000000000e+00  0.000000000000000e+00  4.659181379676132e+02 -2.689775521443806e-02 -3.791598146563047e-10  6.586745038283937e-15 
 1.778279410038928e-02  1.000000000000000e+00  0.000000000000000e+00  4.659181379316274e+02 -2.720921653854677e-02 -3.791029712374439e-10  6.657868700798986e-15 
 1.798870915128794e-02  1.000000000000000e+00  0.000000000000000e+00  4.659181378948033e+02 -2.752428441473827e-02 -3.791029712374439e-10  6.735931257217942e-15 
 1.819700858609989e-02  1.000000000000000e+00  0.000000000000000e+00  4.659181378571212e+02 -2.784300060491480e-02 -3.792024472204503e-10  6.814861175374887e-15 
 1.840772001468962e-02  1.000000000000000e+00  0.000000000000000e+00  4.659181378185617e+02 -2.816540735455868e-02 -3.791313929468743e-10  6.894658455269820e-15 
 1.862087136662874e-02  1.000000000000000e+00  0.000000000000000e+00  4.659181377791035e+02 -2.849154739833162e-02 -3.791598146563047e-10  6.971853649950788e-15 
 1.883649089489807e-02  1.000000000000000e+00  0.000000000000000e+00  4.659181377387268e+02 -2.882146396573939e-02 -3.792024472204503e-10  7.059457185487616e-15 
 1.905460717963254e-02  1.000000000000000e+00  0.000000000000000e+00  4.659181376974093e+02 -2.915520078686174e-02 -3.791456038015895e-10  7.140121827120538e-15 
 1.927524913190943e-02  1.000000000000000e+00  0.000000000000000e+00  4.659181376551296e+02 -2.949280209814870e-02 -3.792166580751655e-10  7.224255915705413e-15 
 1.949844599758052e-02  1.000000000000000e+00  0.000000000000000e+00  4.659181376118647e+02 -2.983431264828421e-02 -3.791882363657351e-10  7.305787919076323e-15 
 1.972422736114861e-02  1.000000000000000e+00  0.000000000000000e+00  4.659181375675920e+02 -3.017977770411742e-02 -3.792024472204503e-10  7.383850475495279e-15 
 1.995262314968887e-02  1.000000000000000e+00  0.000000000000000e+00  4.659181375222887e+02 -3.052924305666281e-02 -3.791029712374439e-10  7.467984564080155e-15 
 2.018366363681569e-02  1.000000000000000e+00  0.000000000000000e+00  4.659181374759298e+02 -3.088275502716963e-02 -3.790319169638678e-10  7.552986014403018e-15 
 2.041737944669537e-02  1.000000000000000e+00  0.000000000000000e+00  4.659181374284911e+02 -3.124036047326183e-02 -3.790603386732982e-10  7.640589549939847e-15 
 2.065380155810538e-02  1.000000000000000e+00  0.000000000000000e+00  4.659181373799474e+02 -3.160210679514892e-02 -3.791313929468743e-10  7.731662532428629e-15 
 2.089296130854048e-02  1.000000000000000e+00  0.000000000000000e+00  4.659181373302728e+02 -3.196804194190885e-02 -3.791313929468743e-10  7.818398706227470e-15 
 2.113489039836655e-02  1.000000000000000e+00  0.000000000000000e+00  4.659181372794413e+02 -3.233821441784365e-02 -3.791171820921591e-10  7.908604326978264e-15 
 2.137962089502241e-02  1.000000000000000e+00  0.000000000000000e+00  4.659181372274259e+02 -3.271267328890844e-02 -3.791171820921591e-10  8.004014118156988e-15 
 2.162718523727029e-02  1.000000000000000e+00  0.000000000000000e+00  4.659181371741985e+02 -3.309146818921524e-02 -3.792450797845959e-10  8.108097526715596e-15 
 2.187761623949562e-02  1.000000000000000e+00  0.000000000000000e+00  4.659181371197315e+02 -3.347464932761188e-02 -3.792024472204503e-10  8.193098977038460e-15 
 2.213094709605647e-02  1.000000000000000e+00  0.000000000000000e+00  4.659181370639957e+02 -3.386226749433699e-02 -3.791456038015895e-10  8.290243491693161e-15 
 2.238721138568350e-02  1.000000000000000e+00  0.000000000000000e+00  4.659181370069620e+02 -3.425437406775240e-02 -3.792024472204503e-10  8.382183835919932e-15 
 2.264644307593070e-02  1.000000000000000e+00  0.000000000000000e+00  4.659181369485998e+02 -3.465102102115308e-02 -3.791029712374439e-10  8.477593627098656e-15 
 2.290867652767783e-02  1.000000000000000e+00  0.000000000000000e+00  4.659181368888776e+02 -3.505226092965619e-02 -3.791740255110199e-10  8.576472865229334e-15 
 2.317394649968489e-02  1.000000000000000e+00  0.000000000000000e+00  4.659181368277648e+02 -3.545814697717001e-02 -3.792450797845959e-10  8.684025720739896e-15 
 2.344228815319933e-02  1.000000000000000e+00  0.000000000000000e+00  4.659181367652283e+02 -3.586873296344316e-02 -3.791171820921591e-10  8.779435511918621e-15 
 2.371373705661666e-02  1.000000000000000e+00  0.000000000000000e+00  4.659181367012353e+02 -3.628407331119574e-02 -3.791598146563047e-10  8.878314750049299e-15 
 2.398832919019502e-02  1.000000000000000e+00  0.000000000000000e+00  4.659181366357515e+02 -3.670422307333319e-02 -3.792166580751655e-10  8.985867605559861e-15 
 2.426610095082427e-02  1.000000000000000e+00  0.000000000000000e+00  4.659181365687425e+02 -3.712923794024327e-02 -3.791598146563047e-10  9.083012120214562e-15 
 2.454708915685042e-02  1.000000000000000e+00  0.000000000000000e+00  4.659181365001726e+02 -3.755917424717779e-02 -3.791598146563047e-10  9.200973316580985e-15 
 2.483133105295583e-02  1.000000000000000e+00  0.000000000000000e+00  4.659181364300057e+02 -3.799408898171990e-02 -3.792024472204503e-10  9.301587278187640e-15 
 2.511886431509593e-02  1.000000000000000e+00  0.000000000000000e+00  4.659181363582044e+02 -3.843403979133754e-02 -3.791029712374439e-10  9.400466516318318e-15 
 2.540972705549318e-02  1.000000000000000e+00  0.000000000000000e+00  4.659181362847303e+02 -3.887908499102462e-02 -3.791882363657351e-10  9.514958265732787e-15 
 2.570395782768877e-02  1.000000000000000e+00  0.000000000000000e+00  4.659181362095451e+02 -3.932928357103076e-02 -3.792024472204503e-10  9.627715291671279e-15 
 2.600159563165286e-02  1.000000000000000e+00  0.000000000000000e+00  4.659181361326082e+02 -3.978469520468000e-02 -3.791740255110199e-10  9.738737594133795e-15 
 2.630267991895396e-02  1.000000000000000e+00  0.000000000000000e+00  4.659181360538794e+02 -4.024538025628087e-02 -3.792166580751655e-10  9.851494620072287e-15 
 2.660725059798824e-02  1.000000000000000e+00  0.000000000000000e+00  4.659181359733171e+02 -4.071139978912722e-02 -3.792308689298807e-10  9.965986369486757e-15 
 2.691534803926931e-02  1.000000000000000e+00  0.000000000000000e+00  4.659181358908776e+02 -4.118281557359217e-02 -3.791882363657351e-10  1.008221284237720e-14 
 2.722701308077928e-02  1.000000000000000e+00  0.000000000000000e+00  4.659181358065183e+02 -4.165969009531606e-02 -3.791171820921591e-10  1.019496986831570e-14 
 2.754228703338182e-02  1.000000000000000e+00  0.000000000000000e+00  4.659181357201941e+02 -4.214208656348822e-02 -3.791313929468743e-10  1.031466578815809e-14 
 2.786121168629786e-02  1.000000000000000e+00  0.000000000000000e+00  4.659181356318587e+02 -4.263006891922570e-02 -3.791882363657351e-10  1.044303532538038e-14 
 2.818382931264470e-02  1.000000000000000e+00  0.000000000000000e+00  4.659181355414662e+02 -4.312370184404851e-02 -3.792166580751655e-10  1.055926179827082e-14 
 2.851018267503926e-02  1.000000000000000e+00  0.000000000000000e+00  4.659181354489684e+02 -4.362305076845298e-02 -3.791740255110199e-10  1.067548827116127e-14 
 2.884031503126623e-02  1.000000000000000e+00  0.000000000000000e+00  4.659181353543154e+02 -4.412818188058452e-02 -3.791313929468743e-10  1.080038836143160e-14 
 2.917427014001184e-02  1.000000000000000e+00  0.000000000000000e+00  4.659181352574577e+02 -4.463916213501080e-02 -3.791171820921591e-10  1.092181900474998e-14 
 2.951209226666404e-02  1.000000000000000e+00  0.000000000000000e+00  4.659181351583441e+02 -4.515605926159648e-02 -3.791740255110199e-10  1.105018854197226e-14 
 2.985382618917978e-02  1.000000000000000e+00  0.000000000000000e+00  4.659181350569219e+02 -4.567894177448069e-02 -3.792308689298807e-10  1.118723169657443e-14 
 3.019951720402035e-02  1.000000000000000e+00  0.000000000000000e+00  4.659181349531372e+02 -4.620787898115848e-02 -3.790887603827287e-10  1.130519289294085e-14 
 3.054921113215532e-02  1.000000000000000e+00  0.000000000000000e+00  4.659181348469348e+02 -4.674294099166748e-02 -3.791456038015895e-10  1.144050132406704e-14 
 3.090295432513610e-02  1.000000000000000e+00  0.000000000000000e+00  4.659181347382593e+02 -4.728419872788091e-02 -3.791171820921591e-10  1.157234030824128e-14 
 3.126079367123975e-02  1.000000000000000e+00  0.000000000000000e+00  4.659181346270520e+02 -4.783172393290799e-02 -3.791740255110199e-10  1.170938346284345e-14 
 3.162277660168400e-02  1.000000000000000e+00  0.000000000000000e+00  4.659181345132541e+02 -4.838558918060366e-02 -3.791882363657351e-10  1.184295717049366e-14 
 3.198895109691419e-02  1.000000000000000e+00  0.000000000000000e+00  4.659181343968060e+02 -4.894586788518802e-02 -3.792308689298807e-10  1.198867394247571e-14 
 3.235936569296304e-02  1.000000000000000e+00  0.000000000000000e+00  4.659181342776454e+02 -4.951263431097721e-02 -3.791029712374439e-10  1.211183930927007e-14 
 3.273406948788404e-02  1.000000000000000e+00  0.000000000000000e+00  4.659181341557093e+02 -5.008596358222712e-02 -3.790887603827287e-10  1.225235191082419e-14 
 3.311311214825933e-02  1.000000000000000e+00  0.000000000000000e+00  4.659181340309322e+02 -5.066593169309101e-02 -3.790887603827287e-10  1.239980340628222e-14 
 3.349654391578299e-02  1.000000000000000e+00  0.000000000000000e+00  4.659181339032491e+02 -5.125261551769242e-02 -3.791456038015895e-10  1.254725490174025e-14 
 3.388441561392048e-02  1.000000000000000e+00  0.000000000000000e+00  4.659181337725922e+02 -5.184609282031485e-02 -3.791598146563047e-10  1.269817584415023e-14 
 3.427677865464526e-02  1.000000000000000e+00  0.000000000000000e+00  4.659181336388915e+02 -5.244644226570887e-02 -3.791313929468743e-10  1.283348427527642e-14 
 3.467368504525339e-02  1.000000000000000e+00  0.000000000000000e+00  4.659181335020766e+02 -5.305374342951960e-02 -3.791598146563047e-10  1.298440521768640e-14 
 3.507518739525704e-02  1.000000000000000e+00  0.000000000000000e+00  4.659181333620753e+02 -5.366807680883408e-02 -3.791882363657351e-10  1.313012198966845e-14 
 3.548133892335779e-02  1.000000000000000e+00  0.000000000000000e+00  4.659181332188124e+02 -5.428952383285073e-02 -3.791029712374439e-10  1.328451237903039e-14 
 3.589219346450077e-02  1.000000000000000e+00  0.000000000000000e+00  4.659181330722125e+02 -5.491816687367330e-02 -3.791456038015895e-10  1.343369859796439e-14 
 3.630780547701039e-02  1.000000000000000e+00  0.000000000000000e+00  4.659181329221980e+02 -5.555408925722877e-02 -3.791313929468743e-10  1.359502788123024e-14 
 3.672823004980873e-02  1.000000000000000e+00  0.000000000000000e+00  4.659181327686894e+02 -5.619737527431208e-02 -3.792308689298807e-10  1.375462244102010e-14 
 3.715352290971752e-02  1.000000000000000e+00  0.000000000000000e+00  4.659181326116048e+02 -5.684811019175883e-02 -3.791313929468743e-10  1.390901283038204e-14 
 3.758374042884469e-02  1.000000000000000e+00  0.000000000000000e+00  4.659181324508612e+02 -5.750638026374739e-02 -3.791171820921591e-10  1.408075045450374e-14 
 3.801893963205639e-02  1.000000000000000e+00  0.000000000000000e+00  4.659181322863733e+02 -5.817227274323153e-02 -3.791456038015895e-10  1.424554918472154e-14 
 3.845917820453564e-02  1.000000000000000e+00  0.000000000000000e+00  4.659181321180545e+02 -5.884587589350589e-02 -3.792308689298807e-10  1.440861319146336e-14 
 3.890451449942835e-02  1.000000000000000e+00  0.000000000000000e+00  4.659181319458148e+02 -5.952727899990490e-02 -3.792308689298807e-10  1.457341192168116e-14 
 3.935500754557804e-02  1.000000000000000e+00  0.000000000000000e+00  4.659181317695635e+02 -6.021657238163763e-02 -3.792024472204503e-10  1.474861899275481e-14 
 3.981071705535003e-02  1.000000000000000e+00  0.000000000000000e+00  4.659181315892065e+02 -6.091384740375931e-02 -3.791882363657351e-10  1.491688716992456e-14 
 4.027170343254621e-02  1.000000000000000e+00  0.000000000000000e+00  4.659181314046481e+02 -6.161919648928184e-02 -3.791171820921591e-10  1.507127755928650e-14 
 4.073802778041159e-02  1.000000000000000e+00  0.000000000000000e+00  4.659181312157908e+02 -6.233271313142404e-02 -3.792024472204503e-10  1.525689297121602e-14 
 4.120975190973334e-02  1.000000000000000e+00  0.000000000000000e+00  4.659181310225349e+02 -6.305449190600419e-02 -3.792024472204503e-10  1.543210004228968e-14 
 4.168693834703387e-02  1.000000000000000e+00  0.000000000000000e+00  4.659181308247770e+02 -6.378462848397604e-02 -3.791882363657351e-10  1.561251128379126e-14 
 4.216965034285856e-02  1.000000000000000e+00  0.000000000000000e+00  4.659181306224132e+02 -6.452321964410936e-02 -3.791029712374439e-10  1.578598363138894e-14 
 4.265795188015960e-02  1.000000000000000e+00  0.000000000000000e+00  4.659181304153358e+02 -6.527036328581848e-02 -3.791882363657351e-10  1.598374210765030e-14 
 4.315190768277687e-02  1.000000000000000e+00  0.000000000000000e+00  4.659181302034347e+02 -6.602615844213802e-02 -3.791740255110199e-10  1.616068390219993e-14 
 4.365158322401694e-02  1.000000000000000e+00  0.000000000000000e+00  4.659181299865973e+02 -6.679070529285008e-02 -3.791882363657351e-10  1.635150348455738e-14 
 4.415704473533161e-02  1.000000000000000e+00  0.000000000000000e+00  4.659181297647096e+02 -6.756410517776285e-02 -3.791313929468743e-10  1.653885361996288e-14 
 4.466835921509667e-02  1.000000000000000e+00  0.000000000000000e+00  4.659181295376537e+02 -6.834646061014255e-02 -3.791882363657351e-10  1.673314264927228e-14 
 4.518559443749261e-02  1.000000000000000e+00  0.000000000000000e+00  4.659181293053088e+02 -6.913787529030196e-02 -3.791456038015895e-10  1.691355389077387e-14 
 4.570881896148788e-02  1.000000000000000e+00  0.000000000000000e+00  4.659181290675521e+02 -6.993845411934548e-02 -3.791029712374439e-10  1.711131236703523e-14 
 4.623810213992641e-02  1.000000000000000e+00  0.000000000000000e+00  4.659181288242571e+02 -7.074830321307352e-02 -3.790461278185830e-10  1.731600973720049e-14 
 4.677351412872021e-02  1.000000000000000e+00  0.000000000000000e+00  4.659181285752945e+02 -7.156752991604809e-02 -3.790887603827287e-10  1.751029876650989e-14 
 4.731512589614845e-02  1.000000000000000e+00  0.000000000000000e+00  4.659181283205338e+02 -7.239624281582133e-02 -3.791598146563047e-10  1.770458779581929e-14 
 4.786300923226424e-02  1.000000000000000e+00  0.000000000000000e+00  4.659181280598383e+02 -7.323455175732796e-02 -3.791882363657351e-10  1.792316295379237e-14 
 4.841723675841035e-02  1.000000000000000e+00  0.000000000000000e+00  4.659181277930703e+02 -7.408256785744569e-02 -3.791171820921591e-10  1.812786032395763e-14 
 4.897788193684505e-02  1.000000000000000e+00  0.000000000000000e+00  4.659181275200890e+02 -7.494040351972359e-02 -3.791598146563047e-10  1.833255769412290e-14 
 4.954501908047946e-02  1.000000000000000e+00  0.000000000000000e+00  4.659181272407491e+02 -7.580817244928009e-02 -3.791598146563047e-10  1.855460229904793e-14 
 5.011872336272767e-02  1.000000000000000e+00  0.000000000000000e+00  4.659181269549022e+02 -7.668598966787549e-02 -3.790745495280134e-10  1.875929966921319e-14 
 5.069907082747089e-02  1.000000000000000e+00  0.000000000000000e+00  4.659181266623972e+02 -7.757397152915728e-02 -3.790603386732982e-10  1.897787482718627e-14 
 5.128613839913695e-02  1.000000000000000e+00  0.000000000000000e+00  4.659181263630791e+02 -7.847223573408268e-02 -3.791029712374439e-10  1.919644998515935e-14 
 5.188000389289658e-02  1.000000000000000e+00  0.000000000000000e+00  4.659181260567887e+02 -7.938090134651973e-02 -3.791740255110199e-10  1.943237237789219e-14 
 5.248074602497774e-02  1.000000000000000e+00  0.000000000000000e+00  4.659181257433640e+02 -8.030008880902903e-02 -3.792024472204503e-10  1.965441698281722e-14 
 5.308844442309933e-02  1.000000000000000e+00  0.000000000000000e+00  4.659181254226387e+02 -8.122991995882817e-02 -3.791598146563047e-10  1.987993103469421e-14 
 5.370317963702578e-02  1.000000000000000e+00  0.000000000000000e+00  4.659181250944424e+02 -8.217051804394072e-02 -3.791598146563047e-10  2.009503674571533e-14 
 5.432503314924383e-02  1.000000000000000e+00  0.000000000000000e+00  4.659181247586022e+02 -8.312200773953325e-02 -3.790887603827287e-10  2.033095913844818e-14 
 5.495408738576298e-02  1.000000000000000e+00  0.000000000000000e+00  4.659181244149388e+02 -8.408451516443977e-02 -3.791171820921591e-10  2.057035097813298e-14 
 5.559042572704089e-02  1.000000000000000e+00  0.000000000000000e+00  4.659181240632706e+02 -8.505816789787940e-02 -3.792735014940263e-10  2.083749839343341e-14 
 5.623413251903545e-02  1.000000000000000e+00  0.000000000000000e+00  4.659181237034106e+02 -8.604309499636617e-02 -3.791313929468743e-10  2.105260410445453e-14 
 5.688529308438470e-02  1.000000000000000e+00  0.000000000000000e+00  4.659181233351686e+02 -8.703942701081584e-02 -3.791598146563047e-10  2.130240428499519e-14 
 5.754399373371626e-02  1.000000000000000e+00  0.000000000000000e+00  4.659181229583496e+02 -8.804729600384932e-02 -3.790887603827287e-10  2.153138778382413e-14 
 5.821032177708772e-02  1.000000000000000e+00  0.000000000000000e+00  4.659181225727530e+02 -8.906683556729791e-02 -3.791740255110199e-10  2.178465741131674e-14 
 5.888436553555948e-02  1.000000000000000e+00  0.000000000000000e+00  4.659181221781745e+02 -9.009818083991042e-02 -3.791598146563047e-10  2.204833537966522e-14 
 5.956621435290164e-02  1.000000000000000e+00  0.000000000000000e+00  4.659181217744049e+02 -9.114146852526550e-02 -3.791598146563047e-10  2.230854390106174e-14 
 6.025595860743638e-02  1.000000000000000e+00  0.000000000000000e+00  4.659181213612313e+02 -9.219683690989175e-02 -3.790887603827287e-10  2.255487463465045e-14 
 6.095368972401753e-02  1.000000000000000e+00  0.000000000000000e+00  4.659181209384324e+02 -9.326442588159636e-02 -3.791171820921591e-10  2.282202204995087e-14 
 6.165950018614885e-02  1.000000000000000e+00  0.000000000000000e+00  4.659181205057862e+02 -9.434437694800835e-02 -3.791598146563047e-10  2.308223057134740e-14 
 6.237348354824256e-02  1.000000000000000e+00  0.000000000000000e+00  4.659181200630621e+02 -9.543683325533378e-02 -3.791740255110199e-10  2.335631688055173e-14 
 6.309573444801997e-02  1.000000000000000e+00  0.000000000000000e+00  4.659181196100251e+02 -9.654193960733010e-02 -3.791029712374439e-10  2.361999484890021e-14 
 6.382634861905552e-02  1.000000000000000e+00  0.000000000000000e+00  4.659181191464364e+02 -9.765984248449983e-02 -3.790745495280134e-10  2.389061171115259e-14 
 6.456542290346622e-02  1.000000000000000e+00  0.000000000000000e+00  4.659181186720489e+02 -9.879069006350524e-02 -3.791313929468743e-10  2.417857580816474e-14 
 6.531305526474791e-02  1.000000000000000e+00  0.000000000000000e+00  4.659181181866115e+02 -9.993463223680996e-02 -3.791029712374439e-10  2.445960101127298e-14 
 6.606934480076029e-02  1.000000000000000e+00  0.000000000000000e+00  4.659181176898668e+02 -1.010918206325460e-01 -3.791171820921591e-10  2.475797344914099e-14 
 6.683439175686216e-02  1.000000000000000e+00  0.000000000000000e+00  4.659181171815513e+02 -1.022624086346123e-01 -3.792166580751655e-10  2.504593754615314e-14 
 6.760829753919889e-02  1.000000000000000e+00  0.000000000000000e+00  4.659181166613956e+02 -1.034465514030049e-01 -3.791313929468743e-10  2.531308496145357e-14 
 6.839116472814366e-02  1.000000000000000e+00  0.000000000000000e+00  4.659181161291245e+02 -1.046444058943837e-01 -3.791171820921591e-10  2.559757961151377e-14 
 6.918309709189439e-02  1.000000000000000e+00  0.000000000000000e+00  4.659181155844545e+02 -1.058561308828756e-01 -3.791313929468743e-10  2.591676873109350e-14 
 6.998419960022811e-02  1.000000000000000e+00  0.000000000000000e+00  4.659181150270979e+02 -1.070818869811207e-01 -3.790745495280134e-10  2.620126338115369e-14 
 7.079457843841457e-02  1.000000000000000e+00  0.000000000000000e+00  4.659181144567590e+02 -1.083218366615608e-01 -3.791171820921591e-10  2.651004415987757e-14 
 7.161434102129099e-02  1.000000000000000e+00  0.000000000000000e+00  4.659181138731347e+02 -1.095761442779740e-01 -3.791171820921591e-10  2.681188604469753e-14 
 7.244359600749982e-02  1.000000000000000e+00  0.000000000000000e+00  4.659181132759165e+02 -1.108449760872604e-01 -3.791456038015895e-10  2.713801405818117e-14 
 7.328245331389123e-02  1.000000000000000e+00  0.000000000000000e+00  4.659181126647867e+02 -1.121285002714782e-01 -3.792450797845959e-10  2.746067262471286e-14 
 7.413102413009259e-02  1.000000000000000e+00  0.000000000000000e+00  4.659181120394225e+02 -1.134268869601367e-01 -3.791456038015895e-10  2.776598395648477e-14 
 7.498942093324644e-02  1.000000000000000e+00  0.000000000000000e+00  4.659181113994912e+02 -1.147403082527453e-01 -3.791029712374439e-10  2.807129528825669e-14 
 7.585775750291925e-02  1.000000000000000e+00  0.000000000000000e+00  4.659181107446542e+02 -1.160689382416256e-01 -3.791882363657351e-10  2.840783164259619e-14 
 7.673614893618277e-02  1.000000000000000e+00  0.000000000000000e+00  4.659181100745643e+02 -1.174129530349870e-01 -3.791456038015895e-10  2.874089854998374e-14 
 7.762471166287006e-02  1.000000000000000e+00  0.000000000000000e+00  4.659181093888657e+02 -1.187725307802689e-01 -3.791029712374439e-10  2.906008766956347e-14 
 7.852356346100808e-02  1.000000000000000e+00  0.000000000000000e+00  4.659181086871953e+02 -1.201478516877534e-01 -3.791171820921591e-10  2.942091015256665e-14 
 7.943282347242907e-02  1.000000000000000e+00  0.000000000000000e+00  4.659181079691806e+02 -1.215390980544526e-01 -3.791598146563047e-10  2.975050761300224e-14 
 8.035261221856266e-02  1.000000000000000e+00  0.000000000000000e+00  4.659181072344417e+02 -1.229464542882710e-01 -3.791598146563047e-10  3.008704396734174e-14 
 8.128305161641088e-02  1.000000000000000e+00  0.000000000000000e+00  4.659181064825880e+02 -1.243701069324473e-01 -3.791598146563047e-10  3.043398866253710e-14 
 8.222426499470809e-02  1.000000000000000e+00  0.000000000000000e+00  4.659181057132218e+02 -1.258102446902822e-01 -3.791313929468743e-10  3.079481114554028e-14 
 8.317637711026808e-02  1.000000000000000e+00  0.000000000000000e+00  4.659181049259342e+02 -1.272670584501482e-01 -3.791029712374439e-10  3.113481694683173e-14 
 8.413951416452051e-02  1.000000000000000e+00  0.000000000000000e+00  4.659181041203088e+02 -1.287407413107931e-01 -3.792166580751655e-10  3.151645611154663e-14 
 8.511380382023866e-02  1.000000000000000e+00  0.000000000000000e+00  4.659181032959177e+02 -1.302314886069335e-01 -3.791456038015895e-10  3.187727859454981e-14 
 8.609937521846109e-02  1.000000000000000e+00  0.000000000000000e+00  4.659181024523245e+02 -1.317394979351462e-01 -3.792450797845959e-10  3.225197886536080e-14 
 8.709635899560911e-02  1.000000000000000e+00  0.000000000000000e+00  4.659181015890811e+02 -1.332649691800588e-01 -3.791456038015895e-10  3.261280134836397e-14 
 8.810488730080247e-02  1.000000000000000e+00  0.000000000000000e+00  4.659181007057304e+02 -1.348081045408441e-01 -3.790887603827287e-10  3.295974604355933e-14 
 8.912509381337563e-02  1.000000000000000e+00  0.000000000000000e+00  4.659180998018040e+02 -1.363691085580204e-01 -3.791740255110199e-10  3.337607967779377e-14 
 9.015711376059679e-02  1.000000000000000e+00  0.000000000000000e+00  4.659180988768227e+02 -1.379481881405632e-01 -3.792166580751655e-10  3.379241331202820e-14 
 9.120108393559209e-02  1.000000000000000e+00  0.000000000000000e+00  4.659180979302949e+02 -1.395455525933293e-01 -3.791740255110199e-10  3.415323579503138e-14 
 9.225714271547746e-02  1.000000000000000e+00  0.000000000000000e+00  4.659180969617200e+02 -1.411614136448013e-01 -3.790745495280134e-10  3.452793606584237e-14 
 9.332543007970026e-02  1.000000000000000e+00  0.000000000000000e+00  4.659180959705845e+02 -1.427959854751491e-01 -3.791313929468743e-10  3.493733080617289e-14 
 9.440608762859351e-02  1.000000000000000e+00  0.000000000000000e+00  4.659180949563619e+02 -1.444494847446205e-01 -3.791456038015895e-10  3.536060333431124e-14 
 9.549925860214478e-02  1.000000000000000e+00  0.000000000000000e+00  4.659180939185153e+02 -1.461221306222578e-01 -3.792024472204503e-10  3.579775365025739e-14 
 9.660508789898255e-02  1.000000000000000e+00  0.000000000000000e+00  4.659180928564942e+02 -1.478141448149481e-01 -3.791740255110199e-10  3.618633170887620e-14 
 9.772372209558230e-02  1.000000000000000e+00  0.000000000000000e+00  4.659180917697354e+02 -1.495257515968099e-01 -3.791456038015895e-10  3.661654313091844e-14 
 9.885530946569514e-02  1.000000000000000e+00  0.000000000000000e+00  4.659180906576628e+02 -1.512571778389192e-01 -3.791029712374439e-10  3.700512118953725e-14 
 1.000000000000013e-01  1.000000000000000e+00  0.000000000000000e+00  4.659180895196864e+02 -1.530086530393809e-01 -3.791313929468743e-10  3.743533261157950e-14 
 1.011579454259911e-01  1.000000000000000e+00  0.000000000000000e+00  4.659180883552033e+02 -1.547804093537477e-01 -3.791456038015895e-10  3.786554403362175e-14 
 1.023292992280767e-01  1.000000000000000e+00  0.000000000000000e+00  4.659180871635959e+02 -1.565726816257911e-01 -3.791882363657351e-10  3.831657213737572e-14 
 1.035142166679357e-01  1.000000000000000e+00  0.000000000000000e+00  4.659180859442327e+02 -1.583857074186295e-01 -3.790887603827287e-10  3.876066134722578e-14 
 1.047128548050913e-01  1.000000000000000e+00  0.000000000000000e+00  4.659180846964667e+02 -1.602197270462155e-01 -3.790603386732982e-10  3.919087276926803e-14 
 1.059253725177303e-01  1.000000000000000e+00  0.000000000000000e+00  4.659180834196366e+02 -1.620749836051892e-01 -3.790745495280134e-10  3.966271755473372e-14 
 1.071519305237620e-01  1.000000000000000e+00  0.000000000000000e+00  4.659180821130651e+02 -1.639517230070987e-01 -3.791882363657351e-10  4.012762344629550e-14 
 1.083926914021218e-01  1.000000000000000e+00  0.000000000000000e+00  4.659180807760595e+02 -1.658501940109957e-01 -3.791456038015895e-10  4.056477376224166e-14 
 1.096478196143199e-01  1.000000000000000e+00  0.000000000000000e+00  4.659180794079117e+02 -1.677706482564065e-01 -3.790887603827287e-10  4.105049633551516e-14 
 1.109174815262416e-01  1.000000000000000e+00  0.000000000000000e+00  4.659180780078949e+02 -1.697133402966857e-01 -3.791740255110199e-10  4.155009669659648e-14 
 1.122018454301978e-01  1.000000000000000e+00  0.000000000000000e+00  4.659180765752681e+02 -1.716785276327567e-01 -3.791882363657351e-10  4.202888037596608e-14 
 1.135010815672330e-01  1.000000000000000e+00  0.000000000000000e+00  4.659180751092705e+02 -1.736664707472416e-01 -3.790603386732982e-10  4.248684737362396e-14 
 1.148153621496898e-01  1.000000000000000e+00  0.000000000000000e+00  4.659180736091257e+02 -1.756774331389870e-01 -3.792166580751655e-10  4.304195888593654e-14 
 1.161448613840358e-01  1.000000000000000e+00  0.000000000000000e+00  4.659180720740383e+02 -1.777116813579900e-01 -3.792308689298807e-10  4.350686477749832e-14 
 1.174897554939545e-01  1.000000000000000e+00  0.000000000000000e+00  4.659180705031943e+02 -1.797694850407269e-01 -3.792592906393111e-10  4.400646513857964e-14 
 1.188502227437035e-01  1.000000000000000e+00  0.000000000000000e+00  4.659180688957604e+02 -1.818511169458932e-01 -3.790745495280134e-10  4.449218771185315e-14 
 1.202264434617429e-01  1.000000000000000e+00  0.000000000000000e+00  4.659180672508846e+02 -1.839568529905561e-01 -3.791456038015895e-10  4.500566586074228e-14 
 1.216186000646385e-01  1.000000000000000e+00  0.000000000000000e+00  4.659180655676947e+02 -1.860869722867253e-01 -3.791313929468743e-10  4.553302179743923e-14 
 1.230268770812399e-01  1.000000000000000e+00  0.000000000000000e+00  4.659180638452985e+02 -1.882417571783487e-01 -3.791598146563047e-10  4.608813330975181e-14 
 1.244514611771402e-01  1.000000000000000e+00  0.000000000000000e+00  4.659180620827822e+02 -1.904214932787341e-01 -3.792024472204503e-10  4.659467256473704e-14 
 1.258925411794185e-01  1.000000000000000e+00  0.000000000000000e+00  4.659180602792113e+02 -1.926264695084075e-01 -3.792592906393111e-10  4.717753965266525e-14 
 1.273503081016679e-01  1.000000000000000e+00  0.000000000000000e+00  4.659180584336304e+02 -1.948569781334067e-01 -3.791029712374439e-10  4.767020111984266e-14 
 1.288249551693152e-01  1.000000000000000e+00  0.000000000000000e+00  4.659180565450605e+02 -1.971133148040188e-01 -3.791598146563047e-10  4.826694599557868e-14 
 1.303166778452318e-01  1.000000000000000e+00  0.000000000000000e+00  4.659180546125001e+02 -1.993957785939686e-01 -3.791598146563047e-10  4.882205750789126e-14 
 1.318256738556426e-01  1.000000000000000e+00  0.000000000000000e+00  4.659180526349243e+02 -2.017046720400575e-01 -3.792308689298807e-10  4.941186348972337e-14 
 1.333521432163343e-01  1.000000000000000e+00  0.000000000000000e+00  4.659180506112849e+02 -2.040403011822637e-01 -3.791171820921591e-10  4.995309721422814e-14 
 1.348962882591673e-01  1.000000000000000e+00  0.000000000000000e+00  4.659180485405089e+02 -2.064029756043059e-01 -3.792450797845959e-10  5.053596430215634e-14 
 1.364583136588944e-01  1.000000000000000e+00  0.000000000000000e+00  4.659180464214988e+02 -2.087930084746758e-01 -3.792024472204503e-10  5.112577028398846e-14 
 1.380384264602905e-01  1.000000000000000e+00  0.000000000000000e+00  4.659180442531304e+02 -2.112107165881473e-01 -3.792024472204503e-10  5.167394290239713e-14 
 1.396368361055958e-01  1.000000000000000e+00  0.000000000000000e+00  4.659180420342544e+02 -2.136564204077657e-01 -3.790887603827287e-10  5.228456556594097e-14 
 1.412537544622775e-01  1.000000000000000e+00  0.000000000000000e+00  4.659180397636935e+02 -2.161304441073211e-01 -3.792166580751655e-10  5.290906601729262e-14 
 1.428893958511124e-01  1.000000000000000e+00  0.000000000000000e+00  4.659180374402447e+02 -2.186331156143185e-01 -3.791313929468743e-10  5.348499421131692e-14 
 1.445439770745949e-01  1.000000000000000e+00  0.000000000000000e+00  4.659180350626767e+02 -2.211647666534399e-01 -3.791740255110199e-10  5.413031134438029e-14 
 1.462177174456740e-01  1.000000000000000e+00  0.000000000000000e+00  4.659180326297270e+02 -2.237257327905116e-01 -3.792024472204503e-10  5.478256737134757e-14 
 1.479108388168229e-01  1.000000000000000e+00  0.000000000000000e+00  4.659180301401072e+02 -2.263163534769835e-01 -3.792166580751655e-10  5.542094561050703e-14 
 1.496235656094456e-01  1.000000000000000e+00  0.000000000000000e+00  4.659180275924962e+02 -2.289369720949178e-01 -3.791456038015895e-10  5.601075159233915e-14 
 1.513561248436231e-01  1.000000000000000e+00  0.000000000000000e+00  4.659180249855443e+02 -2.315879360025048e-01 -3.791598146563047e-10  5.667688540711424e-14 
 1.531087461682053e-01  1.000000000000000e+00  0.000000000000000e+00  4.659180223178686e+02 -2.342695965800994e-01 -3.792592906393111e-10  5.736383590360106e-14 
 1.548816618912505e-01  1.000000000000000e+00  0.000000000000000e+00  4.659180195880548e+02 -2.369823092767961e-01 -3.791456038015895e-10  5.803690861228006e-14 
 1.566751070108173e-01  1.000000000000000e+00  0.000000000000000e+00  4.659180167946553e+02 -2.397264336575393e-01 -3.790461278185830e-10  5.865447016972780e-14 
 1.584893192461138e-01  1.000000000000000e+00  0.000000000000000e+00  4.659180139361893e+02 -2.425023334507820e-01 -3.791598146563047e-10  5.939693181744587e-14 
 1.603245390690066e-01  1.000000000000000e+00  0.000000000000000e+00  4.659180110111413e+02 -2.453103765966938e-01 -3.791171820921591e-10  6.004918784441315e-14 
 1.621810097358955e-01  1.000000000000000e+00  0.000000000000000e+00  4.659180080179600e+02 -2.481509352959289e-01 -3.792166580751655e-10  6.077777170432341e-14 
 1.640589773199564e-01  1.000000000000000e+00  0.000000000000000e+00  4.659180049550584e+02 -2.510243860589569e-01 -3.791313929468743e-10  6.147859998861804e-14 
 1.659586907437586e-01  1.000000000000000e+00  0.000000000000000e+00  4.659180018208132e+02 -2.539311097559677e-01 -3.791313929468743e-10  6.214473380339314e-14 
 1.678804018122586e-01  1.000000000000000e+00  0.000000000000000e+00  4.659179986135618e+02 -2.568714916673515e-01 -3.791171820921591e-10  6.288025655720730e-14 
 1.698243652461771e-01  1.000000000000000e+00  0.000000000000000e+00  4.659179953316036e+02 -2.598459215347619e-01 -3.791598146563047e-10  6.361577931102147e-14 
 1.717908387157615e-01  1.000000000000000e+00  0.000000000000000e+00  4.659179919731993e+02 -2.628547936127770e-01 -3.791882363657351e-10  6.433742427702782e-14 
 1.737800828749403e-01  1.000000000000000e+00  0.000000000000000e+00  4.659179885365680e+02 -2.658985067211498e-01 -3.791171820921591e-10  6.507294703084199e-14 
 1.757923613958720e-01  1.000000000000000e+00  0.000000000000000e+00  4.659179850198871e+02 -2.689774642976697e-01 -3.791029712374439e-10  6.578071420904053e-14 
 1.778279410038951e-01  1.000000000000000e+00  0.000000000000000e+00  4.659179814212923e+02 -2.720920744516340e-01 -3.790177061091526e-10  6.653011475066251e-14 
 1.798870915128817e-01  1.000000000000000e+00  0.000000000000000e+00  4.659179777388753e+02 -2.752427500179375e-01 -3.791456038015895e-10  6.739053759474700e-14 
 1.819700858610012e-01  1.000000000000000e+00  0.000000000000000e+00  4.659179739706837e+02 -2.784299086117910e-01 -3.791456038015895e-10  6.812606034856117e-14 
 1.840772001468985e-01  1.000000000000000e+00  0.000000000000000e+00  4.659179701147202e+02 -2.816539726840706e-01 -3.791171820921591e-10  6.891709425360659e-14 
 1.862087136662897e-01  1.000000000000000e+00  0.000000000000000e+00  4.659179661689390e+02 -2.849153695773083e-01 -3.791313929468743e-10  6.970812815865202e-14 
 1.883649089489831e-01  1.000000000000000e+00  0.000000000000000e+00  4.659179621312494e+02 -2.882145315823336e-01 -3.791029712374439e-10  7.054079542712088e-14 
 1.905460717963278e-01  1.000000000000000e+00  0.000000000000000e+00  4.659179579995104e+02 -2.915518959955664e-01 -3.790887603827287e-10  7.134570711997412e-14 
 1.927524913190967e-01  1.000000000000000e+00  0.000000000000000e+00  4.659179537715302e+02 -2.949279051769754e-01 -3.791029712374439e-10  7.215061881282736e-14 
 1.949844599758077e-01  1.000000000000000e+00  0.000000000000000e+00  4.659179494450678e+02 -2.983430066087100e-01 -3.791029712374439e-10  7.301104165691186e-14 
 1.972422736114886e-01  1.000000000000000e+00  0.000000000000000e+00  4.659179450178293e+02 -3.017976529544065e-01 -3.791882363657351e-10  7.392697565222761e-14 
 1.995262314968912e-01  1.000000000000000e+00  0.000000000000000e+00  4.659179404874681e+02 -3.052923021191840e-01 -3.791456038015895e-10  7.467637619384959e-14 
 2.018366363681594e-01  1.000000000000000e+00  0.000000000000000e+00  4.659179358515804e+02 -3.088274173103318e-01 -3.791456038015895e-10  7.557843240135753e-14 
 2.041737944669563e-01  1.000000000000000e+00  0.000000000000000e+00  4.659179311077095e+02 -3.124034670987046e-01 -3.791313929468743e-10  7.645273303324984e-14 
 2.065380155810564e-01  1.000000000000000e+00  0.000000000000000e+00  4.659179262533391e+02 -3.160209254808227e-01 -3.790887603827287e-10  7.732703366514215e-14 
 2.089296130854074e-01  1.000000000000000e+00  0.000000000000000e+00  4.659179212858969e+02 -3.196802719416962e-01 -3.791740255110199e-10  7.827072323607354e-14 
 2.113489039836682e-01  1.000000000000000e+00  0.000000000000000e+00  4.659179162027477e+02 -3.233819915183703e-01 -3.791171820921591e-10  7.915890165577366e-14 
 2.137962089502268e-01  1.000000000000000e+00  0.000000000000000e+00  4.659179110011970e+02 -3.271265748642144e-01 -3.791598146563047e-10  8.008871343889723e-14 
 2.162718523727057e-01  1.000000000000000e+00  0.000000000000000e+00  4.659179056784867e+02 -3.309145183139482e-01 -3.791598146563047e-10  8.106015858544424e-14 
 2.187761623949590e-01  1.000000000000000e+00  0.000000000000000e+00  4.659179002317945e+02 -3.347463239494237e-01 -3.792308689298807e-10  8.198997036856781e-14 
 2.213094709605676e-01  1.000000000000000e+00  0.000000000000000e+00  4.659178946582332e+02 -3.386224996661701e-01 -3.790461278185830e-10  8.286427100046012e-14 
 2.238721138568378e-01  1.000000000000000e+00  0.000000000000000e+00  4.659178889548464e+02 -3.425435592407056e-01 -3.791740255110199e-10  8.384959393481495e-14 
 2.264644307593099e-01  1.000000000000000e+00  0.000000000000000e+00  4.659178831186111e+02 -3.465100223986313e-01 -3.791740255110199e-10  8.483491686916977e-14 
 2.290867652767813e-01  1.000000000000000e+00  0.000000000000000e+00  4.659178771464328e+02 -3.505224148835132e-01 -3.791598146563047e-10  8.577860644010116e-14 
 2.317394649968519e-01  1.000000000000000e+00  0.000000000000000e+00  4.659178710351445e+02 -3.545812685265581e-01 -3.791740255110199e-10  8.683331831349506e-14 
 2.344228815319963e-01  1.000000000000000e+00  0.000000000000000e+00  4.659178647815069e+02 -3.586871213171020e-01 -3.790745495280134e-10  8.776313009661862e-14 
 2.371373705661697e-01  1.000000000000000e+00  0.000000000000000e+00  4.659178583822026e+02 -3.628405174739084e-01 -3.791171820921591e-10  8.876233081878127e-14 
 2.398832919019533e-01  1.000000000000000e+00  0.000000000000000e+00  4.659178518338396e+02 -3.670420075172974e-01 -3.791456038015895e-10  8.977540932875172e-14 
 2.426610095082458e-01  1.000000000000000e+00  0.000000000000000e+00  4.659178451329464e+02 -3.712921483421067e-01 -3.792024472204503e-10  9.087175456556906e-14 
 2.454708915685074e-01  1.000000000000000e+00  0.000000000000000e+00  4.659178382759693e+02 -3.755915032914949e-01 -3.790745495280134e-10  9.184319971211607e-14 
 2.483133105295615e-01  1.000000000000000e+00  0.000000000000000e+00  4.659178312592725e+02 -3.799406422316058e-01 -3.790603386732982e-10  9.291178937331779e-14 
 2.511886431509625e-01  1.000000000000000e+00  0.000000000000000e+00  4.659178240791364e+02 -3.843401416270917e-01 -3.792166580751655e-10  9.410527912478983e-14 
 2.540972705549351e-01  1.000000000000000e+00  0.000000000000000e+00  4.659178167317534e+02 -3.887905846175116e-01 -3.790745495280134e-10  9.511835763476029e-14 
 2.570395782768911e-01  1.000000000000000e+00  0.000000000000000e+00  4.659178092132284e+02 -3.932925610946156e-01 -3.791171820921591e-10  9.620082508376981e-14 
 2.600159563165320e-01  1.000000000000000e+00  0.000000000000000e+00  4.659178015195749e+02 -3.978466677805230e-01 -3.790034952544374e-10  9.732492589620279e-14 
 2.630267991895430e-01  1.000000000000000e+00  0.000000000000000e+00  4.659177936467125e+02 -4.024535083068028e-01 -3.791029712374439e-10  9.846290449644357e-14 
 2.660725059798859e-01  1.000000000000000e+00  0.000000000000000e+00  4.659177855904688e+02 -4.071136932944778e-01 -3.791740255110199e-10  9.968414982353124e-14 
 2.691534803926965e-01  1.000000000000000e+00  0.000000000000000e+00  4.659177773465714e+02 -4.118278404349424e-01 -3.791598146563047e-10  1.008360062115798e-13 
 2.722701308077963e-01  1.000000000000000e+00  0.000000000000000e+00  4.659177689106487e+02 -4.165965745718269e-01 -3.791740255110199e-10  1.020017403874363e-13 
 2.754228703338217e-01  1.000000000000000e+00  0.000000000000000e+00  4.659177602782288e+02 -4.214205277838073e-01 -3.791882363657351e-10  1.031397189876770e-13 
 2.786121168629822e-01  1.000000000000000e+00  0.000000000000000e+00  4.659177514447339e+02 -4.263003394683699e-01 -3.791171820921591e-10  1.043332087391491e-13 
 2.818382931264506e-01  1.000000000000000e+00  0.000000000000000e+00  4.659177424054811e+02 -4.312366564265496e-01 -3.790745495280134e-10  1.054711873393899e-13 
 2.851018267503962e-01  1.000000000000000e+00  0.000000000000000e+00  4.659177331556778e+02 -4.362301329486480e-01 -3.791456038015895e-10  1.067340660299010e-13 
 2.884031503126660e-01  1.000000000000000e+00  0.000000000000000e+00  4.659177236904188e+02 -4.412814309009402e-01 -3.791882363657351e-10  1.079969447204121e-13 
 2.917427014001222e-01  1.000000000000000e+00  0.000000000000000e+00  4.659177140046862e+02 -4.463912198133925e-01 -3.790603386732982e-10  1.091488011084607e-13 
 2.951209226666441e-01  1.000000000000000e+00  0.000000000000000e+00  4.659177040933444e+02 -4.515601769683878e-01 -3.791456038015895e-10  1.104810687380109e-13 
 2.985382618918016e-01  1.000000000000000e+00  0.000000000000000e+00  4.659176939511381e+02 -4.567889874904828e-01 -3.791313929468743e-10  1.117578252163298e-13 
 3.019951720402074e-01  1.000000000000000e+00  0.000000000000000e+00  4.659176835726899e+02 -4.620783444372013e-01 -3.791171820921591e-10  1.130762150580722e-13 
 3.054921113215572e-01  1.000000000000000e+00  0.000000000000000e+00  4.659176729524970e+02 -4.674289488908814e-01 -3.791740255110199e-10  1.143807271120068e-13 
 3.090295432513650e-01  1.000000000000000e+00  0.000000000000000e+00  4.659176620849289e+02 -4.728415100515813e-01 -3.791882363657351e-10  1.157407503171726e-13 
 3.126079367124016e-01  1.000000000000000e+00  0.000000000000000e+00  4.659176509642226e+02 -4.783167453310649e-01 -3.792024472204503e-10  1.171146513101462e-13 
 3.162277660168441e-01  1.000000000000000e+00  0.000000000000000e+00  4.659176395844828e+02 -4.838553804478741e-01 -3.791456038015895e-10  1.184330411518886e-13 
 3.198895109691461e-01  1.000000000000000e+00  0.000000000000000e+00  4.659176279396751e+02 -4.894581495234968e-01 -3.791313929468743e-10  1.197514309936309e-13 
 3.235936569296347e-01  1.000000000000000e+00  0.000000000000000e+00  4.659176160236254e+02 -4.951257951796559e-01 -3.791313929468743e-10  1.211808431378358e-13 
 3.273406948788447e-01  1.000000000000000e+00  0.000000000000000e+00  4.659176038300163e+02 -5.008590686367180e-01 -3.791456038015895e-10  1.225408663430017e-13 
 3.311311214825977e-01  1.000000000000000e+00  0.000000000000000e+00  4.659175913523816e+02 -5.066587298132432e-01 -3.790603386732982e-10  1.239008895481675e-13 
 3.349654391578343e-01  1.000000000000000e+00  0.000000000000000e+00  4.659175785841068e+02 -5.125255474266877e-01 -3.791740255110199e-10  1.254274462070271e-13 
 3.388441561392093e-01  1.000000000000000e+00  0.000000000000000e+00  4.659175655184213e+02 -5.184602990952689e-01 -3.790319169638678e-10  1.267042026853460e-13 
 3.427677865464572e-01  1.000000000000000e+00  0.000000000000000e+00  4.659175521483971e+02 -5.244637714410143e-01 -3.791740255110199e-10  1.283417816466681e-13 
 3.467368504525386e-01  1.000000000000000e+00  0.000000000000000e+00  4.659175384669467e+02 -5.305367601939978e-01 -3.790745495280134e-10  1.298405827299121e-13 
 3.507518739525751e-01  1.000000000000000e+00  0.000000000000000e+00  4.659175244668143e+02 -5.366800702977859e-01 -3.791456038015895e-10  1.313116282375404e-13 
 3.548133892335826e-01  1.000000000000000e+00  0.000000000000000e+00  4.659175101405785e+02 -5.428945160161031e-01 -3.791029712374439e-10  1.328381848964000e-13 
 3.589219346450125e-01  1.000000000000000e+00  0.000000000000000e+00  4.659174954806423e+02 -5.491809210407292e-01 -3.791598146563047e-10  1.344202527064908e-13 
 3.630780547701087e-01  1.000000000000000e+00  0.000000000000000e+00  4.659174804792334e+02 -5.555401186006512e-01 -3.791598146563047e-10  1.360023205165817e-13 
 3.672823004980922e-01  1.000000000000000e+00  0.000000000000000e+00  4.659174651283977e+02 -5.619729515724700e-01 -3.791456038015895e-10  1.374456104485944e-13 
 3.715352290971802e-01  1.000000000000000e+00  0.000000000000000e+00  4.659174494199963e+02 -5.684802725920935e-01 -3.792166580751655e-10  1.391664561367634e-13 
 3.758374042884519e-01  1.000000000000000e+00  0.000000000000000e+00  4.659174333457001e+02 -5.750629441677140e-01 -3.790461278185830e-10  1.405542349175448e-13 
 3.801893963205691e-01  1.000000000000000e+00  0.000000000000000e+00  4.659174168969868e+02 -5.817218387940994e-01 -3.790745495280134e-10  1.421918138788669e-13 
 3.845917820453616e-01  1.000000000000000e+00  0.000000000000000e+00  4.659174000651348e+02 -5.884578390682038e-01 -3.791171820921591e-10  1.440236818694984e-13 
 3.890451449942888e-01  1.000000000000000e+00  0.000000000000000e+00  4.659173828412200e+02 -5.952718378061148e-01 -3.792450797845959e-10  1.458000387088987e-13 
 3.935500754557857e-01  1.000000000000000e+00  0.000000000000000e+00  4.659173652161098e+02 -6.021647381613561e-01 -3.789892843997222e-10  1.472155730652958e-13 
 3.981071705535056e-01  1.000000000000000e+00  0.000000000000000e+00  4.659173471804598e+02 -6.091374537445600e-01 -3.791598146563047e-10  1.491029522071585e-13 
 4.027170343254676e-01  1.000000000000000e+00  0.000000000000000e+00  4.659173287247063e+02 -6.161909087445185e-01 -3.790319169638678e-10  1.506295088660181e-13 
 4.073802778041214e-01  1.000000000000000e+00  0.000000000000000e+00  4.659173098390652e+02 -6.233260380506458e-01 -3.790603386732982e-10  1.524058657054184e-13 
 4.120975190973390e-01  1.000000000000000e+00  0.000000000000000e+00  4.659172905135225e+02 -6.305437873768436e-01 -3.791456038015895e-10  1.542377336960499e-13 
 4.168693834703443e-01  1.000000000000000e+00  0.000000000000000e+00  4.659172707378317e+02 -6.378451133868115e-01 -3.790603386732982e-10  1.559863349598345e-13 
 4.216965034285913e-01  1.000000000000000e+00  0.000000000000000e+00  4.659172505015073e+02 -6.452309838208030e-01 -3.791456038015895e-10  1.580680031310067e-13 
 4.265795188016018e-01  1.000000000000000e+00  0.000000000000000e+00  4.659172297938202e+02 -6.527023776238450e-01 -3.791029712374439e-10  1.596778265167131e-13 
 4.315190768277745e-01  1.000000000000000e+00  0.000000000000000e+00  4.659172086037918e+02 -6.602602850754462e-01 -3.790603386732982e-10  1.615652056585759e-13 
 4.365158322401754e-01  1.000000000000000e+00  0.000000000000000e+00  4.659171869201854e+02 -6.679057079207984e-01 -3.790745495280134e-10  1.633415624979762e-13 
 4.415704473533221e-01  1.000000000000000e+00  0.000000000000000e+00  4.659171647315051e+02 -6.756396595035066e-01 -3.790603386732982e-10  1.652844527910702e-13 
 4.466835921509728e-01  1.000000000000000e+00  0.000000000000000e+00  4.659171420259865e+02 -6.834631648998448e-01 -3.792024472204503e-10  1.672828542353955e-13 
 4.518559443749322e-01  1.000000000000000e+00  0.000000000000000e+00  4.659171187915904e+02 -6.913772610545668e-01 -3.791313929468743e-10  1.692257445284895e-13 
 4.570881896148850e-01  1.000000000000000e+00  0.000000000000000e+00  4.659170950159983e+02 -6.993829969182940e-01 -3.789750735450070e-10  1.709188346410428e-13 
 4.623810213992704e-01  1.000000000000000e+00  0.000000000000000e+00  4.659170706866038e+02 -7.074814335864825e-01 -3.791456038015895e-10  1.731670362659088e-13 
 4.677351412872084e-01  1.000000000000000e+00  0.000000000000000e+00  4.659170457905077e+02 -7.156736444400085e-01 -3.791598146563047e-10  1.751931932858497e-13 
 4.731512589614909e-01  1.000000000000000e+00  0.000000000000000e+00  4.659170203145098e+02 -7.239607152873724e-01 -3.791456038015895e-10  1.771083280033281e-13 
 4.786300923226489e-01  1.000000000000000e+00  0.000000000000000e+00  4.659169942451023e+02 -7.323437445085450e-01 -3.791456038015895e-10  1.791067294476534e-13 
 4.841723675841101e-01  1.000000000000000e+00  0.000000000000000e+00  4.659169675684635e+02 -7.408238432004928e-01 -3.792450797845959e-10  1.813826866481349e-13 
 4.897788193684571e-01  1.000000000000000e+00  0.000000000000000e+00  4.659169402704491e+02 -7.494021353243645e-01 -3.791882363657351e-10  1.835198659705384e-13 
 4.954501908048012e-01  1.000000000000000e+00  0.000000000000000e+00  4.659169123365854e+02 -7.580797578543983e-01 -3.790887603827287e-10  1.854905118392480e-13 
 5.011872336272835e-01  1.000000000000000e+00  0.000000000000000e+00  4.659168837520621e+02 -7.668578609285436e-01 -3.789750735450070e-10  1.873501354054952e-13 
 5.069907082747157e-01  1.000000000000000e+00  0.000000000000000e+00  4.659168545017233e+02 -7.757376080008209e-01 -3.792024472204503e-10  1.899036483621330e-13 
 5.128613839913764e-01  1.000000000000000e+00  0.000000000000000e+00  4.659168245700607e+02 -7.847201759954532e-01 -3.791598146563047e-10  1.920963388357677e-13 
 5.188000389289728e-01  1.000000000000000e+00  0.000000000000000e+00  4.659167939412031e+02 -7.938067554627691e-01 -3.791882363657351e-10  1.942890293094024e-13 
 5.248074602497844e-01  1.000000000000000e+00  0.000000000000000e+00  4.659167625989124e+02 -8.029985507369222e-01 -3.792166580751655e-10  1.966760088123465e-13 
 5.308844442310003e-01  1.000000000000000e+00  0.000000000000000e+00  4.659167305265705e+02 -8.122967800954186e-01 -3.791598146563047e-10  1.988131881347499e-13 
 5.370317963702649e-01  1.000000000000000e+00  0.000000000000000e+00  4.659166977071723e+02 -8.217026759205006e-01 -3.792308689298807e-10  2.011724120620784e-13 
 5.432503314924455e-01  1.000000000000000e+00  0.000000000000000e+00  4.659166641233165e+02 -8.312174848623911e-01 -3.791740255110199e-10  2.035038804137912e-13 
 5.495408738576371e-01  1.000000000000000e+00  0.000000000000000e+00  4.659166297571978e+02 -8.408424680044309e-01 -3.791171820921591e-10  2.057520820386571e-13 
 5.559042572704163e-01  1.000000000000000e+00  0.000000000000000e+00  4.659165945905936e+02 -8.505789010301130e-01 -3.792877123487415e-10  2.082500838440637e-13 
 5.623413251903620e-01  1.000000000000000e+00  0.000000000000000e+00  4.659165586048604e+02 -8.604280743920696e-01 -3.791740255110199e-10  2.106370633470078e-13 
 5.688529308438545e-01  1.000000000000000e+00  0.000000000000000e+00  4.659165217809177e+02 -8.703912934829867e-01 -3.791456038015895e-10  2.129685316987207e-13 
 5.754399373371701e-01  1.000000000000000e+00  0.000000000000000e+00  4.659164840992406e+02 -8.804698788085132e-01 -3.791171820921591e-10  2.154387779285116e-13 
 5.821032177708848e-01  1.000000000000000e+00  0.000000000000000e+00  4.659164455398509e+02 -8.906651661621663e-01 -3.791882363657351e-10  2.180755576119964e-13 
 5.888436553556026e-01  1.000000000000000e+00  0.000000000000000e+00  4.659164060823043e+02 -9.009785068022520e-01 -3.792024472204503e-10  2.205735594174030e-13 
 5.956621435290242e-01  1.000000000000000e+00  0.000000000000000e+00  4.659163657056796e+02 -9.114112676308337e-01 -3.791456038015895e-10  2.231270723740408e-13 
 6.025595860743718e-01  1.000000000000000e+00  0.000000000000000e+00  4.659163243885710e+02 -9.219648313747750e-01 -3.791456038015895e-10  2.256250741794474e-13 
 6.095368972401833e-01  1.000000000000000e+00  0.000000000000000e+00  4.659162821090696e+02 -9.326405967688638e-01 -3.793019232034567e-10  2.284561428922416e-13 
 6.165950018614965e-01  1.000000000000000e+00  0.000000000000000e+00  4.659162388447604e+02 -9.434399787410667e-01 -3.792308689298807e-10  2.310929225757263e-13 
 6.237348354824338e-01  1.000000000000000e+00  0.000000000000000e+00  4.659161945727044e+02 -9.543644085999132e-01 -3.791029712374439e-10  2.336741911079798e-13 
 6.309573444802080e-01  1.000000000000000e+00  0.000000000000000e+00  4.659161492694285e+02 -9.654153342240482e-01 -3.792166580751655e-10  2.364219930939271e-13 
 6.382634861905636e-01  1.000000000000000e+00  0.000000000000000e+00  4.659161029109126e+02 -9.765942202539815e-01 -3.790461278185830e-10  2.387812170212555e-13 
 6.456542290346706e-01  1.000000000000000e+00  0.000000000000000e+00  4.659160554725777e+02 -9.879025482860422e-01 -3.791598146563047e-10  2.418898414902060e-13 
 6.531305526474876e-01  1.000000000000000e+00  0.000000000000000e+00  4.659160069292720e+02 -9.993418170685860e-01 -3.790745495280134e-10  2.445266211736907e-13 
 6.606934480076115e-01  1.000000000000000e+00  0.000000000000000e+00  4.659159572552578e+02 -1.010913542700460e+00 -3.791456038015895e-10  2.473021787352536e-13 
 6.683439175686303e-01  1.000000000000000e+00  0.000000000000000e+00  4.659159064241981e+02 -1.022619258831764e+00 -3.791029712374439e-10  2.502997809017415e-13 
 6.760829753919977e-01  1.000000000000000e+00  0.000000000000000e+00  4.659158544091425e+02 -1.034460516866938e+00 -3.791598146563047e-10  2.531863607657669e-13 
 6.839116472814455e-01  1.000000000000000e+00  0.000000000000000e+00  4.659158011825125e+02 -1.046438886170179e+00 -3.790745495280134e-10  2.559064071760986e-13 
 6.918309709189528e-01  1.000000000000000e+00  0.000000000000000e+00  4.659157467160871e+02 -1.058555954273252e+00 -3.791456038015895e-10  2.590150316450490e-13 
 6.998419960022901e-01  1.000000000000000e+00  0.000000000000000e+00  4.659156909809898e+02 -1.070813327085689e+00 -3.791029712374439e-10  2.620681449627682e-13 
 7.079457843841548e-01  1.000000000000000e+00  0.000000000000000e+00  4.659156339476683e+02 -1.083212629107410e+00 -3.792024472204503e-10  2.651212582804874e-13 
 7.161434102129192e-01  1.000000000000000e+00  0.000000000000000e+00  4.659155755858842e+02 -1.095755503643819e+00 -3.791740255110199e-10  2.682853939006691e-13 
 7.244359600750074e-01  1.000000000000000e+00  0.000000000000000e+00  4.659155158646954e+02 -1.108443613023371e+00 -3.791598146563047e-10  2.712274849159257e-13 
 7.328245331389217e-01  1.000000000000000e+00  0.000000000000000e+00  4.659154547524369e+02 -1.121278638817647e+00 -3.790603386732982e-10  2.744471316873387e-13 
 7.413102413009354e-01  1.000000000000000e+00  0.000000000000000e+00  4.659153922167071e+02 -1.134262282063984e+00 -3.791313929468743e-10  2.776112673075204e-13 
 7.498942093324740e-01  1.000000000000000e+00  0.000000000000000e+00  4.659153282243508e+02 -1.147396263490673e+00 -3.790745495280134e-10  2.807754029277021e-13 
 7.585775750292022e-01  1.000000000000000e+00  0.000000000000000e+00  4.659152627414387e+02 -1.160682323744747e+00 -3.791313929468743e-10  2.838840273966525e-13 
 7.673614893618377e-01  1.000000000000000e+00  0.000000000000000e+00  4.659151957332530e+02 -1.174122223622405e+00 -3.790603386732982e-10  2.871036741680655e-13 
 7.762471166287107e-01  1.000000000000000e+00  0.000000000000000e+00  4.659151271642656e+02 -1.187717744302107e+00 -3.790745495280134e-10  2.904898543931722e-13 
 7.852356346100910e-01  1.000000000000000e+00  0.000000000000000e+00  4.659150569981223e+02 -1.201470687580339e+00 -3.791029712374439e-10  2.940425680719727e-13 
 7.943282347243010e-01  1.000000000000000e+00  0.000000000000000e+00  4.659149851976215e+02 -1.215382876110120e+00 -3.790887603827287e-10  2.974287482970794e-13 
 8.035261221856370e-01  1.000000000000000e+00  0.000000000000000e+00  4.659149117246945e+02 -1.229456153642246e+00 -3.791171820921591e-10  3.007594173709549e-13 
 8.128305161641193e-01  1.000000000000000e+00  0.000000000000000e+00  4.659148365403875e+02 -1.243692385269331e+00 -3.790461278185830e-10  3.042011087472929e-13 
 8.222426499470915e-01  1.000000000000000e+00  0.000000000000000e+00  4.659147596048376e+02 -1.258093457672656e+00 -3.791313929468743e-10  3.078648447285559e-13 
 8.317637711026916e-01  1.000000000000000e+00  0.000000000000000e+00  4.659146808772554e+02 -1.272661279371873e+00 -3.791740255110199e-10  3.115840918610502e-13 
 8.413951416452160e-01  1.000000000000000e+00  0.000000000000000e+00  4.659146003158994e+02 -1.287397780977580e+00 -3.790461278185830e-10  3.148592497836944e-13 
 8.511380382023976e-01  1.000000000000000e+00  0.000000000000000e+00  4.659145178780568e+02 -1.302304915446827e+00 -3.791456038015895e-10  3.186340080674199e-13 
 8.609937521846222e-01  1.000000000000000e+00  0.000000000000000e+00  4.659144335200201e+02 -1.317384658341551e+00 -3.790177061091526e-10  3.221867217462204e-13 
 8.709635899561025e-01  1.000000000000000e+00  0.000000000000000e+00  4.659143471970639e+02 -1.332639008090015e+00 -3.791029712374439e-10  3.261280134836397e-13 
 8.810488730080362e-01  1.000000000000000e+00  0.000000000000000e+00  4.659142588634208e+02 -1.348069986251237e+00 -3.791171820921591e-10  3.298472606161340e-13 
 8.912509381337680e-01  1.000000000000000e+00  0.000000000000000e+00  4.659141684722576e+02 -1.363679637782486e+00 -3.791882363657351e-10  3.337330412023221e-13 
 9.015711376059796e-01  1.000000000000000e+00  0.000000000000000e+00  4.659140759756496e+02 -1.379470031309861e+00 -3.791456038015895e-10  3.376743329397414e-13 
 9.120108393559329e-01  1.000000000000000e+00  0.000000000000000e+00  4.659139813245564e+02 -1.395443259401986e+00 -3.790745495280134e-10  3.411715354673106e-13 
 9.225714271547866e-01  1.000000000000000e+00  0.000000000000000e+00  4.659138844687956e+02 -1.411601438846869e+00 -3.791882363657351e-10  3.456124275658112e-13 
 9.332543007970148e-01  1.000000000000000e+00  0.000000000000000e+00  4.659137853570162e+02 -1.427946710931940e+00 -3.791029712374439e-10  3.494982081519993e-13 
 9.440608762859475e-01  1.000000000000000e+00  0.000000000000000e+00  4.659136839366699e+02 -1.444481241727332e+00 -3.790745495280134e-10  3.534950110406498e-13 
 9.549925860214604e-01  1.000000000000000e+00  0.000000000000000e+00  4.659135801539861e+02 -1.461207222372417e+00 -3.792166580751655e-10  3.578803919879192e-13 
 9.660508789898382e-01  1.000000000000000e+00  0.000000000000000e+00  4.659134739539402e+02 -1.478126869365648e+00 -3.790603386732982e-10  3.617106614228760e-13 
 9.772372209558359e-01  1.000000000000000e+00  0.000000000000000e+00  4.659133652802275e+02 -1.495242424857751e+00 -3.792592906393111e-10  3.664291092775329e-13 
 9.885530946569644e-01  1.000000000000000e+00  0.000000000000000e+00  4.659132540752315e+02 -1.512556156948276e+00 -3.791598146563047e-10  3.702038675612584e-13 
 1.000000000000026e+00  1.000000000000000e+00  0.000000000000000e+00  4.659131402799929e+02 -1.530070359985581e+00 -3.791313929468743e-10  3.744782262060653e-13 
 1.011579454259925e+00  1.000000000000000e+00  0.000000000000000e+00  4.659130238341797e+02 -1.547787354870271e+00 -3.790887603827287e-10  3.786415625484096e-13 
 1.023292992280781e+00  1.000000000000000e+00  0.000000000000000e+00  4.659129046760553e+02 -1.565709489362125e+00 -3.791313929468743e-10  3.833044992518353e-13 
 1.035142166679371e+00  1.000000000000000e+00  0.000000000000000e+00  4.659127827424442e+02 -1.583839138390565e+00 -3.792166580751655e-10  3.879119248040297e-13 
 1.047128548050927e+00  1.000000000000000e+00  0.000000000000000e+00  4.659126579686999e+02 -1.602178704368697e+00 -3.791313929468743e-10  3.919642388439115e-13 
 1.059253725177317e+00  1.000000000000000e+00  0.000000000000000e+00  4.659125302886707e+02 -1.620730617510973e+00 -3.792166580751655e-10  3.969047313034935e-13 
 1.071519305237635e+00  1.000000000000000e+00  0.000000000000000e+00  4.659123996346639e+02 -1.639497336154507e+00 -3.791171820921591e-10  4.013456234019941e-13 
 1.083926914021232e+00  1.000000000000000e+00  0.000000000000000e+00  4.659122659374098e+02 -1.658481347084085e+00 -3.790177061091526e-10  4.053979374418759e-13 
 1.096478196143214e+00  1.000000000000000e+00  0.000000000000000e+00  4.659121291260255e+02 -1.677685165860934e+00 -3.791171820921591e-10  4.103939410526891e-13 
 1.109174815262431e+00  1.000000000000000e+00  0.000000000000000e+00  4.659119891279771e+02 -1.697111337155253e+00 -3.791029712374439e-10  4.153344335122711e-13 
 1.122018454301993e+00  1.000000000000000e+00  0.000000000000000e+00  4.659118458690425e+02 -1.716762435082592e+00 -3.791171820921591e-10  4.201639036693905e-13 
 1.135010815672345e+00  1.000000000000000e+00  0.000000000000000e+00  4.659116992732693e+02 -1.736641063544078e+00 -3.791029712374439e-10  4.246603069191224e-13 
 1.148153621496913e+00  1.000000000000000e+00  0.000000000000000e+00  4.659115492629363e+02 -1.756749856570580e+00 -3.791313929468743e-10  4.297673328323981e-13 
 1.161448613840374e+00  1.000000000000000e+00  0.000000000000000e+00  4.659113957585135e+02 -1.777091478670816e+00 -3.791313929468743e-10  4.347633364432113e-13 
 1.174897554939561e+00  1.000000000000000e+00  0.000000000000000e+00  4.659112386786176e+02 -1.797668625183469e+00 -3.791171820921591e-10  4.398148512052558e-13 
 1.188502227437050e+00  1.000000000000000e+00  0.000000000000000e+00  4.659110779399701e+02 -1.818484022633358e+00 -3.792166580751655e-10  4.452549440259190e-13 
 1.202264434617445e+00  1.000000000000000e+00  0.000000000000000e+00  4.659109134573531e+02 -1.839540429091685e+00 -3.791313929468743e-10  4.502509476367322e-13 
 1.216186000646401e+00  1.000000000000000e+00  0.000000000000000e+00  4.659107451435629e+02 -1.860840634540452e+00 -3.790887603827287e-10  4.550249066426204e-13 
 1.230268770812415e+00  1.000000000000000e+00  0.000000000000000e+00  4.659105729093664e+02 -1.882387461241040e+00 -3.792024472204503e-10  4.606315329169774e-13 
 1.244514611771419e+00  1.000000000000000e+00  0.000000000000000e+00  4.659103966634509e+02 -1.904183764107040e+00 -3.792308689298807e-10  4.664602037962595e-13 
 1.258925411794201e+00  1.000000000000000e+00  0.000000000000000e+00  4.659102163123781e+02 -1.926232431081366e+00 -3.791598146563047e-10  4.714562074070727e-13 
 1.273503081016697e+00  1.000000000000000e+00  0.000000000000000e+00  4.659100317605329e+02 -1.948536383517687e+00 -3.791171820921591e-10  4.768407890765047e-13 
 1.288249551693169e+00  1.000000000000000e+00  0.000000000000000e+00  4.659098429100734e+02 -1.971098576566257e+00 -3.791171820921591e-10  4.824474153508618e-13 
 1.303166778452335e+00  1.000000000000000e+00  0.000000000000000e+00  4.659096496608797e+02 -1.993921999564170e+00 -3.791740255110199e-10  4.879985304739876e-13 
 1.318256738556443e+00  1.000000000000000e+00  0.000000000000000e+00  4.659094519104995e+02 -2.017009676430088e+00 -3.792592906393111e-10  4.940492459581947e-13 
 1.333521432163361e+00  1.000000000000000e+00  0.000000000000000e+00  4.659092495540929e+02 -2.040364666063498e+00 -3.792735014940263e-10  4.999334279887080e-13 
 1.348962882591691e+00  1.000000000000000e+00  0.000000000000000e+00  4.659090424843818e+02 -2.063990062748585e+00 -3.791740255110199e-10  5.052624985069087e-13 
 1.364583136588962e+00  1.000000000000000e+00  0.000000000000000e+00  4.659088305915872e+02 -2.087888996562690e+00 -3.791171820921591e-10  5.105915690251095e-13 
 1.380384264602923e+00  1.000000000000000e+00  0.000000000000000e+00  4.659086137633736e+02 -2.112064633789482e+00 -3.793019232034567e-10  5.174749517777855e-13 
 1.396368361055977e+00  1.000000000000000e+00  0.000000000000000e+00  4.659083918847901e+02 -2.136520177336863e+00 -3.790887603827287e-10  5.225819776910612e-13 
 1.412537544622794e+00  1.000000000000000e+00  0.000000000000000e+00  4.659081648382079e+02 -2.161258867159671e+00 -3.791313929468743e-10  5.286882043264995e-13 
 1.428893958511143e+00  1.000000000000000e+00  0.000000000000000e+00  4.659079325032596e+02 -2.186283980687219e+00 -3.791882363657351e-10  5.353495424742505e-13 
 1.445439770745968e+00  1.000000000000000e+00  0.000000000000000e+00  4.659076947567738e+02 -2.211598833255731e+00 -3.792735014940263e-10  5.414557691096888e-13 
 1.462177174456759e+00  1.000000000000000e+00  0.000000000000000e+00  4.659074514727108e+02 -2.237206778545754e+00 -3.791456038015895e-10  5.477840403500522e-13 
 1.479108388168249e+00  1.000000000000000e+00  0.000000000000000e+00  4.659072025220956e+02 -2.263111209024554e+00 -3.791313929468743e-10  5.536682223805656e-13 
 1.496235656094476e+00  1.000000000000000e+00  0.000000000000000e+00  4.659069477729497e+02 -2.289315556393595e+00 -3.791456038015895e-10  5.603295605283165e-13 
 1.513561248436251e+00  1.000000000000000e+00  0.000000000000000e+00  4.659066870902204e+02 -2.315823292041143e+00 -3.791029712374439e-10  5.667688540711424e-13 
 1.531087461682074e+00  1.000000000000000e+00  0.000000000000000e+00  4.659064203357112e+02 -2.342637927500042e+00 -3.791171820921591e-10  5.734301922188934e-13 
 1.548816618912526e+00  1.000000000000000e+00  0.000000000000000e+00  4.659061473680060e+02 -2.369763014910732e+00 -3.791313929468743e-10  5.796474411567942e-13 
 1.566751070108194e+00  1.000000000000000e+00  0.000000000000000e+00  4.659058680423954e+02 -2.397202147489556e+00 -3.790603386732982e-10  5.865308239094702e-13 
 1.584893192461159e+00  1.000000000000000e+00  0.000000000000000e+00  4.659055822108002e+02 -2.424958960002445e+00 -3.791313929468743e-10  5.934142066621462e-13 
 1.603245390690088e+00  1.000000000000000e+00  0.000000000000000e+00  4.659052897216931e+02 -2.453037129243998e+00 -3.791456038015895e-10  5.998535002049721e-13 
 1.621810097358977e+00  1.000000000000000e+00  0.000000000000000e+00  4.659049904200182e+02 -2.481440374522052e+00 -3.791029712374439e-10  6.070699498650356e-13 
 1.640589773199587e+00  1.000000000000000e+00  0.000000000000000e+00  4.659046841471073e+02 -2.510172458147757e+00 -3.791456038015895e-10  6.142863995250991e-13 
 1.659586907437609e+00  1.000000000000000e+00  0.000000000000000e+00  4.659043707405986e+02 -2.539237185931313e+00 -3.790603386732982e-10  6.212808045802376e-13 
 1.678804018122609e+00  1.000000000000000e+00  0.000000000000000e+00  4.659040500343488e+02 -2.568638407683302e+00 -3.791740255110199e-10  6.283862319378386e-13 
 1.698243652461794e+00  1.000000000000000e+00  0.000000000000000e+00  4.659037218583459e+02 -2.598380017721778e+00 -3.791882363657351e-10  6.361577931102147e-13 
 1.717908387157638e+00  1.000000000000000e+00  0.000000000000000e+00  4.659033860386172e+02 -2.628465955385133e+00 -3.791171820921591e-10  6.433742427702782e-13 
 1.737800828749426e+00  1.000000000000000e+00  0.000000000000000e+00  4.659030423971412e+02 -2.658900205550832e+00 -3.791598146563047e-10  6.509237593377293e-13 
 1.757923613958744e+00  1.000000000000000e+00  0.000000000000000e+00  4.659026907517492e+02 -2.689686799160027e+00 -3.791598146563047e-10  6.586953205101054e-13 
 1.778279410038975e+00  1.000000000000000e+00  0.000000000000000e+00  4.659023309160307e+02 -2.720829813748189e+00 -3.791313929468743e-10  6.664668816824815e-13 
 1.798870915128841e+00  1.000000000000000e+00  0.000000000000000e+00  4.659019626992338e+02 -2.752333373981763e+00 -3.792308689298807e-10  6.735723090400825e-13 
 1.819700858610037e+00  1.000000000000000e+00  0.000000000000000e+00  4.659015859061648e+02 -2.784201652200949e+00 -3.791740255110199e-10  6.815659148173836e-13 
 1.840772001469010e+00  1.000000000000000e+00  0.000000000000000e+00  4.659012003370863e+02 -2.816438868968666e+00 -3.791029712374439e-10  6.886713421749846e-13 
 1.862087136662923e+00  1.000000000000000e+00  0.000000000000000e+00  4.659008057876064e+02 -2.849049293625731e+00 -3.791456038015895e-10  6.968869925572108e-13 
 1.883649089489857e+00  1.000000000000000e+00  0.000000000000000e+00  4.659004020485775e+02 -2.882037244852424e+00 -3.791171820921591e-10  7.052136652418994e-13 
 1.905460717963304e+00  1.000000000000000e+00  0.000000000000000e+00  4.658999889059789e+02 -2.915407091236353e+00 -3.790887603827287e-10  7.134293156241256e-13 
 1.927524913190994e+00  1.000000000000000e+00  0.000000000000000e+00  4.658995661408079e+02 -2.949163251846849e+00 -3.792735014940263e-10  7.226441667285144e-13 
 1.949844599758104e+00  1.000000000000000e+00  0.000000000000000e+00  4.658991335289609e+02 -2.983310196815844e+00 -3.792450797845959e-10  7.307487948082780e-13 
 1.972422736114913e+00  1.000000000000000e+00  0.000000000000000e+00  4.658986908411172e+02 -3.017852447925369e+00 -3.791598146563047e-10  7.386313782831166e-13 
 1.995262314968940e+00  1.000000000000000e+00  0.000000000000000e+00  4.658982378426152e+02 -3.052794579201699e+00 -3.791882363657351e-10  7.471800955727304e-13 
 2.018366363681622e+00  1.000000000000000e+00  0.000000000000000e+00  4.658977742933304e+02 -3.088141217516279e+00 -3.792592906393111e-10  7.570610804918942e-13 
 2.041737944669591e+00  1.000000000000000e+00  0.000000000000000e+00  4.658972999475448e+02 -3.123897043193401e+00 -3.792024472204503e-10  7.652767308741204e-13 
 2.065380155810592e+00  1.000000000000000e+00  0.000000000000000e+00  4.658968145538212e+02 -3.160066790624857e+00 -3.791171820921591e-10  7.734923812563466e-13 
 2.089296130854103e+00  1.000000000000000e+00  0.000000000000000e+00  4.658963178548680e+02 -3.196655248891492e+00 -3.792024472204503e-10  7.832623438730479e-13 
 2.113489039836711e+00  1.000000000000000e+00  0.000000000000000e+00  4.658958095873996e+02 -3.233667262391783e+00 -3.791029712374439e-10  7.910339050454240e-13 
 2.137962089502297e+00  1.000000000000000e+00  0.000000000000000e+00  4.658952894820038e+02 -3.271107731477620e+00 -3.792024472204503e-10  8.012479568719755e-13 
 2.162718523727087e+00  1.000000000000000e+00  0.000000000000000e+00  4.658947572629926e+02 -3.308981613097176e+00 -3.790887603827287e-10  8.093525849517391e-13 
 2.187761623949620e+00  1.000000000000000e+00  0.000000000000000e+00  4.658942126482610e+02 -3.347293921445123e+00 -3.791171820921591e-10  8.190115252659780e-13 
 2.213094709605706e+00  1.000000000000000e+00  0.000000000000000e+00  4.658936553491335e+02 -3.386049728620146e+00 -3.791740255110199e-10  8.295586439999170e-13 
 2.238721138568408e+00  1.000000000000000e+00  0.000000000000000e+00  4.658930850702154e+02 -3.425254165289922e+00 -3.791598146563047e-10  8.385514504993807e-13 
 2.264644307593129e+00  1.000000000000000e+00  0.000000000000000e+00  4.658925015092315e+02 -3.464912421363553e+00 -3.791882363657351e-10  8.482103908136196e-13 
 2.290867652767844e+00  1.000000000000000e+00  0.000000000000000e+00  4.658919043568727e+02 -3.505029746671672e+00 -3.791598146563047e-10  8.578693311278585e-13 
 2.317394649968550e+00  1.000000000000000e+00  0.000000000000000e+00  4.658912932966252e+02 -3.545611451654098e+00 -3.791740255110199e-10  8.679723606519474e-13 
 2.344228815319995e+00  1.000000000000000e+00  0.000000000000000e+00  4.658906680046065e+02 -3.586662908055339e+00 -3.790745495280134e-10  8.775202786637237e-13 
 2.371373705661729e+00  1.000000000000000e+00  0.000000000000000e+00  4.658900281493947e+02 -3.628189549627878e+00 -3.790034952544374e-10  8.867351297681125e-13 
 2.398832919019565e+00  1.000000000000000e+00  0.000000000000000e+00  4.658893733918501e+02 -3.670196872843369e+00 -3.791456038015895e-10  8.977263377119016e-13 
 2.426610095082491e+00  1.000000000000000e+00  0.000000000000000e+00  4.658887033849388e+02 -3.712690437611861e+00 -3.789892843997222e-10  9.071632334212154e-13 
 2.454708915685107e+00  1.000000000000000e+00  0.000000000000000e+00  4.658880177735460e+02 -3.755675868009060e+00 -3.790887603827287e-10  9.184875082723920e-13 
 2.483133105295648e+00  1.000000000000000e+00  0.000000000000000e+00  4.658873161942909e+02 -3.799158853011797e+00 -3.791313929468743e-10  9.300338277284936e-13 
 2.511886431509659e+00  1.000000000000000e+00  0.000000000000000e+00  4.658865982753316e+02 -3.843145147241704e+00 -3.790887603827287e-10  9.399148126476575e-13 
 2.540972705549385e+00  1.000000000000000e+00  0.000000000000000e+00  4.658858636361708e+02 -3.887640571717283e+00 -3.791171820921591e-10  9.510170428939091e-13 
 2.570395782768945e+00  1.000000000000000e+00  0.000000000000000e+00  4.658851118874507e+02 -3.932651014614327e+00 -3.791456038015895e-10  9.621192731401607e-13 
 2.600159563165354e+00  1.000000000000000e+00  0.000000000000000e+00  4.658843426307531e+02 -3.978182432034938e+00 -3.792308689298807e-10  9.748868379233500e-13 
 2.630267991895465e+00  1.000000000000000e+00  0.000000000000000e+00  4.658835554583812e+02 -4.024240848785047e+00 -3.790603386732982e-10  9.843237336326638e-13 
 2.660725059798894e+00  1.000000000000000e+00  0.000000000000000e+00  4.658827499531492e+02 -4.070832359160724e+00 -3.791740255110199e-10  9.963141422986155e-13 
 2.691534803927001e+00  1.000000000000000e+00  0.000000000000000e+00  4.658819256881582e+02 -4.117963127743172e+00 -3.791171820921591e-10  1.007638417149792e-12 
 2.722701308077999e+00  1.000000000000000e+00  0.000000000000000e+00  4.658810822265730e+02 -4.165639390202672e+00 -3.791029712374439e-10  1.018740647396044e-12 
 2.754228703338254e+00  1.000000000000000e+00  0.000000000000000e+00  4.658802191213890e+02 -4.213867454111427e+00 -3.791171820921591e-10  1.030731056061995e-12 
 2.786121168629859e+00  1.000000000000000e+00  0.000000000000000e+00  4.658793359151968e+02 -4.262653699765487e+00 -3.790887603827287e-10  1.042943509332872e-12 
 2.818382931264544e+00  1.000000000000000e+00  0.000000000000000e+00  4.658784321399382e+02 -4.312004581015794e+00 -3.791740255110199e-10  1.055600051813599e-12 
 2.851018267504001e+00  1.000000000000000e+00  0.000000000000000e+00  4.658775073166604e+02 -4.361926626108489e+00 -3.791171820921591e-10  1.067146371269700e-12 
 2.884031503126699e+00  1.000000000000000e+00  0.000000000000000e+00  4.658765609552629e+02 -4.412426438534546e+00 -3.791598146563047e-10  1.079580869145502e-12 
 2.917427014001261e+00  1.000000000000000e+00  0.000000000000000e+00  4.658755925542367e+02 -4.463510697888801e+00 -3.790745495280134e-10  1.092015367021304e-12 
 2.951209226666481e+00  1.000000000000000e+00  0.000000000000000e+00  4.658746016003992e+02 -4.515186160738514e+00 -3.792166580751655e-10  1.106004177131581e-12 
 2.985382618918056e+00  1.000000000000000e+00  0.000000000000000e+00  4.658735875686233e+02 -4.567459661501553e+00 -3.791313929468743e-10  1.117106407377833e-12 
 3.019951720402114e+00  1.000000000000000e+00  0.000000000000000e+00  4.658725499215590e+02 -4.620338113334288e+00 -3.790887603827287e-10  1.131095217488109e-12 
 3.054921113215613e+00  1.000000000000000e+00  0.000000000000000e+00  4.658714881093506e+02 -4.673828509029258e+00 -3.791171820921591e-10  1.143973804573761e-12 
 3.090295432513691e+00  1.000000000000000e+00  0.000000000000000e+00  4.658704015693432e+02 -4.727937921922766e+00 -3.792024472204503e-10  1.157296480869263e-12 
 3.126079367124057e+00  1.000000000000000e+00  0.000000000000000e+00  4.658692897257879e+02 -4.782673506812490e+00 -3.791882363657351e-10  1.171285290979540e-12 
 3.162277660168483e+00  1.000000000000000e+00  0.000000000000000e+00  4.658681519895343e+02 -4.838042500885118e+00 -3.791171820921591e-10  1.184385922670117e-12 
 3.198895109691503e+00  1.000000000000000e+00  0.000000000000000e+00  4.658669877577225e+02 -4.894052224654287e+00 -3.790603386732982e-10  1.197264509755769e-12 
 3.235936569296389e+00  1.000000000000000e+00  0.000000000000000e+00  4.658657964134607e+02 -4.950710082908712e+00 -3.790887603827287e-10  1.211697409075896e-12 
 3.273406948788490e+00  1.000000000000000e+00  0.000000000000000e+00  4.658645773255021e+02 -5.008023565670770e+00 -3.790887603827287e-10  1.225464174581248e-12 
 3.311311214826020e+00  1.000000000000000e+00  0.000000000000000e+00  4.658633298479083e+02 -5.066000249165548e+00 -3.791456038015895e-10  1.240563207716150e-12 
 3.349654391578388e+00  1.000000000000000e+00  0.000000000000000e+00  4.658620533197086e+02 -5.124647796800494e+00 -3.791313929468743e-10  1.253885884011652e-12 
 3.388441561392138e+00  1.000000000000000e+00  0.000000000000000e+00  4.658607470645526e+02 -5.183973960155772e+00 -3.792308689298807e-10  1.268984917146554e-12 
 3.427677865464617e+00  1.000000000000000e+00  0.000000000000000e+00  4.658594103903499e+02 -5.243986579985393e+00 -3.792166580751655e-10  1.284528039491306e-12 
 3.467368504525432e+00  1.000000000000000e+00  0.000000000000000e+00  4.658580425889047e+02 -5.304693587229248e+00 -3.792024472204503e-10  1.298960938811433e-12 
 3.507518739525797e+00  1.000000000000000e+00  0.000000000000000e+00  4.658566429355433e+02 -5.366103004036141e+00 -3.791882363657351e-10  1.313837927341410e-12 
 3.548133892335873e+00  1.000000000000000e+00  0.000000000000000e+00  4.658552106887289e+02 -5.428222944797923e+00 -3.791598146563047e-10  1.328714915871387e-12 
 3.589219346450172e+00  1.000000000000000e+00  0.000000000000000e+00  4.658537450896703e+02 -5.491061617194818e+00 -3.791456038015895e-10  1.343591904401364e-12 
 3.630780547701135e+00  1.000000000000000e+00  0.000000000000000e+00  4.658522453619216e+02 -5.554627323252072e+00 -3.791882363657351e-10  1.361133428190442e-12 
 3.672823004980970e+00  1.000000000000000e+00  0.000000000000000e+00  4.658507107109709e+02 -5.618928460407991e+00 -3.792308689298807e-10  1.375344282905644e-12 
 3.715352290971850e+00  1.000000000000000e+00  0.000000000000000e+00  4.658491403238213e+02 -5.683973522593503e+00 -3.792450797845959e-10  1.391997628275021e-12 
 3.758374042884568e+00  1.000000000000000e+00  0.000000000000000e+00  4.658475333685594e+02 -5.749771101323301e+00 -3.792450797845959e-10  1.408428929039474e-12 
 3.801893963205740e+00  1.000000000000000e+00  0.000000000000000e+00  4.658458889939192e+02 -5.816329886798782e+00 -3.792308689298807e-10  1.424416140594076e-12 
 3.845917820453665e+00  1.000000000000000e+00  0.000000000000000e+00  4.658442063288290e+02 -5.883658669022712e+00 -3.792735014940263e-10  1.441513575173303e-12 
 3.890451449942937e+00  1.000000000000000e+00  0.000000000000000e+00  4.658424844819529e+02 -5.951766338925847e+00 -3.791171820921591e-10  1.456612608308205e-12 
 3.935500754557907e+00  1.000000000000000e+00  0.000000000000000e+00  4.658407225412201e+02 -6.020661889505661e+00 -3.793161340581719e-10  1.475264355121908e-12 
 3.981071705535107e+00  1.000000000000000e+00  0.000000000000000e+00  4.658389195733418e+02 -6.090354416977049e+00 -3.792024472204503e-10  1.490807477466660e-12 
 4.027170343254728e+00  1.000000000000000e+00  0.000000000000000e+00  4.658370746233205e+02 -6.160853121935416e+00 -3.792735014940263e-10  1.508793090465588e-12 
 4.073802778041266e+00  1.000000000000000e+00  0.000000000000000e+00  4.658351867139431e+02 -6.232167310532009e+00 -3.791740255110199e-10  1.525446435834965e-12 
 4.120975190973442e+00  1.000000000000000e+00  0.000000000000000e+00  4.658332548452667e+02 -6.304306395661749e+00 -3.792308689298807e-10  1.545652494883143e-12 
 4.168693834703496e+00  1.000000000000000e+00  0.000000000000000e+00  4.658312779940908e+02 -6.377279898163541e+00 -3.790603386732982e-10  1.560529483413120e-12 
 4.216965034285966e+00  1.000000000000000e+00  0.000000000000000e+00  4.658292551134156e+02 -6.451097448033332e+00 -3.792166580751655e-10  1.580291453251448e-12 
 4.265795188016072e+00  1.000000000000000e+00  0.000000000000000e+00  4.658271851318906e+02 -6.525768785649792e+00 -3.790887603827287e-10  1.597610932435600e-12 
 4.315190768277799e+00  1.000000000000000e+00  0.000000000000000e+00  4.658250669532486e+02 -6.601303763012979e+00 -3.791882363657351e-10  1.616484723854228e-12 
 4.365158322401808e+00  1.000000000000000e+00  0.000000000000000e+00  4.658228994557261e+02 -6.677712344995829e+00 -3.793445557676023e-10  1.636468738297481e-12 
 4.415704473533276e+00  1.000000000000000e+00  0.000000000000000e+00  4.658206814914751e+02 -6.755004610608848e+00 -3.791313929468743e-10  1.652677994457008e-12 
 4.466835921509784e+00  1.000000000000000e+00  0.000000000000000e+00  4.658184118859526e+02 -6.833190754277816e+00 -3.791598146563047e-10  1.672884053505186e-12 
 4.518559443749378e+00  1.000000000000000e+00  0.000000000000000e+00  4.658160894373036e+02 -6.912281087134828e+00 -3.791171820921591e-10  1.692423978738589e-12 
 4.570881896148907e+00  1.000000000000000e+00  0.000000000000000e+00  4.658137129157261e+02 -6.992286038322680e+00 -3.791740255110199e-10  1.711519814762141e-12 
 4.623810213992762e+00  1.000000000000000e+00  0.000000000000000e+00  4.658112810628249e+02 -7.073216156312752e+00 -3.791740255110199e-10  1.731281784600469e-12 
 4.677351412872143e+00  1.000000000000000e+00  0.000000000000000e+00  4.658087925909427e+02 -7.155082110236290e+00 -3.793445557676023e-10  1.754152378907747e-12 
 4.731512589614969e+00  1.000000000000000e+00  0.000000000000000e+00  4.658062461824876e+02 -7.237894691229581e+00 -3.793019232034567e-10  1.773692304141150e-12 
 4.786300923226550e+00  1.000000000000000e+00  0.000000000000000e+00  4.658036404892327e+02 -7.321664813792632e+00 -3.791598146563047e-10  1.792122006349928e-12 
 4.841723675841163e+00  1.000000000000000e+00  0.000000000000000e+00  4.658009741316084e+02 -7.406403517161874e+00 -3.792592906393111e-10  1.814104422237506e-12 
 4.897788193684633e+00  1.000000000000000e+00  0.000000000000000e+00  4.657982456979754e+02 -7.492121966696713e+00 -3.791598146563047e-10  1.834088436680759e-12 
 4.954501908048075e+00  1.000000000000000e+00  0.000000000000000e+00  4.657954537438772e+02 -7.578831455280079e+00 -3.792024472204503e-10  1.856292897173262e-12 
 5.011872336272899e+00  1.000000000000000e+00  0.000000000000000e+00  4.657925967912842e+02 -7.666543404733238e+00 -3.791598146563047e-10  1.876054867011590e-12 
 5.069907082747222e+00  1.000000000000000e+00  0.000000000000000e+00  4.657896733278099e+02 -7.755269367244635e+00 -3.792450797845959e-10  1.900479773553343e-12 
 5.128613839913830e+00  1.000000000000000e+00  0.000000000000000e+00  4.657866818059180e+02 -7.845021026813173e+00 -3.792024472204503e-10  1.922462189440921e-12 
 5.188000389289795e+00  1.000000000000000e+00  0.000000000000000e+00  4.657836206421036e+02 -7.935810200705802e+00 -3.792450797845959e-10  1.944444605328499e-12 
 5.248074602497912e+00  1.000000000000000e+00  0.000000000000000e+00  4.657804882160640e+02 -8.027648840929658e+00 -3.791882363657351e-10  1.965982932006227e-12 
 5.308844442310072e+00  1.000000000000000e+00  0.000000000000000e+00  4.657772828698394e+02 -8.120549035718621e+00 -3.793019232034567e-10  1.991296016967681e-12 
 5.370317963702719e+00  1.000000000000000e+00  0.000000000000000e+00  4.657740029069449e+02 -8.214523011034661e+00 -3.791740255110199e-10  2.011280031410934e-12 
 5.432503314924526e+00  1.000000000000000e+00  0.000000000000000e+00  4.657706465914750e+02 -8.309583132083828e+00 -3.792592906393111e-10  2.035704937952687e-12 
 5.495408738576442e+00  1.000000000000000e+00  0.000000000000000e+00  4.657672121471913e+02 -8.405741904847018e+00 -3.792592906393111e-10  2.058797576864890e-12 
 5.559042572704235e+00  1.000000000000000e+00  0.000000000000000e+00  4.657636977565858e+02 -8.503011977625629e+00 -3.790745495280134e-10  2.079225680517993e-12 
 5.623413251903693e+00  1.000000000000000e+00  0.000000000000000e+00  4.657601015599276e+02 -8.601406142602217e+00 -3.790461278185830e-10  2.104982854689297e-12 
 5.688529308438619e+00  1.000000000000000e+00  0.000000000000000e+00  4.657564216542818e+02 -8.700937337416013e+00 -3.791598146563047e-10  2.128075493601500e-12 
 5.754399373371777e+00  1.000000000000000e+00  0.000000000000000e+00  4.657526560925086e+02 -8.801618646753663e+00 -3.791456038015895e-10  2.155609024612204e-12 
 5.821032177708925e+00  1.000000000000000e+00  0.000000000000000e+00  4.657488028822420e+02 -8.903463303955053e+00 -3.791740255110199e-10  2.180033931153957e-12 
 5.888436553556103e+00  1.000000000000000e+00  0.000000000000000e+00  4.657448599848407e+02 -9.006484692634331e+00 -3.791029712374439e-10  2.203126570066161e-12 
 5.956621435290320e+00  1.000000000000000e+00  0.000000000000000e+00  4.657408253143142e+02 -9.110696348316170e+00 -3.791171820921591e-10  2.231104190286715e-12 
 6.025595860743796e+00  1.000000000000000e+00  0.000000000000000e+00  4.657366967362309e+02 -9.216111960087392e+00 -3.790745495280134e-10  2.255085007618618e-12 
 6.095368972401913e+00  1.000000000000000e+00  0.000000000000000e+00  4.657324720665939e+02 -9.322745372263940e+00 -3.791171820921591e-10  2.281730360209622e-12 
 6.165950018615046e+00  1.000000000000000e+00  0.000000000000000e+00  4.657281490706949e+02 -9.430610586073236e+00 -3.791029712374439e-10  2.308819802010476e-12 
 6.237348354824420e+00  1.000000000000000e+00  0.000000000000000e+00  4.657237254619373e+02 -9.539721761351958e+00 -3.791598146563047e-10  2.336797422231029e-12 
 6.309573444802163e+00  1.000000000000000e+00  0.000000000000000e+00  4.657191989006393e+02 -9.650093218259444e+00 -3.791882363657351e-10  2.364330953241733e-12 
 6.382634861905720e+00  1.000000000000000e+00  0.000000000000000e+00  4.657145669928048e+02 -9.761739439006481e+00 -3.791171820921591e-10  2.389199948993337e-12 
 6.456542290346791e+00  1.000000000000000e+00  0.000000000000000e+00  4.657098272888665e+02 -9.874675069599753e+00 -3.791456038015895e-10  2.418065747633591e-12 
 6.531305526474962e+00  1.000000000000000e+00  0.000000000000000e+00  4.657049772823991e+02 -9.988914921601712e+00 -3.791313929468743e-10  2.445599278644295e-12 
 6.606934480076202e+00  1.000000000000000e+00  0.000000000000000e+00  4.657000144088050e+02 -1.010447397390622e+01 -3.791029712374439e-10  2.471356452815598e-12 
 6.683439175686391e+00  1.000000000000000e+00  0.000000000000000e+00  4.656949360439719e+02 -1.022136737452977e+01 -3.791882363657351e-10  2.503774965134653e-12 
 6.760829753920065e+00  1.000000000000000e+00  0.000000000000000e+00  4.656897395028933e+02 -1.033961044241821e+01 -3.790319169638678e-10  2.529976228515807e-12 
 6.839116472814544e+00  1.000000000000000e+00  0.000000000000000e+00  4.656844220382627e+02 -1.045921866926919e+01 -3.791456038015895e-10  2.561950651625011e-12 
 6.918309709189619e+00  1.000000000000000e+00  0.000000000000000e+00  4.656789808390329e+02 -1.058020772137025e+01 -3.791740255110199e-10  2.591260539475115e-12 
 6.998419960022992e+00  1.000000000000000e+00  0.000000000000000e+00  4.656734130289454e+02 -1.070259344145244e+01 -3.791313929468743e-10  2.620126338115369e-12 
 7.079457843841640e+00  1.000000000000000e+00  0.000000000000000e+00  4.656677156650204e+02 -1.082639185055952e+01 -3.791740255110199e-10  2.653433028854124e-12 
 7.161434102129284e+00  1.000000000000000e+00  0.000000000000000e+00  4.656618857360180e+02 -1.095161914993285e+01 -3.791598146563047e-10  2.682298827494378e-12 
 7.244359600750168e+00  1.000000000000000e+00  0.000000000000000e+00  4.656559201608629e+02 -1.107829172291171e+01 -3.791740255110199e-10  2.712940982974033e-12 
 7.328245331389311e+00  1.000000000000000e+00  0.000000000000000e+00  4.656498157870294e+02 -1.120642613684912e+01 -3.791598146563047e-10  2.744027227663537e-12 
 7.413102413009449e+00  1.000000000000000e+00  0.000000000000000e+00  4.656435693888921e+02 -1.133603914504311e+01 -3.791456038015895e-10  2.775557561562891e-12 
 7.498942093324836e+00  1.000000000000000e+00  0.000000000000000e+00  4.656371776660429e+02 -1.146714768868353e+01 -3.791313929468743e-10  2.807531984672096e-12 
 7.585775750292119e+00  1.000000000000000e+00  0.000000000000000e+00  4.656306372415602e+02 -1.159976889881390e+01 -3.792166580751655e-10  2.839950496991150e-12 
 7.673614893618475e+00  1.000000000000000e+00  0.000000000000000e+00  4.656239446602472e+02 -1.173392009830881e+01 -3.792166580751655e-10  2.875477633779155e-12 
 7.762471166287207e+00  1.000000000000000e+00  0.000000000000000e+00  4.656170963868252e+02 -1.186961880386628e+01 -3.792024472204503e-10  2.907452056888360e-12 
 7.852356346101011e+00  1.000000000000000e+00  0.000000000000000e+00  4.656100888040878e+02 -1.200688272801537e+01 -3.792308689298807e-10  2.940758747627115e-12 
 7.943282347243112e+00  1.000000000000000e+00  0.000000000000000e+00  4.656029182110120e+02 -1.214572978113861e+01 -3.793019232034567e-10  2.977618152044670e-12 
 8.035261221856475e+00  1.000000000000000e+00  0.000000000000000e+00  4.655955808208274e+02 -1.228617807350946e+01 -3.792592906393111e-10  3.012257110412975e-12 
 8.128305161641299e+00  1.000000000000000e+00  0.000000000000000e+00  4.655880727590384e+02 -1.242824591734431e+01 -3.791456038015895e-10  3.042899265892629e-12 
 8.222426499471021e+00  1.000000000000000e+00  0.000000000000000e+00  4.655803900614052e+02 -1.257195182886926e+01 -3.791171820921591e-10  3.079758670310184e-12 
 8.317637711027023e+00  1.000000000000000e+00  0.000000000000000e+00  4.655725286718764e+02 -1.271731453040126e+01 -3.791456038015895e-10  3.115729896308039e-12 
 8.413951416452269e+00  1.000000000000000e+00  0.000000000000000e+00  4.655644844404758e+02 -1.286435295244363e+01 -3.793019232034567e-10  3.156142014404395e-12 
 8.511380382024088e+00  1.000000000000000e+00  0.000000000000000e+00  4.655562531211398e+02 -1.301308623579550e+01 -3.791882363657351e-10  3.187228259093899e-12 
 8.609937521846334e+00  1.000000000000000e+00  0.000000000000000e+00  4.655478303695072e+02 -1.316353373367543e+01 -3.793019232034567e-10  3.226752198770555e-12 
 8.709635899561137e+00  1.000000000000000e+00  0.000000000000000e+00  4.655392117406562e+02 -1.331571501385856e+01 -3.792166580751655e-10  3.262723424768410e-12 
 8.810488730080476e+00  1.000000000000000e+00  0.000000000000000e+00  4.655303926867963e+02 -1.346964986082745e+01 -3.792450797845959e-10  3.301803275235216e-12 
 8.912509381337795e+00  1.000000000000000e+00  0.000000000000000e+00  4.655213685548962e+02 -1.362535827793590e+01 -3.792877123487415e-10  3.339994947282321e-12 
 9.015711376059913e+00  1.000000000000000e+00  0.000000000000000e+00  4.655121345842734e+02 -1.378286048958619e+01 -3.791882363657351e-10  3.375522084070326e-12 
 9.120108393559446e+00  1.000000000000000e+00  0.000000000000000e+00  4.655026859041136e+02 -1.394217694341872e+01 -3.793303449128871e-10  3.418598737425782e-12 
 9.225714271547986e+00  1.000000000000000e+00  0.000000000000000e+00  4.654930175309464e+02 -1.410332831251438e+01 -3.792166580751655e-10  3.455902231053187e-12 
 9.332543007970269e+00  1.000000000000000e+00  0.000000000000000e+00  4.654831243660544e+02 -1.426633549760887e+01 -3.793161340581719e-10  3.498534795198793e-12 
 9.440608762859597e+00  1.000000000000000e+00  0.000000000000000e+00  4.654730011928326e+02 -1.443121962931914e+01 -3.793871883317479e-10  3.539391002504999e-12 
 9.549925860214728e+00  1.000000000000000e+00  0.000000000000000e+00  4.654626426740791e+02 -1.459800207038109e+01 -3.792166580751655e-10  3.578914942181655e-12 
 9.660508789898508e+00  1.000000000000000e+00  0.000000000000000e+00  4.654520433492327e+02 -1.476670441789860e+01 -3.793019232034567e-10  3.621547506327261e-12 
 9.772372209558485e+00  1.000000000000000e+00  0.000000000000000e+00  4.654411976315406e+02 -1.493734850560320e+01 -3.793019232034567e-10  3.662403713633466e-12 
 9.885530946569771e+00  1.000000000000000e+00  0.000000000000000e+00  4.654300998051688e+02 -1.510995640612421e+01 -3.789608626902918e-10  3.697486761211621e-12 
 1.000000000000039e+01  1.000000000000000e+00  0.000000000000000e+00  4.654187440222491e+02 -1.528455043326898e+01 -3.790461278185830e-10  3.740563414567077e-12 
 1.011579454259938e+01  1.000000000000000e+00  0.000000000000000e+00  4.654071242998442e+02 -1.546115314431205e+01 -3.791029712374439e-10  3.784528246342234e-12 
 1.023292992280794e+01  1.000000000000000e+00  0.000000000000000e+00  4.653952345168651e+02 -1.563978734229408e+01 -3.789750735450070e-10  3.827160810487840e-12 
 1.035142166679384e+01  1.000000000000000e+00  0.000000000000000e+00  4.653830684109053e+02 -1.582047607832877e+01 -3.789466518355766e-10  3.869349285423596e-12 
 1.047128548050940e+01  1.000000000000000e+00  0.000000000000000e+00  4.653706195750108e+02 -1.600324265391805e+01 -3.789324409808614e-10  3.915978652457852e-12 
 1.059253725177330e+01  1.000000000000000e+00  0.000000000000000e+00  4.653578814543739e+02 -1.618811062327459e+01 -3.789750735450070e-10  3.959499395023158e-12 
 1.071519305237648e+01  1.000000000000000e+00  0.000000000000000e+00  4.653448473429527e+02 -1.637510379565118e+01 -3.789466518355766e-10  4.005684672847565e-12 
 1.083926914021246e+01  1.000000000000000e+00  0.000000000000000e+00  4.653315103800203e+02 -1.656424623767652e+01 -3.791029712374439e-10  4.058975378029572e-12 
 1.096478196143228e+01  1.000000000000000e+00  0.000000000000000e+00  4.653178635466277e+02 -1.675556227569633e+01 -3.790887603827287e-10  4.104272477434279e-12 
 1.109174815262445e+01  1.000000000000000e+00  0.000000000000000e+00  4.653038996620000e+02 -1.694907649811985e+01 -3.790745495280134e-10  4.149569576838985e-12 
 1.122018454302007e+01  1.000000000000000e+00  0.000000000000000e+00  4.652896113798370e+02 -1.714481375777008e+01 -3.790745495280134e-10  4.198419389922492e-12 
 1.135010815672360e+01  1.000000000000000e+00  0.000000000000000e+00  4.652749911845441e+02 -1.734279917423783e+01 -3.790461278185830e-10  4.248157381425699e-12 
 1.148153621496928e+01  1.000000000000000e+00  0.000000000000000e+00  4.652600313873737e+02 -1.754305813623848e+01 -3.791313929468743e-10  4.298783551348606e-12 
 1.161448613840389e+01  1.000000000000000e+00  0.000000000000000e+00  4.652447241224810e+02 -1.774561630397059e+01 -3.791171820921591e-10  4.345857007592713e-12 
 1.174897554939576e+01  1.000000000000000e+00  0.000000000000000e+00  4.652290613428918e+02 -1.795049961147554e+01 -3.792024472204503e-10  4.401812248033821e-12 
 1.188502227437065e+01  1.000000000000000e+00  0.000000000000000e+00  4.652130348163826e+02 -1.815773426899747e+01 -3.790461278185830e-10  4.449773882697627e-12 
 1.202264434617461e+01  1.000000000000000e+00  0.000000000000000e+00  4.651966361212683e+02 -1.836734676534243e+01 -3.792166580751655e-10  4.503952766299335e-12 
 1.216186000646416e+01  1.000000000000000e+00  0.000000000000000e+00  4.651798566420946e+02 -1.857936387023567e+01 -3.790745495280134e-10  4.553690757802542e-12 
 1.230268770812430e+01  1.000000000000000e+00  0.000000000000000e+00  4.651626875652398e+02 -1.879381263667654e+01 -3.792024472204503e-10  4.608757819823950e-12 
 1.244514611771434e+01  1.000000000000000e+00  0.000000000000000e+00  4.651451198744142e+02 -1.901072040328926e+01 -3.789466518355766e-10  4.653166740808956e-12 
 1.258925411794217e+01  1.000000000000000e+00  0.000000000000000e+00  4.651271443460653e+02 -1.923011479666897e+01 -3.790745495280134e-10  4.709121981250064e-12 
 1.273503081016712e+01  1.000000000000000e+00  0.000000000000000e+00  4.651087515446752e+02 -1.945202373372172e+01 -3.790461278185830e-10  4.763300864851772e-12 
 1.288249551693185e+01  1.000000000000000e+00  0.000000000000000e+00  4.650899318179602e+02 -1.967647542399712e+01 -3.791029712374439e-10  4.820144283712580e-12 
 1.303166778452351e+01  1.000000000000000e+00  0.000000000000000e+00  4.650706752919648e+02 -1.990349837201272e+01 -3.790887603827287e-10  4.876099524153688e-12 
 1.318256738556460e+01  1.000000000000000e+00  0.000000000000000e+00  4.650509718660428e+02 -2.013312137956825e+01 -3.790461278185830e-10  4.933831121434196e-12 
 1.333521432163377e+01  1.000000000000000e+00  0.000000000000000e+00  4.650308112077338e+02 -2.036537354804902e+01 -3.790319169638678e-10  4.989786361875304e-12 
 1.348962882591708e+01  1.000000000000000e+00  0.000000000000000e+00  4.650101827475262e+02 -2.060028428071646e+01 -3.791456038015895e-10  5.051958851254312e-12 
 1.364583136588979e+01  1.000000000000000e+00  0.000000000000000e+00  4.649890756735023e+02 -2.083788328498469e+01 -3.791313929468743e-10  5.112354983793921e-12 
 1.380384264602940e+01  1.000000000000000e+00  0.000000000000000e+00  4.649674789258727e+02 -2.107820057468156e+01 -3.791598146563047e-10  5.169198402654729e-12 
 1.396368361055994e+01  1.000000000000000e+00  0.000000000000000e+00  4.649453811913855e+02 -2.132126647229224e+01 -3.790177061091526e-10  5.221600929417036e-12 
 1.412537544622811e+01  1.000000000000000e+00  0.000000000000000e+00  4.649227708976214e+02 -2.156711161118424e+01 -3.791598146563047e-10  5.288214310894546e-12 
 1.428893958511160e+01  1.000000000000000e+00  0.000000000000000e+00  4.648996362071541e+02 -2.181576693781140e+01 -3.790319169638678e-10  5.342393194496253e-12 
 1.445439770745986e+01  1.000000000000000e+00  0.000000000000000e+00  4.648759650115941e+02 -2.206726371389567e+01 -3.790887603827287e-10  5.409894754393463e-12 
 1.462177174456777e+01  1.000000000000000e+00  0.000000000000000e+00  4.648517449255011e+02 -2.232163351858475e+01 -3.790603386732982e-10  5.471179065352771e-12 
 1.479108388168267e+01  1.000000000000000e+00  0.000000000000000e+00  4.648269632801624e+02 -2.257890825058293e+01 -3.791171820921591e-10  5.534239733151480e-12 
 1.496235656094494e+01  1.000000000000000e+00  0.000000000000000e+00  4.648016071172369e+02 -2.283912013025401e+01 -3.792024472204503e-10  5.605294006727490e-12 
 1.513561248436270e+01  1.000000000000000e+00  0.000000000000000e+00  4.647756631822689e+02 -2.310230170169378e+01 -3.791456038015895e-10  5.663913782427699e-12 
 1.531087461682092e+01  1.000000000000000e+00  0.000000000000000e+00  4.647491179180540e+02 -2.336848583476964e+01 -3.791740255110199e-10  5.734079877584008e-12 
 1.548816618912544e+01  1.000000000000000e+00  0.000000000000000e+00  4.647219574578693e+02 -2.363770572712546e+01 -3.790887603827287e-10  5.797140545382717e-12 
 1.566751070108213e+01  1.000000000000000e+00  0.000000000000000e+00  4.646941676185563e+02 -2.390999490614914e+01 -3.792592906393111e-10  5.868194818958727e-12 
 1.584893192461178e+01  1.000000000000000e+00  0.000000000000000e+00  4.646657338934565e+02 -2.418538723090035e+01 -3.791456038015895e-10  5.932143665177136e-12 
 1.603245390690107e+01  1.000000000000000e+00  0.000000000000000e+00  4.646366414451975e+02 -2.446391689399604e+01 -3.792024472204503e-10  6.002309760333446e-12 
 1.621810097358996e+01  1.000000000000000e+00  0.000000000000000e+00  4.646068750983214e+02 -2.474561842345073e+01 -3.791313929468743e-10  6.071587677070056e-12 
 1.640589773199606e+01  1.000000000000000e+00  0.000000000000000e+00  4.645764193317693e+02 -2.503052668446967e+01 -3.790887603827287e-10  6.143530129065766e-12 
 1.659586907437629e+01  1.000000000000000e+00  0.000000000000000e+00  4.645452582711907e+02 -2.531867688119067e+01 -3.788045432884246e-10  6.200373547926574e-12 
 1.678804018122629e+01  1.000000000000000e+00  0.000000000000000e+00  4.645133756811055e+02 -2.561010455837289e+01 -3.789324409808614e-10  6.273204178341985e-12 
 1.698243652461814e+01  1.000000000000000e+00  0.000000000000000e+00  4.644807549568884e+02 -2.590484560302877e+01 -3.789892843997222e-10  6.350475700855895e-12 
 1.717908387157659e+01  1.000000000000000e+00  0.000000000000000e+00  4.644473791165964e+02 -2.620293624599614e+01 -3.789466518355766e-10  6.420641796012205e-12 
 1.737800828749447e+01  1.000000000000000e+00  0.000000000000000e+00  4.644132307926188e+02 -2.650441306344734e+01 -3.789892843997222e-10  6.497913318526116e-12 
 1.757923613958765e+01  1.000000000000000e+00  0.000000000000000e+00  4.643782922231559e+02 -2.680931297833157e+01 -3.790177061091526e-10  6.576073019459727e-12 
 1.778279410038996e+01  1.000000000000000e+00  0.000000000000000e+00  4.643425452435183e+02 -2.711767326174726e+01 -3.788898084167158e-10  6.642686400937237e-12 
 1.798870915128862e+01  1.000000000000000e+00  0.000000000000000e+00  4.643059712772504e+02 -2.742953153424054e+01 -3.787903324337094e-10  6.714628852932947e-12 
 1.819700858610059e+01  1.000000000000000e+00  0.000000000000000e+00  4.642685513270637e+02 -2.774492576702608e+01 -3.789040192714310e-10  6.799893981224159e-12 
 1.840772001469032e+01  1.000000000000000e+00  0.000000000000000e+00  4.642302659655902e+02 -2.806389428312632e+01 -3.788755975620006e-10  6.877165503738070e-12 
 1.862087136662944e+01  1.000000000000000e+00  0.000000000000000e+00  4.641910953259400e+02 -2.838647575842486e+01 -3.789608626902918e-10  6.960654275189881e-12 
 1.883649089489878e+01  1.000000000000000e+00  0.000000000000000e+00  4.641510190920725e+02 -2.871270922263039e+01 -3.789040192714310e-10  7.037037619284092e-12 
 1.905460717963326e+01  1.000000000000000e+00  0.000000000000000e+00  4.641100164889645e+02 -2.904263406014557e+01 -3.788898084167158e-10  7.119638212316204e-12 
 1.927524913191016e+01  1.000000000000000e+00  0.000000000000000e+00  4.640680662725833e+02 -2.937629001083752e+01 -3.790461278185830e-10  7.209344232705917e-12 
 1.949844599758126e+01  1.000000000000000e+00  0.000000000000000e+00  4.640251467196535e+02 -2.971371717070436e+01 -3.790461278185830e-10  7.293721182577428e-12 
 1.972422736114936e+01  1.000000000000000e+00  0.000000000000000e+00  4.639812356172197e+02 -3.005495599243347e+01 -3.791456038015895e-10  7.378986310868640e-12 
 1.995262314968963e+01  1.000000000000000e+00  0.000000000000000e+00  4.639363102519991e+02 -3.040004728584620e+01 -3.788329649978550e-10  7.451816941284051e-12 
 2.018366363681645e+01  1.000000000000000e+00  0.000000000000000e+00  4.638903473995226e+02 -3.074903221822358e+01 -3.791313929468743e-10  7.561062886907166e-12 
 2.041737944669615e+01  1.000000000000000e+00  0.000000000000000e+00  4.638433233130545e+02 -3.110195231450799e+01 -3.790461278185830e-10  7.638334409421077e-12 
 2.065380155810616e+01  1.000000000000000e+00  0.000000000000000e+00  4.637952137122969e+02 -3.145884945737501e+01 -3.791029712374439e-10  7.727152251391090e-12 
 2.089296130854127e+01  1.000000000000000e+00  0.000000000000000e+00  4.637459937718717e+02 -3.181976588716986e+01 -3.789608626902918e-10  7.813305558102002e-12 
 2.113489039836736e+01  1.000000000000000e+00  0.000000000000000e+00  4.636956381095698e+02 -3.218474420170189e+01 -3.787192781601334e-10  7.888800723776512e-12 
 2.137962089502322e+01  1.000000000000000e+00  0.000000000000000e+00  4.636441207743828e+02 -3.255382735589208e+01 -3.786766455959878e-10  7.974065852067724e-12 
 2.162718523727112e+01  1.000000000000000e+00  0.000000000000000e+00  4.635914152342845e+02 -3.292705866126558e+01 -3.786908564507030e-10  8.066436407716537e-12 
 2.187761623949645e+01  1.000000000000000e+00  0.000000000000000e+00  4.635374943637883e+02 -3.330448178528388e+01 -3.787334890148486e-10  8.167688747562352e-12 
 2.213094709605732e+01  1.000000000000000e+00  0.000000000000000e+00  4.634823304312632e+02 -3.368614075050995e+01 -3.788613867072854e-10  8.263612016889965e-12 
 2.238721138568435e+01  1.000000000000000e+00  0.000000000000000e+00  4.634258950860007e+02 -3.407207993359785e+01 -3.788329649978550e-10  8.357758929378178e-12 
 2.264644307593156e+01  1.000000000000000e+00  0.000000000000000e+00  4.633681593450420e+02 -3.446234406410136e+01 -3.789324409808614e-10  8.464340339742193e-12 
 2.290867652767870e+01  1.000000000000000e+00  0.000000000000000e+00  4.633090935797499e+02 -3.485697822309261e+01 -3.788898084167158e-10  8.560263609069807e-12 
 2.317394649968577e+01  1.000000000000000e+00  0.000000000000000e+00  4.632486675021313e+02 -3.525602784158389e+01 -3.788471758525702e-10  8.654410521558020e-12 
 2.344228815320022e+01  1.000000000000000e+00  0.000000000000000e+00  4.631868501509002e+02 -3.565953869874419e+01 -3.789466518355766e-10  8.755662861403835e-12 
 2.371373705661756e+01  1.000000000000000e+00  0.000000000000000e+00  4.631236098772836e+02 -3.606755691990227e+01 -3.787761215789942e-10  8.853362487570848e-12 
 2.398832919019593e+01  1.000000000000000e+00  0.000000000000000e+00  4.630589143305667e+02 -3.648012897432810e+01 -3.788471758525702e-10  8.961720254774264e-12 
 2.426610095082519e+01  1.000000000000000e+00  0.000000000000000e+00  4.629927304433637e+02 -3.689730167278276e+01 -3.787619107242790e-10  9.057643524101877e-12 
 2.454708915685136e+01  1.000000000000000e+00  0.000000000000000e+00  4.629250244166336e+02 -3.731912216482948e+01 -3.789750735450070e-10  9.180212146020494e-12 
 2.483133105295677e+01  1.000000000000000e+00  0.000000000000000e+00  4.628557617044091e+02 -3.774563793589442e+01 -3.786766455959878e-10  9.256595490114705e-12 
 2.511886431509688e+01  1.000000000000000e+00  0.000000000000000e+00  4.627849069982689e+02 -3.817689680406976e+01 -3.786766455959878e-10  9.366729614157521e-12 
 2.540972705549414e+01  1.000000000000000e+00  0.000000000000000e+00  4.627124242115116e+02 -3.861294691664635e+01 -3.785913804676966e-10  9.469758310842735e-12 
 2.570395782768975e+01  1.000000000000000e+00  0.000000000000000e+00  4.626382764630693e+02 -3.905383674636877e+01 -3.786624347412726e-10  9.585221505403752e-12 
 2.600159563165384e+01  1.000000000000000e+00  0.000000000000000e+00  4.625624260611261e+02 -3.949961508739956e+01 -3.787476998695638e-10  9.709566484161769e-12 
 2.630267991895496e+01  1.000000000000000e+00  0.000000000000000e+00  4.624848344864580e+02 -3.995033105098344e+01 -3.786624347412726e-10  9.807266110328783e-12 
 2.660725059798925e+01  1.000000000000000e+00  0.000000000000000e+00  4.624054623754849e+02 -4.040603406079942e+01 -3.788187541431398e-10  9.933387445926201e-12 
 2.691534803927033e+01  1.000000000000000e+00  0.000000000000000e+00  4.623242695030283e+02 -4.086677384798935e+01 -3.787619107242790e-10  1.003819249945082e-11 
 2.722701308078031e+01  1.000000000000000e+00  0.000000000000000e+00  4.622412147647849e+02 -4.133260044585134e+01 -3.787903324337094e-10  1.016431383504823e-11 
 2.754228703338287e+01  1.000000000000000e+00  0.000000000000000e+00  4.621562561594998e+02 -4.180356418418518e+01 -3.788613867072854e-10  1.028332974328805e-11 
 2.786121168629892e+01  1.000000000000000e+00  0.000000000000000e+00  4.620693507708534e+02 -4.227971568327807e+01 -3.787761215789942e-10  1.039524022417027e-11 
 2.818382931264577e+01  1.000000000000000e+00  0.000000000000000e+00  4.619804547490386e+02 -4.276110584751623e+01 -3.784350610658294e-10  1.048405806614028e-11 
 2.851018267504034e+01  1.000000000000000e+00  0.000000000000000e+00  4.618895232920575e+02 -4.324778585861105e+01 -3.784350610658294e-10  1.061728482909530e-11 
 2.884031503126733e+01  1.000000000000000e+00  0.000000000000000e+00  4.617965106266987e+02 -4.373980716842318e+01 -3.785345370488358e-10  1.074873523521092e-11 
 2.917427014001295e+01  1.000000000000000e+00  0.000000000000000e+00  4.617013699892293e+02 -4.423722149137346e+01 -3.785345370488358e-10  1.086242207293253e-11 
 2.951209226666516e+01  1.000000000000000e+00  0.000000000000000e+00  4.616040536057832e+02 -4.474008079642429e+01 -3.785771696129814e-10  1.099209612220875e-11 
 2.985382618918092e+01  1.000000000000000e+00  0.000000000000000e+00  4.615045126724417e+02 -4.524843729861673e+01 -3.785345370488358e-10  1.111999381464557e-11 
 3.019951720402150e+01  1.000000000000000e+00  0.000000000000000e+00  4.614026973350230e+02 -4.576234345014863e+01 -3.787192781601334e-10  1.126920778915519e-11 
 3.054921113215649e+01  1.000000000000000e+00  0.000000000000000e+00  4.612985566685555e+02 -4.628185193097669e+01 -3.785629587582662e-10  1.137934191319800e-11 
 3.090295432513728e+01  1.000000000000000e+00  0.000000000000000e+00  4.611920386564689e+02 -4.680701563892860e+01 -3.787192781601334e-10  1.151967410351062e-11 
 3.126079367124094e+01  1.000000000000000e+00  0.000000000000000e+00  4.610830901694619e+02 -4.733788767930530e+01 -3.784492719205446e-10  1.162980822755344e-11 
 3.162277660168520e+01  1.000000000000000e+00  0.000000000000000e+00  4.609716569440981e+02 -4.787452135396001e+01 -3.784350610658294e-10  1.176303499050846e-11 
 3.198895109691541e+01  1.000000000000000e+00  0.000000000000000e+00  4.608576835610735e+02 -4.841697014983278e+01 -3.783497959375381e-10  1.189093268294528e-11 
 3.235936569296427e+01  1.000000000000000e+00  0.000000000000000e+00  4.607411134232113e+02 -4.896528772692596e+01 -3.784350610658294e-10  1.204369937113370e-11 
 3.273406948788529e+01  1.000000000000000e+00  0.000000000000000e+00  4.606218887331534e+02 -4.951952790569976e+01 -3.785771696129814e-10  1.218225520460692e-11 
 3.311311214826060e+01  1.000000000000000e+00  0.000000000000000e+00  4.604999504707561e+02 -5.007974465386988e+01 -3.785203261941206e-10  1.232791646543774e-11 
 3.349654391578427e+01  1.000000000000000e+00  0.000000000000000e+00  4.603752383702067e+02 -5.064599207258851e+01 -3.785913804676966e-10  1.247357772626856e-11 
 3.388441561392178e+01  1.000000000000000e+00  0.000000000000000e+00  4.602476908968423e+02 -5.121832438198692e+01 -3.782361090998165e-10  1.258548820715077e-11 
 3.427677865464658e+01  1.000000000000000e+00  0.000000000000000e+00  4.601172452237071e+02 -5.179679590606247e+01 -3.782218982451013e-10  1.273825489533920e-11 
 3.467368504525474e+01  1.000000000000000e+00  0.000000000000000e+00  4.599838372078081e+02 -5.238146105688536e+01 -3.782787416639621e-10  1.288569251300942e-11 
 3.507518739525840e+01  1.000000000000000e+00  0.000000000000000e+00  4.598474013661158e+02 -5.297237431810692e+01 -3.784492719205446e-10  1.304911734223424e-11 
 3.548133892335916e+01  1.000000000000000e+00  0.000000000000000e+00  4.597078708512949e+02 -5.356959022774647e+01 -3.783497959375381e-10  1.319122588938626e-11 
 3.589219346450216e+01  1.000000000000000e+00  0.000000000000000e+00  4.595651774271746e+02 -5.417316336023497e+01 -3.783640067922533e-10  1.334221622073528e-11 
 3.630780547701179e+01  1.000000000000000e+00  0.000000000000000e+00  4.594192514439621e+02 -5.478314830769109e+01 -3.780797896979493e-10  1.346833755633270e-11 
 3.672823004981014e+01  1.000000000000000e+00  0.000000000000000e+00  4.592700218132228e+02 -5.539959966041022e+01 -3.781082114073797e-10  1.362643331503932e-11 
 3.715352290971895e+01  1.000000000000000e+00  0.000000000000000e+00  4.591174159825987e+02 -5.602257198653645e+01 -3.781224222620949e-10  1.379341085794294e-11 
 3.758374042884613e+01  1.000000000000000e+00  0.000000000000000e+00  4.589613599103277e+02 -5.665211981090103e+01 -3.781224222620949e-10  1.395150661664957e-11 
 3.801893963205786e+01  1.000000000000000e+00  0.000000000000000e+00  4.588017780395221e+02 -5.728829759299629e+01 -3.782787416639621e-10  1.412381323007139e-11 
 3.845917820453712e+01  1.000000000000000e+00  0.000000000000000e+00  4.586385932722473e+02 -5.793115970406227e+01 -3.780371571338037e-10  1.425881634986581e-11 
 3.890451449942984e+01  1.000000000000000e+00  0.000000000000000e+00  4.584717269434070e+02 -5.858076040326199e+01 -3.780371571338037e-10  1.443112296328763e-11 
 3.935500754557955e+01  1.000000000000000e+00  0.000000000000000e+00  4.583010987944326e+02 -5.923715381291525e+01 -3.779234702960821e-10  1.457145515360025e-11 
 3.981071705535155e+01  1.000000000000000e+00  0.000000000000000e+00  4.581266269468122e+02 -5.990039389276824e+01 -3.781792656809557e-10  1.478106526064948e-11 
 4.027170343254776e+01  1.000000000000000e+00  0.000000000000000e+00  4.579482278754529e+02 -6.057053441326963e+01 -3.781650548262405e-10  1.494449008987431e-11 
 4.073802778041315e+01  1.000000000000000e+00  0.000000000000000e+00  4.577658163819077e+02 -6.124762892782633e+01 -3.778239943130757e-10  1.507949320966873e-11 
 4.120975190973492e+01  1.000000000000000e+00  0.000000000000000e+00  4.575793055674770e+02 -6.193173074401190e+01 -3.778382051677909e-10  1.524647075257235e-11 
 4.168693834703546e+01  1.000000000000000e+00  0.000000000000000e+00  4.573886068061873e+02 -6.262289289369562e+01 -3.779376811507973e-10  1.544719907542458e-11 
 4.216965034286017e+01  1.000000000000000e+00  0.000000000000000e+00  4.571936297176974e+02 -6.332116810206904e+01 -3.780087354243733e-10  1.563194018672220e-11 
 4.265795188016124e+01  1.000000000000000e+00  0.000000000000000e+00  4.569942821401189e+02 -6.402660875553525e+01 -3.777103074753541e-10  1.577404873387422e-11 
 4.315190768277852e+01  1.000000000000000e+00  0.000000000000000e+00  4.567904701027987e+02 -6.473926686843586e+01 -3.776960966206389e-10  1.595523713149305e-11 
 4.365158322401862e+01  1.000000000000000e+00  0.000000000000000e+00  4.565820977990611e+02 -6.545919404858188e+01 -3.778239943130757e-10  1.615418909750588e-11 
 4.415704473533330e+01  1.000000000000000e+00  0.000000000000000e+00  4.563690675589517e+02 -6.618644146156082e+01 -3.779092594413669e-10  1.635669377719751e-11 
 4.466835921509839e+01  1.000000000000000e+00  0.000000000000000e+00  4.561512798219981e+02 -6.692105979378812e+01 -3.776534640564932e-10  1.650235503802833e-11 
 4.518559443749434e+01  1.000000000000000e+00  0.000000000000000e+00  4.559286331100260e+02 -6.766309921427376e+01 -3.774829337999108e-10  1.668354343564715e-11 
 4.570881896148964e+01  1.000000000000000e+00  0.000000000000000e+00  4.557010240000319e+02 -6.841260933506939e+01 -3.776534640564932e-10  1.689315354269638e-11 
 4.623810213992819e+01  1.000000000000000e+00  0.000000000000000e+00  4.554683470971707e+02 -6.916963917036792e+01 -3.778239943130757e-10  1.710276364974561e-11 
 4.677351412872201e+01  1.000000000000000e+00  0.000000000000000e+00  4.552304950078766e+02 -6.993423709422312e+01 -3.774687229451956e-10  1.725197762425523e-11 
 4.731512589615027e+01  1.000000000000000e+00  0.000000000000000e+00  4.549873583131509e+02 -7.070645079685721e+01 -3.775255663640564e-10  1.745803501762566e-11 
 4.786300923226609e+01  1.000000000000000e+00  0.000000000000000e+00  4.547388255420387e+02 -7.148632723952288e+01 -3.775539880734868e-10  1.765698698363849e-11 
 4.841723675841222e+01  1.000000000000000e+00  0.000000000000000e+00  4.544847831453582e+02 -7.227391260789142e+01 -3.773408252527588e-10  1.784528080861492e-11 
 4.897788193684693e+01  1.000000000000000e+00  0.000000000000000e+00  4.542251154697009e+02 -7.306925226393315e+01 -3.774403012357652e-10  1.805844362934295e-11 
 4.954501908048136e+01  1.000000000000000e+00  0.000000000000000e+00  4.539597047317344e+02 -7.387239069625605e+01 -3.775397772187716e-10  1.828581730478618e-11 
 5.011872336272960e+01  1.000000000000000e+00  0.000000000000000e+00  4.536884309928698e+02 -7.468337146887401e+01 -3.772839818338980e-10  1.847055841608380e-11 
 5.069907082747284e+01  1.000000000000000e+00  0.000000000000000e+00  4.534111721343426e+02 -7.550223716837429e+01 -3.772555601244676e-10  1.868016852313303e-11 
 5.128613839913892e+01  1.000000000000000e+00  0.000000000000000e+00  4.531278038327056e+02 -7.632902934944444e+01 -3.773266143980436e-10  1.890043677121866e-11 
 5.188000389289858e+01  1.000000000000000e+00  0.000000000000000e+00  4.528381995358494e+02 -7.716378847873918e+01 -3.771845058508916e-10  1.908162516883749e-11 
 5.248074602497976e+01  1.000000000000000e+00  0.000000000000000e+00  4.525422304395485e+02 -7.800655387704727e+01 -3.771134515773156e-10  1.929834070324432e-11 
 5.308844442310136e+01  1.000000000000000e+00  0.000000000000000e+00  4.522397654646059e+02 -7.885736365973068e+01 -3.773124035433284e-10  1.954703066076036e-11 
 5.370317963702784e+01  1.000000000000000e+00  0.000000000000000e+00  4.519306712346486e+02 -7.971625467540770e+01 -3.769855538848788e-10  1.973532448573678e-11 
 5.432503314924592e+01  1.000000000000000e+00  0.000000000000000e+00  4.516148120546461e+02 -8.058326244285040e+01 -3.771418732867460e-10  1.998046172957402e-11 
 5.495408738576509e+01  1.000000000000000e+00  0.000000000000000e+00  4.512920498901649e+02 -8.145842108606220e+01 -3.772413492697524e-10  2.022915168709005e-11 
 5.559042572704302e+01  1.000000000000000e+00  0.000000000000000e+00  4.509622443474879e+02 -8.234176326751736e+01 -3.769002887565875e-10  2.039612922999368e-11 
 5.623413251903760e+01  1.000000000000000e+00  0.000000000000000e+00  4.506252526546110e+02 -8.323332011952706e+01 -3.769855538848788e-10  2.065547732854611e-11 
 5.688529308438687e+01  1.000000000000000e+00  0.000000000000000e+00  4.502809296431959e+02 -8.413312117370796e+01 -3.768150236282963e-10  2.087219286295294e-11 
 5.754399373371846e+01  1.000000000000000e+00  0.000000000000000e+00  4.499291277315806e+02 -8.504119428853352e+01 -3.768718670471571e-10  2.110667196575378e-11 
 5.821032177708994e+01  1.000000000000000e+00  0.000000000000000e+00  4.495696969088581e+02 -8.595756557493350e+01 -3.766160716622835e-10  2.131628207280301e-11 
 5.888436553556173e+01  1.000000000000000e+00  0.000000000000000e+00  4.492024847201808e+02 -8.688225931993301e+01 -3.767723910641507e-10  2.158273559871304e-11 
 5.956621435290392e+01  1.000000000000000e+00  0.000000000000000e+00  4.488273362532786e+02 -8.781529790829595e+01 -3.765734390981379e-10  2.182432012887148e-11 
 6.025595860743869e+01  1.000000000000000e+00  0.000000000000000e+00  4.484440941263586e+02 -8.875670174216602e+01 -3.765308065339923e-10  2.204814109063591e-11 
 6.095368972401987e+01  1.000000000000000e+00  0.000000000000000e+00  4.480525984774017e+02 -8.970648915867827e+01 -3.763886979868403e-10  2.226840933872154e-11 
 6.165950018615121e+01  1.000000000000000e+00  0.000000000000000e+00  4.476526869549875e+02 -9.066467634553146e+01 -3.764881739698467e-10  2.255617914670438e-11 
 6.237348354824496e+01  1.000000000000000e+00  0.000000000000000e+00  4.472441947107125e+02 -9.163127725450394e+01 -3.762323785849730e-10  2.275513111271721e-11 
 6.309573444802240e+01  1.000000000000000e+00  0.000000000000000e+00  4.468269543933173e+02 -9.260630351290536e+01 -3.763318545679795e-10  2.303934820702125e-11 
 6.382634861905798e+01  1.000000000000000e+00  0.000000000000000e+00  4.464007961445925e+02 -9.358976433295086e+01 -3.761471134566818e-10  2.327382730982208e-11 
 6.456542290346870e+01  1.000000000000000e+00  0.000000000000000e+00  4.459655475971907e+02 -9.458166641905595e+01 -3.760476374736754e-10  2.351541183998052e-11 
 6.531305526475043e+01  1.000000000000000e+00  0.000000000000000e+00  4.455210338744224e+02 -9.558201387304447e+01 -3.760476374736754e-10  2.379607622060576e-11 
 6.606934480076283e+01  1.000000000000000e+00  0.000000000000000e+00  4.450670775921621e+02 -9.659080809727212e+01 -3.758913180718082e-10  2.403410803708539e-11 
 6.683439175686473e+01  1.000000000000000e+00  0.000000000000000e+00  4.446034988629611e+02 -9.760804769566701e+01 -3.759197397812386e-10  2.433608869978343e-11 
 6.760829753920149e+01  1.000000000000000e+00  0.000000000000000e+00  4.441301153024824e+02 -9.863372837269269e+01 -3.759339506359538e-10  2.459898951201467e-11 
 6.839116472814628e+01  1.000000000000000e+00  0.000000000000000e+00  4.436467420383728e+02 -9.966784283024415e+01 -3.755928901227890e-10  2.481215233274270e-11 
 6.918309709189704e+01  1.000000000000000e+00  0.000000000000000e+00  4.431531917216963e+02 -1.007103806624907e+02 -3.756781552510802e-10  2.513189656383474e-11 
 6.998419960023078e+01  1.000000000000000e+00  0.000000000000000e+00  4.426492745410346e+02 -1.017613282486815e+02 -3.756639443963650e-10  2.541611365813878e-11 
 7.079457843841726e+01  1.000000000000000e+00  0.000000000000000e+00  4.421347982394008e+02 -1.028206686439383e+02 -3.754223598662065e-10  2.566125090197602e-11 
 7.161434102129371e+01  1.000000000000000e+00  0.000000000000000e+00  4.416095681340744e+02 -1.038883814680592e+02 -3.754081490114913e-10  2.594902070995886e-11 
 7.244359600750256e+01  1.000000000000000e+00  0.000000000000000e+00  4.410733871394953e+02 -1.049644427923664e+02 -3.753370947379153e-10  2.622257966322650e-11 
 7.328245331389401e+01  1.000000000000000e+00  0.000000000000000e+00  4.405260557933565e+02 -1.060488250246352e+02 -3.752660404643393e-10  2.652100761224574e-11 
 7.413102413009540e+01  1.000000000000000e+00  0.000000000000000e+00  4.399673722860175e+02 -1.071414967921420e+02 -3.752518296096241e-10  2.682298827494378e-11 
 7.498942093324928e+01  1.000000000000000e+00  0.000000000000000e+00  4.393971324933852e+02 -1.082424228228848e+02 -3.750528776436113e-10  2.709299451453262e-11 
 7.585775750292213e+01  1.000000000000000e+00  0.000000000000000e+00  4.388151300134082e+02 -1.093515638250242e+02 -3.748965582417441e-10  2.736655346780026e-11 
 7.673614893618569e+01  1.000000000000000e+00  0.000000000000000e+00  4.382211562063114e+02 -1.104688763646075e+02 -3.747970822587376e-10  2.765787598946190e-11 
 7.762471166287301e+01  1.000000000000000e+00  0.000000000000000e+00  4.376150002387328e+02 -1.115943127416400e+02 -3.749249799511745e-10  2.799893650262675e-11 
 7.852356346101107e+01  1.000000000000000e+00  0.000000000000000e+00  4.369964491318946e+02 -1.127278208645770e+02 -3.746976062757312e-10  2.829025902428839e-11 
 7.943282347243209e+01  1.000000000000000e+00  0.000000000000000e+00  4.363652878139844e+02 -1.138693441233210e+02 -3.746265520021552e-10  2.856737069123483e-11 
 8.035261221856572e+01  1.000000000000000e+00  0.000000000000000e+00  4.357212991768547e+02 -1.150188212607997e+02 -3.746549737115856e-10  2.891198391807848e-11 
 8.128305161641397e+01  1.000000000000000e+00  0.000000000000000e+00  4.350642641372315e+02 -1.161761862432332e+02 -3.743991783267120e-10  2.918199015766731e-11 
 8.222426499471122e+01  1.000000000000000e+00  0.000000000000000e+00  4.343939617025734e+02 -1.173413681291856e+02 -3.743707566172816e-10  2.951239252979576e-11 
 8.317637711027126e+01  1.000000000000000e+00  0.000000000000000e+00  4.337101690417222e+02 -1.185142909375130e+02 -3.741718046512688e-10  2.981082047881500e-11 
 8.413951416452372e+01  1.000000000000000e+00  0.000000000000000e+00  4.330126615605176e+02 -1.196948735143304e+02 -3.739728526852559e-10  3.011635385519185e-11 
 8.511380382024191e+01  1.000000000000000e+00  0.000000000000000e+00  4.323012129825189e+02 -1.208830293991228e+02 -3.741291720871232e-10  3.048583607778710e-11 
 8.609937521846439e+01  1.000000000000000e+00  0.000000000000000e+00  4.315755954349985e+02 -1.220786666901426e+02 -3.738591658475343e-10  3.075939503105474e-11 
 8.709635899561245e+01  1.000000000000000e+00  0.000000000000000e+00  4.308355795403506e+02 -1.232816879092371e+02 -3.738307441381039e-10  3.110400825789839e-11 
 8.810488730080586e+01  1.000000000000000e+00  0.000000000000000e+00  4.300809345130755e+02 -1.244919898662638e+02 -3.736317921720911e-10  3.140954163427523e-11 
 8.912509381337905e+01  1.000000000000000e+00  0.000000000000000e+00  4.293114282624930e+02 -1.257094635232642e+02 -3.734470510607935e-10  3.170796958329447e-11 
 9.015711376060024e+01  1.000000000000000e+00  0.000000000000000e+00  4.285268275013243e+02 -1.269339938585678e+02 -3.733191533683566e-10  3.204192466910172e-11 
 9.120108393559559e+01  1.000000000000000e+00  0.000000000000000e+00  4.277268978603099e+02 -1.281654597310209e+02 -3.732907316589262e-10  3.242206503273337e-11 
 9.225714271548100e+01  1.000000000000000e+00  0.000000000000000e+00  4.269114040089833e+02 -1.294037337445324e+02 -3.732623099494958e-10  3.278444182797102e-11 
 9.332543007970385e+01  1.000000000000000e+00  0.000000000000000e+00  4.260801097827686e+02 -1.306486821131538e+02 -3.730349362740526e-10  3.307576434963266e-11 
 9.440608762859715e+01  1.000000000000000e+00  0.000000000000000e+00  4.252327783165209e+02 -1.319001645269076e+02 -3.731628339664894e-10  3.349498456373112e-11 
 9.549925860214847e+01  1.000000000000000e+00  0.000000000000000e+00  4.243691721846463e+02 -1.331580340186006e+02 -3.729354602910462e-10  3.382893964953837e-11 
 9.660508789898628e+01  1.000000000000000e+00  0.000000000000000e+00  4.234890535479431e+02 -1.344221368318664e+02 -3.726228214873117e-10  3.412026217120001e-11 
 9.772372209558608e+01  1.000000000000000e+00  0.000000000000000e+00  4.225921843072758e+02 -1.356923122906941e+02 -3.726370323420269e-10  3.451106067586807e-11 
 9.885530946569897e+01  1.000000000000000e+00  0.000000000000000e+00  4.216783262641819e+02 -1.369683926707015e+02 -3.722107067005709e-10  3.478817234281451e-11 
 1.000000000000051e+02  1.000000000000000e+00  0.000000000000000e+00  4.207472412885703e+02 -1.382502030724522e+02 -3.723101826835773e-10  3.521449798427057e-11 
 1.011579454259951e+02  1.000000000000000e+00  0.000000000000000e+00  4.197986914935448e+02 -1.395375612970832e+02 -3.722391284100013e-10  3.558398020686582e-11 
 1.023292992280807e+02  1.000000000000000e+00  0.000000000000000e+00  4.188324394175095e+02 -1.408302777245703e+02 -3.719975438798429e-10  3.592504072003067e-11 
 1.035142166679397e+02  1.000000000000000e+00  0.000000000000000e+00  4.178482482135965e+02 -1.421281551949326e+02 -3.719407004609820e-10  3.633715550677152e-11 
 1.047128548050954e+02  1.000000000000000e+00  0.000000000000000e+00  4.168458818464959e+02 -1.434309888927038e+02 -3.715570073836716e-10  3.662137260107556e-11 
 1.059253725177344e+02  1.000000000000000e+00  0.000000000000000e+00  4.158251052967750e+02 -1.447385662350225e+02 -3.715570073836716e-10  3.703348738781642e-11 
 1.071519305237662e+02  1.000000000000000e+00  0.000000000000000e+00  4.147856847726899e+02 -1.460506667636743e+02 -3.711591034516459e-10  3.731770448212046e-11 
 1.083926914021260e+02  1.000000000000000e+00  0.000000000000000e+00  4.137273879295830e+02 -1.473670620414676e+02 -3.712443685799371e-10  3.780797896979493e-11 
 1.096478196143242e+02  1.000000000000000e+00  0.000000000000000e+00  4.126499840968248e+02 -1.486875155532972e+02 -3.708464646479115e-10  3.809930149145657e-11 
 1.109174815262459e+02  1.000000000000000e+00  0.000000000000000e+00  4.115532445123717e+02 -1.500117826123012e+02 -3.708748863573419e-10  3.857536512441584e-11 
 1.122018454302022e+02  1.000000000000000e+00  0.000000000000000e+00  4.104369425648730e+02 -1.513396102714859e+02 -3.706759343913291e-10  3.893774191965349e-11 
 1.135010815672374e+02  1.000000000000000e+00  0.000000000000000e+00  4.093008540433509e+02 -1.526707372412431e+02 -3.705196149894618e-10  3.930011871489114e-11 
 1.148153621496943e+02  1.000000000000000e+00  0.000000000000000e+00  4.081447573943739e+02 -1.540048938131598e+02 -3.702922413140186e-10  3.966249551012879e-11 
 1.161448613840403e+02  1.000000000000000e+00  0.000000000000000e+00  4.069684339866870e+02 -1.553418017905548e+02 -3.703064521687338e-10  4.014566457044566e-11 
 1.174897554939591e+02  1.000000000000000e+00  0.000000000000000e+00  4.057716683831956e+02 -1.566811744261655e+02 -3.700506567838602e-10  4.049383051096811e-11 
 1.188502227437080e+02  1.000000000000000e+00  0.000000000000000e+00  4.045542486202294e+02 -1.580227163674380e+02 -3.699369699461386e-10  4.092015615242417e-11 
 1.202264434617476e+02  1.000000000000000e+00  0.000000000000000e+00  4.033159664939291e+02 -1.593661236098523e+02 -3.695959094329737e-10  4.128253294766182e-11 
 1.216186000646432e+02  1.000000000000000e+00  0.000000000000000e+00  4.020566178536370e+02 -1.607110834587481e+02 -3.694680117405369e-10  4.170885858911788e-11 
 1.230268770812446e+02  1.000000000000000e+00  0.000000000000000e+00  4.007760029021052e+02 -1.620572745001021e+02 -3.691553729368025e-10  4.206412995699793e-11 
 1.244514611771450e+02  1.000000000000000e+00  0.000000000000000e+00  3.994739265023355e+02 -1.634043665807244e+02 -3.690701078085112e-10  4.251177188052679e-11 
 1.258925411794233e+02  1.000000000000000e+00  0.000000000000000e+00  3.981501984908262e+02 -1.647520207983345e+02 -3.686011496029096e-10  4.281019982954604e-11 
 1.273503081016729e+02  1.000000000000000e+00  0.000000000000000e+00  3.968046339969853e+02 -1.660998895019899e+02 -3.684021976368967e-10  4.325784175307490e-11 
 1.288249551693202e+02  1.000000000000000e+00  0.000000000000000e+00  3.954370526287390e+02 -1.674476158182736e+02 -3.682885107991751e-10  4.366995653981576e-11 
 1.303166778452368e+02  1.000000000000000e+00  0.000000000000000e+00  3.940472833661883e+02 -1.687948356101303e+02 -3.681321913973079e-10  4.411049303598702e-11 
 1.318256738556477e+02  1.000000000000000e+00  0.000000000000000e+00  3.926351580476322e+02 -1.701411746125363e+02 -3.679758719954407e-10  4.454392410480068e-11 
 1.333521432163395e+02  1.000000000000000e+00  0.000000000000000e+00  3.912005162812988e+02 -1.714862504074804e+02 -3.677200766105670e-10  4.495603889154154e-11 
 1.348962882591725e+02  1.000000000000000e+00  0.000000000000000e+00  3.897432046472555e+02 -1.728296720019637e+02 -3.675211246445542e-10  4.541078624242800e-11 
 1.364583136588997e+02  1.000000000000000e+00  0.000000000000000e+00  3.882630770470535e+02 -1.741710399002575e+02 -3.671800641313894e-10  4.578737389238086e-11 
 1.380384264602958e+02  1.000000000000000e+00  0.000000000000000e+00  3.867599950570187e+02 -1.755099461897145e+02 -3.669242687465157e-10  4.619238325176411e-11 
 1.396368361056012e+02  1.000000000000000e+00  0.000000000000000e+00  3.852338282846918e+02 -1.768459746405543e+02 -3.667821601993637e-10  4.666134145736578e-11 
 1.412537544622830e+02  1.000000000000000e+00  0.000000000000000e+00  3.836844547279271e+02 -1.781787008200474e+02 -3.666968950710725e-10  4.717293222711305e-11 
 1.428893958511179e+02  1.000000000000000e+00  0.000000000000000e+00  3.821117611360884e+02 -1.795076922214916e+02 -3.661000391730340e-10  4.745004389405949e-11 
 1.445439770746005e+02  1.000000000000000e+00  0.000000000000000e+00  3.805156433727808e+02 -1.808325084083700e+02 -3.660289848994580e-10  4.796163466380676e-11 
 1.462177174456796e+02  1.000000000000000e+00  0.000000000000000e+00  3.788960067794830e+02 -1.821527011740446e+02 -3.657589786598692e-10  4.839506573262042e-11 
 1.479108388168287e+02  1.000000000000000e+00  0.000000000000000e+00  3.772527665394863e+02 -1.834678147173447e+02 -3.655316049844259e-10  4.880007509200368e-11 
 1.496235656094514e+02  1.000000000000000e+00  0.000000000000000e+00  3.755858480414351e+02 -1.847773858343596e+02 -3.652189661806915e-10  4.921929530610214e-11 
 1.513561248436289e+02  1.000000000000000e+00  0.000000000000000e+00  3.738951872417808e+02 -1.860809441267295e+02 -3.650058033599635e-10  4.969535893906141e-11 
 1.531087461682112e+02  1.000000000000000e+00  0.000000000000000e+00  3.721807310254241e+02 -1.873780122267090e+02 -3.647926405392354e-10  5.018563342673588e-11 
 1.548816618912565e+02  1.000000000000000e+00  0.000000000000000e+00  3.704424375637890e+02 -1.886681060392324e+02 -3.645510560090770e-10  5.061906449554954e-11 
 1.566751070108234e+02  1.000000000000000e+00  0.000000000000000e+00  3.686802766695284e+02 -1.899507350011855e+02 -3.640536760940449e-10  5.100986300021759e-11 
 1.584893192461199e+02  1.000000000000000e+00  0.000000000000000e+00  3.668942301470815e+02 -1.912254023580612e+02 -3.639399892563233e-10  5.150724291524966e-11 
 1.603245390690128e+02  1.000000000000000e+00  0.000000000000000e+00  3.650842921381982e+02 -1.924916054581116e+02 -3.637978807091713e-10  5.201883368499693e-11 
 1.621810097359018e+02  1.000000000000000e+00  0.000000000000000e+00  3.632504694616165e+02 -1.937488360641103e+02 -3.634283984865760e-10  5.243805389909539e-11 
 1.640589773199628e+02  1.000000000000000e+00  0.000000000000000e+00  3.613927819459908e+02 -1.949965806827638e+02 -3.630731271186960e-10  5.286437954055145e-11 
 1.659586907437651e+02  1.000000000000000e+00  0.000000000000000e+00  3.595112627551557e+02 -1.962343209117755e+02 -3.628173317338224e-10  5.331202146408032e-11 
 1.678804018122651e+02  1.000000000000000e+00  0.000000000000000e+00  3.576059587048267e+02 -1.974615338045296e+02 -3.624194278017967e-10  5.372413625082118e-11 
 1.698243652461837e+02  1.000000000000000e+00  0.000000000000000e+00  3.556769305697937e+02 -1.986776922523077e+02 -3.623767952376511e-10  5.434230843093246e-11 
 1.717908387157682e+02  1.000000000000000e+00  0.000000000000000e+00  3.537242533806445e+02 -1.998822653838874e+02 -3.620215238697710e-10  5.478284492710372e-11 
 1.737800828749470e+02  1.000000000000000e+00  0.000000000000000e+00  3.517480167090839e+02 -2.010747189823541e+02 -3.617515176301822e-10  5.525180313270539e-11 
 1.757923613958789e+02  1.000000000000000e+00  0.000000000000000e+00  3.497483249408592e+02 -2.022545159188643e+02 -3.613962462623022e-10  5.568523420151905e-11 
 1.778279410039020e+02  1.000000000000000e+00  0.000000000000000e+00  3.477252975353243e+02 -2.034211166030691e+02 -3.608420229284093e-10  5.600497843261110e-11 
 1.798870915128886e+02  1.000000000000000e+00  0.000000000000000e+00  3.456790692706795e+02 -2.045739794498479e+02 -3.606999143812573e-10  5.658762347593438e-11 
 1.819700858610083e+02  1.000000000000000e+00  0.000000000000000e+00  3.436097904738129e+02 -2.057125613618689e+02 -3.604725407058140e-10  5.707789796360885e-11 
 1.840772001469057e+02  1.000000000000000e+00  0.000000000000000e+00  3.415176272342714e+02 -2.068363182278616e+02 -3.600177933549276e-10  5.749711817770731e-11 
 1.862087136662969e+02  1.000000000000000e+00  0.000000000000000e+00  3.394027616002163e+02 -2.079447054352134e+02 -3.598472630983451e-10  5.801581437481218e-11 
 1.883649089489904e+02  1.000000000000000e+00  0.000000000000000e+00  3.372653917569757e+02 -2.090371783974247e+02 -3.594209374568891e-10  5.845635087098344e-11 
 1.905460717963352e+02  1.000000000000000e+00  0.000000000000000e+00  3.351057321861081e+02 -2.101131930949366e+02 -3.590372443795786e-10  5.893241450394271e-11 
 1.927524913191042e+02  1.000000000000000e+00  0.000000000000000e+00  3.329240138045199e+02 -2.111722066289449e+02 -3.587814489947050e-10  5.938005642747157e-11 
 1.949844599758153e+02  1.000000000000000e+00  0.000000000000000e+00  3.307204840826836e+02 -2.122136777873813e+02 -3.583835450626793e-10  5.984190920571564e-11 
 1.972422736114962e+02  1.000000000000000e+00  0.000000000000000e+00  3.284954071411020e+02 -2.132370676222248e+02 -3.580566954042297e-10  6.028244570188690e-11 
 1.995262314968990e+02  1.000000000000000e+00  0.000000000000000e+00  3.262490638241892e+02 -2.142418400372547e+02 -3.577582674552104e-10  6.080824732634937e-11 
 2.018366363681672e+02  1.000000000000000e+00  0.000000000000000e+00  3.239817517507790e+02 -2.152274623852907e+02 -3.573461526684696e-10  6.124167839516304e-11 
 2.041737944669642e+02  1.000000000000000e+00  0.000000000000000e+00  3.216937853405341e+02 -2.161934060739242e+02 -3.569340378817287e-10  6.168221489133430e-11 
 2.065380155810644e+02  1.000000000000000e+00  0.000000000000000e+00  3.193854958155254e+02 -2.171391471786664e+02 -3.565929773685639e-10  6.220801651579677e-11 
 2.089296130854155e+02  1.000000000000000e+00  0.000000000000000e+00  3.170572311763594e+02 -2.180641670624105e+02 -3.561240191629622e-10  6.260592044782243e-11 
 2.113489039836764e+02  1.000000000000000e+00  0.000000000000000e+00  3.147093561522391e+02 -2.189679530000376e+02 -3.558682237780886e-10  6.312461664492730e-11 
 2.137962089502351e+02  1.000000000000000e+00  0.000000000000000e+00  3.123422521244202e+02 -2.198499988069513e+02 -3.555697958290693e-10  6.365752369674738e-11 
 2.162718523727141e+02  1.000000000000000e+00  0.000000000000000e+00  3.099563170225940e+02 -2.207098054702915e+02 -3.551008376234677e-10  6.407674391084583e-11 
 2.187761623949674e+02  1.000000000000000e+00  0.000000000000000e+00  3.075519651930885e+02 -2.215468817810667e+02 -3.547597771103028e-10  6.457412382587790e-11 
 2.213094709605761e+02  1.000000000000000e+00  0.000000000000000e+00  3.051296271198549e+02 -2.223607448708747e+02 -3.544897708707140e-10  6.510703087769798e-11 
 2.238721138568465e+02  1.000000000000000e+00  0.000000000000000e+00  3.026897497253954e+02 -2.231509212309133e+02 -3.540350235198275e-10  6.556888365594205e-11 
 2.264644307593186e+02  1.000000000000000e+00  0.000000000000000e+00  3.002327954186279e+02 -2.239169467572921e+02 -3.537934389896691e-10  6.609468528040452e-11 
 2.290867652767901e+02  1.000000000000000e+00  0.000000000000000e+00  2.977592423440421e+02 -2.246583677644005e+02 -3.534808001859346e-10  6.663469775958220e-11 
 2.317394649968608e+02  1.000000000000000e+00  0.000000000000000e+00  2.952695839860134e+02 -2.253747415065681e+02 -3.530544745444786e-10  6.709655053782626e-11 
 2.344228815320054e+02  1.000000000000000e+00  0.000000000000000e+00  2.927643288679357e+02 -2.260656367896341e+02 -3.524718295011553e-10  6.743761105099111e-11 
 2.371373705661788e+02  1.000000000000000e+00  0.000000000000000e+00  2.902440002230971e+02 -2.267306345739757e+02 -3.216058530597365e-10  4.407496589919901e-11 
 2.398832919019625e+02  1.000000000000000e+00  0.000000000000000e+00  2.877091356377624e+02 -2.273693285677295e+02 -3.214069010937237e-10  4.452260782272788e-11 
 2.426610095082552e+02  1.000000000000000e+00  0.000000000000000e+00  2.851602866658315e+02 -2.279813258079899e+02 -3.213074251107173e-10  4.492761718211113e-11 
 2.454708915685169e+02  1.000000000000000e+00  0.000000000000000e+00  2.825980184166925e+02 -2.285662472294698e+02 -3.212505816918565e-10  4.536815367828240e-11 
 2.483133105295710e+02  1.000000000000000e+00  0.000000000000000e+00  2.800229091158151e+02 -2.291237282184281e+02 -3.210232080164133e-10  4.573053047352005e-11 
 2.511886431509722e+02  1.000000000000000e+00  0.000000000000000e+00  2.774355496390207e+02 -2.296534191507068e+02 -3.208810994692612e-10  4.615685611497611e-11 
 2.540972705549449e+02  1.000000000000000e+00  0.000000000000000e+00  2.748365430210142e+02 -2.301549859123937e+02 -3.207958343409700e-10  4.661870889322017e-11 
 2.570395782769009e+02  1.000000000000000e+00  0.000000000000000e+00  2.722265039389127e+02 -2.306281104017103e+02 -3.207816234862548e-10  4.716582679975545e-11 
 2.600159563165419e+02  1.000000000000000e+00  0.000000000000000e+00  2.696060581715951e+02 -2.310724910107563e+02 -3.206395149391028e-10  4.755662530442351e-11 
 2.630267991895531e+02  1.000000000000000e+00  0.000000000000000e+00  2.669758420357805e+02 -2.314878430857877e+02 -3.203268761353684e-10  4.788347496287315e-11 
 2.660725059798961e+02  1.000000000000000e+00  0.000000000000000e+00  2.643365017998236e+02 -2.318738993647420e+02 -3.204263521183748e-10  4.853006885241484e-11 
 2.691534803927069e+02  1.000000000000000e+00  0.000000000000000e+00  2.616886930762796e+02 -2.322304103907729e+02 -3.201421350240707e-10  4.880718051936128e-11 
 2.722701308078068e+02  1.000000000000000e+00  0.000000000000000e+00  2.590330801944193e+02 -2.325571449006463e+02 -3.201705567335011e-10  4.938272013532696e-11 
 2.754228703338323e+02  1.000000000000000e+00  0.000000000000000e+00  2.563703355538628e+02 -2.328538901868493e+02 -3.198437070750515e-10  4.970956979377661e-11 
 2.786121168629929e+02  1.000000000000000e+00  0.000000000000000e+00  2.537011389606657e+02 -2.331204524324082e+02 -3.198934450665547e-10  5.029932026445749e-11 
 2.818382931264615e+02  1.000000000000000e+00  0.000000000000000e+00  2.510261769471632e+02 -2.333566570174015e+02 -3.197015985278995e-10  5.072564590591355e-11 
 2.851018267504073e+02  1.000000000000000e+00  0.000000000000000e+00  2.483461420770311e+02 -2.335623487963153e+02 -3.195452791260323e-10  5.119460411151522e-11 
 2.884031503126772e+02  1.000000000000000e+00  0.000000000000000e+00  2.456617322369331e+02 -2.337373923453403e+02 -3.194102760062378e-10  5.167066774447449e-11 
 2.917427014001335e+02  1.000000000000000e+00  0.000000000000000e+00  2.429736499166276e+02 -2.338816721791929e+02 -3.190692154930730e-10  5.197620112085133e-11 
 2.951209226666555e+02  1.000000000000000e+00  0.000000000000000e+00  2.402826014782669e+02 -2.339950929360854e+02 -3.191047426298610e-10  5.255884616417461e-11 
 2.985382618918131e+02  1.000000000000000e+00  0.000000000000000e+00  2.375892964175808e+02 -2.340775795312565e+02 -3.189839503647818e-10  5.305622607920668e-11 
 3.019951720402190e+02  1.000000000000000e+00  0.000000000000000e+00  2.348944466177704e+02 -2.341290772778888e+02 -3.187707875440537e-10  5.346123543858994e-11 
 3.054921113215689e+02  1.000000000000000e+00  0.000000000000000e+00  2.321987655980880e+02 -2.341495519753318e+02 -3.187352604072657e-10  5.401545877248282e-11 
 3.090295432513769e+02  1.000000000000000e+00  0.000000000000000e+00  2.295029677587378e+02 -2.341389899643186e+02 -3.185647301506833e-10  5.453415496958769e-11 
 3.126079367124136e+02  1.000000000000000e+00  0.000000000000000e+00  2.268077676237988e+02 -2.340973981490186e+02 -3.184936758771073e-10  5.506706202140776e-11 
 3.162277660168562e+02  1.000000000000000e+00  0.000000000000000e+00  2.241138790838171e+02 -2.340248039857917e+02 -3.183231456205249e-10  5.557865279115504e-11 
 3.198895109691583e+02  1.000000000000000e+00  0.000000000000000e+00  2.214220146400550e+02 -2.339212554390263e+02 -3.181312990818697e-10  5.601918928732630e-11 
 3.235936569296470e+02  1.000000000000000e+00  0.000000000000000e+00  2.187328846514119e+02 -2.337868209033404e+02 -3.181170882271545e-10  5.660183433064958e-11 
 3.273406948788572e+02  1.000000000000000e+00  0.000000000000000e+00  2.160471965866108e+02 -2.336215890935096e+02 -3.178897145517112e-10  5.707079253625125e-11 
 3.311311214826103e+02  1.000000000000000e+00  0.000000000000000e+00  2.133656542826465e+02 -2.334256689016138e+02 -3.178968199790688e-10  5.770317557107774e-11 
 3.349654391578471e+02  1.000000000000000e+00  0.000000000000000e+00  2.106889566069514e+02 -2.331991885467078e+02 -3.176339191668376e-10  5.813660663989140e-11 
 3.388441561392223e+02  1.000000000000000e+00  0.000000000000000e+00  2.080177990787974e+02 -2.329422979721430e+02 -3.174704943376128e-10  5.864109198228107e-11 
 3.427677865464703e+02  1.000000000000000e+00  0.000000000000000e+00  2.053528698300198e+02 -2.326551649485417e+02 -3.174491780555400e-10  5.923794788031955e-11 
 3.467368504525519e+02  1.000000000000000e+00  0.000000000000000e+00  2.026948508606622e+02 -2.323379769171599e+02 -3.172146989527391e-10  5.973532779535162e-11 
 3.507518739525885e+02  1.000000000000000e+00  0.000000000000000e+00  2.000444170664138e+02 -2.319909404118441e+02 -3.170654849782295e-10  6.026112941981410e-11 
 3.548133892335962e+02  1.000000000000000e+00  0.000000000000000e+00  1.974022354879654e+02 -2.316142806347519e+02 -3.169873252772959e-10  6.086509074521018e-11 
 3.589219346450263e+02  1.000000000000000e+00  0.000000000000000e+00  1.947689646586777e+02 -2.312082411029588e+02 -3.168452167301439e-10  6.140510322438786e-11 
 3.630780547701227e+02  1.000000000000000e+00  0.000000000000000e+00  1.921452539707822e+02 -2.307730832685428e+02 -3.166817919009191e-10  6.194511570356553e-11 
 3.672823004981063e+02  1.000000000000000e+00  0.000000000000000e+00  1.895317430612611e+02 -2.303090861131342e+02 -3.164544182254758e-10  6.237854677237920e-11 
 3.715352290971944e+02  1.000000000000000e+00  0.000000000000000e+00  1.869290612185802e+02 -2.298165457181009e+02 -3.164188910886878e-10  6.305356237135129e-11 
 3.758374042884663e+02  1.000000000000000e+00  0.000000000000000e+00  1.843378268113655e+02 -2.292957748115667e+02 -3.163620476698270e-10  6.372857797032339e-11 
 3.801893963205836e+02  1.000000000000000e+00  0.000000000000000e+00  1.817586467396144e+02 -2.287471022930763e+02 -3.161275685670262e-10  6.418332532120985e-11 
 3.845917820453763e+02  1.000000000000000e+00  0.000000000000000e+00  1.791921159119331e+02 -2.281708727399999e+02 -3.161275685670262e-10  6.494360604847316e-11 
 3.890451449943037e+02  1.000000000000000e+00  0.000000000000000e+00  1.766388167431923e+02 -2.275674458900136e+02 -3.158717731821525e-10  6.536993168992922e-11 
 3.935500754558008e+02  1.000000000000000e+00  0.000000000000000e+00  1.740993186821906e+02 -2.269371961106379e+02 -3.158291406180069e-10  6.605205271625891e-11 
 3.981071705535209e+02  1.000000000000000e+00  0.000000000000000e+00  1.715741777629364e+02 -2.262805118495579e+02 -3.155733452331333e-10  6.659206519543659e-11 
 4.027170343254830e+02  1.000000000000000e+00  0.000000000000000e+00  1.690639361835514e+02 -2.255977950709224e+02 -3.155093963869149e-10  6.721023737554788e-11 
 4.073802778041370e+02  1.000000000000000e+00  0.000000000000000e+00  1.665691219122089e+02 -2.248894606778440e+02 -3.153672878397629e-10  6.781419870094396e-11 
 4.120975190973548e+02  1.000000000000000e+00  0.000000000000000e+00  1.640902483209690e+02 -2.241559359231871e+02 -3.151967575831804e-10  6.841105459898245e-11 
 4.168693834703603e+02  1.000000000000000e+00  0.000000000000000e+00  1.616278138473080e+02 -2.233976598092983e+02 -3.152251792926108e-10  6.923528417246416e-11 
 4.216965034286075e+02  1.000000000000000e+00  0.000000000000000e+00  1.591823016842228e+02 -2.226150824791940e+02 -3.150688598907436e-10  6.982503464314505e-11 
 4.265795188016182e+02  1.000000000000000e+00  0.000000000000000e+00  1.567541794391646e+02 -2.218086645076050e+02 -3.150049110445252e-10  7.052136652418994e-11 
 4.315190768277911e+02  1.000000000000000e+00  0.000000000000000e+00  1.543438991195630e+02 -2.209788766479887e+02 -3.148272753605852e-10  7.113243327694363e-11 
 4.365158322401921e+02  1.000000000000000e+00  0.000000000000000e+00  1.519518965486804e+02 -2.201261986500006e+02 -3.146425342492876e-10  7.172928917498211e-11 
 4.415704473533390e+02  1.000000000000000e+00  0.000000000000000e+00  1.495785914099278e+02 -2.192511189995008e+02 -3.145501636936388e-10  7.243983191074221e-11 
 4.466835921509900e+02  1.000000000000000e+00  0.000000000000000e+00  1.472243870183336e+02 -2.183541341934761e+02 -3.144151605738443e-10  7.307221494556870e-11 
 4.518559443749496e+02  1.000000000000000e+00  0.000000000000000e+00  1.448896701803569e+02 -2.174357481072917e+02 -3.142304194625467e-10  7.369749255303759e-11 
 4.570881896149025e+02  1.000000000000000e+00  0.000000000000000e+00  1.425748106741776e+02 -2.164964707358475e+02 -3.141877868984011e-10  7.446487870765850e-11 
 4.623810213992882e+02  1.000000000000000e+00  0.000000000000000e+00  1.402801627995580e+02 -2.155368200749475e+02 -3.141522597616131e-10  7.525358114435221e-11 
 4.677351412872264e+02  1.000000000000000e+00  0.000000000000000e+00  1.380060628563855e+02 -2.145573177247191e+02 -3.139319915135275e-10  7.585754246974830e-11 
 4.731512589615090e+02  1.000000000000000e+00  0.000000000000000e+00  1.357528307610894e+02 -2.135584907848856e+02 -3.137756721116602e-10  7.651834721400519e-11 
 4.786300923226673e+02  1.000000000000000e+00  0.000000000000000e+00  1.335207696259287e+02 -2.125408706093995e+02 -3.137259341201570e-10  7.729994422334130e-11 
 4.841723675841287e+02  1.000000000000000e+00  0.000000000000000e+00  1.313101657774575e+02 -2.115049921982883e+02 -3.135838255730050e-10  7.802469781381660e-11 
 4.897788193684759e+02  1.000000000000000e+00  0.000000000000000e+00  1.291212887989835e+02 -2.104513935972407e+02 -3.134772441626410e-10  7.879208396843751e-11 
 4.954501908048202e+02  1.000000000000000e+00  0.000000000000000e+00  1.269543915980225e+02 -2.093806153080657e+02 -3.133990844617074e-10  7.953815384098561e-11 
 5.011872336273027e+02  1.000000000000000e+00  0.000000000000000e+00  1.248097104469687e+02 -2.082931996198412e+02 -3.132676340555918e-10  8.028422371353372e-11 
 5.069907082747351e+02  1.000000000000000e+00  0.000000000000000e+00  1.226874652830689e+02 -2.071896903838786e+02 -3.132036852093734e-10  8.109424243230023e-11 
 5.128613839913960e+02  1.000000000000000e+00  0.000000000000000e+00  1.205878595579478e+02 -2.060706319400033e+02 -3.130544712348637e-10  8.180478516806033e-11 
 5.188000389289926e+02  1.000000000000000e+00  0.000000000000000e+00  1.185110805795055e+02 -2.049365689154781e+02 -3.129123626877117e-10  8.257927675003884e-11 
 5.248074602498045e+02  1.000000000000000e+00  0.000000000000000e+00  1.164572996364979e+02 -2.037880456070681e+02 -3.127986758499901e-10  8.336087375937495e-11 
 5.308844442310207e+02  1.000000000000000e+00  0.000000000000000e+00  1.144266721890436e+02 -2.026256054632316e+02 -2.886046956973587e-10  4.151701205046265e-11 
 5.370317963702854e+02  1.000000000000000e+00  0.000000000000000e+00  1.124193380770538e+02 -2.014497905816521e+02 -2.889137817874143e-10  4.261835329089081e-11 
 5.432503314924663e+02  1.000000000000000e+00  0.000000000000000e+00  1.104354217444857e+02 -2.002611412207455e+02 -2.891766825996456e-10  4.360600769359735e-11 
 5.495408738576581e+02  1.000000000000000e+00  0.000000000000000e+00  1.084750321715996e+02 -1.990601947516369e+02 -2.894289252708404e-10  4.462208380573429e-11 
 5.559042572704375e+02  1.000000000000000e+00  0.000000000000000e+00  1.065382643690255e+02 -1.978474875119692e+02 -2.897806439250417e-10  4.578026846502325e-11 
 5.623413251903834e+02  1.000000000000000e+00  0.000000000000000e+00  1.046251977404328e+02 -1.966235508165846e+02 -2.900648610193457e-10  4.685318799602101e-11 
 5.688529308438762e+02  1.000000000000000e+00  0.000000000000000e+00  1.027358977702548e+02 -1.953889131732575e+02 -2.903455253999709e-10  4.794031838173396e-11 
 5.754399373371921e+02  1.000000000000000e+00  0.000000000000000e+00  1.008704157678594e+02 -1.941440988144375e+02 -2.907007967678510e-10  4.916245188724133e-11 
 5.821032177709070e+02  1.000000000000000e+00  0.000000000000000e+00  9.902878932849077e+01 -1.928896276314651e+02 -2.909104068749002e-10  5.019273885409348e-11 
 5.888436553556251e+02  1.000000000000000e+00  0.000000000000000e+00  9.721104260845618e+01 -1.916260147248997e+02 -2.911697549734527e-10  5.137223979545524e-11 
 5.956621435290471e+02  1.000000000000000e+00  0.000000000000000e+00  9.541718664623340e+01 -1.903537700494781e+02 -2.914717356361507e-10  5.255884616417461e-11 
 6.025595860743948e+02  1.000000000000000e+00  0.000000000000000e+00  9.364721969387205e+01 -1.890733980802204e+02 -2.917168728799879e-10  5.366018740460277e-11 
 6.095368972402067e+02  1.000000000000000e+00  0.000000000000000e+00  9.190112755446594e+01 -1.877853974948247e+02 -2.920295116837224e-10  5.491784804689814e-11 
 6.165950018615202e+02  1.000000000000000e+00  0.000000000000000e+00  9.017888389252923e+01 -1.864902607978203e+02 -2.923385977737780e-10  5.621103582598153e-11 
 6.237348354824578e+02  1.000000000000000e+00  0.000000000000000e+00  8.848045071655100e+01 -1.851884743415483e+02 -2.925730768765789e-10  5.736922048527049e-11 
 6.309573444802323e+02  1.000000000000000e+00  0.000000000000000e+00  8.680577828561525e+01 -1.838805170730019e+02 -2.927578179878765e-10  5.854872142663226e-11 
 6.382634861905883e+02  1.000000000000000e+00  0.000000000000000e+00  8.515480658843633e+01 -1.825668627244124e+02 -2.930491405095381e-10  5.982059292364283e-11 
 6.456542290346956e+02  1.000000000000000e+00  0.000000000000000e+00  8.352746418135389e+01 -1.812479762997978e+02 -2.932694087576238e-10  6.100719929236220e-11 
 6.531305526475130e+02  1.000000000000000e+00  0.000000000000000e+00  8.192366954701838e+01 -1.799243160025032e+02 -2.934896770057094e-10  6.227196536201518e-11 
 6.606934480076371e+02  1.000000000000000e+00  0.000000000000000e+00  8.034333120795905e+01 -1.785963325029167e+02 -2.937738941000134e-10  6.359357485052897e-11 
 6.683439175686563e+02  1.000000000000000e+00  0.000000000000000e+00  7.878634806039943e+01 -1.772644686841227e+02 -2.940190313438507e-10  6.490097348432755e-11 
 6.760829753920240e+02  1.000000000000000e+00  0.000000000000000e+00  7.725260985488663e+01 -1.759291597651895e+02 -2.942321941645787e-10  6.619416126341093e-11 
 6.839116472814720e+02  1.000000000000000e+00  0.000000000000000e+00  7.574199738429610e+01 -1.745908327204623e+02 -2.944240407032339e-10  6.746603276042151e-11 
 6.918309709189797e+02  1.000000000000000e+00  0.000000000000000e+00  7.425438296277218e+01 -1.732499064336894e+02 -2.946372035239619e-10  6.877343139422010e-11 
 6.998419960023173e+02  1.000000000000000e+00  0.000000000000000e+00  7.278963075619680e+01 -1.719067915070116e+02 -2.948539190583688e-10  7.012346259216429e-11 
 7.079457843841823e+02  1.000000000000000e+00  0.000000000000000e+00  7.134759693858001e+01 -1.705618896622478e+02 -2.800426557314495e-10  3.564082362572663e-11 
 7.161434102129469e+02  1.000000000000000e+00  0.000000000000000e+00  6.992813082857404e+01 -1.692155955626710e+02 -2.805506937875180e-10  3.726086106325965e-11 
 7.244359600750356e+02  1.000000000000000e+00  0.000000000000000e+00  6.853107412512894e+01 -1.678682940330089e+02 -2.809912302836892e-10  3.885958221871988e-11 
 7.328245331389502e+02  1.000000000000000e+00  0.000000000000000e+00  6.715626191649133e+01 -1.665203615749425e+02 -2.814921629124001e-10  4.058620106661692e-11 
 7.413102413009642e+02  1.000000000000000e+00  0.000000000000000e+00  6.580352292016669e+01 -1.651721660906396e+02 -2.819504629769654e-10  4.224176564093796e-11 
 7.498942093325031e+02  1.000000000000000e+00  0.000000000000000e+00  6.447267979551435e+01 -1.638240667773286e+02 -2.824585010330338e-10  4.400391162562300e-11 
 7.585775750292316e+02  1.000000000000000e+00  0.000000000000000e+00  6.316354945319895e+01 -1.624764140354035e+02 -2.828599576787383e-10  4.563815991787123e-11 
 7.673614893618674e+02  1.000000000000000e+00  0.000000000000000e+00  6.187594330117184e+01 -1.611295492480008e+02 -2.833218104569823e-10  4.740030590255628e-11 
 7.762471166287407e+02  1.000000000000000e+00  0.000000000000000e+00  6.060966812431354e+01 -1.597838062550891e+02 -2.837907686625840e-10  4.916245188724133e-11 
 7.852356346101215e+02  1.000000000000000e+00  0.000000000000000e+00  5.936452544118086e+01 -1.584395088103161e+02 -2.841940016651279e-10  5.091038701721118e-11 
 7.943282347243318e+02  1.000000000000000e+00  0.000000000000000e+00  5.814031249509544e+01 -1.570969724116546e+02 -2.846149982360657e-10  5.264411129246582e-11 
 8.035261221856681e+02  1.000000000000000e+00  0.000000000000000e+00  5.693682235763214e+01 -1.557565037926446e+02 -2.850573110890764e-10  5.448441697808448e-11 
 8.128305161641507e+02  1.000000000000000e+00  0.000000000000000e+00  5.575384430798574e+01 -1.544184012089456e+02 -2.855156111536417e-10  5.635314437313355e-11 
 8.222426499471233e+02  1.000000000000000e+00  0.000000000000000e+00  5.459116399631692e+01 -1.530829541061296e+02 -2.858691061646823e-10  5.813660663989140e-11 
 8.317637711027238e+02  1.000000000000000e+00  0.000000000000000e+00  5.344856366033459e+01 -1.517504429836077e+02 -2.862474701714746e-10  5.990585805193405e-11 
 8.413951416452486e+02  1.000000000000000e+00  0.000000000000000e+00  5.232582295875358e+01 -1.504211410929228e+02 -2.866435977466608e-10  6.175326916491031e-11 
 8.511380382024306e+02  1.000000000000000e+00  0.000000000000000e+00  5.122271841062052e+01 -1.490953120974185e+02 -2.762234885267389e-10  3.230127276765415e-11 
 8.609937521846555e+02  1.000000000000000e+00  0.000000000000000e+00  5.013902414664808e+01 -1.477732115546887e+02 -2.768523188478866e-10  3.447553353908006e-11 
 8.709635899561362e+02  1.000000000000000e+00  0.000000000000000e+00  4.907451208495103e+01 -1.464550867937562e+02 -2.773994367544219e-10  3.662847802843316e-11 
 8.810488730080704e+02  1.000000000000000e+00  0.000000000000000e+00  4.802895200638062e+01 -1.451411764641161e+02 -2.779909635819422e-10  3.880984422721667e-11 
 8.912509381338025e+02  1.000000000000000e+00  0.000000000000000e+00  4.700211239715529e+01 -1.438317125444576e+02 -2.785505159863533e-10  4.099121042600018e-11 
 9.015711376060145e+02  1.000000000000000e+00  0.000000000000000e+00  4.599375976437714e+01 -1.425269175576290e+02 -2.790869757518522e-10  4.318678747949889e-11 
 9.120108393559681e+02  1.000000000000000e+00  0.000000000000000e+00  4.500365947115708e+01 -1.412270065997568e+02 -2.795577103142932e-10  4.532552111413679e-11 
 9.225714271548222e+02  1.000000000000000e+00  0.000000000000000e+00  4.403157578007323e+01 -1.399321869067308e+02 -2.801137100050255e-10  4.757794158649631e-11 
 9.332543007970509e+02  1.000000000000000e+00  0.000000000000000e+00  4.307727200539594e+01 -1.386426577880366e+02 -2.806377352726486e-10  4.985878376828623e-11 
 9.440608762859839e+02  1.000000000000000e+00  0.000000000000000e+00  4.214051109443801e+01 -1.373586120142744e+02 -2.811599841834322e-10  5.216094223214895e-11 
 9.549925860214972e+02  1.000000000000000e+00  0.000000000000000e+00  4.122105514588303e+01 -1.360802336809726e+02 -2.816431532437491e-10  5.442757355922367e-11 
 9.660508789898754e+02  1.000000000000000e+00  0.000000000000000e+00  4.031866612753754e+01 -1.348077001259614e+02 -2.821032296651538e-10  5.666578317686799e-11 
 9.772372209558735e+02  1.000000000000000e+00  0.000000000000000e+00  3.943310583286968e+01 -1.335411812926234e+02 -2.742517324350047e-10  3.090860900556436e-11 
 9.885530946570024e+02  1.000000000000000e+00  0.000000000000000e+00  3.856413599909667e+01 -1.322808396624167e+02 -2.748770100424736e-10  3.345945742694312e-11 
 1.000000000000064e+03  1.000000000000000e+00  0.000000000000000e+00  3.771151892957455e+01 -1.310268320514796e+02 -2.755342620730517e-10  3.610267640397069e-11 
 1.011579454259964e+03  1.000000000000000e+00  0.000000000000000e+00  3.687501693143489e+01 -1.297793071424094e+02 -2.761595396805205e-10  3.872457909892546e-11 
 1.023292992280820e+03  1.000000000000000e+00  0.000000000000000e+00  3.605439293308560e+01 -1.285384073004144e+02 -2.767706064332742e-10  4.138200893066823e-11 
 1.035142166679411e+03  1.000000000000000e+00  0.000000000000000e+00  3.524941046143307e+01 -1.273042681076082e+02 -2.773461460492399e-10  4.396483177515620e-11 
 1.047128548050967e+03  1.000000000000000e+00  0.000000000000000e+00  3.445983408627291e+01 -1.260770196667272e+02 -2.778683949600236e-10  4.660094532482617e-11 
 1.059253725177357e+03  1.000000000000000e+00  0.000000000000000e+00  3.368542900603122e+01 -1.248567846707657e+02 -2.784439345759893e-10  4.924416430185374e-11 
 1.071519305237676e+03  1.000000000000000e+00  0.000000000000000e+00  3.292596159709579e+01 -1.236436801687327e+02 -2.790212505487943e-10  5.197264840717253e-11 
 1.083926914021273e+03  1.000000000000000e+00  0.000000000000000e+00  3.218119926029823e+01 -1.224378166286218e+02 -2.727205128394417e-10  2.886935135393287e-11 
 1.096478196143256e+03  1.000000000000000e+00  0.000000000000000e+00  3.145091097822802e+01 -1.212392998885126e+02 -2.734168447204866e-10  3.184652541676769e-11 
 1.109174815262473e+03  1.000000000000000e+00  0.000000000000000e+00  3.073486680743783e+01 -1.200482288131227e+02 -2.740687676805464e-10  3.483791033431771e-11 
 1.122018454302036e+03  1.000000000000000e+00  0.000000000000000e+00  3.003283828749993e+01 -1.188646966610072e+02 -2.747189142837669e-10  3.783284796554653e-11 
 1.135010815672388e+03  1.000000000000000e+00  0.000000000000000e+00  2.934459880300188e+01 -1.176887923821468e+02 -2.753690608869874e-10  4.084910187884816e-11 
 1.148153621496957e+03  1.000000000000000e+00  0.000000000000000e+00  2.866992310344574e+01 -1.165205983487084e+02 -2.758984152251287e-10  4.377298523650097e-11 
 1.161448613840418e+03  1.000000000000000e+00  0.000000000000000e+00  2.800858772508757e+01 -1.153601919149507e+02 -2.765423445794113e-10  4.686029342337861e-11 
 1.174897554939606e+03  1.000000000000000e+00  0.000000000000000e+00  2.736037120562221e+01 -1.142076461721761e+02 -2.771312068716725e-10  4.991917990082584e-11 
 1.188502227437096e+03  1.000000000000000e+00  0.000000000000000e+00  2.672505378027033e+01 -1.130630284350542e+02 -2.720206282447180e-10  2.915356844823691e-11 
 1.202264434617491e+03  1.000000000000000e+00  0.000000000000000e+00  2.610241760748961e+01 -1.119264010338990e+02 -2.727054138063068e-10  3.242917046009097e-11 
 1.216186000646447e+03  1.000000000000000e+00  0.000000000000000e+00  2.549224710929095e+01 -1.107978227520564e+02 -2.734061865794502e-10  3.579003760023625e-11 
 1.230268770812462e+03  1.000000000000000e+00  0.000000000000000e+00  2.489432853491525e+01 -1.096773466644549e+02 -2.740572213610903e-10  3.911893031727232e-11 
 1.244514611771466e+03  1.000000000000000e+00  0.000000000000000e+00  2.430845030712247e+01 -1.085650216071968e+02 -2.746478600101909e-10  4.241940132487798e-11 
 1.258925411794249e+03  1.000000000000000e+00  0.000000000000000e+00  2.373440318460946e+01 -1.074608928704957e+02 -2.753006711486705e-10  4.583000645652646e-11 
 1.273503081016745e+03  1.000000000000000e+00  0.000000000000000e+00  2.317197998863666e+01 -1.063650007879999e+02 -2.709708013526324e-10  2.679811927919218e-11 
 1.288249551693218e+03  1.000000000000000e+00  0.000000000000000e+00  2.262097577836240e+01 -1.052773814753706e+02 -2.717035485488850e-10  3.045386165467789e-11 
 1.303166778452385e+03  1.000000000000000e+00  0.000000000000000e+00  2.208118812212707e+01 -1.041980681538750e+02 -2.723696823636601e-10  3.403499704290880e-11 
 1.318256738556493e+03  1.000000000000000e+00  0.000000000000000e+00  2.155241668562897e+01 -1.031270890037889e+02 -2.730153880747821e-10  3.765876499528531e-11 
 1.333521432163411e+03  1.000000000000000e+00  0.000000000000000e+00  2.103446371233563e+01 -1.020644695902523e+02 -2.736610937859041e-10  4.131450737077103e-11 
 1.348962882591742e+03  1.000000000000000e+00  0.000000000000000e+00  2.052713364303741e+01 -1.010102308511264e+02 -2.743316684927777e-10  4.502354045143875e-11 
 1.364583136589014e+03  1.000000000000000e+00  0.000000000000000e+00  2.003023352892813e+01 -9.996439127803708e+01 -2.706794788309708e-10  2.764011242106790e-11 
 1.380384264602976e+03  1.000000000000000e+00  0.000000000000000e+00  1.954357272098505e+01 -9.892696524631384e+01 -2.713766988904354e-10  3.153743932671205e-11 
 1.396368361056030e+03  1.000000000000000e+00  0.000000000000000e+00  1.906696303025577e+01 -9.789796387961630e+01 -2.720632608088636e-10  3.543831894603500e-11 
 1.412537544622847e+03  1.000000000000000e+00  0.000000000000000e+00  1.860021887046978e+01 -9.687739589925343e+01 -2.727551517978100e-10  3.942446369364916e-11 
 1.428893958511197e+03  1.000000000000000e+00  0.000000000000000e+00  1.814315696277733e+01 -9.586526597147085e+01 -2.733777648700197e-10  4.333600145400851e-11 
 1.445439770746023e+03  1.000000000000000e+00  0.000000000000000e+00  1.769559670849210e+01 -9.486157691208703e+01 -2.702318369074419e-10  2.731681547629705e-11 
 1.462177174456815e+03  1.000000000000000e+00  0.000000000000000e+00  1.725735982949062e+01 -9.386632763135330e+01 -2.709388269295232e-10  3.151257033096044e-11 
 1.479108388168306e+03  1.000000000000000e+00  0.000000000000000e+00  1.682827071791885e+01 -9.287951529472591e+01 -2.716555869142212e-10  3.573674689505424e-11 
 1.496235656094533e+03  1.000000000000000e+00  0.000000000000000e+00  1.640815611671965e+01 -9.190113345711336e+01 -2.722977399116644e-10  3.991829089500243e-11 
 1.513561248436309e+03  1.000000000000000e+00  0.000000000000000e+00  1.599684540384260e+01 -9.093117390949135e+01 -2.695648149142471e-10  2.497557716196752e-11 
 1.531087461682132e+03  1.000000000000000e+00  0.000000000000000e+00  1.559417046574227e+01 -8.996962602031508e+01 -2.702660317766004e-10  2.940581111943175e-11 
 1.548816618912585e+03  1.000000000000000e+00  0.000000000000000e+00  1.519996555812497e+01 -8.901647591351863e+01 -2.709450441784611e-10  3.385025593161117e-11 
 1.566751070108254e+03  1.000000000000000e+00  0.000000000000000e+00  1.481406760989274e+01 -8.807170859527830e+01 -2.716258329371612e-10  3.833022788057860e-11 
 1.584893192461219e+03  1.000000000000000e+00  0.000000000000000e+00  1.443631588415441e+01 -8.713530582784938e+01 -2.691993294945405e-10  2.441780111439584e-11 
 1.603245390690149e+03  1.000000000000000e+00  0.000000000000000e+00  1.406655227604156e+01 -8.620724829966537e+01 -2.698659073985255e-10  2.903988161051529e-11 
 1.621810097359039e+03  1.000000000000000e+00  0.000000000000000e+00  1.370462100999362e+01 -8.528751367983718e+01 -2.705884405429515e-10  3.377920165803516e-11 
 1.640589773199649e+03  1.000000000000000e+00  0.000000000000000e+00  1.335036887947957e+01 -8.437607846265735e+01 -2.712621238742940e-10  3.848654728244583e-11 
 1.659586907437672e+03  1.000000000000000e+00  0.000000000000000e+00  1.300364512230764e+01 -8.347291728086694e+01 -2.691509237706669e-10  2.561151291047281e-11 
 1.678804018122673e+03  1.000000000000000e+00  0.000000000000000e+00  1.266430131462267e+01 -8.257800226755678e+01 -2.698627987740565e-10  3.051781050089630e-11 
 1.698243652461858e+03  1.000000000000000e+00  0.000000000000000e+00  1.233219154902508e+01 -8.169130458725121e+01 -2.705151658233262e-10  3.541700266396219e-11 
 1.717908387157704e+03  1.000000000000000e+00  0.000000000000000e+00  1.200717231634569e+01 -8.081279376854712e+01 -2.686570965693136e-10  2.338040872018610e-11 
 1.737800828749492e+03  1.000000000000000e+00  0.000000000000000e+00  1.168910240460380e+01 -7.994243708283716e+01 -2.693489875582600e-10  2.849631641765882e-11 
 1.757923613958811e+03  1.000000000000000e+00  0.000000000000000e+00  1.137784305638450e+01 -7.908020102295946e+01 -2.700173418190843e-10  3.359446054673754e-11 
 1.778279410039043e+03  1.000000000000000e+00  0.000000000000000e+00  1.107325783085640e+01 -7.822605042827696e+01 -2.706426194265532e-10  3.871036824421026e-11 
 1.798870915128909e+03  1.000000000000000e+00  0.000000000000000e+00  1.077521263824378e+01 -7.737994900962578e+01 -2.690185851861315e-10  2.760458528427989e-11 
 1.819700858610106e+03  1.000000000000000e+00  0.000000000000000e+00  1.048357561674314e+01 -7.654185851635953e+01 -2.697135847995469e-10  3.297628836662625e-11 
 1.840772001469080e+03  1.000000000000000e+00  0.000000000000000e+00  1.019821726501476e+01 -7.571174014768405e+01 -2.681694866168982e-10  2.237143803540675e-11 
 1.862087136662994e+03  1.000000000000000e+00  0.000000000000000e+00  9.919010315559715e+00 -7.488955371045401e+01 -2.688853584231765e-10  2.792432951537194e-11 
 1.883649089489928e+03  1.000000000000000e+00  0.000000000000000e+00  9.645829734108272e+00 -7.407525787233172e+01 -2.695448308998039e-10  3.345590471326432e-11 
 1.905460717963377e+03  1.000000000000000e+00  0.000000000000000e+00  9.378552710625872e+00 -7.326881034681425e+01 -2.682152278055128e-10  2.363265139138093e-11 
 1.927524913191067e+03  1.000000000000000e+00  0.000000000000000e+00  9.117058611835770e+00 -7.247016774924005e+01 -2.688662625871530e-10  2.930988785010413e-11 
 1.949844599758178e+03  1.000000000000000e+00  0.000000000000000e+00  8.861228989757233e+00 -7.167928597034792e+01 -2.695110801198553e-10  3.505817858240334e-11 
 1.972422736114988e+03  1.000000000000000e+00  0.000000000000000e+00  8.610947483961148e+00 -7.089611946809072e+01 -2.683306910000738e-10  2.592059900052845e-11 
 1.995262314969016e+03  1.000000000000000e+00  0.000000000000000e+00  8.366099898670068e+00 -7.012062240097882e+01 -2.689977129932686e-10  3.184297270308889e-11 
 2.018366363681699e+03  1.000000000000000e+00  0.000000000000000e+00  8.126574105412905e+00 -6.935274792917741e+01 -2.678977040204700e-10  2.319211489520967e-11 
 2.041737944669669e+03  1.000000000000000e+00  0.000000000000000e+00  7.892260044326440e+00 -6.859244854066611e+01 -2.685616173891958e-10  2.929922970906773e-11 
 2.065380155810671e+03  1.000000000000000e+00  0.000000000000000e+00  7.663049680441130e+00 -6.783967592862157e+01 -2.691817879707514e-10  3.537437009981659e-11 
 2.089296130854183e+03  1.000000000000000e+00  0.000000000000000e+00  7.438836996730243e+00 -6.709438122941988e+01 -2.682174482515620e-10  2.741273874562467e-11 
 2.113489039836792e+03  1.000000000000000e+00  0.000000000000000e+00  7.219517946974848e+00 -6.635651486263208e+01 -2.688538280892772e-10  3.369393652974395e-11 
 2.137962089502379e+03  1.000000000000000e+00  0.000000000000000e+00  7.004990435047826e+00 -6.562602659204856e+01 -2.679858557286252e-10  2.619060524011729e-11 
 2.162718523727169e+03  1.000000000000000e+00  0.000000000000000e+00  6.795154325944490e+00 -6.490286611730411e+01 -2.686428857145984e-10  3.267430770392821e-11 
 2.187761623949703e+03  1.000000000000000e+00  0.000000000000000e+00  6.589911349684354e+00 -6.418698217475929e+01 -2.678270938361038e-10  2.564704004726082e-11 
 2.213094709605790e+03  1.000000000000000e+00  0.000000000000000e+00  6.389165114968336e+00 -6.347832313594690e+01 -2.684763522609046e-10  3.230482548133295e-11 
 2.238721138568494e+03  1.000000000000000e+00  0.000000000000000e+00  6.192821082790699e+00 -6.277683702874091e+01 -2.677500443581948e-10  2.572519974819443e-11 
 2.264644307593216e+03  1.000000000000000e+00  0.000000000000000e+00  6.000786530167659e+00 -6.208247147137365e+01 -2.670652587966060e-10  1.944222560723574e-11 
 2.290867652767931e+03  1.000000000000000e+00  0.000000000000000e+00  5.812970516202538e+00 -6.139517357802004e+01 -2.676874277796060e-10  2.640021534716652e-11 
 2.317394649968639e+03  1.000000000000000e+00  0.000000000000000e+00  5.629283891291651e+00 -6.071489060613040e+01 -2.670887955247281e-10  2.056665948657610e-11 
 2.344228815320084e+03  1.000000000000000e+00  0.000000000000000e+00  5.449639214888538e+00 -6.004156906324627e+01 -2.677269517192826e-10  2.771294305148331e-11 
 2.371373705661819e+03  1.000000000000000e+00  0.000000000000000e+00  5.273950756010764e+00 -5.937515518317856e+01 -2.671587395752795e-10  2.231104190286715e-11 
 2.398832919019656e+03  1.000000000000000e+00  0.000000000000000e+00  5.102134495367711e+00 -5.871559548889329e+01 -2.666729059797035e-10  1.723599041270063e-11 
 2.426610095082583e+03  1.000000000000000e+00  0.000000000000000e+00  4.934108040554504e+00 -5.806283578564364e+01 -2.673012922116413e-10  2.466471471507248e-11 
 2.454708915685200e+03  1.000000000000000e+00  0.000000000000000e+00  4.769790630219090e+00 -5.741682171325762e+01 -2.668478771283844e-10  2.000000165480742e-11 
 2.483133105295743e+03  1.000000000000000e+00  0.000000000000000e+00  4.609103130577587e+00 -5.677749926522905e+01 -2.664590770251607e-10  1.562128204568580e-11 
 2.511886431509754e+03  1.000000000000000e+00  0.000000000000000e+00  4.451967950586027e+00 -5.614481362759130e+01 -2.670357268641510e-10  2.330935444661009e-11 
 2.540972705549481e+03  1.000000000000000e+00  0.000000000000000e+00  4.298309084532553e+00 -5.551871061197315e+01 -2.666897813696778e-10  1.936051319262333e-11 
 2.570395782769042e+03  1.000000000000000e+00  0.000000000000000e+00  4.148052017857557e+00 -5.489913524021686e+01 -2.663644860234626e-10  1.566213825299201e-11 
 2.600159563165453e+03  1.000000000000000e+00  0.000000000000000e+00  4.001123757084899e+00 -5.428603298809895e+01 -2.669646725905750e-10  2.365752038713254e-11 
 2.630267991895565e+03  1.000000000000000e+00  0.000000000000000e+00  3.857452779004095e+00 -5.367934927950450e+01 -2.666930010164492e-10  2.038547108895727e-11 
 2.660725059798995e+03  1.000000000000000e+00  0.000000000000000e+00  3.716968994981583e+00 -5.307902911299634e+01 -2.663886888853995e-10  1.731237375679484e-11 
 2.691534803927103e+03  1.000000000000000e+00  0.000000000000000e+00  3.579603751663787e+00 -5.248501789581899e+01 -2.669774401553582e-10  2.558309120104241e-11 
 2.722701308078103e+03  1.000000000000000e+00  0.000000000000000e+00  3.445289791608395e+00 -5.189726097614417e+01 -2.667541743051061e-10  2.295230672189064e-11 
 2.754228703338359e+03  1.000000000000000e+00  0.000000000000000e+00  3.313961230754712e+00 -5.131570383123709e+01 -2.665609954988213e-10  2.056133041605790e-11 
 2.786121168629965e+03  1.000000000000000e+00  0.000000000000000e+00  3.185553524525055e+00 -5.074029159930415e+01 -2.663471665442785e-10  1.839595142882899e-11 
 2.818382931264651e+03  1.000000000000000e+00  0.000000000000000e+00  3.060003466114814e+00 -5.017096996389083e+01 -2.662278175691313e-10  1.652189496326173e-11 
 2.851018267504109e+03  1.000000000000000e+00  0.000000000000000e+00  2.937249141934082e+00 -4.960768448835773e+01 -2.667385201604588e-10  2.530420317725657e-11 
 2.884031503126808e+03  1.000000000000000e+00  0.000000000000000e+00  2.817229919123403e+00 -4.905038090976227e+01 -2.665816456470793e-10  2.375699637013895e-11 
 2.917427014001372e+03  1.000000000000000e+00  0.000000000000000e+00  2.699886418009512e+00 -4.849900507269295e+01 -2.664986009648374e-10  2.248867758680717e-11 
 2.951209226666593e+03  1.000000000000000e+00  0.000000000000000e+00  2.585160490194379e+00 -4.795350296304294e+01 -2.664147791264782e-10  2.145839061995503e-11 
 2.985382618918170e+03  1.000000000000000e+00  0.000000000000000e+00  2.472995195889438e+00 -4.741382072143146e+01 -2.663070874930895e-10  2.063593740331271e-11 
 3.019951720402229e+03  1.000000000000000e+00  0.000000000000000e+00  2.363334780503875e+00 -4.687990452071953e+01 -2.662300380151805e-10  2.003552879159542e-11 
 3.054921113215728e+03  1.000000000000000e+00  0.000000000000000e+00  2.256124656197076e+00 -4.635170110256413e+01 -2.661805220682822e-10  1.967492835319717e-11 
 3.090295432513808e+03  1.000000000000000e+00  0.000000000000000e+00  2.151311376196292e+00 -4.582915704604933e+01 -2.661534326264814e-10  1.956479422915436e-11 
 3.126079367124176e+03  1.000000000000000e+00  0.000000000000000e+00  2.048842613462526e+00 -4.531221921431296e+01 -2.661451059537967e-10  1.966249385532137e-11 
 3.162277660168603e+03  1.000000000000000e+00  0.000000000000000e+00  1.948667140955717e+00 -4.480083455510508e+01 -2.661226794486993e-10  1.997335630221642e-11 
 3.198895109691624e+03  1.000000000000000e+00  0.000000000000000e+00  1.850734812342759e+00 -4.429495068289248e+01 -2.660883735572384e-10  2.050448699719709e-11 
 3.235936569296512e+03  1.000000000000000e+00  0.000000000000000e+00  1.754996537172742e+00 -4.379451485140024e+01 -2.660873743565162e-10  2.125943865394220e-11 
 3.273406948788614e+03  1.000000000000000e+00  0.000000000000000e+00  1.661404263517503e+00 -4.329947512856596e+01 -2.661110221069407e-10  2.224886941348814e-11 
 3.311311214826146e+03  1.000000000000000e+00  0.000000000000000e+00  1.569910959685268e+00 -4.280977932039990e+01 -2.661292852756958e-10  2.343547578220750e-11 
 3.349654391578515e+03  1.000000000000000e+00  0.000000000000000e+00  1.480470588541504e+00 -4.232537582003719e+01 -2.661219022925820e-10  2.481925776010030e-11 
 3.388441561392267e+03  1.000000000000000e+00  0.000000000000000e+00  1.393038093832369e+00 -4.184621321071290e+01 -2.661706965945143e-10  2.644462426815153e-11 
 3.427677865464748e+03  1.000000000000000e+00  0.000000000000000e+00  1.307569376724803e+00 -4.137224045162485e+01 -2.660257569786495e-10  2.387778863521817e-11 
 3.467368504525564e+03  1.000000000000000e+00  0.000000000000000e+00  1.224021285135578e+00 -4.090340642310838e+01 -2.660721087899276e-10  2.595079706679826e-11 
 3.507518739525930e+03  1.000000000000000e+00  0.000000000000000e+00  1.142351583561396e+00 -4.043966063554480e+01 -2.658041564629343e-10  1.969624463526998e-11 
 3.548133892336008e+03  1.000000000000000e+00  0.000000000000000e+00  1.062518943773740e+00 -3.998095282466731e+01 -2.658804842958773e-10  2.228084383659734e-11 
 3.589219346450309e+03  1.000000000000000e+00  0.000000000000000e+00  9.844829227577117e-01 -3.952723297028246e+01 -2.659222564371788e-10  2.502886786714953e-11 
 3.630780547701273e+03  1.000000000000000e+00  0.000000000000000e+00  9.082039464812082e-01 -3.907845135710396e+01 -2.657656594795554e-10  1.977795704988239e-11 
 3.672823004981110e+03  1.000000000000000e+00  0.000000000000000e+00  8.336432965555480e-01 -3.863455850522890e+01 -2.658014364165240e-10  2.302869006598485e-11 
 3.715352290971992e+03  1.000000000000000e+00  0.000000000000000e+00  7.607630789162900e-01 -3.819550557764353e+01 -2.658193942739473e-10  2.643396612711513e-11 
 3.758374042884712e+03  1.000000000000000e+00  0.000000000000000e+00  6.895262266279264e-01 -3.776124367584466e+01 -2.657588593635296e-10  2.609112925711088e-11 
 3.801893963205885e+03  1.000000000000000e+00  0.000000000000000e+00  6.198964754166169e-01 -3.733172427374352e+01 -2.658404052446883e-10  2.995292902596702e-11 
 3.845917820453813e+03  1.000000000000000e+00  0.000000000000000e+00  5.518383344478903e-01 -3.690689948031596e+01 -2.657015718554590e-10  2.621192152219010e-11 
 3.890451449943086e+03  1.000000000000000e+00  0.000000000000000e+00  4.853170979347942e-01 -3.648672129111466e+01 -2.657516290360817e-10  3.053912678296911e-11 
 3.935500754558058e+03  1.000000000000000e+00  0.000000000000000e+00  4.202988021671311e-01 -3.607114239548673e+01 -2.656254660671209e-10  2.742872595717927e-11 
 3.981071705535260e+03  1.000000000000000e+00  0.000000000000000e+00  3.567502255166050e-01 -3.566011565680257e+01 -2.655612257873585e-10  2.468958371082408e-11 
 4.027170343254882e+03  1.000000000000000e+00  0.000000000000000e+00  2.946388699683348e-01 -3.525359433585949e+01 -2.655947684004900e-10  2.972022628000559e-11 
 4.073802778041422e+03  1.000000000000000e+00  0.000000000000000e+00  2.339329460820235e-01 -3.485153197563426e+01 -2.655402425721931e-10  2.758504535904649e-11 
 4.120975190973601e+03  1.000000000000000e+00  0.000000000000000e+00  1.746013587015381e-01 -3.445388250563342e+01 -2.654660172241030e-10  2.577849045337643e-11 
 4.168693834703657e+03  1.000000000000000e+00  0.000000000000000e+00  1.166136925520826e-01 -3.406060018713193e+01 -2.654151447234465e-10  2.432543055874703e-11 
 4.216965034286129e+03  1.000000000000000e+00  0.000000000000000e+00  5.994019825907082e-02 -3.367163962890731e+01 -2.654270206403631e-10  3.029043682545307e-11 
 4.265795188016236e+03  1.000000000000000e+00  0.000000000000000e+00  4.551778859011417e-03 -3.328695578912266e+01 -2.653674020976216e-10  2.942002197414695e-11 
 4.315190768277966e+03  1.000000000000000e+00  0.000000000000000e+00 -4.958001804169705e-02 -3.290650386890779e+01 -2.653381351441775e-10  2.886579864025407e-11 
 4.365158322401977e+03  1.000000000000000e+00  0.000000000000000e+00 -1.024830368897635e-01 -3.253023974510082e+01 -2.652971071992472e-10  2.178879299208347e-11 
 4.415704473533447e+03  1.000000000000000e+00  0.000000000000000e+00 -1.541844857282718e-01 -3.215811921747103e+01 -2.652441738471012e-10  2.195399417814770e-11 
 4.466835921509957e+03  1.000000000000000e+00  0.000000000000000e+00 -2.047109907314758e-01 -3.179009876084882e+01 -2.652387753876440e-10  2.245403862843887e-11 
 4.518559443749554e+03  1.000000000000000e+00  0.000000000000000e+00 -2.540885846930896e-01 -3.142613509714040e+01 -2.651895647520774e-10  2.324540560039168e-11 
 4.570881896149084e+03  1.000000000000000e+00  0.000000000000000e+00 -3.023427252261760e-01 -3.106618530335049e+01 -2.651468350434172e-10  2.434763501923953e-11 
 4.623810213992941e+03  1.000000000000000e+00  0.000000000000000e+00 -3.494983065596918e-01 -3.071020679998965e+01 -2.651156516542130e-10  2.575806234972333e-11 
 4.677351412872325e+03  1.000000000000000e+00  0.000000000000000e+00 -3.955796720518004e-01 -3.035815739951283e+01 -2.650467761933228e-10  2.746602945080667e-11 
 4.731512589615151e+03  1.000000000000000e+00  0.000000000000000e+00 -4.406106173841320e-01 -3.000999513605922e+01 -2.650474978382888e-10  2.314859415264436e-11 
 4.786300923226734e+03  1.000000000000000e+00  0.000000000000000e+00 -4.846144313142529e-01 -2.966567869476938e+01 -2.649830910250728e-10  2.551114874904670e-11 
 4.841723675841348e+03  1.000000000000000e+00  0.000000000000000e+00 -5.276138565899211e-01 -2.932516676022193e+01 -2.649282182520807e-10  2.819433575496078e-11 
 4.897788193684822e+03  1.000000000000000e+00  0.000000000000000e+00 -5.696311508432870e-01 -2.898841862936021e+01 -2.649232222484699e-10  2.503242058082833e-11 
 4.954501908048266e+03  1.000000000000000e+00  0.000000000000000e+00 -6.106880757888559e-01 -2.865539393918619e+01 -2.648607444477591e-10  2.835331969208710e-11 
 5.011872336273092e+03  1.000000000000000e+00  0.000000000000000e+00 -6.508058860559752e-01 -2.832605246743952e+01 -2.648291030915573e-10  2.596234338625436e-11 
 5.069907082747417e+03  1.000000000000000e+00  0.000000000000000e+00 -6.900053744836311e-01 -2.800035446900527e+01 -2.648001817817658e-10  2.696598500051550e-11 
 5.128613839914026e+03  1.000000000000000e+00  0.000000000000000e+00 -7.283068853293091e-01 -2.767826074374821e+01 -2.647571606395616e-10  2.535482934717948e-11 
 5.188000389289994e+03  1.000000000000000e+00  0.000000000000000e+00 -7.657302836262105e-01 -2.735973217955731e+01 -2.646421692897860e-10  2.995914627490492e-11 
 5.248074602498114e+03  1.000000000000000e+00  0.000000000000000e+00 -8.022949894176031e-01 -2.704473005133513e+01 -2.646070584866322e-10  2.911448859777011e-11 
 5.308844442310276e+03  1.000000000000000e+00  0.000000000000000e+00 -8.380200008415534e-01 -2.673321609836899e+01 -2.645129670852953e-10  3.148326044311034e-11 
 5.370317963702924e+03  1.000000000000000e+00  0.000000000000000e+00 -8.729238821037684e-01 -2.642515236182457e+01 -2.644523489081507e-10  3.139355442272063e-11 
 5.432503314924734e+03  1.000000000000000e+00  0.000000000000000e+00 -9.070247792127336e-01 -2.612050121908506e+01 -2.644250929328962e-10  3.170796958329447e-11 
 5.495408738576652e+03  1.000000000000000e+00  0.000000000000000e+00 -9.403404284223477e-01 -2.581922538800076e+01 -2.643530949697492e-10  3.238920243120447e-11 
 5.559042572704448e+03  1.000000000000000e+00  0.000000000000000e+00 -9.728881581287172e-01 -2.552128788387380e+01 -2.642573382338753e-10  3.345590471326432e-11 
 5.623413251903908e+03  1.000000000000000e+00  0.000000000000000e+00 -1.004684928881696e+00 -2.522665224873424e+01 -2.643436025628887e-10  2.957722955443387e-11 
 5.688529308438837e+03  1.000000000000000e+00  0.000000000000000e+00 -1.035747284424414e+00 -2.493528210480223e+01 -2.642452923140581e-10  3.146283233945724e-11 
 5.754399373371997e+03  1.000000000000000e+00  0.000000000000000e+00 -1.066091417969276e+00 -2.464714161340741e+01 -2.642976948408204e-10  2.850519820185582e-11 
 5.821032177709148e+03  1.000000000000000e+00  0.000000000000000e+00 -1.095733147545444e+00 -2.436219522183461e+01 -2.641465379760177e-10  3.116440439043799e-11 
 5.888436553556328e+03  1.000000000000000e+00  0.000000000000000e+00 -1.124687931056782e+00 -2.408040770520319e+01 -2.642036034394835e-10  2.912603491722621e-11 
 5.956621435290549e+03  1.000000000000000e+00  0.000000000000000e+00 -1.152970865377327e+00 -2.380174410670566e+01 -2.642125962459829e-10  2.753530736754328e-11 
 6.025595860744027e+03  1.000000000000000e+00  0.000000000000000e+00 -1.180596720649154e+00 -2.352616994137073e+01 -2.640014318266992e-10  3.137490267590692e-11 
 6.095368972402147e+03  1.000000000000000e+00  0.000000000000000e+00 -1.207579920617625e+00 -2.325365097778822e+01 -2.640057061853440e-10  3.066880083224532e-11 
 6.165950018615283e+03  1.000000000000000e+00  0.000000000000000e+00 -1.233934559824380e+00 -2.298415333372307e+01 -2.639605201082418e-10  3.041655816105049e-11 
 6.237348354824660e+03  1.000000000000000e+00  0.000000000000000e+00 -1.259674408920432e+00 -2.271764343734235e+01 -2.638924634368323e-10  3.060307562918752e-11 
 6.309573444802405e+03  1.000000000000000e+00  0.000000000000000e+00 -1.284812913869827e+00 -2.245408799777372e+01 -2.637181584219661e-10  3.361133593671184e-11 
 6.382634861905965e+03  1.000000000000000e+00  0.000000000000000e+00 -1.309363239155327e+00 -2.219345423219453e+01 -2.638695928425250e-10  2.999289705485353e-11 
 6.456542290347040e+03  1.000000000000000e+00  0.000000000000000e+00 -1.333338208612043e+00 -2.193570942501970e+01 -2.636175722159351e-10  3.384315050425357e-11 
 6.531305526475215e+03  1.000000000000000e+00  0.000000000000000e+00 -1.356750367931514e+00 -2.168082130222455e+01 -2.634683582414254e-10  3.578559670813775e-11 
 6.606934480076457e+03  1.000000000000000e+00  0.000000000000000e+00 -1.379611993259680e+00 -2.142875804737594e+01 -2.634771290033200e-10  3.361577682881034e-11 
 6.683439175686650e+03  1.000000000000000e+00  0.000000000000000e+00 -1.401935037733815e+00 -2.117948790544976e+01 -2.632814521952298e-10  3.646771773446744e-11 
 6.760829753920328e+03  1.000000000000000e+00  0.000000000000000e+00 -1.423731205037227e+00 -2.093297961187547e+01 -2.633123163953144e-10  3.531397396727698e-11 
 6.839116472814810e+03  1.000000000000000e+00  0.000000000000000e+00 -1.445011918417565e+00 -2.068920216934817e+01 -2.632796203272392e-10  3.465938647195799e-11 
 6.918309709189888e+03  1.000000000000000e+00  0.000000000000000e+00 -1.465788323872846e+00 -2.044812481636852e+01 -2.632320472706340e-10  3.452260699532417e-11 
 6.998419960023265e+03  1.000000000000000e+00  0.000000000000000e+00 -1.486071337792776e+00 -2.020971729033182e+01 -2.632038476058085e-10  3.490274735895582e-11 
 7.079457843841916e+03  1.000000000000000e+00  0.000000000000000e+00 -1.505871581203417e+00 -1.997394939428239e+01 -2.630736184450200e-10  3.575184592818914e-11 
 7.161434102129563e+03  1.000000000000000e+00  0.000000000000000e+00 -1.525199444708409e+00 -1.974079134451311e+01 -2.632149498360548e-10  3.293543215932004e-11 
 7.244359600750450e+03  1.000000000000000e+00  0.000000000000000e+00 -1.544065096115541e+00 -1.951021378474360e+01 -2.630412554438522e-10  3.481837040908431e-11 
 7.328245331389598e+03  1.000000000000000e+00  0.000000000000000e+00 -1.562478422440412e+00 -1.928218741873915e+01 -2.629382267471669e-10  3.512301560704145e-11 
 7.413102413009738e+03  1.000000000000000e+00  0.000000000000000e+00 -1.580449108168209e+00 -1.905668342948367e+01 -2.629825246458495e-10  3.396571912617219e-11 
 7.498942093325129e+03  1.000000000000000e+00  0.000000000000000e+00 -1.597986587719425e+00 -1.883367317766989e+01 -2.625069606132513e-10  3.930633596382904e-11 
 7.585775750292415e+03  1.000000000000000e+00  0.000000000000000e+00 -1.615100090776213e+00 -1.861312841639709e+01 -2.624899742009745e-10  3.919620183978623e-11 
 7.673614893618774e+03  1.000000000000000e+00  0.000000000000000e+00 -1.631798619009075e+00 -1.839502115125003e+01 -2.623596340178835e-10  3.960298755600888e-11 
 7.762471166287509e+03  1.000000000000000e+00  0.000000000000000e+00 -1.648090957129272e+00 -1.817932365771435e+01 -2.625407113931999e-10  3.673950033089568e-11 
 7.852356346101316e+03  1.000000000000000e+00  0.000000000000000e+00 -1.663985670078115e+00 -1.796600845571468e+01 -2.623700701143150e-10  3.828404260275420e-11 
 7.943282347243421e+03  1.000000000000000e+00  0.000000000000000e+00 -1.679491138619261e+00 -1.775504846446642e+01 -2.624483408375511e-10  3.660893810319976e-11 
 8.035261221856787e+03  1.000000000000000e+00  0.000000000000000e+00 -1.694615517713105e+00 -1.754641674774448e+01 -2.624959694053075e-10  3.554667671323841e-11 
 8.128305161641614e+03  1.000000000000000e+00  0.000000000000000e+00 -1.709366788875437e+00 -1.734008678315495e+01 -2.621656225443303e-10  3.874589538099826e-11 
 8.222426499471341e+03  1.000000000000000e+00  0.000000000000000e+00 -1.723752728695510e+00 -1.713603225975804e+01 -2.618915084795503e-10  4.062261638182463e-11 
 8.317637711027348e+03  1.000000000000000e+00  0.000000000000000e+00 -1.737780912761452e+00 -1.693422708682230e+01 -2.619587324836914e-10  3.949640614564487e-11 
 8.413951416452597e+03  1.000000000000000e+00  0.000000000000000e+00 -1.751458753986180e+00 -1.673464555509679e+01 -2.617444039287875e-10  4.073896775480534e-11 
 8.511380382024419e+03  1.000000000000000e+00  0.000000000000000e+00 -1.764793471638056e+00 -1.653726216296757e+01 -2.615328509314452e-10  4.257838526200430e-11 
 8.609937521846668e+03  1.000000000000000e+00  0.000000000000000e+00 -1.777792097024342e+00 -1.634205163706119e+01 -2.615749838952297e-10  4.152589383465966e-11 
 8.709635899561477e+03  1.000000000000000e+00  0.000000000000000e+00 -1.790461509411338e+00 -1.614898906821614e+01 -2.615286875951028e-10  4.110667362056120e-11 
 8.810488730080820e+03  1.000000000000000e+00  0.000000000000000e+00 -1.802808394608158e+00 -1.595804970562060e+01 -2.614508054499254e-10  4.132738595785668e-11 
 8.912509381338143e+03  1.000000000000000e+00  0.000000000000000e+00 -1.814839293634119e+00 -1.576920915596651e+01 -2.613035343657089e-10  4.217426408104075e-11 
 9.015711376060264e+03  1.000000000000000e+00  0.000000000000000e+00 -1.826560573557381e+00 -1.558244324479597e+01 -2.612127181222945e-10  4.198197345317567e-11 
 9.120108393559802e+03  1.000000000000000e+00  0.000000000000000e+00 -1.837978429869964e+00 -1.539772800473215e+01 -2.611192373436211e-10  4.245670481850539e-11 
 9.225714271548344e+03  1.000000000000000e+00  0.000000000000000e+00 -1.849098909972811e+00 -1.521503975317409e+01 -2.610847094075552e-10  4.195088720848617e-11 
 9.332543007970631e+03  1.000000000000000e+00  0.000000000000000e+00 -1.859927921481666e+00 -1.503435512839895e+01 -2.606457272236185e-10  4.529843167233594e-11 
 9.440608762859963e+03  1.000000000000000e+00  0.000000000000000e+00 -1.870471208241221e+00 -1.485565095437139e+01 -2.608296356676476e-10  4.295985789326551e-11 
 9.549925860215099e+03  1.000000000000000e+00  0.000000000000000e+00 -1.880734356677642e+00 -1.467890427409621e+01 -2.605882731820941e-10  4.445110945994202e-11 
 9.660508789898882e+03  1.000000000000000e+00  0.000000000000000e+00 -1.890722817284552e+00 -1.450409240082996e+01 -2.606028726148679e-10  4.351408122715839e-11 
 9.772372209558866e+03  1.000000000000000e+00  0.000000000000000e+00 -1.900441923712646e+00 -1.433119299347351e+01 -2.604182980370240e-10  4.482680893147517e-11 
 9.885530946570156e+03  1.000000000000000e+00  0.000000000000000e+00 -1.909896814143872e+00 -1.416018373953045e+01 -2.600686888065695e-10  4.678346599007455e-11 
 1.000000000000078e+04  1.000000000000000e+00  0.000000000000000e+00 -1.919092543975949e+00 -1.399104275463154e+01 -2.602367210613465e-10  4.498668104702119e-11 
 1.011579454259977e+04  1.000000000000000e+00  0.000000000000000e+00 -1.928034005080261e+00 -1.382374829422393e+01 -2.599025994420856e-10  4.683808896288610e-11 
 1.023292992280834e+04  1.000000000000000e+00  0.000000000000000e+00 -1.936725977589090e+00 -1.365827890406969e+01 -2.598465331793420e-10  4.648814666552425e-11 
 1.035142166679424e+04  1.000000000000000e+00  0.000000000000000e+00 -1.945173105261286e+00 -1.349461334485519e+01 -2.597278503380096e-10  4.688383015150066e-11 
 1.047128548050981e+04  1.000000000000000e+00  0.000000000000000e+00 -1.953379881615547e+00 -1.333273051795670e+01 -2.596595716219952e-10  4.658851082695037e-11 
 1.059253725177371e+04  1.000000000000000e+00  0.000000000000000e+00 -1.961350722631615e+00 -1.317260971316511e+01 -2.595471060296006e-10  4.706102174623084e-11 
 1.071519305237690e+04  1.000000000000000e+00  0.000000000000000e+00 -1.969089899199500e+00 -1.301423035537730e+01 -2.590749281772275e-10  4.962830146837405e-11 
 1.083926914021288e+04  1.000000000000000e+00  0.000000000000000e+00 -1.976601543367703e+00 -1.285757203895977e+01 -2.592941972245910e-10  4.748113013874899e-11 
 1.096478196143271e+04  1.000000000000000e+00  0.000000000000000e+00 -1.983889715621276e+00 -1.270261472391651e+01 -2.590256342749342e-10  4.883293769353259e-11 
 1.109174815262488e+04  1.000000000000000e+00  0.000000000000000e+00 -1.990958337810725e+00 -1.254933850317008e+01 -2.588089742516786e-10  4.959810340210424e-11 
 1.122018454302051e+04  1.000000000000000e+00  0.000000000000000e+00 -1.997811211793638e+00 -1.239772367417275e+01 -2.585044400760239e-10  5.113909296028396e-11 
 1.135010815672404e+04  1.000000000000000e+00  0.000000000000000e+00 -2.004452037875921e+00 -1.224775076675392e+01 -2.582580815868596e-10  5.213873777165645e-11 
 1.148153621496973e+04  1.000000000000000e+00  0.000000000000000e+00 -2.010884411024906e+00 -1.209940054022836e+01 -2.582731806199945e-10  5.136291392204839e-11 
 1.161448613840434e+04  1.000000000000000e+00  0.000000000000000e+00 -2.017111831773148e+00 -1.195265399933866e+01 -2.581517222211005e-10  5.140776693224325e-11 
 1.174897554939622e+04  1.000000000000000e+00  0.000000000000000e+00 -2.023137661244223e+00 -1.180749224729807e+01 -2.575033519747194e-10  5.476730180475897e-11 
 1.188502227437112e+04  1.000000000000000e+00  0.000000000000000e+00 -2.028965217223138e+00 -1.166389677317989e+01 -2.575316626618473e-10  5.396172397809096e-11 
 1.202264434617508e+04  1.000000000000000e+00  0.000000000000000e+00 -2.034597649716300e+00 -1.152184907548898e+01 -2.574309654335138e-10  5.401235014801387e-11 
 1.216186000646464e+04  1.000000000000000e+00  0.000000000000000e+00 -2.040038055642387e+00 -1.138133098731153e+01 -2.575715196684314e-10  5.249978229926455e-11 
 1.230268770812479e+04  1.000000000000000e+00  0.000000000000000e+00 -2.045289436023035e+00 -1.124232454381923e+01 -2.569784385286766e-10  5.544631420661972e-11 
 1.244514611771483e+04  1.000000000000000e+00  0.000000000000000e+00 -2.050354674145949e+00 -1.110481191633803e+01 -2.570283985647848e-10  5.449196649465193e-11 
 1.258925411794267e+04  1.000000000000000e+00  0.000000000000000e+00 -2.055236573619386e+00 -1.096877551635623e+01 -2.567411838683142e-10  5.560307769769679e-11 
 1.273503081016763e+04  1.000000000000000e+00  0.000000000000000e+00 -2.059937846647883e+00 -1.083419795117788e+01 -2.566469259335236e-10  5.526512580900089e-11 
 1.288249551693236e+04  1.000000000000000e+00  0.000000000000000e+00 -2.064461115803750e+00 -1.070106202309334e+01 -2.560471834556211e-10  5.810818493046099e-11 
 1.303166778452403e+04  1.000000000000000e+00  0.000000000000000e+00 -2.068808915577162e+00 -1.056935072718495e+01 -2.560712752952554e-10  5.731326524482938e-11 
 1.318256738556512e+04  1.000000000000000e+00  0.000000000000000e+00 -2.072983695996621e+00 -1.043904726045875e+01 -2.559075173991232e-10  5.744471565094500e-11 
 1.333521432163430e+04  1.000000000000000e+00  0.000000000000000e+00 -2.076987821820532e+00 -1.031013500801989e+01 -2.560323064670911e-10  5.633848942920849e-11 
 1.348962882591761e+04  1.000000000000000e+00  0.000000000000000e+00 -2.080823585465541e+00 -1.018259756888956e+01 -2.555016198613203e-10  5.831823912672007e-11 
 1.364583136589033e+04  1.000000000000000e+00  0.000000000000000e+00 -2.084493164906254e+00 -1.005641865338130e+01 -2.552527078591993e-10  5.908873390580993e-11 
 1.380384264602995e+04  1.000000000000000e+00  0.000000000000000e+00 -2.087998692782085e+00 -9.931582246238809e+00 -2.552131839195226e-10  5.868638908168577e-11 
 1.396368361056049e+04  1.000000000000000e+00  0.000000000000000e+00 -2.091342210832917e+00 -9.808072485502112e+00 -2.545352817406865e-10  6.132028218530650e-11 
 1.412537544622867e+04  1.000000000000000e+00  0.000000000000000e+00 -2.094525683468840e+00 -9.685873691993827e+00 -2.545220700866935e-10  6.078293424138792e-11 
 1.428893958511217e+04  1.000000000000000e+00  0.000000000000000e+00 -2.097550999727695e+00 -9.564970372651427e+00 -2.542794863558129e-10  6.122746754044783e-11 
 1.445439770746043e+04  1.000000000000000e+00  0.000000000000000e+00 -2.100419975233992e+00 -9.445347220272895e+00 -2.538635968107883e-10  6.267342200771964e-11 
 1.462177174456835e+04  1.000000000000000e+00  0.000000000000000e+00 -2.103134350813153e+00 -9.326989100843498e+00 -2.536360010907401e-10  6.310818534416285e-11 
 1.479108388168326e+04  1.000000000000000e+00  0.000000000000000e+00 -2.105695785418311e+00 -9.209881039227437e+00 -2.535966991956684e-10  6.259659457441558e-11 
 1.496235656094553e+04  1.000000000000000e+00  0.000000000000000e+00 -2.108105890171139e+00 -9.094008289615296e+00 -2.529136899909190e-10  6.504352612068942e-11 
 1.513561248436329e+04  1.000000000000000e+00  0.000000000000000e+00 -2.110366195096063e+00 -8.979356253414039e+00 -2.528686149361192e-10  6.468647839596997e-11 
 1.531087461682153e+04  1.000000000000000e+00  0.000000000000000e+00 -2.112478162225781e+00 -8.865910508091796e+00 -2.521123310117446e-10  6.722800094394188e-11 
 1.548816618912606e+04  1.000000000000000e+00  0.000000000000000e+00 -2.114443176008501e+00 -8.753656783883791e+00 -2.523823372513334e-10  6.522116180462945e-11 
 1.566751070108275e+04  1.000000000000000e+00  0.000000000000000e+00 -2.116262577757042e+00 -8.642581029810582e+00 -2.520120778726209e-10  6.616707182161008e-11 
 1.584893192461241e+04  1.000000000000000e+00  0.000000000000000e+00 -2.117937633189253e+00 -8.532669343067312e+00 -2.514177754875391e-10  6.818456910195891e-11 
 1.603245390690170e+04  1.000000000000000e+00  0.000000000000000e+00 -2.119469533686579e+00 -8.423907969589580e+00 -2.513760311018132e-10  6.766587290485404e-11 
 1.621810097359060e+04  1.000000000000000e+00  0.000000000000000e+00 -2.120859431053156e+00 -8.316283368777709e+00 -2.506321816753143e-10  7.001244028970177e-11 
 1.640589773199671e+04  1.000000000000000e+00  0.000000000000000e+00 -2.122108393791777e+00 -8.209782124847749e+00 -2.505060603397169e-10  6.995959367372961e-11 
 1.659586907437694e+04  1.000000000000000e+00  0.000000000000000e+00 -2.123217453186284e+00 -8.104391032140605e+00 -2.502775764412490e-10  7.016209835342124e-11 
 1.678804018122696e+04  1.000000000000000e+00  0.000000000000000e+00 -2.124187558421513e+00 -8.000097004842534e+00 -2.497219098174241e-10  7.147527014694788e-11 
 1.698243652461881e+04  1.000000000000000e+00  0.000000000000000e+00 -2.125019626470121e+00 -7.896887174559067e+00 -2.500027962426543e-10  6.975731103864291e-11 
 1.717908387157727e+04  1.000000000000000e+00  0.000000000000000e+00 -2.125714492066343e+00 -7.794748782651503e+00 -2.491292727668792e-10  7.253375677862550e-11 
 1.737800828749516e+04  1.000000000000000e+00  0.000000000000000e+00 -2.126272958658365e+00 -7.693669280183240e+00 -2.491854500519253e-10  7.151612635425408e-11 
 1.757923613958835e+04  1.000000000000000e+00  0.000000000000000e+00 -2.126695743227457e+00 -7.593636224597370e+00 -2.485377459393590e-10  7.332179308150444e-11 
 1.778279410039067e+04  1.000000000000000e+00  0.000000000000000e+00 -2.126983552859539e+00 -7.494637409381154e+00 -2.483935279684601e-10  7.309886029815971e-11 
 1.798870915128933e+04  1.000000000000000e+00  0.000000000000000e+00 -2.127137019839678e+00 -7.396660745745963e+00 -2.475241123178762e-10  7.565947868215517e-11 
 1.819700858610131e+04  1.000000000000000e+00  0.000000000000000e+00 -2.127156705441640e+00 -7.299694273529626e+00 -2.471509663592997e-10  7.627920517450093e-11 
 1.840772001469105e+04  1.000000000000000e+00  0.000000000000000e+00 -2.127043162256246e+00 -7.203726256913710e+00 -2.468497628527189e-10  7.658318423864330e-11 
 1.862087136663018e+04  1.000000000000000e+00  0.000000000000000e+00 -2.126796854005214e+00 -7.108745055898487e+00 -2.462117176804668e-10  7.812328561840332e-11 
 1.883649089489953e+04  1.000000000000000e+00  0.000000000000000e+00 -2.126418238574423e+00 -7.014739253493341e+00 -2.460557313455070e-10  7.790457168255216e-11 
 1.905460717963402e+04  1.000000000000000e+00  0.000000000000000e+00 -2.125907693052570e+00 -6.921697529807053e+00 -2.455388115052415e-10  7.896883147395783e-11 
 1.927524913191092e+04  1.000000000000000e+00  0.000000000000000e+00 -2.125265563328798e+00 -6.829608749066235e+00 -2.454800807072388e-10  7.837819282485725e-11 
 1.949844599758204e+04  1.000000000000000e+00  0.000000000000000e+00 -2.124492136958220e+00 -6.738461902732759e+00 -2.446286506696538e-10  8.053180344802513e-11 
 1.972422736115014e+04  1.000000000000000e+00  0.000000000000000e+00 -2.123587693779473e+00 -6.648246196534303e+00 -2.442057667195741e-10  8.110090377044799e-11 
 1.995262314969042e+04  1.000000000000000e+00  0.000000000000000e+00 -2.122552425314979e+00 -6.558950912774019e+00 -2.442324120721651e-10  8.019496178235386e-11 
 2.018366363681725e+04  1.000000000000000e+00  0.000000000000000e+00 -2.121386516681876e+00 -6.470565543045082e+00 -2.434658030736614e-10  8.203482337876267e-11 
 2.041737944669696e+04  1.000000000000000e+00  0.000000000000000e+00 -2.120090101925093e+00 -6.383079712363610e+00 -2.426440159908339e-10  8.378631122241131e-11 
 2.065380155810698e+04  1.000000000000000e+00  0.000000000000000e+00 -2.118663264584416e+00 -6.296483177988305e+00 -2.426969736291085e-10  8.285838681842961e-11 
 2.089296130854210e+04  1.000000000000000e+00  0.000000000000000e+00 -2.117106085198709e+00 -6.210765901489046e+00 -2.418795164160770e-10  8.463607592545941e-11 
 2.113489039836820e+04  1.000000000000000e+00  0.000000000000000e+00 -2.115418551073943e+00 -6.125917907032190e+00 -2.414685118523607e-10  8.515277372111996e-11 
 2.137962089502407e+04  1.000000000000000e+00  0.000000000000000e+00 -2.113600670936738e+00 -6.041929454109315e+00 -2.405763366297720e-10  8.703815446153840e-11 
 2.162718523727198e+04  1.000000000000000e+00  0.000000000000000e+00 -2.111652396409240e+00 -5.958790914598423e+00 -2.404649812604021e-10  8.648104454778149e-11 
 2.187761623949732e+04  1.000000000000000e+00  0.000000000000000e+00 -2.109573637301847e+00 -5.876492798648783e+00 -2.399056509005959e-10  8.737277568116042e-11 
 2.213094709605820e+04  1.000000000000000e+00  0.000000000000000e+00 -2.107364280136721e+00 -5.795025771682045e+00 -2.392778197801704e-10  8.844347476610892e-11 
 2.238721138568524e+04  1.000000000000000e+00  0.000000000000000e+00 -2.105024194849705e+00 -5.714380668421800e+00 -2.385444064501030e-10  8.970579834510772e-11 
 2.264644307593246e+04  1.000000000000000e+00  0.000000000000000e+00 -2.102553199183141e+00 -5.634548436249911e+00 -2.377447128054655e-10  9.120837418663541e-11 
 2.290867652767962e+04  1.000000000000000e+00  0.000000000000000e+00 -2.099951093749340e+00 -5.555520182175382e+00 -2.374260787973981e-10  9.117240296063756e-11 
 2.317394649968670e+04  1.000000000000000e+00  0.000000000000000e+00 -2.097217644262947e+00 -5.477287150476053e+00 -2.370058593825775e-10  9.146550183913860e-11 
 2.344228815320116e+04  1.000000000000000e+00  0.000000000000000e+00 -2.094352621297629e+00 -5.399840765736672e+00 -2.362841033942686e-10  9.269318645976909e-11 
 2.371373705661851e+04  1.000000000000000e+00  0.000000000000000e+00 -2.091355741200783e+00 -5.323172558810070e+00 -2.357776196504346e-10  9.310485715730010e-11 
 2.398832919019689e+04  1.000000000000000e+00  0.000000000000000e+00 -2.088226707622703e+00 -5.247274214957538e+00 -2.351578931580889e-10  9.393641420274434e-11 
 2.426610095082616e+04  1.000000000000000e+00  0.000000000000000e+00 -2.084965204161035e+00 -5.172137564951052e+00 -2.343760741041478e-10  9.518719146228705e-11 
 2.454708915685234e+04  1.000000000000000e+00  0.000000000000000e+00 -2.081570886084113e+00 -5.097754572811459e+00 -2.338196303242057e-10  9.577960646822703e-11 
 2.483133105295776e+04  1.000000000000000e+00  0.000000000000000e+00 -2.078043409189695e+00 -5.024117363871595e+00 -2.330603487976646e-10  9.684653079489181e-11 
 2.511886431509789e+04  1.000000000000000e+00  0.000000000000000e+00 -2.074382393100319e+00 -4.951218182577730e+00 -2.325144521364564e-10  9.735989792147848e-11 
 2.540972705549516e+04  1.000000000000000e+00  0.000000000000000e+00 -2.070587464829313e+00 -4.879049442538379e+00 -2.317379621530335e-10  9.840595005528030e-11 
 2.570395782769077e+04  1.000000000000000e+00  0.000000000000000e+00 -2.066658216131574e+00 -4.807603670335167e+00 -2.311409952326926e-10  9.898371011729523e-11 
 2.600159563165488e+04  1.000000000000000e+00  0.000000000000000e+00 -2.062594246740341e+00 -4.736873553960283e+00 -2.300809542887805e-10  1.006541516801462e-10 
 2.630267991895601e+04  1.000000000000000e+00  0.000000000000000e+00 -2.058395118824594e+00 -4.666851893920492e+00 -2.293911727235809e-10  1.014353046002725e-10 
 2.660725059799031e+04  1.000000000000000e+00  0.000000000000000e+00 -2.054060423530138e+00 -4.597531666447276e+00 -2.286230094128427e-10  1.023658935395133e-10 
 2.691534803927140e+04  1.000000000000000e+00  0.000000000000000e+00 -2.049589717056903e+00 -4.528905957726733e+00 -2.277459332233889e-10  1.034741181626941e-10 
 2.722701308078139e+04  1.000000000000000e+00  0.000000000000000e+00 -2.044982561090274e+00 -4.460968003615165e+00 -2.273868870972251e-10  1.033755303581074e-10 
 2.754228703338396e+04  1.000000000000000e+00  0.000000000000000e+00 -2.040238512680993e+00 -4.393711173309440e+00 -2.260749365490256e-10  1.054245579723556e-10 
 2.786121168630003e+04  1.000000000000000e+00  0.000000000000000e+00 -2.035357118047488e+00 -4.327128963686297e+00 -2.252600328489507e-10  1.063586996252752e-10 
 2.818382931264689e+04  1.000000000000000e+00  0.000000000000000e+00 -2.030337944338877e+00 -4.261215028745635e+00 -2.246712815789920e-10  1.066928767556874e-10 
 2.851018267504148e+04  1.000000000000000e+00  0.000000000000000e+00 -2.025180550687399e+00 -4.195963146637462e+00 -2.239194385467158e-10  1.074060840267066e-10 
 2.884031503126847e+04  1.000000000000000e+00  0.000000000000000e+00 -2.019884490799726e+00 -4.131367221026806e+00 -2.227892315076474e-10  1.089648371532803e-10 
 2.917427014001411e+04  1.000000000000000e+00  0.000000000000000e+00 -2.014449341914738e+00 -4.067421303335724e+00 -2.221933748103311e-10  1.091537971120715e-10 
 2.951209226666633e+04  1.000000000000000e+00  0.000000000000000e+00 -2.008874664444108e+00 -4.004119559348142e+00 -2.210299721028264e-10  1.107118841048305e-10 
 2.985382618918210e+04  1.000000000000000e+00  0.000000000000000e+00 -2.003160063146565e+00 -3.941456313807019e+00 -2.201873128271359e-10  1.114501824162062e-10 
 3.019951720402270e+04  1.000000000000000e+00  0.000000000000000e+00 -1.997305127893652e+00 -3.879426000291780e+00 -2.193047410337101e-10  1.123193760221852e-10 
 3.054921113215770e+04  1.000000000000000e+00  0.000000000000000e+00 -1.991309470919973e+00 -3.818023188634811e+00 -2.183284109058548e-10  1.133259042163104e-10 
 3.090295432513850e+04  1.000000000000000e+00  0.000000000000000e+00 -1.985172713013456e+00 -3.757242573646567e+00 -2.176352431604300e-10  1.137060445799420e-10 
 3.126079367124218e+04  1.000000000000000e+00  0.000000000000000e+00 -1.978894509267674e+00 -3.697078989357970e+00 -2.168265567092931e-10  1.143289907190592e-10 
 3.162277660168646e+04  1.000000000000000e+00  0.000000000000000e+00 -1.972474526553921e+00 -3.637527390753444e+00 -2.156677059161893e-10  1.156016393721870e-10 
 3.198895109691668e+04  1.000000000000000e+00  0.000000000000000e+00 -1.965912445160427e+00 -3.578582852093745e+00 -2.145379984774820e-10  1.167762553322405e-10 
 3.235936569296556e+04  1.000000000000000e+00  0.000000000000000e+00 -1.959207987176077e+00 -3.520240585107559e+00 -2.133836440876280e-10  1.178772635057612e-10 
 3.273406948788658e+04  1.000000000000000e+00  0.000000000000000e+00 -1.952360874375408e+00 -3.462495904540254e+00 -2.126431253302030e-10  1.182516307096648e-10 
 3.311311214826191e+04  1.000000000000000e+00  0.000000000000000e+00 -1.945370892871616e+00 -3.405344274803975e+00 -2.114781683104638e-10  1.194140342164474e-10 
 3.349654391578559e+04  1.000000000000000e+00  0.000000000000000e+00 -1.938237823939069e+00 -3.348781253577142e+00 -2.106205765350921e-10  1.199209620494912e-10 
 3.388441561392312e+04  1.000000000000000e+00  0.000000000000000e+00 -1.930961507747557e+00 -3.292802537032527e+00 -2.096773865645218e-10  1.205617827793048e-10 
 3.427677865464793e+04  1.000000000000000e+00  0.000000000000000e+00 -1.923541811215849e+00 -3.237403933124210e+00 -2.084348249553614e-10  1.217254075314145e-10 
 3.467368504525610e+04  1.000000000000000e+00  0.000000000000000e+00 -1.915978629111271e+00 -3.182581358580094e+00 -2.072712002032517e-10  1.227549173421494e-10 
 3.507518739525977e+04  1.000000000000000e+00  0.000000000000000e+00 -1.908271905585202e+00 -3.128330853132286e+00 -2.061142923004411e-10  1.236727387166070e-10 
 3.548133892336055e+04  1.000000000000000e+00  0.000000000000000e+00 -1.900421632079939e+00 -3.074648569938133e+00 -2.049874714415978e-10  1.245560321549988e-10 
 3.589219346450356e+04  1.000000000000000e+00  0.000000000000000e+00 -1.892427822372936e+00 -3.021530763131052e+00 -2.042002122948361e-10  1.247736358678253e-10 
 3.630780547701321e+04  1.000000000000000e+00  0.000000000000000e+00 -1.884290557381325e+00 -2.968973805600659e+00 -2.027996104381202e-10  1.260135329417267e-10 
 3.672823004981158e+04  1.000000000000000e+00  0.000000000000000e+00 -1.876009959233383e+00 -2.916974174595339e+00 -2.015430600188495e-10  1.270361593697089e-10 
 3.715352290972041e+04  1.000000000000000e+00  0.000000000000000e+00 -1.867586200812969e+00 -2.865528453190519e+00 -2.003546217821395e-10  1.278568362295118e-10 
 3.758374042884761e+04  1.000000000000000e+00  0.000000000000000e+00 -1.859019489723658e+00 -2.814633315529265e+00 -1.992468967593197e-10  1.285663797645498e-10 
 3.801893963205935e+04  1.000000000000000e+00  0.000000000000000e+00 -1.850310121363089e+00 -2.764285557751011e+00 -1.977602526181954e-10  1.297658647203548e-10 
 3.845917820453863e+04  1.000000000000000e+00  0.000000000000000e+00 -1.841458413362886e+00 -2.714482052109171e+00 -1.968766816240475e-10  1.300729524089661e-10 
 3.890451449943137e+04  1.000000000000000e+00  0.000000000000000e+00 -1.832464775270321e+00 -2.665219787867715e+00 -1.953756045836030e-10  1.312462361013900e-10 
 3.935500754558110e+04  1.000000000000000e+00  0.000000000000000e+00 -1.823329644106094e+00 -2.616495828169267e+00 -1.940271276978933e-10  1.322015830140799e-10 
 3.981071705535313e+04  1.000000000000000e+00  0.000000000000000e+00 -1.814053536222121e+00 -2.568307337830391e+00 -1.925846149219979e-10  1.332475241255793e-10 
 4.027170343254935e+04  1.000000000000000e+00  0.000000000000000e+00 -1.804637030516016e+00 -2.520651567720868e+00 -1.915551051112629e-10  1.336062371848357e-10 
 4.073802778041476e+04  1.000000000000000e+00  0.000000000000000e+00 -1.795080772363200e+00 -2.473525855128664e+00 -1.902037416456892e-10  1.344474531705941e-10 
 4.120975190973654e+04  1.000000000000000e+00  0.000000000000000e+00 -1.785385474727021e+00 -2.426927619693499e+00 -1.888427192398012e-10  1.352511436181203e-10 
 4.168693834703711e+04  1.000000000000000e+00  0.000000000000000e+00 -1.775551919103088e+00 -2.380854360095183e+00 -1.874581045946400e-10  1.360840329311941e-10 
 4.216965034286184e+04  1.000000000000000e+00  0.000000000000000e+00 -1.765580944760919e+00 -2.335303646738857e+00 -1.859792875258393e-10  1.369601099199258e-10 
 4.265795188016292e+04  1.000000000000000e+00  0.000000000000000e+00 -1.755473491265966e+00 -2.290273135456064e+00 -1.844209229773242e-10  1.379628633557672e-10 
 4.315190768278023e+04  1.000000000000000e+00  0.000000000000000e+00 -1.745230543989269e+00 -2.245760540739441e+00 -1.830802731639380e-10  1.386261105906783e-10 
 4.365158322402035e+04  1.000000000000000e+00  0.000000000000000e+00 -1.734853190973848e+00 -2.201763655207730e+00 -1.819232542388249e-10  1.390261239464508e-10 
 4.415704473533505e+04  1.000000000000000e+00  0.000000000000000e+00 -1.724342564215976e+00 -2.158280323935847e+00 -1.805245397612509e-10  1.396563975575305e-10 
 4.466835921510016e+04  1.000000000000000e+00  0.000000000000000e+00 -1.713699905470135e+00 -2.115308463427817e+00 -1.789114412176218e-10  1.406038618867456e-10 
 4.518559443749613e+04  1.000000000000000e+00  0.000000000000000e+00 -1.702926509740340e+00 -2.072846038587389e+00 -1.773857727371819e-10  1.414416361811277e-10 
 4.570881896149144e+04  1.000000000000000e+00  0.000000000000000e+00 -1.692023772873151e+00 -2.030891076886438e+00 -1.761840118241764e-10  1.417235218070800e-10 
 4.623810213993002e+04  1.000000000000000e+00  0.000000000000000e+00 -1.680993156748423e+00 -1.989441649014740e+00 -1.746310873684820e-10  1.424405593475342e-10 
 4.677351412872386e+04  1.000000000000000e+00  0.000000000000000e+00 -1.669836217647703e+00 -1.948495876495291e+00 -1.730682264167172e-10  1.432239882248609e-10 
 4.731512589615214e+04  1.000000000000000e+00  0.000000000000000e+00 -1.658554577296314e+00 -1.908051920391363e+00 -1.713909014711135e-10  1.440570995825396e-10 
 4.786300923226798e+04  1.000000000000000e+00  0.000000000000000e+00 -1.647149951336974e+00 -1.868107983018316e+00 -1.699158591605965e-10  1.446013309092109e-10 
 4.841723675841413e+04  1.000000000000000e+00  0.000000000000000e+00 -1.635624144380875e+00 -1.828662303560209e+00 -1.682757266863177e-10  1.453261400108374e-10 
 4.897788193684887e+04  1.000000000000000e+00  0.000000000000000e+00 -1.623979027876304e+00 -1.789713149308215e+00 -1.669087090760968e-10  1.456700871038663e-10 
 4.954501908048333e+04  1.000000000000000e+00  0.000000000000000e+00 -1.612216574343233e+00 -1.751258819562199e+00 -1.651324077478478e-10  1.464879884061077e-10 
 5.011872336273159e+04  1.000000000000000e+00  0.000000000000000e+00 -1.600338834154578e+00 -1.713297636091027e+00 -1.635763191565331e-10  1.470657484681226e-10 
 5.069907082747485e+04  1.000000000000000e+00  0.000000000000000e+00 -1.588347929264786e+00 -1.675827937438201e+00 -1.618230549560451e-10  1.477857836107432e-10 
 5.128613839914095e+04  1.000000000000000e+00  0.000000000000000e+00 -1.576246082782897e+00 -1.638848082935740e+00 -1.606441646373469e-10  1.478080435823870e-10 
 5.188000389290063e+04  1.000000000000000e+00  0.000000000000000e+00 -1.564035590533034e+00 -1.602356442875444e+00 -1.587424636184664e-10  1.486553102836297e-10 
 5.248074602498184e+04  1.000000000000000e+00  0.000000000000000e+00 -1.551718838893751e+00 -1.566351395067022e+00 -1.573109420505148e-10  1.489146583821821e-10 
 5.308844442310347e+04  1.000000000000000e+00  0.000000000000000e+00 -1.539298277818857e+00 -1.530831321422805e+00 -1.553832063017069e-10  1.497095780678137e-10 
 5.370317963702997e+04  1.000000000000000e+00  0.000000000000000e+00 -1.526776463193424e+00 -1.495794607438715e+00 -1.536899496556998e-10  1.502253321739033e-10 
 5.432503314924808e+04  1.000000000000000e+00  0.000000000000000e+00 -1.514156014855794e+00 -1.461239632584534e+00 -1.521807124760244e-10  1.505345847974127e-10 
 5.495408738576727e+04  1.000000000000000e+00  0.000000000000000e+00 -1.501439635818715e+00 -1.427164769283456e+00 -1.503280833148324e-10  1.511483715965767e-10 
 5.559042572704524e+04  1.000000000000000e+00  0.000000000000000e+00 -1.488630099354647e+00 -1.393568380606076e+00 -1.487042711190156e-10  1.514940395352937e-10 
 5.623413251903985e+04  1.000000000000000e+00  0.000000000000000e+00 -1.475730266193060e+00 -1.360448813361733e+00 -1.469664390185699e-10  1.519491754642388e-10 
 5.688529308438914e+04  1.000000000000000e+00  0.000000000000000e+00 -1.462743068706431e+00 -1.327804397637715e+00 -1.451889164449938e-10  1.523828840888086e-10 
 5.754399373372075e+04  1.000000000000000e+00  0.000000000000000e+00 -1.449671501794748e+00 -1.295633439876366e+00 -1.434934948640887e-10  1.527303283843651e-10 
 5.821032177709226e+04  1.000000000000000e+00  0.000000000000000e+00 -1.436518644562049e+00 -1.263934221647272e+00 -1.416597394943153e-10  1.531615390071295e-10 
 5.888436553556408e+04  1.000000000000000e+00  0.000000000000000e+00 -1.423287632100651e+00 -1.232704995356865e+00 -1.400813354202057e-10  1.533201898773484e-10 
 5.956621435290630e+04  1.000000000000000e+00  0.000000000000000e+00 -1.409981682488887e+00 -1.201943980496972e+00 -1.381421088630930e-10  1.538312255355834e-10 
 6.025595860744109e+04  1.000000000000000e+00  0.000000000000000e+00 -1.396604056759710e+00 -1.171649360572722e+00 -1.366066704200364e-10  1.538802973932718e-10 
 6.095368972402230e+04  1.000000000000000e+00  0.000000000000000e+00 -1.383158099305812e+00 -1.141819280496249e+00 -1.346085465314673e-10  1.543729588604492e-10 
 6.165950018615367e+04  1.000000000000000e+00  0.000000000000000e+00 -1.369647191106324e+00 -1.112451841452851e+00 -1.326555532088491e-10  1.548172701149042e-10 
 6.237348354824744e+04  1.000000000000000e+00  0.000000000000000e+00 -1.356074786997547e+00 -1.083545100150753e+00 -1.312025488253710e-10  1.547323935646716e-10 
 6.309573444802491e+04  1.000000000000000e+00  0.000000000000000e+00 -1.342444391400219e+00 -1.055097065178191e+00 -1.292695950283473e-10  1.550943262706994e-10 
 6.382634861906052e+04  1.000000000000000e+00  0.000000000000000e+00 -1.328759549601312e+00 -1.027105692922633e+00 -1.274540473161778e-10  1.552965533946349e-10 
 6.456542290347127e+04  1.000000000000000e+00  0.000000000000000e+00 -1.315023863220474e+00 -9.995688866708604e-01 -1.258233517376084e-10  1.552790673819970e-10 
 6.531305526475303e+04  1.000000000000000e+00  0.000000000000000e+00 -1.301240977685582e+00 -9.724844932001810e-01 -1.236959978889729e-10  1.557206585900417e-10 
 6.606934480076547e+04  1.000000000000000e+00  0.000000000000000e+00 -1.287414575054641e+00 -9.458503004581478e-01 -1.220238354804337e-10  1.557039774890967e-10 
 6.683439175686739e+04  1.000000000000000e+00  0.000000000000000e+00 -1.273548377427215e+00 -9.196640344920750e-01 -1.201279631324326e-10  1.559003204310017e-10 
 6.760829753920418e+04  1.000000000000000e+00  0.000000000000000e+00 -1.259646135283777e+00 -8.939233601217749e-01 -1.183054765263591e-10  1.559871676271030e-10 
 6.839116472814901e+04  1.000000000000000e+00  0.000000000000000e+00 -1.245711638799453e+00 -8.686258753844898e-01 -1.163813490023813e-10  1.561441531627850e-10 
 6.918309709189981e+04  1.000000000000000e+00  0.000000000000000e+00 -1.231748697171168e+00 -8.437691118542070e-01 -1.147801298451157e-10  1.560049034399213e-10 
 6.998419960023358e+04  1.000000000000000e+00  0.000000000000000e+00 -1.217761143018631e+00 -8.193505331016653e-01 -1.129429882951172e-10  1.560226670083154e-10 
 7.079457843842010e+04  1.000000000000000e+00  0.000000000000000e+00 -1.203752831269673e+00 -7.953675324675912e-01 -1.110677105842228e-10  1.560774287590050e-10 
 7.161434102129658e+04  1.000000000000000e+00  0.000000000000000e+00 -1.189727628070997e+00 -7.718174321820968e-01 -1.089473511406425e-10  1.562613927141854e-10 
 7.244359600750546e+04  1.000000000000000e+00  0.000000000000000e+00 -1.175689411794164e+00 -7.486974828520333e-01 -1.071233102223346e-10  1.561755724743819e-10 
 7.328245331389694e+04  1.000000000000000e+00  0.000000000000000e+00 -1.161642067790479e+00 -7.260048616941490e-01 -1.053077625101650e-10  1.561042961562009e-10 
 7.413102413009836e+04  1.000000000000000e+00  0.000000000000000e+00 -1.147589490108155e+00 -7.037366705155779e-01 -1.035302399365889e-10  1.559744833290466e-10 
 7.498942093325227e+04  1.000000000000000e+00  0.000000000000000e+00 -1.133535561167737e+00 -6.818899394748850e-01 -1.016126072173051e-10  1.559346263224626e-10 
 7.585775750292515e+04  1.000000000000000e+00  0.000000000000000e+00 -1.119484172748093e+00 -6.604616206271039e-01 -9.983130988544531e-11  1.557842466137771e-10 
 7.673614893618875e+04  1.000000000000000e+00  0.000000000000000e+00 -1.105439194965123e+00 -6.394485946771525e-01 -9.787115562431836e-11  1.556978990180369e-10 
 7.762471166287611e+04  1.000000000000000e+00  0.000000000000000e+00 -1.091404492764820e+00 -6.188476646926924e-01 -9.613243534545290e-11  1.554613937582161e-10 
 7.852356346101420e+04  1.000000000000000e+00  0.000000000000000e+00 -1.077383913126257e+00 -5.986555602695903e-01 -9.430956016132086e-11  1.552619699474178e-10 
 7.943282347243527e+04  1.000000000000000e+00  0.000000000000000e+00 -1.063381284370376e+00 -5.788689351073711e-01 -9.244049969936441e-11  1.550695682972503e-10 
 8.035261221856893e+04  1.000000000000000e+00  0.000000000000000e+00 -1.049400409180629e+00 -5.594843703392544e-01 -9.056683181185576e-11  1.548731143330428e-10 
 8.128305161641721e+04  1.000000000000000e+00  0.000000000000000e+00 -1.035445059347747e+00 -5.404983739234310e-01 -8.871242629382436e-11  1.546278938224788e-10 
 8.222426499471450e+04  1.000000000000000e+00  0.000000000000000e+00 -1.021518982450890e+00 -5.219073795023981e-01 -8.690620445506170e-11  1.543242755808194e-10 
 8.317637711027457e+04  1.000000000000000e+00  0.000000000000000e+00 -1.007625882067513e+00 -5.037077523867670e-01 -8.518485916653162e-11  1.539720573262571e-10 
 8.413951416452706e+04  1.000000000000000e+00  0.000000000000000e+00 -9.937694316243384e-01 -4.858957845536022e-01 -8.326356271126656e-11  1.537292654285594e-10 
 8.511380382024529e+04  1.000000000000000e+00  0.000000000000000e+00 -9.799532556571680e-01 -4.684677013502155e-01 -8.136810669689964e-11  1.534424948212987e-10 
 8.609937521846780e+04  1.000000000000000e+00  0.000000000000000e+00 -9.661809370924976e-01 -4.514196590846390e-01 -7.961017955970817e-11  1.530259807758227e-10 
 8.709635899561590e+04  1.000000000000000e+00  0.000000000000000e+00 -9.524560054978735e-01 -4.347477498705324e-01 -7.793232725816779e-11  1.525942705526973e-10 
 8.810488730080934e+04  1.000000000000000e+00  0.000000000000000e+00 -9.387819430907661e-01 -4.184480006312677e-01 -7.604178398068484e-11  1.522537373954691e-10 
 8.912509381338258e+04  1.000000000000000e+00  0.000000000000000e+00 -9.251621718982914e-01 -4.025163774347654e-01 -7.443498595272047e-11  1.517268116701942e-10 
 9.015711376060382e+04  1.000000000000000e+00  0.000000000000000e+00 -9.116000595128376e-01 -3.869487847568782e-01 -7.255784861825987e-11  1.513247999129774e-10 
 9.120108393559921e+04  1.000000000000000e+00  0.000000000000000e+00 -8.980989105418270e-01 -3.717410701362432e-01 -7.081152331167573e-11  1.508724672971695e-10 
 9.225714271548465e+04  1.000000000000000e+00  0.000000000000000e+00 -8.846619623352228e-01 -3.568890271988974e-01 -6.891379134010833e-11  1.504615182446045e-10 
 9.332543007970754e+04  1.000000000000000e+00  0.000000000000000e+00 -8.712923928757634e-01 -3.423883917438478e-01 -6.723366308136747e-11  1.499035617857913e-10 
 9.440608762860087e+04  1.000000000000000e+00  0.000000000000000e+00 -8.579933026721315e-01 -3.282348544693380e-01 -6.543060537822498e-11  1.494216139708016e-10 
 9.549925860215223e+04  1.000000000000000e+00  0.000000000000000e+00 -8.447677273909755e-01 -3.144240532115629e-01 -6.376385530693085e-11  1.488530410043154e-10 
 9.660508789899008e+04  1.000000000000000e+00  0.000000000000000e+00 -8.316186238452213e-01 -3.009515839947680e-01 -6.214168069007542e-11  1.482371864147680e-10 
 9.772372209558992e+04  1.000000000000000e+00  0.000000000000000e+00 -8.185488766762651e-01 -2.878129972563552e-01 -6.031769528291875e-11  1.477261785121087e-10 
 9.885530946570286e+04  1.000000000000000e+00  0.000000000000000e+00 -8.055612910205514e-01 -2.750038041531225e-01 -5.870551267328494e-11  1.470878280285248e-10 
 1.000000000000091e+05  1.000000000000000e+00  0.000000000000000e+00 -7.926585923273584e-01 -2.625194800603776e-01 -5.696532134891186e-11  1.464878496282296e-10 
 1.011579454259990e+05  1.000000000000000e+00  0.000000000000000e+00 -7.798434253512856e-01 -2.503554648783055e-01 -5.534248059824165e-11  1.458311943425272e-10 
 1.023292992280847e+05  1.000000000000000e+00  0.000000000000000e+00 -7.671183518908936e-01 -2.385071671886254e-01 -5.366540545281850e-11  1.452017256431404e-10 
 1.035142166679438e+05  1.000000000000000e+00  0.000000000000000e+00 -7.544858502552771e-01 -2.269699675117787e-01 -5.199518593457242e-11  1.445290484514139e-10 
 1.047128548050995e+05  1.000000000000000e+00  0.000000000000000e+00 -7.419483110552429e-01 -2.157392226248663e-01 -5.041519979265274e-11  1.438570304546083e-10 
 1.059253725177385e+05  1.000000000000000e+00  0.000000000000000e+00 -7.295080422089758e-01 -2.048102647043754e-01 -4.880762460857113e-11  1.431241722360532e-10 
 1.071519305237704e+05  1.000000000000000e+00  0.000000000000000e+00 -7.171672622643068e-01 -1.941784083675214e-01 -4.725078661671489e-11  1.423922785237508e-10 
 1.083926914021303e+05  1.000000000000000e+00  0.000000000000000e+00 -7.049281025649867e-01 -1.838389512198083e-01 -4.557262900384274e-11  1.416754491501138e-10 
 1.096478196143285e+05  1.000000000000000e+00  0.000000000000000e+00 -6.927926056834528e-01 -1.737871788509155e-01 -4.404940301405702e-11  1.409159178233921e-10 
 1.109174815262503e+05  1.000000000000000e+00  0.000000000000000e+00 -6.807627252782225e-01 -1.640183657455726e-01 -4.244216089688280e-11  1.401773003228968e-10 
 1.122018454302066e+05  1.000000000000000e+00  0.000000000000000e+00 -6.688403261092921e-01 -1.545277806824551e-01 -4.086495031252468e-11  1.393912901770378e-10 
 1.135010815672419e+05  1.000000000000000e+00  0.000000000000000e+00 -6.570271832213430e-01 -1.453106873433920e-01 -3.943664839134442e-11  1.385711129175959e-10 
 1.148153621496988e+05  1.000000000000000e+00  0.000000000000000e+00 -6.453249815892734e-01 -1.363623502959291e-01 -3.785161073466270e-11  1.377886207909462e-10 
 1.161448613840449e+05  1.000000000000000e+00  0.000000000000000e+00 -6.337353182216174e-01 -1.276780336127153e-01 -3.641825729872039e-11  1.369396887551666e-10 
 1.174897554939637e+05  1.000000000000000e+00  0.000000000000000e+00 -6.222596997164598e-01 -1.192530088229642e-01 -3.484407207210438e-11  1.361346868566926e-10 
 1.188502227437128e+05  1.000000000000000e+00  0.000000000000000e+00 -6.108995445285119e-01 -1.110825535799077e-01 -3.341960042035907e-11  1.352570833113020e-10 
 1.202264434617523e+05  1.000000000000000e+00  0.000000000000000e+00 -5.996561829035101e-01 -1.031619571269628e-01 -3.192085484826634e-11  1.344005809422733e-10 
 1.216186000646480e+05  1.000000000000000e+00  0.000000000000000e+00 -5.885308569532177e-01 -9.548652200140428e-02 -3.056313535587662e-11  1.335184983408677e-10 
 1.230268770812495e+05  1.000000000000000e+00  0.000000000000000e+00 -5.775247215904100e-01 -8.805156681845991e-02 -2.912273200372795e-11  1.326453009931061e-10 
 1.244514611771500e+05  1.000000000000000e+00  0.000000000000000e+00 -5.666388461107432e-01 -8.085242909756428e-02 -2.768066331704233e-11  1.317516928889262e-10 
 1.258925411794283e+05  1.000000000000000e+00  0.000000000000000e+00 -5.558742148553315e-01 -7.388446700568327e-02 -2.637792761994717e-11  1.308143558753638e-10 
 1.273503081016779e+05  1.000000000000000e+00  0.000000000000000e+00 -5.452317266520770e-01 -6.714306386368622e-02 -2.499347950823960e-11  1.299198248982947e-10 
 1.288249551693253e+05  1.000000000000000e+00  0.000000000000000e+00 -5.347121982196363e-01 -6.062362800933337e-02 -2.348757299763804e-11  1.290250579988328e-10 
 1.303166778452420e+05  1.000000000000000e+00  0.000000000000000e+00 -5.243163634039667e-01 -5.432159842036974e-02 -2.221409167724175e-11  1.280676779902290e-10 
 1.318256738556529e+05  1.000000000000000e+00  0.000000000000000e+00 -5.140448764671492e-01 -4.823244233031100e-02 -2.094868722934962e-11  1.270975633765881e-10 
 1.333521432163448e+05  1.000000000000000e+00  0.000000000000000e+00 -5.038983110542272e-01 -4.235166269096764e-02 -1.964811646715248e-11  1.261395328466808e-10 
 1.348962882591779e+05  1.000000000000000e+00  0.000000000000000e+00 -4.938771639010136e-01 -3.667479576773966e-02 -1.826605533494785e-11  1.251910502347853e-10 
 1.364583136589051e+05  1.000000000000000e+00  0.000000000000000e+00 -4.839818547185396e-01 -3.119741695675722e-02 -1.701173923951416e-11  1.242185104777249e-10 
 1.380384264603013e+05  1.000000000000000e+00  0.000000000000000e+00 -4.742127288998706e-01 -2.591513832104948e-02 -1.578137620583675e-11  1.232376171597660e-10 
 1.396368361056068e+05  1.000000000000000e+00  0.000000000000000e+00 -4.645700580187296e-01 -2.082361540666593e-02 -1.461575305228280e-11  1.222273992088074e-10 
 1.412537544622886e+05  1.000000000000000e+00  0.000000000000000e+00 -4.550540421646233e-01 -1.591854528115119e-02 -1.331834642570584e-11  1.212178786166862e-10 
 1.428893958511236e+05  1.000000000000000e+00  0.000000000000000e+00 -4.456648120133967e-01 -1.119567007039884e-02 -1.221514556171144e-11  1.202146888978906e-10 
 1.445439770746062e+05  1.000000000000000e+00  0.000000000000000e+00 -4.364024293681370e-01 -6.650777239313730e-03 -1.092001489233496e-11  1.192109961092869e-10 
 1.462177174456854e+05  1.000000000000000e+00  0.000000000000000e+00 -4.272668905108842e-01 -2.279702368136803e-03 -9.747772033996682e-12  1.181880633941909e-10 
 1.479108388168345e+05  1.000000000000000e+00  0.000000000000000e+00 -4.182581264407480e-01  1.921670202262300e-03 -8.681916296993109e-12  1.171498526441814e-10 
 1.496235656094573e+05  1.000000000000000e+00  0.000000000000000e+00 -4.093760062144161e-01  5.957406436953503e-03 -7.564074366861462e-12  1.161219111318890e-10 
 1.513561248436349e+05  1.000000000000000e+00  0.000000000000000e+00 -4.006203377865919e-01  9.831520448431382e-03 -6.380507233672006e-12  1.150932938363824e-10 
 1.531087461682173e+05  1.000000000000000e+00  0.000000000000000e+00 -3.919908701492687e-01  1.354797388629687e-02 -5.290032301097369e-12  1.140454636110177e-10 
 1.548816618912626e+05  1.000000000000000e+00  0.000000000000000e+00 -3.834872953465550e-01  1.711067447247271e-02 -4.219374849512292e-12  1.129805259764138e-10 
 1.566751070108296e+05  1.000000000000000e+00  0.000000000000000e+00 -3.751092509027341e-01  2.052347638734755e-02 -3.141903404113577e-12  1.119300875943030e-10 
 1.584893192461262e+05  1.000000000000000e+00  0.000000000000000e+00 -3.668563205062622e-01  2.379017808510728e-02 -2.154249001407038e-12  1.108783802619695e-10 
 1.603245390690191e+05  1.000000000000000e+00  0.000000000000000e+00 -3.587280373088551e-01  2.691452152874229e-02 -1.144626060600729e-12  1.098205276717223e-10 
 1.621810097359082e+05  1.000000000000000e+00  0.000000000000000e+00 -3.507238846920854e-01  2.990019239326224e-02 -8.938683127013292e-14  1.087521574530403e-10 
 1.640589773199693e+05  1.000000000000000e+00  0.000000000000000e+00 -3.428432993108697e-01  3.275081899588773e-02  9.299228054260311e-13  1.076671685834585e-10 
 1.659586907437716e+05  1.000000000000000e+00  0.000000000000000e+00 -3.350856719169223e-01  3.546997177562736e-02  1.882535793917839e-12  1.066144915407019e-10 
 1.678804018122718e+05  1.000000000000000e+00  0.000000000000000e+00 -3.274503503012288e-01  3.806116212399394e-02  2.833372425570246e-12  1.055355577234129e-10 
 1.698243652461904e+05  1.000000000000000e+00  0.000000000000000e+00 -3.199366402123555e-01  4.052784387649289e-02  3.784250690586077e-12  1.044459883164928e-10 
 1.717908387157749e+05  1.000000000000000e+00  0.000000000000000e+00 -3.125438078847215e-01  4.287341079884413e-02  4.708303191769403e-12  1.033626656488096e-10 
 1.737800828749539e+05  1.000000000000000e+00  0.000000000000000e+00 -3.052710821569265e-01  4.510119819746853e-02  5.584893658650003e-12  1.022944784434543e-10 
 1.757923613958858e+05  1.000000000000000e+00  0.000000000000000e+00 -2.981176552352910e-01  4.721448164694025e-02  6.475653346882382e-12  1.011931545502609e-10 
 1.778279410039090e+05  1.000000000000000e+00  0.000000000000000e+00 -2.910826855693611e-01  4.921647731434491e-02  7.369757581976444e-12  1.001062548827703e-10 
 1.798870915128957e+05  1.000000000000000e+00  0.000000000000000e+00 -2.841652993000923e-01  5.111034220017605e-02  8.252662442309600e-12  9.902879731515934e-11 
 1.819700858610155e+05  1.000000000000000e+00  0.000000000000000e+00 -2.773645916614438e-01  5.289917294661104e-02  9.034467618462827e-12  9.793765798349341e-11 
 1.840772001469129e+05  1.000000000000000e+00  0.000000000000000e+00 -2.706796292835716e-01  5.458600780049840e-02  9.893710850583659e-12  9.684166489554169e-11 
 1.862087136663043e+05  1.000000000000000e+00  0.000000000000000e+00 -2.641094515014029e-01  5.617382524343194e-02  1.070454835883083e-11  9.575503931436025e-11 
 1.883649089489978e+05  1.000000000000000e+00  0.000000000000000e+00 -2.576530726057374e-01  5.766554507505990e-02  1.151267969845549e-11  9.466563817561724e-11 
 1.905460717963427e+05  1.000000000000000e+00  0.000000000000000e+00 -2.513094824647599e-01  5.906402836952421e-02  1.226030388323807e-11  9.357554661693079e-11 
 1.927524913191118e+05  1.000000000000000e+00  0.000000000000000e+00 -2.450776489025043e-01  6.037207754154623e-02  1.300366758716365e-11  9.249639248976038e-11 
 1.949844599758230e+05  1.000000000000000e+00  0.000000000000000e+00 -2.389565192189221e-01  6.159243698769763e-02  1.373874625176796e-11  9.140036817678610e-11 
 1.972422736115040e+05  1.000000000000000e+00  0.000000000000000e+00 -2.329450214640547e-01  6.272779347796062e-02  1.447305469914895e-11  9.030818801103457e-11 
 1.995262314969068e+05  1.000000000000000e+00  0.000000000000000e+00 -2.270420660595887e-01  6.378077659638548e-02  1.520918807562666e-11  8.921312646958945e-11 
 2.018366363681752e+05  1.000000000000000e+00  0.000000000000000e+00 -2.212465471584022e-01  6.475395920603401e-02  1.588419673570485e-11  8.812980900607670e-11 
 2.041737944669723e+05  1.000000000000000e+00  0.000000000000000e+00 -2.155573442710956e-01  6.564985823591334e-02  1.660482168430732e-11  8.703566339862689e-11 
 2.065380155810725e+05  1.000000000000000e+00  0.000000000000000e+00 -2.099733231950612e-01  6.647093448412794e-02  1.723919618168424e-11  8.596104383862269e-11 
 2.089296130854238e+05  1.000000000000000e+00  0.000000000000000e+00 -2.044933380689695e-01  6.721959360820015e-02  1.788977993522067e-11  8.485892891152425e-11 
 2.113489039836848e+05  1.000000000000000e+00  0.000000000000000e+00 -1.991162316850206e-01  6.789818758636287e-02  1.854859321692715e-11  8.378901392158689e-11 
 2.137962089502436e+05  1.000000000000000e+00  0.000000000000000e+00 -1.938408379410420e-01  6.850901373126327e-02  1.916552333502963e-11  8.270016615963272e-11 
 2.162718523727226e+05  1.000000000000000e+00  0.000000000000000e+00 -1.886659815678796e-01  6.905431693162753e-02  1.975035412993265e-11  8.162080039619823e-11 
 2.187761623949761e+05  1.000000000000000e+00  0.000000000000000e+00 -1.835904806883474e-01  6.953628920050897e-02  2.040192320640344e-11  8.054196545814740e-11 
 2.213094709605849e+05  1.000000000000000e+00  0.000000000000000e+00 -1.786131472614127e-01  6.995707125604966e-02  2.097819834512293e-11  7.946347399534481e-11 
 2.238721138568553e+05  1.000000000000000e+00  0.000000000000000e+00 -1.737327880723391e-01  7.031875232788598e-02  2.153430905815767e-11  7.838541274396427e-11 
 2.264644307593276e+05  1.000000000000000e+00  0.000000000000000e+00 -1.689482060134850e-01  7.062337202365479e-02  2.206663324288982e-11  7.732217990885637e-11 
 2.290867652767992e+05  1.000000000000000e+00  0.000000000000000e+00 -1.642582011610713e-01  7.087292027720615e-02  2.257864728516523e-11  7.625508210984400e-11 
 2.317394649968700e+05  1.000000000000000e+00  0.000000000000000e+00 -1.596615713715901e-01  7.106933837579552e-02  2.310780733427720e-11  7.518151032281928e-11 
 2.344228815320146e+05  1.000000000000000e+00  0.000000000000000e+00 -1.551571135309953e-01  7.121452002082196e-02  2.363392814785925e-11  7.411636929188781e-11 
 2.371373705661882e+05  1.000000000000000e+00  0.000000000000000e+00 -1.507436242810050e-01  7.131031178290576e-02  2.413043376225943e-11  7.304995844337192e-11 
 2.398832919019720e+05  1.000000000000000e+00  0.000000000000000e+00 -1.464199008339426e-01  7.135851394120434e-02  2.460357612088515e-11  7.199150997561077e-11 
 2.426610095082648e+05  1.000000000000000e+00  0.000000000000000e+00 -1.421847420200311e-01  7.136088168098477e-02  2.504708940254119e-11  7.094866361079255e-11 
 2.454708915685266e+05  1.000000000000000e+00  0.000000000000000e+00 -1.380369486568128e-01  7.131912554283373e-02  2.552861394500283e-11  6.988871634194815e-11 
 2.483133105295808e+05  1.000000000000000e+00  0.000000000000000e+00 -1.339753244028009e-01  7.123491268148779e-02  2.595427345264412e-11  6.884185235755957e-11 
 2.511886431509821e+05  1.000000000000000e+00  0.000000000000000e+00 -1.299986768046109e-01  7.110986720778180e-02  2.639517077129838e-11  6.779619227126332e-11 
 2.540972705549549e+05  1.000000000000000e+00  0.000000000000000e+00 -1.261058173672045e-01  7.094557124400852e-02  2.682089272898480e-11  6.674867256140082e-11 
 2.570395782769111e+05  1.000000000000000e+00  0.000000000000000e+00 -1.222955625680428e-01  7.074356626206754e-02  2.720357966667919e-11  6.571015606637864e-11 
 2.600159563165522e+05  1.000000000000000e+00  0.000000000000000e+00 -1.185667343435389e-01  7.050535295878740e-02  2.760188605455127e-11  6.467467186799247e-11 
 2.630267991895634e+05  1.000000000000000e+00  0.000000000000000e+00 -1.149181604776271e-01  7.023239321696317e-02  2.794391454341572e-11  6.366313032302173e-11 
 2.660725059799065e+05  1.000000000000000e+00  0.000000000000000e+00 -1.113486753580093e-01  6.992611001247293e-02  2.832716700096327e-11  6.262345156327065e-11 
 2.691534803927175e+05  1.000000000000000e+00  0.000000000000000e+00 -1.078571202940684e-01  6.958788878144503e-02  2.867145756924039e-11  6.159952062323448e-11 
 2.722701308078174e+05  1.000000000000000e+00  0.000000000000000e+00 -1.044423440521454e-01  6.921907808231761e-02  2.902093496071068e-11  6.058245571871623e-11 
 2.754228703338432e+05  1.000000000000000e+00  0.000000000000000e+00 -1.011032031590514e-01  6.882099067707621e-02  2.935263490599915e-11  5.956664328454764e-11 
 2.786121168630039e+05  1.000000000000000e+00  0.000000000000000e+00 -9.783856238053100e-02  6.839490392357118e-02  2.966344531118992e-11  5.856020529604322e-11 
 2.818382931264726e+05  1.000000000000000e+00  0.000000000000000e+00 -9.464729498254160e-02  6.794206111998424e-02  2.995716175124841e-11  5.755849963318127e-11 
 2.851018267504185e+05  1.000000000000000e+00  0.000000000000000e+00 -9.152828329249867e-02  6.746367179118776e-02  3.025332762085498e-11  5.655487883560184e-11 
 2.884031503126885e+05  1.000000000000000e+00  0.000000000000000e+00 -8.848041876113069e-02  6.696091294231704e-02  3.052591512897607e-11  5.555895674080880e-11 
 2.917427014001449e+05  1.000000000000000e+00  0.000000000000000e+00 -8.550260210314989e-02  6.643492967498191e-02  3.079684771090108e-11  5.456140400594833e-11 
 2.951209226666671e+05  1.000000000000000e+00  0.000000000000000e+00 -8.259374411647098e-02  6.588683585484313e-02  3.106993134993630e-11  5.357432553143582e-11 
 2.985382618918249e+05  1.000000000000000e+00  0.000000000000000e+00 -7.975276526538835e-02  6.531771515562992e-02  3.130030262754602e-11  5.259715232797113e-11 
 3.019951720402309e+05  1.000000000000000e+00  0.000000000000000e+00 -7.697859623259165e-02  6.472862166867688e-02  3.152412705875740e-11  5.162207120101847e-11 
 3.054921113215809e+05  1.000000000000000e+00  0.000000000000000e+00 -7.427017805054303e-02  6.412058057578994e-02  3.173810519951914e-11  5.064607067062354e-11 
 3.090295432513891e+05  1.000000000000000e+00  0.000000000000000e+00 -7.162646211900947e-02  6.349458919571012e-02  3.196148554152067e-11  4.967078831574767e-11 
 3.126079367124258e+05  1.000000000000000e+00  0.000000000000000e+00 -6.904641056099228e-02  6.285161732369515e-02  3.215433475034501e-11  4.870993539074497e-11 
 3.162277660168686e+05  1.000000000000000e+00  0.000000000000000e+00 -6.652899600974520e-02  6.219260833830389e-02  3.234529311058054e-11  4.774480810709747e-11 
 3.198895109691709e+05  1.000000000000000e+00  0.000000000000000e+00 -6.407320212790951e-02  6.151847954466420e-02  3.252056610114629e-11  4.679988341305119e-11 
 3.235936569296597e+05  1.000000000000000e+00  0.000000000000000e+00 -6.167802330512630e-02  6.083012311919012e-02  3.268472992257188e-11  4.585037037541095e-11 
 3.273406948788700e+05  1.000000000000000e+00  0.000000000000000e+00 -5.934246478796661e-02  6.012840675193687e-02  3.284070411446738e-11  4.491218508206885e-11 
 3.311311214826233e+05  1.000000000000000e+00  0.000000000000000e+00 -5.706554286724199e-02  5.941417422065230e-02  3.297523712419981e-11  4.396455248467657e-11 
 3.349654391578603e+05  1.000000000000000e+00  0.000000000000000e+00 -5.484628476931491e-02  5.868824609051632e-02  3.310964696856544e-11  4.303321587961761e-11 
 3.388441561392356e+05  1.000000000000000e+00  0.000000000000000e+00 -5.268372868093146e-02  5.795142036276772e-02  3.323718383851926e-11  4.210255755143777e-11 
 3.427677865464838e+05  1.000000000000000e+00  0.000000000000000e+00 -5.057692376006595e-02  5.720447299463192e-02  3.334986974079523e-11  4.118371269012933e-11 
 3.467368504525655e+05  1.000000000000000e+00  0.000000000000000e+00 -4.852492998691097e-02  5.644815869532574e-02  3.343105306474747e-11  4.027831713993013e-11 
 3.507518739526023e+05  1.000000000000000e+00  0.000000000000000e+00 -4.652681839765884e-02  5.568321133318872e-02  3.354240843411738e-11  3.935431321100413e-11 
 3.548133892336102e+05  1.000000000000000e+00  0.000000000000000e+00 -4.458167067962921e-02  5.491034461896903e-02  3.361177308702779e-11  3.845058473006535e-11 
 3.589219346450404e+05  1.000000000000000e+00  0.000000000000000e+00 -4.268857936125302e-02  5.413025250204183e-02  3.369196935332219e-11  3.754738360506327e-11 
 3.630780547701370e+05  1.000000000000000e+00  0.000000000000000e+00 -4.084664761015473e-02  5.334361000111670e-02  3.374796275767977e-11  3.665114566009375e-11 
 3.672823004981207e+05  1.000000000000000e+00  0.000000000000000e+00 -3.905498922496693e-02  5.255107337586005e-02  3.379698777783435e-11  3.576521023784807e-11 
 3.715352290972091e+05  1.000000000000000e+00  0.000000000000000e+00 -3.731272843241619e-02  5.175328095419061e-02  3.383508230536680e-11  3.488589105093975e-11 
 3.758374042884811e+05  1.000000000000000e+00  0.000000000000000e+00 -3.561899989250562e-02  5.095085336504759e-02  3.386115693393421e-11  3.400867261416085e-11 
 3.801893963205986e+05  1.000000000000000e+00  0.000000000000000e+00 -3.397294847652342e-02  5.014439415255743e-02  3.387898295237335e-11  3.314465368831065e-11 
 3.845917820453914e+05  1.000000000000000e+00  0.000000000000000e+00 -3.237372922839035e-02  4.933449025264222e-02  3.390805865255420e-11  3.226545593204566e-11 
 3.890451449943190e+05  1.000000000000000e+00  0.000000000000000e+00 -3.082050718545624e-02  4.852171235903768e-02  3.389128821335019e-11  3.141859515609635e-11 
 3.935500754558163e+05  1.000000000000000e+00  0.000000000000000e+00 -2.931245721880392e-02  4.770661540747737e-02  3.388176371410534e-11  3.056542692558839e-11 
 3.981071705535366e+05  1.000000000000000e+00  0.000000000000000e+00 -2.784876394323429e-02  4.688973884782605e-02  3.386901523128039e-11  2.971304625953852e-11 
 4.027170343254989e+05  1.000000000000000e+00  0.000000000000000e+00 -2.642862155882621e-02  4.607160734358988e-02  3.383931242856297e-11  2.887288325092996e-11 
 4.073802778041530e+05  1.000000000000000e+00  0.000000000000000e+00 -2.505123363236111e-02  4.525273079495983e-02  3.380160994853609e-11  2.803616193369773e-11 
 4.120975190973710e+05  1.000000000000000e+00  0.000000000000000e+00 -2.371581307288976e-02  4.443360494157189e-02  3.374938002675965e-11  2.720991834626041e-11 
 4.168693834703767e+05  1.000000000000000e+00  0.000000000000000e+00 -2.242158181446877e-02  4.361471157738105e-02  3.369239436057381e-11  2.639069518473036e-11 
 4.216965034286241e+05  1.000000000000000e+00  0.000000000000000e+00 -2.116777073090330e-02  4.279651901402691e-02  3.363107882459193e-11  2.557156222882107e-11 
 4.265795188016350e+05  1.000000000000000e+00  0.000000000000000e+00 -1.995361948817908e-02  4.197948223672079e-02  3.354730469112832e-11  2.476611624113723e-11 
 4.315190768278081e+05  1.000000000000000e+00  0.000000000000000e+00 -1.877837635724267e-02  4.116404333855826e-02  3.346140552140664e-11  2.396390724745956e-11 
 4.365158322402094e+05  1.000000000000000e+00  0.000000000000000e+00 -1.764129803775513e-02  4.035063175893407e-02  3.337413245069198e-11  2.317013247932209e-11 
 4.415704473533565e+05  1.000000000000000e+00  0.000000000000000e+00 -1.654164951649337e-02  3.953966453908456e-02  3.326374072021299e-11  2.238326017589554e-11 
 4.466835921510076e+05  1.000000000000000e+00  0.000000000000000e+00 -1.547870385992110e-02  3.873154657913833e-02  3.315031886150233e-11  2.160291216746213e-11 
 4.518559443749674e+05  1.000000000000000e+00  0.000000000000000e+00 -1.445174209078723e-02  3.792667095725530e-02  3.303299734441767e-11  2.082284865367878e-11 
 4.570881896149206e+05  1.000000000000000e+00  0.000000000000000e+00 -1.346005299510359e-02  3.712541902508809e-02  3.289852505000690e-11  2.006032319423756e-11 
 4.623810213993065e+05  1.000000000000000e+00  0.000000000000000e+00 -1.250293299732477e-02  3.632816077031224e-02  3.275995360402240e-11  1.929810651557506e-11 
 4.677351412872450e+05  1.000000000000000e+00  0.000000000000000e+00 -1.157968595503467e-02  3.553525490843939e-02  3.260937570317979e-11  1.854417661095731e-11 
 4.731512589615278e+05  1.000000000000000e+00  0.000000000000000e+00 -1.068962306718848e-02  3.474704914268828e-02  3.245177650906816e-11  1.780030810250022e-11 
 4.786300923226863e+05  1.000000000000000e+00  0.000000000000000e+00 -9.832062614334648e-03  3.396388024053104e-02  3.228581768252581e-11  1.706367686038490e-11 
 4.841723675841478e+05  1.000000000000000e+00  0.000000000000000e+00 -9.006329958204055e-03  3.318607446866925e-02  3.210956630791961e-11  1.633179182169986e-11 
 4.897788193684953e+05  1.000000000000000e+00  0.000000000000000e+00 -8.211757288708380e-03  3.241394737352574e-02  3.192246944214161e-11  1.560917367582348e-11 
 4.954501908048399e+05  1.000000000000000e+00  0.000000000000000e+00 -7.447683513616823e-03  3.164780417685602e-02  3.173510803103352e-11  1.489053498560100e-11 
 5.011872336273226e+05  1.000000000000000e+00  0.000000000000000e+00 -6.713454139804018e-03  3.088793984026220e-02  3.152798139748059e-11  1.419187684037482e-11 
 5.069907082747553e+05  1.000000000000000e+00  0.000000000000000e+00 -6.008421144005925e-03  3.013463922024961e-02  3.132279830474205e-11  1.348547749163709e-11 
 5.128613839914164e+05  1.000000000000000e+00  0.000000000000000e+00 -5.331942853197798e-03  2.938817711520603e-02  3.110392781009719e-11  1.279253179081730e-11 
 5.188000389290132e+05  1.000000000000000e+00  0.000000000000000e+00 -4.683383817340847e-03  2.864881844404825e-02  3.087444167514108e-11  1.211592111360904e-11 
 5.248074602498254e+05  1.000000000000000e+00  0.000000000000000e+00 -4.062114741096010e-03  2.791681831932031e-02  3.064381799526561e-11  1.143282777477106e-11 
 5.308844442310418e+05  1.000000000000000e+00  0.000000000000000e+00 -3.467512332435242e-03  2.719242209634839e-02  3.039754201388661e-11  1.077271865462803e-11 
 5.370317963703069e+05  1.000000000000000e+00  0.000000000000000e+00 -2.898959255008542e-03  2.647586551723064e-02  3.014865917680409e-11  1.011266591299798e-11 
 5.432503314924880e+05  1.000000000000000e+00  0.000000000000000e+00 -2.355844010805352e-03  2.576737475488557e-02  2.989360169992905e-11  9.455447709527665e-12 
 5.495408738576800e+05  1.000000000000000e+00  0.000000000000000e+00 -1.837560913736338e-03  2.506716649139726e-02  2.963076024776676e-11  8.808802645643432e-12 
 5.559042572704597e+05  1.000000000000000e+00  0.000000000000000e+00 -1.343509954482469e-03  2.437544795625986e-02  2.935316204509542e-11  8.179800586871622e-12 
 5.623413251904058e+05  1.000000000000000e+00  0.000000000000000e+00 -8.730968127645857e-04  2.369241701366975e-02  2.907104177068791e-11  7.552836828184084e-12 
 5.688529308438989e+05  1.000000000000000e+00  0.000000000000000e+00 -4.257327355149198e-04  2.301826220795102e-02  2.878631389518788e-11  6.939142836726031e-12 
 5.754399373372151e+05  1.000000000000000e+00  0.000000000000000e+00 -8.345666469630641e-07  2.235316279501844e-02  2.848593583698431e-11  6.334815484676515e-12 
 5.821032177709303e+05  1.000000000000000e+00  0.000000000000000e+00  4.021753425462264e-04  2.169728881412160e-02  2.818268639564071e-11  5.738361175122719e-12 
 5.888436553556485e+05  1.000000000000000e+00  0.000000000000000e+00  7.838691269637878e-04  2.105080112319164e-02  2.786705162959556e-11  5.154369986382079e-12 
 5.956621435290707e+05  1.000000000000000e+00  0.000000000000000e+00  1.144813442879968e-03  2.041385142105372e-02  2.754825312095352e-11  4.579284867967104e-12 
 6.025595860744187e+05  1.000000000000000e+00  0.000000000000000e+00  1.485569447379652e-03  1.978658232238868e-02  2.722141181086060e-11  4.009104680180453e-12 
 6.095368972402309e+05  1.000000000000000e+00  0.000000000000000e+00  1.806692832092821e-03  1.916912734881786e-02  2.689031934404937e-11  3.446018644048809e-12 
 6.165950018615447e+05  1.000000000000000e+00  0.000000000000000e+00  2.108733788312376e-03  1.856161102172379e-02  2.654928739961177e-11  2.902875856358733e-12 
 6.237348354824826e+05  1.000000000000000e+00  0.000000000000000e+00  2.392237004332898e-03  1.796414883269536e-02  2.620270222585680e-11  2.363114044723336e-12 
 6.309573444802574e+05  1.000000000000000e+00  0.000000000000000e+00  2.657741611372304e-03  1.737684736792286e-02  2.584792579626849e-11  1.840421912091550e-12 
 6.382634861906136e+05  1.000000000000000e+00  0.000000000000000e+00  2.905781194631688e-03  1.679980425776231e-02  2.548760790095639e-11  1.319987522063748e-12 
 6.456542290347213e+05  1.000000000000000e+00  0.000000000000000e+00  3.136883701319976e-03  1.623310829165482e-02  2.512252526235687e-11  8.163825518381351e-13 
 6.531305526475389e+05  1.000000000000000e+00  0.000000000000000e+00  3.351571433936084e-03  1.567683941625209e-02  2.475005617119663e-11  3.140994409012166e-13 
 6.606934480076634e+05  1.000000000000000e+00  0.000000000000000e+00  3.550360965973260e-03  1.513106879991652e-02  2.437089701053108e-11 -1.674359435821504e-13 
 6.683439175686828e+05  1.000000000000000e+00  0.000000000000000e+00  3.733763083336894e-03  1.459585888827816e-02  2.398742511046381e-11 -6.437749638932289e-13 
 6.760829753920508e+05  1.000000000000000e+00  0.000000000000000e+00  3.902282717858103e-03  1.407126345489473e-02  2.359652891918002e-11 -1.107611832112942e-12 
 6.839116472814992e+05  1.000000000000000e+00  0.000000000000000e+00  4.056418871457479e-03  1.355732764801500e-02  2.320178511122650e-11 -1.558858077344016e-12 
 6.918309709190072e+05  1.000000000000000e+00  0.000000000000000e+00  4.196664526037954e-03  1.305408806110708e-02  2.279949644877488e-11 -1.998642570888443e-12 
 6.998419960023451e+05  1.000000000000000e+00  0.000000000000000e+00  4.323506568976815e-03  1.256157282995707e-02  2.239488325686545e-11 -2.431059693830395e-12 
 7.079457843842104e+05  1.000000000000000e+00  0.000000000000000e+00  4.437425681740697e-03  1.207980165746359e-02  2.198465259665994e-11 -2.848290613782778e-12 
 7.161434102129753e+05  1.000000000000000e+00  0.000000000000000e+00  4.538896252495655e-03  1.160878593077972e-02  2.156986460104260e-11 -3.255888614273061e-12 
 7.244359600750643e+05  1.000000000000000e+00  0.000000000000000e+00  4.628386277893973e-03  1.114852877926354e-02  2.115027944449288e-11 -3.653137254505667e-12 
 7.328245331389792e+05  1.000000000000000e+00  0.000000000000000e+00  4.706357250084866e-03  1.069902521164028e-02  2.072581429396481e-11 -4.036666834128511e-12 
 7.413102413009936e+05  1.000000000000000e+00  0.000000000000000e+00  4.773264050495550e-03  1.026026215970159e-02  2.029735862892068e-11 -4.407459206628994e-12 
 7.498942093325328e+05  1.000000000000000e+00  0.000000000000000e+00  4.829554844466630e-03  9.832218632725050e-03  1.986601811873601e-11 -4.768028853685546e-12 
 7.585775750292618e+05  1.000000000000000e+00  0.000000000000000e+00  4.875670961340988e-03  9.414865802727705e-03  1.943053161944375e-11 -5.114174275039352e-12 
 7.673614893618979e+05  1.000000000000000e+00  0.000000000000000e+00  4.912046784123450e-03  9.008167151701017e-03  1.899224137333344e-11 -5.454665798904079e-12 
 7.762471166287716e+05  1.000000000000000e+00  0.000000000000000e+00  4.939109632247251e-03  8.612078569538299e-03  1.855001959330527e-11 -5.773204830861189e-12 
 7.852356346101527e+05  1.000000000000000e+00  0.000000000000000e+00  4.957279652922664e-03  8.226548512378327e-03  1.810668130187987e-11 -6.086151981693488e-12 
 7.943282347243634e+05  1.000000000000000e+00  0.000000000000000e+00  4.966969698253295e-03  7.851518144543893e-03  1.765832575648107e-11 -6.385099046712917e-12 
 8.035261221857002e+05  1.000000000000000e+00  0.000000000000000e+00  4.968585217480125e-03  7.486921489375091e-03  1.720891593288976e-11 -6.670455203819370e-12 
 8.128305161641833e+05  1.000000000000000e+00  0.000000000000000e+00  4.962524139761830e-03  7.132685577727945e-03  1.675464866672527e-11 -6.955461597304979e-12 
 8.222426499471562e+05  1.000000000000000e+00  0.000000000000000e+00  4.949176759291712e-03  6.788730622765441e-03  1.630081638247238e-11 -7.216348612421042e-12 
 8.317637711027571e+05  1.000000000000000e+00  0.000000000000000e+00  4.928925661601104e-03  6.454970225274506e-03  1.584632403593689e-11 -7.463839659174742e-12 
 8.413951416452822e+05  1.000000000000000e+00  0.000000000000000e+00  4.902145564679364e-03  6.131311490933846e-03  1.539051416692139e-11 -7.699664040031196e-12 
 8.511380382024646e+05  1.000000000000000e+00  0.000000000000000e+00  4.869203255651149e-03  5.817655270198188e-03  1.493201374179465e-11 -7.924109719087413e-12 
 8.609937521846899e+05  1.000000000000000e+00  0.000000000000000e+00  4.830457481896479e-03  5.513896340870045e-03  1.447361046118256e-11 -8.134266914552879e-12 
 8.709635899561710e+05  1.000000000000000e+00  0.000000000000000e+00  4.786258862211179e-03  5.219923599802369e-03  1.401745885164229e-11 -8.330742129122881e-12 
 8.810488730081056e+05  1.000000000000000e+00  0.000000000000000e+00  4.736949799695162e-03  4.935620288590982e-03  1.355878386996578e-11 -8.515229753952580e-12 
 8.912509381338381e+05  1.000000000000000e+00  0.000000000000000e+00  4.682864398342007e-03  4.660864198490083e-03  1.310121694290955e-11 -8.685367312508130e-12 
 9.015711376060506e+05  1.000000000000000e+00  0.000000000000000e+00  4.624328395151117e-03  4.395527897667159e-03  1.264473313382364e-11 -8.842160293884294e-12 
 9.120108393560046e+05  1.000000000000000e+00  0.000000000000000e+00  4.561659079959761e-03  4.139478943988339e-03  1.218851061746129e-11 -8.989102648002123e-12 
 9.225714271548592e+05  1.000000000000000e+00  0.000000000000000e+00  4.495165243291544e-03  3.892580132342216e-03  1.173274736913921e-11 -9.122824457669099e-12 
 9.332543007970882e+05  1.000000000000000e+00  0.000000000000000e+00  4.425147117891641e-03  3.654689722942122e-03  1.127962393626669e-11 -9.244045524707534e-12 
 9.440608762860217e+05  1.000000000000000e+00  0.000000000000000e+00  4.351896335624652e-03  3.425661680574074e-03  1.082795246694357e-11 -9.332163188914555e-12 
 9.549925860215354e+05  1.000000000000000e+00  0.000000000000000e+00  4.275695882937852e-03  3.205345922496462e-03  1.037884968940750e-11 -9.427764667037375e-12 
 9.660508789899141e+05  1.000000000000000e+00  0.000000000000000e+00  4.196820076597316e-03  2.993588555269930e-03  9.934152892659975e-12 -9.509445206105915e-12 
 9.772372209559126e+05  1.000000000000000e+00  0.000000000000000e+00  4.115534538469572e-03  2.790232142249664e-03  9.491649003226521e-12 -9.578959912596996e-12 
 9.885530946570421e+05  1.000000000000000e+00  0.000000000000000e+00  4.032096183040805e-03  2.595115940767409e-03  9.052155075864321e-12 -9.636288078249122e-12 
 1.000000000000105e+06  1.000000000000000e+00  0.000000000000000e+00  3.946753211511275e-03  2.408076157215844e-03  8.616451519297130e-12 -9.681984706154390e-12 
 1.011579454260004e+06  1.000000000000000e+00  0.000000000000000e+00  3.859745118410585e-03  2.228946211855700e-03  8.184121566209845e-12 -9.714653452334854e-12 
 1.023292992280861e+06  1.000000000000000e+00  0.000000000000000e+00  3.771302703935579e-03  2.057556983730357e-03  7.756112158779915e-12 -9.735579638465996e-12 
 1.035142166679452e+06  1.000000000000000e+00  0.000000000000000e+00  3.681648095852494e-03  1.893737070190764e-03  7.333719135443895e-12 -9.744846693904990e-12 
 1.047128548051009e+06  1.000000000000000e+00  0.000000000000000e+00  3.590994778217387e-03  1.737313046423720e-03  6.916024502222340e-12 -9.741976864964530e-12 
 1.059253725177400e+06  1.000000000000000e+00  0.000000000000000e+00  3.499547641882277e-03  1.588109717009296e-03  6.504481740547685e-12 -9.726182207715761e-12 
 1.071519305237719e+06  1.000000000000000e+00  0.000000000000000e+00  3.407503038084142e-03  1.445950370496201e-03  6.096939142788416e-12 -9.700948703193768e-12 
 1.083926914021317e+06  1.000000000000000e+00  0.000000000000000e+00  3.315048811880449e-03  1.310657025470707e-03  5.696341076784350e-12 -9.663287639689877e-12 
 1.096478196143300e+06  1.000000000000000e+00  0.000000000000000e+00  3.222364395361214e-03  1.182050688958344e-03  5.302646559693369e-12 -9.614579477620205e-12 
 1.109174815262518e+06  1.000000000000000e+00  0.000000000000000e+00  3.129620878055350e-03  1.059951598997985e-03  4.914050720158936e-12 -9.556977659339744e-12 
 1.122018454302081e+06  1.000000000000000e+00  0.000000000000000e+00  3.036981090145865e-03  9.441794640742884e-04  4.533964783476341e-12 -9.486530023984294e-12 
 1.135010815672434e+06  1.000000000000000e+00  0.000000000000000e+00  2.944599699350726e-03  8.345537071504359e-04  4.159511710760677e-12 -9.406756677852318e-12 
 1.148153621497004e+06  1.000000000000000e+00  0.000000000000000e+00  2.852623314102975e-03  7.308936984753707e-04  3.795232249130531e-12 -9.315830089761876e-12 
 1.161448613840465e+06  1.000000000000000e+00  0.000000000000000e+00  2.761190593282578e-03  6.330189867470228e-04  3.437215789769965e-12 -9.215660054734745e-12 
 1.174897554939653e+06  1.000000000000000e+00  0.000000000000000e+00  2.670432365113318e-03  5.407495231620192e-04  3.087451952085707e-12 -9.107388644234368e-12 
 1.188502227437144e+06  1.000000000000000e+00  0.000000000000000e+00  2.580471753358590e-03  4.539058838007130e-04  2.746967150274449e-12 -8.988564978592260e-12 
 1.202264434617540e+06  1.000000000000000e+00  0.000000000000000e+00  2.491424315863480e-03  3.723094777734728e-04  2.412187528715026e-12 -8.861999120104123e-12 
 1.216186000646496e+06  1.000000000000000e+00  0.000000000000000e+00  2.403398173920960e-03  2.957827617667000e-04  2.088568467478735e-12 -8.726203475626672e-12 
 1.230268770812511e+06  1.000000000000000e+00  0.000000000000000e+00  2.316494169417517e-03  2.241494369434435e-04  1.775194466251129e-12 -8.581857148743169e-12 
 1.244514611771516e+06  1.000000000000000e+00  0.000000000000000e+00  2.230806014779406e-03  1.572346413069550e-04  1.470295673405841e-12 -8.430343859252513e-12 
 1.258925411794300e+06  1.000000000000000e+00  0.000000000000000e+00  2.146420447132604e-03  9.486514541506677e-05  1.175148411740323e-12 -8.271031463078036e-12 
 1.273503081016796e+06  1.000000000000000e+00  0.000000000000000e+00  2.063417406840014e-03  3.686951792757934e-05  8.897505128502292e-13 -8.105793375176432e-12 
 1.288249551693270e+06  1.000000000000000e+00  0.000000000000000e+00  1.981870188364289e-03 -1.692168933482696e-05  6.158660820904105e-13 -7.932478679044961e-12 
 1.303166778452437e+06  1.000000000000000e+00  0.000000000000000e+00  1.901845627304682e-03 -6.667578205561252e-05  3.518174792292716e-13 -7.753797841151319e-12 
 1.318256738556546e+06  1.000000000000000e+00  0.000000000000000e+00  1.823404273764236e-03 -1.125577673152019e-04  9.814924480794351e-14 -7.568848102250652e-12 
 1.333521432163465e+06  1.000000000000000e+00  0.000000000000000e+00  1.746600577105887e-03 -1.547302066657894e-04 -1.444282519101614e-13 -7.378131830807714e-12 
 1.348962882591796e+06  1.000000000000000e+00  0.000000000000000e+00  1.671483070316427e-03 -1.933530718131039e-04 -3.774870498650384e-13 -7.182907385745209e-12 
 1.364583136589069e+06  1.000000000000000e+00  0.000000000000000e+00  1.598094554244860e-03 -2.285836185386931e-04 -5.988804829652750e-13 -6.983405024499519e-12 
 1.380384264603031e+06  1.000000000000000e+00  0.000000000000000e+00  1.526472298869132e-03 -2.605762566998207e-04 -8.083941502312619e-13 -6.779379683498343e-12 
 1.396368361056086e+06  1.000000000000000e+00  0.000000000000000e+00  1.456648225234757e-03 -2.894824416524417e-04 -1.009005975560057e-12 -6.571858793377912e-12 
 1.412537544622904e+06  1.000000000000000e+00  0.000000000000000e+00  1.388649107001986e-03 -3.154505639474949e-04 -1.197141452809192e-12 -6.361209505651409e-12 
 1.428893958511255e+06  1.000000000000000e+00  0.000000000000000e+00  1.322496762104594e-03 -3.386258495119150e-04 -1.373255621630459e-12 -6.147792344646241e-12 
 1.445439770746081e+06  1.000000000000000e+00  0.000000000000000e+00  1.258208261031886e-03 -3.591502810485699e-04 -1.546163099896275e-12 -5.934433540823007e-12 
 1.462177174456874e+06  1.000000000000000e+00  0.000000000000000e+00  1.195796106421619e-03 -3.771624980603014e-04 -1.701352817309876e-12 -5.717108156246681e-12 
 1.479108388168365e+06  1.000000000000000e+00  0.000000000000000e+00  1.135268443595910e-03 -3.927977386650743e-04 -1.849851489436199e-12 -5.499871784668715e-12 
 1.496235656094593e+06  1.000000000000000e+00  0.000000000000000e+00  1.076629257925612e-03 -4.061877679558360e-04 -1.981978112446797e-12 -5.279883084560733e-12 
 1.513561248436369e+06  1.000000000000000e+00  0.000000000000000e+00  1.019878564523743e-03 -4.174608235562089e-04 -2.104223100016928e-12 -5.060093078053385e-12 
 1.531087461682193e+06  1.000000000000000e+00  0.000000000000000e+00  9.650126096696309e-04 -4.267415658436274e-04 -2.214287265914563e-12 -4.839948049544657e-12 
 1.548816618912647e+06  1.000000000000000e+00  0.000000000000000e+00  9.120240641410180e-04 -4.341510349805947e-04 -2.309760455815324e-12 -4.621402937524284e-12 
 1.566751070108316e+06  1.000000000000000e+00  0.000000000000000e+00  8.609022168004893e-04 -4.398066214423110e-04 -2.398206795910934e-12 -4.403414454899265e-12 
 1.584893192461283e+06  1.000000000000000e+00  0.000000000000000e+00  8.116331634936498e-04 -4.438220337806259e-04 -2.477877440992121e-12 -4.187078960458945e-12 
 1.603245390690213e+06  1.000000000000000e+00  0.000000000000000e+00  7.642000011001504e-04 -4.463072865972646e-04 -2.545142563500566e-12 -3.973536208184622e-12 
 1.621810097359103e+06  1.000000000000000e+00  0.000000000000000e+00  7.185830065195830e-04 -4.473686823875574e-04 -2.602206048297334e-12 -3.762729819563326e-12 
 1.640589773199715e+06  1.000000000000000e+00  0.000000000000000e+00  6.747598272615614e-04 -4.471088091846382e-04 -2.647040057849118e-12 -3.557997836243706e-12 
 1.659586907437738e+06  1.000000000000000e+00  0.000000000000000e+00  6.327056590339532e-04 -4.456265447323252e-04 -2.685390240253840e-12 -3.355764952484193e-12 
 1.678804018122740e+06  1.000000000000000e+00  0.000000000000000e+00  5.923934236342558e-04 -4.430170599045211e-04 -2.719258439297725e-12 -3.153563212432084e-12 
 1.698243652461926e+06  1.000000000000000e+00  0.000000000000000e+00  5.537939433681628e-04 -4.393718344003881e-04 -2.741004607531919e-12 -2.960324856342983e-12 
 1.717908387157772e+06  1.000000000000000e+00  0.000000000000000e+00  5.168761107385927e-04 -4.347786779647330e-04 -2.755484371490952e-12 -2.772516591309504e-12 
 1.737800828749562e+06  1.000000000000000e+00  0.000000000000000e+00  4.816070575767898e-04 -4.293217577456854e-04 -2.763442103728871e-12 -2.592869346421285e-12 
 1.757923613958881e+06  1.000000000000000e+00  0.000000000000000e+00  4.479523146830876e-04 -4.230816267304594e-04 -2.766937964556251e-12 -2.414556293621473e-12 
 1.778279410039114e+06  1.000000000000000e+00  0.000000000000000e+00  4.158759728399820e-04 -4.161352605606400e-04 -2.765823879061387e-12 -2.239315246362235e-12 
 1.798870915128981e+06  1.000000000000000e+00  0.000000000000000e+00  3.853408345330885e-04 -4.085561005683343e-04 -2.758940320125858e-12 -2.071349575151135e-12 
 1.819700858610179e+06  1.000000000000000e+00  0.000000000000000e+00  3.563085674087138e-04 -4.004140991284027e-04 -2.744511161303226e-12 -1.898594698341097e-12 
 1.840772001469154e+06  1.000000000000000e+00  0.000000000000000e+00  3.287398456518337e-04 -3.917757709431415e-04 -2.725238776508411e-12 -1.737216463347166e-12 
 1.862087136663068e+06  1.000000000000000e+00  0.000000000000000e+00  3.025944940847591e-04 -3.827042504335779e-04 -2.698606596973803e-12 -1.576332407703454e-12 
 1.883649089490003e+06  1.000000000000000e+00  0.000000000000000e+00  2.778316215263704e-04 -3.732593459548695e-04 -2.660454105282706e-12 -1.415743485443620e-12 
 1.905460717963452e+06  1.000000000000000e+00  0.000000000000000e+00  2.544097540781294e-04 -3.634976048899533e-04 -2.620739576416654e-12 -1.265806768213293e-12 
 1.927524913191144e+06  1.000000000000000e+00  0.000000000000000e+00  2.322869587033357e-04 -3.534723828754062e-04 -2.575280402339689e-12 -1.122112710909284e-12 
 1.949844599758256e+06  1.000000000000000e+00  0.000000000000000e+00  2.114209679177492e-04 -3.432339094539069e-04 -2.529531251615428e-12 -9.877688673508994e-13 
 1.972422736115067e+06  1.000000000000000e+00  0.000000000000000e+00  1.917692934888253e-04 -3.328293612097837e-04 -2.471983026803605e-12 -8.549204096389151e-13 
 1.995262314969095e+06  1.000000000000000e+00  0.000000000000000e+00  1.732893383118550e-04 -3.223029400553495e-04 -2.412870881015553e-12 -7.298741282581525e-13 
 2.018366363681779e+06  1.000000000000000e+00  0.000000000000000e+00  1.559385034042708e-04 -3.116959489013560e-04 -2.350018102207155e-12 -6.112543874921619e-13 
 2.041737944669750e+06  1.000000000000000e+00  0.000000000000000e+00  1.396742880035379e-04 -3.010468717239124e-04 -2.284130187508310e-12 -4.989774327231189e-13 
 2.065380155810753e+06  1.000000000000000e+00  0.000000000000000e+00  1.244543866069400e-04 -2.903914564040058e-04 -2.212762728582250e-12 -3.936542796378548e-13 
 2.089296130854266e+06  1.000000000000000e+00  0.000000000000000e+00  1.102367777700863e-04 -2.797628011736715e-04 -2.141855293249844e-12 -2.944901538338290e-13 
 2.113489039836876e+06  1.000000000000000e+00  0.000000000000000e+00  9.697981259256064e-05 -2.691914366721633e-04 -2.072628184937543e-12 -2.040847688327546e-13 
 2.137962089502464e+06  1.000000000000000e+00  0.000000000000000e+00  8.464229430512056e-05 -2.587054151282396e-04 -1.994091479803504e-12 -1.167090919350008e-13 
 2.162718523727255e+06  1.000000000000000e+00  0.000000000000000e+00  7.318355272208924e-05 -2.483303995341088e-04 -1.918719679395563e-12 -3.648486677707008e-14 
 2.187761623949790e+06  1.000000000000000e+00  0.000000000000000e+00  6.256351640803862e-05 -2.380897515028692e-04 -1.844400344529640e-12  3.734703112089413e-14 
 2.213094709605878e+06  1.000000000000000e+00  0.000000000000000e+00  5.274277686313031e-05 -2.280046224610463e-04 -1.763715438480489e-12  1.053578611073108e-13 
 2.238721138568582e+06  1.000000000000000e+00  0.000000000000000e+00  4.368264997811485e-05 -2.180940438584230e-04 -1.686890835960538e-12  1.676803769619373e-13 
 2.264644307593306e+06  1.000000000000000e+00  0.000000000000000e+00  3.534523138965475e-05 -2.083750181902721e-04 -1.613748915854814e-12  2.244031173446841e-13 
 2.290867652768022e+06  1.000000000000000e+00  0.000000000000000e+00  2.769344758962824e-05 -1.988626092238939e-04 -1.535595115352713e-12  2.758581937097743e-13 
 2.317394649968730e+06  1.000000000000000e+00  0.000000000000000e+00  2.069110001491656e-05 -1.895700351945719e-04 -1.459873472549865e-12  3.218858556433557e-13 
 2.344228815320177e+06  1.000000000000000e+00  0.000000000000000e+00  1.430290913101341e-05 -1.805087568808592e-04 -1.385005072716323e-12  3.628043706931615e-13 
 2.371373705661913e+06  1.000000000000000e+00  0.000000000000000e+00  8.494548866081291e-06 -1.716885691308457e-04 -1.312969815555747e-12  3.991818065874654e-13 
 2.398832919019752e+06  1.000000000000000e+00  0.000000000000000e+00  3.232679121075430e-06 -1.631176901565352e-04 -1.240571874874904e-12  4.309127449937840e-13 
 2.426610095082680e+06  1.000000000000000e+00  0.000000000000000e+00 -1.515026138696774e-06 -1.548028494904854e-04 -1.169649213013540e-12  4.583844358230747e-13 
 2.454708915685298e+06  1.000000000000000e+00  0.000000000000000e+00 -5.779856073796708e-06 -1.467493762932266e-04 -1.100669266744725e-12  4.811911570698664e-13 
 2.483133105295841e+06  1.000000000000000e+00  0.000000000000000e+00 -9.592043706306121e-06 -1.389612847691792e-04 -1.033101067377424e-12  5.011030856211761e-13 
 2.511886431509854e+06  1.000000000000000e+00  0.000000000000000e+00 -1.298075212293676e-05 -1.314413595706695e-04 -9.675258717369906e-13  5.168135342424607e-13 
 2.540972705549582e+06  1.000000000000000e+00  0.000000000000000e+00 -1.597406164609775e-05 -1.241912385549890e-04 -9.027241548202549e-13  5.284115430371356e-13 
 2.570395782769145e+06  1.000000000000000e+00  0.000000000000000e+00 -1.859896398655971e-05 -1.172114942850466e-04 -8.425482051071533e-13  5.378260093140061e-13 
 2.600159563165556e+06  1.000000000000000e+00  0.000000000000000e+00 -2.088135889018139e-05 -1.105017141446149e-04 -7.835516411999191e-13  5.442199662653632e-13 
 2.630267991895670e+06  1.000000000000000e+00  0.000000000000000e+00 -2.284605341897952e-05 -1.040605768034882e-04 -7.268025157408653e-13  5.471683524294838e-13 
 2.660725059799101e+06  1.000000000000000e+00  0.000000000000000e+00 -2.451676583742123e-05 -9.788592835007035e-05 -6.712483513295129e-13  5.469194805970534e-13 
 2.691534803927210e+06  1.000000000000000e+00  0.000000000000000e+00 -2.591613262976553e-05 -9.197485514180325e-05 -6.192541732218462e-13  5.451883282119822e-13 
 2.722701308078210e+06  1.000000000000000e+00  0.000000000000000e+00 -2.706571711124667e-05 -8.632375425917031e-05 -5.696133795963696e-13  5.413888433424604e-13 
 2.754228703338468e+06  1.000000000000000e+00  0.000000000000000e+00 -2.798602316473178e-05 -8.092840170745069e-05 -5.226906943698413e-13  5.349186093801372e-13 
 2.786121168630076e+06  1.000000000000000e+00  0.000000000000000e+00 -2.869650915992045e-05 -7.578401802595149e-05 -4.779381837871437e-13  5.273094379762769e-13 
 2.818382931264763e+06  1.000000000000000e+00  0.000000000000000e+00 -2.921560606608406e-05 -7.088533097521326e-05 -4.344842390870910e-13  5.176533301402136e-13 
 2.851018267504222e+06  1.000000000000000e+00  0.000000000000000e+00 -2.956073762703697e-05 -6.622663578386938e-05 -3.952342366418411e-13  5.082556656088848e-13 
 2.884031503126923e+06  1.000000000000000e+00  0.000000000000000e+00 -2.974834150645056e-05 -6.180185234113288e-05 -3.574302532687599e-13  4.966554985742604e-13 
 2.917427014001487e+06  1.000000000000000e+00  0.000000000000000e+00 -2.979389391512783e-05 -5.760457956638194e-05 -3.211152021980542e-13  4.832645649757369e-13 
 2.951209226666710e+06  1.000000000000000e+00  0.000000000000000e+00 -2.971193425274793e-05 -5.362814718262474e-05 -2.885156950317973e-13  4.706629322528489e-13 
 2.985382618918288e+06  1.000000000000000e+00  0.000000000000000e+00 -2.951609266475657e-05 -4.986566433361677e-05 -2.581108798780296e-13  4.573337812374982e-13 
 3.019951720402348e+06  1.000000000000000e+00  0.000000000000000e+00 -2.921911830743167e-05 -4.631006526513191e-05 -2.283569722747771e-13  4.417328421178323e-13 
 3.054921113215849e+06  1.000000000000000e+00  0.000000000000000e+00 -2.883290840235752e-05 -4.295415245370836e-05 -2.026251176123327e-13  4.282436238983072e-13 
 3.090295432513931e+06  1.000000000000000e+00  0.000000000000000e+00 -2.836853907805602e-05 -3.979063648789287e-05 -1.774245770715479e-13  4.126429219478665e-13 
 3.126079367124300e+06  1.000000000000000e+00  0.000000000000000e+00 -2.783629590876505e-05 -3.681217336229669e-05 -1.532654271169955e-13  3.948924503772945e-13 
 3.162277660168728e+06  1.000000000000000e+00  0.000000000000000e+00 -2.724570610454398e-05 -3.401139890508576e-05 -1.327255998181498e-13  3.808336041948067e-13 
 3.198895109691751e+06  1.000000000000000e+00  0.000000000000000e+00 -2.660557021659282e-05 -3.138096037688331e-05 -1.119274105297326e-13  3.646614429961715e-13 
 3.235936569296639e+06  1.000000000000000e+00  0.000000000000000e+00 -2.592399491477883e-05 -2.891354548114416e-05 -9.316341152172799e-14  3.467071795336548e-13 
 3.273406948788743e+06  1.000000000000000e+00  0.000000000000000e+00 -2.520842483222222e-05 -2.660190890042747e-05 -7.723393034467880e-14  3.304403505447026e-13 
 3.311311214826277e+06  1.000000000000000e+00  0.000000000000000e+00 -2.446567564859731e-05 -2.443889582433432e-05 -6.303188900729298e-14  3.165249595562278e-13 
 3.349654391578647e+06  1.000000000000000e+00  0.000000000000000e+00 -2.370196584065387e-05 -2.241746374585420e-05 -4.868178207556237e-14  2.993508066618687e-13 
 3.388441561392400e+06  1.000000000000000e+00  0.000000000000000e+00 -2.292294880139026e-05 -2.053070111727988e-05 -3.736576748968740e-14  2.858799055298279e-13 
 3.427677865464883e+06  1.000000000000000e+00  0.000000000000000e+00 -2.213374433542234e-05 -1.877184437360841e-05 -2.611325581090103e-14  2.701827909011990e-13 
 3.467368504525701e+06  1.000000000000000e+00  0.000000000000000e+00 -2.133896958307883e-05 -1.713429248301668e-05 -1.592613031470985e-14  2.569022358600982e-13 
 3.507518739526069e+06  1.000000000000000e+00  0.000000000000000e+00 -2.054276939866974e-05 -1.561161943621395e-05 -6.998783368442844e-15  2.429956811193291e-13 
 3.548133892336148e+06  1.000000000000000e+00  0.000000000000000e+00 -1.974884591929353e-05 -1.419758507442285e-05  6.796600839097978e-16  2.292728778944891e-13 
 3.589219346450450e+06  1.000000000000000e+00  0.000000000000000e+00 -1.896048751757824e-05 -1.288614367608327e-05  7.919156663435158e-15  2.155196373877224e-13 
 3.630780547701417e+06  1.000000000000000e+00  0.000000000000000e+00 -1.818059667622076e-05 -1.167145111261493e-05  1.371244528244452e-14  2.027358841108452e-13 
 3.672823004981255e+06  1.000000000000000e+00  0.000000000000000e+00 -1.741171700451384e-05 -1.054787047772439e-05  1.883740542431246e-14  1.905418148430557e-13 
 3.715352290972138e+06  1.000000000000000e+00  0.000000000000000e+00 -1.665605943103020e-05 -9.509975822625134e-06  2.315974001525179e-14  1.796692673213310e-13 
 3.758374042884860e+06  1.000000000000000e+00  0.000000000000000e+00 -1.591552716910404e-05 -8.552554963119620e-06  2.632780078611107e-14  1.682164043984317e-13 
 3.801893963206035e+06  1.000000000000000e+00  0.000000000000000e+00 -1.519173979371650e-05 -7.670610756879261e-06  2.939899952780355e-14  1.575198665114982e-13 
 3.845917820453964e+06  1.000000000000000e+00  0.000000000000000e+00 -1.448605617356348e-05 -6.859361369719382e-06  3.229463290348568e-14  1.473984972417936e-13 
 3.890451449943240e+06  1.000000000000000e+00  0.000000000000000e+00 -1.379959633973575e-05 -6.114239311440218e-06  3.450640829997143e-14  1.384579370050659e-13 
 3.935500754558214e+06  1.000000000000000e+00  0.000000000000000e+00 -1.313326231914073e-05 -5.430889718638576e-06  3.572294031222410e-14  1.279210529702286e-13 
 3.981071705535417e+06  1.000000000000000e+00  0.000000000000000e+00 -1.248775777287992e-05 -4.805167696703052e-06  3.710255581297638e-14  1.199504663720603e-13 
 4.027170343255041e+06  1.000000000000000e+00  0.000000000000000e+00 -1.186360660845136e-05 -4.233134912698593e-06  3.732828501122197e-14  1.115043285840073e-13 
 4.073802778041583e+06  1.000000000000000e+00  0.000000000000000e+00 -1.126117054169175e-05 -3.711055550825501e-06  3.822456911271085e-14  1.031181119183464e-13 
 4.120975190973763e+06  1.000000000000000e+00  0.000000000000000e+00 -1.068066553011558e-05 -3.235391624107338e-06  3.861093683885379e-14  9.643722573248050e-14 
 4.168693834703820e+06  1.000000000000000e+00  0.000000000000000e+00 -1.012217723853130e-05 -2.802797975403149e-06  3.799074482058835e-14  8.879446036665740e-14 
 4.216965034286294e+06  1.000000000000000e+00  0.000000000000000e+00 -9.585675396046013e-06 -2.410116588384049e-06  3.798901687337595e-14  8.357985343402562e-14 
 4.265795188016404e+06  1.000000000000000e+00  0.000000000000000e+00 -9.071027286955263e-06 -2.054370820322897e-06  3.634636460821627e-14  7.610221375313795e-14 
 4.315190768278136e+06  1.000000000000000e+00  0.000000000000000e+00 -8.578010147081107e-06 -1.732759201188150e-06  3.732993672546912e-14  7.174740503073163e-14 
 4.365158322402149e+06  1.000000000000000e+00  0.000000000000000e+00 -8.106322760914764e-06 -1.442649075605348e-06  3.657138272230263e-14  6.639010909832732e-14 
 4.415704473533621e+06  1.000000000000000e+00  0.000000000000000e+00 -7.655596083217535e-06 -1.181570060730813e-06  3.538132938349760e-14  6.074974634871408e-14 
 4.466835921510133e+06  1.000000000000000e+00  0.000000000000000e+00 -7.225403058269177e-06 -9.472074400942577e-07  3.352628064219858e-14  5.662462360661755e-14 
 4.518559443749731e+06  1.000000000000000e+00  0.000000000000000e+00 -6.815267613696573e-06 -7.373954558735283e-07  3.240276767063101e-14  5.225517521673714e-14 
 4.570881896149265e+06  1.000000000000000e+00  0.000000000000000e+00 -6.424672858638303e-06 -5.501106238331316e-07  3.213439523393061e-14  4.821830160810192e-14 
 4.623810213993124e+06  1.000000000000000e+00  0.000000000000000e+00 -6.053068596817301e-06 -3.834650542754604e-07  3.029804516845871e-14  4.451321979139638e-14 
 4.677351412872509e+06  1.000000000000000e+00  0.000000000000000e+00 -5.699878088324941e-06 -2.356998256924131e-07  3.001786890412185e-14  4.147364348292498e-14 
 4.731512589615338e+06  1.000000000000000e+00  0.000000000000000e+00 -5.364504217436429e-06 -1.051784728386473e-07  2.819867951440308e-14  3.775975631867264e-14 
 4.786300923226924e+06  1.000000000000000e+00  0.000000000000000e+00 -5.046335011210079e-06  9.619422112540368e-09  2.635151093237061e-14  3.432589018880265e-14 
 4.841723675841540e+06  1.000000000000000e+00  0.000000000000000e+00 -4.744748585604056e-06  1.101045186867674e-07  2.534397095908401e-14  3.206147997100067e-14 
 4.897788193685016e+06  1.000000000000000e+00  0.000000000000000e+00 -4.459117564566617e-06  1.975838191950183e-07  2.464301265523198e-14  2.936671938011637e-14 
 4.954501908048463e+06  1.000000000000000e+00  0.000000000000000e+00 -4.188813005061844e-06  2.732666245707918e-07  2.285240596880183e-14  2.711694989726506e-14 
 5.011872336273290e+06  1.000000000000000e+00  0.000000000000000e+00 -3.933207845820303e-06  3.382702490322053e-07  2.138817992343185e-14  2.504283058959794e-14 
 5.069907082747618e+06  1.000000000000000e+00  0.000000000000000e+00 -3.691679930253586e-06  3.936256168847222e-07  2.068474150711025e-14  2.295194759993215e-14 
 5.128613839914230e+06  1.000000000000000e+00  0.000000000000000e+00 -3.463614646757939e-06  4.402825829205739e-07  1.847760054551629e-14  2.140185267632686e-14 
 5.188000389290200e+06  1.000000000000000e+00  0.000000000000000e+00 -3.248407191905862e-06  4.791150861118734e-07  1.765349656838593e-14  1.969342568230470e-14 
 5.248074602498322e+06  1.000000000000000e+00  0.000000000000000e+00 -3.045464512313495e-06  5.109260440430480e-07  1.670962192075557e-14  1.768268143269071e-14 
 5.308844442310487e+06  1.000000000000000e+00  0.000000000000000e+00 -2.854206935784565e-06  5.364520721638863e-07  1.561699791143375e-14  1.629345523142108e-14 
 5.370317963703138e+06  1.000000000000000e+00  0.000000000000000e+00 -2.674069527362210e-06  5.563679523330876e-07  1.403584404989299e-14  1.566002019713246e-14 
 5.432503314924950e+06  1.000000000000000e+00  0.000000000000000e+00 -2.504503206706990e-06  5.712908955452188e-07  1.293920139863204e-14  1.418634041703816e-14 
 5.495408738576870e+06  1.000000000000000e+00  0.000000000000000e+00 -2.344975611816834e-06  5.817845970880086e-07  1.281503558004787e-14  1.356232745961744e-14 
 5.559042572704668e+06  1.000000000000000e+00  0.000000000000000e+00 -2.194971796793311e-06  5.883630503800179e-07  1.161140229139510e-14  1.233246624573919e-14 
 5.623413251904131e+06  1.000000000000000e+00  0.000000000000000e+00 -2.053994718916192e-06  5.914941850860274e-07  1.046301111513371e-14  1.157955218498222e-14 
 5.688529308439062e+06  1.000000000000000e+00  0.000000000000000e+00 -1.921565581298483e-06  5.916032791841464e-07  1.017240438120525e-14  1.050761798771849e-14 
 5.754399373372225e+06  1.000000000000000e+00  0.000000000000000e+00 -1.797224017761824e-06  5.890761766221757e-07  8.762352233801041e-15  9.797771105406430e-15 
 5.821032177709378e+06  1.000000000000000e+00  0.000000000000000e+00 -1.680528162695289e-06  5.842623227193044e-07  8.411150456891898e-15  9.269589390995247e-15 
 5.888436553556562e+06  1.000000000000000e+00  0.000000000000000e+00 -1.571054600965677e-06  5.774776033457864e-07  7.316358043225109e-15  8.615198470423972e-15 
 5.956621435290786e+06  1.000000000000000e+00  0.000000000000000e+00 -1.468398232467665e-06  5.690070054726364e-07  6.896809548378931e-15  8.285019442460750e-15 
 6.025595860744267e+06  1.000000000000000e+00  0.000000000000000e+00 -1.372172039311080e-06  5.591071144279528e-07  6.228338081488093e-15  7.877863542558714e-15 
 6.095368972402389e+06  1.000000000000000e+00  0.000000000000000e+00 -1.282006792611918e-06  5.480084402649786e-07  5.193627302956829e-15  7.771839290350371e-15 
 6.165950018615528e+06  1.000000000000000e+00  0.000000000000000e+00 -1.197550695325738e-06  5.359175896629742e-07  3.944990042085696e-15  7.256817873901118e-15 
 6.237348354824907e+06  1.000000000000000e+00  0.000000000000000e+00 -1.118468970804049e-06  5.230192869842122e-07  4.481626124692322e-15  6.808372347133547e-15 
 6.309573444802656e+06  1.000000000000000e+00  0.000000000000000e+00 -1.044443415566784e-06  5.094782559359299e-07  3.739869314265483e-15  6.745421970224351e-15 
 6.382634861906219e+06  1.000000000000000e+00  0.000000000000000e+00 -9.751719165253741e-07  4.954409657109863e-07  2.884464134541843e-15  6.148233725680001e-15 
 6.456542290347297e+06  1.000000000000000e+00  0.000000000000000e+00 -9.103679345217383e-07  4.810372496722306e-07  2.802424784905308e-15  6.318308015321314e-15 
 6.531305526475474e+06  1.000000000000000e+00  0.000000000000000e+00 -8.497599867794872e-07  4.663818041743885e-07  2.455704474031630e-15  6.072363528756555e-15 
 6.606934480076720e+06  1.000000000000000e+00  0.000000000000000e+00 -7.930910917184359e-07  4.515755747592391e-07  2.210963674224479e-15  6.130827833888635e-15 
 6.683439175686915e+06  1.000000000000000e+00  0.000000000000000e+00 -7.401182231965170e-07  4.367070355046858e-07  1.766935636035076e-15  5.762136891261500e-15 
 6.760829753920596e+06  1.000000000000000e+00  0.000000000000000e+00 -6.906117465225159e-07  4.218533694525500e-07  1.445763638795600e-15  5.640239029863374e-15 
 6.839116472815081e+06  1.000000000000000e+00  0.000000000000000e+00 -6.443548692202215e-07  4.070815532996058e-07  9.712051185855838e-16  5.739883985778370e-15 
 6.918309709190163e+06  1.000000000000000e+00  0.000000000000000e+00 -6.011430781601963e-07  3.924493570477046e-07  9.199143619535797e-16  5.374569766465243e-15 
 6.998419960023543e+06  1.000000000000000e+00  0.000000000000000e+00 -5.607835886412604e-07  3.780062612527424e-07  5.719865262042521e-17  5.424545994137557e-15 
 7.079457843842197e+06  1.000000000000000e+00  0.000000000000000e+00 -5.230948101846220e-07  3.637942967062876e-07  4.819562148037601e-16  5.173896755711503e-15 
 7.161434102129849e+06  1.000000000000000e+00  0.000000000000000e+00 -4.879058080339022e-07  3.498488151899156e-07  4.081831920483772e-16  5.308494976181201e-15 
 7.244359600750739e+06  1.000000000000000e+00  0.000000000000000e+00 -4.550557860342336e-07  3.361991933984089e-07  1.530408144140535e-16  4.985687292146129e-15 
 7.328245331389889e+06  1.000000000000000e+00  0.000000000000000e+00 -4.243935781777574e-07  3.228694739623639e-07  5.235306829675897e-17  4.797324939133775e-15 
 7.413102413010034e+06  1.000000000000000e+00  0.000000000000000e+00 -3.957771585453572e-07  3.098789529404417e-07 -1.705093469388464e-16  5.254687684662905e-15 
 7.498942093325428e+06  1.000000000000000e+00  0.000000000000000e+00 -3.690731665567547e-07  2.972427132184526e-07 -2.080789771536086e-16  5.006818289255731e-15 
 7.585775750292717e+06  1.000000000000000e+00  0.000000000000000e+00 -3.441564411758434e-07  2.849721078374682e-07 -2.244337937016601e-16  5.181835042614052e-15 
 7.673614893619080e+06  1.000000000000000e+00  0.000000000000000e+00 -3.209095827828299e-07  2.730752017198722e-07 -1.351496521532502e-16  4.707413159406340e-15 
 7.762471166287819e+06  1.000000000000000e+00  0.000000000000000e+00 -2.992225244127932e-07  2.615571694571645e-07 -5.835435628505980e-16  4.673636913306296e-15 
 7.852356346101630e+06  1.000000000000000e+00  0.000000000000000e+00 -2.789921215997730e-07  2.504206560222955e-07 -8.419017937134012e-16  5.073959639604154e-15 
 7.943282347243738e+06  1.000000000000000e+00  0.000000000000000e+00 -2.601217617588765e-07  2.396661032261481e-07 -6.626011182847821e-16  4.846319151217756e-15 
 8.035261221857107e+06  1.000000000000000e+00  0.000000000000000e+00 -2.425209890140645e-07  2.292920430657634e-07 -1.104438954265712e-15  5.013158840409187e-15 
 8.128305161641939e+06  1.000000000000000e+00  0.000000000000000e+00 -2.261051446339961e-07  2.192953616966327e-07 -9.760281109523600e-16  4.973732818376508e-15 
 8.222426499471669e+06  1.000000000000000e+00  0.000000000000000e+00 -2.107950280608999e-07  2.096715380092440e-07 -9.231616215755567e-16  4.598318472321203e-15 
 8.317637711027679e+06  1.000000000000000e+00  0.000000000000000e+00 -1.965165710720592e-07  2.004148556471273e-07 -8.584481257343158e-16  4.746118012293770e-15 
 8.413951416452931e+06  1.000000000000000e+00  0.000000000000000e+00 -1.832005287291691e-07  1.915185933337980e-07 -9.246088435403897e-16  4.330310623747597e-15 
 8.511380382024758e+06  1.000000000000000e+00  0.000000000000000e+00 -1.707821873378759e-07  1.829751956199562e-07 -1.009898271830430e-15  4.572733087760668e-15 
 8.609937521847012e+06  1.000000000000000e+00  0.000000000000000e+00 -1.592010863880242e-07  1.747764235789307e-07 -8.674897326076676e-16  4.395166871110230e-15 
 8.709635899561824e+06  1.000000000000000e+00  0.000000000000000e+00 -1.484007546891260e-07  1.669134892818946e-07 -1.000147685145336e-15  4.389332528021877e-15 
 8.810488730081171e+06  1.000000000000000e+00  0.000000000000000e+00 -1.383284628032826e-07  1.593771749470681e-07 -7.811579310143574e-16  4.435616161882751e-15 
 8.912509381338498e+06  1.000000000000000e+00  0.000000000000000e+00 -1.289349868967957e-07  1.521579377855388e-07 -8.770932399624041e-16  4.245120046849479e-15 
 9.015711376060624e+06  1.000000000000000e+00  0.000000000000000e+00 -1.201743872702171e-07  1.452460029366221e-07 -1.128860767019626e-15  4.399041179958636e-15 
 9.120108393560166e+06  1.000000000000000e+00  0.000000000000000e+00 -1.120037983901437e-07  1.386314438236485e-07 -8.948951759048926e-16  4.399215748155110e-15 
 9.225714271548713e+06  1.000000000000000e+00  0.000000000000000e+00 -1.043832317538136e-07  1.323042531937720e-07 -8.903598240156031e-16  4.448498467601860e-15 
 9.332543007971006e+06  1.000000000000000e+00  0.000000000000000e+00 -9.727539045850336e-08  1.262544048529173e-07 -6.719806846866433e-16  4.464864044115319e-15 
 9.440608762860343e+06  1.000000000000000e+00  0.000000000000000e+00 -9.064549330561212e-08  1.204719062209627e-07 -8.462388637924168e-16  4.738659569555840e-15 
 9.549925860215481e+06  1.000000000000000e+00  0.000000000000000e+00 -8.446111157994073e-08  1.149468447916909e-07 -8.396593930995536e-16  4.401774323668855e-15 
 9.660508789899269e+06  1.000000000000000e+00  0.000000000000000e+00 -7.869201348203350e-08  1.096694261488017e-07 -7.173081341553526e-16  4.133495401391070e-15 
 9.772372209559256e+06  1.000000000000000e+00  0.000000000000000e+00 -7.331001990025084e-08  1.046300078050072e-07 -7.697859048925376e-16  4.538669048981906e-15 
 9.885530946570551e+06  1.000000000000000e+00  0.000000000000000e+00 -6.828886781581116e-08  9.981912634158475e-08 -7.583003068726142e-16  4.262791940073507e-15 
 1.000000000000118e+07  1.000000000000000e+00  0.000000000000000e+00 -6.360408277116264e-08  9.522752022378477e-08 -6.511983309703426e-16  4.064338605627827e-15 
 1.011579454260018e+07  1.000000000000000e+00  0.000000000000000e+00 -5.923285959055417e-08  9.084614893961014e-08 -7.307662618055556e-16  3.968537802864826e-15 
 1.023292992280875e+07  1.000000000000000e+00  0.000000000000000e+00 -5.515394984384718e-08  8.666620729999202e-08 -7.181691613442101e-16  3.873865962671618e-15 
 1.035142166679466e+07  1.000000000000000e+00  0.000000000000000e+00 -5.134755731223221e-08  8.267913752444555e-08 -5.550739798194643e-16  4.112810499477095e-15 
 1.047128548051023e+07  1.000000000000000e+00  0.000000000000000e+00 -4.779523990516398e-08  7.887663779735836e-08 -5.762851042606431e-16  3.604581006789234e-15 
 1.059253725177414e+07  1.000000000000000e+00  0.000000000000000e+00 -4.447981757231158e-08  7.525066823562051e-08 -7.124697975882135e-16  3.839528593639966e-15 
 1.071519305237733e+07  1.000000000000000e+00  0.000000000000000e+00 -4.138528666108857e-08  7.179345503286681e-08 -5.310709553747965e-16  3.810236937009381e-15 
 1.083926914021332e+07  1.000000000000000e+00  0.000000000000000e+00 -3.849673986346848e-08  6.849749240335544e-08 -4.584755019763604e-16  3.923664065270825e-15 
 1.096478196143315e+07  1.000000000000000e+00  0.000000000000000e+00 -3.580029122074068e-08  6.535554300489363e-08 -4.015924799709895e-16  3.763002032209182e-15 
 1.109174815262532e+07  1.000000000000000e+00  0.000000000000000e+00 -3.328300607679535e-08  6.236063652633041e-08 -4.955482497602457e-16  3.596004937164627e-15 
 1.122018454302096e+07  1.000000000000000e+00  0.000000000000000e+00 -3.093283598219141e-08  5.950606741290415e-08 -4.702339901890874e-16  3.524953361785601e-15 
 1.135010815672449e+07  1.000000000000000e+00  0.000000000000000e+00 -2.873855782211306e-08  5.678539178950881e-08 -4.738226313857681e-16  3.471862967851869e-15 
 1.148153621497019e+07  1.000000000000000e+00  0.000000000000000e+00 -2.668971685922311e-08  5.419242268503848e-08 -4.736304558227761e-16  3.226389163599266e-15 
 1.161448613840480e+07  1.000000000000000e+00  0.000000000000000e+00 -2.477657387656182e-08  5.172122523363088e-08 -3.489583572087809e-16  3.537302154207587e-15 
 1.174897554939669e+07  1.000000000000000e+00  0.000000000000000e+00 -2.299005574893260e-08  4.936611101211877e-08 -4.256765689428681e-16  3.169089991990803e-15 
 1.188502227437159e+07  1.000000000000000e+00  0.000000000000000e+00 -2.132170951923549e-08  4.712163185271614e-08 -3.245240101870453e-16  3.320856015201794e-15 
 1.202264434617556e+07  1.000000000000000e+00  0.000000000000000e+00 -1.976365942226590e-08  4.498257340827640e-08 -4.526044816996469e-16  3.130912324468810e-15 
 1.216186000646512e+07  1.000000000000000e+00  0.000000000000000e+00 -1.830856697494551e-08  4.294394818001985e-08 -4.344272729383972e-16  3.098818992214257e-15 
 1.230268770812528e+07  1.000000000000000e+00  0.000000000000000e+00 -1.694959386139296e-08  4.100098869604856e-08 -4.009747216372002e-16  2.978317001408537e-15 
 1.244514611771533e+07  1.000000000000000e+00  0.000000000000000e+00 -1.568036716418323e-08  3.914914012206832e-08 -2.662827617517654e-16  3.032112881143103e-15 
 1.258925411794317e+07  1.000000000000000e+00  0.000000000000000e+00 -1.449494727361916e-08  3.738405309649074e-08 -2.614779235178929e-16  2.979186398010832e-15 
 1.273503081016813e+07  1.000000000000000e+00  0.000000000000000e+00 -1.338779775025100e-08  3.570157637159723e-08 -2.602412016481618e-16  3.019813449896990e-15 
 1.288249551693287e+07  1.000000000000000e+00  0.000000000000000e+00 -1.235375749868979e-08  3.409774954323039e-08 -3.574832553727437e-16  2.764964982769197e-15 
 1.303166778452454e+07  1.000000000000000e+00  0.000000000000000e+00 -1.138801472202867e-08  3.256879574333658e-08 -1.623899798604520e-16  3.033691472624099e-15 
 1.318256738556564e+07  1.000000000000000e+00  0.000000000000000e+00 -1.048608274950950e-08  3.111111450963734e-08 -6.029151112285334e-17  3.030809313980890e-15 
 1.333521432163483e+07  1.000000000000000e+00  0.000000000000000e+00 -9.643777568724730e-09  2.972127466266766e-08 -1.314719331171746e-16  2.901995826442308e-15 
 1.348962882591814e+07  1.000000000000000e+00  0.000000000000000e+00 -8.857196894408212e-09  2.839600740089478e-08  1.930565723829096e-17  3.003530302758752e-15 
 1.364583136589087e+07  1.000000000000000e+00  0.000000000000000e+00 -8.122700687154466e-09  2.713219942100408e-08 -2.750078057775125e-16  2.659851747582849e-15 
 1.380384264603049e+07  1.000000000000000e+00  0.000000000000000e+00 -7.436893083405020e-09  2.592688640481038e-08  1.388682599677752e-18  2.888239014626260e-15 
 1.396368361056104e+07  1.000000000000000e+00  0.000000000000000e+00 -6.796605525270627e-09  2.477724643771117e-08 -2.154028489796090e-16  2.539971739522307e-15 
 1.412537544622923e+07  1.000000000000000e+00  0.000000000000000e+00 -6.198881158272988e-09  2.368059382992175e-08 -3.128185502486423e-16  2.513618326034823e-15 
 1.428893958511274e+07  1.000000000000000e+00  0.000000000000000e+00 -5.640960220045860e-09  2.263437295082638e-08 -2.265333017598212e-17  2.685900288766326e-15 
 1.445439770746100e+07  1.000000000000000e+00  0.000000000000000e+00 -5.120266530691601e-09  2.163615243178138e-08 -2.869760066093982e-16  2.452274132870315e-15 
 1.462177174456893e+07  1.000000000000000e+00  0.000000000000000e+00 -4.634394898195212e-09  2.068361941695854e-08 -1.387213256008207e-16  2.562816178405086e-15 
 1.479108388168385e+07  1.000000000000000e+00  0.000000000000000e+00 -4.181099422339456e-09  1.977457408584608e-08 -1.428521321970367e-16  2.527338690618720e-15 
 1.496235656094613e+07  1.000000000000000e+00  0.000000000000000e+00 -3.758282583370595e-09  1.890692440927630e-08 -1.057516837887982e-16  2.438890215728767e-15 
 1.513561248436390e+07  1.000000000000000e+00  0.000000000000000e+00 -3.363985133578942e-09  1.807868108198001e-08 -9.038510581222575e-17  2.450996994955855e-15 
 1.531087461682214e+07  1.000000000000000e+00  0.000000000000000e+00 -2.996376694879659e-09  1.728795258113581e-08  7.843174542770979e-17  2.542930683687417e-15 
 1.548816618912667e+07  1.000000000000000e+00  0.000000000000000e+00 -2.653746965060792e-09  1.653294055634017e-08 -3.097090216787270e-16  2.244074999460927e-15 
 1.566751070108337e+07  1.000000000000000e+00  0.000000000000000e+00 -2.334497617274333e-09  1.581193530455672e-08 -3.828436381212677e-16  2.210886213723197e-15 
 1.584893192461304e+07  1.000000000000000e+00  0.000000000000000e+00 -2.037134679079919e-09  1.512331150859051e-08 -6.296495875922714e-17  2.335665758135679e-15 
 1.603245390690234e+07  1.000000000000000e+00  0.000000000000000e+00 -1.760261529565327e-09  1.446552411318287e-08 -2.511961546857388e-16  2.226830766058215e-15 
 1.621810097359125e+07  1.000000000000000e+00  0.000000000000000e+00 -1.502572294916629e-09  1.383710438576084e-08 -3.018226480110365e-16  2.150797272928503e-15 
 1.640589773199737e+07  1.000000000000000e+00  0.000000000000000e+00 -1.262845805478435e-09  1.323665617626689e-08 -1.833792680581254e-16  2.198124121335330e-15 
 1.659586907437761e+07  1.000000000000000e+00  0.000000000000000e+00 -1.039939853865649e-09  1.266285235385338e-08 -1.871969645103123e-16  2.166476262236584e-15 
 1.678804018122763e+07  1.000000000000000e+00  0.000000000000000e+00 -8.327859620117603e-10  1.211443134588886e-08 -6.084448560164567e-17  2.222902461340963e-15 
 1.698243652461949e+07  1.000000000000000e+00  0.000000000000000e+00 -6.403844526365187e-10  1.159019392337328e-08 -2.573959941193438e-16  2.070546344024589e-15 
 1.717908387157796e+07  1.000000000000000e+00  0.000000000000000e+00 -4.617998536226411e-10  1.108900006907583e-08 -3.407435207568713e-16  2.049821605092314e-15 
 1.737800828749586e+07  1.000000000000000e+00  0.000000000000000e+00 -2.961566553862092e-10  1.060976604100160e-08 -1.933279685841295e-16  2.141326322094109e-15 
 1.757923613958905e+07  1.000000000000000e+00  0.000000000000000e+00 -1.426353399961861e-10  1.015146151428664e-08 -1.229440248688121e-16  2.113026401251235e-15 
 1.778279410039138e+07  1.000000000000000e+00  0.000000000000000e+00 -4.686743423910876e-13  9.713106969904837e-09 -8.821993011928809e-17  2.065168443747736e-15 
 1.798870915129006e+07  1.000000000000000e+00  0.000000000000000e+00  1.310617131852954e-10  9.293771086817019e-09 -3.170302055296281e-16  2.000766878542670e-15 
 1.819700858610204e+07  1.000000000000000e+00  0.000000000000000e+00  2.526285616419063e-10  8.892568329322450e-09 -6.221378499435174e-17  2.048420869850726e-15 
 1.840772001469179e+07  1.000000000000000e+00  0.000000000000000e+00  3.648619427418712e-10  8.508656673932586e-09 -2.567043558648010e-16  2.036072403751491e-15 
 1.862087136663093e+07  1.000000000000000e+00  0.000000000000000e+00  4.683520681644585e-10  8.141235381536924e-09 -3.601534885335584e-16  1.975229706617728e-15 
 1.883649089490029e+07  1.000000000000000e+00  0.000000000000000e+00  5.636518618717137e-10  7.789542935491407e-09  7.182545004306338e-17  2.030961679503771e-15 
 1.905460717963478e+07  1.000000000000000e+00  0.000000000000000e+00  6.512794018110626e-10  7.452855066414521e-09 -2.395354007058183e-17  2.007869127382666e-15 
 1.927524913191170e+07  1.000000000000000e+00  0.000000000000000e+00  7.317201613564697e-10  7.130482862500715e-09 -3.419001507733190e-17  1.959088783052856e-15 
 1.949844599758282e+07  1.000000000000000e+00  0.000000000000000e+00  8.054291257267737e-10  6.821770997567585e-09 -6.518709975531932e-17  1.967239773039273e-15 
 1.972422736115093e+07  1.000000000000000e+00  0.000000000000000e+00  8.728327478697151e-10  6.526096041212132e-09 -2.735492211427976e-16  1.970572286031083e-15 
 1.995262314969122e+07  1.000000000000000e+00  0.000000000000000e+00  9.343307779641261e-10  6.242864842543948e-09 -1.588687729088484e-16  1.949681050117161e-15 
 2.018366363681806e+07  1.000000000000000e+00  0.000000000000000e+00  9.902979854059364e-10  5.971513016851016e-09 -2.226727554390488e-16  1.931687554654442e-15 
 2.041737944669778e+07  1.000000000000000e+00  0.000000000000000e+00  1.041085746353295e-09  5.711503495564145e-09  2.720397296418371e-17  1.922956253834542e-15 
 2.065380155810780e+07  1.000000000000000e+00  0.000000000000000e+00  1.087023532248568e-09  5.462325147678653e-09 -1.610131457958684e-16  1.897223448524852e-15 
 2.089296130854294e+07  1.000000000000000e+00  0.000000000000000e+00  1.128420309389805e-09  5.223491488093686e-09 -9.992382977725443e-17  1.919677106813541e-15 
 2.113489039836904e+07  1.000000000000000e+00  0.000000000000000e+00  1.165565834912986e-09  4.994539436865112e-09 -1.335275612083938e-16  1.919521762501299e-15 
 2.137962089502493e+07  1.000000000000000e+00  0.000000000000000e+00  1.198731869945840e-09  4.775028148838838e-09 -1.349185548990042e-16  1.918349577676549e-15 
 2.162718523727284e+07  1.000000000000000e+00  0.000000000000000e+00  1.228173321467557e-09  4.564537900446145e-09 -2.481200179495862e-16  1.910569509952462e-15 
 2.187761623949819e+07  1.000000000000000e+00  0.000000000000000e+00  1.254129298009311e-09  4.362669043680691e-09 -2.247778470697423e-16  1.911564205805995e-15 
 2.213094709605908e+07  1.000000000000000e+00  0.000000000000000e+00  1.276824102055276e-09  4.169040992302643e-09 -1.583549767023963e-16  1.900303312433447e-15 
 2.238721138568613e+07  1.000000000000000e+00  0.000000000000000e+00  1.296468161051368e-09  3.983291285130420e-09 -1.724282734559750e-16  1.895117290554951e-15 
 2.264644307593336e+07  1.000000000000000e+00  0.000000000000000e+00  1.313258893383487e-09  3.805074678954818e-09 -1.493272054587653e-16  1.895797803566298e-15 
 2.290867652768053e+07  1.000000000000000e+00  0.000000000000000e+00  1.327381523326074e-09  3.634062301050414e-09 -1.626180241461534e-16  1.888711431941171e-15 
 2.317394649968762e+07  1.000000000000000e+00  0.000000000000000e+00  1.339009837256557e-09  3.469940832886793e-09 -9.764698525930259e-17  1.877546960220894e-15 
 2.344228815320209e+07  1.000000000000000e+00  0.000000000000000e+00  1.348306896880118e-09  3.312411749694066e-09 -3.285084621665187e-17  1.862187280930630e-15 
 2.371373705661946e+07  1.000000000000000e+00  0.000000000000000e+00  1.355425706733886e-09  3.161190582616241e-09 -7.875776465577594e-17  1.881099746239948e-15 
 2.398832919019784e+07  1.000000000000000e+00  0.000000000000000e+00  1.360509835922942e-09  3.016006235500625e-09 -5.184495626868118e-17  1.864471121018420e-15 
 2.426610095082713e+07  1.000000000000000e+00  0.000000000000000e+00  1.363694002355634e-09  2.876600323704262e-09 -2.057618572116316e-17  1.873275956126825e-15 
 2.454708915685331e+07  1.000000000000000e+00  0.000000000000000e+00  1.365104619988098e-09  2.742726553303937e-09 -3.829322558414468e-17  1.855669069165981e-15 
 2.483133105295875e+07  1.000000000000000e+00  0.000000000000000e+00  1.364860312371641e-09  2.614150134851842e-09  2.196329750485767e-17  1.853144378589042e-15 
 2.511886431509889e+07  1.000000000000000e+00  0.000000000000000e+00  1.363072394434349e-09  2.490647210540711e-09  8.720484937082922e-17  1.831620309181462e-15 
 2.540972705549617e+07  1.000000000000000e+00  0.000000000000000e+00  1.359845320189588e-09  2.372004335489886e-09  1.061462625894661e-17  1.867218131791222e-15 
 2.570395782769180e+07  1.000000000000000e+00  0.000000000000000e+00  1.355277105797001e-09  2.258017966695930e-09  3.539683483320830e-17  1.854418130129472e-15 
 2.600159563165592e+07  1.000000000000000e+00  0.000000000000000e+00  1.349459725509304e-09  2.148493981365984e-09  2.446355880167035e-17  1.861208756768265e-15 
 2.630267991895705e+07  1.000000000000000e+00  0.000000000000000e+00  1.342479485337776e-09  2.043247225487393e-09  5.424182360783991e-17  1.840520243590531e-15 
 2.660725059799137e+07  1.000000000000000e+00  0.000000000000000e+00  1.334417368366147e-09  1.942101080510779e-09  1.481862328985633e-16  1.805106039050134e-15 
 2.691534803927247e+07  1.000000000000000e+00  0.000000000000000e+00  1.325349360541496e-09  1.844887051339036e-09  1.146123549844177e-16  1.831275431166008e-15 
 2.722701308078248e+07  1.000000000000000e+00  0.000000000000000e+00  1.315346764013931e-09  1.751444378794734e-09  1.056161909840766e-16  1.833711552981521e-15 
 2.754228703338506e+07  1.000000000000000e+00  0.000000000000000e+00  1.304476475812482e-09  1.661619667724038e-09  1.853291273044532e-16  1.804615945445641e-15 
 2.786121168630114e+07  1.000000000000000e+00  0.000000000000000e+00  1.292801264238376e-09  1.575266535752023e-09  8.049825554517620e-17  1.880244194418059e-15 
 2.818382931264801e+07  1.000000000000000e+00  0.000000000000000e+00  1.280380020352753e-09  1.492245278839923e-09  1.355470491065663e-16  1.859101309378886e-15 
 2.851018267504261e+07  1.000000000000000e+00  0.000000000000000e+00  1.267267995073349e-09  1.412422554846508e-09  1.507775109461267e-16  1.854664845225767e-15 
 2.884031503126962e+07  1.000000000000000e+00  0.000000000000000e+00  1.253517024686263e-09  1.335671079451992e-09  2.042601999899513e-16  1.807278390597590e-15 
 2.917427014001527e+07  1.000000000000000e+00  0.000000000000000e+00  1.239175738004028e-09  1.261869341955248e-09  2.739770451594646e-16  1.769245255775342e-15 
 2.951209226666751e+07  1.000000000000000e+00  0.000000000000000e+00  1.224289756612609e-09  1.190901332325205e-09  2.873047099351545e-16  1.768721259759853e-15 
 2.985382618918329e+07  1.000000000000000e+00  0.000000000000000e+00  1.208901876658684e-09  1.122656280814340e-09  2.079382775054249e-16  1.860643027526319e-15 
 3.019951720402390e+07  1.000000000000000e+00  0.000000000000000e+00  1.193052243825316e-09  1.057028412088177e-09  2.877355918834498e-16  1.794636399871582e-15 
 3.054921113215892e+07  1.000000000000000e+00  0.000000000000000e+00  1.176778518903042e-09  9.939167132125257e-10  2.696426016373878e-16  1.828025801413082e-15 
 3.090295432513973e+07  1.000000000000000e+00  0.000000000000000e+00  1.160116026970975e-09  9.332247085159936e-10  2.987717967903423e-16  1.800705174992821e-15 
 3.126079367124343e+07  1.000000000000000e+00  0.000000000000000e+00  1.143097905179133e-09  8.748602483088203e-10  3.255083015043399e-16  1.808651131462310e-15 
 3.162277660168771e+07  1.000000000000000e+00  0.000000000000000e+00  1.125755235775136e-09  8.187353102294412e-10  3.796280629288715e-16  1.757206187743741e-15 
 3.198895109691795e+07  1.000000000000000e+00  0.000000000000000e+00  1.108117175204715e-09  7.647658036394351e-10  4.420235533312896e-16  1.693762983191332e-15 
 3.235936569296684e+07  1.000000000000000e+00  0.000000000000000e+00  1.090211072086170e-09  7.128713911256548e-10  3.718770880258067e-16  1.804493708055139e-15 
 3.273406948788789e+07  1.000000000000000e+00  0.000000000000000e+00  1.072062580691218e-09  6.629753147599442e-10  4.469649271344434e-16  1.730089013969009e-15 
 3.311311214826322e+07  1.000000000000000e+00  0.000000000000000e+00  1.053695766589027e-09  6.150042294736145e-10  4.296975210940510e-16  1.770210814657088e-15 
 3.349654391578693e+07  1.000000000000000e+00  0.000000000000000e+00  1.035133205430255e-09  5.688880488216411e-10  4.409337681549584e-16  1.777114763643933e-15 
 3.388441561392447e+07  1.000000000000000e+00  0.000000000000000e+00  1.016396076500406e-09  5.245597943319436e-10  4.545391067606333e-16  1.791007524248016e-15 
 3.427677865464929e+07  1.000000000000000e+00  0.000000000000000e+00  9.975042515385221e-10  4.819554547325086e-10  5.046309525173927e-16  1.700978000452714e-15 
 3.467368504525747e+07  1.000000000000000e+00  0.000000000000000e+00  9.784763758249396e-10  4.410138509707742e-10  5.310869188749442e-16  1.705858170141294e-15 
 3.507518739526116e+07  1.000000000000000e+00  0.000000000000000e+00  9.593299475461193e-10  4.016765081449731e-10  5.314127101630528e-16  1.707329614875444e-15 
 3.548133892336196e+07  1.000000000000000e+00  0.000000000000000e+00  9.400813893876739e-10  3.638875324814311e-10  5.609368271898343e-16  1.720587831260039e-15 
 3.589219346450499e+07  1.000000000000000e+00  0.000000000000000e+00  9.207461195211672e-10  3.275934964887475e-10  5.992224293223573e-16  1.695261794601512e-15 
 3.630780547701465e+07  1.000000000000000e+00  0.000000000000000e+00  9.013386138518694e-10  2.927433276934301e-10  5.952343263227565e-16  1.729212745408679e-15 
 3.672823004981304e+07  1.000000000000000e+00  0.000000000000000e+00  8.818724691589691e-10  2.592882046635701e-10  6.235968761375831e-16  1.708176303857735e-15 
 3.715352290972188e+07  1.000000000000000e+00  0.000000000000000e+00  8.623604600213279e-10  2.271814558891845e-10  6.494940984574191e-16  1.693524652817778e-15 
 3.758374042884910e+07  1.000000000000000e+00  0.000000000000000e+00  8.428145933657856e-10  1.963784654613559e-10  6.782039950599368e-16  1.671931498526209e-15 
 3.801893963206086e+07  1.000000000000000e+00  0.000000000000000e+00  8.232461590418532e-10  1.668365825019022e-10  7.006496311700994e-16  1.652889434067572e-15 
 3.845917820454016e+07  1.000000000000000e+00  0.000000000000000e+00  8.036657789900246e-10  1.385150354464900e-10  7.174401585917658e-16  1.666672751018730e-15 
 3.890451449943291e+07  1.000000000000000e+00  0.000000000000000e+00  7.840834522683243e-10  1.113748497558907e-10  7.508167633906958e-16  1.597461696427218e-15 
 3.935500754558266e+07  1.000000000000000e+00  0.000000000000000e+00  7.645085989704520e-10  8.537877035434553e-11  7.612628125930990e-16  1.602412692686728e-15 
 3.981071705535470e+07  1.000000000000000e+00  0.000000000000000e+00  7.449501005604558e-10  6.049118754977203e-11  7.698878461659395e-16  1.648652437543065e-15 
 4.027170343255094e+07  1.000000000000000e+00  0.000000000000000e+00  7.254163393099976e-10  3.667806749071135e-11  8.132109972282152e-16  1.598990989504363e-15 
 4.073802778041637e+07  1.000000000000000e+00  0.000000000000000e+00  7.059152339739274e-10  1.390688340190273e-11  8.355997699445412e-16  1.556310764952049e-15 
 4.120975190973818e+07  1.000000000000000e+00  0.000000000000000e+00  6.864542759824432e-10 -7.853446042225101e-12  8.597701929201747e-16  1.510697415221802e-15 
 4.168693834703876e+07  1.000000000000000e+00  0.000000000000000e+00  6.670405621099994e-10 -2.863261877519949e-11  8.720354883869608e-16  1.581222725763820e-15 
 4.216965034286351e+07  1.000000000000000e+00  0.000000000000000e+00  6.476808260317418e-10 -4.845900657750029e-11  8.989385542924997e-16  1.535565308598747e-15 
 4.265795188016462e+07  1.000000000000000e+00  0.000000000000000e+00  6.283814693403036e-10 -6.735970927130490e-11  9.174385895714462e-16  1.532627653099617e-15 
 4.315190768278193e+07  1.000000000000000e+00  0.000000000000000e+00  6.091485898343334e-10 -8.536060781885801e-11  9.428095705974179e-16  1.512089371356442e-15 
 4.365158322402208e+07  1.000000000000000e+00  0.000000000000000e+00  5.899880092272764e-10 -1.024864140926988e-10  9.646261054528464e-16  1.479693729603752e-15 
 4.415704473533680e+07  1.000000000000000e+00  0.000000000000000e+00  5.709053009198966e-10 -1.187607169929259e-10  9.928217623508567e-16  1.493972048413283e-15 
 4.466835921510192e+07  1.000000000000000e+00  0.000000000000000e+00  5.519058150332045e-10 -1.342060290914076e-10  1.009904166681366e-15  1.476544958457898e-15 
 4.518559443749791e+07  1.000000000000000e+00  0.000000000000000e+00  5.329947031612899e-10 -1.488438286028957e-10  1.030819766941737e-15  1.402777633400122e-15 
 4.570881896149325e+07  1.000000000000000e+00  0.000000000000000e+00  5.141769435641999e-10 -1.626946007629511e-10  1.051740970135835e-15  1.419814397671980e-15 
 4.623810213993184e+07  1.000000000000000e+00  0.000000000000000e+00  4.954573635522721e-10 -1.757778772156686e-10  1.080318845558964e-15  1.451818046028706e-15 
 4.677351412872570e+07  1.000000000000000e+00  0.000000000000000e+00  4.768406633089055e-10 -1.881122731307820e-10  1.083958935244245e-15  1.410422718806248e-15 
 4.731512589615400e+07  1.000000000000000e+00  0.000000000000000e+00  4.583314379514192e-10 -1.997155235178553e-10  1.113373984500606e-15  1.353860751484778e-15 
 4.786300923226986e+07  1.000000000000000e+00  0.000000000000000e+00  4.399341998481323e-10 -2.106045170684071e-10  1.144180446388707e-15  1.324674486924777e-15 
 4.841723675841603e+07  1.000000000000000e+00  0.000000000000000e+00  4.216534004587892e-10 -2.207953297546800e-10  1.170481051774082e-15  1.348389971226382e-15 
 4.897788193685079e+07  1.000000000000000e+00  0.000000000000000e+00  4.034934517860800e-10 -2.303032561479929e-10  1.194578847335506e-15  1.353320596832064e-15 
 4.954501908048527e+07  1.000000000000000e+00  0.000000000000000e+00  3.854587476461879e-10 -2.391428403451927e-10  1.202045250471909e-15  1.256609347420411e-15 
 5.011872336273355e+07  1.000000000000000e+00  0.000000000000000e+00  3.675536855199831e-10 -2.473279056896306e-10  1.227390448976121e-15  1.263923366555964e-15 
 5.069907082747684e+07  1.000000000000000e+00  0.000000000000000e+00  3.497826870993340e-10 -2.548715832852727e-10  1.245672812452356e-15  1.238999704384240e-15 
 5.128613839914297e+07  1.000000000000000e+00  0.000000000000000e+00  3.321502201527468e-10 -2.617863403902454e-10  1.270082337037605e-15  1.238534251288197e-15 
 5.188000389290267e+07  1.000000000000000e+00  0.000000000000000e+00  3.146608196802719e-10 -2.680840075084571e-10  1.279841322371801e-15  1.164542551796131e-15 
 5.248074602498390e+07  1.000000000000000e+00  0.000000000000000e+00  2.973191094753672e-10 -2.737758054740925e-10  1.315845221721990e-15  1.180552156509653e-15 
 5.308844442310555e+07  1.000000000000000e+00  0.000000000000000e+00  2.801298241441731e-10 -2.788723719992569e-10  1.328608217778827e-15  1.152580849127117e-15 
 5.370317963703207e+07  1.000000000000000e+00  0.000000000000000e+00  2.630978309156194e-10 -2.833837879076553e-10  1.352241330788798e-15  1.113908594484125e-15 
 5.432503314925020e+07  1.000000000000000e+00  0.000000000000000e+00  2.462281517431660e-10 -2.873196034526013e-10  1.386749200136542e-15  1.139452155823536e-15 
 5.495408738576942e+07  1.000000000000000e+00  0.000000000000000e+00  2.295259862234077e-10 -2.906888645265711e-10  1.391389344487407e-15  1.066979435839626e-15 
 5.559042572704741e+07  1.000000000000000e+00  0.000000000000000e+00  2.129967343364684e-10 -2.935001391287055e-10  1.410759141898469e-15  1.046487778141372e-15 
 5.623413251904204e+07  1.000000000000000e+00  0.000000000000000e+00  1.966460201365442e-10 -2.957615443827863e-10  1.430925027689198e-15  1.019064697156289e-15 
 5.688529308439137e+07  1.000000000000000e+00  0.000000000000000e+00  1.804797149128523e-10 -2.974807738720151e-10  1.482052094351115e-15  1.013208505539621e-15 
 5.754399373372301e+07  1.000000000000000e+00  0.000000000000000e+00  1.645039617837838e-10 -2.986651256984761e-10  1.470955159737117e-15  9.754734137277703e-16 
 5.821032177709454e+07  1.000000000000000e+00  0.000000000000000e+00  1.487251995868909e-10 -2.993215313050175e-10  1.507782113587255e-15  9.711618827726191e-16 
 5.888436553556639e+07  1.000000000000000e+00  0.000000000000000e+00  1.331501887772485e-10 -2.994565861289292e-10  1.516761671775240e-15  9.352029999872324e-16 
 5.956621435290863e+07  1.000000000000000e+00  0.000000000000000e+00  1.177860353573529e-10 -2.990765802697396e-10  1.555139029117544e-15  9.313194289907120e-16 
 6.025595860744344e+07  1.000000000000000e+00  0.000000000000000e+00  1.026402171571610e-10 -2.981875316888335e-10  1.558520282912692e-15  8.774316233951282e-16 
 6.095368972402468e+07  1.000000000000000e+00  0.000000000000000e+00  8.772060942463476e-11 -2.967952206296766e-10  1.592528559381642e-15  8.717891928780313e-16 
 6.165950018615607e+07  1.000000000000000e+00  0.000000000000000e+00  7.303551060954807e-11 -2.949052262997039e-10  1.585170071924319e-15  8.026682716665361e-16 
 6.237348354824988e+07  1.000000000000000e+00  0.000000000000000e+00  5.859366825268080e-11 -2.925229650272157e-10  1.606189755426131e-15  7.788542125615265e-16 
 6.309573444802737e+07  1.000000000000000e+00  0.000000000000000e+00  4.440430499300612e-11 -2.896537314895759e-10  1.627483397458436e-15  7.187505948039562e-16 
 6.382634861906301e+07  1.000000000000000e+00  0.000000000000000e+00  3.047714432953087e-11 -2.863027427915277e-10  1.638193455583427e-15  7.099154028779290e-16 
 6.456542290347379e+07  1.000000000000000e+00  0.000000000000000e+00  1.682243563157275e-11 -2.824751844043061e-10  1.685457605850976e-15  7.072444441763196e-16 
 6.531305526475558e+07  1.000000000000000e+00  0.000000000000000e+00  3.450978931685163e-12 -2.781762601323111e-10  1.675132815968581e-15  6.544951547117865e-16 
 6.606934480076804e+07  1.000000000000000e+00  0.000000000000000e+00 -9.625850773081015e-12 -2.734112460209918e-10  1.707725901419163e-15  6.294365048712761e-16 
 6.683439175687000e+07  1.000000000000000e+00  0.000000000000000e+00 -2.239608152276047e-11 -2.681855463145704e-10  1.697285620182310e-15  5.963146822217159e-16 
 6.760829753920682e+07  1.000000000000000e+00  0.000000000000000e+00 -3.484712231322042e-11 -2.625047554137517e-10  1.728468153474701e-15  5.546021236863214e-16 
 6.839116472815168e+07  1.000000000000000e+00  0.000000000000000e+00 -4.696574408638305e-11 -2.563747231374626e-10  1.739986735655976e-15  5.135984200196219e-16 
 6.918309709190249e+07  1.000000000000000e+00  0.000000000000000e+00 -5.873806237857658e-11 -2.498016241684091e-10  1.805613114750151e-15  4.705744006279026e-16 
 6.998419960023630e+07  1.000000000000000e+00  0.000000000000000e+00 -7.014952262968967e-11 -2.427920335979458e-10  1.790743311519111e-15  4.635806576441973e-16 
 7.079457843842284e+07  1.000000000000000e+00  0.000000000000000e+00 -8.118488920698491e-11 -2.353530067928857e-10  1.809999681297538e-15  4.300317424382761e-16 
 7.161434102129936e+07  1.000000000000000e+00  0.000000000000000e+00 -9.182823792487935e-11 -2.274921646188579e-10  1.811045456413389e-15  3.799182275286104e-16 
 7.244359600750828e+07  1.000000000000000e+00  0.000000000000000e+00 -1.020629535021370e-10 -2.192177846145017e-10  1.836623262228829e-15  3.489320187117897e-16 
 7.328245331389979e+07  1.000000000000000e+00  0.000000000000000e+00 -1.118717321434395e-10 -2.105388979391724e-10  1.845249634276836e-15  3.050737581523025e-16 
 7.413102413010125e+07  1.000000000000000e+00  0.000000000000000e+00 -1.212365906676388e-10 -2.014653918455005e-10  1.854991626920488e-15  2.666039094805597e-16 
 7.498942093325520e+07  1.000000000000000e+00  0.000000000000000e+00 -1.301388825260472e-10 -1.920081181814200e-10  1.846254084163373e-15  2.103174197469992e-16 
 7.585775750292811e+07  1.000000000000000e+00  0.000000000000000e+00 -1.385593224313034e-10 -1.821790086550402e-10  1.886459929464840e-15  1.863365157404229e-16 
 7.673614893619174e+07  1.000000000000000e+00  0.000000000000000e+00 -1.464780202148459e-10 -1.719911946598329e-10  1.883033652261262e-15  1.387464941800824e-16 
 7.762471166287914e+07  1.000000000000000e+00  0.000000000000000e+00 -1.538745252855835e-10 -1.614591337204305e-10  1.888816319211862e-15  9.221318354796680e-17 
 7.852356346101727e+07  1.000000000000000e+00  0.000000000000000e+00 -1.607278834965033e-10 -1.505987412761472e-10  1.886298932355388e-15  4.767253751164534e-17 
 7.943282347243837e+07  1.000000000000000e+00  0.000000000000000e+00 -1.670167069990424e-10 -1.394275263719054e-10  1.862289129088052e-15  4.453605668318665e-18 
 8.035261221857207e+07  1.000000000000000e+00  0.000000000000000e+00 -1.727192595905871e-10 -1.279647330213666e-10  1.889626081998579e-15 -5.039639553141383e-17 
 8.128305161642039e+07  1.000000000000000e+00  0.000000000000000e+00 -1.778135584661580e-10 -1.162314835023044e-10  1.892964113713253e-15 -9.404322629002706e-17 
 8.222426499471770e+07  1.000000000000000e+00  0.000000000000000e+00 -1.822774944657079e-10 -1.042509245518559e-10  1.915616560563739e-15 -1.337958121328826e-16 
 8.317637711027782e+07  1.000000000000000e+00  0.000000000000000e+00 -1.860889726022123e-10 -9.204837450499796e-11  1.913929656431286e-15 -1.861662740572137e-16 
 8.413951416453035e+07  1.000000000000000e+00  0.000000000000000e+00 -1.892260745679798e-10 -7.965146912187712e-11  1.945464324781245e-15 -2.186219143992075e-16 
 8.511380382024862e+07  1.000000000000000e+00  0.000000000000000e+00 -1.916672450377931e-10 -6.709030482926195e-11  1.902798829862372e-15 -2.795501045396125e-16 
 8.609937521847117e+07  1.000000000000000e+00  0.000000000000000e+00 -1.933915036515613e-10 -5.439757651081344e-11  1.907096674287108e-15 -3.293225394594559e-16 
 8.709635899561930e+07  1.000000000000000e+00  0.000000000000000e+00 -1.943786846689398e-10 -4.160870715108969e-11  1.910442028508295e-15 -3.795129020200424e-16 
 8.810488730081278e+07  1.000000000000000e+00  0.000000000000000e+00 -1.946097052168609e-10 -2.876196591441161e-11  1.912310304481770e-15 -4.282896027396159e-16 
 8.912509381338607e+07  1.000000000000000e+00  0.000000000000000e+00 -1.940668643723239e-10 -1.589857084936629e-11  1.914703022605428e-15 -4.761730292682694e-16 
 9.015711376060735e+07  1.000000000000000e+00  0.000000000000000e+00 -1.927341741353318e-10 -3.062772246372147e-12  1.905508804734771e-15 -5.268187697069117e-16 
 9.120108393560277e+07  1.000000000000000e+00  0.000000000000000e+00 -1.905977215864008e-10  9.698089419825842e-12  1.905864924386781e-15 -5.808555935811648e-16 
 9.225714271548826e+07  1.000000000000000e+00  0.000000000000000e+00 -1.876460657347699e-10  2.233355473212712e-11  1.893148219431436e-15 -6.313051233257978e-16 
 9.332543007971118e+07  1.000000000000000e+00  0.000000000000000e+00 -1.838706650355696e-10  3.479005369639868e-11  1.863812272410154e-15 -6.864185636297282e-16 
 9.440608762860456e+07  1.000000000000000e+00  0.000000000000000e+00 -1.792663370080437e-10  4.701095657204009e-11  1.853418115969889e-15 -7.316502634674065e-16 
 9.549925860215597e+07  1.000000000000000e+00  0.000000000000000e+00 -1.738317475717609e-10  5.893667512079550e-11  1.860073598227944e-15 -7.876846108337323e-16 
 9.660508789899386e+07  1.000000000000000e+00  0.000000000000000e+00 -1.675699263524469e-10  7.050482185305159e-11  1.830936290895335e-15 -8.423097449355715e-16 
 9.772372209559375e+07  1.000000000000000e+00  0.000000000000000e+00 -1.604888040767023e-10  8.165043526701814e-11  1.831406865208722e-15 -8.983770984756241e-16 
 9.885530946570672e+07  1.000000000000000e+00  0.000000000000000e+00 -1.526017665169809e-10  9.230627981970491e-11  1.803012231920755e-15 -9.512119781566762e-16 
 1.000000000000130e+08  1.000000000000000e+00  0.000000000000000e+00 -1.439282171895339e-10  1.024032289986916e-10  1.782852269176188e-15 -1.005250376926472e-15 
 1.011579454260030e+08  1.000000000000000e+00  0.000000000000000e+00 -1.344941389317050e-10  1.118707396761467e-10  1.763150128573256e-15 -1.060165814096792e-15 
 1.023292992280887e+08  1.000000000000000e+00  0.000000000000000e+00 -1.243326444836975e-10  1.206374265188174e-10  1.747481856352901e-15 -1.114951095283069e-15 
 1.035142166679479e+08  1.000000000000000e+00  0.000000000000000e+00 -1.134845000596560e-10  1.286317426782374e-10  1.715450386015380e-15 -1.146296195414413e-15 
 1.047128548051036e+08  1.000000000000000e+00  0.000000000000000e+00 -1.019986077134050e-10  1.357827735570656e-10  1.666150603244616e-15 -1.216990967075987e-15 
 1.059253725177427e+08  1.000000000000000e+00  0.000000000000000e+00 -8.993242627066948e-11  1.420211474862538e-10  1.656292224075424e-15 -1.268717354009044e-15 
 1.071519305237746e+08  1.000000000000000e+00  0.000000000000000e+00 -7.735231084777851e-11  1.472800655778031e-10  1.601979604563728e-15 -1.325646603216205e-15 
 1.083926914021345e+08  1.000000000000000e+00  0.000000000000000e+00 -6.433374597487540e-11  1.514964492028580e-10  1.583685262546103e-15 -1.375884938038869e-15 
 1.096478196143328e+08  1.000000000000000e+00  0.000000000000000e+00 -5.096144740852667e-11  1.546122007924852e-10  1.545197983309619e-15 -1.429081789671534e-15 
 1.109174815262546e+08  1.000000000000000e+00  0.000000000000000e+00 -3.732930400791980e-11  1.565755673880228e-10  1.506501620676698e-15 -1.479688943850152e-15 
 1.122018454302110e+08  1.000000000000000e+00  0.000000000000000e+00 -2.354013146119545e-11  1.573425933160189e-10  1.469687375509938e-15 -1.533438225385961e-15 
 1.135010815672463e+08  1.000000000000000e+00  0.000000000000000e+00 -9.705207840078084e-12  1.568786393175138e-10  1.429554212387449e-15 -1.582146832619319e-15 
 1.148153621497033e+08  1.000000000000000e+00  0.000000000000000e+00  4.056437376028422e-12  1.551599400510345e-10  1.377024626421162e-15 -1.622405631277104e-15 
 1.161448613840495e+08  1.000000000000000e+00  0.000000000000000e+00  1.761900699531520e-11  1.521751639291993e-10  1.349280017106662e-15 -1.681469811589268e-15 
 1.174897554939683e+08  1.000000000000000e+00  0.000000000000000e+00  3.085121505712095e-11  1.479269301011525e-10  1.286427826132279e-15 -1.697380322702044e-15 
 1.188502227437174e+08  1.000000000000000e+00  0.000000000000000e+00  4.361787720666302e-11  1.424332298823933e-10  1.235401520991956e-15 -1.765549553890911e-15 
 1.202264434617570e+08  1.000000000000000e+00  0.000000000000000e+00  5.578182000308415e-11  1.357286922400594e-10  1.195898376190023e-15 -1.821946418359648e-15 
 1.216186000646528e+08  1.000000000000000e+00  0.000000000000000e+00  6.720610563421854e-11  1.278656241362684e-10  1.125756969050365e-15 -1.850708069733775e-15 
 1.230268770812543e+08  1.000000000000000e+00  0.000000000000000e+00  7.775655503917463e-11  1.189147543698115e-10  1.066507128750878e-15 -1.889937506871970e-15 
 1.244514611771549e+08  1.000000000000000e+00  0.000000000000000e+00  8.730453492419398e-11  1.089656029735272e-10  1.020102345662061e-15 -1.927944553797409e-15 
 1.258925411794333e+08  1.000000000000000e+00  0.000000000000000e+00  9.572995718566783e-11  9.812640315083724e-11  9.549701960027406e-16 -1.955906012008246e-15 
 1.273503081016829e+08  1.000000000000000e+00  0.000000000000000e+00  1.029244174665601e-10  8.652350474424097e-11  8.765451073659403e-16 -2.005824618744379e-15 
 1.288249551693303e+08  1.000000000000000e+00  0.000000000000000e+00  1.087943801693840e-10  7.430020070250245e-11  8.308051232640554e-16 -2.030894785986014e-15 
 1.303166778452471e+08  1.000000000000000e+00  0.000000000000000e+00  1.132642964693081e-10  6.161493395107557e-11  7.605410849975397e-16 -2.059302419150784e-15 
 1.318256738556581e+08  1.000000000000000e+00  0.000000000000000e+00  1.162795260550460e-10  4.863886555681854e-11  6.898904555320865e-16 -2.114071092880037e-15 
 1.333521432163500e+08  1.000000000000000e+00  0.000000000000000e+00  1.178089194817411e-10  3.555281339773876e-11  6.080436490433898e-16 -2.131721227620499e-15 
 1.348962882591831e+08  1.000000000000000e+00  0.000000000000000e+00  1.178469138721732e-10  2.254360518838937e-11  5.374509803108663e-16 -2.158342288450735e-15 
 1.364583136589105e+08  1.000000000000000e+00  0.000000000000000e+00  1.164149960391139e-10  9.799927303933658e-12  4.714226387999276e-16 -2.187818156899552e-15 
 1.380384264603067e+08  1.000000000000000e+00  0.000000000000000e+00  1.135624036367794e-10 -2.492210310388166e-12  3.875824787806153e-16 -2.201601619944115e-15 
 1.396368361056122e+08  1.000000000000000e+00  0.000000000000000e+00  1.093659554981151e-10 -1.415423627779379e-11  3.159520054055167e-16 -2.214434599670497e-15 
 1.412537544622941e+08  1.000000000000000e+00  0.000000000000000e+00  1.039289427942015e-10 -2.501981825687072e-11  2.352213200762888e-16 -2.234578235684883e-15 
 1.428893958511291e+08  1.000000000000000e+00  0.000000000000000e+00  9.737905508532545e-11 -3.493949125554338e-11  1.546282450695273e-16 -2.241076236449640e-15 
 1.445439770746118e+08  1.000000000000000e+00  0.000000000000000e+00  8.986537060971708e-11 -4.378489365849732e-11  7.702528686207111e-17 -2.259591294572513e-15 
 1.462177174456911e+08  1.000000000000000e+00  0.000000000000000e+00  8.155449472505797e-11 -5.145239537812971e-11 -8.671654557838630e-18 -2.251601725985888e-15 
 1.479108388168403e+08  1.000000000000000e+00  0.000000000000000e+00  7.262598822814807e-11 -5.786592536604634e-11 -8.759703535770486e-17 -2.254718813674745e-15 
 1.496235656094631e+08  1.000000000000000e+00  0.000000000000000e+00  6.326727345187510e-11 -6.297884110392683e-11 -1.779042692690786e-16 -2.253573547056809e-15 
 1.513561248436408e+08  1.000000000000000e+00  0.000000000000000e+00  5.366824591944406e-11 -6.677473488004410e-11 -2.896938925467028e-16 -2.266975885442744e-15 
 1.531087461682233e+08  1.000000000000000e+00  0.000000000000000e+00  4.401584097734921e-11 -6.926713151218783e-11 -3.374997568082409e-16 -2.233255594799186e-15 
 1.548816618912686e+08  1.000000000000000e+00  0.000000000000000e+00  3.448880908961691e-11 -7.049809696205805e-11 -4.226329718780417e-16 -2.220403841296501e-15 
 1.566751070108357e+08  1.000000000000000e+00  0.000000000000000e+00  2.525294023635504e-11 -7.053584090551623e-11 -5.057663129067467e-16 -2.203753126562451e-15 
 1.584893192461324e+08  1.000000000000000e+00  0.000000000000000e+00  1.645694666652639e-11 -6.947145503199029e-11 -5.937291714971030e-16 -2.181504212057755e-15 
 1.603245390690254e+08  1.000000000000000e+00  0.000000000000000e+00  8.229167352518083e-12 -6.741497170021719e-11 -6.685130668204517e-16 -2.161288858003575e-15 
 1.621810097359145e+08  1.000000000000000e+00  0.000000000000000e+00  6.752033106337945e-13 -6.449095978175655e-11 -7.554940050534604e-16 -2.120385171694801e-15 
 1.640589773199757e+08  1.000000000000000e+00  0.000000000000000e+00 -6.123467132880832e-12 -6.083388706609505e-11 -8.341611171663516e-16 -2.092151587757912e-15 
 1.659586907437781e+08  1.000000000000000e+00  0.000000000000000e+00 -1.210990221491410e-11 -5.658347491487490e-11 -9.125914871601179e-16 -2.055255653140298e-15 
 1.678804018122783e+08  1.000000000000000e+00  0.000000000000000e+00 -1.725120156520757e-11 -5.188025226831722e-11 -9.913820670429734e-16 -2.015679043431251e-15 
 1.698243652461970e+08  1.000000000000000e+00  0.000000000000000e+00 -2.153720760331237e-11 -4.686148595551751e-11 -1.066706356457530e-15 -1.977619793749660e-15 
 1.717908387157817e+08  1.000000000000000e+00  0.000000000000000e+00 -2.497854047209298e-11 -4.165762503779757e-11 -1.142169066123927e-15 -1.923960582122297e-15 
 1.737800828749607e+08  1.000000000000000e+00  0.000000000000000e+00 -2.760412264815604e-11 -3.638935441367055e-11 -1.214348495053765e-15 -1.876002559210080e-15 
 1.757923613958926e+08  1.000000000000000e+00  0.000000000000000e+00 -2.945835588106659e-11 -3.116530980508320e-11 -1.284802610254165e-15 -1.818621636288316e-15 
 1.778279410039160e+08  1.000000000000000e+00  0.000000000000000e+00 -3.059810932976831e-11 -2.608046652628851e-11 -1.353466186965900e-15 -1.758916957885098e-15 
 1.798870915129028e+08  1.000000000000000e+00  0.000000000000000e+00 -3.108966457604875e-11 -2.121517944655881e-11 -1.418385036438119e-15 -1.699003307704743e-15 
 1.819700858610226e+08  1.000000000000000e+00  0.000000000000000e+00 -3.100574374214290e-11 -1.663482406534221e-11 -1.480844134384926e-15 -1.636308756265238e-15 
 1.840772001469201e+08  1.000000000000000e+00  0.000000000000000e+00 -3.042272456566332e-11 -1.238996811229869e-11 -1.539707233386122e-15 -1.574567420670646e-15 
 1.862087136663116e+08  1.000000000000000e+00  0.000000000000000e+00 -2.941812051290403e-11 -8.516990274319012e-12 -1.596275982147512e-15 -1.503010278028959e-15 
 1.883649089490052e+08  1.000000000000000e+00  0.000000000000000e+00 -2.806838051439123e-11 -5.039056229128438e-12 -1.648539349567430e-15 -1.424610885105998e-15 
 1.905460717963502e+08  1.000000000000000e+00  0.000000000000000e+00 -2.644703960450200e-11 -1.967361732509370e-12 -1.697374030046703e-15 -1.350465487750476e-15 
 1.927524913191193e+08  1.000000000000000e+00  0.000000000000000e+00 -2.462323178937690e-11  6.974434694263985e-13 -1.741996772400920e-15 -1.272990798701328e-15 
 1.949844599758306e+08  1.000000000000000e+00  0.000000000000000e+00 -2.266055985299390e-11  2.963729783046976e-12 -1.782391808566700e-15 -1.193460048273820e-15 
 1.972422736115117e+08  1.000000000000000e+00  0.000000000000000e+00 -2.061630309958625e-11  4.847329068354901e-12 -1.819454900861934e-15 -1.110244187068747e-15 
 1.995262314969147e+08  1.000000000000000e+00  0.000000000000000e+00 -1.854093459348821e-11  6.370001504529632e-12 -1.849875087272367e-15 -1.020883314864986e-15 
 2.018366363681831e+08  1.000000000000000e+00  0.000000000000000e+00 -1.647791226523513e-11  7.557974847347571e-12 -1.863788388275978e-15 -9.442876770379013e-16 
 2.041737944669803e+08  1.000000000000000e+00  0.000000000000000e+00 -1.446370462645509e-11  8.440591937725712e-12 -1.901323797894705e-15 -8.533406618129211e-16 
 2.065380155810806e+08  1.000000000000000e+00  0.000000000000000e+00 -1.252801019638364e-11  9.049091835501803e-12 -1.919993960786312e-15 -7.671155081931075e-16 
 2.089296130854320e+08  1.000000000000000e+00  0.000000000000000e+00 -1.069413019272674e-11  9.415540493600251e-12 -1.919500239150688e-15 -6.863932258476026e-16 
 2.113489039836930e+08  1.000000000000000e+00  0.000000000000000e+00 -8.979455965849889e-12  9.571918655041632e-12 -1.943116708695834e-15 -5.929536007783837e-16 
 2.137962089502519e+08  1.000000000000000e+00  0.000000000000000e+00 -7.396035729613359e-12  9.549367729177312e-12 -1.946326341140790e-15 -5.067181177923696e-16 
 2.162718523727311e+08  1.000000000000000e+00  0.000000000000000e+00 -5.951188980178858e-12  9.377588862645999e-12 -1.943239384903834e-15 -4.129189725910150e-16 
 2.187761623949846e+08  1.000000000000000e+00  0.000000000000000e+00 -4.648141205996193e-12  9.084385988253823e-12 -1.941960874384121e-15 -3.288965011807324e-16 
 2.213094709605935e+08  1.000000000000000e+00  0.000000000000000e+00 -3.486655988911928e-12  8.695340485489887e-12 -1.932096676563361e-15 -2.491927550732409e-16 
 2.238721138568640e+08  1.000000000000000e+00  0.000000000000000e+00 -2.463645990947615e-12  8.233603148422311e-12 -1.914580610075991e-15 -1.596082607692851e-16 
 2.264644307593364e+08  1.000000000000000e+00  0.000000000000000e+00 -1.573748549047609e-12  7.719787819649729e-12 -1.896961489405804e-15 -7.906340976377198e-17 
 2.290867652768081e+08  1.000000000000000e+00  0.000000000000000e+00 -8.098555251547286e-13  7.171950806604540e-12 -1.878327245997595e-15  1.092196132682246e-17 
 2.317394649968790e+08  1.000000000000000e+00  0.000000000000000e+00 -1.635905419610906e-13  6.605640452839458e-12 -1.851425176724932e-15  7.446439668290697e-17 
 2.344228815320238e+08  1.000000000000000e+00  0.000000000000000e+00  3.742701964033232e-13  6.034001984853291e-12 -1.819573254895947e-15  1.524467793922325e-16 
 2.371373705661975e+08  1.000000000000000e+00  0.000000000000000e+00  8.134347543599311e-13  5.467923988162881e-12 -1.792492532243863e-15  2.501163824957856e-16 
 2.398832919019814e+08  1.000000000000000e+00  0.000000000000000e+00  1.163789103022781e-12  4.916214142420975e-12 -1.750104892249545e-15  2.935317578992062e-16 
 2.426610095082743e+08  1.000000000000000e+00  0.000000000000000e+00  1.435145097917708e-12  4.385793531220017e-12 -1.708040462699611e-15  3.628492281118876e-16 
 2.454708915685362e+08  1.000000000000000e+00  0.000000000000000e+00  1.637039067412587e-12  3.881900326433759e-12 -1.667452675376977e-15  4.236078979206606e-16 
 2.483133105295905e+08  1.000000000000000e+00  0.000000000000000e+00  1.778576515719552e-12  3.408295306593219e-12 -1.620377744245910e-15  4.864081802256326e-16 
 2.511886431509919e+08  1.000000000000000e+00  0.000000000000000e+00  1.868317912131873e-12  2.967463138712958e-12 -1.576702807310335e-15  5.389624437197323e-16 
 2.540972705549648e+08  1.000000000000000e+00  0.000000000000000e+00  1.914200332789648e-12  2.560804766810674e-12 -1.524244182301838e-15  5.953365470613296e-16 
 2.570395782769211e+08  1.000000000000000e+00  0.000000000000000e+00  1.923489721094869e-12  2.188817500073294e-12 -1.476107669698086e-15  6.455021249594718e-16 
 2.600159563165624e+08  1.000000000000000e+00  0.000000000000000e+00  1.902758730730832e-12  1.851260489868831e-12 -1.425621985297670e-15  6.871418249090199e-16 
 2.630267991895738e+08  1.000000000000000e+00  0.000000000000000e+00  1.857885412536086e-12  1.547304221154708e-12 -1.371342489382998e-15  7.303271707323310e-16 
 2.660725059799170e+08  1.000000000000000e+00  0.000000000000000e+00  1.794068410808817e-12  1.275663413021349e-12 -1.315525556960013e-15  7.699817205834191e-16 
 2.691534803927280e+08  1.000000000000000e+00  0.000000000000000e+00  1.715854786899806e-12  1.034713351006393e-12 -1.259836542262775e-15  8.056226443218638e-16 
 2.722701308078281e+08  1.000000000000000e+00  0.000000000000000e+00  1.627177086698604e-12  8.225901394985921e-13 -1.206376021858135e-15  8.360263144747379e-16 
 2.754228703338540e+08  1.000000000000000e+00  0.000000000000000e+00  1.531396710532194e-12  6.372757404620855e-13 -1.148922156327472e-15  8.650122696117454e-16 
 2.786121168630148e+08  1.000000000000000e+00  0.000000000000000e+00  1.431351156440667e-12  4.766688839105770e-13 -1.091435796158006e-15  8.908084294691450e-16 
 2.818382931264836e+08  1.000000000000000e+00  0.000000000000000e+00  1.329403099964294e-12  3.386431182762029e-13 -1.038084133614640e-15  9.117016829227004e-16 
 2.851018267504296e+08  1.000000000000000e+00  0.000000000000000e+00  1.227489707968488e-12  2.210933248840888e-13 -9.819254266254311e-16  9.307099137949405e-16 
 2.884031503126997e+08  1.000000000000000e+00  0.000000000000000e+00  1.127170915508289e-12  1.219720591283859e-13 -9.260668236514796e-16  9.482525402125325e-16 
 2.917427014001563e+08  1.000000000000000e+00  0.000000000000000e+00  1.029675723720843e-12  3.931704054647242e-14 -8.730926772471583e-16  9.584730093226416e-16 
 2.951209226666787e+08  1.000000000000000e+00  0.000000000000000e+00  9.359458336902449e-13 -2.872893697235618e-14 -8.231038490712816e-16  9.619793637359104e-16 
 2.985382618918365e+08  1.000000000000000e+00  0.000000000000000e+00  8.466761648591495e-13 -8.390449381861691e-14 -7.641426184624692e-16  9.779828295344534e-16 
 3.019951720402427e+08  1.000000000000000e+00  0.000000000000000e+00  7.623519874545881e-13 -1.278214703042529e-13 -7.166885157448264e-16  9.804781904642447e-16 
 3.054921113215929e+08  1.000000000000000e+00  0.000000000000000e+00  6.832825483480201e-13 -1.619610711103796e-13 -6.693244490793855e-16  9.774402740080203e-16 
 3.090295432514011e+08  1.000000000000000e+00  0.000000000000000e+00  6.096311916544945e-13 -1.876734879690511e-13 -6.156379907775639e-16  9.831213557970428e-16 
 3.126079367124381e+08  1.000000000000000e+00  0.000000000000000e+00  5.414420591225099e-13 -2.061802422914740e-13 -5.679170324796443e-16  9.809200333986141e-16 
 3.162277660168810e+08  1.000000000000000e+00  0.000000000000000e+00  4.786635260532185e-13 -2.185785983359646e-13 -5.208354859066260e-16  9.769820773451864e-16 
 3.198895109691834e+08  1.000000000000000e+00  0.000000000000000e+00  4.211685720771158e-13 -2.258474934098535e-13 -4.765528960305786e-16  9.721099465892194e-16 
 3.235936569296724e+08  1.000000000000000e+00  0.000000000000000e+00  3.687723159737033e-13 -2.288545217560960e-13 -4.340938695325155e-16  9.634077714634506e-16 
 3.273406948788829e+08  1.000000000000000e+00  0.000000000000000e+00  3.212469599328740e-13 -2.283635880739488e-13 -3.918094450209810e-16  9.542501516757978e-16 
 3.311311214826363e+08  1.000000000000000e+00  0.000000000000000e+00  2.783343947991886e-13 -2.250429218398677e-13 -3.572896004062129e-16  9.401551980169086e-16 
 3.349654391578735e+08  1.000000000000000e+00  0.000000000000000e+00  2.397567143358583e-13 -2.194732022220564e-13 -3.123762090825110e-16  9.316340326147140e-16 
 3.388441561392489e+08  1.000000000000000e+00  0.000000000000000e+00  2.052248799943060e-13 -2.121556008178189e-13 -2.756201284890958e-16  9.191994632118564e-16 
 3.427677865464973e+08  1.000000000000000e+00  0.000000000000000e+00  1.744457633922838e-13 -2.035195943381812e-13 -2.400928749970345e-16  9.041971071129565e-16 
 3.467368504525791e+08  1.000000000000000e+00  0.000000000000000e+00  1.471277800187542e-13 -1.939304387536830e-13 -2.082770555542868e-16  8.886040029149376e-16 
 3.507518739526161e+08  1.000000000000000e+00  0.000000000000000e+00  1.229853092362828e-13 -1.836962287567996e-13 -1.735524416941058e-16  8.728786132234730e-16 
 3.548133892336241e+08  1.000000000000000e+00  0.000000000000000e+00  1.017420791214207e-13 -1.730744931642174e-13 -1.344048859872120e-16  8.598246806343284e-16 
 3.589219346450545e+08  1.000000000000000e+00  0.000000000000000e+00  8.313367571418480e-14 -1.622782981576664e-13 -1.106330472700934e-16  8.399512004070920e-16 
 3.630780547701512e+08  1.000000000000000e+00  0.000000000000000e+00  6.690931955057028e-14 -1.514818472875035e-13 -8.730282793882709e-17  8.210522264218703e-16 
 3.672823004981351e+08  1.000000000000000e+00  0.000000000000000e+00  5.283303493313913e-14 -1.408255807664009e-13 -6.111389602965676e-17  8.025794076259403e-16 
 3.715352290972236e+08  1.000000000000000e+00  0.000000000000000e+00  4.068432201166821e-14 -1.304207862119289e-13 -3.766164046709756e-17  7.840186766282696e-16 
 3.758374042884958e+08  1.000000000000000e+00  0.000000000000000e+00  3.025842747140927e-14 -1.203537402728633e-13 -1.341583600602099e-17  7.646083925954343e-16 
 3.801893963206135e+08  1.000000000000000e+00  0.000000000000000e+00  2.136629526219897e-14 -1.106894067898024e-13  9.086347637541629e-18  7.450309465699129e-16 
 3.845917820454065e+08  1.000000000000000e+00  0.000000000000000e+00  1.383426810537554e-14 -1.014747190314762e-13  2.737022615290744e-17  7.258068425337341e-16 
 3.890451449943342e+08  1.000000000000000e+00  0.000000000000000e+00  7.503598624230426e-15 -9.274147684794497e-14  4.794475618679832e-17  7.061074187820252e-16 
 3.935500754558317e+08  1.000000000000000e+00  0.000000000000000e+00  2.229820124676595e-15 -8.450888957676471e-14  6.737890378538329e-17  6.862261165554760e-16 
 3.981071705535522e+08  1.000000000000000e+00  0.000000000000000e+00 -2.117981749112039e-15 -7.678579595894583e-14  8.357608891213279e-17  6.666618613049212e-16 
 4.027170343255147e+08  1.000000000000000e+00  0.000000000000000e+00 -5.657962494692276e-15 -6.957259143119185e-14  9.835918429717210e-17  6.472961279891415e-16 
 4.073802778041690e+08  1.000000000000000e+00  0.000000000000000e+00 -8.496349583629260e-15 -6.286289201218794e-14  1.129174958118806e-16  6.273220089538826e-16 
 4.120975190973871e+08  1.000000000000000e+00  0.000000000000000e+00 -1.072828850893691e-14 -5.664496253063864e-14  1.251158804546425e-16  6.084571379952790e-16 
 4.168693834703930e+08  1.000000000000000e+00  0.000000000000000e+00 -1.243868641047908e-14 -5.090293513086080e-14  1.380954580711898e-16  5.888324783260002e-16 
 4.216965034286405e+08  1.000000000000000e+00  0.000000000000000e+00 -1.370303975304585e-14 -4.561784221650050e-14  1.493293324844075e-16  5.698254862491219e-16 
 4.265795188016517e+08  1.000000000000000e+00  0.000000000000000e+00 -1.458823551965765e-14 -4.076848593948760e-14  1.603346412144221e-16  5.509046123859109e-16 
 4.315190768278250e+08  1.000000000000000e+00  0.000000000000000e+00 -1.515331860946687e-14 -3.633216455050818e-14  1.698814321223428e-16  5.319733568662643e-16 
 4.365158322402264e+08  1.000000000000000e+00  0.000000000000000e+00 -1.545021983381918e-14 -3.228527393544670e-14  1.768535625089049e-16  5.145263074888348e-16 
 4.415704473533736e+08  1.000000000000000e+00  0.000000000000000e+00 -1.552444132259105e-14 -2.860380089988808e-14  1.857305773681193e-16  4.960633801922484e-16 
 4.466835921510250e+08  1.000000000000000e+00  0.000000000000000e+00 -1.541569719373636e-14 -2.526372304320989e-14  1.927671200355010e-16  4.783732513410053e-16 
 4.518559443749850e+08  1.000000000000000e+00  0.000000000000000e+00 -1.515850882810083e-14 -2.224132843467495e-14  1.994195029946103e-16  4.607592734093205e-16 
 4.570881896149384e+08  1.000000000000000e+00  0.000000000000000e+00 -1.478275493950896e-14 -1.951346680430153e-14  2.046728795260387e-16  4.440176174176907e-16 
 4.623810213993244e+08  1.000000000000000e+00  0.000000000000000e+00 -1.431417726714231e-14 -1.705774262745083e-14  2.092850708480334e-16  4.276548878349512e-16 
 4.677351412872631e+08  1.000000000000000e+00  0.000000000000000e+00 -1.377484342484847e-14 -1.485265916248977e-14  2.138797288846527e-16  4.111167509439715e-16 
 4.731512589615462e+08  1.000000000000000e+00  0.000000000000000e+00 -1.318356875934091e-14 -1.287772139150775e-14  2.176234399582270e-16  3.951980823842963e-16 
 4.786300923227049e+08  1.000000000000000e+00  0.000000000000000e+00 -1.255629928101895e-14 -1.111350480678778e-14  2.204073749212066e-16  3.798454559308524e-16 
 4.841723675841666e+08  1.000000000000000e+00  0.000000000000000e+00 -1.190645803747236e-14 -9.541696006153459e-15  2.248297794698304e-16  3.636165674902095e-16 
 4.897788193685143e+08  1.000000000000000e+00  0.000000000000000e+00 -1.124525729169098e-14 -8.145110287094301e-15  2.254239337264280e-16  3.499214929716644e-16 
 4.954501908048592e+08  1.000000000000000e+00  0.000000000000000e+00 -1.058197896040996e-14 -6.907690673027481e-15  2.268646527376959e-16  3.358276156357730e-16 
 5.011872336273420e+08  1.000000000000000e+00  0.000000000000000e+00 -9.924225711326600e-15 -5.814492158199487e-15  2.284244713319970e-16  3.214932232275560e-16 
 5.069907082747750e+08  1.000000000000000e+00  0.000000000000000e+00 -9.278145093229621e-15 -4.851654404226967e-15  2.291384334163261e-16  3.080498095753151e-16 
 5.128613839914363e+08  1.000000000000000e+00  0.000000000000000e+00 -8.648628995338334e-15 -4.006365592371850e-15  2.297454469763757e-16  2.946598963806155e-16 
 5.188000389290334e+08  1.000000000000000e+00  0.000000000000000e+00 -8.039490583371317e-15 -3.266819741124016e-15  2.292812266782643e-16  2.824632809821684e-16 
 5.248074602498457e+08  1.000000000000000e+00  0.000000000000000e+00 -7.453620814363342e-15 -2.622169375498588e-15  2.290974683331996e-16  2.700026874595513e-16 
 5.308844442310624e+08  1.000000000000000e+00  0.000000000000000e+00 -6.893126444270167e-15 -2.062475144956354e-15  2.279095832710680e-16  2.585165918144068e-16 
 5.370317963703276e+08  1.000000000000000e+00  0.000000000000000e+00 -6.359451351166995e-15 -1.578653681581530e-15  2.300439426098516e-16  2.439083996600024e-16 
 5.432503314925090e+08  1.000000000000000e+00  0.000000000000000e+00 -5.853482864466818e-15 -1.162424743947294e-15  2.269027938412869e-16  2.347501392919956e-16 
 5.495408738577013e+08  1.000000000000000e+00  0.000000000000000e+00 -5.375644633003885e-15 -8.062585169826568e-16  2.256526867476751e-16  2.236593897876512e-16 
 5.559042572704812e+08  1.000000000000000e+00  0.000000000000000e+00 -4.925977480107057e-15 -5.033237171328181e-16  2.239403430404959e-16  2.133240242538632e-16 
 5.623413251904277e+08  1.000000000000000e+00  0.000000000000000e+00 -4.504209541046499e-15 -2.474370361614453e-16  2.221898365239887e-16  2.030584721775929e-16 
 5.688529308439209e+08  1.000000000000000e+00  0.000000000000000e+00 -4.109816875712210e-15 -3.301432390345359e-17  2.194495802247563e-16  1.942740580720468e-16 
 5.754399373372374e+08  1.000000000000000e+00  0.000000000000000e+00 -3.742075643957719e-15  1.449762082872330e-16  2.179091355256456e-16  1.838910713023463e-16 
 5.821032177709528e+08  1.000000000000000e+00  0.000000000000000e+00 -3.400106817793649e-15  2.910585526518135e-16  2.155248932420923e-16  1.748706778794703e-16 
 5.888436553556714e+08  1.000000000000000e+00  0.000000000000000e+00 -3.082914317100453e-15  4.092911020542532e-16  2.131769974180976e-16  1.659210586076412e-16 
 5.956621435290939e+08  1.000000000000000e+00  0.000000000000000e+00 -2.789417365744146e-15  5.033064161487052e-16  2.107287498285757e-16  1.570104669605187e-16 
 6.025595860744421e+08  1.000000000000000e+00  0.000000000000000e+00 -2.518477780613608e-15  5.763485178867918e-16  2.080024832749808e-16  1.487931435581019e-16 
 6.095368972402545e+08  1.000000000000000e+00  0.000000000000000e+00 -2.268922833576852e-15  6.313077467883726e-16  2.051522371878411e-16  1.409241692465057e-16 
 6.165950018615686e+08  1.000000000000000e+00  0.000000000000000e+00 -2.039564255893407e-15  6.707531937394102e-16  2.021870439013910e-16  1.334665108118882e-16 
 6.237348354825066e+08  1.000000000000000e+00  0.000000000000000e+00 -1.829213893341650e-15  6.969628008161743e-16  1.992036890755470e-16  1.260860303970806e-16 
 6.309573444802817e+08  1.000000000000000e+00  0.000000000000000e+00 -1.636696462771169e-15  7.119511952696268e-16  1.961200830014384e-16  1.190588047794111e-16 
 6.382634861906382e+08  1.000000000000000e+00  0.000000000000000e+00 -1.460859808570004e-15  7.174953630520274e-16  1.930137789017193e-16  1.122103108394712e-16 
 6.456542290347461e+08  1.000000000000000e+00  0.000000000000000e+00 -1.300583012530981e-15  7.151582595895274e-16  1.898066408039031e-16  1.057083894405821e-16 
 6.531305526475639e+08  1.000000000000000e+00  0.000000000000000e+00 -1.154782667298729e-15  7.063104730457854e-16  1.865482008270469e-16  9.946585388911372e-17 
 6.606934480076886e+08  1.000000000000000e+00  0.000000000000000e+00 -1.022417586807696e-15  6.921500512748748e-16  1.832417668565606e-16  9.356297680152034e-17 
 6.683439175687084e+08  1.000000000000000e+00  0.000000000000000e+00 -9.024921930608842e-16  6.737206068703580e-16  1.799308520273424e-16  8.781596878584552e-17 
 6.760829753920767e+08  1.000000000000000e+00  0.000000000000000e+00 -7.940587879722900e-16  6.519278153204173e-16  1.766118303117033e-16  8.222880641939462e-17 
 6.839116472815254e+08  1.000000000000000e+00  0.000000000000000e+00 -6.962188941542069e-16  6.275544141614264e-16  1.732626461756021e-16  7.684830594680463e-17 
 6.918309709190336e+08  1.000000000000000e+00  0.000000000000000e+00 -6.081238217259523e-16  6.012738146827003e-16  1.698888951355501e-16  7.179670863191122e-17 
 6.998419960023718e+08  1.000000000000000e+00  0.000000000000000e+00 -5.289745996941012e-16  5.736624281134907e-16  1.664968982528477e-16  6.704352091176570e-17 
 7.079457843842374e+08  1.000000000000000e+00  0.000000000000000e+00 -4.580213898243709e-16  5.452108069419462e-16  1.631258384342556e-16  6.228203181392510e-17 
 7.161434102130027e+08  1.000000000000000e+00  0.000000000000000e+00 -3.945624860989977e-16  5.163336945287984e-16  1.597571098888129e-16  5.787160026885491e-17 
 7.244359600750920e+08  1.000000000000000e+00  0.000000000000000e+00 -3.379429865202866e-16  4.873790746379370e-16  1.563857305330580e-16  5.362209067388989e-17 
 7.328245331390072e+08  1.000000000000000e+00  0.000000000000000e+00 -2.875532126061964e-16  4.586363031697954e-16  1.530293258492115e-16  4.954334982708880e-17 
 7.413102413010219e+08  1.000000000000000e+00  0.000000000000000e+00 -2.428269399356754e-16  4.303434024173316e-16  1.496866260135878e-16  4.558460361759314e-17 
 7.498942093325615e+08  1.000000000000000e+00  0.000000000000000e+00 -2.032394937605587e-16  4.026935906207479e-16  1.463550340241029e-16  4.203979590257747e-17 
 7.585775750292907e+08  1.000000000000000e+00  0.000000000000000e+00 -1.683057545293200e-16  3.758411164542038e-16  1.430566268877091e-16  3.848803912336339e-17 
 7.673614893619272e+08  1.000000000000000e+00  0.000000000000000e+00 -1.375781113375267e-16  3.499064613584953e-16  1.397814565372652e-16  3.507469913878933e-17 
 7.762471166288012e+08  1.000000000000000e+00  0.000000000000000e+00 -1.106443945437007e-16  3.249809689516890e-16  1.365199328272098e-16  3.178116355936942e-17 
 7.852356346101826e+08  1.000000000000000e+00  0.000000000000000e+00 -8.712581311618985e-17  3.011309560545042e-16  1.333165468610276e-16  2.876269832858377e-17 
 7.943282347243937e+08  1.000000000000000e+00  0.000000000000000e+00 -6.667491773499656e-17  2.784013551476418e-16  1.301269345166404e-16  2.583190868857891e-17 
 8.035261221857308e+08  1.000000000000000e+00  0.000000000000000e+00 -4.897360627167034e-17  2.568189343549862e-16  1.268490811308961e-16  2.229899123903550e-17 
 8.128305161642141e+08  1.000000000000000e+00  0.000000000000000e+00 -3.373118460180190e-17  2.363951370259396e-16  1.238684102852021e-16  2.044145892332159e-17 
 8.222426499471874e+08  1.000000000000000e+00  0.000000000000000e+00 -2.068249349572124e-17  2.171285797028870e-16  1.207883383832318e-16  1.793250089714330e-17 
 8.317637711027887e+08  1.000000000000000e+00  0.000000000000000e+00 -9.586108308608248e-18  1.990072430687866e-16  1.177760711780901e-16  1.564833137704038e-17 
 8.413951416453142e+08  1.000000000000000e+00  0.000000000000000e+00 -2.226175270916565e-19  1.820103885805834e-16  1.147739883785399e-16  1.334237814222943e-17 
 8.511380382024970e+08  1.000000000000000e+00  0.000000000000000e+00  7.607016536479296e-18  1.661102294239265e-16  1.118199315972857e-16  1.117924425401308e-17 
 8.609937521847227e+08  1.000000000000000e+00  0.000000000000000e+00  1.408301278652011e-17  1.512733824842457e-16  1.089212328321314e-16  9.175581753934117e-18 
 8.709635899562042e+08  1.000000000000000e+00  0.000000000000000e+00  1.936824150769993e-17  1.374621252326932e-16  1.060327503756140e-16  7.196221556676704e-18 
 8.810488730081391e+08  1.000000000000000e+00  0.000000000000000e+00  2.360960958772749e-17  1.246354791284994e-16  1.032344159576257e-16  5.398070942466817e-18 
 8.912509381338720e+08  1.000000000000000e+00  0.000000000000000e+00  2.693936212569952e-17  1.127501392636954e-16  1.004848394357511e-16  3.772134309346208e-18 
 9.015711376060849e+08  1.000000000000000e+00  0.000000000000000e+00  2.947630215307685e-17  1.017612677897596e-16  9.775678596790339e-17  2.121583968108922e-18 
 9.120108393560393e+08  1.000000000000000e+00  0.000000000000000e+00  3.132693060204704e-17  9.162316704732705e-17  9.508904918361584e-17  6.214488255257828e-19 
 9.225714271548942e+08  1.000000000000000e+00  0.000000000000000e+00  3.258650937824601e-17  8.228984675657378e-17  9.247008715872324e-17 -7.988982613735062e-19 
 9.332543007971237e+08  1.000000000000000e+00  0.000000000000000e+00  3.334005043618734e-17  7.371549797958795e-17  8.989332390444049e-17 -2.156649694289100e-18 
 9.440608762860576e+08  1.000000000000000e+00  0.000000000000000e+00  3.366323409940832e-17  6.585488544109688e-17  8.732441868717832e-17 -3.505234729910788e-18 
 9.549925860215718e+08  1.000000000000000e+00  0.000000000000000e+00  3.362325993424843e-17  5.866366841347091e-17  8.491002224231435e-17 -4.551199760323822e-18 
 9.660508789899508e+08  1.000000000000000e+00  0.000000000000000e+00  3.327963365791450e-17  5.209865944735413e-17  8.245021695669130e-17 -5.731601072079346e-18 
 9.772372209559498e+08  1.000000000000000e+00  0.000000000000000e+00  3.268489349375057e-17  4.611802894252747e-17  8.011022893079435e-17 -6.699308960736752e-18 
 9.885530946570796e+08  1.000000000000000e+00  0.000000000000000e+00  3.188527947145940e-17  4.068146306743513e-17  7.779400068165240e-17 -7.638394459988232e-18 
 1.000000000000142e+09  1.000000000000000e+00  0.000000000000000e+00  3.092134900688561e-17  3.575028133086527e-17  7.548530205051694e-17 -8.581053163123007e-18 
