 frequency              vagnd_real             vagnd_imag             vout_diff_real         vout_diff_imag         vout_cm_real           vout_cm_imag          
 1.000000000000000e-02  1.000000000000000e+00  0.000000000000000e+00  3.288332273143624e-09 -2.711632075361732e-14  1.491103382544878e-06 -8.134035713438676e-09 
 1.011579454259899e-02  1.000000000000000e+00  0.000000000000000e+00  3.288421535074804e-09 -2.743330809873181e-14  1.491103382544878e-06 -8.228223407930817e-09 
 1.023292992280754e-02  1.000000000000000e+00  0.000000000000000e+00  3.288402883327990e-09 -2.775029703534180e-14  1.491103382544878e-06 -8.323501744523179e-09 
 1.035142166679344e-02  1.000000000000000e+00  0.000000000000000e+00  3.288318950467328e-09 -2.806875575774937e-14  1.491103382988967e-06 -8.419883352256078e-09 
 1.047128548050900e-02  1.000000000000000e+00  0.000000000000000e+00  3.288333827455858e-09 -2.839431366015687e-14  1.491103382988967e-06 -8.517381006407210e-09 
 1.059253725177289e-02  1.000000000000000e+00  0.000000000000000e+00  3.288352257158067e-09 -2.872377878658370e-14  1.491103382988967e-06 -8.616007630185041e-09 
 1.071519305237607e-02  1.000000000000000e+00  0.000000000000000e+00  3.288330718831389e-09 -2.905564523652675e-14  1.491103382544878e-06 -8.715776296441686e-09 
 1.083926914021204e-02  1.000000000000000e+00  0.000000000000000e+00  3.288351813068857e-09 -2.939278163099132e-14  1.491103382766923e-06 -8.816700229405841e-09 
 1.096478196143186e-02  1.000000000000000e+00  0.000000000000000e+00  3.288330274742179e-09 -2.973239980552157e-14  1.491103382544878e-06 -8.918792806435481e-09 
 1.109174815262402e-02  1.000000000000000e+00  0.000000000000000e+00  3.288423089387038e-09 -3.008002396010697e-14  1.491103382544878e-06 -9.022067559791117e-09 
 1.122018454301964e-02  1.000000000000000e+00  0.000000000000000e+00  3.288372685261720e-09 -3.042654632996878e-14  1.491103382544878e-06 -9.126538178429424e-09 
 1.135010815672316e-02  1.000000000000000e+00  0.000000000000000e+00  3.288335381768093e-09 -3.077742088415377e-14  1.491103382766923e-06 -9.232218509817778e-09 
 1.148153621496884e-02  1.000000000000000e+00  0.000000000000000e+00  3.288349814667413e-09 -3.113438012598513e-14  1.491103382988967e-06 -9.339122561769598e-09 
 1.161448613840344e-02  1.000000000000000e+00  0.000000000000000e+00  3.288330274742179e-09 -3.149417825002442e-14  1.491103382544878e-06 -9.447264504301192e-09 
 1.174897554939531e-02  1.000000000000000e+00  0.000000000000000e+00  3.288328498385340e-09 -3.185876720399391e-14  1.491103382988967e-06 -9.556658671509937e-09 
 1.188502227437020e-02  1.000000000000000e+00  0.000000000000000e+00  3.288380234778288e-09 -3.222969165338894e-14  1.491103382322834e-06 -9.667319563474119e-09 
 1.202264434617414e-02  1.000000000000000e+00  0.000000000000000e+00  3.288367134146597e-09 -3.260238324346816e-14  1.491103382988967e-06 -9.779261848175209e-09 
 1.216186000646370e-02  1.000000000000000e+00  0.000000000000000e+00  3.288363359388313e-09 -3.297970556432438e-14  1.491103382766923e-06 -9.892500363441710e-09 
 1.230268770812383e-02  1.000000000000000e+00  0.000000000000000e+00  3.288344263552290e-09 -3.336083583263719e-14  1.491103382766923e-06 -1.000705011891622e-08 
 1.244514611771387e-02  1.000000000000000e+00  0.000000000000000e+00  3.288345373775314e-09 -3.374725342619054e-14  1.491103382544878e-06 -1.012292629804471e-08 
 1.258925411794169e-02  1.000000000000000e+00  0.000000000000000e+00  3.288362249165289e-09 -3.413866344516990e-14  1.491103382544878e-06 -1.024014426008926e-08 
 1.273503081016664e-02  1.000000000000000e+00  0.000000000000000e+00  3.288363137343708e-09 -3.453400667818345e-14  1.491103382544878e-06 -1.035871954216372e-08 
 1.288249551693136e-02  1.000000000000000e+00  0.000000000000000e+00  3.288361805076079e-09 -3.493380782243734e-14  1.491103382544878e-06 -1.047866786129331e-08 
 1.303166778452301e-02  1.000000000000000e+00  0.000000000000000e+00  3.288346261953734e-09 -3.533762903468973e-14  1.491103382544878e-06 -1.060000511649783e-08 
 1.318256738556409e-02  1.000000000000000e+00  0.000000000000000e+00  3.288364469611338e-09 -3.574767994100425e-14  1.491103382544878e-06 -1.072274739089900e-08 
 1.333521432163326e-02  1.000000000000000e+00  0.000000000000000e+00  3.288364469611338e-09 -3.616162533441104e-14  1.491103382544878e-06 -1.084691095385237e-08 
 1.348962882591656e-02  1.000000000000000e+00  0.000000000000000e+00  3.288344263552290e-09 -3.657939606757397e-14  1.491103382544878e-06 -1.097251226310369e-08 
 1.364583136588927e-02  1.000000000000000e+00  0.000000000000000e+00  3.288338712437167e-09 -3.700286776260584e-14  1.491103382544878e-06 -1.109956796697049e-08 
 1.380384264602887e-02  1.000000000000000e+00  0.000000000000000e+00  3.288308514370897e-09 -3.742984764476647e-14  1.491103382988967e-06 -1.122809490654867e-08 
 1.396368361055940e-02  1.000000000000000e+00  0.000000000000000e+00  3.288362249165289e-09 -3.786576040421765e-14  1.491103382988967e-06 -1.135811011794486e-08 
 1.412537544622757e-02  1.000000000000000e+00  0.000000000000000e+00  3.288307182103267e-09 -3.830168502543882e-14  1.491103382544878e-06 -1.148963083453449e-08 
 1.428893958511106e-02  1.000000000000000e+00  0.000000000000000e+00  3.288311400950761e-09 -3.874529570965016e-14  1.491103382544878e-06 -1.162267448924607e-08 
 1.445439770745931e-02  1.000000000000000e+00  0.000000000000000e+00  3.288312733218390e-09 -3.919410369869035e-14  1.491103382544878e-06 -1.175725871687200e-08 
 1.462177174456722e-02  1.000000000000000e+00  0.000000000000000e+00  3.288310290727736e-09 -3.964787538186515e-14  1.491103382544878e-06 -1.189340135640582e-08 
 1.479108388168211e-02  1.000000000000000e+00  0.000000000000000e+00  3.288320948868773e-09 -4.010745614934111e-14  1.491103382100789e-06 -1.203112045340693e-08 
 1.496235656094437e-02  1.000000000000000e+00  0.000000000000000e+00  3.288319394556538e-09 -4.057178053127791e-14  1.491103382544878e-06 -1.217043426239251e-08 
 1.513561248436212e-02  1.000000000000000e+00  0.000000000000000e+00  3.288322725225612e-09 -4.104176296757091e-14  1.491103382544878e-06 -1.231136124925695e-08 
 1.531087461682034e-02  1.000000000000000e+00  0.000000000000000e+00  3.288301186898934e-09 -4.151592877055023e-14  1.491103382544878e-06 -1.245392009371980e-08 
 1.548816618912485e-02  1.000000000000000e+00  0.000000000000000e+00  3.288306293924848e-09 -4.199691172795398e-14  1.491103382544878e-06 -1.259812969180148e-08 
 1.566751070108153e-02  1.000000000000000e+00  0.000000000000000e+00  3.288305183701823e-09 -4.248311411230488e-14  1.491103382766923e-06 -1.274400915832799e-08 
 1.584893192461118e-02  1.000000000000000e+00  0.000000000000000e+00  3.288318506378118e-09 -4.297576203026386e-14  1.491103382544878e-06 -1.289157782946456e-08 
 1.603245390690046e-02  1.000000000000000e+00  0.000000000000000e+00  3.288376237975399e-09 -4.347644183557479e-14  1.491103382544878e-06 -1.304085526527876e-08 
 1.621810097358934e-02  1.000000000000000e+00  0.000000000000000e+00  3.288371130949486e-09 -4.397960748902564e-14  1.491103382544878e-06 -1.319186125233300e-08 
 1.640589773199544e-02  1.000000000000000e+00  0.000000000000000e+00  3.288373129350930e-09 -4.448892308971011e-14  1.491103382766923e-06 -1.334461580630736e-08 
 1.659586907437565e-02  1.000000000000000e+00  0.000000000000000e+00  3.288349592622808e-09 -4.500282649876961e-14  1.491103382544878e-06 -1.349913917465239e-08 
 1.678804018122565e-02  1.000000000000000e+00  0.000000000000000e+00  3.288390892919324e-09 -4.552619438432084e-14  1.491103382544878e-06 -1.365545183927329e-08 
 1.698243652461750e-02  1.000000000000000e+00  0.000000000000000e+00  3.288372907306325e-09 -4.605229483124714e-14  1.491103382544878e-06 -1.381357451924442e-08 
 1.717908387157593e-02  1.000000000000000e+00  0.000000000000000e+00  3.288352701247277e-09 -4.658449345382689e-14  1.491103382544878e-06 -1.397352817355568e-08 
 1.737800828749381e-02  1.000000000000000e+00  0.000000000000000e+00  3.288369798681856e-09 -4.712487068740128e-14  1.491103382544878e-06 -1.413533400389077e-08 
 1.757923613958698e-02  1.000000000000000e+00  0.000000000000000e+00  3.288281869018306e-09 -4.766547792350806e-14  1.491103382544878e-06 -1.429901345743724e-08 
 1.778279410038928e-02  1.000000000000000e+00  0.000000000000000e+00  3.288298300319070e-09 -4.821847065900370e-14  1.491103382544878e-06 -1.446458822972927e-08 
 1.798870915128794e-02  1.000000000000000e+00  0.000000000000000e+00  3.288312067084576e-09 -4.877765742549653e-14  1.491103382544878e-06 -1.463208026752370e-08 
 1.819700858609989e-02  1.000000000000000e+00  0.000000000000000e+00  3.288332273143624e-09 -4.934358351202688e-14  1.491103382544878e-06 -1.480151177170867e-08 
 1.840772001468962e-02  1.000000000000000e+00  0.000000000000000e+00  3.288349814667413e-09 -4.991603601223124e-14  1.491103382100789e-06 -1.497290520024651e-08 
 1.862087136662874e-02  1.000000000000000e+00  0.000000000000000e+00  3.288327832251525e-09 -5.049275333986864e-14  1.491103382322834e-06 -1.514628327115057e-08 
 1.883649089489807e-02  1.000000000000000e+00  0.000000000000000e+00  3.288255223665715e-09 -5.107287166360794e-14  1.491103382544878e-06 -1.532166896549633e-08 
 1.905460717963254e-02  1.000000000000000e+00  0.000000000000000e+00  3.288383565447361e-09 -5.167224271536609e-14  1.491103382544878e-06 -1.549908553046759e-08 
 1.927524913190943e-02  1.000000000000000e+00  0.000000000000000e+00  3.288375127752374e-09 -5.227010178022616e-14  1.491103382544878e-06 -1.567855648243790e-08 
 1.949844599758052e-02  1.000000000000000e+00  0.000000000000000e+00  3.288356920094770e-09 -5.287411821543868e-14  1.491103382544878e-06 -1.586010561008755e-08 
 1.972422736114861e-02  1.000000000000000e+00  0.000000000000000e+00  3.288357586228585e-09 -5.348649118323251e-14  1.491103382544878e-06 -1.604375697755672e-08 
 1.995262314968887e-02  1.000000000000000e+00  0.000000000000000e+00  3.288290750802503e-09 -5.410143836025366e-14  1.491103382544878e-06 -1.622953492763524e-08 
 2.018366363681569e-02  1.000000000000000e+00  0.000000000000000e+00  3.288292527159342e-09 -5.472806512900072e-14  1.491103382544878e-06 -1.641746408498922e-08 
 2.041737944669537e-02  1.000000000000000e+00  0.000000000000000e+00  3.288360916897659e-09 -5.536635409221103e-14  1.491103382544878e-06 -1.660756935942488e-08 
 2.065380155810538e-02  1.000000000000000e+00  0.000000000000000e+00  3.288290972847108e-09 -5.600281113491467e-14  1.491103382766923e-06 -1.679987594919045e-08 
 2.089296130854048e-02  1.000000000000000e+00  0.000000000000000e+00  3.288287198088824e-09 -5.665099497819613e-14  1.491103382544878e-06 -1.699440934431605e-08 
 2.113489039836655e-02  1.000000000000000e+00  0.000000000000000e+00  3.288287642178034e-09 -5.730696843093684e-14  1.491103382988967e-06 -1.719119532999257e-08 
 2.137962089502241e-02  1.000000000000000e+00  0.000000000000000e+00  3.288284533553565e-09 -5.797030625612750e-14  1.491103382544878e-06 -1.739025998998920e-08 
 2.162718523727029e-02  1.000000000000000e+00  0.000000000000000e+00  3.288228356268519e-09 -5.863776132980374e-14  1.491103382100789e-06 -1.759162971011100e-08 
 2.187761623949562e-02  1.000000000000000e+00  0.000000000000000e+00  3.288333605411253e-09 -5.932409660243817e-14  1.491103382322834e-06 -1.779533118169630e-08 
 2.213094709605647e-02  1.000000000000000e+00  0.000000000000000e+00  3.288351591024252e-09 -6.001231243710801e-14  1.491103382544878e-06 -1.800139140515452e-08 
 2.238721138568350e-02  1.000000000000000e+00  0.000000000000000e+00  3.288374239573955e-09 -6.070896695001143e-14  1.491103382100789e-06 -1.820983769354503e-08 
 2.264644307593070e-02  1.000000000000000e+00  0.000000000000000e+00  3.288353145336487e-09 -6.141039814309349e-14  1.491103382322834e-06 -1.842069767619760e-08 
 2.290867652767783e-02  1.000000000000000e+00  0.000000000000000e+00  3.288262107048467e-09 -6.211453760491039e-14  1.491103382544878e-06 -1.863399930237457e-08 
 2.317394649968489e-02  1.000000000000000e+00  0.000000000000000e+00  3.288347372176759e-09 -6.284025728246651e-14  1.491103382544878e-06 -1.884977084497540e-08 
 2.344228815319933e-02  1.000000000000000e+00  0.000000000000000e+00  3.288205707718816e-09 -6.355706476059303e-14  1.491103382100789e-06 -1.906804090428433e-08 
 2.371373705661666e-02  1.000000000000000e+00  0.000000000000000e+00  3.288308736415502e-09 -6.430108952158848e-14  1.491103382322834e-06 -1.928883841176136e-08 
 2.398832919019502e-02  1.000000000000000e+00  0.000000000000000e+00  3.288306960058662e-09 -6.504555938516282e-14  1.491103382100789e-06 -1.951219263387695e-08 
 2.426610095082427e-02  1.000000000000000e+00  0.000000000000000e+00  3.288310290727736e-09 -6.579895795869179e-14  1.491103382100789e-06 -1.973813317599126e-08 
 2.454708915685042e-02  1.000000000000000e+00  0.000000000000000e+00  3.288357364183980e-09 -6.656469196236713e-14  1.491103382100789e-06 -1.996668998627843e-08 
 2.483133105295583e-02  1.000000000000000e+00  0.000000000000000e+00  3.288303629389588e-09 -6.733116158768738e-14  1.491103382100789e-06 -2.019789335969609e-08 
 2.511886431509593e-02  1.000000000000000e+00  0.000000000000000e+00  3.288331829054414e-09 -6.811308176232748e-14  1.491103382544878e-06 -2.043177394200107e-08 
 2.540972705549318e-02  1.000000000000000e+00  0.000000000000000e+00  3.288275873813973e-09 -6.889709204370449e-14  1.491103382322834e-06 -2.066836273381101e-08 
 2.570395782768877e-02  1.000000000000000e+00  0.000000000000000e+00  3.288293193293157e-09 -6.969646418078736e-14  1.491103382322834e-06 -2.090769109471418e-08 
 2.600159563165286e-02  1.000000000000000e+00  0.000000000000000e+00  3.288281202884491e-09 -7.050250588507540e-14  1.491103382322834e-06 -2.114979074742554e-08 
 2.630267991895396e-02  1.000000000000000e+00  0.000000000000000e+00  3.288315841842859e-09 -7.132173218989178e-14  1.491103382100789e-06 -2.139469378199176e-08 
 2.660725059798824e-02  1.000000000000000e+00  0.000000000000000e+00  3.288402439238780e-09 -7.215529384905233e-14  1.491103382322834e-06 -2.164243266004489e-08 
 2.691534803926931e-02  1.000000000000000e+00  0.000000000000000e+00  3.288314509575230e-09 -7.298307683437975e-14  1.491103382322834e-06 -2.189304021910480e-08 
 2.722701308077928e-02  1.000000000000000e+00  0.000000000000000e+00  3.288296968051441e-09 -7.382642504603843e-14  1.491103382544878e-06 -2.214654967693205e-08 
 2.754228703338182e-02  1.000000000000000e+00  0.000000000000000e+00  3.288275651769368e-09 -7.467938702209144e-14  1.491103382544878e-06 -2.240299463593069e-08 
 2.786121168629786e-02  1.000000000000000e+00  0.000000000000000e+00  3.288330274742179e-09 -7.554913165566638e-14  1.491103382544878e-06 -2.266240908760218e-08 
 2.818382931264470e-02  1.000000000000000e+00  0.000000000000000e+00  3.288259442513208e-09 -7.641733031514623e-14  1.491103382322834e-06 -2.292482741705117e-08 
 2.851018267503926e-02  1.000000000000000e+00  0.000000000000000e+00  3.288397332212867e-09 -7.731530681824222e-14  1.491103382544878e-06 -2.319028440754297e-08 
 2.884031503126623e-02  1.000000000000000e+00  0.000000000000000e+00  3.288340044704796e-09 -7.820503215171460e-14  1.491103382100789e-06 -2.345881524511413e-08 
 2.917427014001184e-02  1.000000000000000e+00  0.000000000000000e+00  3.288320282734958e-09 -7.910868569461622e-14  1.491103382544878e-06 -2.373045552323642e-08 
 2.951209226666404e-02  1.000000000000000e+00  0.000000000000000e+00  3.288315175709045e-09 -8.002431467204418e-14  1.491103382100789e-06 -2.400524124753423e-08 
 2.985382618917978e-02  1.000000000000000e+00  0.000000000000000e+00  3.288250782773616e-09 -8.094455972095432e-14  1.491103382100789e-06 -2.428320884055788e-08 
 3.019951720402035e-02  1.000000000000000e+00  0.000000000000000e+00  3.288235017606667e-09 -8.188030074463484e-14  1.491103382100789e-06 -2.456439514661073e-08 
 3.054921113215532e-02  1.000000000000000e+00  0.000000000000000e+00  3.288286309910404e-09 -8.283358691099976e-14  1.491103382100789e-06 -2.484883743663294e-08 
 3.090295432513610e-02  1.000000000000000e+00  0.000000000000000e+00  3.288296968051441e-09 -8.379381542557482e-14  1.491103382100789e-06 -2.513657341314208e-08 
 3.126079367123975e-02  1.000000000000000e+00  0.000000000000000e+00  3.288278982438442e-09 -8.476236882480097e-14  1.491103382322834e-06 -2.542764121523016e-08 
 3.162277660168400e-02  1.000000000000000e+00  0.000000000000000e+00  3.288238126231136e-09 -8.573936269227954e-14  1.491103382100789e-06 -2.572207942361907e-08 
 3.198895109691419e-02  1.000000000000000e+00  0.000000000000000e+00  3.288285421731985e-09 -8.673734085804044e-14  1.491103382100789e-06 -2.601992706577430e-08 
 3.235936569296304e-02  1.000000000000000e+00  0.000000000000000e+00  3.288390226785509e-09 -8.775283006679217e-14  1.491103382100789e-06 -2.632122362107832e-08 
 3.273406948788404e-02  1.000000000000000e+00  0.000000000000000e+00  3.288390448830114e-09 -8.876903401915015e-14  1.491103382322834e-06 -2.662600902606316e-08 
 3.311311214825933e-02  1.000000000000000e+00  0.000000000000000e+00  3.288373573440140e-09 -8.979506998254401e-14  1.491103382100789e-06 -2.693432367970412e-08 
 3.349654391578299e-02  1.000000000000000e+00  0.000000000000000e+00  3.288309402549316e-09 -9.082776310543386e-14  1.491103381656700e-06 -2.724620844877456e-08 
 3.388441561392048e-02  1.000000000000000e+00  0.000000000000000e+00  3.288283423330540e-09 -9.187683154571606e-14  1.491103381656700e-06 -2.756170467326276e-08 
 3.427677865464526e-02  1.000000000000000e+00  0.000000000000000e+00  3.288365357789758e-09 -9.294967047342912e-14  1.491103382100789e-06 -2.788085417185167e-08 
 3.467368504525339e-02  1.000000000000000e+00  0.000000000000000e+00  3.288328054296130e-09 -9.402188831754234e-14  1.491103382100789e-06 -2.820369924746150e-08 
 3.507518739525704e-02  1.000000000000000e+00  0.000000000000000e+00  3.288278538349232e-09 -9.510488425555395e-14  1.491103382100789e-06 -2.853028269285742e-08 
 3.548133892335779e-02  1.000000000000000e+00  0.000000000000000e+00  3.288198380246854e-09 -9.619678655971748e-14  1.491103381656700e-06 -2.886064779632135e-08 
 3.589219346450077e-02  1.000000000000000e+00  0.000000000000000e+00  3.288337158124932e-09 -9.732688030561457e-14  1.491103382100789e-06 -2.919483834738990e-08 
 3.630780547701039e-02  1.000000000000000e+00  0.000000000000000e+00  3.288379346599868e-09 -9.845900009807320e-14  1.491103382322834e-06 -2.953289864265869e-08 
 3.672823004980873e-02  1.000000000000000e+00  0.000000000000000e+00  3.288359584630030e-09 -9.959663162656385e-14  1.491103381656700e-06 -2.987487349165355e-08 
 3.715352290971752e-02  1.000000000000000e+00  0.000000000000000e+00  3.288426420056112e-09 -1.007583143247195e-13  1.491103382100789e-06 -3.022080822277038e-08 
 3.758374042884469e-02  1.000000000000000e+00  0.000000000000000e+00  3.288369576637251e-09 -1.019178314309443e-13  1.491103381656700e-06 -3.057074868928316e-08 
 3.801893963205639e-02  1.000000000000000e+00  0.000000000000000e+00  3.288372685261720e-09 -1.030983915222616e-13  1.491103381656700e-06 -3.092474127542151e-08 
 3.845917820453564e-02  1.000000000000000e+00  0.000000000000000e+00  3.288358918496215e-09 -1.042905207204446e-13  1.491103381434655e-06 -3.128283290251944e-08 
 3.890451449942835e-02  1.000000000000000e+00  0.000000000000000e+00  3.288407324220088e-09 -1.055044663771499e-13  1.491103381878744e-06 -3.164507103523424e-08 
 3.935500754557804e-02  1.000000000000000e+00  0.000000000000000e+00  3.288410876933767e-09 -1.067262849867242e-13  1.491103381656700e-06 -3.201150368783797e-08 
 3.981071705535003e-02  1.000000000000000e+00  0.000000000000000e+00  3.288403327417200e-09 -1.079610642591826e-13  1.491103381878744e-06 -3.238217943058191e-08 
 4.027170343254621e-02  1.000000000000000e+00  0.000000000000000e+00  3.288362915299103e-09 -1.092059717626718e-13  1.491103381656700e-06 -3.275714739613415e-08 
 4.073802778041159e-02  1.000000000000000e+00  0.000000000000000e+00  3.288379790689078e-09 -1.104728575013585e-13  1.491103382100789e-06 -3.313645728609246e-08 
 4.120975190973334e-02  1.000000000000000e+00  0.000000000000000e+00  3.288380012733683e-09 -1.117520488023541e-13  1.491103381656700e-06 -3.352015937757189e-08 
 4.168693834703387e-02  1.000000000000000e+00  0.000000000000000e+00  3.288352701247277e-09 -1.130425678256779e-13  1.491103382100789e-06 -3.390830452986893e-08 
 4.216965034285856e-02  1.000000000000000e+00  0.000000000000000e+00  3.288365135745153e-09 -1.143530140931793e-13  1.491103381878744e-06 -3.430094419120324e-08 
 4.265795188015960e-02  1.000000000000000e+00  0.000000000000000e+00  3.288378458421448e-09 -1.156792860992740e-13  1.491103381878744e-06 -3.469813040553656e-08 
 4.315190768277687e-02  1.000000000000000e+00  0.000000000000000e+00  3.288366912101992e-09 -1.170169054881257e-13  1.491103381878744e-06 -3.509991581947154e-08 
 4.365158322401694e-02  1.000000000000000e+00  0.000000000000000e+00  3.288322947270217e-09 -1.183656482526072e-13  1.491103381434655e-06 -3.550635368922942e-08 
 4.415704473533161e-02  1.000000000000000e+00  0.000000000000000e+00  3.288393335409978e-09 -1.197462064480902e-13  1.491103381656700e-06 -3.591749788770959e-08 
 4.466835921509667e-02  1.000000000000000e+00  0.000000000000000e+00  3.288335603812698e-09 -1.211246657488694e-13  1.491103381656700e-06 -3.633340291163033e-08 
 4.518559443749261e-02  1.000000000000000e+00  0.000000000000000e+00  3.288338490392562e-09 -1.225277665284861e-13  1.491103381656700e-06 -3.675412388875207e-08 
 4.570881896148788e-02  1.000000000000000e+00  0.000000000000000e+00  3.288406213997064e-09 -1.239566665486302e-13  1.491103381656700e-06 -3.717971658518443e-08 
 4.623810213992641e-02  1.000000000000000e+00  0.000000000000000e+00  3.288341599017031e-09 -1.253823363623077e-13  1.491103381656700e-06 -3.761023741277863e-08 
 4.677351412872021e-02  1.000000000000000e+00  0.000000000000000e+00  3.288340488794006e-09 -1.268339818508286e-13  1.491103381212611e-06 -3.804574343660377e-08 
 4.731512589614845e-02  1.000000000000000e+00  0.000000000000000e+00  3.288377570243028e-09 -1.283081416339062e-13  1.491103381434655e-06 -3.848629238251179e-08 
 4.786300923226424e-02  1.000000000000000e+00  0.000000000000000e+00  3.288384453625781e-09 -1.297948764747362e-13  1.491103381212611e-06 -3.893194264478818e-08 
 4.841723675841035e-02  1.000000000000000e+00  0.000000000000000e+00  3.288389338607089e-09 -1.312988926405747e-13  1.491103381656700e-06 -3.938275329389250e-08 
 4.897788193684505e-02  1.000000000000000e+00  0.000000000000000e+00  3.288438854553988e-09 -1.328270950712159e-13  1.491103381434655e-06 -3.983878408428797e-08 
 4.954501908047946e-02  1.000000000000000e+00  0.000000000000000e+00  3.288453287453308e-09 -1.343674192249292e-13  1.491103381212611e-06 -4.030009546236203e-08 
 5.011872336272767e-02  1.000000000000000e+00  0.000000000000000e+00  3.288482819385763e-09 -1.359279365779305e-13  1.491103381434655e-06 -4.076674857443798e-08 
 5.069907082747089e-02  1.000000000000000e+00  0.000000000000000e+00  3.288446182025950e-09 -1.374959653330813e-13  1.491103381656700e-06 -4.123880527488045e-08 
 5.128613839913695e-02  1.000000000000000e+00  0.000000000000000e+00  3.288453731542518e-09 -1.390894442651585e-13  1.491103381212611e-06 -4.171632813429373e-08 
 5.188000389289658e-02  1.000000000000000e+00  0.000000000000000e+00  3.288411765112187e-09 -1.406926396379050e-13  1.491103381212611e-06 -4.219938044781574e-08 
 5.248074602497774e-02  1.000000000000000e+00  0.000000000000000e+00  3.288407990353903e-09 -1.423213775604913e-13  1.491103381212611e-06 -4.268802624350734e-08 
 5.308844442309933e-02  1.000000000000000e+00  0.000000000000000e+00  3.288399552658916e-09 -1.439679561145291e-13  1.491103381212611e-06 -4.318233029083939e-08 
 5.370317963702578e-02  1.000000000000000e+00  0.000000000000000e+00  3.288377792287633e-09 -1.456311794747853e-13  1.491103381212611e-06 -4.368235810927803e-08 
 5.432503314924383e-02  1.000000000000000e+00  0.000000000000000e+00  3.288446404070555e-09 -1.473298860113490e-13  1.491103381212611e-06 -4.418817597696888e-08 
 5.495408738576298e-02  1.000000000000000e+00  0.000000000000000e+00  3.288413319424421e-09 -1.490298400090683e-13  1.491103380768521e-06 -4.469985093952247e-08 
 5.559042572704089e-02  1.000000000000000e+00  0.000000000000000e+00  3.288443517490691e-09 -1.507611167623990e-13  1.491103380768521e-06 -4.521745081890092e-08 
 5.623413251903545e-02  1.000000000000000e+00  0.000000000000000e+00  3.288388894517880e-09 -1.524969285963037e-13  1.491103381212611e-06 -4.574104422240774e-08 
 5.688529308438470e-02  1.000000000000000e+00  0.000000000000000e+00  3.288392891320768e-09 -1.542628279669371e-13  1.491103381212611e-06 -4.627070055178105e-08 
 5.754399373371626e-02  1.000000000000000e+00  0.000000000000000e+00  3.288450178828839e-09 -1.560603000737804e-13  1.491103380768521e-06 -4.680649001239390e-08 
 5.821032177708772e-02  1.000000000000000e+00  0.000000000000000e+00  3.288408656487718e-09 -1.578592521060013e-13  1.491103380768521e-06 -4.734848362255873e-08 
 5.888436553555948e-02  1.000000000000000e+00  0.000000000000000e+00  3.288381122956707e-09 -1.596817405037612e-13  1.491103380546477e-06 -4.789675322294170e-08 
 5.956621435290164e-02  1.000000000000000e+00  0.000000000000000e+00  3.288438188420173e-09 -1.615420207984751e-13  1.491103380768521e-06 -4.845137148608445e-08 
 6.025595860743638e-02  1.000000000000000e+00  0.000000000000000e+00  3.288394001543793e-09 -1.634038361617349e-13  1.491103380324432e-06 -4.901241192603685e-08 
 6.095368972401753e-02  1.000000000000000e+00  0.000000000000000e+00  3.288377792287633e-09 -1.652927087748850e-13  1.491103380768521e-06 -4.957994890810185e-08 
 6.165950018614885e-02  1.000000000000000e+00  0.000000000000000e+00  3.288378680466053e-09 -1.672070226711153e-13  1.491103380768521e-06 -5.015405765869121e-08 
 6.237348354824256e-02  1.000000000000000e+00  0.000000000000000e+00  3.288370908904881e-09 -1.691416743313351e-13  1.491103380324432e-06 -5.073481427529828e-08 
 6.309573444801997e-02  1.000000000000000e+00  0.000000000000000e+00  3.288329830652970e-09 -1.710920487494707e-13  1.491103380768521e-06 -5.132229573658360e-08 
 6.382634861905552e-02  1.000000000000000e+00  0.000000000000000e+00  3.288282979241330e-09 -1.730632643537165e-13  1.491103380546477e-06 -5.191657991257836e-08 
 6.456542290346622e-02  1.000000000000000e+00  0.000000000000000e+00  3.288361138942264e-09 -1.750838513114661e-13  1.491103380324432e-06 -5.251774557500650e-08 
 6.531305526474791e-02  1.000000000000000e+00  0.000000000000000e+00  3.288386674071830e-09 -1.771164554631280e-13  1.491103380324432e-06 -5.312587240772521e-08 
 6.606934480076029e-02  1.000000000000000e+00  0.000000000000000e+00  3.288312733218390e-09 -1.791511498406409e-13  1.491103380324432e-06 -5.374104101728767e-08 
 6.683439175686216e-02  1.000000000000000e+00  0.000000000000000e+00  3.288366690057387e-09 -1.812378178884820e-13  1.491103380324432e-06 -5.436333294362671e-08 
 6.760829753919889e-02  1.000000000000000e+00  0.000000000000000e+00  3.288333827455858e-09 -1.833292802155965e-13  1.491103379880343e-06 -5.499283067086304e-08 
 6.839116472814366e-02  1.000000000000000e+00  0.000000000000000e+00  3.288374017529350e-09 -1.854608499762799e-13  1.491103380102388e-06 -5.562961763823869e-08 
 6.918309709189439e-02  1.000000000000000e+00  0.000000000000000e+00  3.288358252362400e-09 -1.876047472758067e-13  1.491103379880343e-06 -5.627377825117636e-08 
 6.998419960022811e-02  1.000000000000000e+00  0.000000000000000e+00  3.288362249165289e-09 -1.897786649714663e-13  1.491103379880343e-06 -5.692539789246748e-08 
 7.079457843841457e-02  1.000000000000000e+00  0.000000000000000e+00  3.288426642100717e-09 -1.919907637492494e-13  1.491103379880343e-06 -5.758456293358988e-08 
 7.161434102129099e-02  1.000000000000000e+00  0.000000000000000e+00  3.288434857751099e-09 -1.942159627385948e-13  1.491103379436254e-06 -5.825136074615551e-08 
 7.244359600749982e-02  1.000000000000000e+00  0.000000000000000e+00  3.288375571841584e-09 -1.964505646473051e-13  1.491103379436254e-06 -5.892587971349249e-08 
 7.328245331389123e-02  1.000000000000000e+00  0.000000000000000e+00  3.288394667677608e-09 -1.987304822628281e-13  1.491103379436254e-06 -5.960820924235919e-08 
 7.413102413009259e-02  1.000000000000000e+00  0.000000000000000e+00  3.288403993551015e-09 -2.010333839122341e-13  1.491103379880343e-06 -6.029843977479567e-08 
 7.498942093324644e-02  1.000000000000000e+00  0.000000000000000e+00  3.288336491991117e-09 -2.033444560679191e-13  1.491103379436254e-06 -6.099666280011113e-08 
 7.585775750291925e-02  1.000000000000000e+00  0.000000000000000e+00  3.288326055894686e-09 -2.056971384392052e-13  1.491103379658298e-06 -6.170297086701139e-08 
 7.673614893618277e-02  1.000000000000000e+00  0.000000000000000e+00  3.288272099055689e-09 -2.080652399865049e-13  1.491103378992165e-06 -6.241745759586580e-08 
 7.762471166287006e-02  1.000000000000000e+00  0.000000000000000e+00  3.288301630988144e-09 -2.104823619112658e-13  1.491103378992165e-06 -6.314021769111629e-08 
 7.852356346100808e-02  1.000000000000000e+00  0.000000000000000e+00  3.288309846638526e-09 -2.129212253850725e-13  1.491103378992165e-06 -6.387134695383066e-08 
 7.943282347242907e-02  1.000000000000000e+00  0.000000000000000e+00  3.288237682141926e-09 -2.153673027605584e-13  1.491103379214209e-06 -6.461094229440051e-08 
 8.035261221856266e-02  1.000000000000000e+00  0.000000000000000e+00  3.288388228384065e-09 -2.179009835392321e-13  1.491103378992165e-06 -6.535910174538745e-08 
 8.128305161641088e-02  1.000000000000000e+00  0.000000000000000e+00  3.288340710838611e-09 -2.204118176290918e-13  1.491103379436254e-06 -6.611592447451643e-08 
 8.222426499470809e-02  1.000000000000000e+00  0.000000000000000e+00  3.288313843441415e-09 -2.229568336011891e-13  1.491103378992165e-06 -6.688151079781987e-08 
 8.317637711026808e-02  1.000000000000000e+00  0.000000000000000e+00  3.288301630988144e-09 -2.255354693035796e-13  1.491103378770120e-06 -6.765596219293624e-08 
 8.413951416452051e-02  1.000000000000000e+00  0.000000000000000e+00  3.288306738014057e-09 -2.281484331205051e-13  1.491103378992165e-06 -6.843938131255868e-08 
 8.511380382023866e-02  1.000000000000000e+00  0.000000000000000e+00  3.288286531955009e-09 -2.307840239667786e-13  1.491103378770120e-06 -6.923187199804325e-08 
 8.609937521846109e-02  1.000000000000000e+00  0.000000000000000e+00  3.288303407344983e-09 -2.334617413614090e-13  1.491103378548075e-06 -7.003353929317160e-08 
 8.709635899560911e-02  1.000000000000000e+00  0.000000000000000e+00  3.288373795484745e-09 -2.361855039435083e-13  1.491103378103986e-06 -7.084448945807578e-08 
 8.810488730080247e-02  1.000000000000000e+00  0.000000000000000e+00  3.288292305114737e-09 -2.388960764756133e-13  1.491103378326031e-06 -7.166482998332157e-08 
 8.912509381337563e-02  1.000000000000000e+00  0.000000000000000e+00  3.288172845117288e-09 -2.416280884571697e-13  1.491103377881942e-06 -7.249466960415671e-08 
 9.015711376059679e-02  1.000000000000000e+00  0.000000000000000e+00  3.288303851434193e-09 -2.444642415646391e-13  1.491103377881942e-06 -7.333411831492449e-08 
 9.120108393559209e-02  1.000000000000000e+00  0.000000000000000e+00  3.288249672550592e-09 -2.472782182113488e-13  1.491103378103986e-06 -7.418328738364218e-08 
 9.225714271547746e-02  1.000000000000000e+00  0.000000000000000e+00  3.288298078274465e-09 -2.501571133424905e-13  1.491103377881942e-06 -7.504228936674991e-08 
 9.332543007970026e-02  1.000000000000000e+00  0.000000000000000e+00  3.288332939277439e-09 -2.530646350902851e-13  1.491103377659897e-06 -7.591123812403036e-08 
 9.440608762859351e-02  1.000000000000000e+00  0.000000000000000e+00  3.288229910580753e-09 -2.559632489234457e-13  1.491103377215808e-06 -7.679024883369976e-08 
 9.549925860214478e-02  1.000000000000000e+00  0.000000000000000e+00  3.288246119836913e-09 -2.589317391234019e-13  1.491103377437852e-06 -7.767943800767580e-08 
 9.660508789898255e-02  1.000000000000000e+00  0.000000000000000e+00  3.288391114963929e-09 -2.619760787812092e-13  1.491103377215808e-06 -7.857892350702035e-08 
 9.772372209558230e-02  1.000000000000000e+00  0.000000000000000e+00  3.288330496786784e-09 -2.649898695869688e-13  1.491103376993763e-06 -7.948882455756201e-08 
 9.885530946569514e-02  1.000000000000000e+00  0.000000000000000e+00  3.288350036712018e-09 -2.680649528879319e-13  1.491103377215808e-06 -8.040926176569940e-08 
 1.000000000000013e-01  1.000000000000000e+00  0.000000000000000e+00  3.288352479202672e-09 -2.711692749589059e-13  1.491103376771719e-06 -8.134035713438757e-08 
 1.011579454259911e-01  1.000000000000000e+00  0.000000000000000e+00  3.288243233257049e-09 -2.742732080829384e-13  1.491103376771719e-06 -8.228223407930888e-08 
 1.023292992280767e-01  1.000000000000000e+00  0.000000000000000e+00  3.288309846638526e-09 -2.774720111999342e-13  1.491103375883540e-06 -8.323501744523231e-08 
 1.035142166679357e-01  1.000000000000000e+00  0.000000000000000e+00  3.288312067084576e-09 -2.806857415256199e-13  1.491103375883540e-06 -8.419883352256137e-08 
 1.047128548050913e-01  1.000000000000000e+00  0.000000000000000e+00  3.288394223588398e-09 -2.839644032265202e-13  1.491103376327629e-06 -8.517381006407267e-08 
 1.059253725177303e-01  1.000000000000000e+00  0.000000000000000e+00  3.288284977642775e-09 -2.872136802824542e-13  1.491103375883540e-06 -8.616007630185087e-08 
 1.071519305237620e-01  1.000000000000000e+00  0.000000000000000e+00  3.288348704444388e-09 -2.905622645531503e-13  1.491103376105585e-06 -8.715776296441769e-08 
 1.083926914021218e-01  1.000000000000000e+00  0.000000000000000e+00  3.288359806674634e-09 -2.939313167265073e-13  1.491103375661496e-06 -8.816700229405923e-08 
 1.096478196143199e-01  1.000000000000000e+00  0.000000000000000e+00  3.288344263552290e-09 -2.973287890522363e-13  1.491103375439451e-06 -8.918792806435563e-08 
 1.109174815262416e-01  1.000000000000000e+00  0.000000000000000e+00  3.288285865821194e-09 -3.007507019180884e-13  1.491103374995362e-06 -9.022067559791181e-08 
 1.122018454301978e-01  1.000000000000000e+00  0.000000000000000e+00  3.288271877011084e-09 -3.042283329420830e-13  1.491103375439451e-06 -9.126538178429508e-08 
 1.135010815672330e-01  1.000000000000000e+00  0.000000000000000e+00  3.288307404147872e-09 -3.077630004515934e-13  1.491103375217406e-06 -9.232218509817854e-08 
 1.148153621496898e-01  1.000000000000000e+00  0.000000000000000e+00  3.288360916897659e-09 -3.113474844304212e-13  1.491103374551273e-06 -9.339122561769669e-08 
 1.161448613840358e-01  1.000000000000000e+00  0.000000000000000e+00  3.288401773104965e-09 -3.149690453442213e-13  1.491103374995362e-06 -9.447264504301277e-08 
 1.174897554939545e-01  1.000000000000000e+00  0.000000000000000e+00  3.288269212475825e-09 -3.185651870242673e-13  1.491103374773317e-06 -9.556658671510003e-08 
 1.188502227437035e-01  1.000000000000000e+00  0.000000000000000e+00  3.288319172511933e-09 -3.222727158926877e-13  1.491103374551273e-06 -9.667319563474207e-08 
 1.202264434617429e-01  1.000000000000000e+00  0.000000000000000e+00  3.288341154927821e-09 -3.260133855869139e-13  1.491103374329228e-06 -9.779261848175277e-08 
 1.216186000646385e-01  1.000000000000000e+00  0.000000000000000e+00  3.288275651769368e-09 -3.297622220551801e-13  1.491103373663094e-06 -9.892500363441781e-08 
 1.230268770812399e-01  1.000000000000000e+00  0.000000000000000e+00  3.288419980762569e-09 -3.336387101076017e-13  1.491103374107183e-06 -1.000705011891630e-07 
 1.244514611771402e-01  1.000000000000000e+00  0.000000000000000e+00  3.288256555933344e-09 -3.374363939865542e-13  1.491103373219005e-06 -1.012292629804480e-07 
 1.258925411794185e-01  1.000000000000000e+00  0.000000000000000e+00  3.288235905785086e-09 -3.413341795177642e-13  1.491103373441049e-06 -1.024014426008932e-07 
 1.273503081016679e-01  1.000000000000000e+00  0.000000000000000e+00  3.288266769985171e-09 -3.452998098337154e-13  1.491103373219005e-06 -1.035871954216379e-07 
 1.288249551693152e-01  1.000000000000000e+00  0.000000000000000e+00  3.288277650170812e-09 -3.493031847980642e-13  1.491103372996960e-06 -1.047866786129339e-07 
 1.303166778452318e-01  1.000000000000000e+00  0.000000000000000e+00  3.288473715556961e-09 -3.534320831233486e-13  1.491103372774916e-06 -1.060000511649792e-07 
 1.318256738556426e-01  1.000000000000000e+00  0.000000000000000e+00  3.288369576637251e-09 -3.574792445956379e-13  1.491103372330826e-06 -1.072274739089908e-07 
 1.333521432163343e-01  1.000000000000000e+00  0.000000000000000e+00  3.288390670874719e-09 -3.616275634011694e-13  1.491103372330826e-06 -1.084691095385245e-07 
 1.348962882591673e-01  1.000000000000000e+00  0.000000000000000e+00  3.288393113365373e-09 -3.658162356106969e-13  1.491103372330826e-06 -1.097251226310378e-07 
 1.364583136588944e-01  1.000000000000000e+00  0.000000000000000e+00  3.288464389683554e-09 -3.700844438036899e-13  1.491103371886737e-06 -1.109956796697056e-07 
 1.380384264602905e-01  1.000000000000000e+00  0.000000000000000e+00  3.288366468012782e-09 -3.743260825054215e-13  1.491103371442648e-06 -1.122809490654874e-07 
 1.396368361055958e-01  1.000000000000000e+00  0.000000000000000e+00  3.288237238052716e-09 -3.786001849095269e-13  1.491103371220603e-06 -1.135811011794491e-07 
 1.412537544622775e-01  1.000000000000000e+00  0.000000000000000e+00  3.288306738014057e-09 -3.830164392548116e-13  1.491103370998559e-06 -1.148963083453455e-07 
 1.428893958511124e-01  1.000000000000000e+00  0.000000000000000e+00  3.288346483998339e-09 -3.874700645746152e-13  1.491103370998559e-06 -1.162267448924616e-07 
 1.445439770745949e-01  1.000000000000000e+00  0.000000000000000e+00  3.288284977642775e-09 -3.919274698848250e-13  1.491103370554470e-06 -1.175725871687207e-07 
 1.462177174456740e-01  1.000000000000000e+00  0.000000000000000e+00  3.288276761992392e-09 -3.964612322241447e-13  1.491103369888336e-06 -1.189340135640587e-07 
 1.479108388168229e-01  1.000000000000000e+00  0.000000000000000e+00  3.288262995226887e-09 -4.010468767079123e-13  1.491103369888336e-06 -1.203112045340701e-07 
 1.496235656094456e-01  1.000000000000000e+00  0.000000000000000e+00  3.288255889799530e-09 -4.056874376331379e-13  1.491103369222202e-06 -1.217043426239255e-07 
 1.513561248436231e-01  1.000000000000000e+00  0.000000000000000e+00  3.288206151808026e-09 -4.103601762282990e-13  1.491103369000157e-06 -1.231136124925701e-07 
 1.531087461682053e-01  1.000000000000000e+00  0.000000000000000e+00  3.288439298643198e-09 -4.152278403715595e-13  1.491103369222202e-06 -1.245392009371988e-07 
 1.548816618912505e-01  1.000000000000000e+00  0.000000000000000e+00  3.288387562250250e-09 -4.200113441682138e-13  1.491103368334024e-06 -1.259812969180154e-07 
 1.566751070108173e-01  1.000000000000000e+00  0.000000000000000e+00  3.288415095781261e-09 -4.248887395288982e-13  1.491103368334024e-06 -1.274400915832802e-07 
 1.584893192461138e-01  1.000000000000000e+00  0.000000000000000e+00  3.288416872138100e-09 -4.298093878594106e-13  1.491103367445845e-06 -1.289157782946460e-07 
 1.603245390690066e-01  1.000000000000000e+00  0.000000000000000e+00  3.288320504779563e-09 -4.347347172645664e-13  1.491103367445845e-06 -1.304085526527882e-07 
 1.621810097358955e-01  1.000000000000000e+00  0.000000000000000e+00  3.288295413739206e-09 -4.397561349342917e-13  1.491103367223801e-06 -1.319186125233308e-07 
 1.640589773199564e-01  1.000000000000000e+00  0.000000000000000e+00  3.288526118083723e-09 -4.449732290732939e-13  1.491103367001756e-06 -1.334461580630738e-07 
 1.659586907437586e-01  1.000000000000000e+00  0.000000000000000e+00  3.288440630910827e-09 -4.500770503432928e-13  1.491103366335622e-06 -1.349913917465243e-07 
 1.678804018122586e-01  1.000000000000000e+00  0.000000000000000e+00  3.288301408943539e-09 -4.552130355189418e-13  1.491103366113578e-06 -1.365545183927331e-07 
 1.698243652461771e-01  1.000000000000000e+00  0.000000000000000e+00  3.288450400873444e-09 -4.605673106936282e-13  1.491103365891533e-06 -1.381357451924443e-07 
 1.717908387157615e-01  1.000000000000000e+00  0.000000000000000e+00  3.288200822737508e-09 -4.657596267101733e-13  1.491103365225399e-06 -1.397352817355573e-07 
 1.737800828749403e-01  1.000000000000000e+00  0.000000000000000e+00  3.288317396155094e-09 -4.712186986275088e-13  1.491103364781310e-06 -1.413533400389081e-07 
 1.757923613958720e-01  1.000000000000000e+00  0.000000000000000e+00  3.288209704521705e-09 -4.766129331638170e-13  1.491103364115176e-06 -1.429901345743723e-07 
 1.778279410038951e-01  1.000000000000000e+00  0.000000000000000e+00  3.288171734894263e-09 -4.821099715330682e-13  1.491103363449042e-06 -1.446458822972931e-07 
 1.798870915128817e-01  1.000000000000000e+00  0.000000000000000e+00  3.288346483998339e-09 -4.877964538767007e-13  1.491103363671087e-06 -1.463208026752374e-07 
 1.819700858610012e-01  1.000000000000000e+00  0.000000000000000e+00  3.288290306713293e-09 -4.934095921932957e-13  1.491103363449042e-06 -1.480151177170869e-07 
 1.840772001468985e-01  1.000000000000000e+00  0.000000000000000e+00  3.288239680543370e-09 -4.990927905107824e-13  1.491103362560864e-06 -1.497290520024652e-07 
 1.862087136662897e-01  1.000000000000000e+00  0.000000000000000e+00  3.288423311431643e-09 -5.049855747167404e-13  1.491103362116775e-06 -1.514628327115055e-07 
 1.883649089489831e-01  1.000000000000000e+00  0.000000000000000e+00  3.288328720429945e-09 -5.107733804914822e-13  1.491103362116775e-06 -1.532166896549633e-07 
 1.905460717963278e-01  1.000000000000000e+00  0.000000000000000e+00  3.288312733218390e-09 -5.166786615039067e-13  1.491103361006552e-06 -1.549908553046760e-07 
 1.927524913190967e-01  1.000000000000000e+00  0.000000000000000e+00  3.288242345078629e-09 -5.226156235073222e-13  1.491103360340418e-06 -1.567855648243790e-07 
 1.949844599758077e-01  1.000000000000000e+00  0.000000000000000e+00  3.288235905785086e-09 -5.286647949298758e-13  1.491103359896329e-06 -1.586010561008750e-07 
 1.972422736114886e-01  1.000000000000000e+00  0.000000000000000e+00  3.288231020803778e-09 -5.347826112524337e-13  1.491103359008150e-06 -1.604375697755666e-07 
 1.995262314968912e-01  1.000000000000000e+00  0.000000000000000e+00  3.288427086189927e-09 -5.411047213339574e-13  1.491103359008150e-06 -1.622953492763521e-07 
 2.018366363681594e-01  1.000000000000000e+00  0.000000000000000e+00  3.288471273066307e-09 -5.473975106288581e-13  1.491103358119972e-06 -1.641746408498918e-07 
 2.041737944669563e-01  1.000000000000000e+00  0.000000000000000e+00  3.288378458421448e-09 -5.536743337497498e-13  1.491103357675883e-06 -1.660756935942485e-07 
 2.065380155810564e-01  1.000000000000000e+00  0.000000000000000e+00  3.288195715711595e-09 -5.599620301267062e-13  1.491103356787704e-06 -1.679987594919038e-07 
 2.089296130854074e-01  1.000000000000000e+00  0.000000000000000e+00  3.288302963255774e-09 -5.665214104686099e-13  1.491103356565660e-06 -1.699440934431602e-07 
 2.113489039836682e-01  1.000000000000000e+00  0.000000000000000e+00  3.288106453780415e-09 -5.729437234360631e-13  1.491103355899526e-06 -1.719119532999253e-07 
 2.137962089502268e-01  1.000000000000000e+00  0.000000000000000e+00  3.288405547863249e-09 -5.797878944660420e-13  1.491103355455436e-06 -1.739025998998913e-07 
 2.162718523727057e-01  1.000000000000000e+00  0.000000000000000e+00  3.288198824336064e-09 -5.863540343690928e-13  1.491103354567258e-06 -1.759162971011095e-07 
 2.187761623949590e-01  1.000000000000000e+00  0.000000000000000e+00  3.288243455301654e-09 -5.931747935672284e-13  1.491103353901124e-06 -1.779533118169626e-07 
 2.213094709605676e-01  1.000000000000000e+00  0.000000000000000e+00  3.288267658163591e-09 -6.000635024101371e-13  1.491103353679080e-06 -1.800139140515444e-07 
 2.238721138568378e-01  1.000000000000000e+00  0.000000000000000e+00  3.288551431168685e-09 -6.072202456441909e-13  1.491103352790901e-06 -1.820983769354495e-07 
 2.264644307593099e-01  1.000000000000000e+00  0.000000000000000e+00  3.288440852955432e-09 -6.141706177180362e-13  1.491103352346812e-06 -1.842069767619752e-07 
 2.290867652767813e-01  1.000000000000000e+00  0.000000000000000e+00  3.288219030395112e-09 -6.211141241663275e-13  1.491103351236589e-06 -1.863399930237446e-07 
 2.317394649968519e-01  1.000000000000000e+00  0.000000000000000e+00  3.288219474484322e-09 -6.283053554850293e-13  1.491103350792500e-06 -1.884977084497531e-07 
 2.344228815319963e-01  1.000000000000000e+00  0.000000000000000e+00  3.288308514370897e-09 -6.356493403548621e-13  1.491103349682277e-06 -1.906804090428424e-07 
 2.371373705661697e-01  1.000000000000000e+00  0.000000000000000e+00  3.288423755520853e-09 -6.430994035017233e-13  1.491103349238188e-06 -1.928883841176126e-07 
 2.398832919019533e-01  1.000000000000000e+00  0.000000000000000e+00  3.288352923291882e-09 -6.504902947533042e-13  1.491103348350009e-06 -1.951219263387682e-07 
 2.426610095082458e-01  1.000000000000000e+00  0.000000000000000e+00  3.288232575116012e-09 -6.579286941770724e-13  1.491103347905920e-06 -1.973813317599109e-07 
 2.454708915685074e-01  1.000000000000000e+00  0.000000000000000e+00  3.288295413739206e-09 -6.655974683777553e-13  1.491103347017741e-06 -1.996668998627831e-07 
 2.483133105295615e-01  1.000000000000000e+00  0.000000000000000e+00  3.288298078274465e-09 -6.733059359717145e-13  1.491103346351608e-06 -2.019789335969597e-07 
 2.511886431509625e-01  1.000000000000000e+00  0.000000000000000e+00  3.288152861102844e-09 -6.809834333412046e-13  1.491103345019340e-06 -2.043177394200088e-07 
 2.540972705549351e-01  1.000000000000000e+00  0.000000000000000e+00  3.288204819540397e-09 -6.889125021959468e-13  1.491103344353206e-06 -2.066836273381084e-07 
 2.570395782768911e-01  1.000000000000000e+00  0.000000000000000e+00  3.288445737936740e-09 -6.970922304402755e-13  1.491103343020939e-06 -2.090769109471397e-07 
 2.600159563165320e-01  1.000000000000000e+00  0.000000000000000e+00  3.288293637382367e-09 -7.050347007856113e-13  1.491103342576849e-06 -2.114979074742527e-07 
 2.630267991895430e-01  1.000000000000000e+00  0.000000000000000e+00  3.288253003219666e-09 -7.131635432079964e-13  1.491103341688671e-06 -2.139469378199157e-07 
 2.660725059798859e-01  1.000000000000000e+00  0.000000000000000e+00  3.288324279537846e-09 -7.214835713162605e-13  1.491103341022537e-06 -2.164243266004464e-07 
 2.691534803926965e-01  1.000000000000000e+00  0.000000000000000e+00  3.288275429724763e-09 -7.297954160274630e-13  1.491103340134359e-06 -2.189304021910457e-07 
 2.722701308077963e-01  1.000000000000000e+00  0.000000000000000e+00  3.288350480801228e-09 -7.383143072753006e-13  1.491103338802091e-06 -2.214654967693177e-07 
 2.754228703338217e-01  1.000000000000000e+00  0.000000000000000e+00  3.288395555856027e-09 -7.469037095690742e-13  1.491103338135957e-06 -2.240299463593040e-07 
 2.786121168629822e-01  1.000000000000000e+00  0.000000000000000e+00  3.288252115041246e-09 -7.554217367638963e-13  1.491103337691868e-06 -2.266240908760190e-07 
 2.818382931264506e-01  1.000000000000000e+00  0.000000000000000e+00  3.288411987156792e-09 -7.643171218218712e-13  1.491103336359600e-06 -2.292482741705088e-07 
 2.851018267503962e-01  1.000000000000000e+00  0.000000000000000e+00  3.288466832174208e-09 -7.732161380042118e-13  1.491103335249377e-06 -2.319028440754265e-07 
 2.884031503126660e-01  1.000000000000000e+00  0.000000000000000e+00  3.288292971248552e-09 -7.820070613475380e-13  1.491103333695065e-06 -2.345881524511378e-07 
 2.917427014001222e-01  1.000000000000000e+00  0.000000000000000e+00  3.288355587827141e-09 -7.911231581511559e-13  1.491103332806887e-06 -2.373045552323599e-07 
 2.951209226666441e-01  1.000000000000000e+00  0.000000000000000e+00  3.288332273143624e-09 -8.002603966589092e-13  1.491103331918708e-06 -2.400524124753386e-07 
 2.985382618918016e-01  1.000000000000000e+00  0.000000000000000e+00  3.288381789090522e-09 -8.095759936502861e-13  1.491103330142352e-06 -2.428320884055744e-07 
 3.019951720402074e-01  1.000000000000000e+00  0.000000000000000e+00  3.288241900989419e-09 -8.188098065930509e-13  1.491103328810084e-06 -2.456439514661028e-07 
 3.054921113215572e-01  1.000000000000000e+00  0.000000000000000e+00  3.288110228538699e-09 -8.281589256015297e-13  1.491103327699861e-06 -2.484883743663249e-07 
 3.090295432513650e-01  1.000000000000000e+00  0.000000000000000e+00  3.288329608608365e-09 -8.379706269843169e-13  1.491103326145549e-06 -2.513657341314163e-07 
 3.126079367124016e-01  1.000000000000000e+00  0.000000000000000e+00  3.288467276263418e-09 -8.478168046727002e-13  1.491103325257370e-06 -2.542764121522971e-07 
 3.162277660168441e-01  1.000000000000000e+00  0.000000000000000e+00  3.288327388162315e-09 -8.574894417743939e-13  1.491103324147147e-06 -2.572207942361857e-07 
 3.198895109691461e-01  1.000000000000000e+00  0.000000000000000e+00  3.288575189941412e-09 -8.676769275772250e-13  1.491103322592835e-06 -2.601992706577379e-07 
 3.235936569296347e-01  1.000000000000000e+00  0.000000000000000e+00  3.288428196412951e-09 -8.775684023112264e-13  1.491103321482612e-06 -2.632122362107780e-07 
 3.273406948788447e-01  1.000000000000000e+00  0.000000000000000e+00  3.288617822505557e-09 -8.879355007623085e-13  1.491103319706255e-06 -2.662600902606260e-07 
 3.311311214825977e-01  1.000000000000000e+00  0.000000000000000e+00  3.288124439393414e-09 -8.976804099443751e-13  1.491103317929898e-06 -2.693432367970353e-07 
 3.349654391578343e-01  1.000000000000000e+00  0.000000000000000e+00  3.288402661283385e-09 -9.083792706603478e-13  1.491103316819675e-06 -2.724620844877392e-07 
 3.388441561392093e-01  1.000000000000000e+00  0.000000000000000e+00  3.288421757119409e-09 -9.189176663842981e-13  1.491103315043318e-06 -2.756170467326211e-07 
 3.427677865464572e-01  1.000000000000000e+00  0.000000000000000e+00  3.288332939277439e-09 -9.294619565046493e-13  1.491103313266962e-06 -2.788085417185100e-07 
 3.467368504525386e-01  1.000000000000000e+00  0.000000000000000e+00  3.288298966452885e-09 -9.401851599946140e-13  1.491103312156739e-06 -2.820369924746082e-07 
 3.507518739525751e-01  1.000000000000000e+00  0.000000000000000e+00  3.288320060690353e-09 -9.510948020537143e-13  1.491103310158337e-06 -2.853028269285667e-07 
 3.548133892335826e-01  1.000000000000000e+00  0.000000000000000e+00  3.288306960058662e-09 -9.620911645106247e-13  1.491103308826069e-06 -2.886064779632060e-07 
 3.589219346450125e-01  1.000000000000000e+00  0.000000000000000e+00  3.288389338607089e-09 -9.733323037662426e-13  1.491103306605623e-06 -2.919483834738909e-07 
 3.630780547701087e-01  1.000000000000000e+00  0.000000000000000e+00  3.288279204483047e-09 -9.844709663289236e-13  1.491103305273356e-06 -2.953289864265778e-07 
 3.672823004980922e-01  1.000000000000000e+00  0.000000000000000e+00  3.288379568644473e-09 -9.959930484136956e-13  1.491103303052910e-06 -2.987487349165263e-07 
 3.715352290971802e-01  1.000000000000000e+00  0.000000000000000e+00  3.288343375373870e-09 -1.007481008517341e-12  1.491103301054508e-06 -3.022080822276948e-07 
 3.758374042884519e-01  1.000000000000000e+00  0.000000000000000e+00  3.288348926488993e-09 -1.019153141429928e-12  1.491103299056107e-06 -3.057074868928215e-07 
 3.801893963205691e-01  1.000000000000000e+00  0.000000000000000e+00  3.288316507976674e-09 -1.030914683752295e-12  1.491103297279750e-06 -3.092474127542047e-07 
 3.845917820453616e-01  1.000000000000000e+00  0.000000000000000e+00  3.288141980917203e-09 -1.042629171118042e-12  1.491103295503393e-06 -3.128283290251836e-07 
 3.890451449942888e-01  1.000000000000000e+00  0.000000000000000e+00  3.288173511251102e-09 -1.054744118191195e-12  1.491103293282947e-06 -3.164507103523312e-07 
 3.935500754557857e-01  1.000000000000000e+00  0.000000000000000e+00  3.288416428048890e-09 -1.067274782311537e-12  1.491103291062501e-06 -3.201150368783678e-07 
 3.981071705535056e-01  1.000000000000000e+00  0.000000000000000e+00  3.288369798681856e-09 -1.079566147977577e-12  1.491103288842055e-06 -3.238217943058059e-07 
 4.027170343254676e-01  1.000000000000000e+00  0.000000000000000e+00  3.288161520842436e-09 -1.091793953614743e-12  1.491103286621609e-06 -3.275714739613285e-07 
 4.073802778041214e-01  1.000000000000000e+00  0.000000000000000e+00  3.288175509652547e-09 -1.104454195511867e-12  1.491103284401163e-06 -3.313645728609104e-07 
 4.120975190973390e-01  1.000000000000000e+00  0.000000000000000e+00  3.288482597341158e-09 -1.117662164646888e-12  1.491103281736628e-06 -3.352015937757037e-07 
 4.168693834703443e-01  1.000000000000000e+00  0.000000000000000e+00  3.288255445710320e-09 -1.130291558398167e-12  1.491103279738226e-06 -3.390830452986742e-07 
 4.216965034285913e-01  1.000000000000000e+00  0.000000000000000e+00  3.288308514370897e-09 -1.143453475887093e-12  1.491103277739825e-06 -3.430094419120175e-07 
 4.265795188016018e-01  1.000000000000000e+00  0.000000000000000e+00  3.288388894517880e-09 -1.156804968349339e-12  1.491103275075290e-06 -3.469813040553505e-07 
 4.315190768277745e-01  1.000000000000000e+00  0.000000000000000e+00  3.288465277861974e-09 -1.170311284722998e-12  1.491103272410754e-06 -3.509991581946983e-07 
 4.365158322401754e-01  1.000000000000000e+00  0.000000000000000e+00  3.288347150132154e-09 -1.183692474107436e-12  1.491103270190308e-06 -3.550635368922763e-07 
 4.415704473533221e-01  1.000000000000000e+00  0.000000000000000e+00  3.288411098978372e-09 -1.197492144248750e-12  1.491103266637595e-06 -3.591749788770775e-07 
 4.466835921509728e-01  1.000000000000000e+00  0.000000000000000e+00  3.288316507976674e-09 -1.211221284285887e-12  1.491103264861238e-06 -3.633340291162845e-07 
 4.518559443749322e-01  1.000000000000000e+00  0.000000000000000e+00  3.288283201285935e-09 -1.225197052841634e-12  1.491103262640792e-06 -3.675412388875011e-07 
 4.570881896148850e-01  1.000000000000000e+00  0.000000000000000e+00  3.288429972769791e-09 -1.239599780477602e-12  1.491103259532167e-06 -3.717971658518251e-07 
 4.623810213992704e-01  1.000000000000000e+00  0.000000000000000e+00  3.288215033592223e-09 -1.253630476208303e-12  1.491103256201498e-06 -3.761023741277648e-07 
 4.677351412872084e-01  1.000000000000000e+00  0.000000000000000e+00  3.288495031839034e-09 -1.268576590832407e-12  1.491103253759007e-06 -3.804574343660156e-07 
 4.731512589614909e-01  1.000000000000000e+00  0.000000000000000e+00  3.288448180427395e-09 -1.283192548266117e-12  1.491103250206294e-06 -3.848629238250947e-07 
 4.786300923226489e-01  1.000000000000000e+00  0.000000000000000e+00  3.288275207680158e-09 -1.297779236582213e-12  1.491103247097669e-06 -3.893194264478575e-07 
 4.841723675841101e-01  1.000000000000000e+00  0.000000000000000e+00  3.288422201208618e-09 -1.313039508791372e-12  1.491103244433134e-06 -3.938275329389000e-07 
 4.897788193684571e-01  1.000000000000000e+00  0.000000000000000e+00  3.288283645375145e-09 -1.328021259626815e-12  1.491103241768599e-06 -3.983878408428542e-07 
 4.954501908048012e-01  1.000000000000000e+00  0.000000000000000e+00  3.288207928164866e-09 -1.343277906111444e-12  1.491103237993840e-06 -4.030009546235932e-07 
 5.011872336272835e-01  1.000000000000000e+00  0.000000000000000e+00  3.288336936080327e-09 -1.359041470739483e-12  1.491103234663171e-06 -4.076674857443516e-07 
 5.069907082747157e-01  1.000000000000000e+00  0.000000000000000e+00  3.288248784372172e-09 -1.374635573085654e-12  1.491103231554547e-06 -4.123880527487757e-07 
 5.128613839913764e-01  1.000000000000000e+00  0.000000000000000e+00  3.288194383443965e-09 -1.390458772486009e-12  1.491103227557744e-06 -4.171632813429077e-07 
 5.188000389289728e-01  1.000000000000000e+00  0.000000000000000e+00  3.288229022402334e-09 -1.406619033242313e-12  1.491103223560941e-06 -4.219938044781260e-07 
 5.248074602497844e-01  1.000000000000000e+00  0.000000000000000e+00  3.288450622918049e-09 -1.423290721745437e-12  1.491103220452317e-06 -4.268802624350400e-07 
 5.308844442310003e-01  1.000000000000000e+00  0.000000000000000e+00  3.288270766788060e-09 -1.439457430857689e-12  1.491103216455514e-06 -4.318233029083596e-07 
 5.370317963702649e-01  1.000000000000000e+00  0.000000000000000e+00  3.288397776302077e-09 -1.456349948791097e-12  1.491103212014622e-06 -4.368235810927436e-07 
 5.432503314924455e-01  1.000000000000000e+00  0.000000000000000e+00  3.288271877011084e-09 -1.472989998443120e-12  1.491103209128042e-06 -4.418817597696521e-07 
 5.495408738576371e-01  1.000000000000000e+00  0.000000000000000e+00  3.288125105527229e-09 -1.489777574764775e-12  1.491103205353284e-06 -4.469985093951873e-07 
 5.559042572704163e-01  1.000000000000000e+00  0.000000000000000e+00  3.288288086267244e-09 -1.507326406277665e-12  1.491103200912391e-06 -4.521745081889702e-07 
 5.623413251903620e-01  1.000000000000000e+00  0.000000000000000e+00  3.288219696528927e-09 -1.524655647463595e-12  1.491103196915589e-06 -4.574104422240363e-07 
 5.688529308438545e-01  1.000000000000000e+00  0.000000000000000e+00  3.288329830652970e-09 -1.542514943233192e-12  1.491103192030607e-06 -4.627070055177672e-07 
 5.754399373371701e-01  1.000000000000000e+00  0.000000000000000e+00  3.288345373775314e-09 -1.560403891243992e-12  1.491103187589715e-06 -4.680649001238941e-07 
 5.821032177708848e-01  1.000000000000000e+00  0.000000000000000e+00  3.288431527082025e-09 -1.578638247643980e-12  1.491103182704734e-06 -4.734848362255424e-07 
 5.888436553556026e-01  1.000000000000000e+00  0.000000000000000e+00  3.288389782696299e-09 -1.596838227052984e-12  1.491103178707931e-06 -4.789675322293701e-07 
 5.956621435290242e-01  1.000000000000000e+00  0.000000000000000e+00  3.288368244369622e-09 -1.615287934803547e-12  1.491103173378860e-06 -4.845137148607947e-07 
 6.025595860743718e-01  1.000000000000000e+00  0.000000000000000e+00  3.288172623072683e-09 -1.633605021546768e-12  1.491103168937968e-06 -4.901241192603173e-07 
 6.095368972401833e-01  1.000000000000000e+00  0.000000000000000e+00  3.288563199532746e-09 -1.653304092730136e-12  1.491103163608898e-06 -4.957994890809638e-07 
 6.165950018614965e-01  1.000000000000000e+00  0.000000000000000e+00  3.288189498462657e-09 -1.671689838058236e-12  1.491103159168006e-06 -5.015405765868569e-07 
 6.237348354824338e-01  1.000000000000000e+00  0.000000000000000e+00  3.288426864145322e-09 -1.691533390721912e-12  1.491103152950757e-06 -5.073481427529255e-07 
 6.309573444802080e-01  1.000000000000000e+00  0.000000000000000e+00  3.288365801878967e-09 -1.710997726629222e-12  1.491103148065775e-06 -5.132229573657770e-07 
 6.382634861905636e-01  1.000000000000000e+00  0.000000000000000e+00  3.288159300396387e-09 -1.730375138427299e-12  1.491103142736705e-06 -5.191657991257225e-07 
 6.456542290346706e-01  1.000000000000000e+00  0.000000000000000e+00  3.288117111921451e-09 -1.750324093647469e-12  1.491103136963545e-06 -5.251774557500001e-07 
 6.531305526474876e-01  1.000000000000000e+00  0.000000000000000e+00  3.288477712359850e-09 -1.771363455979980e-12  1.491103131190386e-06 -5.312587240771847e-07 
 6.606934480076115e-01  1.000000000000000e+00  0.000000000000000e+00  3.288185945748978e-09 -1.791242317741458e-12  1.491103125861315e-06 -5.374104101728069e-07 
 6.683439175686303e-01  1.000000000000000e+00  0.000000000000000e+00  3.288156857905733e-09 -1.811920238198123e-12  1.491103119199977e-06 -5.436333294361941e-07 
 6.760829753919977e-01  1.000000000000000e+00  0.000000000000000e+00  3.288362915299103e-09 -1.833354248956748e-12  1.491103113204773e-06 -5.499283067085556e-07 
 6.839116472814455e-01  1.000000000000000e+00  0.000000000000000e+00  3.288203709317372e-09 -1.854231256460853e-12  1.491103106321390e-06 -5.562961763823084e-07 
 6.918309709189528e-01  1.000000000000000e+00  0.000000000000000e+00  3.288167294002164e-09 -1.875619453748460e-12  1.491103100548230e-06 -5.627377825116823e-07 
 6.998419960022901e-01  1.000000000000000e+00  0.000000000000000e+00  3.288374683663164e-09 -1.897811841268608e-12  1.491103093886892e-06 -5.692539789245911e-07 
 7.079457843841548e-01  1.000000000000000e+00  0.000000000000000e+00  3.288165295600720e-09 -1.919296364731163e-12  1.491103087225554e-06 -5.758456293358116e-07 
 7.161434102129192e-01  1.000000000000000e+00  0.000000000000000e+00  3.288217254038273e-09 -1.941646684508942e-12  1.491103080342171e-06 -5.825136074614657e-07 
 7.244359600750074e-01  1.000000000000000e+00  0.000000000000000e+00  3.288449068605814e-09 -1.964682052770724e-12  1.491103073236744e-06 -5.892587971348313e-07 
 7.328245331389217e-01  1.000000000000000e+00  0.000000000000000e+00  3.288265881806751e-09 -1.986996189312699e-12  1.491103065465182e-06 -5.960820924234943e-07 
 7.413102413009354e-01  1.000000000000000e+00  0.000000000000000e+00  3.288147309987721e-09 -2.009711110928613e-12  1.491103058803844e-06 -6.029843977478556e-07 
 7.498942093324740e-01  1.000000000000000e+00  0.000000000000000e+00  3.288333605411253e-09 -2.033444275202618e-12  1.491103050810239e-06 -6.099666280010071e-07 
 7.585775750292022e-01  1.000000000000000e+00  0.000000000000000e+00  3.288288752401058e-09 -2.056878431446407e-12  1.491103042594588e-06 -6.170297086700060e-07 
 7.673614893618377e-01  1.000000000000000e+00  0.000000000000000e+00  3.288251670952036e-09 -2.080602589536721e-12  1.491103033934849e-06 -6.241745759585449e-07 
 7.762471166287107e-01  1.000000000000000e+00  0.000000000000000e+00  3.288276095858578e-09 -2.104752968782742e-12  1.491103026385332e-06 -6.314021769110456e-07 
 7.852356346100910e-01  1.000000000000000e+00  0.000000000000000e+00  3.288480154850504e-09 -2.129653500312125e-12  1.491103018613771e-06 -6.387134695381857e-07 
 7.943282347243010e-01  1.000000000000000e+00  0.000000000000000e+00  3.288316730021279e-09 -2.153889639208836e-12  1.491103009731987e-06 -6.461094229438812e-07 
 8.035261221856370e-01  1.000000000000000e+00  0.000000000000000e+00  3.288329164519155e-09 -2.178863511297716e-12  1.491103001738381e-06 -6.535910174537461e-07 
 8.128305161641193e-01  1.000000000000000e+00  0.000000000000000e+00  3.288182393035299e-09 -2.203707256785403e-12  1.491102992634552e-06 -6.611592447450297e-07 
 8.222426499470915e-01  1.000000000000000e+00  0.000000000000000e+00  3.288203709317372e-09 -2.229280254653755e-12  1.491102983308679e-06 -6.688151079780593e-07 
 8.317637711026916e-01  1.000000000000000e+00  0.000000000000000e+00  3.288383787491966e-09 -2.255577175371466e-12  1.491102974648939e-06 -6.765596219292180e-07 
 8.413951416452160e-01  1.000000000000000e+00  0.000000000000000e+00  3.288368022325017e-09 -2.281655459733074e-12  1.491102965101021e-06 -6.843938131254382e-07 
 8.511380382023976e-01  1.000000000000000e+00  0.000000000000000e+00  3.288411765112187e-09 -2.308192719167426e-12  1.491102955331058e-06 -6.923187199802770e-07 
 8.609937521846222e-01  1.000000000000000e+00  0.000000000000000e+00  3.288188610284237e-09 -2.334295625188624e-12  1.491102945117007e-06 -7.003353929315562e-07 
 8.709635899561025e-01  1.000000000000000e+00  0.000000000000000e+00  3.288368910503436e-09 -2.361838058303845e-12  1.491102935347044e-06 -7.084448945805920e-07 
 8.810488730080362e-01  1.000000000000000e+00  0.000000000000000e+00  3.288213257235384e-09 -2.388739845143311e-12  1.491102924910948e-06 -7.166482998330430e-07 
 8.912509381337680e-01  1.000000000000000e+00  0.000000000000000e+00  3.288282979241330e-09 -2.416598952960808e-12  1.491102914474851e-06 -7.249466960413895e-07 
 9.015711376059796e-01  1.000000000000000e+00  0.000000000000000e+00  3.288192829131731e-09 -2.444315847334593e-12  1.491102903372621e-06 -7.333411831490596e-07 
 9.120108393559329e-01  1.000000000000000e+00  0.000000000000000e+00  3.288256333888739e-09 -2.472809658644687e-12  1.491102892270391e-06 -7.418328738362305e-07 
 9.225714271547866e-01  1.000000000000000e+00  0.000000000000000e+00  3.288507910426119e-09 -2.502200125268459e-12  1.491102880279982e-06 -7.504228936673006e-07 
 9.332543007970148e-01  1.000000000000000e+00  0.000000000000000e+00  3.288411321022977e-09 -2.530881393016594e-12  1.491102869177752e-06 -7.591123812400982e-07 
 9.440608762859475e-01  1.000000000000000e+00  0.000000000000000e+00  3.288365801878967e-09 -2.560051433503645e-12  1.491102857631432e-06 -7.679024883367854e-07 
 9.549925860214604e-01  1.000000000000000e+00  0.000000000000000e+00  3.288268546342010e-09 -2.589385862651088e-12  1.491102845196934e-06 -7.767943800765383e-07 
 9.660508789898382e-01  1.000000000000000e+00  0.000000000000000e+00  3.288162631065461e-09 -2.619033058184909e-12  1.491102832096303e-06 -7.857892350699748e-07 
 9.772372209558359e-01  1.000000000000000e+00  0.000000000000000e+00  3.288438632509383e-09 -2.650245537994488e-12  1.491102818995671e-06 -7.948882455753801e-07 
 9.885530946569644e-01  1.000000000000000e+00  0.000000000000000e+00  3.288289640579478e-09 -2.680451362133177e-12  1.491102805006861e-06 -8.040926176567462e-07 
 1.000000000000026e+00  1.000000000000000e+00  0.000000000000000e+00  3.288138650248129e-09 -2.710995127642107e-12  1.491102792572363e-06 -8.134035713436199e-07 
 1.011579454259925e+00  1.000000000000000e+00  0.000000000000000e+00  3.288198158202249e-09 -2.742582000990690e-12  1.491102778583553e-06 -8.228223407928249e-07 
 1.023292992280781e+00  1.000000000000000e+00  0.000000000000000e+00  3.288220140618137e-09 -2.774409130787840e-12  1.491102764372698e-06 -8.323501744520501e-07 
 1.035142166679371e+00  1.000000000000000e+00  0.000000000000000e+00  3.288172401028078e-09 -2.806383786089951e-12  1.491102749939799e-06 -8.419883352253301e-07 
 1.047128548050927e+00  1.000000000000000e+00  0.000000000000000e+00  3.288248562327567e-09 -2.839140567898634e-12  1.491102735062810e-06 -8.517381006404335e-07 
 1.059253725177317e+00  1.000000000000000e+00  0.000000000000000e+00  3.288271654966479e-09 -2.872098475880698e-12  1.491102719963777e-06 -8.616007630182042e-07 
 1.071519305237635e+00  1.000000000000000e+00  0.000000000000000e+00  3.288339600615586e-09 -2.905596256617078e-12  1.491102704420655e-06 -8.715776296438587e-07 
 1.083926914021232e+00  1.000000000000000e+00  0.000000000000000e+00  3.288269212475825e-09 -2.938987785011160e-12  1.491102688655488e-06 -8.816700229402625e-07 
 1.096478196143214e+00  1.000000000000000e+00  0.000000000000000e+00  3.288050054450764e-09 -2.972232775011300e-12  1.491102672446232e-06 -8.918792806432156e-07 
 1.109174815262431e+00  1.000000000000000e+00  0.000000000000000e+00  3.288197270023829e-09 -3.007189442414989e-12  1.491102656014931e-06 -9.022067559787676e-07 
 1.122018454301993e+00  1.000000000000000e+00  0.000000000000000e+00  3.288426642100717e-09 -3.042857607647613e-12  1.491102639583630e-06 -9.126538178425869e-07 
 1.135010815672345e+00  1.000000000000000e+00  0.000000000000000e+00  3.288015193447791e-09 -3.076546674787384e-12  1.491102622042106e-06 -9.232218509814074e-07 
 1.148153621496913e+00  1.000000000000000e+00  0.000000000000000e+00  3.288310512772341e-09 -3.113289047521353e-12  1.491102604722627e-06 -9.339122561765783e-07 
 1.161448613840374e+00  1.000000000000000e+00  0.000000000000000e+00  3.288279426527652e-09 -3.149224747898609e-12  1.491102586070880e-06 -9.447264504297223e-07 
 1.174897554939561e+00  1.000000000000000e+00  0.000000000000000e+00  3.288338934481772e-09 -3.185926849933409e-12  1.491102567197089e-06 -9.556658671505800e-07 
 1.188502227437050e+00  1.000000000000000e+00  0.000000000000000e+00  3.288417982361125e-09 -3.223127359601021e-12  1.491102548101253e-06 -9.667319563469861e-07 
 1.202264434617445e+00  1.000000000000000e+00  0.000000000000000e+00  3.288256555933344e-09 -3.259800195059306e-12  1.491102529005417e-06 -9.779261848170779e-07 
 1.216186000646401e+00  1.000000000000000e+00  0.000000000000000e+00  3.288214145413804e-09 -3.297379527507084e-12  1.491102509687536e-06 -9.892500363437148e-07 
 1.230268770812415e+00  1.000000000000000e+00  0.000000000000000e+00  3.288407102175483e-09 -3.336338323624958e-12  1.491102488593299e-06 -1.000705011891146e-06 
 1.244514611771419e+00  1.000000000000000e+00  0.000000000000000e+00  3.288497030240478e-09 -3.375332986294192e-12  1.491102467943151e-06 -1.012292629803980e-06 
 1.258925411794201e+00  1.000000000000000e+00  0.000000000000000e+00  3.288060268502591e-09 -3.412628671336615e-12  1.491102446404824e-06 -1.024014426008415e-06 
 1.273503081016697e+00  1.000000000000000e+00  0.000000000000000e+00  3.287993655121113e-09 -3.451855939841077e-12  1.491102424200363e-06 -1.035871954215843e-06 
 1.288249551693169e+00  1.000000000000000e+00  0.000000000000000e+00  3.288318728422723e-09 -3.493205498099279e-12  1.491102401995903e-06 -1.047866786128786e-06 
 1.303166778452335e+00  1.000000000000000e+00  0.000000000000000e+00  3.288469718754072e-09 -3.534296275086601e-12  1.491102379791442e-06 -1.060000511649216e-06 
 1.318256738556443e+00  1.000000000000000e+00  0.000000000000000e+00  3.288206151808026e-09 -3.574082262616698e-12  1.491102356698804e-06 -1.072274739089313e-06 
 1.333521432163361e+00  1.000000000000000e+00  0.000000000000000e+00  3.288437300241753e-09 -3.616482602303661e-12  1.491102332273897e-06 -1.084691095384627e-06 
 1.348962882591691e+00  1.000000000000000e+00  0.000000000000000e+00  3.288347372176759e-09 -3.657966587866966e-12  1.491102308293080e-06 -1.097251226309739e-06 
 1.364583136588962e+00  1.000000000000000e+00  0.000000000000000e+00  3.288399330614311e-09 -3.700558201992979e-12  1.491102283646129e-06 -1.109956796696395e-06 
 1.380384264602923e+00  1.000000000000000e+00  0.000000000000000e+00  3.288239014409555e-09 -3.742676754358939e-12  1.491102257666910e-06 -1.122809490654187e-06 
 1.396368361055977e+00  1.000000000000000e+00  0.000000000000000e+00  3.288342265150845e-09 -3.786482424408141e-12  1.491102231465646e-06 -1.135811011793780e-06 
 1.412537544622794e+00  1.000000000000000e+00  0.000000000000000e+00  3.288384675670386e-09 -3.830535077618060e-12  1.491102204820294e-06 -1.148963083452720e-06 
 1.428893958511143e+00  1.000000000000000e+00  0.000000000000000e+00  3.288354033514906e-09 -3.874728556619965e-12  1.491102176620629e-06 -1.162267448923852e-06 
 1.445439770745968e+00  1.000000000000000e+00  0.000000000000000e+00  3.288270988832664e-09 -3.919218237326052e-12  1.491102148865053e-06 -1.175725871686419e-06 
 1.462177174456759e+00  1.000000000000000e+00  0.000000000000000e+00  3.288337824258747e-09 -3.964911977696002e-12  1.491102119111076e-06 -1.189340135639771e-06 
 1.479108388168249e+00  1.000000000000000e+00  0.000000000000000e+00  3.288325611805476e-09 -4.010769984224205e-12  1.491102090467322e-06 -1.203112045339853e-06 
 1.496235656094476e+00  1.000000000000000e+00  0.000000000000000e+00  3.288166849912955e-09 -4.056433438507609e-12  1.491102061379479e-06 -1.217043426238381e-06 
 1.513561248436251e+00  1.000000000000000e+00  0.000000000000000e+00  3.288226357867075e-09 -4.103695617080496e-12  1.491102030737324e-06 -1.231136124924797e-06 
 1.531087461682074e+00  1.000000000000000e+00  0.000000000000000e+00  3.288355143737931e-09 -4.151854940975621e-12  1.491101998762900e-06 -1.245392009371050e-06 
 1.548816618912526e+00  1.000000000000000e+00  0.000000000000000e+00  3.288323169314822e-09 -4.199781737174307e-12  1.491101966344388e-06 -1.259812969179182e-06 
 1.566751070108194e+00  1.000000000000000e+00  0.000000000000000e+00  3.288303629389588e-09 -4.248299733571056e-12  1.491101933925876e-06 -1.274400915831799e-06 
 1.584893192461159e+00  1.000000000000000e+00  0.000000000000000e+00  3.288245675747703e-09 -4.297197668290363e-12  1.491101900397140e-06 -1.289157782945420e-06 
 1.603245390690088e+00  1.000000000000000e+00  0.000000000000000e+00  3.288416872138100e-09 -4.347858892248275e-12  1.491101865536137e-06 -1.304085526526804e-06 
 1.621810097358977e+00  1.000000000000000e+00  0.000000000000000e+00  3.288445071802926e-09 -4.398362454787342e-12  1.491101831119224e-06 -1.319186125232194e-06 
 1.640589773199587e+00  1.000000000000000e+00  0.000000000000000e+00  3.288504135667836e-09 -4.449605325893981e-12  1.491101794703908e-06 -1.334461580629583e-06 
 1.659586907437609e+00  1.000000000000000e+00  0.000000000000000e+00  3.288472161244727e-09 -4.500955087476365e-12  1.491101757400415e-06 -1.349913917464048e-06 
 1.678804018122609e+00  1.000000000000000e+00  0.000000000000000e+00  3.288300520765119e-09 -4.552134741126019e-12  1.491101719874877e-06 -1.365545183926094e-06 
 1.698243652461794e+00  1.000000000000000e+00  0.000000000000000e+00  3.288094907460959e-09 -4.603698055384516e-12  1.491101679906848e-06 -1.381357451923158e-06 
 1.717908387157638e+00  1.000000000000000e+00  0.000000000000000e+00  3.288428418457556e-09 -4.658887080409449e-12  1.491101640382908e-06 -1.397352817354243e-06 
 1.737800828749426e+00  1.000000000000000e+00  0.000000000000000e+00  3.288219252439717e-09 -4.711649437143904e-12  1.491101599970790e-06 -1.413533400387704e-06 
 1.757923613958744e+00  1.000000000000000e+00  0.000000000000000e+00  3.288109562404884e-09 -4.765558015803242e-12  1.491101559114583e-06 -1.429901345742304e-06 
 1.778279410038975e+00  1.000000000000000e+00  0.000000000000000e+00  3.288195271622385e-09 -4.821240277430724e-12  1.491101516037929e-06 -1.446458822971456e-06 
 1.798870915128841e+00  1.000000000000000e+00  0.000000000000000e+00  3.288363803477523e-09 -4.878067389848506e-12  1.491101472739231e-06 -1.463208026750845e-06 
 1.819700858610037e+00  1.000000000000000e+00  0.000000000000000e+00  3.288250782773616e-09 -4.933875548524037e-12  1.491101427664177e-06 -1.480151177169283e-06 
 1.840772001469010e+00  1.000000000000000e+00  0.000000000000000e+00  3.288271877011084e-09 -4.991139952924026e-12  1.491101382589122e-06 -1.497290520023015e-06 
 1.862087136662923e+00  1.000000000000000e+00  0.000000000000000e+00  3.288216365859853e-09 -5.048575541412106e-12  1.491101336625889e-06 -1.514628327113361e-06 
 1.883649089489857e+00  1.000000000000000e+00  0.000000000000000e+00  3.288192829131731e-09 -5.106905072802608e-12  1.491101288220165e-06 -1.532166896547877e-06 
 1.905460717963304e+00  1.000000000000000e+00  0.000000000000000e+00  3.288344263552290e-09 -5.166973956280627e-12  1.491101240036485e-06 -1.549908553044943e-06 
 1.927524913190994e+00  1.000000000000000e+00  0.000000000000000e+00  3.288067595974553e-09 -5.225070839060737e-12  1.491101189188271e-06 -1.567855648241907e-06 
 1.949844599758104e+00  1.000000000000000e+00  0.000000000000000e+00  3.288151084746005e-09 -5.286120664195192e-12  1.491101138562101e-06 -1.586010561006802e-06 
 1.972422736114913e+00  1.000000000000000e+00  0.000000000000000e+00  3.288251670952036e-09 -5.347965082890652e-12  1.491101086603663e-06 -1.604375697753651e-06 
 1.995262314968940e+00  1.000000000000000e+00  0.000000000000000e+00  3.288182615079904e-09 -5.409443311243565e-12  1.491101032424780e-06 -1.622953492761431e-06 
 2.018366363681622e+00  1.000000000000000e+00  0.000000000000000e+00  3.288304739612613e-09 -5.472884309752843e-12  1.491100977801807e-06 -1.641746408496755e-06 
 2.041737944669591e+00  1.000000000000000e+00  0.000000000000000e+00  3.288340488794006e-09 -5.536503185392803e-12  1.491100922734745e-06 -1.660756935940249e-06 
 2.065380155810592e+00  1.000000000000000e+00  0.000000000000000e+00  3.288133765266821e-09 -5.599211339678205e-12  1.491100863892925e-06 -1.679987594916718e-06 
 2.089296130854103e+00  1.000000000000000e+00  0.000000000000000e+00  3.288242123034024e-09 -5.664794708339546e-12  1.491100806161327e-06 -1.699440934429198e-06 
 2.113489039836711e+00  1.000000000000000e+00  0.000000000000000e+00  3.288065375528504e-09 -5.729178265630771e-12  1.491100746209284e-06 -1.719119532996763e-06 
 2.137962089502297e+00  1.000000000000000e+00  0.000000000000000e+00  3.288237682141926e-09 -5.796698792501494e-12  1.491100685591107e-06 -1.739025998996340e-06 
 2.162718523727087e+00  1.000000000000000e+00  0.000000000000000e+00  3.288281869018306e-09 -5.864140010830332e-12  1.491100621642261e-06 -1.759162971008430e-06 
 2.187761623949620e+00  1.000000000000000e+00  0.000000000000000e+00  3.288194827533175e-09 -5.931404917768892e-12  1.491100556805236e-06 -1.779533118166865e-06 
 2.213094709605706e+00  1.000000000000000e+00  0.000000000000000e+00  3.288375793886189e-09 -6.001422784912290e-12  1.491100490413899e-06 -1.800139140512582e-06 
 2.238721138568408e+00  1.000000000000000e+00  0.000000000000000e+00  3.288233019205222e-09 -6.069847224898499e-12  1.491100423578473e-06 -1.820983769351534e-06 
 2.264644307593129e+00  1.000000000000000e+00  0.000000000000000e+00  3.288317396155094e-09 -6.140770018844062e-12  1.491100355188735e-06 -1.842069767616690e-06 
 2.290867652767844e+00  1.000000000000000e+00  0.000000000000000e+00  3.288603611650842e-09 -6.214045378402714e-12  1.491100283690372e-06 -1.863399930234271e-06 
 2.317394649968550e+00  1.000000000000000e+00  0.000000000000000e+00  3.288240124632580e-09 -6.283217086736859e-12  1.491100212636098e-06 -1.884977084494245e-06 
 2.344228815319995e+00  1.000000000000000e+00  0.000000000000000e+00  3.288213479279989e-09 -6.355766054980385e-12  1.491100138917290e-06 -1.906804090425025e-06 
 2.371373705661729e+00  1.000000000000000e+00  0.000000000000000e+00  3.288140870694178e-09 -6.428795526168405e-12  1.491100063422124e-06 -1.928883841172607e-06 
 2.398832919019565e+00  1.000000000000000e+00  0.000000000000000e+00  3.288180172589250e-09 -6.503565596911715e-12  1.491099986150601e-06 -1.951219263384039e-06 
 2.426610095082491e+00  1.000000000000000e+00  0.000000000000000e+00  3.288176397830966e-09 -6.578849176297100e-12  1.491099907102722e-06 -1.973813317595343e-06 
 2.454708915685107e+00  1.000000000000000e+00  0.000000000000000e+00  3.288037175863678e-09 -6.653896420361191e-12  1.491099825390307e-06 -1.996668998623921e-06 
 2.483133105295648e+00  1.000000000000000e+00  0.000000000000000e+00  3.288262995226887e-09 -6.732790882989513e-12  1.491099743455848e-06 -2.019789335965555e-06 
 2.511886431509659e+00  1.000000000000000e+00  0.000000000000000e+00  3.288195049577780e-09 -6.810173857675107e-12  1.491099658412764e-06 -2.043177394195901e-06 
 2.540972705549385e+00  1.000000000000000e+00  0.000000000000000e+00  3.288280092661466e-09 -6.889752808475138e-12  1.491099571371279e-06 -2.066836273376751e-06 
 2.570395782768945e+00  1.000000000000000e+00  0.000000000000000e+00  3.288225913777865e-09 -6.969092120101864e-12  1.491099483441616e-06 -2.090769109466913e-06 
 2.600159563165354e+00  1.000000000000000e+00  0.000000000000000e+00  3.288270766788060e-09 -7.050156198755788e-12  1.491099391959239e-06 -2.114979074737884e-06 
 2.630267991895465e+00  1.000000000000000e+00  0.000000000000000e+00  3.288024297276593e-09 -7.129673125568257e-12  1.491099298256415e-06 -2.139469378194343e-06 
 2.660725059798894e+00  1.000000000000000e+00  0.000000000000000e+00  3.288147976121536e-09 -7.213313027603133e-12  1.491099203221324e-06 -2.164243265999483e-06 
 2.691534803927001e+00  1.000000000000000e+00  0.000000000000000e+00  3.288569860870894e-09 -7.300568774376435e-12  1.491099106631921e-06 -2.189304021905297e-06 
 2.722701308077999e+00  1.000000000000000e+00  0.000000000000000e+00  3.288456174033172e-09 -7.384082321118437e-12  1.491099007155938e-06 -2.214654967687842e-06 
 2.754228703338254e+00  1.000000000000000e+00  0.000000000000000e+00  3.288064931439294e-09 -7.466040692075875e-12  1.491098905681554e-06 -2.240299463587509e-06 
 2.786121168629859e+00  1.000000000000000e+00  0.000000000000000e+00  3.288168182180584e-09 -7.553453643929022e-12  1.491098801320589e-06 -2.266240908754467e-06 
 2.818382931264544e+00  1.000000000000000e+00  0.000000000000000e+00  3.288193051176336e-09 -7.641123422524523e-12  1.491098694295090e-06 -2.292482741699163e-06 
 2.851018267504001e+00  1.000000000000000e+00  0.000000000000000e+00  3.288167294002164e-09 -7.729377909657581e-12  1.491098584605055e-06 -2.319028440748134e-06 
 2.884031503126699e+00  1.000000000000000e+00  0.000000000000000e+00  3.288269878609640e-09 -7.819852733572638e-12  1.491098473582753e-06 -2.345881524505037e-06 
 2.917427014001261e+00  1.000000000000000e+00  0.000000000000000e+00  3.288153527236659e-09 -7.909291709461553e-12  1.491098359895915e-06 -2.373045552317033e-06 
 2.951209226666481e+00  1.000000000000000e+00  0.000000000000000e+00  3.288350480801228e-09 -8.002776141388093e-12  1.491098241324096e-06 -2.400524124746577e-06 
 2.985382618918056e+00  1.000000000000000e+00  0.000000000000000e+00  3.288364247566733e-09 -8.095589245493825e-12  1.491098122086143e-06 -2.428320884048704e-06 
 3.019951720402114e+00  1.000000000000000e+00  0.000000000000000e+00  3.288398442435891e-09 -8.189678092179438e-12  1.491098000183655e-06 -2.456439514653736e-06 
 3.054921113215613e+00  1.000000000000000e+00  0.000000000000000e+00  3.288217698127482e-09 -8.282696240091811e-12  1.491097874506409e-06 -2.484883743655705e-06 
 3.090295432513691e+00  1.000000000000000e+00  0.000000000000000e+00  3.288348704444388e-09 -8.379917334571757e-12  1.491097745942582e-06 -2.513657341306349e-06 
 3.126079367124057e+00  1.000000000000000e+00  0.000000000000000e+00  3.288129102330117e-09 -8.474701036688837e-12  1.491097615158310e-06 -2.542764121514878e-06 
 3.162277660168483e+00  1.000000000000000e+00  0.000000000000000e+00  3.288316285932069e-09 -8.574771571179170e-12  1.491097480377235e-06 -2.572207942353476e-06 
 3.198895109691503e+00  1.000000000000000e+00  0.000000000000000e+00  3.288193495265546e-09 -8.672778762632629e-12  1.491097342487535e-06 -2.601992706568700e-06 
 3.235936569296389e+00  1.000000000000000e+00  0.000000000000000e+00  3.288246341881518e-09 -8.773756731989685e-12  1.491097202155345e-06 -2.632122362098799e-06 
 3.273406948788490e+00  1.000000000000000e+00  0.000000000000000e+00  3.288142425006413e-09 -8.874250366213435e-12  1.491097057826352e-06 -2.662600902596965e-06 
 3.311311214826020e+00  1.000000000000000e+00  0.000000000000000e+00  3.288320504779563e-09 -8.978958500534159e-12  1.491096912165091e-06 -2.693432367960737e-06 
 3.349654391578388e+00  1.000000000000000e+00  0.000000000000000e+00  3.288139760471154e-09 -9.080943560301765e-12  1.491096760286581e-06 -2.724620844867432e-06 
 3.388441561392138e+00  1.000000000000000e+00  0.000000000000000e+00  3.288205263629607e-09 -9.186828076002492e-12  1.491096606187625e-06 -2.756170467315902e-06 
 3.427677865464617e+00  1.000000000000000e+00  0.000000000000000e+00  3.288197047979224e-09 -9.293133949936897e-12  1.491096448980045e-06 -2.788085417174425e-06 
 3.467368504525432e+00  1.000000000000000e+00  0.000000000000000e+00  3.288276539947788e-09 -9.401610754068522e-12  1.491096287331573e-06 -2.820369924735029e-06 
 3.507518739525797e+00  1.000000000000000e+00  0.000000000000000e+00  3.288063155082455e-09 -9.508031856247489e-12  1.491096121242208e-06 -2.853028269274226e-06 
 3.548133892335873e+00  1.000000000000000e+00  0.000000000000000e+00  3.288357808273190e-09 -9.621539995851740e-12  1.491095951600130e-06 -2.886064779620213e-06 
 3.589219346450172e+00  1.000000000000000e+00  0.000000000000000e+00  3.288021188652124e-09 -9.729006485341901e-12  1.491095779293516e-06 -2.919483834726649e-06 
 3.630780547701135e+00  1.000000000000000e+00  0.000000000000000e+00  3.288217254038273e-09 -9.843995109788943e-12  1.491095601435788e-06 -2.953289864253087e-06 
 3.672823004980970e+00  1.000000000000000e+00  0.000000000000000e+00  3.288319616601143e-09 -9.959208284787886e-12  1.491095420469435e-06 -2.987487349152126e-06 
 3.715352290971850e+00  1.000000000000000e+00  0.000000000000000e+00  3.288132210954586e-09 -1.007225345397086e-11  1.491095235728324e-06 -3.022080822263343e-06 
 3.758374042884568e+00  1.000000000000000e+00  0.000000000000000e+00  3.288290306713293e-09 -1.019082542419621e-11  1.491095046102231e-06 -3.057074868914133e-06 
 3.801893963205740e+00  1.000000000000000e+00  0.000000000000000e+00  3.288231908982198e-09 -1.030810649037543e-11  1.491094851369112e-06 -3.092474127527471e-06 
 3.845917820453665e+00  1.000000000000000e+00  0.000000000000000e+00  3.288243899390864e-09 -1.042760658340021e-11  1.491094653305325e-06 -3.128283290236755e-06 
 3.890451449942937e+00  1.000000000000000e+00  0.000000000000000e+00  3.288165961734535e-09 -1.054737776762569e-11  1.491094448358155e-06 -3.164507103507686e-06 
 3.935500754557907e+00  1.000000000000000e+00  0.000000000000000e+00  3.288302075077354e-09 -1.067124973735145e-11  1.491094240968494e-06 -3.201150368767505e-06 
 3.981071705535107e+00  1.000000000000000e+00  0.000000000000000e+00  3.288222361064186e-09 -1.079377819762639e-11  1.491094028249762e-06 -3.238217943041324e-06 
 4.027170343254728e+00  1.000000000000000e+00  0.000000000000000e+00  3.288138206158919e-09 -1.091764744202365e-11  1.491093809979915e-06 -3.275714739595953e-06 
 4.073802778041266e+00  1.000000000000000e+00  0.000000000000000e+00  3.288105565601995e-09 -1.104364568213449e-11  1.491093587269177e-06 -3.313645728591168e-06 
 4.120975190973442e+00  1.000000000000000e+00  0.000000000000000e+00  3.287990546496644e-09 -1.116998426770684e-11  1.491093359895501e-06 -3.352015937738474e-06 
 4.168693834703496e+00  1.000000000000000e+00  0.000000000000000e+00  3.288231686937593e-09 -1.130261464365754e-11  1.491093126304577e-06 -3.390830452967524e-06 
 4.216965034285966e+00  1.000000000000000e+00  0.000000000000000e+00  3.288189054373447e-09 -1.143292384694200e-11  1.491092887828671e-06 -3.430094419100277e-06 
 4.265795188016072e+00  1.000000000000000e+00  0.000000000000000e+00  3.288349370578203e-09 -1.156755389022777e-11  1.491092642247338e-06 -3.469813040532899e-06 
 4.315190768277799e+00  1.000000000000000e+00  0.000000000000000e+00  3.288194383443965e-09 -1.169928053453980e-11  1.491092391336934e-06 -3.509991581925654e-06 
 4.365158322401808e+00  1.000000000000000e+00  0.000000000000000e+00  3.288391559053139e-09 -1.183761524032126e-11  1.491092136429728e-06 -3.550635368900689e-06 
 4.415704473533276e+00  1.000000000000000e+00  0.000000000000000e+00  3.288149530433770e-09 -1.197117853751303e-11  1.491091875305273e-06 -3.591749788747936e-06 
 4.466835921509784e+00  1.000000000000000e+00  0.000000000000000e+00  3.288167071957560e-09 -1.210999927757589e-11  1.491091605965167e-06 -3.633340291139177e-06 
 4.518559443749378e+00  1.000000000000000e+00  0.000000000000000e+00  3.288045835603270e-09 -1.224845007388145e-11  1.491091331740080e-06 -3.675412388850519e-06 
 4.570881896148907e+00  1.000000000000000e+00  0.000000000000000e+00  3.288028960213296e-09 -1.239004495441975e-11  1.491091052852056e-06 -3.717971658492899e-06 
 4.623810213992762e+00  1.000000000000000e+00  0.000000000000000e+00  3.287949468244733e-09 -1.253232167615180e-11  1.491090764860203e-06 -3.761023741251413e-06 
 4.677351412872143e+00  1.000000000000000e+00  0.000000000000000e+00  3.288038508131308e-09 -1.267877637942585e-11  1.491090469762923e-06 -3.804574343632990e-06 
 4.731512589614969e+00  1.000000000000000e+00  0.000000000000000e+00  3.288155525638103e-09 -1.282745340831526e-11  1.491090168892484e-06 -3.848629238222824e-06 
 4.786300923226550e+00  1.000000000000000e+00  0.000000000000000e+00  3.288107564003440e-09 -1.297517429243777e-11  1.491089862026840e-06 -3.893194264449474e-06 
 4.841723675841163e+00  1.000000000000000e+00  0.000000000000000e+00  3.288401551060360e-09 -1.313011926815159e-11  1.491089547167590e-06 -3.938275329358872e-06 
 4.897788193684633e+00  1.000000000000000e+00  0.000000000000000e+00  3.288077365937170e-09 -1.327695733387889e-11  1.491089224314734e-06 -3.983878408397346e-06 
 4.954501908048075e+00  1.000000000000000e+00  0.000000000000000e+00  3.287987659916780e-09 -1.342922883728899e-11  1.491088894356452e-06 -4.030009546203640e-06 
 5.011872336272899e+00  1.000000000000000e+00  0.000000000000000e+00  3.287990102407434e-09 -1.358481214380812e-11  1.491088557514786e-06 -4.076674857410091e-06 
 5.069907082747222e+00  1.000000000000000e+00  0.000000000000000e+00  3.288071370732837e-09 -1.374344835781597e-11  1.491088212013381e-06 -4.123880527453154e-06 
 5.128613839913830e+00  1.000000000000000e+00  0.000000000000000e+00  3.287993433076508e-09 -1.390126062645361e-11  1.491087858074280e-06 -4.171632813393251e-06 
 5.188000389289795e+00  1.000000000000000e+00  0.000000000000000e+00  3.287878858060367e-09 -1.406030249893946e-11  1.491087496585664e-06 -4.219938044744181e-06 
 5.248074602497912e+00  1.000000000000000e+00  0.000000000000000e+00  3.288041616755777e-09 -1.422588922644918e-11  1.491087126659352e-06 -4.268802624312017e-06 
 5.308844442310072e+00  1.000000000000000e+00  0.000000000000000e+00  3.287962124787214e-09 -1.438928729282100e-11  1.491086748295345e-06 -4.318233029043862e-06 
 5.370317963702719e+00  1.000000000000000e+00  0.000000000000000e+00  3.287931038542524e-09 -1.455533450894547e-11  1.491086361049554e-06 -4.368235810886312e-06 
 5.432503314924526e+00  1.000000000000000e+00  0.000000000000000e+00  3.288010530511087e-09 -1.472527647319394e-11  1.491085964477890e-06 -4.418817597653948e-06 
 5.495408738576442e+00  1.000000000000000e+00  0.000000000000000e+00  3.287932148765549e-09 -1.489444456018971e-11  1.491085558580352e-06 -4.469985093907787e-06 
 5.559042572704235e+00  1.000000000000000e+00  0.000000000000000e+00  3.288207928164866e-09 -1.507183873216658e-11  1.491085143356941e-06 -4.521745081845276e-06 
 5.623413251903693e+00  1.000000000000000e+00  0.000000000000000e+00  3.288179062366225e-09 -1.524582145861960e-11  1.491084718141522e-06 -4.574104422194330e-06 
 5.688529308438619e+00  1.000000000000000e+00  0.000000000000000e+00  3.288025851588827e-09 -1.541946659585632e-11  1.491084284266364e-06 -4.627070055130022e-06 
 5.754399373371777e+00  1.000000000000000e+00  0.000000000000000e+00  3.287971228616016e-09 -1.559701108738221e-11  1.491083837290574e-06 -4.680649001189562e-06 
 5.821032177708925e+00  1.000000000000000e+00  0.000000000000000e+00  3.288136651846685e-09 -1.578079061214976e-11  1.491083383431402e-06 -4.734848362204280e-06 
 5.888436553556103e+00  1.000000000000000e+00  0.000000000000000e+00  3.288064931439294e-09 -1.596213833836003e-11  1.491082917137732e-06 -4.789675322240735e-06 
 5.956621435290320e+00  1.000000000000000e+00  0.000000000000000e+00  3.288032512926975e-09 -1.614636465013737e-11  1.491082440630009e-06 -4.845137148553089e-06 
 6.025595860743796e+00  1.000000000000000e+00  0.000000000000000e+00  3.287835781407011e-09 -1.632938666910503e-11  1.491081952353923e-06 -4.901241192546359e-06 
 6.095368972401913e+00  1.000000000000000e+00  0.000000000000000e+00  3.287713434829698e-09 -1.651603106936437e-11  1.491081453863785e-06 -4.957994890750795e-06 
 6.165950018615046e+00  1.000000000000000e+00  0.000000000000000e+00  3.287829564158073e-09 -1.670968837980764e-11  1.491080943161194e-06 -5.015405765807618e-06 
 6.237348354824420e+00  1.000000000000000e+00  0.000000000000000e+00  3.287906169546773e-09 -1.690471725597406e-11  1.491080420468194e-06 -5.073481427466139e-06 
 6.309573444802163e+00  1.000000000000000e+00  0.000000000000000e+00  3.288193495265546e-09 -1.710644551646711e-11  1.491079884896607e-06 -5.132229573592386e-06 
 6.382634861905720e+00  1.000000000000000e+00  0.000000000000000e+00  3.287815575347963e-09 -1.729660440889054e-11  1.491079338222789e-06 -5.191657991189513e-06 
 6.456542290346791e+00  1.000000000000000e+00  0.000000000000000e+00  3.287978111998768e-09 -1.750033121228242e-11  1.491078776894028e-06 -5.251774557429877e-06 
 6.531305526474962e+00  1.000000000000000e+00  0.000000000000000e+00  3.287867089696306e-09 -1.770055727847824e-11  1.491078205351215e-06 -5.312587240699238e-06 
 6.606934480076202e+00  1.000000000000000e+00  0.000000000000000e+00  3.287857097689084e-09 -1.790540625483557e-11  1.491077617377101e-06 -5.374104101652864e-06 
 6.683439175686391e+00  1.000000000000000e+00  0.000000000000000e+00  3.287844885235813e-09 -1.811243329001940e-11  1.491077018300757e-06 -5.436333294284060e-06 
 6.760829753920065e+00  1.000000000000000e+00  0.000000000000000e+00  3.287941030549746e-09 -1.832431001064867e-11  1.491076403015157e-06 -5.499283067004888e-06 
 6.839116472814544e+00  1.000000000000000e+00  0.000000000000000e+00  3.288052496941418e-09 -1.853897453608889e-11  1.491075773962791e-06 -5.562961763739540e-06 
 6.918309709189619e+00  1.000000000000000e+00  0.000000000000000e+00  3.288093797237934e-09 -1.875453622273321e-11  1.491075132253883e-06 -5.627377825030320e-06 
 6.998419960022992e+00  1.000000000000000e+00  0.000000000000000e+00  3.287749184011091e-09 -1.896383032974191e-11  1.491074473669585e-06 -5.692539789156324e-06 
 7.079457843841640e+00  1.000000000000000e+00  0.000000000000000e+00  3.287765171222645e-09 -1.918373125775480e-11  1.491073800430343e-06 -5.758456293265346e-06 
 7.161434102129284e+00  1.000000000000000e+00  0.000000000000000e+00  3.287723870926129e-09 -1.940497558086907e-11  1.491073110981844e-06 -5.825136074518594e-06 
 7.244359600750168e+00  1.000000000000000e+00  0.000000000000000e+00  3.287792704753656e-09 -1.963133001902577e-11  1.491072406212268e-06 -5.892587971248839e-06 
 7.328245331389311e+00  1.000000000000000e+00  0.000000000000000e+00  3.287803806983902e-09 -1.985888364238348e-11  1.491071685899570e-06 -5.960820924131948e-06 
 7.413102413009449e+00  1.000000000000000e+00  0.000000000000000e+00  3.287709660071414e-09 -2.008661278536742e-11  1.491070946268991e-06 -6.029843977371874e-06 
 7.498942093324836e+00  1.000000000000000e+00  0.000000000000000e+00  3.287856209510664e-09 -2.032276296728264e-11  1.491070191761423e-06 -6.099666279899622e-06 
 7.585775750292119e+00  1.000000000000000e+00  0.000000000000000e+00  3.287704331000896e-09 -2.055430364756791e-11  1.491069417713931e-06 -6.170297086585677e-06 
 7.673614893618475e+00  1.000000000000000e+00  0.000000000000000e+00  3.287679017915934e-09 -2.079174084014231e-11  1.491068626791048e-06 -6.241745759467023e-06 
 7.762471166287207e+00  1.000000000000000e+00  0.000000000000000e+00  3.287808247876001e-09 -2.103572159008611e-11  1.491067818548686e-06 -6.314021768987836e-06 
 7.852356346101011e+00  1.000000000000000e+00  0.000000000000000e+00  3.287851324529356e-09 -2.128041803713056e-11  1.491066989656176e-06 -6.387134695254873e-06 
 7.943282347243112e+00  1.000000000000000e+00  0.000000000000000e+00  3.287653482786368e-09 -2.152172605084226e-11  1.491066141223740e-06 -6.461094229307304e-06 
 8.035261221856475e+00  1.000000000000000e+00  0.000000000000000e+00  3.287715655275747e-09 -2.177256669955028e-11  1.491065274805692e-06 -6.535910174401304e-06 
 8.128305161641299e+00  1.000000000000000e+00  0.000000000000000e+00  3.287730532264277e-09 -2.202507102599878e-11  1.491064385517049e-06 -6.611592447309307e-06 
 8.222426499471021e+00  1.000000000000000e+00  0.000000000000000e+00  3.287720984346265e-09 -2.227983248349348e-11  1.491063478908927e-06 -6.688151079634622e-06 
 8.317637711027023e+00  1.000000000000000e+00  0.000000000000000e+00  3.287643490779146e-09 -2.253577080941213e-11  1.491062548764077e-06 -6.765596219141011e-06 
 8.413951416452269e+00  1.000000000000000e+00  0.000000000000000e+00  3.287750738323325e-09 -2.279968121291870e-11  1.491061598191123e-06 -6.843938131097864e-06 
 8.511380382024088e+00  1.000000000000000e+00  0.000000000000000e+00  3.287789374084582e-09 -2.306476377958119e-11  1.491060624303486e-06 -6.923187199640718e-06 
 8.609937521846334e+00  1.000000000000000e+00  0.000000000000000e+00  3.287577543531484e-09 -2.332589535174385e-11  1.491059628211389e-06 -7.003353929147759e-06 
 8.709635899561137e+00  1.000000000000000e+00  0.000000000000000e+00  3.287579319888323e-09 -2.359595460543079e-11  1.491058609914830e-06 -7.084448945632176e-06 
 8.810488730080476e+00  1.000000000000000e+00  0.000000000000000e+00  3.287572880594780e-09 -2.386907502263658e-11  1.491057566305187e-06 -7.166482998150524e-06 
 8.912509381337795e+00  1.000000000000000e+00  0.000000000000000e+00  3.287379923833100e-09 -2.413984393577332e-11  1.491056499158816e-06 -7.249466960227630e-06 
 9.015711376059913e+00  1.000000000000000e+00  0.000000000000000e+00  3.287505601079488e-09 -2.442301389321962e-11  1.491055407143449e-06 -7.333411831297752e-06 
 9.120108393559446e+00  1.000000000000000e+00  0.000000000000000e+00  3.287587979627915e-09 -2.470832102744721e-11  1.491054289814997e-06 -7.418328738162620e-06 
 9.225714271547986e+00  1.000000000000000e+00  0.000000000000000e+00  3.287379701788495e-09 -2.498816077321742e-11  1.491053146507326e-06 -7.504228936466268e-06 
 9.332543007970269e+00  1.000000000000000e+00  0.000000000000000e+00  3.287645045091381e-09 -2.528571287831074e-11  1.491051975666124e-06 -7.591123812186907e-06 
 9.440608762859597e+00  1.000000000000000e+00  0.000000000000000e+00  3.287656369366232e-09 -2.557873412963030e-11  1.491050779067749e-06 -7.679024883146215e-06 
 9.549925860214728e+00  1.000000000000000e+00  0.000000000000000e+00  3.287417671415938e-09 -2.586748848805345e-11  1.491049553603574e-06 -7.767943800535905e-06 
 9.660508789898508e+00  1.000000000000000e+00  0.000000000000000e+00  3.287552452491127e-09 -2.617130475415742e-11  1.491048300827913e-06 -7.857892350462192e-06 
 9.772372209558485e+00  1.000000000000000e+00  0.000000000000000e+00  3.287584871003446e-09 -2.647543357711299e-11  1.491047017410096e-06 -7.948882455507843e-06 
 9.885530946569771e+00  1.000000000000000e+00  0.000000000000000e+00  3.287387251305063e-09 -2.677539279737648e-11  1.491045703350125e-06 -8.040926176319196e-06 
 1.000000000000039e+01  1.000000000000000e+00  0.000000000000000e+00  3.287381700189940e-09 -2.708520031894583e-11  1.491044359980265e-06 -8.134035713179007e-06 
 1.011579454259938e+01  1.000000000000000e+00  0.000000000000000e+00  3.287182304134717e-09 -2.739226141919293e-11  1.491042984635982e-06 -8.228223407661792e-06 
 1.023292992280794e+01  1.000000000000000e+00  0.000000000000000e+00  3.287462080336923e-09 -2.771881453648994e-11  1.491041579093633e-06 -8.323501744244505e-06 
 1.035142166679384e+01  1.000000000000000e+00  0.000000000000000e+00  3.287092376069722e-09 -2.802729666156101e-11  1.491040138912325e-06 -8.419883351967388e-06 
 1.047128548050940e+01  1.000000000000000e+00  0.000000000000000e+00  3.287286887143637e-09 -2.835849214282522e-11  1.491038666090461e-06 -8.517381006108152e-06 
 1.059253725177330e+01  1.000000000000000e+00  0.000000000000000e+00  3.287314420674647e-09 -2.868781959456822e-11  1.491037159073727e-06 -8.616007629875237e-06 
 1.071519305237648e+01  1.000000000000000e+00  0.000000000000000e+00  3.287166538967767e-09 -2.901478408866265e-11  1.491035615863723e-06 -8.715776296120797e-06 
 1.083926914021246e+01  1.000000000000000e+00  0.000000000000000e+00  3.287092376069722e-09 -2.934823935049212e-11  1.491034036904537e-06 -8.816700229073443e-06 
 1.096478196143228e+01  1.000000000000000e+00  0.000000000000000e+00  3.287096594917216e-09 -2.968814579651293e-11  1.491032422862304e-06 -8.918792806091184e-06 
 1.109174815262445e+01  1.000000000000000e+00  0.000000000000000e+00  3.287127015028091e-09 -3.003300037861863e-11  1.491030769518176e-06 -9.022067559434481e-06 
 1.122018454302007e+01  1.000000000000000e+00  0.000000000000000e+00  3.287158101272780e-09 -3.038201067546422e-11  1.491029078648509e-06 -9.126538178060029e-06 
 1.135010815672360e+01  1.000000000000000e+00  0.000000000000000e+00  3.287160099674225e-09 -3.073392929212146e-11  1.491027347366725e-06 -9.232218509435171e-06 
 1.148153621496928e+01  1.000000000000000e+00  0.000000000000000e+00  3.287202954282975e-09 -3.109131792219120e-11  1.491025576338956e-06 -9.339122561373302e-06 
 1.161448613840389e+01  1.000000000000000e+00  0.000000000000000e+00  3.287027539045084e-09 -3.144484050923648e-11  1.491023764232935e-06 -9.447264503890725e-06 
 1.174897554939576e+01  1.000000000000000e+00  0.000000000000000e+00  3.287338623536584e-09 -3.182087283761285e-11  1.491021909494350e-06 -9.556658671084773e-06 
 1.188502227437065e+01  1.000000000000000e+00  0.000000000000000e+00  3.287018213171677e-09 -3.217682336667440e-11  1.491020012567290e-06 -9.667319563033803e-06 
 1.202264434617461e+01  1.000000000000000e+00  0.000000000000000e+00  3.286914962430387e-09 -3.254534220787676e-11  1.491018069010863e-06 -9.779261847719128e-06 
 1.216186000646416e+01  1.000000000000000e+00  0.000000000000000e+00  3.286907857003030e-09 -3.292196732887314e-11  1.491016082599828e-06 -9.892500362969387e-06 
 1.230268770812430e+01  1.000000000000000e+00  0.000000000000000e+00  3.286807714886208e-09 -3.329922522922089e-11  1.491014049115336e-06 -1.000705011842703e-05 
 1.244514611771434e+01  1.000000000000000e+00  0.000000000000000e+00  3.287015326591813e-09 -3.369320576223310e-11  1.491011968113298e-06 -1.012292629754078e-05 
 1.258925411794217e+01  1.000000000000000e+00  0.000000000000000e+00  3.286951599790200e-09 -3.408073001191564e-11  1.491009838483492e-06 -1.024014425956726e-05 
 1.273503081016712e+01  1.000000000000000e+00  0.000000000000000e+00  3.286817262804220e-09 -3.446986318712895e-11  1.491007660892052e-06 -1.035871954162308e-05 
 1.288249551693185e+01  1.000000000000000e+00  0.000000000000000e+00  3.286701799609659e-09 -3.486400011969268e-11  1.491005429787862e-06 -1.047866786073333e-05 
 1.303166778452351e+01  1.000000000000000e+00  0.000000000000000e+00  3.286981797856470e-09 -3.527974240803938e-11  1.491003148279546e-06 -1.060000511591782e-05 
 1.318256738556460e+01  1.000000000000000e+00  0.000000000000000e+00  3.286728667006855e-09 -3.567733648694260e-11  1.491000813924614e-06 -1.072274739029830e-05 
 1.333521432163377e+01  1.000000000000000e+00  0.000000000000000e+00  3.286944938452052e-09 -3.610000691865105e-11  1.490998424724665e-06 -1.084691095323020e-05 
 1.348962882591708e+01  1.000000000000000e+00  0.000000000000000e+00  3.286735772434213e-09 -3.650868311415615e-11  1.490995980457654e-06 -1.097251226245931e-05 
 1.364583136588979e+01  1.000000000000000e+00  0.000000000000000e+00  3.286709127081622e-09 -3.693030020110238e-11  1.490993477348823e-06 -1.109956796630307e-05 
 1.380384264602940e+01  1.000000000000000e+00  0.000000000000000e+00  3.286573457828013e-09 -3.735180222539899e-11  1.490990919617019e-06 -1.122809490585747e-05 
 1.396368361055994e+01  1.000000000000000e+00  0.000000000000000e+00  3.286443783778736e-09 -3.777825574003096e-11  1.490988298158413e-06 -1.135811011723197e-05 
 1.412537544622811e+01  1.000000000000000e+00  0.000000000000000e+00  3.286533045709916e-09 -3.821991452944635e-11  1.490985617635943e-06 -1.148963083379614e-05 
 1.428893958511160e+01  1.000000000000000e+00  0.000000000000000e+00  3.286428906790206e-09 -3.865771734028276e-11  1.490982875163027e-06 -1.162267448848134e-05 
 1.445439770745986e+01  1.000000000000000e+00  0.000000000000000e+00  3.286584560058259e-09 -3.911268294784281e-11  1.490980066964909e-06 -1.175725871607994e-05 
 1.462177174456777e+01  1.000000000000000e+00  0.000000000000000e+00  3.286386718315271e-09 -3.955615482144619e-11  1.490977195706122e-06 -1.189340135558548e-05 
 1.479108388168267e+01  1.000000000000000e+00  0.000000000000000e+00  3.286566352400655e-09 -4.002287088509669e-11  1.490974255613509e-06 -1.203112045255729e-05 
 1.496235656094494e+01  1.000000000000000e+00  0.000000000000000e+00  3.286393823742628e-09 -4.047792735218693e-11  1.490971247131156e-06 -1.217043426151252e-05 
 1.513561248436270e+01  1.000000000000000e+00  0.000000000000000e+00  3.286441785377292e-09 -4.094909287652123e-11  1.490968169814977e-06 -1.231136124834563e-05 
 1.531087461682092e+01  1.000000000000000e+00  0.000000000000000e+00  3.286340310992841e-09 -4.141825825452333e-11  1.490965020778390e-06 -1.245392009277600e-05 
 1.548816618912544e+01  1.000000000000000e+00  0.000000000000000e+00  3.286096728061239e-09 -4.188537154105072e-11  1.490961798689128e-06 -1.259812969082401e-05 
 1.566751070108213e+01  1.000000000000000e+00  0.000000000000000e+00  3.285964833565913e-09 -4.236364879805588e-11  1.490958500438566e-06 -1.274400915731566e-05 
 1.584893192461178e+01  1.000000000000000e+00  0.000000000000000e+00  3.286036998062514e-09 -4.285803709097407e-11  1.490955125138527e-06 -1.289157782841618e-05 
 1.603245390690107e+01  1.000000000000000e+00  0.000000000000000e+00  3.286033889438045e-09 -4.335410980885776e-11  1.490951671456742e-06 -1.304085526419304e-05 
 1.621810097358996e+01  1.000000000000000e+00  0.000000000000000e+00  3.285831162713748e-09 -4.384533828602380e-11  1.490948138727077e-06 -1.319186125120865e-05 
 1.640589773199606e+01  1.000000000000000e+00  0.000000000000000e+00  3.285966831967357e-09 -4.436032153283911e-11  1.490944522508642e-06 -1.334461580514649e-05 
 1.659586907437629e+01  1.000000000000000e+00  0.000000000000000e+00  3.285826943866255e-09 -4.486605181376147e-11  1.490940820136899e-06 -1.349913917346087e-05 
 1.678804018122629e+01  1.000000000000000e+00  0.000000000000000e+00  3.285867133939746e-09 -4.538768367967779e-11  1.490937034498430e-06 -1.365545183803908e-05 
 1.698243652461814e+01  1.000000000000000e+00  0.000000000000000e+00  3.285592908852664e-09 -4.589820671696120e-11  1.490933160930297e-06 -1.381357451796595e-05 
 1.717908387157659e+01  1.000000000000000e+00  0.000000000000000e+00  3.285848038103723e-09 -4.644400947101466e-11  1.490929195435697e-06 -1.397352817223144e-05 
 1.737800828749447e+01  1.000000000000000e+00  0.000000000000000e+00  3.285591354540429e-09 -4.696722045029016e-11  1.490925137348498e-06 -1.413533400251910e-05 
 1.757923613958765e+01  1.000000000000000e+00  0.000000000000000e+00  3.285760552529382e-09 -4.752094277944133e-11  1.490920986224609e-06 -1.429901345601643e-05 
 1.778279410038996e+01  1.000000000000000e+00  0.000000000000000e+00  3.285355765214604e-09 -4.804733643588822e-11  1.490916737623138e-06 -1.446458822826155e-05 
 1.798870915128862e+01  1.000000000000000e+00  0.000000000000000e+00  3.285441696476710e-09 -4.860912349956140e-11  1.490912389101595e-06 -1.463208026600330e-05 
 1.819700858610059e+01  1.000000000000000e+00  0.000000000000000e+00  3.285465455249437e-09 -4.917335404999951e-11  1.490907940659980e-06 -1.480151177013384e-05 
 1.840772001469032e+01  1.000000000000000e+00  0.000000000000000e+00  3.285350214099481e-09 -4.973589303498437e-11  1.490903388967624e-06 -1.497290519861535e-05 
 1.862087136662944e+01  1.000000000000000e+00  0.000000000000000e+00  3.285048233436783e-09 -5.029331890050092e-11  1.490898731137946e-06 -1.514628326946104e-05 
 1.883649089489878e+01  1.000000000000000e+00  0.000000000000000e+00  3.285242300421487e-09 -5.088767520431206e-11  1.490893964284368e-06 -1.532166896374639e-05 
 1.905460717963326e+01  1.000000000000000e+00  0.000000000000000e+00  3.285015148790649e-09 -5.146287306620045e-11  1.490889085520308e-06 -1.549908552865506e-05 
 1.927524913191016e+01  1.000000000000000e+00  0.000000000000000e+00  3.285066663138991e-09 -5.206214691126643e-11  1.490884093513500e-06 -1.567855648056058e-05 
 1.949844599758126e+01  1.000000000000000e+00  0.000000000000000e+00  3.284908123291075e-09 -5.265481338773592e-11  1.490878985599409e-06 -1.586010560814315e-05 
 1.972422736114936e+01  1.000000000000000e+00  0.000000000000000e+00  3.284852612139844e-09 -5.326102355511378e-11  1.490873759557587e-06 -1.604375697554290e-05 
 1.995262314968963e+01  1.000000000000000e+00  0.000000000000000e+00  3.284719607421493e-09 -5.386894574887276e-11  1.490868410058965e-06 -1.622953492555384e-05 
 2.018366363681645e+01  1.000000000000000e+00  0.000000000000000e+00  3.284720273555308e-09 -5.449296616632441e-11  1.490862937991722e-06 -1.641746408283350e-05 
 2.041737944669615e+01  1.000000000000000e+00  0.000000000000000e+00  3.284555960547664e-09 -5.511284708294086e-11  1.490857336250428e-06 -1.660756935719209e-05 
 2.065380155810616e+01  1.000000000000000e+00  0.000000000000000e+00  3.284523764079950e-09 -5.574910033666423e-11  1.490851605945309e-06 -1.679987594687792e-05 
 2.089296130854127e+01  1.000000000000000e+00  0.000000000000000e+00  3.284520655455481e-09 -5.639419753931691e-11  1.490845741303204e-06 -1.699440934192553e-05 
 2.113489039836736e+01  1.000000000000000e+00  0.000000000000000e+00  3.284609473297451e-09 -5.705313025266895e-11  1.490839739215488e-06 -1.719119532753034e-05 
 2.137962089502322e+01  1.000000000000000e+00  0.000000000000000e+00  3.284274185944014e-09 -5.769017022381746e-11  1.490833597683761e-06 -1.739025998743869e-05 
 2.162718523727112e+01  1.000000000000000e+00  0.000000000000000e+00  3.284134075798306e-09 -5.834834326042416e-11  1.490827313599397e-06 -1.759162970746913e-05 
 2.187761623949645e+01  1.000000000000000e+00  0.000000000000000e+00  3.283950444910033e-09 -5.901106906524103e-11  1.490820884075816e-06 -1.779533117895984e-05 
 2.213094709605732e+01  1.000000000000000e+00  0.000000000000000e+00  3.284015503979276e-09 -5.969915927843969e-11  1.490814303561905e-06 -1.800139140232005e-05 
 2.238721138568435e+01  1.000000000000000e+00  0.000000000000000e+00  3.284066574238409e-09 -6.039434337901908e-11  1.490807570725394e-06 -1.820983769060917e-05 
 2.264644307593156e+01  1.000000000000000e+00  0.000000000000000e+00  3.283986638180636e-09 -6.108767096972534e-11  1.490800679793125e-06 -1.842069767315676e-05 
 2.290867652767870e+01  1.000000000000000e+00  0.000000000000000e+00  3.283685989785567e-09 -6.177235367102116e-11  1.490793630765097e-06 -1.863399929922999e-05 
 2.317394649968577e+01  1.000000000000000e+00  0.000000000000000e+00  3.283767480155575e-09 -6.249404127327794e-11  1.490786414537482e-06 -1.884977084171826e-05 
 2.344228815320022e+01  1.000000000000000e+00  0.000000000000000e+00  3.283478156035358e-09 -6.319563222265015e-11  1.490779031776412e-06 -1.906804090091075e-05 
 2.371373705661756e+01  1.000000000000000e+00  0.000000000000000e+00  3.283441074586335e-09 -6.392431566991808e-11  1.490771475598507e-06 -1.928883840827226e-05 
 2.398832919019593e+01  1.000000000000000e+00  0.000000000000000e+00  3.283394667263906e-09 -6.466101424437644e-11  1.490763744005363e-06 -1.951219263026301e-05 
 2.426610095082519e+01  1.000000000000000e+00  0.000000000000000e+00  3.283186167379881e-09 -6.539328637711838e-11  1.490755832556090e-06 -1.973813317224811e-05 
 2.454708915685136e+01  1.000000000000000e+00  0.000000000000000e+00  3.282945915117352e-09 -6.613141854128744e-11  1.490747737475928e-06 -1.996668998240149e-05 
 2.483133105295677e+01  1.000000000000000e+00  0.000000000000000e+00  3.282929927905798e-09 -6.689539997243796e-11  1.490739453213763e-06 -2.019789335569683e-05 
 2.511886431509688e+01  1.000000000000000e+00  0.000000000000000e+00  3.282654370551086e-09 -6.764723794962148e-11  1.490730976438925e-06 -2.043177393785852e-05 
 2.540972705549414e+01  1.000000000000000e+00  0.000000000000000e+00  3.282593086240126e-09 -6.842553562332650e-11  1.490722301156211e-06 -2.066836272952567e-05 
 2.570395782768975e+01  1.000000000000000e+00  0.000000000000000e+00  3.282359051226535e-09 -6.919819214569424e-11  1.490713426033352e-06 -2.090769109027545e-05 
 2.600159563165384e+01  1.000000000000000e+00  0.000000000000000e+00  3.282326854758821e-09 -6.999704731580538e-11  1.490704341966520e-06 -2.114979074282786e-05 
 2.630267991895496e+01  1.000000000000000e+00  0.000000000000000e+00  3.282346616728660e-09 -7.080921606507817e-11  1.490695047401402e-06 -2.139469377723535e-05 
 2.660725059798925e+01  1.000000000000000e+00  0.000000000000000e+00  3.282069505061713e-09 -7.160508058546926e-11  1.490685536786884e-06 -2.164243265511823e-05 
 2.691534803927033e+01  1.000000000000000e+00  0.000000000000000e+00  3.281868776738861e-09 -7.241656182181569e-11  1.490675805904118e-06 -2.189304021400195e-05 
 2.722701308078031e+01  1.000000000000000e+00  0.000000000000000e+00  3.281694249679390e-09 -7.323976806091251e-11  1.490665845427230e-06 -2.214654967164665e-05 
 2.754228703338287e+01  1.000000000000000e+00  0.000000000000000e+00  3.281634519680665e-09 -7.408279143202132e-11  1.490655654245998e-06 -2.240299463045633e-05 
 2.786121168629892e+01  1.000000000000000e+00  0.000000000000000e+00  3.281368954333175e-09 -7.491624393052548e-11  1.490645225032949e-06 -2.266240908193826e-05 
 2.818382931264577e+01  1.000000000000000e+00  0.000000000000000e+00  3.281513283326376e-09 -7.579671477392206e-11  1.490634551348791e-06 -2.292482741120303e-05 
 2.851018267504034e+01  1.000000000000000e+00  0.000000000000000e+00  3.281023452927911e-09 -7.662853841790425e-11  1.490623629862853e-06 -2.319028440149155e-05 
 2.884031503126733e+01  1.000000000000000e+00  0.000000000000000e+00  3.280905325198091e-09 -7.750476052370862e-11  1.490612456578333e-06 -2.345881523884603e-05 
 2.917427014001295e+01  1.000000000000000e+00  0.000000000000000e+00  3.281056093484835e-09 -7.841707183025974e-11  1.490601020837090e-06 -2.373045551674386e-05 
 2.951209226666516e+01  1.000000000000000e+00  0.000000000000000e+00  3.280675731076599e-09 -7.928859355711628e-11  1.490589320418678e-06 -2.400524124080944e-05 
 2.985382618918092e+01  1.000000000000000e+00  0.000000000000000e+00  3.280663740667933e-09 -8.020514938981180e-11  1.490577346441313e-06 -2.428320883359898e-05 
 3.019951720402150e+01  1.000000000000000e+00  0.000000000000000e+00  3.280167026886716e-09 -8.108489070405970e-11  1.490565093575924e-06 -2.456439513940283e-05 
 3.054921113215649e+01  1.000000000000000e+00  0.000000000000000e+00  3.280026916741008e-09 -8.200999366839916e-11  1.490552555161173e-06 -2.484883742917391e-05 
 3.090295432513728e+01  1.000000000000000e+00  0.000000000000000e+00  3.280141491757149e-09 -8.297175983044427e-11  1.490539725201856e-06 -2.513657340541626e-05 
 3.126079367124094e+01  1.000000000000000e+00  0.000000000000000e+00  3.279650773180265e-09 -8.388149513700806e-11  1.490526594816188e-06 -2.542764120724840e-05 
 3.162277660168520e+01  1.000000000000000e+00  0.000000000000000e+00  3.279636784370155e-09 -8.485155996544049e-11  1.490513158675100e-06 -2.572207941535143e-05 
 3.198895109691541e+01  1.000000000000000e+00  0.000000000000000e+00  3.279129856537111e-09 -8.578080965072400e-11  1.490499412115653e-06 -2.601992705721782e-05 
 3.235936569296427e+01  1.000000000000000e+00  0.000000000000000e+00  3.279024607394376e-09 -8.676332166558578e-11  1.490485344035619e-06 -2.632122361222264e-05 
 3.273406948788529e+01  1.000000000000000e+00  0.000000000000000e+00  3.278977533938132e-09 -8.776329207642319e-11  1.490470947995703e-06 -2.662600901689050e-05 
 3.311311214826060e+01  1.000000000000000e+00  0.000000000000000e+00  3.278870952527768e-09 -8.876798559718461e-11  1.490456216890479e-06 -2.693432367020328e-05 
 3.349654391578427e+01  1.000000000000000e+00  0.000000000000000e+00  3.278540994244850e-09 -8.975979110507773e-11  1.490441141616117e-06 -2.724620843893387e-05 
 3.388441561392178e+01  1.000000000000000e+00  0.000000000000000e+00  3.278325388933467e-09 -9.077448294176216e-11  1.490425715289234e-06 -2.756170466309955e-05 
 3.427677865464658e+01  1.000000000000000e+00  0.000000000000000e+00  3.278152194141626e-09 -9.180667921574511e-11  1.490409931026448e-06 -2.788085416133204e-05 
 3.467368504525474e+01  1.000000000000000e+00  0.000000000000000e+00  3.277756510655649e-09 -9.282483616596094e-11  1.490393779501886e-06 -2.820369923656529e-05 
 3.507518739525840e+01  1.000000000000000e+00  0.000000000000000e+00  3.277615734376127e-09 -9.388379284671418e-11  1.490377251389674e-06 -2.853028268157129e-05 
 3.548133892335916e+01  1.000000000000000e+00  0.000000000000000e+00  3.277150550928809e-09 -9.491686588788896e-11  1.490360336919849e-06 -2.886064778463907e-05 
 3.589219346450216e+01  1.000000000000000e+00  0.000000000000000e+00  3.277038640447927e-09 -9.600308271129885e-11  1.490343027654717e-06 -2.919483833529734e-05 
 3.630780547701179e+01  1.000000000000000e+00  0.000000000000000e+00  3.276969806620400e-09 -9.710628527952354e-11  1.490325316488850e-06 -2.953289863015698e-05 
 3.672823004981014e+01  1.000000000000000e+00  0.000000000000000e+00  3.276557691833659e-09 -9.818156779866304e-11  1.490307193874330e-06 -2.987487347870426e-05 
 3.715352290971895e+01  1.000000000000000e+00  0.000000000000000e+00  3.276195315038422e-09 -9.927452613697134e-11  1.490288648486882e-06 -3.022080820936570e-05 
 3.758374042884613e+01  1.000000000000000e+00  0.000000000000000e+00  3.276091398163317e-09 -1.004111427658312e-10  1.490269671666766e-06 -3.057074867540687e-05 
 3.801893963205786e+01  1.000000000000000e+00  0.000000000000000e+00  3.275574922412261e-09 -1.015099570359271e-10  1.490250251867664e-06 -3.092474126104865e-05 
 3.845917820453712e+01  1.000000000000000e+00  0.000000000000000e+00  3.275469451224922e-09 -1.026719422304065e-10  1.490230378653479e-06 -3.128283288765730e-05 
 3.890451449942984e+01  1.000000000000000e+00  0.000000000000000e+00  3.275086646326031e-09 -1.038119655952870e-10  1.490210043808560e-06 -3.164507101984837e-05 
 3.935500754557955e+01  1.000000000000000e+00  0.000000000000000e+00  3.274771787076247e-09 -1.049739521789004e-10  1.490189234232275e-06 -3.201150367190983e-05 
 3.981071705535155e+01  1.000000000000000e+00  0.000000000000000e+00  3.274723381352374e-09 -1.061839673534379e-10  1.490167943263287e-06 -3.238217941408366e-05 
 4.027170343254776e+01  1.000000000000000e+00  0.000000000000000e+00  3.274200466307775e-09 -1.073440461545798e-10  1.490146154914385e-06 -3.275714737905439e-05 
 4.073802778041315e+01  1.000000000000000e+00  0.000000000000000e+00  3.273927351443717e-09 -1.085500144902985e-10  1.490123855418801e-06 -3.313645726843677e-05 
 4.120975190973492e+01  1.000000000000000e+00  0.000000000000000e+00  3.273654458624264e-09 -1.097706915057124e-10  1.490101039891556e-06 -3.352015935928394e-05 
 4.168693834703546e+01  1.000000000000000e+00  0.000000000000000e+00  3.273191717667601e-09 -1.109785865229017e-10  1.490077691901348e-06 -3.390830451093540e-05 
 4.216965034286017e+01  1.000000000000000e+00  0.000000000000000e+00  3.272786264219008e-09 -1.122078724694834e-10  1.490053801678215e-06 -3.430094417160132e-05 
 4.265795188016124e+01  1.000000000000000e+00  0.000000000000000e+00  3.272521809094542e-09 -1.134703712691058e-10  1.490029353679034e-06 -3.469813038526092e-05 
 4.315190768277852e+01  1.000000000000000e+00  0.000000000000000e+00  3.271898307843912e-09 -1.146963377138960e-10  1.490004335469308e-06 -3.509991579847908e-05 
 4.365158322401862e+01  1.000000000000000e+00  0.000000000000000e+00  3.271765969259377e-09 -1.160057005425603e-10  1.489978737057029e-06 -3.550635366749498e-05 
 4.415704473533330e+01  1.000000000000000e+00  0.000000000000000e+00  3.271358739453945e-09 -1.172907571306107e-10  1.489952540234540e-06 -3.591749786519728e-05 
 4.466835921509839e+01  1.000000000000000e+00  0.000000000000000e+00  3.270790527309941e-09 -1.185647761407457e-10  1.489925732123254e-06 -3.633340288835104e-05 
 4.518559443749434e+01  1.000000000000000e+00  0.000000000000000e+00  3.270598902815891e-09 -1.199101238428027e-10  1.489898301620940e-06 -3.675412386464905e-05 
 4.570881896148964e+01  1.000000000000000e+00  0.000000000000000e+00  3.269990056509187e-09 -1.212079970964422e-10  1.489870232296298e-06 -3.717971656021874e-05 
 4.623810213992819e+01  1.000000000000000e+00  0.000000000000000e+00  3.269894133239859e-09 -1.225975777941293e-10  1.489841510160517e-06 -3.761023738692963e-05 
 4.677351412872201e+01  1.000000000000000e+00  0.000000000000000e+00  3.269386983362210e-09 -1.239388296582055e-10  1.489812115007538e-06 -3.804574340987044e-05 
 4.731512589615027e+01  1.000000000000000e+00  0.000000000000000e+00  3.268722847948879e-09 -1.252714434057467e-10  1.489782037733534e-06 -3.848629235483162e-05 
 4.786300923226609e+01  1.000000000000000e+00  0.000000000000000e+00  3.268410431189750e-09 -1.266734965212806e-10  1.489751259020622e-06 -3.893194261612759e-05 
 4.841723675841222e+01  1.000000000000000e+00  0.000000000000000e+00  3.268030734915328e-09 -1.280795827469233e-10  1.489719764435904e-06 -3.938275326424820e-05 
 4.897788193684693e+01  1.000000000000000e+00  0.000000000000000e+00  3.267464521172769e-09 -1.294725055587934e-10  1.489687535771722e-06 -3.983878405359293e-05 
 4.954501908048136e+01  1.000000000000000e+00  0.000000000000000e+00  3.266978687577193e-09 -1.308934607227650e-10  1.489654557706999e-06 -4.030009543056833e-05 
 5.011872336272960e+01  1.000000000000000e+00  0.000000000000000e+00  3.266439563276435e-09 -1.323198815531760e-10  1.489620809369541e-06 -4.076674854156079e-05 
 5.069907082747284e+01  1.000000000000000e+00  0.000000000000000e+00  3.266025005999040e-09 -1.337840557872347e-10  1.489586274772137e-06 -4.123880524082608e-05 
 5.128613839913892e+01  1.000000000000000e+00  0.000000000000000e+00  3.265451464784519e-09 -1.352376668834723e-10  1.489550936817352e-06 -4.171632809904277e-05 
 5.188000389289858e+01  1.000000000000000e+00  0.000000000000000e+00  3.265026693455297e-09 -1.367307921209095e-10  1.489514776409351e-06 -4.219938041133681e-05 
 5.248074602497976e+01  1.000000000000000e+00  0.000000000000000e+00  3.264451375883937e-09 -1.382156541318178e-10  1.489477771787762e-06 -4.268802620574519e-05 
 5.308844442310136e+01  1.000000000000000e+00  0.000000000000000e+00  3.263969761135854e-09 -1.397333514426891e-10  1.489439908297641e-06 -4.318233025172563e-05 
 5.370317963702784e+01  1.000000000000000e+00  0.000000000000000e+00  3.263550762966361e-09 -1.412772382669005e-10  1.489401160403858e-06 -4.368235806882281e-05 
 5.432503314924592e+01  1.000000000000000e+00  0.000000000000000e+00  3.262941694615051e-09 -1.428053666733208e-10  1.489361511453069e-06 -4.418817593506557e-05 
 5.495408738576509e+01  1.000000000000000e+00  0.000000000000000e+00  3.262394798753121e-09 -1.443613667530806e-10  1.489320937908545e-06 -4.469985089614357e-05 
 5.559042572704302e+01  1.000000000000000e+00  0.000000000000000e+00  3.261789505160095e-09 -1.459221674699959e-10  1.489279418009914e-06 -4.521745077401783e-05 
 5.623413251903760e+01  1.000000000000000e+00  0.000000000000000e+00  3.261183101344045e-09 -1.475017518201430e-10  1.489236933327476e-06 -4.574104417593032e-05 
 5.688529308438687e+01  1.000000000000000e+00  0.000000000000000e+00  3.260582470687723e-09 -1.490968812441987e-10  1.489193458548144e-06 -4.627070050370215e-05 
 5.754399373371846e+01  1.000000000000000e+00  0.000000000000000e+00  3.259955416723415e-09 -1.507064317700997e-10  1.489148971467458e-06 -4.680648996259389e-05 
 5.821032177708994e+01  1.000000000000000e+00  0.000000000000000e+00  3.259149172762932e-09 -1.522972727476587e-10  1.489103444551887e-06 -4.734848357103956e-05 
 5.888436553556173e+01  1.000000000000000e+00  0.000000000000000e+00  3.258587177867867e-09 -1.539534225946412e-10  1.489056861814220e-06 -4.789675316959118e-05 
 5.956621435290392e+01  1.000000000000000e+00  0.000000000000000e+00  3.258000313977050e-09 -1.556215633788383e-10  1.489009191057988e-06 -4.845137143087605e-05 
 6.025595860743869e+01  1.000000000000000e+00  0.000000000000000e+00  3.257206726559048e-09 -1.572673814296383e-10  1.488960412299178e-06 -4.901241186887852e-05 
 6.095368972401987e+01  1.000000000000000e+00  0.000000000000000e+00  3.256781955229826e-09 -1.590042172296027e-10  1.488910494451545e-06 -4.957994884895040e-05 
 6.165950018615121e+01  1.000000000000000e+00  0.000000000000000e+00  3.255919311939692e-09 -1.606715777812589e-10  1.488859415754717e-06 -5.015405759743581e-05 
 6.237348354824496e+01  1.000000000000000e+00  0.000000000000000e+00  3.255041125527214e-09 -1.623525915689004e-10  1.488807147564941e-06 -5.073481421191839e-05 
 6.309573444802240e+01  1.000000000000000e+00  0.000000000000000e+00  3.254350344761292e-09 -1.640907188637164e-10  1.488753661682551e-06 -5.132229567096224e-05 
 6.382634861905798e+01  1.000000000000000e+00  0.000000000000000e+00  3.253657565593926e-09 -1.658455061514163e-10  1.488698929019705e-06 -5.191657984466367e-05 
 6.456542290346870e+01  1.000000000000000e+00  0.000000000000000e+00  3.253115110624094e-09 -1.676521474137894e-10  1.488642921820826e-06 -5.251774550470276e-05 
 6.531305526475043e+01  1.000000000000000e+00  0.000000000000000e+00  3.252160318822916e-09 -1.693900624963589e-10  1.488585610998072e-06 -5.312587233494751e-05 
 6.606934480076283e+01  1.000000000000000e+00  0.000000000000000e+00  3.251224178768553e-09 -1.711487689309669e-10  1.488526964132930e-06 -5.374104094196229e-05 
 6.683439175686473e+01  1.000000000000000e+00  0.000000000000000e+00  3.250275160127103e-09 -1.729240911636678e-10  1.488466951249379e-06 -5.436333286564852e-05 
 6.760829753920149e+01  1.000000000000000e+00  0.000000000000000e+00  3.249529312299160e-09 -1.747620153856621e-10  1.488405541927307e-06 -5.499283059013786e-05 
 6.839116472814628e+01  1.000000000000000e+00  0.000000000000000e+00  3.248686430978864e-09 -1.765964365301083e-10  1.488342701527756e-06 -5.562961755469841e-05 
 6.918309709189704e+01  1.000000000000000e+00  0.000000000000000e+00  3.247795588023905e-09 -1.784405518243343e-10  1.488278396077902e-06 -5.627377816469053e-05 
 6.998419960023078e+01  1.000000000000000e+00  0.000000000000000e+00  3.247176083576164e-09 -1.803658894195806e-10  1.488212594491500e-06 -5.692539780293168e-05 
 7.079457843841726e+01  1.000000000000000e+00  0.000000000000000e+00  3.246217961105913e-09 -1.822319628571180e-10  1.488145258354834e-06 -5.758456284092631e-05 
 7.161434102129371e+01  1.000000000000000e+00  0.000000000000000e+00  3.245210100644158e-09 -1.841069806576465e-10  1.488076356359613e-06 -5.825136065022199e-05 
 7.244359600750256e+01  1.000000000000000e+00  0.000000000000000e+00  3.244011281822168e-09 -1.859550436539553e-10  1.488005845651230e-06 -5.892587961418795e-05 
 7.328245331389401e+01  1.000000000000000e+00  0.000000000000000e+00  3.243155077825577e-09 -1.879028948699435e-10  1.487933695809573e-06 -5.960820913958017e-05 
 7.413102413009540e+01  1.000000000000000e+00  0.000000000000000e+00  3.242179635876141e-09 -1.898432953672874e-10  1.487859865534347e-06 -6.029843966838620e-05 
 7.498942093324928e+01  1.000000000000000e+00  0.000000000000000e+00  3.241153345712178e-09 -1.917906496256574e-10  1.487784313081164e-06 -6.099666268997463e-05 
 7.585775750292213e+01  1.000000000000000e+00  0.000000000000000e+00  3.240212098631901e-09 -1.937778749174770e-10  1.487707002700844e-06 -6.170297075301550e-05 
 7.673614893618569e+01  1.000000000000000e+00  0.000000000000000e+00  3.239106982633189e-09 -1.957445154723110e-10  1.487627889762422e-06 -6.241745747787288e-05 
 7.762471166287301e+01  1.000000000000000e+00  0.000000000000000e+00  3.237951684553764e-09 -1.977186873291159e-10  1.487546936074224e-06 -6.314021756895083e-05 
 7.852356346101107e+01  1.000000000000000e+00  0.000000000000000e+00  3.236907408776801e-09 -1.997397158559405e-10  1.487464095450974e-06 -6.387134682739510e-05 
 7.943282347243209e+01  1.000000000000000e+00  0.000000000000000e+00  3.235886003594146e-09 -2.017878698065256e-10  1.487379324593974e-06 -6.461094216352586e-05 
 8.035261221856572e+01  1.000000000000000e+00  0.000000000000000e+00  3.234609913249642e-09 -2.037907468103138e-10  1.487292581980881e-06 -6.535910160988128e-05 
 8.128305161641397e+01  1.000000000000000e+00  0.000000000000000e+00  3.233412870784491e-09 -2.058320312288290e-10  1.487203817873706e-06 -6.611592433426673e-05 
 8.222426499471122e+01  1.000000000000000e+00  0.000000000000000e+00  3.232182743673206e-09 -2.078853184701249e-10  1.487112983866723e-06 -6.688151065264025e-05 
 8.317637711027126e+01  1.000000000000000e+00  0.000000000000000e+00  3.230852030355891e-09 -2.099299010452013e-10  1.487020034884878e-06 -6.765596204266923e-05 
 8.413951416452372e+01  1.000000000000000e+00  0.000000000000000e+00  3.229813305694051e-09 -2.120758221948538e-10  1.486924921634269e-06 -6.843938115700529e-05 
 8.511380382024191e+01  1.000000000000000e+00  0.000000000000000e+00  3.228441958214034e-09 -2.141498398289211e-10  1.486827592600548e-06 -6.923187183703388e-05 
 8.609937521846439e+01  1.000000000000000e+00  0.000000000000000e+00  3.227204281586182e-09 -2.162820901243029e-10  1.486727997823678e-06 -7.003353912651245e-05 
 8.709635899561245e+01  1.000000000000000e+00  0.000000000000000e+00  3.225923084215765e-09 -2.184215074026207e-10  1.486626080460240e-06 -7.084448928556533e-05 
 8.810488730080586e+01  1.000000000000000e+00  0.000000000000000e+00  3.224620348518670e-09 -2.205765891797164e-10  1.486521792326556e-06 -7.166482980475210e-05 
 8.912509381337905e+01  1.000000000000000e+00  0.000000000000000e+00  3.223185940370854e-09 -2.227127791134273e-10  1.486415071916269e-06 -7.249466941931283e-05 
 9.015711376060024e+01  1.000000000000000e+00  0.000000000000000e+00  3.221970468203494e-09 -2.249338525904749e-10  1.486305867715032e-06 -7.333411812358311e-05 
 9.120108393559559e+01  1.000000000000000e+00  0.000000000000000e+00  3.220522515334778e-09 -2.271076285202418e-10  1.486194119770801e-06 -7.418328718557208e-05 
 9.225714271548100e+01  1.000000000000000e+00  0.000000000000000e+00  3.219100097595629e-09 -2.293096521856480e-10  1.486079768797666e-06 -7.504228916171235e-05 
 9.332543007970385e+01  1.000000000000000e+00  0.000000000000000e+00  3.217531352461833e-09 -2.314855905973055e-10  1.485962753733361e-06 -7.591123791181778e-05 
 9.440608762859715e+01  1.000000000000000e+00  0.000000000000000e+00  3.215968602532371e-09 -2.336861595208942e-10  1.485843013959709e-06 -7.679024861399601e-05 
 9.549925860214847e+01  1.000000000000000e+00  0.000000000000000e+00  3.214782884342071e-09 -2.360230835508339e-10  1.485720483973552e-06 -7.767943778025588e-05 
 9.660508789898628e+01  1.000000000000000e+00  0.000000000000000e+00  3.212958343823402e-09 -2.381785698844178e-10  1.485595099603998e-06 -7.857892327165170e-05 
 9.772372209558608e+01  1.000000000000000e+00  0.000000000000000e+00  3.211361399024781e-09 -2.404279942724939e-10  1.485466796236068e-06 -7.948882431389857e-05 
 9.885530946569897e+01  1.000000000000000e+00  0.000000000000000e+00  3.209734256159891e-09 -2.426845072421363e-10  1.485335500595042e-06 -8.040926151353154e-05 
 1.000000000000051e+02  1.000000000000000e+00  0.000000000000000e+00  3.208052712366793e-09 -2.449462330558240e-10  1.485201150064341e-06 -8.134035687332633e-05 
 1.011579454259951e+02  1.000000000000000e+00  0.000000000000000e+00  3.206384935339202e-09 -2.472330346226176e-10  1.485063670703113e-06 -8.228223380906053e-05 
 1.023292992280807e+02  1.000000000000000e+00  0.000000000000000e+00  3.204808418644234e-09 -2.495680743633917e-10  1.484922988126414e-06 -8.323501716553692e-05 
 1.035142166679397e+02  1.000000000000000e+00  0.000000000000000e+00  3.202932363777222e-09 -2.518240784762970e-10  1.484779027727257e-06 -8.419883323301515e-05 
 1.047128548050954e+02  1.000000000000000e+00  0.000000000000000e+00  3.201360954108168e-09 -2.542018482103343e-10  1.484631713566387e-06 -8.517380976439363e-05 
 1.059253725177344e+02  1.000000000000000e+00  0.000000000000000e+00  3.199295273148550e-09 -2.564319294965289e-10  1.484480970148638e-06 -8.616007599161006e-05 
 1.071519305237662e+02  1.000000000000000e+00  0.000000000000000e+00  3.197451858838463e-09 -2.587544570969991e-10  1.484326714873418e-06 -8.715776264333263e-05 
 1.083926914021260e+02  1.000000000000000e+00  0.000000000000000e+00  3.195548714529650e-09 -2.610784452533208e-10  1.484168866028313e-06 -8.816700196165005e-05 
 1.096478196143242e+02  1.000000000000000e+00  0.000000000000000e+00  3.193619368957457e-09 -2.634085818388476e-10  1.484007337904103e-06 -8.918792772031512e-05 
 1.109174815262459e+02  1.000000000000000e+00  0.000000000000000e+00  3.192070163748895e-09 -2.659015549926055e-10  1.483842052119044e-06 -9.022067524173090e-05 
 1.122018454302022e+02  1.000000000000000e+00  0.000000000000000e+00  3.189694508520802e-09 -2.681070457197189e-10  1.483672912971912e-06 -9.126538141563935e-05 
 1.135010815672374e+02  1.000000000000000e+00  0.000000000000000e+00  3.187621278044617e-09 -2.704439345401930e-10  1.483499835863711e-06 -9.232218471657999e-05 
 1.148153621496943e+02  1.000000000000000e+00  0.000000000000000e+00  3.185572472474973e-09 -2.728065405277784e-10  1.483322725093217e-06 -9.339122522271994e-05 
 1.161448613840403e+02  1.000000000000000e+00  0.000000000000000e+00  3.183640018278311e-09 -2.752345558767761e-10  1.483141492730766e-06 -9.447264463410727e-05 
 1.174897554939591e+02  1.000000000000000e+00  0.000000000000000e+00  3.181589658396433e-09 -2.776349166978007e-10  1.482956035969707e-06 -9.556658629184732e-05 
 1.188502227437080e+02  1.000000000000000e+00  0.000000000000000e+00  3.179360552607591e-09 -2.799845124083940e-10  1.482766259552903e-06 -9.667319519663242e-05 
 1.202264434617476e+02  1.000000000000000e+00  0.000000000000000e+00  3.177144325405834e-09 -2.823556896240165e-10  1.482572062894150e-06 -9.779261802828410e-05 
 1.216186000646432e+02  1.000000000000000e+00  0.000000000000000e+00  3.174986940024382e-09 -2.847691258825837e-10  1.482373344741106e-06 -9.892500316501795e-05 
 1.230268770812446e+02  1.000000000000000e+00  0.000000000000000e+00  3.172773377357885e-09 -2.871771061512159e-10  1.482169995625782e-06 -1.000705007032923e-04 
 1.244514611771450e+02  1.000000000000000e+00  0.000000000000000e+00  3.170285145515095e-09 -2.894918148786414e-10  1.481961911409257e-06 -1.012292624774948e-04 
 1.258925411794233e+02  1.000000000000000e+00  0.000000000000000e+00  3.168041828871537e-09 -2.919198388063888e-10  1.481748977294473e-06 -1.024014420803320e-04 
 1.273503081016729e+02  1.000000000000000e+00  0.000000000000000e+00  3.165371520452709e-09 -2.941906954455125e-10  1.481531085367749e-06 -1.035871948827876e-04 
 1.288249551693202e+02  1.000000000000000e+00  0.000000000000000e+00  3.162625938912811e-09 -2.964938788327940e-10  1.481308088635558e-06 -1.047866780569512e-04 
 1.303166778452368e+02  1.000000000000000e+00  0.000000000000000e+00  3.160386174982932e-09 -2.989747230575058e-10  1.481079926479723e-06 -1.060000505894338e-04 
 1.318256738556477e+02  1.000000000000000e+00  0.000000000000000e+00  3.157803130093839e-09 -3.013236790210547e-10  1.480846453461027e-06 -1.072274733131883e-04 
 1.333521432163395e+02  1.000000000000000e+00  0.000000000000000e+00  3.155198990967278e-09 -3.036800551965094e-10  1.480607538351109e-06 -1.084691089217728e-04 
 1.348962882591725e+02  1.000000000000000e+00  0.000000000000000e+00  3.152555105856436e-09 -3.060301754847713e-10  1.480363059247480e-06 -1.097251219925926e-04 
 1.364583136588997e+02  1.000000000000000e+00  0.000000000000000e+00  3.149917215949927e-09 -3.083994306267825e-10  1.480112886032003e-06 -1.109956790088253e-04 
 1.380384264602958e+02  1.000000000000000e+00  0.000000000000000e+00  3.147123672775365e-09 -3.107108966410354e-10  1.479856886366093e-06 -1.122809483813743e-04 
 1.396368361056012e+02  1.000000000000000e+00  0.000000000000000e+00  3.144555504874802e-09 -3.131386242563291e-10  1.479594920805738e-06 -1.135811004712165e-04 
 1.412537544622830e+02  1.000000000000000e+00  0.000000000000000e+00  3.142066384853592e-09 -3.156183491642706e-10  1.479326856124175e-06 -1.148963076121987e-04 
 1.428893958511179e+02  1.000000000000000e+00  0.000000000000000e+00  3.138923121426274e-09 -3.178023406501945e-10  1.479052543551518e-06 -1.162267441336382e-04 
 1.445439770746005e+02  1.000000000000000e+00  0.000000000000000e+00  3.136202630926732e-09 -3.202005850950259e-10  1.478771845864202e-06 -1.175725863831516e-04 
 1.462177174456796e+02  1.000000000000000e+00  0.000000000000000e+00  3.133348247530421e-09 -3.225457625868986e-10  1.478484608741226e-06 -1.189340127508887e-04 
 1.479108388168287e+02  1.000000000000000e+00  0.000000000000000e+00  3.130494308223319e-09 -3.249015174738509e-10  1.478190681414304e-06 -1.203112036923184e-04 
 1.496235656094514e+02  1.000000000000000e+00  0.000000000000000e+00  3.127478942488437e-09 -3.271904765623102e-10  1.477889905565632e-06 -1.217043417525761e-04 
 1.513561248436289e+02  1.000000000000000e+00  0.000000000000000e+00  3.124340341997822e-09 -3.294297951019366e-10  1.477582127096255e-06 -1.231136115905723e-04 
 1.531087461682112e+02  1.000000000000000e+00  0.000000000000000e+00  3.121283231877214e-09 -3.317149965354014e-10  1.477267176364094e-06 -1.245392000035294e-04 
 1.548816618912565e+02  1.000000000000000e+00  0.000000000000000e+00  3.118415525804608e-09 -3.341066696037603e-10  1.476944892164767e-06 -1.259812959514827e-04 
 1.566751070108234e+02  1.000000000000000e+00  0.000000000000000e+00  3.114934754577803e-09 -3.361907925712813e-10  1.476615096418499e-06 -1.274400905828857e-04 
 1.584893192461199e+02  1.000000000000000e+00  0.000000000000000e+00  3.112086366385824e-09 -3.386126567670161e-10  1.476277622369793e-06 -1.289157772590493e-04 
 1.603245390690128e+02  1.000000000000000e+00  0.000000000000000e+00  3.108677981700225e-09 -3.407520160134125e-10  1.475932288830251e-06 -1.304085515807050e-04 
 1.621810097359018e+02  1.000000000000000e+00  0.000000000000000e+00  3.105480983478515e-09 -3.430038883944688e-10  1.475578908394226e-06 -1.319186114136407e-04 
 1.640589773199628e+02  1.000000000000000e+00  0.000000000000000e+00  3.102138101951368e-09 -3.451840405307646e-10  1.475217297430831e-06 -1.334461569144059e-04 
 1.659586907437651e+02  1.000000000000000e+00  0.000000000000000e+00  3.098760137376644e-09 -3.473516835218651e-10  1.474847264759660e-06 -1.349913905574942e-04 
 1.678804018122651e+02  1.000000000000000e+00  0.000000000000000e+00  3.095475653580593e-09 -3.495697329151080e-10  1.474468610762614e-06 -1.365545171619793e-04 
 1.698243652461837e+02  1.000000000000000e+00  0.000000000000000e+00  3.092046840791340e-09 -3.517209566671932e-10  1.474081140262484e-06 -1.381357439183755e-04 
 1.717908387157682e+02  1.000000000000000e+00  0.000000000000000e+00  3.088658440120184e-09 -3.538937301842890e-10  1.473684640984629e-06 -1.397352804167474e-04 
 1.737800828749470e+02  1.000000000000000e+00  0.000000000000000e+00  3.085379507439256e-09 -3.561318107005596e-10  1.473278907981879e-06 -1.413533386737687e-04 
 1.757923613958789e+02  1.000000000000000e+00  0.000000000000000e+00  3.081742416810584e-09 -3.581676323257711e-10  1.472863724760742e-06 -1.429901331612971e-04 
 1.778279410039020e+02  1.000000000000000e+00  0.000000000000000e+00  3.077974319865007e-09 -3.601228166312444e-10  1.472438867944348e-06 -1.446458808346941e-04 
 1.798870915128886e+02  1.000000000000000e+00  0.000000000000000e+00  3.074413612580429e-09 -3.622053697824399e-10  1.472004116154224e-06 -1.463208011612004e-04 
 1.819700858610083e+02  1.000000000000000e+00  0.000000000000000e+00  3.070937948379537e-09 -3.642061249754715e-10  1.471559239796250e-06 -1.480151161498302e-04 
 1.840772001469057e+02  1.000000000000000e+00  0.000000000000000e+00  3.067299081394026e-09 -3.662342642693495e-10  1.471103996397716e-06 -1.497290503802553e-04 
 1.862087136662969e+02  1.000000000000000e+00  0.000000000000000e+00  3.063549636195262e-09 -3.681988774203310e-10  1.470638153922010e-06 -1.514628310322715e-04 
 1.883649089489904e+02  1.000000000000000e+00  0.000000000000000e+00  3.059640096836347e-09 -3.700560664648099e-10  1.470161457906016e-06 -1.532166879168437e-04 
 1.905460717963352e+02  1.000000000000000e+00  0.000000000000000e+00  3.055891761860607e-09 -3.720077055104944e-10  1.469673658327508e-06 -1.549908535055397e-04 
 1.927524913191042e+02  1.000000000000000e+00  0.000000000000000e+00  3.051874530868304e-09 -3.737893646406192e-10  1.469174498947012e-06 -1.567855629620609e-04 
 1.949844599758153e+02  1.000000000000000e+00  0.000000000000000e+00  3.048144181505563e-09 -3.757439744002562e-10  1.468663708426021e-06 -1.586010541732173e-04 
 1.972422736114962e+02  1.000000000000000e+00  0.000000000000000e+00  3.044126728468655e-09 -3.775043240516768e-10  1.468141022753500e-06 -1.604375677802936e-04 
 1.995262314968990e+02  1.000000000000000e+00  0.000000000000000e+00  3.040176776991643e-09 -3.793067307456249e-10  1.467606162375290e-06 -1.622953472109775e-04 
 2.018366363681672e+02  1.000000000000000e+00  0.000000000000000e+00  3.036119577970453e-09 -3.810243319045826e-10  1.467058841964075e-06 -1.641746387120607e-04 
 2.041737944669642e+02  1.000000000000000e+00  0.000000000000000e+00  3.031947581888517e-09 -3.826545196428544e-10  1.466498773750047e-06 -1.660756913814337e-04 
 2.065380155810644e+02  1.000000000000000e+00  0.000000000000000e+00  3.028033157548293e-09 -3.844451037355277e-10  1.465925660415479e-06 -1.679987572014903e-04 
 2.089296130854155e+02  1.000000000000000e+00  0.000000000000000e+00  3.023797656709348e-09 -3.860074150238962e-10  1.465339195538817e-06 -1.699440910723938e-04 
 2.113489039836764e+02  1.000000000000000e+00  0.000000000000000e+00  3.019559047245934e-09 -3.875559018943087e-10  1.464739072698507e-06 -1.719119508459108e-04 
 2.137962089502351e+02  1.000000000000000e+00  0.000000000000000e+00  3.015518723614719e-09 -3.892239752885645e-10  1.464124970596004e-06 -1.739025973597697e-04 
 2.162718523727141e+02  1.000000000000000e+00  0.000000000000000e+00  3.011313864931253e-09 -3.907619504394440e-10  1.463496564602096e-06 -1.759162944718736e-04 
 2.187761623949674e+02  1.000000000000000e+00  0.000000000000000e+00  3.006937587812786e-09 -3.921603933785840e-10  1.462853520983742e-06 -1.779533090954994e-04 
 2.213094709605761e+02  1.000000000000000e+00  0.000000000000000e+00  3.002692983145039e-09 -3.936372055678324e-10  1.462186976830537e-06 -1.800139112298928e-04 
 2.238721138568465e+02  1.000000000000000e+00  0.000000000000000e+00  2.998443049406774e-09 -3.951594549354061e-10  1.461513596368036e-06 -1.820983740180958e-04 
 2.264644307593186e+02  1.000000000000000e+00  0.000000000000000e+00  2.994146264256869e-09 -3.965598274020474e-10  1.460824563537244e-06 -1.842069737422651e-04 
 2.290867652767901e+02  1.000000000000000e+00  0.000000000000000e+00  2.989680503162617e-09 -3.978166649451585e-10  1.460119481322408e-06 -1.863399898980994e-04 
 2.317394649968608e+02  1.000000000000000e+00  0.000000000000000e+00  2.985419689238711e-09 -3.991981776879042e-10  1.459397972691789e-06 -1.884977052146187e-04 
 2.344228815320054e+02  1.000000000000000e+00  0.000000000000000e+00  2.980888869075216e-09 -4.003516539011036e-10  1.458659660835693e-06 -1.906804056943387e-04 
 2.371373705661788e+02  1.000000000000000e+00  0.000000000000000e+00  2.976751511951647e-09 -4.014580809170824e-10  1.457903938462124e-06 -1.928883806517240e-04 
 2.398832919019625e+02  1.000000000000000e+00  0.000000000000000e+00  2.972336821116528e-09 -4.026504763019866e-10  1.457130829329856e-06 -1.951219227514343e-04 
 2.426610095082552e+02  1.000000000000000e+00  0.000000000000000e+00  2.967702306122533e-09 -4.036430504888913e-10  1.456339711936039e-06 -1.973813280468278e-04 
 2.454708915685169e+02  1.000000000000000e+00  0.000000000000000e+00  2.963277623280192e-09 -4.047728384296099e-10  1.455530169280905e-06 -1.996668960196013e-04 
 2.483133105295710e+02  1.000000000000000e+00  0.000000000000000e+00  2.958675748843120e-09 -4.057307128072993e-10  1.454701767933386e-06 -2.019789296190686e-04 
 2.511886431509722e+02  1.000000000000000e+00  0.000000000000000e+00  2.954028355262039e-09 -4.066163124250271e-10  1.453854071353788e-06 -2.043177353027450e-04 
 2.540972705549449e+02  1.000000000000000e+00  0.000000000000000e+00  2.949316790790135e-09 -4.074207269840792e-10  1.452986629013608e-06 -2.066836230765338e-04 
 2.570395782769009e+02  1.000000000000000e+00  0.000000000000000e+00  2.944793964232417e-09 -4.083463668114531e-10  1.452098982390737e-06 -2.090769065361984e-04 
 2.600159563165419e+02  1.000000000000000e+00  0.000000000000000e+00  2.940127474815313e-09 -4.091170212393129e-10  1.451190658308121e-06 -2.114979029088217e-04 
 2.630267991895531e+02  1.000000000000000e+00  0.000000000000000e+00  2.935518272906279e-09 -4.098936832314104e-10  1.450261177371459e-06 -2.139469330946363e-04 
 2.660725059798961e+02  1.000000000000000e+00  0.000000000000000e+00  2.930753195684588e-09 -4.105065072861503e-10  1.449310047085817e-06 -2.164243217094839e-04 
 2.691534803927069e+02  1.000000000000000e+00  0.000000000000000e+00  2.926171083217355e-09 -4.112313428152048e-10  1.448336759413138e-06 -2.189303971288812e-04 
 2.722701308078068e+02  1.000000000000000e+00  0.000000000000000e+00  2.921356934137975e-09 -4.117219599920809e-10  1.447340804539010e-06 -2.214654915297119e-04 
 2.754228703338323e+02  1.000000000000000e+00  0.000000000000000e+00  2.916674457509316e-09 -4.122787745691660e-10  1.446321648002069e-06 -2.240299409363303e-04 
 2.786121168629929e+02  1.000000000000000e+00  0.000000000000000e+00  2.911902274860267e-09 -4.127181636541782e-10  1.445278756451174e-06 -2.266240852629432e-04 
 2.818382931264615e+02  1.000000000000000e+00  0.000000000000000e+00  2.907077467639851e-09 -4.130574138478706e-10  1.444211568557563e-06 -2.292482683609660e-04 
 2.851018267504073e+02  1.000000000000000e+00  0.000000000000000e+00  2.902394102832773e-09 -4.134848927551775e-10  1.443119524324743e-06 -2.319028380623986e-04 
 2.884031503126772e+02  1.000000000000000e+00  0.000000000000000e+00  2.897239781418648e-09 -4.135376946207050e-10  1.442002013574140e-06 -2.345881462315895e-04 
 2.917427014001335e+02  1.000000000000000e+00  0.000000000000000e+00  2.892573958135358e-09 -4.138834017262255e-10  1.440858501844389e-06 -2.373045487950284e-04 
 2.951209226666555e+02  1.000000000000000e+00  0.000000000000000e+00  2.887764249948077e-09 -4.140474011554967e-10  1.439688357196545e-06 -2.400524058123850e-04 
 2.985382618918131e+02  1.000000000000000e+00  0.000000000000000e+00  2.882992289343633e-09 -4.141940837076689e-10  1.438490954797089e-06 -2.428320815093361e-04 
 3.019951720402190e+02  1.000000000000000e+00  0.000000000000000e+00  2.878198568367907e-09 -4.142654902927409e-10  1.437265660042542e-06 -2.456439443283849e-04 
 3.054921113215689e+02  1.000000000000000e+00  0.000000000000000e+00  2.873427051852673e-09 -4.143133373814452e-10  1.436011825006744e-06 -2.484883669785129e-04 
 3.090295432513769e+02  1.000000000000000e+00  0.000000000000000e+00  2.868657533738883e-09 -4.143002718779050e-10  1.434728786442463e-06 -2.513657264849944e-04 
 3.126079367124136e+02  1.000000000000000e+00  0.000000000000000e+00  2.863880910197736e-09 -4.142291789525215e-10  1.433415860230269e-06 -2.542764042380411e-04 
 3.162277660168562e+02  1.000000000000000e+00  0.000000000000000e+00  2.859271264199492e-09 -4.140465942651349e-10  1.432072354923264e-06 -2.572207860448306e-04 
 3.198895109691583e+02  1.000000000000000e+00  0.000000000000000e+00  2.854483316383494e-09 -4.138455777613452e-10  1.430697551096927e-06 -2.601992621796785e-04 
 3.235936569296470e+02  1.000000000000000e+00  0.000000000000000e+00  2.849719349384827e-09 -4.136140675835634e-10  1.429290727994470e-06 -2.632122274357982e-04 
 3.273406948788572e+02  1.000000000000000e+00  0.000000000000000e+00  2.845006896734503e-09 -4.133661763035777e-10  1.427851133550817e-06 -2.662600811786444e-04 
 3.311311214826103e+02  1.000000000000000e+00  0.000000000000000e+00  2.840166324347138e-09 -4.129345145442893e-10  1.426378008373419e-06 -2.693432273969011e-04 
 3.349654391578471e+02  1.000000000000000e+00  0.000000000000000e+00  2.835370160880757e-09 -4.124722167552636e-10  1.424870568422776e-06 -2.724620747587782e-04 
 3.388441561392223e+02  1.000000000000000e+00  0.000000000000000e+00  2.830622625182855e-09 -4.120000879088287e-10  1.423319493376596e-06 -2.756170366560147e-04 
 3.427677865464703e+02  1.000000000000000e+00  0.000000000000000e+00  2.825947476026158e-09 -4.116592083490064e-10  1.421740984719477e-06 -2.788085312940459e-04 
 3.467368504525519e+02  1.000000000000000e+00  0.000000000000000e+00  2.821278766163005e-09 -4.111443297361711e-10  1.420125732787270e-06 -2.820369816855109e-04 
 3.507518739525885e+02  1.000000000000000e+00  0.000000000000000e+00  2.816540112249299e-09 -4.104884379998487e-10  1.418472857395159e-06 -2.853028157620138e-04 
 3.548133892335962e+02  1.000000000000000e+00  0.000000000000000e+00  2.811910482236613e-09 -4.098904282938583e-10  1.416781483687402e-06 -2.886064664059237e-04 
 3.589219346450263e+02  1.000000000000000e+00  0.000000000000000e+00  2.807299726015344e-09 -4.092438473605325e-10  1.415050711939259e-06 -2.919483715123715e-04 
 3.630780547701227e+02  1.000000000000000e+00  0.000000000000000e+00  2.802512000243951e-09 -4.083140711392402e-10  1.413279625772645e-06 -2.953289740466800e-04 
 3.672823004981063e+02  1.000000000000000e+00  0.000000000000000e+00  2.797936327070261e-09 -4.075606495628110e-10  1.411467285272749e-06 -2.987487221036913e-04 
 3.715352290971944e+02  1.000000000000000e+00  0.000000000000000e+00  2.793278719437353e-09 -4.066405924008434e-10  1.409612730984833e-06 -3.022080689666908e-04 
 3.758374042884663e+02  1.000000000000000e+00  0.000000000000000e+00  2.788628439276408e-09 -4.056621279125913e-10  1.407714979251296e-06 -3.057074731678836e-04 
 3.801893963205836e+02  1.000000000000000e+00  0.000000000000000e+00  2.784111829967628e-09 -4.047588048148448e-10  1.405773021545542e-06 -3.092473985494212e-04 
 3.845917820453763e+02  1.000000000000000e+00  0.000000000000000e+00  2.779489305382299e-09 -4.036630929689367e-10  1.403785832909676e-06 -3.128283143235035e-04 
 3.890451449943037e+02  1.000000000000000e+00  0.000000000000000e+00  2.774655394333081e-09 -4.023546408700972e-10  1.401752323992866e-06 -3.164506951420604e-04 
 3.935500754558008e+02  1.000000000000000e+00  0.000000000000000e+00  2.770190077328039e-09 -4.012979140611758e-10  1.399671480939446e-06 -3.201150211360245e-04 
 3.981071705535209e+02  1.000000000000000e+00  0.000000000000000e+00  2.765700557461059e-09 -4.001154136202938e-10  1.397542167991261e-06 -3.238217780131794e-04 
 4.027170343254830e+02  1.000000000000000e+00  0.000000000000000e+00  2.761171735699008e-09 -3.988091709628515e-10  1.395363257161719e-06 -3.275714570988704e-04 
 4.073802778041370e+02  1.000000000000000e+00  0.000000000000000e+00  2.756970873818432e-09 -3.975596997332458e-10  1.393133592486606e-06 -3.313645554088350e-04 
 4.120975190973548e+02  1.000000000000000e+00  0.000000000000000e+00  2.752533090344400e-09 -3.962030689966776e-10  1.390851994464981e-06 -3.352015757135137e-04 
 4.168693834703603e+02  1.000000000000000e+00  0.000000000000000e+00  2.748262062368667e-09 -3.950047021243630e-10  1.388517250067167e-06 -3.390830266047960e-04 
 4.216965034286075e+02  1.000000000000000e+00  0.000000000000000e+00  2.743932636661839e-09 -3.936368410048519e-10  1.386128122504715e-06 -3.430094225645744e-04 
 4.265795188016182e+02  1.000000000000000e+00  0.000000000000000e+00  2.739581006494518e-09 -3.922906771560569e-10  1.383674794297463e-06 -3.469812840282702e-04 
 4.315190768277911e+02  1.000000000000000e+00  0.000000000000000e+00  2.735276227738836e-09 -3.907832366078015e-10  1.381173071912656e-06 -3.509991374676486e-04 
 4.365158322401921e+02  1.000000000000000e+00  0.000000000000000e+00  2.731048498461064e-09 -3.892966060192043e-10  1.378613075697643e-06 -3.550635154408883e-04 
 4.415704473533390e+02  1.000000000000000e+00  0.000000000000000e+00  2.726797898588984e-09 -3.877013828794233e-10  1.375993449848067e-06 -3.591749566759355e-04 
 4.466835921509900e+02  1.000000000000000e+00  0.000000000000000e+00  2.722557956857941e-09 -3.860270031148111e-10  1.373312806141058e-06 -3.633340061392688e-04 
 4.518559443749496e+02  1.000000000000000e+00  0.000000000000000e+00  2.718400837764534e-09 -3.843804530852431e-10  1.370569721270698e-06 -3.675412151076731e-04 
 4.570881896149025e+02  1.000000000000000e+00  0.000000000000000e+00  2.714337199449801e-09 -3.827980557861120e-10  1.367762743953449e-06 -3.717971412408039e-04 
 4.623810213992882e+02  1.000000000000000e+00  0.000000000000000e+00  2.710211388645689e-09 -3.810246609328369e-10  1.364890382049566e-06 -3.761023486566695e-04 
 4.677351412872264e+02  1.000000000000000e+00  0.000000000000000e+00  2.705908830336057e-09 -3.790749479723118e-10  1.361951084799529e-06 -3.804574080115074e-04 
 4.731512589615090e+02  1.000000000000000e+00  0.000000000000000e+00  2.701936674398553e-09 -3.773495288483288e-10  1.358943353846342e-06 -3.848628965497427e-04 
 4.786300923226673e+02  1.000000000000000e+00  0.000000000000000e+00  2.697938983331483e-09 -3.755024981818948e-10  1.355865564711678e-06 -3.893193982192085e-04 
 4.841723675841287e+02  1.000000000000000e+00  0.000000000000000e+00  2.694200196273755e-09 -3.736237546561258e-10  1.352716083591332e-06 -3.938275037238923e-04 
 4.897788193684759e+02  1.000000000000000e+00  0.000000000000000e+00  2.690254907733447e-09 -3.716695167236238e-10  1.349493240709876e-06 -3.983878106070295e-04 
 4.954501908048202e+02  1.000000000000000e+00  0.000000000000000e+00  2.686347144731371e-09 -3.696820803037598e-10  1.346195332985189e-06 -4.030009233312957e-04 
 5.011872336273027e+02  1.000000000000000e+00  0.000000000000000e+00  2.682571276224621e-09 -3.679755182744819e-10  1.342812052662623e-06 -4.076674533549598e-04 
 5.069907082747351e+02  1.000000000000000e+00  0.000000000000000e+00  2.678814059464685e-09 -3.660513788242802e-10  1.339358717489247e-06 -4.123880192277347e-04 
 5.128613839913960e+02  1.000000000000000e+00  0.000000000000000e+00  2.675044852296082e-09 -3.640061751910943e-10  1.335824942216846e-06 -4.171632466509873e-04 
 5.188000389289926e+02  1.000000000000000e+00  0.000000000000000e+00  2.671300514123232e-09 -3.619129599415245e-10  1.332208855453487e-06 -4.219937685743786e-04 
 5.248074602498045e+02  1.000000000000000e+00  0.000000000000000e+00  2.667640774944857e-09 -3.598726751167548e-10  1.328508539177875e-06 -4.268802252770744e-04 
 5.308844442310207e+02  1.000000000000000e+00  0.000000000000000e+00  2.664646281402838e-09 -3.576301972662080e-10  1.324721583095823e-06 -4.318232644597595e-04 
 5.370317963702854e+02  1.000000000000000e+00  0.000000000000000e+00  2.661070919174335e-09 -3.555513512732908e-10  1.320846878538617e-06 -4.368235413009335e-04 
 5.432503314924663e+02  1.000000000000000e+00  0.000000000000000e+00  2.657551512186274e-09 -3.534608106420603e-10  1.316881919732893e-06 -4.418817185879578e-04 
 5.495408738576581e+02  1.000000000000000e+00  0.000000000000000e+00  2.654201303187165e-09 -3.511835449721869e-10  1.312824605026464e-06 -4.469984667750668e-04 
 5.559042572704375e+02  1.000000000000000e+00  0.000000000000000e+00  2.650774266754752e-09 -3.490842896323142e-10  1.308672783695286e-06 -4.521744640799093e-04 
 5.623413251903834e+02  1.000000000000000e+00  0.000000000000000e+00  2.647340791028796e-09 -3.470447549670276e-10  1.304415704783679e-06 -4.574103965699588e-04 
 5.688529308438762e+02  1.000000000000000e+00  0.000000000000000e+00  2.643958385561973e-09 -3.448317207406688e-10  1.300068214860062e-06 -4.627069582691549e-04 
 5.754399373371921e+02  1.000000000000000e+00  0.000000000000000e+00  2.640644147788862e-09 -3.426542972430856e-10  1.295619459718012e-06 -4.680648512248547e-04 
 5.821032177709070e+02  1.000000000000000e+00  0.000000000000000e+00  2.637329243881936e-09 -3.403596719785476e-10  1.291067078579289e-06 -4.734847856188417e-04 
 5.888436553556251e+02  1.000000000000000e+00  0.000000000000000e+00  2.633919971017917e-09 -3.380314468007933e-10  1.286408632061864e-06 -4.789674798633813e-04 
 5.956621435290471e+02  1.000000000000000e+00  0.000000000000000e+00  2.630700768335714e-09 -3.357435926498731e-10  1.281641706096792e-06 -4.845136606656148e-04 
 6.025595860743948e+02  1.000000000000000e+00  0.000000000000000e+00  2.627698947321733e-09 -3.333543858704061e-10  1.276763742730225e-06 -4.901240631721689e-04 
 6.095368972402067e+02  1.000000000000000e+00  0.000000000000000e+00  2.624532147166292e-09 -3.309733667689052e-10  1.271772159583406e-06 -4.957994310335390e-04 
 6.165950018615202e+02  1.000000000000000e+00  0.000000000000000e+00  2.621485473142116e-09 -3.289308458855750e-10  1.266655757170554e-06 -5.015405165073592e-04 
 6.237348354824578e+02  1.000000000000000e+00  0.000000000000000e+00  2.618380401386844e-09 -3.264796223081609e-10  1.261428927090691e-06 -5.073480805750799e-04 
 6.309573444802323e+02  1.000000000000000e+00  0.000000000000000e+00  2.615375249703789e-09 -3.241255931187015e-10  1.256080349065769e-06 -5.132228930165765e-04 
 6.382634861905883e+02  1.000000000000000e+00  0.000000000000000e+00  2.612412286495669e-09 -3.217817506591739e-10  1.250607188030273e-06 -5.191657325287601e-04 
 6.456542290346956e+02  1.000000000000000e+00  0.000000000000000e+00  2.609303662026718e-09 -3.192814400452409e-10  1.245006510774971e-06 -5.251773868362009e-04 
 6.531305526475130e+02  1.000000000000000e+00  0.000000000000000e+00  2.606433291418853e-09 -3.169281323923273e-10  1.239275405851004e-06 -5.312586527562922e-04 
 6.606934480076371e+02  1.000000000000000e+00  0.000000000000000e+00  2.603812054857713e-09 -3.145580170036549e-10  1.233410809931001e-06 -5.374103363605138e-04 
 6.683439175686563e+02  1.000000000000000e+00  0.000000000000000e+00  2.600974990940585e-09 -3.123036094055537e-10  1.227401057457556e-06 -5.436332530406887e-04 
 6.760829753920240e+02  1.000000000000000e+00  0.000000000000000e+00  2.598219417393466e-09 -3.099190225199638e-10  1.221260069073082e-06 -5.499282276447876e-04 
 6.839116472814720e+02  1.000000000000000e+00  0.000000000000000e+00  2.595440529162829e-09 -3.073747406774630e-10  1.214976041552518e-06 -5.562960945571796e-04 
 6.918309709189797e+02  1.000000000000000e+00  0.000000000000000e+00  2.592661418887587e-09 -3.050255494149376e-10  1.208545610253964e-06 -5.627376978380508e-04 
 6.998419960023173e+02  1.000000000000000e+00  0.000000000000000e+00  2.589993330914808e-09 -3.025586382994494e-10  1.201965425412510e-06 -5.692538912930646e-04 
 7.079457843841823e+02  1.000000000000000e+00  0.000000000000000e+00  2.588428138494692e-09 -3.000788071803526e-10  1.195231547290732e-06 -5.758455386431027e-04 
 7.161434102129469e+02  1.000000000000000e+00  0.000000000000000e+00  2.585813119182490e-09 -2.977646584162441e-10  1.188332697132921e-06 -5.825135135952658e-04 
 7.244359600750356e+02  1.000000000000000e+00  0.000000000000000e+00  2.583329106187193e-09 -2.954388928595383e-10  1.181281902740139e-06 -5.892586999899289e-04 
 7.328245331389502e+02  1.000000000000000e+00  0.000000000000000e+00  2.580857083600563e-09 -2.930521766008817e-10  1.174066874831681e-06 -5.960819918850709e-04 
 7.413102413009642e+02  1.000000000000000e+00  0.000000000000000e+00  2.578237401351657e-09 -2.905022120211140e-10  1.166683758491160e-06 -6.029842937075904e-04 
 7.498942093325031e+02  1.000000000000000e+00  0.000000000000000e+00  2.576005853072161e-09 -2.879998277621060e-10  1.159128698358103e-06 -6.099665203257315e-04 
 7.585775750292316e+02  1.000000000000000e+00  0.000000000000000e+00  2.573635748959191e-09 -2.855649953699760e-10  1.151389134701475e-06 -6.170295972171965e-04 
 7.673614893618674e+02  1.000000000000000e+00  0.000000000000000e+00  2.571256541017419e-09 -2.832784396595775e-10  1.143477985854346e-06 -6.241744606226300e-04 
 7.762471166287407e+02  1.000000000000000e+00  0.000000000000000e+00  2.568951051884483e-09 -2.808537240663392e-10  1.135382593275835e-06 -6.314020575454980e-04 
 7.852356346101215e+02  1.000000000000000e+00  0.000000000000000e+00  2.566546974946959e-09 -2.783789614839785e-10  1.127098605113730e-06 -6.387133460133182e-04 
 7.943282347243318e+02  1.000000000000000e+00  0.000000000000000e+00  2.564541023986067e-09 -2.759716008233354e-10  1.118621690165966e-06 -6.461092951028184e-04 
 8.035261221856681e+02  1.000000000000000e+00  0.000000000000000e+00  2.562288381469102e-09 -2.736571351469319e-10  1.109938769783270e-06 -6.535908851395387e-04 
 8.128305161641507e+02  1.000000000000000e+00  0.000000000000000e+00  2.560147205343810e-09 -2.712941878525027e-10  1.101062349961879e-06 -6.611591078072140e-04 
 8.222426499471233e+02  1.000000000000000e+00  0.000000000000000e+00  2.557831946248257e-09 -2.686822992824939e-10  1.091979143552635e-06 -6.688149662668383e-04 
 8.317637711027238e+02  1.000000000000000e+00  0.000000000000000e+00  2.555970990414380e-09 -2.663184935167845e-10  1.082684391029431e-06 -6.765594752656366e-04 
 8.413951416452486e+02  1.000000000000000e+00  0.000000000000000e+00  2.553865119381271e-09 -2.640433355901445e-10  1.073164573650587e-06 -6.843936613301591e-04 
 8.511380382024306e+02  1.000000000000000e+00  0.000000000000000e+00  2.552684508216885e-09 -2.616418406800949e-10  1.063431353198752e-06 -6.923185628802011e-04 
 8.609937521846555e+02  1.000000000000000e+00  0.000000000000000e+00  2.550525790567804e-09 -2.591336067166855e-10  1.053471818668328e-06 -7.003352303525727e-04 
 8.709635899561362e+02  1.000000000000000e+00  0.000000000000000e+00  2.548803168522795e-09 -2.567884422894490e-10  1.043280328794083e-06 -7.084447263193661e-04 
 8.810488730080704e+02  1.000000000000000e+00  0.000000000000000e+00  2.546820754290025e-09 -2.545305939757533e-10  1.032842894765906e-06 -7.166481256839087e-04 
 8.912509381338025e+02  1.000000000000000e+00  0.000000000000000e+00  2.544938482174075e-09 -2.521988713786311e-10  1.022171093545410e-06 -7.249465158049858e-04 
 9.015711376060145e+02  1.000000000000000e+00  0.000000000000000e+00  2.542914101510974e-09 -2.497247808931971e-10  1.011250684523901e-06 -7.333409966249528e-04 
 9.120108393559681e+02  1.000000000000000e+00  0.000000000000000e+00  2.541289845225947e-09 -2.473134886986361e-10  1.000075936508082e-06 -7.418326807921123e-04 
 9.225714271548222e+02  1.000000000000000e+00  0.000000000000000e+00  2.539456867012291e-09 -2.451754252093610e-10  9.886323479868508e-07 -7.504226938673442e-04 
 9.332543007970509e+02  1.000000000000000e+00  0.000000000000000e+00  2.537677845637631e-09 -2.428187746358890e-10  9.769309534668480e-07 -7.591121744549494e-04 
 9.440608762859839e+02  1.000000000000000e+00  0.000000000000000e+00  2.535972765116412e-09 -2.403200838200018e-10  9.649569692182780e-07 -7.679022743348445e-04 
 9.549925860214972e+02  1.000000000000000e+00  0.000000000000000e+00  2.532921872244742e-09 -2.340220946715765e-10  9.526955528915693e-07 -7.767941585851589e-04 
 9.660508789898754e+02  1.000000000000000e+00  0.000000000000000e+00  2.531292730978407e-09 -2.318423023006666e-10  9.401572835798788e-07 -7.857890058340917e-04 
 9.772372209558735e+02  1.000000000000000e+00  0.000000000000000e+00  2.530554654711636e-09 -2.294306978558799e-10  9.273265098030947e-07 -7.948880083372203e-04 
 9.885530946570024e+02  1.000000000000000e+00  0.000000000000000e+00  2.530123666133477e-09 -2.313919191887850e-10  9.141887791219716e-07 -8.040923721151180e-04 
 1.000000000000064e+03  1.000000000000000e+00  0.000000000000000e+00  2.528507403454228e-09 -2.290837600995785e-10  9.007537813410238e-07 -8.134033172148899e-04 
 1.011579454259964e+03  1.000000000000000e+00  0.000000000000000e+00  2.527001718988231e-09 -2.267236960239866e-10  8.870058152421478e-07 -8.228220777902689e-04 
 1.023292992280820e+03  1.000000000000000e+00  0.000000000000000e+00  2.525388564933451e-09 -2.245888791781170e-10  8.729290961184688e-07 -8.323499022431518e-04 
 1.035142166679411e+03  1.000000000000000e+00  0.000000000000000e+00  2.523720343816649e-09 -2.222747410391898e-10  8.585332089694475e-07 -8.419880535097063e-04 
 1.047128548050967e+03  1.000000000000000e+00  0.000000000000000e+00  2.522432707152689e-09 -2.199955374121432e-10  8.438020300260973e-07 -8.517378090711091e-04 
 1.059253725177357e+03  1.000000000000000e+00  0.000000000000000e+00  2.520899489155681e-09 -2.179142016573571e-10  8.287191644029690e-07 -8.616004612413020e-04 
 1.071519305237676e+03  1.000000000000000e+00  0.000000000000000e+00  2.519311648185862e-09 -2.156702343840758e-10  8.132936999416529e-07 -8.715773173245660e-04 
 1.083926914021273e+03  1.000000000000000e+00  0.000000000000000e+00  2.518874664403370e-09 -2.135437120100864e-10  7.974999851612097e-07 -8.816696996867019e-04 
 1.096478196143256e+03  1.000000000000000e+00  0.000000000000000e+00  2.517320352168895e-09 -2.112678879496316e-10  7.813475386697633e-07 -8.918789460950566e-04 
 1.109174815262473e+03  1.000000000000000e+00  0.000000000000000e+00  2.516162389554211e-09 -2.090943591230923e-10  7.648188864450844e-07 -9.022064097251336e-04 
 1.122018454302036e+03  1.000000000000000e+00  0.000000000000000e+00  2.514719765756013e-09 -2.069836501630493e-10  7.478966801421905e-07 -9.126534594647256e-04 
 1.135010815672388e+03  1.000000000000000e+00  0.000000000000000e+00  2.513445229723743e-09 -2.047171429771233e-10  7.305890279418747e-07 -9.232214800784784e-04 
 1.148153621496957e+03  1.000000000000000e+00  0.000000000000000e+00  2.512072327931492e-09 -2.026950207071471e-10  7.128697059322064e-07 -9.339118722863041e-04 
 1.161448613840418e+03  1.000000000000000e+00  0.000000000000000e+00  2.510653684950626e-09 -2.005911833120530e-10  6.947463710993418e-07 -9.447260531202182e-04 
 1.174897554939606e+03  1.000000000000000e+00  0.000000000000000e+00  2.509519037019459e-09 -1.985439499439801e-10  6.761923683207272e-07 -9.556654559268953e-04 
 1.188502227437096e+03  1.000000000000000e+00  0.000000000000000e+00  2.508994789707231e-09 -1.964661947668686e-10  6.572144872762919e-07 -9.667315307470374e-04 
 1.202264434617491e+03  1.000000000000000e+00  0.000000000000000e+00  2.508715679638840e-09 -1.977951550376916e-10  6.377864658624333e-07 -9.779257443108722e-04 
 1.216186000646447e+03  1.000000000000000e+00  0.000000000000000e+00  2.507348773050921e-09 -1.956593988390598e-10  6.179146296858562e-07 -9.892495804343130e-04 
 1.230268770812462e+03  1.000000000000000e+00  0.000000000000000e+00  2.505495144689007e-09 -1.903671621381053e-10  5.975713950334693e-07 -1.000704540012690e-03 
 1.244514611771466e+03  1.000000000000000e+00  0.000000000000000e+00  2.504389140511876e-09 -1.882031095638143e-10  5.767630273378899e-07 -1.012292141423574e-03 
 1.258925411794249e+03  1.000000000000000e+00  0.000000000000000e+00  2.503165896783344e-09 -1.863309537046554e-10  5.554614510572264e-07 -1.024013920519539e-03 
 1.273503081016745e+03  1.000000000000000e+00  0.000000000000000e+00  2.502943408089209e-09 -1.842190796609577e-10  5.336719990367556e-07 -1.035871431046777e-03 
 1.288249551693218e+03  1.000000000000000e+00  0.000000000000000e+00  2.501742368821169e-09 -1.823150701588117e-10  5.113669157008616e-07 -1.047866244631116e-03 
 1.303166778452385e+03  1.000000000000000e+00  0.000000000000000e+00  2.500656570703086e-09 -1.804190466730277e-10  4.885424482736767e-07 -1.059999951198971e-03 
 1.318256738556493e+03  1.000000000000000e+00  0.000000000000000e+00  2.499426665636406e-09 -1.783838781983099e-10  4.651950824552387e-07 -1.072274159031618e-03 
 1.333521432163411e+03  1.000000000000000e+00  0.000000000000000e+00  2.499151330326299e-09 -1.795206882454492e-10  4.412953686916410e-07 -1.084690495003045e-03 
 1.348962882591742e+03  1.000000000000000e+00  0.000000000000000e+00  2.498156792540840e-09 -1.775021128344600e-10  4.168476781529762e-07 -1.097250604919614e-03 
 1.364583136589014e+03  1.000000000000000e+00  0.000000000000000e+00  2.497094309106274e-09 -1.725874341444028e-10  3.918215556453220e-07 -1.109956153551599e-03 
 1.380384264602976e+03  1.000000000000000e+00  0.000000000000000e+00  2.496201689794475e-09 -1.707594434775805e-10  3.662131629056375e-07 -1.122808824972052e-03 
 1.396368361056030e+03  1.000000000000000e+00  0.000000000000000e+00  2.495273099256679e-09 -1.688184861001196e-10  3.400169954481669e-07 -1.135810322813425e-03 
 1.412537544622847e+03  1.000000000000000e+00  0.000000000000000e+00  2.494057627089319e-09 -1.669924443951226e-10  3.132020900409316e-07 -1.148962370345879e-03 
 1.428893958511197e+03  1.000000000000000e+00  0.000000000000000e+00  2.493202311271148e-09 -1.651716569506939e-10  2.857628138563939e-07 -1.162266710825041e-03 
 1.445439770746023e+03  1.000000000000000e+00  0.000000000000000e+00  2.493148354432151e-09 -1.632217904671412e-10  2.576841744428293e-07 -1.175725107719170e-03 
 1.462177174456815e+03  1.000000000000000e+00  0.000000000000000e+00  2.491976625051961e-09 -1.614343264101648e-10  2.289606224614715e-07 -1.189339344947292e-03 
 1.479108388168306e+03  1.000000000000000e+00  0.000000000000000e+00  2.491155504102949e-09 -1.596850904544284e-10  1.995595226844671e-07 -1.203111226931846e-03 
 1.496235656094533e+03  1.000000000000000e+00  0.000000000000000e+00  2.490213146799647e-09 -1.578628061604803e-10  1.694737541413360e-07 -1.217042579164102e-03 
 1.513561248436309e+03  1.000000000000000e+00  0.000000000000000e+00  2.490143424793700e-09 -1.561584138908001e-10  1.386869770136911e-07 -1.231135248177658e-03 
 1.531087461682132e+03  1.000000000000000e+00  0.000000000000000e+00  2.489302541874849e-09 -1.543000002941775e-10  1.071922646200818e-07 -1.245391101921636e-03 
 1.548816618912585e+03  1.000000000000000e+00  0.000000000000000e+00  2.488185879556681e-09 -1.525738348596289e-10  7.495539788848760e-08 -1.259812029938409e-03 
 1.566751070108254e+03  1.000000000000000e+00  0.000000000000000e+00  2.487285710728315e-09 -1.508243842318624e-10  4.196783853771535e-08 -1.274399943683615e-03 
 1.584893192461219e+03  1.000000000000000e+00  0.000000000000000e+00  2.487370753812002e-09 -1.491012224710125e-10  8.211707758221110e-09 -1.289156776713410e-03 
 1.603245390690149e+03  1.000000000000000e+00  0.000000000000000e+00  2.486507444388053e-09 -1.474424623192083e-10 -2.633010398600533e-08 -1.304084485037707e-03 
 1.621810097359039e+03  1.000000000000000e+00  0.000000000000000e+00  2.485624261971964e-09 -1.456932586726967e-10 -6.167629429398858e-08 -1.319185047247089e-03 
 1.640589773199649e+03  1.000000000000000e+00  0.000000000000000e+00  2.484768057975373e-09 -1.440431354922389e-10 -9.784560450754043e-08 -1.334460464868124e-03 
 1.659586907437672e+03  1.000000000000000e+00  0.000000000000000e+00  2.484749073161652e-09 -1.423222598800900e-10 -1.348576254001088e-07 -1.349912762600220e-03 
 1.678804018122673e+03  1.000000000000000e+00  0.000000000000000e+00  2.483906080819054e-09 -1.407161175775995e-10 -1.727311376154006e-07 -1.365543988587112e-03 
 1.698243652461858e+03  1.000000000000000e+00  0.000000000000000e+00  2.483075300929727e-09 -1.390704274829846e-10 -2.114866374247626e-07 -1.381356214689128e-03 
 1.717908387157704e+03  1.000000000000000e+00  0.000000000000000e+00  2.483085070892344e-09 -1.374629412034811e-10 -2.511450857278774e-07 -1.397351536753162e-03 
 1.737800828749492e+03  1.000000000000000e+00  0.000000000000000e+00  2.482261618474979e-09 -1.358463619371975e-10 -2.917266679336450e-07 -1.413532074898260e-03 
 1.757923613958811e+03  1.000000000000000e+00  0.000000000000000e+00  2.481437388901497e-09 -1.342133494185854e-10 -3.332533180522290e-07 -1.429899973788572e-03 
 1.778279410039043e+03  1.000000000000000e+00  0.000000000000000e+00  2.480635474810811e-09 -1.326640730863610e-10 -3.757470445897582e-07 -1.446457402922835e-03 
 1.798870915128909e+03  1.000000000000000e+00  0.000000000000000e+00  2.480664562654056e-09 -1.310718922720860e-10 -4.192307996309097e-07 -1.463206556917435e-03 
 1.819700858610106e+03  1.000000000000000e+00  0.000000000000000e+00  2.479728866688902e-09 -1.294770115775612e-10 -4.637268189444654e-07 -1.480149655828637e-03 
 1.840772001469080e+03  1.000000000000000e+00  0.000000000000000e+00  2.479778493658102e-09 -1.279293864852454e-10 -5.092594748123958e-07 -1.497288945342122e-03 
 1.862087136662994e+03  1.000000000000000e+00  0.000000000000000e+00  2.479194849414057e-09 -1.263583762362713e-10 -5.558520885795559e-07 -1.514626697218257e-03 
 1.883649089489928e+03  1.000000000000000e+00  0.000000000000000e+00  2.477985039384123e-09 -1.226647832787420e-10 -6.035383364189073e-07 -1.532165209486692e-03 
 1.905460717963377e+03  1.000000000000000e+00  0.000000000000000e+00  2.478369176550643e-09 -1.233791721132887e-10 -6.523268050173670e-07 -1.549906806824096e-03 
 1.927524913191067e+03  1.000000000000000e+00  0.000000000000000e+00  2.477469784878394e-09 -1.219276426784460e-10 -7.022511077092730e-07 -1.567853840811851e-03 
 1.949844599758178e+03  1.000000000000000e+00  0.000000000000000e+00  2.476811311602489e-09 -1.204278996403546e-10 -7.533466126474764e-07 -1.586008690176370e-03 
 1.972422736114988e+03  1.000000000000000e+00  0.000000000000000e+00  2.476866378664511e-09 -1.189220963457999e-10 -8.056237568165869e-07 -1.604373761310398e-03 
 1.995262314969016e+03  1.000000000000000e+00  0.000000000000000e+00  2.475965321657725e-09 -1.174476199888169e-10 -8.591179878614241e-07 -1.622951488429349e-03 
 2.018366363681699e+03  1.000000000000000e+00  0.000000000000000e+00  2.476445049026665e-09 -1.181236508347033e-10 -9.138670025166107e-07 -1.641744333849113e-03 
 2.041737944669669e+03  1.000000000000000e+00  0.000000000000000e+00  2.475258775724853e-09 -1.146053076658132e-10 -9.698819316561469e-07 -1.660754788551089e-03 
 2.065380155810671e+03  1.000000000000000e+00  0.000000000000000e+00  2.474615845571293e-09 -1.132344630387638e-10 -1.027209937776163e-06 -1.679985372188013e-03 
 2.089296130854183e+03  1.000000000000000e+00  0.000000000000000e+00  2.474555449438753e-09 -1.117891059668891e-10 -1.085864789973634e-06 -1.699438633774240e-03 
 2.113489039836792e+03  1.000000000000000e+00  0.000000000000000e+00  2.473901639099552e-09 -1.103899901176708e-10 -1.145893769649575e-06 -1.719117151618383e-03 
 2.137962089502379e+03  1.000000000000000e+00  0.000000000000000e+00  2.473849458617394e-09 -1.090237843580366e-10 -1.207312503082036e-06 -1.739023534104586e-03 
 2.162718523727169e+03  1.000000000000000e+00  0.000000000000000e+00  2.473201421437921e-09 -1.077073658126843e-10 -1.270169753819772e-06 -1.759160419624064e-03 
 2.187761623949703e+03  1.000000000000000e+00  0.000000000000000e+00  2.473351079501640e-09 -1.062344713066710e-10 -1.334482633397194e-06 -1.779530477299845e-03 
 2.213094709605790e+03  1.000000000000000e+00  0.000000000000000e+00  2.472360538519069e-09 -1.049517452111903e-10 -1.400301485876554e-06 -1.800136407002957e-03 
 2.238721138568494e+03  1.000000000000000e+00  0.000000000000000e+00  2.472545168608065e-09 -1.036007477722700e-10 -1.467653433895322e-06 -1.820980939914556e-03 
 2.264644307593216e+03  1.000000000000000e+00  0.000000000000000e+00  2.472612781190264e-09 -1.023335142753129e-10 -1.536573829064025e-06 -1.842066838915134e-03 
 2.290867652767931e+03  1.000000000000000e+00  0.000000000000000e+00  2.471911342283306e-09 -1.009363619162290e-10 -1.607090203359363e-06 -1.863396898798329e-03 
 2.317394649968639e+03  1.000000000000000e+00  0.000000000000000e+00  2.471963411743161e-09 -9.960182765361703e-11 -1.679257882747365e-06 -1.884973946697507e-03 
 2.344228815320084e+03  1.000000000000000e+00  0.000000000000000e+00  2.470961546485739e-09 -9.842204048288172e-11 -1.753105732360538e-06 -1.906800842531171e-03 
 2.371373705661819e+03  1.000000000000000e+00  0.000000000000000e+00  2.471010174254218e-09 -9.712838302741722e-11 -1.828673740433828e-06 -1.928880479315697e-03 
 2.398832919019656e+03  1.000000000000000e+00  0.000000000000000e+00  2.471050031260802e-09 -9.583677471405871e-11 -1.906001541596147e-06 -1.951215783559923e-03 
 2.426610095082583e+03  1.000000000000000e+00  0.000000000000000e+00  2.470246451835578e-09 -9.463988447089289e-11 -1.985129703396815e-06 -1.973809715659941e-03 
 2.454708915685200e+03  1.000000000000000e+00  0.000000000000000e+00  2.470494586681582e-09 -9.333564953903362e-11 -2.066101018494138e-06 -1.996665270288609e-03 
 2.483133105295743e+03  1.000000000000000e+00  0.000000000000000e+00  2.470516125008260e-09 -9.207251757889501e-11 -2.148957984893229e-06 -2.019785476789483e-03 
 2.511886431509754e+03  1.000000000000000e+00  0.000000000000000e+00  2.469608184618721e-09 -9.092312449818230e-11 -2.233752666613853e-06 -2.043173399565753e-03 
 2.540972705549481e+03  1.000000000000000e+00  0.000000000000000e+00  2.469621840361924e-09 -8.974029982664056e-11 -2.320513726949969e-06 -2.066832138551741e-03 
 2.570395782769042e+03  1.000000000000000e+00  0.000000000000000e+00  2.469504045699011e-09 -8.846316127547604e-11 -2.409295331462502e-06 -2.090764829558211e-03 
 2.600159563165453e+03  1.000000000000000e+00  0.000000000000000e+00  2.468707127611935e-09 -8.560816205233079e-11 -2.500144060668674e-06 -2.114974644611503e-03 
 2.630267991895565e+03  1.000000000000000e+00  0.000000000000000e+00  2.468772408725783e-09 -8.614287321656589e-11 -2.593117500282460e-06 -2.139464792554128e-03 
 2.660725059798995e+03  1.000000000000000e+00  0.000000000000000e+00  2.468695914359387e-09 -8.326535164485116e-11 -2.688247437321323e-06 -2.164238519441044e-03 
 2.691534803927103e+03  1.000000000000000e+00  0.000000000000000e+00  2.467887227908250e-09 -8.378803770595078e-11 -2.785600920374165e-06 -2.189299108714866e-03 
 2.722701308078103e+03  1.000000000000000e+00  0.000000000000000e+00  2.467798965177792e-09 -8.101171166188803e-11 -2.885213355119376e-06 -2.214649882070730e-03 
 2.754228703338359e+03  1.000000000000000e+00  0.000000000000000e+00  2.467950399598351e-09 -8.305545834419448e-11 -2.987154170241979e-06 -2.240294199427213e-03 
 2.786121168629965e+03  1.000000000000000e+00  0.000000000000000e+00  2.467758664081998e-09 -8.039468266454741e-11 -3.091468919080853e-06 -2.266235459819250e-03 
 2.818382931264651e+03  1.000000000000000e+00  0.000000000000000e+00  2.467777537873417e-09 -7.915189337293072e-11 -3.198204293619611e-06 -2.292477101515129e-03 
 2.851018267504109e+03  1.000000000000000e+00  0.000000000000000e+00  2.466652104793354e-09 -7.817035473783873e-11 -3.307433574128993e-06 -2.319022602576054e-03 
 2.884031503126808e+03  1.000000000000000e+00  0.000000000000000e+00  2.466566950687366e-09 -7.704386347645586e-11 -3.419206948795939e-06 -2.345875481389678e-03 
 2.917427014001372e+03  1.000000000000000e+00  0.000000000000000e+00  2.466463033812261e-09 -7.594092368834460e-11 -3.533583243342520e-06 -2.373039297055814e-03 
 2.951209226666593e+03  1.000000000000000e+00  0.000000000000000e+00  2.466353121732823e-09 -7.485112356320212e-11 -3.650623095485805e-06 -2.400517649886659e-03 
 2.985382618918170e+03  1.000000000000000e+00  0.000000000000000e+00  2.466232329467744e-09 -7.378242808386837e-11 -3.770388537827074e-06 -2.428314181876290e-03 
 3.019951720402229e+03  1.000000000000000e+00  0.000000000000000e+00  2.466305604187369e-09 -7.265674043313575e-11 -3.892943064576215e-06 -2.456432577181609e-03 
 3.054921113215728e+03  1.000000000000000e+00  0.000000000000000e+00  2.466065462947142e-09 -7.165473509679332e-11 -4.018360191704318e-06 -2.484876562593453e-03 
 3.090295432513808e+03  1.000000000000000e+00  0.000000000000000e+00  2.465900483805683e-09 -7.061999986526790e-11 -4.146689289941108e-06 -2.513649908118114e-03 
 3.126079367124176e+03  1.000000000000000e+00  0.000000000000000e+00  2.465595283496214e-09 -6.957941211041541e-11 -4.278006973001958e-06 -2.542756427384916e-03 
 3.162277660168603e+03  1.000000000000000e+00  0.000000000000000e+00  2.465525228423360e-09 -6.855476863271148e-11 -4.412391345409716e-06 -2.572199978046977e-03 
 3.198895109691624e+03  1.000000000000000e+00  0.000000000000000e+00  2.465283643893201e-09 -6.882529442198138e-11 -4.549896594596703e-06 -2.601984462661767e-03 
 3.235936569296512e+03  1.000000000000000e+00  0.000000000000000e+00  2.465083692726466e-09 -6.651386169273521e-11 -4.690612659508098e-06 -2.632113828697027e-03 
 3.273406948788614e+03  1.000000000000000e+00  0.000000000000000e+00  2.464829784720735e-09 -6.547632011230653e-11 -4.834605650261281e-06 -2.662592069574105e-03 
 3.311311214826146e+03  1.000000000000000e+00  0.000000000000000e+00  2.464657256062708e-09 -6.440946517458079e-11 -4.981943284576573e-06 -2.693423224812959e-03 
 3.349654391578515e+03  1.000000000000000e+00  0.000000000000000e+00  2.464167203619638e-09 -6.349273797695565e-11 -5.132720790834711e-06 -2.724611380674100e-03 
 3.388441561392267e+03  1.000000000000000e+00  0.000000000000000e+00  2.463858450596490e-09 -6.249182681744569e-11 -5.287009538945675e-06 -2.756160670793671e-03 
 3.427677865464748e+03  1.000000000000000e+00  0.000000000000000e+00  2.463963921783829e-09 -6.155234872143311e-11 -5.444891528871842e-06 -2.788075276648078e-03 
 3.467368504525564e+03  1.000000000000000e+00  0.000000000000000e+00  2.463828807641733e-09 -6.047408017059719e-11 -5.606450034001398e-06 -2.820359428115834e-03 
 3.507518739525930e+03  1.000000000000000e+00  0.000000000000000e+00  2.464149662095849e-09 -5.838268583857609e-11 -5.771779874264027e-06 -2.853017404025697e-03 
 3.548133892336008e+03  1.000000000000000e+00  0.000000000000000e+00  2.463715675915523e-09 -5.866792728709269e-11 -5.940950765448427e-06 -2.886053532861649e-03 
 3.589219346450309e+03  1.000000000000000e+00  0.000000000000000e+00  2.463590553780648e-09 -5.878949020307611e-11 -6.114061303907903e-06 -2.919472193003726e-03 
 3.630780547701273e+03  1.000000000000000e+00  0.000000000000000e+00  2.463723891565905e-09 -5.678232840519715e-11 -6.291212292008908e-06 -2.953277813709523e-03 
 3.672823004981110e+03  1.000000000000000e+00  0.000000000000000e+00  2.463391379770030e-09 -5.582017834071529e-11 -6.472488182529545e-06 -2.987474875373579e-03 
 3.715352290971992e+03  1.000000000000000e+00  0.000000000000000e+00  2.463009685094164e-09 -5.480693893514244e-11 -6.657976981294667e-06 -3.022067910456921e-03 
 3.758374042884712e+03  1.000000000000000e+00  0.000000000000000e+00  2.462931747437835e-09 -5.388731388195067e-11 -6.847794312925259e-06 -3.057061503658791e-03 
 3.801893963205885e+03  1.000000000000000e+00  0.000000000000000e+00  2.462399839586737e-09 -5.299392131716263e-11 -7.042031820447825e-06 -3.092460292885901e-03 
 3.845917820453813e+03  1.000000000000000e+00  0.000000000000000e+00  2.462695269933590e-09 -5.207129259027221e-11 -7.240793107987642e-06 -3.128268969718949e-03 
 3.890451449943086e+03  1.000000000000000e+00  0.000000000000000e+00  2.462075321396640e-09 -5.234253828978463e-11 -7.444191236993802e-06 -3.164492280008190e-03 
 3.935500754558058e+03  1.000000000000000e+00  0.000000000000000e+00  2.462193671171065e-09 -5.148605153326713e-11 -7.652317792095076e-06 -3.201135024697972e-03 
 3.981071705535260e+03  1.000000000000000e+00  0.000000000000000e+00  2.462468229325054e-09 -4.945669611691739e-11 -7.865299726073083e-06 -3.238202060020952e-03 
 4.027170343254882e+03  1.000000000000000e+00  0.000000000000000e+00  2.461677861553824e-09 -4.860945066603728e-11 -8.083232468925061e-06 -3.275698298771496e-03 
 4.073802778041422e+03  1.000000000000000e+00  0.000000000000000e+00  2.461945980414271e-09 -4.771350502197347e-11 -8.306249436151880e-06 -3.313628710273964e-03 
 4.120975190973601e+03  1.000000000000000e+00  0.000000000000000e+00  2.462067438813165e-09 -4.684451004183243e-11 -8.534459935871652e-06 -3.351998321693900e-03 
 4.168693834703657e+03  1.000000000000000e+00  0.000000000000000e+00  2.462150039406197e-09 -4.600114386632548e-11 -8.767984900792669e-06 -3.390812218189685e-03 
 4.216965034286129e+03  1.000000000000000e+00  0.000000000000000e+00  2.461357673233522e-09 -4.513292040445038e-11 -9.006947718104286e-06 -3.430075543845773e-03 
 4.265795188016236e+03  1.000000000000000e+00  0.000000000000000e+00  2.461257420094398e-09 -4.430592828383317e-11 -9.251475903693240e-06 -3.469793502353860e-03 
 4.315190768277966e+03  1.000000000000000e+00  0.000000000000000e+00  2.461361670036410e-09 -4.342354340686194e-11 -9.501707172843155e-06 -3.509971357431919e-03 
 4.365158322401977e+03  1.000000000000000e+00  0.000000000000000e+00  2.462034909278543e-09 -4.262361340615084e-11 -9.757757535533429e-06 -3.550614434068030e-03 
 4.415704473533447e+03  1.000000000000000e+00  0.000000000000000e+00  2.462071990727566e-09 -4.175119234714475e-11 -1.001977892878259e-05 -3.591728118520409e-03 
 4.466835921509957e+03  1.000000000000000e+00  0.000000000000000e+00  2.461946313481178e-09 -4.091903552105869e-11 -1.028790216994757e-05 -3.633317859732541e-03 
 4.518559443749554e+03  1.000000000000000e+00  0.000000000000000e+00  2.461784776031095e-09 -4.008823741713519e-11 -1.056226937368177e-05 -3.675389169518148e-03 
 4.570881896149084e+03  1.000000000000000e+00  0.000000000000000e+00  2.461463366465466e-09 -3.931512103719226e-11 -1.084302598663989e-05 -3.717947623606921e-03 
 4.623810213992941e+03  1.000000000000000e+00  0.000000000000000e+00  2.461343129311899e-09 -3.845507766386813e-11 -1.113032934330072e-05 -3.760998862051179e-03 
 4.677351412872325e+03  1.000000000000000e+00  0.000000000000000e+00  2.460941450621590e-09 -3.767999410750345e-11 -1.142431470635419e-05 -3.804548590583886e-03 
 4.731512589615151e+03  1.000000000000000e+00  0.000000000000000e+00  2.461585602020477e-09 -3.685146935869521e-11 -1.172515534797469e-05 -3.848602580477444e-03 
 4.786300923226734e+03  1.000000000000000e+00  0.000000000000000e+00  2.461217341043209e-09 -3.603206231647671e-11 -1.203300141505714e-05 -3.893166670280453e-03 
 4.841723675841348e+03  1.000000000000000e+00  0.000000000000000e+00  2.460804671144956e-09 -3.524718711345187e-11 -1.234801648974937e-05 -3.938246765855717e-03 
 4.897788193684822e+03  1.000000000000000e+00  0.000000000000000e+00  2.461071679782378e-09 -3.449788024689759e-11 -1.267039916474921e-05 -3.983848841381628e-03 
 4.954501908048266e+03  1.000000000000000e+00  0.000000000000000e+00  2.460686876482043e-09 -3.367140073706754e-11 -1.300026566464219e-05 -4.029978940487149e-03 
 5.011872336273092e+03  1.000000000000000e+00  0.000000000000000e+00  2.461075343518360e-09 -3.280195646354622e-11 -1.333780578016697e-05 -4.076643176600132e-03 
 5.069907082747417e+03  1.000000000000000e+00  0.000000000000000e+00  2.460895043299161e-09 -3.201127730945164e-11 -1.368321489159108e-05 -4.123847733724282e-03 
 5.128613839914026e+03  1.000000000000000e+00  0.000000000000000e+00  2.461092107886031e-09 -3.122138051564471e-11 -1.403666797505920e-05 -4.171598867638794e-03 
 5.188000389289994e+03  1.000000000000000e+00  0.000000000000000e+00  2.460296855133492e-09 -3.057126947425548e-11 -1.439836029737407e-05 -4.219902906433311e-03 
 5.248074602498114e+03  1.000000000000000e+00  0.000000000000000e+00  2.460270320803204e-09 -2.984999747379646e-11 -1.476846736325754e-05 -4.268766251649849e-03 
 5.308844442310276e+03  1.000000000000000e+00  0.000000000000000e+00  2.460002312965059e-09 -2.902833268897398e-11 -1.514720175865847e-05 -4.318195378533797e-03 
 5.370317963702924e+03  1.000000000000000e+00  0.000000000000000e+00  2.459984882463573e-09 -2.826518533116662e-11 -1.553475619076039e-05 -4.368196837697173e-03 
 5.432503314924734e+03  1.000000000000000e+00  0.000000000000000e+00  2.459772274754357e-09 -2.677809536610898e-11 -1.593133587252105e-05 -4.418777255371915e-03 
 5.495408738576652e+03  1.000000000000000e+00  0.000000000000000e+00  2.459775161334221e-09 -2.676610582480476e-11 -1.633715953053283e-05 -4.469943334302055e-03 
 5.559042572704448e+03  1.000000000000000e+00  0.000000000000000e+00  2.459461967418974e-09 -2.606877474303770e-11 -1.675242522658493e-05 -4.521701855222703e-03 
 5.623413251903908e+03  1.000000000000000e+00  0.000000000000000e+00  2.460053605268797e-09 -2.531697681357192e-11 -1.717737060191737e-05 -4.574059676956007e-03 
 5.688529308438837e+03  1.000000000000000e+00  0.000000000000000e+00  2.459948134081458e-09 -2.443697848242277e-11 -1.761221150542447e-05 -4.627023737902628e-03 
 5.754399373371997e+03  1.000000000000000e+00  0.000000000000000e+00  2.460323722530688e-09 -2.378435382671684e-11 -1.805718785075072e-05 -4.680601056686559e-03 
 5.821032177709148e+03  1.000000000000000e+00  0.000000000000000e+00  2.459882630923005e-09 -2.304066746422473e-11 -1.851252613027654e-05 -4.734798733314583e-03 
 5.888436553556328e+03  1.000000000000000e+00  0.000000000000000e+00  2.460210368759874e-09 -2.231379404166178e-11 -1.897846853160523e-05 -4.789623949765563e-03 
 5.956621435290549e+03  1.000000000000000e+00  0.000000000000000e+00  2.460478376598019e-09 -2.159123314166012e-11 -1.945526161328814e-05 -4.845083971216297e-03 
 6.025595860744027e+03  1.000000000000000e+00  0.000000000000000e+00  2.459918269082095e-09 -2.077643612707902e-11 -1.994315773456989e-05 -4.901186146998214e-03 
 6.095368972402147e+03  1.000000000000000e+00  0.000000000000000e+00  2.459823678080397e-09 -2.019769247685321e-11 -2.044242488430381e-05 -4.957937911284795e-03 
 6.165950018615283e+03  1.000000000000000e+00  0.000000000000000e+00  2.460087022981838e-09 -1.931079515044010e-11 -2.095331874407691e-05 -5.015346784458204e-03 
 6.237348354824660e+03  1.000000000000000e+00  0.000000000000000e+00  2.459968784229716e-09 -1.867701739793892e-11 -2.147611870984001e-05 -5.073420373877572e-03 
 6.309573444802405e+03  1.000000000000000e+00  0.000000000000000e+00  2.459441428293019e-09 -1.797445178808310e-11 -2.201109312283123e-05 -5.132166374970927e-03 
 6.382634861905965e+03  1.000000000000000e+00  0.000000000000000e+00  2.460102344059578e-09 -1.725618866549317e-11 -2.255852640531408e-05 -5.191592572149425e-03 
 6.456542290347040e+03  1.000000000000000e+00  0.000000000000000e+00  2.459296322143700e-09 -1.662663236257078e-11 -2.311870750215661e-05 -5.251706840022638e-03 
 6.531305526475215e+03  1.000000000000000e+00  0.000000000000000e+00  2.459066283932998e-09 -1.583844166930248e-11 -2.369194268780905e-05 -5.312517144006447e-03 
 6.606934480076457e+03  1.000000000000000e+00  0.000000000000000e+00  2.459488612771565e-09 -1.510897136569600e-11 -2.427852754938176e-05 -5.374031542152269e-03 
 6.683439175686650e+03  1.000000000000000e+00  0.000000000000000e+00  2.459058623394128e-09 -1.430133702434722e-11 -2.487877227230761e-05 -5.436258185514208e-03 
 6.760829753920328e+03  1.000000000000000e+00  0.000000000000000e+00  2.459079051497781e-09 -1.377925724910245e-11 -2.549300422138856e-05 -5.499205319307461e-03 
 6.839116472814810e+03  1.000000000000000e+00  0.000000000000000e+00  2.459444536917488e-09 -1.288977518471013e-11 -2.612154010273038e-05 -5.562881284370351e-03 
 6.918309709189888e+03  1.000000000000000e+00  0.000000000000000e+00  2.459401682308737e-09 -1.230636946514263e-11 -2.676472166851518e-05 -5.627294517930988e-03 
 6.998419960023265e+03  1.000000000000000e+00  0.000000000000000e+00  2.459354164763283e-09 -1.160601649508042e-11 -2.742288129575776e-05 -5.692453555034828e-03 
 7.079457843841916e+03  1.000000000000000e+00  0.000000000000000e+00  2.459094261553219e-09 -1.098030000257211e-11 -2.809636787381997e-05 -5.758367029352851e-03 
 7.161434102129563e+03  1.000000000000000e+00  0.000000000000000e+00  2.459821901723558e-09 -1.020849463989615e-11 -2.878554733976024e-05 -5.825043674176309e-03 
 7.244359600750450e+03  1.000000000000000e+00  0.000000000000000e+00  2.459356718276240e-09 -9.597470387867624e-12 -2.949077567082625e-05 -5.892492324440604e-03 
 7.328245331389598e+03  1.000000000000000e+00  0.000000000000000e+00  2.459454195857802e-09 -8.823781982858492e-12 -3.021243582035371e-05 -5.960721916604297e-03 
 7.413102413009738e+03  1.000000000000000e+00  0.000000000000000e+00  2.459744519178741e-09 -8.125062254948912e-12 -3.095090181304272e-05 -6.029741491107502e-03 
 7.498942093325129e+03  1.000000000000000e+00  0.000000000000000e+00  2.458540593330838e-09 -7.509887677004112e-12 -3.170656427475826e-05 -6.099560192795086e-03 
 7.585775750292415e+03  1.000000000000000e+00  0.000000000000000e+00  2.458733328047913e-09 -6.170087010759495e-12 -3.247983350607164e-05 -6.170187271862282e-03 
 7.673614893618774e+03  1.000000000000000e+00  0.000000000000000e+00  2.458773296076799e-09 -5.922144719061606e-12 -3.327111028972318e-05 -6.241632086331045e-03 
 7.762471166287509e+03  1.000000000000000e+00  0.000000000000000e+00  2.459239367702537e-09 -5.445924093627763e-12 -3.408082300637716e-05 -6.313904101766903e-03 
 7.852356346101316e+03  1.000000000000000e+00  0.000000000000000e+00  2.459072279137331e-09 -4.658058661011211e-12 -3.490940003658682e-05 -6.387012893512327e-03 
 7.943282347243421e+03  1.000000000000000e+00  0.000000000000000e+00  2.459598968940213e-09 -3.855989312573360e-12 -3.575726429927428e-05 -6.460968147900464e-03 
 8.035261221856787e+03  1.000000000000000e+00  0.000000000000000e+00  2.459819459232904e-09 -3.286527300305764e-12 -3.662489050004769e-05 -6.535779662792267e-03 
 8.128305161641614e+03  1.000000000000000e+00  0.000000000000000e+00  2.459153214395826e-09 -2.604509490022888e-12 -3.751272100593894e-05 -6.611457349903207e-03 
 8.222426499471341e+03  1.000000000000000e+00  0.000000000000000e+00  2.458782843994811e-09 -1.890532001780354e-12 -3.842122703923145e-05 -6.688011235260850e-03 
 8.317637711027348e+03  1.000000000000000e+00  0.000000000000000e+00  2.459113468411545e-09 -1.222136974954324e-12 -3.935089899820277e-05 -6.765451461007302e-03 
 8.413951416452597e+03  1.000000000000000e+00  0.000000000000000e+00  2.458988457298972e-09 -4.071265893856868e-13 -4.030222046691456e-05 -6.843788286623747e-03 
 8.511380382024419e+03  1.000000000000000e+00  0.000000000000000e+00  2.458611869649019e-09  2.665307211047185e-13 -4.127570446876838e-05 -6.923032089984904e-03 
 8.609937521846668e+03  1.000000000000000e+00  0.000000000000000e+00  2.458850567599313e-09  8.404605136846932e-13 -4.227186744265587e-05 -7.003193369256410e-03 
 8.709635899561477e+03  1.000000000000000e+00  0.000000000000000e+00  2.458919179382235e-09  1.432074077378775e-12 -4.329122849222600e-05 -7.084282744127804e-03 
 8.810488730080820e+03  1.000000000000000e+00  0.000000000000000e+00  2.458948267225480e-09  2.113005083403952e-12 -4.433433648354246e-05 -7.166310956678613e-03 
 8.912509381338143e+03  1.000000000000000e+00  0.000000000000000e+00  2.458942049976542e-09  2.905047730150656e-12 -4.540174430611721e-05 -7.249288873461131e-03 
 9.015711376060264e+03  1.000000000000000e+00  0.000000000000000e+00  2.459085823858231e-09  3.590234880224141e-12 -4.649400945577753e-05 -7.333227486895908e-03 
 9.120108393559802e+03  1.000000000000000e+00  0.000000000000000e+00  2.459136227983549e-09  3.938057345498347e-12 -4.761171068790038e-05 -7.418137916304385e-03 
 9.225714271548344e+03  1.000000000000000e+00  0.000000000000000e+00  2.459293435563836e-09  4.972429586136418e-12 -4.875545781546364e-05 -7.504031409358493e-03 
 9.332543007970631e+03  1.000000000000000e+00  0.000000000000000e+00  2.458505954372470e-09  5.657609797315999e-12 -4.992583931562322e-05 -7.590919344280121e-03 
 9.440608762859963e+03  1.000000000000000e+00  0.000000000000000e+00  2.459241477126284e-09  6.350480037664585e-12 -5.112348544578094e-05 -7.678813230557959e-03 
 9.549925860215099e+03  1.000000000000000e+00  0.000000000000000e+00  2.459038750401987e-09  7.180213021373838e-12 -5.234902118167462e-05 -7.767724710906291e-03 
 9.660508789898882e+03  1.000000000000000e+00  0.000000000000000e+00  2.459321746250964e-09  7.736766088894953e-12 -5.360311411384266e-05 -7.857665562223764e-03 
 9.772372209558866e+03  1.000000000000000e+00  0.000000000000000e+00  2.459070391758189e-09  8.425935296707543e-12 -5.488641123996274e-05 -7.948647698201698e-03 
 9.885530946570156e+03  1.000000000000000e+00  0.000000000000000e+00  2.458737768940011e-09  9.271031858881784e-12 -5.619966568759516e-05 -8.040683169134198e-03 
 1.000000000000078e+04  1.000000000000000e+00  0.000000000000000e+00  2.459276671196164e-09  9.808008571976501e-12 -5.754344592268090e-05 -8.133784166884959e-03 
 1.011579454259977e+04  1.000000000000000e+00  0.000000000000000e+00  2.458964254437035e-09  1.064861393507144e-11 -5.891851876405063e-05 -8.227963022415260e-03 
 1.023292992280834e+04  1.000000000000000e+00  0.000000000000000e+00  2.459111581032403e-09  1.122435477896033e-11 -6.032563104962918e-05 -8.323232209227720e-03 
 1.035142166679424e+04  1.000000000000000e+00  0.000000000000000e+00  2.459126791087840e-09  1.191232355812755e-11 -6.176551106951145e-05 -8.419604345727690e-03 
 1.047128548050981e+04  1.000000000000000e+00  0.000000000000000e+00  2.459361936324456e-09  1.262533480539396e-11 -6.323893085591337e-05 -8.517092195904165e-03 
 1.059253725177371e+04  1.000000000000000e+00  0.000000000000000e+00  2.459457415504573e-09  1.346407707547570e-11 -6.474666261313544e-05 -8.615708671183043e-03 
 1.071519305237690e+04  1.000000000000000e+00  0.000000000000000e+00  2.458609427158365e-09  1.388874258656525e-11 -6.628952247855757e-05 -8.715466832238394e-03 
 1.083926914021288e+04  1.000000000000000e+00  0.000000000000000e+00  2.459553782863111e-09  1.473051888800647e-11 -6.786832073801818e-05 -8.816379890689769e-03 
 1.096478196143271e+04  1.000000000000000e+00  0.000000000000000e+00  2.459384473851856e-09  1.559940891737721e-11 -6.948388442928888e-05 -8.918461211292288e-03 
 1.109174815262488e+04  1.000000000000000e+00  0.000000000000000e+00  2.459211057015409e-09  1.615321244818890e-11 -7.113708764716620e-05 -9.021724312420810e-03 
 1.122018454302051e+04  1.000000000000000e+00  0.000000000000000e+00  2.458978243247145e-09  1.702825033755850e-11 -7.282878938541515e-05 -9.126182869672388e-03 
 1.135010815672404e+04  1.000000000000000e+00  0.000000000000000e+00  2.458723558085296e-09  1.758400369755719e-11 -7.455990364801934e-05 -9.231850715492602e-03 
 1.148153621496973e+04  1.000000000000000e+00  0.000000000000000e+00  2.459158765510949e-09  1.829495062388720e-11 -7.633133971540751e-05 -9.338741843271822e-03 
 1.161448613840434e+04  1.000000000000000e+00  0.000000000000000e+00  2.459198733539836e-09  1.886606149081871e-11 -7.814402751948890e-05 -9.446870407621162e-03 
 1.174897554939622e+04  1.000000000000000e+00  0.000000000000000e+00  2.458371506364188e-09  1.974299716767103e-11 -7.999894460419821e-05 -9.556250726172222e-03 
 1.188502227437112e+04  1.000000000000000e+00  0.000000000000000e+00  2.458828252116518e-09  2.045767895364481e-11 -8.189706694039511e-05 -9.666897282974127e-03 
 1.202264434617508e+04  1.000000000000000e+00  0.000000000000000e+00  2.459005110644341e-09  2.119427723601408e-11 -8.383939969092147e-05 -9.778824728726855e-03 
 1.216186000646464e+04  1.000000000000000e+00  0.000000000000000e+00  2.459735304327637e-09  2.192025380653995e-11 -8.582697287828900e-05 -9.892047883572976e-03 
 1.230268770812479e+04  1.000000000000000e+00  0.000000000000000e+00  2.458777070835083e-09  2.249327113457156e-11 -8.786083897072139e-05 -1.000658173906988e-02 
 1.244514611771483e+04  1.000000000000000e+00  0.000000000000000e+00  2.459454528924709e-09  2.338721230565888e-11 -8.994208604229392e-05 -1.012244145909696e-02 
 1.258925411794267e+04  1.000000000000000e+00  0.000000000000000e+00  2.459292658407719e-09  2.445783332805096e-11 -9.207180766290790e-05 -1.023964238378582e-02 
 1.273503081016763e+04  1.000000000000000e+00  0.000000000000000e+00  2.459617620687027e-09  2.487314521015804e-11 -9.425113330085999e-05 -1.035820002976743e-02 
 1.288249551693236e+04  1.000000000000000e+00  0.000000000000000e+00  2.458666159554923e-09  2.545418216481909e-11 -9.648121729555204e-05 -1.047813009318030e-02 
 1.303166778452403e+04  1.000000000000000e+00  0.000000000000000e+00  2.459319636827217e-09  2.636383819587529e-11 -9.876325149038578e-05 -1.059944845091711e-02 
 1.318256738556512e+04  1.000000000000000e+00  0.000000000000000e+00  2.459505488161540e-09  2.711090379969860e-11 -1.010984360860778e-04 -1.072217116381626e-02 
 1.333521432163430e+04  1.000000000000000e+00  0.000000000000000e+00  2.460282755301080e-09  2.804125161237625e-11 -1.034880092576351e-04 -1.084631447797660e-02 
 1.348962882591761e+04  1.000000000000000e+00  0.000000000000000e+00  2.459771941687450e-09  2.882063511455701e-11 -1.059332453204886e-04 -1.097189482672359e-02 
 1.364583136589033e+04  1.000000000000000e+00  0.000000000000000e+00  2.459630166207205e-09  2.938417217879241e-11 -1.084354412019817e-04 -1.109892883343635e-02 
 1.380384264602995e+04  1.000000000000000e+00  0.000000000000000e+00  2.460033066142842e-09  2.983263809597236e-11 -1.109959145769723e-04 -1.122743331342656e-02 
 1.396368361056049e+04  1.000000000000000e+00  0.000000000000000e+00  2.459144332611629e-09  3.075086539572336e-11 -1.136160217682924e-04 -1.135742527610752e-02 
 1.412537544622867e+04  1.000000000000000e+00  0.000000000000000e+00  2.459637715723773e-09  3.151181399152492e-11 -1.162971613761776e-04 -1.148892192680803e-02 
 1.428893958511217e+04  1.000000000000000e+00  0.000000000000000e+00  2.459865866555333e-09  3.247863783473193e-11 -1.190407536592053e-04 -1.162194066984698e-02 
 1.445439770746043e+04  1.000000000000000e+00  0.000000000000000e+00  2.459550119127130e-09  3.325172429069490e-11 -1.218482442418845e-04 -1.175649911037931e-02 
 1.462177174456835e+04  1.000000000000000e+00  0.000000000000000e+00  2.459662806764129e-09  3.403451652450595e-11 -1.247211302317641e-04 -1.189261505663604e-02 
 1.479108388168326e+04  1.000000000000000e+00  0.000000000000000e+00  2.460263881509661e-09  3.474696745608963e-11 -1.276609654592420e-04 -1.203030652156805e-02 
 1.496235656094553e+04  1.000000000000000e+00  0.000000000000000e+00  2.459465964221863e-09  3.591725354634701e-11 -1.306692364512196e-04 -1.216959172844806e-02 
 1.513561248436329e+04  1.000000000000000e+00  0.000000000000000e+00  2.459788150943609e-09  3.622720005924673e-11 -1.337475786497011e-04 -1.231048910796066e-02 
 1.531087461682153e+04  1.000000000000000e+00  0.000000000000000e+00  2.458973136221232e-09  3.704135262405650e-11 -1.368976223843354e-04 -1.245301730441330e-02 
 1.548816618912606e+04  1.000000000000000e+00  0.000000000000000e+00  2.460215142718880e-09  3.784855935606846e-11 -1.401210389980756e-04 -1.259719517756322e-02 
 1.566751070108275e+04  1.000000000000000e+00  0.000000000000000e+00  2.460128656345262e-09  3.866031800248138e-11 -1.434195352763012e-04 -1.274304180415074e-02 
 1.584893192461241e+04  1.000000000000000e+00  0.000000000000000e+00  2.459673464905165e-09  3.967750433764294e-11 -1.467948599307434e-04 -1.289057648105784e-02 
 1.603245390690170e+04  1.000000000000000e+00  0.000000000000000e+00  2.460274095561488e-09  4.049584452492372e-11 -1.502488028382043e-04 -1.303981872834187e-02 
 1.621810097359060e+04  1.000000000000000e+00  0.000000000000000e+00  2.459519254927045e-09  4.134041893533169e-11 -1.537831933375866e-04 -1.319078829012249e-02 
 1.640589773199671e+04  1.000000000000000e+00  0.000000000000000e+00  2.459915937613744e-09  4.216051639749363e-11 -1.573999060364706e-04 -1.334350513872917e-02 
 1.659586907437694e+04  1.000000000000000e+00  0.000000000000000e+00  2.460047499042162e-09  4.252331299581247e-11 -1.611008572376393e-04 -1.349798947697900e-02 
 1.678804018122696e+04  1.000000000000000e+00  0.000000000000000e+00  2.477160698788339e-09  2.798461636033256e-11 -1.648880168663158e-04 -1.365426173939332e-02 
 1.698243652461881e+04  1.000000000000000e+00  0.000000000000000e+00  2.478504734781950e-09  2.913040988983262e-11 -1.687634019794659e-04 -1.381234259722936e-02 
 1.717908387157727e+04  1.000000000000000e+00  0.000000000000000e+00  2.477475447015820e-09  3.005967696978473e-11 -1.727290299884388e-04 -1.397225295991599e-02 
 1.737800828749516e+04  1.000000000000000e+00  0.000000000000000e+00  2.478289462537475e-09  3.074977945882740e-11 -1.767870307916031e-04 -1.413401397708069e-02 
 1.757923613958835e+04  1.000000000000000e+00  0.000000000000000e+00  2.477752780727371e-09  3.168841578027326e-11 -1.809395448832962e-04 -1.429764704291639e-02 
 1.778279410039067e+04  1.000000000000000e+00  0.000000000000000e+00  2.478154681462286e-09  3.239281065603450e-11 -1.851887743602454e-04 -1.446317379737213e-02 
 1.798870915128933e+04  1.000000000000000e+00  0.000000000000000e+00  2.477330229844199e-09  3.356604230675408e-11 -1.895369787385803e-04 -1.463061612955003e-02 
 1.819700858610131e+04  1.000000000000000e+00  0.000000000000000e+00  2.477517080379243e-09  3.476291823845123e-11 -1.939864551472326e-04 -1.479999618160971e-02 
 1.840772001469105e+04  1.000000000000000e+00  0.000000000000000e+00  2.477679394985444e-09  3.546325212655521e-11 -1.985395786757715e-04 -1.497133634948991e-02 
 1.862087136663018e+04  1.000000000000000e+00  0.000000000000000e+00  2.477257954325296e-09  3.641504112139593e-11 -2.031987448215533e-04 -1.514465928831421e-02 
 1.883649089489953e+04  1.000000000000000e+00  0.000000000000000e+00  2.477703597847380e-09  3.713011148542833e-11 -2.079664237132350e-04 -1.531998791310366e-02 
 1.905460717963402e+04  1.000000000000000e+00  0.000000000000000e+00  2.477690386193387e-09  3.833977926803733e-11 -2.128451586638214e-04 -1.549734540267385e-02 
 1.927524913191092e+04  1.000000000000000e+00  0.000000000000000e+00  2.478617533441252e-09  3.957918368047153e-11 -2.178375189340054e-04 -1.567675520344365e-02 
 1.949844599758204e+04  1.000000000000000e+00  0.000000000000000e+00  2.477732796712928e-09  4.028429326230487e-11 -2.229461664213783e-04 -1.585824103057502e-02 
 1.972422736115014e+04  1.000000000000000e+00  0.000000000000000e+00  2.477987481874777e-09  4.154565927394493e-11 -2.281737926408400e-04 -1.604182687323450e-02 
 1.995262314969042e+04  1.000000000000000e+00  0.000000000000000e+00  2.478944272077399e-09  4.226375846516639e-11 -2.335231854129205e-04 -1.622753699545753e-02 
 2.018366363681725e+04  1.000000000000000e+00  0.000000000000000e+00  2.478376393000303e-09  4.345576329334300e-11 -2.389971699465754e-04 -1.641539594136852e-02 
 2.041737944669696e+04  1.000000000000000e+00  0.000000000000000e+00  2.477656524391136e-09  4.399306266500425e-11 -2.445987156630691e-04 -1.660542853567025e-02 
 2.065380155810698e+04  1.000000000000000e+00  0.000000000000000e+00  2.478915295256456e-09  4.525408173194911e-11 -2.503306657174464e-04 -1.679765989228375e-02 
 2.089296130854210e+04  1.000000000000000e+00  0.000000000000000e+00  2.478448335452299e-09  4.655376778517351e-11 -2.561961063711760e-04 -1.699211541056240e-02 
 2.113489039836820e+04  1.000000000000000e+00  0.000000000000000e+00  2.478549254725237e-09  4.707762998878984e-11 -2.621981734607370e-04 -1.718882078232391e-02 
 2.137962089502407e+04  1.000000000000000e+00  0.000000000000000e+00  2.477783533905153e-09  4.802456696206825e-11 -2.683400296589200e-04 -1.738780199571428e-02 
 2.162718523727198e+04  1.000000000000000e+00  0.000000000000000e+00  2.478869109978632e-09  4.934230801723061e-11 -2.746249398208889e-04 -1.758908533624255e-02 
 2.187761623949732e+04  1.000000000000000e+00  0.000000000000000e+00  2.478985683396218e-09  5.067267092040417e-11 -2.810562248619641e-04 -1.779269739305682e-02 
 2.213094709605820e+04  1.000000000000000e+00  0.000000000000000e+00  2.478766969460366e-09  5.140546668891410e-11 -2.876373419438139e-04 -1.799866505795709e-02 
 2.238721138568524e+04  1.000000000000000e+00  0.000000000000000e+00  2.478520388926597e-09  5.246248574453105e-11 -2.943716991594680e-04 -1.820701553616644e-02 
 2.264644307593246e+04  1.000000000000000e+00  0.000000000000000e+00  2.478207306033653e-09  5.382357753935807e-11 -3.012629052774329e-04 -1.841777634184506e-02 
 2.290867652767962e+04  1.000000000000000e+00  0.000000000000000e+00  2.478769411951021e-09  5.458544380387842e-11 -3.083146214575283e-04 -1.863097530493930e-02 
 2.317394649968670e+04  1.000000000000000e+00  0.000000000000000e+00  2.479221050677438e-09  5.565486266290165e-11 -3.155305755414561e-04 -1.884664057696723e-02 
 2.344228815320116e+04  1.000000000000000e+00  0.000000000000000e+00  2.479012994882623e-09  5.672158923109016e-11 -3.229145912813092e-04 -1.906480063090858e-02 
 2.371373705661851e+04  1.000000000000000e+00  0.000000000000000e+00  2.479257021903436e-09  5.750929940595562e-11 -3.304705824039855e-04 -1.928548426713973e-02 
 2.398832919019689e+04  1.000000000000000e+00  0.000000000000000e+00  2.479347505079943e-09  5.859810553454636e-11 -3.382025613969386e-04 -1.950872061605675e-02 
 2.426610095082616e+04  1.000000000000000e+00  0.000000000000000e+00  2.479258021104158e-09  6.000453953158846e-11 -3.461146256251713e-04 -1.973453914217466e-02 
 2.454708915685234e+04  1.000000000000000e+00  0.000000000000000e+00  2.479404792588014e-09  6.079193051733434e-11 -3.542109908589719e-04 -1.996296964802727e-02 
 2.483133105295776e+04  1.000000000000000e+00  0.000000000000000e+00  2.479563332435930e-09  6.257303009071791e-11 -3.624958934487221e-04 -2.019404227879799e-02 
 2.511886431509789e+04  1.000000000000000e+00  0.000000000000000e+00  2.479809246835885e-09  6.335588650929758e-11 -3.709737640714694e-04 -2.042778752328473e-02 
 2.540972705549516e+04  1.000000000000000e+00  0.000000000000000e+00  2.479746186168086e-09  6.449379572059932e-11 -3.796490774279349e-04 -2.066423622136388e-02 
 2.570395782769077e+04  1.000000000000000e+00  0.000000000000000e+00  2.480182059727554e-09  6.598372542798714e-11 -3.885264397878174e-04 -2.090341956539471e-02 
 2.600159563165488e+04  1.000000000000000e+00  0.000000000000000e+00  2.479348504280665e-09  6.644928357557589e-11 -3.976105997529622e-04 -2.114536910355952e-02 
 2.630267991895601e+04  1.000000000000000e+00  0.000000000000000e+00  2.479767058360949e-09  6.830466400820079e-11 -4.069062904279441e-04 -2.139011674863279e-02 
 2.660725059799031e+04  1.000000000000000e+00  0.000000000000000e+00  2.479557226209295e-09  6.876299182834167e-11 -4.164184824066997e-04 -2.163769477647130e-02 
 2.691534803927140e+04  1.000000000000000e+00  0.000000000000000e+00  2.479581762138139e-09  7.030044948952430e-11 -4.261522159305642e-04 -2.188813583201787e-02 
 2.722701308078139e+04  1.000000000000000e+00  0.000000000000000e+00  2.480399108328868e-09  7.112012020971115e-11 -4.361126408078952e-04 -2.214147293530368e-02 
 2.754228703338396e+04  1.000000000000000e+00  0.000000000000000e+00  2.479701666224798e-09  7.306868651801857e-11 -4.463050421004144e-04 -2.239773948210420e-02 
 2.786121168630003e+04  1.000000000000000e+00  0.000000000000000e+00  2.479635718977136e-09  7.389074421770836e-11 -4.567348308461838e-04 -2.265696925115244e-02 
 2.818382931264689e+04  1.000000000000000e+00  0.000000000000000e+00  2.480240013369439e-09  7.510718436076758e-11 -4.674075816567536e-04 -2.291919640585362e-02 
 2.851018267504148e+04  1.000000000000000e+00  0.000000000000000e+00  2.480476268829079e-09  7.618208494597489e-11 -4.783288350280746e-04 -2.318445550475889e-02 
 2.884031503126847e+04  1.000000000000000e+00  0.000000000000000e+00  2.494893069915349e-09  6.294842078147234e-11 -4.895044346937549e-04 -2.345278149646690e-02 
 2.917427014001411e+04  1.000000000000000e+00  0.000000000000000e+00  2.495740836216953e-09  6.460589702106390e-11 -5.009403206035490e-04 -2.372420972861014e-02 
 2.951209226666633e+04  1.000000000000000e+00  0.000000000000000e+00  2.495137318980767e-09  6.585613651632904e-11 -5.126425644894628e-04 -2.399877595388675e-02 
 2.985382618918210e+04  1.000000000000000e+00  0.000000000000000e+00  2.495319284534503e-09  6.713393729818051e-11 -5.246173143029775e-04 -2.427651633480389e-02 
 3.019951720402270e+04  1.000000000000000e+00  0.000000000000000e+00  2.495510131872436e-09  6.882179548473033e-11 -5.368709455544352e-04 -2.455746744382326e-02 
 3.054921113215770e+04  1.000000000000000e+00  0.000000000000000e+00  2.495174067362882e-09  6.929539234090676e-11 -5.494099593340573e-04 -2.484166627052704e-02 
 3.090295432513850e+04  1.000000000000000e+00  0.000000000000000e+00  2.496020501396856e-09  7.141789937215037e-11 -5.622409908315751e-04 -2.512915022735539e-02 
 3.126079367124218e+04  1.000000000000000e+00  0.000000000000000e+00  2.496369888582706e-09  7.272707436278836e-11 -5.753708881450770e-04 -2.541995715080701e-02 
 3.162277660168646e+04  1.000000000000000e+00  0.000000000000000e+00  2.495740614172348e-09  7.320797440479865e-11 -5.888065244876728e-04 -2.571412531358496e-02 
 3.198895109691668e+04  1.000000000000000e+00  0.000000000000000e+00  2.495481488118401e-09  7.453558256709236e-11 -6.025550602255514e-04 -2.601169341962174e-02 
 3.235936569296556e+04  1.000000000000000e+00  0.000000000000000e+00  2.495285977843764e-09  7.590333916951408e-11 -6.166238414024861e-04 -2.631270061172461e-02 
 3.273406948788658e+04  1.000000000000000e+00  0.000000000000000e+00  2.496078788105649e-09  7.767921722523496e-11 -6.310202064652159e-04 -2.661718648586790e-02 
 3.311311214826191e+04  1.000000000000000e+00  0.000000000000000e+00  2.495821660453146e-09  7.904001064762411e-11 -6.457518351103975e-04 -2.692519108215667e-02 
 3.349654391578559e+04  1.000000000000000e+00  0.000000000000000e+00  2.496322593081857e-09  8.042076379832785e-11 -6.608265414849157e-04 -2.723675489655746e-02 
 3.388441561392312e+04  1.000000000000000e+00  0.000000000000000e+00  2.496703843668513e-09  8.193824091451418e-11 -6.762523114400842e-04 -2.755191888649858e-02 
 3.427677865464793e+04  1.000000000000000e+00  0.000000000000000e+00  2.496532425233511e-09  8.369190063195475e-11 -6.920373479788466e-04 -2.787072447297753e-02 
 3.467368504525610e+04  1.000000000000000e+00  0.000000000000000e+00  2.496139184238189e-09  8.417118044223848e-11 -7.081899604484132e-04 -2.819321355029022e-02 
 3.507518739525977e+04  1.000000000000000e+00  0.000000000000000e+00  2.496439499566350e-09  8.654781058492489e-11 -7.247187278671685e-04 -2.851942848565806e-02 
 3.548133892336055e+04  1.000000000000000e+00  0.000000000000000e+00  2.496368778359681e-09  8.750445854022182e-11 -7.416324241800165e-04 -2.884941212723490e-02 
 3.589219346450356e+04  1.000000000000000e+00  0.000000000000000e+00  2.497410833690594e-09  8.944945131816873e-11 -7.589400281815539e-04 -2.918320780884214e-02 
 3.630780547701321e+04  1.000000000000000e+00  0.000000000000000e+00  2.496704176735420e-09  8.996195802191131e-11 -7.766506521066363e-04 -2.952085935745695e-02 
 3.672823004981158e+04  1.000000000000000e+00  0.000000000000000e+00  2.496741258184443e-09  9.191389663265603e-11 -7.947737149056611e-04 -2.986241109377033e-02 
 3.715352290972041e+04  1.000000000000000e+00  0.000000000000000e+00  2.510036400948934e-09  7.866789164534538e-11 -8.133188751017206e-04 -3.020790783925826e-02 
 3.758374042884761e+04  1.000000000000000e+00  0.000000000000000e+00  2.510398888766474e-09  8.064716602862454e-11 -8.322958390436508e-04 -3.055739492879151e-02 
 3.801893963205935e+04  1.000000000000000e+00  0.000000000000000e+00  2.510014862622256e-09  8.270750750938305e-11 -8.517147337177011e-04 -3.091091820295499e-02 
 3.845917820453863e+04  1.000000000000000e+00  0.000000000000000e+00  2.510654795173650e-09  8.369055448653739e-11 -8.715858210883720e-04 -3.126852402384033e-02 
 3.890451449943137e+04  1.000000000000000e+00  0.000000000000000e+00  2.510291863266900e-09  8.578204813147750e-11 -8.919196330745560e-04 -3.163025927676812e-02 
 3.935500754558110e+04  1.000000000000000e+00  0.000000000000000e+00  2.509973784370345e-09  8.680408475347789e-11 -9.127269585041953e-04 -3.199617137409135e-02 
 3.981071705535313e+04  1.000000000000000e+00  0.000000000000000e+00  2.509467300626511e-09  8.784616090107278e-11 -9.340188401624205e-04 -3.236630826523586e-02 
 4.027170343254935e+04  1.000000000000000e+00  0.000000000000000e+00  2.510324503823824e-09  8.996336314792686e-11 -9.558065022572393e-04 -3.274071844063520e-02 
 4.073802778041476e+04  1.000000000000000e+00  0.000000000000000e+00  2.510280761036654e-09  9.156451291625345e-11 -9.781015510290647e-04 -3.311945093453100e-02 
 4.120975190973654e+04  1.000000000000000e+00  0.000000000000000e+00  2.510103125352714e-09  9.264081862747631e-11 -1.000915722343176e-03 -3.350255533849146e-02 
 4.168693834703711e+04  1.000000000000000e+00  0.000000000000000e+00  2.510026297919410e-09  9.416247642723974e-11 -1.024261143903082e-03 -3.389008179589041e-02 
 4.216965034286184e+04  1.000000000000000e+00  0.000000000000000e+00  2.509892516044943e-09  9.592708571926067e-11 -1.048150241771739e-03 -3.428208101367822e-02 
 4.265795188016292e+04  1.000000000000000e+00  0.000000000000000e+00  2.509838337161341e-09  9.873100947910274e-11 -1.072595542880195e-03 -3.467860427729916e-02 
 4.315190768278023e+04  1.000000000000000e+00  0.000000000000000e+00  2.509668473038573e-09  9.916218540739763e-11 -1.097610100906476e-03 -3.507970343756708e-02 
 4.365158322402035e+04  1.000000000000000e+00  0.000000000000000e+00  2.510350483042600e-09  1.009265587770258e-10 -1.123207090037770e-03 -3.548543093555640e-02 
 4.415704473533505e+04  1.000000000000000e+00  0.000000000000000e+00  2.522709596775030e-09  8.950230834248174e-11 -1.149400132149592e-03 -3.589583979231609e-02 
 4.466835921510016e+04  1.000000000000000e+00  0.000000000000000e+00  2.522247855019089e-09  9.123461014448608e-11 -1.176203044502167e-03 -3.631098363031378e-02 
 4.518559443749613e+04  1.000000000000000e+00  0.000000000000000e+00  2.521803099675424e-09  9.225604308271684e-11 -1.203630122670551e-03 -3.673091666368881e-02 
 4.570881896149144e+04  1.000000000000000e+00  0.000000000000000e+00  2.522357100964712e-09  9.351898422327309e-11 -1.231695747499817e-03 -3.715569372589923e-02 
 4.623810213993002e+04  1.000000000000000e+00  0.000000000000000e+00  2.522573705476816e-09  9.655688748555491e-11 -1.260414859106107e-03 -3.758537024997645e-02 
 4.677351412872386e+04  1.000000000000000e+00  0.000000000000000e+00  2.522194675336209e-09  9.770649567197864e-11 -1.289802704744436e-03 -3.802000229231622e-02 
 4.731512589615214e+04  1.000000000000000e+00  0.000000000000000e+00  2.521612252337491e-09  9.890892271879892e-11 -1.319874809327271e-03 -3.845964653806317e-02 
 4.786300923226798e+04  1.000000000000000e+00  0.000000000000000e+00  2.522127284798614e-09  1.020298012743837e-10 -1.350647062864141e-03 -3.890436030295669e-02 
 4.841723675841413e+04  1.000000000000000e+00  0.000000000000000e+00  2.521547526335155e-09  1.026057017128323e-10 -1.382135864577583e-03 -3.935420153374387e-02 
 4.897788193684887e+04  1.000000000000000e+00  0.000000000000000e+00  2.522279607397593e-09  1.051376416483230e-10 -1.414357798034560e-03 -3.980922883244631e-02 
 4.954501908048333e+04  1.000000000000000e+00  0.000000000000000e+00  2.521959530099593e-09  1.077192016141204e-10 -1.447329910656769e-03 -4.026950144876892e-02 
 5.011872336273159e+04  1.000000000000000e+00  0.000000000000000e+00  2.532202225680180e-09  9.390622307536844e-11 -1.481069726045781e-03 -4.073507928733708e-02 
 5.069907082747485e+04  1.000000000000000e+00  0.000000000000000e+00  2.531726717158733e-09  9.585304772130598e-11 -1.515595061027719e-03 -4.120602291905984e-02 
 5.128613839914095e+04  1.000000000000000e+00  0.000000000000000e+00  2.533027787521291e-09  9.848918208765767e-11 -1.550924250141361e-03 -4.168239358363558e-02 
 5.188000389290063e+04  1.000000000000000e+00  0.000000000000000e+00  2.532385301456941e-09  1.011761438518555e-10 -1.587075931796633e-03 -4.216425320480632e-02 
 5.248074602498184e+04  1.000000000000000e+00  0.000000000000000e+00  2.532734577620488e-09  1.024934512261488e-10 -1.624069365016467e-03 -4.265166437974699e-02 
 5.308844442310347e+04  1.000000000000000e+00  0.000000000000000e+00  2.531933218641313e-09  1.045351999406918e-10 -1.661924021723715e-03 -4.314469041110330e-02 
 5.370317963702997e+04  1.000000000000000e+00  0.000000000000000e+00  2.531782117287662e-09  1.065839777547595e-10 -1.700659933781989e-03 -4.364339529330941e-02 
 5.432503314924808e+04  1.000000000000000e+00  0.000000000000000e+00  2.532346110584172e-09  1.093614296343581e-10 -1.740297679817870e-03 -4.414784372069956e-02 
 5.495408738576727e+04  1.000000000000000e+00  0.000000000000000e+00  2.531669762717570e-09  1.107394939636741e-10 -1.780858256149265e-03 -4.465810110220400e-02 
 5.559042572704524e+04  1.000000000000000e+00  0.000000000000000e+00  2.541467258865282e-09  9.927772492979159e-11 -1.822363017642714e-03 -4.517423357621855e-02 
 5.623413251903985e+04  1.000000000000000e+00  0.000000000000000e+00  2.540798904604458e-09  9.992663640989718e-11 -1.864834060591014e-03 -4.569630799000231e-02 
 5.688529308438914e+04  1.000000000000000e+00  0.000000000000000e+00  2.540510246618055e-09  1.021143239410272e-10 -1.908293799227190e-03 -4.622439193477339e-02 
 5.754399373372075e+04  1.000000000000000e+00  0.000000000000000e+00  2.540453625243799e-09  1.042997632705323e-10 -1.952765276957869e-03 -4.675855373670784e-02 
 5.821032177709226e+04  1.000000000000000e+00  0.000000000000000e+00  2.540296417663512e-09  1.073107019911035e-10 -1.998271988551736e-03 -4.729886247348480e-02 
 5.888436553556408e+04  1.000000000000000e+00  0.000000000000000e+00  2.540697097153100e-09  1.095713034193757e-10 -2.044837997920768e-03 -4.784538797599508e-02 
 5.956621435290630e+04  1.000000000000000e+00  0.000000000000000e+00  2.540014309992955e-09  1.118396625310325e-10 -2.092488019306504e-03 -4.839820082979426e-02 
 6.025595860744109e+04  1.000000000000000e+00  0.000000000000000e+00  2.549158883979885e-09  9.992466576402848e-11 -2.141247243231059e-03 -4.895737239526342e-02 
 6.095368972402230e+04  1.000000000000000e+00  0.000000000000000e+00  2.548456778939112e-09  1.030971627513644e-10 -2.191141491186266e-03 -4.952297480379200e-02 
 6.165950018615367e+04  1.000000000000000e+00  0.000000000000000e+00  2.547225097515593e-09  1.038176558609827e-10 -2.242197110964850e-03 -5.009508097653761e-02 
 6.237348354824744e+04  1.000000000000000e+00  0.000000000000000e+00  2.548319000261756e-09  1.070468574893013e-10 -2.294441127656199e-03 -5.067376461856346e-02 
 6.309573444802491e+04  1.000000000000000e+00  0.000000000000000e+00  2.547424715615421e-09  1.086284326379250e-10 -2.347901264832197e-03 -5.125910022849196e-02 
 6.382634861906052e+04  1.000000000000000e+00  0.000000000000000e+00  2.547212440973112e-09  1.110914207846925e-10 -2.402605716328998e-03 -5.185116311924158e-02 
 6.456542290347127e+04  1.000000000000000e+00  0.000000000000000e+00  2.555611611221309e-09  1.003418320655314e-10 -2.458583458790020e-03 -5.245002940788654e-02 
 6.531305526475303e+04  1.000000000000000e+00  0.000000000000000e+00  2.554291222978122e-09  1.028823831683567e-10 -2.515864133912693e-03 -5.305577603108026e-02 
 6.606934480076547e+04  1.000000000000000e+00  0.000000000000000e+00  2.554724654046936e-09  1.063121535249678e-10 -2.574477969884748e-03 -5.366848075875534e-02 
 6.683439175686739e+04  1.000000000000000e+00  0.000000000000000e+00  2.553982914044184e-09  1.080696018784799e-10 -2.634456039470434e-03 -5.428822218189447e-02 
 6.760829753920418e+04  1.000000000000000e+00  0.000000000000000e+00  2.553721456521885e-09  1.106548463969403e-10 -2.695830029921242e-03 -5.491507974363825e-02 
 6.839116472814901e+04  1.000000000000000e+00  0.000000000000000e+00  2.552891120721767e-09  1.124112955497303e-10 -2.758632451175913e-03 -5.554913372511502e-02 
 6.918309709189981e+04  1.000000000000000e+00  0.000000000000000e+00  2.560863299194693e-09  1.030241239541319e-10 -2.822896453473334e-03 -5.619046527334627e-02 
 6.998419960023358e+04  1.000000000000000e+00  0.000000000000000e+00  2.560032408283064e-09  1.039583766293539e-10 -2.888656059859218e-03 -5.683915638925657e-02 
 7.079457843842010e+04  1.000000000000000e+00  0.000000000000000e+00  2.559552236824914e-09  1.067203755922286e-10 -2.955946073295523e-03 -5.749528994424156e-02 
 7.161434102129658e+04  1.000000000000000e+00  0.000000000000000e+00  2.558551370768214e-09  1.105168664916611e-10 -3.024802045616615e-03 -5.815894969169441e-02 
 7.244359600750546e+04  1.000000000000000e+00  0.000000000000000e+00  2.564685686046175e-09  9.960233332551027e-11 -3.095260386878573e-03 -5.883022026706006e-02 
 7.328245331389694e+04  1.000000000000000e+00  0.000000000000000e+00  2.564349510514319e-09  1.025221504913354e-10 -3.167358308912904e-03 -5.950918720045430e-02 
 7.413102413009836e+04  1.000000000000000e+00  0.000000000000000e+00  2.563903311880722e-09  1.045149175538107e-10 -3.241134001935597e-03 -6.019593691161612e-02 
 7.498942093325227e+04  1.000000000000000e+00  0.000000000000000e+00  2.563522283338671e-09  1.084839371112700e-10 -3.316626431096426e-03 -6.089055673446912e-02 
 7.585775750292515e+04  1.000000000000000e+00  0.000000000000000e+00  2.563360412821680e-09  1.114929537582299e-10 -3.393875488009845e-03 -6.159313491582021e-02 
 7.673614893618875e+04  1.000000000000000e+00  0.000000000000000e+00  2.568233625765970e-09  1.009804392881897e-10 -3.472922071154017e-03 -6.230376061354786e-02 
 7.762471166287611e+04  1.000000000000000e+00  0.000000000000000e+00  2.568163126603906e-09  1.041287195358009e-10 -3.553807856566449e-03 -6.302252393013244e-02 
 7.852356346101420e+04  1.000000000000000e+00  0.000000000000000e+00  2.567816737020223e-09  1.073651723082492e-10 -3.636575642743445e-03 -6.374951588619034e-02 
 7.943282347243527e+04  1.000000000000000e+00  0.000000000000000e+00  2.567282275656169e-09  1.105998903572214e-10 -3.721269245682945e-03 -6.448482844340972e-02 
 8.035261221856893e+04  1.000000000000000e+00  0.000000000000000e+00  2.572106749809677e-09  1.015166145590385e-10 -3.807933309182387e-03 -6.522855452710580e-02 
 8.128305161641721e+04  1.000000000000000e+00  0.000000000000000e+00  2.570869184204128e-09  1.027005425147109e-10 -3.896613669900129e-03 -6.598078800552985e-02 
 8.222426499471450e+04  1.000000000000000e+00  0.000000000000000e+00  2.570523904843469e-09  1.061489507403479e-10 -3.987357178166118e-03 -6.674162370928012e-02 
 8.317637711027457e+04  1.000000000000000e+00  0.000000000000000e+00  2.575433866169874e-09  9.730256878004440e-11 -4.080211766106845e-03 -6.751115744270680e-02 
 8.413951416452706e+04  1.000000000000000e+00  0.000000000000000e+00  2.574419011303064e-09  1.008027689097801e-10 -4.175226464501858e-03 -6.828948598314813e-02 
 8.511380382024529e+04  1.000000000000000e+00  0.000000000000000e+00  2.573522617232982e-09  1.043582026349910e-10 -4.272451535149546e-03 -6.907670708262706e-02 
 8.609937521846780e+04  1.000000000000000e+00  0.000000000000000e+00  2.573595003774187e-09  1.091468859737432e-10 -4.371938241881423e-03 -6.987291949663568e-02 
 8.709635899561590e+04  1.000000000000000e+00  0.000000000000000e+00  2.577413171778176e-09  9.852947624455766e-11 -4.473739177570879e-03 -7.067822296032664e-02 
 8.810488730080934e+04  1.000000000000000e+00  0.000000000000000e+00  2.576399649178995e-09  1.022530254912724e-10 -4.577908067305181e-03 -7.149271822063660e-02 
 8.912509381338258e+04  1.000000000000000e+00  0.000000000000000e+00  2.576673097109961e-09  1.060253274065559e-10 -4.684499961355337e-03 -7.231650702151762e-02 
 9.015711376060382e+04  1.000000000000000e+00  0.000000000000000e+00  2.579463420637751e-09  9.699578640276485e-11 -4.793571092841065e-03 -7.314969213080039e-02 
 9.120108393559921e+04  1.000000000000000e+00  0.000000000000000e+00  2.578933622210400e-09  1.008517436229539e-10 -4.905179014736083e-03 -7.399237733189160e-02 
 9.225714271548465e+04  1.000000000000000e+00  0.000000000000000e+00  2.577346225329791e-09  1.036071228810442e-10 -5.019382699989805e-03 -7.484466742720300e-02 
 9.332543007970754e+04  1.000000000000000e+00  0.000000000000000e+00  2.580896496517937e-09  9.615758189696066e-11 -5.136242356536425e-03 -7.570666825727444e-02 
 9.440608762860087e+04  1.000000000000000e+00  0.000000000000000e+00  2.579964242244159e-09  1.002341126765671e-10 -5.255819735318523e-03 -7.657848669064424e-02 
 9.549925860215223e+04  1.000000000000000e+00  0.000000000000000e+00  2.582769331738177e-09  9.180174675993413e-11 -5.378177881584456e-03 -7.746023064682792e-02 
 9.660508789899008e+04  1.000000000000000e+00  0.000000000000000e+00  2.582611124957168e-09  9.605913287025203e-11 -5.503381359744042e-03 -7.835200908332421e-02 
 9.772372209558992e+04  1.000000000000000e+00  0.000000000000000e+00  2.581790559119668e-09  1.015973277729287e-10 -5.631496218421961e-03 -7.925393201598199e-02 
 9.885530946570286e+04  1.000000000000000e+00  0.000000000000000e+00  2.583969149760890e-09  9.229551845013617e-11 -5.762590050607974e-03 -8.016611050767330e-02 
 1.000000000000091e+05  1.000000000000000e+00  0.000000000000000e+00  2.583058655858395e-09  9.675819867549507e-11 -5.896731935750910e-03 -8.108865669763474e-02 
 1.011579454259990e+05  1.000000000000000e+00  0.000000000000000e+00  2.584756075840744e-09  8.772603476980834e-11 -6.033992734304050e-03 -8.202168376388233e-02 
 1.023292992280847e+05  1.000000000000000e+00  0.000000000000000e+00  2.583970593050822e-09  9.225381569777369e-11 -6.174444725998041e-03 -8.296530598166672e-02 
 1.035142166679438e+05  1.000000000000000e+00  0.000000000000000e+00  2.584122138493683e-09  9.960285374255307e-11 -6.318161999794292e-03 -8.391963867956823e-02 
 1.047128548050995e+05  1.000000000000000e+00  0.000000000000000e+00  2.585014868827784e-09  8.947675933512755e-11 -6.465220250670534e-03 -8.488479828113576e-02 
 1.059253725177385e+05  1.000000000000000e+00  0.000000000000000e+00  2.584973679553570e-09  9.568691672345864e-11 -6.615697088999228e-03 -8.586090226270598e-02 
 1.071519305237704e+05  1.000000000000000e+00  0.000000000000000e+00  2.586981073804395e-09  9.007858348120124e-11 -6.769671768823260e-03 -8.684806920854783e-02 
 1.083926914021303e+05  1.000000000000000e+00  0.000000000000000e+00  2.584979341690996e-09  9.226901187542325e-11 -6.927225411080484e-03 -8.784641877812538e-02 
 1.096478196143285e+05  1.000000000000000e+00  0.000000000000000e+00  2.587280500954137e-09  8.838740850336535e-11 -7.088441023430647e-03 -8.885607171889132e-02 
 1.109174815262503e+05  1.000000000000000e+00  0.000000000000000e+00  2.585930691800797e-09  9.200913642093411e-11 -7.253403486899623e-03 -8.987714987667458e-02 
 1.122018454302066e+05  1.000000000000000e+00  0.000000000000000e+00  2.586625580391910e-09  8.572241527726732e-11 -7.422199764064330e-03 -9.090977617157134e-02 
 1.135010815672419e+05  1.000000000000000e+00  0.000000000000000e+00  2.586663883086260e-09  9.090365959973923e-11 -7.594918710466914e-03 -9.195407462932687e-02 
 1.148153621496988e+05  1.000000000000000e+00  0.000000000000000e+00  2.586354796996204e-09  8.339968993187341e-11 -7.771651287029835e-03 -9.301017036671713e-02 
 1.161448613840449e+05  1.000000000000000e+00  0.000000000000000e+00  2.586761804757032e-09  9.026801528477790e-11 -7.952490445240157e-03 -9.407818960336659e-02 
 1.174897554939637e+05  1.000000000000000e+00  0.000000000000000e+00  2.586096781165281e-09  8.306315357753391e-11 -8.137531429167399e-03 -9.515825964394695e-02 
 1.188502227437128e+05  1.000000000000000e+00  0.000000000000000e+00  2.587267400322446e-09  7.913111832458242e-11 -8.326871615495168e-03 -9.625050888475625e-02 
 1.202264434617523e+05  1.000000000000000e+00  0.000000000000000e+00  2.586418301753213e-09  8.482925473174419e-11 -8.520610627932301e-03 -9.735506682326349e-02 
 1.216186000646480e+05  1.000000000000000e+00  0.000000000000000e+00  2.587626335426307e-09  8.116081418041432e-11 -8.718850329186401e-03 -9.847206405702991e-02 
 1.230268770812495e+05  1.000000000000000e+00  0.000000000000000e+00  2.585876068827986e-09  8.381910443500118e-11 -8.921695041937072e-03 -9.960163225474269e-02 
 1.244514611771500e+05  1.000000000000000e+00  0.000000000000000e+00  2.586161840234524e-09  8.056703915126917e-11 -9.129251439021102e-03 -1.007439041814047e-01 
 1.258925411794283e+05  1.000000000000000e+00  0.000000000000000e+00  2.586059699716259e-09  7.435042859160745e-11 -9.341628547478553e-03 -1.018990137114877e-01 
 1.273503081016779e+05  1.000000000000000e+00  0.000000000000000e+00  2.585429981216691e-09  8.028205877863570e-11 -9.558938029047281e-03 -1.030670957689309e-01 
 1.288249551693253e+05  1.000000000000000e+00  0.000000000000000e+00  2.584673364225409e-09  7.766719212209949e-11 -9.781294097907844e-03 -1.042482863695043e-01 
 1.303166778452420e+05  1.000000000000000e+00  0.000000000000000e+00  2.584146230333317e-09  7.192026141300545e-11 -1.000881360771233e-02 -1.054427226007653e-01 
 1.318256738556529e+05  1.000000000000000e+00  0.000000000000000e+00  2.585361702500677e-09  7.141523483689127e-11 -1.024161603855755e-02 -1.066505426206698e-01 
 1.333521432163448e+05  1.000000000000000e+00  0.000000000000000e+00  2.585008318511939e-09  7.787982758689083e-11 -1.047982368759937e-02 -1.078718856460344e-01 
 1.348962882591779e+05  1.000000000000000e+00  0.000000000000000e+00  2.582968394726493e-09  7.260642087558722e-11 -1.072356159617494e-02 -1.091068919541545e-01 
 1.364583136589051e+05  1.000000000000000e+00  0.000000000000000e+00  2.583114611098836e-09  7.100042775931570e-11 -1.097295763389039e-02 -1.103557028852607e-01 
 1.380384264603013e+05  1.000000000000000e+00  0.000000000000000e+00  2.581164837422989e-09  6.433273358474878e-11 -1.122814282653017e-02 -1.116184607780315e-01 
 1.396368361056068e+05  1.000000000000000e+00  0.000000000000000e+00  2.582825731067828e-09  7.464033557891270e-11 -1.148925090356334e-02 -1.128953090507087e-01 
 1.412537544622886e+05  1.000000000000000e+00  0.000000000000000e+00  2.580638480687014e-09  7.020024839210492e-11 -1.175641895785073e-02 -1.141863921008559e-01 
 1.428893958511236e+05  1.000000000000000e+00  0.000000000000000e+00  2.581288627290235e-09  6.925446327521456e-11 -1.202978696226387e-02 -1.154918553733568e-01 
 1.445439770746062e+05  1.000000000000000e+00  0.000000000000000e+00  2.578595115210192e-09  6.510803007842014e-11 -1.230949833836370e-02 -1.168118452775015e-01 
 1.462177174456854e+05  1.000000000000000e+00  0.000000000000000e+00  2.578227187299831e-09  6.476814917721896e-11 -1.259569956883333e-02 -1.181465092436493e-01 
 1.479108388168345e+05  1.000000000000000e+00  0.000000000000000e+00  2.576380775387577e-09  5.904038369308751e-11 -1.288854070301015e-02 -1.194959956383537e-01 
 1.496235656094573e+05  1.000000000000000e+00  0.000000000000000e+00  2.575341828681132e-09  5.717167017582625e-11 -1.318817505569614e-02 -1.208604538143574e-01 
 1.513561248436349e+05  1.000000000000000e+00  0.000000000000000e+00  2.575039848018434e-09  5.934819302666483e-11 -1.349475958399649e-02 -1.222400340424171e-01 
 1.531087461682173e+05  1.000000000000000e+00  0.000000000000000e+00  2.572236534881256e-09  5.415097537042612e-11 -1.380845471291936e-02 -1.236348875428307e-01 
 1.548816618912626e+05  1.000000000000000e+00  0.000000000000000e+00  2.571861279498933e-09  5.494227295343990e-11 -1.412942470229761e-02 -1.250451664078084e-01 
 1.566751070108296e+05  1.000000000000000e+00  0.000000000000000e+00  2.571196255907182e-09  5.587622031733019e-11 -1.445783737619055e-02 -1.264710236564355e-01 
 1.584893192461262e+05  1.000000000000000e+00  0.000000000000000e+00  2.569605417335197e-09  5.298730898495307e-11 -1.479386452100839e-02 -1.279126131445588e-01 
 1.603245390690191e+05  1.000000000000000e+00  0.000000000000000e+00  2.569291446263833e-09  5.429209859464379e-11 -1.513768173496166e-02 -1.293700895962251e-01 
 1.621810097359082e+05  1.000000000000000e+00  0.000000000000000e+00  2.566523771285745e-09  5.190153862244529e-11 -1.548946875460144e-02 -1.308436085317749e-01 
 1.640589773199693e+05  1.000000000000000e+00  0.000000000000000e+00  2.565699985801473e-09  5.380546008737497e-11 -1.584940938570467e-02 -1.323333262708684e-01 
 1.659586907437716e+05  1.000000000000000e+00  0.000000000000000e+00  2.563626089191473e-09  5.150119219976546e-11 -1.621769162102660e-02 -1.338393999021391e-01 
 1.678804018122718e+05  1.000000000000000e+00  0.000000000000000e+00  2.563208090222702e-09  5.367761790608938e-11 -1.659450762326076e-02 -1.353619872795047e-01 
 1.698243652461904e+05  1.000000000000000e+00  0.000000000000000e+00  2.561661327504794e-09  5.405392800028608e-11 -1.698005403540082e-02 -1.369012469487054e-01 
 1.717908387157749e+05  1.000000000000000e+00  0.000000000000000e+00  2.557392075885900e-09  4.452010982092247e-11 -1.737453204144712e-02 -1.384573381175742e-01 
 1.737800828749539e+05  1.000000000000000e+00  0.000000000000000e+00  2.557284717319419e-09  4.720254742629493e-11 -1.777814723326143e-02 -1.400304206799304e-01 
 1.757923613958858e+05  1.000000000000000e+00  0.000000000000000e+00  2.555822775640593e-09  4.824293742267116e-11 -1.819111009143626e-02 -1.416206550932231e-01 
 1.778279410039090e+05  1.000000000000000e+00  0.000000000000000e+00  2.552000943900623e-09  4.497927030833182e-11 -1.861363564270291e-02 -1.432282024420961e-01 
 1.798870915128957e+05  1.000000000000000e+00  0.000000000000000e+00  2.550224253994315e-09  4.293293498491835e-11 -1.904594385500513e-02 -1.448532243299171e-01 
 1.819700858610155e+05  1.000000000000000e+00  0.000000000000000e+00  2.549544242391732e-09  4.438180378762979e-11 -1.948825993457559e-02 -1.464958828062366e-01 
 1.840772001469129e+05  1.000000000000000e+00  0.000000000000000e+00  2.545374244711240e-09  4.161315736439519e-11 -1.994081386629509e-02 -1.481563404425761e-01 
 1.862087136663043e+05  1.000000000000000e+00  0.000000000000000e+00  2.546151178783873e-09  4.958231047957895e-11 -2.040384103822679e-02 -1.498347601692412e-01 
 1.883649089489978e+05  1.000000000000000e+00  0.000000000000000e+00  2.543365518192786e-09  4.912370510368191e-11 -2.087758202472145e-02 -1.515313053135057e-01 
 1.905460717963427e+05  1.000000000000000e+00  0.000000000000000e+00  2.542412391726145e-09  4.861921976129224e-11 -2.136228301231147e-02 -1.532461394661564e-01 
 1.927524913191118e+05  1.000000000000000e+00  0.000000000000000e+00  2.538950716335364e-09  4.608180503851145e-11 -2.185819557994284e-02 -1.549794265165427e-01 
 1.949844599758230e+05  1.000000000000000e+00  0.000000000000000e+00  2.536527654584120e-09  4.395458996775403e-11 -2.236557723441501e-02 -1.567313304936299e-01 
 1.972422736115040e+05  1.000000000000000e+00  0.000000000000000e+00  2.532613563310804e-09  3.982528196111446e-11 -2.288469104408208e-02 -1.585020156360963e-01 
 1.995262314969068e+05  1.000000000000000e+00  0.000000000000000e+00  2.529617404434248e-09  4.026079469809929e-11 -2.341580612460303e-02 -1.602916462240309e-01 
 2.018366363681752e+05  1.000000000000000e+00  0.000000000000000e+00  2.527431153254156e-09  3.892960953599811e-11 -2.395919755710274e-02 -1.621003865795725e-01 
 2.041737944669723e+05  1.000000000000000e+00  0.000000000000000e+00  2.524193742914349e-09  3.807729131999338e-11 -2.451514675481392e-02 -1.639284009515768e-01 
 2.065380155810725e+05  1.000000000000000e+00  0.000000000000000e+00  2.522218545131238e-09  3.877700938126338e-11 -2.508394143842541e-02 -1.657758534598547e-01 
 2.089296130854238e+05  1.000000000000000e+00  0.000000000000000e+00  2.519680797341550e-09  3.861086450562823e-11 -2.566587567722234e-02 -1.676429080689116e-01 
 2.113489039836848e+05  1.000000000000000e+00  0.000000000000000e+00  2.514061625547015e-09  3.342354171209649e-11 -2.626125029671711e-02 -1.695297284273957e-01 
 2.137962089502436e+05  1.000000000000000e+00  0.000000000000000e+00  2.507309915245060e-09  2.438835244866766e-11 -2.687037268880244e-02 -1.714364778859904e-01 
 2.162718523727226e+05  1.000000000000000e+00  0.000000000000000e+00  2.500829987539532e-09  1.758909684568266e-11 -2.749355727700820e-02 -1.733633193141365e-01 
 2.187761623949761e+05  1.000000000000000e+00  0.000000000000000e+00  2.497204776297224e-09  1.843833419279406e-11 -2.813112549308716e-02 -1.753104150736349e-01 
 2.213094709605849e+05  1.000000000000000e+00  0.000000000000000e+00  2.494750406256685e-09  1.970015817143178e-11 -2.878340586455475e-02 -1.772779269276591e-01 
 2.238721138568553e+05  1.000000000000000e+00  0.000000000000000e+00  2.490923134423895e-09  1.871935939590230e-11 -2.945073438701895e-02 -1.792660158974382e-01 
 2.264644307593276e+05  1.000000000000000e+00  0.000000000000000e+00  2.485823991094094e-09  1.523547954462856e-11 -3.013345441306514e-02 -1.812748422246750e-01 
 2.290867652767992e+05  1.000000000000000e+00  0.000000000000000e+00  2.480728844567182e-09  1.206676425447029e-11 -3.083191700594679e-02 -1.833045652268357e-01 
 2.317394649968700e+05  1.000000000000000e+00  0.000000000000000e+00  2.478239724545972e-09  1.438263397268713e-11 -3.154648109680025e-02 -1.853553431675957e-01 
 2.344228815320146e+05  1.000000000000000e+00  0.000000000000000e+00  2.470930793307957e-09  9.050427074441814e-12 -3.227751350972174e-02 -1.874273332011255e-01 
 2.371373705661882e+05  1.000000000000000e+00  0.000000000000000e+00  2.468673931943499e-09  1.195624155236885e-11 -3.302538922263121e-02 -1.895206912149452e-01 
 2.398832919019720e+05  1.000000000000000e+00  0.000000000000000e+00  2.463252823936557e-09  9.682227242180375e-12 -3.379049150815239e-02 -1.916355717156110e-01 
 2.426610095082648e+05  1.000000000000000e+00  0.000000000000000e+00  2.456965519925802e-09  5.223071974924665e-12 -3.457321211063613e-02 -1.937721276961136e-01 
 2.454708915685266e+05  1.000000000000000e+00  0.000000000000000e+00  2.454269898422012e-09  8.831491093985733e-12 -3.537395143872735e-02 -1.959305105116065e-01 
 2.483133105295808e+05  1.000000000000000e+00  0.000000000000000e+00  2.445908142689746e-09  2.453870440177752e-12 -3.619311886686449e-02 -1.981108696628264e-01 
 2.511886431509821e+05  1.000000000000000e+00  0.000000000000000e+00  2.443723889911098e-09  6.434602850546867e-12 -3.703113244639178e-02 -2.003133528346703e-01 
 2.540972705549549e+05  1.000000000000000e+00  0.000000000000000e+00  2.434621948488314e-09  6.699640842100507e-13 -3.788841980444446e-02 -2.025381054923251e-01 
 2.570395782769111e+05  1.000000000000000e+00  0.000000000000000e+00  2.426228995489055e-09 -4.759220795236274e-12 -3.876541769209141e-02 -2.047852709468179e-01 
 2.600159563165522e+05  1.000000000000000e+00  0.000000000000000e+00  2.419111466700485e-09 -7.218697861688383e-12 -3.966257250987981e-02 -2.070549900453043e-01 
 2.630267991895634e+05  1.000000000000000e+00  0.000000000000000e+00  2.416542077554595e-09 -5.353550935893736e-12 -4.058034036216718e-02 -2.093474010767387e-01 
 2.660725059799065e+05  1.000000000000000e+00  0.000000000000000e+00  2.409050958718240e-09 -7.107064936562324e-12 -4.151918746462069e-02 -2.116626395044194e-01 
 2.691534803927175e+05  1.000000000000000e+00  0.000000000000000e+00  2.404553556267786e-09 -5.850597784018419e-12 -4.247958998621537e-02 -2.140008378993536e-01 
 2.722701308078174e+05  1.000000000000000e+00  0.000000000000000e+00  2.397549270227728e-09 -7.286671266371059e-12 -4.346203463485654e-02 -2.163621256227848e-01 
 2.754228703338432e+05  1.000000000000000e+00  0.000000000000000e+00  2.385201147703242e-09 -1.508582148090909e-11 -4.446701850124402e-02 -2.187466287243565e-01 
 2.786121168630039e+05  1.000000000000000e+00  0.000000000000000e+00  2.378624297527665e-09 -1.591213272256198e-11 -4.549504957847073e-02 -2.211544696356847e-01 
 2.818382931264726e+05  1.000000000000000e+00  0.000000000000000e+00  2.374549445960383e-09 -1.358138601581516e-11 -4.654664673070830e-02 -2.235857670357667e-01 
 2.851018267504185e+05  1.000000000000000e+00  0.000000000000000e+00  2.367754547982770e-09 -1.386493697630442e-11 -4.762234004491361e-02 -2.260406355672966e-01 
 2.884031503126885e+05  1.000000000000000e+00  0.000000000000000e+00  2.360481032859241e-09 -1.446889830170051e-11 -4.872267097675098e-02 -2.285191856197127e-01 
 2.917427014001449e+05  1.000000000000000e+00  0.000000000000000e+00  2.351321581883781e-09 -1.711281116811847e-11 -4.984819270404828e-02 -2.310215230288789e-01 
 2.951209226666671e+05  1.000000000000000e+00  0.000000000000000e+00  2.340992066862668e-09 -2.019945322118133e-11 -5.099947005642258e-02 -2.335477489356604e-01 
 2.985382618918249e+05  1.000000000000000e+00  0.000000000000000e+00  2.331734694216436e-09 -2.282513067441982e-11 -5.217708007187660e-02 -2.360979593768439e-01 
 3.019951720402309e+05  1.000000000000000e+00  0.000000000000000e+00  2.323004011373087e-09 -2.492225870120990e-11 -5.338161186163248e-02 -2.386722451523463e-01 
 3.054921113215809e+05  1.000000000000000e+00  0.000000000000000e+00  2.313431890499373e-09 -2.683187005914078e-11 -5.461366736900108e-02 -2.412706913247533e-01 
 3.090295432513891e+05  1.000000000000000e+00  0.000000000000000e+00  2.303096713340835e-09 -2.851749392185354e-11 -5.587386089518187e-02 -2.438933771811127e-01 
 3.126079367124258e+05  1.000000000000000e+00  0.000000000000000e+00  2.299130552607664e-09 -2.395975085001112e-11 -5.716281987295324e-02 -2.465403757277181e-01 
 3.162277660168686e+05  1.000000000000000e+00  0.000000000000000e+00  2.286488443026258e-09 -2.802105769639240e-11 -5.848118499421795e-02 -2.492117533828572e-01 
 3.198895109691709e+05  1.000000000000000e+00  0.000000000000000e+00  2.271012378152193e-09 -3.492744982125373e-11 -5.982961015914579e-02 -2.519075697605445e-01 
 3.235936569296597e+05  1.000000000000000e+00  0.000000000000000e+00  2.267210197359759e-09 -2.941386023636028e-11 -6.120876315607426e-02 -2.546278771355920e-01 
 3.273406948788700e+05  1.000000000000000e+00  0.000000000000000e+00  2.251883346460204e-09 -3.607497633950629e-11 -6.261932542489101e-02 -2.573727202643027e-01 
 3.311311214826233e+05  1.000000000000000e+00  0.000000000000000e+00  2.239107566026632e-09 -3.832656414459734e-11 -6.406199275196567e-02 -2.601421358307706e-01 
 3.349654391578603e+05  1.000000000000000e+00  0.000000000000000e+00  2.229354478799905e-09 -3.764916156612230e-11 -6.553747507857588e-02 -2.629361522022272e-01 
 3.388441561392356e+05  1.000000000000000e+00  0.000000000000000e+00  2.222680484109674e-09 -3.420164151890503e-11 -6.704649713734001e-02 -2.657547889074541e-01 
 3.427677865464838e+05  1.000000000000000e+00  0.000000000000000e+00  2.210088001497468e-09 -3.606825949020731e-11 -6.858979836297396e-02 -2.685980562704593e-01 
 3.467368504525655e+05  1.000000000000000e+00  0.000000000000000e+00  2.195307713392936e-09 -4.065509040529491e-11 -7.016813327412219e-02 -2.714659549598660e-01 
 3.507518739526023e+05  1.000000000000000e+00  0.000000000000000e+00  2.181423153224671e-09 -4.172995282658576e-11 -7.178227175547525e-02 -2.743584755038497e-01 
 3.548133892336102e+05  1.000000000000000e+00  0.000000000000000e+00  2.172565238822699e-09 -3.941502679793984e-11 -7.343299911426426e-02 -2.772755978924437e-01 
 3.589219346450404e+05  1.000000000000000e+00  0.000000000000000e+00  2.152851785730547e-09 -4.517997087560843e-11 -7.512111666511845e-02 -2.802172909004592e-01 
 3.630780547701370e+05  1.000000000000000e+00  0.000000000000000e+00  2.136754884141112e-09 -4.848538237567368e-11 -7.684744147932765e-02 -2.831835118496521e-01 
 3.672823004981207e+05  1.000000000000000e+00  0.000000000000000e+00  2.124521669699675e-09 -4.744266091094573e-11 -7.861280709628848e-02 -2.861742057890783e-01 
 3.715352290972091e+05  1.000000000000000e+00  0.000000000000000e+00  2.108373808873409e-09 -5.051642437692294e-11 -8.041806327863776e-02 -2.891893052323330e-01 
 3.758374042884811e+05  1.000000000000000e+00  0.000000000000000e+00  2.099939888644542e-09 -4.564743028012685e-11 -8.226407682943249e-02 -2.922287292495619e-01 
 3.801893963205986e+05  1.000000000000000e+00  0.000000000000000e+00  2.080767669276895e-09 -5.004952008391683e-11 -8.415173124488629e-02 -2.952923831882132e-01 
 3.845917820453914e+05  1.000000000000000e+00  0.000000000000000e+00  2.063444415334459e-09 -5.075340148152918e-11 -8.608192718572671e-02 -2.983801579219043e-01 
 3.890451449943190e+05  1.000000000000000e+00  0.000000000000000e+00  2.045719593724016e-09 -5.281358683717485e-11 -8.805558278082026e-02 -3.014919291683889e-01 
 3.935500754558163e+05  1.000000000000000e+00  0.000000000000000e+00  2.033677559687419e-09 -5.000433400681459e-11 -9.007363364151311e-02 -3.046275569343431e-01 
 3.981071705535366e+05  1.000000000000000e+00  0.000000000000000e+00  2.017996103553799e-09 -5.113504064624408e-11 -9.213703332374812e-02 -3.077868846741389e-01 
 4.027170343254989e+05  1.000000000000000e+00  0.000000000000000e+00  1.994850507003321e-09 -5.533362656962026e-11 -9.424675318570197e-02 -3.109697388120372e-01 
 4.073802778041530e+05  1.000000000000000e+00  0.000000000000000e+00  1.979578501121182e-09 -5.308703476814003e-11 -9.640378282663353e-02 -3.141759278220424e-01 
 4.120975190973710e+05  1.000000000000000e+00  0.000000000000000e+00  1.956377060352565e-09 -5.658978841083240e-11 -9.860913025087348e-02 -3.174052415269113e-01 
 4.168693834703767e+05  1.000000000000000e+00  0.000000000000000e+00  1.941362737234442e-09 -5.400629943252966e-11 -1.008638220076412e-01 -3.206574502710020e-01 
 4.216965034286241e+05  1.000000000000000e+00  0.000000000000000e+00  1.914223335397480e-09 -5.797451407829612e-11 -1.031689033122751e-01 -3.239323042112628e-01 
 4.265795188016350e+05  1.000000000000000e+00  0.000000000000000e+00  1.895134826845890e-09 -5.758604704197978e-11 -1.055254382947270e-01 -3.272295323253477e-01 
 4.315190768278081e+05  1.000000000000000e+00  0.000000000000000e+00  1.877080602064041e-09 -5.496864075027474e-11 -1.079345099245042e-01 -3.305488417244159e-01 
 4.365158322402094e+05  1.000000000000000e+00  0.000000000000000e+00  1.854250974986371e-09 -5.539008141042245e-11 -1.103972207052587e-01 -3.338899164738292e-01 
 4.415704473533565e+05  1.000000000000000e+00  0.000000000000000e+00  1.827271223220350e-09 -5.784095424843372e-11 -1.129146919412125e-01 -3.372524170268441e-01 
 4.466835921510076e+05  1.000000000000000e+00  0.000000000000000e+00  1.809149163811696e-09 -5.446948447840327e-11 -1.154880647125842e-01 -3.406359788229796e-01 
 4.518559443749674e+05  1.000000000000000e+00  0.000000000000000e+00  1.790302017745660e-09 -5.075018183475777e-11 -1.181184991588624e-01 -3.440402117789328e-01 
 4.570881896149206e+05  1.000000000000000e+00  0.000000000000000e+00  1.760114720639194e-09 -5.324229945813386e-11 -1.208071753122056e-01 -3.474646987466010e-01 
 4.623810213993065e+05  1.000000000000000e+00  0.000000000000000e+00  1.733846066720446e-09 -5.239597644646210e-11 -1.235552925179515e-01 -3.509089948898353e-01 
 4.677351412872450e+05  1.000000000000000e+00  0.000000000000000e+00  1.707611385626251e-09 -5.114830781138835e-11 -1.263640698334868e-01 -3.543726262822540e-01 
 4.731512589615278e+05  1.000000000000000e+00  0.000000000000000e+00  1.676174421483267e-09 -5.254408019794710e-11 -1.292347458947123e-01 -3.578550889263911e-01 
 4.786300923226863e+05  1.000000000000000e+00  0.000000000000000e+00  1.649497982647574e-09 -5.093259147770368e-11 -1.321685790269160e-01 -3.613558474331130e-01 
 4.841723675841478e+05  1.000000000000000e+00  0.000000000000000e+00  1.619903211569351e-09 -4.908540240933235e-11 -1.351668469123659e-01 -3.648743340383006e-01 
 4.897788193684953e+05  1.000000000000000e+00  0.000000000000000e+00  1.600999888218269e-09 -4.163291933423352e-11 -1.382308469135758e-01 -3.684099470803247e-01 
 4.954501908048399e+05  1.000000000000000e+00  0.000000000000000e+00  1.570552132790226e-09 -3.939804038566308e-11 -1.413618957696993e-01 -3.719620498357357e-01 
 5.011872336273226e+05  1.000000000000000e+00  0.000000000000000e+00  1.533593696478874e-09 -3.958694483330305e-11 -1.445613292889855e-01 -3.755299692970467e-01 
 5.069907082747553e+05  1.000000000000000e+00  0.000000000000000e+00  1.496578416748662e-09 -3.885941568526619e-11 -1.478305024418929e-01 -3.791129946718477e-01 
 5.128613839914164e+05  1.000000000000000e+00  0.000000000000000e+00  1.468781318791912e-09 -3.292277561683932e-11 -1.511707891589128e-01 -3.827103758701491e-01 
 5.188000389290132e+05  1.000000000000000e+00  0.000000000000000e+00  1.436014085420823e-09 -2.944622323752810e-11 -1.545835819668182e-01 -3.863213222564228e-01 
 5.248074602498254e+05  1.000000000000000e+00  0.000000000000000e+00  1.404601879251288e-09 -2.278799371424611e-11 -1.580702916638428e-01 -3.899450010750466e-01 
 5.308844442310418e+05  1.000000000000000e+00  0.000000000000000e+00  1.371178726117250e-09 -1.855154918573021e-11 -1.616323471959102e-01 -3.935805357775953e-01 
 5.370317963703069e+05  1.000000000000000e+00  0.000000000000000e+00  1.328008591983121e-09 -1.593047915804391e-11 -1.652711951500094e-01 -3.972270045584521e-01 
 5.432503314924880e+05  1.000000000000000e+00  0.000000000000000e+00  1.283492978565448e-09 -1.865535503853266e-11 -1.689882992254292e-01 -4.008834388211781e-01 
 5.495408738576800e+05  1.000000000000000e+00  0.000000000000000e+00  1.242476788121394e-09 -1.258737558629264e-11 -1.727851398012153e-01 -4.045488213902532e-01 
 5.559042572704597e+05  1.000000000000000e+00  0.000000000000000e+00  1.198170007654653e-09 -8.237688309264968e-12 -1.766632137001508e-01 -4.082220845911031e-01 
 5.623413251904058e+05  1.000000000000000e+00  0.000000000000000e+00  1.167029251014640e-09  3.236466650236025e-12 -1.806240330438911e-01 -4.119021089074371e-01 
 5.688529308438989e+05  1.000000000000000e+00  0.000000000000000e+00  1.116365555553500e-09  5.120737167629841e-12 -1.846691252161703e-01 -4.155877206944792e-01 
 5.754399373372151e+05  1.000000000000000e+00  0.000000000000000e+00  1.085119660793055e-09  1.733413412807749e-11 -1.888000314128933e-01 -4.192776908267024e-01 
 5.821032177709303e+05  1.000000000000000e+00  0.000000000000000e+00  1.027188778479626e-09  2.248273789362543e-11 -1.930183066010406e-01 -4.229707322980901e-01 
 5.888436553556485e+05  1.000000000000000e+00  0.000000000000000e+00  9.932503708398599e-10  2.377542607234773e-11 -1.973255178296316e-01 -4.266654987461816e-01 
 5.956621435290707e+05  1.000000000000000e+00  0.000000000000000e+00  9.338965156757695e-10  3.037992080123786e-11 -2.017232440864267e-01 -4.303605819372970e-01 
 6.025595860744187e+05  1.000000000000000e+00  0.000000000000000e+00  8.980437504746419e-10  4.481193194294519e-11 -2.062130744310648e-01 -4.340545103730640e-01 
 6.095368972402309e+05  1.000000000000000e+00  0.000000000000000e+00  8.391148886843780e-10  5.569078531664218e-11 -2.107966077266412e-01 -4.377457463946912e-01 
 6.165950018615447e+05  1.000000000000000e+00  0.000000000000000e+00  7.947840163780029e-10  6.974704147566513e-11 -2.154754504020139e-01 -4.414326850647761e-01 
 6.237348354824826e+05  1.000000000000000e+00  0.000000000000000e+00  7.348613939583970e-10  8.222605929475435e-11 -2.202512161430072e-01 -4.451136509069523e-01 
 6.309573444802574e+05  1.000000000000000e+00  0.000000000000000e+00  6.751867953624924e-10  9.539780077005844e-11 -2.251255234625881e-01 -4.487868967952321e-01 
 6.382634861906136e+05  1.000000000000000e+00  0.000000000000000e+00  6.257689921795873e-10  1.126566617770663e-10 -2.300999949115812e-01 -4.524506008117524e-01 
 6.456542290347213e+05  1.000000000000000e+00  0.000000000000000e+00  5.695607319111673e-10  1.289215956212786e-10 -2.351762549263641e-01 -4.561028646183052e-01 
 6.531305526475389e+05  1.000000000000000e+00  0.000000000000000e+00  5.165969874099119e-10  1.484412037733307e-10 -2.403559283568867e-01 -4.597417106648504e-01 
 6.606934480076634e+05  1.000000000000000e+00  0.000000000000000e+00  4.424389743462598e-10  1.657834980406392e-10 -2.456406382446169e-01 -4.633650801517035e-01 
 6.683439175686828e+05  1.000000000000000e+00  0.000000000000000e+00  3.884391697184242e-10  1.866791721205630e-10 -2.510320038181681e-01 -4.669708307048902e-01 
 6.760829753920508e+05  1.000000000000000e+00  0.000000000000000e+00  3.177950125277107e-10  2.081911865126074e-10 -2.565316382392189e-01 -4.705567339979358e-01 
 6.839116472814992e+05  1.000000000000000e+00  0.000000000000000e+00  2.537511312183938e-10  2.310316382647670e-10 -2.621411465325139e-01 -4.741204729394431e-01 
 6.918309709190072e+05  1.000000000000000e+00  0.000000000000000e+00  2.025224432600226e-10  2.567014933951839e-10 -2.678621225801044e-01 -4.776596398773260e-01 
 6.998419960023451e+05  1.000000000000000e+00  0.000000000000000e+00  1.193720677861165e-10  2.822248545975015e-10 -2.736961468288629e-01 -4.811717337148963e-01 
 7.079457843842104e+05  1.000000000000000e+00  0.000000000000000e+00  5.736622288310400e-11  3.102090251339007e-10 -2.796447831072895e-01 -4.846541577989366e-01 
 7.161434102129753e+05  1.000000000000000e+00  0.000000000000000e+00 -6.042388811522414e-12  3.394294845193713e-10 -2.857095757677270e-01 -4.881042173724765e-01 
 7.244359600750643e+05  1.000000000000000e+00  0.000000000000000e+00 -8.730649536659030e-11  3.711204121792377e-10 -2.918920465860790e-01 -4.915191167987190e-01 
 7.328245331389792e+05  1.000000000000000e+00  0.000000000000000e+00 -1.538768001907442e-10  4.039016898715886e-10 -2.981936906757623e-01 -4.948959582733489e-01 
 7.413102413009936e+05  1.000000000000000e+00  0.000000000000000e+00 -2.301566714990599e-10  4.391561558847457e-10 -3.046159739175198e-01 -4.982317378489628e-01 
 7.498942093325328e+05  1.000000000000000e+00  0.000000000000000e+00 -3.158859840368677e-10  4.765640104764657e-10 -3.111603280709613e-01 -5.015233445779923e-01 
 7.585775750292618e+05  1.000000000000000e+00  0.000000000000000e+00 -3.954243599224583e-10  5.160032401363424e-10 -3.178281473100623e-01 -5.047675573138183e-01 
 7.673614893618979e+05  1.000000000000000e+00  0.000000000000000e+00 -4.699977074196227e-10  5.566848093607746e-10 -3.246207836519066e-01 -5.079610431361439e-01 
 7.762471166287716e+05  1.000000000000000e+00  0.000000000000000e+00 -5.520612855747231e-10  6.004041708251862e-10 -3.315395418214891e-01 -5.111003559364491e-01 
 7.852356346101527e+05  1.000000000000000e+00  0.000000000000000e+00 -6.530488372291643e-10  6.484450754129512e-10 -3.385856777606215e-01 -5.141819289151635e-01 
 7.943282347243634e+05  1.000000000000000e+00  0.000000000000000e+00 -7.320138939448384e-10  6.966248689010968e-10 -3.457603883378146e-01 -5.172020814199756e-01 
 8.035261221857002e+05  1.000000000000000e+00  0.000000000000000e+00 -8.285881980540921e-10  7.500534637827627e-10 -3.530648097830758e-01 -5.201570111458713e-01 
 8.128305161641833e+05  1.000000000000000e+00  0.000000000000000e+00 -9.221940988624056e-10  8.059928280346185e-10 -3.605000111570339e-01 -5.230427934308038e-01 
 8.222426499471562e+05  1.000000000000000e+00  0.000000000000000e+00 -1.006488337118583e-09  8.621634517425036e-10 -3.680669885080379e-01 -5.258553801555986e-01 
 8.317637711027571e+05  1.000000000000000e+00  0.000000000000000e+00 -1.108442559960565e-09  9.249465637850562e-10 -3.757666587886537e-01 -5.285905982804632e-01 
 8.413951416452822e+05  1.000000000000000e+00  0.000000000000000e+00 -1.204050525949185e-09  9.887374252670611e-10 -3.835998537325220e-01 -5.312441477946397e-01 
 8.511380382024646e+05  1.000000000000000e+00  0.000000000000000e+00 -1.294118590067228e-09  1.054607068340374e-09 -3.915673128433045e-01 -5.338116016105711e-01 
 8.609937521846899e+05  1.000000000000000e+00  0.000000000000000e+00 -1.385010106602635e-09  1.122861248425977e-09 -3.996696767661370e-01 -5.362884040252642e-01 
 8.709635899561710e+05  1.000000000000000e+00  0.000000000000000e+00 -1.501744173459940e-09  1.202146271417348e-09 -4.079074799823075e-01 -5.386698700270593e-01 
 8.810488730081056e+05  1.000000000000000e+00  0.000000000000000e+00 -1.596234810996577e-09  1.278158801021334e-09 -4.162811432075031e-01 -5.409511853222937e-01 
 8.912509381338381e+05  1.000000000000000e+00  0.000000000000000e+00 -1.700008245286710e-09  1.361372459207644e-09 -4.247909658255160e-01 -5.431274058254141e-01 
 9.015711376060506e+05  1.000000000000000e+00  0.000000000000000e+00 -1.805146476741015e-09  1.448029585127131e-09 -4.334371174417743e-01 -5.451934583327440e-01 
 9.120108393560046e+05  1.000000000000000e+00  0.000000000000000e+00 -1.912337732612457e-09  1.538618676910630e-09 -4.422196298539505e-01 -5.471441401528727e-01 
 9.225714271548592e+05  1.000000000000000e+00  0.000000000000000e+00 -2.020965839122368e-09  1.634214763512887e-09 -4.511383882077620e-01 -5.489741210167770e-01 
 9.332543007970882e+05  1.000000000000000e+00  0.000000000000000e+00 -2.132286458511601e-09  1.735896426602324e-09 -4.601931222083966e-01 -5.506779434642759e-01 
 9.440608762860217e+05  1.000000000000000e+00  0.000000000000000e+00 -2.230784112988715e-09  1.844626118518988e-09 -4.693833965211591e-01 -5.522500255095766e-01 
 9.549925860215354e+05  1.000000000000000e+00  0.000000000000000e+00 -2.335313276091711e-09  1.950866246325234e-09 -4.787086017070006e-01 -5.536846619345843e-01 
 9.660508789899141e+05  1.000000000000000e+00  0.000000000000000e+00 -2.455376457710656e-09  2.068629267881761e-09 -4.881679443165856e-01 -5.549760270268281e-01 
 9.772372209559126e+05  1.000000000000000e+00  0.000000000000000e+00 -2.569155888032526e-09  2.189016301556990e-09 -4.977604369710140e-01 -5.561181784499328e-01 
 9.885530946570421e+05  1.000000000000000e+00  0.000000000000000e+00 -2.683638145040135e-09  2.312666280701592e-09 -5.074848879587005e-01 -5.571050605968861e-01 
 1.000000000000105e+06  1.000000000000000e+00  0.000000000000000e+00 -2.799304621436960e-09  2.443811930596951e-09 -5.173398911414904e-01 -5.579305083420931e-01 
 1.011579454260004e+06  1.000000000000000e+00  0.000000000000000e+00 -2.915393149116596e-09  2.582012048613080e-09 -5.273238151588057e-01 -5.585882530561432e-01 
 1.023292992280861e+06  1.000000000000000e+00  0.000000000000000e+00 -3.022209538183773e-09  2.732914228253946e-09 -5.374347928065875e-01 -5.590719274415781e-01 
 1.035142166679452e+06  1.000000000000000e+00  0.000000000000000e+00 -3.146140570287059e-09  2.885792271811738e-09 -5.476707101022336e-01 -5.593750715508906e-01 
 1.047128548051009e+06  1.000000000000000e+00  0.000000000000000e+00 -3.262757619637568e-09  3.041840668238649e-09 -5.580291954903127e-01 -5.594911411520676e-01 
 1.059253725177400e+06  1.000000000000000e+00  0.000000000000000e+00 -3.378436475021118e-09  3.204286946889567e-09 -5.685076085851186e-01 -5.594135143416106e-01 
 1.071519305237719e+06  1.000000000000000e+00  0.000000000000000e+00 -3.488311195454230e-09  3.369423295929153e-09 -5.791030295279476e-01 -5.591355008589596e-01 
 1.083926914021317e+06  1.000000000000000e+00  0.000000000000000e+00 -3.597016351442051e-09  3.540333692875208e-09 -5.898122473794625e-01 -5.586503507107887e-01 
 1.096478196143300e+06  1.000000000000000e+00  0.000000000000000e+00 -3.718705787747467e-09  3.730089792597369e-09 -6.006317499963834e-01 -5.579512654948801e-01 
 1.109174815262518e+06  1.000000000000000e+00  0.000000000000000e+00 -3.840147533296090e-09  3.928219416415857e-09 -6.115577127381747e-01 -5.570314095450715e-01 
 1.122018454302081e+06  1.000000000000000e+00  0.000000000000000e+00 -3.952038141186165e-09  4.127541419762792e-09 -6.225859880860489e-01 -5.558839209895639e-01 
 1.135010815672434e+06  1.000000000000000e+00  0.000000000000000e+00 -4.050847546288594e-09  4.322983637727873e-09 -6.337120952054085e-01 -5.545019261273350e-01 
 1.148153621497004e+06  1.000000000000000e+00  0.000000000000000e+00 -4.159273148118814e-09  4.537125564141320e-09 -6.449312101280834e-01 -5.528785529225816e-01 
 1.161448613840465e+06  1.000000000000000e+00  0.000000000000000e+00 -4.266138164954469e-09  4.760925542690586e-09 -6.562381559193640e-01 -5.510069465362288e-01 
 1.174897554939653e+06  1.000000000000000e+00  0.000000000000000e+00 -4.382979368333650e-09  5.005930447943285e-09 -6.676273937337490e-01 -5.488802848204957e-01 
 1.188502227437144e+06  1.000000000000000e+00  0.000000000000000e+00 -4.483650839492981e-09  5.245926804064993e-09 -6.790930141918252e-01 -5.464917964733624e-01 
 1.202264434617540e+06  1.000000000000000e+00  0.000000000000000e+00 -4.581221735300289e-09  5.498039912232855e-09 -6.906287293268483e-01 -5.438347778346835e-01 
 1.216186000646496e+06  1.000000000000000e+00  0.000000000000000e+00 -4.670079434276886e-09  5.747794018517993e-09 -7.022278656998480e-01 -5.409026136158790e-01 
 1.230268770812511e+06  1.000000000000000e+00  0.000000000000000e+00 -4.756004201578179e-09  6.006009023451497e-09 -7.138833577228029e-01 -5.376887961719301e-01 
 1.244514611771516e+06  1.000000000000000e+00  0.000000000000000e+00 -4.846712253758767e-09  6.289966991701590e-09 -7.255877420852231e-01 -5.341869465138107e-01 
 1.258925411794300e+06  1.000000000000000e+00  0.000000000000000e+00 -4.923251417654484e-09  6.567608679119985e-09 -7.373331538178923e-01 -5.303908381472435e-01 
 1.273503081016796e+06  1.000000000000000e+00  0.000000000000000e+00 -5.003636671663259e-09  6.869313007307198e-09 -7.491113224585741e-01 -5.262944178634019e-01 
 1.288249551693270e+06  1.000000000000000e+00  0.000000000000000e+00 -5.068436059740833e-09  7.164668192061185e-09 -7.609135702340284e-01 -5.218918317426308e-01 
 1.303166778452437e+06  1.000000000000000e+00  0.000000000000000e+00 -5.140972952899503e-09  7.492060638547571e-09 -7.727308113316956e-01 -5.171774496804420e-01 
 1.318256738556546e+06  1.000000000000000e+00  0.000000000000000e+00 -5.202318187347288e-09  7.813995006600294e-09 -7.845535523981644e-01 -5.121458908377891e-01 
 1.333521432163465e+06  1.000000000000000e+00  0.000000000000000e+00 -5.247219048154506e-09  8.136926354929130e-09 -7.963718948711141e-01 -5.067920498798886e-01 
 1.348962882591796e+06  1.000000000000000e+00  0.000000000000000e+00 -5.289074622716328e-09  8.477902824211014e-09 -8.081755393964103e-01 -5.011111261431299e-01 
 1.364583136589069e+06  1.000000000000000e+00  0.000000000000000e+00 -5.322324775347553e-09  8.827348130235890e-09 -8.199537896664206e-01 -4.950986461377954e-01 
 1.380384264603031e+06  1.000000000000000e+00  0.000000000000000e+00 -5.348898546309044e-09  9.193053041034460e-09 -8.316955628798802e-01 -4.887504997888116e-01 
 1.396368361056086e+06  1.000000000000000e+00  0.000000000000000e+00 -5.359233862245461e-09  9.547275914290054e-09 -8.433893962376278e-01 -4.820629611234534e-01 
 1.412537544622904e+06  1.000000000000000e+00  0.000000000000000e+00 -5.363544219871841e-09  9.923448729409756e-09 -8.550234599827499e-01 -4.750327214361191e-01 
 1.428893958511255e+06  1.000000000000000e+00  0.000000000000000e+00 -5.357563032104551e-09  1.030925805833860e-08 -8.665855705334323e-01 -4.676569161906584e-01 
 1.445439770746081e+06  1.000000000000000e+00  0.000000000000000e+00 -5.343379502753542e-09  1.070873467678979e-08 -8.780632062626237e-01 -4.599331545129580e-01 
 1.462177174456874e+06  1.000000000000000e+00  0.000000000000000e+00 -5.315644396874930e-09  1.111920044927217e-08 -8.894435251624648e-01 -4.518595471558539e-01 
 1.479108388168365e+06  1.000000000000000e+00  0.000000000000000e+00 -5.277681180970717e-09  1.151977901958645e-08 -9.007133848511952e-01 -4.434347337045811e-01 
 1.496235656094593e+06  1.000000000000000e+00  0.000000000000000e+00 -5.223166552048575e-09  1.194506660251449e-08 -9.118593663875569e-01 -4.346579122835757e-01 
 1.513561248436369e+06  1.000000000000000e+00  0.000000000000000e+00 -5.152315477041647e-09  1.236295665840714e-08 -9.228677960294036e-01 -4.255288618778271e-01 
 1.531087461682193e+06  1.000000000000000e+00  0.000000000000000e+00 -5.068391137341699e-09  1.280130124126089e-08 -9.337247741678640e-01 -4.160479714183103e-01 
 1.548816618912647e+06  1.000000000000000e+00  0.000000000000000e+00 -4.969836681079087e-09  1.323029052979763e-08 -9.444162031487130e-01 -4.062162624860728e-01 
 1.566751070108316e+06  1.000000000000000e+00  0.000000000000000e+00 -4.853581120345396e-09  1.366919710754644e-08 -9.549278183006190e-01 -3.960354131941772e-01 
 1.584893192461283e+06  1.000000000000000e+00  0.000000000000000e+00 -4.721344128155724e-09  1.411805228279661e-08 -9.652452197982838e-01 -3.855077798553112e-01 
 1.603245390690213e+06  1.000000000000000e+00  0.000000000000000e+00 -4.573323258288964e-09  1.457178194774755e-08 -9.753539090612178e-01 -3.746364204111388e-01 
 1.621810097359103e+06  1.000000000000000e+00  0.000000000000000e+00 -4.407177432025344e-09  1.502136970366053e-08 -9.852393223685562e-01 -3.634251118936993e-01 
 1.640589773199715e+06  1.000000000000000e+00  0.000000000000000e+00 -4.226598958843863e-09  1.550025119367859e-08 -9.948868745527620e-01 -3.518783757150458e-01 
 1.659586907437738e+06  1.000000000000000e+00  0.000000000000000e+00 -4.022868237314736e-09  1.594966042572921e-08 -1.004282002307748e+00 -3.400014954278343e-01 
 1.678804018122740e+06  1.000000000000000e+00  0.000000000000000e+00 -3.801200732650445e-09  1.642935276713331e-08 -1.013410219499554e+00 -3.278005370318311e-01 
 1.698243652461926e+06  1.000000000000000e+00  0.000000000000000e+00 -3.560625579102084e-09  1.688149359191371e-08 -1.022257180725845e+00 -3.152823576717290e-01 
 1.717908387157772e+06  1.000000000000000e+00  0.000000000000000e+00 -3.298367735188323e-09  1.735718435647016e-08 -1.030808750508830e+00 -3.024545982114615e-01 
 1.737800828749562e+06  1.000000000000000e+00  0.000000000000000e+00 -3.017046064368589e-09  1.781837249970053e-08 -1.039051069060552e+00 -2.893256559721910e-01 
 1.757923613958881e+06  1.000000000000000e+00  0.000000000000000e+00 -2.710238831971079e-09  1.829793189189743e-08 -1.046970586844874e+00 -2.759046370438990e-01 
 1.778279410039114e+06  1.000000000000000e+00  0.000000000000000e+00 -2.388044997858607e-09  1.875626526315344e-08 -1.054554080149807e+00 -2.622013297011884e-01 
 1.798870915128981e+06  1.000000000000000e+00  0.000000000000000e+00 -2.040701892191965e-09  1.922014050692589e-08 -1.061788648553329e+00 -2.482261975839224e-01 
 1.819700858610179e+06  1.000000000000000e+00  0.000000000000000e+00 -1.674252250727370e-09  1.966400400843504e-08 -1.068661741752678e+00 -2.339904047361339e-01 
 1.840772001469154e+06  1.000000000000000e+00  0.000000000000000e+00 -1.282501438382155e-09  2.011736877083337e-08 -1.075161206092341e+00 -2.195058332072760e-01 
 1.862087136663068e+06  1.000000000000000e+00  0.000000000000000e+00 -8.696974113098221e-10  2.056313319620529e-08 -1.081275358789041e+00 -2.047850865528860e-01 
 1.883649089490003e+06  1.000000000000000e+00  0.000000000000000e+00 -4.409150128337203e-10  2.098570872632877e-08 -1.086993052574547e+00 -1.898414666208263e-01 
 1.905460717963452e+06  1.000000000000000e+00  0.000000000000000e+00  9.629963493296145e-12  2.140002028361288e-08 -1.092303739637283e+00 -1.746889398394934e-01 
 1.927524913191144e+06  1.000000000000000e+00  0.000000000000000e+00  4.861050451054894e-10  2.181682670632235e-08 -1.097197518790298e+00 -1.593420948023928e-01 
 1.949844599758256e+06  1.000000000000000e+00  0.000000000000000e+00  9.789567073648087e-10  2.220881467618341e-08 -1.101665183378465e+00 -1.438161010459643e-01 
 1.972422736115067e+06  1.000000000000000e+00  0.000000000000000e+00  1.502133362141223e-09  2.260335635329014e-08 -1.105698254520323e+00 -1.281266625000802e-01 
 1.995262314969095e+06  1.000000000000000e+00  0.000000000000000e+00  2.044447375282310e-09  2.298775125808561e-08 -1.109289018381493e+00 -1.122899738435726e-01 
 2.018366363681779e+06  1.000000000000000e+00  0.000000000000000e+00  2.597014617244930e-09  2.333832331558039e-08 -1.112430559445333e+00 -9.632267384298557e-02 
 2.041737944669750e+06  1.000000000000000e+00  0.000000000000000e+00  3.172681437013658e-09  2.367929444191397e-08 -1.115116786148656e+00 -8.024179614407705e-02 
 2.065380155810753e+06  1.000000000000000e+00  0.000000000000000e+00  3.766642511782159e-09  2.400266443935983e-08 -1.117342458949649e+00 -6.406471899660392e-02 
 2.089296130854266e+06  1.000000000000000e+00  0.000000000000000e+00  4.377294388069330e-09  2.430779243167702e-08 -1.119103212265216e+00 -4.780911348833693e-02 
 2.113489039836876e+06  1.000000000000000e+00  0.000000000000000e+00  5.012512085955656e-09  2.459955137507075e-08 -1.120395573974699e+00 -3.149288897600629e-02 
 2.137962089502464e+06  1.000000000000000e+00  0.000000000000000e+00  5.659370527766328e-09  2.486679550814386e-08 -1.121216980195912e+00 -1.513413776998068e-02 
 2.162718523727255e+06  1.000000000000000e+00  0.000000000000000e+00  6.322711118555979e-09  2.511042875735260e-08 -1.121565785297391e+00  1.248921621582539e-03 
 2.187761623949790e+06  1.000000000000000e+00  0.000000000000000e+00  6.997083953907968e-09  2.532701316379504e-08 -1.121441270415296e+00  1.763800177391694e-02 
 2.213094709605878e+06  1.000000000000000e+00  0.000000000000000e+00  7.685151667824464e-09  2.552049945675483e-08 -1.120843643665105e+00  3.401480435013825e-02 
 2.238721138568582e+06  1.000000000000000e+00  0.000000000000000e+00  8.398892289984694e-09  2.570032207882544e-08 -1.119774041043413e+00  5.036107771302310e-02 
 2.264644307593306e+06  1.000000000000000e+00  0.000000000000000e+00  9.107620060899713e-09  2.584029046293068e-08 -1.118234519761519e+00  6.665867461202760e-02 
 2.290867652768022e+06  1.000000000000000e+00  0.000000000000000e+00  9.837322872963128e-09  2.596433350265936e-08 -1.116228046206860e+00  8.288960899901765e-02 
 2.317394649968730e+06  1.000000000000000e+00  0.000000000000000e+00  1.057949063076880e-08  2.606391509563100e-08 -1.113758483692300e+00  9.903611154509778e-02 
 2.344228815320177e+06  1.000000000000000e+00  0.000000000000000e+00  1.131785043462230e-08  2.612632288290229e-08 -1.110830573306043e+00  1.150806848122028e-01 
 2.371373705661913e+06  1.000000000000000e+00  0.000000000000000e+00  1.206989809487968e-08  2.616613345440832e-08 -1.107449911120211e+00  1.310061544727075e-01 
 2.398832919019752e+06  1.000000000000000e+00  0.000000000000000e+00  1.283300782306540e-08  2.618220695804752e-08 -1.103622923509880e+00  1.467957209028693e-01 
 2.426610095082680e+06  1.000000000000000e+00  0.000000000000000e+00  1.359645697418532e-08  2.616783578712756e-08 -1.099356835541061e+00  1.624330063938846e-01 
 2.454708915685298e+06  1.000000000000000e+00  0.000000000000000e+00  1.436290668344054e-08  2.613016350516695e-08 -1.094659641885134e+00  1.779021016925374e-01 
 2.483133105295841e+06  1.000000000000000e+00  0.000000000000000e+00  1.512448327689597e-08  2.605161153468316e-08 -1.089540067572451e+00  1.931876076026319e-01 
 2.511886431509854e+06  1.000000000000000e+00  0.000000000000000e+00  1.589098620746743e-08  2.594694920032836e-08 -1.084007530411803e+00  2.082746749393489e-01 
 2.540972705549582e+06  1.000000000000000e+00  0.000000000000000e+00  1.665706457487648e-08  2.581453503736064e-08 -1.078072103236356e+00  2.231490406837065e-01 
 2.570395782769145e+06  1.000000000000000e+00  0.000000000000000e+00  1.742582916852697e-08  2.564520720782504e-08 -1.071744467317227e+00  2.377970605023421e-01 
 2.600159563165556e+06  1.000000000000000e+00  0.000000000000000e+00  1.818887544746683e-08  2.545791394359398e-08 -1.065035871717831e+00  2.522057391655121e-01 
 2.630267991895670e+06  1.000000000000000e+00  0.000000000000000e+00  1.894166040683487e-08  2.523687431255084e-08 -1.057958082873242e+00  2.663627542467624e-01 
 2.660725059799101e+06  1.000000000000000e+00  0.000000000000000e+00  1.968309159411374e-08  2.498650625293308e-08 -1.050523342439204e+00  2.802564799329625e-01 
 2.691534803927210e+06  1.000000000000000e+00  0.000000000000000e+00  2.042025683268722e-08  2.470825771760943e-08 -1.042744316070528e+00  2.938760043154105e-01 
 2.722701308078210e+06  1.000000000000000e+00  0.000000000000000e+00  2.115406795566432e-08  2.440487423260862e-08 -1.034634047602616e+00  3.072111445637156e-01 
 2.754228703338468e+06  1.000000000000000e+00  0.000000000000000e+00  2.187005524595387e-08  2.407207344568008e-08 -1.026205907832082e+00  3.202524570623382e-01 
 2.786121168630076e+06  1.000000000000000e+00  0.000000000000000e+00  2.257370450980956e-08  2.371303958748072e-08 -1.017473550423335e+00  3.329912463452046e-01 
 2.818382931264763e+06  1.000000000000000e+00  0.000000000000000e+00  2.324961802420422e-08  2.332493070911212e-08 -1.008450860250832e+00  3.454195678598811e-01 
 2.851018267504222e+06  1.000000000000000e+00  0.000000000000000e+00  2.392733690814632e-08  2.291758732786420e-08 -9.991519091823881e-01  3.575302291134290e-01 
 2.884031503126923e+06  1.000000000000000e+00  0.000000000000000e+00  2.459090598337654e-08  2.248370084556583e-08 -9.895909092967170e-01  3.693167876222235e-01 
 2.917427014001487e+06  1.000000000000000e+00  0.000000000000000e+00  2.523247156355213e-08  2.202462034972541e-08 -9.797821660557032e-01  3.807735436850294e-01 
 2.951209226666710e+06  1.000000000000000e+00  0.000000000000000e+00  2.585016403017226e-08  2.154279854504892e-08 -9.697400375630577e-01  3.918955337750457e-01 
 2.985382618918288e+06  1.000000000000000e+00  0.000000000000000e+00  2.645927798389236e-08  2.104031404659423e-08 -9.594788910263491e-01  4.026785182969813e-01 
 3.019951720402348e+06  1.000000000000000e+00  0.000000000000000e+00  2.704993698476876e-08  2.051816494486047e-08 -9.490130629836409e-01  4.131189681312423e-01 
 3.054921113215849e+06  1.000000000000000e+00  0.000000000000000e+00  2.761365749254230e-08  1.997456205993231e-08 -9.383568206095541e-01  4.232140490846130e-01 
 3.090295432513931e+06  1.000000000000000e+00  0.000000000000000e+00  2.814579785903604e-08  1.940652899490303e-08 -9.275243259438060e-01  4.329616030694879e-01 
 3.126079367124300e+06  1.000000000000000e+00  0.000000000000000e+00  2.866513036658969e-08  1.882612382653193e-08 -9.165296007461314e-01  4.423601284847349e-01 
 3.162277660168728e+06  1.000000000000000e+00  0.000000000000000e+00  2.915789799884383e-08  1.823006035017727e-08 -9.053864958038296e-01  4.514087594092913e-01 
 3.198895109691751e+06  1.000000000000000e+00  0.000000000000000e+00  2.963533049515910e-08  1.762093071455695e-08 -8.941086587405036e-01  4.601072405937798e-01 
 3.235936569296639e+06  1.000000000000000e+00  0.000000000000000e+00  3.008439676543961e-08  1.699787011144593e-08 -8.827095086325359e-01  4.684559055418225e-01 
 3.273406948788743e+06  1.000000000000000e+00  0.000000000000000e+00  3.050863495168699e-08  1.635978863490095e-08 -8.712022093531275e-01  4.764556489828866e-01 
 3.311311214826277e+06  1.000000000000000e+00  0.000000000000000e+00  3.090569447583569e-08  1.571350827234141e-08 -8.595996467028461e-01  4.841079018964236e-01 
 3.349654391578647e+06  1.000000000000000e+00  0.000000000000000e+00  3.127742284614321e-08  1.505525487610626e-08 -8.479144084501424e-01  4.914146055307083e-01 
 3.388441561392400e+06  1.000000000000000e+00  0.000000000000000e+00  3.163351375290446e-08  1.438758900906834e-08 -8.361587633031948e-01  4.983781807244748e-01 
 3.427677865464883e+06  1.000000000000000e+00  0.000000000000000e+00  3.195731843042005e-08  1.371112756665127e-08 -8.243446472387077e-01  5.050015042548649e-01 
 3.467368504525701e+06  1.000000000000000e+00  0.000000000000000e+00  3.225265374218189e-08  1.302809149450468e-08 -8.124836475286494e-01  5.112878785005315e-01 
 3.507518739526069e+06  1.000000000000000e+00  0.000000000000000e+00  3.252295785460824e-08  1.233563706737328e-08 -8.005869905343572e-01  5.172410037894810e-01 
 3.548133892336148e+06  1.000000000000000e+00  0.000000000000000e+00  3.277099835941044e-08  1.164404028752841e-08 -7.886655322090359e-01  5.228649519746469e-01 
 3.589219346450450e+06  1.000000000000000e+00  0.000000000000000e+00  3.299314707549961e-08  1.094617618768723e-08 -7.767297489173410e-01  5.281641380745047e-01 
 3.630780547701417e+06  1.000000000000000e+00  0.000000000000000e+00  3.319283262137596e-08  1.024768325752490e-08 -7.647897313402038e-01  5.331432933744136e-01 
 3.672823004981255e+06  1.000000000000000e+00  0.000000000000000e+00  3.337063975150656e-08  9.544929513438660e-09 -7.528551795001106e-01  5.378074393294013e-01 
 3.715352290972138e+06  1.000000000000000e+00  0.000000000000000e+00  3.352452149218976e-08  8.851286814604009e-09 -7.409353995762042e-01  5.421618610419778e-01 
 3.758374042884860e+06  1.000000000000000e+00  0.000000000000000e+00  3.364878065070798e-08  8.151435748615654e-09 -7.290393015577051e-01  5.462120815343240e-01 
 3.801893963206035e+06  1.000000000000000e+00  0.000000000000000e+00  3.374702178815525e-08  7.454000416906581e-09 -7.171754002084715e-01  5.499638387057291e-01 
 3.845917820453964e+06  1.000000000000000e+00  0.000000000000000e+00  3.382307584010036e-08  6.761020077128421e-09 -7.053518155042527e-01  5.534230607357256e-01 
 3.890451449943240e+06  1.000000000000000e+00  0.000000000000000e+00  3.387374586383274e-08  6.066430024986857e-09 -6.935762745168360e-01  5.565958422975745e-01 
 3.935500754558214e+06  1.000000000000000e+00  0.000000000000000e+00  3.381813706848646e-08  5.519322221481104e-09 -6.818561154996106e-01  5.594884240463316e-01 
 3.981071705535417e+06  1.000000000000000e+00  0.000000000000000e+00  3.383088448272176e-08  4.835621236765064e-09 -6.701982923774433e-01  5.621071711705226e-01 
 4.027170343255041e+06  1.000000000000000e+00  0.000000000000000e+00  3.381694096971088e-08  4.166464395716218e-09 -6.586093792439792e-01  5.644585513909510e-01 
 4.073802778041583e+06  1.000000000000000e+00  0.000000000000000e+00  3.378802021503091e-08  3.502620082862506e-09 -6.470955776277076e-01  5.665491187593641e-01 
 4.120975190973763e+06  1.000000000000000e+00  0.000000000000000e+00  3.373180540444665e-08  2.848867142191125e-09 -6.356627228148407e-01  5.683854924180169e-01 
 4.168693834703820e+06  1.000000000000000e+00  0.000000000000000e+00  3.366565198836824e-08  2.199777360267774e-09 -6.243162922187442e-01  5.699743425677370e-01 
 4.216965034286294e+06  1.000000000000000e+00  0.000000000000000e+00  3.357154509942006e-08  1.560645723763798e-09 -6.130614124948858e-01  5.713223705966666e-01 
 4.265795188016404e+06  1.000000000000000e+00  0.000000000000000e+00  3.346547733373839e-08  9.267648870547873e-10 -6.019028694336200e-01  5.724362971367479e-01 
 4.315190768278136e+06  1.000000000000000e+00  0.000000000000000e+00  3.334431675217076e-08  3.055509179006322e-10 -5.908451160939510e-01  5.733228442293875e-01 
 4.365158322402149e+06  1.000000000000000e+00  0.000000000000000e+00  3.320106167770120e-08 -3.065881992725394e-10 -5.798922833183876e-01  5.739887260215004e-01 
 4.415704473533621e+06  1.000000000000000e+00  0.000000000000000e+00  3.304269263759707e-08 -9.022963487481661e-10 -5.690481885959158e-01  5.744406318462565e-01 
 4.466835921510133e+06  1.000000000000000e+00  0.000000000000000e+00  3.287355893055732e-08 -1.487640233222010e-09 -5.583163469114635e-01  5.746852181392972e-01 
 4.518559443749731e+06  1.000000000000000e+00  0.000000000000000e+00  3.268295184488679e-08 -2.063961335174724e-09 -5.476999805679017e-01  5.747290967481915e-01 
 4.570881896149265e+06  1.000000000000000e+00  0.000000000000000e+00  3.247057517308249e-08 -2.627803974419862e-09 -5.372020294352716e-01  5.745788229770045e-01 
 4.623810213993124e+06  1.000000000000000e+00  0.000000000000000e+00  3.225426481456850e-08 -3.180411933811911e-09 -5.268251616417354e-01  5.742408900858431e-01 
 4.677351412872509e+06  1.000000000000000e+00  0.000000000000000e+00  3.201667503338612e-08 -3.717496754873650e-09 -5.165717837214227e-01  5.737217173087624e-01 
 4.731512589615338e+06  1.000000000000000e+00  0.000000000000000e+00  3.177522917008346e-08 -4.246490936665737e-09 -5.064440513549048e-01  5.730276449190909e-01 
 4.786300923226924e+06  1.000000000000000e+00  0.000000000000000e+00  3.152001237793911e-08 -4.756146698703390e-09 -4.964438794471897e-01  5.721649271360607e-01 
 4.841723675841540e+06  1.000000000000000e+00  0.000000000000000e+00  3.124861236436516e-08 -5.258576796229875e-09 -4.865729528193028e-01  5.711397242425225e-01 
 4.897788193685016e+06  1.000000000000000e+00  0.000000000000000e+00  3.097541090291145e-08 -5.745452225092151e-09 -4.768327358502465e-01  5.699580988923407e-01 
 4.954501908048463e+06  1.000000000000000e+00  0.000000000000000e+00  3.068103637815511e-08 -6.222473869499368e-09 -4.672244830518947e-01  5.686260113379122e-01 
 5.011872336273290e+06  1.000000000000000e+00  0.000000000000000e+00  3.038323903581386e-08 -6.680326403163406e-09 -4.577492485427497e-01  5.671493137553496e-01 
 5.069907082747618e+06  1.000000000000000e+00  0.000000000000000e+00  3.007885884809269e-08 -7.122936795944668e-09 -4.484078959679734e-01  5.655337468754815e-01 
 5.128613839914230e+06  1.000000000000000e+00  0.000000000000000e+00  2.975810375893673e-08 -7.552859893067421e-09 -4.392011079379280e-01  5.637849380517104e-01 
 5.188000389290200e+06  1.000000000000000e+00  0.000000000000000e+00  2.944112531544363e-08 -7.970926918510202e-09 -4.301293952619092e-01  5.619083974273429e-01 
 5.248074602498322e+06  1.000000000000000e+00  0.000000000000000e+00  2.911376772996022e-08 -8.374881121930855e-09 -4.211931060609946e-01  5.599095156478067e-01 
 5.308844442310487e+06  1.000000000000000e+00  0.000000000000000e+00  2.877354743358040e-08 -8.765818404476988e-09 -4.123924346006449e-01  5.577935627764650e-01 
 5.370317963703138e+06  1.000000000000000e+00  0.000000000000000e+00  2.843323609891257e-08 -9.143006129974651e-09 -4.037274295725823e-01  5.555656864222702e-01 
 5.432503314924950e+06  1.000000000000000e+00  0.000000000000000e+00  2.809711463491738e-08 -9.506941789361179e-09 -3.951980028646445e-01  5.532309112272276e-01 
 5.495408738576870e+06  1.000000000000000e+00  0.000000000000000e+00  2.775188789883032e-08 -9.853981963736658e-09 -3.868039371138294e-01  5.507941373227774e-01 
 5.559042572704668e+06  1.000000000000000e+00  0.000000000000000e+00  2.738499094157021e-08 -1.019063766705131e-08 -3.785448938800037e-01  5.482601399655509e-01 
 5.623413251904131e+06  1.000000000000000e+00  0.000000000000000e+00  2.703516999158495e-08 -1.071184319023644e-08 -3.704204208528434e-01  5.456335704594002e-01 
 5.688529308439062e+06  1.000000000000000e+00  0.000000000000000e+00  2.667172338544077e-08 -1.101933755354167e-08 -3.624299591463391e-01  5.429189564644601e-01 
 5.754399373372225e+06  1.000000000000000e+00  0.000000000000000e+00  2.630882312004701e-08 -1.131492011197111e-08 -3.545728504594879e-01  5.401207008874936e-01 
 5.821032177709378e+06  1.000000000000000e+00  0.000000000000000e+00  2.593365766578870e-08 -1.159491047619809e-08 -3.468483434687596e-01  5.372430842256899e-01 
 5.888436553556562e+06  1.000000000000000e+00  0.000000000000000e+00  2.556814981957700e-08 -1.186636833239163e-08 -3.392556004780899e-01  5.342902641764004e-01 
 5.956621435290786e+06  1.000000000000000e+00  0.000000000000000e+00  2.519521269395142e-08 -1.212215405832495e-08 -3.317937036210417e-01  5.312662776510317e-01 
 6.025595860744267e+06  1.000000000000000e+00  0.000000000000000e+00  2.482713734597297e-08 -1.236645086333255e-08 -3.244616604766288e-01  5.281750420108728e-01 
 6.095368972402389e+06  1.000000000000000e+00  0.000000000000000e+00  2.444906876952757e-08 -1.259965576316802e-08 -3.172584101285908e-01  5.250203555740852e-01 
 6.165950018615528e+06  1.000000000000000e+00  0.000000000000000e+00  2.407576182861249e-08 -1.282200046137660e-08 -3.101828281383969e-01  5.218059005689581e-01 
 6.237348354824907e+06  1.000000000000000e+00  0.000000000000000e+00  2.370212792701665e-08 -1.303490770876436e-08 -3.032337320716922e-01  5.185352434322958e-01 
 6.309573444802656e+06  1.000000000000000e+00  0.000000000000000e+00  2.332530513182718e-08 -1.323120502050301e-08 -2.964098862368494e-01  5.152118377200500e-01 
 6.382634861906219e+06  1.000000000000000e+00  0.000000000000000e+00  2.295617407277462e-08 -1.342269817516950e-08 -2.897100063840456e-01  5.118390250818730e-01 
 6.456542290347297e+06  1.000000000000000e+00  0.000000000000000e+00  2.258656517373225e-08 -1.360066170796870e-08 -2.831327643968102e-01  5.084200374232685e-01 
 6.531305526475474e+06  1.000000000000000e+00  0.000000000000000e+00  2.221261052870460e-08 -1.376857261536912e-08 -2.766767920390980e-01  5.049580000173972e-01 
 6.606934480076720e+06  1.000000000000000e+00  0.000000000000000e+00  2.184567116092495e-08 -1.392628645735527e-08 -2.703406854220469e-01  5.014559320277689e-01 
 6.683439175686915e+06  1.000000000000000e+00  0.000000000000000e+00  2.148083233510789e-08 -1.407439631506691e-08 -2.641230086284456e-01  4.979167498391809e-01 
 6.760829753920596e+06  1.000000000000000e+00  0.000000000000000e+00  2.110823271728179e-08 -1.421096706977210e-08 -2.580222975627141e-01  4.943432679487265e-01 
 6.839116472815081e+06  1.000000000000000e+00  0.000000000000000e+00  2.076115013238677e-08 -1.427126833375425e-08 -2.520370629340950e-01  4.907382030494013e-01 
 6.918309709190163e+06  1.000000000000000e+00  0.000000000000000e+00  2.039332691605722e-08 -1.438910784967717e-08 -2.461657939681339e-01  4.871041747756417e-01 
 6.998419960023543e+06  1.000000000000000e+00  0.000000000000000e+00  2.003536592187771e-08 -1.450212061548939e-08 -2.404069612022683e-01  4.834437082706678e-01 
 7.079457843842197e+06  1.000000000000000e+00  0.000000000000000e+00  1.968722995737693e-08 -1.460776294370802e-08 -2.347590195346398e-01  4.797592365497423e-01 
 7.161434102129849e+06  1.000000000000000e+00  0.000000000000000e+00  1.932657633929580e-08 -1.469990978941738e-08 -2.292204106222309e-01  4.760531035088842e-01 
 7.244359600750739e+06  1.000000000000000e+00  0.000000000000000e+00  1.898158186186549e-08 -1.478986810798943e-08 -2.237895658071946e-01  4.723275650086913e-01 
 7.328245331389889e+06  1.000000000000000e+00  0.000000000000000e+00  1.863009602143251e-08 -1.486522233085097e-08 -2.184649084926917e-01  4.685847915197578e-01 
 7.413102413010034e+06  1.000000000000000e+00  0.000000000000000e+00  1.829008344778060e-08 -1.493683160491699e-08 -2.132448563486892e-01  4.648268706367528e-01 
 7.498942093325428e+06  1.000000000000000e+00  0.000000000000000e+00  1.794633253116018e-08 -1.499836443930036e-08 -2.081278229900498e-01  4.610558098167465e-01 
 7.585775750292717e+06  1.000000000000000e+00  0.000000000000000e+00  1.760499623859602e-08 -1.505341684637784e-08 -2.031122208141380e-01  4.572735373806464e-01 
 7.673614893619080e+06  1.000000000000000e+00  0.000000000000000e+00  1.726848841698825e-08 -1.509972008539862e-08 -1.981964622925860e-01  4.534819052393665e-01 
 7.762471166287819e+06  1.000000000000000e+00  0.000000000000000e+00  1.694106022132047e-08 -1.514456227091898e-08 -1.933789615940023e-01  4.496826919658979e-01 
 7.852356346101630e+06  1.000000000000000e+00  0.000000000000000e+00  1.661370285788166e-08 -1.517813230655918e-08 -1.886581367827813e-01  4.458776032719506e-01 
 7.943282347243738e+06  1.000000000000000e+00  0.000000000000000e+00  1.629245194312290e-08 -1.520774628449573e-08 -1.840324108691944e-01  4.420682752555884e-01 
 8.035261221857107e+06  1.000000000000000e+00  0.000000000000000e+00  1.597636367645094e-08 -1.523257536772959e-08 -1.795002131195622e-01  4.382562768605756e-01 
 8.128305161641939e+06  1.000000000000000e+00  0.000000000000000e+00  1.565368379363719e-08 -1.524523246532183e-08 -1.750599809938922e-01  4.344431102432618e-01 
 8.222426499471669e+06  1.000000000000000e+00  0.000000000000000e+00  1.535026805665751e-08 -1.526056819800559e-08 -1.707101605496670e-01  4.306302146921075e-01 
 8.317637711027679e+06  1.000000000000000e+00  0.000000000000000e+00  1.503995827878413e-08 -1.526402743090571e-08 -1.664492080588040e-01  4.268189674626498e-01 
 8.413951416452931e+06  1.000000000000000e+00  0.000000000000000e+00  1.473751987113303e-08 -1.526460741141378e-08 -1.622755908564754e-01  4.230106862667352e-01 
 8.511380382024758e+06  1.000000000000000e+00  0.000000000000000e+00  1.443539132672811e-08 -1.525668136270752e-08 -1.581877885972853e-01  4.192066303240876e-01 
 8.609937521847012e+06  1.000000000000000e+00  0.000000000000000e+00  1.413410777306723e-08 -1.524236831196291e-08 -1.541842934663140e-01  4.154080035153793e-01 
 8.709635899561824e+06  1.000000000000000e+00  0.000000000000000e+00  1.384046899310931e-08 -1.522549258892170e-08 -1.502636117409134e-01  4.116159551014796e-01 
 8.810488730081171e+06  1.000000000000000e+00  0.000000000000000e+00  1.357459944451023e-08 -1.516564168690948e-08 -1.464242639780048e-01  4.078315819350193e-01 
 8.912509381338498e+06  1.000000000000000e+00  0.000000000000000e+00  1.328658594257348e-08 -1.514015468551122e-08 -1.426647856865104e-01  4.040559306695633e-01 
 9.015711376060624e+06  1.000000000000000e+00  0.000000000000000e+00  1.300827956463024e-08 -1.511202940562839e-08 -1.389837284423497e-01  4.002899981144679e-01 
 9.120108393560166e+06  1.000000000000000e+00  0.000000000000000e+00  1.273570393589551e-08 -1.508154268137218e-08 -1.353796597210979e-01  3.965347346288602e-01 
 9.225714271548713e+06  1.000000000000000e+00  0.000000000000000e+00  1.246082725891995e-08 -1.504330526813646e-08 -1.318511639935726e-01  3.927910441280721e-01 
 9.332543007971006e+06  1.000000000000000e+00  0.000000000000000e+00  1.219044232225741e-08 -1.499985391451020e-08 -1.283968426699211e-01  3.890597868532674e-01 
 9.440608762860343e+06  1.000000000000000e+00  0.000000000000000e+00  1.193309617786298e-08 -1.496139029333321e-08 -1.250153149290802e-01  3.853417800478665e-01 
 9.549925860215481e+06  1.000000000000000e+00  0.000000000000000e+00  1.167263841139743e-08 -1.491208601045457e-08 -1.217052175405282e-01  3.816378002417948e-01 
 9.660508789899269e+06  1.000000000000000e+00  0.000000000000000e+00  1.137962990505059e-08 -1.492840767669534e-08 -1.184652056926415e-01  3.779485838825256e-01 
 9.772372209559256e+06  1.000000000000000e+00  0.000000000000000e+00  1.112793557300762e-08 -1.487093975738318e-08 -1.152939528754573e-01  3.742748293317386e-01 
 9.885530946570551e+06  1.000000000000000e+00  0.000000000000000e+00  1.088204604204890e-08 -1.481425593308217e-08 -1.121901512055907e-01  3.706171980374726e-01 
 1.000000000000118e+07  1.000000000000000e+00  0.000000000000000e+00  1.064192345356929e-08 -1.475452521271237e-08 -1.091525116475796e-01  3.669763157359507e-01 
 1.011579454260018e+07  1.000000000000000e+00  0.000000000000000e+00  1.039620012299736e-08 -1.468411420235682e-08 -1.061797640666915e-01  3.633527741115319e-01 
 1.023292992280875e+07  1.000000000000000e+00  0.000000000000000e+00  1.016430106748345e-08 -1.461912463307513e-08 -1.032706573789113e-01  3.597471316144878e-01 
 1.035142166679466e+07  1.000000000000000e+00  0.000000000000000e+00  9.932012878799412e-09 -1.454899345443295e-08 -1.004239598091472e-01  3.561599148335425e-01 
 1.047128548051023e+07  1.000000000000000e+00  0.000000000000000e+00  9.724082872253348e-09 -1.444891756241518e-08 -9.763845851243746e-02  3.525916200279944e-01 
 1.059253725177414e+07  1.000000000000000e+00  0.000000000000000e+00  9.502281961282222e-09 -1.437616853339208e-08 -9.491296007791861e-02  3.490427135522088e-01 
 1.071519305237733e+07  1.000000000000000e+00  0.000000000000000e+00  9.285747615273010e-09 -1.430248680600599e-08 -9.224629029465614e-02  3.455136336546965e-01 
 1.083926914021332e+07  1.000000000000000e+00  0.000000000000000e+00  9.069504924852367e-09 -1.422380574434001e-08 -8.963729414008414e-02  3.420047911293536e-01 
 1.096478196143315e+07  1.000000000000000e+00  0.000000000000000e+00  8.854183275452954e-09 -1.413984224152287e-08 -8.708483579217097e-02  3.385165706262463e-01 
 1.109174815262532e+07  1.000000000000000e+00  0.000000000000000e+00  8.644968740867398e-09 -1.405654403985324e-08 -8.458779854765908e-02  3.350493313903520e-01 
 1.122018454302096e+07  1.000000000000000e+00  0.000000000000000e+00  8.445139032531301e-09 -1.397765103661186e-08 -8.214508485837102e-02  3.316034084550815e-01 
 1.135010815672449e+07  1.000000000000000e+00  0.000000000000000e+00  8.244195104367691e-09 -1.389270704033052e-08 -7.975561598853231e-02  3.281791135505991e-01 
 1.148153621497019e+07  1.000000000000000e+00  0.000000000000000e+00  8.047371768959977e-09 -1.380534114803211e-08 -7.741833219959204e-02  3.247767359594811e-01 
 1.161448613840480e+07  1.000000000000000e+00  0.000000000000000e+00  7.856446715415188e-09 -1.371945568262589e-08 -7.513219245201874e-02  3.213965433668418e-01 
 1.174897554939669e+07  1.000000000000000e+00  0.000000000000000e+00  7.665783785526514e-09 -1.362961837836352e-08 -7.289617443577090e-02  3.180387827749620e-01 
 1.188502227437159e+07  1.000000000000000e+00  0.000000000000000e+00  7.493028975069649e-09 -1.351496170531874e-08 -7.070927412994465e-02  3.147036814993865e-01 
 1.202264434617556e+07  1.000000000000000e+00  0.000000000000000e+00  7.307506044718082e-09 -1.341921579411931e-08 -6.857050596746128e-02  3.113914477367363e-01 
 1.216186000646512e+07  1.000000000000000e+00  0.000000000000000e+00  7.130980028691170e-09 -1.333074028941894e-08 -6.647890261396239e-02  3.081022712282200e-01 
 1.230268770812528e+07  1.000000000000000e+00  0.000000000000000e+00  6.957032061549739e-09 -1.323894105453860e-08 -6.443351458404700e-02  3.048363245277200e-01 
 1.244514611771533e+07  1.000000000000000e+00  0.000000000000000e+00  6.757385428990403e-09 -1.318640630021406e-08 -6.243341039912398e-02  3.015937630885051e-01 
 1.258925411794317e+07  1.000000000000000e+00  0.000000000000000e+00  6.587826062443014e-09 -1.308966712798565e-08 -6.047767599963039e-02  2.983747265526663e-01 
 1.273503081016813e+07  1.000000000000000e+00  0.000000000000000e+00  6.420513565252861e-09 -1.298906820990098e-08 -5.856541502967483e-02  2.951793389087811e-01 
 1.288249551693287e+07  1.000000000000000e+00  0.000000000000000e+00  6.255693407730689e-09 -1.288861550818865e-08 -5.669574818424050e-02  2.920077095612506e-01 
 1.303166778452454e+07  1.000000000000000e+00  0.000000000000000e+00  6.096705362779176e-09 -1.279113576169166e-08 -5.486781330034618e-02  2.888599337718856e-01 
 1.318256738556564e+07  1.000000000000000e+00  0.000000000000000e+00  5.952446757717667e-09 -1.267136889859799e-08 -5.308076506478787e-02  2.857360932025574e-01 
 1.333521432163483e+07  1.000000000000000e+00  0.000000000000000e+00  5.799781876980603e-09 -1.257303677837385e-08 -5.133377472686007e-02  2.826362567655465e-01 
 1.348962882591814e+07  1.000000000000000e+00  0.000000000000000e+00  5.648112644252024e-09 -1.247073500021401e-08 -4.962603005806276e-02  2.795604809131311e-01 
 1.364583136589087e+07  1.000000000000000e+00  0.000000000000000e+00  5.502145294933314e-09 -1.237226010530890e-08 -4.795673497278097e-02  2.765088103333941e-01 
 1.380384264603049e+07  1.000000000000000e+00  0.000000000000000e+00  5.357353782819985e-09 -1.226956442001992e-08 -4.632510930706846e-02  2.734812786024312e-01 
 1.396368361056104e+07  1.000000000000000e+00  0.000000000000000e+00  5.213722120700481e-09 -1.216650552526843e-08 -4.473038883577563e-02  2.704779083103583e-01 
 1.412537544622923e+07  1.000000000000000e+00  0.000000000000000e+00  5.077424591881652e-09 -1.206726152336302e-08 -4.317182464842184e-02  2.674987121235644e-01 
 1.428893958511274e+07  1.000000000000000e+00  0.000000000000000e+00  4.951989596158057e-09 -1.194729748466017e-08 -4.164868324697513e-02  2.645436927933902e-01 
 1.445439770746100e+07  1.000000000000000e+00  0.000000000000000e+00  4.818502041814554e-09 -1.184501480233635e-08 -4.016024624818937e-02  2.616128437834414e-01 
 1.462177174456893e+07  1.000000000000000e+00  0.000000000000000e+00  4.690296928622217e-09 -1.174625363642434e-08 -3.870581008633645e-02  2.587061497740283e-01 
 1.479108388168385e+07  1.000000000000000e+00  0.000000000000000e+00  4.538447062607531e-09 -1.167244295663394e-08 -3.728468577273114e-02  2.558235871037389e-01 
 1.496235656094613e+07  1.000000000000000e+00  0.000000000000000e+00  4.413301168959549e-09 -1.156940876434476e-08 -3.589619873625161e-02  2.529651241511253e-01 
 1.513561248436390e+07  1.000000000000000e+00  0.000000000000000e+00  4.290316657495907e-09 -1.146550959729709e-08 -3.453968859664180e-02  2.501307216178819e-01 
 1.531087461682214e+07  1.000000000000000e+00  0.000000000000000e+00  4.181651247492368e-09 -1.134955907033941e-08 -3.321450883221500e-02  2.473203331853302e-01 
 1.548816618912667e+07  1.000000000000000e+00  0.000000000000000e+00  4.063366088047360e-09 -1.124605070179641e-08 -3.192002666036375e-02  2.445339057298808e-01 
 1.566751070108337e+07  1.000000000000000e+00  0.000000000000000e+00  3.945522686343850e-09 -1.113836964328208e-08 -3.065562275944500e-02  2.417713796480191e-01 
 1.584893192461304e+07  1.000000000000000e+00  0.000000000000000e+00  3.833607542524931e-09 -1.103707664151798e-08 -2.942069109365075e-02  2.390326892682684e-01 
 1.603245390690234e+07  1.000000000000000e+00  0.000000000000000e+00  3.723394592647367e-09 -1.093512047578571e-08 -2.821463846134598e-02  2.363177634040393e-01 
 1.621810097359125e+07  1.000000000000000e+00  0.000000000000000e+00  3.613255472600940e-09 -1.082967224230735e-08 -2.703688464741660e-02  2.336265251968148e-01 
 1.640589773199737e+07  1.000000000000000e+00  0.000000000000000e+00  3.518978108907334e-09 -1.071762847915103e-08 -2.588686175673405e-02  2.309588930327604e-01 
 1.659586907437761e+07  1.000000000000000e+00  0.000000000000000e+00  3.414990068506540e-09 -1.061539831037628e-08 -2.476401438007425e-02  2.283147803254322e-01 
 1.678804018122763e+07  1.000000000000000e+00  0.000000000000000e+00  3.293257333503163e-09 -1.053632117664627e-08 -2.366779915354766e-02  2.256940960701238e-01 
 1.698243652461949e+07  1.000000000000000e+00  0.000000000000000e+00  3.194791098337646e-09 -1.043488456753394e-08 -2.259768444971455e-02  2.230967452749439e-01 
 1.717908387157796e+07  1.000000000000000e+00  0.000000000000000e+00  3.104300483336431e-09 -1.031761412417787e-08 -2.155315042082795e-02  2.205226288458000e-01 
 1.737800828749586e+07  1.000000000000000e+00  0.000000000000000e+00  3.013396199236240e-09 -1.022304221831583e-08 -2.053368847622150e-02  2.179716442672703e-01 
 1.757923613958905e+07  1.000000000000000e+00  0.000000000000000e+00  2.917788677336830e-09 -1.011766545544468e-08 -1.953880132846741e-02  2.154436854964838e-01 
 1.778279410039138e+07  1.000000000000000e+00  0.000000000000000e+00  2.829682821392510e-09 -1.002166574726182e-08 -1.856800253245150e-02  2.129386435205238e-01 
 1.798870915129006e+07  1.000000000000000e+00  0.000000000000000e+00  2.737703619359877e-09 -9.917223320332624e-09 -1.762081637377733e-02  2.104564064613200e-01 
 1.819700858610204e+07  1.000000000000000e+00  0.000000000000000e+00  2.658489095530570e-09 -9.805658229833369e-09 -1.669677776099210e-02  2.079968596510967e-01 
 1.840772001469179e+07  1.000000000000000e+00  0.000000000000000e+00  2.571195367728762e-09 -9.704241993313545e-09 -1.579543168851538e-02  2.055598862614790e-01 
 1.862087136663093e+07  1.000000000000000e+00  0.000000000000000e+00  2.472851146073651e-09 -9.627764280262241e-09 -1.491633329043962e-02  2.031453671292742e-01 
 1.883649089490029e+07  1.000000000000000e+00  0.000000000000000e+00  2.391096654008606e-09 -9.527645755680325e-09 -1.405904756041032e-02  2.007531811206081e-01 
 1.905460717963478e+07  1.000000000000000e+00  0.000000000000000e+00  2.319887837387569e-09 -9.420637936408127e-09 -1.322314901193955e-02  1.983832053973404e-01 
 1.927524913191170e+07  1.000000000000000e+00  0.000000000000000e+00  2.241859364815468e-09 -9.322899674479856e-09 -1.240822160646282e-02  1.960353154673387e-01 
 1.949844599758282e+07  1.000000000000000e+00  0.000000000000000e+00  2.164460499720633e-09 -9.223753399956180e-09 -1.161385853090668e-02  1.937093853524985e-01 
 1.972422736115093e+07  1.000000000000000e+00  0.000000000000000e+00  2.096859574862719e-09 -9.116146976184680e-09 -1.083966183752072e-02  1.914052879838887e-01 
 1.995262314969122e+07  1.000000000000000e+00  0.000000000000000e+00  2.025139278494237e-09 -9.022102703815094e-09 -1.008524230041141e-02  1.891228951656108e-01 
 2.018366363681806e+07  1.000000000000000e+00  0.000000000000000e+00  1.937887850189668e-09 -8.942249080101661e-09 -9.350219281691774e-03  1.868620778164185e-01 
 2.041737944669778e+07  1.000000000000000e+00  0.000000000000000e+00  1.870327337449851e-09 -8.849549537615076e-09 -8.634220408066717e-03  1.846227060481362e-01 
 2.065380155810780e+07  1.000000000000000e+00  0.000000000000000e+00  1.807982985546630e-09 -8.743115620379882e-09 -7.936881437657251e-03  1.824046493968864e-01 
 2.089296130854294e+07  1.000000000000000e+00  0.000000000000000e+00  1.740330213273467e-09 -8.646880045315442e-09 -7.257845977419297e-03  1.802077769332070e-01 
 2.113489039836904e+07  1.000000000000000e+00  0.000000000000000e+00  1.676362382241336e-09 -8.554611991007377e-09 -6.596765281477901e-03  1.780319574001115e-01 
 2.137962089502493e+07  1.000000000000000e+00  0.000000000000000e+00  1.620202527696790e-09 -8.454639766064531e-09 -5.953298140502827e-03  1.758770592534959e-01 
 2.162718523727284e+07  1.000000000000000e+00  0.000000000000000e+00  1.543890015831550e-09 -8.376410537414003e-09 -5.327110560693349e-03  1.737429508621457e-01 
 2.187761623949819e+07  1.000000000000000e+00  0.000000000000000e+00  1.482902023397514e-09 -8.283182639789999e-09 -4.717875529228532e-03  1.716295006996440e-01 
 2.213094709605908e+07  1.000000000000000e+00  0.000000000000000e+00  1.431024077014342e-09 -8.184504102226597e-09 -4.125273010725294e-03  1.695365771872569e-01 
 2.238721138568613e+07  1.000000000000000e+00  0.000000000000000e+00  1.372868152493822e-09 -8.092378211976836e-09 -3.548989509061240e-03  1.674640490669803e-01 
 2.264644307593336e+07  1.000000000000000e+00  0.000000000000000e+00  1.323917864226587e-09 -7.996832723788927e-09 -2.988718028395065e-03  1.654117852506261e-01 
 2.290867652768053e+07  1.000000000000000e+00  0.000000000000000e+00  1.268058547054807e-09 -7.906123200562831e-09 -2.444157767964805e-03  1.633796551262534e-01 
 2.317394649968762e+07  1.000000000000000e+00  0.000000000000000e+00  1.201882482426697e-09 -7.831076620501420e-09 -1.915014027065842e-03  1.613675284357164e-01 
 2.344228815320209e+07  1.000000000000000e+00  0.000000000000000e+00  1.154433104666452e-09 -7.732984058650416e-09 -1.400997918839630e-03  1.593752754627860e-01 
 2.371373705661946e+07  1.000000000000000e+00  0.000000000000000e+00  1.103327873508420e-09 -7.645209576523371e-09 -9.018262546824918e-04  1.574027670061983e-01 
 2.398832919019784e+07  1.000000000000000e+00  0.000000000000000e+00  1.059708543138527e-09 -7.551345132528198e-09 -4.172212739466108e-04  1.554498745539654e-01 
 2.426610095082713e+07  1.000000000000000e+00  0.000000000000000e+00  9.997993544175188e-10 -7.479075442295979e-09  5.308942431425656e-05  1.535164701682656e-01 
 2.454708915685331e+07  1.000000000000000e+00  0.000000000000000e+00  9.531408995400170e-10 -7.394177742314767e-09  5.093731802383594e-04  1.516024266484909e-01 
 2.483133105295875e+07  1.000000000000000e+00  0.000000000000000e+00  9.119223154385736e-10 -7.300435839185937e-09  9.518924452960320e-04  1.497076175676830e-01 
 2.511886431509889e+07  1.000000000000000e+00  0.000000000000000e+00  8.661376060814518e-10 -7.214709246694540e-09  1.380904782043224e-03  1.478319171277253e-01 
 2.540972705549617e+07  1.000000000000000e+00  0.000000000000000e+00  8.277087903962865e-10 -7.124761003396429e-09  1.796663288480271e-03  1.459752004076627e-01 
 2.570395782769180e+07  1.000000000000000e+00  0.000000000000000e+00  7.726554951403841e-10 -7.048957473276829e-09  2.199416608193783e-03  1.441373432858751e-01 
 2.600159563165592e+07  1.000000000000000e+00  0.000000000000000e+00  7.373042176794797e-10 -6.963634890944093e-09  2.589409126308340e-03  1.423182223608756e-01 
 2.630267991895705e+07  1.000000000000000e+00  0.000000000000000e+00  6.968745580593350e-10 -6.881147596171644e-09  2.966881114051523e-03  1.405177150721290e-01 
 2.660725059799137e+07  1.000000000000000e+00  0.000000000000000e+00  6.620506365351275e-10 -6.794194040704582e-09  3.332068949435385e-03  1.387356996710642e-01 
 2.691534803927247e+07  1.000000000000000e+00  0.000000000000000e+00  6.118996420667600e-10 -6.721150386246322e-09  3.685205177059725e-03  1.369720551599326e-01 
 2.722701308078248e+07  1.000000000000000e+00  0.000000000000000e+00  5.790761203883221e-10 -6.634298110874681e-09  4.026518674447033e-03  1.352266613105227e-01 
 2.754228703338506e+07  1.000000000000000e+00  0.000000000000000e+00  5.438360872744852e-10 -6.558455611926917e-09  4.356234887498145e-03  1.334993986922721e-01 
 2.786121168630114e+07  1.000000000000000e+00  0.000000000000000e+00  5.026894456250375e-10 -6.482180597844334e-09  4.674575812602111e-03  1.317901485728948e-01 
 2.818382931264801e+07  1.000000000000000e+00  0.000000000000000e+00  4.723954560859056e-10 -6.398377661032129e-09  4.981760222833698e-03  1.300987929100011e-01 
 2.851018267504261e+07  1.000000000000000e+00  0.000000000000000e+00  4.387648022685653e-10 -6.320362816447656e-09  5.278003796074682e-03  1.284252143808226e-01 
 2.884031503126962e+07  1.000000000000000e+00  0.000000000000000e+00  4.102216344392673e-10 -6.237858007906993e-09  5.563519164005548e-03  1.267692962480762e-01 
 2.917427014001527e+07  1.000000000000000e+00  0.000000000000000e+00  3.688298555459824e-10 -6.170317257137015e-09  5.838516049841536e-03  1.251309223635966e-01 
 2.951209226666751e+07  1.000000000000000e+00  0.000000000000000e+00  3.436362305819785e-10 -6.092182855410577e-09  6.103201423868887e-03  1.235099771833137e-01 
 2.985382618918329e+07  1.000000000000000e+00  0.000000000000000e+00  3.173961093949629e-10 -6.011658337801151e-09  6.357779554494236e-03  1.219063456399662e-01 
 3.019951720402390e+07  1.000000000000000e+00  0.000000000000000e+00  2.781712638011413e-10 -5.944598147067381e-09  6.602452073238618e-03  1.203199131116733e-01 
 3.054921113215892e+07  1.000000000000000e+00  0.000000000000000e+00  2.551885369683760e-10 -5.868629138205961e-09  6.837418128193828e-03  1.187505654225920e-01 
 3.090295432513973e+07  1.000000000000000e+00  0.000000000000000e+00  2.306863589041086e-10 -5.787632872955584e-09  7.062874426627452e-03  1.171981887295758e-01 
 3.126079367124343e+07  1.000000000000000e+00  0.000000000000000e+00  1.997553233934468e-10 -5.719322015984574e-09  7.279015290307056e-03  1.156626694929309e-01 
 3.162277660168771e+07  1.000000000000000e+00  0.000000000000000e+00  1.733322374519730e-10 -5.647210032933003e-09  7.486032770820827e-03  1.141438944431026e-01 
 3.198895109691795e+07  1.000000000000000e+00  0.000000000000000e+00  1.441713415317736e-10 -5.581601791870838e-09  7.684116664125051e-03  1.126417504969497e-01 
 3.235936569296684e+07  1.000000000000000e+00  0.000000000000000e+00  1.233106949882767e-10 -5.505271571948356e-09  7.873454549277570e-03  1.111561247073338e-01 
 3.273406948788789e+07  1.000000000000000e+00  0.000000000000000e+00  1.045052933079660e-10 -5.433467703541695e-09  8.054231937600909e-03  1.096869042227106e-01 
 3.311311214826322e+07  1.000000000000000e+00  0.000000000000000e+00  7.238121213504201e-11 -5.370129271820012e-09  8.226632213623519e-03  1.082339762359590e-01 
 3.349654391578693e+07  1.000000000000000e+00  0.000000000000000e+00  5.480571552141100e-11 -5.299527303104234e-09  8.390836678473068e-03  1.067972278851952e-01 
 3.388441561392447e+07  1.000000000000000e+00  0.000000000000000e+00  3.009370530548949e-11 -5.236873240610507e-09  8.547024604080411e-03  1.053765462645960e-01 
 3.427677865464929e+07  1.000000000000000e+00  0.000000000000000e+00  1.196887033927396e-11 -5.163324656720647e-09  8.695373296351505e-03  1.039718183297953e-01 
 3.467368504525747e+07  1.000000000000000e+00  0.000000000000000e+00 -4.700684286262913e-12 -5.092581994992074e-09  8.836058040516015e-03  1.025829308704920e-01 
 3.507518739526116e+07  1.000000000000000e+00  0.000000000000000e+00 -2.870392812326372e-11 -5.028953684038662e-09  8.969252176155962e-03  1.012097704823580e-01 
 3.548133892336196e+07  1.000000000000000e+00  0.000000000000000e+00 -4.346634163709950e-11 -4.961822050453257e-09  9.095127006975012e-03  9.985222342840749e-02 
 3.589219346450499e+07  1.000000000000000e+00  0.000000000000000e+00 -6.593570134327820e-11 -4.899945699188279e-09  9.213851958225883e-03  9.851017573755862e-02 
 3.630780547701465e+07  1.000000000000000e+00  0.000000000000000e+00 -8.051292965660650e-11 -4.830843711167709e-09  9.325594426790262e-03  9.718351304179443e-02 
 3.672823004981304e+07  1.000000000000000e+00  0.000000000000000e+00 -1.006079664023218e-10 -4.772296183230829e-09  9.430519873265153e-03  9.587212063599920e-02 
 3.715352290972188e+07  1.000000000000000e+00  0.000000000000000e+00 -1.134514704403955e-10 -4.708013881526973e-09  9.528791749165988e-03  9.457588336156267e-02 
 3.758374042884910e+07  1.000000000000000e+00  0.000000000000000e+00 -1.339504063224695e-10 -4.645423434812557e-09  9.620571562096281e-03  9.329468566397291e-02 
 3.801893963206086e+07  1.000000000000000e+00  0.000000000000000e+00 -1.451425646337157e-10 -4.583705789928949e-09  9.706018770028413e-03  9.202841149215832e-02 
 3.845917820454016e+07  1.000000000000000e+00  0.000000000000000e+00 -1.638886804045114e-10 -4.524297131380806e-09  9.785290823221882e-03  9.077694432054563e-02 
 3.890451449943291e+07  1.000000000000000e+00  0.000000000000000e+00 -1.751203626554343e-10 -4.461211525197406e-09  9.858543102289952e-03  8.954016711697035e-02 
 3.935500754558266e+07  1.000000000000000e+00  0.000000000000000e+00 -1.916911074317795e-10 -4.405834821974430e-09  9.925928957925656e-03  8.831796234935854e-02 
 3.981071705535470e+07  1.000000000000000e+00  0.000000000000000e+00 -2.083901939897714e-10 -4.348427978806413e-09  9.987599598726637e-03  8.711021194315732e-02 
 4.027170343255094e+07  1.000000000000000e+00  0.000000000000000e+00 -2.174296298562695e-10 -4.288702268318012e-09  1.004370415943523e-02  8.591679733425997e-02 
 4.073802778041637e+07  1.000000000000000e+00  0.000000000000000e+00 -2.303581769780294e-10 -4.229371811104166e-09  1.009438958216924e-02  8.473759937977318e-02 
 4.120975190973818e+07  1.000000000000000e+00  0.000000000000000e+00 -2.389450859396902e-10 -4.170657291746593e-09  1.013980065674458e-02  8.357249846693962e-02 
 4.168693834703876e+07  1.000000000000000e+00  0.000000000000000e+00 -2.532818399458847e-10 -4.116429752620832e-09  1.018007995221426e-02  8.242137444867322e-02 
 4.216965034286351e+07  1.000000000000000e+00  0.000000000000000e+00 -2.678077759554753e-10 -4.061799729893067e-09  1.021536781085519e-02  8.128410667349904e-02 
 4.265795188016462e+07  1.000000000000000e+00  0.000000000000000e+00 -2.714002356185574e-10 -4.003726891688153e-09  1.024580233005046e-02  8.016057402926804e-02 
 4.315190768278193e+07  1.000000000000000e+00  0.000000000000000e+00 -2.846021196489801e-10 -3.950925892004520e-09  1.027151927019987e-02  7.905065493716439e-02 
 4.365158322402208e+07  1.000000000000000e+00  0.000000000000000e+00 -2.943154608914256e-10 -3.896671915692984e-09  1.029265210732744e-02  7.795422735801616e-02 
 4.415704473533680e+07  1.000000000000000e+00  0.000000000000000e+00 -3.013171934185266e-10 -3.838511605791517e-09  1.030933196080386e-02  7.687116887936243e-02 
 4.466835921510192e+07  1.000000000000000e+00  0.000000000000000e+00 -3.122819780543296e-10 -3.790358082955692e-09  1.032168759223584e-02  7.580135670266373e-02 
 4.518559443749791e+07  1.000000000000000e+00  0.000000000000000e+00 -3.207671905869347e-10 -3.737659751146261e-09  1.032984536171400e-02  7.474466767979124e-02 
 4.570881896149325e+07  1.000000000000000e+00  0.000000000000000e+00 -3.315601126985257e-10 -3.687226662885124e-09  1.033392921919130e-02  7.370097838157333e-02 
 4.623810213993184e+07  1.000000000000000e+00  0.000000000000000e+00 -3.390265845837348e-10 -3.636556195063534e-09  1.033406069938203e-02  7.267016510680614e-02 
 4.677351412872570e+07  1.000000000000000e+00  0.000000000000000e+00 -3.412901072863406e-10 -3.581270821562121e-09  1.033035885970879e-02  7.165210393614183e-02 
 4.731512589615400e+07  1.000000000000000e+00  0.000000000000000e+00 -3.504585510683000e-10 -3.533792147791814e-09  1.032294032980952e-02  7.064667079333520e-02 
 4.786300923226986e+07  1.000000000000000e+00  0.000000000000000e+00 -3.570370665784139e-10 -3.483768079570737e-09  1.031191923317221e-02  6.965374146495505e-02 
 4.841723675841603e+07  1.000000000000000e+00  0.000000000000000e+00 -3.638811474360182e-10 -3.434199105645241e-09  1.029740724462513e-02  6.867319168552846e-02 
 4.897788193685079e+07  1.000000000000000e+00  0.000000000000000e+00 -3.715603380527455e-10 -3.389233615980203e-09  1.027951353891776e-02  6.770489716211883e-02 
 4.954501908048527e+07  1.000000000000000e+00  0.000000000000000e+00 -3.766513767544666e-10 -3.342023643937431e-09  1.025834479961851e-02  6.674873363888914e-02 
 5.011872336273355e+07  1.000000000000000e+00  0.000000000000000e+00 -3.816469362760699e-10 -3.296253145435024e-09  1.023400523548945e-02  6.580457695339412e-02 
 5.069907082747684e+07  1.000000000000000e+00  0.000000000000000e+00 -3.869193854200148e-10 -3.248119523346915e-09  1.020659655538791e-02  6.487230309178432e-02 
 5.128613839914297e+07  1.000000000000000e+00  0.000000000000000e+00 -3.871136744493242e-10 -3.197422854261944e-09  1.017621800895352e-02  6.395178824637840e-02 
 5.188000389290267e+07  1.000000000000000e+00  0.000000000000000e+00 -3.917743907067006e-10 -3.151030311676628e-09  1.014296635428291e-02  6.304290886205716e-02 
 5.248074602498390e+07  1.000000000000000e+00  0.000000000000000e+00 -3.949585103413256e-10 -3.108903558202147e-09  1.010693592397249e-02  6.214554170357625e-02 
 5.308844442310555e+07  1.000000000000000e+00  0.000000000000000e+00 -4.038469558764746e-10 -3.065664194723539e-09  1.006821858254581e-02  6.125956392644399e-02 
 5.370317963703207e+07  1.000000000000000e+00  0.000000000000000e+00 -4.068003711665824e-10 -3.023460551365709e-09  1.002690380765459e-02  6.038485310132580e-02 
 5.432503314925020e+07  1.000000000000000e+00  0.000000000000000e+00 -4.102695960739311e-10 -2.979142023351589e-09  9.983078656203181e-03  5.952128729673820e-02 
 5.495408738576942e+07  1.000000000000000e+00  0.000000000000000e+00 -4.109454998513229e-10 -2.935207091270264e-09  9.936827821192207e-03  5.866874511805093e-02 
 5.559042572704741e+07  1.000000000000000e+00  0.000000000000000e+00 -4.137357123568108e-10 -2.891763613288578e-09  9.888233651309752e-03  5.782710578310571e-02 
 5.623413251904204e+07  1.000000000000000e+00  0.000000000000000e+00 -4.157481026112464e-10 -2.851243768864364e-09  9.837376186423441e-03  5.699624915978847e-02 
 5.688529308439137e+07  1.000000000000000e+00  0.000000000000000e+00 -4.161195832352860e-10 -2.807917030833718e-09  9.784333190058891e-03  5.617605582016998e-02 
 5.754399373372301e+07  1.000000000000000e+00  0.000000000000000e+00 -4.178488666184421e-10 -2.767585431662223e-09  9.729180184078423e-03  5.536640708815624e-02 
 5.821032177709454e+07  1.000000000000000e+00  0.000000000000000e+00 -4.240237050368023e-10 -2.729298016757031e-09  9.671990458977930e-03  5.456718510580787e-02 
 5.888436553556639e+07  1.000000000000000e+00  0.000000000000000e+00 -4.232461048303549e-10 -2.688260163086209e-09  9.612835194851677e-03  5.377827286975347e-02 
 5.956621435290863e+07  1.000000000000000e+00  0.000000000000000e+00 -4.227846961413206e-10 -2.646835743636000e-09  9.551783408989767e-03  5.299955427480285e-02 
 6.025595860744344e+07  1.000000000000000e+00  0.000000000000000e+00 -4.275924059271574e-10 -2.611583199696454e-09  9.488902054244353e-03  5.223091415272332e-02 
 6.095368972402468e+07  1.000000000000000e+00  0.000000000000000e+00 -4.264979480694819e-10 -2.571694558695103e-09  9.424256072401160e-03  5.147223834208244e-02 
 6.165950018615607e+07  1.000000000000000e+00  0.000000000000000e+00 -4.250582108511480e-10 -2.533806629789748e-09  9.357908415587479e-03  5.072341369227895e-02 
 6.237348354824988e+07  1.000000000000000e+00  0.000000000000000e+00 -4.279014920172131e-10 -2.495918818845588e-09  9.289920101597904e-03  4.998432811962251e-02 
 6.309573444802737e+07  1.000000000000000e+00  0.000000000000000e+00 -4.256668351132475e-10 -2.459423817380291e-09  9.220350290455315e-03  4.925487064454482e-02 
 6.382634861906301e+07  1.000000000000000e+00  0.000000000000000e+00 -4.279707699339497e-10 -2.423420422670297e-09  9.149256314652909e-03  4.853493142078185e-02 
 6.456542290347379e+07  1.000000000000000e+00  0.000000000000000e+00 -4.261442310138364e-10 -2.385208718036491e-09  9.076693744395570e-03  4.782440175881476e-02 
 6.531305526475558e+07  1.000000000000000e+00  0.000000000000000e+00 -4.277078691217184e-10 -2.351221030372219e-09  9.002716410227318e-03  4.712317414473864e-02 
 6.606934480076804e+07  1.000000000000000e+00  0.000000000000000e+00 -4.254185892449414e-10 -2.315689889842432e-09  8.927376540292631e-03  4.643114231219711e-02 
 6.683439175687000e+07  1.000000000000000e+00  0.000000000000000e+00 -4.268354558689680e-10 -2.281200860154708e-09  8.850724706629398e-03  4.574820119557997e-02 
 6.760829753920682e+07  1.000000000000000e+00  0.000000000000000e+00 -4.261719865894520e-10 -2.247182599723896e-09  8.772809986151486e-03  4.507424700270453e-02 
 6.839116472815168e+07  1.000000000000000e+00  0.000000000000000e+00 -4.267497466514669e-10 -2.214187534710366e-09  8.693679970451118e-03  4.440917721863129e-02 
 6.918309709190249e+07  1.000000000000000e+00  0.000000000000000e+00 -4.225324534701258e-10 -2.179059856166621e-09  8.613380795691850e-03  4.375289059161830e-02 
 6.998419960023630e+07  1.000000000000000e+00  0.000000000000000e+00 -4.227580507887296e-10 -2.147189502588187e-09  8.531957270284884e-03  4.310528719019754e-02 
 7.079457843842284e+07  1.000000000000000e+00  0.000000000000000e+00 -4.214109061706495e-10 -2.114582668688580e-09  8.449452879714103e-03  4.246626837460236e-02 
 7.161434102129936e+07  1.000000000000000e+00  0.000000000000000e+00 -4.199560699191807e-10 -2.082034107619979e-09  8.365909864453291e-03  4.183573682661079e-02 
 7.244359600750828e+07  1.000000000000000e+00  0.000000000000000e+00 -4.203917214340436e-10 -2.050274242049177e-09  8.281369271806671e-03  4.121359653799981e-02 
 7.328245331389979e+07  1.000000000000000e+00  0.000000000000000e+00 -4.180462642722205e-10 -2.020014489012567e-09  8.195871029508695e-03  4.059975281345170e-02 
 7.413102413010125e+07  1.000000000000000e+00  0.000000000000000e+00 -4.161817557246650e-10 -1.988931269680805e-09  8.109453982427350e-03  3.999411228277254e-02 
 7.498942093325520e+07  1.000000000000000e+00  0.000000000000000e+00 -4.125950692213110e-10 -1.957995050816397e-09  8.022155947963405e-03  3.939658287547140e-02 
 7.585775750292811e+07  1.000000000000000e+00  0.000000000000000e+00 -4.104396822413037e-10 -1.927604284523987e-09  7.934013798741812e-03  3.880707383297619e-02 
 7.673614893619174e+07  1.000000000000000e+00  0.000000000000000e+00 -4.080966675701347e-10 -1.898114443399379e-09  7.845063486721093e-03  3.822549568311824e-02 
 7.762471166287914e+07  1.000000000000000e+00  0.000000000000000e+00 -4.042501888790184e-10 -1.868278670658086e-09  7.755340114590226e-03  3.765176024591158e-02 
 7.852356346101727e+07  1.000000000000000e+00  0.000000000000000e+00 -4.043789747498749e-10 -1.841564664650797e-09  7.664877976724771e-03  3.708578059916836e-02 
 7.943282347243837e+07  1.000000000000000e+00  0.000000000000000e+00 -4.005336062817832e-10 -1.811490346614875e-09  7.573710618606899e-03  3.652747107891902e-02 
 8.035261221857207e+07  1.000000000000000e+00  0.000000000000000e+00 -3.966857953230374e-10 -1.781569086700685e-09  7.481870881275610e-03  3.597674726139219e-02 
 8.128305161642039e+07  1.000000000000000e+00  0.000000000000000e+00 -3.963041006471713e-10 -1.756222819948583e-09  7.389390956882735e-03  3.543352593012501e-02 
 8.222426499471770e+07  1.000000000000000e+00  0.000000000000000e+00 -3.920126445677852e-10 -1.728314331927994e-09  7.296302417425515e-03  3.489772505920605e-02 
 8.317637711027782e+07  1.000000000000000e+00  0.000000000000000e+00 -3.902425049773228e-10 -1.702321630880910e-09  7.202636278231589e-03  3.436926379581615e-02 
 8.413951416453035e+07  1.000000000000000e+00  0.000000000000000e+00 -3.845981311201285e-10 -1.673581495609255e-09  7.108423031291000e-03  3.384806242533366e-02 
 8.511380382024862e+07  1.000000000000000e+00  0.000000000000000e+00 -3.825435523907572e-10 -1.648120383224150e-09  7.013692692015461e-03  3.333404234741214e-02 
 8.609937521847117e+07  1.000000000000000e+00  0.000000000000000e+00 -3.804454529188206e-10 -1.623197104505536e-09  6.918474820265308e-03  3.282712604670143e-02 
 8.709635899561930e+07  1.000000000000000e+00  0.000000000000000e+00 -3.745059817816809e-10 -1.596845503049060e-09  6.822798584928957e-03  3.232723706093648e-02 
 8.810488730081278e+07  1.000000000000000e+00  0.000000000000000e+00 -3.712681273526641e-10 -1.570569257980381e-09  6.726692772539344e-03  3.183429994916530e-02 
 8.912509381338607e+07  1.000000000000000e+00  0.000000000000000e+00 -3.674363036054729e-10 -1.546830788456965e-09  6.630185828867763e-03  3.134824025427114e-02 
 9.015711376060735e+07  1.000000000000000e+00  0.000000000000000e+00 -3.649687219109410e-10 -1.522539355008901e-09  6.533305899024011e-03  3.086898448162231e-02 
 9.120108393560277e+07  1.000000000000000e+00  0.000000000000000e+00 -3.600635345435421e-10 -1.498102152747149e-09  6.436080822303625e-03  3.039646003635130e-02 
 9.225714271548826e+07  1.000000000000000e+00  0.000000000000000e+00 -3.562916628396806e-10 -1.474980974164319e-09  6.338538196481558e-03  2.993059521842657e-02 
 9.332543007971118e+07  1.000000000000000e+00  0.000000000000000e+00 -3.545248539182921e-10 -1.451997983653586e-09  6.240705383900647e-03  2.947131917055355e-02 
 9.440608762860456e+07  1.000000000000000e+00  0.000000000000000e+00 -3.497451217526759e-10 -1.427500454648234e-09  6.142609505974228e-03  2.901856183135085e-02 
 9.549925860215597e+07  1.000000000000000e+00  0.000000000000000e+00 -3.445768115284409e-10 -1.405376551244508e-09  6.044277495396599e-03  2.857225391326373e-02 
 9.660508789899386e+07  1.000000000000000e+00  0.000000000000000e+00 -3.424645012017891e-10 -1.383946599681218e-09  5.945736094908227e-03  2.813232685904659e-02 
 9.772372209559375e+07  1.000000000000000e+00  0.000000000000000e+00 -3.372730983386418e-10 -1.361731772481223e-09  5.847011860511842e-03  2.769871279449483e-02 
 9.885530946570672e+07  1.000000000000000e+00  0.000000000000000e+00 -3.331706022180470e-10 -1.339632103164456e-09  5.748131181885885e-03  2.727134450857555e-02 
 1.000000000000130e+08  1.000000000000000e+00  0.000000000000000e+00 -3.276243720762295e-10 -1.319256124482360e-09  5.649120279932696e-03  2.685015539370857e-02 
 1.011579454260030e+08  1.000000000000000e+00  0.000000000000000e+00 -3.246742874551956e-10 -1.297657235138638e-09  5.550005208288411e-03  2.643507943072852e-02 
 1.023292992280887e+08  1.000000000000000e+00  0.000000000000000e+00 -3.202962339798887e-10 -1.276829818958047e-09  5.450811856988258e-03  2.602605113687868e-02 
 1.035142166679479e+08  1.000000000000000e+00  0.000000000000000e+00 -3.160183226214031e-10 -1.256282348982563e-09  5.351565947947723e-03  2.562300553659991e-02 
 1.047128548051036e+08  1.000000000000000e+00  0.000000000000000e+00 -3.114466462506016e-10 -1.236707632135126e-09  5.252293025987065e-03  2.522587813216143e-02 
 1.059253725177427e+08  1.000000000000000e+00  0.000000000000000e+00 -3.069935416988301e-10 -1.217380383999878e-09  5.153018450092084e-03  2.483460486044258e-02 
 1.071519305237746e+08  1.000000000000000e+00  0.000000000000000e+00 -3.016176197689902e-10 -1.197914056144667e-09  5.053767390816422e-03  2.444912207642595e-02 
 1.083926914021345e+08  1.000000000000000e+00  0.000000000000000e+00 -2.989348768522859e-10 -1.179324114058966e-09  4.954564803933970e-03  2.406936651136767e-02 
 1.096478196143328e+08  1.000000000000000e+00  0.000000000000000e+00 -2.936708654033282e-10 -1.159841733072708e-09  4.855435430289434e-03  2.369527525910032e-02 
 1.109174815262546e+08  1.000000000000000e+00  0.000000000000000e+00 -2.900659712423703e-10 -1.141512356861440e-09  4.756403759541339e-03  2.332678574297972e-02 
 1.122018454302110e+08  1.000000000000000e+00  0.000000000000000e+00 -2.836977319731204e-10 -1.123586747947547e-09  4.657494031801157e-03  2.296383569797975e-02 
 1.135010815672463e+08  1.000000000000000e+00  0.000000000000000e+00 -2.799871445802182e-10 -1.106605720252452e-09  4.558730203514827e-03  2.260636315562113e-02 
 1.148153621497033e+08  1.000000000000000e+00  0.000000000000000e+00 -2.753655081733086e-10 -1.089119738839628e-09  4.460135927999653e-03  2.225430642018671e-02 
 1.161448613840495e+08  1.000000000000000e+00  0.000000000000000e+00 -2.709696911296078e-10 -1.071735426100284e-09  4.361734539949591e-03  2.190760406615250e-02 
 1.174897554939683e+08  1.000000000000000e+00  0.000000000000000e+00 -2.666673548645804e-10 -1.053719542176701e-09  4.263549024761559e-03  2.156619492179936e-02 
 1.188502227437174e+08  1.000000000000000e+00  0.000000000000000e+00 -2.619426897609856e-10 -1.038412106302289e-09  4.165601998499913e-03  2.123001806398274e-02 
 1.202264434617570e+08  1.000000000000000e+00  0.000000000000000e+00 -2.568649737355599e-10 -1.021510539350734e-09  4.067915688068524e-03  2.089901281607703e-02 
 1.216186000646528e+08  1.000000000000000e+00  0.000000000000000e+00 -2.530831100244768e-10 -1.005400512843480e-09  3.970511898541140e-03  2.057311875166563e-02 
 1.230268770812543e+08  1.000000000000000e+00  0.000000000000000e+00 -2.475868399187675e-10 -9.913420362384073e-10  3.873412013899236e-03  2.025227568948223e-02 
 1.244514611771549e+08  1.000000000000000e+00  0.000000000000000e+00 -2.442435143024113e-10 -9.745592041698892e-10  3.776636944212264e-03  1.993642370032409e-02 
 1.258925411794333e+08  1.000000000000000e+00  0.000000000000000e+00 -2.398570231321173e-10 -9.593337270408231e-10  3.680207136745661e-03  1.962550312578729e-02 
 1.273503081016829e+08  1.000000000000000e+00  0.000000000000000e+00 -2.353746086924957e-10 -9.449130679295425e-10  3.584142539448276e-03  1.931945457686039e-02 
 1.288249551693303e+08  1.000000000000000e+00  0.000000000000000e+00 -2.311744129457338e-10 -9.295748407134319e-10  3.488462600164777e-03  1.901821895177761e-02 
 1.303166778452471e+08  1.000000000000000e+00  0.000000000000000e+00 -2.268663035209784e-10 -9.152060567729770e-10  3.393186239923907e-03  1.872173745372287e-02 
 1.318256738556581e+08  1.000000000000000e+00  0.000000000000000e+00 -2.231481666115087e-10 -9.012210179515368e-10  3.298331854849623e-03  1.842995160452651e-02 
 1.333521432163500e+08  1.000000000000000e+00  0.000000000000000e+00 -2.182940495032426e-10 -8.875291543364305e-10  3.203917300576009e-03  1.814280326473978e-02 
 1.348962882591831e+08  1.000000000000000e+00  0.000000000000000e+00 -2.141118393694796e-10 -8.739382793832018e-10  3.109959896387737e-03  1.786023464974702e-02 
 1.364583136589105e+08  1.000000000000000e+00  0.000000000000000e+00 -2.105848828648504e-10 -8.604584544880112e-10  3.016476412328606e-03  1.758218835386034e-02 
 1.380384264603067e+08  1.000000000000000e+00  0.000000000000000e+00 -2.065752013891142e-10 -8.468815058948476e-10  2.923483082334810e-03  1.730860736722933e-02 
 1.396368361056122e+08  1.000000000000000e+00  0.000000000000000e+00 -2.018514244639391e-10 -8.346285954030641e-10  2.830995603224640e-03  1.703943509382970e-02 
 1.412537544622941e+08  1.000000000000000e+00  0.000000000000000e+00 -1.979556518705294e-10 -8.211137741964691e-10  2.739029139384730e-03  1.677461537456838e-02 
 1.428893958511291e+08  1.000000000000000e+00  0.000000000000000e+00 -1.942945804245255e-10 -8.097223794245600e-10  2.647598335868917e-03  1.651409250170691e-02 
 1.445439770746118e+08  1.000000000000000e+00  0.000000000000000e+00 -1.894926437984168e-10 -7.962138309780542e-10  2.556717332202307e-03  1.625781123449695e-02 
 1.462177174456911e+08  1.000000000000000e+00  0.000000000000000e+00 -1.861648613044053e-10 -7.841284670184745e-10  2.466399772248273e-03  1.600571681898166e-02 
 1.479108388168403e+08  1.000000000000000e+00  0.000000000000000e+00 -1.819135952985107e-10 -7.718732007722107e-10  2.376658828515898e-03  1.575775499365693e-02 
 1.496235656094631e+08  1.000000000000000e+00  0.000000000000000e+00 -1.779965064230282e-10 -7.611505401655672e-10  2.287507212396900e-03  1.551387200625831e-02 
 1.513561248436408e+08  1.000000000000000e+00  0.000000000000000e+00 -1.748712286087084e-10 -7.488248059822622e-10  2.198957194736506e-03  1.527401461676589e-02 
 1.531087461682233e+08  1.000000000000000e+00  0.000000000000000e+00 -1.716637942905663e-10 -7.374324068054605e-10  2.111020628957405e-03  1.503813010735210e-02 
 1.548816618912686e+08  1.000000000000000e+00  0.000000000000000e+00 -1.670996674363323e-10 -7.257728949078279e-10  2.023708974882688e-03  1.480616628258473e-02 
 1.566751070108357e+08  1.000000000000000e+00  0.000000000000000e+00 -1.634796742422395e-10 -7.149145164753179e-10  1.937033309432845e-03  1.457807147185458e-02 
 1.584893192461324e+08  1.000000000000000e+00  0.000000000000000e+00 -1.608424504695449e-10 -7.041659078749207e-10  1.851004359594732e-03  1.435379452689190e-02 
 1.603245390690254e+08  1.000000000000000e+00  0.000000000000000e+00 -1.569480101437648e-10 -6.928670987643715e-10  1.765632512924498e-03  1.413328481628714e-02 
 1.621810097359145e+08  1.000000000000000e+00  0.000000000000000e+00 -1.538829064173797e-10 -6.820802742057985e-10  1.680927841389401e-03  1.391649222062793e-02 
 1.640589773199757e+08  1.000000000000000e+00  0.000000000000000e+00 -1.504121271977965e-10 -6.720047070890578e-10  1.596900118798095e-03  1.370336712466807e-02 
 1.659586907437781e+08  1.000000000000000e+00  0.000000000000000e+00 -1.469215860083750e-10 -6.620475678092985e-10  1.513558839196794e-03  1.349386040161289e-02 
 1.678804018122783e+08  1.000000000000000e+00  0.000000000000000e+00 -1.432503005105445e-10 -6.511912294115962e-10  1.430913229921726e-03  1.328792340799648e-02 
 1.698243652461970e+08  1.000000000000000e+00  0.000000000000000e+00 -1.402957749974121e-10 -6.411726323485301e-10  1.348972262668502e-03  1.308550796505257e-02 
 1.717908387157817e+08  1.000000000000000e+00  0.000000000000000e+00 -1.369353519464767e-10 -6.311526804664291e-10  1.267744672014404e-03  1.288656634879290e-02 
 1.737800828749607e+08  1.000000000000000e+00  0.000000000000000e+00 -1.336308841359823e-10 -6.217311006306847e-10  1.187238956716685e-03  1.269105126645667e-02 
 1.757923613958926e+08  1.000000000000000e+00  0.000000000000000e+00 -1.300048957375566e-10 -6.121930445218693e-10  1.107463394157682e-03  1.249891585318059e-02 
 1.778279410039160e+08  1.000000000000000e+00  0.000000000000000e+00 -1.271653893297753e-10 -6.023732745247257e-10  1.028426037706920e-03  1.231011364527027e-02 
 1.798870915129028e+08  1.000000000000000e+00  0.000000000000000e+00 -1.239102154215743e-10 -5.935151953240236e-10  9.501347310565400e-04  1.212459856944539e-02 
 1.819700858610226e+08  1.000000000000000e+00  0.000000000000000e+00 -1.207727251539836e-10 -5.839436816035271e-10  8.725970958844975e-04  1.194232492732264e-02 
 1.840772001469201e+08  1.000000000000000e+00  0.000000000000000e+00 -1.172772989832538e-10 -5.745686860320065e-10  7.958205442901711e-04  1.176324737780882e-02 
 1.862087136663116e+08  1.000000000000000e+00  0.000000000000000e+00 -1.140445515801503e-10 -5.666639935064666e-10  7.198122680724950e-04  1.158732092838306e-02 
 1.883649089490052e+08  1.000000000000000e+00  0.000000000000000e+00 -1.109921043962458e-10 -5.574670620955846e-10  6.445792384877080e-04  1.141450091370639e-02 
 1.905460717963502e+08  1.000000000000000e+00  0.000000000000000e+00 -1.076216893380888e-10 -5.484014995588149e-10  5.701282013497178e-04  1.124474299508067e-02 
 1.927524913191193e+08  1.000000000000000e+00  0.000000000000000e+00 -1.048263698066876e-10 -5.401843052726951e-10  4.964656690633618e-04  1.107800313845489e-02 
 1.949844599758306e+08  1.000000000000000e+00  0.000000000000000e+00 -1.018065631797072e-10 -5.314293449742991e-10  4.235979154105785e-04  1.091423761204034e-02 
 1.972422736115117e+08  1.000000000000000e+00  0.000000000000000e+00 -9.879341789087448e-11 -5.228674663376731e-10  3.515309661885624e-04  1.075340297846014e-02 
 1.995262314969147e+08  1.000000000000000e+00  0.000000000000000e+00 -9.574963044656215e-11 -5.152347055947804e-10  2.802705919671133e-04  1.059545608366733e-02 
 2.018366363681831e+08  1.000000000000000e+00  0.000000000000000e+00 -9.276024393045645e-11 -5.074525227105608e-10  2.098222993529575e-04  1.044035405697665e-02 
 2.041737944669803e+08  1.000000000000000e+00  0.000000000000000e+00 -8.980638455113876e-11 -4.988350704726585e-10  1.401913197716098e-04  1.028805430585749e-02 
 2.065380155810806e+08  1.000000000000000e+00  0.000000000000000e+00 -8.684630792288317e-11 -4.913597324157637e-10  7.138260251027262e-05  1.013851451345632e-02 
 2.089296130854320e+08  1.000000000000000e+00  0.000000000000000e+00 -8.390776962130531e-11 -4.838586736138906e-10  3.400805764997017e-06  9.991692639720363e-03 
 2.113489039836930e+08  1.000000000000000e+00  0.000000000000000e+00 -8.076284085944962e-11 -4.760426514788252e-10 -6.374971313460875e-05  9.847546920146933e-03 
 2.137962089502519e+08  1.000000000000000e+00  0.000000000000000e+00 -7.810541102770685e-11 -4.688521185874928e-10 -1.300649038602497e-04  9.706035869938647e-03 
 2.162718523727311e+08  1.000000000000000e+00  0.000000000000000e+00 -7.501221865879870e-11 -4.612029404216234e-10 -1.955410356477838e-04  9.567118285504267e-03 
 2.187761623949846e+08  1.000000000000000e+00  0.000000000000000e+00 -7.238809551779468e-11 -4.541675559938119e-10 -2.601746957217044e-04  9.430753249670628e-03 
 2.213094709605935e+08  1.000000000000000e+00  0.000000000000000e+00 -6.956724085682708e-11 -4.468470177210193e-10 -3.239628045044185e-04  9.296900137269543e-03 
 2.238721138568640e+08  1.000000000000000e+00  0.000000000000000e+00 -6.653255724131668e-11 -4.399223728357438e-10 -3.869026156904098e-04  9.165518620199131e-03 
 2.264644307593364e+08  1.000000000000000e+00  0.000000000000000e+00 -6.396183582779713e-11 -4.336755451278540e-10 -4.489917214818284e-04  9.036568674629163e-03 
 2.290867652768081e+08  1.000000000000000e+00  0.000000000000000e+00 -6.098854754554850e-11 -4.270080105478469e-10 -5.102280575937090e-04  8.910010589363498e-03 
 2.317394649968790e+08  1.000000000000000e+00  0.000000000000000e+00 -5.843669992344758e-11 -4.201217290722425e-10 -5.706099046203228e-04  8.785804971333303e-03 
 2.344228815320238e+08  1.000000000000000e+00  0.000000000000000e+00 -5.553180137951585e-11 -4.135069092692234e-10 -6.301358910325572e-04  8.663912758755023e-03 
 2.371373705661975e+08  1.000000000000000e+00  0.000000000000000e+00 -5.301337147045615e-11 -4.069306627774161e-10 -6.888049931296214e-04  8.544295222413404e-03 
 2.398832919019814e+08  1.000000000000000e+00  0.000000000000000e+00 -5.033318206670856e-11 -4.005568828013839e-10 -7.466165343545939e-04  8.426913981961567e-03 
 2.426610095082743e+08  1.000000000000000e+00  0.000000000000000e+00 -4.768996308968099e-11 -3.947452573149768e-10 -8.035701844864018e-04  8.311731009118559e-03 
 2.454708915685362e+08  1.000000000000000e+00  0.000000000000000e+00 -4.505884554362183e-11 -3.887798468577008e-10 -8.596659586304067e-04  8.198708639945776e-03 
 2.483133105295905e+08  1.000000000000000e+00  0.000000000000000e+00 -4.261846431319327e-11 -3.825152954800570e-10 -9.149042136729069e-04  8.087809582536572e-03 
 2.511886431509919e+08  1.000000000000000e+00  0.000000000000000e+00 -3.986522223442535e-11 -3.767653238007096e-10 -9.692856438111574e-04  7.978996925436353e-03 
 2.540972705549648e+08  1.000000000000000e+00  0.000000000000000e+00 -3.746114529690203e-11 -3.708608611180386e-10 -1.022811276184754e-03  7.872234145493585e-03 
 2.570395782769211e+08  1.000000000000000e+00  0.000000000000000e+00 -3.477740317947564e-11 -3.653587597393648e-10 -1.075482466665445e-03  7.767485117672902e-03 
 2.600159563165624e+08  1.000000000000000e+00  0.000000000000000e+00 -3.238431744989612e-11 -3.594404583001642e-10 -1.127300893517758e-03  7.664714122236974e-03 
 2.630267991895738e+08  1.000000000000000e+00  0.000000000000000e+00 -2.977429414130484e-11 -3.542947367776716e-10 -1.178268549415273e-03  7.563885851114361e-03 
 2.660725059799170e+08  1.000000000000000e+00  0.000000000000000e+00 -2.727895687115733e-11 -3.484343820414626e-10 -1.228387733865910e-03  7.464965414731730e-03 
 2.691534803927280e+08  1.000000000000000e+00  0.000000000000000e+00 -2.501632234697126e-11 -3.434251077960582e-10 -1.277661049892354e-03  7.367918351552732e-03 
 2.722701308078281e+08  1.000000000000000e+00  0.000000000000000e+00 -2.247335650906734e-11 -3.383423636746374e-10 -1.326091388489603e-03  7.272710629353288e-03 
 2.754228703338540e+08  1.000000000000000e+00  0.000000000000000e+00 -2.008870847447497e-11 -3.332074399384211e-10 -1.373681926787551e-03  7.179308654844101e-03 
 2.786121168630148e+08  1.000000000000000e+00  0.000000000000000e+00 -1.763400536702875e-11 -3.285711303729899e-10 -1.420436112891776e-03  7.087679276432655e-03 
 2.818382931264836e+08  1.000000000000000e+00  0.000000000000000e+00 -1.552113992886461e-11 -3.232860897386947e-10 -1.466357661961903e-03  6.997789789525531e-03 
 2.851018267504296e+08  1.000000000000000e+00  0.000000000000000e+00 -1.294542251173425e-11 -3.182895830580734e-10 -1.511450542749149e-03  6.909607939391813e-03 
 2.884031503126997e+08  1.000000000000000e+00  0.000000000000000e+00 -1.079669686987472e-11 -3.136435434286655e-10 -1.555718967614195e-03  6.823101925798537e-03 
 2.917427014001563e+08  1.000000000000000e+00  0.000000000000000e+00 -8.453571176403329e-12 -3.090444480186028e-10 -1.599167384553679e-03  6.738240404690082e-03 
 2.951209226666787e+08  1.000000000000000e+00  0.000000000000000e+00 -6.231237748011154e-12 -3.044187046538638e-10 -1.641800465146726e-03  6.654992490922388e-03 
 2.985382618918365e+08  1.000000000000000e+00  0.000000000000000e+00 -4.141131881851834e-12 -3.001182071957209e-10 -1.683623094106856e-03  6.573327759016572e-03 
 3.019951720402427e+08  1.000000000000000e+00  0.000000000000000e+00 -2.066902204944654e-12 -2.955057127815297e-10 -1.724640359898721e-03  6.493216245941713e-03 
 3.054921113215929e+08  1.000000000000000e+00  0.000000000000000e+00  2.225997164373439e-13 -2.910103781214590e-10 -1.764857542721154e-03  6.414628450100214e-03 
 3.090295432514011e+08  1.000000000000000e+00  0.000000000000000e+00  2.339461957490130e-12 -2.866238800122711e-10 -1.804280104467648e-03  6.337535332264900e-03 
 3.126079367124381e+08  1.000000000000000e+00  0.000000000000000e+00  4.417133325773648e-12 -2.826484463147594e-10 -1.842913680031533e-03  6.261908313662998e-03 
 3.162277660168810e+08  1.000000000000000e+00  0.000000000000000e+00  6.414313524771842e-12 -2.782953407651223e-10 -1.880764063230123e-03  6.187719277602163e-03 
 3.198895109691834e+08  1.000000000000000e+00  0.000000000000000e+00  8.598566303419375e-12 -2.745351437502541e-10 -1.917837199876260e-03  6.114940565944478e-03 
 3.235936569296724e+08  1.000000000000000e+00  0.000000000000000e+00  1.052058440365045e-11 -2.705390069954183e-10 -1.954139175197600e-03  6.043544977287815e-03 
 3.273406948788829e+08  1.000000000000000e+00  0.000000000000000e+00  1.249200742847734e-11 -2.667122130789457e-10 -1.989676205394586e-03  5.973505766509380e-03 
 3.311311214826363e+08  1.000000000000000e+00  0.000000000000000e+00  1.456690323919929e-11 -2.627467366941860e-10 -2.024454627253425e-03  5.904796639112345e-03 
 3.349654391578735e+08  1.000000000000000e+00  0.000000000000000e+00  1.639444136003476e-11 -2.589140507894272e-10 -2.058480887083491e-03  5.837391750949238e-03 
 3.388441561392489e+08  1.000000000000000e+00  0.000000000000000e+00  1.838751373384184e-11 -2.552135074454509e-10 -2.091761534444903e-03  5.771265702778824e-03 
 3.427677865464973e+08  1.000000000000000e+00  0.000000000000000e+00  2.022881862018266e-11 -2.517122283177131e-10 -2.124303208082878e-03  5.706393537800791e-03 
 3.467368504525791e+08  1.000000000000000e+00  0.000000000000000e+00  2.217093175715945e-11 -2.481339560905793e-10 -2.156112632215490e-03  5.642750735862341e-03 
 3.507518739526161e+08  1.000000000000000e+00  0.000000000000000e+00  2.386579822655222e-11 -2.446157261123960e-10 -2.187196603532615e-03  5.580313210880721e-03 
 3.548133892336241e+08  1.000000000000000e+00  0.000000000000000e+00  2.575228918999528e-11 -2.412489808617524e-10 -2.217561984736105e-03  5.519057304130472e-03 
 3.589219346450545e+08  1.000000000000000e+00  0.000000000000000e+00  2.751521233079757e-11 -2.379564887147745e-10 -2.247215695719174e-03  5.458959780469216e-03 
 3.630780547701512e+08  1.000000000000000e+00  0.000000000000000e+00  2.919653407928990e-11 -2.347695891857793e-10 -2.276164705851125e-03  5.399997822577581e-03 
 3.672823004981351e+08  1.000000000000000e+00  0.000000000000000e+00  3.104594359371049e-11 -2.313486251528940e-10 -2.304416025671774e-03  5.342149025907574e-03 
 3.715352290972236e+08  1.000000000000000e+00  0.000000000000000e+00  3.279998495031577e-11 -2.280320854017304e-10 -2.331976700082117e-03  5.285391391023381e-03 
 3.758374042884958e+08  1.000000000000000e+00  0.000000000000000e+00  3.446454233113627e-11 -2.250289165076080e-10 -2.358853800842109e-03  5.229703320751422e-03 
 3.801893963206135e+08  1.000000000000000e+00  0.000000000000000e+00  3.608091603268804e-11 -2.222229292941913e-10 -2.385054420139254e-03  5.175063610690073e-03 
 3.845917820454065e+08  1.000000000000000e+00  0.000000000000000e+00  3.778299895174086e-11 -2.191645970608946e-10 -2.410585663488396e-03  5.121451445596829e-03 
 3.890451449943342e+08  1.000000000000000e+00  0.000000000000000e+00  3.940703319216254e-11 -2.160564878048166e-10 -2.435454643949564e-03  5.068846391321184e-03 
 3.935500754558317e+08  1.000000000000000e+00  0.000000000000000e+00  4.101374795340007e-11 -2.131136378480392e-10 -2.459668475648824e-03  5.017228388381107e-03 
 3.981071705535522e+08  1.000000000000000e+00  0.000000000000000e+00  4.264877340176554e-11 -2.100544512634306e-10 -2.483234269330614e-03  4.966577746417083e-03 
 4.027170343255147e+08  1.000000000000000e+00  0.000000000000000e+00  4.412903376049826e-11 -2.073335088684236e-10 -2.506159125916341e-03  4.916875135663372e-03 
 4.073802778041690e+08  1.000000000000000e+00  0.000000000000000e+00  4.563205369123580e-11 -2.046982002304465e-10 -2.528450131501492e-03  4.868101581095191e-03 
 4.120975190973871e+08  1.000000000000000e+00  0.000000000000000e+00  4.725742019928703e-11 -2.019193640415140e-10 -2.550114353258914e-03  4.820238455858730e-03 
 4.168693834703930e+08  1.000000000000000e+00  0.000000000000000e+00  4.869127323559042e-11 -1.994386504902690e-10 -2.571158834721476e-03  4.773267473006961e-03 
 4.216965034286405e+08  1.000000000000000e+00  0.000000000000000e+00  5.023459426212185e-11 -1.967994456633648e-10 -2.591590591846549e-03  4.727170679033364e-03 
 4.265795188016517e+08  1.000000000000000e+00  0.000000000000000e+00  5.165423644371003e-11 -1.943320443800745e-10 -2.611416608541473e-03  4.681930447994609e-03 
 4.315190768278250e+08  1.000000000000000e+00  0.000000000000000e+00  5.299183314377842e-11 -1.918988388333043e-10 -2.630643833487878e-03  4.637529472283369e-03 
 4.365158322402264e+08  1.000000000000000e+00  0.000000000000000e+00  5.440159434044745e-11 -1.893879029296608e-10 -2.649279177411978e-03  4.593950756678557e-03 
 4.415704473533736e+08  1.000000000000000e+00  0.000000000000000e+00  5.598410623974814e-11 -1.866910038020309e-10 -2.667329509253413e-03  4.551177611656011e-03 
 4.466835921510250e+08  1.000000000000000e+00  0.000000000000000e+00  5.725386831301194e-11 -1.845619273729837e-10 -2.684801653532576e-03  4.509193645898964e-03 
 4.518559443749850e+08  1.000000000000000e+00  0.000000000000000e+00  5.852973661291117e-11 -1.823556444735530e-10 -2.701702388863136e-03  4.467982759033472e-03 
 4.570881896149384e+08  1.000000000000000e+00  0.000000000000000e+00  5.976352746017710e-11 -1.801721298197445e-10 -2.718038443975002e-03  4.427529134874181e-03 
 4.623810213993244e+08  1.000000000000000e+00  0.000000000000000e+00  6.122025109078777e-11 -1.777909520994658e-10 -2.733816497586306e-03  4.387817233962083e-03 
 4.677351412872631e+08  1.000000000000000e+00  0.000000000000000e+00  6.247946604531762e-11 -1.755605452680165e-10 -2.749043176047516e-03  4.348831788411453e-03 
 4.731512589615462e+08  1.000000000000000e+00  0.000000000000000e+00  6.377187666828377e-11 -1.734966987784747e-10 -2.763725050901278e-03  4.310557793384398e-03 
 4.786300923227049e+08  1.000000000000000e+00  0.000000000000000e+00  6.488987125408130e-11 -1.716517639832604e-10 -2.777868639504799e-03  4.272980500651853e-03 
 4.841723675841666e+08  1.000000000000000e+00  0.000000000000000e+00  6.624023551893288e-11 -1.694116158121317e-10 -2.791480402615898e-03  4.236085412858855e-03 
 4.897788193685143e+08  1.000000000000000e+00  0.000000000000000e+00  6.753664294478767e-11 -1.672619412765308e-10 -2.804566743991321e-03  4.199858276525106e-03 
 4.954501908048592e+08  1.000000000000000e+00  0.000000000000000e+00  6.853850820220941e-11 -1.654962972219565e-10 -2.817134010393407e-03  4.164285074476621e-03 
 5.011872336273420e+08  1.000000000000000e+00  0.000000000000000e+00  6.973555066736026e-11 -1.637694051551120e-10 -2.829188490540702e-03  4.129352021255474e-03 
 5.069907082747750e+08  1.000000000000000e+00  0.000000000000000e+00  7.090938947129644e-11 -1.618460305011227e-10 -2.840736415157030e-03  4.095045557509371e-03 
 5.128613839914363e+08  1.000000000000000e+00  0.000000000000000e+00  7.195111173530222e-11 -1.601903063322418e-10 -2.851783957789622e-03  4.061352340241372e-03 
 5.188000389290334e+08  1.000000000000000e+00  0.000000000000000e+00  7.318379235954353e-11 -1.582103085692732e-10 -2.862337233826118e-03  4.028259241583365e-03 
 5.248074602498457e+08  1.000000000000000e+00  0.000000000000000e+00  7.424372228115317e-11 -1.565131713468504e-10 -2.872402301718480e-03  3.995753339382823e-03 
 5.308844442310624e+08  1.000000000000000e+00  0.000000000000000e+00  7.529510348547319e-11 -1.547917237096352e-10 -2.881985163759815e-03  3.963821913064051e-03 
 5.370317963703276e+08  1.000000000000000e+00  0.000000000000000e+00  7.641132171443132e-11 -1.530213993711227e-10 -2.891091766021203e-03  3.932452439067751e-03 
 5.432503314925090e+08  1.000000000000000e+00  0.000000000000000e+00  7.739930918404525e-11 -1.515980388097637e-10 -2.899728000207658e-03  3.901632582695031e-03 
 5.495408738577013e+08  1.000000000000000e+00  0.000000000000000e+00  7.832967607868113e-11 -1.501308613018060e-10 -2.907899704176931e-03  3.871350196371933e-03 
 5.559042572704812e+08  1.000000000000000e+00  0.000000000000000e+00  7.940004209672225e-11 -1.484169410634339e-10 -2.915612663456746e-03  3.841593311715503e-03 
 5.623413251904277e+08  1.000000000000000e+00  0.000000000000000e+00  8.044098720461079e-11 -1.468385812247730e-10 -2.922872612700744e-03  3.812350135467984e-03 
 5.688529308439209e+08  1.000000000000000e+00  0.000000000000000e+00  8.137457374601809e-11 -1.452749023508892e-10 -2.929685236457757e-03  3.783609046682109e-03 
 5.754399373372374e+08  1.000000000000000e+00  0.000000000000000e+00  8.228617787153780e-11 -1.439841245363949e-10 -2.936056171812806e-03  3.755358589139180e-03 
 5.821032177709528e+08  1.000000000000000e+00  0.000000000000000e+00  8.322909028635195e-11 -1.425238746466384e-10 -2.941991009421274e-03  3.727587469080701e-03 
 5.888436553556714e+08  1.000000000000000e+00  0.000000000000000e+00  8.417821995010399e-11 -1.409767498052050e-10 -2.947495295781088e-03  3.700284550443036e-03 
 5.956621435290939e+08  1.000000000000000e+00  0.000000000000000e+00  8.512912597069544e-11 -1.397268412084429e-10 -2.952574534606622e-03  3.673438850210455e-03 
 6.025595860744421e+08  1.000000000000000e+00  0.000000000000000e+00  8.579958965526657e-11 -1.385905604688042e-10 -2.957234189475466e-03  3.647039536395484e-03 
 6.095368972402545e+08  1.000000000000000e+00  0.000000000000000e+00  8.678935348171990e-11 -1.372479074834843e-10 -2.961479685220425e-03  3.621075921858979e-03 
 6.165950018615686e+08  1.000000000000000e+00  0.000000000000000e+00  8.753708868880494e-11 -1.360592034004016e-10 -2.965316411121410e-03  3.595537462836677e-03 
 6.237348354825066e+08  1.000000000000000e+00  0.000000000000000e+00  8.840816967392584e-11 -1.348401412228084e-10 -2.968749721875552e-03  3.570413755217396e-03 
 6.309573444802817e+08  1.000000000000000e+00  0.000000000000000e+00  8.923539684957404e-11 -1.336410097169116e-10 -2.971784940913658e-03  3.545694530639735e-03 
 6.382634861906382e+08  1.000000000000000e+00  0.000000000000000e+00  9.001543954667568e-11 -1.324710870512225e-10 -2.974427362068877e-03  3.521369654697404e-03 
 6.456542290347461e+08  1.000000000000000e+00  0.000000000000000e+00  9.077771867538331e-11 -1.313464081421911e-10 -2.976682252286533e-03  3.497429123482208e-03 
 6.531305526475639e+08  1.000000000000000e+00  0.000000000000000e+00  9.146050583552778e-11 -1.303790760250056e-10 -2.978554853982240e-03  3.473863061526567e-03 
 6.606934480076886e+08  1.000000000000000e+00  0.000000000000000e+00  9.222111962969848e-11 -1.293295331938893e-10 -2.980050387215605e-03  3.450661718797847e-03 
 6.683439175687084e+08  1.000000000000000e+00  0.000000000000000e+00  9.287060009910419e-11 -1.283465261153749e-10 -2.981174052643087e-03  3.427815469540918e-03 
 6.760829753920767e+08  1.000000000000000e+00  0.000000000000000e+00  9.355827224055702e-11 -1.272932857211695e-10 -2.981931033332774e-03  3.405314809257555e-03 
 6.839116472815254e+08  1.000000000000000e+00  0.000000000000000e+00  9.427802982742151e-11 -1.263237773933834e-10 -2.982326497489085e-03  3.383150353671550e-03 
 6.918309709190336e+08  1.000000000000000e+00  0.000000000000000e+00  9.489331542766877e-11 -1.254427416975956e-10 -2.982365600980863e-03  3.361312837041276e-03 
 6.998419960023718e+08  1.000000000000000e+00  0.000000000000000e+00  9.551959223585982e-11 -1.245589209032671e-10 -2.982053489461567e-03  3.339793110406991e-03 
 7.079457843842374e+08  1.000000000000000e+00  0.000000000000000e+00  9.619316454489990e-11 -1.235883296743512e-10 -2.981395301245859e-03  3.318582140460027e-03 
 7.161434102130027e+08  1.000000000000000e+00  0.000000000000000e+00  9.670519940385702e-11 -1.228620876911335e-10 -2.980396168737576e-03  3.297671008785866e-03 
 7.244359600750920e+08  1.000000000000000e+00  0.000000000000000e+00  9.727940675219315e-11 -1.219954874967510e-10 -2.979061221838553e-03  3.277050910542598e-03 
 7.328245331390072e+08  1.000000000000000e+00  0.000000000000000e+00  9.789002941573699e-11 -1.211763194126914e-10 -2.977395589253362e-03  3.256713154199639e-03 
 7.413102413010219e+08  1.000000000000000e+00  0.000000000000000e+00  9.842171522222998e-11 -1.204322878402275e-10 -2.975404401418080e-03  3.236649160231557e-03 
 7.498942093325615e+08  1.000000000000000e+00  0.000000000000000e+00  9.887268781483272e-11 -1.197096228568173e-10 -2.973092791864973e-03  3.216850461897919e-03 
 7.585775750292907e+08  1.000000000000000e+00  0.000000000000000e+00  9.932898947795366e-11 -1.190222048523537e-10 -2.970465899734265e-03  3.197308704061527e-03 
 7.673614893619272e+08  1.000000000000000e+00  0.000000000000000e+00  9.978406989574751e-11 -1.183911909480306e-10 -2.967528872112490e-03  3.178015643133763e-03 
 7.762471166288012e+08  1.000000000000000e+00  0.000000000000000e+00  1.002794514093353e-10 -1.176930952868915e-10 -2.964286864839849e-03  3.158963147724260e-03 
 7.852356346101826e+08  1.000000000000000e+00  0.000000000000000e+00  1.007693928301023e-10 -1.169781589302477e-10 -2.960745045302859e-03  3.140143198561758e-03 
 7.943282347243937e+08  1.000000000000000e+00  0.000000000000000e+00  1.011284389562661e-10 -1.164808293221964e-10 -2.956908593469976e-03  3.121547888618981e-03 
 8.035261221857308e+08  1.000000000000000e+00  0.000000000000000e+00  1.014497374995926e-10 -1.159328748452648e-10 -2.952782703915302e-03  3.103169424030862e-03 
 8.128305161642141e+08  1.000000000000000e+00  0.000000000000000e+00  1.018897188842516e-10 -1.152836302982518e-10 -2.948372587068926e-03  3.085000124120388e-03 
 8.222426499471874e+08  1.000000000000000e+00  0.000000000000000e+00  1.022387730031937e-10 -1.146825035110155e-10 -2.943683470332470e-03  3.067032422949007e-03 
 8.317637711027887e+08  1.000000000000000e+00  0.000000000000000e+00  1.025677320853902e-10 -1.141883579879044e-10 -2.938720599719669e-03  3.049258869386976e-03 
 8.413951416453142e+08  1.000000000000000e+00  0.000000000000000e+00  1.028838125805009e-10 -1.137086618439864e-10 -2.933489240669163e-03  3.031672128449482e-03 
 8.511380382024970e+08  1.000000000000000e+00  0.000000000000000e+00  1.031696950093419e-10 -1.132296448443093e-10 -2.927994679163937e-03  3.014264982144355e-03 
 8.609937521847227e+08  1.000000000000000e+00  0.000000000000000e+00  1.034314855985485e-10 -1.127493580270478e-10 -2.922242222226701e-03  2.997030331001039e-03 
 8.709635899562042e+08  1.000000000000000e+00  0.000000000000000e+00  1.037271379900062e-10 -1.122564714794994e-10 -2.916237199068306e-03  2.979961194646512e-03 
 8.810488730081391e+08  1.000000000000000e+00  0.000000000000000e+00  1.039049957185512e-10 -1.118449100695473e-10 -2.909984961178225e-03  2.963050713516010e-03 
 8.912509381338720e+08  1.000000000000000e+00  0.000000000000000e+00  1.041093877773847e-10 -1.114321039955013e-10 -2.903490882991355e-03  2.946292150391651e-03 
 9.015711376060849e+08  1.000000000000000e+00  0.000000000000000e+00  1.043418684787412e-10 -1.110315641511539e-10 -2.896760361843942e-03  2.929678891270700e-03 
 9.120108393560393e+08  1.000000000000000e+00  0.000000000000000e+00  1.044826447582636e-10 -1.107142910336534e-10 -2.889798818087375e-03  2.913204447224851e-03 
 9.225714271548942e+08  1.000000000000000e+00  0.000000000000000e+00  1.046049913355773e-10 -1.103223823059607e-10 -2.882611695511961e-03  2.896862455654548e-03 
 9.332543007971237e+08  1.000000000000000e+00  0.000000000000000e+00  1.047643083396110e-10 -1.099670389470564e-10 -2.875204460239811e-03  2.880646681940497e-03 
 9.440608762860576e+08  1.000000000000000e+00  0.000000000000000e+00  1.048190423347251e-10 -1.096454971087624e-10 -2.867582600951657e-03  2.864551021087317e-03 
 9.549925860215718e+08  1.000000000000000e+00  0.000000000000000e+00  1.049011988385473e-10 -1.093532191881463e-10 -2.859751627964036e-03  2.848569499189225e-03 
 9.660508789899508e+08  1.000000000000000e+00  0.000000000000000e+00  1.049186293400339e-10 -1.090413133050805e-10 -2.851717072785975e-03  2.832696274651101e-03 
 9.772372209559498e+08  1.000000000000000e+00  0.000000000000000e+00  1.050367570698540e-10 -1.086811560885304e-10 -2.843484487094150e-03  2.816925640358840e-03 
 9.885530946570796e+08  1.000000000000000e+00  0.000000000000000e+00  1.050356468468294e-10 -1.085033074672836e-10 -2.835059441481214e-03  2.801252024713380e-03 
 1.000000000000142e+09  1.000000000000000e+00  0.000000000000000e+00  1.050280973302620e-10 -1.081953736672969e-10 -2.826447524717057e-03  2.785669993383278e-03 
