 frequency              vin_cm_real            vin_cm_imag            vout_diff_real         vout_diff_imag         vout_cm_real           vout_cm_imag          
 1.000000000000000e-02  1.000000000000000e+00  0.000000000000000e+00  6.704317336415288e-09 -2.271264717758500e-13  5.089379671716167e-12 -8.037050231998714e-17 
 1.011579454259899e-02  1.000000000000000e+00  0.000000000000000e+00  6.704370656207507e-09 -2.297582474606869e-13  5.089379671686596e-12 -8.130114887492554e-17 
 1.023292992280754e-02  1.000000000000000e+00  0.000000000000000e+00  6.704374038960334e-09 -2.324188274591119e-13  5.089379671655783e-12 -8.224257180906933e-17 
 1.035142166679344e-02  1.000000000000000e+00  0.000000000000000e+00  6.704303284123121e-09 -2.351077112994035e-13  5.089379671624144e-12 -8.319489590704921e-17 
 1.047128548050900e-02  1.000000000000000e+00  0.000000000000000e+00  6.704322374747968e-09 -2.378307919964590e-13  5.089379671591056e-12 -8.415824739827253e-17 
 1.059253725177289e-02  1.000000000000000e+00  0.000000000000000e+00  6.704340611777608e-09 -2.405853832809050e-13  5.089379671557762e-12 -8.513275397405105e-17 
 1.071519305237607e-02  1.000000000000000e+00  0.000000000000000e+00  6.704320411294781e-09 -2.433705074100140e-13  5.089379671523848e-12 -8.611854480411023e-17 
 1.083926914021204e-02  1.000000000000000e+00  0.000000000000000e+00  6.704340766344883e-09 -2.461893327185669e-13  5.089379671487866e-12 -8.711575055394414e-17 
 1.096478196143186e-02  1.000000000000000e+00  0.000000000000000e+00  6.704320409739026e-09 -2.490393383673470e-13  5.089379671450849e-12 -8.812450340217044e-17 
 1.109174815262402e-02  1.000000000000000e+00  0.000000000000000e+00  6.704341723286239e-09 -2.519238538123600e-13  5.089379671415074e-12 -8.914493705777168e-17 
 1.122018454301964e-02  1.000000000000000e+00  0.000000000000000e+00  6.704329012883239e-09 -2.548405277293139e-13  5.089379671378678e-12 -9.017718677832118e-17 
 1.135010815672316e-02  1.000000000000000e+00  0.000000000000000e+00  6.704329013560517e-09 -2.577914411123680e-13  5.089379671342489e-12 -9.122138938723699e-17 
 1.148153621496884e-02  1.000000000000000e+00  0.000000000000000e+00  6.704307312769872e-09 -2.607757012802480e-13  5.089379671301957e-12 -9.227768329241158e-17 
 1.161448613840344e-02  1.000000000000000e+00  0.000000000000000e+00  6.704326427702068e-09 -2.637960764319192e-13  5.089379671259150e-12 -9.334620850438729e-17 
 1.174897554939531e-02  1.000000000000000e+00  0.000000000000000e+00  6.704325473643760e-09 -2.668506560133372e-13  5.089379671216964e-12 -9.442710665536462e-17 
 1.188502227437020e-02  1.000000000000000e+00  0.000000000000000e+00  6.704307724779230e-09 -2.699399450770789e-13  5.089379671176225e-12 -9.552052101699901e-17 
 1.202264434617414e-02  1.000000000000000e+00  0.000000000000000e+00  6.704294551048136e-09 -2.730651836188918e-13  5.089379671132385e-12 -9.662659652009076e-17 
 1.216186000646370e-02  1.000000000000000e+00  0.000000000000000e+00  6.704289437303073e-09 -2.762269283336500e-13  5.089379671088130e-12 -9.774547977390900e-17 
 1.230268770812383e-02  1.000000000000000e+00  0.000000000000000e+00  6.704272256648405e-09 -2.794247863348806e-13  5.089379671043463e-12 -9.887731908516218e-17 
 1.244514611771387e-02  1.000000000000000e+00  0.000000000000000e+00  6.704290390812113e-09 -2.826611156827765e-13  5.089379670996934e-12 -1.000222644778522e-16 
 1.258925411794169e-02  1.000000000000000e+00  0.000000000000000e+00  6.704292612712637e-09 -2.859342718141628e-13  5.089379670949164e-12 -1.011804677134438e-16 
 1.273503081016664e-02  1.000000000000000e+00  0.000000000000000e+00  6.704293516459190e-09 -2.892452827009711e-13  5.089379670899327e-12 -1.023520823103277e-16 
 1.288249551693136e-02  1.000000000000000e+00  0.000000000000000e+00  6.704292765479314e-09 -2.925945536869262e-13  5.089379670850316e-12 -1.035372635646587e-16 
 1.303166778452301e-02  1.000000000000000e+00  0.000000000000000e+00  6.704245647085010e-09 -2.959806145034382e-13  5.089379670798824e-12 -1.047361685712831e-16 
 1.318256738556409e-02  1.000000000000000e+00  0.000000000000000e+00  6.704264737208647e-09 -2.994087414705205e-13  5.089379670746918e-12 -1.059489562434786e-16 
 1.333521432163326e-02  1.000000000000000e+00  0.000000000000000e+00  6.704264631232676e-09 -3.028757322158612e-13  5.089379670694393e-12 -1.071757873350049e-16 
 1.348962882591656e-02  1.000000000000000e+00  0.000000000000000e+00  6.704243426418744e-09 -3.063819121078699e-13  5.089379670639799e-12 -1.084168244610558e-16 
 1.364583136588927e-02  1.000000000000000e+00  0.000000000000000e+00  6.704280881276170e-09 -3.099313229167032e-13  5.089379670583964e-12 -1.096722321196405e-16 
 1.380384264602887e-02  1.000000000000000e+00  0.000000000000000e+00  6.704351765415488e-09 -3.135233727340287e-13  5.089379670527095e-12 -1.109421767137346e-16 
 1.396368361055940e-02  1.000000000000000e+00  0.000000000000000e+00  6.704298163659418e-09 -3.171513414379524e-13  5.089379670467125e-12 -1.122268265730403e-16 
 1.412537544622757e-02  1.000000000000000e+00  0.000000000000000e+00  6.704319654626939e-09 -3.208247830950022e-13  5.089379670405706e-12 -1.135263519766803e-16 
 1.428893958511106e-02  1.000000000000000e+00  0.000000000000000e+00  6.704319732849310e-09 -3.245397649628845e-13  5.089379670343461e-12 -1.148409251752225e-16 
 1.445439770745931e-02  1.000000000000000e+00  0.000000000000000e+00  6.704288320186820e-09 -3.282962717403875e-13  5.089379670282250e-12 -1.161707204140308e-16 
 1.462177174456722e-02  1.000000000000000e+00  0.000000000000000e+00  6.704322985948842e-09 -3.320994254665844e-13  5.089379670217316e-12 -1.175159139558199e-16 
 1.479108388168211e-02  1.000000000000000e+00  0.000000000000000e+00  6.704334506602619e-09 -3.359455298269455e-13  5.089379670153623e-12 -1.188766841047753e-16 
 1.496235656094437e-02  1.000000000000000e+00  0.000000000000000e+00  6.704332466778844e-09 -3.398354875731214e-13  5.089379670086622e-12 -1.202532112293235e-16 
 1.513561248436212e-02  1.000000000000000e+00  0.000000000000000e+00  6.704322650640512e-09 -3.437700993041438e-13  5.089379670016311e-12 -1.216456777865801e-16 
 1.531087461682034e-02  1.000000000000000e+00  0.000000000000000e+00  6.704318439477372e-09 -3.477505473674583e-13  5.089379669948689e-12 -1.230542683466970e-16 
 1.548816618912485e-02  1.000000000000000e+00  0.000000000000000e+00  6.704356901452140e-09 -3.517792674462025e-13  5.089379669873209e-12 -1.244791696166043e-16 
 1.566751070108153e-02  1.000000000000000e+00  0.000000000000000e+00  6.704355922076819e-09 -3.558526236904201e-13  5.089379669802899e-12 -1.259205704656829e-16 
 1.584893192461118e-02  1.000000000000000e+00  0.000000000000000e+00  6.704271267921548e-09 -3.599688060344404e-13  5.089379669723903e-12 -1.273786619497079e-16 
 1.603245390690046e-02  1.000000000000000e+00  0.000000000000000e+00  6.704365634481264e-09 -3.641420159841244e-13  5.089379669646975e-12 -1.288536373374302e-16 
 1.621810097358934e-02  1.000000000000000e+00  0.000000000000000e+00  6.704360130729221e-09 -3.683582902447236e-13  5.089379669569427e-12 -1.303456921350878e-16 
 1.640589773199544e-02  1.000000000000000e+00  0.000000000000000e+00  6.704362352495381e-09 -3.726237976870477e-13  5.089379669487536e-12 -1.318550241129620e-16 
 1.659586907437565e-02  1.000000000000000e+00  0.000000000000000e+00  6.704305726567569e-09 -3.769354951462905e-13  5.089379669405645e-12 -1.333818333313157e-16 
 1.678804018122565e-02  1.000000000000000e+00  0.000000000000000e+00  6.704329155842474e-09 -3.813014807990149e-13  5.089379669322307e-12 -1.349263221672390e-16 
 1.698243652461750e-02  1.000000000000000e+00  0.000000000000000e+00  6.704333365514243e-09 -3.857169816706766e-13  5.089379669234212e-12 -1.364886953407518e-16 
 1.717908387157593e-02  1.000000000000000e+00  0.000000000000000e+00  6.704310063937602e-09 -3.901820650967776e-13  5.089379669145290e-12 -1.380691599429626e-16 
 1.737800828749381e-02  1.000000000000000e+00  0.000000000000000e+00  6.704332256027669e-09 -3.947014333942312e-13  5.089379669052646e-12 -1.396679254625744e-16 
 1.757923613958698e-02  1.000000000000000e+00  0.000000000000000e+00  6.704243182775825e-09 -3.992667127034056e-13  5.089379668961863e-12 -1.412852038143591e-16 
 1.778279410038928e-02  1.000000000000000e+00  0.000000000000000e+00  6.704296913147728e-09 -4.038931405182469e-13  5.089379668868598e-12 -1.429212093668754e-16 
 1.798870915128794e-02  1.000000000000000e+00  0.000000000000000e+00  6.704351549559859e-09 -4.085732253142974e-13  5.089379668772025e-12 -1.445761589706655e-16 
 1.819700858609989e-02  1.000000000000000e+00  0.000000000000000e+00  6.704368676317359e-09 -4.133052979635381e-13  5.089379668672350e-12 -1.462502719876639e-16 
 1.840772001468962e-02  1.000000000000000e+00  0.000000000000000e+00  6.704369708679532e-09 -4.180912161797090e-13  5.089379668568125e-12 -1.479437703194326e-16 
 1.862087136662874e-02  1.000000000000000e+00  0.000000000000000e+00  6.704319487937446e-09 -4.229294163485300e-13  5.089379668463693e-12 -1.496568784376672e-16 
 1.883649089489807e-02  1.000000000000000e+00  0.000000000000000e+00  6.704298099095100e-09 -4.278253926077384e-13  5.089379668358021e-12 -1.513898234129755e-16 
 1.905460717963254e-02  1.000000000000000e+00  0.000000000000000e+00  6.704306572842378e-09 -4.327798953727409e-13  5.089379668249867e-12 -1.531428349451436e-16 
 1.927524913190943e-02  1.000000000000000e+00  0.000000000000000e+00  6.704321735535657e-09 -4.377922259045643e-13  5.089379668137370e-12 -1.549161453940728e-16 
 1.949844599758052e-02  1.000000000000000e+00  0.000000000000000e+00  6.704289106906335e-09 -4.428595171596945e-13  5.089379668024047e-12 -1.567099898101213e-16 
 1.972422736114861e-02  1.000000000000000e+00  0.000000000000000e+00  6.704307758217270e-09 -4.479888046460587e-13  5.089379667906794e-12 -1.585246059654198e-16 
 1.995262314968887e-02  1.000000000000000e+00  0.000000000000000e+00  6.704273039653619e-09 -4.531740015661914e-13  5.089379667789541e-12 -1.603602343854127e-16 
 2.018366363681569e-02  1.000000000000000e+00  0.000000000000000e+00  6.704275622159002e-09 -4.584216751590393e-13  5.089379667668152e-12 -1.622171183805516e-16 
 2.041737944669537e-02  1.000000000000000e+00  0.000000000000000e+00  6.704316177595886e-09 -4.637326691661761e-13  5.089379667541594e-12 -1.640955040788089e-16 
 2.065380155810538e-02  1.000000000000000e+00  0.000000000000000e+00  6.704247977672171e-09 -4.690978296254875e-13  5.089379667412760e-12 -1.659956404581790e-16 
 2.089296130854048e-02  1.000000000000000e+00  0.000000000000000e+00  6.704205714413246e-09 -4.745268184358511e-13  5.089379667282066e-12 -1.679177793796589e-16 
 2.113489039836655e-02  1.000000000000000e+00  0.000000000000000e+00  6.704159732112507e-09 -4.800183918879047e-13  5.089379667147235e-12 -1.698621756207842e-16 
 2.137962089502241e-02  1.000000000000000e+00  0.000000000000000e+00  6.704161774028755e-09 -4.855768718686063e-13  5.089379667010337e-12 -1.718290869090265e-16 
 2.162718523727029e-02  1.000000000000000e+00  0.000000000000000e+00  6.704301241624501e-09 -4.912095007744139e-13  5.089379666867028e-12 -1.738187739561749e-16 
 2.187761623949562e-02  1.000000000000000e+00  0.000000000000000e+00  6.704320434185440e-09 -4.968987946003356e-13  5.089379666725787e-12 -1.758315004937528e-16 
 2.213094709605647e-02  1.000000000000000e+00  0.000000000000000e+00  6.704267942063771e-09 -5.026487962056436e-13  5.089379666581030e-12 -1.778675333059105e-16 
 2.238721138568350e-02  1.000000000000000e+00  0.000000000000000e+00  6.704345284385796e-09 -5.084749003856186e-13  5.089379666429449e-12 -1.799271422666588e-16 
 2.264644307593070e-02  1.000000000000000e+00  0.000000000000000e+00  6.704294780585007e-09 -5.143590009842475e-13  5.089379666276007e-12 -1.820106003748066e-16 
 2.290867652767783e-02  1.000000000000000e+00  0.000000000000000e+00  6.704274579589821e-09 -5.203134857719858e-13  5.089379666115534e-12 -1.841181837907408e-16 
 2.317394649968489e-02  1.000000000000000e+00  0.000000000000000e+00  6.704294701625510e-09 -5.263399583066718e-13  5.089379665954441e-12 -1.862501718722211e-16 
 2.344228815319933e-02  1.000000000000000e+00  0.000000000000000e+00  6.704208005027652e-09 -5.324280125249770e-13  5.089379665791486e-12 -1.884068472120188e-16 
 2.371373705661666e-02  1.000000000000000e+00  0.000000000000000e+00  6.704242413940856e-09 -5.385959361703868e-13  5.089379665621914e-12 -1.905884956749739e-16 
 2.398832919019502e-02  1.000000000000000e+00  0.000000000000000e+00  6.704228464139828e-09 -5.448314560274099e-13  5.089379665448413e-12 -1.927954064361634e-16 
 2.426610095082427e-02  1.000000000000000e+00  0.000000000000000e+00  6.704213325424488e-09 -5.511391126182053e-13  5.089379665274498e-12 -1.950278720193979e-16 
 2.454708915685042e-02  1.000000000000000e+00  0.000000000000000e+00  6.704301336223500e-09 -5.575280959646146e-13  5.089379665090244e-12 -1.972861883355662e-16 
 2.483133105295583e-02  1.000000000000000e+00  0.000000000000000e+00  6.704288470352152e-09 -5.639829033539672e-13  5.089379664906403e-12 -1.995706547220158e-16 
 2.511886431509593e-02  1.000000000000000e+00  0.000000000000000e+00  6.704313216922207e-09 -5.705155654474690e-13  5.089379664718426e-12 -2.018815739823108e-16 
 2.540972705549318e-02  1.000000000000000e+00  0.000000000000000e+00  6.704189322788697e-09 -5.771115009425108e-13  5.089379664522178e-12 -2.042192524258902e-16 
 2.570395782768877e-02  1.000000000000000e+00  0.000000000000000e+00  6.704252896282218e-09 -5.837995199529969e-13  5.089379664326343e-12 -2.065839999101483e-16 
 2.600159563165286e-02  1.000000000000000e+00  0.000000000000000e+00  6.704245583282900e-09 -5.905589717251867e-13  5.089379664121202e-12 -2.089761298791083e-16 
 2.630267991895396e-02  1.000000000000000e+00  0.000000000000000e+00  6.704278675141047e-09 -5.974001670156070e-13  5.089379663912752e-12 -2.113959594074718e-16 
 2.660725059798824e-02  1.000000000000000e+00  0.000000000000000e+00  6.704304606738606e-09 -6.043200183582827e-13  5.089379663699133e-12 -2.138438092406808e-16 
 2.691534803926931e-02  1.000000000000000e+00  0.000000000000000e+00  6.704251805453385e-09 -6.113130056573944e-13  5.089379663481584e-12 -2.163200038390937e-16 
 2.722701308077928e-02  1.000000000000000e+00  0.000000000000000e+00  6.704306569761581e-09 -6.183965951994199e-13  5.089379663262795e-12 -2.188248714192079e-16 
 2.754228703338182e-02  1.000000000000000e+00  0.000000000000000e+00  6.704288149092939e-09 -6.255556151145902e-13  5.089379663033046e-12 -2.213587439984420e-16 
 2.786121168629786e-02  1.000000000000000e+00  0.000000000000000e+00  6.704332243916187e-09 -6.328032239992989e-13  5.089379662801849e-12 -2.239219574388829e-16 
 2.818382931264470e-02  1.000000000000000e+00  0.000000000000000e+00  6.704313255822119e-09 -6.401289705337591e-13  5.089379662559278e-12 -2.265148514915629e-16 
 2.851018267503926e-02  1.000000000000000e+00  0.000000000000000e+00  6.704290549098616e-09 -6.475392246974398e-13  5.089379662318155e-12 -2.291377698424282e-16 
 2.884031503126623e-02  1.000000000000000e+00  0.000000000000000e+00  6.704285225929687e-09 -6.550368627583804e-13  5.089379662068553e-12 -2.317910601557326e-16 
 2.917427014001184e-02  1.000000000000000e+00  0.000000000000000e+00  6.704248515934511e-09 -6.626183133205110e-13  5.089379661810886e-12 -2.344750741224545e-16 
 2.951209226666404e-02  1.000000000000000e+00  0.000000000000000e+00  6.704219580964148e-09 -6.702882923006043e-13  5.089379661549911e-12 -2.371901675055589e-16 
 2.985382618917978e-02  1.000000000000000e+00  0.000000000000000e+00  6.704240325335170e-09 -6.780519078457029e-13  5.089379661282318e-12 -2.399367001877831e-16 
 3.019951720402035e-02  1.000000000000000e+00  0.000000000000000e+00  6.704249624706809e-09 -6.859042894224817e-13  5.089379661012450e-12 -2.427150362196249e-16 
 3.054921113215532e-02  1.000000000000000e+00  0.000000000000000e+00  6.704317430553513e-09 -6.938534799335858e-13  5.089379660728934e-12 -2.455255438654877e-16 
 3.090295432513610e-02  1.000000000000000e+00  0.000000000000000e+00  6.704334608987760e-09 -7.018896625202877e-13  5.089379660442523e-12 -2.483685956556570e-16 
 3.126079367123975e-02  1.000000000000000e+00  0.000000000000000e+00  6.704273407891488e-09 -7.100108624993155e-13  5.089379660148667e-12 -2.512445684336067e-16 
 3.162277660168400e-02  1.000000000000000e+00  0.000000000000000e+00  6.704288391451471e-09 -7.182339696952183e-13  5.089379659847780e-12 -2.541538434061078e-16 
 3.198895109691419e-02  1.000000000000000e+00  0.000000000000000e+00  6.704397736823916e-09 -7.265622031580537e-13  5.089379659540276e-12 -2.570968061946493e-16 
 3.235936569296304e-02  1.000000000000000e+00  0.000000000000000e+00  6.704364515643587e-09 -7.349718721692024e-13  5.089379659227808e-12 -2.600738468857740e-16 
 3.273406948788404e-02  1.000000000000000e+00  0.000000000000000e+00  6.704373035925724e-09 -7.434833641311146e-13  5.089379658907482e-12 -2.630853600827264e-16 
 3.311311214825933e-02  1.000000000000000e+00  0.000000000000000e+00  6.704379236715505e-09 -7.520931676545831e-13  5.089379658577851e-12 -2.661317449584648e-16 
 3.349654391578299e-02  1.000000000000000e+00  0.000000000000000e+00  6.704324651380376e-09 -7.607960206123102e-13  5.089379658237880e-12 -2.692134053076120e-16 
 3.388441561392048e-02  1.000000000000000e+00  0.000000000000000e+00  6.704279520538168e-09 -7.696006009148241e-13  5.089379657894186e-12 -2.723307496013098e-16 
 3.427677865464526e-02  1.000000000000000e+00  0.000000000000000e+00  6.704369594929430e-09 -7.785223133686834e-13  5.089379657543255e-12 -2.754841910400282e-16 
 3.467368504525339e-02  1.000000000000000e+00  0.000000000000000e+00  6.704337534332618e-09 -7.875334792111740e-13  5.089379657182190e-12 -2.786741476090765e-16 
 3.507518739525704e-02  1.000000000000000e+00  0.000000000000000e+00  6.704346910525672e-09 -7.966537837320415e-13  5.089379656811200e-12 -2.819010421333054e-16 
 3.548133892335779e-02  1.000000000000000e+00  0.000000000000000e+00  6.704277650343294e-09 -8.058705066083826e-13  5.089379656434006e-12 -2.851653023344862e-16 
 3.589219346450077e-02  1.000000000000000e+00  0.000000000000000e+00  6.704372607757801e-09 -8.152132248342095e-13  5.089379656047919e-12 -2.884673608866444e-16 
 3.630780547701039e-02  1.000000000000000e+00  0.000000000000000e+00  6.704412415076165e-09 -8.246577122129329e-13  5.089379655651286e-12 -2.918076554737914e-16 
 3.672823004980873e-02  1.000000000000000e+00  0.000000000000000e+00  6.704370614408268e-09 -8.342017823617613e-13  5.089379655243693e-12 -2.951866288484396e-16 
 3.715352290971752e-02  1.000000000000000e+00  0.000000000000000e+00  6.704357127745667e-09 -8.438597452027804e-13  5.089379654830102e-12 -2.986047288901166e-16 
 3.758374042884469e-02  1.000000000000000e+00  0.000000000000000e+00  6.704292570503135e-09 -8.536232131142822e-13  5.089379654407206e-12 -3.020624086639556e-16 
 3.801893963205639e-02  1.000000000000000e+00  0.000000000000000e+00  6.704372673014997e-09 -8.635176736943665e-13  5.089379653974798e-12 -3.055601264815322e-16 
 3.845917820453564e-02  1.000000000000000e+00  0.000000000000000e+00  6.704398505452453e-09 -8.735200109630606e-13  5.089379653527086e-12 -3.090983459617016e-16 
 3.890451449942835e-02  1.000000000000000e+00  0.000000000000000e+00  6.704354714963989e-09 -8.836293330008002e-13  5.089379653073998e-12 -3.126775360915869e-16 
 3.935500754557804e-02  1.000000000000000e+00  0.000000000000000e+00  6.704363080639399e-09 -8.938623137103237e-13  5.089379652607261e-12 -3.162981712884003e-16 
 3.981071705535003e-02  1.000000000000000e+00  0.000000000000000e+00  6.704397644392498e-09 -9.042172607468564e-13  5.089379652132873e-12 -3.199607314644458e-16 
 4.027170343254621e-02  1.000000000000000e+00  0.000000000000000e+00  6.704312782473116e-09 -9.146764164448674e-13  5.089379651646284e-12 -3.236657020873244e-16 
 4.073802778041159e-02  1.000000000000000e+00  0.000000000000000e+00  6.704321226484672e-09 -9.252689940455286e-13  5.089379651149355e-12 -3.274135742468300e-16 
 4.120975190973334e-02  1.000000000000000e+00  0.000000000000000e+00  6.704331401547572e-09 -9.359845069090515e-13  5.089379650639192e-12 -3.312048447191942e-16 
 4.168693834703387e-02  1.000000000000000e+00  0.000000000000000e+00  6.704312929298750e-09 -9.468201452776258e-13  5.089379650118482e-12 -3.350400160338046e-16 
 4.216965034285856e-02  1.000000000000000e+00  0.000000000000000e+00  6.704339841986814e-09 -9.577875507590900e-13  5.089379649584950e-12 -3.389195965376773e-16 
 4.265795188015960e-02  1.000000000000000e+00  0.000000000000000e+00  6.704330358753477e-09 -9.688768565233739e-13  5.089379649035289e-12 -3.428441004650784e-16 
 4.315190768277687e-02  1.000000000000000e+00  0.000000000000000e+00  6.704337177591350e-09 -9.800968791544280e-13  5.089379648476321e-12 -3.468140480051765e-16 
 4.365158322401694e-02  1.000000000000000e+00  0.000000000000000e+00  6.704390284049569e-09 -9.914534558597771e-13  5.089379647906394e-12 -3.508299653697464e-16 
 4.415704473533161e-02  1.000000000000000e+00  0.000000000000000e+00  6.704347115795029e-09 -1.002927699163274e-12  5.089379647319302e-12 -3.548923848642040e-16 
 4.466835921509667e-02  1.000000000000000e+00  0.000000000000000e+00  6.704338352902417e-09 -1.014539727393594e-12  5.089379646719390e-12 -3.590018449575815e-16 
 4.518559443749261e-02  1.000000000000000e+00  0.000000000000000e+00  6.704356044071895e-09 -1.026290175633452e-12  5.089379646107483e-12 -3.631588903552797e-16 
 4.570881896148788e-02  1.000000000000000e+00  0.000000000000000e+00  6.704330106889679e-09 -1.038170216263473e-12  5.089379645481721e-12 -3.673640720683355e-16 
 4.623810213992641e-02  1.000000000000000e+00  0.000000000000000e+00  6.704375153480910e-09 -1.050198486949367e-12  5.089379644839208e-12 -3.716179474886991e-16 
 4.677351412872021e-02  1.000000000000000e+00  0.000000000000000e+00  6.704322556012712e-09 -1.062351117701363e-12  5.089379644182220e-12 -3.759210804633988e-16 
 4.731512589614845e-02  1.000000000000000e+00  0.000000000000000e+00  6.704264790779836e-09 -1.074643567950835e-12  5.089379643509102e-12 -3.802740413674448e-16 
 4.786300923226424e-02  1.000000000000000e+00  0.000000000000000e+00  6.704294469229448e-09 -1.087092029318516e-12  5.089379642823783e-12 -3.846774071817812e-16 
 4.841723675841035e-02  1.000000000000000e+00  0.000000000000000e+00  6.704298804335820e-09 -1.099680693319157e-12  5.089379642118818e-12 -3.891317615670475e-16 
 4.897788193684505e-02  1.000000000000000e+00  0.000000000000000e+00  6.704408847567332e-09 -1.112432061398222e-12  5.089379641396896e-12 -3.936376949431967e-16 
 4.954501908047946e-02  1.000000000000000e+00  0.000000000000000e+00  6.704389079355093e-09 -1.125310222763757e-12  5.089379640660912e-12 -3.981958045666401e-16 
 5.011872336272767e-02  1.000000000000000e+00  0.000000000000000e+00  6.704325503169205e-09 -1.138330246299006e-12  5.089379639908798e-12 -4.028066946102180e-16 
 5.069907082747089e-02  1.000000000000000e+00  0.000000000000000e+00  6.704371843456437e-09 -1.151519239456747e-12  5.089379639133937e-12 -4.074709762416577e-16 
 5.128613839913695e-02  1.000000000000000e+00  0.000000000000000e+00  6.704322419736867e-09 -1.164844877956010e-12  5.089379638341704e-12 -4.121892677063714e-16 
 5.188000389289658e-02  1.000000000000000e+00  0.000000000000000e+00  6.704366304863760e-09 -1.178340576870373e-12  5.089379637536651e-12 -4.169621944095991e-16 
 5.248074602497774e-02  1.000000000000000e+00  0.000000000000000e+00  6.704270898832039e-09 -1.191968684057545e-12  5.089379636710297e-12 -4.217903889964814e-16 
 5.308844442309933e-02  1.000000000000000e+00  0.000000000000000e+00  6.704348987357309e-09 -1.205784625320260e-12  5.089379635864919e-12 -4.266744914395531e-16 
 5.370317963702578e-02  1.000000000000000e+00  0.000000000000000e+00  6.704289335789545e-09 -1.219736439767916e-12  5.089379635001549e-12 -4.316151491204822e-16 
 5.432503314924383e-02  1.000000000000000e+00  0.000000000000000e+00  6.704370702116754e-09 -1.233874854452014e-12  5.089379634111503e-12 -4.366130169182203e-16 
 5.495408738576298e-02  1.000000000000000e+00  0.000000000000000e+00  6.704287179690108e-09 -1.248147332009871e-12  5.089379633205947e-12 -4.416687572952848e-16 
 5.559042572704089e-02  1.000000000000000e+00  0.000000000000000e+00  6.704351240317472e-09 -1.262611921421657e-12  5.089379632273301e-12 -4.467830403831836e-16 
 5.623413251903545e-02  1.000000000000000e+00  0.000000000000000e+00  6.704279705303280e-09 -1.277219107695926e-12  5.089379631327006e-12 -4.519565440762196e-16 
 5.688529308438470e-02  1.000000000000000e+00  0.000000000000000e+00  6.704265622516095e-09 -1.292005921253484e-12  5.089379630354655e-12 -4.571899541146936e-16 
 5.754399373371626e-02  1.000000000000000e+00  0.000000000000000e+00  6.704298914222970e-09 -1.306972950906891e-12  5.089379629363486e-12 -4.624839641827484e-16 
 5.821032177708772e-02  1.000000000000000e+00  0.000000000000000e+00  6.704327944190382e-09 -1.322112586561195e-12  5.089379628342952e-12 -4.678392759943989e-16 
 5.888436553555948e-02  1.000000000000000e+00  0.000000000000000e+00  6.704218484532820e-09 -1.337400757713107e-12  5.089379627303186e-12 -4.732565993910222e-16 
 5.956621435290164e-02  1.000000000000000e+00  0.000000000000000e+00  6.704297913382500e-09 -1.352902641563237e-12  5.089379626236537e-12 -4.787366524325885e-16 
 6.025595860743638e-02  1.000000000000000e+00  0.000000000000000e+00  6.704197032211795e-09 -1.368548581131220e-12  5.089379625147967e-12 -4.842801614941917e-16 
 6.095368972401753e-02  1.000000000000000e+00  0.000000000000000e+00  6.704254656989948e-09 -1.384407117747134e-12  5.089379624031273e-12 -4.898878613612183e-16 
 6.165950018614885e-02  1.000000000000000e+00  0.000000000000000e+00  6.704285882942877e-09 -1.400444045464956e-12  5.089379622892039e-12 -4.955604953288568e-16 
 6.237348354824256e-02  1.000000000000000e+00  0.000000000000000e+00  6.704337128244745e-09 -1.416670951152701e-12  5.089379621721785e-12 -5.012988152975188e-16 
 6.309573444801997e-02  1.000000000000000e+00  0.000000000000000e+00  6.704253733461227e-09 -1.433057986100620e-12  5.089379620527956e-12 -5.071035818763373e-16 
 6.382634861905552e-02  1.000000000000000e+00  0.000000000000000e+00  6.704259229707039e-09 -1.449653195951845e-12  5.089379619304763e-12 -5.129755644792941e-16 
 6.456542290346622e-02  1.000000000000000e+00  0.000000000000000e+00  6.704357592430042e-09 -1.466460209884615e-12  5.089379618053652e-12 -5.189155414316975e-16 
 6.531305526474791e-02  1.000000000000000e+00  0.000000000000000e+00  6.704355364595144e-09 -1.483440601407961e-12  5.089379616770902e-12 -5.249243000707520e-16 
 6.606934480076029e-02  1.000000000000000e+00  0.000000000000000e+00  6.704251560841792e-09 -1.500595475263721e-12  5.089379615463957e-12 -5.310026368512282e-16 
 6.683439175686216e-02  1.000000000000000e+00  0.000000000000000e+00  6.704245173499832e-09 -1.517970153540493e-12  5.089379614118341e-12 -5.371513574491128e-16 
 6.760829753919889e-02  1.000000000000000e+00  0.000000000000000e+00  6.704272883418006e-09 -1.535553546777108e-12  5.089379612747495e-12 -5.433712768707613e-16 
 6.839116472814366e-02  1.000000000000000e+00  0.000000000000000e+00  6.704332214176647e-09 -1.553347837303575e-12  5.089379611345218e-12 -5.496632195600828e-16 
 6.918309709189439e-02  1.000000000000000e+00  0.000000000000000e+00  6.704204774637124e-09 -1.571305729032051e-12  5.089379609903855e-12 -5.560280195052691e-16 
 6.998419960022811e-02  1.000000000000000e+00  0.000000000000000e+00  6.704288901157789e-09 -1.589519932659350e-12  5.089379608435403e-12 -5.624665203558746e-16 
 7.079457843841457e-02  1.000000000000000e+00  0.000000000000000e+00  6.704322244885155e-09 -1.607933457533188e-12  5.089379606929727e-12 -5.689795755261632e-16 
 7.161434102129099e-02  1.000000000000000e+00  0.000000000000000e+00  6.704289943127166e-09 -1.626544859140022e-12  5.089379605391999e-12 -5.755680483140563e-16 
 7.244359600749982e-02  1.000000000000000e+00  0.000000000000000e+00  6.704392619033401e-09 -1.645403794023022e-12  5.089379603816220e-12 -5.822328120156369e-16 
 7.328245331389123e-02  1.000000000000000e+00  0.000000000000000e+00  6.704339316344218e-09 -1.664443838625581e-12  5.089379602202597e-12 -5.889747500365248e-16 
 7.413102413009259e-02  1.000000000000000e+00  0.000000000000000e+00  6.704412313151656e-09 -1.683734845725825e-12  5.089379600554233e-12 -5.957947560144082e-16 
 7.498942093324644e-02  1.000000000000000e+00  0.000000000000000e+00  6.704269835304815e-09 -1.703196566932055e-12  5.089379598865750e-12 -6.026937339313274e-16 
 7.585775750291925e-02  1.000000000000000e+00  0.000000000000000e+00  6.704271918041659e-09 -1.722919190870084e-12  5.089379597135702e-12 -6.096725982410033e-16 
 7.673614893618277e-02  1.000000000000000e+00  0.000000000000000e+00  6.704179298428856e-09 -1.742846351960500e-12  5.089379595368431e-12 -6.167322739826349e-16 
 7.762471166287006e-02  1.000000000000000e+00  0.000000000000000e+00  6.704175284004322e-09 -1.763026547466749e-12  5.089379593560834e-12 -6.238736969094904e-16 
 7.852356346100808e-02  1.000000000000000e+00  0.000000000000000e+00  6.704251401411237e-09 -1.783461037259611e-12  5.089379591709604e-12 -6.310978136076021e-16 
 7.943282347242907e-02  1.000000000000000e+00  0.000000000000000e+00  6.704217965943128e-09 -1.804103748657248e-12  5.089379589814327e-12 -6.384055816265784e-16 
 8.035261221856266e-02  1.000000000000000e+00  0.000000000000000e+00  6.704253422116531e-09 -1.825003698511629e-12  5.089379587875002e-12 -6.457979696022878e-16 
 8.128305161641088e-02  1.000000000000000e+00  0.000000000000000e+00  6.704308176591870e-09 -1.846150806821548e-12  5.089379585892043e-12 -6.532759573873173e-16 
 8.222426499470809e-02  1.000000000000000e+00  0.000000000000000e+00  6.704320047067054e-09 -1.867531420623978e-12  5.089379583859247e-12 -6.608405361801689e-16 
 8.317637711026808e-02  1.000000000000000e+00  0.000000000000000e+00  6.704307117951555e-09 -1.889152898815220e-12  5.089379581784057e-12 -6.684927086590503e-16 
 8.413951416452051e-02  1.000000000000000e+00  0.000000000000000e+00  6.704278174824080e-09 -1.911020274158440e-12  5.089379579659651e-12 -6.762334891079416e-16 
 8.511380382023866e-02  1.000000000000000e+00  0.000000000000000e+00  6.704260880835318e-09 -1.933144035313217e-12  5.089379577483752e-12 -6.840639035596753e-16 
 8.609937521846109e-02  1.000000000000000e+00  0.000000000000000e+00  6.704235318910919e-09 -1.955521676926405e-12  5.089379575255534e-12 -6.919849899263951e-16 
 8.709635899560911e-02  1.000000000000000e+00  0.000000000000000e+00  6.704309135230204e-09 -1.978186579896467e-12  5.089379572980374e-12 -6.999977981400111e-16 
 8.810488730080247e-02  1.000000000000000e+00  0.000000000000000e+00  6.704231961392034e-09 -2.001070524449903e-12  5.089379570650827e-12 -7.081033902883129e-16 
 8.912509381337563e-02  1.000000000000000e+00  0.000000000000000e+00  6.704160109035907e-09 -2.024220889088569e-12  5.089379568264204e-12 -7.163028407578481e-16 
 9.015711376059679e-02  1.000000000000000e+00  0.000000000000000e+00  6.704276703156798e-09 -2.047694688045041e-12  5.089379565823400e-12 -7.245972363768010e-16 
 9.120108393559209e-02  1.000000000000000e+00  0.000000000000000e+00  6.704209239562408e-09 -2.071385647947611e-12  5.089379563324488e-12 -7.329876765585775e-16 
 9.225714271547746e-02  1.000000000000000e+00  0.000000000000000e+00  6.704222113780584e-09 -2.095375178116708e-12  5.089379560771808e-12 -7.414752734453907e-16 
 9.332543007970026e-02  1.000000000000000e+00  0.000000000000000e+00  6.704233208810636e-09 -2.119641801280477e-12  5.089379558152541e-12 -7.500611520573997e-16 
 9.440608762859351e-02  1.000000000000000e+00  0.000000000000000e+00  6.704153629727956e-09 -2.144161470442863e-12  5.089379555479093e-12 -7.587464504451808e-16 
 9.549925860214478e-02  1.000000000000000e+00  0.000000000000000e+00  6.704151649739869e-09 -2.168989064205653e-12  5.089379552738644e-12 -7.675323198319999e-16 
 9.660508789898255e-02  1.000000000000000e+00  0.000000000000000e+00  6.704274829760458e-09 -2.194143847649931e-12  5.089379549937397e-12 -7.764199247785014e-16 
 9.772372209558230e-02  1.000000000000000e+00  0.000000000000000e+00  6.704231130819591e-09 -2.219536853476107e-12  5.089379547069768e-12 -7.854104433228606e-16 
 9.885530946569514e-02  1.000000000000000e+00  0.000000000000000e+00  6.704266220693816e-09 -2.245249253241724e-12  5.089379544136793e-12 -7.945050671508242e-16 
 1.000000000000013e-01  1.000000000000000e+00  0.000000000000000e+00  6.704231846464000e-09 -2.271236673660108e-12  5.089379541137022e-12 -8.037050017414159e-16 
 1.011579454259911e-01  1.000000000000000e+00  0.000000000000000e+00  6.704122765306859e-09 -2.297500134445534e-12  5.089379538061151e-12 -8.130114665370780e-16 
 1.023292992280767e-01  1.000000000000000e+00  0.000000000000000e+00  6.704193192628976e-09 -2.324127597344622e-12  5.089379534919312e-12 -8.224256950979602e-16 
 1.035142166679357e-01  1.000000000000000e+00  0.000000000000000e+00  6.704247034260516e-09 -2.351058056135722e-12  5.089379531702200e-12 -8.319489352692333e-16 
 1.047128548050913e-01  1.000000000000000e+00  0.000000000000000e+00  6.704338334025693e-09 -2.378313400717564e-12  5.089379528413744e-12 -8.415824493458798e-16 
 1.059253725177303e-01  1.000000000000000e+00  0.000000000000000e+00  6.704230618471600e-09 -2.405815468563963e-12  5.089379525040501e-12 -8.513275142371802e-16 
 1.071519305237620e-01  1.000000000000000e+00  0.000000000000000e+00  6.704147161884941e-09 -2.433644189792443e-12  5.089379521593019e-12 -8.611854216410959e-16 
 1.083926914021218e-01  1.000000000000000e+00  0.000000000000000e+00  6.704279918893758e-09 -2.461871595449095e-12  5.089379518066335e-12 -8.711574782126938e-16 
 1.096478196143199e-01  1.000000000000000e+00  0.000000000000000e+00  6.704303355361790e-09 -2.490387323646437e-12  5.089379514457139e-12 -8.812450057340863e-16 
 1.109174815262416e-01  1.000000000000000e+00  0.000000000000000e+00  6.704325962647754e-09 -2.519232842074130e-12  5.089379510759641e-12 -8.914493412952757e-16 
 1.122018454301978e-01  1.000000000000000e+00  0.000000000000000e+00  6.704261644958307e-09 -2.548380554678883e-12  5.089379506981494e-12 -9.017718374716670e-16 
 1.135010815672330e-01  1.000000000000000e+00  0.000000000000000e+00  6.704338735159271e-09 -2.577918084241886e-12  5.089379503114425e-12 -9.122138624953201e-16 
 1.148153621496898e-01  1.000000000000000e+00  0.000000000000000e+00  6.704276712272047e-09 -2.607745465473284e-12  5.089379499154711e-12 -9.227768004439734e-16 
 1.161448613840358e-01  1.000000000000000e+00  0.000000000000000e+00  6.704252124362045e-09 -2.637932452088297e-12  5.089379495103801e-12 -9.334620514240095e-16 
 1.174897554939545e-01  1.000000000000000e+00  0.000000000000000e+00  6.704226087817434e-09 -2.668468121554211e-12  5.089379490961280e-12 -9.442710317517032e-16 
 1.188502227437035e-01  1.000000000000000e+00  0.000000000000000e+00  6.704247788885056e-09 -2.699376052136215e-12  5.089379486721566e-12 -9.552051741446690e-16 
 1.202264434617429e-01  1.000000000000000e+00  0.000000000000000e+00  6.704289509427966e-09 -2.730649771145614e-12  5.089379482380729e-12 -9.662659279099759e-16 
 1.216186000646385e-01  1.000000000000000e+00  0.000000000000000e+00  6.704218599916816e-09 -2.762240930423496e-12  5.089379477937115e-12 -9.774547591368064e-16 
 1.230268770812399e-01  1.000000000000000e+00  0.000000000000000e+00  6.704370908857653e-09 -2.794287699575589e-12  5.089379473395066e-12 -9.887731508935577e-16 
 1.244514611771402e-01  1.000000000000000e+00  0.000000000000000e+00  6.704251769460881e-09 -2.826595365463367e-12  5.089379468743623e-12 -1.000222603416361e-15 
 1.258925411794185e-01  1.000000000000000e+00  0.000000000000000e+00  6.704209067343544e-09 -2.859308166811952e-12  5.089379463985059e-12 -1.011804634317289e-15 
 1.273503081016679e-01  1.000000000000000e+00  0.000000000000000e+00  6.704204904670977e-09 -2.892415679184348e-12  5.089379459118342e-12 -1.023520778782572e-15 
 1.288249551693152e-01  1.000000000000000e+00  0.000000000000000e+00  6.704336185147346e-09 -2.925963794132872e-12  5.089379454132925e-12 -1.035372589768684e-15 
 1.303166778452318e-01  1.000000000000000e+00  0.000000000000000e+00  6.704345068330259e-09 -2.959848679888979e-12  5.089379449032322e-12 -1.047361638221763e-15 
 1.318256738556426e-01  1.000000000000000e+00  0.000000000000000e+00  6.704310424300894e-09 -2.994107130028488e-12  5.089379443814881e-12 -1.059489513274413e-15 
 1.333521432163343e-01  1.000000000000000e+00  0.000000000000000e+00  6.704269861717749e-09 -3.028759458775575e-12  5.089379438478325e-12 -1.071757822462992e-15 
 1.348962882591673e-01  1.000000000000000e+00  0.000000000000000e+00  6.704453086979203e-09 -3.063912061534730e-12  5.089379433013556e-12 -1.084168191934012e-15 
 1.364583136588944e-01  1.000000000000000e+00  0.000000000000000e+00  6.704362796988139e-09 -3.099349942389553e-12  5.089379427420368e-12 -1.096722266669203e-15 
 1.380384264602905e-01  1.000000000000000e+00  0.000000000000000e+00  6.704297513163552e-09 -3.135209158403911e-12  5.089379421702068e-12 -1.109421710693932e-15 
 1.396368361055958e-01  1.000000000000000e+00  0.000000000000000e+00  6.704281980754360e-09 -3.171505960535930e-12  5.089379415847697e-12 -1.122268207305598e-15 
 1.412537544622775e-01  1.000000000000000e+00  0.000000000000000e+00  6.704255466942308e-09 -3.208218048087626e-12  5.089379409855187e-12 -1.135263459288005e-15 
 1.428893958511124e-01  1.000000000000000e+00  0.000000000000000e+00  6.704219138387745e-09 -3.245350444964940e-12  5.089379403726813e-12 -1.148409189148552e-15 
 1.445439770745949e-01  1.000000000000000e+00  0.000000000000000e+00  6.704254933700473e-09 -3.282946796542645e-12  5.089379397452648e-12 -1.161707139336029e-15 
 1.462177174456740e-01  1.000000000000000e+00  0.000000000000000e+00  6.704149631134335e-09 -3.320910962028073e-12  5.089379391035174e-12 -1.175159072476799e-15 
 1.479108388168229e-01  1.000000000000000e+00  0.000000000000000e+00  6.704359740685120e-09 -3.359467276544551e-12  5.089379384466119e-12 -1.188766771608152e-15 
 1.496235656094456e-01  1.000000000000000e+00  0.000000000000000e+00  6.704265154557761e-09 -3.398321801905938e-12  5.089379377743209e-12 -1.202532040413062e-15 
 1.513561248436231e-01  1.000000000000000e+00  0.000000000000000e+00  6.704240576317170e-09 -3.437660221192963e-12  5.089379370863961e-12 -1.216456703459910e-15 
 1.531087461682053e-01  1.000000000000000e+00  0.000000000000000e+00  6.704367039372839e-09 -3.477529867537277e-12  5.089379363822793e-12 -1.230542606445014e-15 
 1.548816618912505e-01  1.000000000000000e+00  0.000000000000000e+00  6.704325302401507e-09 -3.517776628115462e-12  5.089379356623633e-12 -1.244791616439115e-15 
 1.566751070108173e-01  1.000000000000000e+00  0.000000000000000e+00  6.704442773280465e-09 -3.558571055160178e-12  5.089379349253040e-12 -1.259205622128195e-15 
 1.584893192461138e-01  1.000000000000000e+00  0.000000000000000e+00  6.704418267821960e-09 -3.599764682564195e-12  5.089379341706051e-12 -1.273786534066725e-15 
 1.603245390690066e-01  1.000000000000000e+00  0.000000000000000e+00  6.704298077884144e-09 -3.641384610495973e-12  5.089379333990938e-12 -1.288536284943222e-15 
 1.621810097358955e-01  1.000000000000000e+00  0.000000000000000e+00  6.704260523723454e-09 -3.683529854229070e-12  5.089379326094878e-12 -1.303456829811180e-15 
 1.640589773199564e-01  1.000000000000000e+00  0.000000000000000e+00  6.704386104936563e-09 -3.726250819857338e-12  5.089379318014978e-12 -1.318550146374021e-15 
 1.659586907437586e-01  1.000000000000000e+00  0.000000000000000e+00  6.704213367071207e-09 -3.769304701618117e-12  5.089379309743379e-12 -1.333818235227429e-15 
 1.678804018122586e-01  1.000000000000000e+00  0.000000000000000e+00  6.704239150699238e-09 -3.812965326325350e-12  5.089379301282148e-12 -1.349263120138646e-15 
 1.698243652461771e-01  1.000000000000000e+00  0.000000000000000e+00  6.704264006481670e-09 -3.857131123943220e-12  5.089379292621981e-12 -1.364886848305977e-15 
 1.717908387157615e-01  1.000000000000000e+00  0.000000000000000e+00  6.704237993168328e-09 -3.901780191452393e-12  5.089379283761843e-12 -1.380691490634853e-15 
 1.737800828749403e-01  1.000000000000000e+00  0.000000000000000e+00  6.704300818515854e-09 -3.946996453281124e-12  5.089379274693048e-12 -1.396679142008440e-15 
 1.757923613958720e-01  1.000000000000000e+00  0.000000000000000e+00  6.704256153358672e-09 -3.992674552101327e-12  5.089379265417872e-12 -1.412851921569765e-15 
 1.778279410038951e-01  1.000000000000000e+00  0.000000000000000e+00  6.704170466800835e-09 -4.038857751177330e-12  5.089379255922666e-12 -1.429211972996764e-15 
 1.798870915128817e-01  1.000000000000000e+00  0.000000000000000e+00  6.704347209530451e-09 -4.085729900082164e-12  5.089379246207429e-12 -1.445761464793295e-15 
 1.819700858610012e-01  1.000000000000000e+00  0.000000000000000e+00  6.704282674918816e-09 -4.133001800815652e-12  5.089379236266373e-12 -1.462502590573275e-15 
 1.840772001468985e-01  1.000000000000000e+00  0.000000000000000e+00  6.704238495369574e-09 -4.180832941935297e-12  5.089379226088122e-12 -1.479437569347046e-15 
 1.862087136662897e-01  1.000000000000000e+00  0.000000000000000e+00  6.704413193147160e-09 -4.229351468420947e-12  5.089379215679088e-12 -1.496568645826318e-15 
 1.883649089489831e-01  1.000000000000000e+00  0.000000000000000e+00  6.704332611140354e-09 -4.278275312998361e-12  5.089379205026863e-12 -1.513898090710727e-15 
 1.905460717963278e-01  1.000000000000000e+00  0.000000000000000e+00  6.704367710745894e-09 -4.327837163045218e-12  5.089379194122761e-12 -1.531428200993191e-15 
 1.927524913190967e-01  1.000000000000000e+00  0.000000000000000e+00  6.704208442078288e-09 -4.377850289104216e-12  5.089379182970299e-12 -1.549161300265045e-15 
 1.949844599758077e-01  1.000000000000000e+00  0.000000000000000e+00  6.704213490638208e-09 -4.428546745774185e-12  5.089379171554793e-12 -1.567099739024420e-15 
 1.972422736114886e-01  1.000000000000000e+00  0.000000000000000e+00  6.704218901937904e-09 -4.479830599946566e-12  5.089379159872934e-12 -1.585245894986035e-15 
 1.995262314968912e-01  1.000000000000000e+00  0.000000000000000e+00  6.704402713359544e-09 -4.531824925382781e-12  5.089379147918520e-12 -1.603602173399663e-15 
 2.018366363681594e-01  1.000000000000000e+00  0.000000000000000e+00  6.704377225747707e-09 -4.584284174744169e-12  5.089379135685139e-12 -1.622171007360329e-15 
 2.041737944669563e-01  1.000000000000000e+00  0.000000000000000e+00  6.704299345334942e-09 -4.637315460296726e-12  5.089379123170931e-12 -1.640954858142531e-15 
 2.065380155810564e-01  1.000000000000000e+00  0.000000000000000e+00  6.704208886504352e-09 -4.690951626806084e-12  5.089379110362246e-12 -1.659956215517504e-15 
 2.089296130854074e-01  1.000000000000000e+00  0.000000000000000e+00  6.704308577322530e-09 -4.745338633254544e-12  5.089379097256810e-12 -1.679177598089463e-15 
 2.113489039836682e-01  1.000000000000000e+00  0.000000000000000e+00  6.704188355378320e-09 -4.800203599865900e-12  5.089379083846144e-12 -1.698621553622757e-15 
 2.137962089502268e-01  1.000000000000000e+00  0.000000000000000e+00  6.704329788892953e-09 -4.855886726373438e-12  5.089379070123011e-12 -1.718290659385389e-15 
 2.162718523727057e-01  1.000000000000000e+00  0.000000000000000e+00  6.704365072697282e-09 -4.912140247764622e-12  5.089379056076243e-12 -1.738187522490098e-15 
 2.187761623949590e-01  1.000000000000000e+00  0.000000000000000e+00  6.704154045361446e-09 -4.968868608973596e-12  5.089379041705014e-12 -1.758314780235864e-15 
 2.213094709605676e-01  1.000000000000000e+00  0.000000000000000e+00  6.704176411804891e-09 -5.026421936032904e-12  5.089379027003119e-12 -1.778675100461107e-15 
 2.238721138568378e-01  1.000000000000000e+00  0.000000000000000e+00  6.704463221367359e-09 -5.084835562855404e-12  5.089379011954016e-12 -1.799271181893062e-15 
 2.264644307593099e-01  1.000000000000000e+00  0.000000000000000e+00  6.704460991594556e-09 -5.143713606391169e-12  5.089378996555015e-12 -1.820105754513913e-15 
 2.290867652767813e-01  1.000000000000000e+00  0.000000000000000e+00  6.704185011932211e-09 -5.203067533919422e-12  5.089378980796604e-12 -1.841181579915005e-15 
 2.317394649968519e-01  1.000000000000000e+00  0.000000000000000e+00  6.704223256615260e-09 -5.263345044296472e-12  5.089378964673613e-12 -1.862501451663588e-15 
 2.344228815319963e-01  1.000000000000000e+00  0.000000000000000e+00  6.704178886739380e-09 -5.324257646679378e-12  5.089378948172187e-12 -1.884068195674600e-15 
 2.371373705661697e-01  1.000000000000000e+00  0.000000000000000e+00  6.704380489723246e-09 -5.386066766149551e-12  5.089378931289844e-12 -1.905884670590736e-15 
 2.398832919019533e-01  1.000000000000000e+00  0.000000000000000e+00  6.704333017848652e-09 -5.448397080700828e-12  5.089378914009834e-12 -1.927953768146964e-15 
 2.426610095082458e-01  1.000000000000000e+00  0.000000000000000e+00  6.704350019595378e-09 -5.511500021614652e-12  5.089378896329882e-12 -1.950278413569576e-15 
 2.454708915685074e-01  1.000000000000000e+00  0.000000000000000e+00  6.704345630408146e-09 -5.575316605221257e-12  5.089378878238822e-12 -1.972861565956858e-15 
 2.483133105295615e-01  1.000000000000000e+00  0.000000000000000e+00  6.704266709547685e-09 -5.639811172803249e-12  5.089378859727347e-12 -1.995706218667239e-15 
 2.511886431509625e-01  1.000000000000000e+00  0.000000000000000e+00  6.704196907785920e-09 -5.705059789963645e-12  5.089378840779741e-12 -2.018815399720761e-15 
 2.540972705549351e-01  1.000000000000000e+00  0.000000000000000e+00  6.704255668693443e-09 -5.771170191743112e-12  5.089378821397245e-12 -2.042192172208430e-15 
 2.570395782768911e-01  1.000000000000000e+00  0.000000000000000e+00  6.704320658001370e-09 -5.838052397489815e-12  5.089378801559593e-12 -2.065839634678340e-15 
 2.600159563165320e-01  1.000000000000000e+00  0.000000000000000e+00  6.704310080162008e-09 -5.905644357376515e-12  5.089378781261821e-12 -2.089760921561988e-15 
 2.630267991895430e-01  1.000000000000000e+00  0.000000000000000e+00  6.704285191216288e-09 -5.974007037756875e-12  5.089378760488628e-12 -2.113959203588469e-15 
 2.660725059798859e-01  1.000000000000000e+00  0.000000000000000e+00  6.704260532331397e-09 -6.043161553957415e-12  5.089378739230500e-12 -2.138437688197459e-15 
 2.691534803926965e-01  1.000000000000000e+00  0.000000000000000e+00  6.704168082051860e-09 -6.113056282182215e-12  5.089378717480199e-12 -2.163199619977447e-15 
 2.722701308077963e-01  1.000000000000000e+00  0.000000000000000e+00  6.704308769633615e-09 -6.183967904751530e-12  5.089378695222837e-12 -2.188248281072656e-15 
 2.754228703338217e-01  1.000000000000000e+00  0.000000000000000e+00  6.704224765375828e-09 -6.255498808479878e-12  5.089378672448280e-12 -2.213586991644299e-15 
 2.786121168629822e-01  1.000000000000000e+00  0.000000000000000e+00  6.704174079488721e-09 -6.327887883076248e-12  5.089378649141846e-12 -2.239219110294058e-15 
 2.818382931264506e-01  1.000000000000000e+00  0.000000000000000e+00  6.704232066060269e-09 -6.401214871214286e-12  5.089378625288232e-12 -2.265148034514232e-15 
 2.851018267503962e-01  1.000000000000000e+00  0.000000000000000e+00  6.704358018019138e-09 -6.475455505071194e-12  5.089378600887437e-12 -2.291377201138888e-15 
 2.884031503126660e-01  1.000000000000000e+00  0.000000000000000e+00  6.704189088144345e-09 -6.550277637744169e-12  5.089378575910926e-12 -2.317910086794611e-15 
 2.917427014001222e-01  1.000000000000000e+00  0.000000000000000e+00  6.704263730229793e-09 -6.626197913627405e-12  5.089378550356421e-12 -2.344750208372455e-15 
 2.951209226666441e-01  1.000000000000000e+00  0.000000000000000e+00  6.704361333627581e-09 -6.703020178449872e-12  5.089378524205520e-12 -2.371901123478490e-15 
 2.985382618918016e-01  1.000000000000000e+00  0.000000000000000e+00  6.704287947442060e-09 -6.780565463030718e-12  5.089378497443539e-12 -2.399366430918483e-15 
 3.019951720402074e-01  1.000000000000000e+00  0.000000000000000e+00  6.704240802945961e-09 -6.859034027542832e-12  5.089378470062413e-12 -2.427149771168634e-15 
 3.054921113215572e-01  1.000000000000000e+00  0.000000000000000e+00  6.704150800977577e-09 -6.938367535635817e-12  5.089378442037741e-12 -2.455254826855809e-15 
 3.090295432513650e-01  1.000000000000000e+00  0.000000000000000e+00  6.704293054518654e-09 -7.018854434944387e-12  5.089378413366833e-12 -2.483685323259389e-15 
 3.126079367124016e-01  1.000000000000000e+00  0.000000000000000e+00  6.704370077556061e-09 -7.100207584635001e-12  5.089378384024876e-12 -2.512445028784223e-15 
 3.162277660168441e-01  1.000000000000000e+00  0.000000000000000e+00  6.704183317639321e-09 -7.182230493139591e-12  5.089378354003183e-12 -2.541537755474799e-15 
 3.198895109691461e-01  1.000000000000000e+00  0.000000000000000e+00  6.704445681051496e-09 -7.265672419758137e-12  5.089378323276732e-12 -2.570967359512230e-15 
 3.235936569296347e-01  1.000000000000000e+00  0.000000000000000e+00  6.704393374689272e-09 -7.349749524573854e-12  5.089378291834976e-12 -2.600737741736295e-15 
 3.273406948788447e-01  1.000000000000000e+00  0.000000000000000e+00  6.704535659436957e-09 -7.435008340138212e-12  5.089378259666336e-12 -2.630852848152936e-15 
 3.311311214825977e-01  1.000000000000000e+00  0.000000000000000e+00  6.704179606402968e-09 -7.520714634400517e-12  5.089378226745995e-12 -2.661316670461543e-15 
 3.349654391578343e-01  1.000000000000000e+00  0.000000000000000e+00  6.704352753352433e-09 -7.607991027334607e-12  5.089378193054722e-12 -2.692133246571338e-15 
 3.388441561392093e-01  1.000000000000000e+00  0.000000000000000e+00  6.704287462728917e-09 -7.696014871388189e-12  5.089378158583211e-12 -2.723306661169251e-15 
 3.427677865464572e-01  1.000000000000000e+00  0.000000000000000e+00  6.704300051742203e-09 -7.785144434501450e-12  5.089378123302717e-12 -2.754841046213485e-15 
 3.467368504525386e-01  1.000000000000000e+00  0.000000000000000e+00  6.704200108943549e-09 -7.875178485821152e-12  5.089378087205382e-12 -2.786740581534514e-15 
 3.507518739525751e-01  1.000000000000000e+00  0.000000000000000e+00  6.704310282937972e-09 -7.966495993933563e-12  5.089378050265770e-12 -2.819009495342375e-15 
 3.548133892335826e-01  1.000000000000000e+00  0.000000000000000e+00  6.704130948570403e-09 -8.058534341441519e-12  5.089378012468580e-12 -2.851652064812725e-15 
 3.589219346450125e-01  1.000000000000000e+00  0.000000000000000e+00  6.704350565105440e-09 -8.152106746545001e-12  5.089377973786926e-12 -2.884672616648254e-15 
 3.630780547701087e-01  1.000000000000000e+00  0.000000000000000e+00  6.704167034733338e-09 -8.246284638673815e-12  5.089377934209229e-12 -2.918075527651012e-15 
 3.672823004980922e-01  1.000000000000000e+00  0.000000000000000e+00  6.704296511278858e-09 -8.341928445069975e-12  5.089377893705710e-12 -2.951865225305227e-15 
 3.715352290971802e-01  1.000000000000000e+00  0.000000000000000e+00  6.704319864140535e-09 -8.438551936439099e-12  5.089377852258791e-12 -2.986046188358515e-15 
 3.758374042884519e-01  1.000000000000000e+00  0.000000000000000e+00  6.704337835476383e-09 -8.536287871792244e-12  5.089377809851309e-12 -3.020622947422879e-15 
 3.801893963205691e-01  1.000000000000000e+00  0.000000000000000e+00  6.704244673893783e-09 -8.635017182023816e-12  5.089377766449969e-12 -3.055600085567627e-15 
 3.845917820453616e-01  1.000000000000000e+00  0.000000000000000e+00  6.704233754700367e-09 -8.734992278895487e-12  5.089377722039469e-12 -3.090982238926028e-15 
 3.890451449942888e-01  1.000000000000000e+00  0.000000000000000e+00  6.704242023922471e-09 -8.836149131103450e-12  5.089377676591685e-12 -3.126774097322964e-15 
 3.935500754557857e-01  1.000000000000000e+00  0.000000000000000e+00  6.704344419249557e-09 -8.938599458353301e-12  5.089377630091727e-12 -3.162980404892492e-15 
 3.981071705535056e-01  1.000000000000000e+00  0.000000000000000e+00  6.704283034553019e-09 -9.042022921091067e-12  5.089377582501545e-12 -3.199605960682475e-15 
 4.027170343254676e-01  1.000000000000000e+00  0.000000000000000e+00  6.704212030857538e-09 -9.146630888118432e-12  5.089377533809558e-12 -3.236655619330705e-15 
 4.073802778041214e-01  1.000000000000000e+00  0.000000000000000e+00  6.704156003469904e-09 -9.252468846582050e-12  5.089377483980405e-12 -3.274134291670347e-15 
 4.120975190973390e-01  1.000000000000000e+00  0.000000000000000e+00  6.704403370453462e-09 -9.359942560165351e-12  5.089377432988856e-12 -3.312046945409290e-15 
 4.168693834703443e-01  1.000000000000000e+00  0.000000000000000e+00  6.704199130541274e-09 -9.468045604223830e-12  5.089377380814439e-12 -3.350398605780827e-15 
 4.216965034285913e-01  1.000000000000000e+00  0.000000000000000e+00  6.704153286091073e-09 -9.577616902548540e-12  5.089377327419723e-12 -3.389194356186254e-15 
 4.265795188016018e-01  1.000000000000000e+00  0.000000000000000e+00  6.704191392315953e-09 -9.688573495204813e-12  5.089377272783410e-12 -3.428439338913806e-15 
 4.315190768277745e-01  1.000000000000000e+00  0.000000000000000e+00  6.704296035312215e-09 -9.800910871188810e-12  5.089377216872825e-12 -3.468138755774795e-15 
 4.365158322401754e-01  1.000000000000000e+00  0.000000000000000e+00  6.704283908928334e-09 -9.914382388333494e-12  5.089377159665014e-12 -3.508297868825778e-15 
 4.415704473533221e-01  1.000000000000000e+00  0.000000000000000e+00  6.704292050767479e-09 -1.002919680437119e-11  5.089377101118617e-12 -3.548922001046294e-15 
 4.466835921509728e-01  1.000000000000000e+00  0.000000000000000e+00  6.704248856714358e-09 -1.014526663534302e-11  5.089377041210062e-12 -3.590016537053763e-15 
 4.518559443749322e-01  1.000000000000000e+00  0.000000000000000e+00  6.704190365323181e-09 -1.026265689013680e-11  5.089376979908327e-12 -3.631586923820401e-15 
 4.570881896148850e-01  1.000000000000000e+00  0.000000000000000e+00  6.704452933934617e-09 -1.038188651901692e-11  5.089376917179292e-12 -3.673638671378829e-15 
 4.623810213992704e-01  1.000000000000000e+00  0.000000000000000e+00  6.704147309052772e-09 -1.050163959183593e-11  5.089376852984493e-12 -3.716177353562822e-15 
 4.677351412872084e-01  1.000000000000000e+00  0.000000000000000e+00  6.704422988964224e-09 -1.062366601683010e-11  5.089376787296012e-12 -3.759208608760974e-15 
 4.731512589614909e-01  1.000000000000000e+00  0.000000000000000e+00  6.704413103159447e-09 -1.074666668898320e-11  5.089376720080557e-12 -3.802738140638469e-15 
 4.786300923226489e-01  1.000000000000000e+00  0.000000000000000e+00  6.704311169908569e-09 -1.087094730099724e-11  5.089376651296353e-12 -3.846771718897612e-15 
 4.841723675841101e-01  1.000000000000000e+00  0.000000000000000e+00  6.704433836323004e-09 -1.099702183957006e-11  5.089376580912382e-12 -3.891315180062203e-15 
 4.897788193684571e-01  1.000000000000000e+00  0.000000000000000e+00  6.704262808236547e-09 -1.112408617630557e-11  5.089376508888111e-12 -3.936374428233625e-15 
 4.954501908048012e-01  1.000000000000000e+00  0.000000000000000e+00  6.704084048115217e-09 -1.125260596730603e-11  5.089376435187353e-12 -3.981955435870371e-15 
 5.011872336272835e-01  1.000000000000000e+00  0.000000000000000e+00  6.704378011152864e-09 -1.138338883260915e-11  5.089376359767299e-12 -4.028064244591793e-15 
 5.069907082747157e-01  1.000000000000000e+00  0.000000000000000e+00  6.704329320939896e-09 -1.151512127974363e-11  5.089376282589900e-12 -4.074706965966111e-15 
 5.128613839913764e-01  1.000000000000000e+00  0.000000000000000e+00  6.704159698870445e-09 -1.164817461924215e-11  5.089376203616693e-12 -4.121889782344857e-15 
 5.188000389289728e-01  1.000000000000000e+00  0.000000000000000e+00  6.704179833220393e-09 -1.178308866170916e-11  5.089376122804456e-12 -4.169618947649267e-15 
 5.248074602497844e-01  1.000000000000000e+00  0.000000000000000e+00  6.704308762285857e-09 -1.191975203273994e-11  5.089376040105419e-12 -4.217900788211192e-15 
 5.308844442310003e-01  1.000000000000000e+00  0.000000000000000e+00  6.704221231518388e-09 -1.205762383165598e-11  5.089375955485877e-12 -4.266741703640669e-15 
 5.370317963702649e-01  1.000000000000000e+00  0.000000000000000e+00  6.704287315541801e-09 -1.219736121658451e-11  5.089375868890613e-12 -4.316148167618768e-15 
 5.432503314924455e-01  1.000000000000000e+00  0.000000000000000e+00  6.704226678876648e-09 -1.233849152990255e-11  5.089375780283440e-12 -4.366126728802326e-15 
 5.495408738576371e-01  1.000000000000000e+00  0.000000000000000e+00  6.704196306188513e-09 -1.248130948883671e-11  5.089375689611830e-12 -4.416684011670508e-15 
 5.559042572704163e-01  1.000000000000000e+00  0.000000000000000e+00  6.704311384044633e-09 -1.262604681580004e-11  5.089375596823051e-12 -4.467826717399655e-15 
 5.623413251903620e-01  1.000000000000000e+00  0.000000000000000e+00  6.704109409697756e-09 -1.277187667692300e-11  5.089375501877813e-12 -4.519561624776486e-15 
 5.688529308438545e-01  1.000000000000000e+00  0.000000000000000e+00  6.704299866607144e-09 -1.292012346010170e-11  5.089375404719040e-12 -4.571895591060829e-15 
 5.754399373371701e-01  1.000000000000000e+00  0.000000000000000e+00  6.704286109269599e-09 -1.306970524257364e-11  5.089375305298134e-12 -4.624835552925486e-15 
 5.821032177708848e-01  1.000000000000000e+00  0.000000000000000e+00  6.704345543858057e-09 -1.322115987802102e-11  5.089375203557400e-12 -4.678388527347632e-15 
 5.888436553556026e-01  1.000000000000000e+00  0.000000000000000e+00  6.704324732748009e-09 -1.337421306589264e-11  5.089375099451964e-12 -4.732561612574937e-15 
 5.956621435290242e-01  1.000000000000000e+00  0.000000000000000e+00  6.704301604710647e-09 -1.352903408730660e-11  5.089374992917718e-12 -4.787361989019390e-15 
 6.025595860743718e-01  1.000000000000000e+00  0.000000000000000e+00  6.704149847212299e-09 -1.368539250755392e-11  5.089374883904206e-12 -4.842796920254521e-15 
 6.095368972401833e-01  1.000000000000000e+00  0.000000000000000e+00  6.704409766259724e-09 -1.384438197605935e-11  5.089374772349801e-12 -4.898873753943149e-15 
 6.165950018614965e-01  1.000000000000000e+00  0.000000000000000e+00  6.704201250407686e-09 -1.400427025836277e-11  5.089374658198877e-12 -4.955599922839453e-15 
 6.237348354824338e-01  1.000000000000000e+00  0.000000000000000e+00  6.704352694324300e-09 -1.416674204296601e-11  5.089374541386705e-12 -5.012982945747014e-15 
 6.309573444802080e-01  1.000000000000000e+00  0.000000000000000e+00  6.704176334357881e-09 -1.433041971329853e-11  5.089374421853110e-12 -5.071030428537038e-15 
 6.382634861905636e-01  1.000000000000000e+00  0.000000000000000e+00  6.704151028698244e-09 -1.449630592575206e-11  5.089374299541014e-12 -5.129750065148002e-15 
 6.456542290346706e-01  1.000000000000000e+00  0.000000000000000e+00  6.704173368089575e-09 -1.466421167579793e-11  5.089374174378248e-12 -5.189149638590144e-15 
 6.531305526474876e-01  1.000000000000000e+00  0.000000000000000e+00  6.704375535084817e-09 -1.483445005619192e-11  5.089374046298429e-12 -5.249237022015386e-15 
 6.606934480076115e-01  1.000000000000000e+00  0.000000000000000e+00  6.704140288650081e-09 -1.500571378587337e-11  5.089373915233315e-12 -5.310020179708902e-15 
 6.683439175686303e-01  1.000000000000000e+00  0.000000000000000e+00  6.704141549618102e-09 -1.517947467397529e-11  5.089373781116526e-12 -5.371507168201446e-15 
 6.760829753919977e-01  1.000000000000000e+00  0.000000000000000e+00  6.704286652823693e-09 -1.535556629129232e-11  5.089373643876715e-12 -5.433706137289197e-15 
 6.839116472814455e-01  1.000000000000000e+00  0.000000000000000e+00  6.704222160203004e-09 -1.553323030469823e-11  5.089373503437991e-12 -5.496625331138814e-15 
 6.918309709189528e-01  1.000000000000000e+00  0.000000000000000e+00  6.704211073614587e-09 -1.571307215043405e-11  5.089373359729422e-12 -5.560273089361809e-15 
 6.998419960022901e-01  1.000000000000000e+00  0.000000000000000e+00  6.704256484774390e-09 -1.589512521377746e-11  5.089373212675527e-12 -5.624657848152719e-15 
 7.079457843841548e-01  1.000000000000000e+00  0.000000000000000e+00  6.704191004579129e-09 -1.607902963549921e-11  5.089373062193382e-12 -5.689788141369945e-15 
 7.161434102129192e-01  1.000000000000000e+00  0.000000000000000e+00  6.704149582717755e-09 -1.626511857607473e-11  5.089372908208542e-12 -5.755672601685230e-15 
 7.244359600750074e-01  1.000000000000000e+00  0.000000000000000e+00  6.704266852391489e-09 -1.645373922615570e-11  5.089372750635184e-12 -5.822319961729927e-15 
 7.328245331389217e-01  1.000000000000000e+00  0.000000000000000e+00  6.704213249207529e-09 -1.664413504944662e-11  5.089372589392661e-12 -5.889739055235602e-15 
 7.413102413009354e-01  1.000000000000000e+00  0.000000000000000e+00  6.704260624155090e-09 -1.683698087787014e-11  5.089372424395771e-12 -5.957938818231181e-15 
 7.498942093324740e-01  1.000000000000000e+00  0.000000000000000e+00  6.704220930497981e-09 -1.703184631657226e-11  5.089372255551044e-12 -6.026928290194864e-15 
 7.585775750292022e-01  1.000000000000000e+00  0.000000000000000e+00  6.704200659514359e-09 -1.722901477213669e-11  5.089372082773280e-12 -6.096716615281168e-15 
 7.673614893618377e-01  1.000000000000000e+00  0.000000000000000e+00  6.704237509130551e-09 -1.742861081261274e-11  5.089371905974178e-12 -6.167313043520495e-15 
 7.762471166287107e-01  1.000000000000000e+00  0.000000000000000e+00  6.704268394258557e-09 -1.763050324606013e-11  5.089371725055922e-12 -6.238726932036480e-15 
 7.852356346100910e-01  1.000000000000000e+00  0.000000000000000e+00  6.704417230709987e-09 -1.783503889113472e-11  5.089371539925870e-12 -6.310967746293223e-15 
 7.943282347243010e-01  1.000000000000000e+00  0.000000000000000e+00  6.704205348534962e-09 -1.804100637233046e-11  5.089371350481244e-12 -6.384045061366756e-15 
 8.035261221856370e-01  1.000000000000000e+00  0.000000000000000e+00  6.704241919618813e-09 -1.825000741672911e-11  5.089371156625264e-12 -6.457968563176123e-15 
 8.128305161641193e-01  1.000000000000000e+00  0.000000000000000e+00  6.704144190647662e-09 -1.846107174641585e-11  5.089370958252877e-12 -6.532748049793616e-15 
 8.222426499470915e-01  1.000000000000000e+00  0.000000000000000e+00  6.704228710012974e-09 -1.867506956663541e-11  5.089370755260066e-12 -6.608393432749367e-15 
 8.317637711026916e-01  1.000000000000000e+00  0.000000000000000e+00  6.704164227012297e-09 -1.889114038164128e-11  5.089370547538264e-12 -6.684914738316544e-15 
 8.413951416452160e-01  1.000000000000000e+00  0.000000000000000e+00  6.704306401622804e-09 -1.911028231577636e-11  5.089370334978489e-12 -6.762322108861176e-15 
 8.511380382023976e-01  1.000000000000000e+00  0.000000000000000e+00  6.704241035754338e-09 -1.933138590355387e-11  5.089370117469072e-12 -6.840625804187129e-15 
 8.609937521846222e-01  1.000000000000000e+00  0.000000000000000e+00  6.704196927189748e-09 -1.955510817040638e-11  5.089369894889038e-12 -6.919836202877040e-15 
 8.709635899561025e-01  1.000000000000000e+00  0.000000000000000e+00  6.704311297189558e-09 -1.978187330749226e-11  5.089369667128166e-12 -6.999963803690615e-15 
 8.810488730080362e-01  1.000000000000000e+00  0.000000000000000e+00  6.704080802036932e-09 -2.001026967472848e-11  5.089369434059688e-12 -7.081019226937062e-15 
 8.912509381337680e-01  1.000000000000000e+00  0.000000000000000e+00  6.704188471292401e-09 -2.024229206288465e-11  5.089369195563252e-12 -7.163013215890352e-15 
 9.015711376059796e-01  1.000000000000000e+00  0.000000000000000e+00  6.704149719119497e-09 -2.047657293762561e-11  5.089368951512091e-12 -7.245956638214968e-15 
 9.120108393559329e-01  1.000000000000000e+00  0.000000000000000e+00  6.704202794618371e-09 -2.071383888449205e-11  5.089368701774270e-12 -7.329860487395709e-15 
 9.225714271547866e-01  1.000000000000000e+00  0.000000000000000e+00  6.704235712066887e-09 -2.095379307617900e-11  5.089368446217026e-12 -7.414735884195745e-15 
 9.332543007970148e-01  1.000000000000000e+00  0.000000000000000e+00  6.704314839690996e-09 -2.119666959410596e-11  5.089368184714629e-12 -7.500594078180937e-15 
 9.440608762859475e-01  1.000000000000000e+00  0.000000000000000e+00  6.704292822260142e-09 -2.144204761422276e-11  5.089367917121907e-12 -7.587446449096306e-15 
 9.549925860214604e-01  1.000000000000000e+00  0.000000000000000e+00  6.704174829415717e-09 -2.168996465193318e-11  5.089367643289969e-12 -7.675304508467893e-15 
 9.660508789898382e-01  1.000000000000000e+00  0.000000000000000e+00  6.704116294420600e-09 -2.194093661010889e-11  5.089367363083364e-12 -7.764179901129489e-15 
 9.772372209558359e-01  1.000000000000000e+00  0.000000000000000e+00  6.704173655881325e-09 -2.219518525704922e-11  5.089367076346788e-12 -7.854084406687971e-15 
 9.885530946569644e-01  1.000000000000000e+00  0.000000000000000e+00  6.704255338097070e-09 -2.245245855984312e-11  5.089366782935278e-12 -7.945029941188973e-15 
 1.000000000000026e+00  1.000000000000000e+00  0.000000000000000e+00  6.704090804458571e-09 -2.271190522740067e-11  5.089366482686294e-12 -8.037028558591108e-15 
 1.011579454259925e+00  1.000000000000000e+00  0.000000000000000e+00  6.704081661297830e-09 -2.297486696034707e-11  5.089366175443704e-12 -8.130092452436488e-15 
 1.023292992280781e+00  1.000000000000000e+00  0.000000000000000e+00  6.704177306509984e-09 -2.324122402662873e-11  5.089365861044967e-12 -8.224233957437228e-15 
 1.035142166679371e+00  1.000000000000000e+00  0.000000000000000e+00  6.704096398210546e-09 -2.351006990708710e-11  5.089365539322374e-12 -8.319465551104764e-15 
 1.047128548050927e+00  1.000000000000000e+00  0.000000000000000e+00  6.704183564836219e-09 -2.378260391684947e-11  5.089365210111107e-12 -8.415799855433302e-15 
 1.059253725177317e+00  1.000000000000000e+00  0.000000000000000e+00  6.704083920200059e-09 -2.405764635801446e-11  5.089364873224639e-12 -8.513249638512974e-15 
 1.071519305237635e+00  1.000000000000000e+00  0.000000000000000e+00  6.704219122994086e-09 -2.433669695712353e-11  5.089364528492776e-12 -8.611827816302139e-15 
 1.083926914021232e+00  1.000000000000000e+00  0.000000000000000e+00  6.704266426048130e-09 -2.461867070188768e-11  5.089364175736227e-12 -8.711547454267206e-15 
 1.096478196143214e+00  1.000000000000000e+00  0.000000000000000e+00  6.703907470794584e-09 -2.490244910550528e-11  5.089363814755849e-12 -8.812421769113737e-15 
 1.109174815262431e+00  1.000000000000000e+00  0.000000000000000e+00  6.704094279563120e-09 -2.519148619990209e-11  5.089363445370074e-12 -8.914464130629018e-15 
 1.122018454301993e+00  1.000000000000000e+00  0.000000000000000e+00  6.704266908876420e-09 -2.548382527712269e-11  5.089363067380794e-12 -9.017688063348543e-15 
 1.135010815672345e+00  1.000000000000000e+00  0.000000000000000e+00  6.704062103401442e-09 -2.577815085181485e-11  5.089362680588865e-12 -9.122107248374354e-15 
 1.148153621496913e+00  1.000000000000000e+00  0.000000000000000e+00  6.704250594305715e-09 -2.607735858992085e-11  5.089362284782942e-12 -9.227735525231353e-15 
 1.161448613840374e+00  1.000000000000000e+00  0.000000000000000e+00  6.704118847929535e-09 -2.637881699211403e-11  5.089361879759745e-12 -9.334586893638790e-15 
 1.174897554939561e+00  1.000000000000000e+00  0.000000000000000e+00  6.704328286892114e-09 -2.668507920535456e-11  5.089361465299452e-12 -9.442675515412622e-15 
 1.188502227437050e+00  1.000000000000000e+00  0.000000000000000e+00  6.704206090761112e-09 -2.699360186591952e-11  5.089361041188649e-12 -9.552015716316162e-15 
 1.202264434617445e+00  1.000000000000000e+00  0.000000000000000e+00  6.704166063760590e-09 -2.730601299026269e-11  5.089360607198208e-12 -9.662621987976171e-15 
 1.216186000646401e+00  1.000000000000000e+00  0.000000000000000e+00  6.704199758457257e-09 -2.762233639528441e-11  5.089360163101894e-12 -9.774508989772281e-15 
 1.230268770812415e+00  1.000000000000000e+00  0.000000000000000e+00  6.704072225732077e-09 -2.794167311818686e-11  5.089359708655276e-12 -9.887691550782168e-15 
 1.244514611771419e+00  1.000000000000000e+00  0.000000000000000e+00  6.704311579497111e-09 -2.826620065243753e-11  5.089359243631293e-12 -1.000218467180911e-14 
 1.258925411794201e+00  1.000000000000000e+00  0.000000000000000e+00  6.704087931668479e-09 -2.859258346085828e-11  5.089358767772071e-12 -1.011800352726900e-14 
 1.273503081016697e+00  1.000000000000000e+00  0.000000000000000e+00  6.703871457717070e-09 -2.892276541929715e-11  5.089358280828835e-12 -1.023516346727201e-14 
 1.288249551693169e+00  1.000000000000000e+00  0.000000000000000e+00  6.704186416348670e-09 -2.925900783013769e-11  5.089357782539991e-12 -1.035368001962110e-14 
 1.303166778452335e+00  1.000000000000000e+00  0.000000000000000e+00  6.704188168302049e-09 -2.959781808890615e-11  5.089357272646422e-12 -1.047356889190580e-14 
 1.318256738556443e+00  1.000000000000000e+00  0.000000000000000e+00  6.704025333735346e-09 -2.993984003598578e-11  5.089356750875988e-12 -1.059484597351846e-14 
 1.333521432163361e+00  1.000000000000000e+00  0.000000000000000e+00  6.704196051257760e-09 -3.028727444572069e-11  5.089356216951169e-12 -1.071752733783533e-14 
 1.348962882591691e+00  1.000000000000000e+00  0.000000000000000e+00  6.704154589067181e-09 -3.063780023094160e-11  5.089355670596306e-12 -1.084162924430301e-14 
 1.364583136588962e+00  1.000000000000000e+00  0.000000000000000e+00  6.704166917369587e-09 -3.099262548179138e-11  5.089355111510307e-12 -1.096716814054044e-14 
 1.380384264602923e+00  1.000000000000000e+00  0.000000000000000e+00  6.704086927381594e-09 -3.135114083468376e-11  5.089354539399935e-12 -1.109416066461838e-14 
 1.396368361055977e+00  1.000000000000000e+00  0.000000000000000e+00  6.704190475157084e-09 -3.171464323174939e-11  5.089353953965131e-12 -1.122262364724055e-14 
 1.412537544622794e+00  1.000000000000000e+00  0.000000000000000e+00  6.704125263887971e-09 -3.208158016305812e-11  5.089353354896737e-12 -1.135257411386966e-14 
 1.428893958511143e+00  1.000000000000000e+00  0.000000000000000e+00  6.704263271052449e-09 -3.245371344090415e-11  5.089352741868222e-12 -1.148402928710563e-14 
 1.445439770745968e+00  1.000000000000000e+00  0.000000000000000e+00  6.704149233079719e-09 -3.282897004433263e-11  5.089352114564223e-12 -1.161700658893119e-14 
 1.462177174456759e+00  1.000000000000000e+00  0.000000000000000e+00  6.704089929913278e-09 -3.320882870475199e-11  5.089351472647666e-12 -1.175152364298506e-14 
 1.479108388168249e+00  1.000000000000000e+00  0.000000000000000e+00  6.704092458496856e-09 -3.359338052983189e-11  5.089350815783955e-12 -1.188759827691906e-14 
 1.496235656094476e+00  1.000000000000000e+00  0.000000000000000e+00  6.704037530219798e-09 -3.398210284247776e-11  5.089350143613681e-12 -1.202524852472619e-14 
 1.513561248436251e+00  1.000000000000000e+00  0.000000000000000e+00  6.704117201390429e-09 -3.437599155072790e-11  5.089349455789220e-12 -1.216449262921893e-14 
 1.531087461682074e+00  1.000000000000000e+00  0.000000000000000e+00  6.704139797504240e-09 -3.477416205492184e-11  5.089348751945166e-12 -1.230534904432661e-14 
 1.548816618912526e+00  1.000000000000000e+00  0.000000000000000e+00  6.704109008757991e-09 -3.517667165694678e-11  5.089348031707633e-12 -1.244783643761249e-14 
 1.566751070108194e+00  1.000000000000000e+00  0.000000000000000e+00  6.703985156397577e-09 -3.558336135987872e-11  5.089347294689087e-12 -1.259197369273755e-14 
 1.584893192461159e+00  1.000000000000000e+00  0.000000000000000e+00  6.704073392462508e-09 -3.599585387557499e-11  5.089346540501373e-12 -1.273777991191938e-14 
 1.603245390690088e+00  1.000000000000000e+00  0.000000000000000e+00  6.704237731100460e-09 -3.641353444901674e-11  5.089345768752408e-12 -1.288527441853328e-14 
 1.621810097358977e+00  1.000000000000000e+00  0.000000000000000e+00  6.704097593763393e-09 -3.683443619019616e-11  5.089344979030049e-12 -1.303447675958417e-14 
 1.640589773199587e+00  1.000000000000000e+00  0.000000000000000e+00  6.704133810372330e-09 -3.726115498082916e-11  5.089344170908712e-12 -1.318540670836251e-14 
 1.659586907437609e+00  1.000000000000000e+00  0.000000000000000e+00  6.704391194665803e-09 -3.769402100947936e-11  5.089343343962812e-12 -1.333808426700025e-14 
 1.678804018122609e+00  1.000000000000000e+00  0.000000000000000e+00  6.704070360268979e-09 -3.812872856945436e-11  5.089342497755805e-12 -1.349252966920597e-14 
 1.698243652461794e+00  1.000000000000000e+00  0.000000000000000e+00  6.704103225708086e-09 -3.857042228278506e-11  5.089341631836256e-12 -1.364876338282561e-14 
 1.717908387157638e+00  1.000000000000000e+00  0.000000000000000e+00  6.704143369755037e-09 -3.901727289933259e-11  5.089340745750871e-12 -1.380680611269074e-14 
 1.737800828749426e+00  1.000000000000000e+00  0.000000000000000e+00  6.704071778549397e-09 -3.946866201305815e-11  5.089339839024642e-12 -1.396667880319540e-14 
 1.757923613958744e+00  1.000000000000000e+00  0.000000000000000e+00  6.704015876501445e-09 -3.992536720292265e-11  5.089338911180905e-12 -1.412840264122520e-14 
 1.778279410038975e+00  1.000000000000000e+00  0.000000000000000e+00  6.704015832937214e-09 -4.038768131671566e-11  5.089337961721284e-12 -1.429199905883595e-14 
 1.798870915128841e+00  1.000000000000000e+00  0.000000000000000e+00  6.704019614604308e-09 -4.085537086291276e-11  5.089336990148438e-12 -1.445748973618432e-14 
 1.819700858610037e+00  1.000000000000000e+00  0.000000000000000e+00  6.704059767764577e-09 -4.132869285071640e-11  5.089335995945170e-12 -1.462489660433573e-14 
 1.840772001469010e+00  1.000000000000000e+00  0.000000000000000e+00  6.703868287329639e-09 -4.180610086685728e-11  5.089334978584361e-12 -1.479424184818051e-14 
 1.862087136662923e+00  1.000000000000000e+00  0.000000000000000e+00  6.703946230589353e-09 -4.229066758288708e-11  5.089333937527929e-12 -1.496554790939687e-14 
 1.883649089489857e+00  1.000000000000000e+00  0.000000000000000e+00  6.703895394276876e-09 -4.278005662655236e-11  5.089332872220423e-12 -1.513883748934925e-14 
 1.905460717963304e+00  1.000000000000000e+00  0.000000000000000e+00  6.704070367511157e-09 -4.327652198599439e-11  5.089331782098119e-12 -1.531413355219675e-14 
 1.927524913190994e+00  1.000000000000000e+00  0.000000000000000e+00  6.703799523131872e-09 -4.377592726129756e-11  5.089330666587160e-12 -1.549145932782213e-14 
 1.949844599758104e+00  1.000000000000000e+00  0.000000000000000e+00  6.703918462349014e-09 -4.428359103495523e-11  5.089329525090530e-12 -1.567083831499035e-14 
 1.972422736114913e+00  1.000000000000000e+00  0.000000000000000e+00  6.703919460884071e-09 -4.479637603422792e-11  5.089328357009141e-12 -1.585229428441975e-14 
 1.995262314968940e+00  1.000000000000000e+00  0.000000000000000e+00  6.703948974815669e-09 -4.531528564277081e-11  5.089327161718680e-12 -1.603585128188077e-14 
 2.018366363681622e+00  1.000000000000000e+00  0.000000000000000e+00  6.703887566700275e-09 -4.583960670244222e-11  5.089325938583666e-12 -1.622153363146750e-14 
 2.041737944669591e+00  1.000000000000000e+00  0.000000000000000e+00  6.703997284212439e-09 -4.637113789776190e-11  5.089324686965721e-12 -1.640936593879010e-14 
 2.065380155810592e+00  1.000000000000000e+00  0.000000000000000e+00  6.703924414363751e-09 -4.690759797441229e-11  5.089323406191520e-12 -1.659937309414941e-14 
 2.089296130854103e+00  1.000000000000000e+00  0.000000000000000e+00  6.703867315759457e-09 -4.745037004092596e-11  5.089322095580295e-12 -1.679158027588121e-14 
 2.113489039836711e+00  1.000000000000000e+00  0.000000000000000e+00  6.703777860551216e-09 -4.799919996201771e-11  5.089320754446311e-12 -1.698601295377807e-14 
 2.137962089502297e+00  1.000000000000000e+00  0.000000000000000e+00  6.703803386123311e-09 -4.855518440113397e-11  5.089319382071991e-12 -1.718269689229140e-14 
 2.162718523727087e+00  1.000000000000000e+00  0.000000000000000e+00  6.703990459204008e-09 -4.911875542397533e-11  5.089317977737480e-12 -1.738165815403731e-14 
 2.187761623949620e+00  1.000000000000000e+00  0.000000000000000e+00  6.703842499678941e-09 -4.968646024135925e-11  5.089316540683219e-12 -1.758292310320709e-14 
 2.213094709605706e+00  1.000000000000000e+00  0.000000000000000e+00  6.703967953827672e-09 -5.026271325065887e-11  5.089315070159370e-12 -1.778651840908757e-14 
 2.238721138568408e+00  1.000000000000000e+00  0.000000000000000e+00  6.703890703361124e-09 -5.084416076109331e-11  5.089313565383625e-12 -1.799247104958636e-14 
 2.264644307593129e+00  1.000000000000000e+00  0.000000000000000e+00  6.703923835654104e-09 -5.143315756006925e-11  5.089312025562927e-12 -1.820080831472634e-14 
 2.290867652767844e+00  1.000000000000000e+00  0.000000000000000e+00  6.704112214805888e-09 -5.203014160617559e-11  5.089310449871748e-12 -1.841155781031306e-14 
 2.317394649968550e+00  1.000000000000000e+00  0.000000000000000e+00  6.703905020473800e-09 -5.263104601487428e-11  5.089308837483528e-12 -1.862474746161342e-14 
 2.344228815319995e+00  1.000000000000000e+00  0.000000000000000e+00  6.703783424908070e-09 -5.323955090993321e-11  5.089307187537380e-12 -1.884040551694711e-14 
 2.371373705661729e+00  1.000000000000000e+00  0.000000000000000e+00  6.703730015432059e-09 -5.385561690912844e-11  5.089305499156077e-12 -1.905856055148973e-14 
 2.398832919019565e+00  1.000000000000000e+00  0.000000000000000e+00  6.703657604772723e-09 -5.447866568675664e-11  5.089303771455985e-12 -1.927924147110011e-14 
 2.426610095082491e+00  1.000000000000000e+00  0.000000000000000e+00  6.703784925077055e-09 -5.511051647912007e-11  5.089302003508593e-12 -1.950247751598765e-14 
 2.454708915685107e+00  1.000000000000000e+00  0.000000000000000e+00  6.703685062464455e-09 -5.574786083595746e-11  5.089300194378153e-12 -1.972829826464958e-14 
 2.483133105295648e+00  1.000000000000000e+00  0.000000000000000e+00  6.703726774394402e-09 -5.639373201255105e-11  5.089298343112373e-12 -1.995673363791955e-14 
 2.511886431509659e+00  1.000000000000000e+00  0.000000000000000e+00  6.703646635502425e-09 -5.704607918034608e-11  5.089296448727736e-12 -2.018781390269969e-14 
 2.540972705549385e+00  1.000000000000000e+00  0.000000000000000e+00  6.703753492611475e-09 -5.770753302777374e-11  5.089294510221906e-12 -2.042156967604154e-14 
 2.570395782768945e+00  1.000000000000000e+00  0.000000000000000e+00  6.703702556154050e-09 -5.837532587955806e-11  5.089292526558838e-12 -2.065803192921899e-14 
 2.600159563165354e+00  1.000000000000000e+00  0.000000000000000e+00  6.703668948809041e-09 -5.905099294308004e-11  5.089290496690702e-12 -2.089723199178659e-14 
 2.630267991895465e+00  1.000000000000000e+00  0.000000000000000e+00  6.703596303344540e-09 -5.973414399025803e-11  5.089288419545678e-12 -2.113920155577365e-14 
 2.660725059798894e+00  1.000000000000000e+00  0.000000000000000e+00  6.703595787930312e-09 -6.042583211983686e-11  5.089286294022376e-12 -2.138397267975064e-14 
 2.691534803927001e+00  1.000000000000000e+00  0.000000000000000e+00  6.703900703420220e-09 -6.112822440619183e-11  5.089284118985284e-12 -2.163157779316222e-14 
 2.722701308077999e+00  1.000000000000000e+00  0.000000000000000e+00  6.703887818678338e-09 -6.183593732330921e-11  5.089281893292064e-12 -2.188204970062794e-14 
 2.754228703338254e+00  1.000000000000000e+00  0.000000000000000e+00  6.703573386709836e-09 -6.254912098610306e-11  5.089279615754058e-12 -2.213542158611043e-14 
 2.786121168629859e+00  1.000000000000000e+00  0.000000000000000e+00  6.703714094736747e-09 -6.327469539429276e-11  5.089277285173303e-12 -2.239172701753275e-14 
 2.818382931264544e+00  1.000000000000000e+00  0.000000000000000e+00  6.703694222577308e-09 -6.400719827570759e-11  5.089274900302823e-12 -2.265099995099508e-14 
 2.851018267504001e+00  1.000000000000000e+00  0.000000000000000e+00  6.703534087234225e-09 -6.474686661382871e-11  5.089272459885096e-12 -2.291327473538886e-14 
 2.884031503126699e+00  1.000000000000000e+00  0.000000000000000e+00  6.703575627168627e-09 -6.549699739017174e-11  5.089269962624759e-12 -2.317858611687192e-14 
 2.917427014001261e+00  1.000000000000000e+00  0.000000000000000e+00  6.703636337785040e-09 -6.625600094519153e-11  5.089267407202458e-12 -2.344696924345679e-14 
 2.951209226666481e+00  1.000000000000000e+00  0.000000000000000e+00  6.703597195570541e-09 -6.702282782107629e-11  5.089264792253758e-12 -2.371845966964739e-14 
 2.985382618918056e+00  1.000000000000000e+00  0.000000000000000e+00  6.703617014753913e-09 -6.779911377184067e-11  5.089262116397682e-12 -2.399309336116953e-14 
 3.019951720402114e+00  1.000000000000000e+00  0.000000000000000e+00  6.703716605787059e-09 -6.858517534177723e-11  5.089259378220991e-12 -2.427090669965281e-14 
 3.054921113215613e+00  1.000000000000000e+00  0.000000000000000e+00  6.703551933669311e-09 -6.937770477151158e-11  5.089256576264746e-12 -2.455193648748392e-14 
 3.090295432513691e+00  1.000000000000000e+00  0.000000000000000e+00  6.703493988109625e-09 -7.018047403551806e-11  5.089253709047673e-12 -2.483621995256608e-14 
 3.126079367124057e+00  1.000000000000000e+00  0.000000000000000e+00  6.703454984583405e-09 -7.099272728201783e-11  5.089250775049208e-12 -2.512379475337914e-14 
 3.162277660168483e+00  1.000000000000000e+00  0.000000000000000e+00  6.703615908660156e-09 -7.181645328784154e-11  5.089247772709493e-12 -2.541469898377133e-14 
 3.198895109691503e+00  1.000000000000000e+00  0.000000000000000e+00  6.703505306322397e-09 -7.264688915330115e-11  5.089244700441377e-12 -2.570897117816800e-14 
 3.235936569296389e+00  1.000000000000000e+00  0.000000000000000e+00  6.703528381194515e-09 -7.348834380209405e-11  5.089241556613660e-12 -2.600665031642152e-14 
 3.273406948788490e+00  1.000000000000000e+00  0.000000000000000e+00  6.703389402116038e-09 -7.433780594492761e-11  5.089238339560399e-12 -2.630777582917510e-14 
 3.311311214826020e+00  1.000000000000000e+00  0.000000000000000e+00  6.703559055342006e-09 -7.520044539467543e-11  5.089235047578223e-12 -2.661238760291632e-14 
 3.349654391578388e+00  1.000000000000000e+00  0.000000000000000e+00  6.703373399176905e-09 -7.606918567836293e-11  5.089231678920748e-12 -2.692052598530858e-14 
 3.388441561392138e+00  1.000000000000000e+00  0.000000000000000e+00  6.703376508142232e-09 -7.695006082075038e-11  5.089228231804777e-12 -2.723223179038032e-14 
 3.427677865464617e+00  1.000000000000000e+00  0.000000000000000e+00  6.703416565176698e-09 -7.784155203492844e-11  5.089224704396866e-12 -2.754754630407303e-14 
 3.467368504525432e+00  1.000000000000000e+00  0.000000000000000e+00  6.703486483315631e-09 -7.874370730246953e-11  5.089221094828207e-12 -2.786651128951121e-14 
 3.507518739525797e+00  1.000000000000000e+00  0.000000000000000e+00  6.703323155405567e-09 -7.965363883778355e-11  5.089217401186978e-12 -2.818916899272160e-14 
 3.548133892335873e+00  1.000000000000000e+00  0.000000000000000e+00  6.703360527453547e-09 -8.057642315298100e-11  5.089213621517517e-12 -2.851556214790644e-14 
 3.589219346450172e+00  1.000000000000000e+00  0.000000000000000e+00  6.703241859993283e-09 -8.150805279572327e-11  5.089209753821978e-12 -2.884573398331128e-14 
 3.630780547701135e+00  1.000000000000000e+00  0.000000000000000e+00  6.703335777758099e-09 -8.245299299030389e-11  5.089205796031581e-12 -2.917972822668892e-14 
 3.672823004980970e+00  1.000000000000000e+00  0.000000000000000e+00  6.703317466760484e-09 -8.340753620031449e-11  5.089201746061417e-12 -2.951758911136104e-14 
 3.715352290971850e+00  1.000000000000000e+00  0.000000000000000e+00  6.703195617948903e-09 -8.437186682847587e-11  5.089197601766193e-12 -2.985936138174680e-14 
 3.758374042884568e+00  1.000000000000000e+00  0.000000000000000e+00  6.703233986145264e-09 -8.534932190667464e-11  5.089193360941060e-12 -3.020509029931785e-14 
 3.801893963205740e+00  1.000000000000000e+00  0.000000000000000e+00  6.703226599427023e-09 -8.633752987873177e-11  5.089189021343530e-12 -3.055482164872143e-14 
 3.845917820453665e+00  1.000000000000000e+00  0.000000000000000e+00  6.703168070034957e-09 -8.733653459537863e-11  5.089184580673009e-12 -3.090860174358032e-14 
 3.890451449942937e+00  1.000000000000000e+00  0.000000000000000e+00  6.703138458072571e-09 -8.834746875644671e-11  5.089180036573891e-12 -3.126647743262884e-14 
 3.935500754557907e+00  1.000000000000000e+00  0.000000000000000e+00  6.703280676096066e-09 -8.937232027481578e-11  5.089175386634533e-12 -3.162849610595869e-14 
 3.981071705535107e+00  1.000000000000000e+00  0.000000000000000e+00  6.703186422573892e-09 -9.040597319668462e-11  5.089170628400689e-12 -3.199470570129717e-14 
 4.027170343254728e+00  1.000000000000000e+00  0.000000000000000e+00  6.703069569740786e-09 -9.145128091594330e-11  5.089165759337877e-12 -3.236515470998157e-14 
 4.073802778041266e+00  1.000000000000000e+00  0.000000000000000e+00  6.702970362695606e-09 -9.250891188816936e-11  5.089160776870879e-12 -3.273989218376406e-14 
 4.120975190973442e+00  1.000000000000000e+00  0.000000000000000e+00  6.702839718593237e-09 -9.357834938112229e-11  5.089155678356024e-12 -3.311896774082488e-14 
 4.168693834703496e+00  1.000000000000000e+00  0.000000000000000e+00  6.703054317845868e-09 -9.466487133359381e-11  5.089150461097117e-12 -3.350243157274847e-14 
 4.216965034285966e+00  1.000000000000000e+00  0.000000000000000e+00  6.702993374339428e-09 -9.576019971556384e-11  5.089145122324758e-12 -3.389033445064650e-14 
 4.265795188016072e+00  1.000000000000000e+00  0.000000000000000e+00  6.703072206679201e-09 -9.687015654458405e-11  5.089139659203371e-12 -3.428272773211465e-14 
 4.315190768277799e+00  1.000000000000000e+00  0.000000000000000e+00  6.703009618506379e-09 -9.799097791482674e-11  5.089134068841134e-12 -3.467966336789847e-14 
 4.365158322401808e+00  1.000000000000000e+00  0.000000000000000e+00  6.703116756479167e-09 -9.912719600370611e-11  5.089128348274050e-12 -3.508119390871767e-14 
 4.415704473533276e+00  1.000000000000000e+00  0.000000000000000e+00  6.702861873093407e-09 -1.002713401115620e-10  5.089122494483739e-12 -3.548737251220663e-14 
 4.466835921509784e+00  1.000000000000000e+00  0.000000000000000e+00  6.702752072163963e-09 -1.014308227796489e-10  5.089116504346559e-12 -3.589825294954479e-14 
 4.518559443749378e+00  1.000000000000000e+00  0.000000000000000e+00  6.702731905550214e-09 -1.026050340651697e-10  5.089110374695856e-12 -3.631388961305963e-14 
 4.570881896148907e+00  1.000000000000000e+00  0.000000000000000e+00  6.702631077692511e-09 -1.037916353209099e-10  5.089104102286600e-12 -3.673433752296362e-14 
 4.623810213992762e+00  1.000000000000000e+00  0.000000000000000e+00  6.702605674031557e-09 -1.049931027687220e-10  5.089097683792079e-12 -3.715965233466640e-14 
 4.677351412872143e+00  1.000000000000000e+00  0.000000000000000e+00  6.702591386255515e-09 -1.062086541020521e-10  5.089091115799137e-12 -3.758989034595769e-14 
 4.731512589614969e+00  1.000000000000000e+00  0.000000000000000e+00  6.702758853521831e-09 -1.074410933181988e-10  5.089084394844784e-12 -3.802510850474914e-14 
 4.786300923226550e+00  1.000000000000000e+00  0.000000000000000e+00  6.702523328674304e-09 -1.086815039302404e-10  5.089077517361803e-12 -3.846536441608279e-14 
 4.841723675841163e+00  1.000000000000000e+00  0.000000000000000e+00  6.702742087728739e-09 -1.099434567726425e-10  5.089070479695503e-12 -3.891071634973400e-14 
 4.897788193684633e+00  1.000000000000000e+00  0.000000000000000e+00  6.702483925194765e-09 -1.112123980197379e-10  5.089063278124605e-12 -3.936122324816015e-14 
 4.954501908048075e+00  1.000000000000000e+00  0.000000000000000e+00  6.702422364827353e-09 -1.124991745863784e-10  5.089055908823813e-12 -3.981694473385155e-14 
 5.011872336272899e+00  1.000000000000000e+00  0.000000000000000e+00  6.702338892264286e-09 -1.138004875437288e-10  5.089048367901862e-12 -4.027794111741261e-14 
 5.069907082747222e+00  1.000000000000000e+00  0.000000000000000e+00  6.702344047848016e-09 -1.151183222668922e-10  5.089040651345686e-12 -4.074427340506788e-14 
 5.128613839913830e+00  1.000000000000000e+00  0.000000000000000e+00  6.702241795170784e-09 -1.164496110028777e-10  5.089032755078732e-12 -4.121600330714060e-14 
 5.188000389289795e+00  1.000000000000000e+00  0.000000000000000e+00  6.702122081338604e-09 -1.177960026853307e-10  5.089024674906779e-12 -4.169319324558787e-14 
 5.248074602497912e+00  1.000000000000000e+00  0.000000000000000e+00  6.702094929430428e-09 -1.191595514193260e-10  5.089016406553719e-12 -4.217590636255027e-14 
 5.308844442310072e+00  1.000000000000000e+00  0.000000000000000e+00  6.702141508262125e-09 -1.205401615424126e-10  5.089007945631772e-12 -4.266420652824565e-14 
 5.370317963702719e+00  1.000000000000000e+00  0.000000000000000e+00  6.702114720412549e-09 -1.219354826872941e-10  5.088999287666097e-12 -4.315815834980963e-14 
 5.432503314924526e+00  1.000000000000000e+00  0.000000000000000e+00  6.702166569727327e-09 -1.233483637137117e-10  5.088990428053434e-12 -4.365782717898901e-14 
 5.495408738576442e+00  1.000000000000000e+00  0.000000000000000e+00  6.701963070046704e-09 -1.247730043497418e-10  5.088981362111527e-12 -4.416327912142171e-14 
 5.559042572704235e+00  1.000000000000000e+00  0.000000000000000e+00  6.702124261541893e-09 -1.262207534165314e-10  5.088972085034664e-12 -4.467458104477284e-14 
 5.623413251903693e+00  1.000000000000000e+00  0.000000000000000e+00  6.702114961667202e-09 -1.276821534790318e-10  5.088962591900087e-12 -4.519180058741371e-14 
 5.688529308438619e+00  1.000000000000000e+00  0.000000000000000e+00  6.701868569201504e-09 -1.291560494886014e-10  5.088952877682465e-12 -4.571500616761765e-14 
 5.754399373371777e+00  1.000000000000000e+00  0.000000000000000e+00  6.701878989338713e-09 -1.306518032576703e-10  5.088942937228051e-12 -4.624426699210978e-14 
 5.821032177708925e+00  1.000000000000000e+00  0.000000000000000e+00  6.701852908091442e-09 -1.321641899452041e-10  5.088932765274528e-12 -4.677965306520473e-14 
 5.888436553556103e+00  1.000000000000000e+00  0.000000000000000e+00  6.701762228903937e-09 -1.336928270244306e-10  5.088922356422061e-12 -4.732123519784099e-14 
 5.956621435290320e+00  1.000000000000000e+00  0.000000000000000e+00  6.701718323242239e-09 -1.352400646608927e-10  5.088911705177550e-12 -4.786908501701600e-14 
 6.025595860743796e+00  1.000000000000000e+00  0.000000000000000e+00  6.701553309614298e-09 -1.368028080486968e-10  5.088900805867778e-12 -4.842327497461366e-14 
 6.095368972401913e+00  1.000000000000000e+00  0.000000000000000e+00  6.701318440770483e-09 -1.383822206405244e-10  5.088889652741563e-12 -4.898387835742743e-14 
 6.165950018615046e+00  1.000000000000000e+00  0.000000000000000e+00  6.701317201387794e-09 -1.399845940429971e-10  5.088878239873605e-12 -4.955096929604612e-14 
 6.237348354824420e+00  1.000000000000000e+00  0.000000000000000e+00  6.701442179140824e-09 -1.416081042956170e-10  5.088866561219282e-12 -5.012462277494154e-14 
 6.309573444802163e+00  1.000000000000000e+00  0.000000000000000e+00  6.701343745227516e-09 -1.432458165874212e-10  5.088854610588594e-12 -5.070491464201346e-14 
 6.382634861905720e+00  1.000000000000000e+00  0.000000000000000e+00  6.701036450813028e-09 -1.448980985600805e-10  5.088842381662707e-12 -5.129192161843817e-14 
 6.456542290346791e+00  1.000000000000000e+00  0.000000000000000e+00  6.701234714216883e-09 -1.465801447192531e-10  5.088829867945774e-12 -5.188572130847837e-14 
 6.531305526474962e+00  1.000000000000000e+00  0.000000000000000e+00  6.700966456580988e-09 -1.482717209423040e-10  5.088817062813938e-12 -5.248639220977763e-14 
 6.606934480076202e+00  1.000000000000000e+00  0.000000000000000e+00  6.701004282829695e-09 -1.499894460788242e-10  5.088803959482664e-12 -5.309401372329312e-14 
 6.683439175686391e+00  1.000000000000000e+00  0.000000000000000e+00  6.700876562803887e-09 -1.517234505256778e-10  5.088790551006944e-12 -5.370866616362233e-14 
 6.760829753920065e+00  1.000000000000000e+00  0.000000000000000e+00  6.700933072472596e-09 -1.534815884233870e-10  5.088776830280055e-12 -5.433043076942692e-14 
 6.839116472814544e+00  1.000000000000000e+00  0.000000000000000e+00  6.700878873770895e-09 -1.552576145077654e-10  5.088762790040592e-12 -5.495938971397279e-14 
 6.918309709189619e+00  1.000000000000000e+00  0.000000000000000e+00  6.700801461863754e-09 -1.570536658043670e-10  5.088748422848066e-12 -5.559562611572183e-14 
 6.998419960022992e+00  1.000000000000000e+00  0.000000000000000e+00  6.700564183648211e-09 -1.588668139656026e-10  5.088733721083316e-12 -5.623922404862004e-14 
 7.079457843841640e+00  1.000000000000000e+00  0.000000000000000e+00  6.700539719369473e-09 -1.607058456015785e-10  5.088718676962987e-12 -5.689026855371679e-14 
 7.161434102129284e+00  1.000000000000000e+00  0.000000000000000e+00  6.700454497070566e-09 -1.625647379143229e-10  5.088703282518433e-12 -5.754884564954983e-14 
 7.244359600750168e+00  1.000000000000000e+00  0.000000000000000e+00  6.700350892932211e-09 -1.644446902369992e-10  5.088687529587863e-12 -5.821504234327990e-14 
 7.328245331389311e+00  1.000000000000000e+00  0.000000000000000e+00  6.700154352105716e-09 -1.663441604839861e-10  5.088671409829989e-12 -5.888894664212913e-14 
 7.413102413009449e+00  1.000000000000000e+00  0.000000000000000e+00  6.700133117673367e-09 -1.682698298518149e-10  5.088654914709547e-12 -5.957064756456731e-14 
 7.498942093324836e+00  1.000000000000000e+00  0.000000000000000e+00  6.700249606201956e-09 -1.702211824750802e-10  5.088638035479516e-12 -6.026023515152410e-14 
 7.585775750292119e+00  1.000000000000000e+00  0.000000000000000e+00  6.700032446286851e-09 -1.721868466692191e-10  5.088620763201175e-12 -6.095780047819573e-14 
 7.673614893618475e+00  1.000000000000000e+00  0.000000000000000e+00  6.699885623420066e-09 -1.741769957674497e-10  5.088603088723632e-12 -6.166343566579356e-14 
 7.762471166287207e+00  1.000000000000000e+00  0.000000000000000e+00  6.699833382306168e-09 -1.761925473821181e-10  5.088585002696437e-12 -6.237723389328614e-14 
 7.852356346101011e+00  1.000000000000000e+00  0.000000000000000e+00  6.699762458155248e-09 -1.782309471427108e-10  5.088566495525329e-12 -6.309928940892807e-14 
 7.943282347243112e+00  1.000000000000000e+00  0.000000000000000e+00  6.699476110305817e-09 -1.802873079639118e-10  5.088547557411114e-12 -6.382969754291974e-14 
 8.035261221856475e+00  1.000000000000000e+00  0.000000000000000e+00  6.699392005651550e-09 -1.823727292692186e-10  5.088528178320710e-12 -6.456855471929801e-14 
 8.128305161641299e+00  1.000000000000000e+00  0.000000000000000e+00  6.699367577118243e-09 -1.844838807601546e-10  5.088508348002454e-12 -6.531595846837628e-14 
 8.222426499471021e+00  1.000000000000000e+00  0.000000000000000e+00  6.699200901964104e-09 -1.866156118485169e-10  5.088488055934610e-12 -6.607200743875799e-14 
 8.317637711027023e+00  1.000000000000000e+00  0.000000000000000e+00  6.699286817570967e-09 -1.887788862252374e-10  5.088467291380373e-12 -6.683680141062963e-14 
 8.413951416452269e+00  1.000000000000000e+00  0.000000000000000e+00  6.699130651747016e-09 -1.909605385417055e-10  5.088446043337828e-12 -6.761044130785184e-14 
 8.511380382024088e+00  1.000000000000000e+00  0.000000000000000e+00  6.698995712959248e-09 -1.931679994391282e-10  5.088424300560212e-12 -6.839302921135583e-14 
 8.609937521846334e+00  1.000000000000000e+00  0.000000000000000e+00  6.698773036408920e-09 -1.953985147879734e-10  5.088402051522625e-12 -6.918466837136371e-14 
 8.709635899561137e+00  1.000000000000000e+00  0.000000000000000e+00  6.698609046372761e-09 -1.976564326745879e-10  5.088379284453667e-12 -6.998546322137944e-14 
 8.810488730080476e+00  1.000000000000000e+00  0.000000000000000e+00  6.698491403479650e-09 -1.999418090145225e-10  5.088355987288495e-12 -7.079551939066764e-14 
 8.912509381337795e+00  1.000000000000000e+00  0.000000000000000e+00  6.698296767615353e-09 -2.022513553596669e-10  5.088332147691572e-12 -7.161494371816058e-14 
 9.015711376059913e+00  1.000000000000000e+00  0.000000000000000e+00  6.698079537008700e-09 -2.045869086263098e-10  5.088307753045497e-12 -7.244384426599676e-14 
 9.120108393559446e+00  1.000000000000000e+00  0.000000000000000e+00  6.698097471971072e-09 -2.069564690507509e-10  5.088282790424540e-12 -7.328233033241335e-14 
 9.225714271547986e+00  1.000000000000000e+00  0.000000000000000e+00  6.697806432921513e-09 -2.093441014312700e-10  5.088257246612630e-12 -7.413051246679050e-14 
 9.332543007970269e+00  1.000000000000000e+00  0.000000000000000e+00  6.697917796488281e-09 -2.117716433612811e-10  5.088231108080400e-12 -7.498850248239508e-14 
 9.440608762859597e+00  1.000000000000000e+00  0.000000000000000e+00  6.697732892023409e-09 -2.142181318996860e-10  5.088204360999665e-12 -7.585641347158017e-14 
 9.549925860214728e+00  1.000000000000000e+00  0.000000000000000e+00  6.697443772136550e-09 -2.166896205771231e-10  5.088176991197305e-12 -7.673435981900051e-14 
 9.660508789898508e+00  1.000000000000000e+00  0.000000000000000e+00  6.697359623838729e-09 -2.191961212903154e-10  5.088148984196213e-12 -7.762245721671507e-14 
 9.772372209558485e+00  1.000000000000000e+00  0.000000000000000e+00  6.697234603835396e-09 -2.217303068372507e-10  5.088120325157596e-12 -7.852082267832013e-14 
 9.885530946569771e+00  1.000000000000000e+00  0.000000000000000e+00  6.696948429433959e-09 -2.242885558784351e-10  5.088090998915510e-12 -7.942957455398724e-14 
 1.000000000000039e+01  1.000000000000000e+00  0.000000000000000e+00  6.696872919304145e-09 -2.268832413392359e-10  5.088060989928266e-12 -8.034883254435721e-14 
 1.011579454259938e+01  1.000000000000000e+00  0.000000000000000e+00  6.696480457860104e-09 -2.294974232272104e-10  5.088030282332400e-12 -8.127871771727117e-14 
 1.023292992280794e+01  1.000000000000000e+00  0.000000000000000e+00  6.696501395525549e-09 -2.321556069296482e-10  5.087998859862441e-12 -8.221935252109591e-14 
 1.035142166679384e+01  1.000000000000000e+00  0.000000000000000e+00  6.696133808794156e-09 -2.348313868531499e-10  5.087966705887714e-12 -8.317086080093793e-14 
 1.047128548050940e+01  1.000000000000000e+00  0.000000000000000e+00  6.696175748537499e-09 -2.375520676239707e-10  5.087933803388980e-12 -8.413336781383642e-14 
 1.059253725177330e+01  1.000000000000000e+00  0.000000000000000e+00  6.695955341780540e-09 -2.402951577275276e-10  5.087900134950156e-12 -8.510700024429870e-14 
 1.071519305237648e+01  1.000000000000000e+00  0.000000000000000e+00  6.695652804057058e-09 -2.430670410201693e-10  5.087865682754393e-12 -8.609188622027522e-14 
 1.083926914021246e+01  1.000000000000000e+00  0.000000000000000e+00  6.695475681025666e-09 -2.458753529293227e-10  5.087830428563600e-12 -8.708815532848821e-14 
 1.096478196143228e+01  1.000000000000000e+00  0.000000000000000e+00  6.695399736545185e-09 -2.487197565526480e-10  5.087794353727541e-12 -8.809593863140180e-14 
 1.109174815262445e+01  1.000000000000000e+00  0.000000000000000e+00  6.695061088401432e-09 -2.515875100410121e-10  5.087757439143514e-12 -8.911536868217592e-14 
 1.122018454302007e+01  1.000000000000000e+00  0.000000000000000e+00  6.694985983655363e-09 -2.544980188659770e-10  5.087719665294194e-12 -9.014657954221799e-14 
 1.135010815672360e+01  1.000000000000000e+00  0.000000000000000e+00  6.694773322866796e-09 -2.574370740894787e-10  5.087681012182281e-12 -9.118970679679604e-14 
 1.148153621496928e+01  1.000000000000000e+00  0.000000000000000e+00  6.694503922785316e-09 -2.604079416546369e-10  5.087641459352840e-12 -9.224488757225432e-14 
 1.161448613840389e+01  1.000000000000000e+00  0.000000000000000e+00  6.694227949305083e-09 -2.634128496388439e-10  5.087600985888334e-12 -9.331226055268620e-14 
 1.174897554939576e+01  1.000000000000000e+00  0.000000000000000e+00  6.694349662003062e-09 -2.664677753397984e-10  5.087559570362718e-12 -9.439196599642610e-14 
 1.188502227437065e+01  1.000000000000000e+00  0.000000000000000e+00  6.693631198313682e-09 -2.695253318603483e-10  5.087517190881348e-12 -9.548414575432495e-14 
 1.202264434617461e+01  1.000000000000000e+00  0.000000000000000e+00  6.693419949739277e-09 -2.726379791957762e-10  5.087473825004676e-12 -9.658894328568641e-14 
 1.216186000646416e+01  1.000000000000000e+00  0.000000000000000e+00  6.693290527640777e-09 -2.757898643582196e-10  5.087429449812559e-12 -9.770650367691718e-14 
 1.230268770812430e+01  1.000000000000000e+00  0.000000000000000e+00  6.692965289449536e-09 -2.789702877406654e-10  5.087384041819480e-12 -9.883697365812229e-14 
 1.244514611771434e+01  1.000000000000000e+00  0.000000000000000e+00  6.692797132422148e-09 -2.821937743028208e-10  5.087337577019417e-12 -9.998050162202689e-14 
 1.258925411794217e+01  1.000000000000000e+00  0.000000000000000e+00  6.692608650063983e-09 -2.854537085214540e-10  5.087290030819462e-12 -1.011372376404552e-13 
 1.273503081016712e+01  1.000000000000000e+00  0.000000000000000e+00  6.692136314037022e-09 -2.887393957967891e-10  5.087241378087594e-12 -1.023073334839762e-13 
 1.288249551693185e+01  1.000000000000000e+00  0.000000000000000e+00  6.691873101642000e-09 -2.920717747562973e-10  5.087191593090017e-12 -1.034909426390802e-13 
 1.303166778452351e+01  1.000000000000000e+00  0.000000000000000e+00  6.691813172540377e-09 -2.954512981654505e-10  5.087140649502329e-12 -1.046882203274242e-13 
 1.318256738556460e+01  1.000000000000000e+00  0.000000000000000e+00  6.691463939233202e-09 -2.988574065356928e-10  5.087088520380982e-12 -1.058993235232926e-13 
 1.333521432163377e+01  1.000000000000000e+00  0.000000000000000e+00  6.691043673241607e-09 -3.022996742990014e-10  5.087035178177347e-12 -1.071244109739541e-13 
 1.348962882591708e+01  1.000000000000000e+00  0.000000000000000e+00  6.690848744210287e-09 -3.057915706510105e-10  5.086980594673604e-12 -1.083636432167351e-13 
 1.364583136588979e+01  1.000000000000000e+00  0.000000000000000e+00  6.690504647682272e-09 -3.093171237553832e-10  5.086924741014178e-12 -1.096171825997506e-13 
 1.380384264602940e+01  1.000000000000000e+00  0.000000000000000e+00  6.690097448131597e-09 -3.128804676502739e-10  5.086867587688573e-12 -1.108851933004516e-13 
 1.396368361055994e+01  1.000000000000000e+00  0.000000000000000e+00  6.689635851598036e-09 -3.164823707124613e-10  5.086809104467889e-12 -1.121678413445334e-13 
 1.412537544622811e+01  1.000000000000000e+00  0.000000000000000e+00  6.689530970018342e-09 -3.201422656723132e-10  5.086749260449069e-12 -1.134652946265770e-13 
 1.428893958511160e+01  1.000000000000000e+00  0.000000000000000e+00  6.689191629943890e-09 -3.238334877420254e-10  5.086688024003624e-12 -1.147777229290220e-13 
 1.445439770745986e+01  1.000000000000000e+00  0.000000000000000e+00  6.689003824247270e-09 -3.275744719166963e-10  5.086625362765217e-12 -1.161052979420063e-13 
 1.462177174456777e+01  1.000000000000000e+00  0.000000000000000e+00  6.688344959555928e-09 -3.313360573087103e-10  5.086561243622013e-12 -1.174481932843167e-13 
 1.479108388168267e+01  1.000000000000000e+00  0.000000000000000e+00  6.688162279585252e-09 -3.351639669612590e-10  5.086495632692903e-12 -1.188065845224148e-13 
 1.496235656094494e+01  1.000000000000000e+00  0.000000000000000e+00  6.687708760466769e-09 -3.390228118325421e-10  5.086428495313849e-12 -1.201806491918005e-13 
 1.513561248436270e+01  1.000000000000000e+00  0.000000000000000e+00  6.687273659620238e-09 -3.429269698901897e-10  5.086359796015553e-12 -1.215705668170849e-13 
 1.531087461682092e+01  1.000000000000000e+00  0.000000000000000e+00  6.687050592522170e-09 -3.468867653088123e-10  5.086289498503603e-12 -1.229765189325013e-13 
 1.548816618912544e+01  1.000000000000000e+00  0.000000000000000e+00  6.686379500827255e-09 -3.508694935639744e-10  5.086217565648759e-12 -1.243986891035544e-13 
 1.566751070108213e+01  1.000000000000000e+00  0.000000000000000e+00  6.686098067465110e-09 -3.549180073209708e-10  5.086143959452203e-12 -1.258372629467949e-13 
 1.584893192461178e+01  1.000000000000000e+00  0.000000000000000e+00  6.685551794426849e-09 -3.589994349044672e-10  5.086068641046166e-12 -1.272924281523859e-13 
 1.603245390690107e+01  1.000000000000000e+00  0.000000000000000e+00  6.685213215315243e-09 -3.631387556481891e-10  5.085991570651120e-12 -1.287643745044724e-13 
 1.621810097358996e+01  1.000000000000000e+00  0.000000000000000e+00  6.684684894515654e-09 -3.673156711944615e-10  5.085912707572465e-12 -1.302532939029855e-13 
 1.640589773199606e+01  1.000000000000000e+00  0.000000000000000e+00  6.684349272341179e-09 -3.715510321089394e-10  5.085832010172205e-12 -1.317593803851096e-13 
 1.659586907437629e+01  1.000000000000000e+00  0.000000000000000e+00  6.683831781145875e-09 -3.758253274863491e-10  5.085749435854261e-12 -1.332828301478628e-13 
 1.678804018122629e+01  1.000000000000000e+00  0.000000000000000e+00  6.683422010509305e-09 -3.801546983392005e-10  5.085664941020837e-12 -1.348238415682070e-13 
 1.698243652461814e+01  1.000000000000000e+00  0.000000000000000e+00  6.682758216183420e-09 -3.845198032272446e-10  5.085578481070562e-12 -1.363826152271654e-13 
 1.717908387157659e+01  1.000000000000000e+00  0.000000000000000e+00  6.682492345970451e-09 -3.889574911680730e-10  5.085490010379048e-12 -1.379593539311617e-13 
 1.737800828749447e+01  1.000000000000000e+00  0.000000000000000e+00  6.681850731479239e-09 -3.934249212426249e-10  5.085399482254846e-12 -1.395542627340822e-13 
 1.757923613958765e+01  1.000000000000000e+00  0.000000000000000e+00  6.681627017549840e-09 -3.979678197705943e-10  5.085306848935098e-12 -1.411675489603334e-13 
 1.778279410038996e+01  1.000000000000000e+00  0.000000000000000e+00  6.680758859563337e-09 -4.025255224163123e-10  5.085212061549560e-12 -1.427994222274346e-13 
 1.798870915128862e+01  1.000000000000000e+00  0.000000000000000e+00  6.680270337683566e-09 -4.071578637794555e-10  5.085115070085653e-12 -1.444500944681835e-13 
 1.819700858610059e+01  1.000000000000000e+00  0.000000000000000e+00  6.679801297550484e-09 -4.118446706294229e-10  5.085015823386597e-12 -1.461197799541794e-13 
 1.840772001469032e+01  1.000000000000000e+00  0.000000000000000e+00  6.679302670742862e-09 -4.165836186821660e-10  5.084914269106129e-12 -1.478086953190358e-13 
 1.862087136662944e+01  1.000000000000000e+00  0.000000000000000e+00  6.678591891619718e-09 -4.213641382832189e-10  5.084810353701675e-12 -1.495170595810374e-13 
 1.883649089489878e+01  1.000000000000000e+00  0.000000000000000e+00  6.678073852200277e-09 -4.262114795105276e-10  5.084704022373760e-12 -1.512450941667278e-13 
 1.905460717963326e+01  1.000000000000000e+00  0.000000000000000e+00  6.677342568880760e-09 -4.311011943947910e-10  5.084595219061873e-12 -1.529930229339927e-13 
 1.927524913191016e+01  1.000000000000000e+00  0.000000000000000e+00  6.676860512832056e-09 -4.360628072730174e-10  5.084483886408483e-12 -1.547610721956609e-13 
 1.949844599758126e+01  1.000000000000000e+00  0.000000000000000e+00  6.676104039832862e-09 -4.410639273543144e-10  5.084369965740014e-12 -1.565494707441641e-13 
 1.972422736114936e+01  1.000000000000000e+00  0.000000000000000e+00  6.675494117072317e-09 -4.461319088655781e-10  5.084253397023006e-12 -1.583584498739746e-13 
 1.995262314968963e+01  1.000000000000000e+00  0.000000000000000e+00  6.674804613728870e-09 -4.512529257317634e-10  5.084134118831854e-12 -1.601882434058775e-13 
 2.018366363681645e+01  1.000000000000000e+00  0.000000000000000e+00  6.674240586325720e-09 -4.564410234386963e-10  5.084012068324821e-12 -1.620390877103259e-13 
 2.041737944669615e+01  1.000000000000000e+00  0.000000000000000e+00  6.673398642610456e-09 -4.616701758308439e-10  5.083887181208672e-12 -1.639112217336134e-13 
 2.065380155810616e+01  1.000000000000000e+00  0.000000000000000e+00  6.672752687470724e-09 -4.669724890176471e-10  5.083759391713035e-12 -1.658048870191867e-13 
 2.089296130854127e+01  1.000000000000000e+00  0.000000000000000e+00  6.671979314945822e-09 -4.723269557485450e-10  5.083628632543668e-12 -1.677203277341415e-13 
 2.113489039836736e+01  1.000000000000000e+00  0.000000000000000e+00  6.671422066859419e-09 -4.777578530950314e-10  5.083494834850397e-12 -1.696577906918794e-13 
 2.137962089502322e+01  1.000000000000000e+00  0.000000000000000e+00  6.670526772511171e-09 -4.832274107349186e-10  5.083357928195278e-12 -1.716175253772850e-13 
 2.162718523727112e+01  1.000000000000000e+00  0.000000000000000e+00  6.669653940089884e-09 -4.887612213430987e-10  5.083217840528192e-12 -1.735997839712316e-13 
 2.187761623949645e+01  1.000000000000000e+00  0.000000000000000e+00  6.668873961802074e-09 -4.943650506074195e-10  5.083074498114052e-12 -1.756048213747498e-13 
 2.213094709605732e+01  1.000000000000000e+00  0.000000000000000e+00  6.668114865556768e-09 -5.000346844841092e-10  5.082927825537974e-12 -1.776328952333523e-13 
 2.238721138568435e+01  1.000000000000000e+00  0.000000000000000e+00  6.667368410849572e-09 -5.057702407908727e-10  5.082777745644687e-12 -1.796842659630122e-13 
 2.264644307593156e+01  1.000000000000000e+00  0.000000000000000e+00  6.666563837788182e-09 -5.115672963405195e-10  5.082624179485798e-12 -1.817591967719799e-13 
 2.290867652767870e+01  1.000000000000000e+00  0.000000000000000e+00  6.665573925267974e-09 -5.174168124289759e-10  5.082467046321862e-12 -1.838579536888818e-13 
 2.317394649968577e+01  1.000000000000000e+00  0.000000000000000e+00  6.664765083683202e-09 -5.233470314035942e-10  5.082306263516501e-12 -1.859808055839938e-13 
 2.344228815320022e+01  1.000000000000000e+00  0.000000000000000e+00  6.663807478072525e-09 -5.293337100566125e-10  5.082141746568048e-12 -1.881280241966937e-13 
 2.371373705661756e+01  1.000000000000000e+00  0.000000000000000e+00  6.662858770130418e-09 -5.353895948732638e-10  5.081973409003866e-12 -1.902998841583378e-13 
 2.398832919019593e+01  1.000000000000000e+00  0.000000000000000e+00  6.661882531021521e-09 -5.415126136316659e-10  5.081801162368157e-12 -1.924966630175416e-13 
 2.426610095082519e+01  1.000000000000000e+00  0.000000000000000e+00  6.661048628684299e-09 -5.477169866037022e-10  5.081624916181218e-12 -1.947186412652020e-13 
 2.454708915685136e+01  1.000000000000000e+00  0.000000000000000e+00  6.659891710372276e-09 -5.539663877669949e-10  5.081444577857962e-12 -1.969661023574517e-13 
 2.483133105295677e+01  1.000000000000000e+00  0.000000000000000e+00  6.658897625660564e-09 -5.603003939813823e-10  5.081260052728810e-12 -1.992393327441193e-13 
 2.511886431509688e+01  1.000000000000000e+00  0.000000000000000e+00  6.657656518989938e-09 -5.666864187457516e-10  5.081071243886450e-12 -2.015386218870564e-13 
 2.540972705549414e+01  1.000000000000000e+00  0.000000000000000e+00  6.656713318508944e-09 -5.731701260078801e-10  5.080878052244365e-12 -2.038642622905108e-13 
 2.570395782768975e+01  1.000000000000000e+00  0.000000000000000e+00  6.655591671477081e-09 -5.797128629866699e-10  5.080680376428469e-12 -2.062165495223229e-13 
 2.600159563165384e+01  1.000000000000000e+00  0.000000000000000e+00  6.654300870463135e-09 -5.863159097195007e-10  5.080478112723548e-12 -2.085957822384311e-13 
 2.630267991895496e+01  1.000000000000000e+00  0.000000000000000e+00  6.653363866374839e-09 -5.930246897029382e-10  5.080271155048238e-12 -2.110022622084365e-13 
 2.660725059798925e+01  1.000000000000000e+00  0.000000000000000e+00  6.652109264772099e-09 -5.997824915976281e-10  5.080059394876649e-12 -2.134362943376787e-13 
 2.691534803927033e+01  1.000000000000000e+00  0.000000000000000e+00  6.650859598487515e-09 -6.066177536743442e-10  5.079842721207760e-12 -2.158981866934727e-13 
 2.722701308078031e+01  1.000000000000000e+00  0.000000000000000e+00  6.649652002064143e-09 -6.135346133899250e-10  5.079621020474844e-12 -2.183882505258918e-13 
 2.754228703338287e+01  1.000000000000000e+00  0.000000000000000e+00  6.648518425359920e-09 -6.205370536621129e-10  5.079394176520235e-12 -2.209068002944443e-13 
 2.786121168629892e+01  1.000000000000000e+00  0.000000000000000e+00  6.647089177756211e-09 -6.275923912619707e-10  5.079162070534122e-12 -2.234541536895541e-13 
 2.818382931264577e+01  1.000000000000000e+00  0.000000000000000e+00  6.645882992414757e-09 -6.347485509689839e-10  5.078924580965414e-12 -2.260306316561616e-13 
 2.851018267504034e+01  1.000000000000000e+00  0.000000000000000e+00  6.644230707204731e-09 -6.419445480248286e-10  5.078681583482248e-12 -2.286365584161089e-13 
 2.884031503126733e+01  1.000000000000000e+00  0.000000000000000e+00  6.643000688869696e-09 -6.492620794777786e-10  5.078432950918221e-12 -2.312722614926969e-13 
 2.917427014001295e+01  1.000000000000000e+00  0.000000000000000e+00  6.641798847849526e-09 -6.566657202144512e-10  5.078178553199800e-12 -2.339380717322180e-13 
 2.951209226666516e+01  1.000000000000000e+00  0.000000000000000e+00  6.640198148166109e-09 -6.641151196191678e-10  5.077918257262784e-12 -2.366343233244282e-13 
 2.985382618918092e+01  1.000000000000000e+00  0.000000000000000e+00  6.638829891531357e-09 -6.716718172021255e-10  5.077651927012179e-12 -2.393613538272600e-13 
 3.019951720402150e+01  1.000000000000000e+00  0.000000000000000e+00  6.637087048250083e-09 -6.792773258105350e-10  5.077379423235765e-12 -2.421195041861312e-13 
 3.054921113215649e+01  1.000000000000000e+00  0.000000000000000e+00  6.635716528719725e-09 -6.870062932099832e-10  5.077100603561488e-12 -2.449091187581402e-13 
 3.090295432513728e+01  1.000000000000000e+00  0.000000000000000e+00  6.634313636907412e-09 -6.948198717656923e-10  5.076815322334009e-12 -2.477305453276018e-13 
 3.126079367124094e+01  1.000000000000000e+00  0.000000000000000e+00  6.632298306080179e-09 -7.026594791162118e-10  5.076523430612429e-12 -2.505841351333691e-13 
 3.162277660168520e+01  1.000000000000000e+00  0.000000000000000e+00  6.630869062152825e-09 -7.106483439477363e-10  5.076224776024909e-12 -2.534702428829225e-13 
 3.198895109691541e+01  1.000000000000000e+00  0.000000000000000e+00  6.629051152040302e-09 -7.186871719294490e-10  5.075919202759158e-12 -2.563892267756593e-13 
 3.235936569296427e+01  1.000000000000000e+00  0.000000000000000e+00  6.627318423682897e-09 -7.268259719985028e-10  5.075606551417887e-12 -2.593414485192825e-13 
 3.273406948788529e+01  1.000000000000000e+00  0.000000000000000e+00  6.625826070181221e-09 -7.350827755444382e-10  5.075286659000399e-12 -2.623272733515658e-13 
 3.311311214826060e+01  1.000000000000000e+00  0.000000000000000e+00  6.624010928615630e-09 -7.433982729687178e-10  5.074959358785340e-12 -2.653470700556565e-13 
 3.349654391578427e+01  1.000000000000000e+00  0.000000000000000e+00  6.621996444996580e-09 -7.517857925441824e-10  5.074624480258939e-12 -2.684012109788426e-13 
 3.388441561392178e+01  1.000000000000000e+00  0.000000000000000e+00  6.620129831133868e-09 -7.602844664082616e-10  5.074281849051938e-12 -2.714900720501812e-13 
 3.427677865464658e+01  1.000000000000000e+00  0.000000000000000e+00  6.618310518914780e-09 -7.688844587913683e-10  5.073931286799380e-12 -2.746140327936566e-13 
 3.467368504525474e+01  1.000000000000000e+00  0.000000000000000e+00  6.616155919616333e-09 -7.775435202042621e-10  5.073572611098427e-12 -2.777734763476448e-13 
 3.507518739525840e+01  1.000000000000000e+00  0.000000000000000e+00  6.614281672884920e-09 -7.863323637063053e-10  5.073205635420679e-12 -2.809687894771138e-13 
 3.548133892335916e+01  1.000000000000000e+00  0.000000000000000e+00  6.611998934653278e-09 -7.951729111074279e-10  5.072830168993678e-12 -2.842003625906851e-13 
 3.589219346450216e+01  1.000000000000000e+00  0.000000000000000e+00  6.610068243867694e-09 -8.041542780580748e-10  5.072446016721500e-12 -2.874685897491891e-13 
 3.630780547701179e+01  1.000000000000000e+00  0.000000000000000e+00  6.607891273664646e-09 -8.132077142177672e-10  5.072052979104931e-12 -2.907738686838894e-13 
 3.672823004981014e+01  1.000000000000000e+00  0.000000000000000e+00  6.605649410538912e-09 -8.223551897644152e-10  5.071650852103123e-12 -2.941166008028931e-13 
 3.715352290971895e+01  1.000000000000000e+00  0.000000000000000e+00  6.603336783588592e-09 -8.315968167382647e-10  5.071239427085202e-12 -2.974971912061697e-13 
 3.758374042884613e+01  1.000000000000000e+00  0.000000000000000e+00  6.601085564039200e-09 -8.409498938077272e-10  5.070818490685926e-12 -3.009160486931245e-13 
 3.801893963205786e+01  1.000000000000000e+00  0.000000000000000e+00  6.598670323136985e-09 -8.503875721050338e-10  5.070387824718625e-12 -3.043735857708451e-13 
 3.845917820453712e+01  1.000000000000000e+00  0.000000000000000e+00  6.596184113755766e-09 -8.599221491696845e-10  5.069947206101785e-12 -3.078702186659397e-13 
 3.890451449942984e+01  1.000000000000000e+00  0.000000000000000e+00  6.593662743604637e-09 -8.695590707963552e-10  5.069496406685553e-12 -3.114063673246154e-13 
 3.935500754557955e+01  1.000000000000000e+00  0.000000000000000e+00  6.591182286640569e-09 -8.793091461380991e-10  5.069035193205410e-12 -3.149824554242843e-13 
 3.981071705535155e+01  1.000000000000000e+00  0.000000000000000e+00  6.588836723034303e-09 -8.891861713798048e-10  5.068563327116734e-12 -3.185989103738216e-13 
 4.027170343254776e+01  1.000000000000000e+00  0.000000000000000e+00  6.585994616220458e-09 -8.991083794070502e-10  5.068080564543729e-12 -3.222561633204679e-13 
 4.073802778041315e+01  1.000000000000000e+00  0.000000000000000e+00  6.583337698919903e-09 -9.091659488425628e-10  5.067586656094333e-12 -3.259546491473994e-13 
 4.120975190973492e+01  1.000000000000000e+00  0.000000000000000e+00  6.580586701993077e-09 -9.193231877434132e-10  5.067081346787229e-12 -3.296948064768811e-13 
 4.168693834703546e+01  1.000000000000000e+00  0.000000000000000e+00  6.577680375003507e-09 -9.295725840163120e-10  5.066564375921143e-12 -3.334770776680955e-13 
 4.216965034286017e+01  1.000000000000000e+00  0.000000000000000e+00  6.574692335259859e-09 -9.399247525367182e-10  5.066035476949531e-12 -3.373019088164970e-13 
 4.265795188016124e+01  1.000000000000000e+00  0.000000000000000e+00  6.571798213004221e-09 -9.504052621018850e-10  5.065494377349881e-12 -3.411697497474261e-13 
 4.315190768277852e+01  1.000000000000000e+00  0.000000000000000e+00  6.568555500879063e-09 -9.609530968414696e-10  5.064940798485370e-12 -3.450810540091568e-13 
 4.365158322401862e+01  1.000000000000000e+00  0.000000000000000e+00  6.565742734799580e-09 -9.716794400178759e-10  5.064374455518836e-12 -3.490362788709057e-13 
 4.415704473533330e+01  1.000000000000000e+00  0.000000000000000e+00  6.562418920496085e-09 -9.824513411368227e-10  5.063795057231625e-12 -3.530358853086410e-13 
 4.466835921509839e+01  1.000000000000000e+00  0.000000000000000e+00  6.559097763459782e-09 -9.933428038150731e-10  5.063202305904477e-12 -3.570803379957245e-13 
 4.518559443749434e+01  1.000000000000000e+00  0.000000000000000e+00  6.556017570131010e-09 -1.004390601707147e-09  5.062595897193656e-12 -3.611701052910214e-13 
 4.570881896148964e+01  1.000000000000000e+00  0.000000000000000e+00  6.552456429937365e-09 -1.015488923589677e-09  5.061975519948972e-12 -3.653056592201854e-13 
 4.623810213992819e+01  1.000000000000000e+00  0.000000000000000e+00  6.549187905198827e-09 -1.026754114216958e-09  5.061340856128371e-12 -3.694874754642325e-13 
 4.677351412872201e+01  1.000000000000000e+00  0.000000000000000e+00  6.545656187355897e-09 -1.038103588769067e-09  5.060691580628986e-12 -3.737160333382939e-13 
 4.731512589615027e+01  1.000000000000000e+00  0.000000000000000e+00  6.541884636780576e-09 -1.049541134562211e-09  5.060027361074550e-12 -3.779918157637493e-13 
 4.786300923226609e+01  1.000000000000000e+00  0.000000000000000e+00  6.538287574252312e-09 -1.061131756850222e-09  5.059347857775901e-12 -3.823153092559233e-13 
 4.841723675841222e+01  1.000000000000000e+00  0.000000000000000e+00  6.534588830240067e-09 -1.072834089473630e-09  5.058652723517773e-12 -3.866870038904810e-13 
 4.897788193684693e+01  1.000000000000000e+00  0.000000000000000e+00  6.530579598041702e-09 -1.084615235557237e-09  5.057941603363582e-12 -3.911073932737009e-13 
 4.954501908048136e+01  1.000000000000000e+00  0.000000000000000e+00  6.526714012910823e-09 -1.096548822015497e-09  5.057214134578293e-12 -3.955769745161608e-13 
 5.011872336272960e+01  1.000000000000000e+00  0.000000000000000e+00  6.522619292913974e-09 -1.108575665351164e-09  5.056469946411283e-12 -4.000962481967549e-13 
 5.069907082747284e+01  1.000000000000000e+00  0.000000000000000e+00  6.518429714203822e-09 -1.120718258686187e-09  5.055708659922842e-12 -4.046657183207146e-13 
 5.128613839913892e+01  1.000000000000000e+00  0.000000000000000e+00  6.514266193774195e-09 -1.132998001624510e-09  5.054929887853477e-12 -4.092858922878137e-13 
 5.188000389289858e+01  1.000000000000000e+00  0.000000000000000e+00  6.509994400144869e-09 -1.145393425018694e-09  5.054133234446068e-12 -4.139572808460465e-13 
 5.248074602497976e+01  1.000000000000000e+00  0.000000000000000e+00  6.505535563270911e-09 -1.157891805243242e-09  5.053318295226875e-12 -4.186803980414280e-13 
 5.308844442310136e+01  1.000000000000000e+00  0.000000000000000e+00  6.501159011854144e-09 -1.170540563937161e-09  5.052484656884763e-12 -4.234557611756526e-13 
 5.370317963702784e+01  1.000000000000000e+00  0.000000000000000e+00  6.496699091425767e-09 -1.183312360134833e-09  5.051631897063586e-12 -4.282838907495359e-13 
 5.432503314924592e+01  1.000000000000000e+00  0.000000000000000e+00  6.491948782401196e-09 -1.196171215322887e-09  5.050759584159320e-12 -4.331653104034574e-13 
 5.495408738576509e+01  1.000000000000000e+00  0.000000000000000e+00  6.487211647150343e-09 -1.209171807856030e-09  5.049867277181715e-12 -4.381005468653516e-13 
 5.559042572704302e+01  1.000000000000000e+00  0.000000000000000e+00  6.482138322824975e-09 -1.222251704679548e-09  5.048954525526818e-12 -4.430901298813802e-13 
 5.623413251903760e+01  1.000000000000000e+00  0.000000000000000e+00  6.477210627889623e-09 -1.235499431710069e-09  5.048020868776183e-12 -4.481345921455177e-13 
 5.688529308438687e+01  1.000000000000000e+00  0.000000000000000e+00  6.472291148021809e-09 -1.248891642267911e-09  5.047065836541974e-12 -4.532344692355490e-13 
 5.754399373371846e+01  1.000000000000000e+00  0.000000000000000e+00  6.466861051716938e-09 -1.262332018644084e-09  5.046088948241560e-12 -4.583902995321605e-13 
 5.821032177708994e+01  1.000000000000000e+00  0.000000000000000e+00  6.461555507141332e-09 -1.275940185447142e-09  5.045089712871490e-12 -4.636026241364288e-13 
 5.888436553556173e+01  1.000000000000000e+00  0.000000000000000e+00  6.456174877875532e-09 -1.289679709942220e-09  5.044067628870179e-12 -4.688719867911867e-13 
 5.956621435290392e+01  1.000000000000000e+00  0.000000000000000e+00  6.450540960805785e-09 -1.303516997488297e-09  5.043022183828395e-12 -4.741989337849157e-13 
 6.025595860743869e+01  1.000000000000000e+00  0.000000000000000e+00  6.444729475837522e-09 -1.317466838286069e-09  5.041952854341817e-12 -4.795840138627200e-13 
 6.095368972401987e+01  1.000000000000000e+00  0.000000000000000e+00  6.439176712003098e-09 -1.331616760021650e-09  5.040859105749226e-12 -4.850277781218438e-13 
 6.165950018615121e+01  1.000000000000000e+00  0.000000000000000e+00  6.433109303988206e-09 -1.345813715190017e-09  5.039740391952394e-12 -4.905307799104446e-13 
 6.237348354824496e+01  1.000000000000000e+00  0.000000000000000e+00  6.426948886477751e-09 -1.360141961200111e-09  5.038596155174333e-12 -4.960935747183541e-13 
 6.309573444802240e+01  1.000000000000000e+00  0.000000000000000e+00  6.420792636857474e-09 -1.374622514279782e-09  5.037425825732655e-12 -5.017167200561028e-13 
 6.382634861905798e+01  1.000000000000000e+00  0.000000000000000e+00  6.414522031228013e-09 -1.389232383061147e-09  5.036228821814779e-12 -5.074007753405622e-13 
 6.456542290346870e+01  1.000000000000000e+00  0.000000000000000e+00  6.408166932685113e-09 -1.403978358571967e-09  5.035004549257492e-12 -5.131463017625445e-13 
 6.531305526475043e+01  1.000000000000000e+00  0.000000000000000e+00  6.401487420030042e-09 -1.418810242131279e-09  5.033752401301480e-12 -5.189538621557460e-13 
 6.606934480076283e+01  1.000000000000000e+00  0.000000000000000e+00  6.394597396242761e-09 -1.433751784378657e-09  5.032471758364684e-12 -5.248240208587111e-13 
 6.683439175686473e+01  1.000000000000000e+00  0.000000000000000e+00  6.387680153645089e-09 -1.448843368823941e-09  5.031161987786284e-12 -5.307573435637171e-13 
 6.760829753920149e+01  1.000000000000000e+00  0.000000000000000e+00  6.380789351563629e-09 -1.464098160157321e-09  5.029822443605222e-12 -5.367543971700013e-13 
 6.839116472814628e+01  1.000000000000000e+00  0.000000000000000e+00  6.373617275164293e-09 -1.479449038087764e-09  5.028452466299850e-12 -5.428157496210647e-13 
 6.918309709189704e+01  1.000000000000000e+00  0.000000000000000e+00  6.366246040685715e-09 -1.494914056253447e-09  5.027051382541634e-12 -5.489419697353070e-13 
 6.998419960023078e+01  1.000000000000000e+00  0.000000000000000e+00  6.358925692206543e-09 -1.510550598974499e-09  5.025618504940590e-12 -5.551336270370748e-13 
 7.079457843841726e+01  1.000000000000000e+00  0.000000000000000e+00  6.351139753914841e-09 -1.526240949133280e-09  5.024153131811811e-12 -5.613912915719935e-13 
 7.161434102129371e+01  1.000000000000000e+00  0.000000000000000e+00  6.343422827152300e-09 -1.542108390455830e-09  5.022654546891334e-12 -5.677155337160956e-13 
 7.244359600750256e+01  1.000000000000000e+00  0.000000000000000e+00  6.335255614398039e-09 -1.558031838976869e-09  5.021122019073713e-12 -5.741069239795718e-13 
 7.328245331389401e+01  1.000000000000000e+00  0.000000000000000e+00  6.327115018211382e-09 -1.574123872339014e-09  5.019554802215979e-12 -5.805660328047843e-13 
 7.413102413009540e+01  1.000000000000000e+00  0.000000000000000e+00  6.318950520394359e-09 -1.590374062725202e-09  5.017952134758998e-12 -5.870934303406525e-13 
 7.498942093324928e+01  1.000000000000000e+00  0.000000000000000e+00  6.310575185944947e-09 -1.606737779578965e-09  5.016313239555832e-12 -5.936896862307922e-13 
 7.585775750292213e+01  1.000000000000000e+00  0.000000000000000e+00  6.301911343479630e-09 -1.623195665807406e-09  5.014637323589255e-12 -6.003553693773034e-13 
 7.673614893618569e+01  1.000000000000000e+00  0.000000000000000e+00  6.293130597315866e-09 -1.639789889323681e-09  5.012923577634676e-12 -6.070910476934434e-13 
 7.762471166287301e+01  1.000000000000000e+00  0.000000000000000e+00  6.283919465529429e-09 -1.656441397733942e-09  5.011171176069272e-12 -6.138972878591948e-13 
 7.852356346101107e+01  1.000000000000000e+00  0.000000000000000e+00  6.274864562101686e-09 -1.673299122120741e-09  5.009379276558068e-12 -6.207746550593079e-13 
 7.943282347243209e+01  1.000000000000000e+00  0.000000000000000e+00  6.265613849483225e-09 -1.690274397304343e-09  5.007547019774350e-12 -6.277237127073325e-13 
 8.035261221856572e+01  1.000000000000000e+00  0.000000000000000e+00  6.255928972278084e-09 -1.707304062370417e-09  5.005673529121738e-12 -6.347450221661344e-13 
 8.128305161641397e+01  1.000000000000000e+00  0.000000000000000e+00  6.246183023084062e-09 -1.724485464198931e-09  5.003757910483128e-12 -6.418391424583818e-13 
 8.222426499471122e+01  1.000000000000000e+00  0.000000000000000e+00  6.236214275058777e-09 -1.741775953332331e-09  5.001799251878248e-12 -6.490066299531478e-13 
 8.317637711027126e+01  1.000000000000000e+00  0.000000000000000e+00  6.225913145468328e-09 -1.759145163163231e-09  4.999796623267196e-12 -6.562480380662118e-13 
 8.413951416452372e+01  1.000000000000000e+00  0.000000000000000e+00  6.215696611638395e-09 -1.776706685640570e-09  4.997749076190412e-12 -6.635639169195205e-13 
 8.511380382024191e+01  1.000000000000000e+00  0.000000000000000e+00  6.205063323339096e-09 -1.794322949680084e-09  4.995655643516597e-12 -6.709548130049381e-13 
 8.609937521846439e+01  1.000000000000000e+00  0.000000000000000e+00  6.194402875900842e-09 -1.812101491179522e-09  4.993515339165810e-12 -6.784212688436035e-13 
 8.709635899561245e+01  1.000000000000000e+00  0.000000000000000e+00  6.183388749873625e-09 -1.829950332096826e-09  4.991327157804862e-12 -6.859638226082188e-13 
 8.810488730080586e+01  1.000000000000000e+00  0.000000000000000e+00  6.172287863357059e-09 -1.847944819251951e-09  4.989090074596678e-12 -6.935830077577975e-13 
 8.912509381337905e+01  1.000000000000000e+00  0.000000000000000e+00  6.160637909985662e-09 -1.865950205412855e-09  4.986803044865498e-12 -7.012793526414446e-13 
 9.015711376060024e+01  1.000000000000000e+00  0.000000000000000e+00  6.149163571704731e-09 -1.884177291383152e-09  4.984465003846239e-12 -7.090533800959338e-13 
 9.120108393559559e+01  1.000000000000000e+00  0.000000000000000e+00  6.137338083154598e-09 -1.902471359778394e-09  4.982074866408426e-12 -7.169056070349085e-13 
 9.225714271548100e+01  1.000000000000000e+00  0.000000000000000e+00  6.125300584499481e-09 -1.920872619045989e-09  4.979631526759644e-12 -7.248365440121304e-13 
 9.332543007970385e+01  1.000000000000000e+00  0.000000000000000e+00  6.112780235911851e-09 -1.939297212595167e-09  4.977133858164302e-12 -7.328466947752160e-13 
 9.440608762859715e+01  1.000000000000000e+00  0.000000000000000e+00  6.100231103254340e-09 -1.957882696647345e-09  4.974580712663212e-12 -7.409365558076883e-13 
 9.549925860214847e+01  1.000000000000000e+00  0.000000000000000e+00  6.087745159957121e-09 -1.976658516009558e-09  4.971970920817377e-12 -7.491066158544855e-13 
 9.660508789898628e+01  1.000000000000000e+00  0.000000000000000e+00  6.074338381142070e-09 -1.995314886283402e-09  4.969303291418678e-12 -7.573573554288579e-13 
 9.772372209558608e+01  1.000000000000000e+00  0.000000000000000e+00  6.061148694910286e-09 -2.014208503981566e-09  4.966576611210499e-12 -7.656892463030315e-13 
 9.885530946569897e+01  1.000000000000000e+00  0.000000000000000e+00  6.047544064937470e-09 -2.033137771428789e-09  4.963789644637088e-12 -7.741027509908065e-13 
 1.000000000000051e+02  1.000000000000000e+00  0.000000000000000e+00  6.033607985795466e-09 -2.052126973849453e-09  4.960941133571208e-12 -7.825983222019285e-13 
 1.011579454259951e+02  1.000000000000000e+00  0.000000000000000e+00  6.019652150709462e-09 -2.071277181664915e-09  4.958029797074257e-12 -7.911764022919093e-13 
 1.023292992280807e+02  1.000000000000000e+00  0.000000000000000e+00  6.005327329759154e-09 -2.090472128160041e-09  4.955054331110476e-12 -7.998374226827946e-13 
 1.035142166679397e+02  1.000000000000000e+00  0.000000000000000e+00  5.990614174503087e-09 -2.109702507704718e-09  4.952013408312854e-12 -8.085818032729699e-13 
 1.047128548050954e+02  1.000000000000000e+00  0.000000000000000e+00  5.975932430338663e-09 -2.129108988059975e-09  4.948905677749247e-12 -8.174099518320785e-13 
 1.059253725177344e+02  1.000000000000000e+00  0.000000000000000e+00  5.960526123550923e-09 -2.148430560329611e-09  4.945729764683734e-12 -8.263222633683310e-13 
 1.071519305237662e+02  1.000000000000000e+00  0.000000000000000e+00  5.945111828461386e-09 -2.167911751865246e-09  4.942484270331152e-12 -8.353191194888886e-13 
 1.083926914021260e+02  1.000000000000000e+00  0.000000000000000e+00  5.929412505061180e-09 -2.187455283265806e-09  4.939167771620935e-12 -8.444008877241595e-13 
 1.096478196143242e+02  1.000000000000000e+00  0.000000000000000e+00  5.913361103189040e-09 -2.207034331119228e-09  4.935778821068902e-12 -8.535679208671920e-13 
 1.109174815262459e+02  1.000000000000000e+00  0.000000000000000e+00  5.897303083392973e-09 -2.226771681381348e-09  4.932315946445970e-12 -8.628205562390345e-13 
 1.122018454302022e+02  1.000000000000000e+00  0.000000000000000e+00  5.880531501632909e-09 -2.246407678494243e-09  4.928777650692337e-12 -8.721591149980399e-13 
 1.135010815672374e+02  1.000000000000000e+00  0.000000000000000e+00  5.863692808229969e-09 -2.266175534284706e-09  4.925162411656709e-12 -8.815839013748269e-13 
 1.148153621496943e+02  1.000000000000000e+00  0.000000000000000e+00  5.846538334132187e-09 -2.285981423082004e-09  4.921468681961885e-12 -8.910952019191319e-13 
 1.161448613840403e+02  1.000000000000000e+00  0.000000000000000e+00  5.829137860368671e-09 -2.305848886720384e-09  4.917694888839942e-12 -9.006932847170895e-13 
 1.174897554939591e+02  1.000000000000000e+00  0.000000000000000e+00  5.811486084066353e-09 -2.325773673157175e-09  4.913839433971143e-12 -9.103783985894877e-13 
 1.188502227437080e+02  1.000000000000000e+00  0.000000000000000e+00  5.793130390016684e-09 -2.345576616963111e-09  4.909900693333179e-12 -9.201507722571425e-13 
 1.202264434617476e+02  1.000000000000000e+00  0.000000000000000e+00  5.774891055802117e-09 -2.365572775270208e-09  4.905877017126933e-12 -9.300106135118563e-13 
 1.216186000646432e+02  1.000000000000000e+00  0.000000000000000e+00  5.756249905313576e-09 -2.385557689842955e-09  4.901766729614144e-12 -9.399581083337127e-13 
 1.230268770812446e+02  1.000000000000000e+00  0.000000000000000e+00  5.737171179025547e-09 -2.405512207454059e-09  4.897568129058679e-12 -9.499934200148854e-13 
 1.244514611771450e+02  1.000000000000000e+00  0.000000000000000e+00  5.717751405630394e-09 -2.425470154956430e-09  4.893279487647949e-12 -9.601166882428121e-13 
 1.258925411794233e+02  1.000000000000000e+00  0.000000000000000e+00  5.698197850058110e-09 -2.445513078152839e-09  4.888899051431699e-12 -9.703280281754063e-13 
 1.273503081016729e+02  1.000000000000000e+00  0.000000000000000e+00  5.677994157649584e-09 -2.465423712799327e-09  4.884425040283543e-12 -9.806275294800803e-13 
 1.288249551693202e+02  1.000000000000000e+00  0.000000000000000e+00  5.657822655425015e-09 -2.485482085471445e-09  4.879855647802943e-12 -9.910152553502277e-13 
 1.303166778452368e+02  1.000000000000000e+00  0.000000000000000e+00  5.637310233266553e-09 -2.505529202020245e-09  4.875189041654355e-12 -1.001491241570612e-12 
 1.318256738556477e+02  1.000000000000000e+00  0.000000000000000e+00  5.616240204139330e-09 -2.525466661768310e-09  4.870423363094494e-12 -1.012055495402329e-12 
 1.333521432163395e+02  1.000000000000000e+00  0.000000000000000e+00  5.594944244141877e-09 -2.545431563861334e-09  4.865556727359867e-12 -1.022707994610659e-12 
 1.348962882591725e+02  1.000000000000000e+00  0.000000000000000e+00  5.573234918367408e-09 -2.565337849710768e-09  4.860587223630585e-12 -1.033448686375779e-12 
 1.364583136588997e+02  1.000000000000000e+00  0.000000000000000e+00  5.551332155744803e-09 -2.585277959509961e-09  4.855512915182152e-12 -1.044277486228174e-12 
 1.380384264602958e+02  1.000000000000000e+00  0.000000000000000e+00  5.528879019065675e-09 -2.605087319932805e-09  4.850331839448120e-12 -1.055194276922749e-12 
 1.396368361056012e+02  1.000000000000000e+00  0.000000000000000e+00  5.506361413287167e-09 -2.624980022596577e-09  4.845042008229577e-12 -1.066198907330709e-12 
 1.412537544622830e+02  1.000000000000000e+00  0.000000000000000e+00  5.483523695113464e-09 -2.644836486622747e-09  4.839641407862648e-12 -1.077291191285340e-12 
 1.428893958511179e+02  1.000000000000000e+00  0.000000000000000e+00  5.459926534344668e-09 -2.664445077530624e-09  4.834127999421364e-12 -1.088470906410300e-12 
 1.445439770746005e+02  1.000000000000000e+00  0.000000000000000e+00  5.436288005900417e-09 -2.684134480579457e-09  4.828499718977805e-12 -1.099737792935825e-12 
 1.462177174456796e+02  1.000000000000000e+00  0.000000000000000e+00  5.412328525372219e-09 -2.703769266156300e-09  4.822754477894309e-12 -1.111091552495386e-12 
 1.479108388168287e+02  1.000000000000000e+00  0.000000000000000e+00  5.387884527606205e-09 -2.723264414840091e-09  4.816890163116699e-12 -1.122531846887401e-12 
 1.496235656094514e+02  1.000000000000000e+00  0.000000000000000e+00  5.363075880190699e-09 -2.742670396599184e-09  4.810904637547556e-12 -1.134058296836325e-12 
 1.513561248436289e+02  1.000000000000000e+00  0.000000000000000e+00  5.337994359863538e-09 -2.762025741477002e-09  4.804795740432509e-12 -1.145670480724374e-12 
 1.531087461682112e+02  1.000000000000000e+00  0.000000000000000e+00  5.312458016109727e-09 -2.781233740763661e-09  4.798561287788920e-12 -1.157367933310533e-12 
 1.548816618912565e+02  1.000000000000000e+00  0.000000000000000e+00  5.286856219658856e-09 -2.800483920501013e-09  4.792199072891440e-12 -1.169150144431882e-12 
 1.566751070108234e+02  1.000000000000000e+00  0.000000000000000e+00  5.260458982911547e-09 -2.819398812002272e-09  4.785706866769354e-12 -1.181016557682385e-12 
 1.584893192461199e+02  1.000000000000000e+00  0.000000000000000e+00  5.234094571289704e-09 -2.838394197599651e-09  4.779082418766165e-12 -1.192966569080090e-12 
 1.603245390690128e+02  1.000000000000000e+00  0.000000000000000e+00  5.207126948134373e-09 -2.857134604176135e-09  4.772323457170320e-12 -1.204999525729789e-12 
 1.621810097359018e+02  1.000000000000000e+00  0.000000000000000e+00  5.179945810252038e-09 -2.875816023997518e-09  4.765427689846766e-12 -1.217114724457341e-12 
 1.640589773199628e+02  1.000000000000000e+00  0.000000000000000e+00  5.152354579164231e-09 -2.894326868484241e-09  4.758392804945630e-12 -1.229311410435622e-12 
 1.659586907437651e+02  1.000000000000000e+00  0.000000000000000e+00  5.124435656258641e-09 -2.912703201378844e-09  4.751216471648137e-12 -1.241588775803442e-12 
 1.678804018122651e+02  1.000000000000000e+00  0.000000000000000e+00  5.096161222725244e-09 -2.930921896411139e-09  4.743896340967107e-12 -1.253945958268853e-12 
 1.698243652461837e+02  1.000000000000000e+00  0.000000000000000e+00  5.067469775211722e-09 -2.948940567382562e-09  4.736430046642177e-12 -1.266382039713902e-12 
 1.717908387157682e+02  1.000000000000000e+00  0.000000000000000e+00  5.038549494904924e-09 -2.966855592444332e-09  4.728815205997790e-12 -1.278896044776427e-12 
 1.737800828749470e+02  1.000000000000000e+00  0.000000000000000e+00  5.009334293044377e-09 -2.984622666463253e-09  4.721049420974485e-12 -1.291486939445715e-12 
 1.757923613958789e+02  1.000000000000000e+00  0.000000000000000e+00  4.979625114796555e-09 -3.002119169626897e-09  4.713130279105382e-12 -1.304153629633543e-12 
 1.778279410039020e+02  1.000000000000000e+00  0.000000000000000e+00  4.949479048664780e-09 -3.019366482231526e-09  4.705055354635978e-12 -1.316894959755879e-12 
 1.798870915128886e+02  1.000000000000000e+00  0.000000000000000e+00  4.919128536164866e-09 -3.036491157132977e-09  4.696822209660696e-12 -1.329709711309505e-12 
 1.819700858610083e+02  1.000000000000000e+00  0.000000000000000e+00  4.888487617630224e-09 -3.053434913702795e-09  4.688428395371714e-12 -1.342596601467055e-12 
 1.840772001469057e+02  1.000000000000000e+00  0.000000000000000e+00  4.857427747243885e-09 -3.070111796751596e-09  4.679871453312359e-12 -1.355554281646612e-12 
 1.862087136662969e+02  1.000000000000000e+00  0.000000000000000e+00  4.825936637221648e-09 -3.086502914755915e-09  4.671148916702039e-12 -1.368581336096814e-12 
 1.883649089489904e+02  1.000000000000000e+00  0.000000000000000e+00  4.794163136138705e-09 -3.102687968512590e-09  4.662258311905935e-12 -1.381676280515981e-12 
 1.905460717963352e+02  1.000000000000000e+00  0.000000000000000e+00  4.762120905467530e-09 -3.118667295880432e-09  4.653197159863338e-12 -1.394837560641979e-12 
 1.927524913191042e+02  1.000000000000000e+00  0.000000000000000e+00  4.729735655240935e-09 -3.134384464801818e-09  4.643962977703543e-12 -1.408063550892127e-12 
 1.949844599758153e+02  1.000000000000000e+00  0.000000000000000e+00  4.697066962511106e-09 -3.149867199962769e-09  4.634553280303230e-12 -1.421352552984184e-12 
 1.972422736114962e+02  1.000000000000000e+00  0.000000000000000e+00  4.663963368073663e-09 -3.165007170829711e-09  4.624965582045040e-12 -1.434702794613273e-12 
 1.995262314968990e+02  1.000000000000000e+00  0.000000000000000e+00  4.630676316491351e-09 -3.179956378837713e-09  4.615197398551974e-12 -1.448112428121467e-12 
 2.018366363681672e+02  1.000000000000000e+00  0.000000000000000e+00  4.596899963020131e-09 -3.194504361552665e-09  4.605246248563644e-12 -1.461579529201180e-12 
 2.041737944669642e+02  1.000000000000000e+00  0.000000000000000e+00  4.562923622265644e-09 -3.208829632342467e-09  4.595109655841474e-12 -1.475102095636303e-12 
 2.065380155810644e+02  1.000000000000000e+00  0.000000000000000e+00  4.528787186274253e-09 -3.222951038116145e-09  4.584785151173372e-12 -1.488678046059367e-12 
 2.089296130854155e+02  1.000000000000000e+00  0.000000000000000e+00  4.494168464431612e-09 -3.236639286913119e-09  4.574270274467535e-12 -1.502305218761846e-12 
 2.113489039836764e+02  1.000000000000000e+00  0.000000000000000e+00  4.459252436397176e-09 -3.250006905748257e-09  4.563562576890709e-12 -1.515981370516671e-12 
 2.137962089502351e+02  1.000000000000000e+00  0.000000000000000e+00  4.424269552493263e-09 -3.263204606320003e-09  4.552659623135489e-12 -1.529704175480244e-12 
 2.162718523727141e+02  1.000000000000000e+00  0.000000000000000e+00  4.388882915508883e-09 -3.275986196865128e-09  4.541558993695274e-12 -1.543471224102223e-12 
 2.187761623949674e+02  1.000000000000000e+00  0.000000000000000e+00  4.353003092305744e-09 -3.288272351393452e-09  4.530258287279636e-12 -1.557280022103325e-12 
 2.213094709605761e+02  1.000000000000000e+00  0.000000000000000e+00  4.317123503676448e-09 -3.300405878643507e-09  4.518755365321047e-12 -1.571128074560205e-12 
 2.238721138568465e+02  1.000000000000000e+00  0.000000000000000e+00  4.280894107451284e-09 -3.312122867504228e-09  4.507047385806215e-12 -1.585012545572745e-12 
 2.264644307593186e+02  1.000000000000000e+00  0.000000000000000e+00  4.244463984333371e-09 -3.323520182599743e-09  4.495132259908050e-12 -1.598930765406831e-12 
 2.290867652767901e+02  1.000000000000000e+00  0.000000000000000e+00  4.207737191811768e-09 -3.334515349267634e-09  4.483007684750558e-12 -1.612879891810324e-12 
 2.317394649968608e+02  1.000000000000000e+00  0.000000000000000e+00  4.170748250171942e-09 -3.345121104330769e-09  4.470671388837047e-12 -1.626856993584348e-12 
 2.344228815320054e+02  1.000000000000000e+00  0.000000000000000e+00  4.133551667509606e-09 -3.355365868501282e-09  4.458121134923547e-12 -1.640859049954954e-12 
 2.371373705661788e+02  1.000000000000000e+00  0.000000000000000e+00  4.096061339962036e-09 -3.365171513524022e-09  4.445354723359172e-12 -1.654882950365696e-12 
 2.398832919019625e+02  1.000000000000000e+00  0.000000000000000e+00  4.058607854652825e-09 -3.374785193288761e-09  4.432369993429048e-12 -1.668925492609447e-12 
 2.426610095082552e+02  1.000000000000000e+00  0.000000000000000e+00  4.020598015281078e-09 -3.383726576142021e-09  4.419164829007885e-12 -1.682983384560413e-12 
 2.454708915685169e+02  1.000000000000000e+00  0.000000000000000e+00  3.982669380474068e-09 -3.392489661837687e-09  4.405737159982523e-12 -1.697053242475824e-12 
 2.483133105295710e+02  1.000000000000000e+00  0.000000000000000e+00  3.944488255272720e-09 -3.400796911523364e-09  4.392084965911168e-12 -1.711131591167682e-12 
 2.511886431509722e+02  1.000000000000000e+00  0.000000000000000e+00  3.905998506020203e-09 -3.408587026569098e-09  4.378206279363140e-12 -1.725214863929966e-12 
 2.540972705549449e+02  1.000000000000000e+00  0.000000000000000e+00  3.867334260334795e-09 -3.415957217003289e-09  4.364099189213319e-12 -1.739299402553314e-12 
 2.570395782769009e+02  1.000000000000000e+00  0.000000000000000e+00  3.828661013069510e-09 -3.423034479797148e-09  4.349761844114862e-12 -1.753381457487360e-12 
 2.600159563165419e+02  1.000000000000000e+00  0.000000000000000e+00  3.789735766305532e-09 -3.429602501971080e-09  4.335192455955368e-12 -1.767457188090334e-12 
 2.630267991895531e+02  1.000000000000000e+00  0.000000000000000e+00  3.750773138020401e-09 -3.435832644610631e-09  4.320389303398038e-12 -1.781522663023834e-12 
 2.660725059798961e+02  1.000000000000000e+00  0.000000000000000e+00  3.711527982940239e-09 -3.441500241153355e-09  4.305350735444034e-12 -1.795573860754096e-12 
 2.691534803927069e+02  1.000000000000000e+00  0.000000000000000e+00  3.672266899558301e-09 -3.446825456302518e-09  4.290075175101538e-12 -1.809606670233389e-12 
 2.722701308078068e+02  1.000000000000000e+00  0.000000000000000e+00  3.632781063360009e-09 -3.451611737333631e-09  4.274561123010046e-12 -1.823616891643851e-12 
 2.754228703338323e+02  1.000000000000000e+00  0.000000000000000e+00  3.593298740880258e-09 -3.456050658758770e-09  4.258807161200011e-12 -1.837600237374600e-12 
 2.786121168629929e+02  1.000000000000000e+00  0.000000000000000e+00  3.553609033854307e-09 -3.459939994818944e-09  4.242811956785265e-12 -1.851552333057672e-12 
 2.818382931264615e+02  1.000000000000000e+00  0.000000000000000e+00  3.513861458787101e-09 -3.463402650722437e-09  4.226574265755444e-12 -1.865468718822444e-12 
 2.851018267504073e+02  1.000000000000000e+00  0.000000000000000e+00  3.474097277836306e-09 -3.466466989814905e-09  4.210092936774294e-12 -1.879344850681673e-12 
 2.884031503126772e+02  1.000000000000000e+00  0.000000000000000e+00  3.434180409463518e-09 -3.468993057113767e-09  4.193366914957922e-12 -1.893176102054446e-12 
 2.917427014001335e+02  1.000000000000000e+00  0.000000000000000e+00  3.394394772136556e-09 -3.471239726331767e-09  4.176395245693062e-12 -1.906957765498288e-12 
 2.951209226666555e+02  1.000000000000000e+00  0.000000000000000e+00  3.354423802330637e-09 -3.472893099679736e-09  4.159177078455960e-12 -1.920685054564122e-12 
 2.985382618918131e+02  1.000000000000000e+00  0.000000000000000e+00  3.314433879307413e-09 -3.474101055366280e-09  4.141711670620510e-12 -1.934353105860183e-12 
 3.019951720402190e+02  1.000000000000000e+00  0.000000000000000e+00  3.274427965537661e-09 -3.474855421115935e-09  4.123998391247255e-12 -1.947956981257283e-12 
 3.054921113215689e+02  1.000000000000000e+00  0.000000000000000e+00  3.234360933405219e-09 -3.475100295796862e-09  4.106036724855849e-12 -1.961491670287327e-12 
 3.090295432513769e+02  1.000000000000000e+00  0.000000000000000e+00  3.194351702301507e-09 -3.474943600496651e-09  4.087826275180870e-12 -1.974952092717082e-12 
 3.126079367124136e+02  1.000000000000000e+00  0.000000000000000e+00  3.154467139413221e-09 -3.474445904184273e-09  4.069366768843261e-12 -1.988333101291832e-12 
 3.162277660168562e+02  1.000000000000000e+00  0.000000000000000e+00  3.114364195221758e-09 -3.473242769660447e-09  4.050658059086293e-12 -2.001629484694722e-12 
 3.198895109691583e+02  1.000000000000000e+00  0.000000000000000e+00  3.074468964428137e-09 -3.471764571006912e-09  4.031700129298731e-12 -2.014835970633900e-12 
 3.235936569296470e+02  1.000000000000000e+00  0.000000000000000e+00  3.034504887902481e-09 -3.469713112441103e-09  4.012493096619690e-12 -2.027947229168504e-12 
 3.273406948788572e+02  1.000000000000000e+00  0.000000000000000e+00  2.994653163978617e-09 -3.467269137241297e-09  3.993037215387769e-12 -2.040957876188715e-12 
 3.311311214826103e+02  1.000000000000000e+00  0.000000000000000e+00  2.954812226034172e-09 -3.464314422858325e-09  3.973332880536216e-12 -2.053862477085959e-12 
 3.349654391578471e+02  1.000000000000000e+00  0.000000000000000e+00  2.915012817872994e-09 -3.460870829659889e-09  3.953380630836921e-12 -2.066655550586887e-12 
 3.388441561392223e+02  1.000000000000000e+00  0.000000000000000e+00  2.875384007353442e-09 -3.457074158544581e-09  3.933181362501719e-12 -2.079331685450054e-12 
 3.427677865464703e+02  1.000000000000000e+00  0.000000000000000e+00  2.835838729410562e-09 -3.452817781952660e-09  3.912735490099987e-12 -2.091885094999792e-12 
 3.467368504525519e+02  1.000000000000000e+00  0.000000000000000e+00  2.796375822925997e-09 -3.448092420927332e-09  3.892044214143247e-12 -2.104310294891741e-12 
 3.507518739525885e+02  1.000000000000000e+00  0.000000000000000e+00  2.757039080619493e-09 -3.442939893055770e-09  3.871108679844858e-12 -2.116601659514085e-12 
 3.548133892335962e+02  1.000000000000000e+00  0.000000000000000e+00  2.717822129913553e-09 -3.437344846229154e-09  3.849930191079384e-12 -2.128753538606785e-12 
 3.589219346450263e+02  1.000000000000000e+00  0.000000000000000e+00  2.678842292500540e-09 -3.431437777616800e-09  3.828510212943645e-12 -2.140760262185368e-12 
 3.630780547701227e+02  1.000000000000000e+00  0.000000000000000e+00  2.639802057955765e-09 -3.424858618342173e-09  3.806850374087923e-12 -2.152616145601519e-12 
 3.672823004981063e+02  1.000000000000000e+00  0.000000000000000e+00  2.601069259197325e-09 -3.418037801932215e-09  3.784952468972608e-12 -2.164315494821935e-12 
 3.715352290971944e+02  1.000000000000000e+00  0.000000000000000e+00  2.562371863494453e-09 -3.410640910290391e-09  3.762818459854886e-12 -2.175852611804387e-12 
 3.758374042884663e+02  1.000000000000000e+00  0.000000000000000e+00  2.523887323070947e-09 -3.402876968326268e-09  3.740450478642859e-12 -2.187221800062258e-12 
 3.801893963205836e+02  1.000000000000000e+00  0.000000000000000e+00  2.485615789887058e-09 -3.394740517734628e-09  3.717850828502034e-12 -2.198417370339733e-12 
 3.845917820453763e+02  1.000000000000000e+00  0.000000000000000e+00  2.447497535908850e-09 -3.386151852758034e-09  3.695021985286247e-12 -2.209433646438457e-12 
 3.890451449943037e+02  1.000000000000000e+00  0.000000000000000e+00  2.409548687516514e-09 -3.377123166674479e-09  3.671966598743477e-12 -2.220264971181607e-12 
 3.935500754558008e+02  1.000000000000000e+00  0.000000000000000e+00  2.371915734700535e-09 -3.367840228459840e-09  3.648687493446846e-12 -2.230905712441563e-12 
 3.981071705535209e+02  1.000000000000000e+00  0.000000000000000e+00  2.334445107294927e-09 -3.358099660520702e-09  3.625187669575472e-12 -2.241350269355754e-12 
 4.027170343254830e+02  1.000000000000000e+00  0.000000000000000e+00  2.297120845769943e-09 -3.347873310219899e-09  3.601470303356497e-12 -2.251593078561117e-12 
 4.073802778041370e+02  1.000000000000000e+00  0.000000000000000e+00  2.260099725597174e-09 -3.337363959190519e-09  3.577538747321303e-12 -2.261628620570318e-12 
 4.120975190973548e+02  1.000000000000000e+00  0.000000000000000e+00  2.223261876634455e-09 -3.326408985134547e-09  3.553396530264467e-12 -2.271451426189740e-12 
 4.168693834703603e+02  1.000000000000000e+00  0.000000000000000e+00  2.186790794352621e-09 -3.315253974080363e-09  3.529047356934391e-12 -2.281056083010476e-12 
 4.216965034286075e+02  1.000000000000000e+00  0.000000000000000e+00  2.150471369100982e-09 -3.303602069819745e-09  3.504495107491608e-12 -2.290437241971797e-12 
 4.265795188016182e+02  1.000000000000000e+00  0.000000000000000e+00  2.114453735790595e-09 -3.291657021765271e-09  3.479744022127319e-12 -2.299589748398351e-12 
 4.315190768277911e+02  1.000000000000000e+00  0.000000000000000e+00  2.078633730511087e-09 -3.279269711077934e-09  3.454797956592162e-12 -2.308508151189340e-12 
 4.365158322401921e+02  1.000000000000000e+00  0.000000000000000e+00  2.043180606633620e-09 -3.266679858517424e-09  3.429661497824214e-12 -2.317187454847293e-12 
 4.415704473533390e+02  1.000000000000000e+00  0.000000000000000e+00  2.007917450596122e-09 -3.253630543357299e-09  3.404339216189301e-12 -2.325622629648382e-12 
 4.466835921509900e+02  1.000000000000000e+00  0.000000000000000e+00  1.972913831403612e-09 -3.240218743621996e-09  3.378835850309848e-12 -2.333808742226224e-12 
 4.518559443749496e+02  1.000000000000000e+00  0.000000000000000e+00  1.938237511256847e-09 -3.226544635165326e-09  3.353156304781449e-12 -2.341740962147548e-12 
 4.570881896149025e+02  1.000000000000000e+00  0.000000000000000e+00  1.903883588354987e-09 -3.212601701325339e-09  3.327305647482983e-12 -2.349414568373307e-12 
 4.623810213992882e+02  1.000000000000000e+00  0.000000000000000e+00  1.869786403311215e-09 -3.198289508044164e-09  3.301289106928389e-12 -2.356824955890285e-12 
 4.677351412872264e+02  1.000000000000000e+00  0.000000000000000e+00  1.836041667757819e-09 -3.183755306149718e-09  3.275112068728456e-12 -2.363967641854882e-12 
 4.731512589615090e+02  1.000000000000000e+00  0.000000000000000e+00  1.802625801282359e-09 -3.168965021099287e-09  3.248780072305520e-12 -2.370838272019889e-12 
 4.786300923226673e+02  1.000000000000000e+00  0.000000000000000e+00  1.769503093722019e-09 -3.153861981590237e-09  3.222298807079127e-12 -2.377432626893884e-12 
 4.841723675841287e+02  1.000000000000000e+00  0.000000000000000e+00  1.736656776135524e-09 -3.138421321086525e-09  3.195674108377123e-12 -2.383746627787304e-12 
 4.897788193684759e+02  1.000000000000000e+00  0.000000000000000e+00  1.704109522211803e-09 -3.122677724246252e-09  3.168911953069074e-12 -2.389776342718613e-12 
 4.954501908048202e+02  1.000000000000000e+00  0.000000000000000e+00  1.671984924018636e-09 -3.106835398072796e-09  3.142018454952920e-12 -2.395517992193816e-12 
 5.011872336273027e+02  1.000000000000000e+00  0.000000000000000e+00  1.640132850311663e-09 -3.090652476148041e-09  3.115000025414291e-12 -2.400968084739486e-12 
 5.069907082747351e+02  1.000000000000000e+00  0.000000000000000e+00  1.608618777653606e-09 -3.074238051040078e-09  3.087862704355464e-12 -2.406122902730913e-12 
 5.128613839913960e+02  1.000000000000000e+00  0.000000000000000e+00  1.577478750418313e-09 -3.057657340964404e-09  3.060613152844519e-12 -2.410979286550122e-12 
 5.188000389289926e+02  1.000000000000000e+00  0.000000000000000e+00  1.546583872271867e-09 -3.040692360670901e-09  3.033257980542846e-12 -2.415534120571291e-12 
 5.248074602498045e+02  1.000000000000000e+00  0.000000000000000e+00  1.516128892389939e-09 -3.023681908984427e-09  3.005803906863398e-12 -2.419784467586700e-12 
 5.308844442310207e+02  1.000000000000000e+00  0.000000000000000e+00  1.486011762867387e-09 -3.006456278525014e-09  2.978257755140931e-12 -2.423727573992430e-12 
 5.370317963702854e+02  1.000000000000000e+00  0.000000000000000e+00  1.456214688773825e-09 -2.988986404658783e-09  2.950626444965279e-12 -2.427360871488942e-12 
 5.432503314924663e+02  1.000000000000000e+00  0.000000000000000e+00  1.426750397133850e-09 -2.971300146876154e-09  2.922916987511665e-12 -2.430681984911377e-12 
 5.495408738576581e+02  1.000000000000000e+00  0.000000000000000e+00  1.397597486757270e-09 -2.953360062985107e-09  2.895136477432928e-12 -2.433688733372510e-12 
 5.559042572704375e+02  1.000000000000000e+00  0.000000000000000e+00  1.368892257935748e-09 -2.935423041390089e-09  2.867292086403745e-12 -2.436379134482924e-12 
 5.623413251903834e+02  1.000000000000000e+00  0.000000000000000e+00  1.340457909396033e-09 -2.917169168018354e-09  2.839391206286208e-12 -2.438751539299739e-12 
 5.688529308438762e+02  1.000000000000000e+00  0.000000000000000e+00  1.312423874234867e-09 -2.898845530191307e-09  2.811440838268211e-12 -2.440804107322515e-12 
 5.754399373371921e+02  1.000000000000000e+00  0.000000000000000e+00  1.284737246868140e-09 -2.880358233618853e-09  2.783448493333143e-12 -2.442535600757772e-12 
 5.821032177709070e+02  1.000000000000000e+00  0.000000000000000e+00  1.257389568662709e-09 -2.861698560835650e-09  2.755421577923808e-12 -2.443944858999455e-12 
 5.888436553556251e+02  1.000000000000000e+00  0.000000000000000e+00  1.230443900193391e-09 -2.842996495005044e-09  2.727367538375295e-12 -2.445030932374840e-12 
 5.956621435290471e+02  1.000000000000000e+00  0.000000000000000e+00  1.203792017682598e-09 -2.824045703270752e-09  2.699293853228401e-12 -2.445793083700981e-12 
 6.025595860743948e+02  1.000000000000000e+00  0.000000000000000e+00  1.177493440476273e-09 -2.804971191153727e-09  2.671208025385373e-12 -2.446230789438103e-12 
 6.095368972402067e+02  1.000000000000000e+00  0.000000000000000e+00  1.151540882214400e-09 -2.785764722964243e-09  2.643117574336276e-12 -2.446343740586788e-12 
 6.165950018615202e+02  1.000000000000000e+00  0.000000000000000e+00  1.126021545778441e-09 -2.766614465873761e-09  2.615030166495715e-12 -2.446131975571022e-12 
 6.237348354824578e+02  1.000000000000000e+00  0.000000000000000e+00  1.100762650178213e-09 -2.747171997902406e-09  2.586953052714908e-12 -2.445595350695369e-12 
 6.309573444802323e+02  1.000000000000000e+00  0.000000000000000e+00  1.075897504288618e-09 -2.727722946514113e-09  2.558893894599390e-12 -2.444734334517216e-12 
 6.382634861905883e+02  1.000000000000000e+00  0.000000000000000e+00  1.051391485957143e-09 -2.708203955058890e-09  2.530860199087376e-12 -2.443549477718925e-12 
 6.456542290346956e+02  1.000000000000000e+00  0.000000000000000e+00  1.027231378315165e-09 -2.688596537562792e-09  2.502859450195343e-12 -2.442041544430093e-12 
 6.531305526475130e+02  1.000000000000000e+00  0.000000000000000e+00  1.003431676612456e-09 -2.668942232074264e-09  2.474899101389502e-12 -2.440211511148497e-12 
 6.606934480076371e+02  1.000000000000000e+00  0.000000000000000e+00  9.799865566506895e-10 -2.649237533720075e-09  2.446986567855801e-12 -2.438060565149219e-12 
 6.683439175686563e+02  1.000000000000000e+00  0.000000000000000e+00  9.568706897824472e-10 -2.629436386536188e-09  2.419129346409422e-12 -2.435590234434095e-12 
 6.760829753920240e+02  1.000000000000000e+00  0.000000000000000e+00  9.340944466291259e-10 -2.609571939154090e-09  2.391334496333427e-12 -2.432801857921093e-12 
 6.839116472814720e+02  1.000000000000000e+00  0.000000000000000e+00  9.116204745393834e-10 -2.589566612729324e-09  2.363609401764507e-12 -2.429697374485586e-12 
 6.918309709189797e+02  1.000000000000000e+00  0.000000000000000e+00  8.895803306387567e-10 -2.569736080794072e-09  2.335961249729320e-12 -2.426278792236415e-12 
 6.998419960023173e+02  1.000000000000000e+00  0.000000000000000e+00  8.678206853225486e-10 -2.549736186501735e-09  2.308397152126336e-12 -2.422548317349885e-12 
 7.079457843841823e+02  1.000000000000000e+00  0.000000000000000e+00  8.464014851302493e-10 -2.529715600574074e-09  2.280924138928326e-12 -2.418508351081787e-12 
 7.161434102129469e+02  1.000000000000000e+00  0.000000000000000e+00  8.253117642347366e-10 -2.509659999335631e-09  2.253549269310664e-12 -2.414161614761419e-12 
 7.244359600750356e+02  1.000000000000000e+00  0.000000000000000e+00  8.046042394622412e-10 -2.489709653523950e-09  2.226279150758248e-12 -2.409510625658926e-12 
 7.328245331389502e+02  1.000000000000000e+00  0.000000000000000e+00  7.842131135230052e-10 -2.469716408316545e-09  2.199120647212877e-12 -2.404558475657772e-12 
 7.413102413009642e+02  1.000000000000000e+00  0.000000000000000e+00  7.641068163943929e-10 -2.449614387473562e-09  2.172080394898987e-12 -2.399308303693727e-12 
 7.498942093325031e+02  1.000000000000000e+00  0.000000000000000e+00  7.443517343232281e-10 -2.429576440174733e-09  2.145164916362845e-12 -2.393763421884509e-12 
 7.585775750292316e+02  1.000000000000000e+00  0.000000000000000e+00  7.249280265928755e-10 -2.409568998269112e-09  2.118380725825432e-12 -2.387927439832278e-12 
 7.673614893618674e+02  1.000000000000000e+00  0.000000000000000e+00  7.058158931801613e-10 -2.389553355279624e-09  2.091733878390177e-12 -2.381803741880645e-12 
 7.762471166287407e+02  1.000000000000000e+00  0.000000000000000e+00  6.870158433278556e-10 -2.369540909123771e-09  2.065230635322608e-12 -2.375396258536387e-12 
 7.852356346101215e+02  1.000000000000000e+00  0.000000000000000e+00  6.685339896371340e-10 -2.349562163462569e-09  2.038877010670777e-12 -2.368708942543374e-12 
 7.943282347243318e+02  1.000000000000000e+00  0.000000000000000e+00  6.503483839960882e-10 -2.329570885190404e-09  2.012678879283772e-12 -2.361745892867540e-12 
 8.035261221856681e+02  1.000000000000000e+00  0.000000000000000e+00  6.324883483845593e-10 -2.309656765895939e-09  1.986642076161205e-12 -2.354511476199681e-12 
 8.128305161641507e+02  1.000000000000000e+00  0.000000000000000e+00  6.149385448925962e-10 -2.289795151123282e-09  1.960771976273583e-12 -2.347009810607605e-12 
 8.222426499471233e+02  1.000000000000000e+00  0.000000000000000e+00  5.976630089185834e-10 -2.269895147112646e-09  1.935074117280700e-12 -2.339245525406370e-12 
 8.317637711027238e+02  1.000000000000000e+00  0.000000000000000e+00  5.807047086917046e-10 -2.250094550337643e-09  1.909553777012228e-12 -2.331223243734269e-12 
 8.413951416452486e+02  1.000000000000000e+00  0.000000000000000e+00  5.640309375173300e-10 -2.230310393211668e-09  1.884216173599414e-12 -2.322947829958104e-12 
 8.511380382024306e+02  1.000000000000000e+00  0.000000000000000e+00  5.476318788856053e-10 -2.210528538374913e-09  1.859066069185203e-12 -2.314423879967806e-12 
 8.609937521846555e+02  1.000000000000000e+00  0.000000000000000e+00  5.315451671281742e-10 -2.190870645208018e-09  1.834108359259663e-12 -2.305656468864883e-12 
 8.709635899561362e+02  1.000000000000000e+00  0.000000000000000e+00  5.157469592598168e-10 -2.171282098072313e-09  1.809347674902952e-12 -2.296650642789077e-12 
 8.810488730080704e+02  1.000000000000000e+00  0.000000000000000e+00  5.002432627406696e-10 -2.151797383731873e-09  1.784788572225728e-12 -2.287411660453763e-12 
 8.912509381338025e+02  1.000000000000000e+00  0.000000000000000e+00  4.850007834393678e-10 -2.132327332913401e-09  1.760435159711052e-12 -2.277944491283161e-12 
 9.015711376060145e+02  1.000000000000000e+00  0.000000000000000e+00  4.700199363288418e-10 -2.112887132487821e-09  1.736291655657730e-12 -2.268254553186000e-12 
 9.120108393559681e+02  1.000000000000000e+00  0.000000000000000e+00  4.553042957187007e-10 -2.093499709985398e-09  1.712362013237287e-12 -2.258347209214562e-12 
 9.225714271548222e+02  1.000000000000000e+00  0.000000000000000e+00  4.409036294296751e-10 -2.074337332021370e-09  1.688650100656176e-12 -2.248228007037914e-12 
 9.332543007970509e+02  1.000000000000000e+00  0.000000000000000e+00  4.267307230556180e-10 -2.055138232567378e-09  1.665159350878134e-12 -2.237902184914288e-12 
 9.440608762859839e+02  1.000000000000000e+00  0.000000000000000e+00  4.128093951630948e-10 -2.035992450105810e-09  1.641893288158533e-12 -2.227375397403614e-12 
 9.549925860214972e+02  1.000000000000000e+00  0.000000000000000e+00  4.032811895709480e-10 -2.029953627490830e-09  1.618855264038631e-12 -2.216653347794208e-12 
 9.660508789898754e+02  1.000000000000000e+00  0.000000000000000e+00  3.898092076238465e-10 -2.010938239383592e-09  1.596048190797357e-12 -2.205741393113374e-12 
 9.772372209558735e+02  1.000000000000000e+00  0.000000000000000e+00  3.765530104791168e-10 -1.991892019370531e-09  1.573475077246633e-12 -2.194645305825714e-12 
 9.885530946570024e+02  1.000000000000000e+00  0.000000000000000e+00  3.597278932438095e-10 -1.960494811245350e-09  1.551138745389764e-12 -2.183370864416981e-12 
 1.000000000000064e+03  1.000000000000000e+00  0.000000000000000e+00  3.470459905745414e-10 -1.941755681667609e-09  1.529041623455736e-12 -2.171923534680458e-12 
 1.011579454259964e+03  1.000000000000000e+00  0.000000000000000e+00  3.346394559361838e-10 -1.923235142564900e-09  1.507186196217666e-12 -2.160309128135356e-12 
 1.023292992280820e+03  1.000000000000000e+00  0.000000000000000e+00  3.224503094711079e-10 -1.904749248862287e-09  1.485574781534567e-12 -2.148533468420632e-12 
 1.035142166679411e+03  1.000000000000000e+00  0.000000000000000e+00  3.104993621529211e-10 -1.886384350414512e-09  1.464209303531645e-12 -2.136602030902429e-12 
 1.047128548050967e+03  1.000000000000000e+00  0.000000000000000e+00  2.987761610106971e-10 -1.868116433717758e-09  1.443091752460681e-12 -2.124520637261456e-12 
 1.059253725177357e+03  1.000000000000000e+00  0.000000000000000e+00  2.872836914038860e-10 -1.849974122755946e-09  1.422223952331169e-12 -2.112295097036292e-12 
 1.071519305237676e+03  1.000000000000000e+00  0.000000000000000e+00  2.760179230850446e-10 -1.831955097673672e-09  1.401607350632640e-12 -2.099930861354826e-12 
 1.083926914021273e+03  1.000000000000000e+00  0.000000000000000e+00  2.649575628846823e-10 -1.813995175511600e-09  1.381243526770353e-12 -2.087433819510943e-12 
 1.096478196143256e+03  1.000000000000000e+00  0.000000000000000e+00  2.541097596569437e-10 -1.796134378919647e-09  1.361133622342023e-12 -2.074809380366083e-12 
 1.109174815262473e+03  1.000000000000000e+00  0.000000000000000e+00  2.434740349912734e-10 -1.778384591462460e-09  1.341278839549037e-12 -2.062063265050588e-12 
 1.122018454302036e+03  1.000000000000000e+00  0.000000000000000e+00  2.330562415363759e-10 -1.760785953203062e-09  1.321680227758116e-12 -2.049201157774730e-12 
 1.135010815672388e+03  1.000000000000000e+00  0.000000000000000e+00  2.228185420012650e-10 -1.743199604021189e-09  1.302338491046856e-12 -2.036228371117006e-12 
 1.148153621496957e+03  1.000000000000000e+00  0.000000000000000e+00  2.128154212042983e-10 -1.725861323979223e-09  1.283254456988620e-12 -2.023150619122800e-12 
 1.161448613840418e+03  1.000000000000000e+00  0.000000000000000e+00  2.030097065717492e-10 -1.708636647189774e-09  1.264428553450005e-12 -2.009973128495198e-12 
 1.174897554939606e+03  1.000000000000000e+00  0.000000000000000e+00  1.933747914537815e-10 -1.691428231608799e-09  1.245861329799286e-12 -1.996701514183865e-12 
 1.188502227437096e+03  1.000000000000000e+00  0.000000000000000e+00  1.839573732810155e-10 -1.674447786250898e-09  1.227552951317818e-12 -1.983340902321665e-12 
 1.202264434617491e+03  1.000000000000000e+00  0.000000000000000e+00  1.720269224636229e-10 -1.646818814354979e-09  1.209503699168809e-12 -1.969896786601754e-12 
 1.216186000646447e+03  1.000000000000000e+00  0.000000000000000e+00  1.630219742828149e-10 -1.630100489332076e-09  1.191713498124421e-12 -1.956374192198724e-12 
 1.230268770812462e+03  1.000000000000000e+00  0.000000000000000e+00  1.567749252395593e-10 -1.624017121791675e-09  1.174182383660758e-12 -1.942778493411564e-12 
 1.244514611771466e+03  1.000000000000000e+00  0.000000000000000e+00  1.480681659788603e-10 -1.607411257635006e-09  1.156910031430206e-12 -1.929114561266556e-12 
 1.258925411794249e+03  1.000000000000000e+00  0.000000000000000e+00  1.395608982870846e-10 -1.591033063620044e-09  1.139896246716518e-12 -1.915387638763019e-12 
 1.273503081016745e+03  1.000000000000000e+00  0.000000000000000e+00  1.312065737776368e-10 -1.574690996726636e-09  1.123140494352132e-12 -1.901602473080925e-12 
 1.288249551693218e+03  1.000000000000000e+00  0.000000000000000e+00  1.230205408892861e-10 -1.558461042327212e-09  1.106642356977681e-12 -1.887764151457346e-12 
 1.303166778452385e+03  1.000000000000000e+00  0.000000000000000e+00  1.150225778812264e-10 -1.542457156322343e-09  1.090401149423788e-12 -1.873877375816895e-12 
 1.318256738556493e+03  1.000000000000000e+00  0.000000000000000e+00  1.071682561746031e-10 -1.526481310415510e-09  1.074416092740336e-12 -1.859946772674414e-12 
 1.333521432163411e+03  1.000000000000000e+00  0.000000000000000e+00  9.727586998031876e-11 -1.500884359474102e-09  1.058686467842179e-12 -1.845977185497472e-12 
 1.348962882591742e+03  1.000000000000000e+00  0.000000000000000e+00  8.979659861193956e-11 -1.485295532853538e-09  1.043211268213106e-12 -1.831972992366005e-12 
 1.364583136589014e+03  1.000000000000000e+00  0.000000000000000e+00  8.456175467300656e-11 -1.479317489788076e-09  1.027989598796434e-12 -1.817938875938294e-12 
 1.380384264602976e+03  1.000000000000000e+00  0.000000000000000e+00  7.733593929311970e-11 -1.463851898669043e-09  1.013020324164941e-12 -1.803879122165070e-12 
 1.396368361056030e+03  1.000000000000000e+00  0.000000000000000e+00  7.027057590672179e-11 -1.448569333251302e-09  9.983022445104647e-13 -1.789797954407770e-12 
 1.412537544622847e+03  1.000000000000000e+00  0.000000000000000e+00  6.333794939164749e-11 -1.433342192252929e-09  9.838342256933053e-13 -1.775699794720906e-12 
 1.428893958511197e+03  1.000000000000000e+00  0.000000000000000e+00  5.656024904897676e-11 -1.418293187880428e-09  9.696149194705827e-13 -1.761588685553192e-12 
 1.445439770746023e+03  1.000000000000000e+00  0.000000000000000e+00  4.990938829813288e-11 -1.403297928029996e-09  9.556429595656647e-13 -1.747468679537538e-12 
 1.462177174456815e+03  1.000000000000000e+00  0.000000000000000e+00  4.340381464704703e-11 -1.388461991760109e-09  9.419168731203463e-13 -1.733343645959274e-12 
 1.479108388168306e+03  1.000000000000000e+00  0.000000000000000e+00  3.704161467094727e-11 -1.373792431969562e-09  9.284352610780100e-13 -1.719217648584953e-12 
 1.496235656094533e+03  1.000000000000000e+00  0.000000000000000e+00  3.079930050825464e-11 -1.359173267251994e-09  9.151965357558654e-13 -1.705094378403347e-12 
 1.513561248436309e+03  1.000000000000000e+00  0.000000000000000e+00  2.470497314295579e-11 -1.344776006524580e-09  9.021991027583826e-13 -1.690977532019885e-12 
 1.531087461682132e+03  1.000000000000000e+00  0.000000000000000e+00  1.872466564237956e-11 -1.330421820792880e-09  8.894412791309378e-13 -1.676870624931389e-12 
 1.548816618912585e+03  1.000000000000000e+00  0.000000000000000e+00  1.286664516025084e-11 -1.316172213753840e-09  8.769214601182509e-13 -1.662777357201628e-12 
 1.566751070108254e+03  1.000000000000000e+00  0.000000000000000e+00  7.137403279328339e-12 -1.302077993181807e-09  8.646378766476947e-13 -1.648701065552288e-12 
 1.584893192461219e+03  1.000000000000000e+00  0.000000000000000e+00  1.528169317868405e-12 -1.288099509701451e-09  8.525887634751040e-13 -1.634645089495292e-12 
 1.603245390690149e+03  1.000000000000000e+00  0.000000000000000e+00 -3.948988422299602e-12 -1.274323662746198e-09  8.407723212240454e-13 -1.620612679273385e-12 
 1.621810097359039e+03  1.000000000000000e+00  0.000000000000000e+00 -9.328999614623632e-12 -1.260558064390709e-09  8.291867195490609e-13 -1.606606997754173e-12 
 1.640589773199649e+03  1.000000000000000e+00  0.000000000000000e+00 -1.458465801031531e-11 -1.246976797257620e-09  8.178301004358046e-13 -1.592631120091081e-12 
 1.659586907437672e+03  1.000000000000000e+00  0.000000000000000e+00 -1.974049996618517e-11 -1.233442866960371e-09  8.067005812920569e-13 -1.578688034837669e-12 
 1.678804018122673e+03  1.000000000000000e+00  0.000000000000000e+00 -2.477127775410599e-11 -1.220130462825450e-09  7.957962579871645e-13 -1.564780643563201e-12 
 1.698243652461858e+03  1.000000000000000e+00  0.000000000000000e+00 -2.969892746758829e-11 -1.206908616153335e-09  7.851152079065274e-13 -1.550911763394621e-12 
 1.717908387157704e+03  1.000000000000000e+00  0.000000000000000e+00 -3.452184199723894e-11 -1.193804822117441e-09  7.746554928335738e-13 -1.537084127036200e-12 
 1.737800828749492e+03  1.000000000000000e+00  0.000000000000000e+00 -3.924163313440854e-11 -1.180821444512254e-09  7.644151617873352e-13 -1.523300382912016e-12 
 1.757923613958811e+03  1.000000000000000e+00  0.000000000000000e+00 -4.386095858206186e-11 -1.167954347479350e-09  7.543922538275712e-13 -1.509563097852949e-12 
 1.778279410039043e+03  1.000000000000000e+00  0.000000000000000e+00 -4.838560255692632e-11 -1.155172975921087e-09  7.445848007349718e-13 -1.495874757085823e-12 
 1.798870915128909e+03  1.000000000000000e+00  0.000000000000000e+00 -5.280927222141525e-11 -1.142540210293205e-09  7.349908296352713e-13 -1.482237765904310e-12 
 1.819700858610106e+03  1.000000000000000e+00  0.000000000000000e+00 -5.713506638202507e-11 -1.130041415054000e-09  7.256083655572527e-13 -1.468654449836903e-12 
 1.840772001469080e+03  1.000000000000000e+00  0.000000000000000e+00 -6.137004671666500e-11 -1.117644582173977e-09  7.164354339020094e-13 -1.455127057703963e-12 
 1.862087136662994e+03  1.000000000000000e+00  0.000000000000000e+00 -6.551457160599608e-11 -1.105359813615486e-09  7.074700628905452e-13 -1.441657760918396e-12 
 1.883649089489928e+03  1.000000000000000e+00  0.000000000000000e+00 -6.845872172823003e-11 -1.100259983272817e-09  6.987103155345877e-13 -1.428248738702620e-12 
 1.905460717963377e+03  1.000000000000000e+00  0.000000000000000e+00 -7.353683472466531e-11 -1.081136856305290e-09  6.901541704220649e-13 -1.414901844336032e-12 
 1.927524913191067e+03  1.000000000000000e+00  0.000000000000000e+00 -7.741367057306528e-11 -1.069232786691119e-09  6.817997123058073e-13 -1.401619120844315e-12 
 1.949844599758178e+03  1.000000000000000e+00  0.000000000000000e+00 -8.121253467992018e-11 -1.057395411346715e-09  6.736450268634109e-13 -1.388402518643048e-12 
 1.972422736114988e+03  1.000000000000000e+00  0.000000000000000e+00 -8.493079833612380e-11 -1.045655722251659e-09  6.656881376589175e-13 -1.375253697442832e-12 
 1.995262314969016e+03  1.000000000000000e+00  0.000000000000000e+00 -8.856471471150519e-11 -1.034058279617895e-09  6.579271625898680e-13 -1.362174475359615e-12 
 2.018366363681699e+03  1.000000000000000e+00  0.000000000000000e+00 -9.308665659160694e-11 -1.015943165461650e-09  6.503602327906320e-13 -1.349166597542812e-12 
 2.041737944669669e+03  1.000000000000000e+00  0.000000000000000e+00 -9.559494131436061e-11 -1.011216960094138e-09  6.429854341229694e-13 -1.336231542241779e-12 
 2.065380155810671e+03  1.000000000000000e+00  0.000000000000000e+00 -9.899193393432119e-11 -9.999939389000476e-10  6.358009581594339e-13 -1.323370989448293e-12 
 2.089296130854183e+03  1.000000000000000e+00  0.000000000000000e+00 -1.023216251970545e-10 -9.888223053998481e-10  6.288049338025842e-13 -1.310586286789705e-12 
 2.113489039836792e+03  1.000000000000000e+00  0.000000000000000e+00 -1.055766875798900e-10 -9.777758071928162e-10  6.219956035584295e-13 -1.297879002998383e-12 
 2.137962089502379e+03  1.000000000000000e+00  0.000000000000000e+00 -1.087551709168562e-10 -9.668849867061484e-10  6.153711478739991e-13 -1.285250365612113e-12 
 2.162718523727169e+03  1.000000000000000e+00  0.000000000000000e+00 -1.118657875084077e-10 -9.560866081030711e-10  6.089298611988908e-13 -1.272701825452491e-12 
 2.187761623949703e+03  1.000000000000000e+00  0.000000000000000e+00 -1.149171741305183e-10 -9.453126118936126e-10  6.026699835769460e-13 -1.260234500851731e-12 
 2.213094709605790e+03  1.000000000000000e+00  0.000000000000000e+00 -1.178924183584812e-10 -9.347352687882659e-10  5.965898673452511e-13 -1.247849731173857e-12 
 2.238721138568494e+03  1.000000000000000e+00  0.000000000000000e+00 -1.208072896445414e-10 -9.242110118469007e-10  5.906878365788162e-13 -1.235548598935299e-12 
 2.264644307593216e+03  1.000000000000000e+00  0.000000000000000e+00 -1.236534153857231e-10 -9.138397959109496e-10  5.849622693299698e-13 -1.223332204627870e-12 
 2.290867652767931e+03  1.000000000000000e+00  0.000000000000000e+00 -1.264406097969153e-10 -9.035328084308739e-10  5.794115610486037e-13 -1.211201534709119e-12 
 2.317394649968639e+03  1.000000000000000e+00  0.000000000000000e+00 -1.291641582792762e-10 -8.933540448418361e-10  5.740341963173533e-13 -1.199157726437670e-12 
 2.344228815320084e+03  1.000000000000000e+00  0.000000000000000e+00 -1.318296149776309e-10 -8.832594223574288e-10  5.688286435525586e-13 -1.187201673248483e-12 
 2.371373705661819e+03  1.000000000000000e+00  0.000000000000000e+00 -1.344394185540544e-10 -8.732283334002511e-10  5.637934276409719e-13 -1.175334291865274e-12 
 2.398832919019656e+03  1.000000000000000e+00  0.000000000000000e+00 -1.369859010135036e-10 -8.633622966103292e-10  5.589271132275424e-13 -1.163556456548468e-12 
 2.426610095082583e+03  1.000000000000000e+00  0.000000000000000e+00 -1.394752711255573e-10 -8.536056295758680e-10  5.542283056757276e-13 -1.151869001213762e-12 
 2.454708915685200e+03  1.000000000000000e+00  0.000000000000000e+00 -1.419105689185517e-10 -8.439404507448918e-10  5.496956520520068e-13 -1.140272721653470e-12 
 2.483133105295743e+03  1.000000000000000e+00  0.000000000000000e+00 -1.442958145412627e-10 -8.343225561917788e-10  5.453278423453643e-13 -1.128768376154167e-12 
 2.511886431509754e+03  1.000000000000000e+00  0.000000000000000e+00 -1.466279986437792e-10 -8.248069664847247e-10  5.411236234081011e-13 -1.117356747878462e-12 
 2.540972705549481e+03  1.000000000000000e+00  0.000000000000000e+00 -1.489045877233796e-10 -8.154365905974102e-10  5.370817469358542e-13 -1.106038405260763e-12 
 2.570395782769042e+03  1.000000000000000e+00  0.000000000000000e+00 -1.511353973711442e-10 -8.060959092871254e-10  5.332010507358175e-13 -1.094814066213682e-12 
 2.600159563165453e+03  1.000000000000000e+00  0.000000000000000e+00 -1.527396676468323e-10 -8.021004223883363e-10  5.294804068936272e-13 -1.083684360970522e-12 
 2.630267991895565e+03  1.000000000000000e+00  0.000000000000000e+00 -1.554409289826450e-10 -7.878205040553465e-10  5.259187404664542e-13 -1.072649934429982e-12 
 2.660725059798995e+03  1.000000000000000e+00  0.000000000000000e+00 -1.569816692466181e-10 -7.838255455651001e-10  5.225150007387688e-13 -1.061711255313722e-12 
 2.691534803927103e+03  1.000000000000000e+00  0.000000000000000e+00 -1.595622946753086e-10 -7.698410194789891e-10  5.192682194411284e-13 -1.050868968855839e-12 
 2.722701308078103e+03  1.000000000000000e+00  0.000000000000000e+00 -1.610330271381735e-10 -7.659804327174404e-10  5.161774467772499e-13 -1.040123496663852e-12 
 2.754228703338359e+03  1.000000000000000e+00  0.000000000000000e+00 -1.640052870844151e-10 -7.473854492559080e-10  5.132418118284216e-13 -1.029475431797155e-12 
 2.786121168629965e+03  1.000000000000000e+00  0.000000000000000e+00 -1.654021859392202e-10 -7.436242248449337e-10  5.104604797535825e-13 -1.018925216133408e-12 
 2.818382931264651e+03  1.000000000000000e+00  0.000000000000000e+00 -1.672650520778644e-10 -7.350241921651009e-10  5.078326576132098e-13 -1.008473239358768e-12 
 2.851018267504109e+03  1.000000000000000e+00  0.000000000000000e+00 -1.690811803202250e-10 -7.265973103835628e-10  5.053576353955516e-13 -9.981200543228865e-13 
 2.884031503126808e+03  1.000000000000000e+00  0.000000000000000e+00 -1.708603772569480e-10 -7.181934979694655e-10  5.030347311121519e-13 -9.878660305706927e-13 
 2.917427014001372e+03  1.000000000000000e+00  0.000000000000000e+00 -1.725992902285214e-10 -7.098790784771000e-10  5.008633255239525e-13 -9.777115774621620e-13 
 2.951209226666593e+03  1.000000000000000e+00  0.000000000000000e+00 -1.742985549406137e-10 -7.016748083508312e-10  4.988428544265092e-13 -9.676570914511844e-13 
 2.985382618918170e+03  1.000000000000000e+00  0.000000000000000e+00 -1.759598577649580e-10 -6.935491742911838e-10  4.969728093818652e-13 -9.577029574999137e-13 
 3.019951720402229e+03  1.000000000000000e+00  0.000000000000000e+00 -1.775832750794730e-10 -6.855172435801339e-10  4.952527383949722e-13 -9.478495506127744e-13 
 3.054921113215728e+03  1.000000000000000e+00  0.000000000000000e+00 -1.791710415296091e-10 -6.775477391511825e-10  4.936822505693596e-13 -9.380972878178097e-13 
 3.090295432513808e+03  1.000000000000000e+00  0.000000000000000e+00 -1.807227770477730e-10 -6.696819108442596e-10  4.922610004319978e-13 -9.284464276207224e-13 
 3.126079367124176e+03  1.000000000000000e+00  0.000000000000000e+00 -1.822404129161535e-10 -6.618631237628244e-10  4.909887139259105e-13 -9.188973754491746e-13 
 3.162277660168603e+03  1.000000000000000e+00  0.000000000000000e+00 -1.837230111173622e-10 -6.541616089577682e-10  4.898651739426179e-13 -9.094505308190462e-13 
 3.198895109691624e+03  1.000000000000000e+00  0.000000000000000e+00 -1.855419592027438e-10 -6.422471898796467e-10  4.888902148112526e-13 -9.001061412757678e-13 
 3.235936569296512e+03  1.000000000000000e+00  0.000000000000000e+00 -1.865894164755636e-10 -6.389722999730290e-10  4.880637446252566e-13 -8.908646609137333e-13 
 3.273406948788614e+03  1.000000000000000e+00  0.000000000000000e+00 -1.879758514586233e-10 -6.314621974222137e-10  4.873857201775616e-13 -8.817263807607508e-13 
 3.311311214826146e+03  1.000000000000000e+00  0.000000000000000e+00 -1.893290132036884e-10 -6.240730810176296e-10  4.868561665827087e-13 -8.726916086282520e-13 
 3.349654391578515e+03  1.000000000000000e+00  0.000000000000000e+00 -1.906526660897106e-10 -6.167334633668496e-10  4.864751711079034e-13 -8.637607938413661e-13 
 3.388441561392267e+03  1.000000000000000e+00  0.000000000000000e+00 -1.919466151497307e-10 -6.094663641308452e-10  4.862428831303516e-13 -8.549342503493343e-13 
 3.427677865464748e+03  1.000000000000000e+00  0.000000000000000e+00 -1.932088280926935e-10 -6.023304646617208e-10  4.861595165959760e-13 -8.462123465814257e-13 
 3.467368504525564e+03  1.000000000000000e+00  0.000000000000000e+00 -1.944454269236598e-10 -5.952151245552911e-10  4.862253502000583e-13 -8.375954595395769e-13 
 3.507518739525930e+03  1.000000000000000e+00  0.000000000000000e+00 -1.953523484785302e-10 -5.920804982411289e-10  4.864407260251120e-13 -8.290840239604495e-13 
 3.548133892336008e+03  1.000000000000000e+00  0.000000000000000e+00 -1.968317955015484e-10 -5.812583822054839e-10  4.868060568766361e-13 -8.206783420036345e-13 
 3.589219346450309e+03  1.000000000000000e+00  0.000000000000000e+00 -1.982703523740665e-10 -5.705739148940663e-10  4.873218195482568e-13 -8.123788773515056e-13 
 3.630780547701273e+03  1.000000000000000e+00  0.000000000000000e+00 -1.991119820104982e-10 -5.675709721271475e-10  4.879885560213904e-13 -8.041861067765699e-13 
 3.672823004981110e+03  1.000000000000000e+00  0.000000000000000e+00 -2.002136006133066e-10 -5.608344018818429e-10  4.888068805731811e-13 -7.961004236529429e-13 
 3.715352290971992e+03  1.000000000000000e+00  0.000000000000000e+00 -2.012902241639586e-10 -5.541552562925763e-10  4.897774828835334e-13 -7.881222532354182e-13 
 3.758374042884712e+03  1.000000000000000e+00  0.000000000000000e+00 -2.023413125919558e-10 -5.475755624954279e-10  4.909011043610477e-13 -7.802521639721804e-13 
 3.801893963205885e+03  1.000000000000000e+00  0.000000000000000e+00 -2.033691304880143e-10 -5.410421461047705e-10  4.921785742638719e-13 -7.724906199586509e-13 
 3.845917820453813e+03  1.000000000000000e+00  0.000000000000000e+00 -2.043735501475197e-10 -5.345759925645521e-10  4.936107881880870e-13 -7.648381515923182e-13 
 3.890451449943086e+03  1.000000000000000e+00  0.000000000000000e+00 -2.055918648941892e-10 -5.246763485157646e-10  4.951987050464567e-13 -7.572953517377224e-13 
 3.935500754558058e+03  1.000000000000000e+00  0.000000000000000e+00 -2.065439546080956e-10 -5.184290677246770e-10  4.969433850557136e-13 -7.498627284450083e-13 
 3.981071705535260e+03  1.000000000000000e+00  0.000000000000000e+00 -2.072502310825032e-10 -5.156054474181635e-10  4.988459267268010e-13 -7.425409730324923e-13 
 4.027170343254882e+03  1.000000000000000e+00  0.000000000000000e+00 -2.081658413689879e-10 -5.093967226672017e-10  5.009075396920697e-13 -7.353306449904066e-13 
 4.073802778041422e+03  1.000000000000000e+00  0.000000000000000e+00 -2.090600778513005e-10 -5.032657868901010e-10  5.031294724137190e-13 -7.282325005436558e-13 
 4.120975190973601e+03  1.000000000000000e+00  0.000000000000000e+00 -2.099339486644614e-10 -4.971925258889406e-10  5.055130807951778e-13 -7.212472111737831e-13 
 4.168693834703657e+03  1.000000000000000e+00  0.000000000000000e+00 -2.107874192717599e-10 -4.911983729797470e-10  5.080597891836874e-13 -7.143755241572272e-13 
 4.216965034286129e+03  1.000000000000000e+00  0.000000000000000e+00 -2.116214240221853e-10 -4.852767500587401e-10  5.107711015212846e-13 -7.076182253029040e-13 
 4.265795188016236e+03  1.000000000000000e+00  0.000000000000000e+00 -2.124362492679630e-10 -4.793840520043760e-10  5.136486022657442e-13 -7.009761413939914e-13 
 4.315190768277966e+03  1.000000000000000e+00  0.000000000000000e+00 -2.132321860447198e-10 -4.735624089451989e-10  5.166939426631420e-13 -6.944501776217819e-13 
 4.365158322401977e+03  1.000000000000000e+00  0.000000000000000e+00 -2.140095968498721e-10 -4.677944927794595e-10  5.199089013138578e-13 -6.880411757246981e-13 
 4.415704473533447e+03  1.000000000000000e+00  0.000000000000000e+00 -2.147692986395390e-10 -4.621102076560197e-10  5.232952806339773e-13 -6.817501682062534e-13 
 4.466835921509957e+03  1.000000000000000e+00  0.000000000000000e+00 -2.155107423728862e-10 -4.564538625026274e-10  5.268550142765533e-13 -6.755781293674914e-13 
 4.518559443749554e+03  1.000000000000000e+00  0.000000000000000e+00 -2.162354495391273e-10 -4.508677045199377e-10  5.305901074149166e-13 -6.695261208419954e-13 
 4.570881896149084e+03  1.000000000000000e+00  0.000000000000000e+00 -2.169432785472143e-10 -4.453521787382625e-10  5.345026530887022e-13 -6.635952579815306e-13 
 4.623810213992941e+03  1.000000000000000e+00  0.000000000000000e+00 -2.176341031156678e-10 -4.398811516267247e-10  5.385948135964020e-13 -6.577867458188067e-13 
 4.677351412872325e+03  1.000000000000000e+00  0.000000000000000e+00 -2.183089398069273e-10 -4.344622105502134e-10  5.428689008561358e-13 -6.521017466279779e-13 
 4.731512589615151e+03  1.000000000000000e+00  0.000000000000000e+00 -2.189686186136350e-10 -4.291157053131870e-10  5.473272385618893e-13 -6.465416182169594e-13 
 4.786300923226734e+03  1.000000000000000e+00  0.000000000000000e+00 -2.196120150271182e-10 -4.238101305138599e-10  5.519723049892742e-13 -6.411076812007956e-13 
 4.841723675841348e+03  1.000000000000000e+00  0.000000000000000e+00 -2.202406117850072e-10 -4.185672277584815e-10  5.568066530789593e-13 -6.358013561673473e-13 
 4.897788193684822e+03  1.000000000000000e+00  0.000000000000000e+00 -2.208544902373713e-10 -4.133737668804965e-10  5.618329324159003e-13 -6.306241325444619e-13 
 4.954501908048266e+03  1.000000000000000e+00  0.000000000000000e+00 -2.214538576493207e-10 -4.082393655136445e-10  5.670538648478160e-13 -6.255776024261418e-13 
 5.011872336273092e+03  1.000000000000000e+00  0.000000000000000e+00 -2.220387619618694e-10 -4.031359889519306e-10  5.724723471514986e-13 -6.206633382037617e-13 
 5.069907082747417e+03  1.000000000000000e+00  0.000000000000000e+00 -2.226106153688249e-10 -3.981082992078243e-10  5.780912761237220e-13 -6.158831147147532e-13 
 5.128613839914026e+03  1.000000000000000e+00  0.000000000000000e+00 -2.231679110996904e-10 -3.931178211437406e-10  5.839137283042273e-13 -6.112386936687654e-13 
 5.188000389289994e+03  1.000000000000000e+00  0.000000000000000e+00 -2.237124162758621e-10 -3.881876838967210e-10  5.899428305409047e-13 -6.067319812201427e-13 
 5.248074602498114e+03  1.000000000000000e+00  0.000000000000000e+00 -2.242440532379234e-10 -3.833180391788872e-10  5.961819027458708e-13 -6.023648803069443e-13 
 5.308844442310276e+03  1.000000000000000e+00  0.000000000000000e+00 -2.247624345032677e-10 -3.784727976745887e-10  6.026342564663134e-13 -5.981395031309742e-13 
 5.370317963702924e+03  1.000000000000000e+00  0.000000000000000e+00 -2.252687220989939e-10 -3.736877052231999e-10  6.093034021634361e-13 -5.940579659368814e-13 
 5.432503314924734e+03  1.000000000000000e+00  0.000000000000000e+00 -2.256587635194067e-10 -3.714495216596679e-10  6.161929341046273e-13 -5.901225133009973e-13 
 5.495408738576652e+03  1.000000000000000e+00  0.000000000000000e+00 -2.262445767734217e-10 -3.642644892386484e-10  6.233065235861820e-13 -5.863355110757698e-13 
 5.559042572704448e+03  1.000000000000000e+00  0.000000000000000e+00 -2.267148699881877e-10 -3.596139359720066e-10  6.306480649504556e-13 -5.826993550901936e-13 
 5.623413251903908e+03  1.000000000000000e+00  0.000000000000000e+00 -2.271732946582232e-10 -3.550082759429400e-10  6.382214299384497e-13 -5.792166545921817e-13 
 5.688529308438837e+03  1.000000000000000e+00  0.000000000000000e+00 -2.276212770621463e-10 -3.504621811450113e-10  6.460307166970464e-13 -5.758900479125939e-13 
 5.754399373371997e+03  1.000000000000000e+00  0.000000000000000e+00 -2.280579511004556e-10 -3.459570174474565e-10  6.540800722841104e-13 -5.727223445677439e-13 
 5.821032177709148e+03  1.000000000000000e+00  0.000000000000000e+00 -2.284840344638726e-10 -3.414905267250928e-10  6.623738453410017e-13 -5.697164193901819e-13 
 5.888436553556328e+03  1.000000000000000e+00  0.000000000000000e+00 -2.288997049649054e-10 -3.370838938692335e-10  6.709164750693500e-13 -5.668752993429539e-13 
 5.956621435290549e+03  1.000000000000000e+00  0.000000000000000e+00 -2.293051400733155e-10 -3.327121157861298e-10  6.797125309018941e-13 -5.642021399619500e-13 
 6.025595860744027e+03  1.000000000000000e+00  0.000000000000000e+00 -2.297005623388845e-10 -3.283941265678721e-10  6.887667148841088e-13 -5.617002301960619e-13 
 6.095368972402147e+03  1.000000000000000e+00  0.000000000000000e+00 -2.300853536158752e-10 -3.240974392681701e-10  6.980838183434607e-13 -5.593730226575651e-13 
 6.165950018615283e+03  1.000000000000000e+00  0.000000000000000e+00 -2.304606753031380e-10 -3.198483629570847e-10  7.076688592877908e-13 -5.572240616374241e-13 
 6.237348354824660e+03  1.000000000000000e+00  0.000000000000000e+00 -2.308258912395779e-10 -3.156321925819026e-10  7.175269048332639e-13 -5.552570902626251e-13 
 6.309573444802405e+03  1.000000000000000e+00  0.000000000000000e+00 -2.311826288774680e-10 -3.114710546085682e-10  7.276632588698775e-13 -5.534759550591003e-13 
 6.382634861905965e+03  1.000000000000000e+00  0.000000000000000e+00 -2.315306013316991e-10 -3.073577030240342e-10  7.380833262890123e-13 -5.518846868928253e-13 
 6.456542290347040e+03  1.000000000000000e+00  0.000000000000000e+00 -2.318697507319705e-10 -3.032865238672852e-10  7.487926610308832e-13 -5.504874807338788e-13 
 6.531305526475215e+03  1.000000000000000e+00  0.000000000000000e+00 -2.321996322867498e-10 -2.992372748320996e-10  7.597969144844575e-13 -5.492887256628330e-13 
 6.606934480076457e+03  1.000000000000000e+00  0.000000000000000e+00 -2.325209224971826e-10 -2.952345300917001e-10  7.711019989967113e-13 -5.482929393334793e-13 
 6.683439175686650e+03  1.000000000000000e+00  0.000000000000000e+00 -2.328332189004310e-10 -2.912629749764881e-10  7.827139339103490e-13 -5.475048457411053e-13 
 6.760829753920328e+03  1.000000000000000e+00  0.000000000000000e+00 -2.331375656735252e-10 -2.873352742288951e-10  7.946388408135249e-13 -5.469293807242284e-13 
 6.839116472814810e+03  1.000000000000000e+00  0.000000000000000e+00 -2.334342159912229e-10 -2.834476550561535e-10  8.068831213430326e-13 -5.465716295017834e-13 
 6.918309709189888e+03  1.000000000000000e+00  0.000000000000000e+00 -2.337234551985067e-10 -2.796028367479955e-10  8.194532268723624e-13 -5.464369250202317e-13 
 6.998419960023265e+03  1.000000000000000e+00  0.000000000000000e+00 -2.340040263397864e-10 -2.757853455428038e-10  8.323559022323456e-13 -5.465307649453407e-13 
 7.079457843841916e+03  1.000000000000000e+00  0.000000000000000e+00 -2.342771835183676e-10 -2.720000884709352e-10  8.455980084091125e-13 -5.468588863234282e-13 
 7.161434102129563e+03  1.000000000000000e+00  0.000000000000000e+00 -2.345425149382193e-10 -2.682541169456181e-10  8.591865175650087e-13 -5.474272719073166e-13 
 7.244359600750450e+03  1.000000000000000e+00  0.000000000000000e+00 -2.348015564458506e-10 -2.645546992002878e-10  8.731287169042686e-13 -5.482420933791596e-13 
 7.328245331389598e+03  1.000000000000000e+00  0.000000000000000e+00 -2.350522991415583e-10 -2.608749866636151e-10  8.874319442226429e-13 -5.493098054809857e-13 
 7.413102413009738e+03  1.000000000000000e+00  0.000000000000000e+00 -2.352964999032856e-10 -2.572345283392450e-10  9.021038674518333e-13 -5.506370695456624e-13 
 7.498942093325129e+03  1.000000000000000e+00  0.000000000000000e+00 -2.355329699664043e-10 -2.536218182636427e-10  9.171522818005621e-13 -5.522308254664055e-13 
 7.585775750292415e+03  1.000000000000000e+00  0.000000000000000e+00 -2.357290263560020e-10 -2.518516559119449e-10  9.325851031824996e-13 -5.540983010358285e-13 
 7.673614893618774e+03  1.000000000000000e+00  0.000000000000000e+00 -2.359872037844748e-10 -2.465118880748495e-10  9.484106005800482e-13 -5.562469538954545e-13 
 7.762471166287509e+03  1.000000000000000e+00  0.000000000000000e+00 -2.362039795436984e-10 -2.430019845621928e-10  9.646370981815021e-13 -5.586845747421879e-13 
 7.852356346101316e+03  1.000000000000000e+00  0.000000000000000e+00 -2.364134956617750e-10 -2.395159073051543e-10  9.812732053269439e-13 -5.614192240142950e-13 
 7.943282347243421e+03  1.000000000000000e+00  0.000000000000000e+00 -2.366185073260098e-10 -2.360759403682678e-10  9.983279203272954e-13 -5.644592312387325e-13 
 8.035261221856787e+03  1.000000000000000e+00  0.000000000000000e+00 -2.368165983970528e-10 -2.326669894912335e-10  1.015810038854908e-12 -5.678133376422550e-13 
 8.128305161641614e+03  1.000000000000000e+00  0.000000000000000e+00 -2.370080222592709e-10 -2.292807749877363e-10  1.033729008777662e-12 -5.714905162801442e-13 
 8.222426499471341e+03  1.000000000000000e+00  0.000000000000000e+00 -2.371928936043193e-10 -2.259211139997970e-10  1.052094341130234e-12 -5.755001174541343e-13 
 8.317637711027348e+03  1.000000000000000e+00  0.000000000000000e+00 -2.373733302914161e-10 -2.226039315022147e-10  1.070915687661837e-12 -5.798518598653466e-13 
 8.413951416452597e+03  1.000000000000000e+00  0.000000000000000e+00 -2.375474214673675e-10 -2.193127165178424e-10  1.090203127629717e-12 -5.845557883154980e-13 
 8.511380382024419e+03  1.000000000000000e+00  0.000000000000000e+00 -2.377160345425012e-10 -2.160504756139239e-10  1.109966795677713e-12 -5.896223590882639e-13 
 8.609937521846668e+03  1.000000000000000e+00  0.000000000000000e+00 -2.378773866467959e-10 -2.128050217033978e-10  1.130217171687026e-12 -5.950623986693211e-13 
 8.709635899561477e+03  1.000000000000000e+00  0.000000000000000e+00 -2.380327919161825e-10 -2.095826491065703e-10  1.150965097446644e-12 -6.008871183504799e-13 
 8.810488730080820e+03  1.000000000000000e+00  0.000000000000000e+00 -2.381857590105844e-10 -2.064153392073336e-10  1.172221472988883e-12 -6.071081801539495e-13 
 8.912509381338143e+03  1.000000000000000e+00  0.000000000000000e+00 -2.383306101475809e-10 -2.032519975804999e-10  1.193997567344155e-12 -6.137376590998551e-13 
 9.015711376060264e+03  1.000000000000000e+00  0.000000000000000e+00 -2.384726408253952e-10 -2.001386435450767e-10  1.216305038418381e-12 -6.207880593648747e-13 
 9.120108393559802e+03  1.000000000000000e+00  0.000000000000000e+00 -2.386208863250307e-10 -1.955441626250592e-10  1.239155719294299e-12 -6.282723622430436e-13 
 9.225714271548344e+03  1.000000000000000e+00  0.000000000000000e+00 -2.387366684142358e-10 -1.939496566077890e-10  1.262561493094605e-12 -6.362040624665052e-13 
 9.332543007970631e+03  1.000000000000000e+00  0.000000000000000e+00 -2.388622640152561e-10 -1.909076084144518e-10  1.286535001400571e-12 -6.445970774667065e-13 
 9.440608762859963e+03  1.000000000000000e+00  0.000000000000000e+00 -2.389828413893684e-10 -1.878870332004303e-10  1.311088834351365e-12 -6.534658885836923e-13 
 9.549925860215099e+03  1.000000000000000e+00  0.000000000000000e+00 -2.390973683999293e-10 -1.848864551542009e-10  1.336236135279486e-12 -6.628254732976923e-13 
 9.660508789898882e+03  1.000000000000000e+00  0.000000000000000e+00 -2.392071241830550e-10 -1.819095946004010e-10  1.361989976131917e-12 -6.726914030251728e-13 
 9.772372209558866e+03  1.000000000000000e+00  0.000000000000000e+00 -2.393118366524223e-10 -1.789549521766917e-10  1.388364267803943e-12 -6.830797542700552e-13 
 9.885530946570156e+03  1.000000000000000e+00  0.000000000000000e+00 -2.394123359262003e-10 -1.760308865630290e-10  1.415372999254573e-12 -6.940072210706871e-13 
 1.000000000000078e+04  1.000000000000000e+00  0.000000000000000e+00 -2.395083727341252e-10 -1.731321029280461e-10  1.443030204973225e-12 -7.054911335384143e-13 
 1.011579454259977e+04  1.000000000000000e+00  0.000000000000000e+00 -2.395996972822289e-10 -1.702568706462246e-10  1.471350825020883e-12 -7.175493907618134e-13 
 1.023292992280834e+04  1.000000000000000e+00  0.000000000000000e+00 -2.396830452923125e-10 -1.673781417508672e-10  1.500349577929389e-12 -7.302006002143365e-13 
 1.035142166679424e+04  1.000000000000000e+00  0.000000000000000e+00 -2.397656672266172e-10 -1.645493772589231e-10  1.530042126213924e-12 -7.434639847698650e-13 
 1.047128548050981e+04  1.000000000000000e+00  0.000000000000000e+00 -2.398421087964958e-10 -1.617357253572446e-10  1.560444058038640e-12 -7.573595064697835e-13 
 1.059253725177371e+04  1.000000000000000e+00  0.000000000000000e+00 -2.399160625082926e-10 -1.589526452371684e-10  1.591571642682798e-12 -7.719078201801733e-13 
 1.071519305237690e+04  1.000000000000000e+00  0.000000000000000e+00 -2.399838885161708e-10 -1.561805211272065e-10  1.623441055679846e-12 -7.871303674959079e-13 
 1.083926914021288e+04  1.000000000000000e+00  0.000000000000000e+00 -2.400455534897933e-10 -1.534195311713986e-10  1.656069340313927e-12 -8.030493211310969e-13 
 1.096478196143271e+04  1.000000000000000e+00  0.000000000000000e+00 -2.401055518341473e-10 -1.506952025665843e-10  1.689473958097023e-12 -8.196876534829885e-13 
 1.109174815262488e+04  1.000000000000000e+00  0.000000000000000e+00 -2.401600904594472e-10 -1.479838056602153e-10  1.723672265142995e-12 -8.370692031521156e-13 
 1.122018454302051e+04  1.000000000000000e+00  0.000000000000000e+00 -2.402095590974402e-10 -1.452884494993541e-10  1.758682732607609e-12 -8.552186128269961e-13 
 1.135010815672404e+04  1.000000000000000e+00  0.000000000000000e+00 -2.402556462333720e-10 -1.426185147790355e-10  1.794523548341719e-12 -8.741614622365175e-13 
 1.148153621496973e+04  1.000000000000000e+00  0.000000000000000e+00 -2.402974457457615e-10 -1.399699848066771e-10  1.831213879460357e-12 -8.939242100061840e-13 
 1.161448613840434e+04  1.000000000000000e+00  0.000000000000000e+00 -2.403347875924919e-10 -1.373351698148686e-10  1.868773361106703e-12 -9.145342645754573e-13 
 1.174897554939622e+04  1.000000000000000e+00  0.000000000000000e+00 -2.403689009884000e-10 -1.347261247714357e-10  1.907221503584767e-12 -9.360200529244844e-13 
 1.188502227437112e+04  1.000000000000000e+00  0.000000000000000e+00 -2.403976394786235e-10 -1.321294221447865e-10  1.946578867945681e-12 -9.584109825794950e-13 
 1.202264434617508e+04  1.000000000000000e+00  0.000000000000000e+00 -2.404211310048650e-10 -1.295436015256734e-10  1.986866304891146e-12 -9.817375254465677e-13 
 1.216186000646464e+04  1.000000000000000e+00  0.000000000000000e+00 -2.404425201164149e-10 -1.269870461046495e-10  2.028105157568100e-12 -1.006031242850245e-12 
 1.230268770812479e+04  1.000000000000000e+00  0.000000000000000e+00 -2.404593416293519e-10 -1.244431964646918e-10  2.070317273997550e-12 -1.031324823516755e-12 
 1.244514611771483e+04  1.000000000000000e+00  0.000000000000000e+00 -2.404707155997757e-10 -1.219151891888107e-10  2.113524788404723e-12 -1.057652134212881e-12 
 1.258925411794267e+04  1.000000000000000e+00  0.000000000000000e+00 -2.404911389475609e-10 -1.204940568300365e-10  2.157750807026450e-12 -1.085048227969895e-12 
 1.273503081016763e+04  1.000000000000000e+00  0.000000000000000e+00 -2.404830590880474e-10 -1.169110678613526e-10  2.203018756804538e-12 -1.113549416627772e-12 
 1.288249551693236e+04  1.000000000000000e+00  0.000000000000000e+00 -2.404817332226329e-10 -1.144274562729702e-10  2.249352619633274e-12 -1.143193310355752e-12 
 1.303166778452403e+04  1.000000000000000e+00  0.000000000000000e+00 -2.404784024771869e-10 -1.119690699997979e-10  2.296776691747515e-12 -1.174018866386967e-12 
 1.318256738556512e+04  1.000000000000000e+00  0.000000000000000e+00 -2.404719474901171e-10 -1.095304897754530e-10  2.345316330313078e-12 -1.206066408115849e-12 
 1.333521432163430e+04  1.000000000000000e+00  0.000000000000000e+00 -2.404582241790558e-10 -1.070915401802780e-10  2.394997248819909e-12 -1.239377704814304e-12 
 1.348962882591761e+04  1.000000000000000e+00  0.000000000000000e+00 -2.404410081519357e-10 -1.046729683546997e-10  2.445845497072955e-12 -1.273996020967981e-12 
 1.364583136589033e+04  1.000000000000000e+00  0.000000000000000e+00 -2.404199360827144e-10 -1.022676863111087e-10  2.497887991970907e-12 -1.309966148469682e-12 
 1.380384264602995e+04  1.000000000000000e+00  0.000000000000000e+00 -2.403797005244860e-10 -9.889287193963435e-11  2.551152558897053e-12 -1.347334460693628e-12 
 1.396368361056049e+04  1.000000000000000e+00  0.000000000000000e+00 -2.403652751470519e-10 -9.750076676387551e-11  2.605667414707521e-12 -1.386148990948904e-12 
 1.412537544622867e+04  1.000000000000000e+00  0.000000000000000e+00 -2.403331309745590e-10 -9.514123284900022e-11  2.661461140138513e-12 -1.426459483206036e-12 
 1.428893958511217e+04  1.000000000000000e+00  0.000000000000000e+00 -2.402955388264714e-10 -9.279105695862138e-11  2.718563269590216e-12 -1.468317439457918e-12 
 1.445439770746043e+04  1.000000000000000e+00  0.000000000000000e+00 -2.402546168522887e-10 -9.045839487094664e-11  2.777004333635563e-12 -1.511776179365383e-12 
 1.462177174456835e+04  1.000000000000000e+00  0.000000000000000e+00 -2.402086846657480e-10 -8.813218084873265e-11  2.836814972761152e-12 -1.556890931871994e-12 
 1.479108388168326e+04  1.000000000000000e+00  0.000000000000000e+00 -2.401405840087307e-10 -8.489941018213015e-11  2.898026846005326e-12 -1.603718873839632e-12 
 1.496235656094553e+04  1.000000000000000e+00  0.000000000000000e+00 -2.401233481457454e-10 -8.443228366429570e-11  2.960672683248325e-12 -1.652319203227009e-12 
 1.513561248436329e+04  1.000000000000000e+00  0.000000000000000e+00 -2.400455139421721e-10 -8.123054717488413e-11  3.024785322846379e-12 -1.702753226753070e-12 
 1.531087461682153e+04  1.000000000000000e+00  0.000000000000000e+00 -2.399829978939626e-10 -7.895617457038408e-11  3.090398702077477e-12 -1.755084419542405e-12 
 1.548816618912606e+04  1.000000000000000e+00  0.000000000000000e+00 -2.399159862018528e-10 -7.669013855294730e-11  3.157547549364085e-12 -1.809378501508443e-12 
 1.566751070108275e+04  1.000000000000000e+00  0.000000000000000e+00 -2.398455458633145e-10 -7.443974312218095e-11  3.226267402182602e-12 -1.865703519519773e-12 
 1.584893192461241e+04  1.000000000000000e+00  0.000000000000000e+00 -2.397705709086440e-10 -7.219827695140597e-11  3.296594632933365e-12 -1.924129928844261e-12 
 1.603245390690170e+04  1.000000000000000e+00  0.000000000000000e+00 -2.396893393259345e-10 -6.995979197338998e-11  3.368566464336218e-12 -1.984730677635582e-12 
 1.621810097359060e+04  1.000000000000000e+00  0.000000000000000e+00 -2.396051345558617e-10 -6.773863856029517e-11  3.442220984977824e-12 -2.047581294428042e-12 
 1.640589773199671e+04  1.000000000000000e+00  0.000000000000000e+00 -2.395163395096632e-10 -6.552440321715436e-11  3.517597177632015e-12 -2.112759979036668e-12 
 1.659586907437694e+04  1.000000000000000e+00  0.000000000000000e+00 -2.394028059993241e-10 -6.250771632278146e-11  3.594734935840974e-12 -2.180347695832253e-12 
 1.678804018122696e+04  1.000000000000000e+00  0.000000000000000e+00 -2.260379196206407e-10 -7.340307166205547e-11  3.673674662672748e-12 -2.250428280423269e-12 
 1.698243652461881e+04  1.000000000000000e+00  0.000000000000000e+00 -2.259583847355683e-10 -7.115869376397108e-11  3.754458968107000e-12 -2.323088506847208e-12 
 1.717908387157727e+04  1.000000000000000e+00  0.000000000000000e+00 -2.258770928784282e-10 -6.893355715102765e-11  3.837129750214248e-12 -2.398418246149942e-12 
 1.737800828749516e+04  1.000000000000000e+00  0.000000000000000e+00 -2.257902796526399e-10 -6.671410546044823e-11  3.921730732476744e-12 -2.476510529690743e-12 
 1.757923613958835e+04  1.000000000000000e+00  0.000000000000000e+00 -2.256982896481364e-10 -6.450000417930705e-11  4.008307116927162e-12 -2.557461668824484e-12 
 1.778279410039067e+04  1.000000000000000e+00  0.000000000000000e+00 -2.256039904976454e-10 -6.230394966941684e-11  4.096904716254924e-12 -2.641371383656729e-12 
 1.798870915128933e+04  1.000000000000000e+00  0.000000000000000e+00 -2.255056024059293e-10 -6.011735783920160e-11  4.187569937608519e-12 -2.728342921767300e-12 
 1.819700858610131e+04  1.000000000000000e+00  0.000000000000000e+00 -2.254004278131716e-10 -5.793102433212903e-11  4.280351215895050e-12 -2.818483163909707e-12 
 1.840772001469105e+04  1.000000000000000e+00  0.000000000000000e+00 -2.252926026971995e-10 -5.575983793808427e-11  4.375296640668814e-12 -2.911902782080539e-12 
 1.862087136663018e+04  1.000000000000000e+00  0.000000000000000e+00 -2.251793646389124e-10 -5.359474927591472e-11  4.472457420334266e-12 -3.008716331395750e-12 
 1.883649089489953e+04  1.000000000000000e+00  0.000000000000000e+00 -2.250626840076617e-10 -5.144024396224775e-11  4.571884964841043e-12 -3.109042422573441e-12 
 1.905460717963402e+04  1.000000000000000e+00  0.000000000000000e+00 -2.249417010242732e-10 -4.929491510474642e-11  4.673630807176319e-12 -3.213003862620742e-12 
 1.927524913191092e+04  1.000000000000000e+00  0.000000000000000e+00 -2.248137788159267e-10 -4.715055531937304e-11  4.777749816018070e-12 -3.320727770328433e-12 
 1.949844599758204e+04  1.000000000000000e+00  0.000000000000000e+00 -2.246836368112038e-10 -4.501977507280224e-11  4.884295953328071e-12 -3.432345770882485e-12 
 1.972422736115014e+04  1.000000000000000e+00  0.000000000000000e+00 -2.245471979560907e-10 -4.289241475890669e-11  4.993326675443184e-12 -3.547994112754247e-12 
 1.995262314969042e+04  1.000000000000000e+00  0.000000000000000e+00 -2.244069080867229e-10 -4.077416919181760e-11  5.104898487047651e-12 -3.667813870688038e-12 
 2.018366363681725e+04  1.000000000000000e+00  0.000000000000000e+00 -2.242887776164861e-10 -3.933648866334491e-11  5.219070944909987e-12 -3.791951081086187e-12 
 2.041737944669696e+04  1.000000000000000e+00  0.000000000000000e+00 -2.241113869746344e-10 -3.655543632171184e-11  5.335904426222981e-12 -3.920556934842947e-12 
 2.065380155810698e+04  1.000000000000000e+00  0.000000000000000e+00 -2.239558974532975e-10 -3.445536961193115e-11  5.455460049814900e-12 -4.053787961409706e-12 
 2.089296130854210e+04  1.000000000000000e+00  0.000000000000000e+00 -2.237955905678865e-10 -3.236241545197460e-11  5.577802293405835e-12 -4.191806195897712e-12 
 2.113489039836820e+04  1.000000000000000e+00  0.000000000000000e+00 -2.236021871730350e-10 -2.962917733137246e-11  5.702993883034652e-12 -4.334779408055438e-12 
 2.137962089502407e+04  1.000000000000000e+00  0.000000000000000e+00 -2.234607817517961e-10 -2.819365040423116e-11  5.831102279742225e-12 -4.482881263848299e-12 
 2.162718523727198e+04  1.000000000000000e+00  0.000000000000000e+00 -2.232837667973224e-10 -2.611162201038263e-11  5.962194515142654e-12 -4.636291562611782e-12 
 2.187761623949732e+04  1.000000000000000e+00  0.000000000000000e+00 -2.231035966551821e-10 -2.404275139764858e-11  6.096340560710554e-12 -4.795196436232131e-12 
 2.213094709605820e+04  1.000000000000000e+00  0.000000000000000e+00 -2.229177606330626e-10 -2.197624795589536e-11  6.233609866945107e-12 -4.959788588793652e-12 
 2.238721138568524e+04  1.000000000000000e+00  0.000000000000000e+00 -2.227265112052278e-10 -1.991427666295793e-11  6.374076400426716e-12 -5.130267504045421e-12 
 2.264644307593246e+04  1.000000000000000e+00  0.000000000000000e+00 -2.225297796848487e-10 -1.785701253706800e-11  6.517813648863929e-12 -5.306839707633036e-12 
 2.290867652767962e+04  1.000000000000000e+00  0.000000000000000e+00 -2.223269025390810e-10 -1.580169678995790e-11  6.664896751896419e-12 -5.489719004487254e-12 
 2.317394649968670e+04  1.000000000000000e+00  0.000000000000000e+00 -2.221195148856778e-10 -1.375343625480403e-11  6.815404162392239e-12 -5.679126729729473e-12 
 2.344228815320116e+04  1.000000000000000e+00  0.000000000000000e+00 -2.219056016312744e-10 -1.170763128515543e-11  6.969415379853565e-12 -5.875292023072198e-12 
 2.371373705661851e+04  1.000000000000000e+00  0.000000000000000e+00 -2.216871230220424e-10 -9.666969196887121e-12  7.127011752128117e-12 -6.078452100124646e-12 
 2.398832919019689e+04  1.000000000000000e+00  0.000000000000000e+00 -2.214599560909606e-10 -7.622638024802421e-12  7.288275664825241e-12 -6.288852539610997e-12 
 2.426610095082616e+04  1.000000000000000e+00  0.000000000000000e+00 -2.212303470312795e-10 -5.590620613714326e-12  7.453292232912933e-12 -6.506747572277539e-12 
 2.454708915685234e+04  1.000000000000000e+00  0.000000000000000e+00 -2.209914797561754e-10 -3.553221403649560e-12  7.622149462712241e-12 -6.732400386627167e-12 
 2.483133105295776e+04  1.000000000000000e+00  0.000000000000000e+00 -2.207493690259731e-10 -1.525868326739253e-12  7.794935602021144e-12 -6.966083451115988e-12 
 2.511886431509789e+04  1.000000000000000e+00  0.000000000000000e+00 -2.205008089529451e-10  5.001825973693810e-13  7.971740895553322e-12 -7.208078835244114e-12 
 2.540972705549516e+04  1.000000000000000e+00  0.000000000000000e+00 -2.202439420211164e-10  2.527727205064609e-12  8.152660536832123e-12 -7.458678544260314e-12 
 2.570395782769077e+04  1.000000000000000e+00  0.000000000000000e+00 -2.199827497134688e-10  4.549527649259716e-12  8.337789074653855e-12 -7.718184878750198e-12 
 2.600159563165488e+04  1.000000000000000e+00  0.000000000000000e+00 -2.197148012215092e-10  6.569762594398445e-12  8.527223200250295e-12 -7.986910792122045e-12 
 2.630267991895601e+04  1.000000000000000e+00  0.000000000000000e+00 -2.194393719961137e-10  8.590445007488298e-12  8.721063825427535e-12 -8.265180262908650e-12 
 2.660725059799031e+04  1.000000000000000e+00  0.000000000000000e+00 -2.191565395146464e-10  1.061312932940966e-11  8.919412191612560e-12 -8.553328690021099e-12 
 2.691534803927140e+04  1.000000000000000e+00  0.000000000000000e+00 -2.188694821179674e-10  1.262537635931702e-11  9.122372884206369e-12 -8.851703289647744e-12 
 2.722701308078139e+04  1.000000000000000e+00  0.000000000000000e+00 -2.185738194582131e-10  1.464356617760286e-11  9.330054036572867e-12 -9.160663513488420e-12 
 2.754228703338396e+04  1.000000000000000e+00  0.000000000000000e+00 -2.182717783805564e-10  1.665738552493333e-11  9.542564087024635e-12 -9.480581481876869e-12 
 2.786121168630003e+04  1.000000000000000e+00  0.000000000000000e+00 -2.179627279271003e-10  1.867150983901013e-11  9.760013911562549e-12 -9.811842427935372e-12 
 2.818382931264689e+04  1.000000000000000e+00  0.000000000000000e+00 -2.176470908764134e-10  2.068378589768789e-11  9.982519282345430e-12 -1.015484515995627e-11 
 2.851018267504148e+04  1.000000000000000e+00  0.000000000000000e+00 -2.172925851605308e-10  2.317163125007298e-11  1.021019748096705e-11 -1.051000254132100e-11 
 2.884031503126847e+04  1.000000000000000e+00  0.000000000000000e+00 -2.053810561277849e-10  1.370629653904762e-11  1.044316855237716e-11 -1.087774198613694e-11 
 2.917427014001411e+04  1.000000000000000e+00  0.000000000000000e+00 -2.050949142353921e-10  1.572282267597654e-11  1.068155273292243e-11 -1.125850596804400e-11 
 2.951209226666633e+04  1.000000000000000e+00  0.000000000000000e+00 -2.048026105119371e-10  1.773784458599422e-11  1.092547814804620e-11 -1.165275255787022e-11 
 2.985382618918210e+04  1.000000000000000e+00  0.000000000000000e+00 -2.045032236358789e-10  1.975272726476903e-11  1.117507201456300e-11 -1.206095596938808e-11 
 3.019951720402270e+04  1.000000000000000e+00  0.000000000000000e+00 -2.041949804998755e-10  2.177103335325304e-11  1.143046580512995e-11 -1.248360712921962e-11 
 3.054921113215770e+04  1.000000000000000e+00  0.000000000000000e+00 -2.038807602829966e-10  2.378806780816789e-11  1.169179262707046e-11 -1.292121426590304e-11 
 3.090295432513850e+04  1.000000000000000e+00  0.000000000000000e+00 -2.035604151812202e-10  2.580316940563786e-11  1.195919146101324e-11 -1.337430352284422e-11 
 3.126079367124218e+04  1.000000000000000e+00  0.000000000000000e+00 -2.032321522083485e-10  2.781960554986234e-11  1.223280165582011e-11 -1.384341958592625e-11 
 3.162277660168646e+04  1.000000000000000e+00  0.000000000000000e+00 -2.028961699511344e-10  2.983792719499936e-11  1.251276718119548e-11 -1.432912634193799e-11 
 3.198895109691668e+04  1.000000000000000e+00  0.000000000000000e+00 -2.025537844863458e-10  3.185398677341167e-11  1.279923537442352e-11 -1.483200755363719e-11 
 3.235936569296556e+04  1.000000000000000e+00  0.000000000000000e+00 -2.022025064158340e-10  3.387451179293519e-11  1.309235697532191e-11 -1.535266756150690e-11 
 3.273406948788658e+04  1.000000000000000e+00  0.000000000000000e+00 -2.018434749473182e-10  3.589614913904791e-11  1.339228456566468e-11 -1.589173200857360e-11 
 3.311311214826191e+04  1.000000000000000e+00  0.000000000000000e+00 -2.014776390471478e-10  3.791649095467528e-11  1.369917751051154e-11 -1.644984859818030e-11 
 3.349654391578559e+04  1.000000000000000e+00  0.000000000000000e+00 -2.011043146414829e-10  3.993915365132426e-11  1.401319555604485e-11 -1.702768786240287e-11 
 3.388441561392312e+04  1.000000000000000e+00  0.000000000000000e+00 -2.007543946460057e-10  4.156556831383947e-11  1.433450379065750e-11 -1.762594397768427e-11 
 3.427677865464793e+04  1.000000000000000e+00  0.000000000000000e+00 -2.003314359219452e-10  4.399148309257361e-11  1.466327110841392e-11 -1.824533559384937e-11 
 3.467368504525610e+04  1.000000000000000e+00  0.000000000000000e+00 -1.999331386440046e-10  4.601958008155696e-11  1.499966848125747e-11 -1.888660669824388e-11 
 3.507518739525977e+04  1.000000000000000e+00  0.000000000000000e+00 -1.995251739525996e-10  4.805169970237353e-11  1.534387446458015e-11 -1.955052751797949e-11 
 3.548133892336055e+04  1.000000000000000e+00  0.000000000000000e+00 -1.991098925304719e-10  5.008488274242918e-11  1.569606614299087e-11 -2.023789543066266e-11 
 3.589219346450356e+04  1.000000000000000e+00  0.000000000000000e+00 -1.986850901916311e-10  5.212234206764558e-11  1.605643223502766e-11 -2.094953594653167e-11 
 3.630780547701321e+04  1.000000000000000e+00  0.000000000000000e+00 -1.982517880847325e-10  5.416139825920353e-11  1.642515808439830e-11 -2.168630367579084e-11 
 3.672823004981158e+04  1.000000000000000e+00  0.000000000000000e+00 -1.978086727166002e-10  5.620413378215672e-11  1.680243717947901e-11 -2.244908337702719e-11 
 3.715352290972041e+04  1.000000000000000e+00  0.000000000000000e+00 -1.870853178317378e-10  4.722244562119484e-11  1.718846955396944e-11 -2.323879101919850e-11 
 3.758374042884761e+04  1.000000000000000e+00  0.000000000000000e+00 -1.866952178042268e-10  4.926729018766264e-11  1.758345354289606e-11 -2.405637486731737e-11 
 3.801893963205935e+04  1.000000000000000e+00  0.000000000000000e+00 -1.862978456927971e-10  5.131356201013346e-11  1.798760058705507e-11 -2.490281665651851e-11 
 3.845917820453863e+04  1.000000000000000e+00  0.000000000000000e+00 -1.858926385769845e-10  5.336241198324780e-11  1.840111608210226e-11 -2.577913273057638e-11 
 3.890451449943137e+04  1.000000000000000e+00  0.000000000000000e+00 -1.854770460565096e-10  5.541734511374025e-11  1.882422117279158e-11 -2.668637531658333e-11 
 3.935500754558110e+04  1.000000000000000e+00  0.000000000000000e+00 -1.850523553062952e-10  5.747632725043136e-11  1.925713304820451e-11 -2.762563374506198e-11 
 3.981071705535313e+04  1.000000000000000e+00  0.000000000000000e+00 -1.846198789360456e-10  5.953816034160107e-11  1.970008078831936e-11 -2.859803580141328e-11 
 4.027170343254935e+04  1.000000000000000e+00  0.000000000000000e+00 -1.841770314596502e-10  6.160571335898675e-11  2.015329398100320e-11 -2.960474905810968e-11 
 4.073802778041476e+04  1.000000000000000e+00  0.000000000000000e+00 -1.837258749127034e-10  6.367567186512267e-11  2.061700990443201e-11 -3.064698229775537e-11 
 4.120975190973654e+04  1.000000000000000e+00  0.000000000000000e+00 -1.832648528364068e-10  6.575136682547776e-11  2.109147124845913e-11 -3.172598696709596e-11 
 4.168693834703711e+04  1.000000000000000e+00  0.000000000000000e+00 -1.827610740764893e-10  6.815398759971162e-11  2.157692372612863e-11 -3.284305867819711e-11 
 4.216965034286184e+04  1.000000000000000e+00  0.000000000000000e+00 -1.823141923475772e-10  6.991607922744618e-11  2.207362121522558e-11 -3.399953878348931e-11 
 4.265795188016292e+04  1.000000000000000e+00  0.000000000000000e+00 -1.818235960842164e-10  7.200625708175618e-11  2.258182335355569e-11 -3.519681599247730e-11 
 4.315190768278023e+04  1.000000000000000e+00  0.000000000000000e+00 -1.812893838800270e-10  7.441406490867102e-11  2.310179306594357e-11 -3.643632803517035e-11 
 4.365158322402035e+04  1.000000000000000e+00  0.000000000000000e+00 -1.808112703843216e-10  7.620474865790143e-11  2.363380194065950e-11 -3.771956341927020e-11 
 4.415704473533505e+04  1.000000000000000e+00  0.000000000000000e+00 -1.711844137483238e-10  6.721369417733201e-11  2.417812785045920e-11 -3.904806321078573e-11 
 4.466835921510016e+04  1.000000000000000e+00  0.000000000000000e+00 -1.707374004472507e-10  6.932263213577513e-11  2.473505199954648e-11 -4.042342289797061e-11 
 4.518559443749613e+04  1.000000000000000e+00  0.000000000000000e+00 -1.702469725509259e-10  7.173511512386410e-11  2.530486194076335e-11 -4.184729431874051e-11 
 4.570881896149144e+04  1.000000000000000e+00  0.000000000000000e+00 -1.698123141189282e-10  7.356103437041505e-11  2.588786097026171e-11 -4.332138769140662e-11 
 4.623810213993002e+04  1.000000000000000e+00  0.000000000000000e+00 -1.693343347919395e-10  7.569017941163429e-11  2.648434693931819e-11 -4.484747361207819e-11 
 4.677351412872386e+04  1.000000000000000e+00  0.000000000000000e+00 -1.688457784258285e-10  7.782630530928680e-11  2.709462743059440e-11 -4.642738524768461e-11 
 4.731512589615214e+04  1.000000000000000e+00  0.000000000000000e+00 -1.683469092377128e-10  7.996887796358890e-11  2.771902355870159e-11 -4.806302055836108e-11 
 4.786300923226798e+04  1.000000000000000e+00  0.000000000000000e+00 -1.678364103933245e-10  8.211925949818542e-11  2.835785713894094e-11 -4.975634456156902e-11 
 4.841723675841413e+04  1.000000000000000e+00  0.000000000000000e+00 -1.673150455512505e-10  8.427708990008358e-11  2.901145715154749e-11 -5.150939172224237e-11 
 4.897788193684887e+04  1.000000000000000e+00  0.000000000000000e+00 -1.667818489321766e-10  8.644288966255424e-11  2.968016343726364e-11 -5.332426843383760e-11 
 4.954501908048333e+04  1.000000000000000e+00  0.000000000000000e+00 -1.662372072167233e-10  8.861668385941264e-11  3.036432365586293e-11 -5.520315555839137e-11 
 5.011872336273159e+04  1.000000000000000e+00  0.000000000000000e+00 -1.575575915527430e-10  7.968006317777869e-11  3.106429349291125e-11 -5.714831106686503e-11 
 5.069907082747485e+04  1.000000000000000e+00  0.000000000000000e+00 -1.570833908597244e-10  8.187061176376085e-11  3.178042886162474e-11 -5.916207275037295e-11 
 5.128613839914095e+04  1.000000000000000e+00  0.000000000000000e+00 -1.565965947390540e-10  8.407126903169251e-11  3.251310138291841e-11 -6.124686110838231e-11 
 5.188000389290063e+04  1.000000000000000e+00  0.000000000000000e+00 -1.560985861614535e-10  8.628025672114216e-11  3.326269511647771e-11 -6.340518226931525e-11 
 5.248074602498184e+04  1.000000000000000e+00  0.000000000000000e+00 -1.555874001924608e-10  8.850008182092865e-11  3.402958664696431e-11 -6.563963096845237e-11 
 5.308844442310347e+04  1.000000000000000e+00  0.000000000000000e+00 -1.550651912345279e-10  9.072782667176160e-11  3.481417717325814e-11 -6.795289379925678e-11 
 5.370317963702997e+04  1.000000000000000e+00  0.000000000000000e+00 -1.545292847193281e-10  9.296646985285280e-11  3.561687312078846e-11 -7.034775242121048e-11 
 5.432503314924808e+04  1.000000000000000e+00  0.000000000000000e+00 -1.539797105299782e-10  9.521586006849314e-11  3.643808566329400e-11 -7.282708691940393e-11 
 5.495408738576727e+04  1.000000000000000e+00  0.000000000000000e+00 -1.534172825016191e-10  9.747515846326624e-11  3.727823046308936e-11 -7.539387931783123e-11 
 5.559042572704524e+04  1.000000000000000e+00  0.000000000000000e+00 -1.455940767547815e-10  8.865535773480524e-11  3.813775068502090e-11 -7.805121727924811e-11 
 5.623413251903985e+04  1.000000000000000e+00  0.000000000000000e+00 -1.451048468005580e-10  9.094250816243074e-11  3.901707640113502e-11 -8.080229771904274e-11 
 5.688529308438914e+04  1.000000000000000e+00  0.000000000000000e+00 -1.446014003931483e-10  9.324193734874447e-11  3.991666591641471e-11 -8.365043083741459e-11 
 5.754399373372075e+04  1.000000000000000e+00  0.000000000000000e+00 -1.440831589613631e-10  9.555357334307743e-11  4.083697837622525e-11 -8.659904405421641e-11 
 5.821032177709226e+04  1.000000000000000e+00  0.000000000000000e+00 -1.435521428580968e-10  9.787601682622799e-11  4.177848290041643e-11 -8.965168621856662e-11 
 5.888436553556408e+04  1.000000000000000e+00  0.000000000000000e+00 -1.430052409818300e-10  1.002120005575867e-10  4.274166413912261e-11 -9.281203194329251e-11 
 5.956621435290630e+04  1.000000000000000e+00  0.000000000000000e+00 -1.424436759427205e-10  1.025602080212890e-10  4.372701248582350e-11 -9.608388606166643e-11 
 6.025595860744109e+04  1.000000000000000e+00  0.000000000000000e+00 -1.353324565538655e-10  9.389759887723810e-11  4.473502890058503e-11 -9.947118826851025e-11 
 6.095368972402230e+04  1.000000000000000e+00  0.000000000000000e+00 -1.348442250491222e-10  9.628339366083582e-11  4.576623665326449e-11 -1.029780179906550e-10 
 6.165950018615367e+04  1.000000000000000e+00  0.000000000000000e+00 -1.343378911662038e-10  9.868518571443334e-11  4.682114802254922e-11 -1.066085992241775e-10 
 6.237348354824744e+04  1.000000000000000e+00  0.000000000000000e+00 -1.338160731592605e-10  1.011011986538045e-10  4.790030344650264e-11 -1.103673058525527e-10 
 6.309573444802491e+04  1.000000000000000e+00  0.000000000000000e+00 -1.332774971811470e-10  1.035309211199433e-10  4.900426169094376e-11 -1.142586669497016e-10 
 6.382634861906052e+04  1.000000000000000e+00  0.000000000000000e+00 -1.327227244579922e-10  1.059748951378940e-10  5.013356947448959e-11 -1.182873722003335e-10 
 6.456542290347127e+04  1.000000000000000e+00  0.000000000000000e+00 -1.262454520615272e-10  9.750066133527655e-11  5.128880376852619e-11 -1.224582778054232e-10 
 6.531305526475303e+04  1.000000000000000e+00  0.000000000000000e+00 -1.257602409384118e-10  9.999399318481219e-11  5.247055445821470e-11 -1.267764123609707e-10 
 6.606934480076547e+04  1.000000000000000e+00  0.000000000000000e+00 -1.252249674658346e-10  1.027023592618235e-10  5.367941784252872e-11 -1.312469829806461e-10 
 6.683439175686739e+04  1.000000000000000e+00  0.000000000000000e+00 -1.247351908172144e-10  1.050281576987554e-10  5.491599653993821e-11 -1.358753816885788e-10 
 6.760829753920418e+04  1.000000000000000e+00  0.000000000000000e+00 -1.241597368362961e-10  1.077667843633155e-10  5.618091943104163e-11 -1.406671920989712e-10 
 6.839116472814901e+04  1.000000000000000e+00  0.000000000000000e+00 -1.235977948801944e-10  1.103239189402480e-10  5.747482955497043e-11 -1.456281962346436e-10 
 6.918309709189981e+04  1.000000000000000e+00  0.000000000000000e+00 -1.177846595209676e-10  1.018989789261208e-10  5.879836959616769e-11 -1.507643815583008e-10 
 6.998419960023358e+04  1.000000000000000e+00  0.000000000000000e+00 -1.172882926302726e-10  1.045176287096608e-10  6.015220301731022e-11 -1.560819484108749e-10 
 7.079457843842010e+04  1.000000000000000e+00  0.000000000000000e+00 -1.167706662172414e-10  1.071541867300435e-10  6.153701522577788e-11 -1.615873176508594e-10 
 7.161434102129658e+04  1.000000000000000e+00  0.000000000000000e+00 -1.162315852388463e-10  1.098087678942319e-10  6.295349103980717e-11 -1.672871384507029e-10 
 7.244359600750546e+04  1.000000000000000e+00  0.000000000000000e+00 -1.108343596428642e-10  1.017793659216986e-10  6.440234537173569e-11 -1.731882966117108e-10 
 7.328245331389694e+04  1.000000000000000e+00  0.000000000000000e+00 -1.103559727892875e-10  1.045009530168807e-10  6.588430073072301e-11 -1.792979229694578e-10 
 7.413102413009836e+04  1.000000000000000e+00  0.000000000000000e+00 -1.098539816835336e-10  1.072423267415680e-10  6.740009507374317e-11 -1.856234021938662e-10 
 7.498942093325227e+04  1.000000000000000e+00  0.000000000000000e+00 -1.093267361756238e-10  1.100044561742706e-10  6.895047336833136e-11 -1.921723818805895e-10 
 7.585775750292515e+04  1.000000000000000e+00  0.000000000000000e+00 -1.087746013937135e-10  1.127862658664300e-10  7.053621317657742e-11 -1.989527821041565e-10 
 7.673614893618875e+04  1.000000000000000e+00  0.000000000000000e+00 -1.038981057147840e-10  1.050403105301196e-10  7.215810027121191e-11 -2.059728050780969e-10 
 7.762471166287611e+04  1.000000000000000e+00  0.000000000000000e+00 -1.033994220015154e-10  1.078979094143978e-10  7.381692750765072e-11 -2.132409453385910e-10 
 7.852356346101420e+04  1.000000000000000e+00  0.000000000000000e+00 -1.029056039115481e-10  1.106095938832808e-10  7.551352275051403e-11 -2.207660003332179e-10 
 7.943282347243527e+04  1.000000000000000e+00  0.000000000000000e+00 -1.023509105727738e-10  1.135122950295319e-10  7.724871266720644e-11 -2.285570811829833e-10 
 8.035261221856893e+04  1.000000000000000e+00  0.000000000000000e+00 -9.792723539676861e-11  1.058697918292259e-10  7.902335980453483e-11 -2.366236241431345e-10 
 8.128305161641721e+04  1.000000000000000e+00  0.000000000000000e+00 -9.738855384491164e-11  1.090166791851280e-10  8.083831546547556e-11 -2.449754020985619e-10 
 8.222426499471450e+04  1.000000000000000e+00  0.000000000000000e+00 -9.688171792471429e-11  1.118651983418050e-10  8.269447781490808e-11 -2.536225369563218e-10 
 8.317637711027457e+04  1.000000000000000e+00  0.000000000000000e+00 -9.272558539419544e-11  1.047692209291808e-10  8.459274340295429e-11 -2.625755120105918e-10 
 8.413951416452706e+04  1.000000000000000e+00  0.000000000000000e+00 -9.222802212935454e-11  1.078638024211250e-10  8.653404778716732e-11 -2.718451851906797e-10 
 8.511380382024529e+04  1.000000000000000e+00  0.000000000000000e+00 -9.169546535211222e-11  1.109829592117441e-10  8.851932471475269e-11 -2.814428023609238e-10 
 8.609937521846780e+04  1.000000000000000e+00  0.000000000000000e+00 -9.113013741513643e-11  1.141247229101887e-10  9.054953705493791e-11 -2.913800115138200e-10 
 8.709635899561590e+04  1.000000000000000e+00  0.000000000000000e+00 -8.739007028260656e-11  1.071811219732075e-10  9.262564440673914e-11 -3.016688771206970e-10 
 8.810488730080934e+04  1.000000000000000e+00  0.000000000000000e+00 -8.685477368745143e-11  1.104171740873785e-10  9.474867138763086e-11 -3.123218955808827e-10 
 8.912509381338258e+04  1.000000000000000e+00  0.000000000000000e+00 -8.628209395331637e-11  1.136774410160423e-10  9.691961637850903e-11 -3.233520103250749e-10 
 9.015711376060382e+04  1.000000000000000e+00  0.000000000000000e+00 -8.284042526109897e-11  1.069943786748959e-10  9.913952085161601e-11 -3.347726284316214e-10 
 9.120108393559921e+04  1.000000000000000e+00  0.000000000000000e+00 -8.229056992165718e-11  1.103528347415792e-10  1.014094468897581e-10 -3.465976372805936e-10 
 9.225714271548465e+04  1.000000000000000e+00  0.000000000000000e+00 -8.169966361266908e-11  1.137363908927354e-10  1.037304648564138e-10 -3.588414218849485e-10 
 9.332543007970754e+04  1.000000000000000e+00  0.000000000000000e+00 -7.853990925831115e-11  1.073279162616519e-10  1.061036648600965e-10 -3.715188830637862e-10 
 9.440608762860087e+04  1.000000000000000e+00  0.000000000000000e+00 -7.796279528775620e-11  1.108137405709638e-10  1.085301714976341e-10 -3.846454562179978e-10 
 9.549925860215223e+04  1.000000000000000e+00  0.000000000000000e+00 -7.501393135385358e-11  1.046134455116915e-10  1.110111168241835e-10 -3.982371306245344e-10 
 9.660508789899008e+04  1.000000000000000e+00  0.000000000000000e+00 -7.444518580404702e-11  1.082036943603021e-10  1.135476680273721e-10 -4.123104697183419e-10 
 9.772372209558992e+04  1.000000000000000e+00  0.000000000000000e+00 -7.382793372504753e-11  1.118202841737245e-10  1.161410002739045e-10 -4.268826318787961e-10 
 9.885530946570286e+04  1.000000000000000e+00  0.000000000000000e+00 -7.112860079856110e-11  1.059167027459685e-10  1.187922947945104e-10 -4.419713920317096e-10 
 1.000000000000091e+05  1.000000000000000e+00  0.000000000000000e+00 -7.050952589768627e-11  1.096408709991327e-10  1.215027988640319e-10 -4.575951645413071e-10 
 1.011579454259990e+05  1.000000000000000e+00  0.000000000000000e+00 -6.799732572937121e-11  1.039602888000197e-10  1.242737530554793e-10 -4.737730260117096e-10 
 1.023292992280847e+05  1.000000000000000e+00  0.000000000000000e+00 -6.736901111158969e-11  1.077941553277397e-10  1.271064034617004e-10 -4.905247397062754e-10 
 1.035142166679438e+05  1.000000000000000e+00  0.000000000000000e+00 -6.668534654175392e-11  1.116542026144261e-10  1.300020494357030e-10 -5.078707807264117e-10 
 1.047128548050995e+05  1.000000000000000e+00  0.000000000000000e+00 -6.438676735112451e-11  1.062882871262198e-10  1.329619803481779e-10 -5.258323618182476e-10 
 1.059253725177385e+05  1.000000000000000e+00  0.000000000000000e+00 -6.368292997704134e-11  1.102594782446241e-10  1.359875408641110e-10 -5.444314607101034e-10 
 1.071519305237704e+05  1.000000000000000e+00  0.000000000000000e+00 -6.154476682433191e-11  1.051286254542523e-10  1.390800814419678e-10 -5.636908478242230e-10 
 1.083926914021303e+05  1.000000000000000e+00  0.000000000000000e+00 -6.081262869567663e-11  1.092125593150016e-10  1.422409569936493e-10 -5.836341154145050e-10 
 1.096478196143285e+05  1.000000000000000e+00  0.000000000000000e+00 -5.882312048793750e-11  1.043208870843609e-10  1.454715799548103e-10 -6.042857079388069e-10 
 1.109174815262503e+05  1.000000000000000e+00  0.000000000000000e+00 -5.805388140330169e-11  1.085183430609302e-10  1.487733300629713e-10 -6.256709529594478e-10 
 1.122018454302066e+05  1.000000000000000e+00  0.000000000000000e+00 -5.620132248814339e-11  1.038698120893343e-10  1.521476836187658e-10 -6.478160942629996e-10 
 1.135010815672419e+05  1.000000000000000e+00  0.000000000000000e+00 -5.538696716206070e-11  1.081809718765386e-10  1.555960627978352e-10 -6.707483247649232e-10 
 1.148153621496988e+05  1.000000000000000e+00  0.000000000000000e+00 -5.365892348485055e-11  1.037783143275841e-10  1.591199697561481e-10 -6.944958222755131e-10 
 1.161448613840449e+05  1.000000000000000e+00  0.000000000000000e+00 -5.279026415897864e-11  1.082032270309282e-10  1.627208673736347e-10 -7.190877851236238e-10 
 1.174897554939637e+05  1.000000000000000e+00  0.000000000000000e+00 -5.117405290714608e-11  1.040490546606953e-10  1.664003010090174e-10 -7.445544705141609e-10 
 1.188502227437128e+05  1.000000000000000e+00  0.000000000000000e+00 -4.965010882941937e-11  1.000544180359643e-10  1.701597737787473e-10 -7.709272329612781e-10 
 1.202264434617523e+05  1.000000000000000e+00  0.000000000000000e+00 -4.872525312914697e-11  1.046831685427968e-10  1.740008727762053e-10 -7.982385656783435e-10 
 1.216186000646480e+05  1.000000000000000e+00  0.000000000000000e+00 -4.729282565684124e-11  1.009400876325713e-10  1.779251622417295e-10 -8.265221420256007e-10 
 1.230268770812495e+05  1.000000000000000e+00  0.000000000000000e+00 -4.631994081466110e-11  1.055782532562727e-10  1.819342016887857e-10 -8.558128594392515e-10 
 1.244514611771500e+05  1.000000000000000e+00  0.000000000000000e+00 -4.493576837392799e-11  1.021903618132255e-10  1.860296137507052e-10 -8.861468852483928e-10 
 1.258925411794283e+05  1.000000000000000e+00  0.000000000000000e+00 -4.365454208008028e-11  9.886209551341067e-11  1.902130401050075e-10 -9.175617037871851e-10 
 1.273503081016779e+05  1.000000000000000e+00  0.000000000000000e+00 -4.252718422863718e-11  1.039022826158349e-10  1.944860908544078e-10 -9.500961647293788e-10 
 1.288249551693253e+05  1.000000000000000e+00  0.000000000000000e+00 -4.133143765138811e-11  1.007284064158484e-10  1.988504156038125e-10 -9.837905347237576e-10 
 1.303166778452420e+05  1.000000000000000e+00  0.000000000000000e+00 -4.016745976401704e-11  9.781620275638770e-11  2.033077044010620e-10 -1.018686550080440e-09 
 1.318256738556529e+05  1.000000000000000e+00  0.000000000000000e+00 -3.905943945024217e-11  9.506709747886834e-11  2.078596095312536e-10 -1.054827471258472e-09 
 1.333521432163448e+05  1.000000000000000e+00  0.000000000000000e+00 -3.785097550267715e-11  1.001999798423475e-10  2.125078211907374e-10 -1.092258140285717e-09 
 1.348962882591779e+05  1.000000000000000e+00  0.000000000000000e+00 -3.671130527566685e-11  9.788930822926706e-11  2.172540120710106e-10 -1.131025039525865e-09 
 1.364583136589051e+05  1.000000000000000e+00  0.000000000000000e+00 -3.573224724891387e-11  9.537038950685470e-11  2.220999485897852e-10 -1.171176354257601e-09 
 1.380384264603013e+05  1.000000000000000e+00  0.000000000000000e+00 -3.473345591118954e-11  9.319932960202641e-11  2.270472644554697e-10 -1.212762034570515e-09 
 1.396368361056068e+05  1.000000000000000e+00  0.000000000000000e+00 -3.330839751093125e-11  9.870138502508358e-11  2.320977106979919e-10 -1.255833863839857e-09 
 1.412537544622886e+05  1.000000000000000e+00  0.000000000000000e+00 -3.230647515906606e-11  9.677767028235160e-11  2.372529555513060e-10 -1.300445526074505e-09 
 1.428893958511236e+05  1.000000000000000e+00  0.000000000000000e+00 -3.133114024489462e-11  9.501437819898083e-11  2.425147885083787e-10 -1.346652679237215e-09 
 1.445439770746062e+05  1.000000000000000e+00  0.000000000000000e+00 -3.037682219797225e-11  9.341124194888626e-11  2.478848136612149e-10 -1.394513027327427e-09 
 1.462177174456854e+05  1.000000000000000e+00  0.000000000000000e+00 -2.943995851254814e-11  9.196707929481619e-11  2.533648180962078e-10 -1.444086400642028e-09 
 1.479108388168345e+05  1.000000000000000e+00  0.000000000000000e+00 -2.851542437643683e-11  9.068107645085646e-11  2.589564226905895e-10 -1.495434833417928e-09 
 1.496235656094573e+05  1.000000000000000e+00  0.000000000000000e+00 -2.759841970539583e-11  8.955248448220807e-11  2.646613346987062e-10 -1.548622649605501e-09 
 1.513561248436349e+05  1.000000000000000e+00  0.000000000000000e+00 -2.668470347015678e-11  8.857974986939298e-11  2.704812161398270e-10 -1.603716548546723e-09 
 1.531087461682173e+05  1.000000000000000e+00  0.000000000000000e+00 -2.576935749921546e-11  8.776192639853857e-11  2.764176750666598e-10 -1.660785695411848e-09 
 1.548816618912626e+05  1.000000000000000e+00  0.000000000000000e+00 -2.484800268606075e-11  8.709749211465045e-11  2.824723337914266e-10 -1.719901815577157e-09 
 1.566751070108296e+05  1.000000000000000e+00  0.000000000000000e+00 -2.391613600900515e-11  8.658493905564761e-11  2.886468265943442e-10 -1.781139292484376e-09 
 1.584893192461262e+05  1.000000000000000e+00  0.000000000000000e+00 -2.296881928171150e-11  8.622289056250679e-11  2.949426069069629e-10 -1.844575267318552e-09 
 1.603245390690191e+05  1.000000000000000e+00  0.000000000000000e+00 -2.200199547854432e-11  8.600926183167505e-11  3.013612820636318e-10 -1.910289747657463e-09 
 1.621810097359082e+05  1.000000000000000e+00  0.000000000000000e+00 -2.101064645316199e-11  8.594263676046458e-11  3.079042249149362e-10 -1.978365713948270e-09 
 1.640589773199693e+05  1.000000000000000e+00  0.000000000000000e+00 -1.999077534705830e-11  8.602072576298385e-11  3.145729184526219e-10 -2.048889236612215e-09 
 1.659586907437716e+05  1.000000000000000e+00  0.000000000000000e+00 -1.893732908197173e-11  8.624175541929037e-11  3.213686285108837e-10 -2.121949592242618e-09 
 1.678804018122718e+05  1.000000000000000e+00  0.000000000000000e+00 -1.784647406749894e-11  8.660337572508991e-11  3.282927696512462e-10 -2.197639390351685e-09 
 1.698243652461904e+05  1.000000000000000e+00  0.000000000000000e+00 -1.671302967307846e-11  8.710334674160205e-11  3.353464323115362e-10 -2.276054697806452e-09 
 1.717908387157749e+05  1.000000000000000e+00  0.000000000000000e+00 -1.703105021339395e-11  8.163697352212480e-11  3.425307565240164e-10 -2.357295175747017e-09 
 1.737800828749539e+05  1.000000000000000e+00  0.000000000000000e+00 -1.584758859331709e-11  8.248595973871596e-11  3.498468915111783e-10 -2.441464219222113e-09 
 1.757923613958858e+05  1.000000000000000e+00  0.000000000000000e+00 -1.463545477561375e-11  8.339729700403734e-11  3.572956628055851e-10 -2.528669098084556e-09 
 1.778279410039090e+05  1.000000000000000e+00  0.000000000000000e+00 -1.333442879126060e-11  8.450624959287473e-11  3.648779266240984e-10 -2.619021111906215e-09 
 1.798870915128957e+05  1.000000000000000e+00  0.000000000000000e+00 -1.364830798018068e-11  7.995618697815618e-11  3.725944264177389e-10 -2.712635745260528e-09 
 1.819700858610155e+05  1.000000000000000e+00  0.000000000000000e+00 -1.225573603602262e-11  8.139214830521955e-11  3.804456804084182e-10 -2.809632829919371e-09 
 1.840772001469129e+05  1.000000000000000e+00  0.000000000000000e+00 -1.078887412406327e-11  8.294731357980424e-11  3.884321124137729e-10 -2.910136716850211e-09 
 1.862087136663043e+05  1.000000000000000e+00  0.000000000000000e+00 -1.102653762382816e-11  8.681702977117012e-11  3.965539938905673e-10 -3.014276452140249e-09 
 1.883649089489978e+05  1.000000000000000e+00  0.000000000000000e+00 -9.365075104371656e-12  8.860259076914691e-11  4.048114834092714e-10 -3.122185962595316e-09 
 1.905460717963427e+05  1.000000000000000e+00  0.000000000000000e+00 -9.499627432855541e-12  8.511004983354432e-11  4.132043935790999e-10 -3.234004244637897e-09 
 1.927524913191118e+05  1.000000000000000e+00  0.000000000000000e+00 -7.698614478681276e-12  8.718919711646218e-11  4.217323872208108e-10 -3.349875567262952e-09 
 1.949844599758230e+05  1.000000000000000e+00  0.000000000000000e+00 -7.757913985535563e-12  8.414119936662827e-11  4.303949606928595e-10 -3.469949679283949e-09 
 1.972422736115040e+05  1.000000000000000e+00  0.000000000000000e+00 -7.788334503507593e-12  8.134889511836300e-11  4.391913212178333e-10 -3.594382026534144e-09 
 1.995262314969068e+05  1.000000000000000e+00  0.000000000000000e+00 -5.757948952922838e-12  8.387910635135956e-11  4.481204139125442e-10 -3.723333977190985e-09 
 2.018366363681752e+05  1.000000000000000e+00  0.000000000000000e+00 -5.676470707894413e-12  8.150668995249791e-11  4.571808391830017e-10 -3.856973057103703e-09 
 2.041737944669723e+05  1.000000000000000e+00  0.000000000000000e+00 -5.546771950728438e-12  7.937673984349055e-11  4.663710198401931e-10 -3.995473197404908e-09 
 2.065380155810725e+05  1.000000000000000e+00  0.000000000000000e+00 -3.240424904507181e-12  8.231997696184264e-11  4.756887865322741e-10 -4.139014985128763e-09 
 2.089296130854238e+05  1.000000000000000e+00  0.000000000000000e+00 -2.990937975690990e-12  8.052672752848694e-11  4.851319398072459e-10 -4.287785937459066e-09 
 2.113489039836848e+05  1.000000000000000e+00  0.000000000000000e+00 -2.646323009610251e-12  7.901791548040574e-11  4.946974875277813e-10 -4.441980770162022e-09 
 2.137962089502436e+05  1.000000000000000e+00  0.000000000000000e+00 -3.036258994984250e-12  7.092191443820700e-11  5.043824291526504e-10 -4.601801697879400e-09 
 2.162718523727226e+05  1.000000000000000e+00  0.000000000000000e+00 -2.595488071402491e-12  6.993084826740677e-11  5.141828873195216e-10 -4.767458724864288e-09 
 2.187761623949761e+05  1.000000000000000e+00  0.000000000000000e+00 -2.066987967387802e-12  6.915143981002403e-11  5.240947040846837e-10 -4.939169968628613e-09 
 2.213094709605849e+05  1.000000000000000e+00  0.000000000000000e+00 -1.445058975341025e-12  6.857769802684241e-11  5.341132688110377e-10 -5.117161986280530e-09 
 2.238721138568553e+05  1.000000000000000e+00  0.000000000000000e+00 -7.234827746598705e-13  6.820393999491616e-11  5.442330965242560e-10 -5.301670111975015e-09 
 2.264644307593276e+05  1.000000000000000e+00  0.000000000000000e+00  7.655222809080295e-14  6.797377488300904e-11  5.544482289717205e-10 -5.492938820538214e-09 
 2.290867652767992e+05  1.000000000000000e+00  0.000000000000000e+00  1.041866011335588e-12  6.803161525368562e-11  5.647521275992465e-10 -5.691222099240591e-09 
 2.317394649968700e+05  1.000000000000000e+00  0.000000000000000e+00  2.096880555620093e-12  6.822056749135627e-11  5.751372908894224e-10 -5.896783832024152e-09 
 2.344228815320146e+05  1.000000000000000e+00  0.000000000000000e+00  8.795842743361757e-13  6.459676261867226e-11  5.855956052684382e-10 -6.109898210930810e-09 
 2.371373705661882e+05  1.000000000000000e+00  0.000000000000000e+00  2.138444517503952e-12  6.515637578432097e-11  5.961180407158880e-10 -6.330850157432588e-09 
 2.398832919019720e+05  1.000000000000000e+00  0.000000000000000e+00  3.558293123582647e-12  6.592498008009752e-11  6.066944866687599e-10 -6.559935760795219e-09 
 2.426610095082648e+05  1.000000000000000e+00  0.000000000000000e+00  2.668361613826673e-12  6.308559703034083e-11  6.173142268070763e-10 -6.797462749591909e-09 
 2.454708915685266e+05  1.000000000000000e+00  0.000000000000000e+00  4.354495248917213e-12  6.422906619179662e-11  6.279651426258831e-10 -7.043750962270810e-09 
 2.483133105295808e+05  1.000000000000000e+00  0.000000000000000e+00  3.710634451067246e-12  6.189863704696946e-11  6.386339867840732e-10 -7.299132854185597e-09 
 2.511886431509821e+05  1.000000000000000e+00  0.000000000000000e+00  5.686035426198943e-12  6.338639106472494e-11  6.493065975955190e-10 -7.563954030499680e-09 
 2.540972705549549e+05  1.000000000000000e+00  0.000000000000000e+00  5.313947565160028e-12  6.153218886136348e-11  6.599670298620184e-10 -7.838573779081765e-09 
 2.570395782769111e+05  1.000000000000000e+00  0.000000000000000e+00  5.080619776655256e-12  5.993994993454032e-11  6.705983438619659e-10 -8.123365661755247e-09 
 2.600159563165522e+05  1.000000000000000e+00  0.000000000000000e+00  4.966713747381664e-12  5.855886025878650e-11  6.811817963280000e-10 -8.418718098306278e-09 
 2.630267991895634e+05  1.000000000000000e+00  0.000000000000000e+00  7.573223435432953e-12  6.071103542261366e-11  6.916971387244873e-10 -8.725035001409544e-09 
 2.660725059799065e+05  1.000000000000000e+00  0.000000000000000e+00  7.806839557016433e-12  5.977836873565232e-11  7.021222888450368e-10 -9.042736424688621e-09 
 2.691534803927175e+05  1.000000000000000e+00  0.000000000000000e+00  8.204756472721481e-12  5.907086073023421e-11  7.124333022156493e-10 -9.372259250275986e-09 
 2.722701308078174e+05  1.000000000000000e+00  0.000000000000000e+00  8.772855454174436e-12  5.857853898854808e-11  7.226042449211114e-10 -9.714057901255896e-09 
 2.754228703338432e+05  1.000000000000000e+00  0.000000000000000e+00  6.942482771204424e-12  5.533027369879541e-11  7.326070427976368e-10 -1.006860508969939e-08 
 2.786121168630039e+05  1.000000000000000e+00  0.000000000000000e+00  7.862005435940985e-12  5.530888258724462e-11  7.424110805645294e-10 -1.043639259156660e-08 
 2.818382931264726e+05  1.000000000000000e+00  0.000000000000000e+00  8.969392488313958e-12  5.547199508460105e-11  7.519833915739383e-10 -1.081793207143437e-08 
 2.851018267504185e+05  1.000000000000000e+00  0.000000000000000e+00  1.024336761529690e-11  5.577226196549181e-11  7.612883618149010e-10 -1.121375593247072e-08 
 2.884031503126885e+05  1.000000000000000e+00  0.000000000000000e+00  9.147724931829061e-12  5.359094325029338e-11  7.702875427743785e-10 -1.162441821126806e-08 
 2.917427014001449e+05  1.000000000000000e+00  0.000000000000000e+00  1.084489620775486e-11  5.431311649718317e-11  7.789388883274321e-10 -1.205049549873675e-08 
 2.951209226666671e+05  1.000000000000000e+00  0.000000000000000e+00  1.015187348452042e-11  5.263073664504275e-11  7.871977523810088e-10 -1.249258794549927e-08 
 2.985382618918249e+05  1.000000000000000e+00  0.000000000000000e+00  9.668245476506251e-12  5.121373366140387e-11  7.950154241017381e-10 -1.295132025628167e-08 
 3.019951720402309e+05  1.000000000000000e+00  0.000000000000000e+00  1.199814771310078e-11  5.245992196358791e-11  8.023395506097513e-10 -1.342734277733274e-08 
 3.054921113215809e+05  1.000000000000000e+00  0.000000000000000e+00  1.192528016075784e-11  5.143514921463552e-11  8.091135935206106e-10 -1.392133260818807e-08 
 3.090295432513891e+05  1.000000000000000e+00  0.000000000000000e+00  1.212980636454206e-11  5.070388599411649e-11  8.152766504723453e-10 -1.443399477944135e-08 
 3.126079367124258e+05  1.000000000000000e+00  0.000000000000000e+00  1.251481232071933e-11  5.012107265696021e-11  8.207631676509105e-10 -1.496606348140027e-08 
 3.162277660168686e+05  1.000000000000000e+00  0.000000000000000e+00  1.316177049320573e-11  4.977130774277318e-11  8.255022666426948e-10 -1.551830333975143e-08 
 3.198895109691709e+05  1.000000000000000e+00  0.000000000000000e+00  1.146387510028735e-11  4.752573254050197e-11  8.294180169042070e-10 -1.609151077965945e-08 
 3.235936569296597e+05  1.000000000000000e+00  0.000000000000000e+00  1.257625584602041e-11  4.756939926287608e-11  8.324284140589843e-10 -1.668651542121421e-08 
 3.273406948788700e+05  1.000000000000000e+00  0.000000000000000e+00  1.396357282551342e-11  4.780251085456814e-11  8.344450818009895e-10 -1.730418155711992e-08 
 3.311311214826233e+05  1.000000000000000e+00  0.000000000000000e+00  1.303556123754891e-11  4.628825082604501e-11  8.353731971011444e-10 -1.794540971314798e-08 
 3.349654391578603e+05  1.000000000000000e+00  0.000000000000000e+00  1.237814780043363e-11  4.502928842850339e-11  8.351106479314272e-10 -1.861113826080173e-08 
 3.388441561392356e+05  1.000000000000000e+00  0.000000000000000e+00  1.454904474034656e-11  4.577684219470890e-11  8.335476781516586e-10 -1.930234512055570e-08 
 3.427677865464838e+05  1.000000000000000e+00  0.000000000000000e+00  1.441331358800490e-11  4.489088517278888e-11  8.305659850232150e-10 -2.002004953221115e-08 
 3.467368504525655e+05  1.000000000000000e+00  0.000000000000000e+00  1.458587643040133e-11  4.424036509224441e-11  8.260384542046654e-10 -2.076531393602769e-08 
 3.507518739526023e+05  1.000000000000000e+00  0.000000000000000e+00  1.504507598181163e-11  4.378051386015375e-11  8.198289631093572e-10 -2.153924594359194e-08 
 3.548133892336102e+05  1.000000000000000e+00  0.000000000000000e+00  1.579403932650821e-11  4.349475454769393e-11  8.117906784617609e-10 -2.234300036093634e-08 
 3.589219346450404e+05  1.000000000000000e+00  0.000000000000000e+00  1.433435106797675e-11  4.189924572835308e-11  8.017654831902383e-10 -2.317778134073062e-08 
 3.630780547701370e+05  1.000000000000000e+00  0.000000000000000e+00  1.565853670249023e-11  4.194469559258505e-11  7.895844726971987e-10 -2.404484469539224e-08 
 3.672823004981207e+05  1.000000000000000e+00  0.000000000000000e+00  1.482884382220582e-11  4.078741071107099e-11  7.750651744891890e-10 -2.494550018903168e-08 
 3.715352290972091e+05  1.000000000000000e+00  0.000000000000000e+00  1.678653990532793e-11  4.114460681124664e-11  7.580123743087704e-10 -2.588111409562903e-08 
 3.758374042884811e+05  1.000000000000000e+00  0.000000000000000e+00  1.657248357259540e-11  4.032833585546329e-11  7.382158177562827e-10 -2.685311175101793e-08 
 3.801893963205986e+05  1.000000000000000e+00  0.000000000000000e+00  1.671294374681488e-11  3.971866445601965e-11  7.154495458546608e-10 -2.786298031040935e-08 
 3.845917820453914e+05  1.000000000000000e+00  0.000000000000000e+00  1.718487191366872e-11  3.927226621095609e-11  6.894715342472301e-10 -2.891227165123356e-08 
 3.890451449943190e+05  1.000000000000000e+00  0.000000000000000e+00  1.559031273620384e-11  3.789648933204868e-11  6.600215188888912e-10 -3.000260535178949e-08 
 3.935500754558163e+05  1.000000000000000e+00  0.000000000000000e+00  1.672102325862903e-11  3.775094179638260e-11  6.268201681605534e-10 -3.113567188029115e-08 
 3.981071705535366e+05  1.000000000000000e+00  0.000000000000000e+00  2.071985101760975e-11  4.063236776616991e-11  5.895666134112956e-10 -3.231323586691187e-08 
 4.027170343254989e+05  1.000000000000000e+00  0.000000000000000e+00  2.018082082079019e-11  3.969927607921133e-11  5.479392332268924e-10 -3.353713970494124e-08 
 4.073802778041530e+05  1.000000000000000e+00  0.000000000000000e+00  2.003456219066897e-11  3.895689337948366e-11  5.015915890644174e-10 -3.480930711101570e-08 
 4.120975190973710e+05  1.000000000000000e+00  0.000000000000000e+00  2.025647147491859e-11  3.836231980747977e-11  4.501526620047382e-10 -3.613174706486029e-08 
 4.168693834703767e+05  1.000000000000000e+00  0.000000000000000e+00  2.084614588394617e-11  3.789436812894557e-11  3.932229470876800e-10 -3.750655776130170e-08 
 4.216965034286241e+05  1.000000000000000e+00  0.000000000000000e+00  1.953710019523817e-11  3.681786311617741e-11  3.303746728064544e-10 -3.893593097929104e-08 
 4.265795188016350e+05  1.000000000000000e+00  0.000000000000000e+00  2.085434507675192e-11  3.656875475829322e-11  2.611475145941578e-10 -4.042215643879834e-08 
 4.315190768278081e+05  1.000000000000000e+00  0.000000000000000e+00  2.033563292425961e-11  3.578293342049862e-11  1.850478343639748e-10 -4.196762658833536e-08 
 4.365158322402094e+05  1.000000000000000e+00  0.000000000000000e+00  2.019646597251374e-11  3.511404161739215e-11  1.015458926629582e-10 -4.357484152089774e-08 
 4.415704473533565e+05  1.000000000000000e+00  0.000000000000000e+00  2.047997188704715e-11  3.457408283709239e-11  1.007252810777676e-11 -4.524641414515511e-08 
 4.466835921510076e+05  1.000000000000000e+00  0.000000000000000e+00  2.115984079267471e-11  3.412207605809731e-11 -8.998375670540402e-11 -4.698507563272739e-08 
 4.518559443749674e+05  1.000000000000000e+00  0.000000000000000e+00  2.220828698651209e-11  3.371846259618652e-11 -1.992781430065306e-10 -4.879368127245690e-08 
 4.570881896149206e+05  1.000000000000000e+00  0.000000000000000e+00  2.156537936588009e-11  3.298297338041690e-11 -3.185159986020472e-10 -5.067521631573632e-08 
 4.623810213993065e+05  1.000000000000000e+00  0.000000000000000e+00  2.135336506032176e-11  3.235252589239902e-11 -4.484528541576904e-10 -5.263280255689900e-08 
 4.677351412872450e+05  1.000000000000000e+00  0.000000000000000e+00  2.154466301781118e-11  3.178721445719297e-11 -5.899011913587402e-10 -5.466970483059093e-08 
 4.731512589615278e+05  1.000000000000000e+00  0.000000000000000e+00  2.217748447691040e-11  3.129264176569847e-11 -7.437326780534875e-10 -5.678933817331729e-08 
 4.786300923226863e+05  1.000000000000000e+00  0.000000000000000e+00  2.320051507624548e-11  3.081495527765234e-11 -9.108842266458433e-10 -5.899527512461298e-08 
 4.841723675841478e+05  1.000000000000000e+00  0.000000000000000e+00  2.268112963581289e-11  3.017505495588851e-11 -1.092361140646802e-09 -6.129125361061113e-08 
 4.897788193684953e+05  1.000000000000000e+00  0.000000000000000e+00  2.259049872700251e-11  2.958256729694156e-11 -1.289243540406387e-09 -6.368118508506695e-08 
 4.954501908048399e+05  1.000000000000000e+00  0.000000000000000e+00  2.298564631610130e-11  2.905142864747448e-11 -1.502691482835484e-09 -6.616916317923926e-08 
 5.011872336273226e+05  1.000000000000000e+00  0.000000000000000e+00  2.188589109882849e-11  2.843409863038716e-11 -1.733950977460982e-09 -6.875947280037752e-08 
 5.069907082747553e+05  1.000000000000000e+00  0.000000000000000e+00  2.312129392037493e-11  2.790724328813710e-11 -1.984359437588313e-09 -7.145659977569353e-08 
 5.128613839914164e+05  1.000000000000000e+00  0.000000000000000e+00  2.296395910466503e-11  2.735341094715407e-11 -2.255355462587501e-09 -7.426524071922677e-08 
 5.188000389290132e+05  1.000000000000000e+00  0.000000000000000e+00  2.324341134853860e-11  2.679139315003845e-11 -2.548483010841368e-09 -7.719031391672992e-08 
 5.248074602498254e+05  1.000000000000000e+00  0.000000000000000e+00  2.222379726712711e-11  2.628825273339164e-11 -2.865400815646179e-09 -8.023697040220809e-08 
 5.308844442310418e+05  1.000000000000000e+00  0.000000000000000e+00  2.341292471005720e-11  2.568796378041739e-11 -3.207892692470034e-09 -8.341060562556557e-08 
 5.370317963703069e+05  1.000000000000000e+00  0.000000000000000e+00  2.333711557368131e-11  2.515856025271706e-11 -3.577874278085328e-09 -8.671687207674162e-08 
 5.432503314924880e+05  1.000000000000000e+00  0.000000000000000e+00  2.370620630567364e-11  2.458160512866623e-11 -3.977404160912619e-09 -9.016169232087804e-08 
 5.495408738576800e+05  1.000000000000000e+00  0.000000000000000e+00  2.288284219133179e-11  2.413727299537849e-11 -4.408694713007512e-09 -9.375127279647897e-08 
 5.559042572704597e+05  1.000000000000000e+00  0.000000000000000e+00  2.418919793014497e-11  2.344565917579564e-11 -4.874125018158285e-09 -9.749211823114774e-08 
 5.623413251904058e+05  1.000000000000000e+00  0.000000000000000e+00  2.273229883201301e-11  2.313647060086790e-11 -5.376251813513802e-09 -1.013910471981028e-07 
 5.688529308438989e+05  1.000000000000000e+00  0.000000000000000e+00  2.587044104557194e-11  2.359400400295565e-11 -5.917824311014591e-09 -1.054552081347754e-07 
 5.754399373372151e+05  1.000000000000000e+00  0.000000000000000e+00  2.540729538866515e-11  2.311547730860445e-11 -6.501797691530851e-09 -1.096920965833871e-07 
 5.821032177709303e+05  1.000000000000000e+00  0.000000000000000e+00  2.543355810690134e-11  2.255096336712081e-11 -7.131351102794342e-09 -1.141095729193034e-07 
 5.888436553556485e+05  1.000000000000000e+00  0.000000000000000e+00  2.594893757271886e-11  2.188073524982385e-11 -7.809902587072015e-09 -1.187158816395000e-07 
 5.956621435290707e+05  1.000000000000000e+00  0.000000000000000e+00  2.689296725945002e-11  2.106335487473764e-11 -8.541129948230074e-09 -1.235196711131634e-07 
 6.025595860744187e+05  1.000000000000000e+00  0.000000000000000e+00  2.685721599664071e-11  2.047940479200301e-11 -9.328987968982292e-09 -1.285300150800562e-07 
 6.095368972402309e+05  1.000000000000000e+00  0.000000000000000e+00  2.599495166998890e-11  2.019693687385990e-11 -1.017773438063263e-08 -1.337564344271897e-07 
 6.165950018615447e+05  1.000000000000000e+00  0.000000000000000e+00  2.562351359793652e-11  1.977882725100717e-11 -1.109194753657007e-08 -1.392089214969079e-07 
 6.237348354824826e+05  1.000000000000000e+00  0.000000000000000e+00  2.570088208720066e-11  1.919292449077843e-11 -1.207655924352064e-08 -1.448979639999091e-07 
 6.309573444802574e+05  1.000000000000000e+00  0.000000000000000e+00  2.629622965093905e-11  1.844196883782580e-11 -1.313687384573757e-08 -1.508345723568171e-07 
 6.382634861906136e+05  1.000000000000000e+00  0.000000000000000e+00  2.604762095362310e-11  1.797329608185090e-11 -1.427860569875536e-08 -1.570303064497324e-07 
 6.456542290347213e+05  1.000000000000000e+00  0.000000000000000e+00  2.629149607434141e-11  1.731464335608661e-11 -1.550790599657173e-08 -1.634973055731686e-07 
 6.531305526475389e+05  1.000000000000000e+00  0.000000000000000e+00  2.582389795594222e-11  1.697533699415718e-11 -1.683140059414667e-08 -1.702483190436785e-07 
 6.606934480076634e+05  1.000000000000000e+00  0.000000000000000e+00  2.583901976337440e-11  1.642353770862893e-11 -1.825622732098414e-08 -1.772967389163188e-07 
 6.683439175686828e+05  1.000000000000000e+00  0.000000000000000e+00  2.634318315526745e-11  1.564205239517177e-11 -1.979007592554985e-08 -1.846566347165969e-07 
 6.760829753920508e+05  1.000000000000000e+00  0.000000000000000e+00  2.615534957557239e-11  1.517266339766579e-11 -2.144123243421283e-08 -1.923427899769609e-07 
 6.839116472814992e+05  1.000000000000000e+00  0.000000000000000e+00  2.644122389467509e-11  1.445102853205088e-11 -2.321863028399353e-08 -2.003707403656670e-07 
 6.918309709190072e+05  1.000000000000000e+00  0.000000000000000e+00  2.615614321623788e-11  1.406003798947592e-11 -2.513189940706076e-08 -2.087568150534773e-07 
 6.998419960023451e+05  1.000000000000000e+00  0.000000000000000e+00  2.632498541917227e-11  1.339201401493509e-11 -2.719142493457250e-08 -2.175181794969366e-07 
 7.079457843842104e+05  1.000000000000000e+00  0.000000000000000e+00  2.598435139702253e-11  1.305614846614117e-11 -2.940840808567945e-08 -2.266728812968126e-07 
 7.161434102129753e+05  1.000000000000000e+00  0.000000000000000e+00  2.609136423635889e-11  1.242068083957920e-11 -3.179493326746478e-08 -2.362398984887072e-07 
 7.244359600750643e+05  1.000000000000000e+00  0.000000000000000e+00  2.574532118731445e-11  1.211406109596071e-11 -3.436404515254669e-08 -2.462391898406092e-07 
 7.328245331389792e+05  1.000000000000000e+00  0.000000000000000e+00  2.583663888749492e-11  1.148397366928733e-11 -3.712981912766502e-08 -2.566917505962521e-07 
 7.413102413009936e+05  1.000000000000000e+00  0.000000000000000e+00  2.552553480846393e-11  1.117548461336917e-11 -4.010746091345274e-08 -2.676196671897041e-07 
 7.498942093325328e+05  1.000000000000000e+00  0.000000000000000e+00  2.563771131313915e-11  1.051881404682187e-11 -4.331338904512712e-08 -2.790461800331416e-07 
 7.585775750292618e+05  1.000000000000000e+00  0.000000000000000e+00  2.539239066193945e-11  1.017313028611171e-11 -4.676534659522036e-08 -2.909957458778857e-07 
 7.673614893618979e+05  1.000000000000000e+00  0.000000000000000e+00  2.555049605092099e-11  9.455203442431033e-12 -5.048250593445847e-08 -3.034941070989745e-07 
 7.762471166287716e+05  1.000000000000000e+00  0.000000000000000e+00  2.537548151319571e-11  9.034329028308426e-12 -5.448560166210990e-08 -3.165683620396682e-07 
 7.852356346101527e+05  1.000000000000000e+00  0.000000000000000e+00  2.561225950070470e-11  8.217609343645938e-12 -5.879705523640804e-08 -3.302470404323992e-07 
 7.943282347243634e+05  1.000000000000000e+00  0.000000000000000e+00  2.555022060791646e-11  7.682233220219011e-12 -6.344112772045341e-08 -3.445601863247858e-07 
 8.035261221857002e+05  1.000000000000000e+00  0.000000000000000e+00  2.524905167794848e-11  7.422386217778334e-12 -6.844407774229692e-08 -3.595394414073087e-07 
 8.128305161641833e+05  1.000000000000000e+00  0.000000000000000e+00  2.529774997073436e-11  6.735296714979242e-12 -7.383434309032958e-08 -3.752181344089598e-07 
 8.222426499471562e+05  1.000000000000000e+00  0.000000000000000e+00  2.516350471986551e-11  6.301712454804296e-12 -7.964272829840089e-08 -3.916313780154703e-07 
 8.317637711027571e+05  1.000000000000000e+00  0.000000000000000e+00  2.482351861281800e-11  6.116350441410097e-12 -8.590261783907768e-08 -4.088161693021191e-07 
 8.413951416452822e+05  1.000000000000000e+00  0.000000000000000e+00  2.482211175905377e-11  5.470920344962384e-12 -9.265021555563965e-08 -4.268114953889022e-07 
 8.511380382024646e+05  1.000000000000000e+00  0.000000000000000e+00  2.467632894697008e-11  5.047520799204344e-12 -9.992479427726695e-08 -4.456584481599245e-07 
 8.609937521846899e+05  1.000000000000000e+00  0.000000000000000e+00  2.482567818264903e-11  4.144992979421483e-12 -1.077689822536996e-07 -4.654003427255754e-07 
 8.709635899561710e+05  1.000000000000000e+00  0.000000000000000e+00  2.441602311367725e-11  4.134908601933469e-12 -1.162290790140522e-07 -4.860828426683512e-07 
 8.810488730081056e+05  1.000000000000000e+00  0.000000000000000e+00  2.432301757310914e-11  3.620632127032646e-12 -1.253553925852822e-07 -5.077540952550986e-07 
 8.912509381338381e+05  1.000000000000000e+00  0.000000000000000e+00  2.281076819471901e-11  3.256464864974880e-12 -1.352026250924419e-07 -5.304648709160290e-07 
 9.015711376060506e+05  1.000000000000000e+00  0.000000000000000e+00  2.253474737277448e-11  3.120199408591036e-12 -1.458302918971720e-07 -5.542687122819387e-07 
 9.120108393560046e+05  1.000000000000000e+00  0.000000000000000e+00  2.252211289288152e-11  2.453847019505002e-12 -1.573031961471164e-07 -5.792220876898136e-07 
 9.225714271548592e+05  1.000000000000000e+00  0.000000000000000e+00  2.244989946241990e-11  1.922012210069835e-12 -1.696919386085054e-07 -6.053845584993234e-07 
 9.332543007970882e+05  1.000000000000000e+00  0.000000000000000e+00  2.231077752389962e-11  1.515868458529715e-12 -1.830735002071564e-07 -6.328189486143280e-07 
 9.440608762860217e+05  1.000000000000000e+00  0.000000000000000e+00  2.216105897668082e-11  1.208214965673916e-12 -1.975318818389902e-07 -6.615915254923801e-07 
 9.549925860215354e+05  1.000000000000000e+00  0.000000000000000e+00  2.195091646294331e-11  1.002582212789835e-12 -2.131588231705618e-07 -6.917721865947276e-07 
 9.660508789899141e+05  1.000000000000000e+00  0.000000000000000e+00  2.193592847156616e-11  2.238485065347224e-13 -2.300546053763292e-07 -7.234346528639538e-07 
 9.772372209559126e+05  1.000000000000000e+00  0.000000000000000e+00  2.171045479753801e-11  1.524073247196700e-13 -2.483289367189529e-07 -7.566566736982942e-07 
 9.885530946570421e+05  1.000000000000000e+00  0.000000000000000e+00  2.203632319621741e-11 -2.363677368537709e-12 -2.681019662659534e-07 -7.915202293370316e-07 
 1.000000000000105e+06  1.000000000000000e+00  0.000000000000000e+00  2.187152057764193e-11 -2.946709869083263e-12 -2.895054124865474e-07 -8.281117395583566e-07 
 1.011579454260004e+06  1.000000000000000e+00  0.000000000000000e+00  2.159682942666804e-11 -2.897522011291495e-12 -3.126838230477906e-07 -8.665222794600305e-07 
 1.023292992280861e+06  1.000000000000000e+00  0.000000000000000e+00  2.142463846384258e-11 -3.447250454100211e-12 -3.377960150307703e-07 -9.068477836085722e-07 
 1.035142166679452e+06  1.000000000000000e+00  0.000000000000000e+00  2.248118649926064e-11 -5.054040234610656e-12 -3.650166950672665e-07 -9.491892477921105e-07 
 1.047128548051009e+06  1.000000000000000e+00  0.000000000000000e+00  2.225336584087831e-11 -5.644210144572075e-12 -3.945382767684836e-07 -9.936529259981836e-07 
 1.059253725177400e+06  1.000000000000000e+00  0.000000000000000e+00  2.201558446557140e-11 -6.260293025168851e-12 -4.265729743302554e-07 -1.040350493525836e-06 
 1.071519305237719e+06  1.000000000000000e+00  0.000000000000000e+00  2.176437985368809e-11 -6.362302817875001e-12 -4.613551535287839e-07 -1.089399194596217e-06 
 1.083926914021317e+06  1.000000000000000e+00  0.000000000000000e+00  2.151447051336454e-11 -7.076482079106450e-12 -4.991440496665350e-07 -1.140921930121173e-06 
 1.096478196143300e+06  1.000000000000000e+00  0.000000000000000e+00  2.127479519557510e-11 -7.321375806688821e-12 -5.402268286043083e-07 -1.195047305315156e-06 
 1.109174815262518e+06  1.000000000000000e+00  0.000000000000000e+00  2.102731998960806e-11 -7.651274606083422e-12 -5.849221243589712e-07 -1.251909579372365e-06 
 1.122018454302081e+06  1.000000000000000e+00  0.000000000000000e+00  2.078304723363190e-11 -8.090005205141248e-12 -6.335841082968350e-07 -1.311648499337703e-06 
 1.135010815672434e+06  1.000000000000000e+00  0.000000000000000e+00  2.052050561260409e-11 -8.638459797853445e-12 -6.866071508182061e-07 -1.374408993386324e-06 
 1.148153621497004e+06  1.000000000000000e+00  0.000000000000000e+00  2.022747781202579e-11 -9.303330450817265e-12 -7.444312221416239e-07 -1.440340650806120e-06 
 1.161448613840465e+06  1.000000000000000e+00  0.000000000000000e+00  1.999858802712219e-11 -9.620412140777526e-12 -8.075481410915395e-07 -1.509596933112728e-06 
 1.174897554939653e+06  1.000000000000000e+00  0.000000000000000e+00  1.972075127360900e-11 -1.007296913561316e-11 -8.765088347489781e-07 -1.582334019509609e-06 
 1.188502227437144e+06  1.000000000000000e+00  0.000000000000000e+00  1.942236239557263e-11 -1.070381370725041e-11 -9.519317770297321e-07 -1.658709185034276e-06 
 1.202264434617540e+06  1.000000000000000e+00  0.000000000000000e+00  1.848091292291367e-11 -9.663025204107104e-12 -1.034512857424742e-06 -1.738878528319655e-06 
 1.216186000646496e+06  1.000000000000000e+00  0.000000000000000e+00  1.823537009704316e-11 -1.016433201957506e-11 -1.125036909624225e-06 -1.822993883633468e-06 
 1.230268770812511e+06  1.000000000000000e+00  0.000000000000000e+00  1.853078099813703e-11 -1.227948358441724e-11 -1.224391253691469e-06 -1.911198603960591e-06 
 1.244514611771516e+06  1.000000000000000e+00  0.000000000000000e+00  1.767759585598100e-11 -1.132785911175048e-11 -1.333581621374850e-06 -2.003621873229996e-06 
 1.258925411794300e+06  1.000000000000000e+00  0.000000000000000e+00  1.733559575860216e-11 -1.200179000753011e-11 -1.453750905563911e-06 -2.100371080360227e-06 
 1.273503081016796e+06  1.000000000000000e+00  0.000000000000000e+00  1.749258243354347e-11 -1.179218333901113e-11 -1.586201323648209e-06 -2.201521551211432e-06 
 1.288249551693270e+06  1.000000000000000e+00  0.000000000000000e+00  1.733852113744560e-11 -1.219545394346509e-11 -1.732420622818312e-06 -2.307102801563001e-06 
 1.303166778452437e+06  1.000000000000000e+00  0.000000000000000e+00  1.704741896759354e-11 -1.283621983467166e-11 -1.894113074718374e-06 -2.417080124066294e-06 
 1.318256738556546e+06  1.000000000000000e+00  0.000000000000000e+00  1.710189136251103e-11 -1.490798707456931e-11 -2.073236188920024e-06 -2.531329836835435e-06 
 1.333521432163465e+06  1.000000000000000e+00  0.000000000000000e+00  1.664259130143615e-11 -1.571597028676621e-11 -2.272044100999693e-06 -2.649606022113814e-06 
 1.348962882591796e+06  1.000000000000000e+00  0.000000000000000e+00  1.621991353484590e-11 -1.644792904188162e-11 -2.493138716077126e-06 -2.771495736000674e-06 
 1.364583136589069e+06  1.000000000000000e+00  0.000000000000000e+00  1.583879216984199e-11 -1.715334257513534e-11 -2.739529756227797e-06 -2.896358377134728e-06 
 1.380384264603031e+06  1.000000000000000e+00  0.000000000000000e+00  1.520505780363892e-11 -1.809668272337664e-11 -3.014704457355709e-06 -3.023243728078259e-06 
 1.396368361056086e+06  1.000000000000000e+00  0.000000000000000e+00  1.484834005881529e-11 -1.878432455502599e-11 -3.322707627525579e-06 -3.150780284113931e-06 
 1.412537544622904e+06  1.000000000000000e+00  0.000000000000000e+00  1.419675332678974e-11 -1.972844484051699e-11 -3.668231144842038e-06 -3.277023251002937e-06 
 1.428893958511255e+06  1.000000000000000e+00  0.000000000000000e+00  1.328823399023184e-11 -2.235273339307956e-11 -4.056710402976267e-06 -3.399246705977044e-06 
 1.445439770746081e+06  1.000000000000000e+00  0.000000000000000e+00  1.304913280058553e-11 -2.003053851985657e-11 -4.494420814226543e-06 -3.513659264679046e-06 
 1.462177174456874e+06  1.000000000000000e+00  0.000000000000000e+00  1.260759561122005e-11 -2.091585225210622e-11 -4.988560883434003e-06 -3.615014677313155e-06 
 1.479108388168365e+06  1.000000000000000e+00  0.000000000000000e+00  1.168614339361161e-11 -2.189349271113187e-11 -5.547295043153799e-06 -3.696080162219370e-06 
 1.496235656094593e+06  1.000000000000000e+00  0.000000000000000e+00  1.065246654330631e-11 -2.308987062387845e-11 -6.179708403743113e-06 -3.746914536418155e-06 
 1.513561248436369e+06  1.000000000000000e+00  0.000000000000000e+00  1.007751966659756e-11 -2.412552228576049e-11 -6.895588677774971e-06 -3.753899280470081e-06 
 1.531087461682193e+06  1.000000000000000e+00  0.000000000000000e+00  8.572833572924863e-12 -2.548700195518526e-11 -7.704890048872264e-06 -3.698466412047610e-06 
 1.548816618912647e+06  1.000000000000000e+00  0.000000000000000e+00  5.015654704038737e-12 -3.009750647044887e-11 -8.616639907763305e-06 -3.555491036024428e-06 
 1.566751070108316e+06  1.000000000000000e+00  0.000000000000000e+00  2.795442290192199e-12 -3.134693241597917e-11 -9.636910592009280e-06 -3.291401391609537e-06 
 1.584893192461283e+06  1.000000000000000e+00  0.000000000000000e+00  1.782569002752336e-12 -3.097604123157967e-11 -1.076530397718641e-05 -2.862267888123116e-06 
 1.603245390690213e+06  1.000000000000000e+00  0.000000000000000e+00 -9.997458115811216e-13 -3.205895791171255e-11 -1.198924572949384e-05 -2.212576258456681e-06 
 1.621810097359103e+06  1.000000000000000e+00  0.000000000000000e+00 -4.429911019376820e-12 -3.283471871644659e-11 -1.327545904642016e-05 -1.276197440960104e-06 
 1.640589773199715e+06  1.000000000000000e+00  0.000000000000000e+00 -1.014507057632834e-11 -3.431240995526012e-11 -1.455874940301034e-05  1.772168467102522e-08 
 1.659586907437738e+06  1.000000000000000e+00  0.000000000000000e+00 -1.441242149225180e-11 -3.377939178135644e-11 -1.573048033484759e-05  1.730082443102356e-06 
 1.678804018122740e+06  1.000000000000000e+00  0.000000000000000e+00 -1.461544462386978e-11 -3.093133921771316e-11 -1.663350733643764e-05  3.885122329969687e-06 
 1.698243652461926e+06  1.000000000000000e+00  0.000000000000000e+00 -1.901688958825328e-11 -2.883845742553294e-11 -1.707551685491829e-05  6.434048395398560e-06 
 1.717908387157772e+06  1.000000000000000e+00  0.000000000000000e+00 -2.319684632299721e-11 -2.537263029005524e-11 -1.687237138200179e-05  9.224186323568997e-06 
 1.737800828749562e+06  1.000000000000000e+00  0.000000000000000e+00 -2.864532268274911e-11 -2.040114039888238e-11 -1.591739434181494e-05  1.200177471272958e-05 
 1.757923613958881e+06  1.000000000000000e+00  0.000000000000000e+00 -3.034099797543288e-11 -1.492458230500818e-11 -1.424323123502078e-05  1.446942024995690e-05 
 1.778279410039114e+06  1.000000000000000e+00  0.000000000000000e+00 -3.048479646851115e-11 -9.647467120831163e-12 -1.202935093406262e-05  1.638058458087344e-05 
 1.798870915128981e+06  1.000000000000000e+00  0.000000000000000e+00 -3.087152984522490e-11 -3.377457425605794e-12 -9.540845866337863e-06  1.761524289739162e-05 
 1.819700858610179e+06  1.000000000000000e+00  0.000000000000000e+00 -2.738265854568354e-11 -5.283441497077202e-13 -7.038084523827073e-06  1.819222416257814e-05 
 1.840772001469154e+06  1.000000000000000e+00  0.000000000000000e+00 -2.568937081017918e-11  4.127436646584812e-12 -4.711798050049468e-06  1.822532007367621e-05 
 1.862087136663068e+06  1.000000000000000e+00  0.000000000000000e+00 -2.267925950950731e-11  6.416566212283197e-12 -2.665377641822883e-06  1.786344277514007e-05 
 1.883649089490003e+06  1.000000000000000e+00  0.000000000000000e+00 -1.881555783711772e-11  5.547556653011073e-12 -9.307768688635012e-07  1.724668049275914e-05 
 1.905460717963452e+06  1.000000000000000e+00  0.000000000000000e+00 -1.643736002861654e-11  6.592560383640892e-12  5.048506830511365e-07  1.648608893672922e-05 
 1.927524913191144e+06  1.000000000000000e+00  0.000000000000000e+00 -1.424574162573672e-11  7.244960677259748e-12  1.676158892814717e-06  1.566053984354786e-05 
 1.949844599758256e+06  1.000000000000000e+00  0.000000000000000e+00 -1.244680685821785e-11  9.409476194020025e-12  2.624564346252239e-06  1.482165998980235e-05 
 1.972422736115067e+06  1.000000000000000e+00  0.000000000000000e+00 -1.056728156127257e-11  8.494676616378001e-12  3.390152820864792e-06  1.400087605879059e-05 
 1.995262314969095e+06  1.000000000000000e+00  0.000000000000000e+00 -9.006032032091648e-12  8.341089813949389e-12  4.008163811598058e-06  1.321578574816953e-05 
 2.018366363681779e+06  1.000000000000000e+00  0.000000000000000e+00 -7.661779921412073e-12  8.081687608626348e-12  4.508021481540765e-06  1.247502569083306e-05 
 2.041737944669750e+06  1.000000000000000e+00  0.000000000000000e+00 -6.498939383745234e-12  7.748744757684256e-12  4.913589518687762e-06  1.178167950330460e-05 
 2.065380155810753e+06  1.000000000000000e+00  0.000000000000000e+00 -5.615927699004902e-12  6.876218775012924e-12  5.243906076496410e-06  1.113554124344569e-05 
 2.089296130854266e+06  1.000000000000000e+00  0.000000000000000e+00 -4.774186167419133e-12  6.551790875239036e-12  5.514026960853487e-06  1.053456609577883e-05 
 2.113489039836876e+06  1.000000000000000e+00  0.000000000000000e+00 -3.674373610549567e-12  7.073019932943227e-12  5.735811041243696e-06  9.975774315182812e-06 
 2.137962089502464e+06  1.000000000000000e+00  0.000000000000000e+00 -3.409999276086364e-12  5.870798079854423e-12  5.918590729525945e-06  9.455800250320310e-06 
 2.162718523727255e+06  1.000000000000000e+00  0.000000000000000e+00 -2.856153302994784e-12  5.531435613638936e-12  6.069718245871465e-06  8.971215359200177e-06 
 2.187761623949790e+06  1.000000000000000e+00  0.000000000000000e+00 -2.180962427494914e-12  5.506557383534142e-12  6.194999030497460e-06  8.518710025349207e-06 
 2.213094709605878e+06  1.000000000000000e+00  0.000000000000000e+00 -2.137515151485255e-12  4.620545087966293e-12  6.299031582642436e-06  8.095188564628294e-06 
 2.238721138568582e+06  1.000000000000000e+00  0.000000000000000e+00 -1.768538148467656e-12  4.345248802361200e-12  6.385471236992181e-06  7.697811815185169e-06 
 2.264644307593306e+06  1.000000000000000e+00  0.000000000000000e+00 -1.085117412760836e-12  4.495158033372389e-12  6.457234695853995e-06  7.324008738475118e-06 
 2.290867652768022e+06  1.000000000000000e+00  0.000000000000000e+00 -9.870024541525318e-13  4.006255564583685e-12  6.516658325436484e-06  6.971470394107557e-06 
 2.317394649968730e+06  1.000000000000000e+00  0.000000000000000e+00 -7.456637532841817e-13  3.742581696721708e-12  6.565621205830666e-06  6.638134579467162e-06 
 2.344228815320177e+06  1.000000000000000e+00  0.000000000000000e+00 -5.363017574317960e-13  3.489211682272317e-12  6.605640161522335e-06  6.322166058984295e-06 
 2.371373705661913e+06  1.000000000000000e+00  0.000000000000000e+00 -2.008705820357197e-13  3.372289979985358e-12  6.637944574751861e-06  6.021935126538943e-06 
 2.398832919019752e+06  1.000000000000000e+00  0.000000000000000e+00 -4.887225522144439e-14  3.130803904701548e-12  6.663534537856478e-06  5.735996554201674e-06 
 2.426610095082680e+06  1.000000000000000e+00  0.000000000000000e+00  8.515205108681947e-14  2.898507479597880e-12  6.683226684949645e-06  5.463069521206878e-06 
 2.454708915685298e+06  1.000000000000000e+00  0.000000000000000e+00  1.963580394202108e-13  2.682625349378182e-12  6.697690400495745e-06  5.202019211617498e-06 
 2.483133105295841e+06  1.000000000000000e+00  0.000000000000000e+00  2.997360982326521e-13  2.475475669752819e-12  6.707476503850024e-06  4.951840015343389e-06 
 2.511886431509854e+06  1.000000000000000e+00  0.000000000000000e+00  3.828344179889658e-13  2.284776712510356e-12  6.713040208710608e-06  4.711640504443808e-06 
 2.540972705549582e+06  1.000000000000000e+00  0.000000000000000e+00  3.393777246669992e-13  2.058043201698769e-12  6.714759212009884e-06  4.480630218626579e-06 
 2.570395782769145e+06  1.000000000000000e+00  0.000000000000000e+00  5.099577300355144e-13  1.937349034046272e-12  6.712948501639067e-06  4.258107739198524e-06 
 2.600159563165556e+06  1.000000000000000e+00  0.000000000000000e+00  5.542526725730722e-13  1.779951769201142e-12  6.707872175008444e-06  4.043450349909513e-06 
 2.630267991895670e+06  1.000000000000000e+00  0.000000000000000e+00  5.871600414873051e-13  1.636096410565955e-12  6.699752949711428e-06  3.836104786383015e-06 
 2.660725059799101e+06  1.000000000000000e+00  0.000000000000000e+00  5.266136088804369e-13  1.478785941186930e-12  6.688779942354654e-06  3.635579241072357e-06 
 2.691534803927210e+06  1.000000000000000e+00  0.000000000000000e+00  5.544281269777664e-13  1.353688793783619e-12  6.675115051186983e-06  3.441436154393860e-06 
 2.722701308078210e+06  1.000000000000000e+00  0.000000000000000e+00  5.766687430716231e-13  1.236616362830728e-12  6.658897988131709e-06  3.253286066812675e-06 
 2.754228703338468e+06  1.000000000000000e+00  0.000000000000000e+00  5.813778193537516e-13  1.139321302469213e-12  6.640250632309424e-06  3.070781954307806e-06 
 2.786121168630076e+06  1.000000000000000e+00  0.000000000000000e+00  5.917968370599126e-13  1.038154156773717e-12  6.619280356933719e-06  2.893614514608102e-06 
 2.818382931264763e+06  1.000000000000000e+00  0.000000000000000e+00  5.383062405726825e-13  9.379609922414121e-13  6.596082909218950e-06  2.721507790935316e-06 
 2.851018267504222e+06  1.000000000000000e+00  0.000000000000000e+00  6.079730589344970e-13  8.443112313420297e-13  6.570744785533549e-06  2.554215336698435e-06 
 2.884031503126923e+06  1.000000000000000e+00  0.000000000000000e+00  6.080759768257202e-13  7.602093816781600e-13  6.543345041112178e-06  2.391516940842436e-06 
 2.917427014001487e+06  1.000000000000000e+00  0.000000000000000e+00  5.553146968818997e-13  6.858611189430224e-13  6.513956950355210e-06  2.233215514405823e-06 
 2.951209226666710e+06  1.000000000000000e+00  0.000000000000000e+00  5.993422946454804e-13  6.074761872900552e-13  6.482649196972423e-06  2.079134583970784e-06 
 2.985382618918288e+06  1.000000000000000e+00  0.000000000000000e+00  6.321926675597256e-13  5.325592338339112e-13  6.449486982042430e-06  1.929115840399742e-06 
 3.019951720402348e+06  1.000000000000000e+00  0.000000000000000e+00  5.802559835074196e-13  4.754812757851732e-13  6.414532862015254e-06  1.783017038204867e-06 
 3.054921113215849e+06  1.000000000000000e+00  0.000000000000000e+00  6.386718385666752e-13  3.990654746589730e-13  6.377847408195620e-06  1.640710213153938e-06 
 3.090295432513931e+06  1.000000000000000e+00  0.000000000000000e+00  6.185941558319833e-13  3.445239654528757e-13  6.339489820338969e-06  1.502079885903615e-06 
 3.126079367124300e+06  1.000000000000000e+00  0.000000000000000e+00  5.373884016002684e-13  3.169162919542328e-13  6.299518296076702e-06  1.367021690380310e-06 
 3.162277660168728e+06  1.000000000000000e+00  0.000000000000000e+00  5.780712017804134e-13  2.450733784000445e-13  6.257990439146047e-06  1.235440977549013e-06 
 3.198895109691751e+06  1.000000000000000e+00  0.000000000000000e+00  5.360063360567162e-13  1.962963265054980e-13  6.214963485062065e-06  1.107251645416231e-06 
 3.235936569296639e+06  1.000000000000000e+00  0.000000000000000e+00  4.704700213461446e-13  1.792192414693119e-13  6.170494534045611e-06  9.823750577546532e-07 
 3.273406948788743e+06  1.000000000000000e+00  0.000000000000000e+00  4.521928926410571e-13  1.522842193863358e-13  6.124640664575607e-06  8.607391603099269e-07 
 3.311311214826277e+06  1.000000000000000e+00  0.000000000000000e+00  4.743120221874209e-13  9.494851249400099e-14  6.077459070320481e-06  7.422775154596616e-07 
 3.349654391578647e+06  1.000000000000000e+00  0.000000000000000e+00  4.201779830510398e-13  8.383616708617243e-14  6.029007103572484e-06  6.269286722861175e-07 
 3.388441561392400e+06  1.000000000000000e+00  0.000000000000000e+00  4.334774599611493e-13  3.747261042570904e-14  5.979342303972117e-06  5.146353641380887e-07 
 3.427677865464883e+06  1.000000000000000e+00  0.000000000000000e+00  3.993993686940336e-13  2.226398848572851e-14  5.928522411314280e-06  4.053440069979174e-07 
 3.467368504525701e+06  1.000000000000000e+00  0.000000000000000e+00  3.941894968873352e-13 -2.099489336747793e-14  5.876605350061791e-06  2.990040898556849e-07 
 3.507518739526069e+06  1.000000000000000e+00  0.000000000000000e+00  3.740084261581343e-13 -4.443077424975697e-14  5.823649182059909e-06  1.955676995756183e-07 
 3.548133892336148e+06  1.000000000000000e+00  0.000000000000000e+00  3.546229565356304e-13 -6.273006034412793e-14  5.769712074072831e-06  9.498913740619025e-08 
 3.589219346450450e+06  1.000000000000000e+00  0.000000000000000e+00  3.256628771991163e-13 -7.378803521289317e-14  5.714852236241140e-06 -2.775514225266206e-09 
 3.630780547701417e+06  1.000000000000000e+00  0.000000000000000e+00  3.079070600036141e-13 -8.826148279140353e-14  5.659127836875140e-06 -9.776872735963211e-08 
 3.672823004981255e+06  1.000000000000000e+00  0.000000000000000e+00  2.902848995249910e-13 -1.029632330556717e-13  5.602596953251167e-06 -1.900317651331653e-07 
 3.715352290972138e+06  1.000000000000000e+00  0.000000000000000e+00  2.794277006637870e-13 -1.255946572341391e-13  5.545317469825450e-06 -2.796050384832723e-07 
 3.758374042884860e+06  1.000000000000000e+00  0.000000000000000e+00  2.631401015799353e-13 -1.308895162504189e-13  5.487347005153726e-06 -3.665282706133711e-07 
 3.801893963206035e+06  1.000000000000000e+00  0.000000000000000e+00  2.460586954051687e-13 -1.405833705745293e-13  5.428742825841565e-06 -4.508407231577252e-07 
 3.845917820453964e+06  1.000000000000000e+00  0.000000000000000e+00  2.287309373209898e-13 -1.528432751075673e-13  5.369561767004891e-06 -5.325813529652877e-07 
 3.890451449943240e+06  1.000000000000000e+00  0.000000000000000e+00  2.161676692613817e-13 -1.678828683406705e-13  5.309860122482294e-06 -6.117889993023584e-07 
 3.935500754558214e+06  1.000000000000000e+00  0.000000000000000e+00  1.936323212772643e-13 -1.638398460404619e-13  5.249693594297789e-06 -6.885024862690922e-07 
 3.981071705535417e+06  1.000000000000000e+00  0.000000000000000e+00  1.814779693843716e-13 -1.762669370366563e-13  5.189117178753701e-06 -7.627607350261074e-07 
 4.027170343255041e+06  1.000000000000000e+00  0.000000000000000e+00  1.689477991371775e-13 -1.766540125647058e-13  5.128185099273324e-06 -8.346028741413157e-07 
 4.073802778041583e+06  1.000000000000000e+00  0.000000000000000e+00  1.511616928905144e-13 -1.789257505881980e-13  5.066950731026310e-06 -9.040682763294158e-07 
 4.120975190973763e+06  1.000000000000000e+00  0.000000000000000e+00  1.395305117445262e-13 -1.879243608515372e-13  5.005466500987384e-06 -9.711966883586642e-07 
 4.168693834703820e+06  1.000000000000000e+00  0.000000000000000e+00  1.263953566850852e-13 -1.834287908704672e-13  4.943783859284415e-06 -1.036028196137434e-06 
 4.216965034286294e+06  1.000000000000000e+00  0.000000000000000e+00  1.166164671881527e-13 -1.942731288069165e-13  4.881953150651590e-06 -1.098603329774740e-06 
 4.265795188016404e+06  1.000000000000000e+00  0.000000000000000e+00  1.052705938438541e-13 -1.829063496306885e-13  4.820023603437303e-06 -1.158963055639667e-06 
 4.315190768278136e+06  1.000000000000000e+00  0.000000000000000e+00  9.106123329477101e-14 -1.978823753704409e-13  4.758043228427507e-06 -1.217148802311358e-06 
 4.365158322402149e+06  1.000000000000000e+00  0.000000000000000e+00  7.974267761005427e-14 -1.977573645306127e-13  4.696058787874671e-06 -1.273202442782536e-06 
 4.415704473533621e+06  1.000000000000000e+00  0.000000000000000e+00  6.885545058383721e-14 -1.937736326308877e-13  4.634115720138892e-06 -1.327166342920225e-06 
 4.466835921510133e+06  1.000000000000000e+00  0.000000000000000e+00  6.262477447965646e-14 -1.923899858885812e-13  4.572258097993934e-06 -1.379083308534482e-06 
 4.518559443749731e+06  1.000000000000000e+00  0.000000000000000e+00  5.297751305569434e-14 -1.912255237444534e-13  4.510528591296138e-06 -1.428996581589434e-06 
 4.570881896149265e+06  1.000000000000000e+00  0.000000000000000e+00  4.077315064352979e-14 -1.925319746568042e-13  4.448968407796047e-06 -1.476949844847694e-06 
 4.623810213993124e+06  1.000000000000000e+00  0.000000000000000e+00  3.395461419219677e-14 -1.886820942915361e-13  4.387617274689410e-06 -1.522987153271388e-06 
 4.677351412872509e+06  1.000000000000000e+00  0.000000000000000e+00  2.326718275647921e-14 -1.907410391098323e-13  4.326513376670387e-06 -1.567152948585134e-06 
 4.731512589615338e+06  1.000000000000000e+00  0.000000000000000e+00  1.629313190306325e-14 -1.852515778208712e-13  4.265693352322348e-06 -1.609491999403711e-06 
 4.786300923226924e+06  1.000000000000000e+00  0.000000000000000e+00  9.850077533951531e-15 -1.801303471650700e-13  4.205192267886832e-06 -1.650049352336584e-06 
 4.841723675841540e+06  1.000000000000000e+00  0.000000000000000e+00  2.469567756400223e-15 -1.791324025927682e-13  4.145043578292972e-06 -1.688870337442485e-06 
 4.897788193685016e+06  1.000000000000000e+00  0.000000000000000e+00 -6.016486882808557e-15 -1.772535024624657e-13  4.085279117291626e-06 -1.726000475751127e-06 
 4.954501908048463e+06  1.000000000000000e+00  0.000000000000000e+00 -1.090554241963554e-14 -1.730051782223256e-13  4.025929078457644e-06 -1.761485477133577e-06 
 5.011872336273290e+06  1.000000000000000e+00  0.000000000000000e+00 -1.629489966082417e-14 -1.694454697454467e-13  3.967022029400393e-06 -1.795371147156677e-06 
 5.069907082747618e+06  1.000000000000000e+00  0.000000000000000e+00 -2.337777815433631e-14 -1.669491228306608e-13  3.908584865653401e-06 -1.827703389039521e-06 
 5.128613839914230e+06  1.000000000000000e+00  0.000000000000000e+00 -2.603650107335263e-14 -1.621862855791283e-13  3.850642838607666e-06 -1.858528112514710e-06 
 5.188000389290200e+06  1.000000000000000e+00  0.000000000000000e+00 -3.196242107585839e-14 -1.591096234749260e-13  3.793219531083369e-06 -1.887891220190805e-06 
 5.248074602498322e+06  1.000000000000000e+00  0.000000000000000e+00 -3.755541308437995e-14 -1.550892529533093e-13  3.736336889185156e-06 -1.915838525735420e-06 
 5.308844442310487e+06  1.000000000000000e+00  0.000000000000000e+00 -4.196989427206871e-14 -1.514818560979835e-13  3.680015202446825e-06 -1.942415728727109e-06 
 5.370317963703138e+06  1.000000000000000e+00  0.000000000000000e+00 -4.448466732983095e-14 -1.479734854410047e-13  3.624273128820540e-06 -1.967668335450890e-06 
 5.432503314924950e+06  1.000000000000000e+00  0.000000000000000e+00 -4.847992523038572e-14 -1.437605290615773e-13  3.569127710383600e-06 -1.991641637935038e-06 
 5.495408738576870e+06  1.000000000000000e+00  0.000000000000000e+00 -5.333144916083634e-14 -1.417547037969858e-13  3.514594361708822e-06 -2.014380646375910e-06 
 5.559042572704668e+06  1.000000000000000e+00  0.000000000000000e+00 -5.642360307412742e-14 -1.372615734825621e-13  3.460686922595568e-06 -2.035930044570669e-06 
 5.623413251904131e+06  1.000000000000000e+00  0.000000000000000e+00 -6.044243220753838e-14 -1.339858865878423e-13  3.407417657252167e-06 -2.056334142112590e-06 
 5.688529308439062e+06  1.000000000000000e+00  0.000000000000000e+00 -6.444469803518226e-14 -1.304421832220182e-13  3.354797295141312e-06 -2.075636818231720e-06 
 5.754399373372225e+06  1.000000000000000e+00  0.000000000000000e+00 -6.613354154805457e-14 -1.261521722553790e-13  3.302835037050890e-06 -2.093881482267580e-06 
 5.821032177709378e+06  1.000000000000000e+00  0.000000000000000e+00 -6.911273091233508e-14 -1.229101303563572e-13  3.251538599118372e-06 -2.111111026510073e-06 
 5.888436553556562e+06  1.000000000000000e+00  0.000000000000000e+00 -7.086872635023275e-14 -1.188299997544875e-13  3.200914226256603e-06 -2.127367783993293e-06 
 5.956621435290786e+06  1.000000000000000e+00  0.000000000000000e+00 -7.316208457206624e-14 -1.155894151756514e-13  3.150966749480410e-06 -2.142693479796255e-06 
 6.025595860744267e+06  1.000000000000000e+00  0.000000000000000e+00 -7.496821377252954e-14 -1.120711160219813e-13  3.101699599102393e-06 -2.157129182964473e-06 
 6.095368972402389e+06  1.000000000000000e+00  0.000000000000000e+00 -7.595943840894436e-14 -1.084728450996292e-13  3.053114843471202e-06 -2.170715287870406e-06 
 6.165950018615528e+06  1.000000000000000e+00  0.000000000000000e+00 -7.684787644424282e-14 -1.044895485748391e-13  3.005213239544954e-06 -2.183491454562314e-06 
 6.237348354824907e+06  1.000000000000000e+00  0.000000000000000e+00 -7.955445503071311e-14 -1.014383071999334e-13  2.957994258543530e-06 -2.195496580882487e-06 
 6.309573444802656e+06  1.000000000000000e+00  0.000000000000000e+00 -8.040607804950858e-14 -9.808825504760942e-14  2.911456137167139e-06 -2.206768762811310e-06 
 6.382634861906219e+06  1.000000000000000e+00  0.000000000000000e+00 -8.133611090823138e-14 -9.434223870936659e-14  2.865595911130693e-06 -2.217345274163048e-06 
 6.456542290347297e+06  1.000000000000000e+00  0.000000000000000e+00 -8.246594825129963e-14 -9.149542746573125e-14  2.820409453605022e-06 -2.227262517272199e-06 
 6.531305526475474e+06  1.000000000000000e+00  0.000000000000000e+00 -8.341865660553690e-14 -8.819489921225087e-14  2.775891545867296e-06 -2.236556005111558e-06 
 6.606934480076720e+06  1.000000000000000e+00  0.000000000000000e+00 -8.419097447057980e-14 -8.521946770964086e-14  2.732035888497537e-06 -2.245260332477443e-06 
 6.683439175686915e+06  1.000000000000000e+00  0.000000000000000e+00 -8.487962623274117e-14 -8.196638600670094e-14  2.688835177435452e-06 -2.253409146834075e-06 
 6.760829753920596e+06  1.000000000000000e+00  0.000000000000000e+00 -8.545753606034557e-14 -7.886366027519518e-14  2.646281116564033e-06 -2.261035134100327e-06 
 6.839116472815081e+06  1.000000000000000e+00  0.000000000000000e+00 -8.517821720510957e-14 -7.583492329514855e-14  2.604364505734486e-06 -2.268169986682625e-06 
 6.918309709190163e+06  1.000000000000000e+00  0.000000000000000e+00 -8.583483291065637e-14 -7.279508679536111e-14  2.563075260586671e-06 -2.274844393636635e-06 
 6.998419960023543e+06  1.000000000000000e+00  0.000000000000000e+00 -8.574259398731569e-14 -6.985602053475909e-14  2.522402455350495e-06 -2.281088011797929e-06 
 7.079457843842197e+06  1.000000000000000e+00  0.000000000000000e+00 -8.645194299954323e-14 -6.717081047196566e-14  2.482334401645915e-06 -2.286929470223666e-06 
 7.161434102129849e+06  1.000000000000000e+00  0.000000000000000e+00 -8.663893018133082e-14 -6.447875341834310e-14  2.442858670019924e-06 -2.292396336595488e-06 
 7.244359600750739e+06  1.000000000000000e+00  0.000000000000000e+00 -8.676733571745337e-14 -6.165936613692453e-14  2.403962149995052e-06 -2.297515126549579e-06 
 7.328245331389889e+06  1.000000000000000e+00  0.000000000000000e+00 -8.690543808675608e-14 -5.900470262330793e-14  2.365631088164039e-06 -2.302311275209142e-06 
 7.413102413010034e+06  1.000000000000000e+00  0.000000000000000e+00 -8.672285928794246e-14 -5.669427075835664e-14  2.327851149492600e-06 -2.306809145357030e-06 
 7.498942093325428e+06  1.000000000000000e+00  0.000000000000000e+00 -8.677297992149740e-14 -5.411027689759536e-14  2.290607464051781e-06 -2.311032019432667e-06 
 7.585775750292717e+06  1.000000000000000e+00  0.000000000000000e+00 -8.664424954823958e-14 -5.169666244362486e-14  2.253884659211437e-06 -2.315002088232522e-06 
 7.673614893619080e+06  1.000000000000000e+00  0.000000000000000e+00 -8.670485052045089e-14 -4.918077596105346e-14  2.217666922620540e-06 -2.318740467808982e-06 
 7.762471166287819e+06  1.000000000000000e+00  0.000000000000000e+00 -8.635506487675044e-14 -4.677238346520278e-14  2.181938044263543e-06 -2.322267180700844e-06 
 7.852356346101630e+06  1.000000000000000e+00  0.000000000000000e+00 -8.596742236602188e-14 -4.464659250077519e-14  2.146681459535860e-06 -2.325601171209153e-06 
 7.943282347243738e+06  1.000000000000000e+00  0.000000000000000e+00 -8.579724328252312e-14 -4.237389087142639e-14  2.111880292945536e-06 -2.328760311396740e-06 
 8.035261221857107e+06  1.000000000000000e+00  0.000000000000000e+00 -8.533551122341470e-14 -4.022111216674985e-14  2.077517414382865e-06 -2.331761397478127e-06 
 8.128305161641939e+06  1.000000000000000e+00  0.000000000000000e+00 -8.505735619144823e-14 -3.804435311230360e-14  2.043575461864625e-06 -2.334620163212130e-06 
 8.222426499471669e+06  1.000000000000000e+00  0.000000000000000e+00 -8.479092748360354e-14 -3.592608845912884e-14  2.010036902855985e-06 -2.337351295162130e-06 
 8.317637711027679e+06  1.000000000000000e+00  0.000000000000000e+00 -8.437384973092495e-14 -3.392583921242912e-14  1.976884070661852e-06 -2.339968435521400e-06 
 8.413951416452931e+06  1.000000000000000e+00  0.000000000000000e+00 -8.401768592913167e-14 -3.182773309636606e-14  1.944099198663872e-06 -2.342484191302075e-06 
 8.511380382024758e+06  1.000000000000000e+00  0.000000000000000e+00 -8.346902923139364e-14 -2.993490795616892e-14  1.911664463500473e-06 -2.344910167700269e-06 
 8.609937521847012e+06  1.000000000000000e+00  0.000000000000000e+00 -8.306807602141545e-14 -2.796999777106160e-14  1.879562031486461e-06 -2.347256958962324e-06 
 8.709635899561824e+06  1.000000000000000e+00  0.000000000000000e+00 -8.257471638733126e-14 -2.609456899353517e-14  1.847774078297578e-06 -2.349534182249252e-06 
 8.810488730081171e+06  1.000000000000000e+00  0.000000000000000e+00 -8.174055897614994e-14 -2.429392263733946e-14  1.816282843209426e-06 -2.351750486790320e-06 
 8.912509381338498e+06  1.000000000000000e+00  0.000000000000000e+00 -8.120202855729634e-14 -2.239909426422207e-14  1.785070653186765e-06 -2.353913570022348e-06 
 9.015711376060624e+06  1.000000000000000e+00  0.000000000000000e+00 -8.058217831682511e-14 -2.069949936215026e-14  1.754119957880780e-06 -2.356030216849414e-06 
 9.120108393560166e+06  1.000000000000000e+00  0.000000000000000e+00 -8.005570160032741e-14 -1.903374893203543e-14  1.723413362125130e-06 -2.358106292983271e-06 
 9.225714271548713e+06  1.000000000000000e+00  0.000000000000000e+00 -7.946937374753496e-14 -1.733891816677545e-14  1.692933658134484e-06 -2.360146783163143e-06 
 9.332543007971006e+06  1.000000000000000e+00  0.000000000000000e+00 -7.887768354091168e-14 -1.571102756830404e-14  1.662663855359626e-06 -2.362155813502141e-06 
 9.440608762860343e+06  1.000000000000000e+00  0.000000000000000e+00 -7.823455641153344e-14 -1.416869746190068e-14  1.632587202524737e-06 -2.364136666523615e-06 
 9.549925860215481e+06  1.000000000000000e+00  0.000000000000000e+00 -7.766091562998320e-14 -1.255034487793183e-14  1.602687225168467e-06 -2.366091816029732e-06 
 9.660508789899269e+06  1.000000000000000e+00  0.000000000000000e+00 -7.764254221480783e-14 -1.099019912754887e-14  1.572947739676273e-06 -2.368022937780341e-06 
 9.772372209559256e+06  1.000000000000000e+00  0.000000000000000e+00 -7.692037251189065e-14 -9.552656314083287e-15  1.543352885278864e-06 -2.369930950096276e-06 
 9.885530946570551e+06  1.000000000000000e+00  0.000000000000000e+00 -7.628990916034857e-14 -8.002104905893877e-15  1.513887140748196e-06 -2.371816028788448e-06 
 1.000000000000118e+07  1.000000000000000e+00  0.000000000000000e+00 -7.561541343631818e-14 -6.539915551245562e-15  1.484535351284211e-06 -2.373677631085732e-06 
 1.011579454260018e+07  1.000000000000000e+00  0.000000000000000e+00 -7.495230416443949e-14 -5.053000457833946e-15  1.455282745378508e-06 -2.375514535390879e-06 
 1.023292992280875e+07  1.000000000000000e+00  0.000000000000000e+00 -7.424628377993643e-14 -3.665666792866283e-15  1.426114950457647e-06 -2.377324849096485e-06 
 1.035142166679466e+07  1.000000000000000e+00  0.000000000000000e+00 -7.351035572085701e-14 -2.300948060557362e-15  1.397018014944413e-06 -2.379106054508020e-06 
 1.047128548051023e+07  1.000000000000000e+00  0.000000000000000e+00 -7.257385153041718e-14 -9.123548575971311e-16  1.367978423323048e-06 -2.380855021282323e-06 
 1.059253725177414e+07  1.000000000000000e+00  0.000000000000000e+00 -7.182562031777888e-14  3.732353273287140e-16  1.338983106792181e-06 -2.382568036740969e-06 
 1.071519305237733e+07  1.000000000000000e+00  0.000000000000000e+00 -7.110257435927777e-14  1.637700087033563e-15  1.310019460844120e-06 -2.384240835898392e-06 
 1.083926914021332e+07  1.000000000000000e+00  0.000000000000000e+00 -7.035681817691136e-14  2.900131544148529e-15  1.281075354956137e-06 -2.385868624835728e-06 
 1.096478196143315e+07  1.000000000000000e+00  0.000000000000000e+00 -6.963899989400246e-14  4.177476286849327e-15  1.252139144556152e-06 -2.387446114957198e-06 
 1.109174815262532e+07  1.000000000000000e+00  0.000000000000000e+00 -6.889929682083536e-14  5.429697608818089e-15  1.223199677957814e-06 -2.388967536575190e-06 
 1.122018454302096e+07  1.000000000000000e+00  0.000000000000000e+00 -6.815896334339726e-14  6.613120797228488e-15  1.194246309498494e-06 -2.390426671030033e-06 
 1.135010815672449e+07  1.000000000000000e+00  0.000000000000000e+00 -6.735214201476444e-14  7.819236421812304e-15  1.165268902475155e-06 -2.391816885944953e-06 
 1.148153621497019e+07  1.000000000000000e+00  0.000000000000000e+00 -6.660793018521910e-14  8.983972792856853e-15  1.136257836659082e-06 -2.393131147651734e-06 
 1.161448613840480e+07  1.000000000000000e+00  0.000000000000000e+00 -6.583315528935446e-14  1.007298865358160e-14  1.107204015893644e-06 -2.394362052915985e-06 
 1.174897554939669e+07  1.000000000000000e+00  0.000000000000000e+00 -6.502406179484063e-14  1.124838959294856e-14  1.078098865582914e-06 -2.395501854821822e-06 
 1.188502227437159e+07  1.000000000000000e+00  0.000000000000000e+00 -6.404881579970105e-14  1.234298613024629e-14  1.048934345686437e-06 -2.396542482082783e-06 
 1.202264434617556e+07  1.000000000000000e+00  0.000000000000000e+00 -6.322229671987983e-14  1.343906158706993e-14  1.019702944697955e-06 -2.397475572490743e-06 
 1.216186000646512e+07  1.000000000000000e+00  0.000000000000000e+00 -6.241239557945079e-14  1.449406483979769e-14  9.903976832513469e-07 -2.398292485805002e-06 
 1.230268770812528e+07  1.000000000000000e+00  0.000000000000000e+00 -6.161771329174330e-14  1.551190028679992e-14  9.610121177152969e-07 -2.398984337779048e-06 
 1.244514611771533e+07  1.000000000000000e+00  0.000000000000000e+00 -6.113467147186874e-14  1.651120942917981e-14  9.315403338621974e-07 -2.399542015428766e-06 
 1.258925411794317e+07  1.000000000000000e+00  0.000000000000000e+00 -6.032179798694866e-14  1.752472627870047e-14  9.019769535903073e-07 -2.399956200516094e-06 
 1.273503081016813e+07  1.000000000000000e+00  0.000000000000000e+00 -5.948648109354167e-14  1.848938923243882e-14  8.723171248102308e-07 -2.400217395141316e-06 
 1.288249551693287e+07  1.000000000000000e+00  0.000000000000000e+00 -5.859523556753953e-14  1.949441965886094e-14  8.425565262548835e-07 -2.400315938178833e-06 
 1.303166778452454e+07  1.000000000000000e+00  0.000000000000000e+00 -5.776283172631726e-14  2.042975155570176e-14  8.126913593870008e-07 -2.400242027361036e-06 
 1.318256738556564e+07  1.000000000000000e+00  0.000000000000000e+00 -5.670070852639312e-14  2.134582531145381e-14  7.827183474809179e-07 -2.399985743154434e-06 
 1.333521432163483e+07  1.000000000000000e+00  0.000000000000000e+00 -5.585200364198006e-14  2.226013723867558e-14  7.526347302987505e-07 -2.399537060837732e-06 
 1.348962882591814e+07  1.000000000000000e+00  0.000000000000000e+00 -5.496874140150580e-14  2.314008630977665e-14  7.224382584469206e-07 -2.398885876136161e-06 
 1.364583136589087e+07  1.000000000000000e+00  0.000000000000000e+00 -5.408748525268799e-14  2.402363357683767e-14  6.921271934468511e-07 -2.398022017572039e-06 
 1.380384264603049e+07  1.000000000000000e+00  0.000000000000000e+00 -5.319336637917054e-14  2.483835772286837e-14  6.617002946925426e-07 -2.396935268267525e-06 
 1.396368361056104e+07  1.000000000000000e+00  0.000000000000000e+00 -5.228494757780018e-14  2.572444270063936e-14  6.311568175467044e-07 -2.395615381524012e-06 
 1.412537544622923e+07  1.000000000000000e+00  0.000000000000000e+00 -5.138029637897921e-14  2.650539225493125e-14  6.004965095441638e-07 -2.394052097108911e-06 
 1.428893958511274e+07  1.000000000000000e+00  0.000000000000000e+00 -5.030205647140942e-14  2.727920725070841e-14  5.697196003412596e-07 -2.392235154908162e-06 
 1.445439770746100e+07  1.000000000000000e+00  0.000000000000000e+00 -4.939424149865134e-14  2.806410101391919e-14  5.388267930740602e-07 -2.390154315697387e-06 
 1.462177174456893e+07  1.000000000000000e+00  0.000000000000000e+00 -4.847414010123509e-14  2.878901044490426e-14  5.078192617692179e-07 -2.387799370247914e-06 
 1.479108388168385e+07  1.000000000000000e+00  0.000000000000000e+00 -4.784295846575374e-14  2.957284499341449e-14  4.766986467151205e-07 -2.385160154072501e-06 
 1.496235656094613e+07  1.000000000000000e+00  0.000000000000000e+00 -4.689590395056027e-14  3.029638138399206e-14  4.454670396567884e-07 -2.382226565425471e-06 
 1.513561248436390e+07  1.000000000000000e+00  0.000000000000000e+00 -4.594016009493783e-14  3.099784113134887e-14  4.141269780110472e-07 -2.378988573619617e-06 
 1.531087461682214e+07  1.000000000000000e+00  0.000000000000000e+00 -4.484962216894643e-14  3.165912271788562e-14  3.826814454506729e-07 -2.375436231771149e-06 
 1.548816618912667e+07  1.000000000000000e+00  0.000000000000000e+00 -4.385315360449471e-14  3.234176012260502e-14  3.511338538007080e-07 -2.371559693054505e-06 
 1.566751070108337e+07  1.000000000000000e+00  0.000000000000000e+00 -4.290729970556442e-14  3.299674063104714e-14  3.194880441003488e-07 -2.367349216493156e-06 
 1.584893192461304e+07  1.000000000000000e+00  0.000000000000000e+00 -4.193444250215477e-14  3.360452827531652e-14  2.877482710874790e-07 -2.362795184874588e-06 
 1.603245390690234e+07  1.000000000000000e+00  0.000000000000000e+00 -4.094991392588579e-14  3.421472911645262e-14  2.559192038720838e-07 -2.357888109447673e-06 
 1.621810097359125e+07  1.000000000000000e+00  0.000000000000000e+00 -3.996804590657392e-14  3.482419642705640e-14  2.240059105059632e-07 -2.352618644198015e-06 
 1.640589773199737e+07  1.000000000000000e+00  0.000000000000000e+00 -3.885940527184313e-14  3.534857504294375e-14  1.920138612423397e-07 -2.346977593246244e-06 
 1.659586907437761e+07  1.000000000000000e+00  0.000000000000000e+00 -3.786705630506995e-14  3.589690351541472e-14  1.599489056907000e-07 -2.340955924749887e-06 
 1.678804018122763e+07  1.000000000000000e+00  0.000000000000000e+00 -3.711100531073238e-14  3.648136302528376e-14  1.278172799307581e-07 -2.334544775195703e-06 
 1.698243652461949e+07  1.000000000000000e+00  0.000000000000000e+00 -3.610448332546460e-14  3.697797251302833e-14  9.562559376304245e-08 -2.327735463619569e-06 
 1.717908387157796e+07  1.000000000000000e+00  0.000000000000000e+00 -3.497566266016107e-14  3.747861726573361e-14  6.338082048411868e-08 -2.320519496639345e-06 
 1.737800828749586e+07  1.000000000000000e+00  0.000000000000000e+00 -3.396294585972887e-14  3.789150051125741e-14  3.109029377449702e-08 -2.312888581427954e-06 
 1.757923613958905e+07  1.000000000000000e+00  0.000000000000000e+00 -3.293977041324506e-14  3.836075210535508e-14 -1.238298199844275e-09 -2.304834629210001e-06 
 1.778279410039138e+07  1.000000000000000e+00  0.000000000000000e+00 -3.193102356958948e-14  3.875062188921845e-14 -3.359692682706200e-08 -2.296349769906445e-06 
 1.798870915129006e+07  1.000000000000000e+00  0.000000000000000e+00 -3.089812861132144e-14  3.920318905183758e-14 -6.597722134479050e-08 -2.287426355711449e-06 
 1.819700858610204e+07  1.000000000000000e+00  0.000000000000000e+00 -2.976849137978698e-14  3.956456422383884e-14 -9.837048176451547e-08 -2.278056971280481e-06 
 1.840772001469179e+07  1.000000000000000e+00  0.000000000000000e+00 -2.872284308980095e-14  3.997093590358061e-14 -1.307676828857353e-07 -2.268234443802737e-06 
 1.862087136663093e+07  1.000000000000000e+00  0.000000000000000e+00 -2.789738010124628e-14  4.034124600262598e-14 -1.631594829514938e-07 -2.257951847791678e-06 
 1.883649089490029e+07  1.000000000000000e+00  0.000000000000000e+00 -2.686297668979575e-14  4.065532878408319e-14 -1.955362277781622e-07 -2.247202515496521e-06 
 1.905460717963478e+07  1.000000000000000e+00  0.000000000000000e+00 -2.572350450577115e-14  4.093484372744648e-14 -2.278879609508211e-07 -2.235980045833992e-06 
 1.927524913191170e+07  1.000000000000000e+00  0.000000000000000e+00 -2.467372405819617e-14  4.121805215797627e-14 -2.602044280671488e-07 -2.224278310655495e-06 
 1.949844599758282e+07  1.000000000000000e+00  0.000000000000000e+00 -2.362663278141004e-14  4.149878682878361e-14 -2.924750862888082e-07 -2.212091463642476e-06 
 1.972422736115093e+07  1.000000000000000e+00  0.000000000000000e+00 -2.248794060885075e-14  4.171752419356608e-14 -3.246891101440387e-07 -2.199413950904596e-06 
 1.995262314969122e+07  1.000000000000000e+00  0.000000000000000e+00 -2.144695305148254e-14  4.191700680539158e-14 -3.568353954408563e-07 -2.186240515199757e-06 
 2.018366363681806e+07  1.000000000000000e+00  0.000000000000000e+00 -2.057650191963770e-14  4.219311921740574e-14 -3.889025741345954e-07 -2.172566208440876e-06 
 2.041737944669778e+07  1.000000000000000e+00  0.000000000000000e+00 -1.955561651875064e-14  4.233922138937880e-14 -4.208790150400519e-07 -2.158386397414460e-06 
 2.065380155810780e+07  1.000000000000000e+00  0.000000000000000e+00 -1.840841807075811e-14  4.248612527803643e-14 -4.527528338282186e-07 -2.143696774203312e-06 
 2.089296130854294e+07  1.000000000000000e+00  0.000000000000000e+00 -1.734420407588280e-14  4.263356449151672e-14 -4.845119020508541e-07 -2.128493363224434e-06 
 2.113489039836904e+07  1.000000000000000e+00  0.000000000000000e+00 -1.631156926922613e-14  4.273218030240080e-14 -5.161438543437584e-07 -2.112772531558942e-06 
 2.137962089502493e+07  1.000000000000000e+00  0.000000000000000e+00 -1.519090518709753e-14  4.279359823788974e-14 -5.476360958124776e-07 -2.096530995449372e-06 
 2.162718523727284e+07  1.000000000000000e+00  0.000000000000000e+00 -1.430162318934625e-14  4.293464489371710e-14 -5.789758137486820e-07 -2.079765831546994e-06 
 2.187761623949819e+07  1.000000000000000e+00  0.000000000000000e+00 -1.327333397934636e-14  4.299994393417036e-14 -6.101499844636520e-07 -2.062474483953437e-06 
 2.213094709605908e+07  1.000000000000000e+00  0.000000000000000e+00 -1.214652774367985e-14  4.296864394918694e-14 -6.411453829325386e-07 -2.044654773458198e-06 
 2.238721138568613e+07  1.000000000000000e+00  0.000000000000000e+00 -1.112216961358817e-14  4.298125754032098e-14 -6.719485935848668e-07 -2.026304905885620e-06 
 2.264644307593336e+07  1.000000000000000e+00  0.000000000000000e+00 -1.001531682718102e-14  4.291064887383786e-14 -7.025460195273854e-07 -2.007423481620420e-06 
 2.290867652768053e+07  1.000000000000000e+00  0.000000000000000e+00 -8.991885245254511e-15  4.289181551977213e-14 -7.329238957966601e-07 -1.988009503397021e-06 
 2.317394649968762e+07  1.000000000000000e+00  0.000000000000000e+00 -8.114569917223803e-15  4.290215482744279e-14 -7.630682975552990e-07 -1.968062384521758e-06 
 2.344228815320209e+07  1.000000000000000e+00  0.000000000000000e+00 -7.014181898028335e-15  4.279953636236646e-14 -7.929651530673427e-07 -1.947581958267271e-06 
 2.371373705661946e+07  1.000000000000000e+00  0.000000000000000e+00 -6.000207227199684e-15  4.269671587993221e-14 -8.226002572457056e-07 -1.926568484396557e-06 
 2.398832919019784e+07  1.000000000000000e+00  0.000000000000000e+00 -4.940648525402478e-15  4.252830264837024e-14 -8.519592828411622e-07 -1.905022658976580e-06 
 2.426610095082713e+07  1.000000000000000e+00  0.000000000000000e+00 -4.071709082670695e-15  4.244770026365894e-14 -8.810277937764779e-07 -1.882945619788120e-06 
 2.454708915685331e+07  1.000000000000000e+00  0.000000000000000e+00 -3.093283008209768e-15  4.227464486802955e-14 -9.097912592651062e-07 -1.860338955744094e-06 
 2.483133105295875e+07  1.000000000000000e+00  0.000000000000000e+00 -2.038292249217986e-15  4.205173988938834e-14 -9.382350669506806e-07 -1.837204712408126e-06 
 2.511886431509889e+07  1.000000000000000e+00  0.000000000000000e+00 -1.053887710336220e-15  4.185839868994692e-14 -9.663445422332212e-07 -1.813545398146150e-06 
 2.540972705549617e+07  1.000000000000000e+00  0.000000000000000e+00 -2.033260238236585e-17  4.158845987756881e-14 -9.941049579094081e-07 -1.789363991642119e-06 
 2.570395782769180e+07  1.000000000000000e+00  0.000000000000000e+00  8.225043554094735e-16  4.141912613295142e-14 -1.021501553154948e-06 -1.764663946589792e-06 
 2.600159563165592e+07  1.000000000000000e+00  0.000000000000000e+00  1.837874089502252e-15  4.110224920155945e-14 -1.048519548002399e-06 -1.739449197230604e-06 
 2.630267991895705e+07  1.000000000000000e+00  0.000000000000000e+00  2.775174702670732e-15  4.079509027917134e-14 -1.075144164024629e-06 -1.713724161612809e-06 
 2.660725059799137e+07  1.000000000000000e+00  0.000000000000000e+00  3.760608598341649e-15  4.046998823434506e-14 -1.101360637191064e-06 -1.687493747121048e-06 
 2.691534803927247e+07  1.000000000000000e+00  0.000000000000000e+00  4.585734944239348e-15  4.022908401733294e-14 -1.127154235943252e-06 -1.660763352465502e-06 
 2.722701308078248e+07  1.000000000000000e+00  0.000000000000000e+00  5.560258632033156e-15  3.983242293505672e-14 -1.152510284076922e-06 -1.633538868978575e-06 
 2.754228703338506e+07  1.000000000000000e+00  0.000000000000000e+00  6.448063086687069e-15  3.944744307239785e-14 -1.177414172500173e-06 -1.605826685506627e-06 
 2.786121168630114e+07  1.000000000000000e+00  0.000000000000000e+00  7.293246961017513e-15  3.908914326526984e-14 -1.201851382786745e-06 -1.577633686358691e-06 
 2.818382931264801e+07  1.000000000000000e+00  0.000000000000000e+00  8.225848870669337e-15  3.866001816298244e-14 -1.225807503896097e-06 -1.548967251687818e-06 
 2.851018267504261e+07  1.000000000000000e+00  0.000000000000000e+00  9.085121867527936e-15  3.822230647595049e-14 -1.249268251180813e-06 -1.519835258679819e-06 
 2.884031503126962e+07  1.000000000000000e+00  0.000000000000000e+00  9.984610506414511e-15  3.774939146435595e-14 -1.272219488009364e-06 -1.490246076387414e-06 
 2.917427014001527e+07  1.000000000000000e+00  0.000000000000000e+00  1.072719836204173e-14  3.736412826917622e-14 -1.294647241474134e-06 -1.460208566249081e-06 
 2.951209226666751e+07  1.000000000000000e+00  0.000000000000000e+00  1.157037900345191e-14  3.682410749585193e-14 -1.316537725444920e-06 -1.429732076143752e-06 
 2.985382618918329e+07  1.000000000000000e+00  0.000000000000000e+00  1.243305728451671e-14  3.629407387625047e-14 -1.337877357791664e-06 -1.398826437521043e-06 
 3.019951720402390e+07  1.000000000000000e+00  0.000000000000000e+00  1.315423002965497e-14  3.588289274343418e-14 -1.358652779504140e-06 -1.367501958572345e-06 
 3.054921113215892e+07  1.000000000000000e+00  0.000000000000000e+00  1.395454381591227e-14  3.529255609546061e-14 -1.378850875683824e-06 -1.335769417741548e-06 
 3.090295432513973e+07  1.000000000000000e+00  0.000000000000000e+00  1.477582420871296e-14  3.469830403768836e-14 -1.398458792495704e-06 -1.303640057924451e-06 
 3.126079367124343e+07  1.000000000000000e+00  0.000000000000000e+00  1.546703083400150e-14  3.417221250942343e-14 -1.417463957843832e-06 -1.271125575094058e-06 
 3.162277660168771e+07  1.000000000000000e+00  0.000000000000000e+00  1.620568803323698e-14  3.359735051812148e-14 -1.435854096553538e-06 -1.238238112381066e-06 
 3.198895109691795e+07  1.000000000000000e+00  0.000000000000000e+00  1.687601868450748e-14  3.305298361874483e-14 -1.453617252809609e-06 -1.204990245976436e-06 
 3.235936569296684e+07  1.000000000000000e+00  0.000000000000000e+00  1.760873246531031e-14  3.240399057444861e-14 -1.470741802998008e-06 -1.171394976425055e-06 
 3.273406948788789e+07  1.000000000000000e+00  0.000000000000000e+00  1.830113615991155e-14  3.171540085745062e-14 -1.487216474576229e-06 -1.137465717004077e-06 
 3.311311214826322e+07  1.000000000000000e+00  0.000000000000000e+00  1.891525664601107e-14  3.117984627709896e-14 -1.503030363293812e-06 -1.103216277505654e-06 
 3.349654391578693e+07  1.000000000000000e+00  0.000000000000000e+00  1.956699577112229e-14  3.048107437704202e-14 -1.518172946780700e-06 -1.068660854362489e-06 
 3.388441561392447e+07  1.000000000000000e+00  0.000000000000000e+00  2.013889568820769e-14  2.984084473561810e-14 -1.532634100836926e-06 -1.033814012897541e-06 
 3.427677865464929e+07  1.000000000000000e+00  0.000000000000000e+00  2.078905996731172e-14  2.913628315360844e-14 -1.546404112260656e-06 -9.986906735894924e-07 
 3.467368504525747e+07  1.000000000000000e+00  0.000000000000000e+00  2.140226290497113e-14  2.839845752896893e-14 -1.559473693770435e-06 -9.633060969315455e-07 
 3.507518739526116e+07  1.000000000000000e+00  0.000000000000000e+00  2.194695019456009e-14  2.775796784843020e-14 -1.571833995053627e-06 -9.276758653333393e-07 
 3.548133892336196e+07  1.000000000000000e+00  0.000000000000000e+00  2.250357726057354e-14  2.700096465671102e-14 -1.583476613951397e-06 -8.918158662615096e-07 
 3.589219346450499e+07  1.000000000000000e+00  0.000000000000000e+00  2.301165557442393e-14  2.633084406961143e-14 -1.594393609207021e-06 -8.557422752982425e-07 
 3.630780547701465e+07  1.000000000000000e+00  0.000000000000000e+00  2.353950003737321e-14  2.556227178426130e-14 -1.604577507423933e-06 -8.194715378704777e-07 
 3.672823004981304e+07  1.000000000000000e+00  0.000000000000000e+00  2.398307425119134e-14  2.485361299800666e-14 -1.614021313290397e-06 -7.830203520776030e-07 
 3.715352290972188e+07  1.000000000000000e+00  0.000000000000000e+00  2.446425228094459e-14  2.407646111593378e-14 -1.622718516616792e-06 -7.464056475824185e-07 
 3.758374042884910e+07  1.000000000000000e+00  0.000000000000000e+00  2.489946500902390e-14  2.336937389343366e-14 -1.630663100274429e-06 -7.096445688254271e-07 
 3.801893963206086e+07  1.000000000000000e+00  0.000000000000000e+00  2.532153030345417e-14  2.256031364496300e-14 -1.637849543006314e-06 -6.727544558575288e-07 
 3.845917820454016e+07  1.000000000000000e+00  0.000000000000000e+00  2.570804668387936e-14  2.184112210988837e-14 -1.644272827200172e-06 -6.357528252147663e-07 
 3.890451449943291e+07  1.000000000000000e+00  0.000000000000000e+00  2.611029797184921e-14  2.103216975223938e-14 -1.649928439868357e-06 -5.986573505071823e-07 
 3.935500754558266e+07  1.000000000000000e+00  0.000000000000000e+00  2.643322081266044e-14  2.029075884889237e-14 -1.654812377379228e-06 -5.614858436589029e-07 
 3.981071705535470e+07  1.000000000000000e+00  0.000000000000000e+00  2.675106484391994e-14  1.954316714612925e-14 -1.658921146180860e-06 -5.242562360029287e-07 
 4.027170343255094e+07  1.000000000000000e+00  0.000000000000000e+00  2.706418010199314e-14  1.870754129745474e-14 -1.662251762758730e-06 -4.869865615296980e-07 
 4.073802778041637e+07  1.000000000000000e+00  0.000000000000000e+00  2.737175703514073e-14  1.792446235527302e-14 -1.664801755146393e-06 -4.496949350091049e-07 
 4.120975190973818e+07  1.000000000000000e+00  0.000000000000000e+00  2.765423468799528e-14  1.709644773290430e-14 -1.666569160559834e-06 -4.123995378396926e-07 
 4.168693834703876e+07  1.000000000000000e+00  0.000000000000000e+00  2.788205923399414e-14  1.633701869176374e-14 -1.667552523446719e-06 -3.751185978094376e-07 
 4.216965034286351e+07  1.000000000000000e+00  0.000000000000000e+00  2.811828825265389e-14  1.558339119103717e-14 -1.667750893791339e-06 -3.378703721444863e-07 
 4.265795188016462e+07  1.000000000000000e+00  0.000000000000000e+00  2.831730986679784e-14  1.469690699605023e-14 -1.667163822862003e-06 -3.006731332147867e-07 
 4.315190768278193e+07  1.000000000000000e+00  0.000000000000000e+00  2.849838264103123e-14  1.394210005488416e-14 -1.665791358985372e-06 -2.635451493368494e-07 
 4.365158322402208e+07  1.000000000000000e+00  0.000000000000000e+00  2.866493938813105e-14  1.313728553259184e-14 -1.663634043202054e-06 -2.265046697981176e-07 
 4.415704473533680e+07  1.000000000000000e+00  0.000000000000000e+00  2.883041193305839e-14  1.230061309530166e-14 -1.660692902765836e-06 -1.895699123381772e-07 
 4.466835921510192e+07  1.000000000000000e+00  0.000000000000000e+00  2.892992115194359e-14  1.154415041648195e-14 -1.656969446777782e-06 -1.527590446505108e-07 
 4.518559443749791e+07  1.000000000000000e+00  0.000000000000000e+00  2.903406639390735e-14  1.075217605340216e-14 -1.652465658319673e-06 -1.160901740154430e-07 
 4.570881896149325e+07  1.000000000000000e+00  0.000000000000000e+00  2.910485653719941e-14  9.989419549207437e-15 -1.647183987974693e-06 -7.958133261049144e-08 
 4.623810213993184e+07  1.000000000000000e+00  0.000000000000000e+00  2.916231649948407e-14  9.196241406725818e-15 -1.641127346692560e-06 -4.325046473104513e-08 
 4.677351412872570e+07  1.000000000000000e+00  0.000000000000000e+00  2.922416642177610e-14  8.336217003134679e-15 -1.634299097618536e-06 -7.115416228804422e-09 
 4.731512589615400e+07  1.000000000000000e+00  0.000000000000000e+00  2.922322494465523e-14  7.587076608988166e-15 -1.626703048785351e-06  2.880607863477852e-08 
 4.786300923226986e+07  1.000000000000000e+00  0.000000000000000e+00  2.921826260213374e-14  6.802545210442691e-15 -1.618343444577891e-06  6.449640475968157e-08 
 4.841723675841603e+07  1.000000000000000e+00  0.000000000000000e+00  2.922706708610398e-14  6.030653125039581e-15 -1.609224957329548e-06  9.993807917993275e-08 
 4.897788193685079e+07  1.000000000000000e+00  0.000000000000000e+00  2.916106479654626e-14  5.298307552105896e-15 -1.599352679365490e-06  1.351137576212341e-07 
 4.954501908048527e+07  1.000000000000000e+00  0.000000000000000e+00  2.908151294444780e-14  4.529078975040317e-15 -1.588732113882203e-06  1.700062443730607e-07 
 5.011872336273355e+07  1.000000000000000e+00  0.000000000000000e+00  2.900367908692460e-14  3.774003127383275e-15 -1.577369167042811e-06  2.045984997062630e-07 
 5.069907082747684e+07  1.000000000000000e+00  0.000000000000000e+00  2.891418751494834e-14  3.015603522441208e-15 -1.565270138743509e-06  2.388736469589798e-07 
 5.128613839914297e+07  1.000000000000000e+00  0.000000000000000e+00  2.880652983911056e-14  2.202264222339704e-15 -1.552441715508902e-06  2.728149797576825e-07 
 5.188000389290267e+07  1.000000000000000e+00  0.000000000000000e+00  2.867976691163098e-14  1.461264077032558e-15 -1.538890959724099e-06  3.064059669252848e-07 
 5.248074602498390e+07  1.000000000000000e+00  0.000000000000000e+00  2.849849804927029e-14  7.385526965456132e-16 -1.524625304856109e-06  3.396302597308584e-07 
 5.308844442310555e+07  1.000000000000000e+00  0.000000000000000e+00  2.835232197367259e-14  8.009300027264328e-17 -1.509652544335059e-06  3.724716946596145e-07 
 5.370317963703207e+07  1.000000000000000e+00  0.000000000000000e+00  2.815021165388648e-14 -6.281182349484921e-16 -1.493980825496655e-06  4.049142994510717e-07 
 5.432503314925020e+07  1.000000000000000e+00  0.000000000000000e+00  2.795194135796675e-14 -1.336947963039801e-15 -1.477618641379469e-06  4.369422970510876e-07 
 5.495408738576942e+07  1.000000000000000e+00  0.000000000000000e+00  2.772560420182327e-14 -2.059478925508980e-15 -1.460574823806944e-06  4.685401083902156e-07 
 5.559042572704741e+07  1.000000000000000e+00  0.000000000000000e+00  2.748429002086467e-14 -2.744081499605566e-15 -1.442858535932812e-06  4.996923564556852e-07 
 5.623413251904204e+07  1.000000000000000e+00  0.000000000000000e+00  2.721325218323751e-14 -3.412207959389076e-15 -1.424479265938909e-06  5.303838679280873e-07 
 5.688529308439137e+07  1.000000000000000e+00  0.000000000000000e+00  2.694348722437183e-14 -4.106837974213054e-15 -1.405446820591675e-06  5.605996774941317e-07 
 5.754399373372301e+07  1.000000000000000e+00  0.000000000000000e+00  2.664623774043364e-14 -4.751980724368411e-15 -1.385771318904116e-06  5.903250279619109e-07 
 5.821032177709454e+07  1.000000000000000e+00  0.000000000000000e+00  2.637456399282132e-14 -5.338942369563645e-15 -1.365463186473571e-06  6.195453741975478e-07 
 5.888436553556639e+07  1.000000000000000e+00  0.000000000000000e+00  2.603654681313178e-14 -5.989580351843432e-15 -1.344533150661896e-06  6.482463826855570e-07 
 5.956621435290863e+07  1.000000000000000e+00  0.000000000000000e+00  2.569835853278690e-14 -6.636435590859900e-15 -1.322992234710353e-06  6.764139348275818e-07 
 6.025595860744344e+07  1.000000000000000e+00  0.000000000000000e+00  2.537581791559312e-14 -7.178478231829291e-15 -1.300851754147205e-06  7.040341276571220e-07 
 6.095368972402468e+07  1.000000000000000e+00  0.000000000000000e+00  2.500264865683429e-14 -7.793819821801400e-15 -1.278123311993610e-06  7.310932743786820e-07 
 6.165950018615607e+07  1.000000000000000e+00  0.000000000000000e+00  2.460885880449103e-14 -8.393082608852253e-15 -1.254818794538113e-06  7.575779064005267e-07 
 6.237348354824988e+07  1.000000000000000e+00  0.000000000000000e+00  2.425557195010310e-14 -8.937264113892580e-15 -1.230950369043171e-06  7.834747734315136e-07 
 6.309573444802737e+07  1.000000000000000e+00  0.000000000000000e+00  2.381624454772426e-14 -9.495448767616915e-15 -1.206530479392726e-06  8.087708451200058e-07 
 6.382634861906301e+07  1.000000000000000e+00  0.000000000000000e+00  2.343882212477904e-14 -1.001282527976667e-14 -1.181571844615063e-06  8.334533114246080e-07 
 6.456542290347379e+07  1.000000000000000e+00  0.000000000000000e+00  2.299797747463343e-14 -1.055544930297523e-14 -1.156087455633633e-06  8.575095842957673e-07 
 6.531305526475558e+07  1.000000000000000e+00  0.000000000000000e+00  2.258866087309229e-14 -1.103856830872712e-14 -1.130090573301566e-06  8.809272972288931e-07 
 6.606934480076804e+07  1.000000000000000e+00  0.000000000000000e+00  2.212763439242893e-14 -1.154784887996701e-14 -1.103594728170372e-06  9.036943074561596e-07 
 6.683439175687000e+07  1.000000000000000e+00  0.000000000000000e+00  2.170431104231375e-14 -1.200856502893432e-14 -1.076613717775748e-06  9.257986969959507e-07 
 6.760829753920682e+07  1.000000000000000e+00  0.000000000000000e+00  2.124953693535055e-14 -1.247214965497751e-14 -1.049161606604252e-06  9.472287727111483e-07 
 6.839116472815168e+07  1.000000000000000e+00  0.000000000000000e+00  2.078640706012092e-14 -1.289094423756107e-14 -1.021252725825427e-06  9.679730694754437e-07 
 6.918309709190249e+07  1.000000000000000e+00  0.000000000000000e+00  2.028546732819176e-14 -1.336538644955952e-14 -9.929016725276274e-07  9.880203498389244e-07 
 6.998419960023630e+07  1.000000000000000e+00  0.000000000000000e+00  1.980726407814926e-14 -1.375249448249836e-14 -9.641233107406150e-07  1.007359606497575e-06 
 7.079457843842284e+07  1.000000000000000e+00  0.000000000000000e+00  1.931611509417829e-14 -1.415095529802926e-14 -9.349327719158183e-07  1.025980064668059e-06 
 7.161434102129936e+07  1.000000000000000e+00  0.000000000000000e+00  1.881668795133468e-14 -1.453395077425095e-14 -9.053454551566851e-07  1.043871183161388e-06 
 7.244359600750828e+07  1.000000000000000e+00  0.000000000000000e+00  1.834838514001705e-14 -1.490331939617544e-14 -8.753770294825888e-07  1.061022657932183e-06 
 7.328245331389979e+07  1.000000000000000e+00  0.000000000000000e+00  1.781384689332298e-14 -1.523168632949691e-14 -8.450434353762095e-07  1.077424423275962e-06 
 7.413102413010125e+07  1.000000000000000e+00  0.000000000000000e+00  1.730106077035175e-14 -1.556964824028664e-14 -8.143608860454526e-07  1.093066656703273e-06 
 7.498942093325520e+07  1.000000000000000e+00  0.000000000000000e+00  1.676011196655462e-14 -1.590039194805811e-14 -7.833458700742403e-07  1.107939780394336e-06 
 7.585775750292811e+07  1.000000000000000e+00  0.000000000000000e+00  1.623239667612980e-14 -1.620027019874810e-14 -7.520151544437631e-07  1.122034466231663e-06 
 7.673614893619174e+07  1.000000000000000e+00  0.000000000000000e+00  1.569848872782760e-14 -1.648036980660323e-14 -7.203857865753260e-07  1.135341639291023e-06 
 7.762471166287914e+07  1.000000000000000e+00  0.000000000000000e+00  1.514460837790386e-14 -1.675882786460658e-14 -6.884750979007206e-07  1.147852482257887e-06 
 7.852356346101727e+07  1.000000000000000e+00  0.000000000000000e+00  1.464438036540862e-14 -1.698183258137733e-14 -6.563007079013334e-07  1.159558440641217e-06 
 7.943282347243837e+07  1.000000000000000e+00  0.000000000000000e+00  1.408856369816745e-14 -1.723249631200771e-14 -6.238805261911279e-07  1.170451228419344e-06 
 8.035261221857207e+07  1.000000000000000e+00  0.000000000000000e+00  1.353372006002444e-14 -1.747033596381667e-14 -5.912327582845062e-07  1.180522833253252e-06 
 8.128305161642039e+07  1.000000000000000e+00  0.000000000000000e+00  1.302732257717876e-14 -1.764569020686491e-14 -5.583759088409562e-07  1.189765524123048e-06 
 8.222426499471770e+07  1.000000000000000e+00  0.000000000000000e+00  1.246590797506831e-14 -1.784087709109840e-14 -5.253287859106793e-07  1.198171857083968e-06 
 8.317637711027782e+07  1.000000000000000e+00  0.000000000000000e+00  1.194426739318296e-14 -1.800444868233387e-14 -4.921105063719186e-07  1.205734683658798e-06 
 8.413951416453035e+07  1.000000000000000e+00  0.000000000000000e+00  1.136186193821101e-14 -1.817107149800358e-14 -4.587405000558883e-07  1.212447159936154e-06 
 8.511380382024862e+07  1.000000000000000e+00  0.000000000000000e+00  1.083895615380025e-14 -1.829813596921238e-14 -4.252385150452216e-07  1.218302754245732e-06 
 8.609937521847117e+07  1.000000000000000e+00  0.000000000000000e+00  1.032101218251540e-14 -1.841813766794874e-14 -3.916246232168045e-07  1.223295257526319e-06 
 8.709635899561930e+07  1.000000000000000e+00  0.000000000000000e+00  9.743434868282353e-15 -1.853042649642563e-14 -3.579192251245408e-07  1.227418794862645e-06 
 8.810488730081278e+07  1.000000000000000e+00  0.000000000000000e+00  9.212775556030671e-15 -1.863486671761327e-14 -3.241430559232580e-07  1.230667835257488e-06 
 8.912509381338607e+07  1.000000000000000e+00  0.000000000000000e+00  8.677706219678669e-15 -1.869651970474507e-14 -2.903171901554014e-07  1.233037205492169e-06 
 9.015711376060735e+07  1.000000000000000e+00  0.000000000000000e+00  8.168972355266664e-15 -1.875655570598056e-14 -2.564630488512150e-07  1.234522102575122e-06 
 9.120108393560277e+07  1.000000000000000e+00  0.000000000000000e+00  7.626394574763065e-15 -1.880494606298249e-14 -2.226024035297253e-07  1.235118108840461e-06 
 9.225714271548826e+07  1.000000000000000e+00  0.000000000000000e+00  7.109400947975249e-15 -1.884262166495989e-14 -1.887573830750732e-07  1.234821206435667e-06 
 9.332543007971118e+07  1.000000000000000e+00  0.000000000000000e+00  6.628720311850495e-15 -1.885541990927643e-14 -1.549504786944153e-07  1.233627795221989e-06 
 9.440608762860456e+07  1.000000000000000e+00  0.000000000000000e+00  6.103396671891805e-15 -1.888068181989534e-14 -1.212045496932531e-07  1.231534709396081e-06 
 9.549925860215597e+07  1.000000000000000e+00  0.000000000000000e+00  5.582637004271598e-15 -1.887215855086359e-14 -8.754282865124064e-08  1.228539237416397e-06 
 9.660508789899386e+07  1.000000000000000e+00  0.000000000000000e+00  5.119112722708459e-15 -1.884707409364713e-14 -5.398892647223911e-08  1.224639142708788e-06 
 9.772372209559375e+07  1.000000000000000e+00  0.000000000000000e+00  4.609080717439061e-15 -1.881893354155697e-14 -2.056683692831006e-08  1.219832684849650e-06 
 9.885530946570672e+07  1.000000000000000e+00  0.000000000000000e+00  4.124990191366457e-15 -1.878408702962340e-14  1.269905906272524e-08  1.214118644324925e-06 
 1.000000000000130e+08  1.000000000000000e+00  0.000000000000000e+00  3.631845832691048e-15 -1.870911889631901e-14  4.578398964623910e-08  1.207496346914307e-06 
 1.011579454260030e+08  1.000000000000000e+00  0.000000000000000e+00  3.176185246191540e-15 -1.867739814771904e-14  7.866278960485012e-08  1.199965691130708e-06 
 1.023292992280887e+08  1.000000000000000e+00  0.000000000000000e+00  2.710942804617010e-15 -1.860324104846164e-14  1.113098974317757e-07  1.191527176885279e-06 
 1.035142166679479e+08  1.000000000000000e+00  0.000000000000000e+00  2.252667923717696e-15 -1.853127924684528e-14  1.436993552008719e-07  1.182181936451064e-06 
 1.047128548051036e+08  1.000000000000000e+00  0.000000000000000e+00  1.803368084813480e-15 -1.843083299776218e-14  1.758048078306598e-07  1.171931766832458e-06 
 1.059253725177427e+08  1.000000000000000e+00  0.000000000000000e+00  1.361948299296689e-15 -1.833446436528717e-14  2.075995053553178e-07  1.160779164459411e-06 
 1.071519305237746e+08  1.000000000000000e+00  0.000000000000000e+00  9.149139558890232e-16 -1.822225049922610e-14  2.390563056827396e-07  1.148727362495846e-06 
 1.083926914021345e+08  1.000000000000000e+00  0.000000000000000e+00  5.121561951562670e-16 -1.812834694438583e-14  2.701476796643209e-07  1.135780369342630e-06 
 1.096478196143328e+08  1.000000000000000e+00  0.000000000000000e+00  7.280147596488225e-17 -1.801271254752552e-14  3.008457185459811e-07  1.121943010011055e-06 
 1.109174815262546e+08  1.000000000000000e+00  0.000000000000000e+00 -3.301737604770815e-16 -1.790225013384114e-14  3.311221434605589e-07  1.107220968630512e-06 
 1.122018454302110e+08  1.000000000000000e+00  0.000000000000000e+00 -7.580087786462485e-16 -1.774393438204339e-14  3.609483182719839e-07  1.091620834727806e-06 
 1.135010815672463e+08  1.000000000000000e+00  0.000000000000000e+00 -1.149322594866007e-15 -1.761963145000087e-14  3.902952645772122e-07  1.075150150220793e-06 
 1.148153621497033e+08  1.000000000000000e+00  0.000000000000000e+00 -1.546118302441277e-15 -1.747180302488131e-14  4.191336814073309e-07  1.057817458463826e-06 
 1.161448613840495e+08  1.000000000000000e+00  0.000000000000000e+00 -1.940591869191649e-15 -1.733891160227011e-14  4.474339680674734e-07  1.039632355733235e-06 
 1.174897554939683e+08  1.000000000000000e+00  0.000000000000000e+00 -2.332952353436418e-15 -1.720571757713851e-14  4.751662510170574e-07  1.020605543785939e-06 
 1.188502227437174e+08  1.000000000000000e+00  0.000000000000000e+00 -2.708240994508395e-15 -1.703747819908896e-14  5.023004162196734e-07  1.000748883660556e-06 
 1.202264434617570e+08  1.000000000000000e+00  0.000000000000000e+00 -3.105522104902001e-15 -1.688151550481869e-14  5.288061457260365e-07  9.800754515561959e-07 
 1.216186000646528e+08  1.000000000000000e+00  0.000000000000000e+00 -3.464889385301794e-15 -1.672497492232014e-14  5.546529599154007e-07  9.585995939377575e-07 
 1.230268770812543e+08  1.000000000000000e+00  0.000000000000000e+00 -3.828711529608553e-15 -1.652405320151727e-14  5.798102661615215e-07  9.363369844821848e-07 
 1.244514611771549e+08  1.000000000000000e+00  0.000000000000000e+00 -4.206456142711093e-15 -1.639270570821067e-14  6.042474126510656e-07  9.133046796481209e-07 
 1.258925411794333e+08  1.000000000000000e+00  0.000000000000000e+00 -4.574787149275205e-15 -1.621668305028793e-14  6.279337493246977e-07  8.895211735798558e-07 
 1.273503081016829e+08  1.000000000000000e+00  0.000000000000000e+00 -4.931738374072073e-15 -1.602656576412287e-14  6.508386959400260e-07  8.650064536526584e-07 
 1.288249551693303e+08  1.000000000000000e+00  0.000000000000000e+00 -5.301124148413753e-15 -1.584931204969041e-14  6.729318157647773e-07  8.397820505179525e-07 
 1.303166778452471e+08  1.000000000000000e+00  0.000000000000000e+00 -5.659245443348135e-15 -1.565600314338010e-14  6.941828983126783e-07  8.138710890393493e-07 
 1.318256738556581e+08  1.000000000000000e+00  0.000000000000000e+00 -6.005639990644255e-15 -1.546026018201674e-14  7.145620479308966e-07  7.872983328550363e-07 
 1.333521432163500e+08  1.000000000000000e+00  0.000000000000000e+00 -6.365251851807568e-15 -1.524482815155268e-14  7.340397804131917e-07  7.600902268838048e-07 
 1.348962882591831e+08  1.000000000000000e+00  0.000000000000000e+00 -6.720875458338734e-15 -1.503047947622817e-14  7.525871272553655e-07  7.322749328087706e-07 
 1.364583136589105e+08  1.000000000000000e+00  0.000000000000000e+00 -7.069828045135561e-15 -1.482264660185041e-14  7.701757456866060e-07  7.038823592174990e-07 
 1.380384264603067e+08  1.000000000000000e+00  0.000000000000000e+00 -7.429242229984809e-15 -1.459995571078662e-14  7.867780369957808e-07  6.749441853174105e-07 
 1.396368361056122e+08  1.000000000000000e+00  0.000000000000000e+00 -7.771412412214734e-15 -1.434643324395925e-14  8.023672707129131e-07  6.454938750271698e-07 
 1.412537544622941e+08  1.000000000000000e+00  0.000000000000000e+00 -8.127389655001379e-15 -1.410480439026075e-14  8.169177147005088e-07  6.155666839256453e-07 
 1.428893958511291e+08  1.000000000000000e+00  0.000000000000000e+00 -8.445680072624074e-15 -1.383969567738525e-14  8.304047709298652e-07  5.851996548930250e-07 
 1.445439770746118e+08  1.000000000000000e+00  0.000000000000000e+00 -8.804239177713068e-15 -1.356364393410593e-14  8.428051151344217e-07  5.544316041110579e-07 
 1.462177174456911e+08  1.000000000000000e+00  0.000000000000000e+00 -9.140387908600082e-15 -1.329522173421988e-14  8.540968418632914e-07  5.233030949692474e-07 
 1.479108388168403e+08  1.000000000000000e+00  0.000000000000000e+00 -9.481085735809443e-15 -1.300059169967108e-14  8.642596100509204e-07  4.918563996284635e-07 
 1.496235656094631e+08  1.000000000000000e+00  0.000000000000000e+00 -9.789457291740672e-15 -1.269072322476381e-14  8.732747928861483e-07  4.601354484817632e-07 
 1.513561248436408e+08  1.000000000000000e+00  0.000000000000000e+00 -1.012178960980471e-14 -1.239321978976012e-14  8.811256252010273e-07  4.281857642208070e-07 
 1.531087461682233e+08  1.000000000000000e+00  0.000000000000000e+00 -1.043954989068155e-14 -1.207463095184220e-14  8.877973532863202e-07  3.960543843304017e-07 
 1.548816618912686e+08  1.000000000000000e+00  0.000000000000000e+00 -1.074248529503642e-14 -1.172190562735874e-14  8.932773804332138e-07  3.637897675034781e-07 
 1.566751070108357e+08  1.000000000000000e+00  0.000000000000000e+00 -1.103694973464403e-14 -1.137053703789855e-14  8.975554090500061e-07  3.314416857770417e-07 
 1.584893192461324e+08  1.000000000000000e+00  0.000000000000000e+00 -1.133585876788413e-14 -1.102590490146787e-14  9.006235787107935e-07  2.990611031097194e-07 
 1.603245390690254e+08  1.000000000000000e+00  0.000000000000000e+00 -1.162215410411107e-14 -1.064746270379370e-14  9.024765972460967e-07  2.667000383546236e-07 
 1.621810097359145e+08  1.000000000000000e+00  0.000000000000000e+00 -1.188973371797283e-14 -1.026889572757850e-14  9.031118629642186e-07  2.344114149378681e-07 
 1.640589773199757e+08  1.000000000000000e+00  0.000000000000000e+00 -1.214670265598346e-14 -9.870458337802552e-15  9.025295778518488e-07  2.022488961865003e-07 
 1.659586907437781e+08  1.000000000000000e+00  0.000000000000000e+00 -1.237696252758479e-14 -9.459990353788295e-15  9.007328497071034e-07  1.702667084416675e-07 
 1.678804018122783e+08  1.000000000000000e+00  0.000000000000000e+00 -1.262242314657843e-14 -9.038882947742254e-15  8.977277807470492e-07  1.385194509114050e-07 
 1.698243652461970e+08  1.000000000000000e+00  0.000000000000000e+00 -1.284260629072276e-14 -8.616340548769557e-15  8.935235428111275e-07  1.070618952872174e-07 
 1.717908387157817e+08  1.000000000000000e+00  0.000000000000000e+00 -1.303350401186959e-14 -8.177005615738424e-15  8.881324362929179e-07  7.594877478460610e-08 
 1.737800828749607e+08  1.000000000000000e+00  0.000000000000000e+00 -1.321768200888762e-14 -7.730253850462896e-15  8.815699333185895e-07  4.523456431758766e-08 
 1.757923613958926e+08  1.000000000000000e+00  0.000000000000000e+00 -1.338048089431695e-14 -7.272580644197541e-15  8.738547013541628e-07  1.497325386947050e-08 
 1.778279410039160e+08  1.000000000000000e+00  0.000000000000000e+00 -1.354428351378877e-14 -6.815749928003516e-15  8.650086095328366e-07 -1.478188419142765e-08 
 1.798870915129028e+08  1.000000000000000e+00  0.000000000000000e+00 -1.366809601375483e-14 -6.349907770558717e-15  8.550567138936139e-07 -4.397853133634175e-08 
 1.819700858610226e+08  1.000000000000000e+00  0.000000000000000e+00 -1.379218761107700e-14 -5.878185156360777e-15  8.440272232790949e-07 -7.256556128495150e-08 
 1.840772001469201e+08  1.000000000000000e+00  0.000000000000000e+00 -1.388250281671535e-14 -5.398002350615882e-15  8.319514428245809e-07 -1.004932782741332e-07 
 1.862087136663116e+08  1.000000000000000e+00  0.000000000000000e+00 -1.393329842965012e-14 -4.924989215548351e-15  8.188636976167925e-07 -1.277136534815916e-07 
 1.883649089490052e+08  1.000000000000000e+00  0.000000000000000e+00 -1.400809927394744e-14 -4.442190600008767e-15  8.048012340528846e-07 -1.541805564746418e-07 
 1.905460717963502e+08  1.000000000000000e+00  0.000000000000000e+00 -1.404969960308594e-14 -3.956862135283751e-15  7.898041009638260e-07 -1.798499815949242e-07 
 1.927524913191193e+08  1.000000000000000e+00  0.000000000000000e+00 -1.406492480855460e-14 -3.481527309377575e-15  7.739150088316512e-07 -2.046802643157906e-07 
 1.949844599758306e+08  1.000000000000000e+00  0.000000000000000e+00 -1.407019991799186e-14 -3.001543516670615e-15  7.571791705900965e-07 -2.286322880675959e-07 
 1.972422736115117e+08  1.000000000000000e+00  0.000000000000000e+00 -1.405455246659900e-14 -2.523773576920202e-15  7.396441216795423e-07 -2.516696773919635e-07 
 1.995262314969147e+08  1.000000000000000e+00  0.000000000000000e+00 -1.400803765230053e-14 -2.053971517285933e-15  7.213595235324756e-07 -2.737589770965547e-07 
 2.018366363681831e+08  1.000000000000000e+00  0.000000000000000e+00 -1.395141254686451e-14 -1.585873264425066e-15  7.023769496630509e-07 -2.948698140535825e-07 
 2.041737944669803e+08  1.000000000000000e+00  0.000000000000000e+00 -1.388294697961706e-14 -1.118738035085667e-15  6.827496568679161e-07 -3.149750404175324e-07 
 2.065380155810806e+08  1.000000000000000e+00  0.000000000000000e+00 -1.378345988946761e-14 -6.659119450824725e-16  6.625323438047339e-07 -3.340508573564866e-07 
 2.089296130854320e+08  1.000000000000000e+00  0.000000000000000e+00 -1.367200972948762e-14 -2.171600306160118e-16  6.417808980901723e-07 -3.520769167914426e-07 
 2.113489039836930e+08  1.000000000000000e+00  0.000000000000000e+00 -1.354392257187412e-14  2.262151833990747e-16  6.205521350994781e-07 -3.690364007946491e-07 
 2.137962089502519e+08  1.000000000000000e+00  0.000000000000000e+00 -1.340099571466209e-14  6.558100713348401e-16  5.989035292317301e-07 -3.849160772626759e-07 
 2.162718523727311e+08  1.000000000000000e+00  0.000000000000000e+00 -1.324328580317986e-14  1.082506994860253e-15  5.768929421003134e-07 -3.997063311616862e-07 
 2.187761623949846e+08  1.000000000000000e+00  0.000000000000000e+00 -1.307221701744914e-14  1.494358130737817e-15  5.545783490656718e-07 -4.134011722949885e-07 
 2.213094709605935e+08  1.000000000000000e+00  0.000000000000000e+00 -1.288326757796011e-14  1.895303611540363e-15  5.320175659507966e-07 -4.259982169335070e-07 
 2.238721138568640e+08  1.000000000000000e+00  0.000000000000000e+00 -1.267620772702583e-14  2.283392402753010e-15  5.092679804309126e-07 -4.374986466493712e-07 
 2.264644307593364e+08  1.000000000000000e+00  0.000000000000000e+00 -1.245458960318974e-14  2.650383562013243e-15  4.863862887254402e-07 -4.479071424687810e-07 
 2.290867652768081e+08  1.000000000000000e+00  0.000000000000000e+00 -1.222380097127109e-14  3.013153850218189e-15  4.634282410222338e-07 -4.572317966842086e-07 
 2.317394649968790e+08  1.000000000000000e+00  0.000000000000000e+00 -1.199234016576923e-14  3.369771714610754e-15  4.404483979018453e-07 -4.654840026759760e-07 
 2.344228815320238e+08  1.000000000000000e+00  0.000000000000000e+00 -1.174021821498058e-14  3.705810490033302e-15  4.174998990011041e-07 -4.726783237008307e-07 
 2.371373705661975e+08  1.000000000000000e+00  0.000000000000000e+00 -1.148752705805138e-14  4.035195927534286e-15  3.946342474238731e-07 -4.788323451051612e-07 
 2.398832919019814e+08  1.000000000000000e+00  0.000000000000000e+00 -1.121884831306144e-14  4.343858862799370e-15  3.719011098182595e-07 -4.839665069205643e-07 
 2.426610095082743e+08  1.000000000000000e+00  0.000000000000000e+00 -1.093964253672390e-14  4.632992288795205e-15  3.493481350613760e-07 -4.881039235877436e-07 
 2.454708915685362e+08  1.000000000000000e+00  0.000000000000000e+00 -1.065637190221204e-14  4.913055580112722e-15  3.270207917407095e-07 -4.912701900940480e-07 
 2.483133105295905e+08  1.000000000000000e+00  0.000000000000000e+00 -1.036837016517330e-14  5.179512028286428e-15  3.049622260153429e-07 -4.934931776647789e-07 
 2.511886431509919e+08  1.000000000000000e+00  0.000000000000000e+00 -1.007106795343415e-14  5.429215858829338e-15  2.832131399008819e-07 -4.948028215599673e-07 
 2.540972705549648e+08  1.000000000000000e+00  0.000000000000000e+00 -9.772455222906910e-15  5.666347814610863e-15  2.618116910106046e-07 -4.952309023465276e-07 
 2.570395782769211e+08  1.000000000000000e+00  0.000000000000000e+00 -9.465368827714902e-15  5.883659622943111e-15  2.407934130193617e-07 -4.948108243869182e-07 
 2.600159563165624e+08  1.000000000000000e+00  0.000000000000000e+00 -9.161863449595869e-15  6.100178714315847e-15  2.201911572990161e-07 -4.935773920367936e-07 
 2.630267991895738e+08  1.000000000000000e+00  0.000000000000000e+00 -8.848348762548471e-15  6.285604284986062e-15  2.000350550736364e-07 -4.915665870782440e-07 
 2.660725059799170e+08  1.000000000000000e+00  0.000000000000000e+00 -8.538069529601347e-15  6.472783743252685e-15  1.803524991981676e-07 -4.888153487443489e-07 
 2.691534803927280e+08  1.000000000000000e+00  0.000000000000000e+00 -8.223944264147876e-15  6.630298413640569e-15  1.611681450889500e-07 -4.853613583188254e-07 
 2.722701308078281e+08  1.000000000000000e+00  0.000000000000000e+00 -7.908556999012336e-15  6.778889062533536e-15  1.425039292588114e-07 -4.812428299525701e-07 
 2.754228703338540e+08  1.000000000000000e+00  0.000000000000000e+00 -7.594432183545118e-15  6.916078383258664e-15  1.243791048249440e-07 -4.764983093143679e-07 
 2.786121168630148e+08  1.000000000000000e+00  0.000000000000000e+00 -7.279614428952598e-15  7.033098578960247e-15  1.068102921075864e-07 -4.711664813171516e-07 
 2.818382931264836e+08  1.000000000000000e+00  0.000000000000000e+00 -6.969215129085201e-15  7.151854609868549e-15  8.981154322261926e-08 -4.652859881842016e-07 
 2.851018267504296e+08  1.000000000000000e+00  0.000000000000000e+00 -6.656760397892173e-15  7.252107576620996e-15  7.339441916244812e-08 -4.588952585064299e-07 
 2.884031503126997e+08  1.000000000000000e+00  0.000000000000000e+00 -6.348670487033350e-15  7.336494610419745e-15  5.756807782691409e-08 -4.520323481975810e-07 
 2.917427014001563e+08  1.000000000000000e+00  0.000000000000000e+00 -6.041932453993235e-15  7.406701042132036e-15  4.233937121083528e-08 -4.447347942291441e-07 
 2.951209226666787e+08  1.000000000000000e+00  0.000000000000000e+00 -5.738774561214646e-15  7.469196085892524e-15  2.771295091984389e-08 -4.370394803448813e-07 
 2.985382618918365e+08  1.000000000000000e+00  0.000000000000000e+00 -5.439568694211735e-15  7.521298405967116e-15  1.369137971728672e-08 -4.289825165453345e-07 
 3.019951720402427e+08  1.000000000000000e+00  0.000000000000000e+00 -5.143782579527720e-15  7.562782585712725e-15  2.752482478570167e-10 -4.205991311451436e-07 
 3.054921113215929e+08  1.000000000000000e+00  0.000000000000000e+00 -4.850450630518605e-15  7.595993424085586e-15 -1.253670454239452e-08 -4.119235753989284e-07 
 3.090295432514011e+08  1.000000000000000e+00  0.000000000000000e+00 -4.562594685717186e-15  7.615890757412181e-15 -2.474746872973951e-08 -4.029890413212920e-07 
 3.126079367124381e+08  1.000000000000000e+00  0.000000000000000e+00 -4.280145381996592e-15  7.624053931562226e-15 -3.636163944409733e-08 -3.938275912042184e-07 
 3.162277660168810e+08  1.000000000000000e+00  0.000000000000000e+00 -4.001448427614890e-15  7.628127365945131e-15 -4.738529275217058e-08 -3.844700990858028e-07 
 3.198895109691834e+08  1.000000000000000e+00  0.000000000000000e+00 -3.729667570039413e-15  7.614256724977809e-15 -5.782586252321039e-08 -3.749462034317766e-07 
 3.235936569296724e+08  1.000000000000000e+00  0.000000000000000e+00 -3.462218306607297e-15  7.598990173713412e-15 -6.769201909054413e-08 -3.652842705129094e-07 
 3.273406948788829e+08  1.000000000000000e+00  0.000000000000000e+00 -3.200749810466845e-15  7.573535933675914e-15 -7.699354985449181e-08 -3.555113673555312e-07 
 3.311311214826363e+08  1.000000000000000e+00  0.000000000000000e+00 -2.943514202661619e-15  7.542827654145716e-15 -8.574124415081116e-08 -3.456532446315912e-07 
 3.349654391578735e+08  1.000000000000000e+00  0.000000000000000e+00 -2.690983307013020e-15  7.509098113971780e-15 -9.394678075236985e-08 -3.357343274001082e-07 
 3.388441561392489e+08  1.000000000000000e+00  0.000000000000000e+00 -2.446180792914727e-15  7.462347877453532e-15 -1.016226203043397e-07 -3.257777142900164e-07 
 3.427677865464973e+08  1.000000000000000e+00  0.000000000000000e+00 -2.209227799313089e-15  7.406931170395893e-15 -1.087819022189879e-07 -3.158051833817913e-07 
 3.467368504525791e+08  1.000000000000000e+00  0.000000000000000e+00 -1.976534428524075e-15  7.348022570013199e-15 -1.154383463806880e-07 -3.058372048560285e-07 
 3.507518739526161e+08  1.000000000000000e+00  0.000000000000000e+00 -1.749718844349185e-15  7.285222117935666e-15 -1.216061601316039e-07 -2.958929590838575e-07 
 3.548133892336241e+08  1.000000000000000e+00  0.000000000000000e+00 -1.529493877953093e-15  7.214947235373325e-15 -1.272999505646066e-07 -2.859903599830474e-07 
 3.589219346450545e+08  1.000000000000000e+00  0.000000000000000e+00 -1.316289888247452e-15  7.139028836981225e-15 -1.325346420629009e-07 -2.761460826424363e-07 
 3.630780547701512e+08  1.000000000000000e+00  0.000000000000000e+00 -1.109040037235198e-15  7.059243733184908e-15 -1.373253993646671e-07 -2.663755948403746e-07 
 3.672823004981351e+08  1.000000000000000e+00  0.000000000000000e+00 -9.056117341831580e-16  6.976826686263236e-15 -1.416875561849403e-07 -2.566931917283278e-07 
 3.715352290972236e+08  1.000000000000000e+00  0.000000000000000e+00 -7.085543629741122e-16  6.890238902048843e-15 -1.456365489669072e-07 -2.471120332273390e-07 
 3.758374042884958e+08  1.000000000000000e+00  0.000000000000000e+00 -5.202859644444545e-16  6.797193073946787e-15 -1.491878557982185e-07 -2.376441835187217e-07 
 3.801893963206135e+08  1.000000000000000e+00  0.000000000000000e+00 -3.392952200580466e-16  6.699774808831445e-15 -1.523569407542700e-07 -2.283006523537126e-07 
 3.845917820454065e+08  1.000000000000000e+00  0.000000000000000e+00 -1.622020713086498e-16  6.600774259700852e-15 -1.551592029360937e-07 -2.190914375263650e-07 
 3.890451449943342e+08  1.000000000000000e+00  0.000000000000000e+00  1.137644657501330e-17  6.501202307437998e-15 -1.576099303672608e-07 -2.100255682931801e-07 
 3.935500754558317e+08  1.000000000000000e+00  0.000000000000000e+00  1.767800906660476e-16  6.396792658845799e-15 -1.597242583643078e-07 -2.011111493288348e-07 
 3.981071705535522e+08  1.000000000000000e+00  0.000000000000000e+00  3.383184851907440e-16  6.291171567850568e-15 -1.615171323891167e-07 -1.923554048615547e-07 
 4.027170343255147e+08  1.000000000000000e+00  0.000000000000000e+00  4.909173204598982e-16  6.181325264756197e-15 -1.630032749298708e-07 -1.837647227644349e-07 
 4.073802778041690e+08  1.000000000000000e+00  0.000000000000000e+00  6.371761670584132e-16  6.068978229233955e-15 -1.641971562679282e-07 -1.753446983456447e-07 
 4.120975190973871e+08  1.000000000000000e+00  0.000000000000000e+00  7.812593565923462e-16  5.956614994206597e-15 -1.651129690597367e-07 -1.671001775684895e-07 
 4.168693834703930e+08  1.000000000000000e+00  0.000000000000000e+00  9.153829209742264e-16  5.840410994159033e-15 -1.657646061107817e-07 -1.590352996004073e-07 
 4.216965034286405e+08  1.000000000000000e+00  0.000000000000000e+00  1.046963295401755e-15  5.724133990459327e-15 -1.661656416122798e-07 -1.511535384385740e-07 
 4.265795188016517e+08  1.000000000000000e+00  0.000000000000000e+00  1.171307573240009e-15  5.605885914621581e-15 -1.663293151574764e-07 -1.434577435229355e-07 
 4.315190768278250e+08  1.000000000000000e+00  0.000000000000000e+00  1.291461949665110e-15  5.487288570041991e-15 -1.662685186722646e-07 -1.359501792394665e-07 
 4.365158322402264e+08  1.000000000000000e+00  0.000000000000000e+00  1.406169718950909e-15  5.367410141069237e-15 -1.659957857562323e-07 -1.286325631697790e-07 
 4.415704473533736e+08  1.000000000000000e+00  0.000000000000000e+00  1.519420723916328e-15  5.247679228178204e-15 -1.655232834883340e-07 -1.215061030603018e-07 
 4.466835921510250e+08  1.000000000000000e+00  0.000000000000000e+00  1.622003693018214e-15  5.125865964195685e-15 -1.648628062966165e-07 -1.145715324116683e-07 
 4.518559443749850e+08  1.000000000000000e+00  0.000000000000000e+00  1.719130261162345e-15  5.003446859897642e-15 -1.640257717687085e-07 -1.078291447236880e-07 
 4.570881896149384e+08  1.000000000000000e+00  0.000000000000000e+00  1.812117670460821e-15  4.881075546786671e-15 -1.630232183344699e-07 -1.012788262425753e-07 
 4.623810213993244e+08  1.000000000000000e+00  0.000000000000000e+00  1.905514593719514e-15  4.759366441386884e-15 -1.618658044594542e-07 -9.492008732367877e-08 
 4.677351412872631e+08  1.000000000000000e+00  0.000000000000000e+00  1.991027149016706e-15  4.637013260074940e-15 -1.605638092598698e-07 -8.875209235531426e-08 
 4.731512589615462e+08  1.000000000000000e+00  0.000000000000000e+00  2.071164486170182e-15  4.514433656268282e-15 -1.591271345374680e-07 -8.277368818730522e-08 
 4.786300923227049e+08  1.000000000000000e+00  0.000000000000000e+00  2.143379630047107e-15  4.391806208334994e-15 -1.575653078107513e-07 -7.698343122678129e-08 
 4.841723675841666e+08  1.000000000000000e+00  0.000000000000000e+00  2.218728981117331e-15  4.270077422654074e-15 -1.558874865034718e-07 -7.137961301302114e-08 
 4.897788193685143e+08  1.000000000000000e+00  0.000000000000000e+00  2.287687283312063e-15  4.148352938312339e-15 -1.541024628660817e-07 -6.596028456885081e-08 
 4.954501908048592e+08  1.000000000000000e+00  0.000000000000000e+00  2.347631963807927e-15  4.027187403071564e-15 -1.522186698699164e-07 -6.072327925316056e-08 
 5.011872336273420e+08  1.000000000000000e+00  0.000000000000000e+00  2.406582121744597e-15  3.906522517242174e-15 -1.502441876248675e-07 -5.566623439134678e-08 
 5.069907082747750e+08  1.000000000000000e+00  0.000000000000000e+00  2.461553660048894e-15  3.786463101151394e-15 -1.481867504281205e-07 -5.078661161859908e-08 
 5.128613839914363e+08  1.000000000000000e+00  0.000000000000000e+00  2.511346544792798e-15  3.667372392967253e-15 -1.460537543086049e-07 -4.608171602555639e-08 
 5.188000389290334e+08  1.000000000000000e+00  0.000000000000000e+00  2.561860889849525e-15  3.548530275718241e-15 -1.438522649822077e-07 -4.154871402274925e-08 
 5.248074602498457e+08  1.000000000000000e+00  0.000000000000000e+00  2.604099378904443e-15  3.431031989474937e-15 -1.415890261102549e-07 -3.718465018517702e-08 
 5.308844442310624e+08  1.000000000000000e+00  0.000000000000000e+00  2.644415261987771e-15  3.314345504902238e-15 -1.392704678922013e-07 -3.298646289403953e-08 
 5.370317963703276e+08  1.000000000000000e+00  0.000000000000000e+00  2.682434918160431e-15  3.198332517401724e-15 -1.369027157241333e-07 -2.895099904672223e-08 
 5.432503314925090e+08  1.000000000000000e+00  0.000000000000000e+00  2.713941235075841e-15  3.084048496200124e-15 -1.344915992040884e-07 -2.507502762562725e-08 
 5.495408738577013e+08  1.000000000000000e+00  0.000000000000000e+00  2.741974716907508e-15  2.971060200488529e-15 -1.320426610478078e-07 -2.135525243597612e-08 
 5.559042572704812e+08  1.000000000000000e+00  0.000000000000000e+00  2.770679737047670e-15  2.858176278426626e-15 -1.295611661684557e-07 -1.778832388326761e-08 
 5.623413251904277e+08  1.000000000000000e+00  0.000000000000000e+00  2.795355156759948e-15  2.746663714286857e-15 -1.270521107436455e-07 -1.437084987424288e-08 
 5.688529308439209e+08  1.000000000000000e+00  0.000000000000000e+00  2.815206379730477e-15  2.637010357687808e-15 -1.245202312455525e-07 -1.109940589949535e-08 
 5.754399373372374e+08  1.000000000000000e+00  0.000000000000000e+00  2.831995658006021e-15  2.528780067725345e-15 -1.219700134133733e-07 -7.970544422454727e-09 
 5.821032177709528e+08  1.000000000000000e+00  0.000000000000000e+00  2.846458401473253e-15  2.421665878501329e-15 -1.194057011959411e-07 -4.980803381913293e-09 
 5.888436553556714e+08  1.000000000000000e+00  0.000000000000000e+00  2.859316149854337e-15  2.315446884815733e-15 -1.168313055162684e-07 -2.126714151413453e-09 
 5.956621435290939e+08  1.000000000000000e+00  0.000000000000000e+00  2.869297890507247e-15  2.210678716914104e-15 -1.142506129505324e-07  5.951912302689955e-10 
 6.025595860744421e+08  1.000000000000000e+00  0.000000000000000e+00  2.872684526753717e-15  2.109527753169297e-15 -1.116671942576551e-07  3.188373436181738e-09 
 6.095368972402545e+08  1.000000000000000e+00  0.000000000000000e+00  2.878337148187659e-15  2.007218435266378e-15 -1.090844127485906e-07  5.656279793212461e-09 
 6.165950018615686e+08  1.000000000000000e+00  0.000000000000000e+00  2.878339530467823e-15  1.908344065920786e-15 -1.065054324646066e-07  8.002338758148463e-09 
 6.237348354825066e+08  1.000000000000000e+00  0.000000000000000e+00  2.878059506669417e-15  1.809739258193212e-15 -1.039332261846635e-07  1.022995491565009e-08 
 6.309573444802817e+08  1.000000000000000e+00  0.000000000000000e+00  2.875044850235690e-15  1.712971016418633e-15 -1.013705832358973e-07  1.234250443735516e-08 
 6.382634861906382e+08  1.000000000000000e+00  0.000000000000000e+00  2.869361404743401e-15  1.618122356443324e-15 -9.882011711307574e-08  1.434333102274393e-08 
 6.456542290347461e+08  1.000000000000000e+00  0.000000000000000e+00  2.861519150201247e-15  1.524930851909230e-15 -9.628427286409215e-08  1.623574218311178e-08 
 6.531305526475639e+08  1.000000000000000e+00  0.000000000000000e+00  2.850822301982618e-15  1.434080109689983e-15 -9.376533429411113e-08  1.802300599313118e-08 
 6.606934480076886e+08  1.000000000000000e+00  0.000000000000000e+00  2.839120091830046e-15  1.344062517018590e-15 -9.126543093491922e-08  1.970834812626992e-08 
 6.683439175687084e+08  1.000000000000000e+00  0.000000000000000e+00  2.824919425650650e-15  1.256320643796118e-15 -8.878654481215060e-08  2.129494928430470e-08 
 6.760829753920767e+08  1.000000000000000e+00  0.000000000000000e+00  2.809136422516445e-15  1.170005379197614e-15 -8.633051699242896e-08  2.278594292006114e-08 
 6.839116472815254e+08  1.000000000000000e+00  0.000000000000000e+00  2.792046871061099e-15  1.084911403760152e-15 -8.389905391127546e-08  2.418441321724187e-08 
 6.918309709190336e+08  1.000000000000000e+00  0.000000000000000e+00  2.772089596918595e-15  1.002775588320581e-15 -8.149373349030375e-08  2.549339338077147e-08 
 6.998419960023718e+08  1.000000000000000e+00  0.000000000000000e+00  2.751048398536292e-15  9.218277663680353e-16 -7.911601104565752e-08  2.671586414888194e-08 
 7.079457843842374e+08  1.000000000000000e+00  0.000000000000000e+00  2.729193333840576e-15  8.416916931465352e-16 -7.676722498408130e-08  2.785475254086073e-08 
 7.161434102130027e+08  1.000000000000000e+00  0.000000000000000e+00  2.704246585652491e-15  7.653182097599101e-16 -7.444860228315625e-08  2.891293080581964e-08 
 7.244359600750920e+08  1.000000000000000e+00  0.000000000000000e+00  2.678630284389381e-15  6.897334695571339e-16 -7.216126378785451e-08  2.989321557870719e-08 
 7.328245331390072e+08  1.000000000000000e+00  0.000000000000000e+00  2.651926935452479e-15  6.154632914012719e-16 -6.990622928929954e-08  3.079836719503130e-08 
 7.413102413010219e+08  1.000000000000000e+00  0.000000000000000e+00  2.623522254666567e-15  5.435623636605537e-16 -6.768442242283203e-08  3.163108919664117e-08 
 7.498942093325615e+08  1.000000000000000e+00  0.000000000000000e+00  2.593522624075866e-15  4.740598097099860e-16 -6.549667536241263e-08  3.239402795293892e-08 
 7.585775750292907e+08  1.000000000000000e+00  0.000000000000000e+00  2.562495555755035e-15  4.061222219213646e-16 -6.334373334198763e-08  3.308977242945434e-08 
 7.673614893619272e+08  1.000000000000000e+00  0.000000000000000e+00  2.530324172392242e-15  3.400152112981026e-16 -6.122625899231096e-08  3.372085410892017e-08 
 7.762471166288012e+08  1.000000000000000e+00  0.000000000000000e+00  2.497493380497458e-15  2.748885619019487e-16 -5.914483649478747e-08  3.428974696837166e-08 
 7.852356346101826e+08  1.000000000000000e+00  0.000000000000000e+00  2.463569386705123e-15  2.116103104502710e-16 -5.709997557693679e-08  3.479886762499405e-08 
 7.943282347243937e+08  1.000000000000000e+00  0.000000000000000e+00  2.428203928125018e-15  1.512951787714359e-16 -5.509211533514322e-08  3.525057550608840e-08 
 8.035261221857308e+08  1.000000000000000e+00  0.000000000000000e+00  2.391865923520233e-15  9.305145293022141e-17 -5.312162790143548e-08  3.564717315754064e-08 
 8.128305161642141e+08  1.000000000000000e+00  0.000000000000000e+00  2.355288321087939e-15  3.497936375738921e-17 -5.118882195319985e-08  3.599090660616263e-08 
 8.222426499471874e+08  1.000000000000000e+00  0.000000000000000e+00  2.317634378007700e-15 -2.052280098369385e-17 -4.929394607479073e-08  3.628396577883191e-08 
 8.317637711027887e+08  1.000000000000000e+00  0.000000000000000e+00  2.279187969430856e-15 -7.406671819495356e-17 -4.743719197888326e-08  3.652848499777484e-08 
 8.413951416453142e+08  1.000000000000000e+00  0.000000000000000e+00  2.240105975123661e-15 -1.259631894110282e-16 -4.561869758406573e-08  3.672654352523379e-08 
 8.511380382024970e+08  1.000000000000000e+00  0.000000000000000e+00  2.200353302775808e-15 -1.759185919842409e-16 -4.383854996047997e-08  3.688016615825516e-08 
 8.609937521847227e+08  1.000000000000000e+00  0.000000000000000e+00  2.160053599345261e-15 -2.241846601360489e-16 -4.209678815143750e-08  3.699132384623713e-08 
 8.709635899562042e+08  1.000000000000000e+00  0.000000000000000e+00  2.119304578023421e-15 -2.711791994851302e-16 -4.039340586821397e-08  3.706193437191915e-08 
 8.810488730081391e+08  1.000000000000000e+00  0.000000000000000e+00  2.077931756640597e-15 -3.154420906665408e-16 -3.872835406153562e-08  3.709386305572020e-08 
 8.912509381338720e+08  1.000000000000000e+00  0.000000000000000e+00  2.036214450928592e-15 -3.584453181239312e-16 -3.710154339506166e-08  3.708892346368659e-08 
 9.015711376060849e+08  1.000000000000000e+00  0.000000000000000e+00  1.994162798812993e-15 -4.002011506001467e-16 -3.551284658932532e-08  3.704887818186174e-08 
 9.120108393560393e+08  1.000000000000000e+00  0.000000000000000e+00  1.951729571589545e-15 -4.395141334390359e-16 -3.396210067834464e-08  3.697543956941006e-08 
 9.225714271548942e+08  1.000000000000000e+00  0.000000000000000e+00  1.909039488242288e-15 -4.772246622906180e-16 -3.244910916112259e-08  3.687027055488022e-08 
 9.332543007971237e+08  1.000000000000000e+00  0.000000000000000e+00  1.866130413790941e-15 -5.138114563538795e-16 -3.097364405111885e-08  3.673498543165180e-08 
 9.440608762860576e+08  1.000000000000000e+00  0.000000000000000e+00  1.823050900428738e-15 -5.479993339965085e-16 -2.953544784281499e-08  3.657115067322513e-08 
 9.549925860215718e+08  1.000000000000000e+00  0.000000000000000e+00  1.779829790289279e-15 -5.809691120865369e-16 -2.813423538733752e-08  3.638028574643550e-08 
 9.660508789899508e+08  1.000000000000000e+00  0.000000000000000e+00  1.736550734493549e-15 -6.119103190597851e-16 -2.676969568552194e-08  3.616386394031222e-08 
 9.772372209559498e+08  1.000000000000000e+00  0.000000000000000e+00  1.693112671423029e-15 -6.423804764526865e-16 -2.544149359857402e-08  3.592331319352409e-08 
 9.885530946570796e+08  1.000000000000000e+00  0.000000000000000e+00  1.649762825510477e-15 -6.704035887481946e-16 -2.414927148535584e-08  3.566001692363662e-08 
 1.000000000000142e+09  1.000000000000000e+00  0.000000000000000e+00  1.606423924851790e-15 -6.970545738435998e-16 -2.289265076712135e-08  3.537531485944861e-08 
