Corner,Process,Environment,AVDD_V,Temperature_C,Electrode,Parameter,Unit,Value
NOMNOMNOM,NOM,NOMNOM,3.3,27,BAL,"AVDD",V,3.300
NOMNOMNOM,NOM,NOMNOM,3.3,27,BAL,"Temperature",C,27.000
NOMNOMNOM,NOM,NOMNOM,3.3,27,BAL,"S1 target gain",V/V,60.000
NOMNOMNOM,NOM,NOMNOM,3.3,27,BAL,"S2 target gain",V/V,4.000
NOMNOMNOM,NOM,NOMNOM,3.3,27,BAL,"INA target gain",V/V,240.000
NOMNOMNOM,NOM,NOMNOM,3.3,27,BAL,"Total current",mA,3.860
NOMNOMNOM,NOM,NOMNOM,3.3,27,BAL,"Total power",mW,12.738
NOMNOMNOM,NOM,NOMNOM,3.3,27,BAL,"Output CM error",mV,-0.134
NOMNOMNOM,NOM,NOMNOM,3.3,27,BAL,"Input-referred offset",uV,-0.000
NOMNOMNOM,NOM,NOMNOM,3.3,27,BAL,"S1 gain",V/V,60.001
NOMNOMNOM,NOM,NOMNOM,3.3,27,BAL,"S1 gain dB",dB,35.563
NOMNOMNOM,NOM,NOMNOM,3.3,27,BAL,"S1 gain error",%,0.001
NOMNOMNOM,NOM,NOMNOM,3.3,27,BAL,"S1 -3 dB bandwidth",kHz,261.753
NOMNOMNOM,NOM,NOMNOM,3.3,27,BAL,"S2 gain",V/V,4.000
NOMNOMNOM,NOM,NOMNOM,3.3,27,BAL,"S2 gain dB",dB,12.042
NOMNOMNOM,NOM,NOMNOM,3.3,27,BAL,"S2 gain error",%,0.010
NOMNOMNOM,NOM,NOMNOM,3.3,27,BAL,"S2 -3 dB bandwidth",MHz,2.616
NOMNOMNOM,NOM,NOMNOM,3.3,27,BAL,"INA gain",V/V,240.027
NOMNOMNOM,NOM,NOMNOM,3.3,27,BAL,"INA gain dB",dB,47.605
NOMNOMNOM,NOM,NOMNOM,3.3,27,BAL,"INA gain error",%,0.011
NOMNOMNOM,NOM,NOMNOM,3.3,27,BAL,"Gain flatness 0.05-150 Hz",dB,1.433e-06
NOMNOMNOM,NOM,NOMNOM,3.3,27,BAL,"INA -3 dB bandwidth",kHz,259.131
NOMNOMNOM,NOM,NOMNOM,3.3,27,BAL,"Input range low",mV,-12.800
NOMNOMNOM,NOM,NOMNOM,3.3,27,BAL,"Input range high",mV,12.800
NOMNOMNOM,NOM,NOMNOM,3.3,27,BAL,"Output range low",V,-3.071
NOMNOMNOM,NOM,NOMNOM,3.3,27,BAL,"Output range high",V,3.071
NOMNOMNOM,NOM,NOMNOM,3.3,27,BAL,"INA CMRR @ 60 Hz",dB,229.590
NOMNOMNOM,NOM,NOMNOM,3.3,27,BAL,"INA CMRR @ 150 Hz",dB,229.396
NOMNOMNOM,NOM,NOMNOM,3.3,27,BAL,"INA PSRR+ @ 60 Hz",dB,210.166
NOMNOMNOM,NOM,NOMNOM,3.3,27,BAL,"INA PSRR+ @ 150 Hz",dB,210.166
NOMNOMNOM,NOM,NOMNOM,3.3,27,BAL,"INA PSRR- @ 60 Hz",dB,225.095
NOMNOMNOM,NOM,NOMNOM,3.3,27,BAL,"INA PSRR- @ 150 Hz",dB,225.250
NOMNOMNOM,NOM,NOMNOM,3.3,27,BAL,"Input-referred noise 0.05-150 Hz",uVrms,2.677
NOMNOMNOM,NOM,NOMNOM,3.3,27,BAL,"THD @ 60 Hz, 5 mVpp",%,1.515e-05
NOMNOMNOM,NOM,NOMNOM,3.3,27,BAL,"RLD gain",V/V,4.999
NOMNOMNOM,NOM,NOMNOM,3.3,27,BAL,"RLD -3 dB bandwidth",Hz,182.771
NOMNOMNOM,NOM,NOMNOM,3.3,27,BAL,"RLD phase margin",deg,64.006
NOMNOMNOM,NOM,NOMNOM,3.3,27,BAL,"Input CM suppression @ 60 Hz",dB,37.231
NOMNOMNOM,NOM,NOMNOM,3.3,27,BAL,"Input CM suppression @ 150 Hz",dB,27.735
NOMVLNOM,NOM,VLNOM,3,27,BAL,"AVDD",V,3.000
NOMVLNOM,NOM,VLNOM,3,27,BAL,"Temperature",C,27.000
NOMVLNOM,NOM,VLNOM,3,27,BAL,"S1 target gain",V/V,60.000
NOMVLNOM,NOM,VLNOM,3,27,BAL,"S2 target gain",V/V,4.000
NOMVLNOM,NOM,VLNOM,3,27,BAL,"INA target gain",V/V,240.000
NOMVLNOM,NOM,VLNOM,3,27,BAL,"Total current",mA,3.771
NOMVLNOM,NOM,VLNOM,3,27,BAL,"Total power",mW,11.314
NOMVLNOM,NOM,VLNOM,3,27,BAL,"Output CM error",mV,-0.164
NOMVLNOM,NOM,VLNOM,3,27,BAL,"Input-referred offset",uV,-0.001
NOMVLNOM,NOM,VLNOM,3,27,BAL,"S1 gain",V/V,59.993
NOMVLNOM,NOM,VLNOM,3,27,BAL,"S1 gain dB",dB,35.562
NOMVLNOM,NOM,VLNOM,3,27,BAL,"S1 gain error",%,-0.012
NOMVLNOM,NOM,VLNOM,3,27,BAL,"S1 -3 dB bandwidth",kHz,257.117
NOMVLNOM,NOM,VLNOM,3,27,BAL,"S2 gain",V/V,4.000
NOMVLNOM,NOM,VLNOM,3,27,BAL,"S2 gain dB",dB,12.042
NOMVLNOM,NOM,VLNOM,3,27,BAL,"S2 gain error",%,0.009
NOMVLNOM,NOM,VLNOM,3,27,BAL,"S2 -3 dB bandwidth",MHz,2.574
NOMVLNOM,NOM,VLNOM,3,27,BAL,"INA gain",V/V,239.992
NOMVLNOM,NOM,VLNOM,3,27,BAL,"INA gain dB",dB,47.604
NOMVLNOM,NOM,VLNOM,3,27,BAL,"INA gain error",%,-0.003
NOMVLNOM,NOM,VLNOM,3,27,BAL,"Gain flatness 0.05-150 Hz",dB,1.485e-06
NOMVLNOM,NOM,VLNOM,3,27,BAL,"INA -3 dB bandwidth",kHz,254.598
NOMVLNOM,NOM,VLNOM,3,27,BAL,"Input range low",mV,-11.550
NOMVLNOM,NOM,VLNOM,3,27,BAL,"Input range high",mV,11.550
NOMVLNOM,NOM,VLNOM,3,27,BAL,"Output range low",V,-2.771
NOMVLNOM,NOM,VLNOM,3,27,BAL,"Output range high",V,2.771
NOMVLNOM,NOM,VLNOM,3,27,BAL,"INA CMRR @ 60 Hz",dB,217.802
NOMVLNOM,NOM,VLNOM,3,27,BAL,"INA CMRR @ 150 Hz",dB,217.966
NOMVLNOM,NOM,VLNOM,3,27,BAL,"INA PSRR+ @ 60 Hz",dB,187.799
NOMVLNOM,NOM,VLNOM,3,27,BAL,"INA PSRR+ @ 150 Hz",dB,187.799
NOMVLNOM,NOM,VLNOM,3,27,BAL,"INA PSRR- @ 60 Hz",dB,211.424
NOMVLNOM,NOM,VLNOM,3,27,BAL,"INA PSRR- @ 150 Hz",dB,211.322
NOMVLNOM,NOM,VLNOM,3,27,BAL,"Input-referred noise 0.05-150 Hz",uVrms,2.678
NOMVLNOM,NOM,VLNOM,3,27,BAL,"THD @ 60 Hz, 5 mVpp",%,3.238e-05
NOMVLNOM,NOM,VLNOM,3,27,BAL,"RLD gain",V/V,4.999
NOMVLNOM,NOM,VLNOM,3,27,BAL,"RLD -3 dB bandwidth",Hz,182.763
NOMVLNOM,NOM,VLNOM,3,27,BAL,"RLD phase margin",deg,64.001
NOMVLNOM,NOM,VLNOM,3,27,BAL,"Input CM suppression @ 60 Hz",dB,37.227
NOMVLNOM,NOM,VLNOM,3,27,BAL,"Input CM suppression @ 150 Hz",dB,27.731
NOMVHNOM,NOM,VHNOM,3.6,27,BAL,"AVDD",V,3.600
NOMVHNOM,NOM,VHNOM,3.6,27,BAL,"Temperature",C,27.000
NOMVHNOM,NOM,VHNOM,3.6,27,BAL,"S1 target gain",V/V,60.000
NOMVHNOM,NOM,VHNOM,3.6,27,BAL,"S2 target gain",V/V,4.000
NOMVHNOM,NOM,VHNOM,3.6,27,BAL,"INA target gain",V/V,240.000
NOMVHNOM,NOM,VHNOM,3.6,27,BAL,"Total current",mA,3.930
NOMVHNOM,NOM,VHNOM,3.6,27,BAL,"Total power",mW,14.149
NOMVHNOM,NOM,VHNOM,3.6,27,BAL,"Output CM error",mV,-0.110
NOMVHNOM,NOM,VHNOM,3.6,27,BAL,"Input-referred offset",uV,-0.000
NOMVHNOM,NOM,VHNOM,3.6,27,BAL,"S1 gain",V/V,60.007
NOMVHNOM,NOM,VHNOM,3.6,27,BAL,"S1 gain dB",dB,35.564
NOMVHNOM,NOM,VHNOM,3.6,27,BAL,"S1 gain error",%,0.012
NOMVHNOM,NOM,VHNOM,3.6,27,BAL,"S1 -3 dB bandwidth",kHz,265.171
NOMVHNOM,NOM,VHNOM,3.6,27,BAL,"S2 gain",V/V,4.000
NOMVHNOM,NOM,VHNOM,3.6,27,BAL,"S2 gain dB",dB,12.042
NOMVHNOM,NOM,VHNOM,3.6,27,BAL,"S2 gain error",%,0.011
NOMVHNOM,NOM,VHNOM,3.6,27,BAL,"S2 -3 dB bandwidth",MHz,2.646
NOMVHNOM,NOM,VHNOM,3.6,27,BAL,"INA gain",V/V,240.054
NOMVHNOM,NOM,VHNOM,3.6,27,BAL,"INA gain dB",dB,47.606
NOMVHNOM,NOM,VHNOM,3.6,27,BAL,"INA gain error",%,0.023
NOMVHNOM,NOM,VHNOM,3.6,27,BAL,"Gain flatness 0.05-150 Hz",dB,1.396e-06
NOMVHNOM,NOM,VHNOM,3.6,27,BAL,"INA -3 dB bandwidth",kHz,262.572
NOMVHNOM,NOM,VHNOM,3.6,27,BAL,"Input range low",mV,-14.050
NOMVHNOM,NOM,VHNOM,3.6,27,BAL,"Input range high",mV,14.050
NOMVHNOM,NOM,VHNOM,3.6,27,BAL,"Output range low",V,-3.372
NOMVHNOM,NOM,VHNOM,3.6,27,BAL,"Output range high",V,3.372
NOMVHNOM,NOM,VHNOM,3.6,27,BAL,"INA CMRR @ 60 Hz",dB,212.227
NOMVHNOM,NOM,VHNOM,3.6,27,BAL,"INA CMRR @ 150 Hz",dB,212.202
NOMVHNOM,NOM,VHNOM,3.6,27,BAL,"INA PSRR+ @ 60 Hz",dB,201.265
NOMVHNOM,NOM,VHNOM,3.6,27,BAL,"INA PSRR+ @ 150 Hz",dB,201.265
NOMVHNOM,NOM,VHNOM,3.6,27,BAL,"INA PSRR- @ 60 Hz",dB,209.943
NOMVHNOM,NOM,VHNOM,3.6,27,BAL,"INA PSRR- @ 150 Hz",dB,209.969
NOMVHNOM,NOM,VHNOM,3.6,27,BAL,"Input-referred noise 0.05-150 Hz",uVrms,2.678
NOMVHNOM,NOM,VHNOM,3.6,27,BAL,"THD @ 60 Hz, 5 mVpp",%,3.099e-05
NOMVHNOM,NOM,VHNOM,3.6,27,BAL,"RLD gain",V/V,4.999
NOMVHNOM,NOM,VHNOM,3.6,27,BAL,"RLD -3 dB bandwidth",Hz,182.779
NOMVHNOM,NOM,VHNOM,3.6,27,BAL,"RLD phase margin",deg,64.010
NOMVHNOM,NOM,VHNOM,3.6,27,BAL,"Input CM suppression @ 60 Hz",dB,37.235
NOMVHNOM,NOM,VHNOM,3.6,27,BAL,"Input CM suppression @ 150 Hz",dB,27.739
NOMNOMTL,NOM,NOMTL,3.3,-40,BAL,"AVDD",V,3.300
NOMNOMTL,NOM,NOMTL,3.3,-40,BAL,"Temperature",C,-40.000
NOMNOMTL,NOM,NOMTL,3.3,-40,BAL,"S1 target gain",V/V,60.000
NOMNOMTL,NOM,NOMTL,3.3,-40,BAL,"S2 target gain",V/V,4.000
NOMNOMTL,NOM,NOMTL,3.3,-40,BAL,"INA target gain",V/V,240.000
NOMNOMTL,NOM,NOMTL,3.3,-40,BAL,"Total current",mA,3.123
NOMNOMTL,NOM,NOMTL,3.3,-40,BAL,"Total power",mW,10.307
NOMNOMTL,NOM,NOMTL,3.3,-40,BAL,"Output CM error",mV,-7.165
NOMNOMTL,NOM,NOMTL,3.3,-40,BAL,"Input-referred offset",uV,-0.000
NOMNOMTL,NOM,NOMTL,3.3,-40,BAL,"S1 gain",V/V,59.977
NOMNOMTL,NOM,NOMTL,3.3,-40,BAL,"S1 gain dB",dB,35.560
NOMNOMTL,NOM,NOMTL,3.3,-40,BAL,"S1 gain error",%,-0.038
NOMNOMTL,NOM,NOMTL,3.3,-40,BAL,"S1 -3 dB bandwidth",kHz,273.775
NOMNOMTL,NOM,NOMTL,3.3,-40,BAL,"S2 gain",V/V,4.000
NOMNOMTL,NOM,NOMTL,3.3,-40,BAL,"S2 gain dB",dB,12.041
NOMNOMTL,NOM,NOMTL,3.3,-40,BAL,"S2 gain error",%,-0.007
NOMNOMTL,NOM,NOMTL,3.3,-40,BAL,"S2 -3 dB bandwidth",MHz,2.715
NOMNOMTL,NOM,NOMTL,3.3,-40,BAL,"INA gain",V/V,239.890
NOMNOMTL,NOM,NOMTL,3.3,-40,BAL,"INA gain dB",dB,47.600
NOMNOMTL,NOM,NOMTL,3.3,-40,BAL,"INA gain error",%,-0.046
NOMNOMTL,NOM,NOMTL,3.3,-40,BAL,"Gain flatness 0.05-150 Hz",dB,1.314e-06
NOMNOMTL,NOM,NOMTL,3.3,-40,BAL,"INA -3 dB bandwidth",kHz,270.975
NOMNOMTL,NOM,NOMTL,3.3,-40,BAL,"Input range low",mV,-13.000
NOMNOMTL,NOM,NOMTL,3.3,-40,BAL,"Input range high",mV,13.000
NOMNOMTL,NOM,NOMTL,3.3,-40,BAL,"Output range low",V,-3.118
NOMNOMTL,NOM,NOMTL,3.3,-40,BAL,"Output range high",V,3.118
NOMNOMTL,NOM,NOMTL,3.3,-40,BAL,"INA CMRR @ 60 Hz",dB,230.347
NOMNOMTL,NOM,NOMTL,3.3,-40,BAL,"INA CMRR @ 150 Hz",dB,230.344
NOMNOMTL,NOM,NOMTL,3.3,-40,BAL,"INA PSRR+ @ 60 Hz",dB,190.093
NOMNOMTL,NOM,NOMTL,3.3,-40,BAL,"INA PSRR+ @ 150 Hz",dB,190.093
NOMNOMTL,NOM,NOMTL,3.3,-40,BAL,"INA PSRR- @ 60 Hz",dB,225.876
NOMNOMTL,NOM,NOMTL,3.3,-40,BAL,"INA PSRR- @ 150 Hz",dB,225.877
NOMNOMTL,NOM,NOMTL,3.3,-40,BAL,"Input-referred noise 0.05-150 Hz",uVrms,2.532
NOMNOMTL,NOM,NOMTL,3.3,-40,BAL,"THD @ 60 Hz, 5 mVpp",%,1.469e-05
NOMNOMTL,NOM,NOMTL,3.3,-40,BAL,"RLD gain",V/V,4.999
NOMNOMTL,NOM,NOMTL,3.3,-40,BAL,"RLD -3 dB bandwidth",Hz,163.969
NOMNOMTL,NOM,NOMTL,3.3,-40,BAL,"RLD phase margin",deg,65.786
NOMNOMTL,NOM,NOMTL,3.3,-40,BAL,"Input CM suppression @ 60 Hz",dB,37.129
NOMNOMTL,NOM,NOMTL,3.3,-40,BAL,"Input CM suppression @ 150 Hz",dB,27.317
NOMNOMTH,NOM,NOMTH,3.3,125,BAL,"AVDD",V,3.300
NOMNOMTH,NOM,NOMTH,3.3,125,BAL,"Temperature",C,125.000
NOMNOMTH,NOM,NOMTH,3.3,125,BAL,"S1 target gain",V/V,60.000
NOMNOMTH,NOM,NOMTH,3.3,125,BAL,"S2 target gain",V/V,4.000
NOMNOMTH,NOM,NOMTH,3.3,125,BAL,"INA target gain",V/V,240.000
NOMNOMTH,NOM,NOMTH,3.3,125,BAL,"Total current",mA,4.491
NOMNOMTH,NOM,NOMTH,3.3,125,BAL,"Total power",mW,14.819
NOMNOMTH,NOM,NOMTH,3.3,125,BAL,"Output CM error",mV,9.897
NOMNOMTH,NOM,NOMTH,3.3,125,BAL,"Input-referred offset",uV,-0.000
NOMNOMTH,NOM,NOMTH,3.3,125,BAL,"S1 gain",V/V,60.012
NOMNOMTH,NOM,NOMTH,3.3,125,BAL,"S1 gain dB",dB,35.565
NOMNOMTH,NOM,NOMTH,3.3,125,BAL,"S1 gain error",%,0.021
NOMNOMTH,NOM,NOMTH,3.3,125,BAL,"S1 -3 dB bandwidth",kHz,227.559
NOMNOMTH,NOM,NOMTH,3.3,125,BAL,"S2 gain",V/V,4.001
NOMNOMTH,NOM,NOMTH,3.3,125,BAL,"S2 gain dB",dB,12.044
NOMNOMTH,NOM,NOMTH,3.3,125,BAL,"S2 gain error",%,0.028
NOMNOMTH,NOM,NOMTH,3.3,125,BAL,"S2 -3 dB bandwidth",MHz,2.297
NOMNOMTH,NOM,NOMTH,3.3,125,BAL,"INA gain",V/V,240.117
NOMNOMTH,NOM,NOMTH,3.3,125,BAL,"INA gain dB",dB,47.608
NOMNOMTH,NOM,NOMTH,3.3,125,BAL,"INA gain error",%,0.049
NOMNOMTH,NOM,NOMTH,3.3,125,BAL,"Gain flatness 0.05-150 Hz",dB,1.896e-06
NOMNOMTH,NOM,NOMTH,3.3,125,BAL,"INA -3 dB bandwidth",kHz,225.342
NOMNOMTH,NOM,NOMTH,3.3,125,BAL,"Input range low",mV,-12.500
NOMNOMTH,NOM,NOMTH,3.3,125,BAL,"Input range high",mV,12.500
NOMNOMTH,NOM,NOMTH,3.3,125,BAL,"Output range low",V,-3.000
NOMNOMTH,NOM,NOMTH,3.3,125,BAL,"Output range high",V,3.000
NOMNOMTH,NOM,NOMTH,3.3,125,BAL,"INA CMRR @ 60 Hz",dB,221.399
NOMNOMTH,NOM,NOMTH,3.3,125,BAL,"INA CMRR @ 150 Hz",dB,221.348
NOMNOMTH,NOM,NOMTH,3.3,125,BAL,"INA PSRR+ @ 60 Hz",dB,196.425
NOMNOMTH,NOM,NOMTH,3.3,125,BAL,"INA PSRR+ @ 150 Hz",dB,196.423
NOMNOMTH,NOM,NOMTH,3.3,125,BAL,"INA PSRR- @ 60 Hz",dB,221.082
NOMNOMTH,NOM,NOMTH,3.3,125,BAL,"INA PSRR- @ 150 Hz",dB,221.148
NOMNOMTH,NOM,NOMTH,3.3,125,BAL,"Input-referred noise 0.05-150 Hz",uVrms,2.967
NOMNOMTH,NOM,NOMTH,3.3,125,BAL,"THD @ 60 Hz, 5 mVpp",%,3.592e-05
NOMNOMTH,NOM,NOMTH,3.3,125,BAL,"RLD gain",V/V,4.999
NOMNOMTH,NOM,NOMTH,3.3,125,BAL,"RLD -3 dB bandwidth",Hz,205.947
NOMNOMTH,NOM,NOMTH,3.3,125,BAL,"RLD phase margin",deg,62.127
NOMNOMTH,NOM,NOMTH,3.3,125,BAL,"Input CM suppression @ 60 Hz",dB,37.324
NOMNOMTH,NOM,NOMTH,3.3,125,BAL,"Input CM suppression @ 150 Hz",dB,28.141
NOMVLTL,NOM,VLTL,3,-40,BAL,"AVDD",V,3.000
NOMVLTL,NOM,VLTL,3,-40,BAL,"Temperature",C,-40.000
NOMVLTL,NOM,VLTL,3,-40,BAL,"S1 target gain",V/V,60.000
NOMVLTL,NOM,VLTL,3,-40,BAL,"S2 target gain",V/V,4.000
NOMVLTL,NOM,VLTL,3,-40,BAL,"INA target gain",V/V,240.000
NOMVLTL,NOM,VLTL,3,-40,BAL,"Total current",mA,3.044
NOMVLTL,NOM,VLTL,3,-40,BAL,"Total power",mW,9.132
NOMVLTL,NOM,VLTL,3,-40,BAL,"Output CM error",mV,-7.202
NOMVLTL,NOM,VLTL,3,-40,BAL,"Input-referred offset",uV,0.000
NOMVLTL,NOM,VLTL,3,-40,BAL,"S1 gain",V/V,59.970
NOMVLTL,NOM,VLTL,3,-40,BAL,"S1 gain dB",dB,35.559
NOMVLTL,NOM,VLTL,3,-40,BAL,"S1 gain error",%,-0.050
NOMVLTL,NOM,VLTL,3,-40,BAL,"S1 -3 dB bandwidth",kHz,269.066
NOMVLTL,NOM,VLTL,3,-40,BAL,"S2 gain",V/V,4.000
NOMVLTL,NOM,VLTL,3,-40,BAL,"S2 gain dB",dB,12.041
NOMVLTL,NOM,VLTL,3,-40,BAL,"S2 gain error",%,-0.008
NOMVLTL,NOM,VLTL,3,-40,BAL,"S2 -3 dB bandwidth",MHz,2.674
NOMVLTL,NOM,VLTL,3,-40,BAL,"INA gain",V/V,239.860
NOMVLTL,NOM,VLTL,3,-40,BAL,"INA gain dB",dB,47.599
NOMVLTL,NOM,VLTL,3,-40,BAL,"INA gain error",%,-0.058
NOMVLTL,NOM,VLTL,3,-40,BAL,"Gain flatness 0.05-150 Hz",dB,1.360e-06
NOMVLTL,NOM,VLTL,3,-40,BAL,"INA -3 dB bandwidth",kHz,266.377
NOMVLTL,NOM,VLTL,3,-40,BAL,"Input range low",mV,-11.800
NOMVLTL,NOM,VLTL,3,-40,BAL,"Input range high",mV,11.800
NOMVLTL,NOM,VLTL,3,-40,BAL,"Output range low",V,-2.829
NOMVLTL,NOM,VLTL,3,-40,BAL,"Output range high",V,2.829
NOMVLTL,NOM,VLTL,3,-40,BAL,"INA CMRR @ 60 Hz",dB,236.261
NOMVLTL,NOM,VLTL,3,-40,BAL,"INA CMRR @ 150 Hz",dB,236.518
NOMVLTL,NOM,VLTL,3,-40,BAL,"INA PSRR+ @ 60 Hz",dB,194.408
NOMVLTL,NOM,VLTL,3,-40,BAL,"INA PSRR+ @ 150 Hz",dB,194.408
NOMVLTL,NOM,VLTL,3,-40,BAL,"INA PSRR- @ 60 Hz",dB,227.706
NOMVLTL,NOM,VLTL,3,-40,BAL,"INA PSRR- @ 150 Hz",dB,227.707
NOMVLTL,NOM,VLTL,3,-40,BAL,"Input-referred noise 0.05-150 Hz",uVrms,2.530
NOMVLTL,NOM,VLTL,3,-40,BAL,"THD @ 60 Hz, 5 mVpp",%,3.283e-05
NOMVLTL,NOM,VLTL,3,-40,BAL,"RLD gain",V/V,4.999
NOMVLTL,NOM,VLTL,3,-40,BAL,"RLD -3 dB bandwidth",Hz,163.963
NOMVLTL,NOM,VLTL,3,-40,BAL,"RLD phase margin",deg,65.780
NOMVLTL,NOM,VLTL,3,-40,BAL,"Input CM suppression @ 60 Hz",dB,37.125
NOMVLTL,NOM,VLTL,3,-40,BAL,"Input CM suppression @ 150 Hz",dB,27.313
NOMVLTH,NOM,VLTH,3,125,BAL,"AVDD",V,3.000
NOMVLTH,NOM,VLTH,3,125,BAL,"Temperature",C,125.000
NOMVLTH,NOM,VLTH,3,125,BAL,"S1 target gain",V/V,60.000
NOMVLTH,NOM,VLTH,3,125,BAL,"S2 target gain",V/V,4.000
NOMVLTH,NOM,VLTH,3,125,BAL,"INA target gain",V/V,240.000
NOMVLTH,NOM,VLTH,3,125,BAL,"Total current",mA,4.402
NOMVLTH,NOM,VLTH,3,125,BAL,"Total power",mW,13.205
NOMVLTH,NOM,VLTH,3,125,BAL,"Output CM error",mV,9.866
NOMVLTH,NOM,VLTH,3,125,BAL,"Input-referred offset",uV,0.000
NOMVLTH,NOM,VLTH,3,125,BAL,"S1 gain",V/V,60.002
NOMVLTH,NOM,VLTH,3,125,BAL,"S1 gain dB",dB,35.563
NOMVLTH,NOM,VLTH,3,125,BAL,"S1 gain error",%,0.004
NOMVLTH,NOM,VLTH,3,125,BAL,"S1 -3 dB bandwidth",kHz,223.654
NOMVLTH,NOM,VLTH,3,125,BAL,"S2 gain",V/V,4.001
NOMVLTH,NOM,VLTH,3,125,BAL,"S2 gain dB",dB,12.044
NOMVLTH,NOM,VLTH,3,125,BAL,"S2 gain error",%,0.027
NOMVLTH,NOM,VLTH,3,125,BAL,"S2 -3 dB bandwidth",MHz,2.260
NOMVLTH,NOM,VLTH,3,125,BAL,"INA gain",V/V,240.074
NOMVLTH,NOM,VLTH,3,125,BAL,"INA gain dB",dB,47.607
NOMVLTH,NOM,VLTH,3,125,BAL,"INA gain error",%,0.031
NOMVLTH,NOM,VLTH,3,125,BAL,"Gain flatness 0.05-150 Hz",dB,1.962e-06
NOMVLTH,NOM,VLTH,3,125,BAL,"INA -3 dB bandwidth",kHz,221.519
NOMVLTH,NOM,VLTH,3,125,BAL,"Input range low",mV,-11.250
NOMVLTH,NOM,VLTH,3,125,BAL,"Input range high",mV,11.250
NOMVLTH,NOM,VLTH,3,125,BAL,"Output range low",V,-2.700
NOMVLTH,NOM,VLTH,3,125,BAL,"Output range high",V,2.700
NOMVLTH,NOM,VLTH,3,125,BAL,"INA CMRR @ 60 Hz",dB,220.527
NOMVLTH,NOM,VLTH,3,125,BAL,"INA CMRR @ 150 Hz",dB,220.479
NOMVLTH,NOM,VLTH,3,125,BAL,"INA PSRR+ @ 60 Hz",dB,219.621
NOMVLTH,NOM,VLTH,3,125,BAL,"INA PSRR+ @ 150 Hz",dB,219.629
NOMVLTH,NOM,VLTH,3,125,BAL,"INA PSRR- @ 60 Hz",dB,215.498
NOMVLTH,NOM,VLTH,3,125,BAL,"INA PSRR- @ 150 Hz",dB,215.534
NOMVLTH,NOM,VLTH,3,125,BAL,"Input-referred noise 0.05-150 Hz",uVrms,2.971
NOMVLTH,NOM,VLTH,3,125,BAL,"THD @ 60 Hz, 5 mVpp",%,4.617e-05
NOMVLTH,NOM,VLTH,3,125,BAL,"RLD gain",V/V,4.999
NOMVLTH,NOM,VLTH,3,125,BAL,"RLD -3 dB bandwidth",Hz,205.936
NOMVLTH,NOM,VLTH,3,125,BAL,"RLD phase margin",deg,62.122
NOMVLTH,NOM,VLTH,3,125,BAL,"Input CM suppression @ 60 Hz",dB,37.320
NOMVLTH,NOM,VLTH,3,125,BAL,"Input CM suppression @ 150 Hz",dB,28.137
NOMVHTL,NOM,VHTL,3.6,-40,BAL,"AVDD",V,3.600
NOMVHTL,NOM,VHTL,3.6,-40,BAL,"Temperature",C,-40.000
NOMVHTL,NOM,VHTL,3.6,-40,BAL,"S1 target gain",V/V,60.000
NOMVHTL,NOM,VHTL,3.6,-40,BAL,"S2 target gain",V/V,4.000
NOMVHTL,NOM,VHTL,3.6,-40,BAL,"INA target gain",V/V,240.000
NOMVHTL,NOM,VHTL,3.6,-40,BAL,"Total current",mA,3.189
NOMVHTL,NOM,VHTL,3.6,-40,BAL,"Total power",mW,11.480
NOMVHTL,NOM,VHTL,3.6,-40,BAL,"Output CM error",mV,-7.130
NOMVHTL,NOM,VHTL,3.6,-40,BAL,"Input-referred offset",uV,0.000
NOMVHTL,NOM,VHTL,3.6,-40,BAL,"S1 gain",V/V,59.983
NOMVHTL,NOM,VHTL,3.6,-40,BAL,"S1 gain dB",dB,35.561
NOMVHTL,NOM,VHTL,3.6,-40,BAL,"S1 gain error",%,-0.029
NOMVHTL,NOM,VHTL,3.6,-40,BAL,"S1 -3 dB bandwidth",kHz,277.360
NOMVHTL,NOM,VHTL,3.6,-40,BAL,"S2 gain",V/V,4.000
NOMVHTL,NOM,VHTL,3.6,-40,BAL,"S2 gain dB",dB,12.041
NOMVHTL,NOM,VHTL,3.6,-40,BAL,"S2 gain error",%,-0.007
NOMVHTL,NOM,VHTL,3.6,-40,BAL,"S2 -3 dB bandwidth",MHz,2.745
NOMVHTL,NOM,VHTL,3.6,-40,BAL,"INA gain",V/V,239.915
NOMVHTL,NOM,VHTL,3.6,-40,BAL,"INA gain dB",dB,47.601
NOMVHTL,NOM,VHTL,3.6,-40,BAL,"INA gain error",%,-0.035
NOMVHTL,NOM,VHTL,3.6,-40,BAL,"Gain flatness 0.05-150 Hz",dB,1.280e-06
NOMVHTL,NOM,VHTL,3.6,-40,BAL,"INA -3 dB bandwidth",kHz,274.564
NOMVHTL,NOM,VHTL,3.6,-40,BAL,"Input range low",mV,-14.250
NOMVHTL,NOM,VHTL,3.6,-40,BAL,"Input range high",mV,14.250
NOMVHTL,NOM,VHTL,3.6,-40,BAL,"Output range low",V,-3.418
NOMVHTL,NOM,VHTL,3.6,-40,BAL,"Output range high",V,3.418
NOMVHTL,NOM,VHTL,3.6,-40,BAL,"INA CMRR @ 60 Hz",dB,230.202
NOMVHTL,NOM,VHTL,3.6,-40,BAL,"INA CMRR @ 150 Hz",dB,230.201
NOMVHTL,NOM,VHTL,3.6,-40,BAL,"INA PSRR+ @ 60 Hz",dB,204.575
NOMVHTL,NOM,VHTL,3.6,-40,BAL,"INA PSRR+ @ 150 Hz",dB,204.575
NOMVHTL,NOM,VHTL,3.6,-40,BAL,"INA PSRR- @ 60 Hz",dB,224.886
NOMVHTL,NOM,VHTL,3.6,-40,BAL,"INA PSRR- @ 150 Hz",dB,224.887
NOMVHTL,NOM,VHTL,3.6,-40,BAL,"Input-referred noise 0.05-150 Hz",uVrms,2.536
NOMVHTL,NOM,VHTL,3.6,-40,BAL,"THD @ 60 Hz, 5 mVpp",%,2.210e-05
NOMVHTL,NOM,VHTL,3.6,-40,BAL,"RLD gain",V/V,4.999
NOMVHTL,NOM,VHTL,3.6,-40,BAL,"RLD -3 dB bandwidth",Hz,163.975
NOMVHTL,NOM,VHTL,3.6,-40,BAL,"RLD phase margin",deg,65.790
NOMVHTL,NOM,VHTL,3.6,-40,BAL,"Input CM suppression @ 60 Hz",dB,37.133
NOMVHTL,NOM,VHTL,3.6,-40,BAL,"Input CM suppression @ 150 Hz",dB,27.320
NOMVHTH,NOM,VHTH,3.6,125,BAL,"AVDD",V,3.600
NOMVHTH,NOM,VHTH,3.6,125,BAL,"Temperature",C,125.000
NOMVHTH,NOM,VHTH,3.6,125,BAL,"S1 target gain",V/V,60.000
NOMVHTH,NOM,VHTH,3.6,125,BAL,"S2 target gain",V/V,4.000
NOMVHTH,NOM,VHTH,3.6,125,BAL,"INA target gain",V/V,240.000
NOMVHTH,NOM,VHTH,3.6,125,BAL,"Total current",mA,4.559
NOMVHTH,NOM,VHTH,3.6,125,BAL,"Total power",mW,16.414
NOMVHTH,NOM,VHTH,3.6,125,BAL,"Output CM error",mV,9.921
NOMVHTH,NOM,VHTH,3.6,125,BAL,"Input-referred offset",uV,0.000
NOMVHTH,NOM,VHTH,3.6,125,BAL,"S1 gain",V/V,60.020
NOMVHTH,NOM,VHTH,3.6,125,BAL,"S1 gain dB",dB,35.566
NOMVHTH,NOM,VHTH,3.6,125,BAL,"S1 gain error",%,0.034
NOMVHTH,NOM,VHTH,3.6,125,BAL,"S1 -3 dB bandwidth",kHz,230.461
NOMVHTH,NOM,VHTH,3.6,125,BAL,"S2 gain",V/V,4.001
NOMVHTH,NOM,VHTH,3.6,125,BAL,"S2 gain dB",dB,12.044
NOMVHTH,NOM,VHTH,3.6,125,BAL,"S2 gain error",%,0.029
NOMVHTH,NOM,VHTH,3.6,125,BAL,"S2 -3 dB bandwidth",MHz,2.323
NOMVHTH,NOM,VHTH,3.6,125,BAL,"INA gain",V/V,240.150
NOMVHTH,NOM,VHTH,3.6,125,BAL,"INA gain dB",dB,47.610
NOMVHTH,NOM,VHTH,3.6,125,BAL,"INA gain error",%,0.063
NOMVHTH,NOM,VHTH,3.6,125,BAL,"Gain flatness 0.05-150 Hz",dB,1.848e-06
NOMVHTH,NOM,VHTH,3.6,125,BAL,"INA -3 dB bandwidth",kHz,228.246
NOMVHTH,NOM,VHTH,3.6,125,BAL,"Input range low",mV,-13.750
NOMVHTH,NOM,VHTH,3.6,125,BAL,"Input range high",mV,13.750
NOMVHTH,NOM,VHTH,3.6,125,BAL,"Output range low",V,-3.301
NOMVHTH,NOM,VHTH,3.6,125,BAL,"Output range high",V,3.301
NOMVHTH,NOM,VHTH,3.6,125,BAL,"INA CMRR @ 60 Hz",dB,216.629
NOMVHTH,NOM,VHTH,3.6,125,BAL,"INA CMRR @ 150 Hz",dB,216.659
NOMVHTH,NOM,VHTH,3.6,125,BAL,"INA PSRR+ @ 60 Hz",dB,201.655
NOMVHTH,NOM,VHTH,3.6,125,BAL,"INA PSRR+ @ 150 Hz",dB,201.656
NOMVHTH,NOM,VHTH,3.6,125,BAL,"INA PSRR- @ 60 Hz",dB,217.159
NOMVHTH,NOM,VHTH,3.6,125,BAL,"INA PSRR- @ 150 Hz",dB,217.118
NOMVHTH,NOM,VHTH,3.6,125,BAL,"Input-referred noise 0.05-150 Hz",uVrms,2.964
NOMVHTH,NOM,VHTH,3.6,125,BAL,"THD @ 60 Hz, 5 mVpp",%,2.243e-05
NOMVHTH,NOM,VHTH,3.6,125,BAL,"RLD gain",V/V,4.999
NOMVHTH,NOM,VHTH,3.6,125,BAL,"RLD -3 dB bandwidth",Hz,205.957
NOMVHTH,NOM,VHTH,3.6,125,BAL,"RLD phase margin",deg,62.130
NOMVHTH,NOM,VHTH,3.6,125,BAL,"Input CM suppression @ 60 Hz",dB,37.327
NOMVHTH,NOM,VHTH,3.6,125,BAL,"Input CM suppression @ 150 Hz",dB,28.144
FFNOMNOM,FF,NOMNOM,3.3,27,BAL,"AVDD",V,3.300
FFNOMNOM,FF,NOMNOM,3.3,27,BAL,"Temperature",C,27.000
FFNOMNOM,FF,NOMNOM,3.3,27,BAL,"S1 target gain",V/V,60.000
FFNOMNOM,FF,NOMNOM,3.3,27,BAL,"S2 target gain",V/V,4.000
FFNOMNOM,FF,NOMNOM,3.3,27,BAL,"INA target gain",V/V,240.000
FFNOMNOM,FF,NOMNOM,3.3,27,BAL,"Total current",mA,4.090
FFNOMNOM,FF,NOMNOM,3.3,27,BAL,"Total power",mW,13.496
FFNOMNOM,FF,NOMNOM,3.3,27,BAL,"Output CM error",mV,-2.734
FFNOMNOM,FF,NOMNOM,3.3,27,BAL,"Input-referred offset",uV,0.000
FFNOMNOM,FF,NOMNOM,3.3,27,BAL,"S1 gain",V/V,60.010
FFNOMNOM,FF,NOMNOM,3.3,27,BAL,"S1 gain dB",dB,35.564
FFNOMNOM,FF,NOMNOM,3.3,27,BAL,"S1 gain error",%,0.016
FFNOMNOM,FF,NOMNOM,3.3,27,BAL,"S1 -3 dB bandwidth",kHz,277.682
FFNOMNOM,FF,NOMNOM,3.3,27,BAL,"S2 gain",V/V,4.000
FFNOMNOM,FF,NOMNOM,3.3,27,BAL,"S2 gain dB",dB,12.042
FFNOMNOM,FF,NOMNOM,3.3,27,BAL,"S2 gain error",%,0.011
FFNOMNOM,FF,NOMNOM,3.3,27,BAL,"S2 -3 dB bandwidth",MHz,2.758
FFNOMNOM,FF,NOMNOM,3.3,27,BAL,"INA gain",V/V,240.064
FFNOMNOM,FF,NOMNOM,3.3,27,BAL,"INA gain dB",dB,47.607
FFNOMNOM,FF,NOMNOM,3.3,27,BAL,"INA gain error",%,0.027
FFNOMNOM,FF,NOMNOM,3.3,27,BAL,"Gain flatness 0.05-150 Hz",dB,1.273e-06
FFNOMNOM,FF,NOMNOM,3.3,27,BAL,"INA -3 dB bandwidth",kHz,274.931
FFNOMNOM,FF,NOMNOM,3.3,27,BAL,"Input range low",mV,-12.850
FFNOMNOM,FF,NOMNOM,3.3,27,BAL,"Input range high",mV,12.850
FFNOMNOM,FF,NOMNOM,3.3,27,BAL,"Output range low",V,-3.084
FFNOMNOM,FF,NOMNOM,3.3,27,BAL,"Output range high",V,3.084
FFNOMNOM,FF,NOMNOM,3.3,27,BAL,"INA CMRR @ 60 Hz",dB,223.271
FFNOMNOM,FF,NOMNOM,3.3,27,BAL,"INA CMRR @ 150 Hz",dB,223.362
FFNOMNOM,FF,NOMNOM,3.3,27,BAL,"INA PSRR+ @ 60 Hz",dB,199.413
FFNOMNOM,FF,NOMNOM,3.3,27,BAL,"INA PSRR+ @ 150 Hz",dB,199.415
FFNOMNOM,FF,NOMNOM,3.3,27,BAL,"INA PSRR- @ 60 Hz",dB,220.988
FFNOMNOM,FF,NOMNOM,3.3,27,BAL,"INA PSRR- @ 150 Hz",dB,220.900
FFNOMNOM,FF,NOMNOM,3.3,27,BAL,"Input-referred noise 0.05-150 Hz",uVrms,2.561
FFNOMNOM,FF,NOMNOM,3.3,27,BAL,"THD @ 60 Hz, 5 mVpp",%,2.707e-05
FFNOMNOM,FF,NOMNOM,3.3,27,BAL,"RLD gain",V/V,4.999
FFNOMNOM,FF,NOMNOM,3.3,27,BAL,"RLD -3 dB bandwidth",Hz,182.780
FFNOMNOM,FF,NOMNOM,3.3,27,BAL,"RLD phase margin",deg,64.011
FFNOMNOM,FF,NOMNOM,3.3,27,BAL,"Input CM suppression @ 60 Hz",dB,37.235
FFNOMNOM,FF,NOMNOM,3.3,27,BAL,"Input CM suppression @ 150 Hz",dB,27.739
FFVLNOM,FF,VLNOM,3,27,BAL,"AVDD",V,3.000
FFVLNOM,FF,VLNOM,3,27,BAL,"Temperature",C,27.000
FFVLNOM,FF,VLNOM,3,27,BAL,"S1 target gain",V/V,60.000
FFVLNOM,FF,VLNOM,3,27,BAL,"S2 target gain",V/V,4.000
FFVLNOM,FF,VLNOM,3,27,BAL,"INA target gain",V/V,240.000
FFVLNOM,FF,VLNOM,3,27,BAL,"Total current",mA,4.008
FFVLNOM,FF,VLNOM,3,27,BAL,"Total power",mW,12.025
FFVLNOM,FF,VLNOM,3,27,BAL,"Output CM error",mV,-2.763
FFVLNOM,FF,VLNOM,3,27,BAL,"Input-referred offset",uV,-0.000
FFVLNOM,FF,VLNOM,3,27,BAL,"S1 gain",V/V,60.002
FFVLNOM,FF,VLNOM,3,27,BAL,"S1 gain dB",dB,35.563
FFVLNOM,FF,VLNOM,3,27,BAL,"S1 gain error",%,0.004
FFVLNOM,FF,VLNOM,3,27,BAL,"S1 -3 dB bandwidth",kHz,273.678
FFVLNOM,FF,VLNOM,3,27,BAL,"S2 gain",V/V,4.000
FFVLNOM,FF,VLNOM,3,27,BAL,"S2 gain dB",dB,12.042
FFVLNOM,FF,VLNOM,3,27,BAL,"S2 gain error",%,0.010
FFVLNOM,FF,VLNOM,3,27,BAL,"S2 -3 dB bandwidth",MHz,2.723
FFVLNOM,FF,VLNOM,3,27,BAL,"INA gain",V/V,240.032
FFVLNOM,FF,VLNOM,3,27,BAL,"INA gain dB",dB,47.605
FFVLNOM,FF,VLNOM,3,27,BAL,"INA gain error",%,0.013
FFVLNOM,FF,VLNOM,3,27,BAL,"Gain flatness 0.05-150 Hz",dB,1.311e-06
FFVLNOM,FF,VLNOM,3,27,BAL,"INA -3 dB bandwidth",kHz,270.913
FFVLNOM,FF,VLNOM,3,27,BAL,"Input range low",mV,-11.600
FFVLNOM,FF,VLNOM,3,27,BAL,"Input range high",mV,11.600
FFVLNOM,FF,VLNOM,3,27,BAL,"Output range low",V,-2.783
FFVLNOM,FF,VLNOM,3,27,BAL,"Output range high",V,2.783
FFVLNOM,FF,VLNOM,3,27,BAL,"INA CMRR @ 60 Hz",dB,226.464
FFVLNOM,FF,VLNOM,3,27,BAL,"INA CMRR @ 150 Hz",dB,226.331
FFVLNOM,FF,VLNOM,3,27,BAL,"INA PSRR+ @ 60 Hz",dB,199.102
FFVLNOM,FF,VLNOM,3,27,BAL,"INA PSRR+ @ 150 Hz",dB,199.101
FFVLNOM,FF,VLNOM,3,27,BAL,"INA PSRR- @ 60 Hz",dB,221.817
FFVLNOM,FF,VLNOM,3,27,BAL,"INA PSRR- @ 150 Hz",dB,221.919
FFVLNOM,FF,VLNOM,3,27,BAL,"Input-referred noise 0.05-150 Hz",uVrms,2.561
FFVLNOM,FF,VLNOM,3,27,BAL,"THD @ 60 Hz, 5 mVpp",%,4.538e-05
FFVLNOM,FF,VLNOM,3,27,BAL,"RLD gain",V/V,4.999
FFVLNOM,FF,VLNOM,3,27,BAL,"RLD -3 dB bandwidth",Hz,182.772
FFVLNOM,FF,VLNOM,3,27,BAL,"RLD phase margin",deg,64.006
FFVLNOM,FF,VLNOM,3,27,BAL,"Input CM suppression @ 60 Hz",dB,37.231
FFVLNOM,FF,VLNOM,3,27,BAL,"Input CM suppression @ 150 Hz",dB,27.735
FFVHNOM,FF,VHNOM,3.6,27,BAL,"AVDD",V,3.600
FFVHNOM,FF,VHNOM,3.6,27,BAL,"Temperature",C,27.000
FFVHNOM,FF,VHNOM,3.6,27,BAL,"S1 target gain",V/V,60.000
FFVHNOM,FF,VHNOM,3.6,27,BAL,"S2 target gain",V/V,4.000
FFVHNOM,FF,VHNOM,3.6,27,BAL,"INA target gain",V/V,240.000
FFVHNOM,FF,VHNOM,3.6,27,BAL,"Total current",mA,4.160
FFVHNOM,FF,VHNOM,3.6,27,BAL,"Total power",mW,14.975
FFVHNOM,FF,VHNOM,3.6,27,BAL,"Output CM error",mV,-2.707
FFVHNOM,FF,VHNOM,3.6,27,BAL,"Input-referred offset",uV,0.000
FFVHNOM,FF,VHNOM,3.6,27,BAL,"S1 gain",V/V,60.015
FFVHNOM,FF,VHNOM,3.6,27,BAL,"S1 gain dB",dB,35.565
FFVHNOM,FF,VHNOM,3.6,27,BAL,"S1 gain error",%,0.026
FFVHNOM,FF,VHNOM,3.6,27,BAL,"S1 -3 dB bandwidth",kHz,280.925
FFVHNOM,FF,VHNOM,3.6,27,BAL,"S2 gain",V/V,4.000
FFVHNOM,FF,VHNOM,3.6,27,BAL,"S2 gain dB",dB,12.042
FFVHNOM,FF,VHNOM,3.6,27,BAL,"S2 gain error",%,0.011
FFVHNOM,FF,VHNOM,3.6,27,BAL,"S2 -3 dB bandwidth",MHz,2.786
FFVHNOM,FF,VHNOM,3.6,27,BAL,"INA gain",V/V,240.089
FFVHNOM,FF,VHNOM,3.6,27,BAL,"INA gain dB",dB,47.607
FFVHNOM,FF,VHNOM,3.6,27,BAL,"INA gain error",%,0.037
FFVHNOM,FF,VHNOM,3.6,27,BAL,"Gain flatness 0.05-150 Hz",dB,1.244e-06
FFVHNOM,FF,VHNOM,3.6,27,BAL,"INA -3 dB bandwidth",kHz,278.120
FFVHNOM,FF,VHNOM,3.6,27,BAL,"Input range low",mV,-14.050
FFVHNOM,FF,VHNOM,3.6,27,BAL,"Input range high",mV,14.050
FFVHNOM,FF,VHNOM,3.6,27,BAL,"Output range low",V,-3.372
FFVHNOM,FF,VHNOM,3.6,27,BAL,"Output range high",V,3.372
FFVHNOM,FF,VHNOM,3.6,27,BAL,"INA CMRR @ 60 Hz",dB,222.625
FFVHNOM,FF,VHNOM,3.6,27,BAL,"INA CMRR @ 150 Hz",dB,222.707
FFVHNOM,FF,VHNOM,3.6,27,BAL,"INA PSRR+ @ 60 Hz",dB,223.822
FFVHNOM,FF,VHNOM,3.6,27,BAL,"INA PSRR+ @ 150 Hz",dB,223.829
FFVHNOM,FF,VHNOM,3.6,27,BAL,"INA PSRR- @ 60 Hz",dB,220.421
FFVHNOM,FF,VHNOM,3.6,27,BAL,"INA PSRR- @ 150 Hz",dB,220.341
FFVHNOM,FF,VHNOM,3.6,27,BAL,"Input-referred noise 0.05-150 Hz",uVrms,2.562
FFVHNOM,FF,VHNOM,3.6,27,BAL,"THD @ 60 Hz, 5 mVpp",%,2.806e-05
FFVHNOM,FF,VHNOM,3.6,27,BAL,"RLD gain",V/V,4.999
FFVHNOM,FF,VHNOM,3.6,27,BAL,"RLD -3 dB bandwidth",Hz,182.787
FFVHNOM,FF,VHNOM,3.6,27,BAL,"RLD phase margin",deg,64.015
FFVHNOM,FF,VHNOM,3.6,27,BAL,"Input CM suppression @ 60 Hz",dB,37.238
FFVHNOM,FF,VHNOM,3.6,27,BAL,"Input CM suppression @ 150 Hz",dB,27.743
FFNOMTL,FF,NOMTL,3.3,-40,BAL,"AVDD",V,3.300
FFNOMTL,FF,NOMTL,3.3,-40,BAL,"Temperature",C,-40.000
FFNOMTL,FF,NOMTL,3.3,-40,BAL,"S1 target gain",V/V,60.000
FFNOMTL,FF,NOMTL,3.3,-40,BAL,"S2 target gain",V/V,4.000
FFNOMTL,FF,NOMTL,3.3,-40,BAL,"INA target gain",V/V,240.000
FFNOMTL,FF,NOMTL,3.3,-40,BAL,"Total current",mA,3.311
FFNOMTL,FF,NOMTL,3.3,-40,BAL,"Total power",mW,10.925
FFNOMTL,FF,NOMTL,3.3,-40,BAL,"Output CM error",mV,-9.742
FFNOMTL,FF,NOMTL,3.3,-40,BAL,"Input-referred offset",uV,-0.001
FFNOMTL,FF,NOMTL,3.3,-40,BAL,"S1 gain",V/V,59.986
FFNOMTL,FF,NOMTL,3.3,-40,BAL,"S1 gain dB",dB,35.561
FFNOMTL,FF,NOMTL,3.3,-40,BAL,"S1 gain error",%,-0.024
FFNOMTL,FF,NOMTL,3.3,-40,BAL,"S1 -3 dB bandwidth",kHz,290.073
FFNOMTL,FF,NOMTL,3.3,-40,BAL,"S2 gain",V/V,4.000
FFNOMTL,FF,NOMTL,3.3,-40,BAL,"S2 gain dB",dB,12.041
FFNOMTL,FF,NOMTL,3.3,-40,BAL,"S2 gain error",%,-0.007
FFNOMTL,FF,NOMTL,3.3,-40,BAL,"S2 -3 dB bandwidth",MHz,2.857
FFNOMTL,FF,NOMTL,3.3,-40,BAL,"INA gain",V/V,239.926
FFNOMTL,FF,NOMTL,3.3,-40,BAL,"INA gain dB",dB,47.602
FFNOMTL,FF,NOMTL,3.3,-40,BAL,"INA gain error",%,-0.031
FFNOMTL,FF,NOMTL,3.3,-40,BAL,"Gain flatness 0.05-150 Hz",dB,1.170e-06
FFNOMTL,FF,NOMTL,3.3,-40,BAL,"INA -3 dB bandwidth",kHz,287.103
FFNOMTL,FF,NOMTL,3.3,-40,BAL,"Input range low",mV,-13.050
FFNOMTL,FF,NOMTL,3.3,-40,BAL,"Input range high",mV,13.050
FFNOMTL,FF,NOMTL,3.3,-40,BAL,"Output range low",V,-3.130
FFNOMTL,FF,NOMTL,3.3,-40,BAL,"Output range high",V,3.130
FFNOMTL,FF,NOMTL,3.3,-40,BAL,"INA CMRR @ 60 Hz",dB,224.313
FFNOMTL,FF,NOMTL,3.3,-40,BAL,"INA CMRR @ 150 Hz",dB,224.316
FFNOMTL,FF,NOMTL,3.3,-40,BAL,"INA PSRR+ @ 60 Hz",dB,195.856
FFNOMTL,FF,NOMTL,3.3,-40,BAL,"INA PSRR+ @ 150 Hz",dB,195.856
FFNOMTL,FF,NOMTL,3.3,-40,BAL,"INA PSRR- @ 60 Hz",dB,218.950
FFNOMTL,FF,NOMTL,3.3,-40,BAL,"INA PSRR- @ 150 Hz",dB,218.951
FFNOMTL,FF,NOMTL,3.3,-40,BAL,"Input-referred noise 0.05-150 Hz",uVrms,2.425
FFNOMTL,FF,NOMTL,3.3,-40,BAL,"THD @ 60 Hz, 5 mVpp",%,3.247e-05
FFNOMTL,FF,NOMTL,3.3,-40,BAL,"RLD gain",V/V,4.999
FFNOMTL,FF,NOMTL,3.3,-40,BAL,"RLD -3 dB bandwidth",Hz,163.976
FFNOMTL,FF,NOMTL,3.3,-40,BAL,"RLD phase margin",deg,65.791
FFNOMTL,FF,NOMTL,3.3,-40,BAL,"Input CM suppression @ 60 Hz",dB,37.133
FFNOMTL,FF,NOMTL,3.3,-40,BAL,"Input CM suppression @ 150 Hz",dB,27.320
FFNOMTH,FF,NOMTH,3.3,125,BAL,"AVDD",V,3.300
FFNOMTH,FF,NOMTH,3.3,125,BAL,"Temperature",C,125.000
FFNOMTH,FF,NOMTH,3.3,125,BAL,"S1 target gain",V/V,60.000
FFNOMTH,FF,NOMTH,3.3,125,BAL,"S2 target gain",V/V,4.000
FFNOMTH,FF,NOMTH,3.3,125,BAL,"INA target gain",V/V,240.000
FFNOMTH,FF,NOMTH,3.3,125,BAL,"Total current",mA,4.744
FFNOMTH,FF,NOMTH,3.3,125,BAL,"Total power",mW,15.656
FFNOMTH,FF,NOMTH,3.3,125,BAL,"Output CM error",mV,7.304
FFNOMTH,FF,NOMTH,3.3,125,BAL,"Input-referred offset",uV,-0.001
FFNOMTH,FF,NOMTH,3.3,125,BAL,"S1 gain",V/V,60.021
FFNOMTH,FF,NOMTH,3.3,125,BAL,"S1 gain dB",dB,35.566
FFNOMTH,FF,NOMTH,3.3,125,BAL,"S1 gain error",%,0.035
FFNOMTH,FF,NOMTH,3.3,125,BAL,"S1 -3 dB bandwidth",kHz,241.325
FFNOMTH,FF,NOMTH,3.3,125,BAL,"S2 gain",V/V,4.001
FFNOMTH,FF,NOMTH,3.3,125,BAL,"S2 gain dB",dB,12.044
FFNOMTH,FF,NOMTH,3.3,125,BAL,"S2 gain error",%,0.029
FFNOMTH,FF,NOMTH,3.3,125,BAL,"S2 -3 dB bandwidth",MHz,2.422
FFNOMTH,FF,NOMTH,3.3,125,BAL,"INA gain",V/V,240.152
FFNOMTH,FF,NOMTH,3.3,125,BAL,"INA gain dB",dB,47.610
FFNOMTH,FF,NOMTH,3.3,125,BAL,"INA gain error",%,0.063
FFNOMTH,FF,NOMTH,3.3,125,BAL,"Gain flatness 0.05-150 Hz",dB,1.686e-06
FFNOMTH,FF,NOMTH,3.3,125,BAL,"INA -3 dB bandwidth",kHz,238.981
FFNOMTH,FF,NOMTH,3.3,125,BAL,"Input range low",mV,-12.550
FFNOMTH,FF,NOMTH,3.3,125,BAL,"Input range high",mV,12.550
FFNOMTH,FF,NOMTH,3.3,125,BAL,"Output range low",V,-3.013
FFNOMTH,FF,NOMTH,3.3,125,BAL,"Output range high",V,3.013
FFNOMTH,FF,NOMTH,3.3,125,BAL,"INA CMRR @ 60 Hz",dB,220.938
FFNOMTH,FF,NOMTH,3.3,125,BAL,"INA CMRR @ 150 Hz",dB,220.888
FFNOMTH,FF,NOMTH,3.3,125,BAL,"INA PSRR+ @ 60 Hz",dB,190.301
FFNOMTH,FF,NOMTH,3.3,125,BAL,"INA PSRR+ @ 150 Hz",dB,190.300
FFNOMTH,FF,NOMTH,3.3,125,BAL,"INA PSRR- @ 60 Hz",dB,219.478
FFNOMTH,FF,NOMTH,3.3,125,BAL,"INA PSRR- @ 150 Hz",dB,219.532
FFNOMTH,FF,NOMTH,3.3,125,BAL,"Input-referred noise 0.05-150 Hz",uVrms,2.838
FFNOMTH,FF,NOMTH,3.3,125,BAL,"THD @ 60 Hz, 5 mVpp",%,3.661e-05
FFNOMTH,FF,NOMTH,3.3,125,BAL,"RLD gain",V/V,4.999
FFNOMTH,FF,NOMTH,3.3,125,BAL,"RLD -3 dB bandwidth",Hz,205.959
FFNOMTH,FF,NOMTH,3.3,125,BAL,"RLD phase margin",deg,62.131
FFNOMTH,FF,NOMTH,3.3,125,BAL,"Input CM suppression @ 60 Hz",dB,37.327
FFNOMTH,FF,NOMTH,3.3,125,BAL,"Input CM suppression @ 150 Hz",dB,28.145
FFVLTL,FF,VLTL,3,-40,BAL,"AVDD",V,3.000
FFVLTL,FF,VLTL,3,-40,BAL,"Temperature",C,-40.000
FFVLTL,FF,VLTL,3,-40,BAL,"S1 target gain",V/V,60.000
FFVLTL,FF,VLTL,3,-40,BAL,"S2 target gain",V/V,4.000
FFVLTL,FF,VLTL,3,-40,BAL,"INA target gain",V/V,240.000
FFVLTL,FF,VLTL,3,-40,BAL,"Total current",mA,3.236
FFVLTL,FF,VLTL,3,-40,BAL,"Total power",mW,9.707
FFVLTL,FF,VLTL,3,-40,BAL,"Output CM error",mV,-9.782
FFVLTL,FF,VLTL,3,-40,BAL,"Input-referred offset",uV,-0.000
FFVLTL,FF,VLTL,3,-40,BAL,"S1 gain",V/V,59.979
FFVLTL,FF,VLTL,3,-40,BAL,"S1 gain dB",dB,35.560
FFVLTL,FF,VLTL,3,-40,BAL,"S1 gain error",%,-0.035
FFVLTL,FF,VLTL,3,-40,BAL,"S1 -3 dB bandwidth",kHz,285.889
FFVLTL,FF,VLTL,3,-40,BAL,"S2 gain",V/V,4.000
FFVLTL,FF,VLTL,3,-40,BAL,"S2 gain dB",dB,12.041
FFVLTL,FF,VLTL,3,-40,BAL,"S2 gain error",%,-0.007
FFVLTL,FF,VLTL,3,-40,BAL,"S2 -3 dB bandwidth",MHz,2.822
FFVLTL,FF,VLTL,3,-40,BAL,"INA gain",V/V,239.898
FFVLTL,FF,VLTL,3,-40,BAL,"INA gain dB",dB,47.601
FFVLTL,FF,VLTL,3,-40,BAL,"INA gain error",%,-0.042
FFVLTL,FF,VLTL,3,-40,BAL,"Gain flatness 0.05-150 Hz",dB,1.205e-06
FFVLTL,FF,VLTL,3,-40,BAL,"INA -3 dB bandwidth",kHz,282.942
FFVLTL,FF,VLTL,3,-40,BAL,"Input range low",mV,-11.800
FFVLTL,FF,VLTL,3,-40,BAL,"Input range high",mV,11.800
FFVLTL,FF,VLTL,3,-40,BAL,"Output range low",V,-2.830
FFVLTL,FF,VLTL,3,-40,BAL,"Output range high",V,2.830
FFVLTL,FF,VLTL,3,-40,BAL,"INA CMRR @ 60 Hz",dB,227.923
FFVLTL,FF,VLTL,3,-40,BAL,"INA CMRR @ 150 Hz",dB,227.919
FFVLTL,FF,VLTL,3,-40,BAL,"INA PSRR+ @ 60 Hz",dB,220.893
FFVLTL,FF,VLTL,3,-40,BAL,"INA PSRR+ @ 150 Hz",dB,220.892
FFVLTL,FF,VLTL,3,-40,BAL,"INA PSRR- @ 60 Hz",dB,220.416
FFVLTL,FF,VLTL,3,-40,BAL,"INA PSRR- @ 150 Hz",dB,220.417
FFVLTL,FF,VLTL,3,-40,BAL,"Input-referred noise 0.05-150 Hz",uVrms,2.422
FFVLTL,FF,VLTL,3,-40,BAL,"THD @ 60 Hz, 5 mVpp",%,1.588e-05
FFVLTL,FF,VLTL,3,-40,BAL,"RLD gain",V/V,4.999
FFVLTL,FF,VLTL,3,-40,BAL,"RLD -3 dB bandwidth",Hz,163.970
FFVLTL,FF,VLTL,3,-40,BAL,"RLD phase margin",deg,65.786
FFVLTL,FF,VLTL,3,-40,BAL,"Input CM suppression @ 60 Hz",dB,37.129
FFVLTL,FF,VLTL,3,-40,BAL,"Input CM suppression @ 150 Hz",dB,27.317
FFVLTH,FF,VLTH,3,125,BAL,"AVDD",V,3.000
FFVLTH,FF,VLTH,3,125,BAL,"Temperature",C,125.000
FFVLTH,FF,VLTH,3,125,BAL,"S1 target gain",V/V,60.000
FFVLTH,FF,VLTH,3,125,BAL,"S2 target gain",V/V,4.000
FFVLTH,FF,VLTH,3,125,BAL,"INA target gain",V/V,240.000
FFVLTH,FF,VLTH,3,125,BAL,"Total current",mA,4.664
FFVLTH,FF,VLTH,3,125,BAL,"Total power",mW,13.992
FFVLTH,FF,VLTH,3,125,BAL,"Output CM error",mV,7.273
FFVLTH,FF,VLTH,3,125,BAL,"Input-referred offset",uV,0.001
FFVLTH,FF,VLTH,3,125,BAL,"S1 gain",V/V,60.012
FFVLTH,FF,VLTH,3,125,BAL,"S1 gain dB",dB,35.565
FFVLTH,FF,VLTH,3,125,BAL,"S1 gain error",%,0.019
FFVLTH,FF,VLTH,3,125,BAL,"S1 -3 dB bandwidth",kHz,237.962
FFVLTH,FF,VLTH,3,125,BAL,"S2 gain",V/V,4.001
FFVLTH,FF,VLTH,3,125,BAL,"S2 gain dB",dB,12.044
FFVLTH,FF,VLTH,3,125,BAL,"S2 gain error",%,0.027
FFVLTH,FF,VLTH,3,125,BAL,"S2 -3 dB bandwidth",MHz,2.391
FFVLTH,FF,VLTH,3,125,BAL,"INA gain",V/V,240.112
FFVLTH,FF,VLTH,3,125,BAL,"INA gain dB",dB,47.608
FFVLTH,FF,VLTH,3,125,BAL,"INA gain error",%,0.047
FFVLTH,FF,VLTH,3,125,BAL,"Gain flatness 0.05-150 Hz",dB,1.734e-06
FFVLTH,FF,VLTH,3,125,BAL,"INA -3 dB bandwidth",kHz,235.624
FFVLTH,FF,VLTH,3,125,BAL,"Input range low",mV,-11.300
FFVLTH,FF,VLTH,3,125,BAL,"Input range high",mV,11.300
FFVLTH,FF,VLTH,3,125,BAL,"Output range low",V,-2.712
FFVLTH,FF,VLTH,3,125,BAL,"Output range high",V,2.712
FFVLTH,FF,VLTH,3,125,BAL,"INA CMRR @ 60 Hz",dB,236.422
FFVLTH,FF,VLTH,3,125,BAL,"INA CMRR @ 150 Hz",dB,236.709
FFVLTH,FF,VLTH,3,125,BAL,"INA PSRR+ @ 60 Hz",dB,208.138
FFVLTH,FF,VLTH,3,125,BAL,"INA PSRR+ @ 150 Hz",dB,208.135
FFVLTH,FF,VLTH,3,125,BAL,"INA PSRR- @ 60 Hz",dB,233.255
FFVLTH,FF,VLTH,3,125,BAL,"INA PSRR- @ 150 Hz",dB,232.996
FFVLTH,FF,VLTH,3,125,BAL,"Input-referred noise 0.05-150 Hz",uVrms,2.841
FFVLTH,FF,VLTH,3,125,BAL,"THD @ 60 Hz, 5 mVpp",%,5.149e-05
FFVLTH,FF,VLTH,3,125,BAL,"RLD gain",V/V,4.999
FFVLTH,FF,VLTH,3,125,BAL,"RLD -3 dB bandwidth",Hz,205.949
FFVLTH,FF,VLTH,3,125,BAL,"RLD phase margin",deg,62.127
FFVLTH,FF,VLTH,3,125,BAL,"Input CM suppression @ 60 Hz",dB,37.324
FFVLTH,FF,VLTH,3,125,BAL,"Input CM suppression @ 150 Hz",dB,28.141
FFVHTL,FF,VHTL,3.6,-40,BAL,"AVDD",V,3.600
FFVHTL,FF,VHTL,3.6,-40,BAL,"Temperature",C,-40.000
FFVHTL,FF,VHTL,3.6,-40,BAL,"S1 target gain",V/V,60.000
FFVHTL,FF,VHTL,3.6,-40,BAL,"S2 target gain",V/V,4.000
FFVHTL,FF,VHTL,3.6,-40,BAL,"INA target gain",V/V,240.000
FFVHTL,FF,VHTL,3.6,-40,BAL,"Total current",mA,3.377
FFVHTL,FF,VHTL,3.6,-40,BAL,"Total power",mW,12.157
FFVHTL,FF,VHTL,3.6,-40,BAL,"Output CM error",mV,-9.703
FFVHTL,FF,VHTL,3.6,-40,BAL,"Input-referred offset",uV,0.001
FFVHTL,FF,VHTL,3.6,-40,BAL,"S1 gain",V/V,59.991
FFVHTL,FF,VHTL,3.6,-40,BAL,"S1 gain dB",dB,35.562
FFVHTL,FF,VHTL,3.6,-40,BAL,"S1 gain error",%,-0.015
FFVHTL,FF,VHTL,3.6,-40,BAL,"S1 -3 dB bandwidth",kHz,293.501
FFVHTL,FF,VHTL,3.6,-40,BAL,"S2 gain",V/V,4.000
FFVHTL,FF,VHTL,3.6,-40,BAL,"S2 gain dB",dB,12.041
FFVHTL,FF,VHTL,3.6,-40,BAL,"S2 gain error",%,-0.006
FFVHTL,FF,VHTL,3.6,-40,BAL,"S2 -3 dB bandwidth",MHz,2.886
FFVHTL,FF,VHTL,3.6,-40,BAL,"INA gain",V/V,239.949
FFVHTL,FF,VHTL,3.6,-40,BAL,"INA gain dB",dB,47.602
FFVHTL,FF,VHTL,3.6,-40,BAL,"INA gain error",%,-0.021
FFVHTL,FF,VHTL,3.6,-40,BAL,"Gain flatness 0.05-150 Hz",dB,1.143e-06
FFVHTL,FF,VHTL,3.6,-40,BAL,"INA -3 dB bandwidth",kHz,290.506
FFVHTL,FF,VHTL,3.6,-40,BAL,"Input range low",mV,-14.300
FFVHTL,FF,VHTL,3.6,-40,BAL,"Input range high",mV,14.300
FFVHTL,FF,VHTL,3.6,-40,BAL,"Output range low",V,-3.430
FFVHTL,FF,VHTL,3.6,-40,BAL,"Output range high",V,3.430
FFVHTL,FF,VHTL,3.6,-40,BAL,"INA CMRR @ 60 Hz",dB,240.334
FFVHTL,FF,VHTL,3.6,-40,BAL,"INA CMRR @ 150 Hz",dB,240.311
FFVHTL,FF,VHTL,3.6,-40,BAL,"INA PSRR+ @ 60 Hz",dB,195.715
FFVHTL,FF,VHTL,3.6,-40,BAL,"INA PSRR+ @ 150 Hz",dB,195.715
FFVHTL,FF,VHTL,3.6,-40,BAL,"INA PSRR- @ 60 Hz",dB,237.966
FFVHTL,FF,VHTL,3.6,-40,BAL,"INA PSRR- @ 150 Hz",dB,237.967
FFVHTL,FF,VHTL,3.6,-40,BAL,"Input-referred noise 0.05-150 Hz",uVrms,2.428
FFVHTL,FF,VHTL,3.6,-40,BAL,"THD @ 60 Hz, 5 mVpp",%,2.220e-05
FFVHTL,FF,VHTL,3.6,-40,BAL,"RLD gain",V/V,4.999
FFVHTL,FF,VHTL,3.6,-40,BAL,"RLD -3 dB bandwidth",Hz,163.981
FFVHTL,FF,VHTL,3.6,-40,BAL,"RLD phase margin",deg,65.795
FFVHTL,FF,VHTL,3.6,-40,BAL,"Input CM suppression @ 60 Hz",dB,37.136
FFVHTL,FF,VHTL,3.6,-40,BAL,"Input CM suppression @ 150 Hz",dB,27.324
FFVHTH,FF,VHTH,3.6,125,BAL,"AVDD",V,3.600
FFVHTH,FF,VHTH,3.6,125,BAL,"Temperature",C,125.000
FFVHTH,FF,VHTH,3.6,125,BAL,"S1 target gain",V/V,60.000
FFVHTH,FF,VHTH,3.6,125,BAL,"S2 target gain",V/V,4.000
FFVHTH,FF,VHTH,3.6,125,BAL,"INA target gain",V/V,240.000
FFVHTH,FF,VHTH,3.6,125,BAL,"Total current",mA,4.812
FFVHTH,FF,VHTH,3.6,125,BAL,"Total power",mW,17.323
FFVHTH,FF,VHTH,3.6,125,BAL,"Output CM error",mV,7.328
FFVHTH,FF,VHTH,3.6,125,BAL,"Input-referred offset",uV,0.000
FFVHTH,FF,VHTH,3.6,125,BAL,"S1 gain",V/V,60.028
FFVHTH,FF,VHTH,3.6,125,BAL,"S1 gain dB",dB,35.567
FFVHTH,FF,VHTH,3.6,125,BAL,"S1 gain error",%,0.047
FFVHTH,FF,VHTH,3.6,125,BAL,"S1 -3 dB bandwidth",kHz,244.035
FFVHTH,FF,VHTH,3.6,125,BAL,"S2 gain",V/V,4.001
FFVHTH,FF,VHTH,3.6,125,BAL,"S2 gain dB",dB,12.044
FFVHTH,FF,VHTH,3.6,125,BAL,"S2 gain error",%,0.029
FFVHTH,FF,VHTH,3.6,125,BAL,"S2 -3 dB bandwidth",MHz,2.446
FFVHTH,FF,VHTH,3.6,125,BAL,"INA gain",V/V,240.182
FFVHTH,FF,VHTH,3.6,125,BAL,"INA gain dB",dB,47.611
FFVHTH,FF,VHTH,3.6,125,BAL,"INA gain error",%,0.076
FFVHTH,FF,VHTH,3.6,125,BAL,"Gain flatness 0.05-150 Hz",dB,1.648e-06
FFVHTH,FF,VHTH,3.6,125,BAL,"INA -3 dB bandwidth",kHz,241.674
FFVHTH,FF,VHTH,3.6,125,BAL,"Input range low",mV,-13.750
FFVHTH,FF,VHTH,3.6,125,BAL,"Input range high",mV,13.750
FFVHTH,FF,VHTH,3.6,125,BAL,"Output range low",V,-3.301
FFVHTH,FF,VHTH,3.6,125,BAL,"Output range high",V,3.301
FFVHTH,FF,VHTH,3.6,125,BAL,"INA CMRR @ 60 Hz",dB,217.226
FFVHTH,FF,VHTH,3.6,125,BAL,"INA CMRR @ 150 Hz",dB,217.196
FFVHTH,FF,VHTH,3.6,125,BAL,"INA PSRR+ @ 60 Hz",dB,216.251
FFVHTH,FF,VHTH,3.6,125,BAL,"INA PSRR+ @ 150 Hz",dB,216.260
FFVHTH,FF,VHTH,3.6,125,BAL,"INA PSRR- @ 60 Hz",dB,217.385
FFVHTH,FF,VHTH,3.6,125,BAL,"INA PSRR- @ 150 Hz",dB,217.424
FFVHTH,FF,VHTH,3.6,125,BAL,"Input-referred noise 0.05-150 Hz",uVrms,2.835
FFVHTH,FF,VHTH,3.6,125,BAL,"THD @ 60 Hz, 5 mVpp",%,2.847e-05
FFVHTH,FF,VHTH,3.6,125,BAL,"RLD gain",V/V,4.999
FFVHTH,FF,VHTH,3.6,125,BAL,"RLD -3 dB bandwidth",Hz,205.968
FFVHTH,FF,VHTH,3.6,125,BAL,"RLD phase margin",deg,62.135
FFVHTH,FF,VHTH,3.6,125,BAL,"Input CM suppression @ 60 Hz",dB,37.331
FFVHTH,FF,VHTH,3.6,125,BAL,"Input CM suppression @ 150 Hz",dB,28.148
SSNOMNOM,SS,NOMNOM,3.3,27,BAL,"AVDD",V,3.300
SSNOMNOM,SS,NOMNOM,3.3,27,BAL,"Temperature",C,27.000
SSNOMNOM,SS,NOMNOM,3.3,27,BAL,"S1 target gain",V/V,60.000
SSNOMNOM,SS,NOMNOM,3.3,27,BAL,"S2 target gain",V/V,4.000
SSNOMNOM,SS,NOMNOM,3.3,27,BAL,"INA target gain",V/V,240.000
SSNOMNOM,SS,NOMNOM,3.3,27,BAL,"Total current",mA,3.636
SSNOMNOM,SS,NOMNOM,3.3,27,BAL,"Total power",mW,11.998
SSNOMNOM,SS,NOMNOM,3.3,27,BAL,"Output CM error",mV,2.570
SSNOMNOM,SS,NOMNOM,3.3,27,BAL,"Input-referred offset",uV,0.000
SSNOMNOM,SS,NOMNOM,3.3,27,BAL,"S1 gain",V/V,59.990
SSNOMNOM,SS,NOMNOM,3.3,27,BAL,"S1 gain dB",dB,35.562
SSNOMNOM,SS,NOMNOM,3.3,27,BAL,"S1 gain error",%,-0.017
SSNOMNOM,SS,NOMNOM,3.3,27,BAL,"S1 -3 dB bandwidth",kHz,246.432
SSNOMNOM,SS,NOMNOM,3.3,27,BAL,"S2 gain",V/V,4.000
SSNOMNOM,SS,NOMNOM,3.3,27,BAL,"S2 gain dB",dB,12.042
SSNOMNOM,SS,NOMNOM,3.3,27,BAL,"S2 gain error",%,0.009
SSNOMNOM,SS,NOMNOM,3.3,27,BAL,"S2 -3 dB bandwidth",MHz,2.478
SSNOMNOM,SS,NOMNOM,3.3,27,BAL,"INA gain",V/V,239.982
SSNOMNOM,SS,NOMNOM,3.3,27,BAL,"INA gain dB",dB,47.604
SSNOMNOM,SS,NOMNOM,3.3,27,BAL,"INA gain error",%,-0.007
SSNOMNOM,SS,NOMNOM,3.3,27,BAL,"Gain flatness 0.05-150 Hz",dB,1.616e-06
SSNOMNOM,SS,NOMNOM,3.3,27,BAL,"INA -3 dB bandwidth",kHz,244.032
SSNOMNOM,SS,NOMNOM,3.3,27,BAL,"Input range low",mV,-12.750
SSNOMNOM,SS,NOMNOM,3.3,27,BAL,"Input range high",mV,12.750
SSNOMNOM,SS,NOMNOM,3.3,27,BAL,"Output range low",V,-3.059
SSNOMNOM,SS,NOMNOM,3.3,27,BAL,"Output range high",V,3.059
SSNOMNOM,SS,NOMNOM,3.3,27,BAL,"INA CMRR @ 60 Hz",dB,227.280
SSNOMNOM,SS,NOMNOM,3.3,27,BAL,"INA CMRR @ 150 Hz",dB,227.283
SSNOMNOM,SS,NOMNOM,3.3,27,BAL,"INA PSRR+ @ 60 Hz",dB,216.520
SSNOMNOM,SS,NOMNOM,3.3,27,BAL,"INA PSRR+ @ 150 Hz",dB,216.519
SSNOMNOM,SS,NOMNOM,3.3,27,BAL,"INA PSRR- @ 60 Hz",dB,224.527
SSNOMNOM,SS,NOMNOM,3.3,27,BAL,"INA PSRR- @ 150 Hz",dB,224.525
SSNOMNOM,SS,NOMNOM,3.3,27,BAL,"Input-referred noise 0.05-150 Hz",uVrms,2.798
SSNOMNOM,SS,NOMNOM,3.3,27,BAL,"THD @ 60 Hz, 5 mVpp",%,2.917e-05
SSNOMNOM,SS,NOMNOM,3.3,27,BAL,"RLD gain",V/V,4.999
SSNOMNOM,SS,NOMNOM,3.3,27,BAL,"RLD -3 dB bandwidth",Hz,182.763
SSNOMNOM,SS,NOMNOM,3.3,27,BAL,"RLD phase margin",deg,64.001
SSNOMNOM,SS,NOMNOM,3.3,27,BAL,"Input CM suppression @ 60 Hz",dB,37.227
SSNOMNOM,SS,NOMNOM,3.3,27,BAL,"Input CM suppression @ 150 Hz",dB,27.732
SSVLNOM,SS,VLNOM,3,27,BAL,"AVDD",V,3.000
SSVLNOM,SS,VLNOM,3,27,BAL,"Temperature",C,27.000
SSVLNOM,SS,VLNOM,3,27,BAL,"S1 target gain",V/V,60.000
SSVLNOM,SS,VLNOM,3,27,BAL,"S2 target gain",V/V,4.000
SSVLNOM,SS,VLNOM,3,27,BAL,"INA target gain",V/V,240.000
SSVLNOM,SS,VLNOM,3,27,BAL,"Total current",mA,3.524
SSVLNOM,SS,VLNOM,3,27,BAL,"Total power",mW,10.573
SSVLNOM,SS,VLNOM,3,27,BAL,"Output CM error",mV,2.533
SSVLNOM,SS,VLNOM,3,27,BAL,"Input-referred offset",uV,-0.000
SSVLNOM,SS,VLNOM,3,27,BAL,"S1 gain",V/V,59.981
SSVLNOM,SS,VLNOM,3,27,BAL,"S1 gain dB",dB,35.560
SSVLNOM,SS,VLNOM,3,27,BAL,"S1 gain error",%,-0.032
SSVLNOM,SS,VLNOM,3,27,BAL,"S1 -3 dB bandwidth",kHz,240.388
SSVLNOM,SS,VLNOM,3,27,BAL,"S2 gain",V/V,4.000
SSVLNOM,SS,VLNOM,3,27,BAL,"S2 gain dB",dB,12.042
SSVLNOM,SS,VLNOM,3,27,BAL,"S2 gain error",%,0.008
SSVLNOM,SS,VLNOM,3,27,BAL,"S2 -3 dB bandwidth",MHz,2.421
SSVLNOM,SS,VLNOM,3,27,BAL,"INA gain",V/V,239.943
SSVLNOM,SS,VLNOM,3,27,BAL,"INA gain dB",dB,47.602
SSVLNOM,SS,VLNOM,3,27,BAL,"INA gain error",%,-0.024
SSVLNOM,SS,VLNOM,3,27,BAL,"Gain flatness 0.05-150 Hz",dB,1.699e-06
SSVLNOM,SS,VLNOM,3,27,BAL,"INA -3 dB bandwidth",kHz,238.031
SSVLNOM,SS,VLNOM,3,27,BAL,"Input range low",mV,-11.550
SSVLNOM,SS,VLNOM,3,27,BAL,"Input range high",mV,11.550
SSVLNOM,SS,VLNOM,3,27,BAL,"Output range low",V,-2.770
SSVLNOM,SS,VLNOM,3,27,BAL,"Output range high",V,2.770
SSVLNOM,SS,VLNOM,3,27,BAL,"INA CMRR @ 60 Hz",dB,235.640
SSVLNOM,SS,VLNOM,3,27,BAL,"INA CMRR @ 150 Hz",dB,235.638
SSVLNOM,SS,VLNOM,3,27,BAL,"INA PSRR+ @ 60 Hz",dB,214.540
SSVLNOM,SS,VLNOM,3,27,BAL,"INA PSRR+ @ 150 Hz",dB,214.540
SSVLNOM,SS,VLNOM,3,27,BAL,"INA PSRR- @ 60 Hz",dB,226.334
SSVLNOM,SS,VLNOM,3,27,BAL,"INA PSRR- @ 150 Hz",dB,226.331
SSVLNOM,SS,VLNOM,3,27,BAL,"Input-referred noise 0.05-150 Hz",uVrms,2.800
SSVLNOM,SS,VLNOM,3,27,BAL,"THD @ 60 Hz, 5 mVpp",%,2.366e-05
SSVLNOM,SS,VLNOM,3,27,BAL,"RLD gain",V/V,4.999
SSVLNOM,SS,VLNOM,3,27,BAL,"RLD -3 dB bandwidth",Hz,182.754
SSVLNOM,SS,VLNOM,3,27,BAL,"RLD phase margin",deg,63.996
SSVLNOM,SS,VLNOM,3,27,BAL,"Input CM suppression @ 60 Hz",dB,37.223
SSVLNOM,SS,VLNOM,3,27,BAL,"Input CM suppression @ 150 Hz",dB,27.727
SSVHNOM,SS,VHNOM,3.6,27,BAL,"AVDD",V,3.600
SSVHNOM,SS,VHNOM,3.6,27,BAL,"Temperature",C,27.000
SSVHNOM,SS,VHNOM,3.6,27,BAL,"S1 target gain",V/V,60.000
SSVHNOM,SS,VHNOM,3.6,27,BAL,"S2 target gain",V/V,4.000
SSVHNOM,SS,VHNOM,3.6,27,BAL,"INA target gain",V/V,240.000
SSVHNOM,SS,VHNOM,3.6,27,BAL,"Total current",mA,3.708
SSVHNOM,SS,VHNOM,3.6,27,BAL,"Total power",mW,13.350
SSVHNOM,SS,VHNOM,3.6,27,BAL,"Output CM error",mV,2.591
SSVHNOM,SS,VHNOM,3.6,27,BAL,"Input-referred offset",uV,-0.000
SSVHNOM,SS,VHNOM,3.6,27,BAL,"S1 gain",V/V,59.997
SSVHNOM,SS,VHNOM,3.6,27,BAL,"S1 gain dB",dB,35.563
SSVHNOM,SS,VHNOM,3.6,27,BAL,"S1 gain error",%,-0.005
SSVHNOM,SS,VHNOM,3.6,27,BAL,"S1 -3 dB bandwidth",kHz,250.217
SSVHNOM,SS,VHNOM,3.6,27,BAL,"S2 gain",V/V,4.000
SSVHNOM,SS,VHNOM,3.6,27,BAL,"S2 gain dB",dB,12.042
SSVHNOM,SS,VHNOM,3.6,27,BAL,"S2 gain error",%,0.010
SSVHNOM,SS,VHNOM,3.6,27,BAL,"S2 -3 dB bandwidth",MHz,2.512
SSVHNOM,SS,VHNOM,3.6,27,BAL,"INA gain",V/V,240.012
SSVHNOM,SS,VHNOM,3.6,27,BAL,"INA gain dB",dB,47.605
SSVHNOM,SS,VHNOM,3.6,27,BAL,"INA gain error",%,0.005
SSVHNOM,SS,VHNOM,3.6,27,BAL,"Gain flatness 0.05-150 Hz",dB,1.568e-06
SSVHNOM,SS,VHNOM,3.6,27,BAL,"INA -3 dB bandwidth",kHz,247.734
SSVHNOM,SS,VHNOM,3.6,27,BAL,"Input range low",mV,-14.000
SSVHNOM,SS,VHNOM,3.6,27,BAL,"Input range high",mV,14.000
SSVHNOM,SS,VHNOM,3.6,27,BAL,"Output range low",V,-3.359
SSVHNOM,SS,VHNOM,3.6,27,BAL,"Output range high",V,3.359
SSVHNOM,SS,VHNOM,3.6,27,BAL,"INA CMRR @ 60 Hz",dB,221.551
SSVHNOM,SS,VHNOM,3.6,27,BAL,"INA CMRR @ 150 Hz",dB,221.551
SSVHNOM,SS,VHNOM,3.6,27,BAL,"INA PSRR+ @ 60 Hz",dB,209.836
SSVHNOM,SS,VHNOM,3.6,27,BAL,"INA PSRR+ @ 150 Hz",dB,209.836
SSVHNOM,SS,VHNOM,3.6,27,BAL,"INA PSRR- @ 60 Hz",dB,218.478
SSVHNOM,SS,VHNOM,3.6,27,BAL,"INA PSRR- @ 150 Hz",dB,218.478
SSVHNOM,SS,VHNOM,3.6,27,BAL,"Input-referred noise 0.05-150 Hz",uVrms,2.799
SSVHNOM,SS,VHNOM,3.6,27,BAL,"THD @ 60 Hz, 5 mVpp",%,2.936e-05
SSVHNOM,SS,VHNOM,3.6,27,BAL,"RLD gain",V/V,4.999
SSVHNOM,SS,VHNOM,3.6,27,BAL,"RLD -3 dB bandwidth",Hz,182.770
SSVHNOM,SS,VHNOM,3.6,27,BAL,"RLD phase margin",deg,64.006
SSVHNOM,SS,VHNOM,3.6,27,BAL,"Input CM suppression @ 60 Hz",dB,37.231
SSVHNOM,SS,VHNOM,3.6,27,BAL,"Input CM suppression @ 150 Hz",dB,27.735
SSNOMTL,SS,NOMTL,3.3,-40,BAL,"AVDD",V,3.300
SSNOMTL,SS,NOMTL,3.3,-40,BAL,"Temperature",C,-40.000
SSNOMTL,SS,NOMTL,3.3,-40,BAL,"S1 target gain",V/V,60.000
SSNOMTL,SS,NOMTL,3.3,-40,BAL,"S2 target gain",V/V,4.000
SSNOMTL,SS,NOMTL,3.3,-40,BAL,"INA target gain",V/V,240.000
SSNOMTL,SS,NOMTL,3.3,-40,BAL,"Total current",mA,2.941
SSNOMTL,SS,NOMTL,3.3,-40,BAL,"Total power",mW,9.707
SSNOMTL,SS,NOMTL,3.3,-40,BAL,"Output CM error",mV,-4.489
SSNOMTL,SS,NOMTL,3.3,-40,BAL,"Input-referred offset",uV,0.000
SSNOMTL,SS,NOMTL,3.3,-40,BAL,"S1 gain",V/V,59.967
SSNOMTL,SS,NOMTL,3.3,-40,BAL,"S1 gain dB",dB,35.558
SSNOMTL,SS,NOMTL,3.3,-40,BAL,"S1 gain error",%,-0.055
SSNOMTL,SS,NOMTL,3.3,-40,BAL,"S1 -3 dB bandwidth",kHz,258.100
SSNOMTL,SS,NOMTL,3.3,-40,BAL,"S2 gain",V/V,4.000
SSNOMTL,SS,NOMTL,3.3,-40,BAL,"S2 gain dB",dB,12.041
SSNOMTL,SS,NOMTL,3.3,-40,BAL,"S2 gain error",%,-0.008
SSNOMTL,SS,NOMTL,3.3,-40,BAL,"S2 -3 dB bandwidth",MHz,2.576
SSNOMTL,SS,NOMTL,3.3,-40,BAL,"INA gain",V/V,239.849
SSNOMTL,SS,NOMTL,3.3,-40,BAL,"INA gain dB",dB,47.599
SSNOMTL,SS,NOMTL,3.3,-40,BAL,"INA gain error",%,-0.063
SSNOMTL,SS,NOMTL,3.3,-40,BAL,"Gain flatness 0.05-150 Hz",dB,1.477e-06
SSNOMTL,SS,NOMTL,3.3,-40,BAL,"INA -3 dB bandwidth",kHz,255.534
SSNOMTL,SS,NOMTL,3.3,-40,BAL,"Input range low",mV,-13.000
SSNOMTL,SS,NOMTL,3.3,-40,BAL,"Input range high",mV,13.000
SSNOMTL,SS,NOMTL,3.3,-40,BAL,"Output range low",V,-3.117
SSNOMTL,SS,NOMTL,3.3,-40,BAL,"Output range high",V,3.117
SSNOMTL,SS,NOMTL,3.3,-40,BAL,"INA CMRR @ 60 Hz",dB,236.815
SSNOMTL,SS,NOMTL,3.3,-40,BAL,"INA CMRR @ 150 Hz",dB,236.819
SSNOMTL,SS,NOMTL,3.3,-40,BAL,"INA PSRR+ @ 60 Hz",dB,218.063
SSNOMTL,SS,NOMTL,3.3,-40,BAL,"INA PSRR+ @ 150 Hz",dB,218.063
SSNOMTL,SS,NOMTL,3.3,-40,BAL,"INA PSRR- @ 60 Hz",dB,237.041
SSNOMTL,SS,NOMTL,3.3,-40,BAL,"INA PSRR- @ 150 Hz",dB,237.030
SSNOMTL,SS,NOMTL,3.3,-40,BAL,"Input-referred noise 0.05-150 Hz",uVrms,2.643
SSNOMTL,SS,NOMTL,3.3,-40,BAL,"THD @ 60 Hz, 5 mVpp",%,2.150e-05
SSNOMTL,SS,NOMTL,3.3,-40,BAL,"RLD gain",V/V,4.999
SSNOMTL,SS,NOMTL,3.3,-40,BAL,"RLD -3 dB bandwidth",Hz,163.962
SSNOMTL,SS,NOMTL,3.3,-40,BAL,"RLD phase margin",deg,65.780
SSNOMTL,SS,NOMTL,3.3,-40,BAL,"Input CM suppression @ 60 Hz",dB,37.125
SSNOMTL,SS,NOMTL,3.3,-40,BAL,"Input CM suppression @ 150 Hz",dB,27.313
SSNOMTH,SS,NOMTH,3.3,125,BAL,"AVDD",V,3.300
SSNOMTH,SS,NOMTH,3.3,125,BAL,"Temperature",C,125.000
SSNOMTH,SS,NOMTH,3.3,125,BAL,"S1 target gain",V/V,60.000
SSNOMTH,SS,NOMTH,3.3,125,BAL,"S2 target gain",V/V,4.000
SSNOMTH,SS,NOMTH,3.3,125,BAL,"INA target gain",V/V,240.000
SSNOMTH,SS,NOMTH,3.3,125,BAL,"Total current",mA,4.241
SSNOMTH,SS,NOMTH,3.3,125,BAL,"Total power",mW,13.994
SSNOMTH,SS,NOMTH,3.3,125,BAL,"Output CM error",mV,12.594
SSNOMTH,SS,NOMTH,3.3,125,BAL,"Input-referred offset",uV,0.001
SSNOMTH,SS,NOMTH,3.3,125,BAL,"S1 gain",V/V,60.000
SSNOMTH,SS,NOMTH,3.3,125,BAL,"S1 gain dB",dB,35.563
SSNOMTH,SS,NOMTH,3.3,125,BAL,"S1 gain error",%,1.417e-04
SSNOMTH,SS,NOMTH,3.3,125,BAL,"S1 -3 dB bandwidth",kHz,214.354
SSNOMTH,SS,NOMTH,3.3,125,BAL,"S2 gain",V/V,4.001
SSNOMTH,SS,NOMTH,3.3,125,BAL,"S2 gain dB",dB,12.044
SSNOMTH,SS,NOMTH,3.3,125,BAL,"S2 gain error",%,0.027
SSNOMTH,SS,NOMTH,3.3,125,BAL,"S2 -3 dB bandwidth",MHz,2.176
SSNOMTH,SS,NOMTH,3.3,125,BAL,"INA gain",V/V,240.065
SSNOMTH,SS,NOMTH,3.3,125,BAL,"INA gain dB",dB,47.607
SSNOMTH,SS,NOMTH,3.3,125,BAL,"INA gain error",%,0.027
SSNOMTH,SS,NOMTH,3.3,125,BAL,"Gain flatness 0.05-150 Hz",dB,2.136e-06
SSNOMTH,SS,NOMTH,3.3,125,BAL,"INA -3 dB bandwidth",kHz,212.319
SSNOMTH,SS,NOMTH,3.3,125,BAL,"Input range low",mV,-12.450
SSNOMTH,SS,NOMTH,3.3,125,BAL,"Input range high",mV,12.450
SSNOMTH,SS,NOMTH,3.3,125,BAL,"Output range low",V,-2.988
SSNOMTH,SS,NOMTH,3.3,125,BAL,"Output range high",V,2.988
SSNOMTH,SS,NOMTH,3.3,125,BAL,"INA CMRR @ 60 Hz",dB,212.927
SSNOMTH,SS,NOMTH,3.3,125,BAL,"INA CMRR @ 150 Hz",dB,212.906
SSNOMTH,SS,NOMTH,3.3,125,BAL,"INA PSRR+ @ 60 Hz",dB,198.382
SSNOMTH,SS,NOMTH,3.3,125,BAL,"INA PSRR+ @ 150 Hz",dB,198.380
SSNOMTH,SS,NOMTH,3.3,125,BAL,"INA PSRR- @ 60 Hz",dB,210.363
SSNOMTH,SS,NOMTH,3.3,125,BAL,"INA PSRR- @ 150 Hz",dB,210.385
SSNOMTH,SS,NOMTH,3.3,125,BAL,"Input-referred noise 0.05-150 Hz",uVrms,3.101
SSNOMTH,SS,NOMTH,3.3,125,BAL,"THD @ 60 Hz, 5 mVpp",%,3.614e-05
SSNOMTH,SS,NOMTH,3.3,125,BAL,"RLD gain",V/V,4.999
SSNOMTH,SS,NOMTH,3.3,125,BAL,"RLD -3 dB bandwidth",Hz,205.935
SSNOMTH,SS,NOMTH,3.3,125,BAL,"RLD phase margin",deg,62.122
SSNOMTH,SS,NOMTH,3.3,125,BAL,"Input CM suppression @ 60 Hz",dB,37.320
SSNOMTH,SS,NOMTH,3.3,125,BAL,"Input CM suppression @ 150 Hz",dB,28.137
SSVLTL,SS,VLTL,3,-40,BAL,"AVDD",V,3.000
SSVLTL,SS,VLTL,3,-40,BAL,"Temperature",C,-40.000
SSVLTL,SS,VLTL,3,-40,BAL,"S1 target gain",V/V,60.000
SSVLTL,SS,VLTL,3,-40,BAL,"S2 target gain",V/V,4.000
SSVLTL,SS,VLTL,3,-40,BAL,"INA target gain",V/V,240.000
SSVLTL,SS,VLTL,3,-40,BAL,"Total current",mA,2.849
SSVLTL,SS,VLTL,3,-40,BAL,"Total power",mW,8.546
SSVLTL,SS,VLTL,3,-40,BAL,"Output CM error",mV,-4.523
SSVLTL,SS,VLTL,3,-40,BAL,"Input-referred offset",uV,-0.000
SSVLTL,SS,VLTL,3,-40,BAL,"S1 gain",V/V,59.959
SSVLTL,SS,VLTL,3,-40,BAL,"S1 gain dB",dB,35.557
SSVLTL,SS,VLTL,3,-40,BAL,"S1 gain error",%,-0.068
SSVLTL,SS,VLTL,3,-40,BAL,"S1 -3 dB bandwidth",kHz,252.283
SSVLTL,SS,VLTL,3,-40,BAL,"S2 gain",V/V,4.000
SSVLTL,SS,VLTL,3,-40,BAL,"S2 gain dB",dB,12.040
SSVLTL,SS,VLTL,3,-40,BAL,"S2 gain error",%,-0.009
SSVLTL,SS,VLTL,3,-40,BAL,"S2 -3 dB bandwidth",MHz,2.524
SSVLTL,SS,VLTL,3,-40,BAL,"INA gain",V/V,239.815
SSVLTL,SS,VLTL,3,-40,BAL,"INA gain dB",dB,47.598
SSVLTL,SS,VLTL,3,-40,BAL,"INA gain error",%,-0.077
SSVLTL,SS,VLTL,3,-40,BAL,"Gain flatness 0.05-150 Hz",dB,1.547e-06
SSVLTL,SS,VLTL,3,-40,BAL,"INA -3 dB bandwidth",kHz,249.783
SSVLTL,SS,VLTL,3,-40,BAL,"Input range low",mV,-11.750
SSVLTL,SS,VLTL,3,-40,BAL,"Input range high",mV,11.750
SSVLTL,SS,VLTL,3,-40,BAL,"Output range low",V,-2.817
SSVLTL,SS,VLTL,3,-40,BAL,"Output range high",V,2.817
SSVLTL,SS,VLTL,3,-40,BAL,"INA CMRR @ 60 Hz",dB,257.125
SSVLTL,SS,VLTL,3,-40,BAL,"INA CMRR @ 150 Hz",dB,261.917
SSVLTL,SS,VLTL,3,-40,BAL,"INA PSRR+ @ 60 Hz",dB,192.297
SSVLTL,SS,VLTL,3,-40,BAL,"INA PSRR+ @ 150 Hz",dB,192.297
SSVLTL,SS,VLTL,3,-40,BAL,"INA PSRR- @ 60 Hz",dB,242.179
SSVLTL,SS,VLTL,3,-40,BAL,"INA PSRR- @ 150 Hz",dB,242.186
SSVLTL,SS,VLTL,3,-40,BAL,"Input-referred noise 0.05-150 Hz",uVrms,2.641
SSVLTL,SS,VLTL,3,-40,BAL,"THD @ 60 Hz, 5 mVpp",%,3.935e-05
SSVLTL,SS,VLTL,3,-40,BAL,"RLD gain",V/V,4.999
SSVLTL,SS,VLTL,3,-40,BAL,"RLD -3 dB bandwidth",Hz,163.955
SSVLTL,SS,VLTL,3,-40,BAL,"RLD phase margin",deg,65.775
SSVLTL,SS,VLTL,3,-40,BAL,"Input CM suppression @ 60 Hz",dB,37.121
SSVLTL,SS,VLTL,3,-40,BAL,"Input CM suppression @ 150 Hz",dB,27.309
SSVLTH,SS,VLTH,3,125,BAL,"AVDD",V,3.000
SSVLTH,SS,VLTH,3,125,BAL,"Temperature",C,125.000
SSVLTH,SS,VLTH,3,125,BAL,"S1 target gain",V/V,60.000
SSVLTH,SS,VLTH,3,125,BAL,"S2 target gain",V/V,4.000
SSVLTH,SS,VLTH,3,125,BAL,"INA target gain",V/V,240.000
SSVLTH,SS,VLTH,3,125,BAL,"Total current",mA,4.120
SSVLTH,SS,VLTH,3,125,BAL,"Total power",mW,12.360
SSVLTH,SS,VLTH,3,125,BAL,"Output CM error",mV,12.545
SSVLTH,SS,VLTH,3,125,BAL,"Input-referred offset",uV,-0.000
SSVLTH,SS,VLTH,3,125,BAL,"S1 gain",V/V,59.989
SSVLTH,SS,VLTH,3,125,BAL,"S1 gain dB",dB,35.561
SSVLTH,SS,VLTH,3,125,BAL,"S1 gain error",%,-0.019
SSVLTH,SS,VLTH,3,125,BAL,"S1 -3 dB bandwidth",kHz,208.976
SSVLTH,SS,VLTH,3,125,BAL,"S2 gain",V/V,4.001
SSVLTH,SS,VLTH,3,125,BAL,"S2 gain dB",dB,12.043
SSVLTH,SS,VLTH,3,125,BAL,"S2 gain error",%,0.026
SSVLTH,SS,VLTH,3,125,BAL,"S2 -3 dB bandwidth",MHz,2.124
SSVLTH,SS,VLTH,3,125,BAL,"INA gain",V/V,240.017
SSVLTH,SS,VLTH,3,125,BAL,"INA gain dB",dB,47.605
SSVLTH,SS,VLTH,3,125,BAL,"INA gain error",%,0.007
SSVLTH,SS,VLTH,3,125,BAL,"Gain flatness 0.05-150 Hz",dB,2.248e-06
SSVLTH,SS,VLTH,3,125,BAL,"INA -3 dB bandwidth",kHz,206.961
SSVLTH,SS,VLTH,3,125,BAL,"Input range low",mV,-11.200
SSVLTH,SS,VLTH,3,125,BAL,"Input range high",mV,11.200
SSVLTH,SS,VLTH,3,125,BAL,"Output range low",V,-2.687
SSVLTH,SS,VLTH,3,125,BAL,"Output range high",V,2.687
SSVLTH,SS,VLTH,3,125,BAL,"INA CMRR @ 60 Hz",dB,220.981
SSVLTH,SS,VLTH,3,125,BAL,"INA CMRR @ 150 Hz",dB,220.926
SSVLTH,SS,VLTH,3,125,BAL,"INA PSRR+ @ 60 Hz",dB,212.973
SSVLTH,SS,VLTH,3,125,BAL,"INA PSRR+ @ 150 Hz",dB,212.975
SSVLTH,SS,VLTH,3,125,BAL,"INA PSRR- @ 60 Hz",dB,209.225
SSVLTH,SS,VLTH,3,125,BAL,"INA PSRR- @ 150 Hz",dB,209.244
SSVLTH,SS,VLTH,3,125,BAL,"Input-referred noise 0.05-150 Hz",uVrms,3.108
SSVLTH,SS,VLTH,3,125,BAL,"THD @ 60 Hz, 5 mVpp",%,4.575e-05
SSVLTH,SS,VLTH,3,125,BAL,"RLD gain",V/V,4.999
SSVLTH,SS,VLTH,3,125,BAL,"RLD -3 dB bandwidth",Hz,205.923
SSVLTH,SS,VLTH,3,125,BAL,"RLD phase margin",deg,62.118
SSVLTH,SS,VLTH,3,125,BAL,"Input CM suppression @ 60 Hz",dB,37.316
SSVLTH,SS,VLTH,3,125,BAL,"Input CM suppression @ 150 Hz",dB,28.133
SSVHTL,SS,VHTL,3.6,-40,BAL,"AVDD",V,3.600
SSVHTL,SS,VHTL,3.6,-40,BAL,"Temperature",C,-40.000
SSVHTL,SS,VHTL,3.6,-40,BAL,"S1 target gain",V/V,60.000
SSVHTL,SS,VHTL,3.6,-40,BAL,"S2 target gain",V/V,4.000
SSVHTL,SS,VHTL,3.6,-40,BAL,"INA target gain",V/V,240.000
SSVHTL,SS,VHTL,3.6,-40,BAL,"Total current",mA,3.008
SSVHTL,SS,VHTL,3.6,-40,BAL,"Total power",mW,10.828
SSVHTL,SS,VHTL,3.6,-40,BAL,"Output CM error",mV,-4.460
SSVHTL,SS,VHTL,3.6,-40,BAL,"Input-referred offset",uV,-0.000
SSVHTL,SS,VHTL,3.6,-40,BAL,"S1 gain",V/V,59.973
SSVHTL,SS,VHTL,3.6,-40,BAL,"S1 gain dB",dB,35.559
SSVHTL,SS,VHTL,3.6,-40,BAL,"S1 gain error",%,-0.045
SSVHTL,SS,VHTL,3.6,-40,BAL,"S1 -3 dB bandwidth",kHz,261.994
SSVHTL,SS,VHTL,3.6,-40,BAL,"S2 gain",V/V,4.000
SSVHTL,SS,VHTL,3.6,-40,BAL,"S2 gain dB",dB,12.041
SSVHTL,SS,VHTL,3.6,-40,BAL,"S2 gain error",%,-0.007
SSVHTL,SS,VHTL,3.6,-40,BAL,"S2 -3 dB bandwidth",MHz,2.610
SSVHTL,SS,VHTL,3.6,-40,BAL,"INA gain",V/V,239.876
SSVHTL,SS,VHTL,3.6,-40,BAL,"INA gain dB",dB,47.600
SSVHTL,SS,VHTL,3.6,-40,BAL,"INA gain error",%,-0.052
SSVHTL,SS,VHTL,3.6,-40,BAL,"Gain flatness 0.05-150 Hz",dB,1.434e-06
SSVHTL,SS,VHTL,3.6,-40,BAL,"INA -3 dB bandwidth",kHz,259.337
SSVHTL,SS,VHTL,3.6,-40,BAL,"Input range low",mV,-14.250
SSVHTL,SS,VHTL,3.6,-40,BAL,"Input range high",mV,14.250
SSVHTL,SS,VHTL,3.6,-40,BAL,"Output range low",V,-3.417
SSVHTL,SS,VHTL,3.6,-40,BAL,"Output range high",V,3.417
SSVHTL,SS,VHTL,3.6,-40,BAL,"INA CMRR @ 60 Hz",dB,223.159
SSVHTL,SS,VHTL,3.6,-40,BAL,"INA CMRR @ 150 Hz",dB,223.161
SSVHTL,SS,VHTL,3.6,-40,BAL,"INA PSRR+ @ 60 Hz",dB,202.494
SSVHTL,SS,VHTL,3.6,-40,BAL,"INA PSRR+ @ 150 Hz",dB,202.494
SSVHTL,SS,VHTL,3.6,-40,BAL,"INA PSRR- @ 60 Hz",dB,215.147
SSVHTL,SS,VHTL,3.6,-40,BAL,"INA PSRR- @ 150 Hz",dB,215.146
SSVHTL,SS,VHTL,3.6,-40,BAL,"Input-referred noise 0.05-150 Hz",uVrms,2.647
SSVHTL,SS,VHTL,3.6,-40,BAL,"THD @ 60 Hz, 5 mVpp",%,1.811e-05
SSVHTL,SS,VHTL,3.6,-40,BAL,"RLD gain",V/V,4.999
SSVHTL,SS,VHTL,3.6,-40,BAL,"RLD -3 dB bandwidth",Hz,163.968
SSVHTL,SS,VHTL,3.6,-40,BAL,"RLD phase margin",deg,65.785
SSVHTL,SS,VHTL,3.6,-40,BAL,"Input CM suppression @ 60 Hz",dB,37.129
SSVHTL,SS,VHTL,3.6,-40,BAL,"Input CM suppression @ 150 Hz",dB,27.317
SSVHTH,SS,VHTH,3.6,125,BAL,"AVDD",V,3.600
SSVHTH,SS,VHTH,3.6,125,BAL,"Temperature",C,125.000
SSVHTH,SS,VHTH,3.6,125,BAL,"S1 target gain",V/V,60.000
SSVHTH,SS,VHTH,3.6,125,BAL,"S2 target gain",V/V,4.000
SSVHTH,SS,VHTH,3.6,125,BAL,"INA target gain",V/V,240.000
SSVHTH,SS,VHTH,3.6,125,BAL,"Total current",mA,4.313
SSVHTH,SS,VHTH,3.6,125,BAL,"Total power",mW,15.527
SSVHTH,SS,VHTH,3.6,125,BAL,"Output CM error",mV,12.612
SSVHTH,SS,VHTH,3.6,125,BAL,"Input-referred offset",uV,0.000
SSVHTH,SS,VHTH,3.6,125,BAL,"S1 gain",V/V,60.009
SSVHTH,SS,VHTH,3.6,125,BAL,"S1 gain dB",dB,35.564
SSVHTH,SS,VHTH,3.6,125,BAL,"S1 gain error",%,0.015
SSVHTH,SS,VHTH,3.6,125,BAL,"S1 -3 dB bandwidth",kHz,217.578
SSVHTH,SS,VHTH,3.6,125,BAL,"S2 gain",V/V,4.001
SSVHTH,SS,VHTH,3.6,125,BAL,"S2 gain dB",dB,12.044
SSVHTH,SS,VHTH,3.6,125,BAL,"S2 gain error",%,0.028
SSVHTH,SS,VHTH,3.6,125,BAL,"S2 -3 dB bandwidth",MHz,2.206
SSVHTH,SS,VHTH,3.6,125,BAL,"INA gain",V/V,240.103
SSVHTH,SS,VHTH,3.6,125,BAL,"INA gain dB",dB,47.608
SSVHTH,SS,VHTH,3.6,125,BAL,"INA gain error",%,0.043
SSVHTH,SS,VHTH,3.6,125,BAL,"Gain flatness 0.05-150 Hz",dB,2.074e-06
SSVHTH,SS,VHTH,3.6,125,BAL,"INA -3 dB bandwidth",kHz,215.477
SSVHTH,SS,VHTH,3.6,125,BAL,"Input range low",mV,-13.700
SSVHTH,SS,VHTH,3.6,125,BAL,"Input range high",mV,13.700
SSVHTH,SS,VHTH,3.6,125,BAL,"Output range low",V,-3.288
SSVHTH,SS,VHTH,3.6,125,BAL,"Output range high",V,3.288
SSVHTH,SS,VHTH,3.6,125,BAL,"INA CMRR @ 60 Hz",dB,244.889
SSVHTH,SS,VHTH,3.6,125,BAL,"INA CMRR @ 150 Hz",dB,245.739
SSVHTH,SS,VHTH,3.6,125,BAL,"INA PSRR+ @ 60 Hz",dB,198.376
SSVHTH,SS,VHTH,3.6,125,BAL,"INA PSRR+ @ 150 Hz",dB,198.375
SSVHTH,SS,VHTH,3.6,125,BAL,"INA PSRR- @ 60 Hz",dB,236.836
SSVHTH,SS,VHTH,3.6,125,BAL,"INA PSRR- @ 150 Hz",dB,236.425
SSVHTH,SS,VHTH,3.6,125,BAL,"Input-referred noise 0.05-150 Hz",uVrms,3.098
SSVHTH,SS,VHTH,3.6,125,BAL,"THD @ 60 Hz, 5 mVpp",%,3.150e-05
SSVHTH,SS,VHTH,3.6,125,BAL,"RLD gain",V/V,4.999
SSVHTH,SS,VHTH,3.6,125,BAL,"RLD -3 dB bandwidth",Hz,205.945
SSVHTH,SS,VHTH,3.6,125,BAL,"RLD phase margin",deg,62.126
SSVHTH,SS,VHTH,3.6,125,BAL,"Input CM suppression @ 60 Hz",dB,37.324
SSVHTH,SS,VHTH,3.6,125,BAL,"Input CM suppression @ 150 Hz",dB,28.141
FSNOMNOM,FS,NOMNOM,3.3,27,BAL,"AVDD",V,3.300
FSNOMNOM,FS,NOMNOM,3.3,27,BAL,"Temperature",C,27.000
FSNOMNOM,FS,NOMNOM,3.3,27,BAL,"S1 target gain",V/V,60.000
FSNOMNOM,FS,NOMNOM,3.3,27,BAL,"S2 target gain",V/V,4.000
FSNOMNOM,FS,NOMNOM,3.3,27,BAL,"INA target gain",V/V,240.000
FSNOMNOM,FS,NOMNOM,3.3,27,BAL,"Total current",mA,3.977
FSNOMNOM,FS,NOMNOM,3.3,27,BAL,"Total power",mW,13.124
FSNOMNOM,FS,NOMNOM,3.3,27,BAL,"Output CM error",mV,1.218
FSNOMNOM,FS,NOMNOM,3.3,27,BAL,"Input-referred offset",uV,0.000
FSNOMNOM,FS,NOMNOM,3.3,27,BAL,"S1 gain",V/V,60.000
FSNOMNOM,FS,NOMNOM,3.3,27,BAL,"S1 gain dB",dB,35.563
FSNOMNOM,FS,NOMNOM,3.3,27,BAL,"S1 gain error",%,-5.630e-04
FSNOMNOM,FS,NOMNOM,3.3,27,BAL,"S1 -3 dB bandwidth",kHz,267.999
FSNOMNOM,FS,NOMNOM,3.3,27,BAL,"S2 gain",V/V,4.000
FSNOMNOM,FS,NOMNOM,3.3,27,BAL,"S2 gain dB",dB,12.042
FSNOMNOM,FS,NOMNOM,3.3,27,BAL,"S2 gain error",%,0.010
FSNOMNOM,FS,NOMNOM,3.3,27,BAL,"S2 -3 dB bandwidth",MHz,2.681
FSNOMNOM,FS,NOMNOM,3.3,27,BAL,"INA gain",V/V,240.022
FSNOMNOM,FS,NOMNOM,3.3,27,BAL,"INA gain dB",dB,47.605
FSNOMNOM,FS,NOMNOM,3.3,27,BAL,"INA gain error",%,0.009
FSNOMNOM,FS,NOMNOM,3.3,27,BAL,"Gain flatness 0.05-150 Hz",dB,1.367e-06
FSNOMNOM,FS,NOMNOM,3.3,27,BAL,"INA -3 dB bandwidth",kHz,265.376
FSNOMNOM,FS,NOMNOM,3.3,27,BAL,"Input range low",mV,-12.750
FSNOMNOM,FS,NOMNOM,3.3,27,BAL,"Input range high",mV,12.750
FSNOMNOM,FS,NOMNOM,3.3,27,BAL,"Output range low",V,-3.059
FSNOMNOM,FS,NOMNOM,3.3,27,BAL,"Output range high",V,3.059
FSNOMNOM,FS,NOMNOM,3.3,27,BAL,"INA CMRR @ 60 Hz",dB,226.808
FSNOMNOM,FS,NOMNOM,3.3,27,BAL,"INA CMRR @ 150 Hz",dB,226.955
FSNOMNOM,FS,NOMNOM,3.3,27,BAL,"INA PSRR+ @ 60 Hz",dB,203.727
FSNOMNOM,FS,NOMNOM,3.3,27,BAL,"INA PSRR+ @ 150 Hz",dB,203.727
FSNOMNOM,FS,NOMNOM,3.3,27,BAL,"INA PSRR- @ 60 Hz",dB,221.532
FSNOMNOM,FS,NOMNOM,3.3,27,BAL,"INA PSRR- @ 150 Hz",dB,221.431
FSNOMNOM,FS,NOMNOM,3.3,27,BAL,"Input-referred noise 0.05-150 Hz",uVrms,2.644
FSNOMNOM,FS,NOMNOM,3.3,27,BAL,"THD @ 60 Hz, 5 mVpp",%,2.393e-05
FSNOMNOM,FS,NOMNOM,3.3,27,BAL,"RLD gain",V/V,4.999
FSNOMNOM,FS,NOMNOM,3.3,27,BAL,"RLD -3 dB bandwidth",Hz,182.777
FSNOMNOM,FS,NOMNOM,3.3,27,BAL,"RLD phase margin",deg,64.009
FSNOMNOM,FS,NOMNOM,3.3,27,BAL,"Input CM suppression @ 60 Hz",dB,37.233
FSNOMNOM,FS,NOMNOM,3.3,27,BAL,"Input CM suppression @ 150 Hz",dB,27.738
FSVLNOM,FS,VLNOM,3,27,BAL,"AVDD",V,3.000
FSVLNOM,FS,VLNOM,3,27,BAL,"Temperature",C,27.000
FSVLNOM,FS,VLNOM,3,27,BAL,"S1 target gain",V/V,60.000
FSVLNOM,FS,VLNOM,3,27,BAL,"S2 target gain",V/V,4.000
FSVLNOM,FS,VLNOM,3,27,BAL,"INA target gain",V/V,240.000
FSVLNOM,FS,VLNOM,3,27,BAL,"Total current",mA,3.878
FSVLNOM,FS,VLNOM,3,27,BAL,"Total power",mW,11.634
FSVLNOM,FS,VLNOM,3,27,BAL,"Output CM error",mV,1.165
FSVLNOM,FS,VLNOM,3,27,BAL,"Input-referred offset",uV,-0.000
FSVLNOM,FS,VLNOM,3,27,BAL,"S1 gain",V/V,59.991
FSVLNOM,FS,VLNOM,3,27,BAL,"S1 gain dB",dB,35.562
FSVLNOM,FS,VLNOM,3,27,BAL,"S1 gain error",%,-0.015
FSVLNOM,FS,VLNOM,3,27,BAL,"S1 -3 dB bandwidth",kHz,262.993
FSVLNOM,FS,VLNOM,3,27,BAL,"S2 gain",V/V,4.000
FSVLNOM,FS,VLNOM,3,27,BAL,"S2 gain dB",dB,12.042
FSVLNOM,FS,VLNOM,3,27,BAL,"S2 gain error",%,0.009
FSVLNOM,FS,VLNOM,3,27,BAL,"S2 -3 dB bandwidth",MHz,2.635
FSVLNOM,FS,VLNOM,3,27,BAL,"INA gain",V/V,239.984
FSVLNOM,FS,VLNOM,3,27,BAL,"INA gain dB",dB,47.604
FSVLNOM,FS,VLNOM,3,27,BAL,"INA gain error",%,-0.006
FSVLNOM,FS,VLNOM,3,27,BAL,"Gain flatness 0.05-150 Hz",dB,1.420e-06
FSVLNOM,FS,VLNOM,3,27,BAL,"INA -3 dB bandwidth",kHz,260.361
FSVLNOM,FS,VLNOM,3,27,BAL,"Input range low",mV,-11.500
FSVLNOM,FS,VLNOM,3,27,BAL,"Input range high",mV,11.500
FSVLNOM,FS,VLNOM,3,27,BAL,"Output range low",V,-2.759
FSVLNOM,FS,VLNOM,3,27,BAL,"Output range high",V,2.759
FSVLNOM,FS,VLNOM,3,27,BAL,"INA CMRR @ 60 Hz",dB,233.791
FSVLNOM,FS,VLNOM,3,27,BAL,"INA CMRR @ 150 Hz",dB,233.461
FSVLNOM,FS,VLNOM,3,27,BAL,"INA PSRR+ @ 60 Hz",dB,193.170
FSVLNOM,FS,VLNOM,3,27,BAL,"INA PSRR+ @ 150 Hz",dB,193.170
FSVLNOM,FS,VLNOM,3,27,BAL,"INA PSRR- @ 60 Hz",dB,226.881
FSVLNOM,FS,VLNOM,3,27,BAL,"INA PSRR- @ 150 Hz",dB,227.082
FSVLNOM,FS,VLNOM,3,27,BAL,"Input-referred noise 0.05-150 Hz",uVrms,2.645
FSVLNOM,FS,VLNOM,3,27,BAL,"THD @ 60 Hz, 5 mVpp",%,2.154e-05
FSVLNOM,FS,VLNOM,3,27,BAL,"RLD gain",V/V,4.999
FSVLNOM,FS,VLNOM,3,27,BAL,"RLD -3 dB bandwidth",Hz,182.769
FSVLNOM,FS,VLNOM,3,27,BAL,"RLD phase margin",deg,64.004
FSVLNOM,FS,VLNOM,3,27,BAL,"Input CM suppression @ 60 Hz",dB,37.230
FSVLNOM,FS,VLNOM,3,27,BAL,"Input CM suppression @ 150 Hz",dB,27.734
FSVHNOM,FS,VHNOM,3.6,27,BAL,"AVDD",V,3.600
FSVHNOM,FS,VHNOM,3.6,27,BAL,"Temperature",C,27.000
FSVHNOM,FS,VHNOM,3.6,27,BAL,"S1 target gain",V/V,60.000
FSVHNOM,FS,VHNOM,3.6,27,BAL,"S2 target gain",V/V,4.000
FSVHNOM,FS,VHNOM,3.6,27,BAL,"INA target gain",V/V,240.000
FSVHNOM,FS,VHNOM,3.6,27,BAL,"Total current",mA,4.051
FSVHNOM,FS,VHNOM,3.6,27,BAL,"Total power",mW,14.583
FSVHNOM,FS,VHNOM,3.6,27,BAL,"Output CM error",mV,1.253
FSVHNOM,FS,VHNOM,3.6,27,BAL,"Input-referred offset",uV,-0.000
FSVHNOM,FS,VHNOM,3.6,27,BAL,"S1 gain",V/V,60.007
FSVHNOM,FS,VHNOM,3.6,27,BAL,"S1 gain dB",dB,35.564
FSVHNOM,FS,VHNOM,3.6,27,BAL,"S1 gain error",%,0.012
FSVHNOM,FS,VHNOM,3.6,27,BAL,"S1 -3 dB bandwidth",kHz,271.563
FSVHNOM,FS,VHNOM,3.6,27,BAL,"S2 gain",V/V,4.000
FSVHNOM,FS,VHNOM,3.6,27,BAL,"S2 gain dB",dB,12.042
FSVHNOM,FS,VHNOM,3.6,27,BAL,"S2 gain error",%,0.011
FSVHNOM,FS,VHNOM,3.6,27,BAL,"S2 -3 dB bandwidth",MHz,2.712
FSVHNOM,FS,VHNOM,3.6,27,BAL,"INA gain",V/V,240.053
FSVHNOM,FS,VHNOM,3.6,27,BAL,"INA gain dB",dB,47.606
FSVHNOM,FS,VHNOM,3.6,27,BAL,"INA gain error",%,0.022
FSVHNOM,FS,VHNOM,3.6,27,BAL,"Gain flatness 0.05-150 Hz",dB,1.331e-06
FSVHNOM,FS,VHNOM,3.6,27,BAL,"INA -3 dB bandwidth",kHz,268.860
FSVHNOM,FS,VHNOM,3.6,27,BAL,"Input range low",mV,-14.000
FSVHNOM,FS,VHNOM,3.6,27,BAL,"Input range high",mV,14.000
FSVHNOM,FS,VHNOM,3.6,27,BAL,"Output range low",V,-3.360
FSVHNOM,FS,VHNOM,3.6,27,BAL,"Output range high",V,3.360
FSVHNOM,FS,VHNOM,3.6,27,BAL,"INA CMRR @ 60 Hz",dB,230.435
FSVHNOM,FS,VHNOM,3.6,27,BAL,"INA CMRR @ 150 Hz",dB,230.645
FSVHNOM,FS,VHNOM,3.6,27,BAL,"INA PSRR+ @ 60 Hz",dB,196.045
FSVHNOM,FS,VHNOM,3.6,27,BAL,"INA PSRR+ @ 150 Hz",dB,196.045
FSVHNOM,FS,VHNOM,3.6,27,BAL,"INA PSRR- @ 60 Hz",dB,226.831
FSVHNOM,FS,VHNOM,3.6,27,BAL,"INA PSRR- @ 150 Hz",dB,226.655
FSVHNOM,FS,VHNOM,3.6,27,BAL,"Input-referred noise 0.05-150 Hz",uVrms,2.644
FSVHNOM,FS,VHNOM,3.6,27,BAL,"THD @ 60 Hz, 5 mVpp",%,3.886e-05
FSVHNOM,FS,VHNOM,3.6,27,BAL,"RLD gain",V/V,4.999
FSVHNOM,FS,VHNOM,3.6,27,BAL,"RLD -3 dB bandwidth",Hz,182.784
FSVHNOM,FS,VHNOM,3.6,27,BAL,"RLD phase margin",deg,64.013
FSVHNOM,FS,VHNOM,3.6,27,BAL,"Input CM suppression @ 60 Hz",dB,37.237
FSVHNOM,FS,VHNOM,3.6,27,BAL,"Input CM suppression @ 150 Hz",dB,27.741
FSNOMTL,FS,NOMTL,3.3,-40,BAL,"AVDD",V,3.300
FSNOMTL,FS,NOMTL,3.3,-40,BAL,"Temperature",C,-40.000
FSNOMTL,FS,NOMTL,3.3,-40,BAL,"S1 target gain",V/V,60.000
FSNOMTL,FS,NOMTL,3.3,-40,BAL,"S2 target gain",V/V,4.000
FSNOMTL,FS,NOMTL,3.3,-40,BAL,"INA target gain",V/V,240.000
FSNOMTL,FS,NOMTL,3.3,-40,BAL,"Total current",mA,3.218
FSNOMTL,FS,NOMTL,3.3,-40,BAL,"Total power",mW,10.619
FSNOMTL,FS,NOMTL,3.3,-40,BAL,"Output CM error",mV,-5.572
FSNOMTL,FS,NOMTL,3.3,-40,BAL,"Input-referred offset",uV,-0.000
FSNOMTL,FS,NOMTL,3.3,-40,BAL,"S1 gain",V/V,59.975
FSNOMTL,FS,NOMTL,3.3,-40,BAL,"S1 gain dB",dB,35.559
FSNOMTL,FS,NOMTL,3.3,-40,BAL,"S1 gain error",%,-0.041
FSNOMTL,FS,NOMTL,3.3,-40,BAL,"S1 -3 dB bandwidth",kHz,280.213
FSNOMTL,FS,NOMTL,3.3,-40,BAL,"S2 gain",V/V,4.000
FSNOMTL,FS,NOMTL,3.3,-40,BAL,"S2 gain dB",dB,12.041
FSNOMTL,FS,NOMTL,3.3,-40,BAL,"S2 gain error",%,-0.007
FSNOMTL,FS,NOMTL,3.3,-40,BAL,"S2 -3 dB bandwidth",MHz,2.781
FSNOMTL,FS,NOMTL,3.3,-40,BAL,"INA gain",V/V,239.884
FSNOMTL,FS,NOMTL,3.3,-40,BAL,"INA gain dB",dB,47.600
FSNOMTL,FS,NOMTL,3.3,-40,BAL,"INA gain error",%,-0.049
FSNOMTL,FS,NOMTL,3.3,-40,BAL,"Gain flatness 0.05-150 Hz",dB,1.254e-06
FSNOMTL,FS,NOMTL,3.3,-40,BAL,"INA -3 dB bandwidth",kHz,277.413
FSNOMTL,FS,NOMTL,3.3,-40,BAL,"Input range low",mV,-13.000
FSNOMTL,FS,NOMTL,3.3,-40,BAL,"Input range high",mV,13.000
FSNOMTL,FS,NOMTL,3.3,-40,BAL,"Output range low",V,-3.118
FSNOMTL,FS,NOMTL,3.3,-40,BAL,"Output range high",V,3.118
FSNOMTL,FS,NOMTL,3.3,-40,BAL,"INA CMRR @ 60 Hz",dB,226.259
FSNOMTL,FS,NOMTL,3.3,-40,BAL,"INA CMRR @ 150 Hz",dB,226.259
FSNOMTL,FS,NOMTL,3.3,-40,BAL,"INA PSRR+ @ 60 Hz",dB,209.292
FSNOMTL,FS,NOMTL,3.3,-40,BAL,"INA PSRR+ @ 150 Hz",dB,209.292
FSNOMTL,FS,NOMTL,3.3,-40,BAL,"INA PSRR- @ 60 Hz",dB,220.536
FSNOMTL,FS,NOMTL,3.3,-40,BAL,"INA PSRR- @ 150 Hz",dB,220.537
FSNOMTL,FS,NOMTL,3.3,-40,BAL,"Input-referred noise 0.05-150 Hz",uVrms,2.503
FSNOMTL,FS,NOMTL,3.3,-40,BAL,"THD @ 60 Hz, 5 mVpp",%,3.184e-05
FSNOMTL,FS,NOMTL,3.3,-40,BAL,"RLD gain",V/V,4.999
FSNOMTL,FS,NOMTL,3.3,-40,BAL,"RLD -3 dB bandwidth",Hz,163.974
FSNOMTL,FS,NOMTL,3.3,-40,BAL,"RLD phase margin",deg,65.789
FSNOMTL,FS,NOMTL,3.3,-40,BAL,"Input CM suppression @ 60 Hz",dB,37.131
FSNOMTL,FS,NOMTL,3.3,-40,BAL,"Input CM suppression @ 150 Hz",dB,27.319
FSNOMTH,FS,NOMTH,3.3,125,BAL,"AVDD",V,3.300
FSNOMTH,FS,NOMTH,3.3,125,BAL,"Temperature",C,125.000
FSNOMTH,FS,NOMTH,3.3,125,BAL,"S1 target gain",V/V,60.000
FSNOMTH,FS,NOMTH,3.3,125,BAL,"S2 target gain",V/V,4.000
FSNOMTH,FS,NOMTH,3.3,125,BAL,"INA target gain",V/V,240.000
FSNOMTH,FS,NOMTH,3.3,125,BAL,"Total current",mA,4.620
FSNOMTH,FS,NOMTH,3.3,125,BAL,"Total power",mW,15.245
FSNOMTH,FS,NOMTH,3.3,125,BAL,"Output CM error",mV,10.865
FSNOMTH,FS,NOMTH,3.3,125,BAL,"Input-referred offset",uV,-0.001
FSNOMTH,FS,NOMTH,3.3,125,BAL,"S1 gain",V/V,60.012
FSNOMTH,FS,NOMTH,3.3,125,BAL,"S1 gain dB",dB,35.565
FSNOMTH,FS,NOMTH,3.3,125,BAL,"S1 gain error",%,0.020
FSNOMTH,FS,NOMTH,3.3,125,BAL,"S1 -3 dB bandwidth",kHz,232.858
FSNOMTH,FS,NOMTH,3.3,125,BAL,"S2 gain",V/V,4.001
FSNOMTH,FS,NOMTH,3.3,125,BAL,"S2 gain dB",dB,12.044
FSNOMTH,FS,NOMTH,3.3,125,BAL,"S2 gain error",%,0.028
FSNOMTH,FS,NOMTH,3.3,125,BAL,"S2 -3 dB bandwidth",MHz,2.353
FSNOMTH,FS,NOMTH,3.3,125,BAL,"INA gain",V/V,240.116
FSNOMTH,FS,NOMTH,3.3,125,BAL,"INA gain dB",dB,47.608
FSNOMTH,FS,NOMTH,3.3,125,BAL,"INA gain error",%,0.048
FSNOMTH,FS,NOMTH,3.3,125,BAL,"Gain flatness 0.05-150 Hz",dB,1.810e-06
FSNOMTH,FS,NOMTH,3.3,125,BAL,"INA -3 dB bandwidth",kHz,230.645
FSNOMTH,FS,NOMTH,3.3,125,BAL,"Input range low",mV,-12.450
FSNOMTH,FS,NOMTH,3.3,125,BAL,"Input range high",mV,12.450
FSNOMTH,FS,NOMTH,3.3,125,BAL,"Output range low",V,-2.988
FSNOMTH,FS,NOMTH,3.3,125,BAL,"Output range high",V,2.988
FSNOMTH,FS,NOMTH,3.3,125,BAL,"INA CMRR @ 60 Hz",dB,222.928
FSNOMTH,FS,NOMTH,3.3,125,BAL,"INA CMRR @ 150 Hz",dB,222.992
FSNOMTH,FS,NOMTH,3.3,125,BAL,"INA PSRR+ @ 60 Hz",dB,192.421
FSNOMTH,FS,NOMTH,3.3,125,BAL,"INA PSRR+ @ 150 Hz",dB,192.421
FSNOMTH,FS,NOMTH,3.3,125,BAL,"INA PSRR- @ 60 Hz",dB,219.843
FSNOMTH,FS,NOMTH,3.3,125,BAL,"INA PSRR- @ 150 Hz",dB,219.788
FSNOMTH,FS,NOMTH,3.3,125,BAL,"Input-referred noise 0.05-150 Hz",uVrms,2.928
FSNOMTH,FS,NOMTH,3.3,125,BAL,"THD @ 60 Hz, 5 mVpp",%,2.996e-05
FSNOMTH,FS,NOMTH,3.3,125,BAL,"RLD gain",V/V,4.999
FSNOMTH,FS,NOMTH,3.3,125,BAL,"RLD -3 dB bandwidth",Hz,205.955
FSNOMTH,FS,NOMTH,3.3,125,BAL,"RLD phase margin",deg,62.129
FSNOMTH,FS,NOMTH,3.3,125,BAL,"Input CM suppression @ 60 Hz",dB,37.326
FSNOMTH,FS,NOMTH,3.3,125,BAL,"Input CM suppression @ 150 Hz",dB,28.143
FSVLTL,FS,VLTL,3,-40,BAL,"AVDD",V,3.000
FSVLTL,FS,VLTL,3,-40,BAL,"Temperature",C,-40.000
FSVLTL,FS,VLTL,3,-40,BAL,"S1 target gain",V/V,60.000
FSVLTL,FS,VLTL,3,-40,BAL,"S2 target gain",V/V,4.000
FSVLTL,FS,VLTL,3,-40,BAL,"INA target gain",V/V,240.000
FSVLTL,FS,VLTL,3,-40,BAL,"Total current",mA,3.134
FSVLTL,FS,VLTL,3,-40,BAL,"Total power",mW,9.401
FSVLTL,FS,VLTL,3,-40,BAL,"Output CM error",mV,-5.621
FSVLTL,FS,VLTL,3,-40,BAL,"Input-referred offset",uV,-0.000
FSVLTL,FS,VLTL,3,-40,BAL,"S1 gain",V/V,59.968
FSVLTL,FS,VLTL,3,-40,BAL,"S1 gain dB",dB,35.558
FSVLTL,FS,VLTL,3,-40,BAL,"S1 gain error",%,-0.054
FSVLTL,FS,VLTL,3,-40,BAL,"S1 -3 dB bandwidth",kHz,275.373
FSVLTL,FS,VLTL,3,-40,BAL,"S2 gain",V/V,4.000
FSVLTL,FS,VLTL,3,-40,BAL,"S2 gain dB",dB,12.040
FSVLTL,FS,VLTL,3,-40,BAL,"S2 gain error",%,-0.008
FSVLTL,FS,VLTL,3,-40,BAL,"S2 -3 dB bandwidth",MHz,2.739
FSVLTL,FS,VLTL,3,-40,BAL,"INA gain",V/V,239.850
FSVLTL,FS,VLTL,3,-40,BAL,"INA gain dB",dB,47.599
FSVLTL,FS,VLTL,3,-40,BAL,"INA gain error",%,-0.062
FSVLTL,FS,VLTL,3,-40,BAL,"Gain flatness 0.05-150 Hz",dB,1.299e-06
FSVLTL,FS,VLTL,3,-40,BAL,"INA -3 dB bandwidth",kHz,272.557
FSVLTL,FS,VLTL,3,-40,BAL,"Input range low",mV,-11.750
FSVLTL,FS,VLTL,3,-40,BAL,"Input range high",mV,11.750
FSVLTL,FS,VLTL,3,-40,BAL,"Output range low",V,-2.817
FSVLTL,FS,VLTL,3,-40,BAL,"Output range high",V,2.817
FSVLTL,FS,VLTL,3,-40,BAL,"INA CMRR @ 60 Hz",dB,224.615
FSVLTL,FS,VLTL,3,-40,BAL,"INA CMRR @ 150 Hz",dB,224.614
FSVLTL,FS,VLTL,3,-40,BAL,"INA PSRR+ @ 60 Hz",dB,204.838
FSVLTL,FS,VLTL,3,-40,BAL,"INA PSRR+ @ 150 Hz",dB,204.838
FSVLTL,FS,VLTL,3,-40,BAL,"INA PSRR- @ 60 Hz",dB,214.900
FSVLTL,FS,VLTL,3,-40,BAL,"INA PSRR- @ 150 Hz",dB,214.900
FSVLTL,FS,VLTL,3,-40,BAL,"Input-referred noise 0.05-150 Hz",uVrms,2.500
FSVLTL,FS,VLTL,3,-40,BAL,"THD @ 60 Hz, 5 mVpp",%,2.996e-05
FSVLTL,FS,VLTL,3,-40,BAL,"RLD gain",V/V,4.999
FSVLTL,FS,VLTL,3,-40,BAL,"RLD -3 dB bandwidth",Hz,163.967
FSVLTL,FS,VLTL,3,-40,BAL,"RLD phase margin",deg,65.784
FSVLTL,FS,VLTL,3,-40,BAL,"Input CM suppression @ 60 Hz",dB,37.127
FSVLTL,FS,VLTL,3,-40,BAL,"Input CM suppression @ 150 Hz",dB,27.315
FSVLTH,FS,VLTH,3,125,BAL,"AVDD",V,3.000
FSVLTH,FS,VLTH,3,125,BAL,"Temperature",C,125.000
FSVLTH,FS,VLTH,3,125,BAL,"S1 target gain",V/V,60.000
FSVLTH,FS,VLTH,3,125,BAL,"S2 target gain",V/V,4.000
FSVLTH,FS,VLTH,3,125,BAL,"INA target gain",V/V,240.000
FSVLTH,FS,VLTH,3,125,BAL,"Total current",mA,4.513
FSVLTH,FS,VLTH,3,125,BAL,"Total power",mW,13.540
FSVLTH,FS,VLTH,3,125,BAL,"Output CM error",mV,10.789
FSVLTH,FS,VLTH,3,125,BAL,"Input-referred offset",uV,0.001
FSVLTH,FS,VLTH,3,125,BAL,"S1 gain",V/V,60.001
FSVLTH,FS,VLTH,3,125,BAL,"S1 gain dB",dB,35.563
FSVLTH,FS,VLTH,3,125,BAL,"S1 gain error",%,0.002
FSVLTH,FS,VLTH,3,125,BAL,"S1 -3 dB bandwidth",kHz,228.329
FSVLTH,FS,VLTH,3,125,BAL,"S2 gain",V/V,4.001
FSVLTH,FS,VLTH,3,125,BAL,"S2 gain dB",dB,12.044
FSVLTH,FS,VLTH,3,125,BAL,"S2 gain error",%,0.027
FSVLTH,FS,VLTH,3,125,BAL,"S2 -3 dB bandwidth",MHz,2.310
FSVLTH,FS,VLTH,3,125,BAL,"INA gain",V/V,240.069
FSVLTH,FS,VLTH,3,125,BAL,"INA gain dB",dB,47.607
FSVLTH,FS,VLTH,3,125,BAL,"INA gain error",%,0.029
FSVLTH,FS,VLTH,3,125,BAL,"Gain flatness 0.05-150 Hz",dB,1.883e-06
FSVLTH,FS,VLTH,3,125,BAL,"INA -3 dB bandwidth",kHz,226.108
FSVLTH,FS,VLTH,3,125,BAL,"Input range low",mV,-11.200
FSVLTH,FS,VLTH,3,125,BAL,"Input range high",mV,11.200
FSVLTH,FS,VLTH,3,125,BAL,"Output range low",V,-2.688
FSVLTH,FS,VLTH,3,125,BAL,"Output range high",V,2.688
FSVLTH,FS,VLTH,3,125,BAL,"INA CMRR @ 60 Hz",dB,230.573
FSVLTH,FS,VLTH,3,125,BAL,"INA CMRR @ 150 Hz",dB,230.735
FSVLTH,FS,VLTH,3,125,BAL,"INA PSRR+ @ 60 Hz",dB,189.666
FSVLTH,FS,VLTH,3,125,BAL,"INA PSRR+ @ 150 Hz",dB,189.667
FSVLTH,FS,VLTH,3,125,BAL,"INA PSRR- @ 60 Hz",dB,223.620
FSVLTH,FS,VLTH,3,125,BAL,"INA PSRR- @ 150 Hz",dB,223.525
FSVLTH,FS,VLTH,3,125,BAL,"Input-referred noise 0.05-150 Hz",uVrms,2.933
FSVLTH,FS,VLTH,3,125,BAL,"THD @ 60 Hz, 5 mVpp",%,5.981e-05
FSVLTH,FS,VLTH,3,125,BAL,"RLD gain",V/V,4.999
FSVLTH,FS,VLTH,3,125,BAL,"RLD -3 dB bandwidth",Hz,205.944
FSVLTH,FS,VLTH,3,125,BAL,"RLD phase margin",deg,62.125
FSVLTH,FS,VLTH,3,125,BAL,"Input CM suppression @ 60 Hz",dB,37.322
FSVLTH,FS,VLTH,3,125,BAL,"Input CM suppression @ 150 Hz",dB,28.140
FSVHTL,FS,VHTL,3.6,-40,BAL,"AVDD",V,3.600
FSVHTL,FS,VHTL,3.6,-40,BAL,"Temperature",C,-40.000
FSVHTL,FS,VHTL,3.6,-40,BAL,"S1 target gain",V/V,60.000
FSVHTL,FS,VHTL,3.6,-40,BAL,"S2 target gain",V/V,4.000
FSVHTL,FS,VHTL,3.6,-40,BAL,"INA target gain",V/V,240.000
FSVHTL,FS,VHTL,3.6,-40,BAL,"Total current",mA,3.286
FSVHTL,FS,VHTL,3.6,-40,BAL,"Total power",mW,11.831
FSVHTL,FS,VHTL,3.6,-40,BAL,"Output CM error",mV,-5.532
FSVHTL,FS,VHTL,3.6,-40,BAL,"Input-referred offset",uV,-0.000
FSVHTL,FS,VHTL,3.6,-40,BAL,"S1 gain",V/V,59.982
FSVHTL,FS,VHTL,3.6,-40,BAL,"S1 gain dB",dB,35.560
FSVHTL,FS,VHTL,3.6,-40,BAL,"S1 gain error",%,-0.030
FSVHTL,FS,VHTL,3.6,-40,BAL,"S1 -3 dB bandwidth",kHz,283.914
FSVHTL,FS,VHTL,3.6,-40,BAL,"S2 gain",V/V,4.000
FSVHTL,FS,VHTL,3.6,-40,BAL,"S2 gain dB",dB,12.041
FSVHTL,FS,VHTL,3.6,-40,BAL,"S2 gain error",%,-0.007
FSVHTL,FS,VHTL,3.6,-40,BAL,"S2 -3 dB bandwidth",MHz,2.811
FSVHTL,FS,VHTL,3.6,-40,BAL,"INA gain",V/V,239.911
FSVHTL,FS,VHTL,3.6,-40,BAL,"INA gain dB",dB,47.601
FSVHTL,FS,VHTL,3.6,-40,BAL,"INA gain error",%,-0.037
FSVHTL,FS,VHTL,3.6,-40,BAL,"Gain flatness 0.05-150 Hz",dB,1.221e-06
FSVHTL,FS,VHTL,3.6,-40,BAL,"INA -3 dB bandwidth",kHz,281.024
FSVHTL,FS,VHTL,3.6,-40,BAL,"Input range low",mV,-14.250
FSVHTL,FS,VHTL,3.6,-40,BAL,"Input range high",mV,14.250
FSVHTL,FS,VHTL,3.6,-40,BAL,"Output range low",V,-3.418
FSVHTL,FS,VHTL,3.6,-40,BAL,"Output range high",V,3.418
FSVHTL,FS,VHTL,3.6,-40,BAL,"INA CMRR @ 60 Hz",dB,221.029
FSVHTL,FS,VHTL,3.6,-40,BAL,"INA CMRR @ 150 Hz",dB,221.029
FSVHTL,FS,VHTL,3.6,-40,BAL,"INA PSRR+ @ 60 Hz",dB,194.829
FSVHTL,FS,VHTL,3.6,-40,BAL,"INA PSRR+ @ 150 Hz",dB,194.829
FSVHTL,FS,VHTL,3.6,-40,BAL,"INA PSRR- @ 60 Hz",dB,216.659
FSVHTL,FS,VHTL,3.6,-40,BAL,"INA PSRR- @ 150 Hz",dB,216.659
FSVHTL,FS,VHTL,3.6,-40,BAL,"Input-referred noise 0.05-150 Hz",uVrms,2.505
FSVHTL,FS,VHTL,3.6,-40,BAL,"THD @ 60 Hz, 5 mVpp",%,1.330e-05
FSVHTL,FS,VHTL,3.6,-40,BAL,"RLD gain",V/V,4.999
FSVHTL,FS,VHTL,3.6,-40,BAL,"RLD -3 dB bandwidth",Hz,163.979
FSVHTL,FS,VHTL,3.6,-40,BAL,"RLD phase margin",deg,65.794
FSVHTL,FS,VHTL,3.6,-40,BAL,"Input CM suppression @ 60 Hz",dB,37.135
FSVHTL,FS,VHTL,3.6,-40,BAL,"Input CM suppression @ 150 Hz",dB,27.323
FSVHTH,FS,VHTH,3.6,125,BAL,"AVDD",V,3.600
FSVHTH,FS,VHTH,3.6,125,BAL,"Temperature",C,125.000
FSVHTH,FS,VHTH,3.6,125,BAL,"S1 target gain",V/V,60.000
FSVHTH,FS,VHTH,3.6,125,BAL,"S2 target gain",V/V,4.000
FSVHTH,FS,VHTH,3.6,125,BAL,"INA target gain",V/V,240.000
FSVHTH,FS,VHTH,3.6,125,BAL,"Total current",mA,4.693
FSVHTH,FS,VHTH,3.6,125,BAL,"Total power",mW,16.895
FSVHTH,FS,VHTH,3.6,125,BAL,"Output CM error",mV,10.904
FSVHTH,FS,VHTH,3.6,125,BAL,"Input-referred offset",uV,-0.000
FSVHTH,FS,VHTH,3.6,125,BAL,"S1 gain",V/V,60.021
FSVHTH,FS,VHTH,3.6,125,BAL,"S1 gain dB",dB,35.566
FSVHTH,FS,VHTH,3.6,125,BAL,"S1 gain error",%,0.035
FSVHTH,FS,VHTH,3.6,125,BAL,"S1 -3 dB bandwidth",kHz,235.877
FSVHTH,FS,VHTH,3.6,125,BAL,"S2 gain",V/V,4.001
FSVHTH,FS,VHTH,3.6,125,BAL,"S2 gain dB",dB,12.044
FSVHTH,FS,VHTH,3.6,125,BAL,"S2 gain error",%,0.029
FSVHTH,FS,VHTH,3.6,125,BAL,"S2 -3 dB bandwidth",MHz,2.381
FSVHTH,FS,VHTH,3.6,125,BAL,"INA gain",V/V,240.154
FSVHTH,FS,VHTH,3.6,125,BAL,"INA gain dB",dB,47.610
FSVHTH,FS,VHTH,3.6,125,BAL,"INA gain error",%,0.064
FSVHTH,FS,VHTH,3.6,125,BAL,"Gain flatness 0.05-150 Hz",dB,1.764e-06
FSVHTH,FS,VHTH,3.6,125,BAL,"INA -3 dB bandwidth",kHz,233.599
FSVHTH,FS,VHTH,3.6,125,BAL,"Input range low",mV,-13.700
FSVHTH,FS,VHTH,3.6,125,BAL,"Input range high",mV,13.700
FSVHTH,FS,VHTH,3.6,125,BAL,"Output range low",V,-3.289
FSVHTH,FS,VHTH,3.6,125,BAL,"Output range high",V,3.289
FSVHTH,FS,VHTH,3.6,125,BAL,"INA CMRR @ 60 Hz",dB,228.184
FSVHTH,FS,VHTH,3.6,125,BAL,"INA CMRR @ 150 Hz",dB,228.072
FSVHTH,FS,VHTH,3.6,125,BAL,"INA PSRR+ @ 60 Hz",dB,188.293
FSVHTH,FS,VHTH,3.6,125,BAL,"INA PSRR+ @ 150 Hz",dB,188.294
FSVHTH,FS,VHTH,3.6,125,BAL,"INA PSRR- @ 60 Hz",dB,232.951
FSVHTH,FS,VHTH,3.6,125,BAL,"INA PSRR- @ 150 Hz",dB,233.198
FSVHTH,FS,VHTH,3.6,125,BAL,"Input-referred noise 0.05-150 Hz",uVrms,2.925
FSVHTH,FS,VHTH,3.6,125,BAL,"THD @ 60 Hz, 5 mVpp",%,2.560e-05
FSVHTH,FS,VHTH,3.6,125,BAL,"RLD gain",V/V,4.999
FSVHTH,FS,VHTH,3.6,125,BAL,"RLD -3 dB bandwidth",Hz,205.964
FSVHTH,FS,VHTH,3.6,125,BAL,"RLD phase margin",deg,62.133
FSVHTH,FS,VHTH,3.6,125,BAL,"Input CM suppression @ 60 Hz",dB,37.329
FSVHTH,FS,VHTH,3.6,125,BAL,"Input CM suppression @ 150 Hz",dB,28.147
SFNOMNOM,SF,NOMNOM,3.3,27,BAL,"AVDD",V,3.300
SFNOMNOM,SF,NOMNOM,3.3,27,BAL,"Temperature",C,27.000
SFNOMNOM,SF,NOMNOM,3.3,27,BAL,"S1 target gain",V/V,60.000
SFNOMNOM,SF,NOMNOM,3.3,27,BAL,"S2 target gain",V/V,4.000
SFNOMNOM,SF,NOMNOM,3.3,27,BAL,"INA target gain",V/V,240.000
SFNOMNOM,SF,NOMNOM,3.3,27,BAL,"Total current",mA,3.742
SFNOMNOM,SF,NOMNOM,3.3,27,BAL,"Total power",mW,12.348
SFNOMNOM,SF,NOMNOM,3.3,27,BAL,"Output CM error",mV,-1.541
SFNOMNOM,SF,NOMNOM,3.3,27,BAL,"Input-referred offset",uV,0.000
SFNOMNOM,SF,NOMNOM,3.3,27,BAL,"S1 gain",V/V,60.000
SFNOMNOM,SF,NOMNOM,3.3,27,BAL,"S1 gain dB",dB,35.563
SFNOMNOM,SF,NOMNOM,3.3,27,BAL,"S1 gain error",%,6.060e-04
SFNOMNOM,SF,NOMNOM,3.3,27,BAL,"S1 -3 dB bandwidth",kHz,255.358
SFNOMNOM,SF,NOMNOM,3.3,27,BAL,"S2 gain",V/V,4.000
SFNOMNOM,SF,NOMNOM,3.3,27,BAL,"S2 gain dB",dB,12.042
SFNOMNOM,SF,NOMNOM,3.3,27,BAL,"S2 gain error",%,0.010
SFNOMNOM,SF,NOMNOM,3.3,27,BAL,"S2 -3 dB bandwidth",MHz,2.550
SFNOMNOM,SF,NOMNOM,3.3,27,BAL,"INA gain",V/V,240.026
SFNOMNOM,SF,NOMNOM,3.3,27,BAL,"INA gain dB",dB,47.605
SFNOMNOM,SF,NOMNOM,3.3,27,BAL,"INA gain error",%,0.011
SFNOMNOM,SF,NOMNOM,3.3,27,BAL,"Gain flatness 0.05-150 Hz",dB,1.505e-06
SFNOMNOM,SF,NOMNOM,3.3,27,BAL,"INA -3 dB bandwidth",kHz,252.861
SFNOMNOM,SF,NOMNOM,3.3,27,BAL,"Input range low",mV,-12.850
SFNOMNOM,SF,NOMNOM,3.3,27,BAL,"Input range high",mV,12.850
SFNOMNOM,SF,NOMNOM,3.3,27,BAL,"Output range low",V,-3.083
SFNOMNOM,SF,NOMNOM,3.3,27,BAL,"Output range high",V,3.083
SFNOMNOM,SF,NOMNOM,3.3,27,BAL,"INA CMRR @ 60 Hz",dB,217.890
SFNOMNOM,SF,NOMNOM,3.3,27,BAL,"INA CMRR @ 150 Hz",dB,217.890
SFNOMNOM,SF,NOMNOM,3.3,27,BAL,"INA PSRR+ @ 60 Hz",dB,192.655
SFNOMNOM,SF,NOMNOM,3.3,27,BAL,"INA PSRR+ @ 150 Hz",dB,192.655
SFNOMNOM,SF,NOMNOM,3.3,27,BAL,"INA PSRR- @ 60 Hz",dB,215.182
SFNOMNOM,SF,NOMNOM,3.3,27,BAL,"INA PSRR- @ 150 Hz",dB,215.182
SFNOMNOM,SF,NOMNOM,3.3,27,BAL,"Input-referred noise 0.05-150 Hz",uVrms,2.713
SFNOMNOM,SF,NOMNOM,3.3,27,BAL,"THD @ 60 Hz, 5 mVpp",%,2.982e-05
SFNOMNOM,SF,NOMNOM,3.3,27,BAL,"RLD gain",V/V,4.999
SFNOMNOM,SF,NOMNOM,3.3,27,BAL,"RLD -3 dB bandwidth",Hz,182.766
SFNOMNOM,SF,NOMNOM,3.3,27,BAL,"RLD phase margin",deg,64.003
SFNOMNOM,SF,NOMNOM,3.3,27,BAL,"Input CM suppression @ 60 Hz",dB,37.229
SFNOMNOM,SF,NOMNOM,3.3,27,BAL,"Input CM suppression @ 150 Hz",dB,27.733
SFVLNOM,SF,VLNOM,3,27,BAL,"AVDD",V,3.000
SFVLNOM,SF,VLNOM,3,27,BAL,"Temperature",C,27.000
SFVLNOM,SF,VLNOM,3,27,BAL,"S1 target gain",V/V,60.000
SFVLNOM,SF,VLNOM,3,27,BAL,"S2 target gain",V/V,4.000
SFVLNOM,SF,VLNOM,3,27,BAL,"INA target gain",V/V,240.000
SFVLNOM,SF,VLNOM,3,27,BAL,"Total current",mA,3.655
SFVLNOM,SF,VLNOM,3,27,BAL,"Total power",mW,10.965
SFVLNOM,SF,VLNOM,3,27,BAL,"Output CM error",mV,-1.545
SFVLNOM,SF,VLNOM,3,27,BAL,"Input-referred offset",uV,-0.000
SFVLNOM,SF,VLNOM,3,27,BAL,"S1 gain",V/V,59.993
SFVLNOM,SF,VLNOM,3,27,BAL,"S1 gain dB",dB,35.562
SFVLNOM,SF,VLNOM,3,27,BAL,"S1 gain error",%,-0.012
SFVLNOM,SF,VLNOM,3,27,BAL,"S1 -3 dB bandwidth",kHz,250.806
SFVLNOM,SF,VLNOM,3,27,BAL,"S2 gain",V/V,4.000
SFVLNOM,SF,VLNOM,3,27,BAL,"S2 gain dB",dB,12.042
SFVLNOM,SF,VLNOM,3,27,BAL,"S2 gain error",%,0.009
SFVLNOM,SF,VLNOM,3,27,BAL,"S2 -3 dB bandwidth",MHz,2.509
SFVLNOM,SF,VLNOM,3,27,BAL,"INA gain",V/V,239.994
SFVLNOM,SF,VLNOM,3,27,BAL,"INA gain dB",dB,47.604
SFVLNOM,SF,VLNOM,3,27,BAL,"INA gain error",%,-0.002
SFVLNOM,SF,VLNOM,3,27,BAL,"Gain flatness 0.05-150 Hz",dB,1.561e-06
SFVLNOM,SF,VLNOM,3,27,BAL,"INA -3 dB bandwidth",kHz,248.294
SFVLNOM,SF,VLNOM,3,27,BAL,"Input range low",mV,-11.600
SFVLNOM,SF,VLNOM,3,27,BAL,"Input range high",mV,11.600
SFVLNOM,SF,VLNOM,3,27,BAL,"Output range low",V,-2.783
SFVLNOM,SF,VLNOM,3,27,BAL,"Output range high",V,2.783
SFVLNOM,SF,VLNOM,3,27,BAL,"INA CMRR @ 60 Hz",dB,214.163
SFVLNOM,SF,VLNOM,3,27,BAL,"INA CMRR @ 150 Hz",dB,214.163
SFVLNOM,SF,VLNOM,3,27,BAL,"INA PSRR+ @ 60 Hz",dB,211.726
SFVLNOM,SF,VLNOM,3,27,BAL,"INA PSRR+ @ 150 Hz",dB,211.726
SFVLNOM,SF,VLNOM,3,27,BAL,"INA PSRR- @ 60 Hz",dB,206.980
SFVLNOM,SF,VLNOM,3,27,BAL,"INA PSRR- @ 150 Hz",dB,206.980
SFVLNOM,SF,VLNOM,3,27,BAL,"Input-referred noise 0.05-150 Hz",uVrms,2.713
SFVLNOM,SF,VLNOM,3,27,BAL,"THD @ 60 Hz, 5 mVpp",%,2.186e-05
SFVLNOM,SF,VLNOM,3,27,BAL,"RLD gain",V/V,4.999
SFVLNOM,SF,VLNOM,3,27,BAL,"RLD -3 dB bandwidth",Hz,182.757
SFVLNOM,SF,VLNOM,3,27,BAL,"RLD phase margin",deg,63.998
SFVLNOM,SF,VLNOM,3,27,BAL,"Input CM suppression @ 60 Hz",dB,37.225
SFVLNOM,SF,VLNOM,3,27,BAL,"Input CM suppression @ 150 Hz",dB,27.729
SFVHNOM,SF,VHNOM,3.6,27,BAL,"AVDD",V,3.600
SFVHNOM,SF,VHNOM,3.6,27,BAL,"Temperature",C,27.000
SFVHNOM,SF,VHNOM,3.6,27,BAL,"S1 target gain",V/V,60.000
SFVHNOM,SF,VHNOM,3.6,27,BAL,"S2 target gain",V/V,4.000
SFVHNOM,SF,VHNOM,3.6,27,BAL,"INA target gain",V/V,240.000
SFVHNOM,SF,VHNOM,3.6,27,BAL,"Total current",mA,3.809
SFVHNOM,SF,VHNOM,3.6,27,BAL,"Total power",mW,13.714
SFVHNOM,SF,VHNOM,3.6,27,BAL,"Output CM error",mV,-1.526
SFVHNOM,SF,VHNOM,3.6,27,BAL,"Input-referred offset",uV,0.001
SFVHNOM,SF,VHNOM,3.6,27,BAL,"S1 gain",V/V,60.005
SFVHNOM,SF,VHNOM,3.6,27,BAL,"S1 gain dB",dB,35.564
SFVHNOM,SF,VHNOM,3.6,27,BAL,"S1 gain error",%,0.009
SFVHNOM,SF,VHNOM,3.6,27,BAL,"S1 -3 dB bandwidth",kHz,258.753
SFVHNOM,SF,VHNOM,3.6,27,BAL,"S2 gain",V/V,4.000
SFVHNOM,SF,VHNOM,3.6,27,BAL,"S2 gain dB",dB,12.042
SFVHNOM,SF,VHNOM,3.6,27,BAL,"S2 gain error",%,0.011
SFVHNOM,SF,VHNOM,3.6,27,BAL,"S2 -3 dB bandwidth",MHz,2.580
SFVHNOM,SF,VHNOM,3.6,27,BAL,"INA gain",V/V,240.046
SFVHNOM,SF,VHNOM,3.6,27,BAL,"INA gain dB",dB,47.606
SFVHNOM,SF,VHNOM,3.6,27,BAL,"INA gain error",%,0.019
SFVHNOM,SF,VHNOM,3.6,27,BAL,"Gain flatness 0.05-150 Hz",dB,1.466e-06
SFVHNOM,SF,VHNOM,3.6,27,BAL,"INA -3 dB bandwidth",kHz,256.180
SFVHNOM,SF,VHNOM,3.6,27,BAL,"Input range low",mV,-14.050
SFVHNOM,SF,VHNOM,3.6,27,BAL,"Input range high",mV,14.050
SFVHNOM,SF,VHNOM,3.6,27,BAL,"Output range low",V,-3.372
SFVHNOM,SF,VHNOM,3.6,27,BAL,"Output range high",V,3.372
SFVHNOM,SF,VHNOM,3.6,27,BAL,"INA CMRR @ 60 Hz",dB,214.624
SFVHNOM,SF,VHNOM,3.6,27,BAL,"INA CMRR @ 150 Hz",dB,214.624
SFVHNOM,SF,VHNOM,3.6,27,BAL,"INA PSRR+ @ 60 Hz",dB,202.811
SFVHNOM,SF,VHNOM,3.6,27,BAL,"INA PSRR+ @ 150 Hz",dB,202.811
SFVHNOM,SF,VHNOM,3.6,27,BAL,"INA PSRR- @ 60 Hz",dB,212.897
SFVHNOM,SF,VHNOM,3.6,27,BAL,"INA PSRR- @ 150 Hz",dB,212.896
SFVHNOM,SF,VHNOM,3.6,27,BAL,"Input-referred noise 0.05-150 Hz",uVrms,2.713
SFVHNOM,SF,VHNOM,3.6,27,BAL,"THD @ 60 Hz, 5 mVpp",%,2.297e-05
SFVHNOM,SF,VHNOM,3.6,27,BAL,"RLD gain",V/V,4.999
SFVHNOM,SF,VHNOM,3.6,27,BAL,"RLD -3 dB bandwidth",Hz,182.773
SFVHNOM,SF,VHNOM,3.6,27,BAL,"RLD phase margin",deg,64.007
SFVHNOM,SF,VHNOM,3.6,27,BAL,"Input CM suppression @ 60 Hz",dB,37.232
SFVHNOM,SF,VHNOM,3.6,27,BAL,"Input CM suppression @ 150 Hz",dB,27.737
SFNOMTL,SF,NOMTL,3.3,-40,BAL,"AVDD",V,3.300
SFNOMTL,SF,NOMTL,3.3,-40,BAL,"Temperature",C,-40.000
SFNOMTL,SF,NOMTL,3.3,-40,BAL,"S1 target gain",V/V,60.000
SFNOMTL,SF,NOMTL,3.3,-40,BAL,"S2 target gain",V/V,4.000
SFNOMTL,SF,NOMTL,3.3,-40,BAL,"INA target gain",V/V,240.000
SFNOMTL,SF,NOMTL,3.3,-40,BAL,"Total current",mA,3.028
SFNOMTL,SF,NOMTL,3.3,-40,BAL,"Total power",mW,9.992
SFNOMTL,SF,NOMTL,3.3,-40,BAL,"Output CM error",mV,-8.821
SFNOMTL,SF,NOMTL,3.3,-40,BAL,"Input-referred offset",uV,0.000
SFNOMTL,SF,NOMTL,3.3,-40,BAL,"S1 gain",V/V,59.977
SFNOMTL,SF,NOMTL,3.3,-40,BAL,"S1 gain dB",dB,35.560
SFNOMTL,SF,NOMTL,3.3,-40,BAL,"S1 gain error",%,-0.038
SFNOMTL,SF,NOMTL,3.3,-40,BAL,"S1 -3 dB bandwidth",kHz,267.180
SFNOMTL,SF,NOMTL,3.3,-40,BAL,"S2 gain",V/V,4.000
SFNOMTL,SF,NOMTL,3.3,-40,BAL,"S2 gain dB",dB,12.041
SFNOMTL,SF,NOMTL,3.3,-40,BAL,"S2 gain error",%,-0.007
SFNOMTL,SF,NOMTL,3.3,-40,BAL,"S2 -3 dB bandwidth",MHz,2.648
SFNOMTL,SF,NOMTL,3.3,-40,BAL,"INA gain",V/V,239.893
SFNOMTL,SF,NOMTL,3.3,-40,BAL,"INA gain dB",dB,47.600
SFNOMTL,SF,NOMTL,3.3,-40,BAL,"INA gain error",%,-0.045
SFNOMTL,SF,NOMTL,3.3,-40,BAL,"Gain flatness 0.05-150 Hz",dB,1.379e-06
SFNOMTL,SF,NOMTL,3.3,-40,BAL,"INA -3 dB bandwidth",kHz,264.514
SFNOMTL,SF,NOMTL,3.3,-40,BAL,"Input range low",mV,-13.050
SFNOMTL,SF,NOMTL,3.3,-40,BAL,"Input range high",mV,13.050
SFNOMTL,SF,NOMTL,3.3,-40,BAL,"Output range low",V,-3.130
SFNOMTL,SF,NOMTL,3.3,-40,BAL,"Output range high",V,3.130
SFNOMTL,SF,NOMTL,3.3,-40,BAL,"INA CMRR @ 60 Hz",dB,222.710
SFNOMTL,SF,NOMTL,3.3,-40,BAL,"INA CMRR @ 150 Hz",dB,222.710
SFNOMTL,SF,NOMTL,3.3,-40,BAL,"INA PSRR+ @ 60 Hz",dB,198.921
SFNOMTL,SF,NOMTL,3.3,-40,BAL,"INA PSRR+ @ 150 Hz",dB,198.921
SFNOMTL,SF,NOMTL,3.3,-40,BAL,"INA PSRR- @ 60 Hz",dB,217.265
SFNOMTL,SF,NOMTL,3.3,-40,BAL,"INA PSRR- @ 150 Hz",dB,217.265
SFNOMTL,SF,NOMTL,3.3,-40,BAL,"Input-referred noise 0.05-150 Hz",uVrms,2.563
SFNOMTL,SF,NOMTL,3.3,-40,BAL,"THD @ 60 Hz, 5 mVpp",%,2.418e-05
SFNOMTL,SF,NOMTL,3.3,-40,BAL,"RLD gain",V/V,4.999
SFNOMTL,SF,NOMTL,3.3,-40,BAL,"RLD -3 dB bandwidth",Hz,163.964
SFNOMTL,SF,NOMTL,3.3,-40,BAL,"RLD phase margin",deg,65.782
SFNOMTL,SF,NOMTL,3.3,-40,BAL,"Input CM suppression @ 60 Hz",dB,37.127
SFNOMTL,SF,NOMTL,3.3,-40,BAL,"Input CM suppression @ 150 Hz",dB,27.314
SFNOMTH,SF,NOMTH,3.3,125,BAL,"AVDD",V,3.300
SFNOMTH,SF,NOMTH,3.3,125,BAL,"Temperature",C,125.000
SFNOMTH,SF,NOMTH,3.3,125,BAL,"S1 target gain",V/V,60.000
SFNOMTH,SF,NOMTH,3.3,125,BAL,"S2 target gain",V/V,4.000
SFNOMTH,SF,NOMTH,3.3,125,BAL,"INA target gain",V/V,240.000
SFNOMTH,SF,NOMTH,3.3,125,BAL,"Total current",mA,4.359
SFNOMTH,SF,NOMTH,3.3,125,BAL,"Total power",mW,14.385
SFNOMTH,SF,NOMTH,3.3,125,BAL,"Output CM error",mV,8.887
SFNOMTH,SF,NOMTH,3.3,125,BAL,"Input-referred offset",uV,0.001
SFNOMTH,SF,NOMTH,3.3,125,BAL,"S1 gain",V/V,60.010
SFNOMTH,SF,NOMTH,3.3,125,BAL,"S1 gain dB",dB,35.564
SFNOMTH,SF,NOMTH,3.3,125,BAL,"S1 gain error",%,0.016
SFNOMTH,SF,NOMTH,3.3,125,BAL,"S1 -3 dB bandwidth",kHz,222.176
SFNOMTH,SF,NOMTH,3.3,125,BAL,"S2 gain",V/V,4.001
SFNOMTH,SF,NOMTH,3.3,125,BAL,"S2 gain dB",dB,12.044
SFNOMTH,SF,NOMTH,3.3,125,BAL,"S2 gain error",%,0.028
SFNOMTH,SF,NOMTH,3.3,125,BAL,"S2 -3 dB bandwidth",MHz,2.240
SFNOMTH,SF,NOMTH,3.3,125,BAL,"INA gain",V/V,240.106
SFNOMTH,SF,NOMTH,3.3,125,BAL,"INA gain dB",dB,47.608
SFNOMTH,SF,NOMTH,3.3,125,BAL,"INA gain error",%,0.044
SFNOMTH,SF,NOMTH,3.3,125,BAL,"Gain flatness 0.05-150 Hz",dB,1.988e-06
SFNOMTH,SF,NOMTH,3.3,125,BAL,"INA -3 dB bandwidth",kHz,220.060
SFNOMTH,SF,NOMTH,3.3,125,BAL,"Input range low",mV,-12.550
SFNOMTH,SF,NOMTH,3.3,125,BAL,"Input range high",mV,12.550
SFNOMTH,SF,NOMTH,3.3,125,BAL,"Output range low",V,-3.012
SFNOMTH,SF,NOMTH,3.3,125,BAL,"Output range high",V,3.012
SFNOMTH,SF,NOMTH,3.3,125,BAL,"INA CMRR @ 60 Hz",dB,261.946
SFNOMTH,SF,NOMTH,3.3,125,BAL,"INA CMRR @ 150 Hz",dB,269.415
SFNOMTH,SF,NOMTH,3.3,125,BAL,"INA PSRR+ @ 60 Hz",dB,237.347
SFNOMTH,SF,NOMTH,3.3,125,BAL,"INA PSRR+ @ 150 Hz",dB,237.404
SFNOMTH,SF,NOMTH,3.3,125,BAL,"INA PSRR- @ 60 Hz",dB,257.035
SFNOMTH,SF,NOMTH,3.3,125,BAL,"INA PSRR- @ 150 Hz",dB,262.439
SFNOMTH,SF,NOMTH,3.3,125,BAL,"Input-referred noise 0.05-150 Hz",uVrms,3.007
SFNOMTH,SF,NOMTH,3.3,125,BAL,"THD @ 60 Hz, 5 mVpp",%,3.731e-05
SFNOMTH,SF,NOMTH,3.3,125,BAL,"RLD gain",V/V,4.999
SFNOMTH,SF,NOMTH,3.3,125,BAL,"RLD -3 dB bandwidth",Hz,205.939
SFNOMTH,SF,NOMTH,3.3,125,BAL,"RLD phase margin",deg,62.124
SFNOMTH,SF,NOMTH,3.3,125,BAL,"Input CM suppression @ 60 Hz",dB,37.322
SFNOMTH,SF,NOMTH,3.3,125,BAL,"Input CM suppression @ 150 Hz",dB,28.139
SFVLTL,SF,VLTL,3,-40,BAL,"AVDD",V,3.000
SFVLTL,SF,VLTL,3,-40,BAL,"Temperature",C,-40.000
SFVLTL,SF,VLTL,3,-40,BAL,"S1 target gain",V/V,60.000
SFVLTL,SF,VLTL,3,-40,BAL,"S2 target gain",V/V,4.000
SFVLTL,SF,VLTL,3,-40,BAL,"INA target gain",V/V,240.000
SFVLTL,SF,VLTL,3,-40,BAL,"Total current",mA,2.949
SFVLTL,SF,VLTL,3,-40,BAL,"Total power",mW,8.847
SFVLTL,SF,VLTL,3,-40,BAL,"Output CM error",mV,-8.842
SFVLTL,SF,VLTL,3,-40,BAL,"Input-referred offset",uV,0.000
SFVLTL,SF,VLTL,3,-40,BAL,"S1 gain",V/V,59.971
SFVLTL,SF,VLTL,3,-40,BAL,"S1 gain dB",dB,35.559
SFVLTL,SF,VLTL,3,-40,BAL,"S1 gain error",%,-0.048
SFVLTL,SF,VLTL,3,-40,BAL,"S1 -3 dB bandwidth",kHz,262.466
SFVLTL,SF,VLTL,3,-40,BAL,"S2 gain",V/V,4.000
SFVLTL,SF,VLTL,3,-40,BAL,"S2 gain dB",dB,12.041
SFVLTL,SF,VLTL,3,-40,BAL,"S2 gain error",%,-0.008
SFVLTL,SF,VLTL,3,-40,BAL,"S2 -3 dB bandwidth",MHz,2.607
SFVLTL,SF,VLTL,3,-40,BAL,"INA gain",V/V,239.865
SFVLTL,SF,VLTL,3,-40,BAL,"INA gain dB",dB,47.599
SFVLTL,SF,VLTL,3,-40,BAL,"INA gain error",%,-0.056
SFVLTL,SF,VLTL,3,-40,BAL,"Gain flatness 0.05-150 Hz",dB,1.429e-06
SFVLTL,SF,VLTL,3,-40,BAL,"INA -3 dB bandwidth",kHz,259.786
SFVLTL,SF,VLTL,3,-40,BAL,"Input range low",mV,-11.800
SFVLTL,SF,VLTL,3,-40,BAL,"Input range high",mV,11.800
SFVLTL,SF,VLTL,3,-40,BAL,"Output range low",V,-2.830
SFVLTL,SF,VLTL,3,-40,BAL,"Output range high",V,2.830
SFVLTL,SF,VLTL,3,-40,BAL,"INA CMRR @ 60 Hz",dB,224.302
SFVLTL,SF,VLTL,3,-40,BAL,"INA CMRR @ 150 Hz",dB,224.586
SFVLTL,SF,VLTL,3,-40,BAL,"INA PSRR+ @ 60 Hz",dB,233.977
SFVLTL,SF,VLTL,3,-40,BAL,"INA PSRR+ @ 150 Hz",dB,233.977
SFVLTL,SF,VLTL,3,-40,BAL,"INA PSRR- @ 60 Hz",dB,216.110
SFVLTL,SF,VLTL,3,-40,BAL,"INA PSRR- @ 150 Hz",dB,215.966
SFVLTL,SF,VLTL,3,-40,BAL,"Input-referred noise 0.05-150 Hz",uVrms,2.560
SFVLTL,SF,VLTL,3,-40,BAL,"THD @ 60 Hz, 5 mVpp",%,3.189e-05
SFVLTL,SF,VLTL,3,-40,BAL,"RLD gain",V/V,4.999
SFVLTL,SF,VLTL,3,-40,BAL,"RLD -3 dB bandwidth",Hz,163.958
SFVLTL,SF,VLTL,3,-40,BAL,"RLD phase margin",deg,65.777
SFVLTL,SF,VLTL,3,-40,BAL,"Input CM suppression @ 60 Hz",dB,37.122
SFVLTL,SF,VLTL,3,-40,BAL,"Input CM suppression @ 150 Hz",dB,27.310
SFVLTH,SF,VLTH,3,125,BAL,"AVDD",V,3.000
SFVLTH,SF,VLTH,3,125,BAL,"Temperature",C,125.000
SFVLTH,SF,VLTH,3,125,BAL,"S1 target gain",V/V,60.000
SFVLTH,SF,VLTH,3,125,BAL,"S2 target gain",V/V,4.000
SFVLTH,SF,VLTH,3,125,BAL,"INA target gain",V/V,240.000
SFVLTH,SF,VLTH,3,125,BAL,"Total current",mA,4.275
SFVLTH,SF,VLTH,3,125,BAL,"Total power",mW,12.825
SFVLTH,SF,VLTH,3,125,BAL,"Output CM error",mV,8.900
SFVLTH,SF,VLTH,3,125,BAL,"Input-referred offset",uV,-0.000
SFVLTH,SF,VLTH,3,125,BAL,"S1 gain",V/V,60.001
SFVLTH,SF,VLTH,3,125,BAL,"S1 gain dB",dB,35.563
SFVLTH,SF,VLTH,3,125,BAL,"S1 gain error",%,0.002
SFVLTH,SF,VLTH,3,125,BAL,"S1 -3 dB bandwidth",kHz,218.453
SFVLTH,SF,VLTH,3,125,BAL,"S2 gain",V/V,4.001
SFVLTH,SF,VLTH,3,125,BAL,"S2 gain dB",dB,12.044
SFVLTH,SF,VLTH,3,125,BAL,"S2 gain error",%,0.027
SFVLTH,SF,VLTH,3,125,BAL,"S2 -3 dB bandwidth",MHz,2.205
SFVLTH,SF,VLTH,3,125,BAL,"INA gain",V/V,240.068
SFVLTH,SF,VLTH,3,125,BAL,"INA gain dB",dB,47.607
SFVLTH,SF,VLTH,3,125,BAL,"INA gain error",%,0.028
SFVLTH,SF,VLTH,3,125,BAL,"Gain flatness 0.05-150 Hz",dB,2.058e-06
SFVLTH,SF,VLTH,3,125,BAL,"INA -3 dB bandwidth",kHz,216.317
SFVLTH,SF,VLTH,3,125,BAL,"Input range low",mV,-11.300
SFVLTH,SF,VLTH,3,125,BAL,"Input range high",mV,11.300
SFVLTH,SF,VLTH,3,125,BAL,"Output range low",V,-2.712
SFVLTH,SF,VLTH,3,125,BAL,"Output range high",V,2.712
SFVLTH,SF,VLTH,3,125,BAL,"INA CMRR @ 60 Hz",dB,217.832
SFVLTH,SF,VLTH,3,125,BAL,"INA CMRR @ 150 Hz",dB,217.796
SFVLTH,SF,VLTH,3,125,BAL,"INA PSRR+ @ 60 Hz",dB,187.916
SFVLTH,SF,VLTH,3,125,BAL,"INA PSRR+ @ 150 Hz",dB,187.917
SFVLTH,SF,VLTH,3,125,BAL,"INA PSRR- @ 60 Hz",dB,212.651
SFVLTH,SF,VLTH,3,125,BAL,"INA PSRR- @ 150 Hz",dB,212.677
SFVLTH,SF,VLTH,3,125,BAL,"Input-referred noise 0.05-150 Hz",uVrms,3.011
SFVLTH,SF,VLTH,3,125,BAL,"THD @ 60 Hz, 5 mVpp",%,4.148e-05
SFVLTH,SF,VLTH,3,125,BAL,"RLD gain",V/V,4.999
SFVLTH,SF,VLTH,3,125,BAL,"RLD -3 dB bandwidth",Hz,205.928
SFVLTH,SF,VLTH,3,125,BAL,"RLD phase margin",deg,62.119
SFVLTH,SF,VLTH,3,125,BAL,"Input CM suppression @ 60 Hz",dB,37.318
SFVLTH,SF,VLTH,3,125,BAL,"Input CM suppression @ 150 Hz",dB,28.135
SFVHTL,SF,VHTL,3.6,-40,BAL,"AVDD",V,3.600
SFVHTL,SF,VHTL,3.6,-40,BAL,"Temperature",C,-40.000
SFVHTL,SF,VHTL,3.6,-40,BAL,"S1 target gain",V/V,60.000
SFVHTL,SF,VHTL,3.6,-40,BAL,"S2 target gain",V/V,4.000
SFVHTL,SF,VHTL,3.6,-40,BAL,"INA target gain",V/V,240.000
SFVHTL,SF,VHTL,3.6,-40,BAL,"Total current",mA,3.091
SFVHTL,SF,VHTL,3.6,-40,BAL,"Total power",mW,11.128
SFVHTL,SF,VHTL,3.6,-40,BAL,"Output CM error",mV,-8.790
SFVHTL,SF,VHTL,3.6,-40,BAL,"Input-referred offset",uV,-0.000
SFVHTL,SF,VHTL,3.6,-40,BAL,"S1 gain",V/V,59.982
SFVHTL,SF,VHTL,3.6,-40,BAL,"S1 gain dB",dB,35.560
SFVHTL,SF,VHTL,3.6,-40,BAL,"S1 gain error",%,-0.031
SFVHTL,SF,VHTL,3.6,-40,BAL,"S1 -3 dB bandwidth",kHz,270.737
SFVHTL,SF,VHTL,3.6,-40,BAL,"S2 gain",V/V,4.000
SFVHTL,SF,VHTL,3.6,-40,BAL,"S2 gain dB",dB,12.041
SFVHTL,SF,VHTL,3.6,-40,BAL,"S2 gain error",%,-0.007
SFVHTL,SF,VHTL,3.6,-40,BAL,"S2 -3 dB bandwidth",MHz,2.678
SFVHTL,SF,VHTL,3.6,-40,BAL,"INA gain",V/V,239.911
SFVHTL,SF,VHTL,3.6,-40,BAL,"INA gain dB",dB,47.601
SFVHTL,SF,VHTL,3.6,-40,BAL,"INA gain error",%,-0.037
SFVHTL,SF,VHTL,3.6,-40,BAL,"Gain flatness 0.05-150 Hz",dB,1.343e-06
SFVHTL,SF,VHTL,3.6,-40,BAL,"INA -3 dB bandwidth",kHz,267.986
SFVHTL,SF,VHTL,3.6,-40,BAL,"Input range low",mV,-14.300
SFVHTL,SF,VHTL,3.6,-40,BAL,"Input range high",mV,14.300
SFVHTL,SF,VHTL,3.6,-40,BAL,"Output range low",V,-3.430
SFVHTL,SF,VHTL,3.6,-40,BAL,"Output range high",V,3.430
SFVHTL,SF,VHTL,3.6,-40,BAL,"INA CMRR @ 60 Hz",dB,235.004
SFVHTL,SF,VHTL,3.6,-40,BAL,"INA CMRR @ 150 Hz",dB,234.124
SFVHTL,SF,VHTL,3.6,-40,BAL,"INA PSRR+ @ 60 Hz",dB,187.785
SFVHTL,SF,VHTL,3.6,-40,BAL,"INA PSRR+ @ 150 Hz",dB,187.785
SFVHTL,SF,VHTL,3.6,-40,BAL,"INA PSRR- @ 60 Hz",dB,226.553
SFVHTL,SF,VHTL,3.6,-40,BAL,"INA PSRR- @ 150 Hz",dB,227.024
SFVHTL,SF,VHTL,3.6,-40,BAL,"Input-referred noise 0.05-150 Hz",uVrms,2.567
SFVHTL,SF,VHTL,3.6,-40,BAL,"THD @ 60 Hz, 5 mVpp",%,3.174e-05
SFVHTL,SF,VHTL,3.6,-40,BAL,"RLD gain",V/V,4.999
SFVHTL,SF,VHTL,3.6,-40,BAL,"RLD -3 dB bandwidth",Hz,163.971
SFVHTL,SF,VHTL,3.6,-40,BAL,"RLD phase margin",deg,65.787
SFVHTL,SF,VHTL,3.6,-40,BAL,"Input CM suppression @ 60 Hz",dB,37.130
SFVHTL,SF,VHTL,3.6,-40,BAL,"Input CM suppression @ 150 Hz",dB,27.318
SFVHTH,SF,VHTH,3.6,125,BAL,"AVDD",V,3.600
SFVHTH,SF,VHTH,3.6,125,BAL,"Temperature",C,125.000
SFVHTH,SF,VHTH,3.6,125,BAL,"S1 target gain",V/V,60.000
SFVHTH,SF,VHTH,3.6,125,BAL,"S2 target gain",V/V,4.000
SFVHTH,SF,VHTH,3.6,125,BAL,"INA target gain",V/V,240.000
SFVHTH,SF,VHTH,3.6,125,BAL,"Total current",mA,4.425
SFVHTH,SF,VHTH,3.6,125,BAL,"Total power",mW,15.930
SFVHTH,SF,VHTH,3.6,125,BAL,"Output CM error",mV,8.891
SFVHTH,SF,VHTH,3.6,125,BAL,"Input-referred offset",uV,0.001
SFVHTH,SF,VHTH,3.6,125,BAL,"S1 gain",V/V,60.016
SFVHTH,SF,VHTH,3.6,125,BAL,"S1 gain dB",dB,35.565
SFVHTH,SF,VHTH,3.6,125,BAL,"S1 gain error",%,0.026
SFVHTH,SF,VHTH,3.6,125,BAL,"S1 -3 dB bandwidth",kHz,225.032
SFVHTH,SF,VHTH,3.6,125,BAL,"S2 gain",V/V,4.001
SFVHTH,SF,VHTH,3.6,125,BAL,"S2 gain dB",dB,12.044
SFVHTH,SF,VHTH,3.6,125,BAL,"S2 gain error",%,0.029
SFVHTH,SF,VHTH,3.6,125,BAL,"S2 -3 dB bandwidth",MHz,2.267
SFVHTH,SF,VHTH,3.6,125,BAL,"INA gain",V/V,240.131
SFVHTH,SF,VHTH,3.6,125,BAL,"INA gain dB",dB,47.609
SFVHTH,SF,VHTH,3.6,125,BAL,"INA gain error",%,0.055
SFVHTH,SF,VHTH,3.6,125,BAL,"Gain flatness 0.05-150 Hz",dB,1.938e-06
SFVHTH,SF,VHTH,3.6,125,BAL,"INA -3 dB bandwidth",kHz,222.855
SFVHTH,SF,VHTH,3.6,125,BAL,"Input range low",mV,-13.750
SFVHTH,SF,VHTH,3.6,125,BAL,"Input range high",mV,13.750
SFVHTH,SF,VHTH,3.6,125,BAL,"Output range low",V,-3.301
SFVHTH,SF,VHTH,3.6,125,BAL,"Output range high",V,3.301
SFVHTH,SF,VHTH,3.6,125,BAL,"INA CMRR @ 60 Hz",dB,219.881
SFVHTH,SF,VHTH,3.6,125,BAL,"INA CMRR @ 150 Hz",dB,219.922
SFVHTH,SF,VHTH,3.6,125,BAL,"INA PSRR+ @ 60 Hz",dB,187.610
SFVHTH,SF,VHTH,3.6,125,BAL,"INA PSRR+ @ 150 Hz",dB,187.609
SFVHTH,SF,VHTH,3.6,125,BAL,"INA PSRR- @ 60 Hz",dB,220.945
SFVHTH,SF,VHTH,3.6,125,BAL,"INA PSRR- @ 150 Hz",dB,220.883
SFVHTH,SF,VHTH,3.6,125,BAL,"Input-referred noise 0.05-150 Hz",uVrms,3.004
SFVHTH,SF,VHTH,3.6,125,BAL,"THD @ 60 Hz, 5 mVpp",%,2.021e-05
SFVHTH,SF,VHTH,3.6,125,BAL,"RLD gain",V/V,4.999
SFVHTH,SF,VHTH,3.6,125,BAL,"RLD -3 dB bandwidth",Hz,205.949
SFVHTH,SF,VHTH,3.6,125,BAL,"RLD phase margin",deg,62.128
SFVHTH,SF,VHTH,3.6,125,BAL,"Input CM suppression @ 60 Hz",dB,37.325
SFVHTH,SF,VHTH,3.6,125,BAL,"Input CM suppression @ 150 Hz",dB,28.142
NOMNOMNOM,NOM,NOMNOM,3.3,27,BAL,"RTI residual - BAL",uVpp,0.003
NOMNOMNOM,NOM,NOMNOM,3.3,27,MIS-P,"RTI residual - MIS-P",uVpp,8.518
NOMNOMNOM,NOM,NOMNOM,3.3,27,MIS-N,"RTI residual - MIS-N",uVpp,8.518
NOMNOMNOM,NOM,NOMNOM,3.3,27,MIS-RLD,"RTI residual - MIS-RLD",uVpp,0.003
NOMVLNOM,NOM,VLNOM,3,27,BAL,"RTI residual - BAL",uVpp,0.003
NOMVLNOM,NOM,VLNOM,3,27,MIS-P,"RTI residual - MIS-P",uVpp,8.762
NOMVLNOM,NOM,VLNOM,3,27,MIS-N,"RTI residual - MIS-N",uVpp,8.762
NOMVLNOM,NOM,VLNOM,3,27,MIS-RLD,"RTI residual - MIS-RLD",uVpp,0.003
NOMVHNOM,NOM,VHNOM,3.6,27,BAL,"RTI residual - BAL",uVpp,0.003
NOMVHNOM,NOM,VHNOM,3.6,27,MIS-P,"RTI residual - MIS-P",uVpp,8.295
NOMVHNOM,NOM,VHNOM,3.6,27,MIS-N,"RTI residual - MIS-N",uVpp,8.295
NOMVHNOM,NOM,VHNOM,3.6,27,MIS-RLD,"RTI residual - MIS-RLD",uVpp,0.003
NOMNOMTL,NOM,NOMTL,3.3,-40,BAL,"RTI residual - BAL",uVpp,0.003
NOMNOMTL,NOM,NOMTL,3.3,-40,MIS-P,"RTI residual - MIS-P",uVpp,8.731
NOMNOMTL,NOM,NOMTL,3.3,-40,MIS-N,"RTI residual - MIS-N",uVpp,8.731
NOMNOMTL,NOM,NOMTL,3.3,-40,MIS-RLD,"RTI residual - MIS-RLD",uVpp,0.003
NOMNOMTH,NOM,NOMTH,3.3,125,BAL,"RTI residual - BAL",uVpp,0.005
NOMNOMTH,NOM,NOMTH,3.3,125,MIS-P,"RTI residual - MIS-P",uVpp,8.281
NOMNOMTH,NOM,NOMTH,3.3,125,MIS-N,"RTI residual - MIS-N",uVpp,8.280
NOMNOMTH,NOM,NOMTH,3.3,125,MIS-RLD,"RTI residual - MIS-RLD",uVpp,0.004
NOMVLTL,NOM,VLTL,3,-40,BAL,"RTI residual - BAL",uVpp,0.003
NOMVLTL,NOM,VLTL,3,-40,MIS-P,"RTI residual - MIS-P",uVpp,8.988
NOMVLTL,NOM,VLTL,3,-40,MIS-N,"RTI residual - MIS-N",uVpp,8.988
NOMVLTL,NOM,VLTL,3,-40,MIS-RLD,"RTI residual - MIS-RLD",uVpp,0.002
NOMVLTH,NOM,VLTH,3,125,BAL,"RTI residual - BAL",uVpp,0.004
NOMVLTH,NOM,VLTH,3,125,MIS-P,"RTI residual - MIS-P",uVpp,8.507
NOMVLTH,NOM,VLTH,3,125,MIS-N,"RTI residual - MIS-N",uVpp,8.507
NOMVLTH,NOM,VLTH,3,125,MIS-RLD,"RTI residual - MIS-RLD",uVpp,0.003
NOMVHTL,NOM,VHTL,3.6,-40,BAL,"RTI residual - BAL",uVpp,0.005
NOMVHTL,NOM,VHTL,3.6,-40,MIS-P,"RTI residual - MIS-P",uVpp,8.496
NOMVHTL,NOM,VHTL,3.6,-40,MIS-N,"RTI residual - MIS-N",uVpp,8.496
NOMVHTL,NOM,VHTL,3.6,-40,MIS-RLD,"RTI residual - MIS-RLD",uVpp,0.003
NOMVHTH,NOM,VHTH,3.6,125,BAL,"RTI residual - BAL",uVpp,0.004
NOMVHTH,NOM,VHTH,3.6,125,MIS-P,"RTI residual - MIS-P",uVpp,8.069
NOMVHTH,NOM,VHTH,3.6,125,MIS-N,"RTI residual - MIS-N",uVpp,8.069
NOMVHTH,NOM,VHTH,3.6,125,MIS-RLD,"RTI residual - MIS-RLD",uVpp,0.004
FFNOMNOM,FF,NOMNOM,3.3,27,BAL,"RTI residual - BAL",uVpp,0.003
FFNOMNOM,FF,NOMNOM,3.3,27,MIS-P,"RTI residual - MIS-P",uVpp,8.288
FFNOMNOM,FF,NOMNOM,3.3,27,MIS-N,"RTI residual - MIS-N",uVpp,8.288
FFNOMNOM,FF,NOMNOM,3.3,27,MIS-RLD,"RTI residual - MIS-RLD",uVpp,0.004
FFVLNOM,FF,VLNOM,3,27,BAL,"RTI residual - BAL",uVpp,0.003
FFVLNOM,FF,VLNOM,3,27,MIS-P,"RTI residual - MIS-P",uVpp,8.519
FFVLNOM,FF,VLNOM,3,27,MIS-N,"RTI residual - MIS-N",uVpp,8.519
FFVLNOM,FF,VLNOM,3,27,MIS-RLD,"RTI residual - MIS-RLD",uVpp,0.003
FFVHNOM,FF,VHNOM,3.6,27,BAL,"RTI residual - BAL",uVpp,0.003
FFVHNOM,FF,VHNOM,3.6,27,MIS-P,"RTI residual - MIS-P",uVpp,8.075
FFVHNOM,FF,VHNOM,3.6,27,MIS-N,"RTI residual - MIS-N",uVpp,8.075
FFVHNOM,FF,VHNOM,3.6,27,MIS-RLD,"RTI residual - MIS-RLD",uVpp,0.004
FFNOMTL,FF,NOMTL,3.3,-40,BAL,"RTI residual - BAL",uVpp,0.003
FFNOMTL,FF,NOMTL,3.3,-40,MIS-P,"RTI residual - MIS-P",uVpp,8.492
FFNOMTL,FF,NOMTL,3.3,-40,MIS-N,"RTI residual - MIS-N",uVpp,8.493
FFNOMTL,FF,NOMTL,3.3,-40,MIS-RLD,"RTI residual - MIS-RLD",uVpp,0.003
FFNOMTH,FF,NOMTH,3.3,125,BAL,"RTI residual - BAL",uVpp,0.004
FFNOMTH,FF,NOMTH,3.3,125,MIS-P,"RTI residual - MIS-P",uVpp,8.056
FFNOMTH,FF,NOMTH,3.3,125,MIS-N,"RTI residual - MIS-N",uVpp,8.057
FFNOMTH,FF,NOMTH,3.3,125,MIS-RLD,"RTI residual - MIS-RLD",uVpp,0.004
FFVLTL,FF,VLTL,3,-40,BAL,"RTI residual - BAL",uVpp,0.002
FFVLTL,FF,VLTL,3,-40,MIS-P,"RTI residual - MIS-P",uVpp,8.737
FFVLTL,FF,VLTL,3,-40,MIS-N,"RTI residual - MIS-N",uVpp,8.737
FFVLTL,FF,VLTL,3,-40,MIS-RLD,"RTI residual - MIS-RLD",uVpp,0.002
FFVLTH,FF,VLTH,3,125,BAL,"RTI residual - BAL",uVpp,0.003
FFVLTH,FF,VLTH,3,125,MIS-P,"RTI residual - MIS-P",uVpp,8.275
FFVLTH,FF,VLTH,3,125,MIS-N,"RTI residual - MIS-N",uVpp,8.276
FFVLTH,FF,VLTH,3,125,MIS-RLD,"RTI residual - MIS-RLD",uVpp,0.003
FFVHTL,FF,VHTL,3.6,-40,BAL,"RTI residual - BAL",uVpp,0.003
FFVHTL,FF,VHTL,3.6,-40,MIS-P,"RTI residual - MIS-P",uVpp,8.269
FFVHTL,FF,VHTL,3.6,-40,MIS-N,"RTI residual - MIS-N",uVpp,8.269
FFVHTL,FF,VHTL,3.6,-40,MIS-RLD,"RTI residual - MIS-RLD",uVpp,0.003
FFVHTH,FF,VHTH,3.6,125,BAL,"RTI residual - BAL",uVpp,0.003
FFVHTH,FF,VHTH,3.6,125,MIS-P,"RTI residual - MIS-P",uVpp,7.858
FFVHTH,FF,VHTH,3.6,125,MIS-N,"RTI residual - MIS-N",uVpp,7.859
FFVHTH,FF,VHTH,3.6,125,MIS-RLD,"RTI residual - MIS-RLD",uVpp,0.005
SSNOMNOM,SS,NOMNOM,3.3,27,BAL,"RTI residual - BAL",uVpp,0.003
SSNOMNOM,SS,NOMNOM,3.3,27,MIS-P,"RTI residual - MIS-P",uVpp,8.753
SSNOMNOM,SS,NOMNOM,3.3,27,MIS-N,"RTI residual - MIS-N",uVpp,8.753
SSNOMNOM,SS,NOMNOM,3.3,27,MIS-RLD,"RTI residual - MIS-RLD",uVpp,0.003
SSVLNOM,SS,VLNOM,3,27,BAL,"RTI residual - BAL",uVpp,0.003
SSVLNOM,SS,VLNOM,3,27,MIS-P,"RTI residual - MIS-P",uVpp,9.014
SSVLNOM,SS,VLNOM,3,27,MIS-N,"RTI residual - MIS-N",uVpp,9.014
SSVLNOM,SS,VLNOM,3,27,MIS-RLD,"RTI residual - MIS-RLD",uVpp,0.003
SSVHNOM,SS,VHNOM,3.6,27,BAL,"RTI residual - BAL",uVpp,0.003
SSVHNOM,SS,VHNOM,3.6,27,MIS-P,"RTI residual - MIS-P",uVpp,8.521
SSVHNOM,SS,VHNOM,3.6,27,MIS-N,"RTI residual - MIS-N",uVpp,8.521
SSVHNOM,SS,VHNOM,3.6,27,MIS-RLD,"RTI residual - MIS-RLD",uVpp,0.004
SSNOMTL,SS,NOMTL,3.3,-40,BAL,"RTI residual - BAL",uVpp,0.004
SSNOMTL,SS,NOMTL,3.3,-40,MIS-P,"RTI residual - MIS-P",uVpp,8.974
SSNOMTL,SS,NOMTL,3.3,-40,MIS-N,"RTI residual - MIS-N",uVpp,8.974
SSNOMTL,SS,NOMTL,3.3,-40,MIS-RLD,"RTI residual - MIS-RLD",uVpp,0.003
SSNOMTH,SS,NOMTH,3.3,125,BAL,"RTI residual - BAL",uVpp,0.003
SSNOMTH,SS,NOMTH,3.3,125,MIS-P,"RTI residual - MIS-P",uVpp,8.508
SSNOMTH,SS,NOMTH,3.3,125,MIS-N,"RTI residual - MIS-N",uVpp,8.508
SSNOMTH,SS,NOMTH,3.3,125,MIS-RLD,"RTI residual - MIS-RLD",uVpp,0.004
SSVLTL,SS,VLTL,3,-40,BAL,"RTI residual - BAL",uVpp,0.002
SSVLTL,SS,VLTL,3,-40,MIS-P,"RTI residual - MIS-P",uVpp,9.246
SSVLTL,SS,VLTL,3,-40,MIS-N,"RTI residual - MIS-N",uVpp,9.247
SSVLTL,SS,VLTL,3,-40,MIS-RLD,"RTI residual - MIS-RLD",uVpp,0.003
SSVLTH,SS,VLTH,3,125,BAL,"RTI residual - BAL",uVpp,0.003
SSVLTH,SS,VLTH,3,125,MIS-P,"RTI residual - MIS-P",uVpp,8.748
SSVLTH,SS,VLTH,3,125,MIS-N,"RTI residual - MIS-N",uVpp,8.748
SSVLTH,SS,VLTH,3,125,MIS-RLD,"RTI residual - MIS-RLD",uVpp,0.003
SSVHTL,SS,VHTL,3.6,-40,BAL,"RTI residual - BAL",uVpp,0.003
SSVHTL,SS,VHTL,3.6,-40,MIS-P,"RTI residual - MIS-P",uVpp,8.729
SSVHTL,SS,VHTL,3.6,-40,MIS-N,"RTI residual - MIS-N",uVpp,8.730
SSVHTL,SS,VHTL,3.6,-40,MIS-RLD,"RTI residual - MIS-RLD",uVpp,0.004
SSVHTH,SS,VHTH,3.6,125,BAL,"RTI residual - BAL",uVpp,0.004
SSVHTH,SS,VHTH,3.6,125,MIS-P,"RTI residual - MIS-P",uVpp,8.288
SSVHTH,SS,VHTH,3.6,125,MIS-N,"RTI residual - MIS-N",uVpp,8.289
SSVHTH,SS,VHTH,3.6,125,MIS-RLD,"RTI residual - MIS-RLD",uVpp,0.004
FSNOMNOM,FS,NOMNOM,3.3,27,BAL,"RTI residual - BAL",uVpp,0.003
FSNOMNOM,FS,NOMNOM,3.3,27,MIS-P,"RTI residual - MIS-P",uVpp,8.374
FSNOMNOM,FS,NOMNOM,3.3,27,MIS-N,"RTI residual - MIS-N",uVpp,8.373
FSNOMNOM,FS,NOMNOM,3.3,27,MIS-RLD,"RTI residual - MIS-RLD",uVpp,0.003
FSVLNOM,FS,VLNOM,3,27,BAL,"RTI residual - BAL",uVpp,0.003
FSVLNOM,FS,VLNOM,3,27,MIS-P,"RTI residual - MIS-P",uVpp,8.612
FSVLNOM,FS,VLNOM,3,27,MIS-N,"RTI residual - MIS-N",uVpp,8.612
FSVLNOM,FS,VLNOM,3,27,MIS-RLD,"RTI residual - MIS-RLD",uVpp,0.003
FSVHNOM,FS,VHNOM,3.6,27,BAL,"RTI residual - BAL",uVpp,0.003
FSVHNOM,FS,VHNOM,3.6,27,MIS-P,"RTI residual - MIS-P",uVpp,8.155
FSVHNOM,FS,VHNOM,3.6,27,MIS-N,"RTI residual - MIS-N",uVpp,8.154
FSVHNOM,FS,VHNOM,3.6,27,MIS-RLD,"RTI residual - MIS-RLD",uVpp,0.003
FSNOMTL,FS,NOMTL,3.3,-40,BAL,"RTI residual - BAL",uVpp,0.003
FSNOMTL,FS,NOMTL,3.3,-40,MIS-P,"RTI residual - MIS-P",uVpp,8.579
FSNOMTL,FS,NOMTL,3.3,-40,MIS-N,"RTI residual - MIS-N",uVpp,8.579
FSNOMTL,FS,NOMTL,3.3,-40,MIS-RLD,"RTI residual - MIS-RLD",uVpp,0.003
FSNOMTH,FS,NOMTH,3.3,125,BAL,"RTI residual - BAL",uVpp,0.004
FSNOMTH,FS,NOMTH,3.3,125,MIS-P,"RTI residual - MIS-P",uVpp,8.141
FSNOMTH,FS,NOMTH,3.3,125,MIS-N,"RTI residual - MIS-N",uVpp,8.141
FSNOMTH,FS,NOMTH,3.3,125,MIS-RLD,"RTI residual - MIS-RLD",uVpp,0.004
FSVLTL,FS,VLTL,3,-40,BAL,"RTI residual - BAL",uVpp,0.002
FSVLTL,FS,VLTL,3,-40,MIS-P,"RTI residual - MIS-P",uVpp,8.832
FSVLTL,FS,VLTL,3,-40,MIS-N,"RTI residual - MIS-N",uVpp,8.833
FSVLTL,FS,VLTL,3,-40,MIS-RLD,"RTI residual - MIS-RLD",uVpp,0.003
FSVLTH,FS,VLTH,3,125,BAL,"RTI residual - BAL",uVpp,0.003
FSVLTH,FS,VLTH,3,125,MIS-P,"RTI residual - MIS-P",uVpp,8.364
FSVLTH,FS,VLTH,3,125,MIS-N,"RTI residual - MIS-N",uVpp,8.363
FSVLTH,FS,VLTH,3,125,MIS-RLD,"RTI residual - MIS-RLD",uVpp,0.003
FSVHTL,FS,VHTL,3.6,-40,BAL,"RTI residual - BAL",uVpp,0.003
FSVHTL,FS,VHTL,3.6,-40,MIS-P,"RTI residual - MIS-P",uVpp,8.351
FSVHTL,FS,VHTL,3.6,-40,MIS-N,"RTI residual - MIS-N",uVpp,8.351
FSVHTL,FS,VHTL,3.6,-40,MIS-RLD,"RTI residual - MIS-RLD",uVpp,0.004
FSVHTH,FS,VHTH,3.6,125,BAL,"RTI residual - BAL",uVpp,0.004
FSVHTH,FS,VHTH,3.6,125,MIS-P,"RTI residual - MIS-P",uVpp,7.935
FSVHTH,FS,VHTH,3.6,125,MIS-N,"RTI residual - MIS-N",uVpp,7.935
FSVHTH,FS,VHTH,3.6,125,MIS-RLD,"RTI residual - MIS-RLD",uVpp,0.003
SFNOMNOM,SF,NOMNOM,3.3,27,BAL,"RTI residual - BAL",uVpp,0.003
SFNOMNOM,SF,NOMNOM,3.3,27,MIS-P,"RTI residual - MIS-P",uVpp,8.668
SFNOMNOM,SF,NOMNOM,3.3,27,MIS-N,"RTI residual - MIS-N",uVpp,8.667
SFNOMNOM,SF,NOMNOM,3.3,27,MIS-RLD,"RTI residual - MIS-RLD",uVpp,0.003
SFVLNOM,SF,VLNOM,3,27,BAL,"RTI residual - BAL",uVpp,0.003
SFVLNOM,SF,VLNOM,3,27,MIS-P,"RTI residual - MIS-P",uVpp,8.919
SFVLNOM,SF,VLNOM,3,27,MIS-N,"RTI residual - MIS-N",uVpp,8.919
SFVLNOM,SF,VLNOM,3,27,MIS-RLD,"RTI residual - MIS-RLD",uVpp,0.004
SFVHNOM,SF,VHNOM,3.6,27,BAL,"RTI residual - BAL",uVpp,0.003
SFVHNOM,SF,VHNOM,3.6,27,MIS-P,"RTI residual - MIS-P",uVpp,8.441
SFVHNOM,SF,VHNOM,3.6,27,MIS-N,"RTI residual - MIS-N",uVpp,8.441
SFVHNOM,SF,VHNOM,3.6,27,MIS-RLD,"RTI residual - MIS-RLD",uVpp,0.004
SFNOMTL,SF,NOMTL,3.3,-40,BAL,"RTI residual - BAL",uVpp,0.003
SFNOMTL,SF,NOMTL,3.3,-40,MIS-P,"RTI residual - MIS-P",uVpp,8.884
SFNOMTL,SF,NOMTL,3.3,-40,MIS-N,"RTI residual - MIS-N",uVpp,8.884
SFNOMTL,SF,NOMTL,3.3,-40,MIS-RLD,"RTI residual - MIS-RLD",uVpp,0.003
SFNOMTH,SF,NOMTH,3.3,125,BAL,"RTI residual - BAL",uVpp,0.004
SFNOMTH,SF,NOMTH,3.3,125,MIS-P,"RTI residual - MIS-P",uVpp,8.423
SFNOMTH,SF,NOMTH,3.3,125,MIS-N,"RTI residual - MIS-N",uVpp,8.423
SFNOMTH,SF,NOMTH,3.3,125,MIS-RLD,"RTI residual - MIS-RLD",uVpp,0.005
SFVLTL,SF,VLTL,3,-40,BAL,"RTI residual - BAL",uVpp,0.004
SFVLTL,SF,VLTL,3,-40,MIS-P,"RTI residual - MIS-P",uVpp,9.149
SFVLTL,SF,VLTL,3,-40,MIS-N,"RTI residual - MIS-N",uVpp,9.150
SFVLTL,SF,VLTL,3,-40,MIS-RLD,"RTI residual - MIS-RLD",uVpp,0.003
SFVLTH,SF,VLTH,3,125,BAL,"RTI residual - BAL",uVpp,0.004
SFVLTH,SF,VLTH,3,125,MIS-P,"RTI residual - MIS-P",uVpp,8.656
SFVLTH,SF,VLTH,3,125,MIS-N,"RTI residual - MIS-N",uVpp,8.657
SFVLTH,SF,VLTH,3,125,MIS-RLD,"RTI residual - MIS-RLD",uVpp,0.003
SFVHTL,SF,VHTL,3.6,-40,BAL,"RTI residual - BAL",uVpp,0.004
SFVHTL,SF,VHTL,3.6,-40,MIS-P,"RTI residual - MIS-P",uVpp,8.643
SFVHTL,SF,VHTL,3.6,-40,MIS-N,"RTI residual - MIS-N",uVpp,8.643
SFVHTL,SF,VHTL,3.6,-40,MIS-RLD,"RTI residual - MIS-RLD",uVpp,0.004
SFVHTH,SF,VHTH,3.6,125,BAL,"RTI residual - BAL",uVpp,0.005
SFVHTH,SF,VHTH,3.6,125,MIS-P,"RTI residual - MIS-P",uVpp,8.208
SFVHTH,SF,VHTH,3.6,125,MIS-N,"RTI residual - MIS-N",uVpp,8.208
SFVHTH,SF,VHTH,3.6,125,MIS-RLD,"RTI residual - MIS-RLD",uVpp,0.005
